<?xml version="1.0" encoding="utf-8"?>
<COLLADA xmlns="http://www.collada.org/2005/11/COLLADASchema" version="1.4.1" xmlns:xsi="http://www.w3.org/2001/XMLSchema-instance">
  <asset>
    <contributor>
      <author>Blender User</author>
      <authoring_tool>Blender 3.0.1</authoring_tool>
    </contributor>
    <created>2026-01-19T20:27:14</created>
    <modified>2026-01-19T20:27:14</modified>
    <unit name="meter" meter="1"/>
    <up_axis>Z_UP</up_axis>
  </asset>
  <library_effects>
    <effect id="white-effect">
      <profile_COMMON>
        <technique sid="common">
          <lambert>
            <emission>
              <color sid="emission">0 0 0 1</color>
            </emission>
            <diffuse>
              <color sid="diffuse">0.8713675 0.8713673 0.8713672 1</color>
            </diffuse>
            <index_of_refraction>
              <float sid="ior">1.45</float>
            </index_of_refraction>
          </lambert>
        </technique>
      </profile_COMMON>
    </effect>
    <effect id="black-effect">
      <profile_COMMON>
        <technique sid="common">
          <lambert>
            <emission>
              <color sid="emission">0 0 0 1</color>
            </emission>
            <diffuse>
              <color sid="diffuse">0.01032982 0.01032983 0.01032982 1</color>
            </diffuse>
            <index_of_refraction>
              <float sid="ior">1.45</float>
            </index_of_refraction>
          </lambert>
        </technique>
      </profile_COMMON>
    </effect>
  </library_effects>
  <library_images/>
  <library_materials>
    <material id="white-material" name="white">
      <instance_effect url="#white-effect"/>
    </material>
    <material id="black-material" name="black">
      <instance_effect url="#black-effect"/>
    </material>
  </library_materials>
  <library_geometries>
    <geometry id="L_ring_prox-mesh" name="L_ring_prox">
      <mesh>
        <source id="L_ring_prox-mesh-positions">
          <float_array id="L_ring_prox-mesh-positions-array" count="9273">0.008947253 -0.003706514 0.00826925 0.008933484 -0.003663837 0.008298158 0.008984446 -0.003620982 0.008345484 0.008713006 -0.004174411 0.007300078 0.00851345 -0.00410223 0.007300019 0.008612811 -0.004077374 0.007564485 0.008822381 -0.003968775 0.007943093 0.0087502 -0.004106223 0.007647514 0.008741974 -0.004121303 0.007599651 0.008692383 -0.003986358 0.007834494 0.008803784 -0.003846883 0.008081495 0.008840501 -0.003932774 0.007999718 0.009101033 -0.003323197 0.008542776 0.008904874 -0.003498673 0.008420944 0.009141623 -0.003205776 0.008597552 0.009079694 -0.003185749 0.008601307 0.009163022 -0.00314033 0.008623361 0.009208023 -0.002894222 0.008691549 0.009257853 -0.002808332 0.008706569 0.009306192 -0.002600014 0.008720934 0.008814871 -0.003636181 0.008304357 0.008733689 -0.003750264 0.008182287 0.008592963 -0.003930091 0.007912576 0.008491337 -0.004048585 0.007608115 0.008447349 -0.004097759 0.007300019 2.24146e-6 -0.005099952 -9.99995e-4 0 -0.005099952 -0.000999987 -4.98058e-4 -0.005999982 -8.67141e-4 -4.98058e-4 -0.005099952 -8.6714e-4 -8.64902e-4 -0.005999982 -5.01941e-4 -8.64902e-4 -0.005099952 -5.01942e-4 -9.99998e-4 -0.005999982 -2.23908e-6 -9.99998e-4 -0.005099952 -2.23945e-6 -8.67144e-4 -0.005999982 4.9806e-4 -8.67144e-4 -0.005099952 4.9806e-4 -5.0194e-4 -0.005999982 8.64901e-4 -5.0194e-4 -0.005099952 8.649e-4 -2.24146e-6 -0.005999982 0.000999987 -2.24146e-6 -0.005099952 0.000999987 4.98058e-4 -0.005999982 8.67147e-4 4.98058e-4 -0.005099952 8.67146e-4 8.64903e-4 -0.005999982 5.0194e-4 8.64903e-4 -0.005099952 5.0194e-4 9.99998e-4 -0.005999982 2.24506e-6 9.99998e-4 -0.005099952 2.24469e-6 8.67144e-4 -0.005999982 -4.98054e-4 8.67144e-4 -0.005099952 -4.98054e-4 5.0194e-4 -0.005999982 -8.64902e-4 5.0194e-4 -0.005099952 -8.64903e-4 2.24146e-6 -0.005999982 -9.99995e-4 0.008905231 -0.003099977 0.02234923 0.008349835 -0.003099977 0.02234786 0.008863687 -0.003459811 0.02238178 0.008301556 -0.003490149 0.02238631 0.00874871 -0.003792226 0.02247244 0.008246719 -0.003667593 0.02242994 0.008191645 -0.003799438 0.02247381 0.00849694 -0.004195034 0.02267467 0.007926404 -0.004212498 0.02268505 0.008183538 -0.004514217 0.0229333 0.007606387 -0.004522085 0.0229398 0.007878243 -0.004733562 0.02319294 0.007373929 -0.00468415 0.02312493 0.007556617 -0.004900336 0.02347499 0.007357299 -0.004976749 0.0236544 0.00680381 -0.004947721 0.02357882 0.006709694 -0.004977047 0.02365374 0.006992995 -0.0050686 0.02399158 0.006649136 -0.004994153 0.02370196 0.006626367 -0.005099952 0.02434372 0.006334006 -0.005061447 0.0239529 0.005845427 -0.005099952 0.02434188 0.005142629 -0.007336914 0.007800281 0.005101978 -0.007336914 0.02468919 0.004703402 -0.007410883 0.007800161 0.005098342 -0.007337689 0.02469247 0.004139006 -0.007457494 0.007800042 0.004447102 -0.007434904 0.02529972 0.00409609 -0.007457494 0.02564215 -0.003152966 -0.006131231 0.006583929 -0.003340899 -0.005999982 0.006490588 -0.002288103 -0.005999982 0.006932139 -0.002660334 -0.006420373 0.006797969 -0.001158773 -0.005999982 0.007207393 -0.001678943 -0.006798267 0.007104277 -0.002142608 -0.006649672 0.006978452 0 -0.006977856 0.007299959 -3.0879e-4 -0.006968617 0.007293462 0 -0.005999982 0.007299959 -6.16916e-4 -0.006957828 0.007273852 -0.001153707 -0.006907403 0.007208228 5.41494e-6 -0.005499958 -0.002249956 0.005871534 -0.005499958 -0.002236664 0.005871474 -0.005691289 -0.002198576 5.34044e-6 -0.00567305 -0.00221908 0.005871236 -0.005853533 -0.002090215 5.06244e-6 -0.005853533 -0.002103507 0.005871236 -0.005855202 -0.002088546 0.005870878 -0.005961894 -0.001927971 4.62798e-6 -0.005969047 -0.001923024 0.005870819 -0.005970299 -0.001906275 0.005870401 -0.005999982 -0.00173664 4.21167e-6 -0.005999982 -0.001749992 -0.005949795 -0.001867055 0.007057368 -0.005951046 -0.001849949 0.007057368 -0.003915786 -0.001849949 0.007057368 -0.005942285 -0.001958549 0.007057368 -0.003915786 -0.002049982 0.007057368 -0.005933165 -0.002049982 0.007057368 -0.005563676 -0.003027319 0.006268858 -0.003914654 -0.002915978 0.006557404 -0.005549371 -0.003049731 0.006079912 -0.003913581 -0.003049969 0.006057381 -0.005549132 -0.003049969 0.006057381 -0.00559026 -0.002983391 0.006416141 -0.005628943 -0.002915859 0.006557583 -0.003915488 -0.002549946 0.006923377 -0.005639553 -0.002896547 0.006589591 -0.00568372 -0.002812087 0.006704807 -0.005750656 -0.002668797 0.006842911 -0.005893766 -0.002244651 0.007038235 -0.003915727 -0.002308785 0.007023334 -0.005856931 -0.002379417 0.007001519 -0.0057953 -0.002559423 0.006917893 -0.006005525 -0.003739833 0.003504753 -0.006011664 -0.003739833 0.006056249 -0.006046593 -0.003499805 0.006056189 -0.006040453 -0.003499805 0.003504633 -0.005964398 -0.00327152 0.006056368 -0.005958259 -0.00327152 0.003504872 -0.005784511 -0.003108859 0.006056785 -0.005778312 -0.003108799 0.003505289 -0.005542993 -0.003049969 0.003505825 -0.003907859 -0.003049969 0.003505885 -0.005542993 -0.003086686 0.003317773 -0.003907322 -0.003099977 0.003287911 -0.005542993 -0.003116965 0.003255844 -0.003907203 -0.003116965 0.003255844 -0.005542993 -0.003194749 0.003153979 -0.0039047 -0.003196477 0.003152191 -0.005542993 -0.003299951 0.003072857 -0.003896832 -0.003299951 0.003072857 -0.005542993 -0.003357529 0.003044366 -0.003880798 -0.003421068 0.003022789 -0.005542993 -0.003549993 0.003005862 -0.003855407 -0.003549993 0.003005862 -0.005633592 -0.003380179 0.003044366 -0.005702793 -0.003442823 0.003044366 -0.005943238 -0.003714263 0.003255188 -0.00597155 -0.003725886 0.003317773 -0.006003916 -0.003503501 0.003317773 -0.005761027 -0.003141224 0.003317773 -0.005927801 -0.003291964 0.003317773 -0.005896389 -0.003514349 0.003153979 -0.005871593 -0.003684878 0.003153979 -0.005838036 -0.003352165 0.003153979 -0.005710184 -0.003236591 0.003153979 -0.005773961 -0.003644764 0.003072619 -0.005734443 -0.003530681 0.003044366 -0.004369735 -0.005974173 0.003347396 -0.004379332 -0.005999982 0.003505468 -0.004615008 -0.005784988 0.003504991 -0.005196452 -0.005027174 0.003255307 -0.005050182 -0.004917204 0.003072679 -0.004284858 -0.005749404 0.003072559 -0.004299581 -0.005788028 0.003097176 -0.004342436 -0.005901396 0.003207743 -0.004354119 -0.005932569 0.003255128 -0.004850625 -0.004767119 0.003005862 -0.004188477 -0.005499958 0.003005862 -0.004190444 -0.005505025 0.003005862 -0.004242837 -0.00563991 0.003025829 -0.004262506 -0.005690991 0.00304377 -0.005535125 -0.004653871 0.003504812 -0.005250215 -0.005067646 0.003504872 -0.002256691 -0.005499958 0.003005862 -0.002247154 -0.005597531 0.003015458 -0.0021106 -0.005853533 0.00315231 -0.002218723 -0.005691289 0.003043949 -0.001948773 -0.005961894 0.003314554 -0.00175786 -0.005999982 0.003505885 -0.002256691 -0.005068719 0.003005862 -0.002706885 -0.004931986 0.003005862 -0.003792345 -0.003766655 0.003005862 -0.003772437 -0.003814756 0.003005862 -0.003374397 -0.004456281 0.003005862 -0.002249956 -0.0050686 -5.04321e-6 -0.002249956 -0.005499958 -5.04249e-6 -0.00221908 -0.00567305 -4.97293e-6 -0.002103507 -0.005853533 -4.71806e-6 -0.001923024 -0.005969047 -4.31242e-6 -0.001749992 -0.005999982 -3.92529e-6 -3.9534e-4 -0.005969047 -0.001881957 -4.32445e-4 -0.005853533 -0.002058625 -4.62552e-4 -0.005499958 -0.002201914 -4.56199e-4 -0.00567305 -0.002171695 -0.001054227 -0.00567305 -0.001952648 -0.00106889 -0.005499958 -0.001979827 -0.001289427 -0.005499958 -0.00184381 -0.001587271 -0.005499958 -0.001594662 -0.001565456 -0.00567305 -0.001572728 -0.00183779 -0.005499958 -0.00129795 -0.0019477 -0.00567305 -0.001063287 -0.001974821 -0.005499958 -0.001078128 -0.002169549 -0.00567305 -4.66289e-4 -0.002199709 -0.005499958 -4.72783e-4 -3.59763e-4 -0.005999982 -0.00171262 -8.31405e-4 -0.005999982 -0.001539885 -9.13623e-4 -0.005969047 -0.001692116 -0.001234531 -0.005999982 -0.001240253 -0.001356601 -0.005969047 -0.001362919 -0.001535952 -0.005999982 -8.3855e-4 -0.001687884 -0.005969047 -9.21476e-4 -0.001710891 -0.005999982 -3.67722e-4 -0.001880109 -0.005969047 -4.04085e-4 -9.99374e-4 -0.005853533 -0.001850962 -0.001483917 -0.005853533 -0.001490831 -0.001846313 -0.005853533 -0.001007914 -0.002056539 -0.005853533 -4.42011e-4 5.41494e-6 -0.005099952 -0.002249956 -5.8855e-4 -0.005099952 -0.002171635 -0.001289427 -0.005099952 -0.00184381 -0.00183779 -0.005099952 -0.00129795 -0.002168893 -0.005081236 -5.98637e-4 -0.002054989 -0.005093574 -9.16143e-4 -0.001894354 -0.005099952 -0.001213908 -0.00380516 -0.003791034 0.01290297 -0.003406167 -0.004456281 0.01620268 -0.003819227 -0.003772795 0.0159958 -0.00378406 -0.003865301 0.01620179 -0.003821849 -0.003766894 0.01620137 -0.002738595 -0.004931986 0.01620429 -0.001936316 -0.005099952 0.01620626 -0.003813683 -0.003778874 0.01455235 -0.003820598 -0.003769695 0.01609873 -0.003968417 -0.003099977 0.03054094 -0.003816187 -0.003865361 0.0305413 -0.003382682 -0.004514157 0.03054231 -0.002733826 -0.004947721 0.03054374 -0.001968443 -0.005099952 0.03054553 0.002713143 -0.006499767 0.02916353 0.002713143 -0.005099952 0.02916353 0.002408325 -0.006500065 0.02956318 0.002041876 -0.005099952 0.02990567 0.002051949 -0.00649935 0.02989768 0.00100255 -0.006493151 0.03043645 0.001169919 -0.006494641 0.03038364 0.001163899 -0.005099952 0.03038573 0.001617014 -0.006497919 0.03018587 0.001767992 -0.006498575 0.03009796 6.64196e-4 -0.006489813 0.03051167 1.76946e-4 -0.005099952 0.03055036 1.76946e-4 -0.006483376 0.03055036 0.001872837 -0.007499694 0.0286259 0.003511726 -0.006492435 0.02798086 0.002934873 -0.007488548 0.027098 0.004151821 -0.006479203 0.02712082 0.004826307 -0.006458222 0.0262854 0.001624584 -0.007499933 0.02893662 0.001362383 -0.007499217 0.0291627 0.001233398 -0.007498502 0.02924877 0.001015305 -0.007496774 0.02936488 7.59742e-4 -0.007493793 0.02946144 3.66544e-4 -0.007487356 0.0295403 1.56947e-4 -0.007483005 0.02955043 -6.9623e-4 -0.006458222 0.03054839 -7.292e-4 -0.007457554 0.0295484 -0.00391972 -0.006403505 0.02954083 -0.003788352 -0.006491422 0.02954113 -0.003245413 -0.005652964 0.03054261 -0.001419246 -0.007393121 0.02954673 -0.001499652 -0.006364285 0.03054654 -0.001693367 -0.007344961 0.02954608 -0.002406239 -0.006091892 0.03054451 -0.002169311 -0.007229447 0.02954494 -0.002092063 -0.007251024 0.02954512 -0.003511905 -0.006660759 0.02954179 -0.003331899 -0.006760358 0.02954226 -0.002702057 -0.0070495 0.02954387 -0.004428625 -0.006011486 0.02953982 -0.003986656 -0.005064427 0.03054094 -0.004677653 -0.005784988 0.02953934 -0.004927277 -0.005530118 0.02953869 -0.004524707 -0.004454672 0.03053969 -0.005363881 -0.004998803 0.02953749 -0.005017459 -0.003646016 0.03053855 -0.005714297 -0.004460453 0.02953684 -0.00559777 -0.004653871 0.02953702 -0.006261646 -0.003195285 0.02953553 -0.006217837 -0.003334224 0.02953565 -0.005348205 -0.002760291 0.03053784 -0.006025493 -0.003841161 0.02953624 -0.005914628 -0.004082918 0.02953648 -0.006414115 -0.002571225 0.02953529 -0.005506396 -0.00183016 0.03053748 -0.006501317 -0.001903951 0.02953517 0.006284713 0.00505644 0.02390462 0.005845427 0.005099952 0.02434188 0.006236672 0.005061447 0.02385509 0.007851004 0.003099977 0.02184677 0.007885694 0.003099977 0.02203088 0.00781238 0.003490149 0.02189487 0.007851898 0.003463089 0.02207148 0.007412552 0.0044595 0.02278202 0.0073269 0.004473865 0.02268159 0.0076707 0.004145979 0.02252501 0.007572352 0.004163503 0.02239954 0.007854521 0.003803968 0.02234208 0.007748186 0.003820836 0.02219444 0.007961988 0.003452599 0.02223509 0.007917404 0.003099977 0.02209687 0.006334006 0.005061388 0.02395284 0.006649136 0.004994153 0.02370196 0.006704628 0.00492984 0.02348661 0.006709694 0.004977047 0.02365374 0.007996618 0.003099977 0.02220064 0.008099973 0.003099977 0.02228033 0.008125126 0.003463089 0.02234596 0.008165895 0.003099977 0.02231234 0.008349835 0.003099977 0.02234786 0.008301556 0.003490149 0.02238631 0.008246719 0.003667593 0.02242994 0.008001685 0.003820836 0.02244913 0.008191645 0.003799438 0.02247381 0.007795751 0.004163503 0.02262395 0.007926404 0.004212498 0.02268499 0.007512569 0.004473865 0.02286809 0.007606387 0.004522085 0.0229398 0.007373929 0.00468415 0.02312487 0.006557106 0.004969775 0.02345645 0.007085621 0.004726469 0.02310746 0.006959617 0.004762828 0.02295577 0.007176041 0.004596352 0.02268648 0.007260203 0.004517555 0.02258181 0.00749433 0.004238247 0.02229046 0.007724463 0.00379914 0.02200424 0.007764041 0.003682255 0.02195495 0.00680381 0.004947721 0.02357882 0.008905231 0.003099977 0.02234923 0.008863687 0.003459751 0.02238178 0.00874871 0.003792226 0.0224725 0.00849694 0.004195034 0.02267467 0.008183538 0.004514157 0.0229333 0.007782459 0.004789352 0.02327603 0.007358551 0.004976332 0.02365326 0.006992995 0.00506854 0.02399158 0.006626367 0.005099952 0.02434372 -0.003916919 0.001349985 0.007557392 -0.00392574 0.001349985 0.01149123 -0.005951046 0.001349985 0.007557392 -0.005960524 0.001349985 0.01148664 -0.006054997 0.001358985 0.01148641 -0.006150841 0.001391589 0.007556855 -0.006160259 0.001391589 0.01148617 -0.006326735 0.001509606 0.01148575 -0.006317317 0.001509606 0.007556498 -0.006432235 0.001684248 0.01148551 -0.006422817 0.001684248 0.0075562 -0.006459176 0.001886546 0.01148539 -0.006449699 0.001886546 0.00755614 -0.006083428 0.001066029 0.01219677 -0.006178557 0.0010885 0.0122137 -0.006159961 0.001310527 0.01187872 -0.006451249 0.00146979 0.01221275 -0.006341755 0.001318514 0.01211667 -0.006461083 0.00130409 0.01241272 -0.006350994 0.00117594 0.01229107 -0.006471335 0.00110197 0.01257681 -0.00636065 0.001001477 0.0124346 -0.006480872 8.71254e-4 0.01269936 -0.006001472 9.20971e-4 0.01230734 -0.006013572 7.33546e-4 0.01241004 -0.006199002 7.53022e-4 0.01244014 -0.006015598 6.96192e-4 0.01242464 -0.006212353 3.52549e-4 0.01252114 -0.006024837 4.79331e-4 0.01247799 -0.006028294 3.49994e-4 0.01248645 -0.005973517 0.001236677 0.01194894 -0.005990624 0.001057088 0.01219367 -0.006369709 8.01783e-4 0.01254212 -0.006377041 5.8358e-4 0.01260882 -0.006488561 6.1972e-4 0.01277512 -0.00606358 0.001282989 0.01187032 -0.005969583 0.00127381 0.01186943 -0.006334125 0.001423299 0.01192009 -0.00632894 0.001487791 0.01170682 -0.006443142 0.00159198 0.01198661 -0.00643754 0.00166732 0.01174068 -0.00646764 0.001785933 0.01202034 -0.006462037 0.001857042 0.01177805 -0.006478726 0.001629292 0.01231795 -0.006490647 0.001438796 0.0125457 -0.006502926 0.001207292 0.0127319 -0.006512999 9.77891e-4 0.01285612 -0.00652337 6.56781e-4 0.01295602 -0.00652939 3.56919e-4 0.01298528 -0.006490886 3.56392e-4 0.01279401 -0.006382107 3.54897e-4 0.01263207 -0.006219685 3.52648e-4 0.01252406 -0.003926515 0.001288175 0.01183736 -0.00392735 0.001057088 0.01219832 -0.003927826 6.9612e-4 0.01242941 -0.003928005 3.49997e-4 0.01249122 -0.006461083 -0.00130409 0.01241272 -0.006350994 -0.00117588 0.01229107 -0.006451249 -0.00146979 0.01221275 -0.006341755 -0.001318514 0.01211667 -0.006443142 -0.00159198 0.01198661 -0.006334125 -0.001423299 0.01192009 -0.00643754 -0.00166732 0.01174068 -0.006369709 -8.01782e-4 0.01254212 -0.00636065 -0.001001477 0.0124346 -0.006471335 -0.00110197 0.01257681 -0.006490647 -0.001438796 0.0125457 -0.006502926 -0.001207292 0.0127319 -0.006480872 -8.71247e-4 0.01269936 -0.006512999 -9.77885e-4 0.01285612 -0.006001472 -9.20968e-4 0.01230734 -0.006178557 -0.0010885 0.0122137 -0.006013572 -7.33546e-4 0.01241004 -0.006199002 -7.53016e-4 0.01244014 -0.006024837 -4.79338e-4 0.01247799 -0.005990624 -0.001057267 0.01219344 -0.006083428 -0.001066029 0.01219683 -0.005969583 -0.00127381 0.01186943 -0.005960524 -0.001349985 0.01148664 -0.00606358 -0.001282989 0.01187032 -0.006054997 -0.001358985 0.01148641 -0.005973517 -0.001236677 0.01194894 -0.006432235 -0.001684248 0.01148551 -0.00632894 -0.001487791 0.01170682 -0.006326735 -0.001509606 0.01148575 -0.006159961 -0.001310527 0.01187872 -0.006160259 -0.001391589 0.01148617 -0.006478726 -0.001629292 0.01231795 -0.00646764 -0.001785933 0.01202034 -0.006462037 -0.001857042 0.01177805 -0.006459176 -0.001886546 0.01148539 -0.006377041 -5.83588e-4 0.01260882 -0.006488561 -6.19714e-4 0.01277512 -0.00652337 -6.56783e-4 0.01295602 -0.006028294 -3.49994e-4 0.01248645 -0.006212353 -3.52542e-4 0.01252114 -0.006219685 -3.52652e-4 0.01252406 -0.006382107 -3.54895e-4 0.01263207 -0.006490886 -3.56383e-4 0.01279401 -0.00652939 -3.56916e-4 0.01298528 -0.005951046 -0.001349985 0.007557332 -0.006150841 -0.001391589 0.007556855 -0.006317317 -0.001509606 0.007556498 -0.006422817 -0.001684248 0.0075562 -0.006449699 -0.001886546 0.00755614 -0.00392574 -0.001349985 0.01149123 -0.003916919 -0.001349985 0.007557392 -0.00392735 -0.001057088 0.01219832 -0.003926515 -0.001288175 0.01183736 -0.003927826 -6.96111e-4 0.01242941 -0.003928005 -3.50005e-4 0.01249122 -0.006531834 0 0.01298528 -0.006501317 0.001903951 0.02953517 -0.006448447 0.001903951 0.00755614 -0.006561815 7.13604e-4 0.02953499 -0.00657165 0 0.02953499 -0.006561815 -7.13603e-4 0.02953499 -0.006448447 -0.001903951 0.00755614 -0.003792345 0.003766655 0.003005862 -0.003772437 0.003814756 0.003005862 -0.003793537 0.003800928 0.009603977 -0.00380516 0.003791034 0.01290297 -0.003811717 0.003783941 0.01455253 -0.003815531 0.003778874 0.01537728 -0.003817856 0.003775298 0.01578962 -0.003819227 0.003772795 0.0159958 -0.003820121 0.003770947 0.01609885 -0.003820717 0.003769695 0.01615041 -0.003821074 0.003768801 0.01617616 -0.003821372 0.003768146 0.01618903 -0.003821492 0.003767728 0.01619541 -0.003821671 0.003767371 0.01619863 -0.00382179 0.003767013 0.01620101 5.0194e-4 0.005099952 -8.64902e-4 8.67144e-4 0.005099952 -4.98055e-4 8.67144e-4 0.005999982 -4.98055e-4 9.99998e-4 0.005999982 2.24496e-6 9.99998e-4 0.005099952 2.24455e-6 8.64903e-4 0.005999982 5.0194e-4 8.64903e-4 0.005099952 5.01939e-4 4.98058e-4 0.005999982 8.67146e-4 5.0194e-4 0.005999982 -8.64902e-4 2.24146e-6 0.005999982 -9.99996e-4 2.24146e-6 0.005099952 -9.99995e-4 -4.98058e-4 0.005099952 -8.6714e-4 -4.98058e-4 0.005999982 -8.67141e-4 -8.64902e-4 0.005099952 -5.01941e-4 -8.64902e-4 0.005999982 -5.01941e-4 -9.99998e-4 0.005099952 -2.23881e-6 -9.99998e-4 0.005999982 -2.23918e-6 -8.67144e-4 0.005099952 4.9806e-4 -8.67144e-4 0.005999982 4.9806e-4 -5.0194e-4 0.005099952 8.649e-4 -5.0194e-4 0.005999982 8.649e-4 -2.24146e-6 0.005099952 0.000999987 -2.24146e-6 0.005999982 0.000999987 0 0.005099952 0.000999987 4.98058e-4 0.005099952 8.67146e-4 0.007629156 0.005547702 -6.96579e-4 0.007647812 0.005530714 -6.40423e-4 0.00773245 0.00542587 -6.91056e-4 0.007262468 0.00580734 -0.001475632 0.007191956 0.00590384 -0.001326262 0.007289648 0.005830705 -0.001234889 0.007279515 0.005665779 -0.001603245 0.007364273 0.00573194 -0.001369059 0.007388472 0.005593359 -0.001485466 0.007558047 0.005577802 -0.001101374 0.007595777 0.005445241 -0.001189947 0.007628738 0.005517899 -9.68342e-4 0.007671296 0.005387604 -0.0010432 0.0075863 0.005296647 -0.001258432 0.007358968 0.00543344 -0.001568555 0.007240593 0.005499958 -0.001690387 0.007546126 0.005621373 -8.8546e-4 0.00779289 0.005160748 -7.76081e-4 0.007717669 0.005211651 -9.95067e-4 0.007669746 0.005243182 -0.001102745 0.007687985 0.005493462 -4.74389e-4 0.00777328 0.00538814 -5.04088e-4 0.007782161 0.005299031 -7.37565e-4 0.007825791 0.005262732 -5.31565e-4 0.00784856 0.005243122 -2.27409e-4 0.007794559 0.005367755 -2.2795e-4 0.007709026 0.005473315 -2.28605e-4 0.007477223 0.005680203 -0.001002252 0.007841587 0.005126893 -5.54711e-4 0.007866978 0.005108535 -2.27009e-4 0.007148325 0.005919575 0.007300019 0.007171213 0.00590384 0.007300019 0.00703144 0.005975306 0.007300019 0.007017552 0.00598526 -0.00132668 0.006897211 0.005999982 -0.001326978 0.006876409 0.005999982 0.007300019 0.007201671 0.005851209 -0.001511096 0.007134497 0.005900263 -0.001509904 0.007074236 0.005944192 -0.001473069 0.007032573 0.005974471 -0.001407802 0.007205069 0.00572133 -0.001652836 0.007194578 0.00574994 -0.00164169 0.006982207 0.005984425 -0.001416921 0.007068872 0.005932986 -0.001508653 0.007119596 0.005880892 -0.001562356 -0.002103507 0.005853533 -4.71387e-6 -0.001923024 0.005969047 -4.31439e-6 -0.001880109 0.005969047 -4.04087e-4 -0.00221908 0.00567305 -4.97394e-6 -0.002056539 0.005853533 -4.42007e-4 -0.00183779 0.005499958 -0.00129795 -0.001974821 0.005499958 -0.001078128 -0.0019477 0.00567305 -0.001063287 -0.002199709 0.005499958 -4.72779e-4 -0.002169549 0.00567305 -4.66291e-4 -0.002249956 0.005499958 -5.04575e-6 -0.001587271 0.005499958 -0.001594662 -0.001565456 0.00567305 -0.001572728 -0.001289427 0.005499958 -0.00184381 -0.001054227 0.00567305 -0.001952648 -0.00106889 0.005499958 -0.001979827 -4.56199e-4 0.00567305 -0.002171695 -4.62552e-4 0.005499958 -0.002201914 5.34044e-6 0.00567305 -0.00221908 5.41494e-6 0.005499958 -0.002249956 -3.59763e-4 0.005999982 -0.00171262 4.21167e-6 0.005999982 -0.001749992 4.62798e-6 0.005969047 -0.001923024 -3.9534e-4 0.005969047 -0.001881957 -9.13623e-4 0.005969047 -0.001692116 -8.31405e-4 0.005999982 -0.001539885 -0.001356601 0.005969047 -0.001362919 -0.001234531 0.005999982 -0.001240253 -0.001687884 0.005969047 -9.21478e-4 -0.001535952 0.005999982 -8.3855e-4 -0.001710891 0.005999982 -3.67722e-4 -0.001749992 0.005999982 -3.92539e-6 -0.001846313 0.005853533 -0.001007914 -0.001483917 0.005853533 -0.00149089 -9.99374e-4 0.005853533 -0.001850962 -4.32445e-4 0.005853533 -0.002058565 5.06244e-6 0.005853533 -0.002103507 0.005870401 0.005999982 -0.00173664 0.005870819 0.005970299 -0.001906275 0.005870997 0.005932986 -0.001986682 0.005871236 0.005855202 -0.002088546 0.005871415 0.00574994 -0.002169668 0.005871534 0.005499958 -0.002236664 0.006920397 0.00575 -0.001857399 0.00624907 0.00575 -0.002131521 0.006262302 0.005499958 -0.002197206 0.006611943 0.00574994 -0.002020359 0.006637752 0.005499958 -0.002082169 0.006956934 0.005499958 -0.001913607 0.006820678 0.005932986 -0.001703977 0.00654143 0.005932986 -0.001851499 0.00621289 0.005932986 -0.001952111 0.006684422 0.005999982 -0.001494348 0.00644505 0.005999982 -0.001620829 0.006163477 0.005999982 -0.001707077 0 0.005999982 0.007299959 -0.004386901 0.005999982 0.006659269 -0.004369318 0.005999982 0.006549239 -0.004379332 0.005999982 0.003505468 -0.004312276 0.005999982 0.006449103 -0.00420624 0.005999982 0.006367623 -0.004080355 0.005999982 0.006326258 -0.003818631 0.005999982 0.006326198 -0.00175786 0.005999982 0.003505885 -0.003649294 0.005999982 0.006364583 -0.003340899 0.005999982 0.006490588 -0.002288103 0.005999982 0.006932139 -0.001158773 0.005999982 0.007207393 -0.001948773 0.005961894 0.003314554 -0.004369735 0.005974233 0.003347396 -0.002256691 0.005499958 0.003005862 -0.004188477 0.005499958 0.003005862 -0.002247154 0.005597531 0.003015458 -0.004190444 0.005505025 0.003005862 -0.004242837 0.00563991 0.003025829 -0.004284858 0.005749404 0.003072559 -0.002218723 0.005691289 0.003043949 -0.004299581 0.005788028 0.003097176 -0.0021106 0.005853533 0.00315231 -0.004342436 0.005901396 0.003207743 -0.004354119 0.005932569 0.003255128 -0.002256691 0.005068719 0.003005862 -0.002249956 0.0050686 -5.04581e-6 -0.004977583 0.004591226 0.003005862 -0.003374397 0.004456281 0.003005862 -0.002706885 0.004931986 0.003005862 -0.003855407 0.003549993 0.003005862 -0.005542993 0.003549993 0.003005862 -0.005182921 0.004733324 0.003072679 -0.005333364 0.004837453 0.003255248 -0.004615008 0.005784988 0.003505051 -0.005388736 0.004875779 0.003504872 -0.005535125 0.004653871 0.003504812 -0.00597155 0.003725886 0.003317773 -0.006005525 0.003739833 0.003504753 -0.005773961 0.003644824 0.003072619 -0.005871593 0.003684878 0.003153979 -0.005943238 0.003714263 0.003255188 -0.005734443 0.003530621 0.003044366 -0.006003916 0.003503501 0.003317773 -0.006040453 0.003499805 0.003504633 -0.005958259 0.00327152 0.003504872 -0.005927801 0.003291964 0.003317773 -0.005838036 0.003352165 0.003153979 -0.005896389 0.003514289 0.003153979 -0.005702793 0.003442823 0.003044366 -0.005542993 0.003049969 0.003505825 -0.005778312 0.003108799 0.003505289 -0.005542993 0.003086686 0.003317773 -0.005761027 0.003141224 0.003317773 -0.005542993 0.003194749 0.003153979 -0.005710184 0.003236532 0.003153979 -0.005542993 0.003357529 0.003044366 -0.005633592 0.003380179 0.003044366 -0.005549132 0.003049969 0.006057381 -0.005784511 0.003108799 0.006056785 -0.005964398 0.00327152 0.006056368 -0.006046593 0.003499805 0.006056189 -0.006011664 0.003739833 0.006056249 -0.006363332 0.002096295 0.007306694 -0.006392121 0.002099394 0.007365167 -0.006353914 0.002378761 0.007336556 -0.005549371 0.003049731 0.006079912 -0.00578469 0.00310862 0.006078481 -0.005964577 0.003271281 0.006080031 -0.006046831 0.003499448 0.006084263 -0.005563676 0.003027319 0.006268858 -0.005796372 0.003088235 0.006261229 -0.00559026 0.002983391 0.006416141 -0.005818247 0.003047406 0.006406188 -0.005639553 0.002896606 0.006589591 -0.005859673 0.002964138 0.006581842 -0.00568372 0.002812087 0.006704807 -0.005897581 0.002880513 0.006702125 -0.005750656 0.002668797 0.006842911 -0.005956232 0.002734243 0.006850659 -0.0057953 0.002559423 0.006917893 -0.005996048 0.002619862 0.00693345 -0.005856931 0.002379417 0.007001519 -0.006051957 0.002427995 0.007028102 -0.005893766 0.002244651 0.007038235 -0.006085991 0.00228244 0.007070958 -0.005933165 0.002049982 0.007057368 -0.006123185 0.002070426 0.007095336 -0.006181418 0.002076685 0.007124125 -0.005975127 0.003248214 0.006279826 -0.005995035 0.003201842 0.006438791 -0.006033003 0.00310719 0.006632208 -0.006068289 0.003011941 0.006765305 -0.006123423 0.002845168 0.006930112 -0.006161272 0.002714633 0.007022321 -0.006214976 0.002495706 0.007128 -0.006247878 0.002329587 0.007175922 -0.006284296 0.002087771 0.0072034 -0.006058633 0.003470242 0.006320357 -0.006080865 0.003412127 0.006506621 -0.006122887 0.003295421 0.006730079 -0.006161451 0.003179907 0.006881535 -0.006221234 0.002980887 0.007066547 -0.006261825 0.002827048 0.007168769 -0.006319046 0.002571403 0.0072847 -0.006011903 0.003739416 0.006090044 -0.00602746 0.003702819 0.006373524 -0.006056427 0.003630936 0.006594419 -0.006110131 0.003488838 0.006854534 -0.006158292 0.003350555 0.007027387 -0.006231307 0.00311613 0.007234513 -0.006279945 0.002937138 0.007346928 -0.006347119 0.002642571 0.007472455 -0.006387293 0.002422094 0.00752747 -0.006430327 0.002103507 0.00755614 -0.006373107 0.001997709 0.007306694 -0.006190896 0.001981139 0.007124125 -0.005942285 0.001958549 0.007057368 -0.005949795 0.001867055 0.007057368 -0.006381213 0.001898944 0.007306694 -0.006440222 0.002003788 0.00755614 -0.006198763 0.001885473 0.007124125 -0.005951046 0.001849949 0.007057368 -0.006413102 0.001883864 0.007369279 -0.006200015 0.001868188 0.007124125 -0.006305336 0.001875936 0.007205486 -0.006382524 0.001881599 0.007306694 -0.006132602 0.001786172 0.007095873 -0.006388127 0.001696407 0.007369279 -0.006290435 0.001534581 0.007369279 -0.006211221 0.001608133 0.007205486 -0.006286203 0.00173223 0.007205486 -0.006092011 0.001718997 0.007095873 -0.005951046 0.001386702 0.007369279 -0.006136119 0.001425266 0.007369279 -0.005951046 0.001494765 0.007205486 -0.006092965 0.001524329 0.007205486 -0.005951046 0.001657545 0.007095873 -0.006027936 0.001673579 0.007095873 -0.003916501 0.001388013 0.007366061 -0.003916144 0.001496434 0.007203817 -0.003915905 0.001658618 0.007095456 -0.003915786 0.001849949 0.007057368 -0.003915786 0.002049982 0.007057368 -0.003914415 0.002973854 0.006440043 -0.003913581 0.003049969 0.006057381 -0.003915131 0.002757072 0.006764471 -0.003915429 0.002599954 0.006892561 -0.003915607 0.002432644 0.006981253 -0.003907859 0.003049969 0.003505885 -0.003907322 0.003099977 0.003287911 -0.0039047 0.003196418 0.00315231 -0.003889977 0.003358602 0.003043889 -0.003816187 0.003865361 0.0305413 -0.003968417 0.003099977 0.03054094 -0.00378406 0.003865361 0.01620179 -0.003406167 0.004456281 0.01620268 -0.003382682 0.004514157 0.03054231 -0.002738595 0.004931986 0.01620429 -0.002733826 0.004947721 0.03054374 -0.001936316 0.005099952 0.01620626 -0.001968443 0.005099952 0.03054553 -0.002168893 0.005081236 -5.98637e-4 -0.00205475 0.005093574 -9.16672e-4 -0.001894354 0.005099952 -0.001213908 -5.8855e-4 0.005099952 -0.002171635 -0.001289427 0.005099952 -0.00184381 5.41494e-6 0.005099952 -0.002250015 -0.00183779 0.005099952 -0.00129795 0.005871534 0.005099952 -0.002236664 0.006637752 0.004961967 -0.002082169 0.006259977 0.005068719 -0.002197682 0.005908071 0.005099952 -0.002236247 0.007866978 0.004599988 -2.27012e-4 0.007830321 0.004599988 -6.18004e-4 0.007717967 0.004599988 -9.94296e-4 0.006936728 0.004814743 -0.001926541 0.007229626 0.004599988 -0.001700639 0.007534265 0.004599988 -0.001341342 0.007444918 0.004377305 -0.001378417 0.007506906 0.004421949 -0.001323223 0.007463097 0.004354953 -0.001332163 0.007314324 0.004520595 -0.001607775 0.007545113 0.004244685 -0.001019656 0.007600605 0.004267215 -9.46266e-4 0.007568657 0.004209637 -8.60673e-4 0.007705867 0.004267215 -5.93833e-4 0.007598698 0.004161477 -4.08633e-4 0.007740199 0.004267215 -2.27627e-4 0.007600545 0.004157841 -2.283e-4 0.007687628 0.004421949 -9.81879e-4 0.007798135 0.004421949 -6.11756e-4 0.007834196 0.004421949 -2.27174e-4 0.007577717 0.004165351 0.007300019 0.007703959 0.004267454 0.007300019 0.007797837 0.004422068 0.007300019 0.00783056 0.004599988 0.007300019 0.00783056 0.005125641 0.007300019 0.00784868 0.005117177 0.003553628 0.007807254 0.005316436 0.003552973 0.007772862 0.005358815 0.007300019 0.007689774 0.005482733 0.003552019 0.00767076 0.005492091 0.007300019 0.008612811 0.004077374 0.007564485 0.008612513 0.004125952 0.007300019 0.008713006 0.004174411 0.007300078 0.008493125 0.004046916 0.007614374 0.008447229 0.004097819 0.007300078 0.008692383 0.003986358 0.007834494 0.008585035 0.003939926 0.007893443 0.008803784 0.003846883 0.008081495 0.008721649 0.003767132 0.008161842 0.00881493 0.003636121 0.008304476 0.008933484 0.003663837 0.008298158 0.008907496 0.003493785 0.008424639 0.00913006 0.003240168 0.008582651 0.009070992 0.003203213 0.008593738 0.009180605 0.003084242 0.008642852 0.009212076 0.002882719 0.008693814 0.009222447 0.002941668 0.00868231 0.009306192 0.002600014 0.008720934 0.008739411 0.004126071 0.007583141 0.00876218 0.004083931 0.007709383 0.008838832 0.003936052 0.007994771 0.00890392 0.003801524 0.008170306 0.009017407 0.003541707 0.008407413 0.009069502 0.003408908 0.008495271 0.005142629 0.007336914 0.007800281 0.005101978 0.007336914 0.02468919 0.00510025 0.006825327 0.02539682 0.005143344 0.00722897 0.00749278 0.005142986 0.007309079 0.007637321 0.005143642 0.007104992 0.007381319 0.005143702 0.007021069 0.007338047 0.005143761 0.006948471 0.007314741 0.005143821 0.006825208 0.007300019 0.008518636 0.004491567 0.007300078 0.006732821 0.006168723 0.02400058 0.007103085 0.005924582 0.02371114 0.006456792 0.006345808 0.007300019 0.006723344 0.006198346 0.007300019 0.007561802 0.005556166 0.02336496 0.008481621 0.004491567 0.02268713 0.008317172 0.004726588 0.02282202 0.007983863 0.005135059 0.02305763 0.00909847 0.003236651 0.02219963 0.009281754 0.002563178 0.02206027 0.009370625 0.002235293 0.008721053 0.009378433 0.001867055 0.02198773 0.009410321 0.001867055 0.008721172 0.008826255 0.003891706 0.02241122 0.005487561 0.006722927 0.02504646 0.0061329 0.006500244 0.007300019 0.00620377 0.006449759 0.02443069 0.006413757 0.006347 0.0242576 0.005658447 0.006667971 0.02489584 0.005514621 0.006727635 0.007300019 0.002934873 0.007488548 0.027098 0.001872837 0.007499694 0.0286259 0.002713143 0.006499767 0.02916353 0.004826307 0.006458222 0.02628546 0.00409609 0.007457494 0.02564215 0.004151821 0.006479203 0.02712082 0.003511726 0.006492435 0.02798092 0.006387412 0.006129801 0.02458053 0.004447102 0.007434904 0.02529972 0.005098342 0.007337689 0.02469247 0.005869626 0.006301283 0.02511429 0.00568825 0.006346106 0.02530837 0.005348205 0.006409883 0.02568262 0.006870806 0.005905926 0.02410751 0.007322728 0.005631983 0.02368587 0.007749855 0.005303502 0.02330446 0.008148252 0.004918873 0.02296292 0.004139006 0.007457554 0.007800042 0.004703402 0.007410883 0.007800161 0.004698514 0.007373213 0.007608771 0.004663527 0.007104873 0.007338106 0.004456818 0.006935834 0.007300019 0.004684507 0.007265746 0.007446527 0.004137694 0.007419466 0.007608711 0.00413388 0.007311165 0.007446467 0.004128158 0.00714904 0.007338047 0.004121422 0.006957828 0.007300019 -1.28334e-5 0.0074777 0.007799923 0.002063214 0.007499158 0.007799983 0.002063035 0.00746113 0.007608652 0.004100203 0.006958603 0.007300019 0.00206083 0.006999194 0.007300019 0.002061724 0.007190525 0.007338047 0.002062499 0.007352709 0.007446408 -1.18597e-5 0.007439672 0.007608592 -9.0918e-6 0.007331311 0.007446408 -4.95021e-6 0.007169127 0.007338047 0 0.006977856 0.007299959 0.006436109 0.006355822 0.007300019 0.007034003 0.005999982 0.007300019 0.005797743 0.00663352 0.007300019 -3.0879e-4 0.006968617 0.007293462 -6.16916e-4 0.006957828 0.007273852 -0.001153707 0.006907403 0.007208228 -0.003152966 0.006131231 0.006583929 -0.002660334 0.006420373 0.006797969 -0.002142608 0.006649732 0.006978452 -0.001678943 0.006798267 0.007104277 -3.45134e-4 0.007468402 0.007792949 -3.35884e-4 0.007430553 0.007601618 -3.25726e-4 0.007322251 0.007439494 -3.16211e-4 0.007160067 0.007331252 -6.76793e-4 0.007457494 0.007772028 -6.59268e-4 0.007419884 0.007581055 -6.41728e-4 0.007311701 0.007419228 -6.26853e-4 0.007149398 0.007311344 -0.003270506 0.006320834 0.006582856 -0.003407657 0.006472706 0.006671726 -0.002868711 0.006767511 0.006904661 -0.003537058 0.00655657 0.006832897 -0.002976 0.006859719 0.007065653 -0.003979086 0.006323158 0.006873309 -0.00387609 0.006332397 0.006668746 -0.003733217 0.006254613 0.006507337 -0.003580391 0.006106078 0.006422936 -0.003633022 0.006555795 0.007034242 -0.003458857 0.006660223 0.007108569 -0.003058731 0.006871223 0.007263064 -0.002455234 0.007121384 0.007456004 -0.002117156 0.007229208 0.007544279 -0.001861989 0.007254481 0.00739789 -0.002387881 0.007099509 0.007261574 -0.001914739 0.007283449 0.007590591 -0.00130248 0.007402539 0.007701754 -0.001266956 0.007367968 0.007510304 -0.0023036 0.007000625 0.007100522 -0.001798152 0.007151186 0.007236719 -0.001226067 0.007261395 0.007348835 -0.002756595 0.006611526 0.006809592 -0.002216875 0.006841599 0.007000446 -0.00173366 0.006990373 0.007133185 -0.001186251 0.00709939 0.007242619 -0.002169311 0.007229447 0.02954494 -0.002092063 0.007251024 0.02954512 -7.292e-4 0.007457554 0.0295484 -0.001419246 0.007393121 0.02954673 -0.001693367 0.007344961 0.02954602 -0.002702057 0.0070495 0.02954387 -0.003331899 0.006760358 0.02954226 -0.003511905 0.006660759 0.02954179 -0.004677653 0.005784988 0.02953934 -0.004428625 0.006011486 0.02953982 -0.003788352 0.006491422 0.02954113 -0.00391972 0.006403505 0.02954083 -0.004927277 0.005530118 0.02953869 -0.00559777 0.004653871 0.02953702 -0.005363881 0.004998803 0.02953749 -0.006025493 0.003841161 0.02953624 -0.005914628 0.004082918 0.02953648 -0.005714297 0.004460453 0.02953684 -0.006217837 0.003334164 0.02953565 -0.006261646 0.003195285 0.02953553 -0.006414115 0.002571284 0.02953529 2.43451e-4 0.007484853 0.02840048 1.64003e-4 0.007483124 0.02820736 3.70218e-4 0.007487416 0.02856647 5.35566e-4 0.007490396 0.02869397 1.56947e-4 0.007483005 0.02955043 7.28265e-4 0.007493317 0.02877438 1.37234e-4 0.007482469 0.02800023 1.65039e-4 0.007483124 0.02779304 2.45377e-4 0.007484853 0.02760046 3.72835e-4 0.007487416 0.02743518 5.38901e-4 0.007490336 0.02730834 7.32257e-4 0.007493317 0.02722883 9.39157e-4 0.00749588 0.02720212 0.001145958 0.007497847 0.02722984 0.001338839 0.007499098 0.02731031 0.001504361 0.007499754 0.02743792 0.001630961 0.007499933 0.0276038 0.001710236 0.007499992 0.0277962 0.001737177 0.007499933 0.02800405 0.00170952 0.007499992 0.02821087 0.001629054 0.007499933 0.02840381 0.001624584 0.007499933 0.02893668 0.001501441 0.007499754 0.02856928 0.001335561 0.007499098 0.02869594 0.001362383 0.007499217 0.0291627 0.001142621 0.007497847 0.02877533 3.66544e-4 0.007487356 0.0295403 7.59742e-4 0.007493793 0.0294615 9.35307e-4 0.00749588 0.02880215 0.001015305 0.007496714 0.02936488 0.001233398 0.007498502 0.02924877 0.001629054 0.005099952 0.02840381 0.001737177 0.005099952 0.02800405 0.001335561 0.005099952 0.02869594 9.35307e-4 0.005099952 0.02880215 5.35566e-4 0.005099952 0.02869403 2.43451e-4 0.005099952 0.02840048 2.45377e-4 0.005099952 0.02760046 1.37234e-4 0.005099952 0.02800023 5.38901e-4 0.005099952 0.02730834 0.001338839 0.005099952 0.02731031 9.37232e-4 0.005099952 0.02720212 0.001630961 0.005099952 0.0276038 0.005863606 0.005099952 0.01622503 0.005770206 0.005099952 0.02522021 1.76946e-4 0.005099952 0.03055042 0.001163899 0.005099952 0.03038573 0.002041876 0.005099952 0.02990567 0.002713143 0.005099952 0.02916353 0.004151165 0.005099952 0.02712172 1.76946e-4 0.006483376 0.03055036 6.64196e-4 0.006489813 0.03051167 0.00100255 0.006493151 0.03043651 0.002051949 0.00649935 0.02989768 0.001767992 0.006498515 0.03009796 0.001617014 0.006497919 0.03018587 0.001169919 0.006494641 0.03038364 0.002408325 0.006500005 0.02956318 -6.9623e-4 0.006458222 0.03054839 -0.005506396 0.00183016 0.03053748 -0.005348205 0.00276035 0.03053784 -0.005017459 0.003646016 0.03053855 -0.004524707 0.004454672 0.03053969 -0.003986656 0.005064427 0.03054094 -0.003245413 0.005652964 0.03054261 -0.002406239 0.006091892 0.03054451 -0.001499652 0.006364285 0.0305466 -0.005574047 0 0.0305373 -0.003930687 0.002599954 0.01370143 -0.00393629 0.002599954 0.01620143 -0.00393629 0.001349985 0.01620143 -0.003930687 -0.002599954 0.01370143 -0.00393629 -0.002599954 0.01620143 -0.00393629 -0.001349985 0.01620143 -0.003930687 0.001349985 0.01370143 -0.003930687 -0.001349985 0.01370143 -0.003915965 -0.001599967 0.007124364 -0.003916382 -0.001416981 0.00730741 -0.003915846 -0.001720547 0.007074415 -0.005951046 -0.001657545 0.007095873 -0.005951046 -0.001599967 0.007124364 -0.005951046 -0.001494765 0.007205486 -0.005951046 -0.001386702 0.007369279 -0.005951046 -0.001416981 0.00730735 -0.006027936 -0.001673579 0.007095873 -0.006092011 -0.001718938 0.007095873 -0.006382524 -0.001881599 0.007306694 -0.006413102 -0.001883864 0.007369279 -0.006388127 -0.001696407 0.007369279 -0.006136119 -0.001425266 0.007369279 -0.006290435 -0.001534581 0.007369279 -0.006286203 -0.00173223 0.007205486 -0.006305336 -0.001875936 0.007205486 -0.006211221 -0.001608133 0.007205486 -0.006092965 -0.001524329 0.007205486 -0.006200015 -0.001868188 0.007124125 -0.006132602 -0.001786172 0.007095873 -0.006198763 -0.001885473 0.007124125 -0.006381213 -0.001898944 0.007306694 -0.006373107 -0.001997709 0.007306694 -0.006440222 -0.002003788 0.00755614 -0.006190896 -0.001981139 0.007124125 -0.006123185 -0.002070426 0.007095277 -0.006181418 -0.002076685 0.007124125 -0.006430327 -0.002103507 0.00755614 -0.006363332 -0.002096295 0.007306694 -0.006284296 -0.002087771 0.0072034 -0.006085991 -0.00228244 0.007070958 -0.006011903 -0.003739416 0.006090044 -0.006046831 -0.003499448 0.006084263 -0.005964577 -0.003271281 0.006080031 -0.00578469 -0.00310862 0.006078481 -0.005796372 -0.003088235 0.006261229 -0.005818247 -0.003047406 0.006406188 -0.00602746 -0.003702819 0.006373524 -0.006058633 -0.003470242 0.006320357 -0.006056427 -0.003630936 0.006594419 -0.006080865 -0.003412127 0.006506621 -0.006110131 -0.003488838 0.006854593 -0.006122887 -0.003295421 0.006730079 -0.006158292 -0.003350555 0.007027387 -0.006161451 -0.003179907 0.006881535 -0.006231307 -0.003116071 0.007234513 -0.006221234 -0.002980887 0.007066547 -0.006279945 -0.002937138 0.007346928 -0.006261825 -0.002827048 0.007168769 -0.006347119 -0.002642571 0.007472455 -0.006319046 -0.002571403 0.0072847 -0.006387293 -0.002422094 0.00752747 -0.006353914 -0.002378761 0.007336556 -0.005975127 -0.003248214 0.006279826 -0.005995035 -0.003201901 0.006438791 -0.006033003 -0.00310719 0.006632208 -0.006068289 -0.003011941 0.006765305 -0.006123423 -0.002845168 0.006930112 -0.006161272 -0.002714633 0.007022321 -0.006214976 -0.002495706 0.007128 -0.006247878 -0.002329647 0.007175922 -0.005859673 -0.002964138 0.006581842 -0.005897581 -0.002880454 0.006702125 -0.005956232 -0.002734243 0.006850659 -0.005996048 -0.002619862 0.00693345 -0.006051957 -0.002427995 0.007028102 -0.004386901 -0.005999982 0.006659269 -0.003458857 -0.006660223 0.007108569 -0.003633022 -0.006555795 0.007034242 -0.003979086 -0.006323158 0.006873309 -0.003058731 -0.006871223 0.007263064 -0.002455234 -0.007121384 0.007456004 -0.002117156 -0.007229208 0.007544279 -0.00130248 -0.007402539 0.007701754 -6.76793e-4 -0.007457554 0.007772028 -0.001914739 -0.007283449 0.007590591 -0.003910005 -0.005999982 0.006316661 -0.003580391 -0.006106078 0.006422936 -0.003733217 -0.006254613 0.006507337 -0.003270506 -0.006320834 0.006582796 -0.003618538 -0.005999982 0.006374061 -0.004318892 -0.005999982 0.00645703 -0.004243373 -0.005999982 0.006389021 -0.00387609 -0.006332457 0.006668746 -0.004117429 -0.005999982 0.006334543 -0.004055976 -0.005999982 0.006322205 -0.004370391 -0.005999982 0.006552517 -0.003407657 -0.006472706 0.006671726 -0.003537058 -0.00655657 0.006832897 -0.002756595 -0.006611526 0.006809592 -0.002216875 -0.006841599 0.007000446 -0.002868711 -0.006767511 0.006904661 -0.0023036 -0.007000625 0.007100522 -0.002976 -0.006859719 0.007065653 -0.002387881 -0.007099509 0.007261574 -0.001861989 -0.007254481 0.00739789 -0.001798152 -0.007151186 0.007236719 -0.00173366 -0.006990373 0.007133185 -0.001266956 -0.007367968 0.007510304 -0.001226067 -0.007261395 0.007348835 -0.001186251 -0.00709939 0.007242619 -6.59268e-4 -0.007419884 0.007581055 -6.41728e-4 -0.007311701 0.007419228 -6.26853e-4 -0.007149398 0.007311344 -3.45134e-4 -0.007468402 0.007792949 -3.35884e-4 -0.007430553 0.007601618 -3.25726e-4 -0.007322251 0.007439494 -3.16211e-4 -0.007160007 0.007331252 -1.28334e-5 -0.0074777 0.007799923 -1.18597e-5 -0.007439672 0.007608592 -9.0918e-6 -0.007331311 0.007446408 -4.95021e-6 -0.007169127 0.007338047 0.004100203 -0.006958603 0.007300019 0.004121422 -0.006957828 0.007300019 0.004128158 -0.00714904 0.007338047 0.002063214 -0.007499158 0.007799983 0.002063035 -0.007461071 0.007608652 0.00206083 -0.006999194 0.007299959 0.002061724 -0.007190525 0.007338047 0.002062499 -0.007352709 0.007446467 0.004137694 -0.007419526 0.007608711 0.00413388 -0.007311165 0.007446467 4.39318e-4 -0.007488608 0.02713495 2.31949e-4 -0.007484555 0.0272932 7.24124e-5 -0.007480978 0.02750009 -2.81364e-5 -0.007478535 0.02774125 -6.27649e-5 -0.0074777 0.02799975 -2.92209e-5 -0.007478535 0.02825897 7.00059e-5 -0.007480978 0.02850008 2.28464e-4 -0.007484555 0.02870762 4.3515e-4 -0.007488608 0.02886694 6.76022e-4 -0.007492601 0.02896744 9.34825e-4 -0.00749588 0.02900213 0.00119394 -0.007498264 0.02896863 0.001435101 -0.007499516 0.02886939 0.001642465 -0.007499933 0.02871108 0.001802027 -0.007499873 0.02850425 0.00190258 -0.007499635 0.02826303 0.00193721 -0.007499516 0.02800452 0.001903653 -0.007499635 0.0277453 0.001804411 -0.007499873 0.0275042 0.001645982 -0.007499933 0.02729672 0.001439273 -0.007499516 0.02713733 0.00119841 -0.007498264 0.02703684 6.80479e-4 -0.007492601 0.02703565 9.39639e-4 -0.00749588 0.02700215 7.00059e-5 -0.005099952 0.02850008 4.3515e-4 -0.005099952 0.02886694 9.34825e-4 -0.005099952 0.02900213 0.001435101 -0.005099952 0.02886939 0.001802027 -0.005099952 0.02850425 0.00193721 -0.005099952 0.02800452 0.001804411 -0.005099952 0.0275042 0.001439273 -0.005099952 0.02713733 9.39639e-4 -0.005099952 0.02700215 4.39318e-4 -0.005099952 0.02713489 7.24124e-5 -0.005099952 0.02750009 -6.27649e-5 -0.005099952 0.02799975 0.004151165 -0.005099952 0.02712172 0.005770206 -0.005099952 0.02522021 0.005871534 -0.005099952 -0.002236664 0.005908071 -0.005099952 -0.002236247 0.005863606 -0.005099952 0.01622503 0.007687628 -0.004421889 -9.81871e-4 0.007717967 -0.004599988 -9.94294e-4 0.007534265 -0.004599988 -0.001341342 0.007260501 -0.004572093 -0.001670181 0.00728625 -0.004599988 -0.001645863 0.007229626 -0.004599988 -0.001700639 0.007439374 -0.00438404 -0.001391708 0.007506906 -0.004421889 -0.001323223 0.007405579 -0.004423499 -0.001463472 0.00752747 -0.004269838 -0.001108705 0.007600545 -0.004267156 -9.46232e-4 0.007546424 -0.004242777 -0.001012325 0.007866978 -0.004599988 -2.2701e-4 0.007830321 -0.004599988 -6.18e-4 0.007834196 -0.004421889 -2.27173e-4 0.007798135 -0.004421889 -6.11748e-4 0.007740139 -0.004267156 -2.27629e-4 0.007705807 -0.004267156 -5.93813e-4 0.007600545 -0.004157841 -2.28303e-4 0.007588803 -0.004177927 -6.38715e-4 0.007192432 -0.004632055 -0.001734435 0.007240593 -0.005499958 -0.001690387 0.006937503 -0.004814267 -0.001926064 0.006835401 -0.005499958 -0.001986563 0.006591737 -0.004979372 -0.002100706 0.006637752 -0.005499958 -0.002082169 0.006261587 -0.00506848 -0.002197384 0.006369292 -0.005499958 -0.002172529 0.007866978 -0.005108535 -2.27013e-4 0.00786525 -0.005109906 -3.2033e-4 0.007824122 -0.005139112 -6.48592e-4 0.007772445 -0.005174756 -8.44448e-4 0.007717609 -0.00521171 -9.95196e-4 0.007636785 -0.00526452 -0.001168251 0.007493317 -0.005354106 -0.001400768 0.00784868 -0.005117177 0.003553628 0.00783056 -0.004599988 0.007300019 0.00783056 -0.005125641 0.007300019 0.007577717 -0.004165351 0.007298827 0.007703959 -0.004267454 0.007299423 0.007797837 -0.004422068 0.0072999 0.007595658 -0.004099965 0.01622915 0.007615685 -0.004099965 0.007299005 0.007277846 -0.004514217 0.01622843 0.007149159 -0.004632055 0.01622807 0.007431149 -0.004392564 -9.6445e-4 0.006547629 -0.004979372 0.01622664 0.007616996 -0.0040977 0.007299005 0.00783056 -0.0040977 0.007300019 0.007674455 -0.003988325 0.007785081 0.007808089 -0.003636538 0.008301734 0.00775814 -0.003792226 0.008127629 0.007880449 -0.002599954 0.008717656 0.007880628 -0.003099977 0.008631885 0.007880628 -0.003104865 0.008630156 0.007859945 -0.003388941 0.008493363 0.007851004 -0.003099977 0.02184677 0.00781238 -0.003490149 0.02189487 0.007724463 -0.00379914 0.02200424 0.007764041 -0.003682255 0.02195495 0.00749433 -0.004238247 0.02229046 0.007260203 -0.004517555 0.02258181 0.006557106 -0.004969775 0.02345645 0.006959617 -0.004762828 0.02295577 0.007176041 -0.004596352 0.02268648 0.006236672 -0.005061447 0.02385509 0.006284713 -0.00505644 0.02390462 0.007996618 -0.003099977 0.02220064 0.007917404 -0.003099977 0.02209693 0.007851898 -0.003463089 0.02207148 0.007885694 -0.003099977 0.02203088 0.008099973 -0.003099977 0.02228033 0.007961988 -0.003452599 0.02223509 0.007854521 -0.003803968 0.02234208 0.007748186 -0.003820836 0.02219444 0.0076707 -0.004145979 0.02252507 0.007572352 -0.004163503 0.02239954 0.007412552 -0.0044595 0.02278202 0.0073269 -0.004473924 0.02268159 0.006704628 -0.00492984 0.02348661 0.007085621 -0.004726469 0.02310746 0.007512569 -0.004473924 0.02286809 0.008165895 -0.003099977 0.02231234 0.008125126 -0.003463089 0.02234596 0.007795751 -0.004163503 0.02262395 0.008001685 -0.003820836 0.02244913 0.00568825 -0.006346106 0.02530837 0.005869626 -0.006301283 0.02511429 0.009378433 -0.001867055 0.02198773 0.009430229 -9.34037e-4 0.02194911 0.009447515 9.81458e-7 0.02193629 0.009415745 0.0012663 0.0219599 0.006387412 -0.006129801 0.02458053 0.006870806 -0.005905926 0.02410751 0.007322728 -0.005631983 0.02368587 0.007749855 -0.005303502 0.02330452 0.008148252 -0.004918873 0.02296292 0.008317172 -0.004726588 0.02282202 0.008495509 -0.004470467 0.02267581 0.008837282 -0.003869175 0.02240246 0.009109258 -0.003204762 0.02219134 0.009284377 -0.002550184 0.0220583 0.005348205 -0.006409883 0.02568262 0.00510025 -0.006825387 0.02539682 0.00620377 -0.006449759 0.02443069 0.005487561 -0.006722927 0.02504646 0.005658447 -0.006667971 0.02489584 0.006421208 -0.006343126 0.02425152 0.006732821 -0.006168723 0.02400058 0.007103085 -0.005924582 0.02371114 0.007561802 -0.005556166 0.02336496 0.007983863 -0.005135059 0.02305763 0.005143821 -0.006825208 0.007300019 0.005142867 -0.007326841 0.007701277 0.005143225 -0.007264792 0.00754404 0.005143523 -0.007150769 0.007414221 0.005143761 -0.006997644 0.007329225 0.004813849 -0.006889581 0.007300019 0.004663527 -0.007104814 0.007338106 0.004684507 -0.007265686 0.007446527 0.004698514 -0.007373154 0.007608771 0.006897211 -0.005999982 -0.001326978 0.007017552 -0.00598526 -0.00132668 0.006876409 -0.005999982 0.007300019 0.00703144 -0.005975306 0.007300019 0.007191956 -0.00590384 -0.001326262 0.007171213 -0.00590384 0.007300019 0.007148325 -0.005919575 0.007300019 0.007034003 -0.005999982 0.007300019 0.006828069 -0.006134986 0.007300019 0.006464302 -0.006341934 0.007300019 0.006385922 -0.006381809 0.007300019 0.006086945 -0.006520152 0.007300019 0.006061434 -0.006530404 0.007300019 0.005934596 -0.006582438 0.007300019 0.005780458 -0.006640195 0.007300019 0.007050573 -0.005989432 0.007300019 0.006243705 -0.005999982 -0.001688599 0.006593346 -0.005999982 -0.001549065 0.006816983 -0.005691289 -0.001953244 0.006359755 -0.005691289 -0.002135694 0.006332516 -0.005853533 -0.002030789 0.006291806 -0.005961894 -0.001873791 0.006685972 -0.005961894 -0.001716494 0.006764531 -0.005853533 -0.001858413 0.007214426 -0.005691289 -0.001662731 0.007204771 -0.005722224 -0.001652479 0.00713998 -0.005853533 -0.001583933 0.007028579 -0.005961894 -0.001466035 0.007074236 -0.005944192 -0.001473069 0.007134497 -0.005900204 -0.001509904 0.007032573 -0.005974471 -0.001407742 0.007201671 -0.005851209 -0.001511096 0.007262468 -0.00580728 -0.001475632 0.007279515 -0.005665779 -0.001603245 0.007825791 -0.005307257 -2.27662e-4 0.007847011 -0.005244612 -3.13981e-4 0.007793128 -0.005369305 -3.0655e-4 0.007707536 -0.005474805 -2.98597e-4 0.007673561 -0.005506932 -5.448e-4 0.007810175 -0.005275845 -6.18848e-4 0.007763803 -0.005314052 -8.01329e-4 0.007758617 -0.00540179 -5.83316e-4 0.007630884 -0.005546152 -6.917e-4 0.007715225 -0.005441486 -7.48924e-4 0.007518947 -0.005644857 -9.34582e-4 0.007600843 -0.005541741 -0.001024186 0.007400512 -0.005743443 -0.001109004 0.007479071 -0.005642414 -0.001223683 0.007709026 -0.005473256 -2.2861e-4 0.007641494 -0.005410552 -0.001104831 0.007511258 -0.00550729 -0.001324951 0.00767076 -0.005492091 0.007300019 0.007689774 -0.005482733 0.003552019 0.007807254 -0.005316495 0.003552973 0.007802367 -0.005291163 0.007300019 0.008532524 -0.004470467 0.007300019 0.009410321 -0.001867055 0.008721172 0.009370625 -0.002235293 0.008721053 0.009459197 -0.001008272 0.008721292 0.009475231 4.53371e-4 0.008721292 0.007880449 0.002599954 0.008717656 0.007880628 0.003099977 0.008631885 0.007277846 0.004514217 0.01622843 0.007595658 0.004099965 0.01622915 0.007615685 0.004099965 0.007300019 0.007616996 0.0040977 0.007300019 0.007674396 0.003988325 0.007785081 0.007149159 0.004632055 0.01622807 0.006547629 0.004979372 0.01622664 0.00775814 0.003792226 0.008127629 0.007808089 0.003636479 0.008301734 0.007859945 0.003388941 0.008493363 0.007880628 0.003104865 0.008630156 0.007431149 0.004392564 -9.64453e-4 0.006606757 -0.007036924 0.02120423 0.006606757 -0.007368683 0.02120423 0.006608426 -0.007036924 0.02050423 0.006608426 -0.007368683 0.02050423 0.008348345 -0.005777835 0.02015691 0.008346796 -0.005777716 0.02085691 0.008243441 -0.005881726 0.02087754 0.007890403 -0.006204426 0.02024835 0.007531702 -0.006483197 0.02101957 0.007533192 -0.006483316 0.02031964 0.007463812 -0.006531596 0.02103316 0.007104218 -0.006767392 0.02040529 0.008899629 -0.00512284 0.02074652 0.008588433 -0.005515813 0.02010899 0.00902903 -0.004941761 0.02002102 0.009930729 -0.002894103 0.01984101 0.01008176 -0.001918673 0.01981091 0.01008009 -0.001918673 0.02051091 0.01000243 -0.002539515 0.0205264 0.009907305 -0.002982735 0.02054536 0.009618937 -0.003852069 0.0199033 0.009761273 -0.003473162 0.02057451 0.009554505 -0.004000604 0.01991611 0.009552776 -0.004000663 0.02061611 0.009160935 -0.004738986 0.01999473 0.009370684 -0.004372417 0.02065247 0.009027361 -0.004941761 0.02072101 0.01013326 -9.60051e-4 0.0205003 0.01013493 -9.60087e-4 0.0198003 0.01015096 0 0.02049672 0.01015269 0 0.01979672 0.01013326 9.60092e-4 0.0205003 0.01013493 9.60055e-4 0.0198003 0.01008009 0.001918673 0.02051091 0.01008176 0.001918673 0.01981091 0.01000243 0.002539575 0.0205264 0.009930729 0.002894103 0.01984101 0.006608426 0.007036924 0.02050423 0.006606757 0.007036924 0.02120423 0.007104218 0.006767392 0.02040529 0.007463812 0.006531655 0.02103316 0.007533192 0.006483316 0.02031964 0.007531702 0.006483197 0.02101957 0.007890403 0.006204426 0.02024835 0.008243441 0.005881726 0.02087754 0.008348345 0.005777835 0.02015691 0.008346796 0.005777716 0.02085691 0.008588433 0.005515813 0.02010899 0.008899629 0.00512284 0.02074652 0.00902903 0.004941821 0.02002102 0.009027361 0.004941761 0.02072101 0.009160935 0.004738986 0.01999467 0.009370684 0.004372358 0.02065247 0.009554505 0.004000604 0.01991611 0.009552776 0.004000663 0.02061611 0.009618937 0.003852009 0.0199033 0.009761273 0.003473162 0.02057451 0.009907305 0.002982735 0.02054536 0.0100851 -0.001918673 0.01841092 0.01008343 -0.001918673 0.01911091 0.0100075 -0.002539575 0.01842641 0.009932398 -0.002894103 0.01914101 0.007468879 -0.006531655 0.01893317 0.008248507 -0.005881726 0.01877754 0.008350014 -0.005777835 0.01945692 0.008351862 -0.005777716 0.01875692 0.008590102 -0.005515813 0.019409 0.008904695 -0.0051229 0.01864653 0.009030699 -0.004941821 0.01932102 0.009032428 -0.004941761 0.01862102 0.009162604 -0.004738986 0.01929473 0.009375751 -0.004372358 0.01855248 0.009556233 -0.004000604 0.01921612 0.009557843 -0.004000663 0.01851612 0.009620606 -0.003852009 0.0192033 0.00976634 -0.003473162 0.01847451 0.009912371 -0.002982735 0.01844537 0.007892072 -0.006204426 0.01954835 0.007534861 -0.006483316 0.01961964 0.006611824 -0.007036924 0.01910424 0.007105886 -0.006767392 0.01970529 0.006610155 -0.007036924 0.01980423 0.0101366 -9.60095e-4 0.0191003 0.01013827 -9.60101e-4 0.01840025 0.01015436 0 0.01909673 0.01015603 0 0.01839673 0.0101366 9.60063e-4 0.0191003 0.01013833 9.60056e-4 0.01840025 0.01008343 0.001918673 0.01911091 0.0100851 0.001918673 0.01841092 0.0100075 0.002539515 0.01842641 0.009932398 0.002894103 0.01914101 0.009912371 0.002982735 0.01844537 0.009620606 0.003852069 0.0192033 0.00976634 0.003473162 0.01847451 0.009557843 0.004000663 0.01851612 0.009556233 0.004000604 0.01921612 0.009375751 0.004372417 0.01855248 0.009162604 0.004738986 0.01929473 0.009032428 0.004941761 0.01862102 0.009030699 0.004941821 0.01932102 0.008904695 0.0051229 0.01864653 0.008590102 0.005515813 0.019409 0.008351862 0.005777716 0.01875692 0.008350014 0.005777835 0.01945692 0.008248507 0.005881726 0.01877754 0.007892072 0.006204426 0.01954835 0.007468879 0.006531655 0.01893317 0.007534861 0.006483316 0.01961964 0.007105886 0.006767392 0.01970529 0.006611824 0.007036924 0.01910424 0.006610155 0.007036924 0.01980423 0.006610155 0.007368683 0.01980423 0.006611824 0.007368683 0.01910424 0.006613492 -0.007036924 0.01840424 0.006615161 -0.007036924 0.01770424 0.007470548 -0.006531596 0.01823318 0.007472217 -0.006531655 0.01753318 0.0100885 -0.001918673 0.01701092 0.01008683 -0.001918673 0.01771092 0.01001089 -0.002539575 0.01702642 0.01000916 -0.002539575 0.01772636 0.009915709 -0.002982735 0.01704537 0.00991404 -0.002982735 0.01774537 0.009769737 -0.003473162 0.01707452 0.009768009 -0.003473162 0.01777452 0.00956124 -0.004000663 0.01711612 0.009559512 -0.004000663 0.01781612 0.009379088 -0.004372358 0.01715248 0.009377419 -0.004372417 0.01785248 0.009035766 -0.004941761 0.01722103 0.009034097 -0.004941761 0.01792103 0.008908092 -0.0051229 0.01724654 0.008906364 -0.0051229 0.01794654 0.0083552 -0.005777716 0.01735687 0.008353531 -0.005777716 0.01805692 0.008251845 -0.005881726 0.01737755 0.008250176 -0.005881726 0.01807755 0.007538437 -0.006483197 0.01821959 0.01014 -9.60093e-4 0.01770025 0.01014167 -9.601e-4 0.01700025 0.0101577 0 0.01769673 0.01015943 0 0.01699674 0.01014 9.60049e-4 0.01770025 0.01014167 9.60058e-4 0.01700025 0.01008683 0.001918673 0.01771086 0.0100885 0.001918673 0.01701092 0.007472217 0.006531655 0.01753318 0.006615161 0.007036924 0.01770424 0.006613492 0.007036924 0.01840424 0.01000916 0.002539575 0.01772636 0.01001089 0.002539515 0.01702642 0.00991404 0.002982735 0.01774537 0.009915709 0.002982735 0.01704537 0.009768009 0.003473162 0.01777452 0.009769737 0.003473162 0.01707452 0.009559512 0.004000663 0.01781612 0.00956124 0.004000663 0.01711612 0.009377419 0.004372417 0.01785248 0.009379088 0.004372358 0.01715248 0.009034097 0.004941761 0.01792103 0.009035766 0.004941761 0.01722103 0.008906364 0.00512284 0.01794654 0.008908092 0.0051229 0.01724654 0.008353531 0.005777716 0.01805692 0.0083552 0.005777657 0.01735687 0.008250176 0.005881726 0.01807755 0.008251845 0.005881726 0.01737755 0.007538437 0.006483197 0.01821959 0.007470548 0.006531655 0.01823318 0.006613492 0.007368683 0.01840424 0.006615161 0.007368683 0.01770424 0.01009184 -0.001918673 0.01561087 0.01009017 -0.001918673 0.01631087 0.01001423 -0.002539575 0.01562637 0.01001256 -0.002539575 0.01632642 0.009919106 -0.002982735 0.01564538 0.009917438 -0.002982735 0.01634538 0.009773075 -0.003473162 0.01567453 0.009771406 -0.003473162 0.01637452 0.009564578 -0.004000663 0.01571613 0.009562909 -0.004000663 0.01641613 0.009382486 -0.004372358 0.01575249 0.009380817 -0.004372417 0.01645249 0.009039163 -0.004941761 0.01582103 0.009037494 -0.004941761 0.01652103 0.00891143 -0.00512284 0.01584655 0.008909761 -0.0051229 0.01654654 0.008358597 -0.005777716 0.01595693 0.008356869 -0.005777716 0.01665693 0.008255243 -0.005881726 0.01597756 0.008253514 -0.005881726 0.01667755 0.007475614 -0.006531655 0.01613318 0.00661689 -0.007036924 0.01700425 0.006618559 -0.007036924 0.01630425 0.007473886 -0.006531596 0.01683318 0.007541835 -0.006483197 0.01681959 0.01014333 -9.60092e-4 0.01630026 0.01014506 -9.60099e-4 0.01560026 0.0101611 0 0.01629674 0.01016277 0 0.01559674 0.01014333 9.60051e-4 0.01630026 0.01014506 9.60058e-4 0.01560026 0.01009017 0.001918673 0.01631093 0.01009184 0.001918673 0.01561087 0.007475614 0.006531655 0.01613318 0.006618559 0.007036924 0.01630425 0.00661689 0.007036924 0.01700425 0.01001256 0.002539575 0.01632642 0.01001423 0.002539575 0.01562637 0.009917438 0.002982735 0.01634538 0.009919106 0.002982735 0.01564538 0.009771406 0.003473162 0.01637452 0.009773075 0.003473162 0.01567453 0.009562909 0.004000663 0.01641613 0.009564578 0.004000663 0.01571613 0.009380817 0.004372417 0.01645249 0.009382486 0.004372358 0.01575249 0.009037494 0.004941761 0.01652103 0.009039163 0.004941761 0.01582103 0.008909761 0.00512284 0.01654654 0.00891143 0.0051229 0.01584655 0.008356869 0.005777716 0.01665693 0.008358597 0.005777716 0.01595687 0.008253514 0.005881726 0.01667755 0.008255243 0.005881726 0.01597756 0.007541835 0.006483197 0.01681959 0.007473886 0.006531596 0.01683318 0.00661689 0.007368683 0.01700425 0.006618559 0.007368683 0.01630425 0.006620228 -0.007036924 0.01560425 0.006621897 -0.007036924 0.01490426 0.007116019 -0.006767392 0.01550531 0.007117688 -0.006767392 0.01480531 0.007544994 -0.006483316 0.01541966 0.007546663 -0.006483316 0.01471966 0.007902204 -0.006204426 0.01534837 0.007903873 -0.006204426 0.01464837 0.008360147 -0.005777835 0.01525694 0.008361816 -0.005777835 0.01455694 0.008600234 -0.005515813 0.01520901 0.008601903 -0.005515813 0.01450902 0.009040832 -0.004941821 0.01512104 0.009042501 -0.004941821 0.01442104 0.009172737 -0.004738986 0.01509469 0.009174406 -0.004738986 0.0143947 0.009566307 -0.004000604 0.01501613 0.009567975 -0.004000604 0.01431614 0.009630739 -0.003852009 0.01500332 0.009632408 -0.003852009 0.01430326 0.009942531 -0.002894103 0.01494103 0.01009523 -0.001918673 0.01421087 0.01009356 -0.001918673 0.01491087 0.0099442 -0.002894163 0.01424103 0.009922504 -0.002982616 0.01424539 0.01014673 -9.60091e-4 0.01490026 0.0101484 -9.60053e-4 0.01420027 0.01016443 0 0.01489675 0.01016616 0 0.01419675 0.01014673 9.60052e-4 0.01490026 0.0101484 9.60089e-4 0.01420027 0.01009356 0.001918673 0.01491087 0.01009523 0.001918673 0.01421087 0.006621897 0.007036924 0.01490426 0.006620228 0.007036924 0.01560425 0.007117688 0.006767392 0.01480531 0.007116019 0.006767392 0.01550531 0.007546663 0.006483316 0.01471966 0.007544994 0.006483316 0.01541966 0.007903873 0.006204426 0.01464837 0.007902204 0.006204426 0.01534837 0.008361816 0.005777835 0.01455694 0.008360147 0.005777835 0.01525694 0.008601903 0.005515813 0.01450902 0.008600234 0.005515813 0.01520901 0.009042501 0.004941821 0.01442104 0.009040832 0.004941761 0.01512104 0.009174406 0.004738986 0.0143947 0.009172737 0.004738986 0.01509469 0.009567975 0.004000604 0.01431614 0.009566307 0.004000604 0.01501613 0.009632408 0.003852009 0.01430326 0.009630739 0.003852069 0.01500332 0.009922504 0.002982616 0.01424539 0.009942531 0.002894103 0.01494103 0.0099442 0.002894103 0.01424103 0.006620228 0.007368683 0.01560425 0.006621897 0.007368683 0.01490426 0.01009857 -0.001918673 0.01281088 0.0100969 -0.001918673 0.01351088 0.01002097 -0.002539575 0.01282638 0.009945869 -0.002894103 0.01354104 0.007482349 -0.006531655 0.0133332 0.008261978 -0.005881726 0.01317757 0.008363544 -0.005777835 0.01385694 0.008365333 -0.005777716 0.01315689 0.008603572 -0.005515813 0.01380902 0.008918166 -0.00512284 0.01304656 0.00904417 -0.004941821 0.01372104 0.009045898 -0.004941761 0.01302105 0.009176075 -0.004738986 0.0136947 0.009389221 -0.004372417 0.0129525 0.009569704 -0.004000604 0.01361614 0.009571313 -0.004000663 0.01291614 0.009634077 -0.003852009 0.01360327 0.00977981 -0.003473162 0.01287454 0.009925842 -0.002982735 0.01284539 0.007905542 -0.006204426 0.01394838 0.007548391 -0.006483316 0.01401966 0.006625294 -0.007036924 0.01350426 0.007119357 -0.006767392 0.01410531 0.006623625 -0.007036924 0.01420426 0.01015007 -9.6006e-4 0.01350027 0.0101518 -9.60052e-4 0.01280027 0.01016783 0 0.01349675 0.0101695 0 0.01279675 0.01015007 9.60098e-4 0.01350027 0.0101518 9.60091e-4 0.01280027 0.0100969 0.001918673 0.01351088 0.01009857 0.001918673 0.01281088 0.01002097 0.002539575 0.01282638 0.009945869 0.002894103 0.01354104 0.009925842 0.002982735 0.01284539 0.009634077 0.003852009 0.01360327 0.00977981 0.003473162 0.01287454 0.009571313 0.004000663 0.01291614 0.009569704 0.004000604 0.01361614 0.009389221 0.004372358 0.0129525 0.009176075 0.004738986 0.0136947 0.009045898 0.004941761 0.01302105 0.00904417 0.004941761 0.01372104 0.008918166 0.0051229 0.01304656 0.008603572 0.005515813 0.01380902 0.008365333 0.005777716 0.01315689 0.008363544 0.005777835 0.01385694 0.008261978 0.005881726 0.01317757 0.007905542 0.006204426 0.01394838 0.007482349 0.006531655 0.0133332 0.007548391 0.006483316 0.01401966 0.007119357 0.006767392 0.01410531 0.006625294 0.007036924 0.01350426 0.006623625 0.007036924 0.01420426 0.006623625 0.007368683 0.01420426 0.006625294 0.007368683 0.01350426 0.006626963 -0.007036924 0.01280426 0.006628632 -0.007036924 0.01210427 0.007122755 -0.006767392 0.01270526 0.007124423 -0.006767392 0.01200532 0.007551729 -0.006483316 0.01261967 0.007553398 -0.006483316 0.01191967 0.00790894 -0.006204426 0.01254832 0.007910609 -0.006204426 0.01184833 0.008366882 -0.005777835 0.01245695 0.008368551 -0.005777835 0.01175695 0.00860697 -0.005515813 0.01240903 0.008608639 -0.005515813 0.01170903 0.009047567 -0.004941821 0.01232105 0.009049236 -0.004941821 0.01162105 0.009179472 -0.004738986 0.0122947 0.009181141 -0.004738986 0.01159471 0.009573042 -0.004000604 0.01221615 0.00957477 -0.004000604 0.01151615 0.009637475 -0.003852009 0.01220327 0.009639143 -0.003852009 0.01150327 0.009949266 -0.002894103 0.01214104 0.01010197 -0.001918673 0.01141089 0.0101003 -0.001918673 0.01211088 0.009950935 -0.002894163 0.01144105 0.009929239 -0.002982616 0.0114454 0.01015347 -9.60059e-4 0.01210027 0.01015514 -9.60051e-4 0.01140028 0.01017117 0 0.01209676 0.0101729 0 0.01139676 0.01015347 9.60099e-4 0.01210027 0.01015514 9.60092e-4 0.01140028 0.0101003 0.001918673 0.01211088 0.01010197 0.001918673 0.01141089 0.006628632 0.007036924 0.01210427 0.006626963 0.007036924 0.01280426 0.007124423 0.006767392 0.01200532 0.007122755 0.006767392 0.01270532 0.007553398 0.006483316 0.01191967 0.007551729 0.006483316 0.01261967 0.007910609 0.006204426 0.01184833 0.00790894 0.006204426 0.01254832 0.008368551 0.005777835 0.01175695 0.008366882 0.005777835 0.01245695 0.008608639 0.005515813 0.01170903 0.00860697 0.005515813 0.01240903 0.009049236 0.004941821 0.01162105 0.009047567 0.004941821 0.01232105 0.009181141 0.004738986 0.01159471 0.009179472 0.004738986 0.0122947 0.00957477 0.004000604 0.01151615 0.009573042 0.004000604 0.01221615 0.009639143 0.003852009 0.01150327 0.009637475 0.003852009 0.01220327 0.009929239 0.002982616 0.0114454 0.009949266 0.002894103 0.01214104 0.009950935 0.002894103 0.01144105 0.006626963 0.007368683 0.01280426 0.006628632 0.007368683 0.01210427 0.01010537 -0.001918673 0.01001089 0.01010364 -0.001918673 0.01071089 0.0100277 -0.002539575 0.01002639 0.009952604 -0.002894103 0.01074105 0.007489085 -0.006531596 0.01053321 0.008268713 -0.005881726 0.01037758 0.00837028 -0.005777835 0.01105695 0.008372068 -0.005777716 0.0103569 0.008610308 -0.005515813 0.01100903 0.008924901 -0.0051229 0.01024657 0.009050905 -0.004941821 0.01092106 0.009052634 -0.004941761 0.01022106 0.00918281 -0.004738986 0.01089471 0.009395956 -0.004372417 0.01015251 0.009576439 -0.004000604 0.01081615 0.009578049 -0.004000663 0.01011615 0.009640812 -0.003852069 0.01080328 0.009786546 -0.003473162 0.01007455 0.009932577 -0.002982735 0.0100454 0.007912278 -0.006204426 0.01114839 0.007555127 -0.006483316 0.01121968 0.00663203 -0.007036924 0.01070427 0.007126152 -0.006767392 0.01130527 0.006630361 -0.007036924 0.01140427 0.01015681 -9.60088e-4 0.01070028 0.01015853 -9.60095e-4 0.01000028 0.01017457 0 0.01069676 0.01017624 0 0.009996771 0.01015681 9.60055e-4 0.01070028 0.01015853 9.60063e-4 0.01000028 0.01010364 0.001918673 0.01071089 0.01010537 0.001918673 0.01001089 0.0100277 0.002539575 0.01002639 0.009952604 0.002894103 0.01074105 0.009932577 0.002982735 0.0100454 0.009640812 0.003852009 0.01080328 0.009786546 0.003473162 0.01007455 0.009578049 0.004000663 0.01011615 0.009576439 0.004000604 0.01081615 0.009395956 0.004372358 0.01015251 0.00918281 0.004738986 0.01089471 0.009052634 0.004941761 0.01022106 0.009050905 0.004941821 0.01092106 0.008924901 0.00512284 0.01024657 0.008610308 0.005515813 0.01100903 0.008372068 0.005777716 0.0103569 0.00837028 0.005777835 0.01105695 0.008268713 0.005881726 0.01037752 0.007912278 0.006204426 0.01114839 0.007489085 0.006531655 0.01053321 0.007555127 0.006483316 0.01121968 0.007126152 0.006767392 0.01130527 0.00663203 0.007036924 0.01070427 0.006630361 0.007036924 0.01140427 0.006630361 0.007368683 0.01140427 0.00663203 0.007368683 0.01070427 0.01040464 -0.001940846 0.009951174 0.01040607 -0.001940846 0.009361624 0.01045846 -9.71132e-4 0.009940445 0.01045989 -9.71188e-4 0.00935328 0.01047641 0 0.009936869 0.01047784 0 0.009350478 0.01045846 9.71169e-4 0.009940445 0.01045989 9.71023e-4 0.00935328 0.01040464 0.001940846 0.009951174 0.01040607 0.001940846 0.009361624 0.00663203 -0.007368683 0.01070427 0.007379531 0.006964683 0.01055502 0.007379531 -0.006964683 0.01055502 0.00763607 -0.006794989 0.01050382 0.01025187 -0.002939939 0.009981691 0.009937942 -0.003922939 0.01004433 0.009926557 -0.003950655 0.0100466 0.009477078 -0.004836261 0.01013636 0.00934875 -0.005038857 0.01016193 0.00934875 0.005038857 0.01016193 0.009477078 0.004836261 0.01013636 0.009926557 0.003950655 0.0100466 0.009937942 0.003922939 0.01004433 0.01025187 0.002939939 0.009981691 0.008884966 -0.005658328 0.0102545 0.008575975 -0.005998432 0.01031619 0.008177578 -0.006373882 0.01039576 0.008884966 0.005658328 0.0102545 0.008575975 0.005998432 0.01031619 0.008177578 0.006373882 0.01039576 0.00763607 0.006794929 0.01050382 0.006630361 -0.007368683 0.01140427 0.009924769 -0.003950834 0.01074659 0.01028847 -0.002765536 0.01067405 0.01028686 -0.002773284 0.01067435 0.01001667 -0.003716647 0.01072829 0.009595751 -0.004629731 0.01081228 0.009347021 -0.005038917 0.01086199 0.01028847 0.002765476 0.01067399 0.01040297 0.001940846 0.01065117 0.0104568 9.71161e-4 0.01064044 0.01047474 0 0.01063686 0.0104568 -9.71125e-4 0.01064044 0.01040297 -0.001940846 0.01065117 0.007520377 -0.006872594 0.01122659 0.00763452 -0.006794869 0.01120382 0.008337438 -0.006229221 0.01106351 0.008574306 -0.005998432 0.01101619 0.009034395 -0.005472898 0.01092433 0.007520377 0.006872594 0.01122659 0.00763452 0.006794869 0.01120382 0.008337438 0.006229221 0.01106351 0.008574306 0.005998432 0.01101619 0.009034395 0.005472898 0.01092433 0.009347021 0.005038917 0.01086193 0.009595751 0.004629731 0.01081228 0.009924769 0.003950834 0.01074659 0.01001667 0.003716647 0.01072829 0.01028686 0.002773284 0.01067435 0.0104013 -0.001940846 0.01135116 0.01045507 -9.71163e-4 0.01134043 0.01047301 0 0.01133686 0.01045507 9.71138e-4 0.01134043 0.0104013 0.001940846 0.01135116 0.0099231 0.003950834 0.01144659 0.01028674 0.002765536 0.01137399 0.01028519 0.002773284 0.01137435 0.01001501 0.003716647 0.01142829 0.009594082 0.004629731 0.01151227 0.009345293 0.005038917 0.01156198 0.006628632 -0.007368683 0.01210427 0.007518649 -0.006872594 0.01192659 0.007632851 -0.006794869 0.01190382 0.008335769 -0.006229221 0.01176351 0.008572638 -0.005998432 0.01171618 0.009032726 -0.005472898 0.01162439 0.009345293 -0.005038917 0.01156198 0.009594082 -0.004629731 0.01151227 0.0099231 -0.003950834 0.01144659 0.01001501 -0.003716647 0.01142829 0.01028519 -0.002773284 0.01137435 0.01028674 -0.002765476 0.01137399 0.007518649 0.006872594 0.01192659 0.007632851 0.006794869 0.01190382 0.008335769 0.006229221 0.01176351 0.008572638 0.005998432 0.01171618 0.009032726 0.005472898 0.01162433 0.006626963 -0.007368683 0.01280426 0.009921431 -0.003950834 0.01214659 0.01028507 -0.002765536 0.01207399 0.01028347 -0.002773284 0.01207435 0.01001328 -0.003716647 0.01212829 0.009592413 -0.004629731 0.01221227 0.009343624 -0.005038917 0.01226198 0.01028507 0.002765476 0.01207405 0.01039963 0.001940846 0.01205116 0.0104534 9.7113e-4 0.01204043 0.01047134 0 0.01203685 0.0104534 -9.71171e-4 0.01204043 0.01039963 -0.001940846 0.01205116 0.00751698 -0.006872594 0.01262658 0.007631123 -0.006794869 0.01260381 0.0083341 -0.006229221 0.01246351 0.008570909 -0.005998432 0.01241618 0.009030997 -0.005472898 0.01232433 0.00751698 0.006872594 0.01262658 0.007631123 0.006794869 0.01260381 0.0083341 0.006229221 0.01246351 0.008570909 0.005998432 0.01241618 0.009030997 0.005472898 0.01232439 0.009343624 0.005038917 0.01226198 0.009592413 0.004629731 0.01221227 0.009921431 0.003950834 0.01214659 0.01001328 0.003716647 0.01212829 0.01028347 0.002773284 0.01207435 0.01039791 -0.001940846 0.01275116 0.01045173 -9.71164e-4 0.01274043 0.01046967 0 0.01273685 0.01045173 9.71137e-4 0.01274043 0.01039791 0.001940846 0.01275116 0.006625294 -0.007368683 0.01350426 0.007372796 0.006964683 0.01335501 0.007372796 -0.006964683 0.01335501 0.007629334 -0.006794929 0.01330381 0.01024514 -0.002939939 0.01278167 0.009931206 -0.003922939 0.01284432 0.009919822 -0.003950655 0.01284658 0.009470343 -0.004836261 0.01293635 0.009342014 -0.005038857 0.01296192 0.009342014 0.005038857 0.01296192 0.009470343 0.004836261 0.01293635 0.009919822 0.003950655 0.01284658 0.009931206 0.003922939 0.01284432 0.01024514 0.002939939 0.01278167 0.008878231 -0.005658328 0.01305449 0.00856924 -0.005998432 0.01311624 0.008170843 -0.006373882 0.01319575 0.008878231 0.005658328 0.01305449 0.00856924 0.005998432 0.01311624 0.008170843 0.006373882 0.01319575 0.007629334 0.006794929 0.01330381 0.006623625 -0.007368683 0.01420426 0.009918034 -0.003950834 0.01354658 0.01028174 -0.002765536 0.01347404 0.01028013 -0.002773284 0.01347434 0.01000994 -0.003716647 0.01352828 0.009589016 -0.004629731 0.01361227 0.009340226 -0.005038917 0.01366198 0.01028174 0.002765536 0.01347404 0.01039624 0.001940846 0.01345115 0.01045006 9.71129e-4 0.01344043 0.010468 0 0.01343685 0.01045006 -9.71172e-4 0.01344043 0.01039624 -0.001940846 0.01345115 0.007513642 -0.006872594 0.01402658 0.007627785 -0.006794869 0.01400381 0.008330702 -0.006229221 0.0138635 0.008567571 -0.005998432 0.01381617 0.009027659 -0.005472898 0.01372438 0.007513642 0.006872594 0.01402658 0.007627785 0.006794869 0.01400381 0.008330702 0.006229221 0.0138635 0.008567571 0.005998373 0.01381617 0.009027659 0.005472898 0.01372432 0.009340226 0.005038917 0.01366198 0.009589016 0.004629731 0.01361227 0.009918034 0.003950834 0.01354658 0.01000994 0.003716647 0.01352828 0.01028013 0.002773284 0.01347434 0.01039457 -0.001940846 0.01415115 0.01044833 -9.71165e-4 0.01414042 0.01046627 0 0.01413685 0.01044833 9.71136e-4 0.01414042 0.01039457 0.001940846 0.01415115 0.009916365 0.003950834 0.01424664 0.01028001 0.002765476 0.01417404 0.01027846 0.002773284 0.01417434 0.01000827 0.003716647 0.01422828 0.009587347 0.004629731 0.01431226 0.009338557 0.005038917 0.01436197 0.006621897 -0.007368683 0.01490426 0.007511913 -0.006872594 0.01472657 0.007626116 -0.006794869 0.01470381 0.008329033 -0.006229221 0.0145635 0.008565902 -0.005998432 0.01451617 0.00902599 -0.005472898 0.01442438 0.009338557 -0.005038917 0.01436197 0.009587347 -0.004629731 0.01431226 0.009916365 -0.003950834 0.01424664 0.01000827 -0.003716647 0.01422828 0.01027846 -0.002773225 0.01417434 0.01028001 -0.002765476 0.01417398 0.007511913 0.006872594 0.01472657 0.007626116 0.006794869 0.01470381 0.008329033 0.006229221 0.0145635 0.008565902 0.005998432 0.01451617 0.00902599 0.005472898 0.01442438 0.006620228 -0.007368683 0.01560425 0.009914696 -0.003950834 0.01494657 0.01027834 -0.002765536 0.01487404 0.01027673 -0.002773284 0.01487433 0.01000654 -0.003716647 0.01492828 0.009585678 -0.004629731 0.01501232 0.009336888 -0.005038917 0.01506197 0.01027834 0.002765536 0.01487404 0.0103929 0.001940846 0.01485115 0.01044666 9.71173e-4 0.01484042 0.0104646 0 0.01483684 0.01044666 -9.71128e-4 0.01484042 0.0103929 -0.001940846 0.01485115 0.007510244 -0.006872594 0.01542657 0.007624387 -0.006794869 0.0154038 0.008327364 -0.006229221 0.01526349 0.008564174 -0.005998432 0.01521617 0.009024262 -0.005472898 0.01512432 0.007510244 0.006872594 0.01542657 0.007624387 0.006794869 0.0154038 0.008327364 0.006229221 0.01526349 0.008564174 0.005998432 0.01521617 0.009024262 0.005472898 0.01512438 0.009336888 0.005038917 0.01506197 0.009585678 0.004629731 0.01501226 0.009914696 0.003950834 0.01494657 0.01000654 0.003716647 0.01492828 0.01027673 0.002773225 0.01487433 0.01039117 -0.001940846 0.01555114 0.01044499 -9.71137e-4 0.01554042 0.01046293 0 0.01553684 0.01044499 9.71165e-4 0.01554042 0.01039117 0.001940846 0.01555114 0.006618559 -0.007368683 0.01630425 0.007366061 0.006964683 0.016155 0.007366061 -0.006964683 0.01615506 0.007622599 -0.006794929 0.0161038 0.0102384 -0.002939939 0.01558166 0.009924471 -0.003922939 0.01564431 0.009913086 -0.003950655 0.01564657 0.009463608 -0.004836261 0.01573634 0.009335279 -0.005038857 0.01576197 0.009335279 0.005038857 0.01576191 0.009463608 0.004836261 0.01573634 0.009913086 0.003950655 0.01564657 0.009924471 0.003922939 0.01564431 0.0102384 0.002939939 0.01558166 0.008871495 -0.005658328 0.01585453 0.008562505 -0.005998432 0.01591622 0.008164107 -0.006373941 0.01599574 0.008871495 0.005658328 0.01585453 0.008562505 0.005998432 0.01591622 0.008164107 0.006373941 0.01599574 0.007622599 0.006794929 0.0161038 0.00661689 -0.007368683 0.01700425 0.01023674 0.002939939 0.01628166 0.009922802 0.003922939 0.0163443 0.009911417 0.003950655 0.01634657 0.009461879 0.004836261 0.01643633 0.00933355 0.005038857 0.01646196 0.00933355 -0.005038857 0.01646196 0.009461879 -0.004836261 0.01643633 0.009911417 -0.003950655 0.01634657 0.009922802 -0.003922939 0.0163443 0.01023674 -0.002939939 0.01628166 0.0103895 -0.001940846 0.01625114 0.01044327 -9.7113e-4 0.01624041 0.01046121 0 0.01623684 0.01044327 9.71171e-4 0.01624041 0.0103895 0.001940846 0.01625114 0.007364392 -0.006964683 0.01685506 0.00762093 -0.006794929 0.0168038 0.008162379 -0.006373941 0.01669573 0.008560776 -0.005998432 0.01661622 0.008869826 -0.005658328 0.01655453 0.00762093 0.006794989 0.0168038 0.007364392 0.006964683 0.01685506 0.008869826 0.005658328 0.01655453 0.008560776 0.005998432 0.01661622 0.008162379 0.006373941 0.01669573 0.01038783 -0.001940846 0.01695114 0.0104416 -9.71138e-4 0.01694041 0.01045954 0 0.01693683 0.0104416 9.71164e-4 0.01694041 0.01038783 0.001940846 0.01695114 0.006615161 -0.007368683 0.01770424 0.007362723 0.006964683 0.01755505 0.007362723 -0.006964683 0.01755505 0.007619261 -0.006794929 0.01750379 0.01023507 -0.002939939 0.01698166 0.009921133 -0.003922939 0.0170443 0.009909689 -0.003950655 0.01704657 0.00946021 -0.004836261 0.01713633 0.009331881 -0.005038857 0.0171619 0.009331881 0.005038857 0.01716196 0.00946021 0.004836261 0.01713633 0.009909689 0.003950655 0.01704657 0.009921133 0.003922939 0.0170443 0.01023507 0.002939939 0.01698166 0.01027166 0.002773344 0.01697432 0.008868157 -0.005658328 0.01725453 0.008559107 -0.005998432 0.01731622 0.00816071 -0.006373941 0.01739573 0.008868157 0.005658328 0.01725453 0.008559107 0.005998432 0.01731622 0.00816071 0.006373941 0.01739573 0.007619261 0.006794929 0.01750379 0.006613492 -0.007368683 0.01840424 0.01023334 0.002939939 0.01768165 0.009919464 0.003922939 0.0177443 0.00990802 0.003950655 0.01774656 0.009458541 0.004836261 0.01783633 0.009330213 0.005038857 0.0178619 0.009330213 -0.005038857 0.01786196 0.009458541 -0.004836261 0.01783633 0.00990802 -0.003950655 0.01774656 0.009919464 -0.003922939 0.0177443 0.01023334 -0.002939939 0.01768165 0.01038616 -0.001940846 0.01765114 0.01043993 -9.71131e-4 0.01764041 0.01045787 0 0.01763683 0.01043993 9.71171e-4 0.01764041 0.01038616 0.001940846 0.01765114 0.007360994 -0.006964683 0.01825505 0.007617592 -0.006794929 0.01820379 0.008159041 -0.006373882 0.01809573 0.008557438 -0.005998432 0.01801621 0.008866429 -0.005658328 0.01795452 0.007617592 0.006794989 0.01820379 0.007360994 0.006964683 0.01825505 0.008866429 0.005658328 0.01795452 0.008557438 0.005998432 0.01801621 0.008159041 0.006373882 0.01809573 0.01038444 -0.001940846 0.01835113 0.01043826 -9.71139e-4 0.0183404 0.0104562 0 0.01833683 0.01043826 9.71162e-4 0.0183404 0.01038444 0.001940846 0.01835113 0.006611824 -0.007368683 0.01910424 0.007359325 0.006964683 0.01895505 0.007359325 -0.006964683 0.01895505 0.007615864 -0.006794929 0.01890379 0.01023167 -0.002939939 0.01838165 0.009917736 -0.003922939 0.01844429 0.009906351 -0.003950655 0.01844656 0.009456872 -0.004836261 0.01853632 0.009328484 -0.005038857 0.01856195 0.009328484 0.005038857 0.01856195 0.009456872 0.004836261 0.01853632 0.009906351 0.003950655 0.01844656 0.009917736 0.003922939 0.01844429 0.01023167 0.002939939 0.01838165 0.01026833 0.002773344 0.01837432 0.00886476 -0.005658328 0.01865452 0.008555769 -0.005998432 0.01871621 0.008157372 -0.006373941 0.01879572 0.00886476 0.005658328 0.01865452 0.008555769 0.005998432 0.01871621 0.008157372 0.006373941 0.01879572 0.007615864 0.006794929 0.01890379 0.006610155 -0.007368683 0.01980423 0.009904563 -0.003950834 0.01914662 0.01026821 -0.002765476 0.01907402 0.01026666 -0.002773284 0.01907432 0.009996473 -0.003716647 0.01912826 0.009575545 -0.004629731 0.0192123 0.009326756 -0.005038917 0.01926195 0.01026821 0.002765536 0.01907402 0.01038277 0.001940846 0.01905113 0.01043653 9.71169e-4 0.0190404 0.01045447 0 0.01903682 0.01043653 -9.71132e-4 0.0190404 0.01038277 -0.001940846 0.01905113 0.007500112 -0.006872594 0.01962655 0.007614314 -0.006794869 0.01960378 0.008317232 -0.006229221 0.01946347 0.0085541 -0.005998432 0.01941621 0.009014189 -0.005472898 0.01932436 0.007500112 0.006872594 0.01962655 0.007614314 0.006794869 0.01960378 0.008317232 0.006229221 0.01946347 0.0085541 0.005998432 0.01941621 0.009014189 0.005472898 0.01932436 0.009326756 0.005038917 0.01926195 0.009575545 0.004629731 0.0192123 0.009904563 0.003950834 0.01914662 0.009996473 0.003716647 0.01912826 0.01026666 0.002773225 0.01907432 0.0103811 -0.001940846 0.01975113 0.01043486 -9.7114e-4 0.0197404 0.0104528 0 0.01973682 0.01043486 9.71161e-4 0.0197404 0.0103811 0.001940846 0.01975113 0.009902894 0.003950834 0.01984661 0.01026654 0.002765476 0.01977401 0.01026493 0.002773284 0.01977431 0.009994745 0.003716647 0.01982825 0.009573876 0.004629731 0.0199123 0.009325087 0.005038917 0.01996195 0.01026654 -0.002765536 0.01977401 0.007498443 -0.006872594 0.02032655 0.007612645 -0.006794869 0.02030378 0.008315563 -0.006229221 0.02016347 0.008552372 -0.005998432 0.0201162 0.00901252 -0.005472898 0.02002435 0.009325087 -0.005038917 0.01996195 0.009573876 -0.004629731 0.0199123 0.009902894 -0.003950834 0.01984661 0.009994745 -0.003716647 0.01982825 0.01026493 -0.002773284 0.01977431 0.006608426 0.007368683 0.02050423 0.007498443 0.006872594 0.02032655 0.007612645 0.006794869 0.02030378 0.008315563 0.006229221 0.02016347 0.008552372 0.005998432 0.0201162 0.00901252 0.005472898 0.02002435 0.006606757 0.007368683 0.02120423 0.009965538 0.003742694 0.02139598 0.009898722 0.003952503 0.02132558 0.009790241 0.00416249 0.02151584 0.009789109 0.00420165 0.0213989 0.009590446 0.00456047 0.02165484 0.009602785 0.004570901 0.02152532 0.009367525 0.00493741 0.02181297 0.01036423 0.001933753 0.02113008 0.01037806 0.001940846 0.0210126 0.01031285 0.002402186 0.02116376 0.01032537 0.002416193 0.02104634 0.01022875 0.002859711 0.02121925 0.01024299 0.002862989 0.02109938 0.0101127 0.003306508 0.02129662 0.01012003 0.003333747 0.02117937 0.009981572 0.003742814 0.02127057 0.007996916 0.006475627 0.02285742 0.008016705 0.00638169 0.02296799 0.008296251 0.006216645 0.02261817 0.008307933 0.006127238 0.02272921 0.008584499 0.005934178 0.02239388 0.008588492 0.005849897 0.02250528 0.008860409 0.005627095 0.02218449 0.008857071 0.005548357 0.0222963 0.009122788 0.005293905 0.02199018 0.009112477 0.005221366 0.02210235 0.009350776 0.004871487 0.0219255 0.009567856 0.004501581 0.02176773 0.009762465 0.004111111 0.02162897 0.009933173 0.003699243 0.02150934 0.01007652 0.003271341 0.02141022 0.01018953 0.002833068 0.02133297 0.01027148 0.002384245 0.0212776 0.01032149 0.001924753 0.02124404 0.007790088 0.006662189 0.02286827 0.00737679 0.006922125 0.02337437 0.007413446 0.006820559 0.02348405 0.008551776 0.005994081 0.02227795 0.008545994 0.005999982 0.02228224 0.008457303 0.006088972 0.02234899 0.007948875 0.006539463 0.02274191 0.008561611 0.005749642 0.02259886 0.008287966 0.006019949 0.0228216 0.008212387 0.005933821 0.02290916 0.007415592 0.006694495 0.02357244 0.006811499 0.0070827 0.02410304 0.006813347 0.007032334 0.02412956 0.007961988 0.006148815 0.02312093 0.00800389 0.006267786 0.02305912 0.007563173 0.006445825 0.0234692 0.007385253 0.006562292 0.02362906 0.006794571 0.00688821 0.02418053 0.01016414 0.001903951 0.02142238 0.01025247 0.001914501 0.02134412 0.01013743 0.002183675 0.02144092 0.01020365 0.002363801 0.02137756 0.01011639 0.00234276 0.02145552 0.009963572 0.003073155 0.02156263 0.009305298 0.004794776 0.02202206 0.009236991 0.004715383 0.02209407 0.009517133 0.004433512 0.02186512 0.009444415 0.004363059 0.02193856 0.009706974 0.004051923 0.02172714 0.009630262 0.003990828 0.02180188 0.009656488 0.003932595 0.02178275 0.009873569 0.003649413 0.02160811 0.009793341 0.003598034 0.02168393 0.01001346 0.003231167 0.02150946 0.01012372 0.00280267 0.02143263 0.008475482 0.005679607 0.02269208 0.008508563 0.005645394 0.02266526 0.008823633 0.005455553 0.02239096 0.008781254 0.005340039 0.02244669 0.00907278 0.00513643 0.02219802 0.009009301 0.005048334 0.02226829 0.009222984 0.004737257 0.02210462 0.007602691 0.006797313 0.02301979 0.007312715 0.006987392 0.02325922 0.00705254 0.00713998 0.02347946 0.006795644 0.007169067 0.02404433 0.006764292 0.007242858 0.02397561 0.006741404 0.007276296 0.02393549 0.006661176 0.007340431 0.02382069 0.009355306 0.004986524 0.02169638 0.009319305 0.005041539 0.0217216 0.009119153 0.005327105 0.0218631 0.009058833 0.005407214 0.02190625 0.006603479 -0.007093906 0.02429443 0.006813347 -0.007032334 0.02412956 0.006794571 -0.00688821 0.02418059 0.006408631 -0.007417976 0.0241239 0.006350576 -0.007476985 0.02395731 0.00651884 -0.0074054 0.02391254 0.006211578 -0.00749284 0.02414476 0.006010115 -0.007562994 0.02410989 0.006176769 -0.007545232 0.02395039 0.006087779 -0.007577955 0.02392572 0.005840837 -0.007661342 0.02374553 0.005900681 -0.007642149 0.02381229 0.005822062 -0.007622838 0.02401667 0.005950868 -0.00762552 0.02385383 0.006021916 -0.007601261 0.02389729 0.005563378 -0.007696747 0.02367591 0.005513906 -0.007704257 0.02345842 0.00574398 -0.007691204 0.02345901 0.005750894 -0.007689058 0.0235399 0.005768597 -0.007683694 0.02361017 0.005666434 -0.007668435 0.02386826 0.005803287 -0.007673084 0.02368819 0.006613731 -0.007237374 0.02419126 0.006588697 -0.007343709 0.02405208 0.006532251 -0.007399439 0.0239064 0.005570411 -0.007634162 0.02392745 0.005452394 -0.007664024 0.02370762 0.005302429 -0.007612764 0.02345794 0.005348443 -0.007602632 0.02373445 0.00547856 -0.007572829 0.02397781 0.005674123 -0.007525086 0.02416336 0.005908429 -0.00746268 0.02427697 0.006156802 -0.007390022 0.02431583 0.006396949 -0.007313132 0.02428478 0.005177319 -0.007200419 0.02384144 0.005160868 -0.007308423 0.02376514 0.005280137 -0.007184386 0.02403044 0.00529921 -0.007285356 0.02403932 0.005394697 -0.007165968 0.02416747 0.005510032 -0.007248222 0.02425408 0.005483686 -0.007151305 0.02424627 0.00576806 -0.007199287 0.02439314 0.005714774 -0.007111251 0.02438211 0.005147635 -0.007204949 0.02375942 0.005101323 -0.007211983 0.02345746 0.00515443 -0.007436215 0.02345758 0.006048738 -0.00714153 0.02445018 0.006014823 -0.007055282 0.0244559 0.005800426 -0.007095754 0.02441346 0.006296873 -0.006998598 0.02444058 0.006188094 -0.00702095 0.02445602 0.006085157 -0.007229804 0.0244255 0.006126701 -0.007033288 0.02445936 0.006811499 -0.0070827 0.02410304 0.006795644 -0.007169067 0.02404433 0.006764292 -0.007242858 0.02397561 0.006661176 -0.007340431 0.02382069 0.006568014 -0.006940066 0.02434408 0.006356 -0.007161676 0.02439606 0.006121993 -0.007314682 0.02438044 0.005808711 -0.007293641 0.02437609 0.005856394 -0.007383882 0.02433723 0.005551218 -0.00734806 0.0242443 0.00560683 -0.007443189 0.02421402 0.005338609 -0.007389545 0.02403485 0.005399227 -0.007488608 0.02401447 0.005198121 -0.007415413 0.02376377 0.005261361 -0.00751692 0.02375358 0.005212724 -0.007526576 0.0234577 0.005101323 -0.006826162 0.02345746 0.005148828 -0.006815016 0.02376443 0.005235731 -0.006793737 0.02396059 0.005361735 -0.006760179 0.0241329 0.006126582 -0.006484806 0.02445954 0.005818247 -0.006611227 0.02441895 0.005709648 -0.006650686 0.02437996 0.005523085 -0.006712555 0.02427572 0.006339669 -0.006384372 0.02443104 0.00654 -0.006279468 0.02435851 0.006794571 -0.006130576 0.02418059 0.006570041 0.007399916 0.007800519 0.00742501 0.006940066 0.007800698 0.007404625 0.006908178 0.007609128 0.007642865 0.00679475 0.007800698 0.008400976 0.006177008 0.007800877 0.008374989 0.00614953 0.007609248 0.008582293 0.005998134 0.007800936 0.00921446 0.005242586 0.007801055 0.009183704 0.005220651 0.007609367 0.009354591 0.005038619 0.007801055 0.009621679 0.004596054 0.007801115 0.009588599 0.004577875 0.007609426 0.009095609 0.005157649 0.007446825 0.009493708 0.004525601 0.007446885 0.008963584 0.005063176 0.007338225 0.009351491 0.00444734 0.007338225 0.008807778 0.004951715 0.007300078 0.009183645 0.004354953 0.007300078 0.008300423 0.006070971 0.007446765 0.008188724 0.005953192 0.007338166 0.008056879 0.005814254 0.007300019 0.007346332 0.006816864 0.007446706 0.007259011 0.006680071 0.007338166 0.007156014 0.006518661 0.007300019 0.006322026 0.007504165 0.007800459 0.006308019 0.007468879 0.007609009 0.006268143 0.007368147 0.007446646 0.00620836 0.007217288 0.007338106 0.006137847 0.007039308 0.007300019 0.00608915 0.007048904 0.007301211 0.006161391 0.007229089 0.007336676 0.006226122 0.00738126 0.007444441 0.006273329 0.007481575 0.007607758 0.005869626 0.007090568 0.007336676 0.005946218 0.007281005 0.007359623 0.005766987 0.007109224 0.007371306 0.005843758 0.007304549 0.007388412 0.005574226 0.007142841 0.007473945 0.005648136 0.007347226 0.0074808 0.005489766 0.007156968 0.007538437 0.005561172 0.007365286 0.007541358 0.005342006 0.007180809 0.007694423 0.005407214 0.007395982 0.007692277 0.005280852 0.007190406 0.007784664 0.005342781 0.00740832 0.007781326 0.005214631 0.007200539 0.007915616 0.005247712 0.007426023 0.007974386 0.005191147 0.007204115 0.007977843 0.005160927 0.007208585 0.008086383 0.005215525 0.007431864 0.008083879 0.005137801 0.007211983 0.008297622 0.005190908 0.007436215 0.008297741 0.006032645 0.007439017 0.007460892 0.005939781 0.007465183 0.007484793 0.005761384 0.007512927 0.007564425 0.005681574 0.007533192 0.007617652 0.005539596 0.007567644 0.007751762 0.005479991 0.007581532 0.007831573 0.005391776 0.00760138 0.008005499 0.005361795 0.007607877 0.008104443 0.005338907 0.007612824 0.008298099 0.006114125 0.007537484 0.007623195 0.006038069 0.007562756 0.007643401 0.005892515 0.007608652 0.007709085 0.005827605 0.007628083 0.007752478 0.005712509 0.007661104 0.007860898 0.005664288 0.007674336 0.007925093 0.005593001 0.00769335 0.008064568 0.005568861 0.007699608 0.008143782 0.005550384 0.007704257 0.008298635 0.006295621 0.007514536 0.007801055 0.006176769 0.007559657 0.007818758 0.006121158 0.007579863 0.007836103 0.006016731 0.007616281 0.007887363 0.005971014 0.007631599 0.007919609 0.005891025 0.007657468 0.007997572 0.005857825 0.007667839 0.008042693 0.005809307 0.007682681 0.008139312 0.005792915 0.007687568 0.008193552 0.005780458 0.007691204 0.008299171 0.005157649 0.006821751 0.00810188 0.005137801 0.006826162 0.008297622 0.006137847 0.006498098 0.007300019 0.005945086 0.006578266 0.007318794 0.005431592 0.006751775 0.007592082 0.005584836 0.00670588 0.007466852 0.005755722 0.006648898 0.007375895 0.005214631 0.006808459 0.007915675 0.005307972 0.006785273 0.007742047 0.00900644 0.004354715 0.007300019 0.008606374 0.004354298 0.007300019 0.008433341 0.004617035 0.007300019 0.007715225 0.005450308 0.007300019 0.006845712 0.006124019 0.007300019 0.00940752 0.003453075 0.007868528 0.009054124 0.003452837 0.00786817 0.009389698 0.003532886 0.00773096 0.009010016 0.00356394 0.007687985 0.00935775 0.003671646 0.007570087 0.009007155 0.003673493 0.007568001 0.009327173 0.003800213 0.007468104 0.009006798 0.003988742 0.007369458 0.009278774 0.003995358 0.007366955 0.009244382 0.004128873 0.007325947 0.008862257 0.003891885 0.007413506 0.008760213 0.004089236 0.007335901 0.008703649 0.004190742 0.007313549 0.008978128 0.003639996 0.007600665 0.008905112 0.003802657 0.007466197 0.009637236 0.003524541 0.007854223 0.009813487 0.003684163 0.007893443 0.009613156 0.003612041 0.007716059 0.009895324 0.003894865 0.007976949 0.009786069 0.003766179 0.00776869 0.009863734 0.004107713 0.00808537 0.009869396 0.003960371 0.007877051 0.009570598 0.003761351 0.007559537 0.009530663 0.003896415 0.007465004 0.009468853 0.004095852 0.007377982 0.009425878 0.004228651 0.007347345 0.009737908 0.003904938 0.007629334 0.009692847 0.004029393 0.007546842 0.009623646 0.004211068 0.007473468 0.009575843 0.004330694 0.007449448 0.009823739 0.004071772 0.007764518 0.009780824 0.004172086 0.007697045 0.009714484 0.004319608 0.007635712 0.00966835 0.004417419 0.007614552 0.009844422 0.004150927 0.008016645 0.009809911 0.004226028 0.007936179 0.009776771 0.004295706 0.007885158 0.009724497 0.004401385 0.007834553 0.009687304 0.004473686 0.007814049 0.01039767 0.002047121 0.009223461 0.01040643 0.001940846 0.00922352 0.01036024 0.002043664 0.009032011 0.01036894 0.001938045 0.00903207 0.01025265 0.002033889 0.008869588 0.01026117 0.001929998 0.008869588 0.01009136 0.002019286 0.008760809 0.01009964 0.001918077 0.008760809 0.009900867 0.002002 0.008722305 0.009908914 0.001903951 0.008722305 0.01038718 0.002153217 0.009223461 0.01034981 0.002149164 0.009032011 0.0102424 0.002137601 0.008869528 0.01008135 0.002120316 0.00876075 0.009891211 0.00209999 0.008722245 0.009875357 0.002200305 0.008718848 0.01006603 0.002227544 0.008756041 0.01022714 0.002255737 0.008864283 0.009834647 0.002400338 0.008691728 0.01002711 0.00244081 0.00872451 0.009813904 0.002484381 0.008671998 0.01000744 0.002530097 0.008702158 0.009757816 0.00267744 0.008606314 0.00995469 0.002734363 0.008629143 0.009693503 0.002860963 0.008514404 0.009894847 0.002926707 0.00852847 0.009660065 0.002945542 0.0084607 0.009864032 0.003014564 0.008470296 0.009588778 0.003108739 0.008331656 0.009798765 0.003182351 0.008332192 0.009517848 0.003253459 0.00818026 0.009734749 0.003328502 0.008172988 0.01018881 0.002490758 0.008829891 0.01016944 0.002589166 0.008805632 0.01011794 0.002814292 0.008726537 0.01005971 0.003026306 0.008617639 0.01002985 0.003123104 0.008554816 0.009967029 0.003307938 0.008405923 0.009905755 0.003468811 0.008234679 0.01033401 0.002280533 0.009026944 0.01029396 0.002542257 0.008991241 0.01027381 0.002652049 0.00896573 0.01021975 0.002903699 0.008881926 0.01015841 0.00314182 0.008765876 0.01012688 0.003251075 0.008698523 0.01006019 0.003460705 0.008538186 0.009994745 0.003644824 0.008352279 0.009930372 0.003951311 0.008338212 0.009983062 0.003819406 0.008500993 0.01005983 0.003610372 0.008702874 0.01013702 0.003374576 0.008874833 0.01017314 0.003252446 0.008946478 0.01024281 0.002987384 0.009068965 0.01030349 0.002708494 0.009156465 0.01032596 0.00258708 0.00918281 0.01037007 0.002298116 0.009218931 0.009925901 0.003962278 0.008323073 0.009946763 0.003769397 0.008190333 0.009861052 0.003576695 0.00808674 0.009687662 0.003426611 0.008035063 0.009464979 0.003352403 0.008046746 0.009233117 0.002904713 0.008486628 0.009167969 0.003127038 0.008313834 0.009106755 0.003310143 0.008106768 0.009388148 0.00209999 0.008721113 0.009347558 0.00238341 0.008693993 0.009295105 0.002652347 0.008615493 0.005945086 -0.006578266 0.007318794 0.006137847 -0.006498098 0.007300019 0.006137847 -0.007039308 0.007300019 0.005214631 -0.006808459 0.007915675 0.005307972 -0.006785213 0.007742047 0.005280852 -0.007190406 0.007784664 0.00608915 -0.007048904 0.007301211 0.005869626 -0.007090568 0.007336676 0.005755722 -0.006648898 0.007375895 0.005766987 -0.007109224 0.007371366 0.005584836 -0.00670588 0.007466852 0.005574226 -0.007142841 0.007473945 0.005431592 -0.006751775 0.007592082 0.005489766 -0.007156968 0.007538437 0.005342006 -0.007180809 0.007694423 0.005137801 -0.007211983 0.008297622 0.005137801 -0.006826162 0.008297622 0.005160927 -0.007208585 0.008086383 0.005157649 -0.006821751 0.00810188 0.005191147 -0.007204115 0.007977843 0.005214631 -0.007200539 0.007915616 0.007156014 -0.006518661 0.007300019 0.006845712 -0.006124019 0.007300019 0.008056879 -0.005814254 0.007300019 0.007715225 -0.005450308 0.007300019 0.008807778 -0.004951775 0.007300019 0.008433341 -0.004617035 0.007300078 0.008606374 -0.004354298 0.007300019 0.00900644 -0.004354774 0.007300078 0.009183645 -0.004354953 0.007300078 0.009054124 -0.003452837 0.00786817 0.00940752 -0.003453075 0.007868468 0.009010016 -0.00356394 0.007687985 0.009389698 -0.003532886 0.00773096 0.009007155 -0.003673493 0.007568001 0.008760213 -0.004089236 0.007335901 0.008862257 -0.003891944 0.007413506 0.009006798 -0.003988742 0.007369458 0.008905112 -0.003802657 0.007466197 0.008978128 -0.003639996 0.007600665 0.008703649 -0.004190742 0.007313549 0.009244382 -0.004128873 0.007325947 0.00935775 -0.003671646 0.007570087 0.009327173 -0.003800213 0.007468104 0.009278774 -0.003995418 0.007366955 0.009834647 -0.002400338 0.008691728 0.009813904 -0.002484381 0.008671998 0.009347558 -0.00238341 0.008693993 0.009295105 -0.002652287 0.008615493 0.009875357 -0.002200305 0.008718848 0.009388148 -0.00209999 0.008721113 0.009891211 -0.00209999 0.008722245 0.009757816 -0.00267744 0.008606314 0.009693503 -0.002860963 0.008514404 0.009233117 -0.002904713 0.008486628 0.009660065 -0.002945542 0.0084607 0.009167969 -0.003127038 0.008313834 0.009464979 -0.003352403 0.008046746 0.009106755 -0.003310143 0.008106768 0.009517848 -0.003253459 0.00818026 0.009588778 -0.003108739 0.008331656 0.009900867 -0.00200206 0.008722305 0.009910583 0.001881539 0.008722305 0.009922742 0.00170654 0.008722364 0.009464681 8.5833e-4 0.008721292 0.009972155 6.06258e-4 0.008722424 0.009975314 4.51774e-4 0.008722484 0.009478747 -1.51761e-4 0.008721351 0.009971082 -6.4962e-4 0.008722424 0.009467601 -7.68111e-4 0.008721292 0.009966731 -8.04058e-4 0.008722424 0.009908914 -0.001903951 0.008722305 0.00927186 -0.002610146 0.02206772 0.009337484 -0.002242863 0.02201831 0.009409129 -0.001867055 0.009221136 0.009129047 -0.003144502 0.0221762 0.008935034 -0.003657519 0.02232593 0.008717417 -0.004100799 0.02249735 0.008396148 -0.004617035 0.02275699 0.008049845 -0.005060255 0.02304601 0.007676541 -0.005450308 0.02336877 0.007249116 -0.005815625 0.02375328 0.005546212 -0.006717681 0.007808208 0.005133271 -0.006826162 0.01017951 0.00546348 -0.006730973 0.02393823 0.008686304 0.004156768 0.02252215 0.008396148 0.004617035 0.02275699 0.008935034 0.003657519 0.02232599 0.009129047 0.003144502 0.0221762 0.00927186 0.002610146 0.02206772 0.009337484 0.002242863 0.02201831 0.01022022 8.30883e-4 0.02138352 0.009430229 9.34029e-4 0.02194911 0.01023346 0 0.02137446 0.009447515 -9.88259e-7 0.02193629 0.01021611 -9.52027e-4 0.02138638 0.009432077 -8.83711e-4 0.0219478 0.01016414 -0.001903951 0.02142238 0.01013743 -0.002183675 0.02144092 0.01011639 -0.00234276 0.02145552 0.009963572 -0.003073155 0.02156263 0.009793341 -0.003598034 0.02168393 0.009656488 -0.003932595 0.02178275 0.009630262 -0.003990828 0.02180188 0.009444415 -0.004363059 0.02193856 0.009236991 -0.004715383 0.02209407 0.008508563 -0.005645394 0.0226652 0.008781254 -0.005340039 0.02244669 0.009009301 -0.005048334 0.02226829 0.009222984 -0.004737257 0.02210468 0.006794571 0.006130576 0.02418053 0.007249116 0.005815625 0.02375328 0.008049845 0.005060255 0.02304601 0.007676541 0.005450308 0.02336877 0.008212387 -0.005933821 0.02290916 0.007961988 -0.006148815 0.02312093 0.007563173 -0.006445825 0.02346926 0.007385253 -0.006562292 0.02362906 0.009409129 0.001867055 0.009221136 0.006126582 0.006484866 0.02445954 0.005818247 0.006611227 0.02441895 0.00654 0.006279468 0.02435851 0.006339669 0.006384372 0.02443104 0.00546348 0.006730973 0.02393823 0.005709648 0.006650686 0.02437996 0.005523085 0.006712555 0.02427572 0.005361735 0.006760179 0.0241329 0.005235731 0.006793737 0.02396059 0.005148828 0.006815016 0.02376443 0.005101323 0.006826162 0.02345746 0.005133271 0.006826162 0.01017951 0.005546212 0.006717681 0.007808208 0.006126701 0.007033288 0.02445936 0.006568014 0.006940066 0.02434408 0.006296873 0.006998598 0.02444058 0.006188094 0.00702095 0.02445602 0.006014823 0.007055282 0.0244559 0.005800426 0.007095754 0.02441346 0.005714774 0.007111251 0.02438211 0.005483686 0.007151305 0.02424627 0.005394697 0.007165968 0.02416747 0.005280137 0.007184386 0.02403044 0.005101323 0.007211983 0.02345746 0.005147635 0.007204949 0.02375942 0.005177319 0.007200419 0.02384144 0.006613731 0.007237374 0.02419126 0.005751967 0.00768876 0.02354568 0.00574398 0.007691204 0.02345901 0.005513906 0.007704257 0.02345842 0.005563378 0.007696747 0.02367591 0.005768716 0.007683694 0.02361011 0.005807816 0.007671654 0.02369612 0.005666434 0.007668375 0.02386826 0.005840778 0.007661342 0.02374553 0.005900681 0.00764209 0.02381229 0.005822062 0.007622838 0.02401661 0.005950927 0.00762552 0.02385371 0.006028532 0.007598936 0.02390062 0.006010115 0.007563054 0.02410989 0.006087779 0.007577955 0.02392572 0.006211578 0.00749284 0.02414476 0.006197571 0.007537305 0.02395403 0.006408631 0.007417976 0.0241239 0.006367266 0.00747013 0.02395528 0.006537497 0.007397055 0.02390372 0.006588697 0.007343709 0.02405208 0.006396949 0.007313132 0.02428472 0.005302429 0.007612824 0.02345794 0.005452394 0.007664024 0.02370762 0.005348443 0.007602632 0.02373445 0.005570411 0.007634162 0.02392745 0.00547856 0.007572829 0.02397781 0.005674123 0.007525086 0.02416336 0.005908429 0.00746268 0.02427697 0.006156802 0.007390022 0.02431583 0.005510032 0.007248222 0.02425408 0.00529921 0.007285356 0.02403932 0.005160868 0.007308423 0.0237652 0.00515443 0.007436215 0.02345758 0.00576806 0.007199287 0.02439314 0.006048738 0.00714153 0.02445018 0.006085157 0.007229804 0.02442556 0.006356 0.007161676 0.02439606 0.006603479 0.007093906 0.02429437 0.006121993 0.007314682 0.02438044 0.005856394 0.007383882 0.02433723 0.005808711 0.007293641 0.02437609 0.00560683 0.007443189 0.02421408 0.005551218 0.00734806 0.0242443 0.005399227 0.007488608 0.02401447 0.005338609 0.007389545 0.02403485 0.005261361 0.00751692 0.02375358 0.005198121 0.007415413 0.02376371 0.005212724 0.007526576 0.0234577 0.006039917 0.007608234 0.008050084 0.006145536 0.007557094 0.02368146 0.007354259 0.006964683 0.02105504 0.007610857 0.006794929 0.02100378 0.008152306 0.006373882 0.02089571 0.008550703 0.005998432 0.0208162 0.008859694 0.005658328 0.02075451 0.009323477 0.005038857 0.02066195 0.009451806 0.004836261 0.02063632 0.009901285 0.003950655 0.02054655 0.009912729 0.003922939 0.02054429 0.0102266 0.002939939 0.02048164 0.01037937 0.001940846 0.02045112 0.01046979 -6.62203e-4 0.009223639 0.01040643 -0.001940846 0.00922352 0.01046532 -8.19626e-4 0.009223639 0.0104081 0.001917958 0.00922352 0.01047813 0 0.009223699 0.01047408 4.60528e-4 0.009223639 0.01047086 6.18011e-4 0.009223639 0.01042056 0.001739621 0.00922352 0.01037061 0.001915216 0.00903207 0.0102629 0.001907289 0.008869588 0.01010131 0.001895487 0.008760809 0.010383 0.001737117 0.00903207 0.01043325 6.17122e-4 0.009032189 0.01043647 4.59863e-4 0.009032189 0.01043218 -6.61242e-4 0.009032189 0.01042777 -8.18441e-4 0.009032189 0.01036894 -0.001938045 0.00903207 0.01027524 0.001729965 0.008869588 0.01032525 6.14565e-4 0.008869707 0.01032847 4.57962e-4 0.008869707 0.01032423 -6.58517e-4 0.008869707 0.01031982 -8.15073e-4 0.008869707 0.01026117 -0.001929998 0.008869588 0.01011359 0.001719236 0.008760869 0.01016336 6.10761e-4 0.008760929 0.01016652 4.55128e-4 0.008760988 0.01016229 -6.54443e-4 0.008760929 0.01015788 -8.10015e-4 0.008760929 0.01009964 -0.001918077 0.008760809 0.01009136 -0.002019286 0.008760809 0.01025265 -0.002033889 0.008869588 0.01036024 -0.002043664 0.00903207 0.01039767 -0.002047061 0.009223461 0.01008135 -0.002120375 0.00876075 0.0102424 -0.002137601 0.008869528 0.01034981 -0.002149164 0.009032011 0.01038718 -0.002153217 0.009223461 0.009863734 -0.004107713 0.00808537 0.009895324 -0.003894865 0.007976949 0.009946763 -0.003769397 0.008190333 0.01037007 -0.002298116 0.009218931 0.01033401 -0.002280533 0.009026944 0.01022714 -0.002255737 0.008864283 0.01006603 -0.002227544 0.008756041 0.01032596 -0.00258708 0.00918281 0.01029396 -0.002542257 0.008991241 0.01030349 -0.002708494 0.009156465 0.01027381 -0.002652049 0.00896573 0.01024281 -0.002987384 0.009068965 0.01021975 -0.002903699 0.008881926 0.01017314 -0.003252446 0.008946478 0.01015841 -0.00314182 0.008765876 0.01013702 -0.003374576 0.008874833 0.01012688 -0.003251075 0.008698523 0.01005983 -0.003610312 0.008702874 0.01006019 -0.003460705 0.008538186 0.009983062 -0.003819406 0.008500993 0.009994745 -0.003644824 0.008352279 0.009930372 -0.003951311 0.008338212 0.009925901 -0.003962278 0.008323073 0.01018881 -0.002490758 0.008829891 0.01016944 -0.002589166 0.008805632 0.01011794 -0.002814292 0.008726537 0.01005971 -0.003026306 0.008617699 0.01002985 -0.003123104 0.008554816 0.009967029 -0.003307938 0.008405923 0.009905755 -0.003468871 0.00823462 0.009861052 -0.003576695 0.008086681 0.009813487 -0.003684163 0.007893443 0.01002711 -0.00244081 0.00872451 0.01000744 -0.002530097 0.008702158 0.00995469 -0.002734363 0.008629143 0.009894847 -0.002926707 0.00852847 0.009864032 -0.003014564 0.008470296 0.009798765 -0.003182351 0.008332192 0.009734749 -0.003328502 0.008172988 0.009687662 -0.003426611 0.008035063 0.009637236 -0.003524541 0.007854223 0.009844422 -0.004150927 0.008016645 0.009869396 -0.003960371 0.007877051 0.009786069 -0.003766179 0.00776869 0.009613156 -0.003612041 0.007716059 0.009809911 -0.004226088 0.007936179 0.009823739 -0.004071772 0.007764518 0.009776771 -0.004295706 0.007885158 0.009780824 -0.004172086 0.007697045 0.009724497 -0.004401385 0.007834613 0.009714484 -0.004319608 0.007635712 0.009687304 -0.004473686 0.007814049 0.00966835 -0.004417419 0.007614552 0.009621679 -0.004596054 0.007801115 0.009588599 -0.004577875 0.007609426 0.009737908 -0.003904938 0.007629334 0.009692847 -0.004029393 0.007546842 0.009623646 -0.004211068 0.007473468 0.009575843 -0.004330694 0.007449448 0.009493708 -0.004525601 0.007446885 0.009570598 -0.003761351 0.007559537 0.009530663 -0.003896415 0.007465004 0.009468853 -0.004095852 0.007377982 0.009425878 -0.004228651 0.007347345 0.009351491 -0.00444734 0.007338225 0.006570041 -0.007399916 0.007800519 0.006322026 -0.007504165 0.007800459 0.006308019 -0.007468879 0.007609009 0.009354591 -0.005038619 0.007801055 0.009183704 -0.005220651 0.007609367 0.008963584 -0.005063176 0.007338225 0.009095609 -0.005157589 0.007446825 0.00921446 -0.005242586 0.007801055 0.008582293 -0.005998134 0.007800877 0.008374989 -0.00614959 0.007609248 0.008188724 -0.005953192 0.007338166 0.008300423 -0.006070971 0.007446765 0.008400976 -0.006177008 0.007800877 0.007642865 -0.00679481 0.007800698 0.007404625 -0.006908178 0.007609128 0.007259011 -0.006680011 0.007338166 0.007346332 -0.006816864 0.007446706 0.00742501 -0.006940066 0.007800698 0.00620836 -0.007217288 0.007338106 0.006268143 -0.007368147 0.007446646 0.006295621 -0.007514536 0.007801055 0.006273329 -0.007481575 0.007607758 0.006226122 -0.00738126 0.007444441 0.006176769 -0.007559657 0.007818758 0.006114125 -0.007537484 0.007623195 0.006121158 -0.007579922 0.007836103 0.006038069 -0.007562756 0.007643401 0.006016731 -0.007616281 0.007887363 0.005892515 -0.007608652 0.007709085 0.005971014 -0.007631599 0.007919609 0.005827605 -0.007628142 0.007752478 0.005891025 -0.007657468 0.007997572 0.005712509 -0.007661104 0.007860898 0.005857825 -0.007667839 0.008042693 0.005664288 -0.007674336 0.007925093 0.006032645 -0.007438957 0.007460892 0.005939781 -0.007465183 0.007484793 0.005761384 -0.007512927 0.007564425 0.005681574 -0.007533192 0.007617652 0.005539596 -0.007567644 0.007751762 0.005479991 -0.007581532 0.007831573 0.006161391 -0.007229089 0.007336676 0.005946218 -0.007281064 0.007359623 0.005843758 -0.007304549 0.007388412 0.005648136 -0.007347226 0.0074808 0.005561172 -0.007365286 0.007541358 0.005407214 -0.007395982 0.007692277 0.005342781 -0.00740832 0.007781326 0.005247712 -0.007426023 0.007974386 0.005391776 -0.00760138 0.008005499 0.005593001 -0.00769335 0.008064568 0.005809307 -0.007682681 0.008139312 0.005215525 -0.007431864 0.008083879 0.005361795 -0.007607877 0.008104443 0.005568861 -0.007699608 0.008143782 0.005792915 -0.007687568 0.008193552 0.005190908 -0.007436215 0.008297741 0.005338907 -0.007612824 0.008298099 0.005550384 -0.007704257 0.008298635 0.005780458 -0.007691204 0.008299171 0.007790088 -0.00666213 0.02286827 0.007602691 -0.006797313 0.02301979 0.007610857 -0.006794929 0.02100378 0.00613594 -0.00756067 0.02368575 0.006039917 -0.007608234 0.008050143 0.007354259 -0.006964683 0.02105504 0.007312715 -0.006987392 0.02325922 0.00705254 -0.00713998 0.02347946 0.008859694 -0.005658328 0.02075451 0.009058833 -0.005407214 0.02190625 0.008550703 -0.005998432 0.0208162 0.008545994 -0.005999982 0.02228224 0.008152306 -0.006373882 0.02089571 0.008457303 -0.006088972 0.02234899 0.007948875 -0.006539463 0.02274191 0.009451806 -0.004836261 0.02063632 0.009602785 -0.004570901 0.02152532 0.009323477 -0.005038857 0.02066195 0.009319305 -0.005041539 0.0217216 0.009119153 -0.005327105 0.0218631 0.009912729 -0.003922939 0.02054429 0.009981572 -0.003742814 0.02127057 0.009901285 -0.003950655 0.02054655 0.009898722 -0.003952503 0.02132558 0.009789109 -0.00420165 0.02139896 0.0102266 -0.002939939 0.02048164 0.01037937 -0.001940846 0.02045112 0.01037806 -0.001940846 0.0210126 0.01032537 -0.002416193 0.02104628 0.01024299 -0.002862989 0.02109938 0.01012003 -0.003333747 0.02117937 0.01043319 -9.71133e-4 0.02044039 0.01045113 0 0.02043682 0.01043319 9.71183e-4 0.02044039 0.010432 -9.70461e-4 0.02097594 0.01044988 0 0.02096378 0.01042789 0.001075625 0.0209788 0.01037454 9.62436e-4 0.0212078 0.01039224 0 0.0211957 0.01037454 -9.62437e-4 0.0212078 0.01025247 -0.001914501 0.02134412 0.01032149 -0.001924753 0.02124404 0.01036423 -0.001933753 0.02113008 0.00737679 -0.006922125 0.02337431 0.009305298 -0.004794776 0.02202212 0.009517133 -0.004433512 0.02186512 0.009965538 -0.003742694 0.02139598 0.0101127 -0.003306508 0.02129662 0.01022875 -0.002859711 0.02121925 0.01031285 -0.002402186 0.02116376 0.008016705 -0.00638169 0.02296799 0.007413446 -0.006820559 0.02348405 0.01027148 -0.002384245 0.0212776 0.01018953 -0.002833068 0.02133297 0.01007652 -0.003271341 0.02141022 0.009933173 -0.003699243 0.02150934 0.009790241 -0.00416249 0.02151584 0.009762465 -0.004111111 0.02162897 0.009590446 -0.00456047 0.02165484 0.009567856 -0.004501581 0.02176773 0.009367525 -0.00493741 0.02181297 0.009350776 -0.004871487 0.0219255 0.009122788 -0.005293905 0.02199018 0.009112477 -0.005221366 0.02210235 0.008860409 -0.005627095 0.02218449 0.008857071 -0.005548357 0.0222963 0.008584499 -0.005934238 0.02239388 0.008588492 -0.005849897 0.02250528 0.008296251 -0.006216645 0.02261817 0.008307933 -0.006127238 0.02272921 0.007996916 -0.006475627 0.02285742 0.007415592 -0.006694495 0.02357244 0.01020365 -0.002363801 0.02137756 0.01012372 -0.00280267 0.02143263 0.009706974 -0.004051923 0.02172714 0.009873569 -0.003649413 0.02160811 0.01001346 -0.003231167 0.02150946 0.00907278 -0.00513643 0.02219802 0.008823633 -0.005455553 0.02239096 0.008561611 -0.005749642 0.02259886 0.008287966 -0.006019949 0.0228216 0.00800389 -0.006267786 0.02305912</float_array>
          <technique_common>
            <accessor source="#L_ring_prox-mesh-positions-array" count="3091" stride="3">
              <param name="X" type="float"/>
              <param name="Y" type="float"/>
              <param name="Z" type="float"/>
            </accessor>
          </technique_common>
        </source>
        <source id="L_ring_prox-mesh-normals">
          <float_array id="L_ring_prox-mesh-normals-array" count="18474">0.2174691 0.595151 -0.7736295 0.3325891 0.9191198 -0.2111949 0.4419034 0.7672832 -0.4647559 0.3838763 0.8598267 -0.3366557 0.3630585 0.9107902 -0.1965958 0.1777483 0.9154438 -0.3610656 0.3870419 0.717191 -0.5795134 0.3859275 0.7174751 -0.5799049 0.267053 0.3300496 -0.9054005 0.09448635 0.4569391 -0.8844654 0.05666738 0.3495658 -0.9351965 0.1210004 0.2445671 -0.962053 -0.2374568 0.2995686 -0.9240524 0.2916215 -0.001796007 -0.9565321 0.03661566 0.5419771 -0.8395953 0.2031964 0.6065903 -0.7686089 0.09982204 0.604695 -0.7901769 0.1218729 0.6834737 -0.7197296 0.4346899 0.5975288 -0.6737983 0.1396726 0.7136441 -0.6864428 0.06541085 0.7426354 -0.666494 0.2687755 0.781786 -0.562646 0.02446287 0.825773 -0.5634719 0.220462 0.9027501 -0.3693763 0.07979041 0.9196534 -0.3845402 0.1741285 0.9721829 -0.1566514 0.06591951 0.9838404 -0.1664721 -0.003232061 0.1478042 0.9890114 0.2577478 -4.28838e-7 0.9662123 0.7055156 -3.66041e-7 0.7086945 0.7055148 3.66048e-7 0.7086952 0.9653436 0 0.2609822 0.9653436 0 0.2609822 0.9665036 1.22015e-7 -0.2566534 0.9665035 -1.22015e-7 -0.2566536 0.7086859 -2.44031e-7 -0.7055242 0.7086868 -3.66047e-7 -0.7055233 0.2609923 -3.66044e-7 -0.9653409 0.2609916 -3.81295e-7 -0.9653412 -0.2566539 -3.66045e-7 -0.9665035 -0.2566542 -3.81296e-7 -0.9665034 -0.7055221 -2.44029e-7 -0.708688 -0.7055225 -3.66044e-7 -0.7086876 -0.9653429 0 -0.260985 -0.9653428 0 -0.2609853 -0.9665037 0 0.2566525 -0.9665038 1.22015e-7 0.2566527 -0.7086933 2.44029e-7 0.7055167 -0.7086928 2.44029e-7 0.7055172 -0.2609791 3.66045e-7 0.9653445 -0.2609785 3.81297e-7 0.9653447 0.2566537 3.81296e-7 0.9665035 -0.002411186 0.09033089 0.9959089 0.002791821 0.09768885 0.9952132 -0.006517589 0.2653179 0.9641389 -0.02128791 0.2449303 0.969307 -0.001782953 0.3163977 0.948625 -0.003662645 0.4504501 0.8927941 0.002237737 0.4540784 0.8909589 -0.005355656 0.6327056 0.7743739 7.97359e-5 0.6354773 0.7721197 -0.003160178 0.7656787 0.6432155 -0.01311284 0.7603178 0.6494189 0.01347434 0.8538985 0.5202652 0.1019614 0.8693243 0.4836106 -0.02003169 0.8753323 0.4831067 -8.15245e-4 0.931439 0.3638967 -7.26751e-4 0.9650777 0.2619628 -0.0379579 0.9560489 0.2907401 0.07406556 0.9835454 0.1647815 -0.08321648 0.9837266 0.1592391 -2.43937e-4 0.9951567 0.09830242 0.1660304 -0.9861206 4.00157e-4 0.2034637 -0.9790824 -5.12645e-4 0.08235311 -0.9966004 0.002393364 0.1464731 -0.9892138 -0.001300513 0.0644474 -0.9979212 1.54908e-4 0.3847342 -0.1015291 -0.9174266 0.3783504 -0.03987693 -0.9248031 0.2367418 -0.0287925 -0.9711459 0.2586016 -0.01098579 -0.9659216 0.3319828 0.007062494 -0.9432591 0.02117049 1.90449e-6 -0.999776 0.06294018 -0.01332402 -0.9979284 0.07960331 -0.02409267 -0.9965355 0.1213439 -2.08404e-4 -0.9926106 0.1941822 2.09298e-4 -0.9809656 0.002227902 -0.1950637 -0.9807882 0.002885222 -0.1758885 -0.9844059 0.001167714 -0.5555866 -0.8314579 0.001911282 -0.5391061 -0.8422357 0.001602947 -0.7078801 -0.7063309 0.001177549 -0.8327884 -0.5535902 5.7e-4 -0.8422278 -0.5391216 8.31482e-4 -0.9326481 -0.3607866 2.81845e-4 -0.9850522 -0.1722559 3.97163e-4 -0.9844288 -0.1757834 7.11693e-6 -2.67568e-5 -1 6.7126e-6 -4.51852e-6 -1 7.29339e-6 -6.98512e-6 -1 7.57092e-6 7.32806e-7 -1 -0.04580664 0.9916118 -0.120863 -0.003413259 0.9659233 -0.2588063 5.24826e-7 0.9999378 -0.01115542 -0.01421183 0.9574464 -0.2882612 1.81919e-5 0.9024373 -0.4308212 -3.22853e-5 0.7070937 -0.7071199 -0.06688565 0.8444963 -0.5313684 -0.04385644 0.7975702 -0.6016298 -0.01300102 0.6906744 -0.7230491 7.48953e-6 0.09784579 -0.9952016 -0.003245651 0.1305226 -0.9914401 0.001249313 0.2629854 -0.964799 -0.003563761 0.3826834 -0.9238728 5.51235e-4 0.4216722 -0.9067482 -4.12877e-4 0.5652649 -0.8249094 -0.989575 -0.1439995 -0.002380967 -0.9895759 -0.1439928 -0.002381861 -0.940879 0.3387355 -0.002263307 -0.9408707 0.3387584 -0.002265453 -0.6706612 0.7417622 -0.001616239 -0.6706933 0.7417331 -0.001612246 -0.2426435 0.9701154 -5.81289e-4 -0.2425854 0.97013 -5.86812e-4 4.27088e-7 1 -3.26906e-6 4.27202e-7 1 -2.83391e-6 2.0863e-6 0.9814732 -0.1915997 0.003833234 0.9746795 -0.2235739 -7.21034e-4 0.8984299 -0.4391164 4.66976e-6 0.8835849 -0.4682713 5.96371e-6 0.7947568 -0.6069281 1.94934e-4 0.7932881 -0.6088464 -1.94562e-4 0.6106379 -0.7919101 7.14967e-6 0.608623 -0.7934595 8.33352e-6 0.4434412 -0.8963035 0.00261718 0.3825179 -0.9239445 -0.005235373 0.1962366 -0.9805427 8.80826e-6 0.13006 -0.9915062 -0.04901063 0.1960043 -0.9793776 -0.1355113 0.1498459 -0.9793788 -0.8938454 -0.1300655 -0.4290962 -0.2378969 0.9531885 -0.1866462 -0.6588785 0.728722 -0.1866644 -0.6586207 0.7288647 -0.1870163 -0.9242774 0.3327548 -0.1870446 -0.9241796 0.3329074 -0.187256 -0.9720771 -0.1414459 -0.1872413 -0.9720804 -0.141521 -0.1871675 -0.794722 -0.1156398 -0.5958562 -0.8357627 -0.07944101 -0.5433138 -0.7924829 0.285304 -0.5390479 -0.7924801 0.2853056 -0.539051 -0.5648807 0.6247758 -0.5390409 -0.5648775 0.6247798 -0.5390396 -0.2105129 -0.1659557 -0.9634018 -0.6482089 0.03588074 -0.7606168 -0.1900907 0.06844669 -0.9793776 -0.2383892 0.9531779 -0.1860716 -0.2192285 0.8765708 -0.4284422 -0.243699 0.8034085 -0.543273 -0.1949084 0.779509 -0.5952954 -0.1509243 0.6036441 -0.7828383 -0.5642262 -0.08210676 -0.8215275 -0.5364596 0.1931389 -0.8215282 -0.5364477 0.1931503 -0.8215333 -0.3823764 0.4229192 -0.8215399 -0.3824439 0.4229087 -0.8215138 -0.203144 0.5232273 -0.8276266 -0.1102119 0.4407309 -0.8908477 -0.665143 -0.7295063 -0.1593906 -0.5213118 -0.4792822 -0.7060614 -0.4459246 -0.3548632 -0.8217198 -0.5306814 -0.4804405 -0.6982508 -0.6197894 -0.5765131 -0.5324413 -0.1925339 -0.1739576 -0.9657481 -0.06392979 0.01988333 -0.9977564 -0.1393354 -0.09174609 -0.985986 -0.2598983 -0.2295544 -0.9379541 -0.3361861 -0.3090018 -0.8896612 -0.8725921 -0.4491158 -0.1920373 -0.6146142 -0.4232591 -0.6656585 -0.8352997 -0.4851419 -0.258673 -0.7229629 -0.6402556 -0.2596101 -0.6884341 -0.6404142 -0.3404821 -0.7060712 -0.593169 -0.3867998 -0.2263767 -0.128777 -0.9654896 -0.2264047 -0.1288009 -0.9654799 -0.5332004 -0.3033025 -0.78975 -0.6102547 -0.3602119 -0.7055755 -0.6924991 -0.3939405 -0.6043641 -0.7818692 -0.4447535 -0.4368923 1.16342e-5 -0.005113661 -0.999987 2.54525e-4 -0.09798431 -0.9951879 -0.002829551 -0.6976699 -0.7164138 0.005065023 -0.53955 -0.8419384 0.004048585 -0.5537095 -0.8327001 -4.27195e-6 -0.4414077 -0.8973067 2.24176e-5 -0.2902406 -0.9569537 0.002164423 -0.3322505 -0.9431888 -0.002039551 -0.1455768 -0.9893448 0.004291355 -0.8358612 -0.5489241 0.003658115 -0.8297863 -0.5580694 -9.62041e-4 -0.9114497 -0.4114102 0.002295494 -0.9803355 -0.1973248 2.26986e-5 -0.9869651 -0.1609346 8.68621e-6 -2.24622e-6 -1 7.02772e-6 -1.24177e-5 -1 1.14755e-5 -7.63706e-6 -1 4.66508e-6 2.09855e-6 -1 1.76667e-5 -1.92509e-5 -1 5.7614e-6 2.30367e-6 -1 1.16389e-5 3.01563e-7 -1 6.71208e-6 5.02175e-6 -1 -0.9999976 7.00289e-7 -0.002241551 -0.9999976 -7.00433e-7 -0.002241551 -0.9951832 -0.09800875 -0.002230763 -0.9844163 -0.1757901 -0.004752993 -0.9569814 -0.2901448 -0.001639306 -0.8422058 -0.539147 -0.00314486 -0.8314618 -0.5555788 -0.001864492 -0.5391426 -0.8422136 -0.001209437 -0.5546946 -0.8320503 -0.002505719 -0.1758198 -0.9844221 7.59134e-4 -0.1951146 -0.9807804 -4.38463e-4 -0.01804268 -0.9842615 -0.1757951 -0.05527794 -0.8408808 -0.5383902 -0.08616614 -0.5370082 -0.8391649 -0.1005923 -0.1749541 -0.9794245 -0.1005672 -0.1748807 -0.9794401 -0.3386361 -0.1740478 -0.9246799 -0.3386554 -0.1739993 -0.924682 -0.5167962 -0.1754831 -0.8379305 -0.5978603 -0.3631811 -0.7146065 -0.58735 -0.1740489 -0.7903967 -0.7521844 -0.1751739 -0.6352424 -0.7648824 -0.2925122 -0.5739266 -0.8355045 -0.1755011 -0.520703 -0.9230976 -0.1740211 -0.3429394 -0.9230947 -0.1740343 -0.3429408 -0.9789649 -0.174862 -0.1051247 -0.9789657 -0.174858 -0.1051226 -0.01804482 -0.9842618 -0.1757931 -0.06107002 -0.9841111 -0.1667206 -0.06106758 -0.9841122 -0.1667157 -0.1058967 -0.9841112 -0.1425169 -0.1058944 -0.9841117 -0.1425156 -0.1420155 -0.9841117 -0.1065642 -0.1420528 -0.9841055 -0.1065719 -0.1664626 -0.9841053 -0.06186354 -0.1665047 -0.984098 -0.06186556 -0.1757736 -0.9842499 -0.01886475 -0.1757461 -0.9842546 -0.01887351 -0.08615559 -0.5370239 -0.8391559 -0.2905039 -0.535149 -0.7932357 -0.2904961 -0.5351648 -0.793228 -0.5038537 -0.5351638 -0.6780349 -0.5038656 -0.5351513 -0.678036 -0.675695 -0.5351488 -0.5070031 -0.6756885 -0.5351603 -0.5069996 -0.7918716 -0.5351576 -0.294187 -0.7918703 -0.5351593 -0.294187 -0.8387389 -0.5370342 -0.09006381 -0.8387308 -0.5370457 -0.09006971 -0.05528777 -0.8408724 -0.5384021 -0.1867806 -0.839656 -0.5099911 -0.186761 -0.8396753 -0.5099665 -0.3239212 -0.8396743 -0.4359155 -0.3239494 -0.8396554 -0.435931 -0.4344323 -0.8396528 -0.325963 -0.4344033 -0.8396721 -0.3259518 -0.5090939 -0.8396725 -0.1891394 -0.5091193 -0.8396575 -0.1891376 -0.5381425 -0.8408706 -0.05778807 -0.5381521 -0.8408647 -0.05778479 -0.1307709 -4.04717e-6 -0.9914126 -0.102072 0.04308593 -0.9938436 -0.4227526 -0.06473451 -0.9039302 -0.3410452 0.1285987 -0.9312093 -0.5249485 -3.29126e-6 -0.851134 -0.7054641 -2.93851e-6 -0.7087457 -0.6329008 0.1646713 -0.7565184 -0.7639977 -3.65955e-6 -0.645219 -0.994284 -1.12054e-6 -0.1067688 -0.9901935 0.0321294 -0.135958 -0.9368072 -0.03555107 -0.3480354 -0.9406701 -0.05188739 -0.335332 -0.8478772 0.04337847 -0.528415 -0.8801006 -0.0248382 -0.4741372 -0.8296007 -2.80578e-6 -0.5583573 0.849718 0.5272353 0.001545906 0.8383634 0.5362741 0.09775978 0.9336382 0.3582144 0.001495242 0.2906312 0.9568349 6.99005e-4 0.5803596 0.8143592 0.001396298 0.5803554 0.8143622 0.001396596 0.8530384 0.5218443 0.002052843 0.8557241 0.5174319 8.38535e-4 0.2049363 0.9787718 -0.002657115 0.08840936 0.9960842 2.12339e-4 0.08859658 0.9960677 2.28081e-4 -0.01788544 0.9993539 -0.03117525 0.07854813 0.9968553 -0.0104739 0.91876 0.3948121 0.001847207 0.939871 0.3415229 0.002154171 0.9059811 0.4233174 -7.30866e-4 0.9427409 0.3335191 0.002216577 0.9383436 0.3456978 0.002103507 0.9302223 0.3669905 0.002111196 0.9241463 0.3820328 0.002140223 0.9336275 0.3581746 -0.007112324 0.9855857 0.1691629 0.002209305 0.9601144 0.2795994 0.002151012 0.9811837 0.1930759 6.75199e-4 0.9912976 0.1316368 -9.82565e-4 0.9969429 0.07807987 -0.002919018 0.9992879 0.03743851 -0.004711031 0.9998018 0.01909941 -0.005633413 0.9807827 0.1950914 0.002198576 0.8314662 0.5555723 0.001864016 0.842462 0.5387553 7.95362e-4 0.5555696 0.8314665 0.002447903 0.5803569 0.814362 6.99607e-4 0.1950953 0.9807838 0.00101149 0.2049298 0.9787766 4.59832e-4 0.795118 -3.23177e-6 0.6064549 0.7413111 0.02999073 0.6704912 0.6844096 7.65934e-4 0.7290974 0.3008832 -1.29076e-4 0.953661 0.4045949 3.75096e-4 0.9144961 0.4795587 0.03003543 0.8769956 0.5030742 0.02028161 0.8640053 0.5764011 -5.15797e-4 0.8171669 0.2169795 0.01040875 0.9761208 0.1644533 0.03018903 0.9859229 0.07920742 2.68441e-6 0.9968582 0.5887989 -0.7062017 0.3931859 0.5891289 -0.6995815 0.4043673 0.5754424 -0.703267 0.4174706 0.5687391 -0.6956715 0.438836 0.5663853 -0.6969857 0.439794 0.5640503 -0.7050815 0.4297761 0.5517475 -0.7083321 0.4402733 0.4639024 -0.702103 0.5402277 0.4813058 -0.7098963 0.5141906 0.3910765 -0.7047802 0.5918986 0.4057876 -0.7078916 0.5781229 0.3277149 -0.707207 0.6264673 0.351139 -0.7116526 0.6084834 0.2826758 -0.7049491 0.6504932 0.2417936 -0.7098664 0.6615327 0.2067537 -0.7080809 0.6751847 0.1277352 -0.7078921 0.6946744 0.145562 -0.7121634 0.686757 0.01984781 -0.7005391 0.713338 0.04668921 -0.7069088 0.7057621 -0.02194368 -0.7068228 0.7070503 -0.02194392 -0.7068233 0.7070498 -0.3949053 -0.5877199 0.7061411 -0.06743413 -0.7046323 0.7063611 -0.08319956 -0.6978409 0.7114042 -0.1242514 -0.6964972 0.7067201 -0.2028934 -0.6698521 0.7142355 -0.1903061 -0.6764146 0.7115104 -0.1638677 -0.6884652 0.7065147 -0.371093 -0.6030827 0.7061029 -0.3421661 -0.6150095 0.7104123 -0.3257219 -0.6196365 0.7141119 -0.2975516 -0.6442797 0.7045331 -0.2274435 -0.6690762 0.7075356 -0.4314328 -0.5582644 0.7086655 -0.4374061 -0.5488488 0.7123488 -0.4773955 -0.5233225 0.7058522 -0.5070512 -0.494762 0.7057689 -0.5278447 -0.4643661 0.7111569 -0.5493172 -0.4498467 0.7041936 -0.5992664 -0.3641649 0.7129262 -0.6001034 -0.3608688 0.7138975 -0.5863863 -0.3965856 0.7063081 -0.6746981 -0.2121132 0.7069587 -0.656688 -0.2483713 0.7120903 -0.6592004 -0.245553 0.710745 -0.6444616 -0.2948162 0.7055159 -0.6263754 -0.3317323 0.7054132 -0.691017 -0.168541 0.702915 -0.6913507 -0.1173176 0.7129311 -0.703339 -0.09177809 0.704905 -0.1008698 -0.994897 -0.002296686 -0.9756906 -0.1193239 0.1838198 -0.9731223 -0.1129792 0.2006708 -0.5515397 -0.7512995 0.3624267 -0.5647122 -0.7531564 0.3374248 -0.6700894 -0.5964367 0.4418637 -0.6797715 -0.600684 0.4208202 -0.7678914 -0.3897435 0.508373 -0.7738564 -0.3946444 0.4953808 -0.8278506 -0.1108403 0.549889 -0.8935241 -0.1311284 0.4294415 -0.07112228 -0.9821778 0.1739786 -0.005395174 -0.95854 0.2849072 -0.05325418 -0.9604921 0.2731648 -0.6075154 -0.1003487 0.7879438 -0.4334935 -0.1311323 0.8915648 -0.1885643 -0.1114367 0.975718 -0.2038131 -0.120922 0.9715134 -0.1721127 -0.2850053 0.942947 -0.1226827 -0.3138105 0.9415264 -0.1608731 -0.3714692 0.9144017 -0.16781 -0.5262277 0.8336212 -0.1826948 -0.538021 0.822895 -0.09474307 -0.66745 0.7386029 -0.1518596 -0.7170106 0.6803195 -0.06272614 -0.7885246 0.6117963 -0.1993298 -0.975301 0.09516084 -0.2633954 -0.9646365 0.009977817 -0.2946944 -0.9334446 0.2045398 -0.3696275 -0.9252483 0.08538937 -0.4896448 -0.847814 0.2036158 -0.5277025 -0.8438231 0.09743112 -0.5738957 -0.7224699 0.3855918 -0.6266419 -0.7752169 0.07974272 -0.6977036 -0.6980555 0.1610229 -0.7331253 -0.6774243 0.06019711 -0.8132336 -0.5428159 0.2097672 -0.8254948 -0.5398803 0.164584 -0.9337336 -0.323444 0.1533809 -0.9372571 -0.3432728 0.06093472 -0.9426411 -0.2891296 0.1668288 0.001762151 -0.9949032 0.1008196 -0.7873898 -0.1360894 0.6012463 -0.5510294 -0.134616 0.8235564 -0.500655 -0.3887107 0.7734655 -0.5098291 -0.3961177 0.7636525 -0.427343 -0.5941568 0.6814367 -0.4408546 -0.6038376 0.664099 -0.3439894 -0.7482676 0.5672451 -0.3600407 -0.7571762 0.5450277 -0.2586253 -0.8578932 0.4439957 -0.1527698 -0.803466 0.5754163 -0.1566954 -0.9273147 0.3399031 -0.1534634 -0.9259819 0.3449735 -0.08108639 -0.9584684 0.273429 -0.002388894 -0.09832805 0.9951512 0.003244698 -0.08967965 0.9959654 -0.005094766 -0.2402496 0.9706978 -0.01503688 -0.2680488 0.9632881 -0.001793324 -0.3163818 0.9486302 -0.003669977 -0.4504399 0.8927993 0.002230703 -0.4540657 0.8909654 -0.005363702 -0.6327195 0.7743626 8.40981e-5 -0.6354988 0.7721019 -0.002846062 -0.7540356 0.6568274 -0.02181708 -0.7919007 0.6102601 0.02481108 -0.8506569 0.5251355 -0.01171302 -0.9010916 0.4334705 -7.82391e-4 -0.9314994 0.3637423 -8.1421e-4 -0.9429919 0.3328146 -0.006664276 -0.9665859 0.2562564 -0.004421174 -0.9672558 0.2537653 0.005257785 -0.9955323 0.09427469 -2.29675e-4 -0.9951524 0.09834456 -4.00628e-7 -1 1.64804e-6 -1.83632e-6 -1 2.44573e-6 -0.09490281 -0.9954865 -2.25908e-4 -0.2040637 -0.9789526 -0.00315231 -0.2960068 -0.9551856 -7.13706e-4 -0.5781664 -0.8159178 -0.001392483 -0.5781685 -0.8159162 -0.001392543 -0.8559986 -0.5169742 -0.00206083 -0.8559978 -0.5169756 -0.00206077 -0.9912556 -0.1319345 -0.002385735 -0.9912548 -0.1319403 -0.002385199 -0.2832578 -0.7920554 -0.5407527 -0.8492456 -0.3852945 -0.3610126 -0.8488139 -0.3863592 -0.3608899 -0.8443979 -0.3111949 -0.436062 -0.844058 -0.3120224 -0.4361286 -0.839914 -0.2271118 -0.4929146 -0.1892231 -0.4623443 -0.866275 -0.1858155 -0.349386 -0.9183693 -0.1414334 -0.1917377 -0.971202 -0.06370991 -0.235819 -0.9697064 -0.1855812 -0.0593239 -0.9808365 -0.09714496 -0.7991251 -0.5932638 -0.0871005 -0.634425 -0.7680615 -0.280879 -0.6770059 -0.6802721 -0.0859937 -0.5537207 -0.8282502 -0.5496712 -0.4440144 -0.7076106 -0.5466026 -0.2278794 -0.8057895 -0.8362624 -0.1342727 -0.5316354 -0.09213042 -0.9005396 -0.4249004 -0.09257811 -0.9761378 -0.196429 -0.09727847 -0.9759015 -0.1953287 -0.2900756 -0.9375392 -0.1920324 -0.5673123 -0.7842838 -0.251109 -0.8568756 -0.4872751 -0.168307 -0.8571392 -0.4867008 -0.1686262 -0.9916475 -0.1152907 -0.05782288 -0.9915102 -0.1167835 -0.05717802 0.05217003 -0.833191 -0.5505189 -0.2742829 -0.7931564 -0.5437572 -0.285247 -0.9387016 -0.1935812 -0.6352205 -0.7564749 -0.1556948 -0.5759066 -0.81301 -0.08571171 -0.8590025 -0.5086138 -0.05853837 -0.8548097 -0.516336 -0.0519393 -0.9920601 -0.1224495 -0.02868562 -0.9909958 -0.1319042 -0.02299571 -0.9882546 -0.08783614 -0.125051 -0.98774 -0.09289181 -0.1254618 -0.9863113 -0.06824457 -0.1501094 -0.9857614 -0.07300072 -0.1514774 -0.9845817 -0.04799848 -0.1682114 -0.9844709 -0.04890847 -0.1685979 -0.9825685 -0.0254743 -0.1841475 -0.9803074 -0.005699872 -0.1973953 -0.8333384 -0.03241866 -0.5518118 -0.8297426 -0.03830122 -0.5568306 -0.654646 -0.06214791 -0.7533766 -0.5492685 -0.144236 -0.8231041 -0.3702255 -0.1723365 -0.9128162 -0.9819453 0.001142084 -0.1891618 -0.9826226 -0.02517098 -0.1839003 -0.8361826 -0.1344315 -0.5317208 -0.8397063 -0.2275865 -0.4930496 -0.6586191 -0.333514 -0.674529 -0.5537637 -0.5105006 -0.6578259 -0.55826 -0.6769397 -0.4796859 -0.6682231 -0.5581733 -0.4918543 -0.562605 -0.7203156 -0.4057353 -0.8533205 -0.4456542 -0.2706227 -0.8536999 -0.4447478 -0.2709168 -0.9896302 -0.1084429 -0.09419226 -0.9896041 -0.108711 -0.09415835 4.41621e-4 -0.9807742 -0.1951462 0.004156172 -0.9844164 -0.1758039 -2.68435e-4 -0.9061543 -0.4229474 -0.00820738 -0.8421917 -0.5391158 0.002122342 -0.3645644 -0.9311758 -4.61624e-4 -0.4804425 -0.8770262 -0.008873224 -0.5391062 -0.8421912 0.001741647 -0.6410385 -0.7675068 0.001346409 -0.8062298 -0.5916011 0.002217829 -0.2389438 -0.9710309 -0.004621028 -0.1757932 -0.9844164 0.002268493 -0.06547546 -0.9978516 -0.8488222 0.3858379 -0.3614277 -0.8493064 0.3857308 -0.3604035 -0.8533298 0.4452695 -0.2712255 -0.8537714 0.4449944 -0.270286 -0.8569101 0.4870719 -0.1687195 -0.8399382 0.2273955 -0.4927426 -0.9856876 0.0706585 -0.1530603 -0.8397058 0.2272683 -0.4931971 -0.9846148 0.04851007 -0.1678704 -0.9844377 0.04839903 -0.1689383 0.008603751 0.4808613 -0.8767545 -0.1898795 0.5412228 -0.8191603 -0.180512 0.2465976 -0.9521581 -0.08753907 0.6345388 -0.7679176 -0.09731256 0.9756726 -0.1964519 -0.09267276 0.9763501 -0.195326 -0.09791553 0.8261206 -0.5549211 0.09591972 0.8057355 -0.5844569 -0.09215819 0.9005621 -0.4248469 -0.8544663 0.516115 -0.05926924 -0.6825818 0.7266017 -0.07830899 -0.5699147 0.8048171 -0.1657313 -0.2808785 0.6769956 -0.6802826 -0.2832762 0.7907361 -0.5426702 -0.2745019 0.7944064 -0.5418184 -0.2852433 0.9389817 -0.1922234 -0.2900269 0.9372947 -0.1932951 -0.9876676 0.09083157 -0.1275243 -0.9884107 0.08945572 -0.1226462 -0.9896357 0.1085118 -0.09405636 -0.9895893 0.1086931 -0.09433382 -0.9916837 0.1154842 -0.05680662 -0.9914762 0.1165646 -0.05820524 -0.9920677 0.1237335 -0.02217376 -0.6148673 0.4150353 -0.6705847 -0.5521044 0.3758585 -0.7442521 -0.5465947 0.227898 -0.8057896 -0.8361729 0.1343336 -0.5317606 -0.8362644 0.134404 -0.5315991 -0.9825498 0.02528977 -0.1842726 -0.9826241 0.02538758 -0.1838629 -0.1855905 0.05932706 -0.9808347 -0.09327399 0.1944151 -0.9764747 -0.3704597 0.1722779 -0.9127322 -0.612845 0.1317473 -0.779143 -0.5529115 0.07219392 -0.8301066 -0.833707 0.03761452 -0.5509247 -0.8298752 0.03279238 -0.5569846 -0.9821657 0.004995048 -0.1879515 -0.9803203 -3.06015e-4 -0.1974138 -0.9864714 0.07024306 -0.1481225 -0.8440505 0.311545 -0.4364843 -0.8444519 0.3116275 -0.4356485 -0.5537497 0.5105316 -0.6578136 -0.5604419 0.6263166 -0.5418787 -0.6239797 0.6349565 -0.4554994 -0.5625814 0.7203322 -0.4057388 -0.5672827 0.7843045 -0.2511115 -0.8571845 0.4867819 -0.1681614 -0.8587782 0.5097433 -0.05159288 -0.99083 0.1319018 -0.02928811 -0.09496676 0.9954805 -2.27127e-4 -0.2040372 0.9789581 -0.003151178 -0.2960358 0.9551767 -7.11018e-4 -0.578177 0.8159103 -0.001390159 -0.5781759 0.815911 -0.001390337 -0.8560013 0.5169696 -0.00205928 -0.8560019 0.5169687 -0.00205934 -0.9912554 0.1319362 -0.002385318 -0.9912543 0.1319446 -0.002385854 1.82602e-6 1 2.102e-6 5.72292e-7 1 1.42239e-6 4.45484e-4 0.9807727 -0.1951536 -0.02780079 0.9053044 -0.4238529 -0.00253421 0.8421998 -0.5391597 0.004163324 0.9844185 -0.1757921 0.001320958 0.8063126 -0.5914881 0.001754045 0.6411948 -0.7673762 -0.00887686 0.539116 -0.8421847 0.002269148 0.06547927 -0.9978514 -0.004618823 0.1757943 -0.9844161 0.004351198 0.2584643 -0.9660111 -4.59601e-4 0.4804229 -0.8770369 0.002274036 0 -0.9999974 0.002273023 0 -0.9999975 -0.8301802 4.90596e-6 -0.5574951 -0.8301882 -1.64216e-6 -0.5574834 -0.5536652 -8.2113e-7 -0.8327394 -0.5536776 -5.78446e-6 -0.8327311 -0.3736652 -6.40188e-6 -0.9275637 -0.3735115 -1.28084e-6 -0.9276257 -0.1851119 -1.29105e-6 -0.9827175 -0.1851161 0 -0.9827166 -0.9803215 1.63522e-6 -0.1974079 -0.9751259 -0.006746113 -0.221549 -0.9802944 0.006784021 -0.197426 -0.9975141 0.07042694 -0.002393245 -0.99733 0.07298725 -0.002399682 -0.9972963 0.07344603 -0.00240004 -0.9972962 0.07344776 -0.002400279 -0.9978013 0.06623411 -0.002365589 -0.9982192 0.05960994 -0.002260506 -0.9986705 0.0515092 -0.002038776 -0.9990827 0.04279047 -0.001677572 -0.9994871 0.03200799 -0.001078605 -0.9987093 0.05072999 -0.002487897 -0.9998026 0.01972699 -0.002384185 -0.9999018 0.01382714 -0.002257227 -0.9999733 0.006913542 -0.002406477 -0.9999015 -0.01382744 -0.002406299 -0.9999739 -0.006913006 -0.002108395 -0.9987077 -0.05073046 -0.003050208 -0.9998012 -0.01994073 -1.70393e-4 -0.9994869 -0.03201365 -0.001078665 -0.9990829 -0.04278695 -0.001677513 -0.9986708 -0.051503 -0.002038776 -0.9982192 -0.05961054 -0.002260506 -0.9978008 -0.06624114 -0.002365589 -0.9972921 -0.07350385 -0.002399921 -0.9973034 -0.07334971 -0.0024001 -0.9973245 -0.07306349 -0.002399802 -0.9975165 -0.07039481 -0.002393186 0.9241895 -0.3819282 0.002156436 0.92627 -0.3768545 0.002130627 0.9295765 -0.3686236 0.002114534 0.9328458 -0.3602696 0.00210756 0.9352769 -0.3539109 0.002105534 0.9376622 -0.3475416 0.00210601 0.9396216 -0.3422088 0.002108097 0.939647 -0.3421392 0.002107083 0.940794 -0.3389723 0.002109467 0.9420942 -0.335342 0.002111613 0.942273 -0.3348391 0.002113163 0.9396777 -0.3420547 0.002104997 0.9419885 -0.3356385 0.002111136 -0.7086922 2.96664e-7 0.7055178 -0.9665039 1.22015e-7 0.2566522 -0.9665037 0 0.2566528 -0.9653429 0 -0.260985 -0.9653429 2.44027e-7 -0.260985 -0.7055217 2.44025e-7 -0.7086884 -0.7086921 3.42151e-7 0.705518 -0.2609804 4.57556e-7 0.9653442 -0.2609807 3.62684e-7 0.9653441 0.2566558 3.81296e-7 0.9665029 0.2566562 3.66045e-7 0.9665028 0.7055153 2.44032e-7 0.7086948 0.7055156 3.66047e-7 0.7086945 0.9653437 0 0.2609821 0.9653436 2.44028e-7 0.2609822 0.9665036 -1.22015e-7 -0.2566533 0.9665035 -2.4403e-7 -0.2566536 0.7086854 -2.44032e-7 -0.7055247 0.7086856 -3.66047e-7 -0.7055245 0.2609936 -3.66043e-7 -0.9653406 0.2609938 -3.81295e-7 -0.9653406 0 -3.88053e-7 -1 -0.256656 -6.39525e-4 -0.9665026 -0.2577344 -3.66986e-7 -0.9662158 0.762843 0.6439449 -0.05835813 0.6769728 0.7212949 -0.1464297 0.7804618 0.4678544 -0.4147189 0.77041 0.4835464 -0.4155135 0.8290737 0.4373614 -0.3483559 0.8182889 0.4615382 -0.3426162 0.864784 0.4247766 -0.2677942 0.8583307 0.4359937 -0.2705141 0.9015333 0.1324412 -0.4119433 0.8299108 0.1890956 -0.5248723 0.8400473 0.1200253 -0.5290696 0.7535913 0.1883193 -0.6297905 0.7692878 0.1462358 -0.6219416 0.7619971 0.6420469 -0.08447641 0.9433582 0.1706601 -0.2845183 0.9192628 0.1416649 -0.3672698 0.8917795 0.1643537 -0.4215653 0.7674018 0.6397827 -0.04210448 0.7709003 0.6356916 -0.04011321 0.9089928 0.3998031 -0.1178542 0.9059402 0.405951 -0.1203169 0.9168351 0.3969506 -0.04294049 0.9182139 0.3938802 -0.04173457 0.7767571 0.6296575 -0.01342332 0.7749975 0.631798 -0.01449251 0.68317 0.7154011 -0.1465609 0.7072088 0.6968287 -0.1195228 0.7169508 0.6859977 -0.1240512 0.7346268 0.6717925 -0.09496456 0.7404747 0.6655644 -0.09338855 0.7539694 0.6536774 -0.06508642 0.8920065 0.4058833 -0.1989557 0.885192 0.4203522 -0.1993474 0.9421979 0.1557356 -0.2966639 0.9746901 0.1268855 -0.1840633 0.9707561 0.1452063 -0.1911746 0.9898332 0.1260648 -0.06586343 0.988394 0.1352838 -0.06910622 0.5666614 0.8239497 0.001362919 0.4305798 0.9025524 5.31147e-4 0.4230484 0.9061071 3.61372e-4 0.1213181 0.9926133 9.46485e-4 0.1569444 0.9876074 3.77788e-4 0.5759084 0.7937486 -0.1956859 0.6422436 0.7454416 -0.1784382 0.4530944 0.8832548 -0.1206919 0.1208568 0.9866752 -0.1089304 0.4227554 0.905256 -0.04230105 0.507614 0.8435631 -0.175298 0.6517424 0.2272742 -0.723587 0.7045659 0.4666473 -0.5346283 0.1916 0.981409 0.01122361 0.2347057 0.9302932 -0.2819005 0.2079333 0.9238904 -0.3212326 0.4168066 0.8475219 -0.3286015 0.4000685 0.8172115 -0.4148625 0.5296516 0.7359718 -0.421681 0.5601897 0.6396217 -0.5263761 0.6802946 0.5608474 -0.4718574 0.7194063 0.5108773 -0.4705944 -0.538115 0.8408886 -0.05778086 -0.8387334 0.537042 -0.09006732 -0.8354979 0.1755189 -0.5207076 -0.9230951 0.1740384 -0.3429375 -0.923096 0.1740311 -0.3429391 -0.9789631 0.1748697 -0.1051272 -0.978964 0.1748657 -0.1051263 -0.7118282 0.3631715 -0.6011714 -0.7876657 0.1740259 -0.5910143 -0.6317436 0.1751521 -0.7551303 -0.5703678 0.2925054 -0.7675424 -0.5168262 0.1755079 -0.8379068 -0.3386413 0.1740247 -0.9246824 -0.3386424 0.1740276 -0.9246815 -0.1005674 0.1748576 -0.9794443 -0.1006067 0.1749657 -0.9794209 -0.01803314 0.9842548 -0.1758333 -0.0180273 0.9842578 -0.1758171 -0.06108623 0.9841057 -0.1667466 -0.06108593 0.9841077 -0.1667351 -0.1058992 0.9841071 -0.1425432 -0.1058749 0.9841206 -0.142468 -0.1419905 0.9841206 -0.1065146 -0.1420665 0.9840965 -0.1066355 -0.166512 0.9840974 -0.06185561 -0.1664776 0.9841051 -0.061827 -0.1757385 0.984256 -0.0188719 -0.1757662 0.9842508 -0.01888477 -0.8387442 0.537023 -0.09008127 -0.7918748 0.535152 -0.2941879 -0.7918729 0.5351531 -0.2941913 -0.6756952 0.5351538 -0.5069975 -0.675695 0.5351534 -0.5069983 -0.503848 0.5351524 -0.678048 -0.5038455 0.5351833 -0.6780256 -0.2905002 0.5351845 -0.7932131 -0.2905007 0.5351775 -0.7932178 -0.08617037 0.537052 -0.8391364 -0.08615601 0.5370227 -0.8391568 -0.5381243 0.8408821 -0.05778872 -0.5091038 0.8396673 -0.1891355 -0.509115 0.8396579 -0.1891472 -0.4344267 0.8396586 -0.3259556 -0.434441 0.8396437 -0.3259748 -0.3239408 0.8396447 -0.4359576 -0.3239354 0.8396559 -0.4359404 -0.1867865 0.8396537 -0.5099927 -0.1867862 0.8396441 -0.5100084 -0.05526733 0.8408564 -0.5384294 -0.0552836 0.8408768 -0.538396 3.90699e-4 0.9850617 -0.1722013 2.91199e-4 0.9844228 -0.1758172 0.001008391 0.9069598 -0.4212158 -6.68592e-4 0.8422265 -0.5391235 0.001323223 0.7948079 -0.6068599 0.001848638 0.6106244 -0.7919182 1.91939e-5 0.5391193 -0.8422294 0.004737317 0.2588123 -0.965916 0.002236008 0.1759013 -0.9844053 0.475813 0.6387479 -0.6046512 0.5457962 0.4701161 -0.6936119 0.09705615 0.2576417 -0.9613537 0.2830395 0.257642 -0.9238557 0.2830284 0.257656 -0.9238552 0.4512637 0.2578364 -0.854331 0.4512758 0.2578254 -0.854328 0.5808268 0.2582416 -0.771979 0.6023233 0.2264554 -0.7654573 0.2340685 0.9255937 -0.2974699 0.3573603 0.8161104 -0.4541558 0.3996113 0.7069997 -0.5834913 0.3309194 0.7056578 -0.6265297 0.3309247 0.7056521 -0.6265333 0.2076438 0.7053869 -0.6777266 0.2076255 0.7054013 -0.6777173 0.07747107 0.9921209 -0.09846025 0.09705501 0.2576457 -0.9613528 0.07968807 0.6087732 -0.7893321 0.117487 0.7069332 -0.6974543 0.06114774 0.7933846 -0.6056417 0.04248464 0.9061746 -0.4207646 0.1117974 0.9653493 -0.2358012 0.121303 0.9656656 -0.2297294 0.1213634 0.9656541 -0.2297458 0.07617807 0.9656037 -0.2486088 0.0761525 0.9656112 -0.2485877 0.0719493 0.9657096 -0.2494562 0.01737105 0.9849189 -0.1721424 -1.37051e-5 1 1.39645e-5 4.74032e-7 1 -1.03829e-6 3.98962e-4 1 5.19569e-7 8.41484e-5 1 1.30276e-6 -1.90687e-5 1 4.29498e-6 -2.81754e-5 1 3.7123e-6 -1.24549e-5 1 2.464e-6 2.66454e-6 1 -4.91997e-7 5.47173e-5 1 3.59476e-5 -1.4734e-5 1 -6.49629e-6 -3.09582e-6 1 -2.36767e-6 -1.29159e-5 1 -6.71715e-6 1.20566e-5 1 4.78604e-6 9.02269e-7 1 1.46569e-6 -1.25298e-6 1 3.94115e-6 -1.21557e-6 1 -1.33302e-5 -7.16703e-6 1 -8.42895e-7 -4.10207e-6 1 1.941e-5 1.11093e-5 1 0 -2.70234e-6 1 -4.93135e-7 1.37413e-6 1 -2.14829e-6 -8.08899e-7 1 -1.81204e-6 0 1 1.85501e-6 1.10608e-6 1 0 0 1 -5.90808e-6 1.67047e-5 1 -2.3283e-5 0 1 -1.56862e-5 -6.94492e-6 1 1.22545e-6 -4.78471e-6 1 -1.42393e-5 -6.56946e-6 1 -2.17634e-5 5.63474e-7 1 0 2.81604e-6 1 0 -1.86219e-5 1 5.76203e-6 1.41227e-5 1 1.12389e-5 2.85367e-5 1 4.20476e-6 -4.84738e-7 1 3.30742e-6 -5.67389e-6 1 -3.40803e-5 3.03498e-6 1 1.41127e-5 3.3681e-5 0.980776 -0.1951373 0.002831459 0.9869913 -0.1607486 7.80525e-6 0.09805208 -0.9951813 0.0046072 0.006887018 -0.9999657 -0.002041637 0.1455705 -0.9893459 0.003581047 0.3933249 -0.9193927 -0.00503081 0.2917267 -0.9564886 0.003499865 0.5388759 -0.842378 0.004424154 0.5535095 -0.8328311 -0.002826631 0.6977167 -0.7163682 0.003926873 0.8296567 -0.5582602 0.003365278 0.8357351 -0.5491226 -9.58596e-4 0.911421 -0.4114744 -0.1758376 0.9844191 -3.92821e-4 -0.1961034 0.9805831 5.94723e-4 -0.539101 0.8422378 -0.00236237 -0.5555465 0.8314845 -0.001244366 -0.842213 0.5391417 -0.001887142 -0.8310473 0.5561923 -0.003245413 -0.984424 0.1757968 -0.002206563 -0.9951178 0.09846109 -0.006785452 -0.9569697 0.2901831 -0.001638174 -0.9999976 7.00408e-7 -0.002241551 -0.9999976 7.00264e-7 -0.002241551 9.01708e-6 3.93561e-6 -1 7.6418e-6 -1.07976e-5 -1 1.60016e-5 2.59376e-5 -1 7.13151e-6 1.87099e-6 -1 8.70621e-6 -5.79551e-6 -1 8.55818e-6 -3.76396e-6 -1 6.1944e-6 -1.1112e-5 -1 8.5094e-6 -2.89534e-6 -1 -0.2284023 0.1240282 -0.9656342 -0.00393629 0.003502368 -0.9999862 -0.1968647 0.1696064 -0.9656491 -0.1380885 0.09224385 -0.9861149 -0.6328067 0.5657766 -0.5286328 -0.5414145 0.4732174 -0.6949357 -0.5350291 0.464482 -0.7056915 -0.4186446 0.3698789 -0.8294132 -0.3069462 0.2711563 -0.9122819 -0.6651676 0.7294849 -0.1593864 -0.7060953 0.593124 -0.3868248 -0.7040649 0.5991998 -0.3811196 -0.7201178 0.643884 -0.2585418 -0.8058907 0.5317487 -0.2603526 -0.825805 0.4554463 -0.332588 -0.8725942 0.4491161 -0.1920261 -0.2283507 0.1240138 -0.9656482 -0.5383241 0.2923209 -0.7904149 -0.6154798 0.3495144 -0.7064166 -0.6995645 0.3798844 -0.6052252 -0.7901127 0.4290374 -0.4377772 -0.2105112 0.1658947 -0.9634127 -0.9720675 0.1415134 -0.1872398 -0.9242181 -0.3329132 -0.1870557 -0.9242381 -0.332745 -0.1872558 -0.7924746 -0.2853093 -0.5390571 -0.7924796 -0.2853567 -0.5390248 -0.5364536 -0.1931854 -0.8215212 -0.7947444 0.1156495 -0.5958242 -0.8357691 0.07945221 -0.5433024 -0.8938286 0.1300638 -0.4291316 -0.9720912 0.1414546 -0.1871615 -0.2379282 -0.9532874 -0.1861009 -0.2383615 -0.9530671 -0.186673 -0.2043581 -0.817102 -0.5390568 -0.2043245 -0.8171318 -0.5390242 -0.1382994 -0.553112 -0.8215476 -0.1382696 -0.5531418 -0.8215325 -0.04895114 -0.1960186 -0.9793777 -0.6586644 -0.7289112 -0.1866807 -0.6588356 -0.7286649 -0.187038 -0.5648941 -0.6247695 -0.5390341 -0.5649089 -0.624732 -0.5390622 -0.3824108 -0.4229066 -0.8215304 -0.3823859 -0.4229658 -0.8215114 -0.1354638 -0.1498614 -0.9793831 -0.6154371 0.0895549 -0.7830818 -0.5611556 0.01085591 -0.8276392 -0.5364478 -0.1931436 -0.8215349 -0.1900703 -0.06843006 -0.9793828 -0.2425842 -0.9701303 -5.80928e-4 -0.2425857 -0.9701298 -5.80691e-4 -0.6706612 -0.7417622 -0.001611649 -0.6706964 -0.7417303 -0.00161606 -0.9408807 -0.3387306 -0.002265274 -0.9408753 -0.3387455 -0.002263367 -0.9895749 0.1440001 -0.00238198 -0.989576 0.1439924 -0.002381801 -0.8928775 0.07671135 -0.4437177 -0.2425242 -0.9700507 -0.01355552 -0.6705624 -0.7417246 -0.01380914 -0.9408294 -0.3387174 -0.01051735 -0.9895635 0.1440038 -0.005199253 -0.2426589 -0.9700335 -0.01231878 -0.2398656 -0.9617801 -0.1320748 -0.2475477 -0.9610545 -0.1228602 -0.2304902 -0.9202521 -0.3162444 -0.246026 -0.9225845 -0.2971686 -0.2165934 -0.847006 -0.4854567 -0.2453398 -0.8523561 -0.4618415 -0.2077714 -0.7491182 -0.6290096 -0.2360541 -0.7614199 -0.6037534 -0.193018 -0.6326022 -0.7500391 -0.2329005 -0.6453149 -0.727548 -0.1912365 -0.5006818 -0.8442432 -0.220629 -0.5203365 -0.8249684 -0.1802279 -0.3631752 -0.9141235 -0.2173153 -0.3803323 -0.8989558 -0.1835107 -0.2112801 -0.9600441 -0.2072448 -0.2312506 -0.9505645 -0.1790096 -0.06026268 -0.9820001 -0.2032112 -0.07650995 -0.9761411 -0.4457138 -0.02463787 -0.8948364 -0.6706848 -0.7416355 -0.01260477 -0.6660468 -0.735449 -0.1244851 -0.6689067 -0.7336021 -0.1199657 -0.6539902 -0.6965636 -0.2951205 -0.6600013 -0.695018 -0.2852163 -0.6336923 -0.6305303 -0.4481805 -0.6450512 -0.6286825 -0.4343584 -0.6146824 -0.5435585 -0.5715854 -0.626228 -0.5458497 -0.5566747 -0.5915113 -0.4452636 -0.6722015 -0.6082792 -0.4470114 -0.655879 -0.5772465 -0.3373285 -0.743637 -0.5902076 -0.3444566 -0.7300718 -0.5598754 -0.2296707 -0.7961099 -0.5770596 -0.2359324 -0.7818812 -0.5529544 -0.1137113 -0.8254157 -0.5648812 -0.1234723 -0.8158822 -0.5372652 0.03127217 -0.8428335 -0.6100333 0.00182408 -0.7923738 -0.9408218 -0.3387341 -0.01065433 -0.9376556 -0.3361737 -0.08825731 -0.937542 -0.3364004 -0.08859962 -0.9276194 -0.311087 -0.2067538 -0.9272581 -0.3114637 -0.2078047 -0.91068 -0.2712092 -0.3116209 -0.910035 -0.2717065 -0.3130689 -0.8920237 -0.2208532 -0.3943572 -0.8915292 -0.2208939 -0.3954514 -0.87242 -0.1657861 -0.4597809 -0.8722441 -0.1658061 -0.460107 -0.8560508 -0.1086705 -0.5053392 -0.8565276 -0.1089206 -0.5044768 -0.8417574 -0.05297595 -0.5372506 -0.8434885 -0.05356937 -0.5344696 -0.8318897 0.004742205 -0.5549209 -0.834258 0.002441108 -0.551369 -0.8245194 0.06022644 -0.5626193 -0.787295 0.09075254 -0.6098611 -0.9895693 0.143949 -0.005615413 -0.9889994 0.1444969 -0.03163772 -0.9893912 0.140704 -0.03615814 -0.9863524 0.1483508 -0.07142096 -0.9862388 0.1431625 -0.08269065 -0.9827443 0.1519294 -0.1055043 -0.98176 0.144376 -0.1237049 -0.979382 0.1509886 -0.1342144 -0.9769218 0.1489274 -0.1531161 -0.9765985 0.1498813 -0.154244 -0.9732371 0.1469311 -0.176694 -0.9745538 0.1423918 -0.1731168 -0.9712272 0.1455377 -0.1885111 -0.9738813 0.1352205 -0.1824029 -0.9706637 0.1374121 -0.1973068 -0.9733734 0.1241595 -0.1926882 -0.971726 0.1272906 -0.1988614 -0.9740303 0.1132299 -0.1960712 -0.9737519 0.1137604 -0.1971446 -0.8917529 0.08848732 -0.443787 -0.2575588 0.02121633 -0.9660297 -0.9621456 0.07928401 -0.2607492 -0.7038835 0.05795782 -0.707947 -0.9621517 0.07923287 -0.2607417 -0.9606903 0.09532707 -0.2607434 -0.9783824 -0.07144385 -0.1940716 -0.788635 0.07825857 -0.609861 -0.708618 -0.1019122 -0.6981937 -0.7038694 0.05799168 -0.7079582 -0.2575618 0.02122366 -0.9660287 -0.193835 0.01923227 -0.9808456 -0.2669704 -0.1068744 -0.9577603 -0.4395328 0.04361516 -0.8971671 -0.6049858 0.06003791 -0.7939696 -0.2576901 0.01934128 -0.9660341 -0.9785973 0.07192903 -0.192805 -0.7211893 0.6609441 -0.2074587 -0.2577488 0.01904648 -0.9660243 -0.6086308 0.04493623 -0.7921801 -0.4520148 0.7345043 -0.5061483 -0.792163 0.05830693 -0.607518 -0.8956427 0.06596797 -0.439855 -0.2483038 0.126938 -0.9603291 -0.9734169 -0.1296244 -0.1888309 -0.8405172 -0.5078986 -0.1886 -0.840595 -0.5076848 -0.1888289 -0.7190709 -0.4342905 -0.5425209 -0.7190712 -0.4342749 -0.542533 -0.4850836 -0.2929443 -0.8239403 -0.7934895 -0.1056331 -0.5993464 -0.8220162 -0.1597695 -0.5465922 -0.8938263 -0.1189631 -0.4323453 -0.9734134 -0.1295546 -0.1888972 -0.2000077 -0.9616267 -0.1878064 -0.2003656 -0.9614769 -0.188191 -0.1713693 -0.8224148 -0.5424634 -0.171455 -0.8223517 -0.5425319 -0.1156563 -0.5547325 -0.8239511 -0.1156071 -0.5547733 -0.8239307 -0.04083657 -0.1960893 -0.9797354 -0.5675317 -0.8015517 -0.1882092 -0.5678068 -0.8012656 -0.1885979 -0.4856897 -0.685395 -0.5425304 -0.4856851 -0.6854076 -0.5425188 -0.3276295 -0.4623703 -0.8239374 -0.3276464 -0.462347 -0.8239437 -0.1158017 -0.1634163 -0.9797374 -0.6130239 -0.08162558 -0.7858365 -0.5369946 -0.1556643 -0.8290992 -0.4850795 -0.2929475 -0.8239416 -0.1714603 -0.1035308 -0.9797362 1.02081e-6 -0.9814583 -0.1916761 3.30886e-4 -0.9807806 -0.195114 -3.33997e-4 -0.8347648 -0.5506065 2.31155e-4 -0.8314675 -0.5555735 -2.15214e-4 -0.5584809 -0.8295173 1.17488e-4 -0.5555817 -0.831462 -1.05318e-4 -0.1962521 -0.9805535 1.10332e-5 -0.195065 -0.9807903 7.39908e-6 -7.32802e-7 -1 7.8544e-6 -6.9851e-6 -1 7.628e-6 -5.72502e-6 -1 1.13368e-5 3.81104e-4 -1 -0.001374423 -0.9581716 -0.2861913 -0.01155751 -0.9807094 -0.1951301 -0.001465618 -0.9930472 -0.117708 -3.19295e-7 -0.9999359 -0.01132363 0.001289367 -0.8943824 -0.4473013 -0.01091492 -0.8314072 -0.5555565 -0.005060195 -0.8054825 -0.5925979 0.002669632 -0.6945535 -0.7194362 -0.002727806 -0.6318091 -0.7751193 0.001090943 -0.5656831 -0.8246221 -0.003150999 -0.4206042 -0.9072389 0.003618776 -0.4684617 -0.8834764 -0.002895712 -0.2619885 -0.9650667 -0.009705603 -0.195079 -0.9807395 7.85757e-6 -0.09783279 -0.9952029 -4.27199e-7 -1 3.0519e-6 -4.27091e-7 -1 2.86383e-6 1.36062e-6 -0.9814726 -0.1916025 0.003839135 -0.9746645 -0.2236388 -0.003267645 -0.8347138 -0.5506743 2.43122e-4 -0.8149368 -0.5795499 -2.70857e-4 -0.5584799 -0.829518 1.40854e-4 -0.5555918 -0.8314553 -1.34575e-4 -0.1962532 -0.9805532 8.37307e-6 -0.1950663 -0.9807901 0.960109 -0.2796178 0.002150654 0.9904093 -0.1381652 -2.53083e-4 0.960198 -0.2100892 -0.1840716 0.980785 -0.1950898 9.55728e-4 0.9855803 -0.1691942 0.002209246 0.9994069 -0.034092 -0.004860699 0.9336249 -0.3582459 0.002093017 0.8424581 -0.5387586 0.001888811 0.8314685 -0.5555714 8.81693e-4 0.5803614 -0.8143558 0.002338767 0.555569 -0.8314701 7.26389e-4 0.2049182 -0.9787786 0.001005649 0.1950926 -0.9807847 4.37817e-4 0.07870489 -0.9968433 -0.01044183 -0.01808989 -0.9993484 -0.03123545 0.08859133 -0.9960681 2.27441e-4 0.08841466 -0.9960838 2.12408e-4 0.2906261 -0.9568248 -0.004788815 0.9337854 -0.3578286 -0.001902222 0.9335033 -0.3585687 1.68624e-4 0.9336162 -0.3582748 2.27743e-4 0.4347416 -0.2793393 0.8561362 0.8562761 -0.5164451 -0.008699834 0.856201 -0.5166149 -0.005378186 0.8561616 -0.5166988 -0.003120541 0.8560549 -0.5168824 -0.001668155 0.8559038 -0.517135 -5.38688e-4 0.8556958 -0.5174794 2.48297e-4 0.8554041 -0.5179606 7.86885e-4 0.8549826 -0.5186557 0.001173555 0.8543751 -0.5196549 0.00144875 0.2049194 -0.9787788 4.93553e-4 0.5803641 -0.814356 0.001397013 0.5803592 -0.8143594 0.001396656 0.851656 -0.5240973 0.002049505 0.849712 -0.5272448 0.001613616 -0.4224712 -0.07423639 -0.9033311 -0.3436524 0.03722089 -0.938359 -0.1020877 -0.04306858 -0.9938427 -0.1307826 1.44356e-5 -0.9914112 -0.9907969 0 -0.1353576 -0.993441 -0.04116559 -0.1066796 -0.9411754 0.03174155 -0.3364244 -0.9364109 0.04595935 -0.3478829 -0.8798347 -0.01568412 -0.4750212 -0.8486447 0.008881151 -0.5288888 -0.8296008 -3.4279e-6 -0.558357 -0.7639904 -3.6596e-6 -0.6452277 -0.7030025 -0.08348411 -0.7062705 -0.6416645 1.17103e-5 -0.7669856 -0.5249693 1.26163e-5 -0.8511211 0.002271473 1.455e-5 -0.9999975 0.002272665 -4.07461e-6 -0.9999975 0.2922178 -5.31416e-4 -0.9563516 0.1004426 5.4445e-4 -0.9949428 0.1097113 0.008983969 -0.9939229 0.01124382 -4.04678e-6 -0.9999368 0.9970044 2.72041e-6 -0.07734489 0.9955824 -0.01002949 -0.09335577 0.9768244 0.00486505 -0.2139876 0.9580637 -0.01670247 -0.2860682 0.2929176 2.86193e-6 -0.9561378 0.4670659 3.5126e-6 -0.8842226 0.4629499 0.003118336 -0.8863791 0.6183868 -0.003369092 -0.7858667 0.6114287 0.001587927 -0.791298 0.7168129 -7.6386e-4 -0.6972652 0.7626769 -0.01591396 -0.6465839 0.8085312 0.009598672 -0.5883751 0.8800017 -0.009243667 -0.4748807 0.883744 -0.01265799 -0.4677998 0.9137388 -3.78586e-5 -0.4063022 0.9457253 7.86844e-5 -0.3249672 0.7530325 -0.4262324 -0.5012667 0.7615264 0.05714714 -0.6456098 0.7835813 -0.2173697 -0.582023 0.6339145 -0.7302186 -0.2548201 0.6924219 -0.691237 -0.2067449 0.5799204 -0.8051306 -0.124327 0.6462409 -0.7607234 -0.06060266 0.6164488 -0.7870901 -0.0219106 0.7228617 -0.1787901 -0.6674618 0.8693476 -0.1801917 -0.4601799 0.8693494 -0.1801912 -0.460177 0.9425112 -0.1801944 -0.2814298 0.9425116 -0.1801943 -0.2814286 0.9793367 -0.1801868 -0.09182721 0.9793393 -0.1801689 -0.09183531 0.7974554 -0.4719543 -0.3759308 0.7542668 -0.5212233 -0.3992595 0.7517346 -0.517035 -0.4093531 0.8199106 -0.5175033 -0.2448204 0.8199077 -0.5175083 -0.2448198 0.8519359 -0.5175146 -0.07990014 0.8519268 -0.5175321 -0.07988381 0.6165196 -0.7873351 0.002650082 0.6288968 -0.7774828 0.003050506 0.854541 -0.5193676 0.004128813 0.8547711 -0.5189887 0.004140436 0.9834669 -0.1810255 0.004755795 0.9834918 -0.1808906 0.004759132 0.9999883 0 0.004839241 0.9999883 -1.86903e-6 0.004839241 0.9999883 4.10546e-7 0.004839241 0.9790484 0.2035827 0.004276633 0.9707003 0.2402136 0.006194174 0.8167568 0.5769814 9.74609e-4 0.7937517 0.6082367 0.002517819 0.7767779 0.6297703 0.002373278 0.8167361 0.5769891 0.005086183 0.9176083 0.3974792 0.002311348 0.9790351 0.20358 0.00674349 0.9907207 0.1358397 0.004485309 0.42858 -0.8885698 -0.1635936 0.1651635 -0.969522 -0.1809644 0.1723323 -0.9688123 -0.1780575 0.09479784 -0.9345223 -0.3430472 0.1691445 -0.9003583 -0.4009304 0.0834679 -0.8511445 -0.518253 0.178602 -0.7833422 -0.5953792 0.03229278 -0.7254893 -0.6874755 0.1316141 -0.7170522 -0.6844807 0.09935379 -0.603505 -0.7911452 0.1159707 -0.4500782 -0.8854268 0.04215973 -0.3475872 -0.9366995 0.1993259 -0.2110583 -0.9569345 0.1667826 -0.2173526 -0.9617387 -0.1899526 -0.1561439 -0.9692972 0.3765702 -0.9067055 -0.1899476 0.3806017 -0.8543199 -0.3539491 0.4224687 -0.813869 -0.3989201 0.2615789 -0.8264603 -0.4985379 0.3880424 -0.7165508 -0.5796363 0.2444124 -0.723838 -0.6452295 0.3712326 -0.5878321 -0.7187767 -0.05325657 -0.6856839 -0.7259486 0.1405085 -0.6045442 -0.7840815 0.09518051 -0.5230703 -0.8469582 0.1819278 -0.4001603 -0.898206 0.9999971 1.84214e-6 0.002406537 0.9999971 2.52876e-5 0.002392292 0.9999971 4.35371e-6 0.00240606 0.9999971 -1.80926e-5 0.002414762 0.9999972 -5.02228e-6 0.002406477 0.9999972 1.10682e-5 0.002406597 0.9999971 -1.36969e-4 0.002405583 0.85264 0.5224097 0.00966376 0.6461492 0.7632042 0.00326091 0.6242411 0.7812294 0.001968145 0.5984656 0.8011474 0.001439511 0.5503392 0.8349412 -2.41625e-4 0.4840512 0.8750332 0.003397762 0.6254812 0.7802379 -0.001456022 0.5494649 0.8355035 0.004720568 0.6299572 0.7766284 0.001489222 0.6584224 0.752637 0.004188656 0.6745014 0.7382719 0.001627385 0.6765989 0.7363501 0.001603066 0.6706995 0.7417271 0.001770853 0.6784363 0.7346575 0.001611471 0.6733152 0.7393494 0.003031313 0.8975365 0.4409103 0.005150973 0.8474168 0.5303843 0.02403414 0.8847018 0.4661414 0.00388509 0.8575597 0.5143805 0.002063453 0.8198595 0.5725615 0.001972675 0.7628861 0.6465331 1.13303e-4 0.7745146 0.6325553 -0.001060247 0.7070225 0.7071884 0.0019719 0.9711678 0.2383684 0.003705382 0.9650473 0.2620641 0.002491593 0.9847452 0.1739877 0.002284467 0.99053 0.1372588 0.003225922 0.9942224 0.1073136 0.002392649 0.9593359 0.2822548 0.002639234 0.9509641 0.309293 0.002284407 0.9236859 0.3831441 0.002240419 0.9404447 0.3399152 0.004645168 0.8666667 0.4988831 -0.002159297 0.9286788 0.3707455 0.01018369 0.9138898 0.405897 0.007291316 0.2561965 0.9666246 6.08859e-4 0.4304272 0.9026249 8.81661e-4 0.4402982 0.8978511 0.001056313 0.4884504 0.872591 0.001180469 0.3057786 0.9521026 -4.35226e-4 0.3696909 0.9291514 -0.002509534 0.2544132 0.9670802 0.005454599 0.345178 0.9385363 0.00134027 0.5838788 0.7060827 0.4006656 0.5663951 0.6969822 0.4397869 0.5687331 0.6956764 0.438836 0.5754329 0.7032732 0.417473 0.5957255 0.6976899 0.3979196 0.6645966 0.5938136 0.4535381 0.5229184 0.6975015 0.489947 0.5730914 0.6634505 0.4810404 0.6644458 0.593816 0.4537559 0.6338357 0.6312775 0.446924 0.6339365 0.6312653 0.4467982 0.6116515 0.6445314 0.4587611 0.6180959 0.6432174 0.4519169 0.5894945 0.666123 0.4569206 0.5894735 0.6661278 0.4569408 0.6332004 0.6267412 0.4541507 0.5456081 0.6907492 0.4745286 0.68248 0.5795289 0.4453845 0.6996192 0.5519499 0.4537448 0.7082164 0.5512928 0.4410282 0.7314479 0.5099465 0.4527014 0.7399018 0.5183538 0.4287831 0.7616658 0.4568238 0.4595403 0.7763379 0.4799259 0.4086202 0.7863763 0.3867264 0.4817209 0.8157467 0.4764479 0.3279555 0.2040623 0.9789578 4.90427e-4 0.06446748 0.9979198 1.55271e-4 0.1464608 0.9892157 -0.0012995 0.08237457 0.9965987 0.002392292 0.1660194 0.9861224 3.91445e-4 0.08083915 0.9775486 -0.1945862 0.06657332 0.6672309 -0.7418699 0.07961612 0.4567807 -0.8860094 0.03176087 0.1825819 -0.9826776 0.0147708 0.3058086 -0.9519784 0.01909959 0.1185392 -0.9927657 0.1271826 0.5429075 -0.8301061 0.1218746 0.8226348 -0.5553544 0.1554042 0.8642309 -0.4784917 0.1522868 0.9689627 -0.1947308 0.1637509 0.9724436 -0.1659494 0.08074134 0.977504 -0.1948512 0.06853848 0.8290315 -0.5549861 0.06850266 0.8289844 -0.5550606 0.0458365 0.5542004 -0.8311204 0.04578948 0.5541045 -0.8311869 0.01658731 0.2004378 -0.9795661 0.01278752 0.1947979 -0.98076 -0.01012939 0.980746 -0.1950253 0.003888428 0.1950592 -0.9807838 0.006684005 0.1950193 -0.9807766 0.00393027 0.1954074 -0.9807143 0.01115286 0.5555177 -0.83143 0.01115006 0.5555028 -0.8314399 0.016676 0.8313168 -0.5555486 0.01668894 0.831386 -0.5554448 0.01967567 0.9806026 -0.1950171 0.01967281 0.9805978 -0.1950413 -0.01013684 0.9807335 -0.1950877 -0.008585751 0.8314393 -0.5555495 -0.008584022 0.8314446 -0.5555415 -0.005729138 0.5556006 -0.8314296 -0.005734324 0.5555516 -0.8314623 -0.002005934 0.1950871 -0.9807839 -0.002006292 0.1950819 -0.980785 -1.02598e-5 -7.88318e-6 -1 2.90757e-5 1.76487e-5 -1 3.76265e-5 1.52479e-5 -1 8.57436e-6 1.42855e-6 -1 7.52936e-6 5.67342e-6 -1 8.69222e-6 -6.42945e-7 -1 -9.34687e-5 -1.70095e-4 -1 1.09032e-5 -3.42833e-6 -1 7.27153e-6 2.64405e-7 -1 3.28691e-6 -1.63657e-5 -1 3.46696e-5 4.12283e-5 -1 0.02116441 1.42812e-6 -0.999776 0.06295967 0.01333487 -0.997927 0.07960385 0.02409213 -0.9965354 0.1213327 2.13539e-4 -0.9926119 0.3847377 0.1015362 -0.9174243 0.3783489 0.03987973 -0.9248036 0.3319821 -0.007062315 -0.9432593 0.2368088 0.01625669 -0.9714202 0.2503103 0.03811645 -0.967415 0.1941925 -2.04322e-4 -0.9809634 -0.02330261 0.9804824 -0.1952214 -0.02337044 0.9805012 -0.1951183 -0.01141363 0.8311682 -0.5559039 -0.01168537 0.8313968 -0.5555564 0.002223968 0.5551349 -0.8317574 0.001777648 0.5556899 -0.8313878 0.01558017 0.1944907 -0.9807806 0.01491075 0.1954767 -0.9805951 -0.0199269 0.980605 -0.194979 -0.01985919 0.9805865 -0.1950791 0.008003234 0.8315744 -0.5553558 0.007775962 0.8317559 -0.5550871 0.03470969 0.5554991 -0.8307925 0.03419059 0.5561052 -0.8304083 0.05614483 0.1945949 -0.9792757 0.0553652 0.1957011 -0.9790995 0.06270438 0.5456753 -0.8356475 -0.1940677 0.7976763 -0.5710081 -0.5875335 0.8037136 -0.0940684 -0.5085685 0.832902 -0.2182484 -0.2027457 0.7602883 -0.6171352 -0.3673397 0.7977982 -0.4781 -0.489457 0.8262881 -0.2787112 -0.2524306 0.7651858 -0.592258 0.05055922 0.5320059 -0.8452299 -1.75438e-4 0.6740115 -0.7387209 0.3381379 0.1736072 -0.924945 0.3657658 0.255012 -0.895089 0.2056127 0.365937 -0.9076417 -0.4374751 0.8755527 -0.2049956 -0.3890941 0.8932063 -0.2253627 -0.3892061 0.8956342 -0.2153092 -0.3236209 0.9269878 -0.1896392 -0.2351373 0.9398571 -0.2477479 -0.2325072 0.9542884 -0.1878136 -0.3079755 0.9277052 -0.2109836 -0.2101712 0.9567116 -0.2013231 -0.1545072 0.9699279 -0.1880627 -0.1465468 0.9683669 -0.2019644 -0.06490522 0.9798521 -0.1888841 -0.06051582 0.9782813 -0.1982513 -0.1847663 0.7946668 -0.578244 -0.1445257 0.814047 -0.5625301 -0.1369619 0.8105269 -0.5694626 -0.09830135 0.8242322 -0.5576542 -0.09290617 0.82118 -0.5630559 -0.05385541 0.8308957 -0.553816 -0.04989653 0.8276885 -0.5589652 -0.007000029 0.8337475 -0.5521016 -0.00450319 0.8309665 -0.5563043 0.05726104 0.5491923 -0.833732 0.0611453 0.5510616 -0.8322214 0.05742633 0.5540822 -0.8304789 0.05850893 0.5544635 -0.8301488 0.05650496 0.5563254 -0.8290411 0.05543953 0.5560588 -0.829292 0.05467796 0.5570108 -0.8287035 0.0519585 0.556627 -0.8291361 0.05222326 0.5561859 -0.8294156 -0.4796075 0.8537433 -0.202729 -0.4629827 0.8593423 -0.2172051 -0.2332854 0.7790225 -0.581981 -0.2253802 0.7782896 -0.5860624 0.06188619 0.5402477 -0.8392274 0.05689221 0.5420507 -0.8384177 0.3347359 0.2021441 -0.9203748 0.3072583 0.1850304 -0.9334646 0.2879995 0.202139 -0.9360535 0.2557997 0.1866735 -0.9485355 0.2413451 0.2021867 -0.9491434 0.2054345 0.1895457 -0.9601402 0.1962593 0.2004279 -0.9598494 0.1558338 0.1903356 -0.969272 0.1503103 0.1989681 -0.9684104 0.1027307 0.1922472 -0.9759547 0.1008261 0.1961505 -0.9753765 -0.6739426 0.7387819 -0.001622259 -0.2687749 0.9631983 -0.003033995 -0.09292638 0.995673 -2.2423e-4 -0.08754158 0.9961609 -3.9216e-5 -0.1731054 0.9849033 -5.01313e-4 -0.2293223 0.9733493 -0.001537799 -0.1909686 0.9815962 1.99073e-4 -0.2585638 0.9659941 -6.22936e-4 -0.3200109 0.9474136 -7.68488e-4 -0.3038365 0.9527242 -2.95011e-4 -0.4172311 0.9087989 -0.001704871 -0.4840936 0.8750025 -0.004911184 -0.5586731 0.8293843 0.002474427 -0.6728214 0.7397816 -0.00589317 -0.3831824 0.9236723 9.31725e-4 -0.4661476 0.8847063 -0.001123785 -0.5222879 0.8527685 -0.001255929 -0.5138465 0.8578815 -0.001093327 -0.5560655 0.8311372 -0.001461267 -0.6102976 0.7921686 -0.002415716 -0.620906 0.783885 -5.24005e-4 -0.6739469 0.7387781 -0.001621961 -0.7144349 0.6996998 -0.001719355 -0.7615745 0.6480715 -0.002790153 -0.8878648 0.4601036 -9.8787e-4 -0.8891477 0.4576155 -0.002141177 -0.8661092 0.4995672 0.01696324 -0.8906661 0.4546533 -0.002143323 -0.83469 0.5507164 -0.002008616 -0.8276968 0.5611726 -0.0018633 -0.7725788 0.6349151 -0.00226444 -0.9089469 0.4169048 -0.002411544 -0.8833558 0.4686908 -0.003386139 -0.8565201 0.5160867 -0.005298972 -0.9349532 0.3547653 -0.0020383 -0.9294909 0.3688409 -0.001769244 -0.9367031 0.3501187 -0.002062261 -0.9452177 0.3264332 -0.002264261 -0.9553686 0.2954075 -0.002313673 -0.9653021 0.2611285 -0.001972436 -0.9750574 0.2219492 -0.001244068 -0.9838213 0.1791526 1.48608e-4 -0.9537285 0.3006258 -0.005117177 -0.99099 0.1339328 9.51925e-4 -0.9714165 0.2373418 -0.004334926 -0.9951146 0.09871828 -0.001367568 -0.9915648 0.1295943 -0.002168595 -0.9966197 0.08211863 -0.002398431 -0.02599579 0.9996606 0.001749753 -0.02434605 0.9996986 0.003151059 -0.02222836 0.9997377 0.005518198 -0.02873706 0.9995786 -0.004119038 -0.01601314 0.9998707 0.001507341 -0.02772295 0.9996156 6.00829e-4 -0.03083217 0.9995239 -0.001151084 -0.02872705 0.9995873 -6.97978e-5 -0.02224463 0.9997525 -3.42216e-4 -0.02062439 0.9997873 -4.18558e-4 -0.01832515 0.999832 -5.40497e-4 -0.01566553 0.9998771 -7.06131e-4 -0.03288209 0.9994591 5.41139e-4 -0.02794688 0.9996094 2.67342e-4 -0.01243346 0.9999226 -3.27774e-4 -0.01033324 0.9999465 -4.30693e-4 -0.009377121 0.9999561 -3.75828e-4 0.02005285 0.9997984 0.001013994 -0.005255758 0.9999821 -0.002885282 0.01509892 0.9998861 3.6581e-5 0.006757438 0.9998826 -0.01375675 0.01006382 0.9999091 -0.008982002 7.20412e-4 0.9997851 -0.02071678 0.007518053 0.9999666 -0.003201246 0.008743166 0.9999612 -0.001054108 0.008451402 0.9999634 -0.001437604 0.001308202 0.9999992 1.20518e-4 7.13449e-4 0.9999998 3.55548e-4 0.001017332 0.9999995 2.20906e-5 -0.001657545 0.9999986 1.69017e-6 -0.003400266 0.999994 5.8224e-4 -0.002822041 0.999996 -1.11962e-4 -0.006449759 0.9999792 9.61837e-5 -0.02084934 0.9997806 -0.002057611 -0.01629018 0.9998673 1.0006e-4 -0.01241952 0.9999229 -7.71869e-5 -0.01151472 0.9999337 1.62001e-4 -0.009386003 0.999956 -1.4161e-4 -0.008038103 0.9999678 1.51869e-4 -0.005781769 0.9999833 -2.80493e-4 -0.9230148 5.66461e-7 -0.3847646 -0.9652366 0.01135635 -0.2611309 -0.7918263 1.02007e-6 -0.6107464 -0.705364 0.01135766 -0.7087543 -0.6067837 -3.72754e-6 -0.794867 -0.3805853 -4.31542e-6 -0.9247458 -0.2564617 0.01136559 -0.9664877 -0.1282997 0 -0.9917355 0.132958 0 -0.9911217 0.2610964 0.01138907 -0.9652456 0.3849584 -2.87351e-6 -0.9229339 0.7088022 -3.84198e-6 -0.7054074 0.7944561 0.02260822 -0.6069008 0.6106256 -2.46291e-6 -0.7919194 0.965238 0.01143813 0.2611222 0.991113 0 0.1330232 0.9665476 -2.01644e-7 -0.2564877 0.9914897 0.02266579 -0.1281979 0.9247867 -2.08322e-6 -0.380486 0.7053496 0.01141732 0.7087677 0.791934 -4.71016e-7 0.6106069 0.9229092 -2.99852e-7 0.3850177 -0.2599754 0.01147383 0.9655471 -0.1327937 1.06692e-4 0.9911438 0.1280232 -1.02873e-4 0.9917712 0.2576683 0.01128387 0.9661676 0.3802905 2.16115e-6 0.9248671 0.6069115 1.8636e-6 0.7947694 -0.7087589 0.01136177 0.7053593 -0.610747 3.68442e-6 0.7918258 -0.3847869 4.30725e-6 0.9230055 -0.9911456 -6.93249e-7 -0.1327801 -0.9916927 5.64907e-7 0.1286301 -0.966483 0.0113582 0.2564797 -0.9246115 1.82143e-6 0.3809119 -0.7948699 2.72392e-6 0.60678 1.21999e-5 -1 5.01313e-6 3.21177e-6 -1 1.5934e-6 5.16149e-6 -1 2.02439e-6 0 -1 1.20649e-7 -2.04933e-6 -1 5.74713e-7 -2.56259e-6 -1 0 1.47563e-6 -1 1.01323e-6 -1.2521e-5 -1 1.96785e-7 1.84074e-6 -1 0 -1.78343e-4 -1 -3.5048e-5 1.45505e-5 -1 1.38857e-6 7.74482e-6 -1 2.65127e-6 -6.6925e-6 -1 -3.2109e-6 5.10907e-6 -1 8.27237e-6 -8.6961e-7 -1 1.84846e-7 4.0049e-6 -1 3.51135e-7 4.38749e-6 -1 1.02581e-6 7.02521e-6 -1 7.47564e-7 -1.28256e-5 -1 2.42515e-6 -2.8484e-7 -1 -9.75812e-6 0 -1 -1.02098e-5 -2.10334e-6 -1 -3.65342e-6 -3.72784e-7 -1 -3.99091e-6 -3.68858e-6 -1 -1.62882e-5 3.92639e-7 -1 2.57657e-6 1.69382e-5 -1 -3.63762e-6 4.94901e-6 -1 -3.67611e-6 -1.02226e-5 -1 3.42083e-6 7.08511e-6 -1 1.9269e-6 6.67289e-6 -1 9.6841e-6 -2.21371e-6 -1 -2.14725e-7 -1.75875e-5 -1 0 0 -1 2.19012e-6 4.18118e-6 -1 7.78132e-6 -7.75526e-6 -1 1.59787e-5 -5.77358e-6 -1 7.02476e-6 1.52356e-5 -1 -2.15195e-5 3.21042e-6 -1 5.58531e-7 3.619e-6 -1 -3.49097e-7 -1.26169e-5 -1 -1.47431e-6 -1.62906e-5 -1 -1.26135e-6 2.21741e-6 -1 3.88236e-7 1.66693e-6 -1 -3.36003e-7 0 -1 -6.7151e-6 -1.11792e-5 -1 1.38067e-7 0.07919675 2.68485e-6 0.9968591 0.164465 -0.03019475 0.9859207 0.2169639 -0.01042491 0.9761241 0.5763722 5.0844e-4 0.8171871 0.5031155 -0.02027404 0.8639814 0.4795574 -0.03004121 0.8769962 0.4045748 -3.73767e-4 0.914505 0.3010056 1.29784e-4 0.9536225 0.6844165 -7.72608e-4 0.7290908 0.7413108 -0.0299955 0.6704913 0.7951175 -2.37751e-6 0.6064556 0.01942735 0.7072774 0.7066692 0.04693514 0.7040356 0.708612 0.1270024 0.7111936 0.6914291 0.1464139 0.7083662 0.6904928 0.2068844 0.7080848 0.6751405 0.2418233 0.7098601 0.6615287 0.2826583 0.7049487 0.650501 0.3265012 0.7097567 0.6242135 0.3530126 0.7080742 0.6115661 0.3890827 0.7082534 0.5890601 0.4066423 0.7063459 0.5794114 0.4590242 0.7095546 0.53463 0.4849368 0.7046422 0.5179919 0.5615432 0.7082321 0.4278746 0.5548722 0.7043356 0.4427508 -0.02193897 0.7068233 0.7070499 -0.02195227 0.7068266 0.7070462 -0.703342 0.09176754 0.7049034 -0.6913457 0.1173176 0.7129361 -0.691011 0.1685654 0.702915 -0.674721 0.2120819 0.7069461 -0.6566925 0.2483708 0.7120863 -0.6592021 0.2455536 0.7107433 -0.6444717 0.2947995 0.7055137 -0.6263717 0.3317323 0.7054163 -0.5992619 0.3641703 0.7129272 -0.6000924 0.3608911 0.7138956 -0.5278429 0.4643623 0.7111608 -0.5493121 0.4498459 0.7041981 -0.5863863 0.3965718 0.7063158 -0.3948215 0.5877728 0.706144 -0.4314544 0.5582451 0.7086675 -0.4374125 0.5488517 0.7123427 -0.4773926 0.52333 0.7058485 -0.507031 0.4947895 0.7057641 -0.3257145 0.6196408 0.7141116 -0.3421359 0.6150215 0.7104166 -0.3711408 0.6030626 0.7060948 -0.1638419 0.6884766 0.7065096 -0.1903544 0.6764053 0.7115063 -0.2029128 0.6698501 0.714232 -0.2274414 0.669076 0.7075365 -0.2975572 0.6442794 0.7045309 -0.1242417 0.6965072 0.7067119 -0.0831933 0.6978503 0.7113958 -0.06744575 0.7046319 0.7063603 -0.7087255 0.00979495 0.7054164 -0.7027357 0.02590662 0.7109792 -0.7079392 0.0358743 0.7053617 -0.707943 -0.03588002 0.7053576 -0.7027327 -0.02590632 0.7109822 -0.7087265 -0.009790658 0.7054155 -0.002276837 2.69288e-6 0.9999974 -0.002262592 9.22373e-6 0.9999975 -0.002274632 -1.09208e-6 0.9999975 -0.002280652 2.48361e-6 0.9999974 -0.002273082 5.51513e-6 0.9999975 -0.002279281 4.46918e-6 0.9999974 -0.0022704 4.08143e-6 0.9999974 -0.002278029 4.94038e-6 0.9999975 -0.002273499 8.68515e-6 0.9999974 -0.002274632 -7.03008e-7 0.9999974 -0.002284348 1.21801e-5 0.9999974 -0.002270221 2.69298e-6 0.9999974 -0.002273619 0 0.9999974 -0.002275049 -3.30146e-6 0.9999974 -0.00228393 1.12353e-5 0.9999974 -0.002283871 1.08793e-5 0.9999974 -0.00227046 2.42404e-6 0.9999974 -0.002272546 -1.19657e-5 0.9999975 -0.002268254 -1.63548e-5 0.9999974 -0.002274096 0 0.9999974 -0.002261757 -2.29505e-6 0.9999974 -0.002276003 1.49268e-5 0.9999975 -0.002259254 6.14718e-6 0.9999974 -0.002272844 9.50791e-6 0.9999975 -0.002275466 1.48145e-6 0.9999974 -0.002278804 4.31046e-7 0.9999974 -0.002278387 -2.63161e-6 0.9999974 -0.00228095 3.49552e-6 0.9999974 -0.002279937 -1.50224e-6 0.9999974 -0.002260267 2.26025e-6 0.9999975 -0.002271592 -2.6075e-6 0.9999975 0.9999976 0 0.002241253 0.9999975 0 0.002241492 0.9999976 0 0.002241492 0.9999975 2.13578e-5 0.002241551 0.9999975 -6.31323e-7 0.002241611 0.9999975 0 0.002241611 0.9999975 4.8504e-6 0.002241492 0.9999976 0 0.002241611 0.9999975 0 0.002241611 0.9999976 -1.06783e-5 0.002241551 0.9999976 6.23857e-6 0.002241492 0.9999976 0 0.002242147 0.9999975 0 0.002241551 0.9999975 0 0.002241194 0.9999976 0 0.00224173 0.9999975 0 0.00224173 0.9999976 0 0.002241492 0.9999975 0 0.002241492 0.9999976 0 0.002241611 0.9999976 0 0.002241611 0.9999975 0 0.00224173 0.9999975 -1.86287e-7 0.002241849 0.9999975 3.54787e-7 0.002241194 0.9999975 -4.55298e-6 0.002241611 0.9999976 2.36536e-6 0.002241611 0.9999975 -4.50665e-7 0.002241611 0.9999976 1.40764e-6 0.002241611 0.9999975 -3.69917e-7 0.002241611 0.9999975 -1.19827e-6 0.002241432 0.9999975 2.51431e-7 0.002241849 0.9999975 0 0.002241611 0.9999976 -4.35735e-6 0.002241611 0.9999975 9.39058e-7 0.002241671 0.9999975 8.79382e-6 0.002238094 0.9999975 3.77127e-6 0.00224018 0.9999976 -8.09328e-6 0.00224179 0.9999976 0 0.002241611 0.9999975 0 0.002241611 0.9999975 0 0.002241611 0.9999976 0 0.002244949 0.9999976 -6.1666e-6 0.002237856 0.9999975 5.9334e-6 0.002241253 0.9999975 -2.67661e-7 0.002241671 0.9999975 0 0.002241611 0.9999975 0 0.002241611 0.9999975 1.59766e-6 0.002241492 0.9999976 -1.00575e-6 0.002241849 6.84677e-6 0.1305503 -0.9914417 -0.004261136 0.1962375 -0.9805471 0.002108395 0.3826882 -0.9238753 9.92026e-6 0.4432566 -0.8963949 8.82976e-6 0.6106379 -0.7919099 0.008378148 0.707106 -0.707058 2.77078e-6 0.9814594 -0.1916704 0.006494104 0.9658998 -0.2588345 3.43807e-6 0.8984089 -0.4391599 4.79464e-6 0.7948299 -0.6068325 -0.04080826 0.1960773 -0.979739 -0.115778 0.1634039 -0.9797422 -0.893833 0.1189783 -0.4323272 -0.1999647 0.9615584 -0.1882013 -0.5678484 0.8013255 -0.1882176 -0.5675064 0.8014809 -0.1885862 -0.8406357 0.5077044 -0.1885944 -0.8404833 0.5078722 -0.1888219 -0.9734239 0.1295679 -0.1888337 -0.9734078 0.1296136 -0.1888856 -0.7934744 0.1056303 -0.599367 -0.8220216 0.159803 -0.5465744 -0.7190755 0.4342827 -0.5425211 -0.7190778 0.4342819 -0.5425186 -0.4856905 0.6853992 -0.5425245 -0.4856613 0.6854001 -0.5425494 -0.2483039 -0.1268993 -0.9603342 -0.6049153 0.2350403 -0.7608112 -0.171486 0.1034736 -0.9797376 -0.2003877 0.961552 -0.1877838 -0.1840258 0.883064 -0.4316626 -0.2191198 0.8082286 -0.5465831 -0.1634961 0.7841328 -0.5986693 -0.1263067 0.6057484 -0.7855672 -0.5617048 0.07477986 -0.8239514 -0.4850739 0.2929447 -0.8239459 -0.4851165 0.2929247 -0.8239279 -0.327621 0.4623957 -0.8239264 -0.3275821 0.4624054 -0.8239366 -0.1946995 0.5241127 -0.8290948 -0.09194314 0.4413777 -0.8925986 -0.2577338 -0.01901829 -0.9660288 -0.2577319 -0.01888489 -0.966032 -0.6086323 -0.04473948 -0.7921901 -0.4520574 -0.7344045 -0.506255 -0.7921499 -0.05829614 -0.6075363 -0.8956659 -0.06590873 -0.4398167 -0.7214379 -0.660674 -0.2074543 -0.9785861 -0.07208323 -0.1928038 -0.9621502 -0.07926559 -0.2607377 -0.2575593 -0.02122634 -0.9660294 -0.7038694 -0.05796009 -0.707961 -0.2575585 -0.0212019 -0.9660301 -0.2571632 -0.02551561 -0.9660311 -0.2093784 0.1531817 -0.9657619 -0.4395287 -0.0435974 -0.89717 -0.7028164 -0.06972676 -0.7079458 -0.7038804 -0.05802792 -0.7079443 -0.9621492 -0.07928794 -0.2607345 -0.9606924 -0.09530967 -0.2607417 -0.9606935 -0.09531432 -0.2607357 -0.7886509 -0.07826548 -0.6098395 -0.6063252 0.2628083 -0.7505343 -0.4457108 0.02462315 -0.8948384 -0.9895621 -0.1439968 -0.005636632 -0.9408236 0.3387304 -0.01062345 -0.6705777 0.7417274 -0.01288783 -0.2425915 0.9700531 -0.01210099 -0.242724 0.970003 -0.01339507 -0.2402722 0.9629189 -0.1227056 -0.2468954 0.9599596 -0.1323635 -0.2327072 0.9263524 -0.2961733 -0.2433969 0.9165122 -0.3174324 -0.9895712 -0.1439511 -0.005213141 -0.9888516 -0.1445795 -0.03562891 -0.9896491 -0.1398394 -0.03224545 -0.9853867 -0.150232 -0.08027118 -0.9873842 -0.1398897 -0.07418495 -0.9807556 -0.1563193 -0.1169735 -0.983983 -0.137747 -0.1131519 -0.9766113 -0.1581738 -0.1456416 -0.9798131 -0.1400504 -0.1426608 -0.9736796 -0.1582186 -0.1640579 -0.9762037 -0.1365312 -0.1684809 -0.9719923 -0.1511277 -0.1799763 -0.9737411 -0.1357778 -0.1827369 -0.9720763 -0.1422982 -0.1865986 -0.9723289 -0.12938 -0.1945185 -0.9724907 -0.1285781 -0.1942412 -0.9725192 -0.122594 -0.1979324 -0.9739298 -0.1138691 -0.1962003 -0.9636263 -0.05970531 -0.2604987 -0.9408333 0.3387024 -0.01065438 -0.9376361 0.3361437 -0.08857792 -0.9375477 0.3364686 -0.08827918 -0.927491 0.3108769 -0.2076439 -0.9273449 0.3118021 -0.2069079 -0.9104478 0.2707915 -0.3126611 -0.9102048 0.2722784 -0.3120768 -0.8918191 0.2203488 -0.3951016 -0.8917102 0.221484 -0.3947125 -0.8723658 0.165609 -0.4599474 -0.8722888 0.1660091 -0.4599493 -0.8562425 0.1092815 -0.5048826 -0.8563733 0.10826 -0.5048807 -0.8422532 0.05467975 -0.536302 -0.8431652 0.05160576 -0.5351724 -0.8326293 -0.001505374 -0.5538287 -0.8337555 -0.005902409 -0.5521023 -0.8189347 -0.08729571 -0.5672085 -0.7912297 -0.04989343 -0.6094803 -0.6706208 0.741675 -0.01363718 -0.66636 0.7358967 -0.1200851 -0.6688152 0.7329363 -0.1244618 -0.6553744 0.6991457 -0.2857966 -0.6591074 0.6919605 -0.2945645 -0.6364014 0.636081 -0.436342 -0.6431316 0.6221758 -0.4464069 -0.6182661 0.5523265 -0.5591804 -0.6233694 0.5361156 -0.5692019 -0.5957949 0.4562122 -0.6609832 -0.6052582 0.4344841 -0.6669979 -0.5813652 0.3501275 -0.7344558 -0.5870447 0.3305301 -0.739005 -0.5638259 0.2427817 -0.7894033 -0.574656 0.2213103 -0.7879038 -0.5559853 0.1268761 -0.8214517 -0.5629754 0.1095455 -0.8191817 -0.5465535 0.01283234 -0.8373259 -0.6034171 -0.07461822 -0.793927 -0.2197326 0.8556721 -0.4685541 -0.2278967 0.8579856 -0.4603518 -0.2257651 0.7993847 -0.5567893 -0.2147886 0.7688399 -0.6022882 -0.2291425 0.7409987 -0.631201 -0.2011055 0.6570565 -0.7265214 -0.2255488 0.6193028 -0.7520585 -0.1992797 0.5281103 -0.8254619 -0.2134853 0.4916015 -0.8442465 -0.1874122 0.3902777 -0.9014211 -0.2118484 0.3513683 -0.9119544 -0.1887942 0.2363299 -0.9531553 -0.2032999 0.2050935 -0.9573954 -0.1826498 0.08052819 -0.9798746 -0.2012807 0.05536508 -0.9779677 -0.991564 -0.1295964 -0.002386331 -0.9966229 -0.08210998 -9.36546e-4 -0.9714131 -0.2373433 -0.004974484 -0.9951112 -0.09872323 0.002732157 -0.9537197 -0.3006009 -0.007613062 -0.9909753 -0.1340293 0.002073943 -0.9838216 -0.1791511 1.48774e-4 -0.9750566 -0.2219533 -0.001244246 -0.9338124 -0.3577529 0.002717614 -0.8565121 -0.5160773 -0.007159411 -0.9652984 -0.2611422 -0.001972854 -0.9553741 -0.2953897 -0.002313733 -0.9349535 -0.3547636 -0.002216517 -0.9449367 -0.3272496 -0.001557946 -0.9089443 -0.4169062 -0.003084838 -0.8833453 -0.4686999 -0.004662096 -0.8661146 -0.4995578 0.01695537 -0.8879563 -0.4599267 -0.001062631 -0.8891468 -0.4576171 -0.002138376 -0.9258524 -0.3778821 0.001661241 -0.8906662 -0.4546527 -0.002143263 -0.8276882 -0.5611849 -0.001991689 -0.8236587 -0.5670821 -0.002096354 -0.7725842 -0.6349102 -0.001694023 -0.7486524 -0.6629581 -0.002489149 -0.6739208 -0.7388019 -0.001621365 -0.6739203 -0.7388023 -0.001621782 -0.7144445 -0.6996901 -0.001719295 -0.5137949 -0.8579121 -0.001235544 -0.5222498 -0.8527919 -0.001166164 -0.556137 -0.8310893 -0.001461982 -0.6209121 -0.7838801 -5.24684e-4 -0.5586886 -0.8293739 0.002473413 -0.6728342 -0.7397699 -0.005894005 -0.6102806 -0.7921817 -0.00241506 -0.4661533 -0.8847034 -0.001123487 -0.3831726 -0.9236763 9.32533e-4 -0.4841145 -0.8749909 -0.004912137 -0.417232 -0.9087985 -0.001704931 -0.3038358 -0.9527245 -2.95069e-4 -0.3200025 -0.9474164 -7.68246e-4 -0.1731541 -0.9848947 -5.01702e-4 -0.08755254 -0.9961599 -3.93484e-5 -0.09291577 -0.995674 -2.23639e-4 -0.2585768 -0.9659906 -6.22787e-4 -0.1909707 -0.9815958 1.9942e-4 -0.2688083 -0.9631889 -0.003035247 -0.2293071 -0.9733529 -0.001536846 0.08660513 -0.557877 -0.8253927 0.3235476 -0.1951517 -0.9258687 0.3808814 -0.1772835 -0.9074691 -0.3955865 -0.8065635 -0.4392797 -0.25277 -0.7710112 -0.5845076 -0.245677 -0.7700988 -0.5887195 -0.1417306 -0.6932485 -0.7066251 -0.0301578 -0.6124056 -0.7899684 -0.4940058 -0.8276112 -0.2664923 -0.5087983 -0.8327455 -0.2183103 -0.5887198 -0.8031939 -0.09104198 0.180507 -0.3573116 -0.9163764 0.2387245 -0.3342572 -0.9117472 0.05998975 -0.538922 -0.8402169 0.05889981 -0.5433558 -0.8374338 -0.2301871 -0.781162 -0.5803448 -0.2286459 -0.7761679 -0.5876091 -0.4718154 -0.8590632 -0.1984963 -0.3841184 -0.89484 -0.2274085 -0.4374669 -0.8755529 -0.2050117 -0.471151 -0.8538792 -0.2211496 0.2499781 -0.1838802 -0.9506309 0.2477096 -0.2044062 -0.9470259 0.05980205 -0.5504004 -0.8327564 0.0589233 -0.5546079 -0.8300231 -0.1417194 -0.815313 -0.5614092 -0.140017 -0.8093963 -0.5703271 0.3006384 -0.1808839 -0.9364281 0.2953718 -0.2056818 -0.9329795 0.06102401 -0.5446799 -0.836421 0.05914509 -0.5500879 -0.8330097 -0.1911172 -0.7994146 -0.5695707 -0.1880296 -0.7929949 -0.5794861 -0.392908 -0.8936624 -0.2167736 -0.3168314 -0.9298666 -0.1869924 -0.3151623 -0.9247815 -0.2131944 -0.2518441 -0.9481503 -0.1938706 -0.2101797 -0.9567047 -0.2013468 -0.2218942 -0.9492173 -0.2230462 -0.09564864 -0.8204574 -0.5636498 -0.09576803 -0.8250956 -0.5568177 0.05750864 -0.5565731 -0.8288059 0.05755603 -0.5541223 -0.8304432 0.2012723 -0.2016433 -0.9585559 0.20072 -0.1878706 -0.9614657 -0.1513794 -0.967475 -0.2026731 -0.1498757 -0.9708673 -0.1869601 -0.05213338 -0.8272797 -0.5593662 -0.05170696 -0.8314031 -0.5532587 0.05511349 -0.557111 -0.8286072 0.05502378 -0.5559528 -0.8293907 0.1537084 -0.1994273 -0.9677823 0.1525734 -0.1894931 -0.9699556 -0.06367301 -0.9780228 -0.1985383 -0.06181925 -0.9801533 -0.1883561 -0.00624299 -0.8308877 -0.5564051 -0.005313515 -0.8338966 -0.5518952 0.05201721 -0.5561885 -0.8294267 0.05213373 -0.5566934 -0.8290805 0.1022946 -0.1961845 -0.9752167 0.1013163 -0.1920351 -0.9761442 -0.01987457 -0.9805894 -0.1950629 -0.0198509 -0.9805985 -0.1950194 0.007991969 -0.8317713 -0.5550612 0.007811784 -0.8315796 -0.5553508 0.03466582 -0.5561098 -0.8303856 0.03426158 -0.5554839 -0.8308212 0.05608731 -0.1957257 -0.9790535 0.05540436 -0.1945548 -0.9793257 -0.02330607 -0.9805048 -0.1951084 -0.02336829 -0.980481 -0.1952205 -0.01143544 -0.8313736 -0.5555964 -0.01163548 -0.8311743 -0.5558903 0.002233147 -0.5557469 -0.8313486 0.001791059 -0.5551071 -0.8317771 0.01554858 -0.1954816 -0.9805841 0.01494675 -0.1944731 -0.980794 0.006710708 -0.194989 -0.9807825 0.01967716 -0.9805877 -0.1950913 -0.002007722 -0.1951291 -0.9807755 -0.002001225 -0.1950728 -0.9807868 -0.005728185 -0.555557 -0.8314588 -0.005733191 -0.5555962 -0.8314325 -0.008591771 -0.8314867 -0.5554783 -0.00857973 -0.831418 -0.5555815 -0.01013141 -0.9807326 -0.1950926 -0.01013249 -0.9807341 -0.1950849 0.01966685 -0.9806094 -0.1949838 0.01668214 -0.8313632 -0.5554792 0.01668071 -0.831375 -0.5554615 0.01115119 -0.5554722 -0.8314604 0.01114612 -0.5555307 -0.8314213 0.003919601 -0.1951012 -0.9807754 0.003896832 -0.1954033 -0.9807153 -0.02005934 -0.9997987 -4.48805e-4 -0.0227214 -0.9997418 -3.25176e-4 -0.02476114 -0.9996935 -2.47591e-4 -0.03014117 -0.9995458 -7.26215e-5 -0.032543 -0.9994699 -9.99896e-4 -0.02924084 -0.9995724 4.13149e-4 -0.02761483 -0.9996178 0.001299262 -0.02590399 -0.999661 0.002606511 -0.02874934 -0.9995865 -6.36649e-4 -0.01985043 -0.999803 1.17586e-4 -0.02076053 -0.9997845 -2.52515e-4 -0.01654094 -0.9998633 1.76138e-4 -0.01625293 -0.9998679 3.32772e-4 -0.01275879 -0.9999186 -2.62013e-4 -0.004052996 -0.9999906 -0.001530945 -0.005622982 -0.9999842 -1.66753e-4 -0.009015619 -0.9999594 3.0755e-4 -0.008356988 -0.999965 -4.85893e-4 -0.01151746 -0.9999337 2.17193e-4 -0.003629624 -0.9999848 0.004186749 -0.002105712 -0.9999979 -1.24184e-4 0.001167595 -0.9999994 1.39733e-4 0.001319825 -0.9999991 5.54072e-4 0.006754457 -0.9999739 -0.002612352 0.01814973 -0.9998137 0.00655955 0.01204895 -0.9999268 0.001168489 0.01018762 -0.9999477 -8.84749e-4 -0.005258798 -0.9996613 -0.02548819 0.0144965 -0.999883 -0.004894435 0.01162409 -0.9998968 -0.008439123 0.01734662 -0.9998496 4.16717e-5 -3.64856e-4 -0.9999976 -0.002223432 -0.004225909 -0.9999873 -0.002762615 -0.01674342 -0.9998596 -6.40313e-4 -0.03283566 -0.9994606 4.94122e-4 -0.01286959 -0.999917 -5.70141e-4 -0.02795332 -0.9996092 4.38649e-4 -0.008923053 -0.9999601 -5.05543e-4 -0.01033616 -0.9999465 -4.16449e-4 0.02005732 -0.9997984 9.49854e-4 0.7087383 -0.01428806 -0.7053268 0.2611184 -0.01424032 -0.9652017 0.3849436 2.87226e-6 -0.9229401 0.6106348 2.48462e-6 -0.7919123 -0.2564596 -0.01420736 -0.9664505 -0.1282665 0 -0.9917398 0.1329268 0 -0.991126 -0.9230071 -2.62925e-7 -0.3847831 -0.7918366 -4.53376e-7 -0.6107332 -0.7053356 -0.0141955 -0.7087314 -0.6068028 -1.2712e-6 -0.7948525 -0.3805875 -1.40792e-6 -0.9247449 -0.9907501 -0.0281735 -0.1327425 -0.9653011 -5.49165e-7 -0.2611398 -0.991733 1.8125e-7 0.1283189 -0.9664487 -0.01419705 0.2564671 -0.9247351 3.40059e-7 0.3806113 -0.7947931 4.53579e-7 0.6068806 -0.7087217 -0.01419651 0.7053453 -0.6106584 -3.7247e-6 0.7918941 -0.3849104 -4.31143e-6 0.9229541 -0.2611314 -0.01420605 0.9651988 -0.1329786 -7.65029e-7 0.9911189 0.1282734 -7.71712e-7 0.9917389 0.2564731 -0.01423907 0.9664465 0.3805885 3.60848e-6 0.9247445 0.7054021 2.21379e-6 0.7088074 0.7913012 -0.02826583 0.6107729 0.606769 3.10143e-6 0.7948782 0.794819 2.37127e-6 -0.6068466 0.9247238 1.48819e-6 -0.3806389 0.9664465 -0.01432371 -0.2564687 0.9917328 0 -0.12832 0.965301 0 0.26114 0.9907329 -0.02841311 0.1328198 0.9230043 1.20342e-6 0.3847898 2.09828e-5 1 1.57315e-6 5.61489e-6 1 1.65711e-5 -2.23031e-5 1 -2.19994e-5 5.01307e-6 1 6.55788e-6 -8.25834e-6 1 -2.84442e-6 -7.7435e-6 1 -2.65132e-6 4.00712e-6 1 2.7954e-7 -7.59036e-6 1 -2.79732e-7 -1.52356e-5 1 7.17316e-6 -1.25507e-5 1 1.29958e-5 -7.28599e-6 1 -9.39923e-7 -1.308e-6 1 4.67355e-7 3.47198e-7 1 -5.56824e-7 -1.1944e-5 1 7.53965e-6 -3.75339e-6 1 2.79266e-6 1.23518e-5 1 3.88851e-6 -5.93692e-6 1 -5.19081e-6 -6.06456e-6 1 -5.53819e-6 -7.00909e-6 1 -5.78012e-6 5.90014e-6 1 5.98597e-6 -1.96289e-5 1 -6.52943e-7 1.96026e-5 1 2.69468e-7 -5.63481e-6 1 1.34746e-7 -7.08511e-6 1 -2.52906e-6 9.34971e-6 1 -3.43595e-6 -4.26412e-6 1 3.37539e-6 2.07714e-4 1 5.07138e-6 2.05543e-6 1 3.47285e-6 -2.53901e-5 1 -4.97162e-6 3.16895e-6 1 2.93873e-6 -3.19234e-7 1 0 1.44657e-5 1 5.13119e-7 -1.86631e-5 1 -1.68426e-7 2.57201e-6 1 -1.41832e-7 1.45345e-5 1 1.44643e-6 -2.10087e-5 1 -1.70653e-6 6.83595e-6 1 2.83638e-5 -4.32589e-6 1 -1.84967e-5 -2.09987e-4 0.9999998 -6.10704e-4 1.26072e-6 1 3.51026e-6 -3.19493e-7 1 0 -8.49284e-7 1 0 -6.31498e-7 1 0 -6.37647e-6 1 -9.48352e-6 4.69885e-6 1 7.17043e-6 0.002271533 -5.82025e-6 -0.9999975 0.002271354 -4.07435e-6 -0.9999975 0.8693436 0.1802448 -0.4601669 0.6954885 0.0141496 -0.7183979 0.7559749 0.3546517 -0.5502037 0.7762324 0.5191624 -0.3576785 0.684382 0.6558125 -0.3186398 0.7651687 0.1616089 -0.6232171 0.7677537 0.1247212 -0.6284895 0.7962477 0.1809404 -0.5772783 0.8693428 0.1802459 -0.4601681 0.7131127 0.5907461 -0.3774778 0.77711 0.461258 -0.4281837 0.9793261 0.180243 -0.09183001 0.9793266 0.1802393 -0.09183263 0.8518312 0.5176897 -0.07988137 0.8518466 0.5176655 -0.07987481 0.6156202 0.7859262 -0.0577231 0.6189962 0.7833956 -0.05599379 0.9425038 0.1802434 -0.2814233 0.9425026 0.1802461 -0.2814255 0.8198139 0.5176701 -0.2447913 0.8198056 0.5176814 -0.2447954 0.6406253 0.7436432 -0.1912959 0.5967034 0.7764919 -0.2024975 0.6946852 -0.05026102 -0.7175558 0.6863077 0.001171767 -0.7273104 0.6040124 -0.006927967 -0.7969449 0.5900815 -0.01660239 -0.8071731 0.4461002 0.01256501 -0.8948948 0.4354509 0.006419241 -0.9001896 0.2831373 -0.009134411 -0.959036 0.3189465 0.02517729 -0.9474382 0.1118397 -0.02916467 -0.9932982 0.127709 -0.01061785 -0.9917548 0.01145064 -5.80985e-6 -0.9999344 0.9998289 0 -0.01850003 0.9955388 0.01371419 -0.09335184 0.9922817 -0.004361391 -0.1239277 0.9581844 0.005231797 -0.2861037 0.96552 0.02391368 -0.2592284 0.9397622 -6.2587e-5 -0.3418291 0.8838186 1.5712e-4 -0.4678298 0.9025604 0.02735561 -0.4296935 0.7745833 -0.04480725 -0.6308827 0.8400516 0.05527645 -0.5396831 0.7548996 -0.00584793 -0.6558144 0.9999883 0 0.004839241 0.9999883 1.86904e-6 0.004839241 0.9999883 0 0.004839241 0.6164643 0.7873784 0.002648651 0.6289517 0.7774385 0.003052771 0.8547611 0.5190053 0.004126608 0.8544489 0.519519 0.004139721 0.9834934 0.1808819 0.004754364 0.9834544 0.1810938 0.004759073 -0.7933512 0.6087618 -0.001777768 -0.8647755 0.5020702 -0.009429395 -0.6755554 0.7372839 0.006115257 -0.7947083 0.6068029 -0.01513797 -0.7945722 0.6070036 -0.01420527 -0.7882335 0.6153698 -0.002860784 -0.758435 0.6517469 -0.001568734 -0.7717387 0.6359285 -0.003798902 -0.8081389 0.5889891 -0.001862525 -0.801173 0.598398 -0.006463587 -0.08874267 0.9960546 -2.13626e-4 -0.1736437 0.9848064 -0.00206691 -0.2603771 0.9655068 -6.26845e-4 -0.7104 0.7037608 -0.00725758 -0.6499478 0.7591281 -0.03595179 -0.7137445 0.7004035 -0.001949489 -0.6521385 0.7580983 -0.001569807 -0.5000014 0.8660238 -0.001203715 -0.5788968 0.8153854 -0.005015134 -0.4305474 0.9025674 -0.001036345 0.004835307 0.003037214 -0.9999837 0.004781365 -3.4791e-5 -0.9999886 0.004863798 -1.17797e-6 -0.9999883 0.004840672 5.93408e-6 -0.9999883 0.004925251 2.77849e-6 -0.9999879 8.99962e-4 0.9755669 -0.2197009 1.42718e-4 0.9755158 -0.2199297 0.005363464 0.7446584 -0.6674243 -0.004843831 0.8331148 -0.553079 0.01443833 0.8662195 -0.4994551 -0.009140729 0.9329047 -0.3600074 0.03750908 0.9859544 -0.162749 0.002255856 0.1691005 -0.9855962 0.03095018 0.08905398 -0.9955458 -0.009473145 0.3345871 -0.9423173 -0.002935588 0.2968921 -0.9549065 0.007556557 0.4333666 -0.9011861 -0.007163226 0.5023263 -0.8646485 0.009287416 0.6108056 -0.7917261 0.00176537 0.6460536 -0.7632901 0.001532435 0.7301451 -0.6832905 -0.9951517 0.09832698 -0.002230644 -0.9999845 0.002284646 -0.00508368 -0.9972534 0.07400655 -0.002983629 -0.9781762 0.2077481 -0.003502905 -0.9470773 0.3210057 2.47878e-4 -0.9699436 0.2433251 -0.001607716 -0.8658238 0.5002457 -0.01017254 -0.8814034 0.4723604 -0.001975178 -0.9175879 0.3975194 -0.003302454 -0.9515474 0.3074949 -0.002156496 -0.9049396 0.4255354 -0.001984298 -0.8868909 0.4619593 -0.004284262 -0.7933545 0.6087598 6.28214e-4 -0.7672443 0.6413527 -0.0017879 -0.4579064 0.8890002 -5.75483e-4 -0.6008911 0.7992544 0.01106584 -0.6844526 0.7290559 -0.001511037 -0.6755555 0.7373081 -0.001265883 -0.4999965 0.8660233 -0.002707123 -0.275956 0.96117 -9.09051e-4 -0.1736561 0.9848001 0.003515243 -0.09832692 0.9951542 -2.20346e-4 0.001899719 0.994889 0.1009568 -0.790726 0.1003481 0.6038898 -0.8935485 0.1311331 0.4293894 -0.9765914 0.1114385 0.1839864 -0.6049698 0.1360961 0.7845314 -0.8261029 0.134617 0.5472042 -0.7757716 0.3887103 0.4970743 -0.7660048 0.3961064 0.5062966 -0.6834141 0.5941584 0.4241711 -0.6661649 0.6038339 0.4377315 -0.568875 0.7482489 0.3413282 -0.5467098 0.7571744 0.357485 -0.5738899 0.7224754 0.3855902 -0.1826553 0.9800437 0.07843142 -0.2882082 0.9443257 0.1586982 -0.3873608 0.9162411 0.1022438 -0.09486651 0.7645337 0.6375646 -0.2660372 0.9636495 0.02457803 -0.09597426 0.9752992 0.1989486 0.02925008 0.9556758 0.2929646 -0.1009044 0.9948936 -0.002296626 -0.05321139 0.9605005 0.2731437 -0.081294 0.9584558 0.2734115 -0.1524699 0.9265889 0.3437818 -0.1566845 0.9267829 0.3413557 -0.1543186 0.831202 0.5341246 -0.1883617 0.1193289 0.9748233 -0.2051897 0.1129714 0.9721804 -0.1702297 0.7004575 0.6930955 -0.08291614 0.6830324 0.7256664 -0.1858733 0.532949 0.8254795 -0.1679951 0.5321238 0.8298325 -0.1578847 0.323489 0.932967 -0.07222712 0.3419358 0.9369435 -0.1720662 0.2850214 0.9429507 -0.9724519 0.1209169 0.1992896 -0.9426422 0.2891345 0.1668142 -0.9418722 0.3140739 0.1193083 -0.9134207 0.3755996 0.1568046 -0.8342968 0.5263153 0.1641377 -0.8086447 0.5535737 0.199123 -0.745393 0.6618504 0.07964468 -0.6812451 0.718322 0.1411336 -0.6266375 0.7752254 0.07969498 -0.4335454 0.1311265 0.8915405 -0.5537111 0.1108292 0.8253005 -0.498992 0.3946344 0.7715378 -0.5119472 0.3897386 0.7655153 -0.4239912 0.6006904 0.6777923 -0.4449535 0.5964537 0.6680266 -0.3400235 0.7531515 0.563158 -0.3649766 0.7512837 0.5498774 -0.2585598 0.8578924 0.4440354 -0.5379961 0.8310258 0.1412664 -0.4578283 0.8723876 0.1712696 -0.1896744 -5.87251e-7 0.9818471 -0.1897576 -2.93622e-7 0.9818311 -0.4372854 -2.50351e-7 0.8993229 -0.4373394 -2.50343e-7 0.8992966 -0.6106151 -1.40497e-7 0.7919275 -0.6106201 -5.61985e-7 0.7919238 -0.7947335 -4.21511e-7 0.6069586 -0.7947612 7.02476e-7 0.6069225 -0.9013355 2.50326e-7 0.4331216 -0.9013172 -2.50349e-7 0.4331599 -0.9827109 -1.95753e-7 0.1851469 -0.9827125 0 0.1851381 -0.002425551 6.00946e-7 0.9999971 -0.002398908 -6.00946e-7 0.9999971 0.7305046 2.65725e-4 0.6829077 0.6466777 -0.007410466 0.7627273 0.6369063 0.003038942 0.7709353 0.6367952 4.85805e-4 0.7710328 0.6243783 -5.72761e-4 0.781122 0.62277 -0.003435552 0.7823975 0.6178463 0.002796232 0.7862939 0.6087051 -9.82226e-4 0.7933961 0.6069803 -3.12509e-4 0.7947169 0.605831 4.30437e-7 0.7955934 0.6073755 4.29964e-4 0.7944148 0.6088874 0.001090168 0.7932561 0.6097672 -0.005355238 0.7925626 0.6125307 -7.39064e-4 0.7904465 0.6110957 0.002502739 0.7915529 0.610976 0.002365529 0.7916456 0.6479271 0.01123273 0.7616196 0.6504293 -7.88545e-4 0.7595664 0.6649962 8.38411e-4 0.7468463 0.6759474 -0.02318769 0.736585 0.7180801 0.001925408 0.6959578 0.7153176 0.005331695 0.6987792 0.6988392 -0.002285897 0.7152752 0.6927668 0.001279652 0.7211606 0.6816089 -0.001812458 0.7317144 0.6704016 0.01028752 0.7419272 0.7568031 0.02594041 0.6531279 0.76129 0.01642614 0.6482034 0.7402443 0.001127064 0.6723371 0.7305265 -2.58384e-4 0.6828843 0.8287468 -2.04887e-6 0.5596238 0.8174167 0.02014678 0.5756945 0.8022028 -1.80894e-5 0.5970518 0.7780634 1.28972e-5 0.628186 0.7153214 -0.002391219 0.6987916 0.7188804 -0.007004439 0.6950986 0.6924921 0.005167961 0.7214071 0.7001727 -0.003340423 0.7139657 0.6789402 0.002559006 0.7341891 0.6824864 -9.0557e-4 0.7308978 0.6688625 4.13455e-4 0.7433862 0.6648741 0.002714097 0.7469506 0.6598297 -0.001592397 0.7514135 0.6495079 0.002481281 0.7603509 0.6482025 -7.86853e-4 0.7614676 0.6401654 4.11286e-4 0.7682371 0.6377737 -0.002113461 0.7702209 0.6341292 -4.32675e-5 0.7732272 0.6261183 2.31934e-5 0.7797281 0.6214253 0.002892196 0.7834682 0.6197385 -2.31223e-4 0.7848085 0.6124519 5.28888e-4 0.7905078 0.6122615 7.92983e-4 0.790655 0.6111702 -0.002595841 0.7914949 0.6109426 -0.002347707 0.7916715 0.778062 -1.44326e-5 0.6281876 0.7612307 -0.02067327 0.6481517 0.7564725 -0.01286077 0.653899 0.7402433 -0.001121401 0.6723381 0.817584 -3.12189e-6 0.5758095 0.8283314 -0.03538632 0.5591199 0.8022037 1.66069e-5 0.5970504 0.5894767 -0.6661262 0.4569391 0.5741313 -0.6628671 0.4806044 0.5556124 -0.6731011 0.4880878 0.5693187 -0.6829432 0.4576734 0.5229113 -0.6975036 0.4899517 0.6644279 -0.5938494 0.4537382 0.6066434 -0.6633856 0.4380678 0.5984734 -0.6470292 0.4724223 0.629056 -0.6408156 0.44005 0.6161479 -0.6336024 0.4678779 0.6338341 -0.6312904 0.4469081 0.6647868 -0.5938203 0.4532504 0.6827943 -0.5790522 0.4455227 0.6996217 -0.5519573 0.4537319 0.7082161 -0.5512968 0.4410235 0.7314463 -0.5099571 0.4526921 0.7398987 -0.5183607 0.4287798 0.7616642 -0.4568259 0.4595409 0.7763505 -0.4799523 0.4085657 0.7863894 -0.3867657 0.4816682 0.8157643 -0.4763877 0.3279994 0.9999971 5.89442e-7 0.002405643 0.9999972 -2.30358e-5 0.002401649 0.9999971 3.24653e-5 0.002406537 0.9999971 3.73969e-5 0.002412199 0.9999969 1.08389e-4 0.002503931 0.9999971 1.56829e-5 0.002410829 0.018408 -0.1866052 -0.9822626 0.01611924 -0.1946598 -0.9807384 0.04581481 -0.5542101 -0.8311151 0.04583984 -0.5541347 -0.8311639 0.06852149 -0.829033 -0.5549858 0.06855374 -0.8289698 -0.5550761 0.08077627 -0.9775354 -0.1946786 0.08081632 -0.9775084 -0.1947976 0.1652221 -0.9811908 -0.09983104 0.1417917 -0.9705278 -0.1948615 0.1708071 -0.9166997 -0.3612295 0.1197096 -0.8229431 -0.5553686 0.140331 -0.7441773 -0.6530755 0.07917833 -0.5500406 -0.8313761 0.09179747 -0.4832601 -0.8706509 0.02446377 -0.1906754 -0.9813483 0.03258955 -0.1669758 -0.9854223 0.1213155 -0.992614 2.91974e-4 0.1570377 -0.9875923 8.84956e-4 0.4230504 -0.9061056 0.001018881 0.5670068 -0.8237099 -0.002322673 0.4304856 -0.9025974 3.4701e-4 1.74642e-4 -3.14748e-4 -1 1.12007e-4 -1.7807e-4 -1 4.62817e-5 -5.76531e-5 -1 2.35811e-4 -5.90155e-4 -0.9999998 0.00617218 -0.01281321 -0.9998989 -6.60386e-5 1.38236e-4 -1 1.31067e-4 -3.2912e-4 -1 0.00639677 -0.007035255 -0.9999548 9.10746e-4 -0.001025378 -0.9999991 -0.004882633 0.005190551 -0.9999746 3.76053e-5 5.71493e-5 -1 3.95954e-5 -5.75917e-5 -1 5.7422e-6 1.10021e-5 -1 5.57616e-5 -1.10216e-4 -1 8.55426e-6 3.2679e-6 -1 8.06527e-6 -2.87365e-7 -1 8.64488e-6 1.90474e-6 -1 0 5.66737e-5 -1 0 1.49236e-5 -1 1.84461e-6 1.09945e-5 -1 -5.34204e-5 -1 5.54452e-7 -1.52209e-4 -1 1.08006e-6 -1.39369e-5 -1 0 -1.10826e-5 -1 -3.59104e-6 8.13848e-5 -1 -1.02644e-5 -9.32793e-5 -1 7.05817e-6 1.73515e-4 -1 -6.0106e-6 -2.48686e-6 -1 0 2.03639e-5 -1 -5.45187e-6 -4.76497e-5 -1 5.23065e-6 -1.88244e-6 -1 -9.82174e-6 -5.08496e-6 -1 -1.47055e-5 -1.41499e-5 -1 -1.21306e-5 1.68614e-5 -1 -7.86721e-6 1.11348e-5 -1 -1.66628e-6 -1.2962e-5 -1 -2.42502e-6 -1.36395e-6 -1 1.71863e-6 4.11557e-7 -1 1.58553e-6 3.51116e-6 -1 2.1309e-6 1.86503e-6 -1 -1.03651e-6 1.83918e-6 -1 9.47694e-6 7.16703e-6 -1 2.24772e-6 4.2688e-6 -1 -1.81969e-5 -2.68419e-6 -1 -6.12712e-6 3.26134e-6 -1 1.23555e-5 -2.91497e-6 -1 -4.8156e-6 2.96999e-6 -1 2.28585e-5 6.01281e-7 -1 5.50131e-6 -2.7111e-6 -1 -4.64339e-6 -1.48498e-6 -1 -2.62932e-6 -1.06514e-6 -1 1.2953e-7 -6.63177e-6 -1 -3.2281e-6 1.84086e-5 -1 4.78605e-6 5.94532e-6 -1 -1.40183e-6 -1.49715e-5 -1 2.88929e-7 -4.06308e-7 -1 1.6795e-7 1.43855e-5 -1 -1.48757e-5 -7.22217e-6 -1 3.68506e-6 0.3020865 -0.3216329 -0.897383 0.4271178 -0.1947934 -0.8829643 0.5789939 -0.1935934 -0.792015 0.1064593 -0.552537 -0.8266616 0.1064584 -0.5525357 -0.8266626 0.09055745 -0.7050055 -0.7033965 0.07232636 -0.8294532 -0.553874 0.07107967 -0.8307546 -0.552082 0.04638683 -0.9316542 -0.3603733 0.03442376 -0.980678 -0.1925766 0.02217733 -0.9848178 -0.1721688 0.07286661 -0.9804835 -0.1826002 0.07286983 -0.9804895 -0.1825666 0.2070403 -0.8294316 -0.5188233 0.2070352 -0.8293957 -0.5188828 0.3088898 -0.5525358 -0.7741391 0.3088924 -0.5525362 -0.7741378 0.3635846 -0.1936067 -0.9112205 0.1253083 -0.1936051 -0.9730442 0.1253006 -0.1935817 -0.9730498 0.5789955 -0.1936019 -0.7920117 0.5379913 -0.4111111 -0.735903 0.4825706 -0.5531518 -0.6790794 0.4805601 -0.580439 -0.6573832 0.3296624 -0.8294302 -0.4509638 0.329657 -0.8294492 -0.4509328 0.1160385 -0.9804826 -0.158711 0.1160445 -0.9804744 -0.1587567 0.5076698 -0.8435111 -0.1753867 0.4530383 -0.883288 -0.1206592 0.4227584 -0.9052492 -0.04241955 0.6424144 -0.7453123 -0.178363 0.7022996 -0.1949241 -0.684675 0.6794716 -0.5347742 -0.5023296 0.6975617 -0.4116027 -0.5865074 0.7080298 -0.52939 -0.4673758 0.6304503 -0.5803149 -0.5155262 0.1208486 -0.9866632 -0.1090473 0.05604863 -0.9752216 -0.2140127 0.3237012 -0.9201492 -0.2203252 0.2360273 -0.816258 -0.5272705 0.2943215 -0.8180543 -0.4941275 0.5286971 -0.7350785 -0.4244279 0.5757333 -0.7938724 -0.1956986 0.9749264 -0.2023814 0.09252208 0.7755844 -0.6307572 -0.02478778 0.9906982 -0.1350937 -0.01633781 0.984816 -0.1384599 -0.1047214 0.9857712 -0.1250059 -0.1123774 0.965717 -0.1453217 -0.2151101 0.9641532 -0.1312178 -0.2306308 0.7732897 -0.6336728 -0.0219534 0.7669482 -0.6395921 -0.05208235 0.7651614 -0.6421528 -0.04656201 0.7535163 -0.6522657 -0.08223503 0.7495477 -0.6580549 -0.0717082 0.7281295 -0.676203 -0.1121469 0.7266884 -0.679521 -0.1008724 0.6940438 -0.7050358 -0.1456977 0.6926813 -0.7091947 -0.1312838 0.8178618 -0.5753978 -0.004418373 0.7723647 -0.6140111 0.1626137 0.9145625 -0.3991513 -0.0652216 0.9144105 -0.3992 -0.06702888 0.9160831 -0.3948052 -0.07014715 0.9022169 -0.4084199 -0.1385574 0.9032254 -0.403914 -0.1450429 0.8810137 -0.4229554 -0.211952 0.8830835 -0.4118443 -0.2248286 0.8470705 -0.4429761 -0.2936733 0.8459925 -0.4339292 -0.3098425 0.7971826 -0.4721139 -0.3763091 0.793951 -0.4570831 -0.4008951 0.9401646 -0.1526332 -0.3046206 0.9308362 -0.1810803 -0.3174177 0.9129506 -0.1374035 -0.3842414 0.8789384 -0.1658309 -0.4471772 0.8657104 -0.1368597 -0.4814717 0.8044228 -0.1851259 -0.5644754 0.7796214 -0.1379733 -0.6108633 0.8167341 -0.5770078 0.002713501 0.8364701 -0.5479919 0.004792392 0.9790562 -0.2035729 0.002649486 0.985798 -0.1678783 0.004390716 0.8167352 -0.5770066 0.002708554 0.8178472 -0.5754296 0.002613961 0.9790503 -0.2035731 0.004308104 0.9791751 -0.2029729 0.004276633 -5.87846e-5 4.56828e-5 -1 -2.79235e-5 3.34518e-5 -1 7.39462e-6 -7.97277e-6 -1 5.15923e-6 2.78131e-6 -1 3.95665e-6 1.03512e-6 -1 -2.89835e-5 -3.26792e-6 -1 3.7844e-5 -8.56557e-7 -1 0.9661821 -0.2578429 0.003066897 0.2562278 -0.9666163 6.08744e-4 0.6670856 -0.7449637 0.005095958 0.6756308 -0.7372375 0.001990258 0.6769495 -0.7360278 0.001600444 0.6767573 -0.7362045 0.00160551 0.8211764 -0.5706713 0.001975774 0.7643671 -0.6447814 -3.5204e-5 0.5786489 -0.815569 0.003578901 0.6266556 -0.7792957 0.001073181 0.5475481 -0.8367729 0.001553416 0.4944335 -0.8692108 0.002859354 0.5503455 -0.834937 -1.88648e-4 0.4891192 -0.8722162 0.001182675 0.6087014 -0.7933982 0.001465559 0.7745051 -0.6325669 -0.001059651 0.7070285 -0.7071824 0.001971602 0.6746832 -0.7381057 0.001628816 0.6300538 -0.7765501 0.001484632 0.6564551 -0.7543545 0.003996253 0.6374525 -0.7704851 0.00268656 0.3507942 -0.9364511 0.001741945 0.3785939 -0.9255621 0.001220643 0.4407354 -0.8976368 6.8209e-4 0.4197642 -0.9076325 0.00119996 0.4537883 -0.8911088 0.00109142 0.2790911 -0.9602572 0.003778338 0.3696827 -0.9291547 -0.002508819 0.305774 -0.952104 -4.34805e-4 0.9018486 -0.4320189 0.005370199 0.8538246 -0.5204727 0.00958538 0.8492717 -0.5275385 0.02099496 0.8575429 -0.5144084 0.002063274 0.8822145 -0.4708346 0.003537714 0.8903985 -0.4551621 0.004253625 0.9146255 -0.4042373 0.007243394 0.928956 -0.3700613 0.009759128 0.8687874 -0.4951766 -0.002975761 0.9613593 -0.2752856 0.002500951 0.9257705 -0.3780763 0.002721309 0.9447103 -0.3278982 0.002274453 0.9503422 -0.3111985 0.002286672 0.9942215 -0.1073222 0.00239259 0.9906941 -0.1360698 0.003192722 0.984745 -0.1739892 0.002259075 0.9741187 -0.2260242 0.002436041 0.002285957 2.34447e-6 -0.9999974 0.002287268 -1.79224e-7 -0.9999974 0.002290785 -5.70433e-6 -0.9999974 0.00228554 8.85994e-6 -0.9999974 0.002285122 4.72024e-6 -0.9999974 0.002288699 -6.93502e-6 -0.9999974 0.002293109 1.73965e-5 -0.9999974 0.00228399 -3.8564e-6 -0.9999974 -0.9999975 -2.20233e-6 -0.002241551 -0.9999976 0 -0.002241611 -0.9999975 0 -0.002241611 -0.9999975 2.20235e-6 -0.002241551 -0.793268 -0.6087114 -0.01401722 -0.8664743 -0.4991203 -0.01005929 -0.8829645 -0.4693295 0.01017463 -0.7672395 -0.6413584 -0.001789331 -0.6755635 -0.7373003 -0.001483619 -0.6842805 -0.7292179 -0.001185595 -0.5000005 -0.8660209 -0.002707898 -0.6008781 -0.7992643 0.01106321 -0.4579252 -0.8889906 -5.75894e-4 -0.1736365 -0.9848092 -0.00107479 -0.2655518 -0.9640626 0.008113265 -0.09831905 -0.9951549 -2.20485e-4 -0.8814364 -0.4722987 -0.001975774 -0.9175788 -0.3975403 -0.00330156 -0.9049394 -0.4255358 -0.001984655 -0.9515562 -0.3074675 -0.002156794 -0.9781743 -0.2077568 -0.003502666 -0.9999966 -0.001349389 -0.002241551 -0.9951524 -0.09832018 -0.002266764 -0.9972533 -0.07400745 -0.00298357 -0.9699435 -0.2433252 -0.001607775 -0.9470726 -0.3210197 2.47899e-4 -0.7961684 -0.6049652 -0.01153582 -0.7948673 -0.6065701 -0.01608502 -0.7391234 -0.6735702 2.03524e-4 -0.77363 -0.6336331 -0.002412736 -0.7932567 -0.6088511 -0.006650805 -0.8052961 -0.5928611 -0.003752291 -0.8081399 -0.5889877 -0.001861512 -0.7717265 -0.6359433 -0.003798305 -0.864834 -0.5020542 -0.001938581 -0.793352 -0.6087565 -0.002863526 -0.6755605 -0.7372793 0.006114542 -0.6679529 -0.743725 -0.02668559 -0.7137342 -0.700414 -0.001949071 -0.5906234 -0.8069464 -0.00120604 -0.4999995 -0.866021 -0.002860963 -0.4412987 -0.8973593 -0.001318812 -0.2718784 -0.9623315 -4.23302e-4 -0.1736341 -0.9848082 -0.002066373 -0.08835268 -0.9960893 -2.1258e-4 1.68011e-4 1.11138e-4 -1 7.44931e-6 -0.002833008 -0.9999961 -7.2097e-6 4.0219e-6 -1 2.2034e-5 1.09617e-5 -1 1.5169e-5 -1.93488e-6 -1 1.52687e-5 -3.76372e-7 -1 -1.53863e-6 2.40077e-5 -1 1.24257e-5 4.08503e-6 -1 1.53442e-5 -1.84086e-5 -1 2.01154e-5 7.08669e-6 -1 9.17861e-6 3.90483e-6 -1 1.41118e-4 -0.9755055 -0.2199753 0.002279639 -0.09467011 -0.9955062 0.01825839 -0.1690875 -0.985432 -0.004549443 -0.2999103 -0.9539566 -0.00108999 -0.3354596 -0.942054 0.01451438 -0.4968327 -0.867725 -0.01558154 -0.4346714 -0.9004545 0.01365351 -0.6399693 -0.7682793 0.001878917 -0.6118376 -0.7909812 0.001520991 -0.7359775 -0.6770043 0.004263341 -0.744772 -0.6673055 -0.002752304 -0.8413834 -0.5404318 0.01337873 -0.8663623 -0.499237 -0.007291436 -0.9344884 -0.3559191 0.03623771 -0.985669 -0.1647531 0.9999972 0 0.002406775 0.9999972 0 0.002406775 0.7095463 -0.7046568 0.001708149 0.6808983 -0.7323495 -0.006457626 0.648319 -0.7609084 0.02647483 0.6156144 -0.7880462 0.001458287 0.5809024 -0.8139721 0.001388549 0.5517324 -0.8340165 -0.002806484 0.5119669 -0.8585102 0.02916133 0.4777992 -0.8784683 0.001160025 0.7642385 -0.6449311 0.001821875 0.7409881 -0.6695831 0.05094289 0.7923981 -0.6099065 -0.01093327 0.9882342 -0.1529294 0.002375364 0.9913944 -0.1249355 -0.03909522 0.9777593 -0.2096404 0.006156206 0.9507279 -0.3099395 -0.007357716 0.956969 -0.2873076 -0.04080313 0.9180039 -0.3955424 0.02855336 0.9300499 -0.3674265 0.002248108 0.8825613 -0.4701925 0.002118885 0.8958244 -0.4427024 -0.03890025 0.8397495 -0.5418924 0.034258 0.8564631 -0.5162044 0.002057075 0.8173961 -0.5760729 0.001970827 0.9984639 -0.05535411 0.002401113 0.9984638 -0.05535769 0.002404689 0.9998266 -0.01846456 0.002406001 0.9998267 -0.01846224 0.002404808 0.9998267 0.0184648 0.002405226 0.9998267 0.01846408 0.002406716 0.9984639 0.05535608 0.002401471 0.9984639 0.05535507 0.002402424 0.9922786 0.1240063 0.002388298 0.9878332 0.1536773 -0.02385115 0.4777943 0.8784711 0.00114125 0.5119661 0.8585109 0.02915233 0.551723 0.8340227 -0.002806842 0.5809984 0.8139035 0.001403987 0.6156189 0.7880428 0.001471161 0.6483188 0.7609083 0.02648454 0.6809022 0.7323461 -0.006444096 0.7095505 0.7046525 0.001719236 0.7374875 0.6753585 0.001778185 0.7657496 0.6427513 0.02232563 0.7924002 0.6099038 -0.01093155 0.8173956 0.5760735 0.001970827 0.8383529 0.5451244 0.002016901 0.8570113 0.5151122 0.01382613 0.881519 0.4718005 -0.01812791 0.8980906 0.4398052 0.002162039 0.9175584 0.3975951 0.002214848 0.9302084 0.3669014 0.009789884 0.950073 0.3109427 -0.02600502 0.9583599 0.2855349 -0.00403136 0.977759 0.2096416 0.006158351 0.9922785 -0.1240078 0.002385497 0.9879612 -0.1520852 0.02833354 0.6426434 -0.7658757 0.02107113 0.7095372 -0.704666 0.001709282 0.7374809 -0.6753656 0.00178647 0.7623934 -0.6468416 -0.018772 0.7942562 -0.6074053 0.01469928 0.8174036 -0.5760622 0.00196129 0.838356 -0.5451194 0.002014875 0.8557996 -0.5172156 -0.009754359 0.8832327 -0.4684081 0.02223044 0.8980866 -0.4398133 0.002171099 0.9175447 -0.3976268 0.002210974 0.9298338 -0.3679412 -0.005332648 0.9510344 -0.3075988 0.03027689 0.9585385 -0.2848325 0.008632242 0.9777094 -0.2099579 -0.001456022 0.6723291 -0.7368789 -0.07059144 0.6149784 -0.7885355 -0.003660202 0.5095438 -0.8603675 0.01153457 0.5411791 -0.8380647 -0.06908571 0.477795 -0.8784707 0.001140117 0.9984639 -0.05535608 0.002401173 0.9984638 -0.05535709 0.002402305 0.9998267 -0.0184651 0.002405226 0.9998266 -0.01846498 0.002404749 0.9998267 0.01846426 0.002405226 0.9998267 0.01846343 0.002404808 0.9984638 0.05535668 0.002401232 0.9984638 0.05535686 0.002402424 0.9922783 0.1240089 0.002388298 0.9879612 0.1520851 0.02833384 0.9777107 0.2099516 -0.001453638 0.951054 0.3087955 0.01190268 0.9581964 0.2825983 0.04470121 0.929836 0.3679357 -0.005336344 0.917543 0.3976307 0.002210676 0.8980906 0.4398052 0.002171099 0.8832328 0.4684075 0.02223664 0.8557977 0.5172189 -0.009751498 0.8383563 0.5451192 0.002017736 0.8174003 0.5760667 0.001962065 0.7942499 0.6074134 0.01470261 0.7623919 0.6468435 -0.01876223 0.7374855 0.6753607 0.001788854 0.7095437 0.7046594 0.00171256 0.6826127 0.7307157 0.009725511 0.636727 0.7705745 -0.028176 0.6149809 0.7885336 -0.00366199 0.5528814 0.8332421 0.00545758 0.5036973 0.8634619 -0.0268858 0.4777942 0.8784712 0.001141667 0.9999972 3.91604e-6 0.002406775 0.9999972 0 0.002406775 0.5080594 -0.8613213 0.001210987 0.5080502 -0.8613268 0.001231908 0.9922785 -0.1240078 0.002388119 0.9922785 -0.1240071 0.002388119 0.9777415 -0.2098002 0.002352178 0.9777421 -0.2097969 0.002351999 0.9584676 -0.2851921 0.00230515 0.9584648 -0.2852019 0.002310752 0.9300494 -0.3674276 0.002242922 0.9300493 -0.3674282 0.00224322 0.8980876 -0.4398115 0.002166807 0.8980932 -0.4398002 0.002154946 0.8564679 -0.5161964 0.002055108 0.8564668 -0.5161981 0.002053618 0.8173976 -0.5760708 0.00195986 0.8173986 -0.5760693 0.001959085 0.7642418 -0.6449272 0.00183022 0.7642336 -0.6449371 0.001846909 0.7095442 -0.704659 0.001714766 0.709546 -0.7046571 0.001714825 0.6404914 -0.7679639 0.001548051 0.6444863 -0.7645718 -0.008215188 0.580905 -0.8139703 0.001407027 0.9984638 -0.05535769 0.002403795 0.9984637 -0.05535751 0.002402245 0.9998267 -0.0184623 0.002405226 0.9998267 -0.01846563 0.002407908 0.9998267 0.01846194 0.00240755 0.9998266 0.01846456 0.002405226 0.9984638 0.05535578 0.002402424 0.9984638 0.05535596 0.002405047 0.5080507 0.8613263 0.001213967 0.9922785 0.1240068 0.002390921 0.9922783 0.1240093 0.002388298 0.9777411 0.2098022 0.002352237 0.9777426 0.2097949 0.002356946 0.9584681 0.2851908 0.002311289 0.9584664 0.2851964 0.00230503 0.9300472 0.3674335 0.002236127 0.9300509 0.3674239 0.002244055 0.8980937 0.439799 0.002168715 0.8980823 0.4398223 0.002155482 0.8564645 0.5162022 0.002055108 0.8564738 0.5161865 0.00206536 0.8173945 0.5760748 0.001971602 0.817399 0.5760685 0.001972258 0.7642399 0.6449295 0.001846909 0.7642308 0.6449404 0.001834034 0.7095486 0.7046545 0.001702606 0.709594 0.7046088 0.001715779 0.645647 0.7636345 0.001562058 0.6394138 0.768827 -0.007427275 0.580996 0.8139052 0.001389741 0.5080475 0.8613282 0.00121361 0.9999971 0 0.002405464 0.9999972 0 0.002405464 0.9922783 -0.1240093 0.00238806 0.9922787 -0.124006 0.002385377 0.9777431 -0.209793 0.002349436 0.9777416 -0.2097994 0.002352178 0.9584676 -0.2851921 0.002304971 0.9584659 -0.2851977 0.00231105 0.9300483 -0.3674308 0.00224328 0.9300489 -0.3674289 0.002241253 0.8980882 -0.4398101 0.002165257 0.8980922 -0.4398019 0.002157747 0.8564665 -0.5161987 0.002057075 0.8564699 -0.516193 0.002054631 0.8173986 -0.5760694 0.00195986 0.8173972 -0.5760712 0.0019598 0.7642399 -0.6449296 0.001830995 0.764234 -0.6449366 0.001843929 0.7095465 -0.7046567 0.001713693 0.7095477 -0.7046554 0.00171262 0.640491 -0.7679641 0.001548051 0.5080572 -0.8613225 0.00121361 0.5080525 -0.8613253 0.001230597 0.5809068 -0.813969 0.001404106 0.6444864 -0.7645716 -0.008215188 0.9984637 -0.05535876 0.002403855 0.9984638 -0.05535686 0.002402305 0.9998267 -0.01846379 0.002405226 0.9998267 -0.01846492 0.002407908 0.9998267 0.01846468 0.00240755 0.9998267 0.01846271 0.002407908 0.9984639 0.05535608 0.002404987 0.9984639 0.05535537 0.002405047 0.5080519 0.8613257 0.001231491 0.9922785 0.1240073 0.002390921 0.9922778 0.1240133 0.002385675 0.9777418 0.2097986 0.002350032 0.9777434 0.2097914 0.002356767 0.9584684 0.2851893 0.002311289 0.958466 0.2851976 0.002305328 0.9300482 0.3674308 0.002236068 0.9300498 0.3674268 0.002241492 0.8980911 0.439804 0.002165555 0.8980854 0.4398159 0.002157807 0.8564658 0.5161998 0.002057075 0.8564744 0.5161854 0.00206536 0.8173956 0.5760735 0.001971602 0.817395 0.5760745 0.001973748 0.764241 0.6449281 0.001845419 0.7642301 0.6449411 0.001831769 0.7095486 0.7046545 0.001700401 0.7095978 0.7046049 0.001714646 0.6456478 0.7636339 0.001562058 0.6394124 0.7688281 -0.007428526 0.5808851 0.8139845 0.001406073 0.5080533 0.8613247 0.00123322 0.9999971 0 0.002406775 0.9999971 4.29632e-7 0.002406775 0.477797 -0.8784695 0.001140117 0.4777807 -0.8784784 0.001158535 0.5523097 -0.833638 0.001337528 0.5523251 -0.8336278 0.001321136 0.6156181 -0.7880433 0.001472651 0.6156031 -0.7880551 0.001488447 0.6817798 -0.7315557 0.001648724 0.6817827 -0.731553 0.00164771 0.7374827 -0.6753638 0.001779139 0.7374806 -0.675366 0.001782774 0.7933961 -0.6087028 0.001915276 0.7933961 -0.6087027 0.001917064 0.8383544 -0.5451221 0.002023577 0.8383552 -0.5451206 0.00202161 0.8825632 -0.4701889 0.002127051 0.8825621 -0.4701911 0.002129733 0.9175394 -0.3976388 0.002213478 0.9175481 -0.3976185 0.002211451 0.950935 -0.3093826 0.002290368 0.9882341 -0.1529304 0.002381205 0.988234 -0.152931 0.002381443 0.9711987 -0.2382596 0.002340972 0.9487704 -0.3157055 0.01283979 0.9984638 -0.05535513 0.002404928 0.9984638 -0.05535542 0.002404093 0.9998267 -0.01846522 0.002409398 0.9998267 -0.01846355 0.002407908 0.9998267 0.01846337 0.00240755 0.9998267 0.0184651 0.00240606 0.9984638 0.05535531 0.002404749 0.9984639 0.05535495 0.002405047 0.4777988 0.8784686 0.00116086 0.4777714 0.8784836 0.001140117 0.5523161 0.8336338 0.001319885 0.5523145 0.8336348 0.001322388 0.6156216 0.7880405 0.001472592 0.6156215 0.7880407 0.001474082 0.6817786 0.7315568 0.00163418 0.6817769 0.7315584 0.001632094 0.7374666 0.6753813 0.001767277 0.7374898 0.675356 0.001783668 0.7933965 0.6087023 0.001917958 0.7933955 0.6087036 0.001917064 0.8383561 0.5451194 0.002024292 0.8383331 0.5451546 0.002010941 0.8825628 0.4701899 0.002118885 0.8825636 0.4701886 0.002120435 0.9175409 0.3976355 0.002206027 0.9175378 0.3976425 0.002203464 0.9486351 0.3163643 0.002279222 0.9510545 0.3087944 0.01189213 0.9712072 0.2382251 0.002336621 0.9882342 0.15293 0.002378225 0.9882337 0.1529334 0.002381563 0.9999972 0 0.002406775 0.9922782 -0.1240098 0.002388119 0.987961 -0.1520869 0.0283336 0.6426423 -0.7658765 0.02107238 0.7095469 -0.7046563 0.001707077 0.7374818 -0.6753647 0.001783728 0.7623924 -0.6468429 -0.01877129 0.7942557 -0.6074059 0.01469886 0.8173972 -0.5760712 0.001963496 0.8383551 -0.5451207 0.002016901 0.8557961 -0.5172215 -0.009750604 0.8832294 -0.4684139 0.02223384 0.8980925 -0.4398014 0.002161264 0.917557 -0.3975983 0.002202212 0.9298332 -0.3679426 -0.005335271 0.9510353 -0.3075961 0.03027558 0.9585372 -0.2848371 0.008632123 0.9777099 -0.2099554 -0.001455843 0.6723259 -0.736882 -0.07059049 0.6149801 -0.7885343 -0.003663063 0.5095413 -0.8603689 0.01153713 0.5411818 -0.8380629 -0.06908667 0.4777961 -0.8784701 0.001137793 0.9984638 -0.05535531 0.002402305 0.9984639 -0.05535602 0.002401173 0.9998266 -0.01846444 0.002404868 0.9998267 -0.01846301 0.002405226 0.9998267 0.01846492 0.002404868 0.9998267 0.01846343 0.00240755 0.9984638 0.0553562 0.002403855 0.9984638 0.05535817 0.002402365 0.9922783 0.1240084 0.002388179 0.9879613 0.152085 0.02833378 0.9777104 0.2099531 -0.001453816 0.9510536 0.308797 0.01190286 0.9581959 0.2825989 0.04470509 0.9298329 0.3679435 -0.005336463 0.9175484 0.3976184 0.002202868 0.8980912 0.4398042 0.002162039 0.883233 0.4684076 0.02222549 0.8558061 0.5172049 -0.00975573 0.8383337 0.5451539 0.002029836 0.8173975 0.5760707 0.001978158 0.7942586 0.6074019 0.01471132 0.7623835 0.6468535 -0.01876932 0.7374869 0.6753591 0.001772642 0.7096013 0.7046015 0.001696944 0.6826117 0.7307166 0.009725511 0.636727 0.7705745 -0.02817463 0.6149839 0.7885313 -0.003661155 0.5528627 0.8332545 0.005461454 0.503702 0.8634597 -0.02686744 0.4777961 0.8784701 0.001159131 0.9999971 0 0.002405464 0.9999971 0 0.002405405 0.4777976 -0.8784694 0.001140117 0.4777782 -0.8784798 0.001158535 0.552308 -0.8336392 0.001337528 0.5523097 -0.833638 0.001335024 0.615621 -0.788041 0.001488387 0.6156174 -0.7880439 0.001488387 0.6817829 -0.7315528 0.001648724 0.6817803 -0.7315552 0.001647651 0.7374815 -0.675365 0.001783668 0.7374811 -0.6753656 0.001780033 0.7933958 -0.6087032 0.001915276 0.7933955 -0.6087036 0.001915276 0.8383585 -0.5451157 0.00202161 0.8383533 -0.5451236 0.002024292 0.8825592 -0.4701966 0.002129793 0.8825614 -0.4701926 0.002120494 0.9175556 -0.3976013 0.002204775 0.9175444 -0.3976274 0.002211451 0.9509348 -0.3093829 0.002290427 0.9882345 -0.1529281 0.002378761 0.9882341 -0.1529309 0.002381205 0.9711983 -0.2382612 0.002341091 0.9487705 -0.3157051 0.01283919 0.9984638 -0.05535531 0.002402305 0.9984638 -0.0553565 0.002401173 0.9998267 -0.01846307 0.002404868 0.9998267 -0.01846361 0.002405226 0.9998267 0.01846379 0.002404868 0.9998267 0.01846355 0.002407491 0.9984639 0.0553556 0.002403914 0.9984637 0.05535739 0.002402365 0.4777951 0.8784705 0.001159667 0.4777974 0.8784693 0.001159667 0.5523188 0.833632 0.001337528 0.552295 0.8336479 0.001318633 0.6156203 0.7880417 0.001474022 0.6156215 0.7880408 0.001474022 0.6817807 0.7315548 0.001633167 0.6817778 0.7315575 0.001636266 0.7374882 0.6753578 0.001769959 0.7374847 0.6753616 0.001766324 0.7933878 0.6087136 0.001901865 0.7933979 0.6087005 0.00191617 0.8383511 0.545127 0.002022922 0.8383378 0.5451474 0.002013683 0.8825626 0.4701901 0.002120852 0.8825621 0.4701914 0.00212121 0.9175422 0.3976324 0.00220555 0.9175505 0.3976132 0.002211868 0.9486359 0.3163617 0.002285242 0.9510533 0.3087982 0.01189273 0.9712036 0.2382394 0.002336561 0.9882342 0.15293 0.002378404 0.9882341 0.1529306 0.002378761 0.9999972 0 0.002406775 0.9999971 1.18357e-6 0.002406775 0.9922785 -0.1240073 0.002388238 0.9879609 -0.1520862 0.0283367 0.6426436 -0.7658756 0.02107179 0.7095422 -0.704661 0.001710355 0.7374808 -0.6753658 0.00178641 0.7623861 -0.6468504 -0.01876699 0.7942571 -0.6074038 0.01471132 0.8174018 -0.5760647 0.001973807 0.8383402 -0.5451439 0.002027094 0.8557992 -0.5172162 -0.009753942 0.8832318 -0.4684095 0.0222311 0.8980932 -0.4397999 0.002162039 0.917546 -0.3976236 0.002202451 0.9298332 -0.3679426 -0.005340456 0.9510362 -0.3075935 0.03027361 0.958535 -0.2848442 0.008639395 0.9777103 -0.2099535 -0.001451194 0.6723267 -0.7368812 -0.07059085 0.6149771 -0.7885364 -0.003663063 0.5095522 -0.8603625 0.01153445 0.5411848 -0.8380626 -0.06906753 0.477801 -0.8784673 0.001159667 0.9984637 -0.05535727 0.002402305 0.9984639 -0.05535501 0.002402305 0.9998267 -0.01846516 0.002405226 0.9998267 -0.01846522 0.002405226 0.9998267 0.01846319 0.002404868 0.9998266 0.01846444 0.002405285 0.9984638 0.0553565 0.002402365 0.9984638 0.05535686 0.002401232 0.9922787 0.1240058 0.002385556 0.9879613 0.1520848 0.02833366 0.9777094 0.2099583 -0.001457095 0.9510531 0.3087986 0.01189672 0.9581983 0.2825895 0.0447123 0.9298319 0.367946 -0.00533384 0.9175581 0.3975958 0.002202451 0.8980905 0.4398054 0.002161264 0.8832284 0.4684158 0.02223163 0.8557975 0.5172194 -0.009751081 0.8383572 0.5451175 0.002017557 0.8173977 0.5760704 0.00196278 0.7942575 0.6074037 0.01469796 0.762391 0.6468444 -0.01877677 0.737485 0.6753613 0.001775145 0.7095441 0.7046591 0.001698195 0.6826079 0.7307204 0.009711027 0.6367357 0.7705669 -0.02818316 0.6149814 0.7885331 -0.003661811 0.5528607 0.8332558 0.005462646 0.5037018 0.8634598 -0.02686893 0.4777959 0.8784701 0.001161217 0.9999971 0 0.002406775 0.9999972 -3.91608e-6 0.002406775 0.9984638 -0.05535703 0.002404212 0.9984638 -0.05535578 0.00240612 0.9998267 -0.01846379 0.002405941 0.9998266 -0.01846498 0.002407729 0.9998267 0.01846289 0.002407133 0.9998267 0.01846212 0.0024091 0.9984638 0.05535763 0.002396643 0.998464 0.0553531 0.002403199 0.1957593 8.63398e-6 0.980652 0.1957666 1.07886e-5 0.9806506 0.1957679 9.8847e-6 0.9806503 0.1957543 8.97524e-6 0.9806531 0.1957527 7.23011e-6 0.9806534 0.1957558 2.96447e-6 0.9806527 0.1957602 -1.77994e-6 0.9806519 0.195779 -1.19514e-6 0.9806481 0.1957599 -2.98706e-5 0.9806518 0.19578 -5.14371e-6 0.9806479 0.1957762 -1.65599e-6 0.9806486 0.1957553 9.7261e-7 0.9806529 0.1957644 1.10076e-6 0.980651 0.1957744 2.12286e-5 0.9806491 0.1957661 -4.64293e-6 0.9806507 0.1957669 1.38475e-5 0.9806505 0.1957625 -7.59779e-6 0.9806513 0.1957453 -5.56791e-6 0.9806548 0.1957435 -1.15718e-5 0.9806551 0.1957527 -6.13568e-5 0.9806534 0.1957457 -1.92618e-6 0.9806548 0.1957534 -3.07523e-6 0.9806532 0.1957688 5.93156e-6 0.9806501 0.1957645 -6.08398e-6 0.980651 0.1957542 -2.73692e-6 0.980653 0.1957498 -3.71504e-6 0.980654 0.1957536 -2.67774e-6 0.9806531 0.1957768 7.5936e-6 0.9806486 0.1957767 2.29483e-6 0.9806485 0.1957687 -3.11934e-6 0.9806502 0.1957646 1.91242e-6 0.980651 0.1957627 2.36966e-6 0.9806513 0.195765 7.65042e-7 0.9806509 0.1957522 -3.24069e-6 0.9806534 0.1957488 5.52938e-7 0.9806542 0.1957504 -3.27403e-7 0.9806538 0.1957508 8.11194e-6 0.9806538 0.1957534 1.10426e-6 0.9806532 0.1957469 -8.01979e-6 0.9806545 0.1957504 5.48549e-6 0.9806538 0.1957595 4.13113e-6 0.9806519 0.1957604 3.64699e-6 0.9806517 0.1957528 -1.20285e-5 0.9806533 0.1957527 -7.23204e-6 0.9806533 0.1957815 -1.2706e-5 0.9806476 0.1957522 -8.49836e-6 0.9806535 0.1957517 -3.24162e-6 0.9806535 0.1957645 -1.51932e-5 0.9806509 0.1957606 0 0.9806517 0.1957622 6.87131e-7 0.9806514 0.1957659 5.9972e-6 0.9806507 0.195762 7.83299e-6 0.9806515 0.9999971 0 0.002406775 0.9999972 0 0.002406775 -0.195761 3.44488e-5 -0.9806516 -0.195747 -3.97988e-6 -0.9806544 -0.1957952 1.47195e-5 -0.9806449 -0.1957539 -7.89381e-6 -0.9806531 -0.1957764 1.22711e-5 -0.9806485 -0.1957689 -1.77017e-5 -0.9806501 -0.1957398 -7.50565e-6 -0.980656 -0.1957671 9.58051e-6 -0.9806505 -0.1957589 -1.21885e-5 -0.9806522 -0.1957694 -5.42711e-7 -0.98065 -0.1957716 5.58811e-7 -0.9806495 -0.195775 1.54773e-6 -0.9806489 -0.1957542 -4.06444e-6 -0.980653 -0.1957548 1.16071e-6 -0.9806529 -0.1957711 4.97215e-6 -0.9806497 -0.1957691 -1.54753e-6 -0.9806501 -0.1957609 -2.5579e-6 -0.9806516 -0.1957646 3.09558e-6 -0.9806509 -0.1957527 -1.43445e-6 -0.9806534 -0.1957485 -5.02926e-6 -0.9806542 -0.1957672 1.35913e-5 -0.9806505 -0.1957615 -1.90027e-5 -0.9806516 -0.1957516 1.83026e-5 -0.9806535 -0.1957522 -2.14102e-6 -0.9806535 -0.1957632 -5.06887e-6 -0.9806513 -0.1957756 2.27451e-5 -0.9806488 -0.1957657 2.14387e-5 -0.9806508 -0.1957705 3.55679e-6 -0.9806498 -0.1957656 1.06829e-6 -0.9806507 -0.1957588 -6.63499e-6 -0.9806521 -0.1957643 1.17606e-5 -0.980651 -0.1957517 -1.20529e-5 -0.9806535 -0.1957526 -4.59097e-6 -0.9806534 -0.1957548 1.69437e-5 -0.9806529 -0.1957609 8.48077e-6 -0.9806517 -0.1957595 -9.31354e-6 -0.980652 -0.1957678 -1.13523e-5 -0.9806503 -0.1957703 -1.33682e-5 -0.9806498 -0.1957657 -8.64476e-6 -0.9806508 -0.1957601 6.50783e-7 -0.9806519 -0.1957738 1.1223e-6 -0.9806491 -0.1957592 1.30956e-6 -0.9806521 -0.1957627 2.19554e-6 -0.9806514 -0.1957566 -3.13448e-6 -0.9806526 -0.1957714 -4.21086e-6 -0.9806496 -0.1957806 1.22416e-5 -0.9806478 -0.1957523 -6.29064e-6 -0.9806534 -0.1957446 7.55595e-6 -0.980655 -0.1957445 7.59673e-6 -0.980655 -0.1957601 -3.44462e-5 -0.9806518 -0.1957686 1.77011e-5 -0.9806502 -0.1957802 -6.0513e-6 -0.9806479 -0.1957759 -5.91663e-6 -0.9806486 -0.195867 -1.79614e-4 -0.9806305 0.9984638 -0.05535691 0.002403795 0.9984638 -0.05535519 0.002401411 0.9998267 -0.0184645 0.002406656 0.9998266 -0.01846379 0.002407848 0.9998266 0.01846235 0.002407491 0.9998266 0.01846551 0.002402961 0.9984638 0.05535721 0.002400875 0.9984639 0.05535435 0.002403914 0.1957699 -2.29664e-6 0.9806499 0.1957731 1.08543e-6 0.9806492 0.1954252 -9.9803e-4 0.9807181 0.1957374 -4.13646e-5 0.9806564 0.195772 2.68937e-6 0.9806495 0.1957573 2.10365e-6 0.9806525 0.1957614 1.21698e-5 0.9806516 0.1957668 4.69096e-6 0.9806505 0.1957718 5.01839e-6 0.9806495 0.1957674 -3.14526e-6 0.9806504 0.1957491 8.13294e-6 0.9806541 0.1957609 3.85496e-6 0.9806517 0.1957543 1.60543e-5 0.9806531 0.1958131 1.26874e-5 0.9806413 0.1957527 1.67099e-6 0.9806534 0.1957603 1.72893e-6 0.9806518 0.1957557 8.49634e-6 0.9806528 0.1957768 6.73374e-6 0.9806485 0.1957567 -1.24407e-5 0.9806526 0.1957547 -1.26241e-5 0.980653 0.1957568 6.2691e-6 0.9806525 0.1957655 5.61464e-6 0.9806509 0.1957583 -1.22418e-5 0.9806523 0.1957693 -1.10085e-5 0.9806501 0.1957611 -2.26146e-6 0.9806517 0.1957801 -2.02579e-6 0.9806479 0.1957752 9.18615e-6 0.9806488 0.1957726 -1.69629e-5 0.9806494 0.1957554 4.45971e-6 0.9806528 0.1957497 3.99281e-6 0.980654 0.195813 -7.44631e-5 0.9806413 0.1957834 -3.35519e-5 0.9806472 0.1957754 1.80904e-6 0.9806488 0.1957725 2.90583e-6 0.9806494 0.1957731 -3.86928e-7 0.9806492 0.1957517 -4.49474e-6 0.9806535 0.1957659 -3.09521e-6 0.9806507 0.1957647 0 0.9806509 0.1957628 3.86883e-6 0.9806513 0.1957702 3.32282e-6 0.9806498 0.1957687 0 0.9806501 0.1957601 -3.87305e-6 0.9806518 0.1957441 4.91756e-6 0.9806551 0.1957647 1.13265e-5 0.9806509 0.195761 -5.63057e-6 0.9806517 0.1957631 -2.09177e-5 0.9806513 0.1957626 -1.14186e-5 0.9806514 0.1957581 -9.29285e-6 0.9806523 0.1957608 1.74958e-6 0.9806517 0.1957657 -6.43162e-6 0.9806508 0.1957613 -1.1856e-6 0.9806516 0.1957628 1.06827e-6 0.9806513 0.1957763 2.54335e-5 0.9806486 0.1957753 1.96021e-5 0.9806488 0.1957537 -7.86067e-6 0.9806532 0.1957518 6.88599e-6 0.9806535 0.9999971 -5.46101e-7 0.002406775 -0.1957469 -9.18547e-6 -0.9806545 -0.1957647 -7.23607e-7 -0.980651 -0.1958968 9.94155e-5 -0.9806245 -0.1957758 6.31514e-6 -0.9806488 -0.1957588 -1.0518e-6 -0.9806521 -0.1957553 -2.43396e-5 -0.9806529 -0.1957513 -8.44403e-6 -0.9806537 -0.1957594 1.00365e-5 -0.980652 -0.1957659 -1.02224e-5 -0.9806507 -0.1957517 2.35174e-6 -0.9806535 -0.195753 3.12939e-6 -0.9806532 -0.1957533 -6.1912e-6 -0.9806532 -0.1957635 -3.06014e-6 -0.9806512 -0.1957624 3.48194e-6 -0.9806514 -0.195771 4.58982e-6 -0.9806497 -0.195775 3.86895e-6 -0.9806489 -0.1957538 -8.84473e-7 -0.9806532 -0.1957582 -2.32161e-6 -0.9806522 -0.1957556 -3.72975e-6 -0.9806528 -0.1957486 3.35284e-6 -0.9806541 -0.1957668 1.43463e-5 -0.9806506 -0.1957615 -1.82989e-5 -0.9806516 -0.195751 1.56881e-5 -0.9806537 -0.1957494 -2.14102e-6 -0.980654 -0.1957639 -4.22407e-6 -0.9806511 -0.1957575 -2.53694e-5 -0.9806525 -0.1957516 6.43158e-6 -0.9806535 -0.1957572 1.00776e-5 -0.9806525 -0.1957652 2.13657e-6 -0.9806509 -0.1957546 -8.84667e-6 -0.9806529 -0.1957583 7.84037e-6 -0.9806523 -0.195755 -1.15288e-5 -0.9806529 -0.1957536 -1.53023e-6 -0.9806532 -0.1957652 -6.0997e-6 -0.9806508 -0.1957573 -1.54195e-6 -0.9806525 -0.1957657 8.24915e-6 -0.9806508 -0.1957525 8.68123e-6 -0.9806534 -0.1957639 5.43083e-6 -0.9806511 -0.1957457 9.50927e-6 -0.9806547 -0.1957517 -5.06167e-7 -0.9806535 -0.1957647 -5.61149e-7 -0.980651 -0.1957674 3.2739e-6 -0.9806504 -0.1957492 4.39106e-6 -0.9806541 -0.1957519 1.09862e-5 -0.9806535 -0.1957552 1.1229e-5 -0.9806529 -0.1957459 -6.88643e-6 -0.9806547 -0.1957756 3.93174e-7 -0.9806488 -0.1957669 -3.32566e-6 -0.9806504 -0.195764 -3.54513e-6 -0.9806511 -0.1957646 9.18565e-6 -0.980651 -0.1957588 -7.00677e-6 -0.9806521 -0.1957648 1.49091e-6 -0.980651 -0.1957517 1.18333e-6 -0.9806535 -0.1957836 -2.15191e-4 -0.9806472 0.9984638 -0.05535721 0.002403795 0.9984638 -0.05535572 0.002402245 0.9998267 -0.01846575 0.002405166 0.9998266 -0.0184648 0.002405166 0.9998266 0.01846373 0.002404868 0.9998267 0.01846468 0.002404868 0.9984638 0.05535721 0.002401232 0.9984639 0.05535501 0.002405047 0.1957578 5.84229e-6 0.9806523 0.1957548 -1.16877e-5 0.9806529 0.1957593 4.94213e-6 0.980652 0.1957698 -1.01724e-5 0.9806499 0.1957745 -1.08456e-5 0.9806489 0.1957803 -8.15257e-6 0.9806479 0.1957559 5.44405e-6 0.9806527 0.1957563 5.57719e-6 0.9806526 0.1957577 -5.97405e-6 0.9806524 0.1957543 5.14371e-6 0.9806529 0.1957568 1.55857e-6 0.9806526 0.1957654 1.4589e-6 0.9806508 0.1957522 1.28421e-6 0.9806534 0.1957501 -6.755e-6 0.9806538 0.1957576 -1.51954e-5 0.9806523 0.1957563 -2.30801e-5 0.9806526 0.195757 4.88427e-6 0.9806524 0.195771 3.97702e-6 0.9806497 0.1957601 -2.31434e-6 0.9806519 0.1957716 -4.9084e-5 0.9806495 0.1957693 6.09949e-6 0.98065 0.19577 4.61279e-6 0.9806498 0.1957645 -8.15624e-6 0.980651 0.1957649 9.53127e-6 0.9806509 0.1957805 7.81971e-7 0.9806478 0.1957781 8.9163e-7 0.9806482 0.1957836 5.3553e-6 0.9806472 0.1957628 -3.38576e-7 0.9806513 0.1957643 3.82484e-6 0.980651 0.1957439 -4.1348e-6 0.9806551 0.1957341 3.82472e-7 0.9806571 0.1957598 4.73955e-6 0.9806519 0.1957517 -4.59037e-6 0.9806535 0.1957791 -4.35293e-7 0.9806481 0.1957799 -1.47451e-6 0.9806479 0.1957629 -2.45555e-6 0.9806513 0.1957622 -7.90908e-6 0.9806514 0.1957549 1.10426e-6 0.9806529 0.1957645 2.1104e-5 0.980651 0.1957666 -1.11576e-5 0.9806506 0.1957707 -1.15669e-5 0.9806498 0.1957667 6.88874e-6 0.9806506 0.1957489 -8.23007e-6 0.9806541 0.195759 6.37111e-6 0.9806521 0.19575 6.84167e-6 0.980654 0.195778 1.9971e-5 0.9806483 0.1957614 -1.45873e-5 0.9806516 0.1957646 -1.77245e-5 0.980651 0.1957632 6.88783e-7 0.9806512 0.1957588 1.37431e-6 0.9806521 0.1957609 4.36158e-6 0.9806517 0.1957532 6.02525e-6 0.9806532 0.9999972 0 0.002405464 0.9999971 0 0.002405464 -0.1957725 -2.29634e-6 -0.9806494 -0.1957654 -3.61804e-7 -0.9806508 -0.1958506 9.12289e-5 -0.9806338 -0.1957755 6.31513e-6 -0.9806488 -0.1957589 -1.75301e-6 -0.9806522 -0.1957615 1.21698e-5 -0.9806516 -0.1957737 3.7529e-6 -0.9806491 -0.1957594 -2.73723e-6 -0.980652 -0.1957659 1.1795e-5 -0.9806507 -0.1957448 2.71353e-6 -0.9806549 -0.1957566 4.47047e-6 -0.9806526 -0.1957533 1.5478e-6 -0.9806532 -0.1957637 4.15989e-6 -0.9806512 -0.1957623 -4.2557e-6 -0.9806514 -0.1957768 -2.84473e-6 -0.9806485 -0.1957631 3.86896e-6 -0.9806513 -0.1957585 -1.14742e-6 -0.9806522 -0.1957512 -2.70853e-6 -0.9806537 -0.1957497 -3.15594e-6 -0.980654 -0.1957556 3.24107e-6 -0.9806527 -0.1957542 -1.13266e-5 -0.980653 -0.1957566 0 -0.9806526 -0.1957659 -4.96778e-5 -0.9806507 -0.1957697 1.78419e-5 -0.98065 -0.1957691 1.68962e-5 -0.98065 -0.1957608 -2.53694e-5 -0.9806517 -0.1957541 2.14384e-6 -0.980653 -0.1957491 -1.42273e-5 -0.9806541 -0.19575 -1.49561e-5 -0.9806539 -0.1957622 2.21165e-5 -0.9806514 -0.1957532 -7.84037e-6 -0.9806532 -0.1957722 2.62019e-6 -0.9806494 -0.1957697 1.45371e-5 -0.9806499 -0.1957756 -5.42195e-6 -0.9806487 -0.1957556 -1.54197e-6 -0.9806528 -0.1957657 8.64831e-6 -0.9806507 -0.1957494 9.34887e-6 -0.9806541 -0.1957569 8.35482e-6 -0.9806526 -0.195767 3.4578e-6 -0.9806506 -0.1957687 -1.61611e-5 -0.9806501 -0.1957531 -1.57123e-5 -0.9806533 -0.1957772 3.01201e-6 -0.9806485 -0.1957661 2.74441e-6 -0.9806507 -0.1957715 -2.99481e-6 -0.9806496 -0.1957552 -2.10544e-6 -0.9806529 -0.1957456 -9.18189e-6 -0.9806547 -0.1957692 -3.93174e-7 -0.9806501 -0.1957607 -2.9798e-6 -0.9806517 -0.1957638 -3.03868e-6 -0.9806511 -0.1957588 -7.37555e-6 -0.9806521 -0.195765 1.75402e-6 -0.9806509 -0.1957516 1.18333e-6 -0.9806535 -0.1958349 -3.65307e-4 -0.9806369 0.9984638 -0.05535572 0.002401113 0.9984637 -0.05535721 0.002404987 0.9998266 -0.01846462 0.002407908 0.9998266 -0.01846444 0.002405226 0.9998266 0.0184639 0.002404868 0.9998267 0.01846438 0.002404808 0.9984638 0.0553565 0.002401232 0.9984639 0.05535465 0.002402365 0.1957486 -1.60762e-5 0.9806541 0.1957712 1.08543e-6 0.9806497 0.1957675 1.75979e-4 0.9806503 0.1957852 4.96371e-5 0.9806468 0.1957716 2.68937e-6 0.9806495 0.1957522 2.45426e-6 0.9806535 0.1957477 -2.91318e-5 0.9806543 0.1957473 -8.44353e-6 0.9806544 0.1957492 -3.64986e-6 0.9806541 0.195755 4.32474e-6 0.9806529 0.1957866 -1.69436e-5 0.9806466 0.1957561 5.39706e-6 0.9806526 0.1957499 0 0.9806539 0.1957345 1.33552e-6 0.980657 0.195753 1.67093e-6 0.9806533 0.195771 -6.05128e-6 0.9806497 0.1957698 -8.24327e-6 0.9806499 0.1957609 -6.73381e-6 0.9806517 0.19577 3.4049e-6 0.9806498 0.1957568 3.84224e-6 0.9806525 0.1957576 5.15186e-6 0.9806524 0.1957374 6.31646e-6 0.9806564 0.1957474 -7.65116e-7 0.9806544 0.1957626 9.82902e-6 0.9806514 0.1957677 -2.39448e-6 0.9806504 0.1957491 -2.53225e-6 0.980654 0.1957451 1.83725e-5 0.9806548 0.1957551 2.10193e-5 0.9806529 0.1957554 -4.36275e-6 0.9806528 0.1957612 -4.79134e-6 0.9806516 0.195735 2.06847e-5 0.9806569 0.1954854 0.001133382 0.980706 0.1957645 1.44723e-6 0.980651 0.195752 -3.24114e-6 0.9806535 0.1957553 -6.96473e-6 0.9806529 0.1957705 1.91266e-6 0.9806498 0.1957848 4.25592e-6 0.980647 0.1957647 -2.15141e-7 0.9806509 0.1957628 -3.48195e-6 0.9806513 0.1957702 -3.77702e-6 0.9806498 0.1957629 -3.86944e-7 0.9806513 0.1957835 3.58614e-6 0.9806472 0.1957716 -5.58811e-7 0.9806496 0.1957629 8.30618e-6 0.9806513 0.1957572 -2.11145e-6 0.9806524 0.1957656 -2.09176e-5 0.9806508 0.1957598 1.49869e-5 0.9806519 0.1957648 1.43616e-5 0.9806509 0.1957594 0 0.9806519 0.1957599 -6.43157e-6 0.9806519 0.1957618 -1.1856e-6 0.9806515 0.195766 2.13658e-6 0.9806507 0.1957554 -1.71413e-5 0.9806528 0.1957553 -1.1761e-5 0.9806529 0.1957775 1.57209e-5 0.9806483 0.195775 -9.94637e-6 0.9806489 0.9999972 0 0.002406775 0.9999971 0 0.002406775 -0.1957672 -6.88965e-6 -0.9806504 -0.1957494 3.61805e-6 -0.980654 -0.1957585 8.30564e-5 -0.9806522 -0.1957451 -9.47276e-6 -0.9806548 -0.1957576 -2.45419e-6 -0.9806524 -0.1957662 1.25385e-5 -0.9806506 -0.1957777 1.68871e-5 -0.9806483 -0.1957469 -1.50555e-5 -0.9806545 -0.1957444 3.93162e-7 -0.980655 -0.1957727 -7.23605e-7 -0.9806494 -0.1957497 -4.35871e-6 -0.980654 -0.1957566 2.70852e-6 -0.9806526 -0.1957526 2.91681e-6 -0.9806534 -0.1957535 2.32141e-6 -0.9806532 -0.1957446 -3.82469e-7 -0.9806549 -0.1957393 -2.7082e-6 -0.980656 -0.1957657 4.27907e-6 -0.9806508 -0.1957693 -3.09556e-6 -0.9806501 -0.1957763 2.39074e-7 -0.9806486 -0.1957692 -2.01169e-6 -0.9806501 -0.1957601 -1.05715e-5 -0.9806519 -0.1957696 2.18179e-5 -0.98065 -0.1957609 3.66048e-5 -0.9806517 -0.1957637 -5.70939e-6 -0.9806511 -0.1957554 -2.53442e-6 -0.9806528 -0.1957561 -2.62455e-6 -0.9806526 -0.1957557 -3.21607e-5 -0.9806528 -0.1957682 5.92806e-6 -0.9806502 -0.195766 5.34144e-6 -0.9806507 -0.1957759 3.26219e-5 -0.9806487 -0.1957743 1.82942e-5 -0.980649 -0.1957795 2.62018e-6 -0.980648 -0.1957756 -1.53021e-5 -0.9806488 -0.1957449 1.42327e-5 -0.9806549 -0.1957638 5.39711e-6 -0.9806511 -0.1957604 -9.84578e-6 -0.9806518 -0.1957036 -4.67449e-6 -0.9806632 -0.1957569 8.77257e-6 -0.9806526 -0.195761 3.45782e-6 -0.9806516 -0.1957648 1.55465e-6 -0.980651 -0.1957738 1.68345e-6 -0.9806491 -0.1957462 -8.77384e-6 -0.9806546 -0.1957728 -9.87954e-6 -0.9806494 -0.1957672 -3.18101e-6 -0.9806504 -0.1957501 -2.80726e-6 -0.9806538 -0.1957459 -8.41674e-6 -0.9806547 -0.1957695 1.96587e-6 -0.98065 -0.1957674 -3.033e-6 -0.9806504 -0.1957706 -3.03866e-6 -0.9806497 -0.1957654 4.59328e-6 -0.9806508 -0.1957666 -8.11318e-6 -0.9806506 -0.1957578 2.2802e-6 -0.9806523 -0.1957697 3.15554e-6 -0.98065 -0.1958061 -2.40729e-4 -0.9806426 0.9984639 -0.05535602 0.002401053 0.9984638 -0.05535709 0.002403736 0.9998267 -0.01846367 0.002407491 0.9998267 -0.01846265 0.002405226 0.9998266 0.01846593 0.002404868 0.9998266 0.01846212 0.002407908 0.9984639 0.05535602 0.002405047 0.9984637 0.05535757 0.002402365 0.1957795 -1.10736e-5 0.980648 0.1957659 6.29305e-6 0.9806507 0.1957707 9.17825e-6 0.9806498 0.1957497 1.18677e-5 0.980654 0.195761 1.08456e-5 0.9806516 0.1957513 8.1526e-6 0.9806537 0.1957572 -3.84391e-6 0.9806525 0.1957699 -3.58536e-6 0.98065 0.1955784 -2.38977e-5 0.9806881 0.1957789 -5.78665e-6 0.9806481 0.1957752 2.92232e-7 0.9806489 0.1957581 1.45891e-6 0.9806522 0.1957936 1.83454e-7 0.9806452 0.1957776 2.31598e-5 0.9806483 0.1957762 1.05523e-5 0.9806487 0.1957658 2.30798e-5 0.9806508 0.1957615 -8.14045e-6 0.9806516 0.195742 -6.36332e-6 0.9806554 0.1957442 -1.34241e-5 0.980655 0.1957574 -2.45433e-5 0.9806525 0.195747 -2.56818e-6 0.9806545 0.1957566 -4.22844e-6 0.9806526 0.1957732 8.15626e-6 0.9806493 0.1957659 -7.70617e-6 0.9806507 0.195756 -1.95493e-6 0.9806526 0.1957507 -2.08048e-6 0.9806537 0.1957542 -3.44282e-6 0.980653 0.195775 6.28764e-6 0.9806489 0.1957778 2.67732e-6 0.9806483 0.1957687 -1.76521e-6 0.9806501 0.1957646 1.91242e-6 0.980651 0.1957627 1.40245e-6 0.9806513 0.1957591 3.82521e-7 0.980652 0.1957546 -2.61193e-6 0.980653 0.1957557 1.29019e-6 0.9806527 0.1957384 0 0.9806562 0.1957628 8.51749e-6 0.9806513 0.1957581 1.10423e-6 0.9806522 0.1957398 -1.35067e-5 0.9806559 0.195747 5.23596e-6 0.9806545 0.1957634 3.71791e-6 0.9806512 0.1957654 6.48348e-6 0.9806508 0.195764 0 0.9806511 0.1957643 5.68233e-6 0.9806511 0.1957424 6.84168e-6 0.9806554 0.1957491 -1.44472e-5 0.9806541 0.1957542 -2.43121e-6 0.980653 0.195783 -2.27884e-5 0.9806473 0.1957585 -6.88767e-7 0.9806522 0.1957585 -1.37426e-6 0.9806522 0.1957617 5.9972e-6 0.9806516 0.1957727 7.23031e-6 0.9806494 0.9999971 0 0.002406775 0.9999972 -8.05258e-7 0.002406775 -0.19576 5.56575e-7 -0.9806519 -0.1957793 7.96732e-7 -0.980648 -0.1958035 0 -0.9806432 -0.1957626 -4.50082e-6 -0.9806513 -0.1957681 -8.76692e-7 -0.9806503 -0.1957852 -1.45888e-6 -0.9806469 -0.1957948 -9.17275e-7 -0.980645 -0.1957721 4.82501e-6 -0.9806495 -0.1957635 -1.98384e-5 -0.9806511 -0.1957604 -3.07756e-6 -0.9806517 -0.1957437 0 -0.9806552 -0.1957502 7.95396e-7 -0.9806538 -0.1957606 -2.31435e-6 -0.9806518 -0.1957666 -3.68352e-5 -0.9806506 -0.1957461 -6.42043e-6 -0.9806547 -0.195753 -6.15034e-6 -0.9806532 -0.1957499 -7.4148e-7 -0.9806539 -0.1957683 8.72025e-6 -0.9806502 -0.1957685 1.95493e-6 -0.9806502 -0.1957467 -1.17396e-5 -0.9806545 -0.1957646 -7.6504e-7 -0.980651 -0.1957406 3.53091e-6 -0.9806557 -0.1957699 -2.29489e-6 -0.98065 -0.1957693 -1.78934e-6 -0.9806501 -0.1957768 5.73709e-6 -0.9806485 -0.1957535 1.78942e-6 -0.9806531 -0.1957585 -4.20785e-6 -0.9806522 -0.1957803 1.25752e-6 -0.9806478 -0.1957654 -1.84312e-7 -0.9806508 -0.1957684 -3.27398e-7 -0.9806502 -0.1957694 -8.72029e-6 -0.98065 -0.1957518 1.62833e-5 -0.9806535 -0.1957567 -1.07886e-5 -0.9806526 -0.1957669 1.34141e-5 -0.9806505 -0.1957718 1.44602e-5 -0.9806496 -0.1958113 -1.11454e-5 -0.9806417 -0.1957578 3.30935e-6 -0.9806523 -0.1957655 -5.28199e-6 -0.9806508 -0.1957535 -6.19874e-6 -0.9806532 -0.195745 6.96394e-6 -0.9806549 -0.195767 -6.48353e-6 -0.9806505 -0.1957742 1.0198e-5 -0.980649 -0.1957606 -1.75823e-6 -0.9806517 -0.195723 -2.28487e-5 -0.9806593 -0.1957365 1.26529e-5 -0.9806566 -0.1957601 9.57387e-6 -0.9806518 -0.1957426 1.10427e-6 -0.9806554 -0.1957463 1.51956e-5 -0.9806546 -0.1957486 -3.80233e-6 -0.9806542 -0.1957831 -4.5441e-6 -0.9806472 -0.1957685 9.72537e-6 -0.9806501 -0.1957737 1.01293e-5 -0.9806491 -0.1957527 -1.65304e-5 -0.9806533 -0.1957868 -2.24795e-5 -0.9806466 0.9984639 -0.05535382 0.002401113 0.9984638 -0.05535787 0.002403736 0.9998266 -0.01846373 0.002407491 0.9998267 -0.0184617 0.002404808 0.9998266 0.01846432 0.002405226 0.9998266 0.01846331 0.002405285 0.9984638 0.05535721 0.002402365 0.9984637 0.05535727 0.002402365 0.1957615 1.11602e-5 0.9806516 0.1957655 6.29309e-6 0.9806508 0.1957702 9.88424e-6 0.9806498 0.1957724 -1.13691e-5 0.9806495 0.1957411 -1.20507e-6 0.9806556 0.1957569 7.41144e-6 0.9806525 0.195797 -3.48442e-6 0.9806445 0.195721 -3.58539e-6 0.9806596 0.1955761 -1.7923e-5 0.9806886 0.1957699 4.50075e-6 0.9806499 0.1957641 -6.8188e-7 0.9806511 0.1957342 -9.72602e-7 0.9806571 0.1958159 5.50358e-7 0.9806407 0.1957572 -8.68497e-6 0.9806524 0.1957625 4.38975e-5 0.9806513 0.1957747 -7.69325e-6 0.980649 0.1957781 4.34156e-6 0.9806482 0.1957606 5.56789e-6 0.9806517 0.1957808 7.4064e-6 0.9806477 0.1958187 2.69959e-4 0.9806401 0.1957583 -4.81537e-6 0.9806523 0.1957508 -4.22844e-6 0.9806537 0.1957623 7.78553e-6 0.9806514 0.1957656 0 0.9806507 0.1957522 -9.10005e-6 0.9806534 0.1957536 -2.73838e-6 0.9806532 0.1957508 -2.97212e-6 0.9806538 0.1957482 -3.06029e-6 0.9806542 0.1957442 -2.61179e-6 0.980655 0.1957648 1.91236e-6 0.980651 0.1957508 5.80344e-6 0.9806538 0.1957823 1.52993e-6 0.9806475 0.195733 -5.7791e-6 0.9806573 0.195718 -4.97282e-6 0.9806603 0.1957902 3.28907e-6 0.9806458 0.1957784 -2.39607e-6 0.9806482 0.1957907 -3.1103e-6 0.9806458 0.1957759 2.63637e-6 0.9806488 0.195774 -1.10423e-6 0.9806491 0.1957658 -2.70134e-5 0.9806508 0.1957705 3.55296e-6 0.9806498 0.1957446 4.54413e-6 0.9806549 0.1957539 -3.64698e-6 0.9806531 0.195802 3.22867e-5 0.9806435 0.1957741 -1.22256e-5 0.9806491 0.1957733 -1.2706e-5 0.9806492 0.1957484 -1.35974e-5 0.9806542 0.1957483 -2.43121e-6 0.9806542 0.1957859 -2.02562e-5 0.9806467 0.1957516 -1.37752e-6 0.9806536 0.1957585 -2.06138e-6 0.9806522 0.1957642 7.08769e-6 0.980651 0.1957671 7.23028e-6 0.9806504 0.9999971 0 0.002405405 0.9999971 0 0.002405464 -0.1957713 6.20348e-7 -0.9806495 -0.19573 7.96739e-7 -0.9806579 -0.1956219 1.19515e-5 -0.9806794 -0.1957625 9.9661e-6 -0.9806514 -0.1957679 -7.79282e-7 -0.9806503 -0.1957504 4.37672e-6 -0.9806538 -0.19573 3.48574e-6 -0.9806578 -0.1957524 -2.702e-5 -0.9806534 -0.1957522 1.35071e-5 -0.9806535 -0.1957533 -6.1547e-6 -0.9806532 -0.1957489 1.08542e-6 -0.9806541 -0.1957631 -1.59085e-6 -0.9806513 -0.1957747 8.79449e-6 -0.980649 -0.1957952 4.90838e-5 -0.9806449 -0.1957794 3.85231e-6 -0.980648 -0.1957693 4.22844e-6 -0.9806501 -0.1957452 -4.44889e-6 -0.9806548 -0.195762 -7.70627e-6 -0.9806515 -0.1957623 -2.34592e-6 -0.9806514 -0.1957377 7.43016e-7 -0.9806563 -0.1957646 -1.14756e-6 -0.980651 -0.1957406 3.91786e-6 -0.9806557 -0.1957699 -1.91241e-6 -0.98065 -0.1957681 -1.78933e-6 -0.9806502 -0.1957756 -2.29482e-6 -0.9806487 -0.1957785 1.76524e-6 -0.9806482 -0.1957715 1.53013e-6 -0.9806496 -0.1957564 -5.03011e-6 -0.9806526 -0.1957428 3.13331e-6 -0.9806553 -0.1957582 2.94659e-6 -0.9806522 -0.1957634 7.70633e-6 -0.9806511 -0.1957699 -5.20989e-6 -0.9806499 -0.1957625 1.07886e-5 -0.9806514 -0.1957674 -4.23605e-6 -0.9806504 -0.1957527 -5.42258e-6 -0.9806534 -0.1956827 1.11457e-5 -0.9806672 -0.195755 2.20621e-6 -0.9806528 -0.1957609 -5.28219e-6 -0.9806517 -0.1957513 -6.88771e-6 -0.9806537 -0.1957445 8.23009e-6 -0.980655 -0.1957663 -5.67307e-6 -0.9806506 -0.1957632 -1.96508e-6 -0.9806512 -0.1957967 1.11451e-6 -0.9806446 -0.1957812 3.61522e-6 -0.9806476 -0.1957485 1.19678e-5 -0.9806541 -0.1957659 -5.52131e-7 -0.9806507 -0.1957644 2.11048e-6 -0.980651 -0.1957708 -5.04896e-6 -0.9806497 -0.19577 -4.54411e-6 -0.9806498 -0.1957713 -1.8235e-5 -0.9806496 -0.1957436 -4.11503e-5 -0.9806552 -0.1957635 -2.41068e-6 -0.9806511 -0.1957575 -1.95476e-6 -0.9806523 0.9984638 -0.05535513 0.002401113 0.9984638 -0.05535626 0.002403795 0.9998267 -0.01846402 0.002407491 0.9998266 -0.01846373 0.002407431 0.9998266 0.01846289 0.002407848 0.9998266 0.01846551 0.002405226 0.9984637 0.05535793 0.002402365 0.9984638 0.05535721 0.002402365 0.1957488 1.12467e-5 0.9806541 0.1957525 -1.70813e-5 0.9806533 0.1957598 2.82408e-6 0.9806519 0.1957759 -1.56575e-5 0.9806487 0.1957652 -1.50633e-5 0.9806508 0.1957917 -1.18583e-5 0.9806455 0.1957626 4.07001e-6 0.9806514 0.1957455 3.98375e-6 0.9806547 0.1957577 -1.19481e-5 0.9806524 0.1957702 4.82224e-6 0.9806498 0.1957699 -9.74111e-7 0.9806499 0.1957267 -9.72603e-7 0.9806585 0.1957968 7.33827e-7 0.9806446 0.1957591 -1.92995e-6 0.980652 0.1957518 -1.35071e-5 0.9806535 0.1957622 -2.15414e-5 0.9806514 0.1957588 1.1397e-5 0.9806521 0.1957765 9.54511e-6 0.9806486 0.1957802 9.25762e-7 0.9806479 0.1957763 -1.22713e-5 0.9806486 0.195768 3.85229e-6 0.9806502 0.1957682 3.84402e-6 0.9806502 0.1957511 -8.52704e-6 0.9806537 0.1957731 0 0.9806492 0.1957646 9.90892e-6 0.980651 0.1957747 7.7587e-6 0.980649 0.1957508 -2.08048e-6 0.9806537 0.1957482 -3.44282e-6 0.9806542 0.1957442 -2.36996e-6 0.980655 0.1957531 1.5299e-6 0.9806532 0.1957539 -2.15214e-6 0.9806531 0.1957468 -4.97231e-6 0.9806545 0.1957538 1.40243e-6 0.9806531 0.1957532 7.65044e-7 0.9806532 0.1957902 3.48255e-6 0.9806458 0.1957784 -2.58038e-6 0.9806482 0.1957809 -3.11031e-6 0.9806477 0.1957632 -9.1259e-6 0.9806513 0.1957508 1.10426e-6 0.9806537 0.1957576 2.02606e-5 0.9806523 0.1957541 6.29584e-6 0.9806531 0.1957443 7.02297e-6 0.980655 0.1957598 -1.05355e-5 0.9806519 0.1957465 -1.32946e-5 0.9806545 0.1957525 5.68231e-6 0.9806534 0.1957432 6.84171e-6 0.9806553 0.1957791 1.65722e-5 0.9806481 0.1957673 -9.72515e-6 0.9806504 0.1957772 -7.5969e-6 0.9806485 0.1957625 -1.37425e-6 0.9806513 0.1957668 6.54242e-6 0.9806505 0.1957713 4.82017e-6 0.9806496 0.9999971 3.91606e-6 0.002406775 0.9999971 -3.91591e-6 0.002406775 -0.195761 -4.59307e-6 -0.9806517 -0.1957644 -1.80904e-6 -0.980651 -0.195555 1.6142e-4 -0.9806928 -0.1957694 7.89393e-6 -0.98065 -0.1957583 -3.85671e-6 -0.9806522 -0.1957671 1.58567e-5 -0.9806504 -0.1957719 5.62908e-6 -0.9806495 -0.1957543 -4.10604e-6 -0.9806531 -0.1957502 9.43587e-6 -0.9806538 -0.1957347 3.43717e-6 -0.9806569 -0.1957703 5.02927e-6 -0.9806498 -0.1957593 -4.64325e-6 -0.980652 -0.1957601 2.2474e-6 -0.9806518 -0.1957876 1.16069e-6 -0.9806464 -0.195765 -2.24703e-6 -0.9806509 -0.1957574 -1.54754e-6 -0.9806525 -0.1957698 -1.79289e-6 -0.98065 -0.1957407 3.0956e-6 -0.9806557 -0.1957646 -1.53008e-6 -0.980651 -0.1957588 1.67645e-6 -0.9806522 -0.1957502 -1.13266e-5 -0.9806539 -0.1957598 -1.40762e-6 -0.9806519 -0.1957637 -6.27523e-5 -0.9806512 -0.1957582 1.78419e-5 -0.9806523 -0.1957665 1.68962e-5 -0.9806506 -0.1957608 -2.62451e-5 -0.9806517 -0.1957533 0 -0.9806532 -0.1957481 -1.54129e-5 -0.9806542 -0.1957467 -1.38876e-5 -0.9806545 -0.1957656 2.26703e-5 -0.9806507 -0.1957723 -9.14775e-6 -0.9806494 -0.195763 -2.62018e-6 -0.9806513 -0.1957712 1.37721e-5 -0.9806496 -0.1957631 -4.74443e-6 -0.9806512 -0.1957585 -4.62596e-6 -0.9806522 -0.1957535 8.33758e-6 -0.9806531 -0.195775 7.3453e-6 -0.9806489 -0.1957694 4.59513e-6 -0.98065 -0.1957584 4.32222e-6 -0.9806522 -0.1957668 -1.57628e-5 -0.9806506 -0.1957578 -1.34671e-5 -0.9806523 -0.1957772 1.17856e-6 -0.9806485 -0.1957733 1.09773e-6 -0.9806493 -0.1957734 -5.1053e-6 -0.9806492 -0.1957603 -4.91282e-6 -0.9806519 -0.1957339 -6.12089e-6 -0.9806572 -0.1957738 3.14526e-6 -0.9806492 -0.1957669 -3.61831e-6 -0.9806504 -0.1957793 -3.03867e-6 -0.980648 -0.1957663 4.5933e-6 -0.9806507 -0.1957665 -8.48196e-6 -0.9806506 -0.1957635 7.01601e-7 -0.9806512 -0.1957455 0 -0.9806547 -0.1958271 -4.1527e-4 -0.9806384 0.9984637 -0.05535733 0.002404987 0.9984638 -0.05535566 0.002401113 0.9998267 -0.01846122 0.002404868 0.9998266 -0.01846468 0.002407491 0.9998266 0.01846456 0.002407908 0.9998266 0.01846486 0.002405226 0.9984639 0.05535483 0.002405047 0.1957557 -2.7557e-5 0.9806528 0.1957736 7.23613e-7 0.9806492 0.1959038 -7.11227e-5 0.9806231 0.1957709 1.26304e-5 0.9806497 0.1957413 -7.012e-7 0.9806556 0.19573 -2.36018e-5 0.9806579 0.1957635 -4.69106e-6 0.9806511 0.195733 -1.00367e-5 0.9806572 0.1957529 2.75217e-6 0.9806534 0.1957685 1.26632e-6 0.9806501 0.1957693 -3.24106e-6 0.9806501 0.1957522 -5.03032e-6 0.9806534 0.1957674 0 0.9806504 0.1957566 3.48195e-6 0.9806526 0.1957703 2.48614e-6 0.9806498 0.1957659 -1.93451e-6 0.9806507 0.1957414 -6.07179e-6 0.9806556 0.1957561 -2.70852e-6 0.9806527 0.1957834 5.59454e-6 0.9806472 0.1957716 2.23524e-7 0.9806495 0.1957548 -1.08439e-5 0.9806529 0.1957662 1.54195e-6 0.9806506 0.1957653 -3.9914e-7 0.9806509 0.195736 1.33553e-6 0.9806566 0.1957591 8.35492e-7 0.9806521 0.195775 -1.12379e-5 0.9806488 0.1957762 -1.09906e-5 0.9806486 0.1957756 -1.06614e-5 0.9806488 0.1957646 1.04763e-6 0.980651 0.1957581 2.74435e-6 0.9806523 0.1957668 2.59136e-6 0.9806505 0.1957328 3.50906e-6 0.9806573 0.1957344 2.29548e-6 0.9806569 0.1957713 1.1009e-5 0.9806496 0.1957609 -7.4495e-7 0.9806516 0.1957563 -1.51934e-6 0.9806526 0.195753 2.75592e-5 0.9806532 0.1957575 3.0978e-5 0.9806524 0.1957628 -4.29729e-6 0.9806513 0.1957452 -4.73333e-6 0.9806548 0.1954708 0.001120567 0.980709 0.195761 5.28549e-6 0.9806517 0.1957577 -5.63056e-6 0.9806523 0.1957637 -2.09174e-5 0.9806512 0.1957637 1.85561e-5 0.9806512 0.195771 1.68966e-5 0.9806497 0.1957594 7.87349e-6 0.9806519 0.1957747 -4.28785e-6 0.980649 0.1957641 0 0.980651 0.1957587 3.20496e-6 0.9806522 0.1957657 -1.49286e-5 0.9806508 0.1957623 -9.14728e-6 0.9806514 0.1957622 1.5721e-5 0.9806515 0.1957812 -1.60672e-5 0.9806476 0.9999972 0 0.002406775 0.9999971 0 0.002406775 0.9269615 0.344856 0.147705 0.9213369 0.3712595 0.1153471 0.9035589 0.4088619 0.1281141 0.9022056 0.4145292 0.1191251 0.8757763 0.4673411 0.120865 0.9874938 0.09950745 0.1222875 0.9879193 0.1011809 0.1173795 0.9785031 0.1648091 0.1239752 0.9786915 0.1661268 0.120685 0.9656959 0.2298269 0.1208762 0.9657918 0.2328374 0.1141622 0.9482538 0.2911734 0.126621 0.9481076 0.2938411 0.1214474 0.9336587 0.3375836 0.1196613 0.7558717 0.5594707 0.3400744 0.7629393 0.5405238 0.3546236 0.7797707 0.5253087 0.3406003 0.7851286 0.507145 0.3554957 0.8029274 0.488878 0.3410368 0.8066546 0.4716564 0.3561583 0.8248953 0.4503297 0.3416883 0.8270443 0.4343835 0.3568036 0.8453186 0.4099087 0.3426538 0.8460509 0.3954291 0.3575384 0.864352 0.3671175 0.3436867 0.8638974 0.3544278 0.3578579 0.8816818 0.3222674 0.3446462 0.8802755 0.3115009 0.357886 0.8969031 0.2757357 0.3457378 0.8948404 0.2669747 0.3577503 0.9097138 0.227967 0.3470617 0.9073164 0.2211538 0.3575863 0.9201406 0.1785814 0.348497 0.9177883 0.1737635 0.3570308 0.9280094 0.128122 0.3498334 0.9260264 0.1250899 0.3561288 0.9331386 0.07710081 0.3511525 0.9317715 0.07553142 0.3551014 0.6649876 0.7273752 0.1694604 0.7169285 0.614477 0.3292897 0.730634 0.5792707 0.3614132 0.774089 0.6244565 0.1041182 0.7532693 0.6464128 0.1213917 0.7437042 0.6557307 0.1300821 0.7537273 0.6404562 0.1473472 0.6806021 0.7301011 0.0610997 0.7014887 0.7058449 0.09847098 0.6679962 0.7331607 0.1275014 0.6930798 0.115281 0.7115833 0.7342422 0.3371379 0.5892594 0.6956703 0.1111048 0.7097173 0.6970478 0.1218204 0.7066005 0.7016291 0.118171 0.7026751 0.7026512 0.1263381 0.7002286 0.709365 0.1337155 0.6920416 0.7120437 0.132053 0.6896056 0.7172222 0.1474671 0.6810622 0.6622897 0.01373404 0.749122 0.6666558 0.01703345 0.7451711 0.6635883 0.01911312 0.7478538 0.6621283 0.02872371 0.7488399 0.6776189 0.07965481 0.7310867 0.6734767 0.07182723 0.7357105 0.6745623 0.06985431 0.7349055 0.6702412 0.06311565 0.7394546 0.6715576 0.06032222 0.7384929 0.6720844 0.05987274 0.7380501 0.6676558 0.05367153 0.7425329 0.6693977 0.04910141 0.7412799 0.6628848 0.04224663 0.7475286 0.6684693 0.03887248 0.7427232 0.6544489 0.02431124 0.7557153 0.6906713 0.1037587 0.7156866 0.6903678 0.104448 0.7158792 0.6885172 0.1063134 0.7173853 0.685909 0.09641075 0.7212724 0.6843993 0.09757828 0.7225484 0.6814221 0.08842563 0.7265293 0.6809676 0.08904236 0.7268801 0.6773264 0.08053582 0.7312613 0.6778686 0.0792734 0.7308967 0.6600862 0.7334395 0.1623356 0.6064167 0.7876315 0.109067 0.5818043 0.8026635 0.1312825 0.6856976 0.6303195 0.364028 0.6844999 0.6346189 0.3587741 0.630981 0.7339785 0.2512739 0.5860093 0.7938327 0.1625511 0.5247411 0.8446934 0.1055455 0.8731853 0.4750686 0.1088913 0.8551895 0.5035594 0.1227961 0.8472262 0.5130467 0.1378082 0.8393217 0.5313785 0.114787 0.8136011 0.5678185 0.1250419 0.8290913 0.5324887 0.17048 0.7703292 0.6359218 0.04686796 0.7230298 0.4743468 0.5022181 0.7363562 0.3967428 0.5480645 0.7458286 0.3908504 0.5394216 0.7479402 0.3612682 0.55684 0.7580538 0.3532636 0.5482328 0.7594328 0.3374876 0.556205 0.7665552 0.3310581 0.5502669 0.7668451 0.3158958 0.5587115 0.7749454 0.3075916 0.5521298 0.7741787 0.2931865 0.5609715 0.7829437 0.2829405 0.5540252 0.7811654 0.2694905 0.5631656 0.7903742 0.2571687 0.5560333 0.787718 0.2449225 0.5652551 0.797351 0.2300173 0.5579637 0.7940497 0.2192631 0.5669294 0.8037678 0.2016923 0.5597121 0.8000136 0.1925336 0.5682509 0.8093733 0.172392 0.5614231 0.8053734 0.1649038 0.5693684 0.8139961 0.1422728 0.5631774 0.8100889 0.1365147 0.5701927 0.8176797 0.1113299 0.5648058 0.8142243 0.1072412 0.5705596 0.8203437 0.0798735 0.5662654 0.8175426 0.07727187 0.5706603 0.8219158 0.04801911 0.5675815 0.820105 0.04671704 0.5703028 0.6397433 -0.180899 0.7469967 0.4234187 -0.8902924 0.1676197 0.2913038 -0.9355031 0.1999408 0.2895764 -0.9364429 0.1980416 0.1475792 -0.9777609 0.14901 0.1856022 -0.969043 0.1628113 0.2135627 -0.9592999 0.1847557 0.2147783 -0.9590928 0.1844217 0.2559505 -0.9488495 0.1848623 0.05666822 -0.9981599 0.02157968 0.05647617 -0.9981744 0.02140951 0.08110141 -0.9951562 0.05555838 0.09374785 -0.9909706 0.09585863 0.09090858 -0.9913415 0.09475064 0.1245039 -0.98492 0.1201306 0.4905596 -0.732792 0.4715582 0.4340733 -0.8840035 0.1735466 0.4595187 -0.8742747 0.1564809 0.1444636 -0.9782483 0.1488642 -0.09348589 -0.9200157 0.3805676 -0.1900796 -0.9514545 0.242083 -0.2102537 -0.9473186 0.2416213 -0.2574465 -0.9619237 0.09178406 -0.3952608 -0.9131859 0.09930008 -0.5056766 -0.8626018 0.01446843 -0.4167481 -0.8482509 0.3267897 -0.393736 -0.8586814 0.3280829 -0.2742466 -0.8212255 0.5003774 -0.1238054 -0.8787871 0.4608749 -0.03245425 -0.8464502 0.531478 0.01340925 -0.8536404 0.5206901 0.1463183 -0.8062835 0.5731475 0.1883747 -0.81391 0.5496048 0.3174006 -0.7644333 0.5611584 -0.8514018 -0.2098153 0.4807209 -0.8812448 -0.1268607 0.4553175 -0.7584161 -0.08684897 0.6459584 -0.6789404 -0.2117145 0.7030057 -0.6478611 -0.1155227 0.7529481 -0.4654823 -0.0554071 0.8833212 -0.4751505 -0.1797832 0.861342 -0.9337172 -0.1005457 0.3436026 -0.9812213 -0.1172251 0.153177 -0.966606 -0.2288336 0.1153614 -0.1712312 -0.1319228 0.9763587 -0.1667733 -0.139485 0.9760792 -0.3293651 -0.08167362 0.9406636 0.1828382 -0.2295125 0.9559782 0.09144675 -0.187677 0.9779647 0.6490213 -0.505674 0.5683884 0.5950858 -0.6866985 0.4175143 0.5841559 -0.6720761 0.4550558 0.5318527 -0.8389938 0.1149873 0.5097815 -0.8391886 0.1894347 0.356166 -0.1235384 0.9262203 0.1570263 -0.2065361 0.9657565 0.196496 -0.392413 0.8985551 -0.04447036 -0.4839254 0.8739787 -0.04022037 -0.4131543 0.9097725 -0.3049566 -0.5082374 0.8054169 -0.3082119 -0.4470334 0.8397421 -0.5427868 -0.525537 0.6551285 -0.551912 -0.478718 0.6828047 -0.7285078 -0.5344704 0.4285066 -0.7390215 -0.5054314 0.445406 0.3528463 -0.9174015 0.1840486 0.3661479 -0.9099938 0.1945432 0.3495237 -0.7729364 0.5295305 0.4706987 -0.722964 0.5057329 0.483787 -0.4878302 0.7266168 0.6248911 -0.4257912 0.6543799 0.6379742 -0.3769912 0.6714661 -0.830495 -0.5352738 0.1541429 -0.8312869 -0.5338473 0.1548203 -0.9323787 -0.326475 0.1551907 -0.835943 -0.2970028 0.4615072 -0.8302775 -0.3329486 0.4469727 -0.6469377 -0.2750247 0.7112196 -0.64348 -0.3330474 0.6892119 -0.3985666 -0.2510306 0.8821159 -0.3996209 -0.3266895 0.8564912 -0.1205024 -0.2263537 0.9665626 -0.1263862 -0.3147355 0.9407274 0.1656817 -0.2012375 0.965429 -0.01682668 -0.07249236 0.997227 0.5987463 -0.1177923 0.7922298 0.4172136 -0.1907704 0.8885603 0.4419597 -0.4505819 0.7756595 0.2839031 -0.5168356 0.8076386 0.2776188 -0.5480557 0.7890265 0.04174751 -0.6390895 0.7679986 0.045623 -0.5876247 0.8078464 -0.1924842 -0.6730664 0.7140949 -0.1975736 -0.628489 0.7523074 -0.4099236 -0.699535 0.585332 -0.4219484 -0.6653006 0.6159015 -0.5821617 -0.7159488 0.3853635 -0.5954326 -0.6947273 0.4035023 -0.6799207 -0.7206737 0.1354156 -0.686219 -0.7137167 0.1403998 -0.988448 5.78738e-6 0.1515605 -0.988242 0.001093566 0.1528947 -0.9402469 -0.001463711 0.3404905 -0.9147655 0.01305896 0.4037742 -0.8779468 -0.01414877 0.4785492 -0.8083577 0.01342052 0.5885387 -0.03101724 -3.13665e-4 0.9995188 -0.1388702 0.0208683 0.9900907 -0.1933413 -0.003994464 0.9811235 -0.3385118 0.001804351 0.9409604 -0.3437297 6.12989e-4 0.9390684 -0.48745 -0.001307964 0.8731499 -0.5050754 -0.0125004 0.8629847 -0.6643115 0.009571015 0.7473946 -0.6639614 0.009779512 0.747703 -0.7665559 -0.007556736 0.6421331 0.05488926 -2.90731e-4 0.9984925 0.138607 0.009370088 0.9903031 0.1295816 0.006334185 0.9915486 0.3368548 -0.008887469 0.9415147 0.3431949 -0.005944192 0.9392455 0.5841476 0.007060229 0.8116168 0.5728893 2.24424e-6 0.8196329 0.4647139 0.8640703 -0.1934518 0.6198205 0.7606051 -0.1931385 0.7525604 0.6296428 -0.1928803 0.8400437 0.5069867 -0.1931096 0.8087485 0.5554546 -0.1933806 0.8212541 0.5172656 -0.2407867 0.7045134 0.443713 -0.553877 0.7045437 0.4437545 -0.5538052 0.4711968 0.2967597 -0.8306065 0.4712159 0.296792 -0.8305842 0.1655533 0.1042646 -0.9806739 0.165572 0.1042863 -0.9806684 0.6890088 0.6984087 -0.1936293 0.7229666 0.6294155 -0.2848781 0.6284584 0.5470892 -0.5529318 0.6285068 0.5471749 -0.5527919 0.4207416 0.3662621 -0.829957 0.4208148 0.3663588 -0.8298773 0.1479584 0.1287915 -0.9805719 0.1479727 0.128811 -0.9805672 0.5444332 0.8160783 -0.1939293 0.5900352 0.7546507 -0.2869859 0.5131557 0.6562696 -0.553156 0.5132134 0.6564147 -0.5529302 0.3435596 0.4393816 -0.8300065 0.3435939 0.4394424 -0.82996 0.1208055 0.1544851 -0.9805818 0.1208328 0.1545265 -0.9805718 0.3801788 0.9042762 -0.1942902 0.4358407 0.85231 -0.2891552 0.3792506 0.741567 -0.5533963 0.3792845 0.7417295 -0.5531552 0.2539168 0.4964911 -0.830074 0.2539433 0.4965902 -0.8300067 0.08926576 0.1745196 -0.9805991 0.08929163 0.1746048 -0.9805817 0.0162248 0.2031236 -0.9790187 0.1596959 0.5339856 -0.8302751 0.2740179 0.7855495 -0.554821 0.3439099 0.918682 -0.1942924 0.07150357 0.1650115 -0.9836964 -0.1113386 0.234739 -0.9656611 -0.06968331 0.1470321 -0.9866742 -0.2751981 0.223457 -0.9350578 -0.2290914 0.1738061 -0.9577623 -0.4227418 0.2425378 -0.8731924 -0.3899472 0.1711674 -0.9047889 -0.5655611 0.2309129 -0.7917196 -0.5331683 0.1943637 -0.8233799 -0.6851292 0.2444759 -0.6861702 -0.6665412 0.194656 -0.7196055 -0.7928128 0.2344591 -0.5625627 -0.7775734 0.2118445 -0.5920317 -0.859478 0.237266 -0.452772 -0.8613907 0.2426891 -0.4462155 -0.9069727 0.2257497 -0.3555809 -0.9340234 0.2339751 -0.2699184 -0.9315159 0.2247059 -0.2859817 -0.9658095 0.2350893 -0.1092942 -0.9665203 0.2289263 -0.115893 0.2017698 0.5074913 -0.8377003 0.04812741 0.5636495 -0.8246109 0.07852691 0.5072116 -0.8582365 -0.09670054 0.5740976 -0.8130567 -0.06324809 0.5409275 -0.8386878 -0.2316092 0.5985052 -0.7669086 -0.2122461 0.5519767 -0.8063953 -0.3657879 0.6062846 -0.7061291 -0.3439376 0.5815307 -0.7372442 -0.4798842 0.6241725 -0.6165387 -0.4733712 0.5914357 -0.6527814 -0.5857607 0.6290202 -0.511095 -0.577476 0.6137453 -0.5383663 -0.6652805 0.6390939 -0.3859544 -0.667956 0.6213051 -0.4096522 -0.7265923 0.6407883 -0.2478995 -0.7269992 0.6347002 -0.2619695 -0.7594327 0.6427786 -0.1004868 -0.7619801 0.6388229 -0.1062623 0.3028346 0.7703858 -0.5610677 0.1946017 0.809552 -0.5538555 0.2178306 0.7820144 -0.5839549 0.092552 0.8299371 -0.5501259 0.1175932 0.8116676 -0.5721604 -0.004662454 0.8530365 -0.5218305 0.009854316 0.8297705 -0.5580179 -0.1014844 0.8695079 -0.4833807 -0.08475065 0.8556659 -0.5105422 -0.1851654 0.8867171 -0.4236116 -0.1816715 0.8704385 -0.4575284 -0.2628616 0.898116 -0.3525501 -0.2569472 0.8898559 -0.3770077 -0.3220715 0.9082912 -0.2669775 -0.3263765 0.8999112 -0.2892026 -0.3673787 0.9141032 -0.1716052 -0.3685048 0.9111279 -0.184527 -0.3929068 0.9169379 -0.06963652 -0.3957834 0.9152892 -0.07484239 0.3551632 0.9139014 -0.1965796 0.3080258 0.9313641 -0.1941158 0.3202261 0.9243429 -0.2074738 0.2632187 0.9455138 -0.1916236 0.2777946 0.9388893 -0.2032665 0.2208595 0.9584645 -0.1804632 0.2321733 0.9513794 -0.2024175 0.179409 0.9695919 -0.1664453 0.1922433 0.9637663 -0.1849246 0.1445752 0.9789054 -0.1443688 0.1497456 0.9740744 -0.1695739 0.1118345 0.9864864 -0.1197399 0.117846 0.9832131 -0.1392996 0.08816117 0.9920368 -0.08994781 0.08645534 0.9903193 -0.108597 0.06915009 0.9959369 -0.0576905 0.068888 0.9952304 -0.06907218 0.05882608 0.9980008 -0.02310478 0.05676978 0.997999 -0.02784532 -0.9949114 0 -0.100754 -0.09679335 7.59453e-6 -0.9953045 -0.6332297 -0.00272423 -0.7739592 -0.469621 0.003017365 -0.8828629 -0.4690754 0.00270009 -0.883154 -0.3202148 -0.001580417 -0.9473437 -0.2920905 -0.009636104 -0.9563422 -0.1573077 0.01130682 -0.9874849 -0.02978426 -0.02816134 -0.9991596 -0.8812906 -0.009296417 -0.4724835 -0.8274207 0.003684282 -0.5615706 -0.7727388 -0.009817302 -0.6346483 -0.7250617 0.0129913 -0.6885613 -0.6084532 -0.01763516 -0.7933938 -0.9940676 0.004024565 -0.1086906 -0.9633476 -0.002629518 -0.2682437 -0.9563856 -0.01091474 -0.2919034 -0.935437 4.36035e-6 -0.3534935 -0.8924892 -9.88053e-6 -0.4510688 4.32404e-6 -1.5175e-5 -1 1.71843e-5 1.22607e-5 -1 1.25432e-5 1.14703e-5 -1 1.90036e-5 5.19201e-6 -1 9.99371e-6 2.3065e-6 -1 9.59828e-6 1.60396e-6 -1 3.29409e-6 -2.82668e-6 -1 1.61444e-6 -3.40656e-6 -1 1.78057e-5 7.74392e-6 -1 0.001040041 -0.8648971 -0.5019481 -0.01051723 -0.8523306 -0.5228977 0.01225978 -0.7560206 -0.6544331 0.001385152 -0.6211413 -0.7836974 -0.05292642 -0.5322439 -0.8449351 0.003165483 -0.4595432 -0.8881498 1.35277e-4 -0.1138154 -0.993502 -0.1720408 -0.1836801 -0.9678139 -0.06972616 -0.1858958 -0.9800924 -0.001498818 -0.2940182 -0.9557987 0.1689832 -0.2840312 -0.9438067 0.05625295 -0.1845499 -0.981212 9.34428e-5 -0.08213335 -0.9966214 1.03784e-4 -0.7384805 -0.6742749 0.0912199 -0.7343295 -0.672636 -0.3183577 -0.5054912 -0.8019521 0.2458985 -0.5495772 -0.7984353 0.05963242 -0.4859755 -0.8719357 0.2263255 -0.8294892 -0.5106119 0.6434364 -0.591019 -0.486504 0.9131733 -0.2182321 -0.3442229 0.9718156 0.2041853 -0.1178253 0.2463983 -0.7987873 -0.5488414 0.210631 -0.7192189 -0.6620867 0.2463153 -0.6669698 -0.7031928 0.2044637 -0.5778632 -0.7901068 0.22928 -0.511657 -0.8280325 0.1831992 -0.4162217 -0.8906164 0.2273295 -0.3294546 -0.9163957 0.1846494 -0.2448387 -0.9518187 0.2008578 -0.1582004 -0.966762 0.1552122 -0.07121133 -0.9853112 0.2062352 0.02935278 -0.9780622 0.6533882 -0.5586252 -0.5109029 0.6169503 -0.4789366 -0.6244935 0.6349295 -0.4264367 -0.6442176 0.5936193 -0.336048 -0.7312236 0.6040013 -0.2767708 -0.7473824 0.5572745 -0.1809917 -0.8103623 0.5782276 -0.1066772 -0.8088715 0.5361674 -0.02117389 -0.8438461 0.5400098 0.04712694 -0.8403384 0.4946454 0.1323888 -0.8589524 0.5190581 0.2078242 -0.8290885 0.912822 -0.1902981 -0.3613069 0.8873007 -0.1348736 -0.441029 0.8878163 -0.09167778 -0.4509739 0.8589442 -0.02792042 -0.5113075 0.8552136 0.01780807 -0.5179699 0.8220949 0.08550328 -0.5628937 0.8214249 0.1392166 -0.5530642 0.7915152 0.2005104 -0.5773207 0.7842233 0.2472021 -0.5691089 0.7513588 0.3089435 -0.5831073 0.7525701 0.356364 -0.5537536 0.9660623 0.2226151 -0.1310203 0.9590384 0.2381175 -0.1534454 0.9508054 0.2646123 -0.1610884 0.9422872 0.283237 -0.1785268 0.9330974 0.3093959 -0.1833125 0.9221513 0.3320559 -0.1984342 0.9130408 0.359004 -0.193579 0.9017462 0.3819351 -0.2024334 0.8932902 0.4031614 -0.1987296 0.8790751 0.4303361 -0.2050316 0.8729885 0.4478533 -0.19318 0.9779535 0.08037042 -0.1927371 0.9779543 0.08036571 -0.1927356 0.82999 0.06812918 -0.553602 0.8299857 0.06813204 -0.553608 0.5556437 0.04548966 -0.8301752 0.555656 0.04550081 -0.8301665 0.1966831 0.01595705 -0.9803373 0.1967186 0.01602864 -0.980329 0.9765 0.09642094 -0.1927456 0.976501 0.09642124 -0.1927401 0.8287501 0.08173644 -0.5536178 0.828754 0.08177 -0.5536068 0.5548444 0.05466705 -0.8301562 0.5548219 0.05461615 -0.8301747 0.1963939 0.01918154 -0.9803375 0.1963991 0.01917648 -0.9803365 0.1985962 -0.001818597 -0.9800797 0.5560197 0.04302614 -0.8300547 0.8286941 0.08233284 -0.5536131 0.193459 -0.01552611 -0.9809855 0.2030446 -0.09087479 -0.9749434 0.189064 -0.1098999 -0.9757956 0.2010558 -0.1768871 -0.9634768 0.1962677 -0.1968322 -0.9605916 0.2084311 -0.2600852 -0.9428215 0.1914128 -0.2863393 -0.9388136 0.2131913 -0.3766971 -0.9014703 0.1949428 -0.4063554 -0.8926773 0.2113384 -0.4634705 -0.8605414 0.2055087 -0.4893515 -0.8475266 0.2219185 -0.5431 -0.8098114 0.2030553 -0.5739581 -0.7933101 0.2288174 -0.6479543 -0.7264969 0.2103649 -0.6765161 -0.7057425 0.553097 0.03436118 -0.8324081 0.5599307 -0.02041512 -0.8282879 0.5527169 -0.03158199 -0.8327705 0.5619639 -0.08191359 -0.8230959 0.5597848 -0.09295696 -0.8234075 0.5691729 -0.1426631 -0.8097467 0.5616075 -0.1570467 -0.8123629 0.5790449 -0.2290886 -0.7824484 0.5715723 -0.245065 -0.7831019 0.5861174 -0.2944637 -0.754823 0.5840976 -0.3077607 -0.7510749 0.5989145 -0.3571039 -0.7167833 0.5919298 -0.3739113 -0.7140095 0.6155416 -0.4414062 -0.6528929 0.609061 -0.4575248 -0.6478546 0.8277722 0.07814228 -0.5555962 0.8307427 0.05462002 -0.5539705 0.829064 0.05076736 -0.5568444 0.8332809 0.027498 -0.5521655 0.8330337 0.02490174 -0.5526616 0.8378189 -1.34729e-4 -0.5459484 0.8371391 -0.002315521 -0.5469852 0.8463141 -0.04026329 -0.5311604 0.8461254 -0.04102152 -0.5314031 0.8547773 -0.07050013 -0.5141843 0.8547812 -0.07031619 -0.5142031 0.8644769 -0.1024993 -0.4921114 0.8646836 -0.1013229 -0.4919921 0.8801618 -0.1455785 -0.451799 0.8804713 -0.1433772 -0.4518997 0.9683626 0.1963255 -0.1540461 0.9665085 0.2009576 -0.1596164 0.9700329 0.1808674 -0.1622444 0.9664481 0.1911439 -0.1715872 0.9689326 0.1729416 -0.1768074 0.9668552 0.17967 -0.1814101 0.9689533 0.1676395 -0.1817322 0.9683002 0.1699275 -0.1830834 0.969161 0.1571055 -0.1898551 0.9703275 0.1522614 -0.1878327 0.9704281 0.1439019 -0.1938078 0.9715602 0.138185 -0.1922909 0.9718978 0.1338033 -0.1936788 0.973521 0.1244423 -0.1917577 0.9733498 0.1223331 -0.1939712 0.9750612 0.1093842 -0.193108 0.9750698 0.1099302 -0.1927545 0.968935 0.202515 -0.1419597 0.9708178 0.1976761 -0.1357828 0.89629 -0.1808576 -0.4049134 0.8961248 -0.1831423 -0.4042516 0.6271249 -0.526975 -0.5735956 0.6312255 -0.5140025 -0.5808236 0.2202423 -0.7578856 -0.6140869 0.2329095 -0.7349827 -0.6368309 0.9699079 0.2081869 -0.1262416 0.9740207 0.1900905 -0.1230823 0.9123647 -0.2166972 -0.347323 0.9120736 -0.2193208 -0.3464395 0.6433429 -0.590816 -0.4868742 0.6484297 -0.5788336 -0.4944599 0.2260098 -0.8287492 -0.5119516 0.2415996 -0.809505 -0.5350995 0.006956577 -0.6123516 -0.790555 0.001048326 -0.8580534 -0.5135596 0.01929324 -0.8678732 -0.496411 -0.02153813 -0.752129 -0.6586638 0.05400222 -0.7919245 -0.6082264 -0.002117693 -0.7234299 -0.6903946 0.002298057 -0.03345692 -0.9994376 0.01460671 -0.09313863 -0.9955461 1.07336e-4 -0.134312 -0.9909392 0.01122796 -0.6170044 -0.7868797 5.12174e-5 -0.5363795 -0.8439769 0.01088267 -0.452663 -0.8916153 0.006501734 -0.4459618 -0.8950285 -0.003740966 -0.2808749 -0.9597371 0.02360951 -0.315712 -0.9485613 0.003447294 -0.2280825 -0.9736357 -0.09682756 -6.06917e-6 -0.9953012 -0.8812862 0.009295761 -0.4724916 -0.02982366 0.02814972 -0.9991588 -0.1572885 -0.01129537 -0.9874882 -0.2921031 0.00965178 -0.9563382 -0.3202743 0.001581549 -0.9473235 -0.4690539 -0.002697944 -0.8831654 -0.4696196 -0.00302577 -0.8828637 -0.6332228 0.002716124 -0.7739648 -0.6084229 0.0176382 -0.7934169 -0.7686184 -0.02579003 -0.6391876 -0.7274992 0.01986622 -0.6858209 -0.827413 -0.003684163 -0.5615818 -0.9940823 0 -0.1086295 -0.9948922 -0.004343152 -0.10085 -0.9633489 0.002626836 -0.2682389 -0.956386 0.01091599 -0.291902 -0.9354468 -2.5377e-6 -0.3534675 -0.8924834 1.38333e-5 -0.4510804 1.31528e-5 -6.02305e-6 -1 1.26509e-5 -1.18193e-5 -1 1.34666e-5 -1.06124e-5 -1 1.16463e-5 2.09076e-6 -1 8.00661e-6 -1.50835e-6 -1 3.29299e-6 9.05037e-6 -1 -5.81866e-6 -6.86203e-6 -1 1.6066e-5 1.98403e-6 -1 -1.10192e-5 1.13868e-5 -1 0.001062333 0.8511339 -0.5249476 -0.01416993 0.8657025 -0.5003584 0.01597237 0.7382023 -0.6743903 -0.02839553 0.3787636 -0.9250578 0.05953675 0.4859069 -0.8719804 0.1674133 0.5252833 -0.8342964 -0.08420634 0.6570327 -0.7491445 0.09101295 0.7343299 -0.6726636 0.05626863 0.1845493 -0.9812112 1.11163e-4 0.08212488 -0.9966221 0.05778461 0.1859003 -0.9808681 -0.06976026 0.185892 -0.9800907 1.07087e-4 0.1138107 -0.9935026 -9.59289e-5 0.7572547 -0.6531197 0.001408934 0.6211602 -0.7836824 -0.05292975 0.5322318 -0.8449426 0.00316888 0.4595319 -0.8881557 -0.001498937 0.2940715 -0.9557822 0.00343436 0.2280866 -0.9736349 0.01475846 0.277548 -0.9605985 8.95394e-5 0.1343252 -0.9909374 0.01459437 0.09313941 -0.9955461 0.002283632 0.03344488 -0.999438 -0.001236736 0.3222703 -0.9466469 0.006513774 0.4459539 -0.8950324 0.01087796 0.4526489 -0.8916225 5.37751e-5 0.5363374 -0.8440037 0.01047009 0.6116759 -0.7910392 0.00104016 0.870548 -0.4920826 0.01472067 0.8566353 -0.5157126 -0.004594862 0.8043255 -0.5941712 0.01599788 0.7467129 -0.6649541 -0.002134442 0.7234181 -0.690407 0.00648123 0.6183204 -0.7858995 0.002286553 2.52366e-6 -0.9999974 0.002280294 1.41624e-5 -0.9999974 0.002292275 3.63227e-5 -0.9999974 0.002295911 -5.21715e-7 -0.9999974 0.002297759 -1.08154e-6 -0.9999974 0.002295434 2.37003e-6 -0.9999974 0.002292156 -1.59163e-5 -0.9999974 0.002296209 -3.69132e-6 -0.9999974 0.002283275 2.62269e-6 -0.9999975 0.00229156 4.67871e-6 -0.9999974 0.002273559 -2.35787e-6 -0.9999974 0.002285718 -4.52174e-6 -0.9999974 0.002287685 8.2207e-7 -0.9999974 0.002284228 2.6166e-5 -0.9999974 0.002279579 -1.32279e-7 -0.9999974 0.002286434 -3.29564e-6 -0.9999974 0.002291977 3.96228e-5 -0.9999974 -0.9844476 0.1756688 -0.001859128 -0.9941482 0.1079931 -0.002623319 -0.9954765 0.09497898 -0.002395629 -0.9954773 0.094971 -0.002395391 -0.9898585 0.1420216 -0.003192126 -0.9813628 0.1921506 -0.002294242 -0.9662044 0.2577653 -0.002473771 -0.9707742 0.2399742 -0.003175497 -0.9354497 0.353459 -9.19512e-4 -0.9585901 0.2847431 -0.005155444 -0.9471043 0.3209058 -0.003595471 -0.9367722 0.349929 -0.0027619 -0.8350901 0.5501047 -0.003075301 -0.8494568 0.5276544 -0.00204426 -0.887918 0.4599969 -0.002154946 -0.8733686 0.4870553 -0.002093255 -0.8594434 0.5112262 -0.002248942 -0.9280586 0.3724269 -0.002371609 -0.9211392 0.389227 -0.002228677 -0.8979593 0.4400736 -0.002100348 -0.9113225 0.4116808 -0.003212749 -0.9008948 0.4340295 -0.002639055 -0.7886247 0.614872 -0.001897871 -0.7575267 0.6528042 -7.29091e-5 -0.7231765 0.6906611 -0.001740634 -0.650527 0.7594817 -0.001565873 -0.6124732 0.7904915 2.00857e-4 -0.5704066 0.8213614 -0.001409113 -0.4672358 0.8841321 -0.001072406 -0.5044564 0.8634369 8.26268e-4 -0.3843294 0.923192 -0.002771735 -0.4636426 0.8860222 6.49027e-4 -0.2574722 0.9662855 -6.15263e-4 -0.2688043 0.9630677 -0.01565027 -0.268098 0.9633004 -0.01326948 -0.2621669 0.9650106 -0.004815161 -0.3179364 0.9481065 -0.003253877 -0.2862132 0.9581658 6.79086e-4 -0.2707378 0.962618 -0.008229553 -0.3167814 0.9484894 0.004162132 -0.3490124 0.9368045 0.02424383 -0.3191078 0.9477183 -5.40715e-4 -0.3792489 0.9252942 -0.001030087 -0.4265128 0.9044815 -4.16135e-4 -0.2645092 0.9643031 0.01242882 -0.2650921 0.9642034 0.006168782 -0.2809354 0.9597226 -0.002783 -0.3554165 0.9344103 -0.0235939 -0.3493521 0.9368194 -0.01796233 -0.2908707 0.9567623 3.60662e-4 -0.2534672 0.9673438 -6.10161e-4 -0.2608955 0.9653521 0.005377948 0.6098423 0.006079912 0.7924996 0.6201921 -0.009266018 0.7843952 0.6183359 0.01129865 0.7858327 0.6207249 0.005826175 0.7840068 0.6085724 0.008118748 0.7934569 0.6110799 -0.00652951 0.7915419 0.6001561 0.005926489 0.799861 0.5996059 0.0076918 0.8002585 0.6027121 -0.005031406 0.797943 0.5932621 0.00481522 0.804995 0.5926901 0.006097793 0.8054076 0.5920578 -0.005377173 0.8058777 0.5878144 0.004344701 0.8089843 0.5860447 -0.00417459 0.8102679 0.5854414 0.003031253 0.8107091 0.585182 -0.002353191 0.8108987 0.5839613 0.002093315 0.8117788 0.583993 0.001124143 0.8117581 0.5820074 -0.001321494 0.8131824 0.5821524 3.78191e-4 0.8130796 0.5815407 -4.13506e-4 0.8135173 0.5815423 -3.9257e-4 0.8135161 0.5821748 3.737e-4 0.8130636 0.5820919 -0.001021623 0.8131225 0.5840626 0.001120984 0.8117079 0.5839596 -0.002096652 0.81178 0.5851802 0.002349257 0.8109 0.5854434 -0.003025233 0.8107076 0.5853961 -0.003572225 0.8107396 0.590945 0.002830982 0.806707 0.5880417 -0.00381577 0.8088217 0.5968728 0.003364622 0.8023289 0.5932629 -0.004814028 0.8049945 0.6027043 0.005027115 0.7979488 0.5996049 -0.007647216 0.8002597 0.6001443 -0.005932331 0.7998699 0.6108106 0.006221413 0.7917523 0.607728 -0.007324337 0.7941116 0.6260856 -0.001138865 0.7797536 0.6207395 -0.005811333 0.7839954 0.6248687 0.003777921 0.7807208 0.6109282 -0.003162741 0.7916797 0.6092201 -0.005338966 0.7929834 0.682443 0 0.7309389 0.683727 -0.003307521 0.7297305 0.6260934 0.001134872 0.7797473 0.6310434 2.37278e-4 0.7757475 0.6401298 -8.98684e-4 0.7682663 0.6375575 0.0020864 0.7704001 0.6524499 -0.002651751 0.7578272 0.6483671 0.005183994 0.7613103 0.6653912 -0.007044017 0.7464616 0.6613239 0.008479893 0.7500526 0.6689307 0.0016492 0.743323 0.6354424 5.63184e-4 0.7721481 0.6414657 -8.55064e-4 0.7671513 0.645555 4.40818e-4 0.7637137 0.654502 -8.07621e-4 0.7560599 0.6572904 0.001186072 0.7536365 0.6693499 -0.001268327 0.7429463 0.6688988 -0.001672029 0.7433516 0.6837282 0.00329709 0.7297294 0.682449 1.73697e-6 0.7309333 -0.9954763 -0.09498113 -0.002395987 -0.9813638 -0.1921452 -0.002294123 -0.9898579 -0.1420252 -0.003192067 -0.9844498 -0.1756564 -0.001859009 -0.9954011 -0.09575539 -0.002759635 -0.994147 -0.1080104 -0.00239247 -0.9280709 -0.372396 -0.002371847 -0.9367783 -0.3499128 -0.002761662 -0.9471046 -0.320905 -0.00359559 -0.9585894 -0.2847453 -0.005154907 -0.9708636 -0.2396205 -0.002424836 -0.9662212 -0.257699 -0.002830207 -0.9354497 -0.353459 -9.19239e-4 -0.8594629 -0.5111938 -0.002121686 -0.873359 -0.4870727 -0.002083659 -0.8879114 -0.4600089 -0.00227493 -0.9008033 -0.434218 -0.002877473 -0.8954438 -0.4451676 -0.00254184 -0.9116552 -0.4109506 -0.002174913 -0.9211167 -0.3892804 -0.002228379 -0.8350781 -0.5501246 -0.002754807 -0.8463724 -0.5325877 -0.002036869 -0.7575261 -0.6528023 -0.001823008 -0.7875653 -0.6162296 0.001471757 -0.7231761 -0.6906616 -0.001740217 -0.6124731 -0.7904901 -0.001473665 -0.3792099 -0.9253102 -0.001030325 -0.6488447 -0.7609192 0.001646697 -0.5704153 -0.8213554 -0.001408994 -0.4672368 -0.8841317 -0.001072287 -0.5044553 -0.8634375 8.26402e-4 -0.3843486 -0.9231839 -0.002771139 -0.4636704 -0.8860076 6.50355e-4 -0.4265075 -0.904484 -4.16138e-4 -0.349022 -0.9368014 0.02422422 -0.3168641 -0.9484617 0.004182994 -0.2808649 -0.9597433 -0.002792596 -0.2650787 -0.9642074 0.006121516 -0.2644934 -0.9643076 0.01242512 -0.2608958 -0.9653518 0.005407869 -0.2534312 -0.9673532 -6.10842e-4 -0.2862441 -0.9581565 6.8368e-4 -0.3179538 -0.9481008 -0.003247976 -0.3553823 -0.9344242 -0.02355772 -0.3191424 -0.9477067 -5.41657e-4 -0.2908709 -0.9567623 3.60878e-4 -0.3493514 -0.9368197 -0.01796293 -0.2574782 -0.966284 -6.15863e-4 -0.2621559 -0.9650137 -0.004803478 -0.2681057 -0.963298 -0.01327759 -0.26883 -0.9630593 -0.01572602 -0.2707851 -0.9626048 -0.008217275 -0.1303395 3.23794e-4 0.9914695 0.572894 0 0.8196295 0.5841597 -0.007063746 0.811608 0.3431594 0.005941867 0.9392584 0.3368729 0.008879542 0.9415084 0.1296233 -0.00634092 0.9915431 0.1386448 -0.009366571 0.9902979 0.0549376 2.77243e-4 0.9984898 -0.04368257 -0.06353133 0.9970234 -0.1932571 0.003989338 0.98114 -0.3386428 -0.00181508 0.9409133 -0.3438562 -6.1164e-4 0.9390221 -0.4874281 0.001307904 0.8731622 -0.5050262 0.01248061 0.8630138 -0.6642892 -0.009588539 0.7474141 -0.6639909 -0.009755432 0.7476771 -0.8057278 0.01501715 0.5920955 -0.7685794 -0.02701818 0.6391837 -0.9126421 0.03075444 0.407601 -0.9884489 0 0.1515549 -0.9882414 -0.001093029 0.1528974 -0.9402446 0.001462101 0.3404967 -0.8792165 -0.03001177 0.4754764 0.6489986 0.5057329 0.5683619 0.05665719 0.9981358 0.02269357 0.08153039 0.9950391 0.05701088 0.09380149 0.990943 0.09609067 0.09381949 0.9909585 0.09591269 0.1256964 0.9845435 0.1219613 0.1457421 0.9777567 0.1508347 0.1451638 0.9782481 0.1481826 0.1859602 0.9689423 0.1630023 0.2154361 0.9586113 0.1861497 0.2140845 0.959412 0.1835662 0.2573172 0.9483604 0.185474 0.2915408 0.9356586 0.1988645 0.2957146 0.934906 0.1962237 0.3659716 0.9119067 0.1857173 0.3599088 0.9126442 0.193769 0.4883219 0.8613118 0.1402986 0.4881477 0.8612508 0.1412765 0.5710553 0.7609807 0.3079031 0.6041378 0.6652213 0.4387462 0.5827724 0.6929216 0.424542 0.4669696 0.7411786 0.4822797 -0.3965942 0.9166229 0.05015474 -0.4836443 0.8680176 0.1124001 -0.4129877 0.8462355 0.3366405 -0.3994541 0.8594992 0.3189006 -0.2743209 0.8211565 0.5004499 0.05711823 0.9981372 0.0214439 -0.2575795 0.9618888 0.09177565 -0.207358 0.9456273 0.2505829 -0.1951445 0.952419 0.2341296 -0.09335619 0.9200552 0.380504 -0.1236881 0.8787944 0.4608923 -0.006916344 0.8353194 0.5497215 -0.01664912 0.8616378 0.5072505 0.1753757 0.7932646 0.5830735 0.1557933 0.8237699 0.545098 0.3449137 0.7516027 0.5622525 -0.704506 0.3219524 0.6324697 -0.7055777 0.07164084 0.705002 -0.8676193 0.1219025 0.4820546 -0.870257 0.1887479 0.4550024 -0.9666119 0.228813 0.1153519 -0.9812237 0.1172145 0.1531692 -0.9337126 0.1005142 0.3436244 -0.6479033 0.1156737 0.7528884 -0.4971101 0.06562882 0.865202 -0.4448611 0.1588898 0.8813925 -0.3295111 0.08168619 0.9406114 -0.1697465 0.1385481 0.9757 -0.1685131 0.1307809 0.976985 -0.01696813 0.07245707 0.9972272 0.1598876 0.2191522 0.9625011 0.1775407 0.1986101 0.9638639 0.4018676 0.1025654 0.9099356 0.3673977 0.2080578 0.9064938 0.6327524 0.1020013 0.7676067 0.6029677 0.1950615 0.7735511 0.1964992 0.3923915 0.8985639 -0.01899605 0.4757333 0.8793844 -0.06390017 0.4230765 0.9038381 -0.283884 0.5019982 0.8169503 -0.3278018 0.4547933 0.8280756 -0.5291564 0.5219867 0.668972 -0.5645362 0.4835975 0.668904 -0.7226695 0.5332242 0.4397963 -0.7443093 0.5075129 0.4340903 -0.831416 0.533818 0.1542266 -0.8303787 0.5352647 0.1547995 0.637983 0.3769479 0.6714819 0.6248739 0.4258413 0.6543637 0.4426108 0.50243 0.7427381 0.4801257 0.4315114 0.763726 0.2839565 0.5168355 0.8076199 -0.9323661 0.3265052 0.1552032 -0.8416141 0.2989186 0.4498149 -0.8244648 0.331287 0.4588102 -0.660552 0.2796159 0.6967682 -0.6294746 0.3286694 0.7040868 -0.4198162 0.2585292 0.8700099 -0.3774622 0.3194683 0.8691734 -0.1465176 0.236497 0.9605216 -0.09887111 0.3051431 0.9471601 0.1656355 0.2012407 0.9654363 0.09152889 0.1877306 0.9779467 0.4316766 0.8859359 0.1696259 0.4324932 0.8859019 0.1677122 0.4932723 0.7117536 0.5000894 0.3197857 0.7827964 0.533823 0.2776514 0.5480682 0.7890065 0.06422793 0.6322391 0.7721067 0.02515143 0.5967263 0.8020506 -0.1732588 0.6678707 0.7238302 -0.2147775 0.6358289 0.741345 -0.3970053 0.696554 0.5976616 -0.433122 0.6701229 0.6027775 -0.5763485 0.7149693 0.3957796 -0.5999706 0.6969891 0.392736 -0.6790248 0.7207372 0.1395112 -0.6867028 0.7140491 0.1362833 -0.9730885 0.2304201 -0.002341687 -0.9730891 0.2304176 -0.002341687 -0.8403974 0.541967 -0.002022266 -0.7664199 0.6423342 -0.002726674 -0.6929826 0.7209525 -0.001668095 -0.3969893 0.9178228 -9.55889e-4 -0.3970432 0.9177995 -9.55098e-4 0.0567258 0.9983898 1.36889e-4 0.05672538 0.9983899 1.36969e-4 0.31069 0.9504596 0.009913861 0.3106677 0.9504631 0.01027268 0.3097455 0.9507892 0.007600486 0.3430581 0.9392966 0.005758166 0.3290986 0.9442955 -1.84592e-4 0.3183093 0.9479857 0.001519978 0.3122249 0.9499945 0.005101799 0.3570304 0.9339699 0.01515382 0.3447268 0.9387028 7.41039e-4 0.3660989 0.9305755 9.64564e-4 0.3344529 0.9424114 -0.001396298 0.3468946 0.9379022 0.00192511 0.3875319 0.9218559 9.44857e-4 0.3775004 0.9260088 0.001106739 0.3886766 0.921109 -0.0221107 0.3681165 0.9297757 -0.002720594 0.3206023 0.9470815 -0.01584082 0.3207085 0.9470841 -0.01333796 0.3075368 0.9515302 0.00338447 0.3052267 0.9522795 7.34944e-4 0.3162499 0.9486755 9.66142e-4 0.3181267 0.9480441 -0.002808094 0.3199746 0.9473859 -0.008731365 0.3207723 0.9470369 -0.0150395 0.3224664 0.9465111 -0.01150411 0.3268659 0.9450519 -0.005966067 0.4167997 0.9089977 0.00114423 0.4121642 0.9111091 0.001001417 0.475638 0.8796404 0.001136302 0.4726208 0.8810843 -0.01789444 0.4124287 0.9109894 0.001000344 0.410743 0.9117507 9.81189e-4 0.4870677 0.8733634 0.001163482 0.4126724 0.910879 9.82142e-4 0.4122675 0.9110623 9.84336e-4 0.4753559 0.8797934 -7.00015e-4 0.4736323 0.8807228 -4.68531e-5 0.5519936 0.8338468 0.001665949 0.5549373 0.8318911 0.00133115 0.61404 0.7892737 0.00148189 0.6316894 0.7752088 -0.004435777 0.6862679 0.7273386 0.003896117 0.702278 0.7119009 0.001686394 0.7402946 0.6722802 0.001786291 0.7669351 0.6416991 -0.005735754 0.8009471 0.5987039 0.006116688 0.8242987 0.5661517 0.001979708 0.8871361 0.461198 0.0169146 0.8805686 0.473742 0.01294749 0.8561474 0.5167278 0.002063453 0.8977144 0.4398461 0.02538019 0.8960208 0.4433768 0.02374303 0.8922076 0.451161 0.02048373 0.9474647 0.3195948 0.01303249 0.9544715 0.2972285 0.02528584 0.9229148 0.3832784 -0.03641581 0.9616305 0.2713819 0.0402345 0.9527063 0.3038269 0.006320118 0.9770312 0.2130926 0.0013628 0.9371976 0.3487684 0.004624605 0.9278421 0.372967 0.002227544 0.891798 0.4524287 0.002176523 0.9105891 0.4124575 0.02657914 0.8407068 0.5390161 -0.05170893 0.9009587 0.432913 0.02932155 0.897441 0.4404212 0.02507388 0.9966351 0.08193212 0.002392649 0.9950429 0.0982986 0.0150693 0.9959273 0.09012877 0.002396762 0.9929737 0.1178635 0.01056259 0.9882794 0.1503172 0.02662032 0.9878489 0.1535848 0.02380055 0.9828552 0.1841161 0.009853303 0.5628226 0.8265767 0.001345872 0.5628262 0.8265743 0.001347064 0.6271144 0.7789257 0.001502335 0.6271134 0.7789266 0.001500904 0.6980921 0.7160061 0.001671135 0.6980911 0.7160071 0.001671135 0.7525306 0.6585549 0.001803815 0.7525392 0.6585452 0.001817762 0.8115463 0.584285 0.001957714 0.8115375 0.5842971 0.001949846 0.8545923 0.5192955 0.002053439 0.8545998 0.5192831 0.00206089 0.8999595 0.4359682 0.002169728 0.8999586 0.4359701 0.002169311 0.9309757 0.3650744 0.002242922 0.9309765 0.3650724 0.002243876 0.9613842 0.2752002 0.002315878 0.9613838 0.2752017 0.002309918 0.9795914 0.2009859 0.002354443 0.9795923 0.2009813 0.002354264 0.9904992 0.1374986 0.002381205 0.9904986 0.1375023 0.002383887 0.4870807 0.8733562 0.001182317 0.4114198 0.9114455 9.99693e-4 0.4124526 0.9109786 9.85318e-4 0.4111989 0.9115452 0.001000761 0.4870801 0.8733565 0.001183688 0.4726066 0.8810918 -0.0178976 0.5635915 0.8260233 0.007075369 0.5519792 0.833857 0.001313924 0.6271167 0.7789239 0.001510977 0.6112322 0.7911969 -0.02007037 0.6993525 0.7146257 0.0147044 0.6860341 0.7275676 0.001637995 0.7525278 0.6585581 0.001803815 0.7385303 0.6740154 -0.01662015 0.8127263 0.5822222 0.02221632 0.8006592 0.599117 0.001925706 0.8449172 0.5348934 0.002022862 0.8542485 0.5198477 -0.004250526 0.89239 0.450734 0.02189171 0.899959 0.4359691 0.002178251 0.9246386 0.3808394 0.002221584 0.9309583 0.3651223 0.001505136 0.9527841 0.3028546 0.0219472 0.9610751 0.2759841 -0.0129413 0.9795753 0.2009974 0.00570476 0.988422 0.1505785 0.01865923 0.9904985 0.1375029 0.002386748 0.4118291 0.9112607 9.92123e-4 0.4129628 0.9107474 0.001003801 0.4870805 0.8733563 0.001181185 0.4870676 0.8733635 0.001164615 0.562755 0.8266228 0.001347124 0.5628236 0.826576 0.001364707 0.6271281 0.7789147 0.00151962 0.6980922 0.716006 0.001675009 0.6980935 0.7160048 0.001671135 0.752529 0.6585568 0.001802921 0.7525291 0.6585566 0.001806616 0.8115464 0.5842847 0.001948595 0.8115441 0.584288 0.001946151 0.8545918 0.5192964 0.002051413 0.8546022 0.5192793 0.002063572 0.8999595 0.4359683 0.002172708 0.8999548 0.4359779 0.002160727 0.9309753 0.3650754 0.00223577 0.9309847 0.3650515 0.002243757 0.9613846 0.2751986 0.00231558 0.9613832 0.275204 0.002309799 0.9795713 0.2010834 0.002354204 0.9794838 0.2015089 0.002360939 0.9904988 0.1375009 0.002386808 0.9904991 0.1374994 0.002384126 0.5635166 0.8260747 0.007054567 0.5519815 0.8338553 0.001330852 0.6271256 0.7789166 0.001525342 0.6112169 0.7912082 -0.02009147 0.6993307 0.7146475 0.01468336 0.6860508 0.7275519 0.001654624 0.7525384 0.658546 0.001817762 0.7385267 0.6740194 -0.01662194 0.8127282 0.5822194 0.0222122 0.80066 0.5991161 0.001925766 0.8449166 0.5348944 0.002022922 0.8542457 0.5198522 -0.004250168 0.8923896 0.4507344 0.02189499 0.8999601 0.4359669 0.002180933 0.924638 0.3808409 0.002224683 0.9309588 0.3651214 0.001507699 0.9527832 0.3028571 0.02195012 0.9610758 0.275982 -0.012941 0.979467 0.2015269 0.005617618 0.9884218 0.1505798 0.01866191 0.9904991 0.1374995 0.002384066 0.4870769 0.8733583 0.001163184 0.4107875 0.9117307 9.81492e-4 0.4127458 0.9108457 0.001003921 0.4109133 0.911674 9.81269e-4 0.4756395 0.8796395 0.001136541 0.4756379 0.8796405 0.001136541 0.5519433 0.8338807 0.001320302 0.5519829 0.8338544 0.00133717 0.61404 0.7892737 0.001487433 0.6140245 0.7892856 0.001472234 0.6860509 0.7275518 0.001645088 0.6860496 0.727553 0.001642763 0.7402766 0.6723001 0.001774549 0.740296 0.6722788 0.001788616 0.8006679 0.5991054 0.001932024 0.8006603 0.5991156 0.001920342 0.8449001 0.5349203 0.002026379 0.8449202 0.5348885 0.002039849 0.8918 0.452425 0.002152979 0.8917956 0.4524337 0.002142846 0.9246464 0.3808203 0.002222955 0.9245671 0.3810127 0.002231299 0.9526485 0.3040652 0.002297818 0.9526486 0.3040645 0.002297759 0.9766758 0.2147067 0.002354383 0.9902079 0.1386064 -0.01663142 0.9885171 0.1510908 0.002379715 0.5519462 0.8338788 0.001320302 0.5519816 0.8338552 0.001338183 0.6140388 0.7892745 0.001488327 0.6140241 0.7892859 0.001470386 0.6860509 0.7275518 0.001643896 0.6860477 0.7275547 0.001643896 0.740279 0.6722975 0.001774489 0.7402956 0.6722792 0.0017879 0.8006651 0.5991092 0.001932024 0.8006615 0.599114 0.00192368 0.8449007 0.5349193 0.002029061 0.8449183 0.5348917 0.002040505 0.8918004 0.4524239 0.002152979 0.8917946 0.4524356 0.00214219 0.9246488 0.3808145 0.002223372 0.9245808 0.38098 0.002230823 0.9526488 0.304064 0.002297222 0.9526486 0.3040651 0.002297759 0.976677 0.2147009 0.002354502 0.990208 0.1386056 -0.01663172 0.9885171 0.1510903 0.002379536 0.4756404 0.8796391 0.001136362 0.4111014 0.9115891 9.81177e-4 0.4123312 0.9110335 0.001004099 0.4112476 0.9115232 9.81025e-4 0.4870674 0.8733637 0.001164615 0.4870793 0.873357 0.001181185 0.5628278 0.8265731 0.001363515 0.5628288 0.8265724 0.001364707 0.6271169 0.7789238 0.00151962 0.6271139 0.7789261 0.001516699 0.6980932 0.716005 0.001687824 0.6980917 0.7160064 0.001687824 0.7525412 0.6585428 0.001818716 0.7525314 0.658554 0.001803815 0.8115366 0.5842983 0.001947402 0.8115476 0.5842832 0.001960754 0.8546033 0.5192775 0.002063572 0.8545888 0.5193013 0.002051413 0.8999581 0.4359711 0.002160668 0.8999598 0.4359677 0.002160668 0.9309774 0.36507 0.00223577 0.9309758 0.3650741 0.002236127 0.9613841 0.2752006 0.002309978 0.9613848 0.2751978 0.002309799 0.9795822 0.2010307 0.002354204 0.9795146 0.2013594 0.002358675 0.990499 0.1374992 0.002384185 0.9904988 0.1375008 0.002386808 0.4560092 0.8899751 1.2267e-4 0.4990732 0.8664941 -0.01067459 0.4754361 0.8797503 -9.55089e-5 0.5492726 0.8356415 0.00175029 0.5519702 0.833863 0.001257956 0.5856243 0.8105813 0.001421153 0.6103011 0.7921664 -0.002264022 0.655849 0.754709 -0.01662844 0.6167497 0.7867686 0.02480113 0.7049999 0.709151 -0.008940637 0.6860121 0.7275888 0.001427233 0.7161012 0.6979948 0.001554191 0.7402662 0.6723123 0.0014593 0.7598739 0.6499883 0.01034277 0.7972376 0.6036338 -0.006219685 0.7999293 0.6000421 -0.007927417 0.819304 0.5733568 0.001770853 0.8370792 0.5470786 0.00190854 0.8448655 0.534978 0.001057684 0.8603119 0.5097323 0.006042897 0.8905063 0.4547066 -0.01550811 0.89092 0.4538644 -0.01639139 0.9155981 0.4020893 0.002100706 0.9246287 0.3808636 0.00217998 0.9302576 0.3668965 0.002808332 0.9465059 0.3225396 -0.009733676 0.9517569 0.3056535 -0.02710992 0.9939287 0.1100011 0.002393722 0.9878661 0.1520332 -0.03173023 0.9833441 0.1817218 -0.003405451 0.967764 0.2517938 0.005733549 0.9992994 -0.01836895 0.03260958 0.9984638 -0.05535715 0.002397 0.9984384 -0.05246704 -0.01918172 0.9995602 -0.02816188 0.009287774 0.9973007 0.07338815 0.002394437 0.9999179 -0.01259237 0.002408146 0.9999588 0.008757531 0.002409219 0.9991368 0.01834899 0.0372706 0.9993738 0.02050268 0.02883946 0.9961451 0.05582684 -0.06766384 0.9982292 0.04479056 0.03914636 0.9975757 0.06952339 0.003044784 0.9786027 0.07202386 -0.192742 0.8305396 0.06095027 -0.5536145 0.5560026 0.04085212 -0.8301761 0.1968414 0.01439285 -0.9803297 0.9786108 0.07188218 -0.1927539 0.9788759 0.06818866 -0.1927498 0.9788748 0.06817841 -0.1927589 0.9802697 0.04396146 -0.1927143 0.9802712 0.04396063 -0.1927064 0.9810419 0.02011871 -0.1927489 0.9810437 0.02010804 -0.192741 0.9812139 0.008592307 -0.1927318 0.9752562 -0.003739714 -0.2210463 0.9811757 -0.01234972 -0.192722 0.9808612 -0.027628 -0.1927386 0.9808595 -0.02762597 -0.1927472 0.9799052 -0.05147111 -0.1927085 0.9799065 -0.05147081 -0.1927022 0.8305316 0.06101387 -0.5536196 0.8307673 0.05780088 -0.5536109 0.8307791 0.05780881 -0.5535922 0.8320072 0.03727257 -0.5535113 0.8320041 0.03727012 -0.5535163 0.832607 0.01707071 -0.5536013 0.8326051 0.01706027 -0.5536043 0.8328306 -0.003189086 -0.5535188 0.8328264 -0.003189027 -0.553525 0.8324463 -0.02343237 -0.5536101 0.8324618 -0.02340888 -0.5535879 0.8317095 -0.04363685 -0.5534936 0.8316758 -0.04364466 -0.5535436 0.5560098 0.04079741 -0.8301739 0.5561632 0.03863203 -0.8301747 0.5561514 0.03861349 -0.8301836 0.5570234 0.02490365 -0.8301234 0.557051 0.02491182 -0.8301045 0.5574007 0.01140433 -0.8301655 0.5573912 0.01136451 -0.8301723 0.5575878 -0.002130568 -0.8301153 0.5575998 -0.00212717 -0.8301073 0.5573003 -0.0156272 -0.8301641 0.5572687 -0.01567268 -0.8301844 0.5568159 -0.02916669 -0.8301237 0.5568534 -0.02915978 -0.8300989 0.1968322 0.0143162 -0.9803327 0.1968915 0.01355266 -0.9803317 0.1968856 0.01354676 -0.9803329 0.1972067 0.008752286 -0.9803228 0.1971934 0.008749067 -0.9803256 0.1973071 0.003965556 -0.9803338 0.1973404 0.004006743 -0.980327 0.1974138 -7.43463e-4 -0.98032 0.1973592 -7.52482e-4 -0.980331 0.1972522 -0.005521416 -0.9803373 0.1972798 -0.005468666 -0.9803321 0.197151 -0.01023739 -0.9803197 0.1970828 -0.01024317 -0.9803335 0.1967236 -0.01595252 -0.9803292 0.1966647 -0.0160377 -0.9803397 0.5556521 -0.04558229 -0.8301644 0.5556766 -0.04553377 -0.8301509 0.8299874 -0.06816667 -0.5536013 0.8299739 -0.06816661 -0.5536215 0.977949 -0.08041185 -0.1927431 0.9779514 -0.0803858 -0.1927417 0.1964227 -0.01917988 -0.9803317 0.1964237 -0.01918482 -0.9803315 0.5548185 -0.05461782 -0.8301767 0.5548481 -0.05458968 -0.8301588 0.828767 -0.08171492 -0.5535955 0.8287519 -0.08174961 -0.5536131 0.9764982 -0.09642821 -0.192751 0.9765012 -0.09640479 -0.1927481 0.9724027 -0.2029069 -0.1151596 0.9751279 -0.1094051 -0.1927592 0.8291004 -0.07838338 -0.5535781 0.5567662 -0.03497493 -0.8299326 0.1999146 0.01455032 -0.9797053 0.9749915 -0.1099266 -0.1931526 0.9731026 -0.1240872 -0.1940972 0.973807 -0.1227445 -0.1913996 0.9712078 -0.1376335 -0.1944543 0.9722871 -0.1344232 -0.1912809 0.969251 -0.1496739 -0.1953209 0.9715827 -0.1469009 -0.1855995 0.9672 -0.1649786 -0.1931482 0.9703208 -0.1627488 -0.1788589 0.9664219 -0.1763627 -0.1868819 0.9693882 -0.1714352 -0.175774 0.9659796 -0.1824501 -0.1832904 0.9693607 -0.182846 -0.1640346 0.9667647 -0.190263 -0.1707804 0.9696487 -0.193027 -0.1500734 0.9683645 -0.1963239 -0.1540362 0.9708192 -0.1976742 -0.1357765 0.968927 -0.202538 -0.1419818 0.9712831 -0.1969562 -0.1334819 0.8272366 -0.08207947 -0.555826 0.8311092 -0.05148059 -0.5537213 0.8284853 -0.05373507 -0.5574269 0.8336545 -0.0252515 -0.5517087 0.8325694 -0.02714699 -0.5532551 0.8380774 0.001631617 -0.5455489 0.8367785 9.36356e-4 -0.5475408 0.8464146 0.04073673 -0.5309643 0.845987 0.04059964 -0.5316556 0.854727 0.07037067 -0.5142858 0.8548232 0.07045727 -0.5141138 0.8642966 0.1018624 -0.4925602 0.8649084 0.1018601 -0.4914857 0.8798452 0.1445035 -0.4527595 0.8808651 0.1442812 -0.4508432 0.8957276 0.1820143 -0.4056388 0.8967385 0.1818311 -0.4034817 0.9116986 0.2182608 -0.3480918 0.9128161 0.2175259 -0.3456144 0.5519754 -0.04232347 -0.8327857 0.5608906 0.02947419 -0.8273652 0.5509718 0.02292472 -0.8342089 0.5635505 0.09157216 -0.8209905 0.5578632 0.08352392 -0.8257194 0.5709397 0.1528947 -0.8066294 0.5590433 0.1474686 -0.8159189 0.5812939 0.2395632 -0.777629 0.5685346 0.2353937 -0.7882629 0.5889115 0.3046573 -0.7485768 0.5809931 0.2980357 -0.7573783 0.601688 0.3669638 -0.7094429 0.5884724 0.3649642 -0.7214579 0.6182779 0.450168 -0.644268 0.6056701 0.4496297 -0.6565035 0.6338036 0.5212779 -0.5714564 0.6241161 0.5203235 -0.5828745 0.650481 0.5844516 -0.4850679 0.6408724 0.5858166 -0.4960862 0.1917649 0.002925932 -0.9814366 0.2049208 0.1065922 -0.9729571 0.1862646 0.09470051 -0.9779251 0.2041676 0.1948386 -0.9593506 0.1927443 0.179232 -0.9647412 0.2121323 0.2800559 -0.9362524 0.1866731 0.2672697 -0.9453676 0.2181901 0.3982068 -0.8909683 0.1890118 0.3859142 -0.9029645 0.2174426 0.484981 -0.847061 0.1990003 0.4684477 -0.8607879 0.2282591 0.5642312 -0.7934363 0.1960714 0.5539054 -0.8091632 0.2353922 0.6668757 -0.707013 0.2034739 0.6584085 -0.7246356 0.239147 0.7509279 -0.6155617 0.2140197 0.742426 -0.6348223 0.2467862 0.8216317 -0.5138268 0.2210007 0.8169407 -0.5326977 0.9672925 -0.2133697 -0.1371815 0.9062157 0.2054934 -0.3695208 0.6349108 0.5741105 -0.5169966 0.2169455 0.8071672 -0.5490135 0.9709934 -0.210438 -0.1135237 0.9520859 -0.251876 -0.1734679 0.9582266 -0.2468165 -0.1445108 0.9334531 -0.300947 -0.1951826 0.9421405 -0.2890629 -0.1697471 0.9125385 -0.3505122 -0.2107479 0.9227898 -0.337794 -0.1853492 0.8924199 -0.3997356 -0.2092804 0.9026136 -0.3841251 -0.1942591 0.8708748 -0.4451206 -0.2084339 0.8811029 -0.431726 -0.1930558 0.918529 0.2060678 -0.3374027 0.8758799 0.1145086 -0.4687454 0.8971073 0.1165454 -0.4261639 0.8438351 -3.78833e-4 -0.5366025 0.8684774 0.01399618 -0.4955312 0.8034859 -0.1185502 -0.5834007 0.83742 -0.1018118 -0.5369938 0.7716468 -0.2366459 -0.5903897 0.8024744 -0.2085493 -0.5590547 0.730421 -0.3442211 -0.5899128 0.7709661 -0.3176063 -0.5520305 0.6604649 0.5769364 -0.4805523 0.60266 0.451464 -0.6580132 0.6467861 0.456356 -0.6110704 0.5739747 0.2978348 -0.7627893 0.6215528 0.3173204 -0.7162261 0.5323612 0.1349592 -0.83569 0.6001669 0.1563857 -0.7844381 0.5082557 -0.03033679 -0.8606718 0.5659826 0.006994903 -0.8243875 0.4643247 -0.1842703 -0.8662835 0.5461492 -0.1513711 -0.823898 0.256932 0.821123 -0.5096499 0.1948645 0.6827017 -0.7042346 0.2639665 0.7038488 -0.6594836 0.1811667 0.5273781 -0.8300909 0.2541774 0.563078 -0.7863441 0.1536452 0.354804 -0.9222296 0.2589509 0.3931079 -0.8822759 0.1495578 0.1762159 -0.9729236 0.2371307 0.2289993 -0.9441019 0.117731 0.001343131 -0.9930447 0.245091 0.04511952 -0.9684497 0.3801648 -0.9042798 -0.194301 0.8260626 -0.4985409 -0.2628263 0.1655644 -0.1042795 -0.9806703 0.1656116 -0.1042903 -0.9806612 0.4711994 -0.2967726 -0.8306005 0.4712118 -0.296778 -0.8305916 0.7044845 -0.4437207 -0.5539075 0.7045587 -0.4437327 -0.5538036 0.8302495 -0.5229318 -0.1929458 0.7298982 -0.6106577 -0.3071579 0.1479542 -0.1287958 -0.9805719 0.1479899 -0.128822 -0.9805631 0.4207375 -0.3662901 -0.8299468 0.4208375 -0.3663441 -0.8298721 0.6284208 -0.5470966 -0.5529672 0.6285047 -0.5471388 -0.5528301 0.7401068 -0.644343 -0.1925203 0.8087509 -0.5554656 -0.1933388 0.6004953 -0.7368521 -0.3105714 0.1207908 -0.1544774 -0.9805848 0.1208334 -0.1545196 -0.9805729 0.3435238 -0.4393592 -0.830033 0.3436197 -0.4394491 -0.8299458 0.5131467 -0.6563122 -0.5531138 0.5132272 -0.6563697 -0.5529708 0.6043705 -0.7730188 -0.1928166 0.6890308 -0.6983895 -0.1936199 0.4497265 -0.8361572 -0.3139859 0.08926808 -0.1745429 -0.9805948 0.0892958 -0.1745806 -0.9805855 0.2539002 -0.4964876 -0.8300812 0.2539369 -0.4965409 -0.8300381 0.3792117 -0.7416014 -0.5533769 0.3793395 -0.741736 -0.5531088 0.4467074 -0.8735842 -0.1931409 0.5444163 -0.816084 -0.193953 0.3558151 -0.9141295 -0.1943266 0.3040615 -0.774204 -0.5551171 0.2042613 -0.5170029 -0.8312553 0.3438884 -0.9183071 -0.1960939 0.3227242 -0.9261894 -0.1949928 0.3065769 -0.9297906 -0.2037163 0.2803424 -0.939588 -0.196425 0.2616279 -0.9448789 -0.1968623 0.239561 -0.9525005 -0.188025 0.2157437 -0.9575456 -0.1912097 0.1970257 -0.9640226 -0.1784411 0.1760953 -0.9693669 -0.1712265 0.1608222 -0.9742202 -0.1582129 0.1368008 -0.9787806 -0.1525586 0.1235028 -0.9831103 -0.1350603 0.1078638 -0.9865642 -0.1227053 0.273097 -0.7823019 -0.5598409 0.2265334 -0.7992013 -0.5567404 0.1882154 -0.794811 -0.576932 0.1235849 -0.8195575 -0.5595108 0.0880022 -0.8231881 -0.5609074 0.02492487 -0.8445169 -0.5349486 -0.01668989 -0.8406827 -0.5412709 -0.07654267 -0.8619925 -0.5011091 -0.1081148 -0.8642238 -0.4913537 -0.1644061 -0.8815419 -0.4425545 -0.1991274 -0.8776101 -0.4360607 -0.2487737 -0.8943765 -0.3717558 -0.2694553 -0.8944322 -0.3569104 0.1576684 -0.5252691 -0.8362017 0.09326082 -0.5488067 -0.8307307 0.03620094 -0.5252986 -0.8501477 -0.05468964 -0.5599858 -0.8266952 -0.1039083 -0.5566028 -0.8242551 -0.1936983 -0.5872504 -0.7858868 -0.2478035 -0.5661246 -0.786191 -0.3347198 -0.5967723 -0.7292637 -0.3739393 -0.5923355 -0.7136582 -0.4556542 -0.617842 -0.6408202 -0.4957428 -0.600062 -0.6278254 -0.5695361 -0.6245858 -0.5343421 -0.5928771 -0.6191595 -0.5149159 -0.8594861 -0.2372668 -0.4527564 -0.7968512 -0.2177557 -0.5635696 -0.773424 -0.2282883 -0.5913541 -0.6951699 -0.2036074 -0.6894077 -0.6561003 -0.2349732 -0.7171611 -0.5713718 -0.2070397 -0.7941467 -0.5269473 -0.2179341 -0.8214811 -0.4361394 -0.1870491 -0.8802245 -0.3752332 -0.2260674 -0.8989403 -0.2823324 -0.1931139 -0.9396785 -0.2210698 -0.2039232 -0.9537 -0.1258419 -0.1685174 -0.9776327 -0.05252122 -0.2131434 -0.9756082 0.01313412 -0.1880983 -0.9820624 0.07522475 -0.1801416 -0.98076 -0.9069544 -0.225761 -0.3556202 -0.8614006 -0.2426922 -0.4461946 -0.6763746 -0.624778 -0.3900898 -0.6556783 -0.6370905 -0.4052182 -0.3328657 -0.9029435 -0.2718335 -0.3129605 -0.9065546 -0.2832217 0.08128768 -0.9922962 -0.09349143 0.09637522 -0.9899385 -0.1036036 -0.9359393 -0.2259736 -0.2700991 -0.9296181 -0.2326232 -0.2858263 -0.7304869 -0.6360219 -0.2487273 -0.7227063 -0.6399565 -0.2610582 -0.3712408 -0.9123377 -0.1726853 -0.3636744 -0.9133531 -0.1831046 0.06651163 -0.9960771 -0.05836737 0.07253545 -0.9950632 -0.06773471 -0.9672423 -0.2290956 -0.1093513 -0.9651024 -0.2348508 -0.1158552 -0.7624363 -0.6391673 -0.1007772 -0.7586864 -0.6427781 -0.1059777 -0.3959097 -0.9156199 -0.0699706 -0.3919422 -0.9169692 -0.07449179 0.05677235 -0.9981125 -0.0234155 0.05974167 -0.9978359 -0.02746826 0.05673164 -0.9983895 1.37019e-4 0.05673164 -0.9983894 1.37133e-4 -0.3970192 -0.9178099 -9.54962e-4 -0.3970213 -0.917809 -9.55043e-4 -0.6928942 -0.7210375 -0.001667022 -0.7664325 -0.6423192 -0.00272715 -0.8404378 -0.5419045 -0.002022266 -0.9730847 -0.2304362 -0.002341687 -0.9730889 -0.2304188 -0.002341926 0.8407043 -0.5390202 -0.05170714 0.5856717 -0.8105472 0.001414656 0.4166741 -0.9090552 0.001146256 0.3219923 -0.9466801 -0.01085317 0.3202025 -0.9472384 -0.01448839 0.3199946 -0.9472905 -0.01562428 0.3200349 -0.9473144 -0.01316475 0.3190528 -0.947704 -0.007913231 0.3448826 -0.9386447 0.00151956 0.3339118 -0.9426038 -9.61436e-4 0.3262345 -0.9452723 -0.005619764 0.3665799 -0.9303861 9.84277e-4 0.3446525 -0.93873 7.3928e-4 0.3569738 -0.9339914 0.01516199 0.3184471 -0.9479394 0.001582384 0.3290612 -0.9443087 -1.00416e-4 0.3432468 -0.9392265 0.005961 0.3107435 -0.9504385 0.0102635 0.3107548 -0.9504378 0.009983241 0.3122876 -0.9499734 0.005203902 0.317186 -0.9483605 -0.002303421 0.315575 -0.9489004 7.59952e-4 0.305499 -0.952192 0.001020669 0.3075857 -0.9515143 0.003420412 0.3099073 -0.9507344 0.007842898 0.412566 -0.9109273 0.001002788 0.4122534 -0.9110688 9.83197e-4 0.411849 -0.9112517 9.90956e-4 0.387518 -0.9218617 9.34318e-4 0.405869 -0.9139311 6.42576e-4 0.3752129 -0.9269381 0.001097261 0.386568 -0.9220114 -0.02145636 0.3655397 -0.9307934 -0.002125322 0.487078 -0.8733578 0.001162052 0.540188 -0.8316314 -0.1287875 0.5336253 -0.8388929 -0.1072508 0.4131253 -0.9106736 0.001004874 0.4108054 -0.9117226 9.77503e-4 0.4129033 -0.9107744 0.00100243 0.4756291 -0.8796452 0.001153111 0.4122157 -0.9110859 0.001002967 0.5402255 -0.8315858 -0.128925 0.5519946 -0.8338468 0.001250982 0.5492706 -0.8356429 0.001748502 0.4754376 -0.8797494 -9.65138e-5 0.4990721 -0.8664947 -0.01067543 0.4560116 -0.8899739 1.21893e-4 0.7416256 -0.6705731 0.01798504 0.7568054 -0.6536381 0.001722574 0.6860187 -0.7275826 0.001418828 0.7049515 -0.7091996 -0.008913755 0.6167393 -0.7867765 0.02480882 0.6558566 -0.7547022 -0.0166381 0.6102478 -0.7922075 -0.002255141 0.8455927 -0.5335991 0.01565748 0.8569935 -0.5153233 0.00206387 0.800642 -0.599141 0.001626849 0.8146772 -0.5796514 -0.01747435 0.7972311 -0.6036422 -0.006221532 0.9247473 -0.3805229 0.006701409 0.930211 -0.3670187 0.00222516 0.8917868 -0.4524521 0.001896321 0.9078071 -0.4156816 -0.05563563 0.890511 -0.454697 -0.01551902 0.9885172 -0.1510906 0.002380847 0.9911473 -0.1146154 -0.06700927 0.9833438 -0.1817234 -0.003401935 0.9527646 -0.3034496 0.01256924 0.9622049 -0.2631997 -0.06991207 0.9465078 -0.3225344 -0.00973773 0.9904987 -0.1375021 0.002386629 0.9904991 -0.1374994 0.002381026 0.9796089 -0.2009002 0.002354204 0.979519 -0.2013384 0.002357959 0.9613829 -0.2752046 0.002315104 0.9613842 -0.2752003 0.00230962 0.9309822 -0.3650577 0.002235054 0.9309762 -0.365073 0.002242565 0.8999561 -0.4359751 0.002167999 0.8999596 -0.4359679 0.002160251 0.8545988 -0.5192847 0.002050697 0.8545894 -0.5193005 0.002062261 0.8115378 -0.5842967 0.001960158 0.8115522 -0.5842769 0.001944899 0.7525412 -0.6585428 0.001803815 0.7525327 -0.6585526 0.001815915 0.6980709 -0.7160267 0.001684904 0.698092 -0.7160062 0.001672089 0.6271211 -0.7789204 0.001497983 0.6271125 -0.7789273 0.001518189 0.5628314 -0.8265706 0.001362323 0.4896504 -0.8717184 0.01869809 0.4870783 -0.8733576 0.001163184 0.4114593 -0.9114277 9.79515e-4 0.4124035 -0.9110008 0.001000702 0.4112704 -0.9115129 9.81708e-4 0.4756405 -0.8796391 0.001134991 0.4756303 -0.8796446 0.001153349 0.5519741 -0.8338602 0.00133717 0.5519745 -0.83386 0.001336097 0.6140294 -0.789282 0.00148648 0.6140404 -0.7892733 0.001470327 0.6860432 -0.727559 0.001643955 0.6860455 -0.7275568 0.001641571 0.7402986 -0.672276 0.001772344 0.7402852 -0.6722906 0.0017879 0.8006635 -0.5991113 0.00193119 0.8006633 -0.5991116 0.001933753 0.844901 -0.5349189 0.002040624 0.8449195 -0.5348898 0.00202763 0.8917973 -0.4524303 0.002141833 0.8917954 -0.452434 0.002142488 0.9246248 -0.3808729 0.002222239 0.9246572 -0.3807944 0.002222001 0.952648 -0.3040667 0.002290308 0.9526476 -0.304068 0.002296864 0.9885174 -0.1510888 0.00238192 0.9885166 -0.151094 0.002376139 0.5519711 -0.8338622 0.001336097 0.551976 -0.833859 0.001336097 0.6140294 -0.7892819 0.00148648 0.6140297 -0.7892816 0.001485526 0.6860469 -0.7275555 0.001659393 0.6860585 -0.7275447 0.001642704 0.7402832 -0.6722929 0.001773834 0.7402843 -0.6722917 0.001773118 0.8006619 -0.5991135 0.001918613 0.8006627 -0.5991123 0.001919448 0.8449181 -0.534892 0.002026319 0.8448968 -0.5349254 0.002039253 0.8917972 -0.4524302 0.002152323 0.8917987 -0.4524275 0.002142488 0.9246385 -0.3808396 0.002222657 0.9245768 -0.3809896 0.002230107 0.9526482 -0.3040662 0.002296924 0.9526483 -0.3040657 0.002297163 0.9885165 -0.1510941 0.002376139 0.4756407 -0.879639 0.001134812 0.4111022 -0.9115888 9.77436e-4 0.412741 -0.910848 0.001002848 0.4109395 -0.9116622 9.79692e-4 0.4756389 -0.8796399 0.001133441 0.4845988 -0.8746133 -0.01468384 0.5523296 -0.8336167 0.003905296 0.5628294 -0.826572 0.001354098 0.6140292 -0.7892821 0.001489281 0.6250677 -0.7804291 -0.01486641 0.6868479 -0.7267389 0.009515345 0.6980748 -0.716023 0.001681983 0.7402825 -0.6722936 0.001785814 0.7514439 -0.6597167 -0.01028859 0.8015677 -0.5976914 0.01594901 0.8115479 -0.5842827 0.001949787 0.844918 -0.5348922 0.002022922 0.854252 -0.5198417 -0.004255175 0.8923911 -0.4507318 0.02188718 0.8999573 -0.4359727 0.002180933 0.9246522 -0.3808064 0.002224385 0.9309565 -0.3651273 0.001507759 0.9527837 -0.3028554 0.02195131 0.9904992 -0.1374987 0.002381026 0.9884214 -0.1505815 0.01866245 0.9795193 -0.2012722 0.005635619 0.9610756 -0.2759829 -0.01293802 0.9904994 -0.137497 0.002381026 0.9904985 -0.137503 0.002386629 0.9795017 -0.201422 0.00236082 0.9795302 -0.2012837 0.002358138 0.9613837 -0.2752022 0.002315402 0.9613843 -0.2752 0.002315104 0.9309764 -0.3650726 0.00224328 0.9309825 -0.3650568 0.002235352 0.8999608 -0.4359657 0.002159357 0.8999568 -0.4359738 0.002171933 0.8545904 -0.5192988 0.002063632 0.8545995 -0.5192837 0.002049326 0.8115486 -0.5842818 0.001944899 0.8115409 -0.5842925 0.001959562 0.7525312 -0.6585541 0.001817762 0.7525318 -0.6585533 0.001816868 0.6980981 -0.7160003 0.001686811 0.6980959 -0.7160024 0.001688778 0.6271151 -0.7789251 0.001518189 0.6271209 -0.7789205 0.001500844 0.5628342 -0.8265687 0.001343488 0.48965 -0.871719 0.01867902 0.4896574 -0.8717151 0.01867192 0.5628293 -0.8265722 0.00135529 0.6140305 -0.789281 0.001489341 0.6250595 -0.7804357 -0.01485651 0.6868478 -0.7267388 0.00952959 0.6980955 -0.7160028 0.001679956 0.7402842 -0.6722918 0.001787245 0.7514436 -0.6597172 -0.01028496 0.8015663 -0.5976933 0.01595121 0.8115481 -0.5842825 0.001949787 0.8449181 -0.534892 0.002023577 0.854246 -0.5198516 -0.00424987 0.892391 -0.4507317 0.02189391 0.8999601 -0.435967 0.002178728 0.924655 -0.3807997 0.002222001 0.930957 -0.3651255 0.001505494 0.9527837 -0.3028555 0.02194845 0.9904994 -0.137497 0.002383768 0.9884216 -0.1505802 0.01866292 0.9794868 -0.2014297 0.005638003 0.961075 -0.2759846 -0.01293832 0.990499 -0.1375 0.002383768 0.990499 -0.1374998 0.002383887 0.979533 -0.20127 0.002358317 0.979628 -0.2008073 0.002354145 0.9613837 -0.275202 0.002309799 0.9613835 -0.2752025 0.002314925 0.9309743 -0.365078 0.002242565 0.9309831 -0.3650556 0.00223571 0.8999595 -0.4359683 0.002160251 0.8999572 -0.435973 0.002168416 0.8545913 -0.5192971 0.00206089 0.8545988 -0.5192848 0.002052068 0.8115475 -0.5842831 0.001948595 0.8115417 -0.5842913 0.001957714 0.7525317 -0.6585536 0.001817762 0.7525419 -0.658542 0.001802861 0.6980941 -0.7160041 0.001670122 0.6980735 -0.7160242 0.001685857 0.6271137 -0.7789263 0.001515269 0.6271196 -0.7789217 0.001500904 0.5628294 -0.826572 0.001345872 0.562833 -0.8265697 0.00134468 0.4870781 -0.8733576 0.00116074 0.4870703 -0.8733621 0.001181185 0.4131054 -0.9106827 0.001004576 0.4104283 -0.9118924 9.77195e-4 0.413011 -0.9107255 0.001002013 0.4756439 -0.8796373 0.001154839 0.4753445 -0.8797995 -7.00754e-4 0.4736304 -0.8807237 -5.03395e-5 0.5520202 -0.8338291 0.001662969 0.554924 -0.8319001 0.001332461 0.6140457 -0.7892692 0.001483082 0.6316884 -0.7752098 -0.004433155 0.686277 -0.7273299 0.003899991 0.7023015 -0.7118777 0.001687824 0.740287 -0.6722888 0.001788258 0.7669352 -0.6416991 -0.005736947 0.8009492 -0.5987011 0.006115674 0.8242933 -0.5661597 0.001979589 0.8561455 -0.5167308 0.002063453 0.8805669 -0.4737452 0.01294893 0.8871287 -0.461212 0.01691561 0.8922201 -0.4511355 0.02049285 0.89599 -0.4434407 0.02371495 0.8977267 -0.4398201 0.02539986 0.8974392 -0.4404248 0.02507919 0.9009546 -0.4329221 0.02931559 0.8918182 -0.452386 0.002698242 0.9234736 -0.3836557 0.002224087 0.9278476 -0.372953 0.00222975 0.9667188 -0.2558147 0.003685355 0.9527856 -0.3030488 0.01900285 0.9547924 -0.2963408 0.02353066 0.9237201 -0.3824284 -0.02213138 0.9474662 -0.3195903 0.01303249 0.9371985 -0.3487659 0.004625141 0.9770319 -0.2130889 0.001362204 0.9828565 -0.1841088 0.009851694 0.9883084 -0.1503604 0.02526682 0.9876354 -0.1541515 0.02852535 0.9929754 -0.11785 0.01055616 0.9959269 -0.09013283 0.002398431 0.9950444 -0.09828639 0.01505732 0.9966328 -0.08196049 0.002392172 -0.1957612 0 -0.9806517 -0.1957927 3.98367e-7 -0.9806453 -0.1959438 5.9739e-6 -0.9806152 -0.1957699 -5.14372e-6 -0.9806499 -0.1957561 -1.55857e-6 -0.9806527 -0.1957941 -1.94518e-6 -0.9806451 -0.1957944 1.10073e-6 -0.980645 -0.1957684 1.15792e-5 -0.9806502 -0.1957719 1.98379e-5 -0.9806495 -0.1957752 7.69315e-6 -0.9806489 -0.1957585 -2.17085e-6 -0.9806522 -0.1957572 7.95425e-7 -0.9806524 -0.1957538 -9.25743e-7 -0.9806531 -0.1957669 4.90828e-5 -0.9806506 -0.1957609 -4.81543e-6 -0.9806517 -0.1957586 -6.91933e-6 -0.9806522 -0.19578 1.77947e-5 -0.9806479 -0.1957864 -2.83913e-6 -0.9806466 -0.1957796 2.3459e-6 -0.980648 -0.1957604 3.41794e-6 -0.9806517 -0.1957764 -3.82519e-7 -0.9806486 -0.1957791 7.25489e-7 -0.9806481 -0.1957823 5.73724e-6 -0.9806474 -0.1957662 1.86197e-6 -0.9806507 -0.1957739 -3.82467e-7 -0.9806491 -0.1957449 -4.03811e-6 -0.9806548 -0.1957625 1.53016e-6 -0.9806514 -0.1957415 1.30596e-6 -0.9806556 -0.1957427 -4.4235e-6 -0.9806554 -0.1957796 -4.91099e-7 -0.980648 -0.1957644 -8.72036e-6 -0.980651 -0.1957451 1.66736e-5 -0.9806548 -0.1957615 -5.39404e-6 -0.9806516 -0.1957664 1.34141e-5 -0.9806507 -0.1957648 1.23516e-5 -0.9806509 -0.1958194 -1.67188e-5 -0.98064 -0.1957559 -2.20632e-6 -0.9806527 -0.1957615 9.8098e-6 -0.9806516 -0.1957688 1.1709e-5 -0.9806501 -0.1957874 -2.84884e-5 -0.9806464 -0.1957558 4.05218e-6 -0.9806527 -0.1957598 -1.78464e-5 -0.9806519 -0.1957672 1.24111e-6 -0.9806504 -0.1958135 5.01526e-6 -0.9806412 -0.1957759 -2.41008e-6 -0.9806487 -0.1957651 -4.7869e-6 -0.9806509 -0.1957373 4.41695e-6 -0.9806564 -0.1957515 1.85716e-5 -0.9806536 -0.1957399 1.13446e-5 -0.9806559 -0.1957631 1.11537e-5 -0.9806513 -0.1957542 -4.05201e-7 -0.980653 -0.1957606 1.01289e-5 -0.9806517 -0.1957823 1.5497e-6 -0.9806475 -0.1957417 1.95476e-6 -0.9806556 0.9984614 -0.05539911 0.002404749 0.9984641 -0.05535471 0.002326548 0.9998273 -0.01844412 0.002283394 0.9998269 -0.01846444 0.002321958 0.9997882 0.0204519 0.00232166 0.99981 0.01844954 0.006294906 0.9983425 0.0575394 -0.001305222 0.9984638 0.05535668 0.002404749 0.662735 0.007518947 0.7488163 0.9913991 0.05240112 0.1199261 0.9347452 0.03822994 0.3532564 0.8218726 0.02388292 0.5691705 0.750799 0.001687169 0.6605286 0.7496733 0.004697799 0.6617915 0.7476077 0.005404174 0.6641186 0.7476064 -0.005295991 0.6641209 0.7478994 -0.005414068 0.6637901 0.6626902 -0.007850706 0.7488526 0.7480401 -8.83788e-4 0.663653 0.8218864 -0.02387845 0.5691508 0.9347497 -0.03823262 0.3532441 0.9702165 0.02958095 0.2404269 0.9722078 0.01493334 0.2336434 0.9703348 0.01651608 0.2412004 0.9703643 -0.01480424 0.2411926 0.9704546 -0.01490837 0.2408227 0.9700171 -0.02964466 0.2412218 0.9915038 -0.05057764 0.1198424 0.5818302 -0.8026401 0.1313114 0.6721881 -0.07407796 0.7366653 0.9485356 -0.2924336 0.1215023 0.9478013 -0.2925289 0.1268845 0.9662311 -0.2311905 0.1137914 0.96528 -0.2315695 0.1208719 0.9788386 -0.1652672 0.1206718 0.9783501 -0.1656643 0.1240423 0.9880632 -0.09993201 0.1172386 0.9873561 -0.1007642 0.1223701 0.7220648 -0.6110842 0.3243434 0.9316741 -0.07664769 0.3551176 0.9332723 -0.07599329 0.3510382 0.9257103 -0.1269153 0.3563045 0.9283699 -0.1263241 0.3495304 0.9171734 -0.1762669 0.3573837 0.9208146 -0.1761344 0.3479616 0.9063041 -0.2242555 0.3582212 0.9107855 -0.2249596 0.3462124 0.8933785 -0.270563 0.3587068 0.8984115 -0.2722999 0.3445426 0.878309 -0.3154906 0.3592202 0.8836688 -0.3184701 0.3430833 0.8614049 -0.358698 0.3596076 0.8668688 -0.3630632 0.3416484 0.8430389 -0.3998962 0.3596785 0.8483108 -0.4057298 0.3402236 0.8235247 -0.4389045 0.3594025 0.8283751 -0.4460861 0.3388245 0.8026101 -0.476195 0.3592429 0.8068774 -0.484628 0.3377644 0.7806449 -0.5115337 0.3590639 0.7841559 -0.5211889 0.3368409 0.7580182 -0.5448058 0.3586016 0.6064369 -0.7876114 0.1090988 0.6635729 -0.7294681 0.1659737 0.7250883 -0.5833685 0.365962 0.7606599 -0.5554852 0.3359059 0.7172393 -0.1474776 0.681042 0.7120291 -0.1320276 0.6896255 0.6620683 -0.01623439 0.7492678 0.6570199 -0.02697902 0.7533904 0.6624574 -0.02665638 0.7486252 0.6635615 -0.01910102 0.7478778 0.669794 -0.01490038 0.7423976 0.6756893 -0.06780374 0.7340618 0.6691999 -0.06527936 0.7402095 0.6715263 -0.06028288 0.7385246 0.6741172 -0.05816876 0.7363304 0.6666841 -0.05609327 0.7432267 0.6704218 -0.04630631 0.7405338 0.6600716 -0.04396218 0.7499152 0.6684853 -0.0388931 0.7427077 0.6789593 -0.07752549 0.7300713 0.6778563 -0.07921469 0.7309145 0.6762046 -0.08317738 0.7320033 0.6824579 -0.08699274 0.7257297 0.679686 -0.09069275 0.7278749 0.6865381 -0.09596031 0.7207338 0.6838073 -0.09808415 0.7230402 0.690396 -0.1043041 0.715873 0.6886615 -0.1061083 0.7172771 0.6947532 -0.1125988 0.7103798 0.6939028 -0.1139788 0.7109907 0.6991775 -0.1200761 0.7047926 0.700421 -0.1190832 0.7037256 0.7050538 -0.1290044 0.6973214 0.709319 -0.1337099 0.6920898 0.7230221 -0.4743036 0.5022701 0.6856627 -0.6303952 0.3639623 0.6844806 -0.6346607 0.358737 0.5628737 -0.8148146 0.1387462 0.5925918 -0.773356 0.2252897 0.6645622 -0.7267514 0.1737511 0.6679464 -0.733207 0.1274955 0.6965987 -0.7100579 0.1028017 0.6930601 -0.7169961 0.07472872 0.7455678 -0.6522225 0.136874 0.7483128 -0.6512904 0.1258928 0.7735632 -0.6254617 0.1019701 0.7695965 -0.6369039 0.04555082 0.8155515 -0.5621341 0.1374092 0.8232458 -0.554565 0.1213431 0.8444571 -0.5236438 0.1126478 0.8426904 -0.5181899 0.1461235 0.8729733 -0.4800183 0.08660322 0.8718313 -0.4745925 0.1211289 0.9033886 -0.4119552 0.1190884 0.9023617 -0.4112507 0.1289045 0.9279791 -0.3559795 0.1101522 0.9190725 -0.3521332 0.1769406 0.9336648 -0.3375665 0.1196619 0.7342495 -0.337171 0.5892313 0.7363601 -0.3967179 0.5480774 0.7495123 -0.3884881 0.5360116 0.7441131 -0.3642752 0.5599994 0.7615406 -0.350467 0.5451872 0.7559187 -0.3406546 0.5590541 0.7697823 -0.3281279 0.5475102 0.7636063 -0.3192262 0.5612488 0.7779179 -0.3045443 0.5496331 0.7712224 -0.2965885 0.5632506 0.7856025 -0.2797918 0.5518562 0.7785446 -0.272933 0.5651336 0.7926787 -0.2540125 0.5542006 0.7854692 -0.2483451 0.5668888 0.7993388 -0.2269085 0.5563903 0.7921706 -0.2225833 0.5682626 0.8053684 -0.1987606 0.5584585 0.7985161 -0.1956606 0.5692881 0.8106045 -0.1696994 0.5604664 0.804233 -0.1677407 0.5701513 0.8148759 -0.1399047 0.562498 0.809314 -0.1389607 0.5707023 0.8182181 -0.1094002 0.5644032 0.8137515 -0.1092534 0.5708523 0.8206654 -0.07840967 0.5660038 0.8173268 -0.07875853 0.5707662 0.822039 -0.04713934 0.5674766 0.8200443 -0.04762154 0.5703153</float_array>
          <technique_common>
            <accessor source="#L_ring_prox-mesh-normals-array" count="6158" stride="3">
              <param name="X" type="float"/>
              <param name="Y" type="float"/>
              <param name="Z" type="float"/>
            </accessor>
          </technique_common>
        </source>
        <vertices id="L_ring_prox-mesh-vertices">
          <input semantic="POSITION" source="#L_ring_prox-mesh-positions"/>
        </vertices>
        <triangles material="white-material" count="2904">
          <input semantic="VERTEX" source="#L_ring_prox-mesh-vertices" offset="0"/>
          <input semantic="NORMAL" source="#L_ring_prox-mesh-normals" offset="1"/>
          <p>0 0 1 0 2 0 3 1 4 1 5 1 6 2 7 2 5 2 5 3 7 3 8 3 5 4 8 4 3 4 5 5 9 5 6 5 6 6 9 6 10 6 6 7 10 7 11 7 12 8 13 8 14 8 14 9 13 9 15 9 14 10 15 10 16 10 16 11 15 11 17 11 16 12 17 12 18 12 18 13 17 13 19 13 12 14 2 14 13 14 13 15 2 15 1 15 13 16 1 16 20 16 20 17 1 17 21 17 0 18 11 18 1 18 1 19 11 19 10 19 1 20 10 20 21 20 21 21 10 21 9 21 21 22 9 22 22 22 22 23 9 23 5 23 22 24 5 24 23 24 23 25 5 25 4 25 23 26 4 26 24 26 25 27 26 27 27 27 27 28 26 28 28 28 27 29 28 29 29 29 29 30 28 30 30 30 29 31 30 31 31 31 31 32 30 32 32 32 31 33 32 33 33 33 33 34 32 34 34 34 33 35 34 35 35 35 35 36 34 36 36 36 35 37 36 37 37 37 37 38 36 38 38 38 37 39 38 39 39 39 39 40 38 40 40 40 39 41 40 41 41 41 41 42 40 42 42 42 41 43 42 43 43 43 43 44 42 44 44 44 43 45 44 45 45 45 45 46 44 46 46 46 45 47 46 47 47 47 47 48 46 48 48 48 47 49 48 49 49 49 49 50 48 50 25 50 49 51 25 51 27 51 50 52 51 52 52 52 52 53 51 53 53 53 52 54 53 54 54 54 53 55 55 55 54 55 54 56 55 56 56 56 54 57 56 57 57 57 57 58 56 58 58 58 57 59 58 59 59 59 59 60 58 60 60 60 59 61 60 61 61 61 61 62 60 62 62 62 61 63 62 63 63 63 63 64 62 64 64 64 62 65 65 65 64 65 64 66 65 66 66 66 64 67 66 67 67 67 67 68 66 68 68 68 67 69 68 69 69 69 69 70 68 70 70 70 69 71 70 71 71 71 72 72 73 72 74 72 74 73 73 73 75 73 74 74 75 74 76 74 76 75 75 75 77 75 76 76 77 76 78 76 79 77 80 77 81 77 79 78 81 78 82 78 83 79 84 79 81 79 81 80 84 80 85 80 81 81 85 81 82 81 86 82 87 82 88 82 88 83 87 83 89 83 88 84 89 84 83 84 83 85 89 85 90 85 83 86 90 86 84 86 91 87 92 87 93 87 91 88 93 88 94 88 94 89 93 89 95 89 94 90 95 90 96 90 95 91 97 91 96 91 96 92 97 92 98 92 96 93 98 93 99 93 98 94 100 94 99 94 99 95 100 95 101 95 99 96 101 96 102 96 103 97 104 97 105 97 103 98 105 98 106 98 106 99 105 99 107 99 106 100 107 100 108 100 109 101 110 101 111 101 111 102 110 102 112 102 111 103 112 103 113 103 109 104 114 104 110 104 110 105 114 105 115 105 110 106 115 106 116 106 115 107 117 107 116 107 116 108 117 108 118 108 116 109 118 109 119 109 108 110 107 110 120 110 120 111 107 111 121 111 120 112 121 112 122 112 122 113 121 113 116 113 122 114 116 114 123 114 123 115 116 115 119 115 124 116 125 116 126 116 124 117 126 117 127 117 127 118 126 118 128 118 127 119 128 119 129 119 129 120 128 120 130 120 129 121 130 121 131 121 131 122 130 122 113 122 131 123 113 123 132 123 112 124 133 124 113 124 113 125 133 125 132 125 132 126 133 126 134 126 134 127 133 127 135 127 134 128 135 128 136 128 136 129 135 129 137 129 136 130 137 130 138 130 138 131 137 131 139 131 138 132 139 132 140 132 140 133 139 133 141 133 140 134 141 134 142 134 142 135 141 135 143 135 142 136 143 136 144 136 144 137 143 137 145 137 146 138 142 138 144 138 146 139 144 139 147 139 148 140 149 140 150 140 132 141 151 141 131 141 131 142 151 142 152 142 131 143 152 143 129 143 129 144 152 144 150 144 129 145 150 145 127 145 127 146 150 146 149 146 127 147 149 147 124 147 153 148 154 148 148 148 148 149 150 149 153 149 153 150 150 150 152 150 153 151 152 151 155 151 155 152 152 152 151 152 155 153 151 153 156 153 144 154 157 154 158 154 158 155 157 155 154 155 147 156 144 156 158 156 132 157 134 157 151 157 151 158 134 158 136 158 151 159 136 159 156 159 156 160 136 160 138 160 156 161 138 161 140 161 154 162 153 162 158 162 158 163 153 163 155 163 158 164 155 164 147 164 147 165 155 165 156 165 147 166 156 166 146 166 146 167 156 167 140 167 146 168 140 168 142 168 159 169 160 169 161 169 162 170 163 170 164 170 164 171 165 171 162 171 162 172 165 172 166 172 162 173 166 173 167 173 168 174 169 174 163 174 163 175 169 175 170 175 170 176 171 176 163 176 163 177 171 177 172 177 163 178 172 178 164 178 173 179 124 179 149 179 173 180 149 180 174 180 174 181 149 181 162 181 174 182 162 182 161 182 161 183 162 183 167 183 161 184 167 184 159 184 144 185 168 185 157 185 157 186 168 186 163 186 157 187 163 187 154 187 154 188 163 188 162 188 154 189 162 189 148 189 148 190 162 190 149 190 169 191 175 191 170 191 170 192 175 192 176 192 166 193 165 193 177 193 177 194 165 194 164 194 177 195 164 195 178 195 178 196 164 196 172 196 178 197 172 197 176 197 176 198 172 198 171 198 176 199 171 199 170 199 166 200 177 200 167 200 167 201 177 201 179 201 167 202 179 202 159 202 159 203 179 203 180 203 159 204 180 204 160 204 168 205 144 205 145 205 181 206 175 206 182 206 182 207 175 207 169 207 145 208 183 208 168 208 168 209 183 209 184 209 168 210 184 210 169 210 169 211 184 211 185 211 169 212 185 212 182 212 186 213 187 213 181 213 181 214 187 214 175 214 175 215 187 215 176 215 176 216 187 216 188 216 176 217 188 217 178 217 178 218 188 218 189 218 178 219 189 219 177 219 177 220 189 220 190 220 177 221 190 221 179 221 179 222 190 222 191 222 179 223 191 223 180 223 192 224 99 224 102 224 99 225 192 225 96 225 94 226 96 226 193 226 194 227 91 227 94 227 94 228 195 228 194 228 194 229 195 229 196 229 194 230 196 230 197 230 197 231 196 231 198 231 198 232 196 232 199 232 199 233 196 233 200 233 199 234 200 234 201 234 201 235 200 235 202 235 201 236 202 236 203 236 203 237 202 237 204 237 203 238 204 238 205 238 205 239 204 239 188 239 205 240 188 240 187 240 102 241 206 241 192 241 192 242 206 242 207 242 192 243 207 243 208 243 208 244 207 244 209 244 208 245 209 245 210 245 210 246 209 246 211 246 210 247 211 247 212 247 212 248 211 248 213 248 212 249 213 249 214 249 214 250 213 250 191 250 214 251 191 251 190 251 94 252 193 252 195 252 195 253 193 253 215 253 195 254 215 254 196 254 196 255 215 255 216 255 196 256 216 256 200 256 200 257 216 257 217 257 200 258 217 258 202 258 202 259 217 259 218 259 202 260 218 260 204 260 204 261 218 261 189 261 204 262 189 262 188 262 96 263 192 263 193 263 193 264 192 264 208 264 193 265 208 265 215 265 215 266 208 266 210 266 215 267 210 267 216 267 216 268 210 268 212 268 216 269 212 269 217 269 217 270 212 270 214 270 217 271 214 271 218 271 218 272 214 272 190 272 218 273 190 273 189 273 219 274 91 274 220 274 220 275 91 275 194 275 220 276 194 276 221 276 194 277 197 277 221 277 221 278 197 278 198 278 221 279 198 279 222 279 222 280 198 280 199 280 222 281 199 281 201 281 187 282 186 282 205 282 205 283 186 283 223 283 205 284 223 284 203 284 203 285 223 285 224 285 203 286 224 286 201 286 201 287 224 287 225 287 201 288 225 288 222 288 185 289 184 289 226 289 227 290 228 290 229 290 229 291 228 291 230 291 181 292 182 292 231 292 231 293 182 293 185 293 231 294 185 294 227 294 227 295 185 295 226 295 227 296 226 296 228 296 231 297 232 297 181 297 181 298 232 298 225 298 181 299 225 299 186 299 186 300 225 300 224 300 186 301 224 301 223 301 226 302 233 302 228 302 228 303 233 303 234 303 228 304 234 304 230 304 230 305 234 305 233 305 230 306 233 306 183 306 183 307 233 307 226 307 183 308 226 308 184 308 229 309 230 309 235 309 235 310 230 310 135 310 183 311 145 311 230 311 230 312 145 312 143 312 230 313 143 313 141 313 141 314 139 314 230 314 230 315 139 315 137 315 230 316 137 316 135 316 235 317 236 317 229 317 229 318 236 318 237 318 229 319 237 319 227 319 227 320 237 320 238 320 227 321 238 321 231 321 231 322 238 322 239 322 231 323 239 323 232 323 240 324 241 324 242 324 242 325 241 325 243 325 242 326 243 326 244 326 245 327 246 327 247 327 247 328 246 328 248 328 247 329 248 329 243 329 243 330 248 330 249 330 243 331 249 331 244 331 245 332 247 332 250 332 250 333 247 333 251 333 250 334 251 334 252 334 240 335 253 335 254 335 254 336 253 336 255 336 254 337 255 337 256 337 256 338 255 338 78 338 256 339 78 339 257 339 240 340 242 340 253 340 253 341 242 341 258 341 258 342 242 342 259 342 259 343 242 343 244 343 259 344 244 344 260 344 260 345 244 345 249 345 260 346 249 346 261 346 249 347 248 347 261 347 261 348 248 348 246 348 261 349 246 349 262 349 262 350 246 350 245 350 262 351 245 351 263 351 263 352 245 352 250 352 263 353 250 353 264 353 264 354 250 354 252 354 265 355 266 355 252 355 252 356 266 356 264 356 267 357 268 357 269 357 266 358 265 358 270 358 270 359 265 359 271 359 270 360 271 360 272 360 273 361 274 361 271 361 271 362 274 362 275 362 271 363 275 363 272 363 268 364 276 364 269 364 269 365 276 365 277 365 269 366 277 366 273 366 273 367 277 367 278 367 273 368 278 368 274 368 267 369 269 369 279 369 279 370 269 370 280 370 279 371 280 371 281 371 281 372 280 372 282 372 282 373 280 373 283 373 282 374 283 374 284 374 285 375 286 375 283 375 283 376 286 376 287 376 283 377 287 377 284 377 288 378 289 378 290 378 290 379 289 379 291 379 290 380 291 380 285 380 285 381 291 381 292 381 285 382 292 382 286 382 288 383 290 383 293 383 293 384 290 384 294 384 293 385 294 385 295 385 296 386 297 386 298 386 299 387 300 387 301 387 301 388 300 388 302 388 303 389 304 389 305 389 305 390 304 390 306 390 305 391 306 391 307 391 307 392 306 392 308 392 307 393 308 393 309 393 309 394 308 394 302 394 309 395 302 395 310 395 310 396 302 396 300 396 311 397 296 397 312 397 312 398 296 398 313 398 312 399 313 399 314 399 315 400 316 400 317 400 317 401 316 401 318 401 317 402 318 402 319 402 319 403 320 403 317 403 317 404 320 404 321 404 317 405 321 405 322 405 322 406 321 406 323 406 322 407 323 407 324 407 324 408 323 408 325 408 324 409 325 409 326 409 326 410 325 410 327 410 326 411 327 411 328 411 296 412 298 412 313 412 313 413 298 413 329 413 313 414 329 414 330 414 330 415 329 415 331 415 330 416 331 416 303 416 303 417 331 417 332 417 303 418 332 418 304 418 304 419 332 419 333 419 304 420 333 420 306 420 306 421 333 421 334 421 306 422 334 422 308 422 308 423 334 423 335 423 308 424 335 424 302 424 302 425 335 425 336 425 302 426 336 426 301 426 311 427 297 427 296 427 310 428 315 428 309 428 309 429 315 429 317 429 309 430 317 430 307 430 307 431 317 431 322 431 307 432 322 432 305 432 305 433 322 433 324 433 305 434 324 434 303 434 303 435 324 435 326 435 303 436 326 436 330 436 330 437 326 437 328 437 330 438 328 438 313 438 313 439 328 439 337 439 313 440 337 440 314 440 319 441 338 441 320 441 320 442 338 442 339 442 320 443 339 443 321 443 321 444 339 444 340 444 321 445 340 445 323 445 323 446 340 446 341 446 323 447 341 447 325 447 325 448 341 448 342 448 325 449 342 449 327 449 327 450 342 450 328 450 328 451 342 451 343 451 328 452 343 452 337 452 337 453 343 453 344 453 337 454 344 454 314 454 314 455 344 455 312 455 312 456 344 456 345 456 312 457 345 457 311 457 311 458 345 458 346 458 311 459 346 459 297 459 347 460 348 460 349 460 349 461 348 461 350 461 349 462 350 462 351 462 349 463 351 463 352 463 351 464 353 464 352 464 352 465 353 465 354 465 352 466 354 466 355 466 355 467 354 467 356 467 355 468 356 468 357 468 357 469 356 469 358 469 357 470 358 470 359 470 360 471 361 471 362 471 363 472 364 472 365 472 365 473 364 473 366 473 365 474 366 474 367 474 367 475 366 475 368 475 367 476 368 476 369 476 370 477 371 477 372 477 372 478 371 478 373 478 372 479 373 479 374 479 374 480 373 480 375 480 374 481 375 481 376 481 377 482 378 482 360 482 360 483 378 483 370 483 360 484 370 484 361 484 361 485 370 485 372 485 361 486 372 486 379 486 379 487 372 487 380 487 379 488 380 488 381 488 382 489 383 489 377 489 350 490 383 490 351 490 351 491 383 491 382 491 351 492 382 492 353 492 362 493 384 493 385 493 385 494 384 494 386 494 385 495 386 495 387 495 387 496 386 496 388 496 387 497 388 497 389 497 377 498 360 498 382 498 382 499 360 499 362 499 382 500 362 500 353 500 353 501 362 501 385 501 353 502 385 502 354 502 354 503 385 503 387 503 354 504 387 504 356 504 356 505 387 505 389 505 356 506 389 506 358 506 390 507 363 507 391 507 391 508 363 508 365 508 391 509 365 509 392 509 392 510 365 510 367 510 392 511 367 511 393 511 393 512 367 512 369 512 393 513 369 513 394 513 395 514 381 514 396 514 396 515 381 515 380 515 396 516 380 516 397 516 397 517 380 517 372 517 397 518 372 518 398 518 398 519 372 519 374 519 395 520 394 520 381 520 381 521 394 521 369 521 381 522 369 522 379 522 379 523 369 523 368 523 379 524 368 524 361 524 361 525 368 525 366 525 361 526 366 526 362 526 362 527 366 527 364 527 362 528 364 528 384 528 384 529 364 529 363 529 384 530 363 530 386 530 386 531 363 531 390 531 386 532 390 532 388 532 350 533 348 533 383 533 383 534 348 534 399 534 383 535 399 535 377 535 377 536 399 536 400 536 373 537 371 537 401 537 401 538 371 538 370 538 401 539 370 539 400 539 400 540 370 540 378 540 400 541 378 541 377 541 373 542 401 542 375 542 375 543 401 543 402 543 375 544 402 544 376 544 403 545 404 545 405 545 405 546 404 546 406 546 405 547 406 547 407 547 407 548 406 548 408 548 407 549 408 549 409 549 410 550 411 550 412 550 413 551 414 551 412 551 410 552 412 552 415 552 415 553 412 553 414 553 415 554 414 554 416 554 417 555 418 555 419 555 419 556 418 556 420 556 419 557 420 557 421 557 417 558 422 558 423 558 424 559 425 559 426 559 426 560 425 560 427 560 423 561 422 561 426 561 426 562 422 562 428 562 426 563 428 563 424 563 429 564 430 564 431 564 431 565 430 565 432 565 431 566 432 566 433 566 417 567 423 567 418 567 418 568 423 568 426 568 418 569 426 569 432 569 432 570 426 570 427 570 432 571 427 571 433 571 413 572 403 572 434 572 434 573 403 573 405 573 434 574 405 574 435 574 435 575 405 575 407 575 435 576 407 576 436 576 436 577 407 577 409 577 436 578 409 578 437 578 418 579 411 579 420 579 420 580 411 580 410 580 420 581 410 581 438 581 438 582 410 582 415 582 438 583 415 583 439 583 439 584 415 584 416 584 439 585 416 585 440 585 441 586 421 586 442 586 442 587 421 587 420 587 442 588 420 588 443 588 443 589 420 589 438 589 443 590 438 590 444 590 444 591 438 591 439 591 444 592 439 592 445 592 445 593 439 593 440 593 445 594 440 594 446 594 413 595 412 595 403 595 403 596 412 596 411 596 403 597 411 597 404 597 404 598 411 598 418 598 404 599 418 599 406 599 406 600 418 600 432 600 406 601 432 601 408 601 408 602 432 602 430 602 408 603 430 603 409 603 409 604 430 604 429 604 409 605 429 605 437 605 425 606 447 606 427 606 427 607 447 607 448 607 427 608 448 608 433 608 433 609 448 609 449 609 433 610 449 610 431 610 431 611 449 611 450 611 431 612 450 612 429 612 429 613 450 613 451 613 429 614 451 614 437 614 452 615 453 615 425 615 425 616 453 616 447 616 452 617 425 617 424 617 428 618 454 618 424 618 424 619 454 619 455 619 424 620 455 620 452 620 428 621 422 621 454 621 454 622 422 622 417 622 454 623 417 623 456 623 441 624 457 624 421 624 421 625 457 625 456 625 421 626 456 626 419 626 419 627 456 627 417 627 441 628 376 628 457 628 457 629 376 629 402 629 445 630 396 630 444 630 444 631 396 631 397 631 444 632 397 632 443 632 443 633 397 633 398 633 443 634 398 634 442 634 442 635 398 635 374 635 442 636 374 636 441 636 441 637 374 637 376 637 445 638 446 638 396 638 396 639 446 639 458 639 396 640 458 640 395 640 389 641 388 641 459 641 389 642 459 642 358 642 358 643 459 643 460 643 358 644 460 644 359 644 388 645 390 645 459 645 459 646 390 646 391 646 459 647 391 647 392 647 392 648 393 648 459 648 459 649 393 649 394 649 459 650 394 650 461 650 461 651 394 651 395 651 461 652 395 652 462 652 462 653 395 653 458 653 462 654 458 654 463 654 463 655 458 655 446 655 463 656 446 656 295 656 446 657 440 657 295 657 295 658 440 658 416 658 295 659 416 659 414 659 414 660 413 660 295 660 295 661 413 661 434 661 295 662 434 662 435 662 451 663 464 663 437 663 437 664 464 664 295 664 437 665 295 665 436 665 436 666 295 666 435 666 465 667 466 667 467 667 467 668 468 668 465 668 465 669 468 669 469 669 465 670 469 670 470 670 470 671 471 671 465 671 465 672 471 672 472 672 465 673 472 673 473 673 473 674 474 674 465 674 465 675 474 675 475 675 465 676 475 676 476 676 476 677 477 677 465 677 465 678 477 678 478 678 478 679 479 679 465 679 480 680 481 680 482 680 482 681 481 681 483 681 483 682 481 682 484 682 483 683 484 683 485 683 485 684 484 684 486 684 485 685 486 685 487 685 482 686 488 686 480 686 480 687 488 687 489 687 480 688 489 688 490 688 490 689 489 689 491 689 491 690 489 690 492 690 491 691 492 691 493 691 493 692 492 692 494 692 493 693 494 693 495 693 495 694 494 694 496 694 495 695 496 695 497 695 497 696 496 696 498 696 497 697 498 697 499 697 499 698 498 698 500 698 499 699 500 699 501 699 501 700 500 700 502 700 501 701 502 701 503 701 503 702 502 702 487 702 503 703 487 703 504 703 504 41 487 41 486 41 505 704 506 704 507 704 508 705 509 705 510 705 511 706 508 706 512 706 511 707 512 707 513 707 513 708 512 708 514 708 513 709 514 709 515 709 515 710 514 710 516 710 515 711 516 711 517 711 517 712 518 712 515 712 515 713 518 713 519 713 515 714 519 714 513 714 513 715 519 715 520 715 513 716 520 716 511 716 505 717 507 717 521 717 522 718 523 718 517 718 517 719 523 719 524 719 517 720 524 720 518 720 506 721 525 721 507 721 507 722 525 722 526 722 507 723 526 723 527 723 527 724 526 724 528 724 529 725 528 725 530 725 530 726 528 726 526 726 530 727 526 727 531 727 531 728 526 728 525 728 508 729 510 729 512 729 512 730 510 730 532 730 512 731 532 731 514 731 514 732 532 732 521 732 514 733 521 733 516 733 516 734 521 734 507 734 516 735 507 735 517 735 517 736 507 736 527 736 517 737 527 737 522 737 522 738 527 738 528 738 522 739 528 739 533 739 533 740 528 740 529 740 533 741 529 741 534 741 535 742 536 742 509 742 535 743 509 743 537 743 509 744 538 744 537 744 537 745 538 745 539 745 537 746 539 746 540 746 509 747 541 747 542 747 508 748 541 748 509 748 509 749 543 749 544 749 539 750 538 750 544 750 544 751 538 751 509 751 542 752 543 752 509 752 520 753 545 753 511 753 511 754 545 754 546 754 539 755 544 755 547 755 547 756 544 756 543 756 547 757 543 757 548 757 548 758 543 758 542 758 548 759 542 759 549 759 549 760 542 760 541 760 549 761 541 761 546 761 546 762 541 762 508 762 546 763 508 763 511 763 550 764 551 764 552 764 553 765 550 765 554 765 555 766 556 766 557 766 557 767 556 767 558 767 557 768 558 768 559 768 559 769 558 769 560 769 559 770 560 770 553 770 555 771 557 771 561 771 561 772 557 772 562 772 561 773 562 773 563 773 563 774 562 774 564 774 563 775 564 775 565 775 565 776 564 776 566 776 565 777 566 777 567 777 567 778 566 778 568 778 567 779 568 779 569 779 570 780 571 780 572 780 572 781 573 781 570 781 570 782 573 782 574 782 570 783 574 783 575 783 575 784 574 784 576 784 575 785 576 785 577 785 577 786 576 786 578 786 577 787 578 787 579 787 579 788 578 788 552 788 579 789 552 789 580 789 580 790 552 790 551 790 580 791 551 791 581 791 553 792 554 792 559 792 559 793 554 793 582 793 559 794 582 794 557 794 557 795 582 795 583 795 557 796 583 796 562 796 562 797 583 797 584 797 562 798 584 798 564 798 564 799 584 799 585 799 564 800 585 800 566 800 566 801 585 801 586 801 566 802 586 802 568 802 550 803 552 803 554 803 554 804 552 804 578 804 554 805 578 805 582 805 582 806 578 806 576 806 582 807 576 807 583 807 583 808 576 808 574 808 583 809 574 809 584 809 584 810 574 810 573 810 584 811 573 811 585 811 585 812 573 812 572 812 585 813 572 813 586 813 571 814 587 814 588 814 571 815 588 815 572 815 572 816 588 816 589 816 572 817 589 817 586 817 589 818 590 818 586 818 586 819 590 819 591 819 586 820 591 820 568 820 568 821 591 821 592 821 568 822 592 822 569 822 549 823 546 823 593 823 593 824 546 824 545 824 592 825 594 825 595 825 595 826 594 826 596 826 595 827 596 827 597 827 597 828 596 828 593 828 597 829 593 829 598 829 598 830 593 830 545 830 598 831 545 831 520 831 547 832 548 832 599 832 599 833 548 833 549 833 549 834 593 834 599 834 599 835 593 835 596 835 599 836 596 836 600 836 600 837 596 837 594 837 600 838 594 838 601 838 602 839 539 839 547 839 592 840 591 840 594 840 594 841 591 841 590 841 594 842 590 842 601 842 601 843 590 843 589 843 601 844 589 844 588 844 547 845 599 845 602 845 602 846 599 846 600 846 602 847 600 847 603 847 603 848 600 848 601 848 603 849 601 849 604 849 604 850 601 850 588 850 604 851 588 851 587 851 485 852 487 852 540 852 540 853 487 853 605 853 606 854 607 854 608 854 608 855 607 855 609 855 608 856 609 856 610 856 610 857 611 857 608 857 608 858 611 858 612 858 608 859 612 859 613 859 612 860 614 860 613 860 613 861 614 861 615 861 613 862 615 862 616 862 502 863 500 863 613 863 613 864 500 864 498 864 613 865 498 865 581 865 581 866 498 866 496 866 581 867 496 867 580 867 580 868 496 868 494 868 580 869 494 869 579 869 487 870 502 870 605 870 605 871 502 871 613 871 605 872 613 872 617 872 617 873 613 873 616 873 485 874 540 874 483 874 483 875 540 875 539 875 483 876 539 876 602 876 579 877 494 877 577 877 577 878 494 878 492 878 577 879 492 879 575 879 587 880 482 880 604 880 604 881 482 881 483 881 604 882 483 882 603 882 603 883 483 883 602 883 575 884 492 884 570 884 570 885 492 885 489 885 570 886 489 886 571 886 571 887 489 887 587 887 587 888 489 888 488 888 587 889 488 889 482 889 613 890 618 890 608 890 608 891 618 891 619 891 620 892 621 892 622 892 622 893 621 893 623 893 623 894 624 894 622 894 622 895 624 895 625 895 622 896 625 896 626 896 626 897 625 897 627 897 626 898 627 898 628 898 628 899 627 899 629 899 628 900 629 900 618 900 618 901 629 901 630 901 618 902 630 902 619 902 613 903 581 903 551 903 613 904 551 904 618 904 618 905 551 905 550 905 618 906 550 906 628 906 628 907 550 907 553 907 628 908 553 908 626 908 560 909 620 909 553 909 553 910 620 910 622 910 553 911 622 911 626 911 631 912 620 912 632 912 632 913 620 913 560 913 633 914 621 914 634 914 620 915 631 915 621 915 621 916 631 916 635 916 621 917 635 917 634 917 636 918 637 918 465 918 465 919 637 919 633 919 465 920 633 920 466 920 466 921 633 921 634 921 638 922 633 922 637 922 621 923 633 923 623 923 623 924 633 924 638 924 623 925 638 925 624 925 630 926 629 926 639 926 639 927 629 927 627 927 639 928 627 928 638 928 638 929 627 929 625 929 638 930 625 930 624 930 608 931 619 931 640 931 640 932 619 932 630 932 640 933 630 933 641 933 641 934 630 934 639 934 641 935 639 935 642 935 642 936 639 936 643 936 642 937 643 937 644 937 637 938 645 938 638 938 638 939 645 939 646 939 638 940 646 940 639 940 639 941 646 941 647 941 639 942 647 942 643 942 648 943 645 943 637 943 649 944 650 944 644 944 651 945 650 945 652 945 652 946 650 946 649 946 652 947 649 947 653 947 653 948 649 948 654 948 653 949 654 949 655 949 646 950 654 950 647 950 647 951 654 951 649 951 647 952 649 952 643 952 643 953 649 953 644 953 656 954 657 954 658 954 658 955 657 955 659 955 658 956 659 956 660 956 660 957 659 957 661 957 660 958 661 958 662 958 662 959 661 959 663 959 662 960 663 960 637 960 657 961 651 961 659 961 659 962 651 962 652 962 659 963 652 963 661 963 661 964 652 964 653 964 661 965 653 965 663 965 663 966 653 966 655 966 663 967 655 967 637 967 646 968 645 968 654 968 654 969 645 969 648 969 654 970 648 970 655 970 655 971 648 971 637 971 656 972 664 972 665 972 656 973 665 973 657 973 657 974 665 974 666 974 657 975 666 975 651 975 651 976 666 976 667 976 651 977 667 977 650 977 650 978 667 978 668 978 650 979 668 979 644 979 669 980 670 980 671 980 665 981 664 981 672 981 666 982 665 982 673 982 667 983 666 983 674 983 668 984 667 984 675 984 665 985 672 985 673 985 673 986 672 986 676 986 673 987 676 987 677 987 677 988 676 988 678 988 677 989 678 989 679 989 679 990 678 990 680 990 679 991 680 991 681 991 681 992 680 992 682 992 681 993 682 993 683 993 683 994 682 994 684 994 683 995 684 995 685 995 685 996 684 996 686 996 685 997 686 997 687 997 687 998 686 998 688 998 687 999 688 999 689 999 689 1000 688 1000 690 1000 689 1001 690 1001 691 1001 690 1002 692 1002 691 1002 691 1003 692 1003 693 1003 691 1004 693 1004 694 1004 666 1005 673 1005 674 1005 674 1006 673 1006 677 1006 674 1007 677 1007 695 1007 695 1008 677 1008 679 1008 695 1009 679 1009 696 1009 696 1010 679 1010 681 1010 696 1011 681 1011 697 1011 697 1012 681 1012 683 1012 697 1013 683 1013 698 1013 698 1014 683 1014 685 1014 698 1015 685 1015 699 1015 699 1016 685 1016 687 1016 699 1017 687 1017 700 1017 700 1018 687 1018 689 1018 700 1019 689 1019 701 1019 701 1020 689 1020 691 1020 701 1021 691 1021 702 1021 702 1022 691 1022 694 1022 702 1023 694 1023 703 1023 667 1024 674 1024 675 1024 675 1025 674 1025 695 1025 675 1026 695 1026 704 1026 704 1027 695 1027 696 1027 704 1028 696 1028 705 1028 705 1029 696 1029 697 1029 705 1030 697 1030 706 1030 706 1031 697 1031 698 1031 706 1032 698 1032 707 1032 707 1033 698 1033 699 1033 707 1034 699 1034 708 1034 708 1035 699 1035 700 1035 708 1036 700 1036 709 1036 709 1037 700 1037 701 1037 709 1038 701 1038 710 1038 710 1039 701 1039 702 1039 710 1040 702 1040 671 1040 671 1041 702 1041 703 1041 671 1042 703 1042 669 1042 668 1043 675 1043 711 1043 711 1044 675 1044 704 1044 711 1045 704 1045 712 1045 712 1046 704 1046 705 1046 712 1047 705 1047 713 1047 713 1048 705 1048 706 1048 713 1049 706 1049 714 1049 714 1050 706 1050 707 1050 714 1051 707 1051 715 1051 715 1052 707 1052 708 1052 715 1053 708 1053 716 1053 716 1054 708 1054 709 1054 716 1055 709 1055 717 1055 717 1056 709 1056 710 1056 717 1057 710 1057 718 1057 718 1058 710 1058 671 1058 718 1059 671 1059 719 1059 719 1060 671 1060 670 1060 719 1061 670 1061 720 1061 670 1062 669 1062 721 1062 722 1063 723 1063 724 1063 725 1064 460 1064 726 1064 727 1065 725 1065 721 1065 725 1066 726 1066 721 1066 721 1067 726 1067 720 1067 721 1068 720 1068 670 1068 669 1069 703 1069 721 1069 721 1070 703 1070 722 1070 721 1071 722 1071 727 1071 727 1072 722 1072 724 1072 692 1073 723 1073 693 1073 693 1074 723 1074 722 1074 693 1075 722 1075 694 1075 694 1076 722 1076 703 1076 727 1077 724 1077 728 1077 359 1078 460 1078 729 1078 729 1079 460 1079 725 1079 728 1080 730 1080 727 1080 727 1081 730 1081 731 1081 727 1082 731 1082 725 1082 725 1083 731 1083 732 1083 725 1084 732 1084 729 1084 733 1085 730 1085 728 1085 734 1086 357 1086 359 1086 355 1087 357 1087 735 1087 735 1088 357 1088 734 1088 735 1089 734 1089 736 1089 736 1090 734 1090 737 1090 736 1091 737 1091 738 1091 731 1092 737 1092 732 1092 732 1093 737 1093 734 1093 732 1094 734 1094 729 1094 729 1095 734 1095 359 1095 349 1096 352 1096 739 1096 739 1097 352 1097 740 1097 739 1098 740 1098 741 1098 741 1099 740 1099 742 1099 741 1100 742 1100 743 1100 743 1101 742 1101 744 1101 743 1102 744 1102 728 1102 352 1103 355 1103 740 1103 740 1104 355 1104 735 1104 740 1105 735 1105 742 1105 742 1106 735 1106 736 1106 742 1107 736 1107 744 1107 744 1108 736 1108 738 1108 744 1109 738 1109 728 1109 731 1110 730 1110 737 1110 737 1111 730 1111 733 1111 737 1112 733 1112 738 1112 738 1113 733 1113 728 1113 347 1114 349 1114 739 1114 347 1115 739 1115 745 1115 745 1116 739 1116 741 1116 745 1117 741 1117 746 1117 746 1118 741 1118 743 1118 746 1119 743 1119 747 1119 747 1120 743 1120 728 1120 747 1121 728 1121 748 1121 692 1122 749 1122 723 1122 723 1123 749 1123 748 1123 723 1124 748 1124 724 1124 724 1125 748 1125 728 1125 750 1126 678 1126 676 1126 750 1127 676 1127 751 1127 751 1128 676 1128 672 1128 751 1129 672 1129 664 1129 678 1130 750 1130 680 1130 680 1131 750 1131 752 1131 680 1132 752 1132 682 1132 682 1133 752 1133 684 1133 684 1134 752 1134 753 1134 684 1135 753 1135 686 1135 686 1136 753 1136 688 1136 688 1137 753 1137 754 1137 688 1138 754 1138 690 1138 690 1139 754 1139 749 1139 690 1140 749 1140 692 1140 656 1141 755 1141 664 1141 664 1142 755 1142 751 1142 755 1143 656 1143 658 1143 755 1144 658 1144 756 1144 756 1145 658 1145 660 1145 756 1146 660 1146 757 1146 757 1147 660 1147 662 1147 757 1148 662 1148 758 1148 758 1149 662 1149 637 1149 758 1150 637 1150 636 1150 465 1151 479 1151 636 1151 636 1152 479 1152 757 1152 636 1153 757 1153 758 1153 759 1154 760 1154 479 1154 479 1155 760 1155 756 1155 479 1156 756 1156 757 1156 479 1157 761 1157 759 1157 759 1158 761 1158 762 1158 759 1159 762 1159 763 1159 763 1160 762 1160 764 1160 763 1161 764 1161 765 1161 765 1162 764 1162 766 1162 765 1163 766 1163 767 1163 768 1164 769 1164 632 1164 632 1165 769 1165 770 1165 632 1166 770 1166 631 1166 631 1167 770 1167 766 1167 631 1168 766 1168 635 1168 761 1169 479 1169 478 1169 478 1170 477 1170 761 1170 761 1171 477 1171 476 1171 761 1172 476 1172 762 1172 476 1173 475 1173 762 1173 762 1174 475 1174 474 1174 762 1175 474 1175 473 1175 473 1176 472 1176 762 1176 762 1177 472 1177 471 1177 762 1178 471 1178 470 1178 470 1179 469 1179 762 1179 762 1180 469 1180 468 1180 762 1181 468 1181 467 1181 766 1182 764 1182 635 1182 635 1183 764 1183 762 1183 635 1184 762 1184 634 1184 634 1185 762 1185 467 1185 634 1186 467 1186 466 1186 771 1187 772 1187 565 1187 565 1188 567 1188 771 1188 771 1189 567 1189 569 1189 771 1190 569 1190 773 1190 632 1191 560 1191 768 1191 768 1192 560 1192 558 1192 768 1193 558 1193 769 1193 769 1194 558 1194 556 1194 769 1195 556 1195 770 1195 770 1196 556 1196 555 1196 770 1197 555 1197 774 1197 774 1198 555 1198 561 1198 774 1199 561 1199 772 1199 772 1200 561 1200 563 1200 772 1201 563 1201 565 1201 569 1202 592 1202 773 1202 773 1203 592 1203 775 1203 776 1204 777 1204 595 1204 595 1205 777 1205 592 1205 592 1206 777 1206 778 1206 592 1207 778 1207 775 1207 534 1208 779 1208 533 1208 533 1209 779 1209 780 1209 533 1210 780 1210 522 1210 522 1211 780 1211 781 1211 595 1212 597 1212 776 1212 776 1213 597 1213 598 1213 776 1214 598 1214 782 1214 782 1215 598 1215 520 1215 782 1216 520 1216 783 1216 783 1217 520 1217 519 1217 783 1218 519 1218 784 1218 519 1219 518 1219 784 1219 784 1220 518 1220 524 1220 784 1221 524 1221 781 1221 781 1222 524 1222 523 1222 781 1223 523 1223 522 1223 785 1224 786 1224 787 1224 788 1225 783 1225 784 1225 788 1226 784 1226 785 1226 789 1227 790 1227 791 1227 791 1228 790 1228 792 1228 791 1229 792 1229 793 1229 793 1230 792 1230 794 1230 793 1231 794 1231 795 1231 785 1232 784 1232 786 1232 786 1233 784 1233 781 1233 786 1234 781 1234 796 1234 796 1235 781 1235 780 1235 796 1236 780 1236 797 1236 797 1237 780 1237 779 1237 797 1238 779 1238 798 1238 787 1239 786 1239 789 1239 789 1240 786 1240 796 1240 789 1241 796 1241 790 1241 790 1242 796 1242 797 1242 790 1243 797 1243 792 1243 792 1244 797 1244 798 1244 792 1245 798 1245 794 1245 799 1246 795 1246 794 1246 799 1247 794 1247 800 1247 800 1248 794 1248 798 1248 800 1249 798 1249 801 1249 801 1250 798 1250 779 1250 801 1251 779 1251 802 1251 803 1252 802 1252 804 1252 804 1253 802 1253 779 1253 804 1254 779 1254 534 1254 803 1255 804 1255 805 1255 803 1256 805 1256 806 1256 806 1257 805 1257 807 1257 806 1258 807 1258 808 1258 531 1259 807 1259 530 1259 530 1260 807 1260 805 1260 530 1261 805 1261 529 1261 529 1262 805 1262 804 1262 529 1263 804 1263 534 1263 809 1264 810 1264 811 1264 812 1265 813 1265 810 1265 810 1266 809 1266 812 1266 812 1267 809 1267 814 1267 812 1268 814 1268 815 1268 815 1269 814 1269 816 1269 815 1270 816 1270 817 1270 817 1271 816 1271 818 1271 818 1272 816 1272 819 1272 818 1273 819 1273 820 1273 820 1274 821 1274 822 1274 822 1275 821 1275 823 1275 822 1276 823 1276 824 1276 824 1277 823 1277 825 1277 824 1278 825 1278 826 1278 811 1279 827 1279 809 1279 809 1280 827 1280 828 1280 809 1281 828 1281 814 1281 814 1282 828 1282 829 1282 814 1283 829 1283 816 1283 816 1284 829 1284 830 1284 816 1285 830 1285 819 1285 819 1286 830 1286 831 1286 819 1287 831 1287 820 1287 820 1288 831 1288 832 1288 820 1289 832 1289 821 1289 833 1290 834 1290 835 1290 836 1291 837 1291 838 1291 838 1292 837 1292 833 1292 838 1293 833 1293 839 1293 839 1294 833 1294 835 1294 839 1295 835 1295 840 1295 840 1296 835 1296 841 1296 827 1297 811 1297 842 1297 521 1298 532 1298 536 1298 536 1299 532 1299 510 1299 536 1300 510 1300 509 1300 843 1301 844 1301 845 1301 845 1302 844 1302 846 1302 846 1303 844 1303 847 1303 846 1304 847 1304 536 1304 536 1305 847 1305 505 1305 536 1306 505 1306 521 1306 847 1307 808 1307 505 1307 505 1308 808 1308 807 1308 505 1309 807 1309 506 1309 506 1310 807 1310 531 1310 506 1311 531 1311 525 1311 830 1312 829 1312 848 1312 827 1313 842 1313 828 1313 829 1314 828 1314 848 1314 848 1315 828 1315 842 1315 848 1316 842 1316 849 1316 849 1317 842 1317 808 1317 849 1318 808 1318 850 1318 850 1319 808 1319 847 1319 825 1320 851 1320 826 1320 826 1321 851 1321 852 1321 826 1322 852 1322 853 1322 853 1323 852 1323 854 1323 853 1324 854 1324 855 1324 825 1325 823 1325 851 1325 851 1326 823 1326 821 1326 851 1327 821 1327 856 1327 856 1328 821 1328 832 1328 856 1329 832 1329 848 1329 848 1330 832 1330 831 1330 848 1331 831 1331 830 1331 841 1332 835 1332 857 1332 858 1333 859 1333 845 1333 845 1334 859 1334 860 1334 845 1335 860 1335 843 1335 857 1336 861 1336 841 1336 841 1337 861 1337 859 1337 841 1338 859 1338 862 1338 862 1339 859 1339 858 1339 863 1340 864 1340 865 1340 866 1341 867 1341 868 1341 868 1342 867 1342 863 1342 868 1343 863 1343 869 1343 869 1344 863 1344 865 1344 860 1345 859 1345 870 1345 871 1346 867 1346 866 1346 835 1347 834 1347 872 1347 870 1348 859 1348 873 1348 873 1349 859 1349 861 1349 873 1350 861 1350 874 1350 874 1351 861 1351 857 1351 874 1352 857 1352 875 1352 875 1353 857 1353 835 1353 875 1354 835 1354 866 1354 866 1355 835 1355 872 1355 866 1356 872 1356 871 1356 860 1357 870 1357 843 1357 843 1358 870 1358 876 1358 843 1359 876 1359 844 1359 844 1360 876 1360 877 1360 844 1361 877 1361 847 1361 847 1362 877 1362 878 1362 847 1363 878 1363 850 1363 850 1364 878 1364 879 1364 850 1365 879 1365 849 1365 872 1366 834 1366 833 1366 867 1367 871 1367 880 1367 880 1368 871 1368 872 1368 880 1369 872 1369 881 1369 881 1370 872 1370 833 1370 880 1371 881 1371 882 1371 836 1372 838 1372 883 1372 883 1373 838 1373 839 1373 883 1374 839 1374 884 1374 884 1375 839 1375 840 1375 884 1376 840 1376 841 1376 883 1377 885 1377 836 1377 836 1378 885 1378 882 1378 836 1379 882 1379 837 1379 837 1380 882 1380 881 1380 837 1381 881 1381 833 1381 880 1382 882 1382 886 1382 886 1383 882 1383 885 1383 886 1384 885 1384 887 1384 887 1385 885 1385 883 1385 887 1386 883 1386 888 1386 888 1387 883 1387 884 1387 888 1388 884 1388 889 1388 890 1389 891 1389 892 1389 893 1390 894 1390 895 1390 888 1391 889 1391 893 1391 893 1392 895 1392 888 1392 888 1393 895 1393 896 1393 888 1394 896 1394 887 1394 887 1395 896 1395 892 1395 887 1396 892 1396 886 1396 886 1397 892 1397 891 1397 886 1398 891 1398 880 1398 890 1399 892 1399 897 1399 897 1400 892 1400 896 1400 897 1401 896 1401 898 1401 898 1402 896 1402 895 1402 898 1403 895 1403 899 1403 899 1404 895 1404 894 1404 899 1405 894 1405 900 1405 540 1406 901 1406 537 1406 537 1407 901 1407 902 1407 537 1408 902 1408 535 1408 900 1409 894 1409 605 1409 605 1410 894 1410 893 1410 605 1411 893 1411 540 1411 540 1412 893 1412 889 1412 540 1413 889 1413 884 1413 884 1414 841 1414 540 1414 540 1415 841 1415 903 1415 540 1416 903 1416 901 1416 904 1417 900 1417 605 1417 904 1418 605 1418 905 1418 905 1419 605 1419 617 1419 905 1420 617 1420 906 1420 616 1421 615 1421 907 1421 907 1422 908 1422 616 1422 616 1423 908 1423 909 1423 616 1424 909 1424 617 1424 617 1425 909 1425 910 1425 617 1426 910 1426 906 1426 911 1427 890 1427 912 1427 912 1428 890 1428 897 1428 912 1429 897 1429 913 1429 913 1430 897 1430 898 1430 913 1431 898 1431 914 1431 914 1432 898 1432 899 1432 914 1433 899 1433 904 1433 904 1434 899 1434 900 1434 915 1435 911 1435 916 1435 916 1436 911 1436 912 1436 916 1437 912 1437 917 1437 917 1438 912 1438 913 1438 917 1439 913 1439 918 1439 918 1440 913 1440 914 1440 918 1441 914 1441 905 1441 905 1442 914 1442 904 1442 919 1443 920 1443 921 1443 920 1444 922 1444 923 1444 606 1445 924 1445 607 1445 607 1446 924 1446 925 1446 611 1447 610 1447 925 1447 925 1448 610 1448 609 1448 925 1449 609 1449 607 1449 925 1450 926 1450 611 1450 611 1451 926 1451 927 1451 611 1452 927 1452 612 1452 907 1453 615 1453 927 1453 927 1454 615 1454 614 1454 927 1455 614 1455 612 1455 922 1456 928 1456 929 1456 922 1457 929 1457 923 1457 923 1458 929 1458 930 1458 923 1459 930 1459 931 1459 932 1460 933 1460 931 1460 931 1461 933 1461 934 1461 931 1462 934 1462 923 1462 932 1463 935 1463 933 1463 933 1464 935 1464 936 1464 933 1465 936 1465 937 1465 937 1466 936 1466 915 1466 937 1467 915 1467 916 1467 920 1468 923 1468 921 1468 921 1469 923 1469 934 1469 921 1470 934 1470 938 1470 938 1471 934 1471 933 1471 938 1472 933 1472 939 1472 939 1473 933 1473 937 1473 939 1474 937 1474 940 1474 940 1475 937 1475 916 1475 940 1476 916 1476 917 1476 919 1477 921 1477 941 1477 941 1478 921 1478 938 1478 941 1479 938 1479 942 1479 942 1480 938 1480 939 1480 942 1481 939 1481 943 1481 943 1482 939 1482 940 1482 943 1483 940 1483 944 1483 944 1484 940 1484 917 1484 944 1485 917 1485 918 1485 924 1486 928 1486 925 1486 925 1487 928 1487 922 1487 925 1488 922 1488 926 1488 926 1489 922 1489 920 1489 926 1490 920 1490 927 1490 927 1491 920 1491 919 1491 927 1492 919 1492 907 1492 907 1493 919 1493 941 1493 907 1494 941 1494 908 1494 908 1495 941 1495 942 1495 908 1496 942 1496 909 1496 909 1497 942 1497 943 1497 909 1498 943 1498 910 1498 910 1499 943 1499 944 1499 910 1500 944 1500 906 1500 906 1501 944 1501 918 1501 906 1502 918 1502 905 1502 606 1503 608 1503 640 1503 936 1504 945 1504 946 1504 947 1505 915 1505 948 1505 948 1506 915 1506 936 1506 948 1507 936 1507 949 1507 949 1508 936 1508 946 1508 936 1509 935 1509 945 1509 945 1510 935 1510 932 1510 945 1511 932 1511 950 1511 950 1512 932 1512 931 1512 950 1513 931 1513 951 1513 951 1514 931 1514 952 1514 924 1515 953 1515 928 1515 928 1516 953 1516 954 1516 931 1517 930 1517 952 1517 952 1518 930 1518 929 1518 952 1519 929 1519 955 1519 955 1520 929 1520 928 1520 955 1521 928 1521 956 1521 956 1522 928 1522 954 1522 924 1523 606 1523 953 1523 953 1524 606 1524 640 1524 953 1525 640 1525 957 1525 957 1526 640 1526 641 1526 711 1527 642 1527 668 1527 668 1528 642 1528 644 1528 711 1529 712 1529 642 1529 642 1530 712 1530 958 1530 642 1531 958 1531 641 1531 641 1532 958 1532 959 1532 641 1533 959 1533 957 1533 960 1534 961 1534 712 1534 712 1535 961 1535 962 1535 712 1536 962 1536 958 1536 960 1537 712 1537 963 1537 963 1538 712 1538 713 1538 963 1539 713 1539 714 1539 714 1540 715 1540 963 1540 963 1541 715 1541 716 1541 963 1542 716 1542 717 1542 717 1543 718 1543 963 1543 963 1544 718 1544 719 1544 963 1545 719 1545 964 1545 964 1546 719 1546 720 1546 964 1547 720 1547 965 1547 965 1548 720 1548 726 1548 965 1549 726 1549 459 1549 459 1550 726 1550 460 1550 966 1551 967 1551 947 1551 966 1552 947 1552 968 1552 968 1553 947 1553 969 1553 969 1554 947 1554 970 1554 969 1555 970 1555 971 1555 967 1556 972 1556 947 1556 947 1557 972 1557 973 1557 947 1558 973 1558 915 1558 915 1559 973 1559 974 1559 915 1560 974 1560 975 1560 975 1561 976 1561 915 1561 915 1562 976 1562 977 1562 915 1563 977 1563 911 1563 911 1564 977 1564 890 1564 890 1565 977 1565 978 1565 890 1566 978 1566 891 1566 891 1567 978 1567 979 1567 891 1568 979 1568 880 1568 880 1569 979 1569 980 1569 880 1570 980 1570 867 1570 980 1571 981 1571 867 1571 867 1572 981 1572 982 1572 867 1573 982 1573 863 1573 982 1574 983 1574 863 1574 863 1575 983 1575 984 1575 863 1576 984 1576 864 1576 984 1577 985 1577 864 1577 864 1578 985 1578 986 1578 864 1579 986 1579 987 1579 986 1580 988 1580 987 1580 987 1581 988 1581 989 1581 987 1582 989 1582 990 1582 990 1583 989 1583 991 1583 970 1584 992 1584 971 1584 971 1585 992 1585 993 1585 971 1586 993 1586 994 1586 994 1587 993 1587 995 1587 994 1588 995 1588 991 1588 991 1589 995 1589 996 1589 991 1590 996 1590 990 1590 986 1591 985 1591 997 1591 997 1592 985 1592 998 1592 986 1593 997 1593 988 1593 988 1594 997 1594 999 1594 988 1595 999 1595 989 1595 989 1596 999 1596 991 1596 991 1597 999 1597 1000 1597 991 1598 1000 1598 994 1598 994 1599 1000 1599 971 1599 971 1600 1000 1600 1001 1600 971 1601 1001 1601 969 1601 1002 1602 966 1602 1001 1602 1001 1603 966 1603 968 1603 1001 1604 968 1604 969 1604 1003 1605 973 1605 1004 1605 1004 1606 973 1606 972 1606 1004 1607 972 1607 1002 1607 1002 1608 972 1608 967 1608 1002 1609 967 1609 966 1609 1005 1610 975 1610 1003 1610 1003 1611 975 1611 974 1611 1003 1612 974 1612 973 1612 1006 1613 979 1613 1007 1613 1007 1614 979 1614 978 1614 1007 1615 978 1615 977 1615 1007 1616 977 1616 1005 1616 1005 1617 977 1617 976 1617 1005 1618 976 1618 975 1618 1008 1619 981 1619 1006 1619 1006 1620 981 1620 980 1620 1006 1621 980 1621 979 1621 985 1622 984 1622 998 1622 998 1623 984 1623 983 1623 998 1624 983 1624 1008 1624 1008 1625 983 1625 982 1625 1008 1626 982 1626 981 1626 998 1627 1008 1627 1009 1627 1008 1628 1006 1628 1009 1628 1009 1629 1006 1629 1007 1629 1009 1630 1007 1630 778 1630 767 1631 766 1631 1003 1631 1003 1632 766 1632 1005 1632 775 1633 486 1633 484 1633 504 1634 486 1634 1007 1634 1007 1635 486 1635 775 1635 1007 1636 775 1636 778 1636 766 1637 499 1637 501 1637 297 1638 346 1638 1010 1638 1003 1639 1004 1639 767 1639 767 1640 1004 1640 1002 1640 767 1641 1002 1641 1011 1641 1011 1642 1002 1642 1001 1642 1011 1643 1001 1643 1012 1643 1012 1644 1001 1644 1000 1644 1012 1645 1000 1645 1013 1645 1013 1646 1000 1646 999 1646 1013 1647 999 1647 1014 1647 1014 1648 999 1648 1015 1648 484 1649 481 1649 775 1649 775 1650 481 1650 480 1650 775 1651 480 1651 773 1651 773 1652 480 1652 490 1652 773 1653 490 1653 771 1653 771 1654 490 1654 491 1654 771 1655 491 1655 772 1655 998 1656 1009 1656 997 1656 997 1657 1009 1657 297 1657 997 1658 297 1658 999 1658 999 1659 297 1659 1010 1659 999 1660 1010 1660 1015 1660 772 1661 491 1661 774 1661 774 1662 491 1662 493 1662 774 1663 493 1663 770 1663 770 1664 493 1664 495 1664 770 1665 495 1665 766 1665 766 1666 495 1666 497 1666 766 1667 497 1667 499 1667 1005 1668 766 1668 1007 1668 1007 1669 766 1669 501 1669 1007 1670 501 1670 503 1670 1007 1671 503 1671 504 1671 1016 1672 1011 1672 1017 1672 1017 1673 1011 1673 1012 1673 1017 1674 1012 1674 1018 1674 1019 1675 1020 1675 1013 1675 1013 1676 1020 1676 1021 1676 1013 1677 1021 1677 1012 1677 1012 1678 1021 1678 1022 1678 1012 1679 1022 1679 1018 1679 1019 1680 1013 1680 1023 1680 1023 1681 1013 1681 1014 1681 1023 1682 1014 1682 865 1682 970 1683 1016 1683 992 1683 992 1684 1016 1684 1017 1684 992 1685 1017 1685 993 1685 1017 1686 1018 1686 993 1686 993 1687 1018 1687 1022 1687 993 1688 1022 1688 995 1688 995 1689 1022 1689 1021 1689 995 1690 1021 1690 996 1690 996 1691 1021 1691 1020 1691 996 1692 1020 1692 990 1692 990 1693 1020 1693 1019 1693 990 1694 1019 1694 987 1694 1019 1695 1023 1695 987 1695 987 1696 1023 1696 865 1696 987 1697 865 1697 864 1697 947 1698 1024 1698 970 1698 970 1699 1024 1699 1016 1699 459 1700 1025 1700 965 1700 965 1701 1025 1701 1026 1701 965 1702 1026 1702 964 1702 964 1703 1026 1703 963 1703 963 1704 1026 1704 960 1704 960 1705 1026 1705 1027 1705 960 1706 1027 1706 961 1706 961 1707 1027 1707 962 1707 962 1708 1027 1708 1028 1708 962 1709 1028 1709 958 1709 1029 1710 957 1710 1028 1710 1028 1711 957 1711 959 1711 1028 1712 959 1712 958 1712 955 1713 956 1713 1030 1713 1030 1714 956 1714 954 1714 1030 1715 954 1715 1029 1715 1029 1716 954 1716 953 1716 1029 1717 953 1717 957 1717 1031 1718 951 1718 1030 1718 1030 1719 951 1719 952 1719 1030 1720 952 1720 955 1720 949 1721 946 1721 1032 1721 1032 1722 946 1722 945 1722 1032 1723 945 1723 1031 1723 1031 1724 945 1724 950 1724 1031 1725 950 1725 951 1725 949 1726 1032 1726 948 1726 948 1727 1032 1727 1024 1727 948 1728 1024 1728 947 1728 462 1729 1033 1729 461 1729 461 1730 1033 1730 1025 1730 461 1731 1025 1731 459 1731 295 1732 294 1732 463 1732 463 1733 294 1733 1033 1733 463 1734 1033 1734 462 1734 1016 1735 1024 1735 1011 1735 1011 1736 1024 1736 1032 1736 1011 1737 1032 1737 767 1737 767 1738 1032 1738 1031 1738 767 1739 1031 1739 765 1739 765 1740 1031 1740 1030 1740 765 1741 1030 1741 763 1741 763 1742 1030 1742 1029 1742 763 1743 1029 1743 759 1743 239 1744 271 1744 251 1744 251 1745 271 1745 265 1745 251 1746 265 1746 252 1746 294 1747 290 1747 235 1747 235 1748 290 1748 285 1748 235 1749 285 1749 236 1749 236 1750 285 1750 283 1750 236 1751 283 1751 237 1751 237 1752 283 1752 280 1752 237 1753 280 1753 238 1753 238 1754 280 1754 269 1754 238 1755 269 1755 239 1755 239 1756 269 1756 273 1756 239 1757 273 1757 271 1757 1029 1758 1028 1758 759 1758 759 1759 1028 1759 1027 1759 759 1760 1027 1760 760 1760 1027 1761 1026 1761 760 1761 760 1762 1026 1762 1025 1762 760 1763 1025 1763 235 1763 235 1764 1025 1764 1033 1764 235 1765 1033 1765 294 1765 750 1766 751 1766 1034 1766 1034 1767 751 1767 1035 1767 755 1768 756 1768 751 1768 751 1769 756 1769 760 1769 751 1770 760 1770 1035 1770 1035 1771 760 1771 1036 1771 112 1772 1037 1772 1038 1772 235 1773 1038 1773 1039 1773 1038 1774 235 1774 112 1774 112 1775 235 1775 135 1775 112 1776 135 1776 133 1776 400 1777 1034 1777 401 1777 401 1778 1034 1778 1040 1778 401 1779 1040 1779 402 1779 457 1780 402 1780 1041 1780 1041 1781 402 1781 1040 1781 1041 1782 1040 1782 1039 1782 1039 1783 1040 1783 1036 1783 1039 1784 1036 1784 235 1784 235 1785 1036 1785 760 1785 1037 1786 454 1786 1041 1786 1041 1787 454 1787 456 1787 1041 1788 456 1788 457 1788 112 1789 110 1789 1037 1789 1037 1790 110 1790 116 1790 1037 1791 116 1791 121 1791 749 1792 754 1792 1034 1792 453 1793 452 1793 1037 1793 1037 1794 452 1794 455 1794 1037 1795 455 1795 454 1795 754 1796 753 1796 1034 1796 1034 1797 753 1797 752 1797 1034 1798 752 1798 750 1798 1042 1799 1043 1799 1044 1799 1044 1800 1043 1800 453 1800 1044 1801 453 1801 105 1801 105 1802 453 1802 1037 1802 105 1803 1037 1803 107 1803 107 1804 1037 1804 121 1804 746 1805 747 1805 745 1805 745 1806 747 1806 748 1806 745 1807 748 1807 347 1807 347 1808 748 1808 749 1808 347 1809 749 1809 348 1809 348 1810 749 1810 1034 1810 348 1811 1034 1811 399 1811 399 1812 1034 1812 400 1812 105 1813 104 1813 1044 1813 1044 1814 104 1814 1045 1814 1044 1815 1045 1815 1042 1815 1045 1816 1046 1816 1042 1816 1042 1817 1046 1817 1047 1817 1042 1818 1047 1818 1043 1818 447 1819 453 1819 1048 1819 1048 1820 453 1820 1043 1820 1048 1821 1043 1821 1049 1821 1049 1822 1043 1822 1047 1822 1050 1823 1045 1823 104 1823 1050 1824 104 1824 1051 1824 1052 1825 1053 1825 1054 1825 447 1826 1055 1826 448 1826 448 1827 1055 1827 1056 1827 448 1828 1056 1828 449 1828 449 1829 1056 1829 1054 1829 449 1830 1054 1830 450 1830 450 1831 1054 1831 1053 1831 450 1832 1053 1832 451 1832 1057 1833 1058 1833 1052 1833 1052 1834 1054 1834 1057 1834 1057 1835 1054 1835 1056 1835 1057 1836 1056 1836 1059 1836 1059 1837 1056 1837 1055 1837 1059 1838 1055 1838 1060 1838 104 1839 1061 1839 1062 1839 1062 1840 1061 1840 1058 1840 1051 1841 104 1841 1062 1841 447 1842 1048 1842 1055 1842 1055 1843 1048 1843 1049 1843 1055 1844 1049 1844 1060 1844 1060 1845 1049 1845 1047 1845 1060 1846 1047 1846 1046 1846 1058 1847 1057 1847 1062 1847 1062 1848 1057 1848 1059 1848 1062 1849 1059 1849 1051 1849 1051 1850 1059 1850 1060 1850 1051 1851 1060 1851 1050 1851 1050 1852 1060 1852 1046 1852 1050 1853 1046 1853 1045 1853 104 1854 103 1854 1061 1854 1061 1855 103 1855 1063 1855 1061 1856 1063 1856 1058 1856 1058 1857 1063 1857 1064 1857 1058 1858 1064 1858 1052 1858 1052 1859 1064 1859 1053 1859 1053 1860 1064 1860 464 1860 1053 1861 464 1861 451 1861 1065 1862 1066 1862 464 1862 1063 1863 103 1863 106 1863 1064 1864 1063 1864 1067 1864 1063 1865 106 1865 1067 1865 1067 1866 106 1866 108 1866 1067 1867 108 1867 1068 1867 1068 1868 1069 1868 1067 1868 1067 1869 1069 1869 1065 1869 1067 1870 1065 1870 1064 1870 1064 1871 1065 1871 464 1871 1070 1872 1066 1872 1071 1872 1071 1873 1066 1873 1065 1873 1071 1874 1065 1874 1072 1874 1072 1875 1065 1875 1069 1875 1069 1876 1068 1876 1073 1876 126 1877 125 1877 1074 1877 128 1878 126 1878 1075 1878 130 1879 128 1879 1076 1879 113 1880 130 1880 1077 1880 113 1881 1077 1881 111 1881 111 1882 1077 1882 1078 1882 111 1883 1078 1883 109 1883 109 1884 1078 1884 1079 1884 109 1885 1079 1885 114 1885 126 1886 1074 1886 1075 1886 1075 1887 1074 1887 1080 1887 1075 1888 1080 1888 1081 1888 1081 1889 1080 1889 1082 1889 1081 1890 1082 1890 1083 1890 1083 1891 1082 1891 1084 1891 1083 1892 1084 1892 1085 1892 1085 1893 1084 1893 1086 1893 1085 1894 1086 1894 1087 1894 1087 1895 1086 1895 1088 1895 1087 1896 1088 1896 1089 1896 1089 1897 1088 1897 1090 1897 1089 1898 1090 1898 1091 1898 1091 1899 1090 1899 1092 1899 1091 1900 1092 1900 1093 1900 1093 1901 1092 1901 1094 1901 1093 1902 1094 1902 1095 1902 1095 1903 1094 1903 1070 1903 1095 1904 1070 1904 1071 1904 128 1905 1075 1905 1076 1905 1076 1906 1075 1906 1081 1906 1076 1907 1081 1907 1096 1907 1096 1908 1081 1908 1083 1908 1096 1909 1083 1909 1097 1909 1097 1910 1083 1910 1085 1910 1097 1911 1085 1911 1098 1911 1098 1912 1085 1912 1087 1912 1098 1913 1087 1913 1099 1913 1099 1914 1087 1914 1089 1914 1099 1915 1089 1915 1100 1915 1100 1916 1089 1916 1091 1916 1100 1917 1091 1917 1101 1917 1101 1918 1091 1918 1093 1918 1101 1919 1093 1919 1102 1919 1102 1920 1093 1920 1095 1920 1102 1921 1095 1921 1103 1921 1103 1922 1095 1922 1071 1922 1103 1923 1071 1923 1072 1923 130 1924 1076 1924 1077 1924 1077 1925 1076 1925 1096 1925 1077 1926 1096 1926 1078 1926 1078 1927 1096 1927 1097 1927 1078 1928 1097 1928 1079 1928 1079 1929 1097 1929 1098 1929 1079 1930 1098 1930 1104 1930 1104 1931 1098 1931 1099 1931 1104 1932 1099 1932 1105 1932 1105 1933 1099 1933 1100 1933 1105 1934 1100 1934 1106 1934 1106 1935 1100 1935 1101 1935 1106 1936 1101 1936 1107 1936 1107 1937 1101 1937 1102 1937 1107 1938 1102 1938 1108 1938 1108 1939 1102 1939 1103 1939 1108 1940 1103 1940 1073 1940 1073 1941 1103 1941 1072 1941 1073 1942 1072 1942 1069 1942 114 1943 1079 1943 115 1943 115 1944 1079 1944 1104 1944 115 1945 1104 1945 117 1945 117 1946 1104 1946 1105 1946 117 1947 1105 1947 118 1947 118 1948 1105 1948 1106 1948 118 1949 1106 1949 119 1949 119 1950 1106 1950 1107 1950 119 1951 1107 1951 123 1951 123 1952 1107 1952 1108 1952 123 1953 1108 1953 122 1953 122 1954 1108 1954 1073 1954 122 1955 1073 1955 120 1955 120 1956 1073 1956 1068 1956 120 1957 1068 1957 108 1957 295 1958 464 1958 293 1958 293 1959 464 1959 1066 1959 293 1960 1066 1960 288 1960 288 1961 1066 1961 1070 1961 288 1962 1070 1962 289 1962 1070 1963 1094 1963 289 1963 289 1964 1094 1964 1092 1964 289 1965 1092 1965 1090 1965 1082 1966 287 1966 1084 1966 1084 1967 287 1967 286 1967 1090 1968 1088 1968 289 1968 289 1969 1088 1969 1086 1969 289 1970 1086 1970 291 1970 291 1971 1086 1971 1084 1971 291 1972 1084 1972 292 1972 292 1973 1084 1973 286 1973 1080 1974 1074 1974 173 1974 173 1975 1074 1975 125 1975 173 1976 125 1976 124 1976 1082 1977 1080 1977 287 1977 287 1978 1080 1978 173 1978 287 1979 173 1979 284 1979 284 1980 173 1980 174 1980 284 1981 174 1981 282 1981 282 1982 174 1982 161 1982 160 1983 1109 1983 161 1983 161 1984 1109 1984 281 1984 161 1985 281 1985 282 1985 1110 1986 276 1986 1111 1986 1111 1987 276 1987 268 1987 1111 1988 268 1988 267 1988 1109 1989 1112 1989 281 1989 281 1990 1112 1990 1111 1990 281 1991 1111 1991 279 1991 279 1992 1111 1992 267 1992 1110 1993 1113 1993 276 1993 276 1994 1113 1994 1114 1994 276 1995 1114 1995 277 1995 277 1996 1114 1996 278 1996 278 1997 1114 1997 1115 1997 278 1998 1115 1998 274 1998 272 1999 1116 1999 270 1999 270 2000 1116 2000 1117 2000 270 2001 1117 2001 266 2001 1115 2002 1118 2002 274 2002 274 2003 1118 2003 1116 2003 274 2004 1116 2004 275 2004 275 2005 1116 2005 272 2005 1119 2006 1120 2006 1121 2006 80 2007 79 2007 1122 2007 80 2008 1122 2008 1123 2008 1124 2009 1125 2009 1126 2009 1126 2010 1125 2010 1127 2010 1126 2011 1127 2011 1121 2011 1121 2012 1127 2012 1128 2012 1121 2013 1128 2013 1119 2013 1124 2014 1126 2014 1129 2014 1129 2015 1126 2015 1112 2015 1129 2016 1112 2016 1109 2016 1119 2017 1123 2017 1120 2017 1120 2018 1123 2018 1122 2018 1120 2019 1122 2019 1121 2019 1121 2020 1122 2020 1130 2020 1121 2021 1130 2021 1126 2021 1126 2022 1130 2022 1131 2022 1126 2023 1131 2023 1112 2023 1113 2024 1110 2024 1131 2024 1131 2025 1110 2025 1111 2025 1131 2026 1111 2026 1112 2026 82 2027 85 2027 1132 2027 1132 2028 85 2028 1133 2028 1132 2029 1133 2029 1134 2029 1134 2030 1133 2030 1135 2030 1134 2031 1135 2031 1136 2031 1136 2032 1135 2032 1137 2032 79 2033 82 2033 1122 2033 1122 2034 82 2034 1132 2034 1122 2035 1132 2035 1130 2035 1130 2036 1132 2036 1134 2036 1130 2037 1134 2037 1131 2037 1131 2038 1134 2038 1136 2038 1131 2039 1136 2039 1113 2039 1113 2040 1136 2040 1137 2040 1113 2041 1137 2041 1114 2041 1114 2042 1137 2042 1115 2042 1118 2043 1115 2043 1138 2043 1138 2044 1115 2044 1137 2044 1138 2045 1137 2045 1139 2045 1139 2046 1137 2046 1135 2046 1139 2047 1135 2047 1140 2047 1140 2048 1135 2048 1133 2048 1140 2049 1133 2049 84 2049 84 2050 1133 2050 85 2050 1116 2051 1118 2051 1141 2051 1141 2052 1118 2052 1138 2052 1141 2053 1138 2053 1142 2053 1142 2054 1138 2054 1139 2054 1142 2055 1139 2055 1143 2055 1143 2056 1139 2056 1140 2056 1143 2057 1140 2057 90 2057 90 2058 1140 2058 84 2058 1117 2059 1116 2059 1144 2059 1144 2060 1116 2060 1141 2060 1144 2061 1141 2061 1145 2061 1145 2062 1141 2062 1142 2062 1145 2063 1142 2063 1146 2063 1146 2064 1142 2064 1143 2064 1146 2065 1143 2065 89 2065 89 2066 1143 2066 90 2066 1147 2067 1117 2067 1148 2067 1148 2068 1117 2068 1144 2068 1148 2069 1144 2069 1149 2069 1149 2070 1144 2070 1145 2070 1149 2071 1145 2071 1150 2071 1150 2072 1145 2072 1146 2072 1150 2073 1146 2073 87 2073 87 2074 1146 2074 89 2074 1151 2075 1147 2075 1152 2075 1152 2076 1147 2076 1148 2076 1152 2077 1148 2077 1153 2077 1153 2078 1148 2078 1149 2078 1153 2079 1149 2079 1154 2079 1154 2080 1149 2080 1150 2080 1154 2081 1150 2081 86 2081 86 2082 1150 2082 87 2082 1155 2083 1156 2083 1157 2083 76 2084 1158 2084 1159 2084 86 2085 1160 2085 1161 2085 86 2086 1161 2086 1154 2086 1154 2087 1161 2087 1162 2087 1154 2088 1162 2088 1153 2088 1153 2089 1162 2089 1159 2089 1153 2090 1159 2090 1152 2090 1152 2091 1159 2091 1158 2091 1152 2092 1158 2092 1151 2092 76 2093 1159 2093 1163 2093 1163 2094 1159 2094 1162 2094 1163 2095 1162 2095 1164 2095 1164 2096 1162 2096 1161 2096 1164 2097 1161 2097 1157 2097 1157 2098 1161 2098 1160 2098 1157 2099 1160 2099 1155 2099 1165 2100 1166 2100 1117 2100 1166 2101 1167 2101 1117 2101 1117 2102 1167 2102 1168 2102 1117 2103 1168 2103 266 2103 266 2104 1168 2104 1169 2104 266 2105 1169 2105 1170 2105 1170 2106 1171 2106 266 2106 266 2107 1171 2107 1172 2107 266 2108 1172 2108 264 2108 264 2109 1172 2109 1173 2109 264 2110 1173 2110 263 2110 263 2111 1173 2111 1174 2111 263 2112 1174 2112 262 2112 262 2113 1174 2113 1175 2113 258 2114 259 2114 1176 2114 1176 2115 259 2115 260 2115 1176 2116 260 2116 1175 2116 1175 2117 260 2117 261 2117 1175 2118 261 2118 262 2118 1176 2119 1177 2119 258 2119 258 2120 1177 2120 1178 2120 258 2121 1178 2121 253 2121 253 2122 1178 2122 1179 2122 253 2123 1179 2123 255 2123 255 2124 1179 2124 1180 2124 1180 2125 1181 2125 255 2125 255 2126 1181 2126 1182 2126 255 2127 1182 2127 78 2127 1182 2128 1183 2128 78 2128 78 2129 1183 2129 1184 2129 78 2130 1184 2130 76 2130 76 2131 1184 2131 1185 2131 76 2132 1185 2132 1186 2132 1165 2133 1117 2133 1187 2133 1187 2134 1117 2134 1147 2134 1187 2135 1147 2135 1188 2135 1188 2136 1147 2136 1151 2136 1188 2137 1151 2137 1186 2137 1186 2138 1151 2138 1158 2138 1186 2139 1158 2139 76 2139 1189 2140 1190 2140 1172 2140 1191 2141 1174 2141 1190 2141 1190 2142 1174 2142 1173 2142 1190 2143 1173 2143 1172 2143 1192 2144 1176 2144 1191 2144 1191 2145 1176 2145 1175 2145 1191 2146 1175 2146 1174 2146 1180 2147 1179 2147 1193 2147 1193 2148 1179 2148 1178 2148 1193 2149 1178 2149 1192 2149 1192 2150 1178 2150 1177 2150 1192 2151 1177 2151 1176 2151 1180 2152 1193 2152 1181 2152 1181 2153 1193 2153 1194 2153 1181 2154 1194 2154 1182 2154 1182 2155 1194 2155 1195 2155 1182 2156 1195 2156 1183 2156 1183 2157 1195 2157 1184 2157 1184 2158 1195 2158 1196 2158 1184 2159 1196 2159 1185 2159 1185 2160 1196 2160 1186 2160 1186 2161 1196 2161 1197 2161 1186 2162 1197 2162 1188 2162 1188 2163 1197 2163 1187 2163 1187 2164 1197 2164 1198 2164 1187 2165 1198 2165 1165 2165 1199 2166 1167 2166 1198 2166 1198 2167 1167 2167 1166 2167 1198 2168 1166 2168 1165 2168 1172 2169 1171 2169 1189 2169 1189 2170 1171 2170 1170 2170 1189 2171 1170 2171 1200 2171 1200 2172 1170 2172 1169 2172 1200 2173 1169 2173 1199 2173 1199 2174 1169 2174 1168 2174 1199 2175 1168 2175 1167 2175 1192 2176 1191 2176 247 2176 243 2177 241 2177 247 2177 247 2178 241 2178 1201 2178 247 2179 1201 2179 71 2179 71 2180 1201 2180 1202 2180 71 2181 1202 2181 69 2181 1200 2182 1199 2182 42 2182 42 2183 1199 2183 44 2183 225 2184 30 2184 222 2184 222 2185 30 2185 28 2185 222 2186 28 2186 221 2186 232 2187 239 2187 1200 2187 232 2188 34 2188 225 2188 225 2189 34 2189 32 2189 225 2190 32 2190 30 2190 247 2191 1191 2191 251 2191 251 2192 1191 2192 1190 2192 251 2193 1190 2193 239 2193 239 2194 1190 2194 1189 2194 239 2195 1189 2195 1200 2195 1199 2196 1198 2196 44 2196 44 2197 1198 2197 1197 2197 44 2198 1197 2198 1196 2198 221 2199 28 2199 220 2199 220 2200 28 2200 26 2200 220 2201 26 2201 219 2201 219 2202 26 2202 25 2202 219 2203 25 2203 1203 2203 1192 2204 247 2204 1193 2204 1193 2205 247 2205 71 2205 1193 2206 71 2206 1194 2206 42 2207 40 2207 1200 2207 1200 2208 40 2208 38 2208 1200 2209 38 2209 232 2209 232 2210 38 2210 36 2210 232 2211 36 2211 34 2211 25 2212 48 2212 1203 2212 1203 2213 48 2213 46 2213 1203 2214 46 2214 1204 2214 1204 2215 46 2215 44 2215 1204 2216 44 2216 1205 2216 1205 2217 44 2217 1196 2217 1205 2218 1196 2218 71 2218 71 2219 1196 2219 1195 2219 71 2220 1195 2220 1194 2220 92 2221 91 2221 1203 2221 1203 2222 91 2222 219 2222 1206 2223 1207 2223 1208 2223 1209 2224 1210 2224 1211 2224 1212 2225 1213 2225 1214 2225 1215 2226 1216 2226 1206 2226 1216 2227 1215 2227 1217 2227 1210 2228 1209 2228 1208 2228 1209 2229 1214 2229 1208 2229 1208 2230 1214 2230 1213 2230 1208 2231 1213 2231 1206 2231 1206 2232 1213 2232 1212 2232 1206 2233 1212 2233 1215 2233 1218 2234 1219 2234 1220 2234 1220 2235 1219 2235 1221 2235 1220 2236 1221 2236 1222 2236 1222 2237 1221 2237 1223 2237 1222 2238 1223 2238 1224 2238 1224 2239 1223 2239 1225 2239 1219 2240 1207 2240 1221 2240 1221 2241 1207 2241 1206 2241 1221 2242 1206 2242 1223 2242 1223 2243 1206 2243 1216 2243 1223 2244 1216 2244 1225 2244 1225 2245 1216 2245 1217 2245 1211 2246 1210 2246 1226 2246 1226 2247 1210 2247 1227 2247 1226 2248 1227 2248 1228 2248 1228 2249 1227 2249 1229 2249 1228 2250 1229 2250 1230 2250 1230 2251 1229 2251 1231 2251 1230 2252 1231 2252 1232 2252 1232 2253 1231 2253 1233 2253 1232 2254 1233 2254 1204 2254 1204 2255 1233 2255 92 2255 1204 2256 92 2256 1203 2256 1218 2257 1234 2257 1235 2257 1218 2258 1235 2258 1219 2258 1219 2259 1235 2259 1236 2259 1219 2260 1236 2260 1207 2260 1236 2261 1237 2261 1207 2261 1207 2262 1237 2262 1238 2262 1207 2263 1238 2263 1208 2263 1208 2264 1238 2264 1239 2264 1208 2265 1239 2265 1210 2265 1210 2266 1239 2266 1240 2266 1210 2267 1240 2267 1227 2267 1234 2268 1218 2268 1241 2268 1241 2269 1218 2269 1242 2269 1241 2270 1242 2270 1243 2270 1222 2271 1224 2271 1244 2271 1244 2272 1245 2272 1222 2272 1222 2273 1245 2273 1246 2273 1222 2274 1246 2274 1220 2274 1220 2275 1246 2275 1242 2275 1220 2276 1242 2276 1218 2276 1247 2277 1248 2277 1249 2277 1249 2278 1248 2278 1244 2278 1249 2279 1244 2279 1250 2279 1225 2280 1217 2280 1251 2280 1217 2281 1215 2281 1251 2281 1251 2282 1215 2282 1212 2282 1251 2283 1212 2283 1214 2283 1250 2284 1244 2284 1251 2284 1251 2285 1244 2285 1224 2285 1251 2286 1224 2286 1225 2286 1204 2287 1205 2287 1232 2287 1232 2288 1205 2288 1252 2288 1232 2289 1252 2289 1230 2289 1214 2290 1209 2290 1251 2290 1251 2291 1209 2291 1211 2291 1251 2292 1211 2292 1250 2292 1250 2293 1211 2293 1226 2293 1250 2294 1226 2294 1252 2294 1252 2295 1226 2295 1228 2295 1252 2296 1228 2296 1230 2296 1248 2297 1253 2297 1254 2297 1244 2298 1248 2298 1245 2298 1245 2299 1248 2299 1254 2299 1245 2300 1254 2300 1246 2300 1246 2301 1254 2301 1242 2301 1254 2302 1253 2302 1255 2302 1254 2303 1255 2303 24 2303 1256 2304 21 2304 1257 2304 1257 2305 21 2305 22 2305 1257 2306 22 2306 1255 2306 1255 2307 22 2307 23 2307 1255 2308 23 2308 24 2308 1258 2309 19 2309 1259 2309 1259 2310 19 2310 17 2310 1259 2311 17 2311 1260 2311 1260 2312 17 2312 15 2312 1260 2313 15 2313 1261 2313 1261 2314 15 2314 13 2314 1261 2315 13 2315 1256 2315 1256 2316 13 2316 20 2316 1256 2317 20 2317 21 2317 1262 2318 1259 2318 1263 2318 1263 2319 1259 2319 1260 2319 1263 2320 1260 2320 1261 2320 1256 2321 1264 2321 1261 2321 1261 2322 1264 2322 1265 2322 1261 2323 1265 2323 1263 2323 1253 2324 1248 2324 1255 2324 1255 2325 1248 2325 1247 2325 1255 2326 1247 2326 1257 2326 1256 2327 1257 2327 1264 2327 1264 2328 1257 2328 1247 2328 1264 2329 1247 2329 1266 2329 1266 2330 1247 2330 1249 2330 1266 2331 1249 2331 1267 2331 1268 2332 1269 2332 1252 2332 1252 2333 1269 2333 1270 2333 1267 2334 1249 2334 1270 2334 1270 2335 1249 2335 1250 2335 1270 2336 1250 2336 1252 2336 1268 2337 1252 2337 1271 2337 1271 2338 1252 2338 1205 2338 1271 2339 1205 2339 71 2339 1272 2340 71 2340 70 2340 1273 2341 1274 2341 1275 2341 1275 2342 1274 2342 1276 2342 1275 2343 1276 2343 1262 2343 1277 2344 1273 2344 1278 2344 1278 2345 1273 2345 1275 2345 1278 2346 1275 2346 1279 2346 1279 2347 1275 2347 1280 2347 1279 2348 1280 2348 1281 2348 1281 2349 1280 2349 1282 2349 1281 2350 1282 2350 1283 2350 1283 2351 1282 2351 1284 2351 1283 2352 1284 2352 1270 2352 1268 2353 1271 2353 1272 2353 1268 2354 1285 2354 1269 2354 1269 2355 1285 2355 1286 2355 60 2356 1287 2356 1286 2356 1268 2357 1272 2357 1285 2357 1285 2358 1272 2358 70 2358 1285 2359 70 2359 68 2359 1271 2360 71 2360 1272 2360 68 2361 66 2361 1285 2361 1285 2362 66 2362 65 2362 1285 2363 65 2363 1286 2363 1286 2364 65 2364 62 2364 1286 2365 62 2365 60 2365 51 2366 1288 2366 53 2366 53 2367 1288 2367 1289 2367 1287 2368 60 2368 1290 2368 1290 2369 60 2369 58 2369 1290 2370 58 2370 1291 2370 1291 2371 58 2371 56 2371 1291 2372 56 2372 1289 2372 1289 2373 56 2373 55 2373 1289 2374 55 2374 53 2374 1262 2375 1263 2375 1275 2375 1275 2376 1263 2376 1265 2376 1275 2377 1265 2377 1280 2377 1280 2378 1265 2378 1264 2378 1280 2379 1264 2379 1282 2379 1282 2380 1264 2380 1266 2380 1282 2381 1266 2381 1284 2381 1284 2382 1266 2382 1267 2382 1284 2383 1267 2383 1270 2383 1288 2384 1277 2384 1289 2384 1289 2385 1277 2385 1278 2385 1289 2386 1278 2386 1291 2386 1291 2387 1278 2387 1279 2387 1291 2388 1279 2388 1290 2388 1290 2389 1279 2389 1281 2389 1290 2390 1281 2390 1287 2390 1287 2391 1281 2391 1283 2391 1287 2392 1283 2392 1286 2392 1286 2393 1283 2393 1270 2393 1286 2394 1270 2394 1269 2394 51 2395 319 2395 1288 2395 1288 2396 319 2396 318 2396 1288 2397 318 2397 1277 2397 1277 2398 318 2398 316 2398 1277 2399 316 2399 1273 2399 1273 2400 316 2400 315 2400 1273 2401 315 2401 1274 2401 1274 2402 315 2402 310 2402 1274 2403 310 2403 1276 2403 1276 2404 310 2404 300 2404 1276 2405 300 2405 1262 2405 1262 2406 300 2406 299 2406 50 2407 338 2407 51 2407 51 2408 338 2408 319 2408 1292 2409 1293 2409 1202 2409 343 2410 342 2410 849 2410 849 2411 342 2411 848 2411 848 2412 342 2412 341 2412 848 2413 341 2413 856 2413 856 2414 341 2414 340 2414 856 2415 340 2415 851 2415 1294 2416 1295 2416 50 2416 50 2417 1295 2417 1296 2417 50 2418 1296 2418 338 2418 338 2419 1296 2419 1297 2419 338 2420 1297 2420 854 2420 340 2421 339 2421 851 2421 851 2422 339 2422 338 2422 851 2423 338 2423 852 2423 852 2424 338 2424 854 2424 849 2425 879 2425 343 2425 343 2426 879 2426 878 2426 343 2427 878 2427 344 2427 344 2428 878 2428 345 2428 873 2429 1010 2429 870 2429 870 2430 1010 2430 346 2430 870 2431 346 2431 876 2431 876 2432 346 2432 345 2432 876 2433 345 2433 877 2433 877 2434 345 2434 878 2434 866 2435 1015 2435 875 2435 875 2436 1015 2436 1010 2436 875 2437 1010 2437 874 2437 874 2438 1010 2438 873 2438 865 2439 1014 2439 869 2439 869 2440 1014 2440 1015 2440 869 2441 1015 2441 868 2441 868 2442 1015 2442 866 2442 1202 2443 1293 2443 69 2443 69 2444 1293 2444 1298 2444 69 2445 1298 2445 67 2445 67 2446 1298 2446 1299 2446 67 2447 1299 2447 64 2447 64 2448 1299 2448 1300 2448 64 2449 1300 2449 63 2449 63 2450 1300 2450 1301 2450 63 2451 1301 2451 61 2451 61 2452 1301 2452 1302 2452 61 2453 1302 2453 59 2453 59 2454 1302 2454 1303 2454 59 2455 1303 2455 57 2455 57 2456 1303 2456 1304 2456 57 2457 1304 2457 54 2457 54 2458 1304 2458 1305 2458 54 2459 1305 2459 52 2459 52 2460 1305 2460 1306 2460 52 2461 1306 2461 50 2461 50 2462 1306 2462 1307 2462 50 2463 1307 2463 1294 2463 1201 2464 256 2464 257 2464 1201 2465 257 2465 1202 2465 1202 2466 257 2466 1308 2466 1202 2467 1308 2467 1292 2467 241 2468 240 2468 1201 2468 1201 2469 240 2469 254 2469 1201 2470 254 2470 256 2470 1308 2471 257 2471 1309 2471 75 2472 73 2472 1309 2472 75 2473 1309 2473 77 2473 77 2474 1309 2474 257 2474 77 2475 257 2475 78 2475 1310 2476 1298 2476 1293 2476 1308 2477 1309 2477 1292 2477 1292 2478 1309 2478 1311 2478 1292 2479 1311 2479 1293 2479 1293 2480 1311 2480 1312 2480 1293 2481 1312 2481 1310 2481 1310 2482 1313 2482 1298 2482 1298 2483 1313 2483 1314 2483 1298 2484 1314 2484 1299 2484 1299 2485 1314 2485 1315 2485 1299 2486 1315 2486 1300 2486 1300 2487 1315 2487 1316 2487 1300 2488 1316 2488 1301 2488 1301 2489 1316 2489 1317 2489 1301 2490 1317 2490 1302 2490 1302 2491 1317 2491 1303 2491 1318 2492 1309 2492 73 2492 1319 2493 1320 2493 1321 2493 73 2494 72 2494 1318 2494 1318 2495 72 2495 1319 2495 1318 2496 1319 2496 1322 2496 1322 2497 1319 2497 1321 2497 1156 2498 1323 2498 1324 2498 1156 2499 1324 2499 1157 2499 1157 2500 1324 2500 1325 2500 1157 2501 1325 2501 1164 2501 1164 2502 1325 2502 1326 2502 1164 2503 1326 2503 1163 2503 1163 2504 1326 2504 74 2504 1163 2505 74 2505 76 2505 72 2506 74 2506 1319 2506 1319 2507 74 2507 1326 2507 1319 2508 1326 2508 1320 2508 1320 2509 1326 2509 1325 2509 1320 2510 1325 2510 1321 2510 1321 2511 1325 2511 1324 2511 1321 2512 1324 2512 1322 2512 1322 2513 1324 2513 1323 2513 1322 2514 1323 2514 1318 2514 1327 2515 1328 2515 1329 2515 1329 2516 1328 2516 1330 2516 1331 2517 1332 2517 1328 2517 1328 2518 1332 2518 1333 2518 1328 2519 1333 2519 1330 2519 1334 2520 1335 2520 1336 2520 1336 2521 1337 2521 1334 2521 1334 2522 1337 2522 1338 2522 1334 2523 1338 2523 1339 2523 1339 2524 1338 2524 1340 2524 1339 2525 1340 2525 1318 2525 1318 2526 1340 2526 1341 2526 1335 2527 1334 2527 1342 2527 1342 2528 1334 2528 1333 2528 1342 2529 1333 2529 1332 2529 1330 2530 1333 2530 1334 2530 1318 2531 1323 2531 1329 2531 1323 2532 1156 2532 1329 2532 1329 2533 1156 2533 1155 2533 1329 2534 1155 2534 88 2534 88 2535 1155 2535 1160 2535 88 2536 1160 2536 86 2536 1330 2537 1334 2537 1329 2537 1329 2538 1334 2538 1339 2538 1329 2539 1339 2539 1318 2539 1109 2540 160 2540 1129 2540 1129 2541 160 2541 1124 2541 209 2542 27 2542 29 2542 80 2543 1123 2543 180 2543 1128 2544 1127 2544 160 2544 160 2545 1127 2545 1125 2545 160 2546 1125 2546 1124 2546 180 2547 1123 2547 160 2547 160 2548 1123 2548 1119 2548 160 2549 1119 2549 1128 2549 102 2550 101 2550 47 2550 209 2551 207 2551 27 2551 27 2552 207 2552 206 2552 27 2553 206 2553 49 2553 49 2554 206 2554 102 2554 49 2555 102 2555 47 2555 88 2556 83 2556 180 2556 180 2557 83 2557 81 2557 180 2558 81 2558 80 2558 180 2559 191 2559 31 2559 31 2560 191 2560 213 2560 31 2561 213 2561 29 2561 29 2562 213 2562 211 2562 29 2563 211 2563 209 2563 1343 2564 43 2564 101 2564 101 2565 43 2565 45 2565 101 2566 45 2566 47 2566 1343 2567 1344 2567 43 2567 43 2568 1344 2568 1327 2568 43 2569 1327 2569 41 2569 41 2570 1327 2570 1329 2570 31 2571 33 2571 180 2571 180 2572 33 2572 35 2572 180 2573 35 2573 88 2573 88 2574 35 2574 37 2574 88 2575 37 2575 1329 2575 1329 2576 37 2576 39 2576 1329 2577 39 2577 41 2577 1233 2578 1231 2578 1345 2578 1345 2579 1231 2579 1229 2579 1345 2580 1229 2580 1227 2580 93 2581 1346 2581 95 2581 95 2582 1346 2582 1347 2582 95 2583 1347 2583 97 2583 97 2584 1347 2584 1348 2584 97 2585 1348 2585 98 2585 98 2586 1348 2586 100 2586 100 2587 1348 2587 1343 2587 100 2588 1343 2588 101 2588 1344 2589 1343 2589 1349 2589 1349 2590 1343 2590 1348 2590 1349 2591 1348 2591 1350 2591 1350 2592 1348 2592 1347 2592 1350 2593 1347 2593 1345 2593 1345 2594 1347 2594 1346 2594 1345 2595 1346 2595 1233 2595 1233 2596 1346 2596 93 2596 1233 2597 93 2597 92 2597 1227 2598 1351 2598 1345 2598 1345 2599 1351 2599 1352 2599 1345 2600 1352 2600 1350 2600 1350 2601 1352 2601 1353 2601 1350 2602 1353 2602 1349 2602 1349 2603 1353 2603 1354 2603 1349 2604 1354 2604 1344 2604 1344 2605 1354 2605 1327 2605 1331 2606 1355 2606 1356 2606 1357 2607 1355 2607 1331 2607 1328 2608 1357 2608 1331 2608 1331 2609 1358 2609 1359 2609 1351 2610 1227 2610 1360 2610 1359 2611 1358 2611 1360 2611 1351 2612 1360 2612 1352 2612 1352 2613 1360 2613 1358 2613 1352 2614 1358 2614 1353 2614 1328 2615 1327 2615 1357 2615 1357 2616 1327 2616 1354 2616 1357 2617 1354 2617 1355 2617 1355 2618 1354 2618 1353 2618 1355 2619 1353 2619 1356 2619 1356 2620 1353 2620 1358 2620 1356 2621 1358 2621 1331 2621 1234 2622 1361 2622 1362 2622 1363 2623 1364 2623 1365 2623 1234 2624 1362 2624 1235 2624 1235 2625 1362 2625 1366 2625 1235 2626 1366 2626 1236 2626 1236 2627 1366 2627 1367 2627 1236 2628 1367 2628 1237 2628 1363 2629 1365 2629 1368 2629 1368 2630 1365 2630 1369 2630 1368 2631 1369 2631 1370 2631 1370 2632 1369 2632 1371 2632 1370 2633 1371 2633 1372 2633 1372 2634 1371 2634 1373 2634 1372 2635 1373 2635 1374 2635 1374 2636 1373 2636 1331 2636 1374 2637 1331 2637 1359 2637 1375 2638 1364 2638 1361 2638 1361 2639 1364 2639 1363 2639 1361 2640 1363 2640 1362 2640 1362 2641 1363 2641 1368 2641 1362 2642 1368 2642 1366 2642 1366 2643 1368 2643 1370 2643 1366 2644 1370 2644 1367 2644 1367 2645 1370 2645 1372 2645 1367 2646 1372 2646 1376 2646 1376 2647 1372 2647 1374 2647 1376 2648 1374 2648 1377 2648 1377 2649 1374 2649 1359 2649 1377 2650 1359 2650 1360 2650 1237 2651 1367 2651 1238 2651 1238 2652 1367 2652 1376 2652 1238 2653 1376 2653 1239 2653 1239 2654 1376 2654 1377 2654 1239 2655 1377 2655 1240 2655 1240 2656 1377 2656 1360 2656 1240 2657 1360 2657 1227 2657 1378 2658 1379 2658 1380 2658 1378 2659 1380 2659 1381 2659 1381 2660 1380 2660 1241 2660 1381 2661 1241 2661 1243 2661 1379 2662 1375 2662 1380 2662 1380 2663 1375 2663 1361 2663 1380 2664 1361 2664 1241 2664 1241 2665 1361 2665 1234 2665 1382 2666 1378 2666 1381 2666 1381 2667 1243 2667 1382 2667 1382 2668 1243 2668 1242 2668 1382 2669 1242 2669 1254 2669 1254 2670 24 2670 1382 2670 1382 2671 24 2671 4 2671 1382 2672 4 2672 3 2672 1307 2673 1306 2673 18 2673 1311 2674 1309 2674 1318 2674 1369 2675 1365 2675 1364 2675 1364 2676 1375 2676 1369 2676 1369 2677 1375 2677 1379 2677 1369 2678 1379 2678 1378 2678 1304 2679 1303 2679 1382 2679 1382 2680 1303 2680 1378 2680 1332 2681 1316 2681 1342 2681 1342 2682 1316 2682 1315 2682 1342 2683 1315 2683 1335 2683 1335 2684 1315 2684 1336 2684 1336 2685 1315 2685 1314 2685 1336 2686 1314 2686 1313 2686 1332 2687 1331 2687 1373 2687 1303 2688 1317 2688 1378 2688 1378 2689 1317 2689 1316 2689 1378 2690 1316 2690 1369 2690 1369 2691 1316 2691 1332 2691 1369 2692 1332 2692 1371 2692 1371 2693 1332 2693 1373 2693 1341 2694 1340 2694 1310 2694 1310 2695 1340 2695 1338 2695 1310 2696 1338 2696 1313 2696 1313 2697 1338 2697 1337 2697 1313 2698 1337 2698 1336 2698 1341 2699 1310 2699 1318 2699 1318 2700 1310 2700 1312 2700 1318 2701 1312 2701 1311 2701 11 2702 0 2702 1304 2702 3 2703 8 2703 1382 2703 1382 2704 8 2704 7 2704 1382 2705 7 2705 1304 2705 1304 2706 7 2706 6 2706 1304 2707 6 2707 11 2707 0 2708 2 2708 1304 2708 1304 2709 2 2709 12 2709 1304 2710 12 2710 1305 2710 18 2711 1306 2711 16 2711 1305 2712 12 2712 1306 2712 1306 2713 12 2713 14 2713 1306 2714 14 2714 16 2714 1383 2715 1294 2715 1384 2715 1384 2716 1294 2716 1307 2716 1384 2717 1307 2717 19 2717 19 2718 1307 2718 18 2718 1385 2719 1258 2719 1386 2719 1386 2720 1258 2720 1387 2720 1385 2721 1383 2721 1258 2721 1258 2722 1383 2722 1384 2722 1258 2723 1384 2723 19 2723 826 2724 853 2724 1387 2724 1387 2725 853 2725 855 2725 1387 2726 855 2726 1386 2726 1258 2727 1259 2727 1262 2727 1258 2728 1262 2728 1387 2728 1387 2729 1262 2729 299 2729 1387 2730 299 2730 1388 2730 1389 2731 1390 2731 335 2731 1391 2732 1392 2732 1393 2732 335 2733 334 2733 1389 2733 1389 2734 334 2734 333 2734 1389 2735 333 2735 1394 2735 1394 2736 333 2736 332 2736 1394 2737 332 2737 1395 2737 332 2738 331 2738 1395 2738 1395 2739 331 2739 329 2739 1395 2740 329 2740 1009 2740 1009 2741 329 2741 298 2741 1009 2742 298 2742 297 2742 1391 2743 1393 2743 1390 2743 1390 2744 1393 2744 1396 2744 1390 2745 1396 2745 335 2745 335 2746 1396 2746 1397 2746 335 2747 1397 2747 1398 2747 1388 2748 299 2748 1399 2748 1399 2749 299 2749 301 2749 1399 2750 301 2750 1398 2750 1398 2751 301 2751 336 2751 1398 2752 336 2752 335 2752 793 2753 1400 2753 791 2753 791 2754 1400 2754 789 2754 788 2755 785 2755 1400 2755 1400 2756 785 2756 787 2756 1400 2757 787 2757 789 2757 793 2758 795 2758 1400 2758 1400 2759 795 2759 799 2759 1400 2760 799 2760 1394 2760 1391 2761 1390 2761 799 2761 799 2762 1390 2762 1389 2762 799 2763 1389 2763 1394 2763 788 2764 1400 2764 783 2764 783 2765 1400 2765 1394 2765 783 2766 1394 2766 782 2766 782 2767 1394 2767 1395 2767 782 2768 1395 2768 776 2768 776 2769 1395 2769 777 2769 777 2770 1395 2770 1009 2770 777 2771 1009 2771 778 2771 806 2772 808 2772 842 2772 1392 2773 1391 2773 813 2773 813 2774 842 2774 810 2774 810 2775 842 2775 811 2775 800 2776 801 2776 842 2776 813 2777 1391 2777 842 2777 842 2778 1391 2778 799 2778 842 2779 799 2779 800 2779 801 2780 802 2780 842 2780 842 2781 802 2781 803 2781 842 2782 803 2782 806 2782 1393 2783 1392 2783 813 2783 826 2784 1387 2784 824 2784 824 2785 1387 2785 1388 2785 824 2786 1388 2786 822 2786 822 2787 1388 2787 1399 2787 822 2788 1399 2788 820 2788 820 2789 1399 2789 1398 2789 820 2790 1398 2790 818 2790 818 2791 1398 2791 1397 2791 818 2792 1397 2792 817 2792 817 2793 1397 2793 1396 2793 817 2794 1396 2794 815 2794 815 2795 1396 2795 1393 2795 815 2796 1393 2796 812 2796 812 2797 1393 2797 813 2797 2520 4484 2521 4484 2490 4484 2690 4770 2712 4770 2713 4770 2713 4771 1294 4771 2690 4771 2690 4772 1294 4772 2714 4772 2690 4773 2714 4773 1383 4773 2690 4774 2687 4774 2712 4774 2712 4775 2687 4775 2688 4775 2712 4776 2688 4776 2715 4776 2715 4777 2688 4777 2694 4777 2715 4778 2694 4778 2716 4778 2694 4779 2696 4779 2716 4779 2716 4780 2696 4780 2698 4780 2716 4781 2698 4781 2670 4781 2667 4782 2666 4782 2717 4782 2717 4783 2666 4783 2718 4783 2676 4784 2675 4784 2717 4784 2717 4785 2675 4785 2680 4785 2717 4786 2680 4786 2667 4786 2670 4787 2672 4787 2716 4787 2716 4788 2672 4788 2679 4788 2716 4789 2679 4789 2717 4789 2717 4790 2679 4790 2678 4790 2717 4791 2678 4791 2676 4791 2718 4792 2666 4792 2719 4792 2719 4793 2666 4793 2664 4793 2719 4794 2664 4794 2720 4794 2720 4795 2664 4795 2721 4795 2721 4796 2664 4796 2662 4796 2721 4797 2662 4797 2439 4797 2439 4798 2662 4798 2641 4798 2439 4799 2641 4799 2438 4799 2438 4800 2641 4800 2640 4800 2438 4801 2640 4801 2437 4801 2722 4802 2656 4802 2723 4802 2644 4803 2643 4803 2722 4803 2722 4804 2643 4804 2658 4804 2722 4805 2658 4805 2656 4805 2648 4806 2650 4806 2722 4806 2722 4807 2650 4807 2652 4807 2722 4808 2652 4808 2644 4808 2436 4809 2435 4809 2724 4809 2724 4810 2435 4810 2434 4810 2724 4811 2434 4811 2640 4811 2640 4812 2434 4812 2433 4812 2640 4813 2433 4813 2437 4813 2430 4814 2431 4814 2724 4814 2724 4815 2431 4815 2432 4815 2724 4816 2432 4816 2436 4816 2648 4817 2722 4817 2640 4817 2640 4818 2722 4818 2723 4818 2640 4819 2723 4819 2724 4819 2724 4820 2723 4820 2429 4820 2724 4821 2429 4821 2430 4821 2637 4885 855 4885 2758 4885 2639 4886 2638 4886 2729 4886 2729 4887 2638 4887 2637 4887 2729 4888 2637 4888 2730 4888 2730 4889 2637 4889 2758 4889 2730 4890 2758 4890 854 4890 2537 4891 2535 4891 2727 4891 2535 4892 2636 4892 2727 4892 2727 4893 2636 4893 2635 4893 2727 4894 2635 4894 2634 4894 2639 4895 2729 4895 2634 4895 2634 4896 2729 4896 2728 4896 2634 4897 2728 4897 2727 4897 2530 4898 2546 4898 2725 4898 2725 4899 2546 4899 2545 4899 2545 4900 2544 4900 2725 4900 2725 4901 2544 4901 2548 4901 2725 4902 2548 4902 2727 4902 2727 4903 2548 4903 2547 4903 2727 4904 2547 4904 2537 4904 2530 4905 2725 4905 2531 4905 2531 4906 2725 4906 2726 4906 2531 4907 2726 4907 2532 4907 2726 4908 2752 4908 2532 4908 2532 4909 2752 4909 2753 4909 2532 4910 2753 4910 2533 4910 2759 4911 2760 4911 2523 4911 2753 4912 2751 4912 2533 4912 2533 4913 2751 4913 2750 4913 2533 4914 2750 4914 2522 4914 2522 4915 2750 4915 2761 4915 2522 4916 2761 4916 2523 4916 2523 4917 2761 4917 2762 4917 2523 4918 2762 4918 2759 4918 2763 4919 2760 4919 2764 4919 2764 4920 2765 4920 2763 4920 2763 4921 2765 4921 2766 4921 2763 4922 2766 4922 2767 4922 2767 4923 2768 4923 2763 4923 2763 4924 2768 4924 2769 4924 2763 4925 2769 4925 2770 4925 2524 4926 2525 4926 2771 4926 2771 4927 2525 4927 2526 4927 2771 4928 2526 4928 2523 4928 2760 4929 2763 4929 2523 4929 2523 4930 2763 4930 2770 4930 2523 4931 2770 4931 2771 4931 2771 4932 2770 4932 2521 4932 2771 4933 2521 4933 2520 4933 2520 4934 2527 4934 2771 4934 2771 4935 2527 4935 2528 4935 2771 4936 2528 4936 2524 4936</p>
        </triangles>
        <triangles material="black-material" count="3263">
          <input semantic="VERTEX" source="#L_ring_prox-mesh-vertices" offset="0"/>
          <input semantic="NORMAL" source="#L_ring_prox-mesh-normals" offset="1"/>
          <p>1401 2798 1402 2798 1403 2798 1403 2799 1402 2799 1404 2799 1405 2800 1406 2800 1407 2800 1405 2801 1407 2801 1408 2801 1408 2802 1407 2802 1409 2802 1408 2803 1409 2803 1410 2803 1410 2804 1409 2804 1411 2804 1410 2805 1411 2805 1412 2805 1412 2806 1411 2806 1401 2806 1412 2807 1401 2807 1403 2807 1406 2808 1405 2808 1413 2808 1413 2809 1405 2809 1414 2809 1413 2810 1414 2810 1415 2810 1416 2811 1417 2811 1418 2811 1418 2812 1419 2812 1416 2812 1416 2813 1419 2813 1420 2813 1416 2814 1420 2814 1421 2814 1421 2815 1420 2815 1422 2815 1421 2816 1422 2816 1423 2816 1423 2817 1422 2817 1424 2817 1423 2818 1424 2818 1425 2818 1425 2819 1424 2819 1426 2819 1425 2820 1426 2820 1415 2820 1415 2821 1426 2821 1427 2821 1415 2822 1427 2822 1413 2822 1418 2823 1417 2823 1428 2823 1428 2824 1417 2824 1429 2824 1428 2825 1429 2825 1430 2825 1430 2826 1429 2826 1431 2826 1430 2827 1431 2827 1432 2827 1432 2828 1431 2828 1433 2828 1432 2829 1433 2829 1434 2829 1434 2830 1433 2830 1435 2830 1434 2831 1435 2831 1436 2831 1436 2832 1435 2832 1437 2832 1438 2833 1439 2833 1440 2833 1440 2834 1439 2834 1441 2834 1440 2835 1441 2835 1442 2835 1442 2836 1441 2836 1443 2836 1442 2837 1443 2837 1444 2837 1444 2838 1443 2838 1445 2838 1444 2839 1445 2839 1446 2839 1446 2840 1445 2840 1447 2840 1446 2841 1447 2841 1448 2841 1448 2842 1447 2842 1449 2842 1448 2843 1449 2843 1450 2843 1450 2844 1449 2844 1451 2844 1450 2845 1451 2845 1452 2845 1452 2846 1451 2846 1453 2846 1452 2847 1453 2847 1454 2847 1454 2848 1453 2848 1455 2848 1454 2849 1455 2849 1456 2849 1456 2850 1455 2850 1457 2850 1456 2851 1457 2851 1437 2851 1437 2852 1457 2852 1458 2852 1437 2853 1458 2853 1436 2853 1459 2854 1460 2854 1461 2854 1461 2855 1460 2855 1462 2855 1463 2856 1464 2856 1465 2856 1465 2857 1464 2857 1466 2857 1465 2858 1466 2858 1467 2858 1467 2859 1466 2859 1468 2859 1467 2860 1468 2860 1469 2860 1469 2861 1468 2861 1470 2861 1469 2862 1470 2862 1471 2862 1471 2863 1470 2863 1472 2863 1471 2864 1472 2864 1473 2864 1473 2865 1472 2865 1474 2865 1473 2866 1474 2866 1475 2866 1475 2867 1474 2867 1476 2867 1475 2868 1476 2868 1462 2868 1462 2869 1476 2869 1477 2869 1462 2870 1477 2870 1461 2870 1465 2871 1478 2871 1463 2871 1463 2872 1478 2872 1479 2872 1463 2873 1479 2873 1480 2873 1480 2874 1479 2874 1481 2874 1480 2875 1481 2875 1482 2875 1460 2876 1459 2876 1483 2876 1483 2877 1459 2877 1484 2877 1483 2878 1484 2878 1485 2878 1485 2879 1484 2879 1486 2879 1485 2880 1486 2880 1487 2880 1487 2881 1486 2881 1488 2881 1487 2882 1488 2882 1489 2882 1489 2883 1488 2883 1490 2883 1489 2884 1490 2884 1491 2884 1489 2885 1491 2885 1492 2885 1492 2886 1491 2886 1493 2886 1492 2887 1493 2887 1494 2887 1493 2888 1495 2888 1494 2888 1494 2889 1495 2889 1496 2889 1494 2890 1496 2890 1497 2890 1497 2891 1496 2891 1498 2891 1497 2892 1498 2892 1499 2892 1499 2893 1498 2893 1500 2893 1499 2894 1500 2894 1501 2894 1501 2895 1500 2895 1502 2895 1501 2896 1502 2896 1503 2896 1503 2897 1502 2897 1504 2897 1503 2898 1504 2898 1505 2898 1505 2899 1504 2899 1506 2899 1505 2900 1506 2900 1507 2900 1507 2901 1506 2901 1508 2901 1507 2902 1508 2902 1509 2902 1509 2903 1508 2903 1510 2903 1510 2904 1508 2904 1511 2904 1510 2905 1511 2905 1512 2905 1513 2906 1512 2906 1514 2906 1514 2907 1512 2907 1511 2907 1515 2908 1516 2908 1517 2908 1517 2909 1516 2909 1518 2909 1519 2910 1520 2910 1521 2910 1521 2911 1520 2911 1522 2911 1521 2912 1522 2912 1523 2912 1523 2913 1522 2913 1524 2913 1523 2914 1524 2914 1525 2914 1525 2915 1524 2915 1526 2915 1525 2916 1526 2916 1527 2916 1527 2917 1526 2917 1528 2917 1527 2918 1528 2918 1529 2918 1529 2919 1528 2919 1530 2919 1529 2920 1530 2920 1531 2920 1531 2921 1530 2921 1532 2921 1531 2922 1532 2922 1533 2922 1533 2923 1532 2923 1534 2923 1533 2924 1534 2924 1535 2924 1535 2925 1534 2925 1536 2925 1535 2926 1536 2926 1537 2926 1537 2927 1536 2927 1538 2927 1537 2928 1538 2928 1518 2928 1518 2929 1538 2929 1539 2929 1518 2930 1539 2930 1517 2930 1520 2931 1519 2931 1540 2931 1540 2932 1519 2932 1541 2932 1540 2933 1541 2933 1542 2933 1542 2934 1541 2934 1543 2934 1542 2935 1543 2935 1544 2935 1544 2936 1543 2936 1545 2936 1544 2937 1545 2937 1546 2937 1546 2938 1545 2938 1547 2938 1548 2939 1549 2939 1550 2939 1546 2940 1547 2940 1551 2940 1551 2941 1547 2941 1552 2941 1551 2942 1552 2942 1553 2942 1553 2943 1552 2943 1554 2943 1553 2944 1554 2944 1555 2944 1555 2945 1554 2945 1556 2945 1555 2946 1556 2946 1557 2946 1557 2947 1556 2947 1558 2947 1557 2948 1558 2948 1559 2948 1559 2949 1558 2949 1560 2949 1559 2950 1560 2950 1561 2950 1561 2951 1560 2951 1562 2951 1561 2952 1562 2952 1563 2952 1563 2953 1562 2953 1564 2953 1563 2954 1564 2954 1565 2954 1565 2955 1564 2955 1566 2955 1565 2956 1566 2956 1567 2956 1567 2957 1566 2957 1568 2957 1567 2958 1568 2958 1569 2958 1569 2959 1568 2959 1548 2959 1569 2960 1548 2960 1570 2960 1570 2961 1548 2961 1550 2961 1571 2962 1550 2962 1572 2962 1572 2963 1550 2963 1549 2963 1573 2964 1574 2964 1575 2964 1575 2965 1574 2965 1576 2965 1575 2966 1576 2966 1577 2966 1577 2967 1576 2967 1578 2967 1577 2968 1578 2968 1579 2968 1579 2969 1578 2969 1580 2969 1579 2970 1580 2970 1581 2970 1581 2971 1580 2971 1582 2971 1581 2972 1582 2972 1583 2972 1583 2973 1582 2973 1584 2973 1583 2974 1584 2974 1585 2974 1585 2975 1584 2975 1586 2975 1585 2976 1586 2976 1587 2976 1587 2977 1586 2977 1588 2977 1587 2978 1588 2978 1589 2978 1589 2979 1588 2979 1590 2979 1589 2980 1590 2980 1591 2980 1591 2981 1590 2981 1592 2981 1591 2982 1592 2982 1593 2982 1594 2983 1595 2983 1596 2983 1596 2984 1595 2984 1593 2984 1596 2985 1593 2985 1597 2985 1597 2986 1593 2986 1592 2986 1574 2987 1573 2987 1598 2987 1598 2988 1573 2988 1599 2988 1598 2989 1599 2989 1600 2989 1600 2990 1599 2990 1601 2990 1600 2991 1601 2991 1602 2991 1602 2992 1601 2992 1603 2992 1602 2993 1603 2993 1604 2993 1604 2994 1603 2994 1605 2994 1606 2995 1607 2995 1608 2995 1604 2996 1605 2996 1609 2996 1609 2997 1605 2997 1610 2997 1609 2998 1610 2998 1611 2998 1611 2999 1610 2999 1612 2999 1611 3000 1612 3000 1613 3000 1613 3001 1612 3001 1614 3001 1613 3002 1614 3002 1615 3002 1615 3003 1614 3003 1616 3003 1615 3004 1616 3004 1617 3004 1617 3005 1616 3005 1618 3005 1617 3006 1618 3006 1619 3006 1619 3007 1618 3007 1620 3007 1619 3008 1620 3008 1621 3008 1621 3009 1620 3009 1622 3009 1621 3010 1622 3010 1623 3010 1623 3011 1622 3011 1624 3011 1623 3012 1624 3012 1625 3012 1625 3013 1624 3013 1626 3013 1625 3014 1626 3014 1627 3014 1627 3015 1626 3015 1606 3015 1627 3016 1606 3016 1628 3016 1628 3017 1606 3017 1608 3017 1608 3018 1607 3018 1629 3018 1629 3019 1607 3019 1630 3019 1631 3020 1632 3020 1633 3020 1633 3021 1632 3021 1634 3021 1633 3022 1634 3022 1635 3022 1635 3023 1634 3023 1636 3023 1635 3024 1636 3024 1637 3024 1637 3025 1636 3025 1638 3025 1637 3026 1638 3026 1639 3026 1639 3027 1638 3027 1640 3027 1639 3028 1640 3028 1641 3028 1641 3029 1640 3029 1642 3029 1641 3030 1642 3030 1643 3030 1643 3031 1642 3031 1644 3031 1643 3032 1644 3032 1645 3032 1645 3033 1644 3033 1646 3033 1645 3034 1646 3034 1647 3034 1647 3035 1646 3035 1648 3035 1647 3036 1648 3036 1649 3036 1649 3037 1648 3037 1650 3037 1649 3038 1650 3038 1651 3038 1652 3039 1653 3039 1654 3039 1654 3040 1653 3040 1651 3040 1654 3041 1651 3041 1655 3041 1655 3042 1651 3042 1650 3042 1653 3043 1652 3043 1656 3043 1656 3044 1652 3044 1657 3044 1656 3045 1657 3045 1658 3045 1658 3046 1657 3046 1659 3046 1658 3047 1659 3047 1660 3047 1660 3048 1659 3048 1661 3048 1660 3049 1661 3049 1662 3049 1662 3050 1661 3050 1663 3050 1664 3051 1665 3051 1666 3051 1666 3052 1665 3052 1667 3052 1666 3053 1667 3053 1668 3053 1668 3054 1667 3054 1669 3054 1668 3055 1669 3055 1670 3055 1670 3056 1669 3056 1671 3056 1670 3057 1671 3057 1672 3057 1672 3058 1671 3058 1673 3058 1672 3059 1673 3059 1674 3059 1674 3060 1673 3060 1675 3060 1674 3061 1675 3061 1676 3061 1676 3062 1675 3062 1677 3062 1676 3063 1677 3063 1678 3063 1678 3064 1677 3064 1679 3064 1678 3065 1679 3065 1680 3065 1680 3066 1679 3066 1681 3066 1680 3067 1681 3067 1682 3067 1682 3068 1681 3068 1683 3068 1682 3069 1683 3069 1684 3069 1684 3070 1683 3070 1685 3070 1684 3071 1685 3071 1686 3071 1686 3072 1685 3072 1662 3072 1686 3073 1662 3073 1663 3073 1687 2798 1665 2798 1688 2798 1688 3074 1665 3074 1664 3074 1689 3075 1690 3075 1691 3075 1691 3076 1690 3076 1692 3076 1693 3077 1694 3077 1695 3077 1695 3078 1694 3078 1696 3078 1695 3079 1696 3079 1697 3079 1697 3080 1696 3080 1698 3080 1697 3081 1698 3081 1699 3081 1699 3082 1698 3082 1700 3082 1699 3083 1700 3083 1701 3083 1701 3084 1700 3084 1702 3084 1701 3085 1702 3085 1703 3085 1703 3086 1702 3086 1704 3086 1703 3087 1704 3087 1705 3087 1705 3088 1704 3088 1706 3088 1705 3089 1706 3089 1692 3089 1692 3090 1706 3090 1707 3090 1692 3091 1707 3091 1691 3091 1695 3092 1708 3092 1693 3092 1693 3093 1708 3093 1709 3093 1693 3094 1709 3094 1710 3094 1710 3095 1709 3095 1711 3095 1710 3096 1711 3096 1712 3096 1690 3097 1689 3097 1713 3097 1713 3098 1689 3098 1714 3098 1713 3099 1714 3099 1715 3099 1715 3100 1714 3100 1716 3100 1715 3101 1716 3101 1717 3101 1717 3102 1716 3102 1718 3102 1717 3103 1718 3103 1719 3103 1719 3104 1718 3104 1720 3104 1719 3105 1720 3105 1721 3105 1719 3106 1721 3106 1722 3106 1722 3107 1721 3107 1723 3107 1722 3108 1723 3108 1724 3108 1723 3109 1725 3109 1724 3109 1724 3110 1725 3110 1726 3110 1724 3111 1726 3111 1727 3111 1727 3112 1726 3112 1728 3112 1727 3113 1728 3113 1729 3113 1729 3114 1728 3114 1730 3114 1729 3115 1730 3115 1731 3115 1731 3116 1730 3116 1732 3116 1731 3117 1732 3117 1733 3117 1733 3118 1732 3118 1734 3118 1733 3119 1734 3119 1735 3119 1735 3120 1734 3120 1736 3120 1735 3121 1736 3121 1737 3121 1737 3122 1736 3122 1738 3122 1737 3123 1738 3123 1739 3123 1739 3124 1738 3124 1740 3124 1740 3125 1738 3125 1741 3125 1740 3126 1741 3126 1742 3126 1743 3127 1742 3127 1744 3127 1744 3128 1742 3128 1741 3128 1745 3129 1746 3129 1747 3129 1747 3130 1746 3130 1748 3130 1747 3131 1748 3131 1749 3131 1749 3132 1748 3132 1750 3132 1749 3133 1750 3133 1751 3133 1751 3134 1750 3134 1752 3134 1751 3135 1752 3135 1753 3135 1753 3136 1752 3136 1754 3136 1753 3137 1754 3137 1755 3137 1755 3138 1754 3138 1756 3138 1755 3139 1756 3139 1757 3139 1757 3140 1756 3140 1758 3140 1757 3141 1758 3141 1759 3141 1759 3142 1758 3142 1760 3142 1759 3143 1760 3143 1761 3143 1761 3144 1760 3144 1762 3144 1761 3145 1762 3145 1763 3145 1763 3146 1762 3146 1764 3146 1763 3147 1764 3147 1765 3147 1766 3148 1767 3148 1768 3148 1768 3149 1767 3149 1765 3149 1768 3150 1765 3150 1769 3150 1769 3151 1765 3151 1764 3151 1767 3152 1766 3152 1770 3152 1770 3153 1766 3153 1771 3153 1770 3154 1771 3154 1772 3154 1772 3155 1771 3155 1773 3155 1772 3156 1773 3156 1774 3156 1774 3157 1773 3157 1775 3157 1774 3158 1775 3158 1776 3158 1776 3159 1775 3159 1777 3159 1778 3160 1779 3160 1780 3160 1780 3161 1779 3161 1781 3161 1780 3162 1781 3162 1782 3162 1782 3163 1781 3163 1783 3163 1782 3164 1783 3164 1784 3164 1784 3165 1783 3165 1785 3165 1784 3166 1785 3166 1786 3166 1786 3167 1785 3167 1787 3167 1786 3168 1787 3168 1788 3168 1788 3169 1787 3169 1789 3169 1788 3170 1789 3170 1790 3170 1790 3171 1789 3171 1791 3171 1790 3172 1791 3172 1792 3172 1792 3173 1791 3173 1793 3173 1792 3174 1793 3174 1794 3174 1794 3175 1793 3175 1795 3175 1794 3176 1795 3176 1796 3176 1796 3177 1795 3177 1797 3177 1796 3178 1797 3178 1798 3178 1798 3179 1797 3179 1799 3179 1798 3180 1799 3180 1800 3180 1800 3181 1799 3181 1776 3181 1800 3182 1776 3182 1777 3182 1779 3183 1778 3183 1801 3183 1801 3184 1778 3184 1802 3184 1803 3185 1804 3185 1805 3185 1805 3186 1804 3186 1806 3186 1807 3187 1808 3187 1809 3187 1809 3188 1808 3188 1810 3188 1809 3189 1810 3189 1811 3189 1811 3190 1810 3190 1812 3190 1811 3191 1812 3191 1813 3191 1813 3192 1812 3192 1814 3192 1813 3193 1814 3193 1815 3193 1815 3194 1814 3194 1816 3194 1815 3195 1816 3195 1817 3195 1817 3196 1816 3196 1818 3196 1817 3197 1818 3197 1819 3197 1819 3198 1818 3198 1820 3198 1819 3199 1820 3199 1806 3199 1806 3200 1820 3200 1821 3200 1806 3201 1821 3201 1805 3201 1809 3202 1822 3202 1807 3202 1807 3203 1822 3203 1823 3203 1807 3204 1823 3204 1824 3204 1824 3205 1823 3205 1825 3205 1824 3206 1825 3206 1826 3206 1804 3207 1803 3207 1827 3207 1827 3208 1803 3208 1828 3208 1827 3209 1828 3209 1829 3209 1829 3210 1828 3210 1830 3210 1829 3211 1830 3211 1831 3211 1831 3212 1830 3212 1832 3212 1831 3213 1832 3213 1833 3213 1833 3214 1832 3214 1834 3214 1833 3215 1834 3215 1835 3215 1833 3216 1835 3216 1836 3216 1836 3217 1835 3217 1837 3217 1836 3218 1837 3218 1838 3218 1837 3219 1839 3219 1838 3219 1838 3220 1839 3220 1840 3220 1838 3221 1840 3221 1841 3221 1841 3222 1840 3222 1842 3222 1841 3223 1842 3223 1843 3223 1843 3224 1842 3224 1844 3224 1843 3225 1844 3225 1845 3225 1845 3226 1844 3226 1846 3226 1845 3227 1846 3227 1847 3227 1847 3228 1846 3228 1848 3228 1847 3229 1848 3229 1849 3229 1849 3230 1848 3230 1850 3230 1849 3231 1850 3231 1851 3231 1851 3232 1850 3232 1852 3232 1851 3233 1852 3233 1853 3233 1853 3234 1852 3234 1854 3234 1854 3235 1852 3235 1855 3235 1854 3236 1855 3236 1856 3236 1857 3237 1856 3237 1858 3237 1858 3238 1856 3238 1855 3238 1859 3239 1860 3239 1861 3239 1861 3240 1860 3240 1862 3240 1861 3241 1862 3241 1863 3241 1863 3242 1862 3242 1864 3242 1863 3243 1864 3243 1865 3243 1865 3244 1864 3244 1866 3244 1865 3245 1866 3245 1867 3245 1867 3246 1866 3246 1868 3246 1807 3247 1824 3247 1869 3247 1858 3248 1855 3248 1870 3248 1870 3249 1855 3249 1852 3249 1869 3250 1871 3250 1807 3250 1807 3251 1871 3251 1872 3251 1807 3252 1872 3252 1808 3252 1873 3253 1821 3253 1874 3253 1874 3254 1821 3254 1820 3254 1874 3255 1820 3255 1875 3255 1875 3256 1820 3256 1818 3256 1875 3257 1818 3257 1876 3257 1876 3258 1818 3258 1816 3258 1876 3259 1816 3259 1877 3259 1848 3260 1846 3260 1878 3260 1878 3261 1846 3261 1844 3261 1878 3262 1844 3262 1879 3262 1879 3263 1844 3263 1842 3263 1879 3264 1842 3264 1880 3264 1880 3265 1842 3265 1840 3265 1880 3266 1840 3266 1881 3266 1881 3267 1840 3267 1839 3267 1881 3268 1839 3268 1882 3268 1839 3269 1837 3269 1882 3269 1882 3270 1837 3270 1835 3270 1882 3271 1835 3271 1867 3271 1867 3272 1835 3272 1834 3272 1867 3273 1834 3273 1865 3273 1865 3274 1834 3274 1832 3274 1865 3275 1832 3275 1863 3275 1863 3276 1832 3276 1830 3276 1863 3277 1830 3277 1861 3277 1861 3278 1830 3278 1828 3278 1861 3279 1828 3279 1859 3279 1859 3280 1828 3280 1803 3280 1859 3281 1803 3281 1873 3281 1873 3282 1803 3282 1805 3282 1873 3283 1805 3283 1821 3283 1816 3284 1814 3284 1877 3284 1877 3285 1814 3285 1812 3285 1877 3286 1812 3286 1883 3286 1883 3287 1812 3287 1810 3287 1883 3288 1810 3288 1884 3288 1884 3289 1810 3289 1808 3289 1884 3290 1808 3290 1885 3290 1885 3291 1808 3291 1872 3291 1878 3292 1886 3292 1848 3292 1848 3293 1886 3293 1887 3293 1848 3294 1887 3294 1850 3294 1850 3295 1887 3295 1888 3295 1850 3296 1888 3296 1852 3296 1852 3297 1888 3297 1889 3297 1852 3298 1889 3298 1870 3298 1826 3299 1890 3299 1824 3299 1824 3300 1890 3300 1869 3300 1817 3301 1819 3301 1891 3301 1804 3302 1892 3302 1806 3302 1806 3303 1892 3303 1893 3303 1806 3304 1893 3304 1819 3304 1819 3305 1893 3305 1894 3305 1819 3306 1894 3306 1891 3306 1817 3307 1891 3307 1815 3307 1815 3308 1891 3308 1895 3308 1815 3309 1895 3309 1896 3309 1836 3310 1897 3310 1833 3310 1833 3311 1897 3311 1898 3311 1833 3312 1898 3312 1831 3312 1831 3313 1898 3313 1899 3313 1831 3314 1899 3314 1829 3314 1829 3315 1899 3315 1900 3315 1829 3316 1900 3316 1827 3316 1827 3317 1900 3317 1901 3317 1827 3318 1901 3318 1804 3318 1804 3319 1901 3319 1902 3319 1804 3320 1902 3320 1892 3320 1890 3321 1826 3321 1903 3321 1903 3322 1826 3322 1825 3322 1903 3323 1825 3323 1904 3323 1904 3324 1825 3324 1823 3324 1904 3325 1823 3325 1905 3325 1905 3326 1823 3326 1822 3326 1905 3327 1822 3327 1906 3327 1906 3328 1822 3328 1809 3328 1906 3329 1809 3329 1907 3329 1907 3330 1809 3330 1811 3330 1907 3331 1811 3331 1896 3331 1896 3332 1811 3332 1813 3332 1896 3333 1813 3333 1815 3333 1856 3334 1857 3334 1854 3334 1854 3335 1857 3335 1908 3335 1854 3336 1908 3336 1853 3336 1853 3337 1908 3337 1909 3337 1853 3338 1909 3338 1851 3338 1851 3339 1909 3339 1910 3339 1851 3340 1910 3340 1849 3340 1849 3341 1910 3341 1911 3341 1849 3342 1911 3342 1847 3342 1847 3343 1911 3343 1912 3343 1847 3344 1912 3344 1845 3344 1845 3345 1912 3345 1913 3345 1845 3346 1913 3346 1843 3346 1843 3347 1913 3347 1914 3347 1843 3348 1914 3348 1841 3348 1841 3349 1914 3349 1915 3349 1841 3350 1915 3350 1838 3350 1838 3351 1915 3351 1916 3351 1838 3352 1916 3352 1836 3352 1836 3353 1916 3353 1917 3353 1836 3354 1917 3354 1897 3354 1918 3355 1902 3355 1919 3355 1919 3356 1902 3356 1901 3356 1919 3357 1901 3357 1920 3357 1920 3358 1901 3358 1900 3358 1920 3359 1900 3359 1921 3359 1921 3360 1900 3360 1899 3360 1921 3361 1899 3361 1922 3361 1922 3362 1899 3362 1898 3362 1794 3363 1796 3363 1923 3363 1777 3364 1924 3364 1800 3364 1800 3365 1924 3365 1925 3365 1800 3366 1925 3366 1798 3366 1798 3367 1925 3367 1796 3367 1796 3368 1925 3368 1926 3368 1796 3369 1926 3369 1923 3369 1794 3370 1923 3370 1792 3370 1792 3371 1923 3371 1927 3371 1792 3372 1927 3372 1928 3372 1746 3373 1929 3373 1748 3373 1748 3374 1929 3374 1930 3374 1748 3375 1930 3375 1750 3375 1750 3376 1930 3376 1931 3376 1750 3377 1931 3377 1752 3377 1752 3378 1931 3378 1932 3378 1752 3379 1932 3379 1754 3379 1754 3380 1932 3380 1933 3380 1754 3381 1933 3381 1756 3381 1756 3382 1933 3382 1934 3382 1756 3383 1934 3383 1758 3383 1758 3384 1934 3384 1935 3384 1758 3385 1935 3385 1760 3385 1760 3386 1935 3386 1936 3386 1760 3387 1936 3387 1762 3387 1762 3388 1936 3388 1937 3388 1762 3389 1937 3389 1764 3389 1764 3390 1937 3390 1938 3390 1764 3391 1938 3391 1769 3391 1769 3392 1938 3392 1939 3392 1769 3393 1939 3393 1768 3393 1768 3394 1939 3394 1940 3394 1768 3395 1940 3395 1766 3395 1766 3396 1940 3396 1918 3396 1766 3397 1918 3397 1771 3397 1771 3398 1918 3398 1919 3398 1771 3399 1919 3399 1773 3399 1773 3400 1919 3400 1920 3400 1773 3401 1920 3401 1775 3401 1775 3402 1920 3402 1921 3402 1775 3403 1921 3403 1777 3403 1777 3404 1921 3404 1922 3404 1777 3405 1922 3405 1924 3405 1802 3406 1778 3406 1941 3406 1941 3407 1778 3407 1780 3407 1941 3408 1780 3408 1942 3408 1942 3409 1780 3409 1782 3409 1942 3410 1782 3410 1943 3410 1943 3411 1782 3411 1784 3411 1943 3412 1784 3412 1944 3412 1944 3413 1784 3413 1786 3413 1944 3414 1786 3414 1945 3414 1945 3415 1786 3415 1788 3415 1945 3416 1788 3416 1928 3416 1928 3417 1788 3417 1790 3417 1928 3418 1790 3418 1792 3418 1746 3299 1745 3299 1929 3299 1929 3419 1745 3419 1946 3419 1761 3420 1763 3420 1947 3420 1767 3421 1948 3421 1765 3421 1765 3422 1948 3422 1949 3422 1765 3423 1949 3423 1763 3423 1763 3424 1949 3424 1950 3424 1763 3425 1950 3425 1947 3425 1761 3426 1947 3426 1759 3426 1759 3427 1947 3427 1951 3427 1759 3428 1951 3428 1952 3428 1799 3429 1953 3429 1776 3429 1776 3430 1953 3430 1954 3430 1776 3431 1954 3431 1774 3431 1774 3432 1954 3432 1955 3432 1774 3433 1955 3433 1772 3433 1772 3434 1955 3434 1956 3434 1772 3435 1956 3435 1770 3435 1770 3436 1956 3436 1957 3436 1770 3437 1957 3437 1767 3437 1767 3438 1957 3438 1958 3438 1767 3439 1958 3439 1948 3439 1946 3440 1745 3440 1959 3440 1959 3441 1745 3441 1747 3441 1959 3442 1747 3442 1960 3442 1960 3443 1747 3443 1749 3443 1960 3444 1749 3444 1961 3444 1961 3445 1749 3445 1751 3445 1961 3446 1751 3446 1962 3446 1962 3447 1751 3447 1753 3447 1962 3448 1753 3448 1963 3448 1963 3449 1753 3449 1755 3449 1963 3450 1755 3450 1952 3450 1952 3451 1755 3451 1757 3451 1952 3452 1757 3452 1759 3452 1779 3453 1801 3453 1781 3453 1781 3454 1801 3454 1964 3454 1781 3455 1964 3455 1783 3455 1783 3456 1964 3456 1965 3456 1783 3457 1965 3457 1785 3457 1785 3458 1965 3458 1966 3458 1785 3459 1966 3459 1787 3459 1787 3460 1966 3460 1967 3460 1787 3461 1967 3461 1789 3461 1789 3462 1967 3462 1968 3462 1789 3463 1968 3463 1791 3463 1791 3464 1968 3464 1969 3464 1791 3465 1969 3465 1793 3465 1793 3466 1969 3466 1970 3466 1793 3467 1970 3467 1795 3467 1795 3468 1970 3468 1971 3468 1795 3469 1971 3469 1797 3469 1797 3470 1971 3470 1972 3470 1797 3471 1972 3471 1799 3471 1799 3472 1972 3472 1973 3472 1799 3473 1973 3473 1953 3473 1974 3474 1958 3474 1975 3474 1975 3475 1958 3475 1957 3475 1975 3476 1957 3476 1976 3476 1976 3477 1957 3477 1956 3477 1976 3478 1956 3478 1977 3478 1977 3479 1956 3479 1955 3479 1977 3480 1955 3480 1978 3480 1978 3481 1955 3481 1954 3481 1693 3482 1710 3482 1979 3482 1744 3483 1741 3483 1980 3483 1980 3484 1741 3484 1738 3484 1979 3485 1981 3485 1693 3485 1693 3486 1981 3486 1982 3486 1693 3487 1982 3487 1694 3487 1983 3488 1707 3488 1984 3488 1984 3489 1707 3489 1706 3489 1984 3490 1706 3490 1985 3490 1985 3491 1706 3491 1704 3491 1985 3492 1704 3492 1986 3492 1986 3493 1704 3493 1702 3493 1986 3494 1702 3494 1987 3494 1734 3495 1732 3495 1988 3495 1988 3496 1732 3496 1730 3496 1988 3497 1730 3497 1989 3497 1989 3498 1730 3498 1728 3498 1989 3499 1728 3499 1990 3499 1990 3500 1728 3500 1726 3500 1990 3501 1726 3501 1991 3501 1991 3502 1726 3502 1725 3502 1991 3503 1725 3503 1992 3503 1725 3504 1723 3504 1992 3504 1992 3505 1723 3505 1721 3505 1992 3506 1721 3506 1978 3506 1978 3507 1721 3507 1720 3507 1978 3508 1720 3508 1977 3508 1977 3509 1720 3509 1718 3509 1977 3510 1718 3510 1976 3510 1976 3511 1718 3511 1716 3511 1976 3512 1716 3512 1975 3512 1975 3513 1716 3513 1714 3513 1975 3514 1714 3514 1974 3514 1974 3515 1714 3515 1689 3515 1974 3516 1689 3516 1983 3516 1983 3517 1689 3517 1691 3517 1983 3518 1691 3518 1707 3518 1702 3519 1700 3519 1987 3519 1987 3520 1700 3520 1698 3520 1987 3521 1698 3521 1993 3521 1993 3522 1698 3522 1696 3522 1993 3523 1696 3523 1994 3523 1994 3524 1696 3524 1694 3524 1994 3525 1694 3525 1995 3525 1995 3526 1694 3526 1982 3526 1988 3527 1996 3527 1734 3527 1734 3528 1996 3528 1997 3528 1734 3529 1997 3529 1736 3529 1736 3530 1997 3530 1998 3530 1736 3531 1998 3531 1738 3531 1738 3532 1998 3532 1999 3532 1738 3533 1999 3533 1980 3533 1712 3534 2000 3534 1710 3534 1710 3535 2000 3535 1979 3535 1703 3536 1705 3536 2001 3536 1690 3537 2002 3537 1692 3537 1692 3538 2002 3538 2003 3538 1692 3539 2003 3539 1705 3539 1705 3540 2003 3540 2004 3540 1705 3541 2004 3541 2001 3541 1703 3542 2001 3542 1701 3542 1701 3543 2001 3543 2005 3543 1701 3544 2005 3544 2006 3544 1722 3545 2007 3545 1719 3545 1719 3546 2007 3546 2008 3546 1719 3547 2008 3547 1717 3547 1717 3548 2008 3548 2009 3548 1717 3549 2009 3549 1715 3549 1715 3550 2009 3550 2010 3550 1715 3551 2010 3551 1713 3551 1713 3552 2010 3552 2011 3552 1713 3553 2011 3553 1690 3553 1690 3554 2011 3554 2012 3554 1690 3555 2012 3555 2002 3555 2000 3556 1712 3556 2013 3556 2013 3557 1712 3557 1711 3557 2013 3558 1711 3558 2014 3558 2014 3559 1711 3559 1709 3559 2014 3560 1709 3560 2015 3560 2015 3561 1709 3561 1708 3561 2015 3562 1708 3562 2016 3562 2016 3563 1708 3563 1695 3563 2016 3564 1695 3564 2017 3564 2017 3565 1695 3565 1697 3565 2017 3566 1697 3566 2006 3566 2006 3567 1697 3567 1699 3567 2006 3568 1699 3568 1701 3568 1742 3569 1743 3569 1740 3569 1740 3570 1743 3570 2018 3570 1740 3571 2018 3571 1739 3571 1739 3572 2018 3572 2019 3572 1739 3573 2019 3573 1737 3573 1737 3574 2019 3574 2020 3574 1737 3575 2020 3575 1735 3575 1735 3576 2020 3576 2021 3576 1735 3577 2021 3577 1733 3577 1733 3578 2021 3578 2022 3578 1733 3579 2022 3579 1731 3579 1731 3580 2022 3580 2023 3580 1731 3581 2023 3581 1729 3581 1729 3582 2023 3582 2024 3582 1729 3583 2024 3583 1727 3583 1727 3584 2024 3584 2025 3584 1727 3469 2025 3469 1724 3469 1724 3585 2025 3585 2026 3585 1724 3586 2026 3586 1722 3586 1722 3587 2026 3587 2027 3587 1722 3588 2027 3588 2007 3588 2028 3589 2012 3589 2029 3589 2029 3590 2012 3590 2011 3590 2029 3591 2011 3591 2030 3591 2030 3592 2011 3592 2010 3592 2030 3593 2010 3593 2031 3593 2031 3594 2010 3594 2009 3594 2031 3595 2009 3595 2032 3595 2032 3596 2009 3596 2008 3596 1680 3597 1682 3597 2033 3597 1663 3598 2034 3598 1686 3598 1686 3599 2034 3599 2035 3599 1686 3600 2035 3600 1684 3600 1684 3601 2035 3601 1682 3601 1682 3602 2035 3602 2036 3602 1682 3603 2036 3603 2033 3603 1680 3604 2033 3604 1678 3604 1678 3605 2033 3605 2037 3605 1678 3606 2037 3606 2038 3606 1632 3607 2039 3607 1634 3607 1634 3608 2039 3608 2040 3608 1634 3609 2040 3609 1636 3609 1636 3610 2040 3610 2041 3610 1636 3611 2041 3611 1638 3611 1638 3612 2041 3612 2042 3612 1638 3613 2042 3613 1640 3613 1640 3614 2042 3614 2043 3614 1640 3615 2043 3615 1642 3615 1642 3616 2043 3616 2044 3616 1642 3617 2044 3617 1644 3617 1644 3618 2044 3618 2045 3618 1644 3619 2045 3619 1646 3619 1646 3620 2045 3620 2046 3620 1646 3621 2046 3621 1648 3621 1648 3622 2046 3622 2047 3622 1648 3623 2047 3623 1650 3623 1650 3624 2047 3624 2048 3624 1650 3625 2048 3625 1655 3625 1655 3626 2048 3626 2049 3626 1655 3627 2049 3627 1654 3627 1654 3628 2049 3628 2050 3628 1654 3629 2050 3629 1652 3629 1652 3630 2050 3630 2028 3630 1652 3631 2028 3631 1657 3631 1657 3632 2028 3632 2029 3632 1657 3633 2029 3633 1659 3633 1659 3634 2029 3634 2030 3634 1659 3635 2030 3635 1661 3635 1661 3636 2030 3636 2031 3636 1661 3637 2031 3637 1663 3637 1663 3638 2031 3638 2032 3638 1663 3639 2032 3639 2034 3639 1688 3640 1664 3640 2051 3640 2051 3641 1664 3641 1666 3641 2051 3642 1666 3642 2052 3642 2052 3643 1666 3643 1668 3643 2052 3644 1668 3644 2053 3644 2053 3645 1668 3645 1670 3645 2053 3646 1670 3646 2054 3646 2054 3647 1670 3647 1672 3647 2054 3648 1672 3648 2055 3648 2055 3649 1672 3649 1674 3649 2055 3650 1674 3650 2038 3650 2038 3651 1674 3651 1676 3651 2038 3652 1676 3652 1678 3652 1631 3653 2056 3653 1632 3653 1632 3654 2056 3654 2039 3654 1647 3655 1649 3655 2057 3655 1653 3656 2058 3656 1651 3656 1651 3657 2058 3657 2059 3657 1651 3658 2059 3658 1649 3658 1649 3659 2059 3659 2060 3659 1649 3660 2060 3660 2057 3660 1647 3661 2057 3661 1645 3661 1645 3662 2057 3662 2061 3662 1645 3663 2061 3663 2062 3663 1685 3664 2063 3664 1662 3664 1662 3665 2063 3665 2064 3665 1662 3666 2064 3666 1660 3666 1660 3667 2064 3667 2065 3667 1660 3668 2065 3668 1658 3668 1658 3669 2065 3669 2066 3669 1658 3670 2066 3670 1656 3670 1656 3671 2066 3671 2067 3671 1656 3672 2067 3672 1653 3672 1653 3673 2067 3673 2068 3673 1653 3674 2068 3674 2058 3674 2056 3675 1631 3675 2069 3675 2069 3676 1631 3676 1633 3676 2069 3677 1633 3677 2070 3677 2070 3678 1633 3678 1635 3678 2070 3679 1635 3679 2071 3679 2071 3680 1635 3680 1637 3680 2071 3681 1637 3681 2072 3681 2072 3682 1637 3682 1639 3682 2072 3683 1639 3683 2073 3683 2073 3684 1639 3684 1641 3684 2073 3685 1641 3685 2062 3685 2062 3686 1641 3686 1643 3686 2062 3687 1643 3687 1645 3687 1665 3688 1687 3688 1667 3688 1667 3689 1687 3689 2074 3689 1667 3690 2074 3690 1669 3690 1669 3691 2074 3691 2075 3691 1669 3692 2075 3692 1671 3692 1671 3693 2075 3693 2076 3693 1671 3694 2076 3694 1673 3694 1673 3695 2076 3695 2077 3695 1673 3696 2077 3696 1675 3696 1675 3697 2077 3697 2078 3697 1675 3698 2078 3698 1677 3698 1677 3699 2078 3699 2079 3699 1677 3700 2079 3700 1679 3700 1679 3701 2079 3701 2080 3701 1679 3702 2080 3702 1681 3702 1681 3703 2080 3703 2081 3703 1681 3704 2081 3704 1683 3704 1683 3705 2081 3705 2082 3705 1683 3706 2082 3706 1685 3706 1685 3707 2082 3707 2083 3707 1685 3708 2083 3708 2063 3708 2084 3709 2068 3709 2085 3709 2085 3710 2068 3710 2067 3710 2085 3711 2067 3711 2086 3711 2086 3712 2067 3712 2066 3712 2086 3713 2066 3713 2087 3713 2087 3714 2066 3714 2065 3714 2087 3715 2065 3715 2088 3715 2088 3716 2065 3716 2064 3716 1593 3717 1595 3717 2089 3717 1630 3718 1607 3718 2090 3718 2090 3719 1607 3719 1606 3719 2089 3720 2091 3720 1593 3720 1593 3721 2091 3721 2092 3721 1593 3722 2092 3722 1591 3722 2093 3723 1577 3723 2094 3723 2094 3724 1577 3724 1579 3724 2094 3725 1579 3725 2095 3725 2095 3726 1579 3726 1581 3726 2095 3727 1581 3727 2096 3727 2096 3728 1581 3728 1583 3728 2096 3729 1583 3729 2097 3729 1624 3730 1622 3730 2098 3730 2098 3731 1622 3731 1620 3731 2098 3732 1620 3732 2099 3732 2099 3733 1620 3733 1618 3733 2099 3734 1618 3734 2100 3734 2100 3735 1618 3735 1616 3735 2100 3736 1616 3736 2101 3736 2101 3737 1616 3737 1614 3737 2101 3738 1614 3738 2102 3738 1614 3739 1612 3739 2102 3739 2102 3740 1612 3740 1610 3740 2102 3741 1610 3741 2088 3741 2088 3742 1610 3742 1605 3742 2088 3743 1605 3743 2087 3743 2087 3744 1605 3744 1603 3744 2087 3745 1603 3745 2086 3745 2086 3746 1603 3746 1601 3746 2086 3747 1601 3747 2085 3747 2085 3748 1601 3748 1599 3748 2085 3749 1599 3749 2084 3749 2084 3750 1599 3750 1573 3750 2084 3751 1573 3751 2093 3751 2093 3752 1573 3752 1575 3752 2093 3753 1575 3753 1577 3753 1583 3754 1585 3754 2097 3754 2097 3755 1585 3755 1587 3755 2097 3756 1587 3756 2103 3756 2103 3757 1587 3757 1589 3757 2103 3758 1589 3758 2104 3758 2104 3759 1589 3759 1591 3759 2104 3760 1591 3760 2105 3760 2105 3761 1591 3761 2092 3761 2098 3762 2106 3762 1624 3762 1624 3763 2106 3763 2107 3763 1624 3764 2107 3764 1626 3764 1626 3765 2107 3765 2108 3765 1626 3766 2108 3766 1606 3766 1606 3767 2108 3767 2109 3767 1606 3768 2109 3768 2090 3768 1595 3769 1594 3769 2089 3769 2089 3770 1594 3770 2110 3770 2111 3771 1611 3771 2112 3771 2112 3772 1611 3772 1613 3772 2112 3773 1613 3773 2113 3773 2113 3774 1613 3774 1615 3774 2113 3775 1615 3775 2114 3775 2114 3776 1615 3776 1617 3776 2114 3777 1617 3777 2115 3777 1590 3778 1588 3778 2116 3778 2116 3779 1588 3779 1586 3779 2116 3780 1586 3780 2117 3780 2117 3781 1586 3781 1584 3781 2117 3782 1584 3782 2118 3782 2118 3783 1584 3783 1582 3783 2118 3784 1582 3784 2119 3784 2119 3785 1582 3785 1580 3785 2119 3786 1580 3786 2120 3786 1580 3787 1578 3787 2120 3787 2120 3788 1578 3788 1576 3788 2120 3789 1576 3789 2121 3789 2121 3790 1576 3790 1574 3790 2121 3791 1574 3791 2122 3791 2122 3792 1574 3792 1598 3792 2122 3793 1598 3793 2123 3793 2123 3794 1598 3794 1600 3794 2123 3795 1600 3795 2124 3795 2124 3796 1600 3796 1602 3796 2124 3797 1602 3797 2125 3797 2125 3798 1602 3798 1604 3798 2125 3799 1604 3799 2111 3799 2111 3800 1604 3800 1609 3800 2111 3801 1609 3801 1611 3801 1628 3802 1608 3802 1629 3802 2110 3803 1594 3803 2126 3803 2126 3804 1594 3804 1596 3804 2126 3805 1596 3805 2127 3805 2127 3806 1596 3806 1597 3806 2127 3807 1597 3807 2128 3807 2128 3808 1597 3808 1592 3808 2128 3809 1592 3809 2129 3809 2129 3810 1592 3810 1590 3810 2129 3811 1590 3811 2130 3811 2130 3812 1590 3812 2116 3812 1625 3813 1627 3813 2131 3813 2131 3814 1627 3814 1628 3814 2131 3815 1628 3815 2132 3815 2132 3816 1628 3816 1629 3816 1617 3817 1619 3817 2115 3817 2115 3818 1619 3818 1621 3818 2115 3819 1621 3819 2133 3819 2133 3820 1621 3820 1623 3820 2133 3821 1623 3821 2134 3821 2134 3822 1623 3822 1625 3822 2134 3823 1625 3823 2135 3823 2135 3824 1625 3824 2131 3824 2136 3825 2121 3825 2137 3825 2137 3826 2121 3826 2122 3826 2137 3827 2122 3827 2138 3827 2138 3828 2122 3828 2123 3828 2138 3829 2123 3829 2139 3829 2139 3830 2123 3830 2124 3830 2139 3831 2124 3831 2140 3831 2140 3832 2124 3832 2125 3832 1518 3833 1516 3833 2141 3833 1572 3834 1549 3834 2142 3834 2142 3835 1549 3835 1548 3835 2141 3836 2143 3836 1518 3836 1518 3837 2143 3837 2144 3837 1518 3838 2144 3838 1537 3838 2145 3839 1523 3839 2146 3839 2146 3840 1523 3840 1525 3840 2146 3841 1525 3841 2147 3841 2147 3842 1525 3842 1527 3842 2147 3843 1527 3843 2148 3843 2148 3844 1527 3844 1529 3844 2148 3845 1529 3845 2149 3845 1566 3846 1564 3846 2150 3846 2150 3847 1564 3847 1562 3847 2150 3848 1562 3848 2151 3848 2151 3849 1562 3849 1560 3849 2151 3850 1560 3850 2152 3850 2152 3851 1560 3851 1558 3851 2152 3852 1558 3852 2153 3852 2153 3853 1558 3853 1556 3853 2153 3854 1556 3854 2154 3854 2154 3855 1556 3855 1554 3855 2154 3856 1554 3856 2155 3856 2155 3857 1554 3857 1552 3857 2155 3858 1552 3858 2140 3858 2140 3859 1552 3859 1547 3859 2140 3860 1547 3860 2139 3860 2139 3861 1547 3861 1545 3861 2139 3862 1545 3862 2138 3862 2138 3863 1545 3863 1543 3863 2138 3864 1543 3864 2137 3864 2137 3865 1543 3865 1541 3865 2137 3866 1541 3866 2136 3866 2136 3867 1541 3867 1519 3867 2136 3868 1519 3868 2145 3868 2145 3869 1519 3869 1521 3869 2145 3870 1521 3870 1523 3870 1529 3871 1531 3871 2149 3871 2149 3872 1531 3872 1533 3872 2149 3873 1533 3873 2156 3873 2156 3874 1533 3874 1535 3874 2156 3875 1535 3875 2157 3875 2157 3876 1535 3876 1537 3876 2157 3877 1537 3877 2158 3877 2158 3878 1537 3878 2144 3878 2150 3879 2159 3879 1566 3879 1566 3880 2159 3880 2160 3880 1566 3881 2160 3881 1568 3881 1568 3882 2160 3882 2161 3882 1568 3883 2161 3883 1548 3883 1548 3884 2161 3884 2162 3884 1548 3885 2162 3885 2142 3885 1515 3886 2163 3886 1516 3886 1516 3887 2163 3887 2141 3887 2164 3888 1553 3888 2165 3888 2165 3889 1553 3889 1555 3889 2165 3890 1555 3890 2166 3890 2166 3891 1555 3891 1557 3891 2166 3892 1557 3892 2167 3892 2167 3893 1557 3893 1559 3893 2167 3894 1559 3894 2168 3894 1536 3895 1534 3895 2169 3895 2169 3896 1534 3896 1532 3896 2169 3897 1532 3897 2170 3897 2170 3898 1532 3898 1530 3898 2170 3899 1530 3899 2171 3899 2171 3900 1530 3900 1528 3900 2171 3901 1528 3901 2172 3901 2172 3902 1528 3902 1526 3902 2172 3903 1526 3903 2173 3903 1526 3904 1524 3904 2173 3904 2173 3905 1524 3905 1522 3905 2173 3906 1522 3906 2174 3906 2174 3907 1522 3907 1520 3907 2174 3908 1520 3908 2175 3908 2175 3909 1520 3909 1540 3909 2175 3910 1540 3910 2176 3910 2176 3911 1540 3911 1542 3911 2176 3912 1542 3912 2177 3912 2177 3913 1542 3913 1544 3913 2177 3914 1544 3914 2178 3914 2178 3915 1544 3915 1546 3915 2178 3916 1546 3916 2164 3916 2164 3917 1546 3917 1551 3917 2164 3918 1551 3918 1553 3918 1570 3919 1550 3919 1571 3919 2163 3920 1515 3920 2179 3920 2179 3921 1515 3921 1517 3921 2179 3922 1517 3922 2180 3922 2180 3923 1517 3923 1539 3923 2180 3924 1539 3924 2181 3924 2181 3925 1539 3925 1538 3925 2181 3926 1538 3926 2182 3926 2182 3927 1538 3927 1536 3927 2182 3928 1536 3928 2183 3928 2183 3812 1536 3812 2169 3812 1567 3929 1569 3929 2184 3929 2184 3930 1569 3930 1570 3930 2184 3931 1570 3931 2185 3931 2185 3932 1570 3932 1571 3932 1559 3933 1561 3933 2168 3933 2168 3934 1561 3934 1563 3934 2168 3935 1563 3935 2186 3935 2186 3936 1563 3936 1565 3936 2186 3937 1565 3937 2187 3937 2187 3938 1565 3938 1567 3938 2187 3939 1567 3939 2188 3939 2188 3940 1567 3940 2184 3940 2189 3941 2174 3941 2190 3941 2190 3942 2174 3942 2175 3942 2190 3943 2175 3943 2191 3943 2191 3944 2175 3944 2176 3944 2191 3945 2176 3945 2192 3945 2192 3946 2176 3946 2177 3946 2192 3947 2177 3947 2193 3947 2193 3948 2177 3948 2178 3948 1463 3949 1480 3949 2194 3949 1514 3950 1511 3950 2195 3950 2195 3951 1511 3951 1508 3951 2194 3952 2196 3952 1463 3952 1463 3953 2196 3953 2197 3953 1463 3954 2197 3954 1464 3954 2198 3955 1477 3955 2199 3955 2199 3956 1477 3956 1476 3956 2199 3957 1476 3957 2200 3957 2200 3958 1476 3958 1474 3958 2200 3959 1474 3959 2201 3959 2201 3960 1474 3960 1472 3960 2201 3961 1472 3961 2202 3961 1504 3962 1502 3962 2203 3962 2203 3963 1502 3963 1500 3963 2203 3964 1500 3964 2204 3964 2204 3965 1500 3965 1498 3965 2204 3966 1498 3966 2205 3966 2205 3967 1498 3967 1496 3967 2205 3968 1496 3968 2206 3968 2206 3969 1496 3969 1495 3969 2206 3970 1495 3970 2207 3970 2207 3971 1495 3971 1493 3971 2207 3972 1493 3972 2208 3972 2208 3973 1493 3973 1491 3973 2208 3974 1491 3974 2193 3974 2193 3975 1491 3975 1490 3975 2193 3976 1490 3976 2192 3976 2192 3977 1490 3977 1488 3977 2192 3978 1488 3978 2191 3978 2191 3979 1488 3979 1486 3979 2191 3980 1486 3980 2190 3980 2190 3981 1486 3981 1484 3981 2190 3982 1484 3982 2189 3982 2189 3983 1484 3983 1459 3983 2189 3984 1459 3984 2198 3984 2198 3985 1459 3985 1461 3985 2198 3986 1461 3986 1477 3986 1472 3987 1470 3987 2202 3987 2202 3988 1470 3988 1468 3988 2202 3989 1468 3989 2209 3989 2209 3990 1468 3990 1466 3990 2209 3991 1466 3991 2210 3991 2210 3992 1466 3992 1464 3992 2210 3993 1464 3993 2211 3993 2211 3994 1464 3994 2197 3994 2203 3995 2212 3995 1504 3995 1504 3996 2212 3996 2213 3996 1504 3997 2213 3997 1506 3997 1506 3882 2213 3882 2214 3882 1506 3998 2214 3998 1508 3998 1508 3999 2214 3999 2215 3999 1508 4000 2215 4000 2195 4000 1482 4001 2216 4001 1480 4001 1480 4002 2216 4002 2194 4002 1473 4003 1475 4003 2217 4003 1460 4004 2218 4004 1462 4004 1462 4005 2218 4005 2219 4005 1462 4006 2219 4006 1475 4006 1475 4007 2219 4007 2220 4007 1475 4008 2220 4008 2217 4008 1473 4009 2217 4009 1471 4009 1471 4010 2217 4010 2221 4010 1471 4011 2221 4011 2222 4011 1492 4012 2223 4012 1489 4012 1489 4013 2223 4013 2224 4013 1489 4014 2224 4014 1487 4014 1487 4015 2224 4015 2225 4015 1487 4016 2225 4016 1485 4016 1485 4017 2225 4017 2226 4017 1485 4018 2226 4018 1483 4018 1483 4019 2226 4019 2227 4019 1483 4020 2227 4020 1460 4020 1460 4021 2227 4021 2228 4021 1460 4022 2228 4022 2218 4022 2216 4023 1482 4023 2229 4023 2229 4024 1482 4024 1481 4024 2229 4025 1481 4025 2230 4025 2230 4026 1481 4026 1479 4026 2230 4027 1479 4027 2231 4027 2231 4028 1479 4028 1478 4028 2231 4029 1478 4029 2232 4029 2232 4030 1478 4030 1465 4030 2232 4031 1465 4031 2233 4031 2233 4032 1465 4032 1467 4032 2233 4033 1467 4033 2222 4033 2222 4034 1467 4034 1469 4034 2222 4035 1469 4035 1471 4035 1512 4036 1513 4036 1510 4036 1510 4037 1513 4037 2234 4037 1510 4038 2234 4038 1509 4038 1509 4039 2234 4039 2235 4039 1509 4040 2235 4040 1507 4040 1507 4041 2235 4041 2236 4041 1507 4042 2236 4042 1505 4042 1505 4043 2236 4043 2237 4043 1505 4044 2237 4044 1503 4044 1503 4045 2237 4045 2238 4045 1503 4046 2238 4046 1501 4046 1501 4047 2238 4047 2239 4047 1501 4048 2239 4048 1499 4048 1499 4049 2239 4049 2240 4049 1499 4050 2240 4050 1497 4050 1497 4051 2240 4051 2241 4051 1497 4052 2241 4052 1494 4052 1494 4053 2241 4053 2242 4053 1494 4054 2242 4054 1492 4054 1492 4055 2242 4055 2243 4055 1492 4056 2243 4056 2223 4056 2244 4057 2228 4057 2245 4057 2245 4058 2228 4058 2227 4058 2245 4059 2227 4059 2246 4059 2246 4060 2227 4060 2226 4060 2246 4061 2226 4061 2247 4061 2247 4062 2226 4062 2225 4062 2247 3947 2225 3947 2248 3947 2248 4063 2225 4063 2224 4063 1454 4064 1456 4064 2249 4064 1435 4065 2250 4065 1437 4065 1437 4066 2250 4066 2251 4066 1437 4067 2251 4067 1456 4067 1456 4068 2251 4068 2252 4068 1456 4069 2252 4069 2249 4069 1454 4070 2249 4070 1452 4070 1452 4071 2249 4071 2253 4071 1452 4072 2253 4072 2254 4072 1416 4073 2255 4073 1417 4073 1417 4074 2255 4074 2244 4074 1417 4075 2244 4075 1429 4075 1429 4076 2244 4076 2245 4076 1429 4077 2245 4077 1431 4077 1431 4078 2245 4078 2246 4078 1431 4079 2246 4079 1433 4079 1433 4080 2246 4080 2247 4080 1433 4081 2247 4081 1435 4081 1435 4082 2247 4082 2248 4082 1435 4083 2248 4083 2250 4083 1403 4084 1404 4084 1412 4084 1412 4085 1404 4085 2256 4085 1412 4086 2256 4086 1410 4086 1410 4087 2256 4087 2257 4087 1410 4088 2257 4088 1408 4088 1408 4089 2257 4089 2258 4089 1408 4090 2258 4090 1405 4090 1405 4091 2258 4091 2259 4091 1405 4092 2259 4092 1414 4092 1414 4093 2259 4093 2260 4093 1414 4094 2260 4094 1415 4094 1415 4095 2260 4095 2261 4095 1415 4096 2261 4096 1425 4096 1425 4097 2261 4097 2262 4097 1425 4098 2262 4098 1423 4098 1423 4099 2262 4099 2263 4099 1423 4100 2263 4100 1421 4100 1421 4101 2263 4101 2264 4101 1421 4102 2264 4102 1416 4102 1416 4103 2264 4103 2265 4103 1416 4104 2265 4104 2255 4104 2266 4105 1438 4105 2267 4105 2267 4106 1438 4106 1440 4106 2267 4107 1440 4107 2268 4107 2268 4108 1440 4108 1442 4108 2268 4109 1442 4109 2269 4109 2269 4110 1442 4110 1444 4110 2269 4111 1444 4111 2270 4111 2270 4112 1444 4112 1446 4112 2270 4113 1446 4113 2271 4113 2271 4114 1446 4114 1448 4114 2271 4115 1448 4115 2254 4115 2254 4116 1448 4116 1450 4116 2254 4117 1450 4117 1452 4117 2272 4118 1439 4118 2266 4118 2266 4119 1439 4119 1438 4119 2273 4120 2274 4120 2275 4120 2275 4121 2274 4121 2276 4121 2275 4122 2276 4122 2277 4122 2277 4123 2276 4123 2278 4123 2277 4124 2278 4124 2279 4124 2280 4125 2281 4125 2282 4125 2282 4126 2281 4126 2283 4126 2282 4127 2283 4127 2284 4127 2284 4128 2283 4128 2285 4128 2284 4129 2285 4129 2286 4129 2286 4130 2285 4130 2287 4130 2286 4131 2287 4131 2273 4131 2273 4132 2287 4132 2288 4132 2273 4133 2288 4133 2274 4133 2289 4134 2290 4134 2291 4134 2291 4135 2290 4135 2292 4135 2291 4136 2292 4136 2293 4136 2293 4137 2292 4137 2294 4137 2293 4138 2294 4138 2295 4138 2295 4139 2294 4139 2296 4139 2295 4140 2296 4140 2297 4140 2297 4141 2296 4141 2298 4141 2297 4142 2298 4142 2279 4142 2279 4143 2298 4143 2299 4143 2279 4144 2299 4144 2277 4144 2277 4145 2299 4145 2300 4145 2277 4146 2300 4146 2275 4146 2275 4147 2300 4147 2301 4147 2275 4148 2301 4148 2273 4148 2273 4149 2301 4149 2302 4149 2273 4150 2302 4150 2286 4150 2286 4151 2302 4151 2303 4151 2286 4152 2303 4152 2284 4152 2284 4153 2303 4153 2304 4153 2284 4154 2304 4154 2282 4154 2282 4155 2304 4155 2305 4155 2282 4156 2305 4156 2280 4156 2280 4157 2305 4157 2306 4157 2307 4158 2308 4158 2289 4158 2289 4159 2308 4159 2309 4159 2289 4160 2309 4160 2290 4160 2295 4161 2310 4161 2293 4161 2293 4162 2310 4162 2311 4162 2293 4163 2311 4163 2291 4163 2291 4164 2311 4164 2312 4164 2291 4165 2312 4165 2289 4165 2289 4166 2312 4166 2313 4166 2289 4167 2313 4167 2307 4167 2314 4168 2315 4168 2316 4168 2317 4169 2318 4169 2319 4169 2316 4170 2315 4170 2320 4170 2320 4171 2315 4171 2321 4171 2320 4172 2321 4172 2322 4172 2322 4173 2321 4173 2317 4173 2322 4174 2317 4174 2323 4174 2323 4175 2317 4175 2319 4175 2323 4176 2319 4176 2324 4176 2325 4177 2326 4177 2327 4177 2327 4178 2326 4178 2328 4178 2327 4179 2328 4179 2329 4179 2329 4180 2328 4180 2330 4180 2331 4181 2332 4181 2333 4181 2333 4182 2332 4182 2334 4182 2333 4183 2334 4183 2335 4183 2334 4184 2336 4184 2335 4184 2335 4185 2336 4185 2337 4185 2335 4186 2337 4186 2338 4186 2338 4187 2337 4187 2339 4187 2338 4188 2339 4188 2340 4188 2340 4189 2339 4189 2330 4189 2340 4190 2330 4190 2341 4190 2341 4191 2330 4191 2328 4191 2316 4192 2342 4192 2314 4192 2314 4193 2342 4193 2343 4193 2314 4194 2343 4194 2344 4194 2344 4195 2343 4195 2345 4195 2344 4196 2345 4196 2346 4196 2346 4197 2345 4197 2347 4197 2346 4198 2347 4198 2331 4198 2331 4199 2347 4199 2348 4199 2331 4200 2348 4200 2332 4200 2307 4201 2349 4201 2308 4201 2308 4202 2349 4202 2350 4202 2308 4203 2350 4203 2351 4203 2352 4204 2309 4204 2353 4204 2353 4205 2309 4205 2308 4205 2353 4206 2308 4206 2354 4206 2354 4207 2308 4207 2351 4207 2354 4208 2351 4208 2355 4208 2278 4209 2356 4209 2279 4209 2279 4210 2356 4210 2357 4210 2279 4211 2357 4211 2297 4211 2297 4212 2357 4212 2358 4212 2297 4213 2358 4213 2295 4213 2295 4214 2358 4214 2359 4214 2295 4215 2359 4215 2310 4215 2352 4216 2318 4216 2309 4216 2309 4217 2318 4217 2317 4217 2309 4218 2317 4218 2290 4218 2290 4219 2317 4219 2321 4219 2290 4220 2321 4220 2292 4220 2292 4221 2321 4221 2315 4221 2292 4222 2315 4222 2294 4222 2294 4223 2315 4223 2314 4223 2294 4224 2314 4224 2296 4224 2296 4225 2314 4225 2344 4225 2296 4226 2344 4226 2298 4226 2298 4227 2344 4227 2346 4227 2298 4228 2346 4228 2299 4228 2299 4229 2346 4229 2331 4229 2299 4230 2331 4230 2300 4230 2300 4231 2331 4231 2333 4231 2300 4232 2333 4232 2301 4232 2301 4233 2333 4233 2335 4233 2301 4234 2335 4234 2302 4234 2302 4235 2335 4235 2338 4235 2302 4236 2338 4236 2303 4236 2303 4237 2338 4237 2340 4237 2303 4238 2340 4238 2304 4238 2304 4239 2340 4239 2341 4239 2304 4240 2341 4240 2305 4240 2305 4241 2341 4241 2328 4241 2305 4242 2328 4242 2306 4242 2306 4243 2328 4243 2326 4243 2360 4244 2361 4244 2362 4244 2363 4245 2364 4245 2365 4245 2366 4246 2367 4246 2368 4246 2368 4247 2367 4247 2369 4247 2370 4248 2371 4248 2372 4248 2372 4249 2371 4249 2373 4249 2372 4250 2373 4250 2367 4250 2367 4251 2373 4251 2374 4251 2367 4252 2374 4252 2369 4252 2375 4253 2376 4253 2377 4253 2377 4254 2378 4254 2375 4254 2375 4255 2378 4255 2379 4255 2375 4256 2379 4256 2380 4256 2380 4257 2379 4257 2381 4257 2380 4258 2381 4258 2370 4258 2382 4259 2363 4259 2383 4259 2383 4260 2363 4260 2365 4260 2383 4261 2365 4261 2384 4261 2370 4262 2372 4262 2380 4262 2380 4263 2372 4263 2385 4263 2380 4264 2385 4264 2375 4264 2375 4265 2385 4265 2386 4265 2375 4266 2386 4266 2376 4266 2387 4267 2376 4267 2388 4267 2388 4268 2376 4268 2386 4268 2388 4269 2386 4269 2389 4269 2389 4270 2386 4270 2385 4270 2389 4271 2385 4271 2390 4271 2390 4272 2385 4272 2372 4272 2390 4273 2372 4273 2391 4273 2391 4274 2372 4274 2367 4274 2391 4275 2367 4275 2392 4275 2392 4276 2367 4276 2366 4276 2392 4277 2366 4277 2393 4277 2394 4278 2395 4278 2396 4278 2396 4279 2395 4279 2397 4279 2396 4280 2397 4280 2398 4280 2398 4281 2397 4281 2399 4281 2398 4282 2399 4282 2400 4282 2400 4283 2399 4283 2401 4283 2400 4284 2401 4284 2402 4284 2394 4285 2403 4285 2395 4285 2395 4286 2403 4286 2404 4286 2395 4287 2404 4287 2405 4287 2406 4288 2407 4288 2401 4288 2401 4289 2407 4289 2408 4289 2401 4290 2408 4290 2402 4290 2409 4291 2410 4291 2411 4291 2411 4292 2410 4292 2412 4292 2413 4293 2382 4293 2414 4293 2414 4294 2382 4294 2383 4294 2414 4295 2383 4295 2415 4295 2415 4296 2383 4296 2384 4296 2415 4297 2384 4297 2416 4297 2417 4298 2409 4298 2418 4298 2418 4299 2409 4299 2411 4299 2418 4300 2411 4300 2419 4300 2419 4301 2411 4301 2420 4301 2419 4302 2420 4302 2421 4302 2421 4303 2420 4303 2422 4303 2421 4304 2422 4304 2423 4304 2423 4305 2422 4305 2424 4305 2423 4306 2424 4306 2425 4306 2425 4307 2424 4307 2426 4307 2425 4308 2426 4308 2427 4308 2368 4309 2364 4309 2366 4309 2366 4310 2364 4310 2363 4310 2366 4311 2363 4311 2393 4311 2393 4312 2363 4312 2382 4312 2393 4313 2382 4313 2360 4313 2360 4314 2382 4314 2413 4314 2360 4315 2413 4315 2361 4315 2428 4316 2427 4316 2405 4316 2405 4317 2427 4317 2426 4317 2405 4318 2426 4318 2395 4318 2395 4319 2426 4319 2424 4319 2395 4320 2424 4320 2397 4320 2397 4321 2424 4321 2422 4321 2397 4322 2422 4322 2399 4322 2399 4323 2422 4323 2420 4323 2399 4324 2420 4324 2401 4324 2401 4325 2420 4325 2411 4325 2401 4326 2411 4326 2406 4326 2406 4327 2411 4327 2412 4327 2406 4328 2412 4328 2407 4328 2362 4329 2417 4329 2360 4329 2360 4330 2417 4330 2418 4330 2360 4331 2418 4331 2393 4331 2393 4332 2418 4332 2419 4332 2393 4333 2419 4333 2392 4333 2392 4334 2419 4334 2421 4334 2392 4335 2421 4335 2391 4335 2391 4336 2421 4336 2423 4336 2391 4337 2423 4337 2390 4337 2390 4338 2423 4338 2425 4338 2390 4339 2425 4339 2389 4339 2389 4340 2425 4340 2427 4340 2389 4341 2427 4341 2388 4341 2388 4342 2427 4342 2428 4342 2388 4343 2428 4343 2387 4343 2429 4344 2404 4344 2403 4344 2429 4345 2403 4345 2430 4345 2430 4346 2403 4346 2394 4346 2430 4347 2394 4347 2431 4347 2431 4348 2394 4348 2396 4348 2431 4349 2396 4349 2432 4349 2412 4350 2433 4350 2407 4350 2407 4351 2433 4351 2434 4351 2407 4352 2434 4352 2408 4352 2408 4353 2434 4353 2435 4353 2408 4354 2435 4354 2402 4354 2402 4355 2435 4355 2436 4355 2402 4356 2436 4356 2400 4356 2400 4357 2436 4357 2432 4357 2400 4358 2432 4358 2398 4358 2398 4359 2432 4359 2396 4359 2412 4360 2410 4360 2433 4360 2433 4361 2410 4361 2409 4361 2433 4362 2409 4362 2437 4362 2437 4363 2409 4363 2417 4363 2437 4364 2417 4364 2438 4364 2438 4365 2417 4365 2362 4365 2438 4366 2362 4366 2439 4366 2440 4367 2441 4367 2442 4367 2443 4368 2444 4368 2445 4368 2446 4369 2447 4369 2448 4369 2449 4370 2450 4370 2451 4370 2447 4371 2449 4371 2448 4371 2448 4372 2449 4372 2451 4372 2448 4373 2451 4373 2452 4373 2452 4374 2451 4374 2453 4374 2452 4375 2453 4375 2454 4375 2454 4376 2453 4376 2455 4376 2454 4377 2455 4377 2456 4377 2456 4378 2455 4378 2457 4378 2444 4379 2446 4379 2445 4379 2445 4380 2446 4380 2448 4380 2445 4381 2448 4381 2458 4381 2458 4382 2448 4382 2452 4382 2458 4383 2452 4383 2459 4383 2459 4384 2452 4384 2454 4384 2459 4385 2454 4385 2460 4385 2460 4386 2454 4386 2456 4386 2441 4387 2443 4387 2442 4387 2442 4388 2443 4388 2445 4388 2442 4389 2445 4389 2461 4389 2461 4390 2445 4390 2458 4390 2461 4391 2458 4391 2462 4391 2462 4392 2458 4392 2459 4392 2462 4393 2459 4393 2463 4393 2463 4394 2459 4394 2460 4394 2464 4395 2440 4395 2465 4395 2465 4396 2440 4396 2442 4396 2465 4397 2442 4397 2466 4397 2466 4398 2442 4398 2461 4398 2466 4399 2461 4399 2467 4399 2467 4400 2461 4400 2462 4400 2467 4401 2462 4401 2468 4401 2468 4402 2462 4402 2463 4402 2467 4403 2468 4403 2469 4403 2466 4404 2467 4404 2470 4404 2465 4405 2466 4405 2471 4405 2464 4406 2465 4406 2472 4406 2467 4407 2469 4407 2470 4407 2470 4408 2469 4408 2473 4408 2470 4409 2473 4409 2474 4409 2474 4410 2473 4410 2475 4410 2474 4411 2475 4411 2476 4411 2476 4412 2475 4412 2477 4412 2476 4413 2477 4413 2478 4413 2478 4414 2477 4414 2479 4414 2478 4415 2479 4415 2480 4415 2480 4416 2479 4416 2481 4416 2480 4417 2481 4417 2482 4417 2482 4418 2481 4418 2483 4418 2482 4419 2483 4419 2484 4419 2484 4420 2483 4420 2485 4420 2484 4421 2485 4421 2486 4421 2485 4422 2487 4422 2486 4422 2486 4423 2487 4423 2488 4423 2486 4424 2488 4424 2489 4424 2489 4425 2488 4425 2490 4425 2489 4426 2490 4426 2491 4426 2466 4427 2470 4427 2471 4427 2471 4428 2470 4428 2474 4428 2471 4429 2474 4429 2492 4429 2492 4430 2474 4430 2476 4430 2492 4431 2476 4431 2493 4431 2493 4432 2476 4432 2478 4432 2493 4433 2478 4433 2494 4433 2494 4434 2478 4434 2480 4434 2494 4435 2480 4435 2495 4435 2495 4436 2480 4436 2482 4436 2495 4437 2482 4437 2496 4437 2496 4438 2482 4438 2484 4438 2496 4439 2484 4439 2497 4439 2497 4440 2484 4440 2486 4440 2497 4441 2486 4441 2498 4441 2498 4442 2486 4442 2489 4442 2498 4443 2489 4443 2499 4443 2499 4444 2489 4444 2491 4444 2499 4445 2491 4445 2500 4445 2465 4446 2471 4446 2472 4446 2472 4447 2471 4447 2492 4447 2472 4448 2492 4448 2501 4448 2501 4449 2492 4449 2493 4449 2501 4450 2493 4450 2502 4450 2502 4451 2493 4451 2494 4451 2502 4452 2494 4452 2503 4452 2503 4453 2494 4453 2495 4453 2503 4454 2495 4454 2504 4454 2504 4455 2495 4455 2496 4455 2504 4456 2496 4456 2505 4456 2505 4457 2496 4457 2497 4457 2505 4458 2497 4458 2506 4458 2506 4459 2497 4459 2498 4459 2506 4460 2498 4460 2507 4460 2507 4461 2498 4461 2499 4461 2507 4462 2499 4462 2508 4462 2508 4463 2499 4463 2500 4463 2508 4464 2500 4464 2509 4464 2464 4465 2472 4465 2510 4465 2510 4466 2472 4466 2501 4466 2510 4467 2501 4467 2511 4467 2511 4468 2501 4468 2502 4468 2511 4469 2502 4469 2512 4469 2512 4470 2502 4470 2503 4470 2512 4471 2503 4471 2513 4471 2513 4472 2503 4472 2504 4472 2513 4473 2504 4473 2514 4473 2514 4474 2504 4474 2505 4474 2514 4475 2505 4475 2515 4475 2515 4476 2505 4476 2506 4476 2515 4477 2506 4477 2516 4477 2516 4478 2506 4478 2507 4478 2516 4479 2507 4479 2517 4479 2517 4480 2507 4480 2508 4480 2517 4481 2508 4481 2518 4481 2518 4482 2508 4482 2509 4482 2518 4483 2509 4483 2519 4483 2468 4485 2522 4485 2523 4485 2524 4486 2477 4486 2525 4486 2525 4487 2477 4487 2475 4487 2525 4488 2475 4488 2526 4488 2526 4489 2475 4489 2473 4489 2526 4490 2473 4490 2523 4490 2523 4491 2473 4491 2469 4491 2523 4492 2469 4492 2468 4492 2527 4493 2483 4493 2528 4493 2528 4494 2483 4494 2481 4494 2528 4495 2481 4495 2524 4495 2524 4496 2481 4496 2479 4496 2524 4497 2479 4497 2477 4497 2490 4498 2488 4498 2520 4498 2520 4499 2488 4499 2487 4499 2520 4500 2487 4500 2527 4500 2527 4501 2487 4501 2485 4501 2527 4502 2485 4502 2483 4502 2529 4503 2530 4503 2531 4503 2457 4504 2529 4504 2456 4504 2456 4505 2529 4505 2531 4505 2456 4506 2531 4506 2460 4506 2460 4507 2531 4507 2532 4507 2460 4508 2532 4508 2463 4508 2463 4509 2532 4509 2533 4509 2463 4510 2533 4510 2468 4510 2468 4511 2533 4511 2522 4511 2534 4512 2535 4512 2536 4512 2536 4513 2535 4513 2537 4513 2536 4514 2537 4514 2538 4514 2538 4515 2539 4515 2540 4515 2540 4516 2539 4516 2541 4516 2540 4517 2541 4517 2542 4517 2529 4518 2457 4518 2543 4518 2544 4519 2529 4519 2541 4519 2541 4520 2529 4520 2543 4520 2541 4521 2543 4521 2542 4521 2544 4522 2545 4522 2529 4522 2529 4523 2545 4523 2546 4523 2529 4524 2546 4524 2530 4524 2538 4525 2537 4525 2539 4525 2539 4526 2537 4526 2547 4526 2539 4527 2547 4527 2541 4527 2541 4528 2547 4528 2548 4528 2541 4529 2548 4529 2544 4529 2549 4530 2534 4530 2536 4530 2550 4531 2549 4531 2551 4531 2552 4532 2550 4532 2553 4532 2554 4533 2552 4533 2555 4533 2549 4534 2536 4534 2551 4534 2551 4535 2536 4535 2538 4535 2551 4536 2538 4536 2556 4536 2556 4537 2538 4537 2540 4537 2556 4538 2540 4538 2557 4538 2557 4539 2540 4539 2542 4539 2557 4540 2542 4540 2558 4540 2558 4541 2542 4541 2543 4541 2558 4542 2543 4542 2559 4542 2559 4543 2543 4543 2457 4543 2559 4544 2457 4544 2455 4544 2550 4545 2551 4545 2553 4545 2553 4546 2551 4546 2556 4546 2553 4547 2556 4547 2560 4547 2560 4548 2556 4548 2557 4548 2560 4549 2557 4549 2561 4549 2561 4550 2557 4550 2558 4550 2561 4551 2558 4551 2562 4551 2562 4552 2558 4552 2559 4552 2562 4553 2559 4553 2563 4553 2563 4554 2559 4554 2455 4554 2563 4555 2455 4555 2453 4555 2552 4556 2553 4556 2555 4556 2555 4557 2553 4557 2560 4557 2555 4558 2560 4558 2564 4558 2564 4559 2560 4559 2561 4559 2564 4560 2561 4560 2565 4560 2565 4561 2561 4561 2562 4561 2565 4562 2562 4562 2566 4562 2566 4563 2562 4563 2563 4563 2566 4564 2563 4564 2567 4564 2567 4565 2563 4565 2453 4565 2567 4566 2453 4566 2451 4566 2554 4567 2555 4567 2568 4567 2568 4568 2555 4568 2564 4568 2568 4569 2564 4569 2569 4569 2569 4570 2564 4570 2565 4570 2569 4571 2565 4571 2570 4571 2570 4572 2565 4572 2566 4572 2570 4573 2566 4573 2571 4573 2571 4574 2566 4574 2567 4574 2571 4575 2567 4575 2572 4575 2572 4576 2567 4576 2451 4576 2572 4577 2451 4577 2450 4577 2573 4578 2574 4578 2575 4578 2575 4579 2574 4579 2576 4579 2575 4580 2576 4580 2577 4580 2577 4581 2576 4581 2578 4581 2577 4582 2578 4582 2579 4582 2579 4583 2578 4583 2580 4583 2579 4584 2580 4584 2581 4584 2581 4585 2580 4585 2582 4585 2583 4586 2573 4586 2584 4586 2584 4587 2573 4587 2575 4587 2584 4588 2575 4588 2585 4588 2585 4589 2575 4589 2577 4589 2585 4590 2577 4590 2586 4590 2586 4591 2577 4591 2579 4591 2586 4592 2579 4592 2587 4592 2587 4593 2579 4593 2581 4593 2586 4594 2587 4594 2588 4594 2585 4595 2586 4595 2589 4595 2584 4596 2585 4596 2590 4596 2586 4597 2588 4597 2589 4597 2589 4598 2588 4598 2591 4598 2589 4599 2591 4599 2592 4599 2592 4600 2591 4600 2593 4600 2592 4601 2593 4601 2594 4601 2594 4602 2593 4602 2595 4602 2594 4603 2595 4603 2596 4603 2596 4604 2595 4604 2597 4604 2596 4605 2597 4605 2598 4605 2598 4606 2597 4606 2599 4606 2598 4607 2599 4607 2600 4607 2600 4608 2599 4608 2601 4608 2600 4609 2601 4609 2602 4609 2602 4610 2601 4610 2603 4610 2602 4611 2603 4611 2604 4611 2585 4612 2589 4612 2590 4612 2590 4613 2589 4613 2592 4613 2590 4614 2592 4614 2605 4614 2605 4615 2592 4615 2594 4615 2605 4616 2594 4616 2606 4616 2606 4617 2594 4617 2596 4617 2606 4618 2596 4618 2607 4618 2607 4619 2596 4619 2598 4619 2607 4620 2598 4620 2608 4620 2608 4621 2598 4621 2600 4621 2608 4622 2600 4622 2609 4622 2609 4623 2600 4623 2602 4623 2609 4624 2602 4624 2610 4624 2610 4625 2602 4625 2604 4625 2610 4626 2604 4626 2611 4626 2584 4627 2590 4627 2612 4627 2612 4628 2590 4628 2605 4628 2612 4629 2605 4629 2613 4629 2613 4630 2605 4630 2606 4630 2613 4631 2606 4631 2614 4631 2614 4632 2606 4632 2607 4632 2614 4633 2607 4633 2615 4633 2615 4634 2607 4634 2608 4634 2615 4635 2608 4635 2616 4635 2616 4636 2608 4636 2609 4636 2616 4637 2609 4637 2617 4637 2617 4638 2609 4638 2610 4638 2617 4639 2610 4639 2618 4639 2618 4640 2610 4640 2611 4640 2618 4641 2611 4641 2619 4641 2620 4642 2621 4642 2619 4642 2619 4643 2621 4643 2622 4643 2619 4644 2622 4644 2618 4644 2618 4645 2622 4645 2623 4645 2618 4646 2623 4646 2617 4646 2617 4647 2623 4647 2624 4647 2617 4648 2624 4648 2616 4648 2616 4649 2624 4649 2625 4649 2616 4650 2625 4650 2615 4650 2615 4651 2625 4651 2626 4651 2615 4652 2626 4652 2614 4652 2614 4653 2626 4653 2627 4653 2614 4654 2627 4654 2613 4654 2613 4655 2627 4655 2628 4655 2613 4656 2628 4656 2612 4656 2612 4657 2628 4657 2583 4657 2612 4658 2583 4658 2584 4658 2629 4659 2620 4659 2630 4659 2630 4660 2620 4660 2619 4660 2630 4661 2619 4661 2631 4661 2631 4662 2619 4662 2611 4662 2631 4663 2611 4663 2632 4663 2632 4664 2611 4664 2604 4664 2632 4665 2604 4665 2633 4665 2633 4666 2604 4666 2603 4666 2554 4667 2629 4667 2552 4667 2552 4668 2629 4668 2630 4668 2552 4669 2630 4669 2550 4669 2550 4670 2630 4670 2631 4670 2550 4671 2631 4671 2549 4671 2549 4672 2631 4672 2632 4672 2549 4673 2632 4673 2534 4673 2534 4674 2632 4674 2633 4674 2634 4675 2635 4675 2601 4675 2535 4676 2534 4676 2636 4676 2636 4677 2534 4677 2633 4677 2636 4678 2633 4678 2635 4678 2635 4679 2633 4679 2603 4679 2635 4680 2603 4680 2601 4680 2587 4681 2637 4681 2588 4681 2588 4682 2637 4682 2638 4682 2588 4683 2638 4683 2591 4683 2601 4684 2599 4684 2634 4684 2634 4685 2599 4685 2597 4685 2634 4686 2597 4686 2639 4686 2639 4687 2597 4687 2595 4687 2639 4688 2595 4688 2638 4688 2638 4689 2595 4689 2593 4689 2638 4690 2593 4690 2591 4690 2640 4691 2641 4691 2642 4691 2643 4692 2644 4692 2645 4692 2642 4693 2646 4693 2640 4693 2640 4694 2646 4694 2647 4694 2640 4695 2647 4695 2648 4695 2648 4696 2647 4696 2649 4696 2648 4697 2649 4697 2650 4697 2650 4698 2649 4698 2651 4698 2650 4699 2651 4699 2652 4699 2652 4700 2651 4700 2653 4700 2652 4701 2653 4701 2644 4701 2644 4702 2653 4702 2654 4702 2644 4703 2654 4703 2645 4703 2655 4704 2656 4704 2657 4704 2657 4705 2656 4705 2658 4705 2657 4706 2658 4706 2659 4706 2659 4707 2658 4707 2643 4707 2659 4708 2643 4708 2660 4708 2660 4709 2643 4709 2645 4709 2642 4710 2641 4710 2661 4710 2661 4711 2641 4711 2662 4711 2661 4712 2662 4712 2663 4712 2663 4713 2662 4713 2664 4713 2663 4714 2664 4714 2665 4714 2665 4715 2664 4715 2666 4715 2666 4716 2667 4716 2665 4716 2665 4717 2667 4717 2668 4717 2665 4718 2668 4718 2669 4718 2670 4719 2671 4719 2672 4719 2672 4720 2671 4720 2673 4720 2672 4721 2673 4721 2674 4721 2675 4722 2676 4722 2677 4722 2677 4723 2676 4723 2678 4723 2677 4724 2678 4724 2674 4724 2674 4725 2678 4725 2679 4725 2674 4726 2679 4726 2672 4726 2675 4727 2668 4727 2680 4727 2680 4728 2668 4728 2667 4728 2675 4729 2677 4729 2668 4729 2668 4730 2677 4730 2681 4730 2668 4731 2681 4731 2669 4731 2673 4732 2682 4732 2674 4732 2674 4733 2682 4733 2683 4733 2674 4734 2683 4734 2677 4734 2677 4735 2683 4735 2684 4735 2677 4736 2684 4736 2681 4736 2685 4737 2686 4737 2687 4737 2687 4738 2686 4738 2688 4738 2685 4739 2687 4739 2689 4739 2689 4740 2687 4740 2690 4740 2689 4741 2690 4741 2691 4741 2686 4742 2692 4742 2688 4742 2688 4743 2692 4743 2693 4743 2688 4744 2693 4744 2694 4744 2694 4745 2693 4745 2695 4745 2694 4746 2695 4746 2696 4746 2671 4747 2670 4747 2697 4747 2697 4748 2670 4748 2698 4748 2697 4749 2698 4749 2699 4749 2699 4750 2698 4750 2696 4750 2699 4751 2696 4751 2700 4751 2700 4752 2696 4752 2695 4752 2691 4753 2690 4753 2701 4753 2701 4754 2690 4754 1383 4754 2582 4755 855 4755 2581 4755 2581 4756 855 4756 2637 4756 2581 4757 2637 4757 2587 4757 2582 4758 2702 4758 855 4758 855 4759 2702 4759 2703 4759 855 4760 2703 4760 2704 4760 2703 4761 2705 4761 2704 4761 2704 4762 2705 4762 2706 4762 2704 4763 2706 4763 2707 4763 2707 4764 2706 4764 2708 4764 2707 4765 2708 4765 2709 4765 2709 4766 2708 4766 2710 4766 2709 4767 2710 4767 1383 4767 1383 4768 2710 4768 2711 4768 1383 4769 2711 4769 2701 4769 2725 4822 2332 4822 2348 4822 2725 4823 2348 4823 2726 4823 2726 4824 2348 4824 2347 4824 2726 4825 2347 4825 2345 4825 2332 4826 2725 4826 2334 4826 2334 4827 2725 4827 2727 4827 2334 4828 2727 4828 2336 4828 2336 4829 2727 4829 2337 4829 2337 4830 2727 4830 2728 4830 2337 4831 2728 4831 2339 4831 2339 4832 2728 4832 2330 4832 2330 4833 2728 4833 2729 4833 2330 4834 2729 4834 2329 4834 2329 4835 2729 4835 2730 4835 2329 4836 2730 4836 2327 4836 2327 4837 2730 4837 854 4837 2327 4838 854 4838 2325 4838 2325 4839 854 4839 2731 4839 2731 4840 854 4840 2732 4840 2731 4841 2732 4841 2733 4841 2733 4842 2732 4842 2734 4842 2733 4843 2734 4843 2735 4843 2735 4844 2734 4844 2736 4844 2735 4845 2736 4845 2737 4845 2737 4846 2736 4846 1294 4846 2737 4847 1294 4847 2738 4847 2738 4848 1294 4848 2713 4848 2738 4849 2713 4849 2739 4849 2739 4850 2713 4850 2740 4850 2740 4851 2713 4851 2712 4851 2740 4852 2712 4852 2741 4852 2741 4853 2712 4853 2715 4853 2741 4854 2715 4854 2742 4854 2742 4855 2715 4855 2716 4855 2742 4856 2716 4856 2743 4856 2743 4857 2716 4857 2744 4857 2744 4858 2716 4858 2717 4858 2744 4859 2717 4859 2745 4859 2746 4860 2747 4860 2718 4860 2718 4861 2747 4861 2748 4861 2718 4862 2748 4862 2717 4862 2717 4863 2748 4863 2749 4863 2717 4864 2749 4864 2745 4864 2324 4865 2750 4865 2323 4865 2323 4866 2750 4866 2751 4866 2345 4867 2343 4867 2726 4867 2726 4868 2343 4868 2342 4868 2726 4869 2342 4869 2752 4869 2752 4870 2342 4870 2316 4870 2752 4871 2316 4871 2753 4871 2753 4872 2316 4872 2320 4872 2753 4873 2320 4873 2751 4873 2751 4874 2320 4874 2322 4874 2751 4875 2322 4875 2323 4875 2746 4876 2718 4876 2754 4876 2754 4877 2718 4877 2719 4877 2754 4878 2719 4878 2755 4878 2755 4879 2719 4879 2720 4879 2755 4880 2720 4880 2756 4880 2756 4881 2720 4881 2721 4881 2756 4882 2721 4882 2757 4882 2757 4883 2721 4883 2439 4883 2757 4884 2439 4884 2362 4884 2760 4937 2759 4937 2772 4937 2750 4938 2324 4938 2761 4938 2761 4939 2324 4939 2773 4939 2761 4940 2773 4940 2762 4940 2762 4941 2773 4941 2774 4941 2762 4942 2774 4942 2759 4942 2759 4943 2774 4943 2775 4943 2759 4944 2775 4944 2772 4944 2772 4945 2776 4945 2760 4945 2760 4946 2776 4946 2777 4946 2760 4947 2777 4947 2764 4947 2764 4948 2777 4948 2778 4948 2764 4949 2778 4949 2765 4949 2765 4950 2778 4950 2779 4950 2765 4951 2779 4951 2766 4951 2766 4952 2779 4952 2780 4952 2766 4953 2780 4953 2767 4953 2767 4954 2780 4954 2781 4954 2767 4955 2781 4955 2768 4955 2782 4956 2769 4956 2783 4956 2783 4957 2769 4957 2768 4957 2783 4958 2768 4958 2784 4958 2784 4959 2768 4959 2781 4959 2318 4960 2352 4960 2785 4960 2786 4961 2787 4961 2788 4961 2789 4962 2790 4962 2786 4962 2790 4963 2789 4963 2791 4963 2791 4964 2789 4964 2792 4964 2791 4965 2792 4965 2793 4965 2793 4966 2792 4966 2794 4966 2794 4967 2792 4967 2795 4967 2794 4968 2795 4968 2796 4968 2796 4969 2795 4969 2797 4969 2797 4970 2795 4970 2798 4970 2797 4971 2798 4971 2799 4971 2799 4972 2798 4972 2800 4972 2799 4973 2800 4973 2801 4973 2801 4974 2800 4974 2802 4974 2801 4975 2802 4975 2803 4975 2355 4976 2804 4976 2354 4976 2354 4977 2804 4977 2805 4977 2354 4978 2805 4978 2353 4978 2352 4979 2353 4979 2785 4979 2785 4980 2353 4980 2805 4980 2785 4981 2805 4981 2806 4981 2788 4982 2807 4982 2808 4982 2808 4983 2807 4983 2809 4983 2808 4984 2809 4984 2810 4984 2810 4985 2809 4985 2811 4985 2810 4986 2811 4986 2812 4986 2786 4987 2788 4987 2789 4987 2789 4988 2788 4988 2808 4988 2789 4989 2808 4989 2792 4989 2792 4990 2808 4990 2810 4990 2792 4991 2810 4991 2795 4991 2795 4992 2810 4992 2812 4992 2795 4993 2812 4993 2798 4993 2798 4994 2812 4994 2813 4994 2798 4995 2813 4995 2800 4995 2800 4996 2813 4996 2814 4996 2800 4997 2814 4997 2802 4997 2780 4998 2815 4998 2781 4998 2781 4999 2815 4999 2816 4999 2781 5000 2816 5000 2784 5000 2784 5001 2816 5001 2817 5001 2818 5002 2782 5002 2817 5002 2817 5003 2782 5003 2783 5003 2817 5004 2783 5004 2784 5004 2780 5005 2779 5005 2815 5005 2815 5006 2779 5006 2778 5006 2815 5007 2778 5007 2819 5007 2819 5008 2778 5008 2777 5008 2819 5009 2777 5009 2820 5009 2820 5010 2777 5010 2776 5010 2820 5011 2776 5011 2772 5011 2821 5012 2775 5012 2822 5012 2822 5013 2775 5013 2774 5013 2822 5014 2774 5014 2823 5014 2823 5015 2774 5015 2773 5015 2823 5016 2773 5016 2319 5016 2319 5017 2773 5017 2324 5017 2822 5018 2824 5018 2821 5018 2821 5019 2824 5019 2825 5019 2821 5020 2825 5020 2826 5020 2826 5021 2825 5021 2827 5021 2826 5022 2827 5022 2828 5022 2828 5023 2827 5023 2829 5023 2828 5024 2829 5024 2830 5024 2830 5025 2829 5025 2831 5025 2830 5026 2831 5026 2832 5026 2832 5027 2831 5027 2833 5027 2832 5028 2833 5028 2818 5028 2319 5029 2318 5029 2823 5029 2823 5030 2318 5030 2785 5030 2823 5031 2785 5031 2822 5031 2822 5032 2785 5032 2806 5032 2822 5033 2806 5033 2824 5033 2818 5034 2817 5034 2832 5034 2832 5035 2817 5035 2816 5035 2832 5036 2816 5036 2830 5036 2830 5037 2816 5037 2815 5037 2830 5038 2815 5038 2828 5038 2828 5039 2815 5039 2819 5039 2828 5040 2819 5040 2826 5040 2826 5041 2819 5041 2820 5041 2826 5042 2820 5042 2821 5042 2821 5043 2820 5043 2772 5043 2821 5044 2772 5044 2775 5044 2804 5045 2803 5045 2805 5045 2805 5046 2803 5046 2802 5046 2805 5047 2802 5047 2806 5047 2806 5048 2802 5048 2814 5048 2806 5049 2814 5049 2824 5049 2824 5050 2814 5050 2813 5050 2824 5051 2813 5051 2825 5051 2825 5052 2813 5052 2812 5052 2825 5053 2812 5053 2827 5053 2827 5054 2812 5054 2811 5054 2827 5055 2811 5055 2829 5055 2829 5056 2811 5056 2809 5056 2829 5057 2809 5057 2831 5057 2831 5058 2809 5058 2807 5058 2831 5059 2807 5059 2833 5059 2490 5060 2782 5060 2818 5060 2490 5061 2818 5061 2491 5061 2491 5062 2818 5062 2833 5062 2491 5063 2833 5063 2500 5063 2833 5064 2807 5064 2500 5064 2500 5065 2807 5065 2788 5065 2500 5066 2788 5066 2509 5066 2509 5067 2788 5067 2787 5067 2509 5068 2787 5068 2519 5068 2515 5069 2516 5069 2834 5069 2834 5070 2516 5070 2517 5070 2834 5071 2517 5071 2518 5071 2834 5072 2511 5072 2512 5072 2512 5073 2513 5073 2834 5073 2834 5074 2513 5074 2514 5074 2834 5075 2514 5075 2515 5075 2511 5076 2834 5076 2510 5076 2510 5077 2834 5077 2835 5077 2510 5078 2835 5078 2464 5078 2797 5079 2799 5079 2835 5079 2835 5080 2799 5080 2801 5080 2440 5081 2464 5081 2804 5081 2804 5082 2464 5082 2835 5082 2804 5083 2835 5083 2803 5083 2803 5084 2835 5084 2801 5084 2791 5085 2793 5085 2835 5085 2791 5086 2835 5086 2790 5086 2518 5087 2519 5087 2834 5087 2834 5088 2519 5088 2787 5088 2834 5089 2787 5089 2835 5089 2835 5090 2787 5090 2786 5090 2835 5091 2786 5091 2790 5091 2793 5092 2794 5092 2835 5092 2835 5093 2794 5093 2796 5093 2835 5094 2796 5094 2797 5094 2355 5095 2272 5095 2804 5095 2804 5096 2272 5096 2266 5096 1514 5097 2195 5097 2185 5097 1630 5098 2090 5098 2074 5098 2804 5099 1571 5099 1572 5099 1687 5100 1688 5100 2804 5100 1802 5101 1941 5101 1908 5101 1743 5102 1744 5102 2440 5102 1857 5103 1858 5103 2440 5103 2440 5104 1858 5104 1870 5104 2440 5105 1870 5105 2441 5105 2441 5106 1870 5106 1889 5106 2441 5107 1889 5107 2443 5107 2443 5108 1889 5108 1888 5108 2443 5109 1888 5109 2444 5109 2444 5110 1888 5110 1887 5110 2444 5111 1887 5111 2446 5111 2446 5112 1887 5112 1886 5112 2446 5113 1886 5113 2447 5113 2447 5114 1886 5114 1878 5114 2447 5115 1878 5115 2449 5115 2571 5116 2572 5116 1878 5116 1878 5117 2572 5117 2450 5117 1878 5118 2450 5118 2449 5118 2568 5119 2569 5119 1878 5119 1878 5120 2569 5120 2570 5120 1878 5121 2570 5121 2571 5121 2623 5122 2622 5122 1880 5122 2623 5123 1880 5123 2624 5123 2624 5124 1880 5124 1881 5124 2624 5125 1881 5125 2625 5125 2625 5126 1881 5126 1882 5126 2625 5127 1882 5127 2626 5127 2622 5128 2621 5128 1880 5128 1880 5129 2621 5129 2620 5129 1880 5130 2620 5130 1879 5130 1879 5131 2620 5131 2629 5131 1879 5132 2629 5132 1878 5132 1878 5133 2629 5133 2554 5133 1878 5134 2554 5134 2568 5134 2574 5135 2573 5135 1868 5135 1868 5136 2573 5136 2583 5136 1868 5137 2583 5137 1867 5137 1867 5138 2583 5138 2628 5138 1867 5139 2628 5139 1882 5139 1882 5140 2628 5140 2627 5140 1882 5141 2627 5141 2626 5141 1908 5142 1941 5142 1909 5142 1909 5143 1941 5143 1942 5143 1909 5144 1942 5144 1910 5144 1910 5145 1942 5145 1943 5145 1910 5146 1943 5146 1911 5146 1911 5147 1943 5147 1944 5147 1911 5148 1944 5148 1912 5148 1912 5149 1944 5149 1945 5149 1912 5150 1945 5150 1913 5150 1913 5151 1945 5151 1928 5151 1913 5152 1928 5152 1914 5152 1914 5153 1928 5153 1927 5153 1914 5154 1927 5154 1915 5154 1915 5155 1927 5155 1923 5155 1915 5156 1923 5156 1916 5156 1916 5157 1923 5157 1926 5157 1916 5158 1926 5158 1917 5158 1926 5159 1925 5159 1917 5159 1917 5160 1925 5160 1924 5160 1917 5161 1924 5161 1897 5161 1897 5162 1924 5162 1922 5162 1897 5163 1922 5163 1898 5163 1908 5164 1857 5164 1802 5164 1802 5165 1857 5165 2440 5165 1802 5166 2440 5166 1801 5166 1801 5167 2440 5167 1744 5167 1801 5168 1744 5168 1964 5168 1964 5169 1744 5169 1980 5169 1964 5170 1980 5170 1965 5170 1965 5171 1980 5171 1999 5171 1965 5172 1999 5172 1966 5172 1966 5173 1999 5173 1998 5173 1966 5174 1998 5174 1967 5174 1967 5175 1998 5175 1997 5175 1967 5176 1997 5176 1968 5176 1968 5177 1997 5177 1996 5177 1968 5178 1996 5178 1969 5178 1996 5179 1988 5179 1969 5179 1969 5180 1988 5180 1989 5180 1969 5181 1989 5181 1970 5181 1970 5182 1989 5182 1990 5182 1970 5183 1990 5183 1971 5183 1971 5184 1990 5184 1991 5184 1971 5185 1991 5185 1972 5185 1972 5186 1991 5186 1992 5186 1972 5187 1992 5187 1973 5187 1973 5188 1992 5188 1953 5188 1953 5189 1992 5189 1978 5189 1953 5190 1978 5190 1954 5190 2440 5191 2804 5191 1743 5191 1743 5192 2804 5192 1688 5192 1743 5193 1688 5193 2018 5193 2018 5194 1688 5194 2051 5194 2018 5195 2051 5195 2019 5195 2019 5196 2051 5196 2052 5196 2019 5197 2052 5197 2020 5197 2020 5144 2052 5144 2053 5144 2020 5198 2053 5198 2021 5198 2021 5199 2053 5199 2054 5199 2021 5200 2054 5200 2022 5200 2022 5201 2054 5201 2055 5201 2022 5202 2055 5202 2023 5202 2023 5203 2055 5203 2038 5203 2023 5204 2038 5204 2024 5204 2024 5205 2038 5205 2037 5205 2024 5206 2037 5206 2025 5206 2025 5207 2037 5207 2033 5207 2025 5208 2033 5208 2026 5208 2026 5209 2033 5209 2036 5209 2026 5210 2036 5210 2027 5210 2036 5211 2035 5211 2027 5211 2027 5212 2035 5212 2034 5212 2027 5213 2034 5213 2007 5213 2007 5214 2034 5214 2032 5214 2007 5215 2032 5215 2008 5215 2074 5216 2090 5216 2075 5216 2075 5217 2090 5217 2109 5217 2075 5218 2109 5218 2076 5218 2076 5219 2109 5219 2108 5219 2076 5220 2108 5220 2077 5220 2077 5221 2108 5221 2107 5221 2077 5222 2107 5222 2078 5222 2078 5223 2107 5223 2106 5223 2078 5224 2106 5224 2079 5224 2106 5225 2098 5225 2079 5225 2079 5226 2098 5226 2099 5226 2079 5227 2099 5227 2080 5227 2080 5228 2099 5228 2100 5228 2080 5229 2100 5229 2081 5229 2081 5230 2100 5230 2101 5230 2081 5231 2101 5231 2082 5231 2082 5232 2101 5232 2102 5232 2082 5233 2102 5233 2083 5233 2083 5234 2102 5234 2063 5234 2063 5235 2102 5235 2088 5235 2063 5236 2088 5236 2064 5236 2074 5237 1687 5237 1630 5237 1630 5238 1687 5238 2804 5238 1630 5239 2804 5239 1629 5239 1629 5240 2804 5240 1572 5240 1629 5241 1572 5241 2132 5241 2132 5242 1572 5242 2142 5242 2132 5243 2142 5243 2131 5243 2131 5244 2142 5244 2162 5244 2131 5245 2162 5245 2135 5245 2135 5246 2162 5246 2161 5246 2135 5247 2161 5247 2134 5247 2134 5248 2161 5248 2160 5248 2134 5249 2160 5249 2133 5249 2133 5250 2160 5250 2159 5250 2133 5251 2159 5251 2115 5251 2115 5252 2159 5252 2150 5252 2115 5253 2150 5253 2114 5253 2114 5254 2150 5254 2151 5254 2114 5255 2151 5255 2113 5255 2151 5256 2152 5256 2113 5256 2113 5257 2152 5257 2153 5257 2113 5258 2153 5258 2112 5258 2112 5259 2153 5259 2154 5259 2112 5260 2154 5260 2111 5260 2154 5261 2155 5261 2111 5261 2111 5262 2155 5262 2140 5262 2111 5263 2140 5263 2125 5263 2185 5264 2195 5264 2184 5264 2184 5265 2195 5265 2215 5265 2184 5266 2215 5266 2188 5266 2188 5267 2215 5267 2214 5267 2188 5268 2214 5268 2187 5268 2187 5269 2214 5269 2213 5269 2187 5270 2213 5270 2186 5270 2186 5271 2213 5271 2212 5271 2186 5272 2212 5272 2168 5272 2168 5273 2212 5273 2203 5273 2168 5274 2203 5274 2167 5274 2167 5275 2203 5275 2204 5275 2167 5276 2204 5276 2166 5276 2204 5277 2205 5277 2166 5277 2166 5278 2205 5278 2206 5278 2166 5279 2206 5279 2165 5279 2165 5280 2206 5280 2207 5280 2165 5281 2207 5281 2164 5281 2207 5282 2208 5282 2164 5282 2164 5283 2208 5283 2193 5283 2164 5284 2193 5284 2178 5284 2185 5285 1571 5285 1514 5285 1514 5286 1571 5286 2804 5286 1514 5287 2804 5287 1513 5287 1513 5288 2804 5288 2266 5288 1513 5289 2266 5289 2234 5289 2234 5290 2266 5290 2267 5290 2234 5291 2267 5291 2235 5291 2235 5292 2267 5292 2268 5292 2235 5293 2268 5293 2236 5293 2236 5294 2268 5294 2269 5294 2236 5295 2269 5295 2237 5295 2237 5296 2269 5296 2270 5296 2237 5297 2270 5297 2238 5297 2238 5298 2270 5298 2271 5298 2238 5299 2271 5299 2239 5299 2239 5300 2271 5300 2254 5300 2239 5301 2254 5301 2240 5301 2240 5302 2254 5302 2253 5302 2240 5303 2253 5303 2241 5303 2241 5304 2253 5304 2249 5304 2241 5305 2249 5305 2242 5305 2242 5306 2249 5306 2252 5306 2242 5307 2252 5307 2243 5307 2252 5308 2251 5308 2243 5308 2243 5309 2251 5309 2250 5309 2243 5310 2250 5310 2223 5310 2223 5311 2250 5311 2248 5311 2223 5312 2248 5312 2224 5312 2355 5313 2351 5313 2272 5313 2272 5314 2351 5314 2350 5314 2272 5315 2350 5315 2836 5315 2836 5316 2350 5316 2349 5316 2836 5317 2349 5317 2837 5317 2837 5318 2349 5318 2307 5318 2307 5319 2313 5319 2837 5319 2837 5320 2313 5320 2312 5320 2837 5321 2312 5321 2838 5321 2838 5322 2312 5322 2311 5322 2838 5323 2311 5323 2839 5323 2839 5324 2311 5324 2310 5324 2839 5325 2310 5325 2840 5325 2310 5326 2359 5326 2840 5326 2840 5327 2359 5327 2358 5327 2840 5328 2358 5328 2841 5328 2358 5329 2357 5329 2841 5329 2841 5330 2357 5330 2356 5330 2841 5331 2356 5331 2842 5331 2356 5332 2278 5332 2842 5332 2842 5333 2278 5333 2276 5333 2842 5334 2276 5334 2843 5334 2843 5335 2276 5335 2274 5335 2843 5336 2274 5336 2844 5336 2274 5337 2288 5337 2844 5337 2844 5338 2288 5338 2287 5338 2844 5339 2287 5339 2845 5339 2281 5340 2846 5340 2283 5340 2283 5341 2846 5341 2845 5341 2283 5342 2845 5342 2285 5342 2285 5343 2845 5343 2287 5343 1864 5344 1862 5344 2847 5344 1860 5345 2848 5345 1862 5345 1862 5346 2848 5346 2849 5346 1862 5347 2849 5347 2847 5347 2850 5348 2574 5348 1868 5348 2847 5349 2851 5349 1864 5349 1864 5350 2851 5350 2852 5350 1864 5351 2852 5351 1866 5351 1866 5352 2852 5352 2853 5352 1866 5353 2853 5353 1868 5353 1868 5354 2853 5354 2854 5354 1868 5355 2854 5355 2850 5355 2576 5356 2574 5356 2850 5356 2578 5357 2576 5357 2855 5357 2580 5358 2578 5358 2856 5358 2582 5359 2580 5359 2857 5359 2576 5360 2850 5360 2855 5360 2855 5361 2850 5361 2854 5361 2855 5362 2854 5362 2858 5362 2858 5363 2854 5363 2853 5363 2858 5364 2853 5364 2859 5364 2859 5365 2853 5365 2852 5365 2859 5366 2852 5366 2860 5366 2860 5367 2852 5367 2851 5367 2860 5368 2851 5368 2861 5368 2851 5369 2847 5369 2861 5369 2861 5370 2847 5370 2849 5370 2861 5371 2849 5371 2862 5371 2862 5372 2849 5372 2848 5372 2862 5373 2848 5373 2863 5373 2578 5374 2855 5374 2856 5374 2856 5375 2855 5375 2858 5375 2856 5376 2858 5376 2864 5376 2864 5377 2858 5377 2859 5377 2864 5378 2859 5378 2865 5378 2865 5379 2859 5379 2860 5379 2865 5380 2860 5380 2866 5380 2866 5381 2860 5381 2861 5381 2866 5382 2861 5382 2867 5382 2867 5383 2861 5383 2862 5383 2867 5384 2862 5384 2868 5384 2868 5385 2862 5385 2863 5385 2868 5386 2863 5386 2869 5386 2580 5387 2856 5387 2857 5387 2857 5388 2856 5388 2864 5388 2857 5389 2864 5389 2870 5389 2870 5390 2864 5390 2865 5390 2870 5391 2865 5391 2871 5391 2871 5392 2865 5392 2866 5392 2871 5393 2866 5393 2872 5393 2872 5394 2866 5394 2867 5394 2872 5395 2867 5395 2873 5395 2873 5396 2867 5396 2868 5396 2873 5397 2868 5397 2874 5397 2874 5398 2868 5398 2869 5398 2874 5399 2869 5399 2875 5399 2582 5400 2857 5400 2702 5400 2702 5401 2857 5401 2870 5401 2702 5402 2870 5402 2703 5402 2703 5403 2870 5403 2871 5403 2703 5404 2871 5404 2705 5404 2705 5405 2871 5405 2872 5405 2705 5406 2872 5406 2706 5406 2706 5407 2872 5407 2873 5407 2706 5408 2873 5408 2708 5408 2708 5409 2873 5409 2874 5409 2708 5410 2874 5410 2710 5410 2710 5411 2874 5411 2875 5411 2710 5412 2875 5412 2711 5412 2701 5413 2711 5413 2876 5413 2876 5414 2711 5414 2875 5414 2876 5415 2875 5415 2877 5415 2877 5416 2875 5416 2869 5416 2877 5417 2869 5417 2878 5417 2878 5418 2869 5418 2863 5418 2878 5419 2863 5419 2879 5419 2879 5420 2863 5420 2848 5420 2691 5421 2701 5421 2880 5421 2880 5422 2701 5422 2876 5422 2880 5423 2876 5423 2881 5423 2881 5424 2876 5424 2877 5424 2881 5425 2877 5425 2882 5425 2882 5426 2877 5426 2878 5426 2882 5427 2878 5427 2883 5427 2883 5428 2878 5428 2879 5428 2884 5429 2885 5429 2886 5429 2882 5430 2883 5430 2887 5430 2881 5431 2882 5431 2888 5431 2880 5432 2881 5432 2889 5432 2691 5433 2880 5433 2890 5433 2882 5434 2887 5434 2888 5434 2888 5435 2887 5435 2891 5435 2888 5436 2891 5436 2892 5436 2892 5437 2891 5437 2893 5437 2892 5438 2893 5438 2894 5438 2894 5439 2893 5439 2895 5439 2894 5440 2895 5440 2896 5440 2896 5441 2895 5441 2897 5441 2896 5442 2897 5442 2898 5442 2898 5443 2897 5443 2899 5443 2898 5444 2899 5444 2900 5444 2900 5445 2899 5445 2901 5445 2900 5446 2901 5446 2902 5446 2902 5447 2901 5447 2903 5447 2902 5448 2903 5448 2904 5448 2904 5449 2903 5449 2905 5449 2904 5450 2905 5450 2886 5450 2886 5451 2905 5451 2906 5451 2886 5452 2906 5452 2884 5452 2881 5453 2888 5453 2889 5453 2889 5454 2888 5454 2892 5454 2889 5455 2892 5455 2907 5455 2907 5456 2892 5456 2894 5456 2907 5457 2894 5457 2908 5457 2908 5458 2894 5458 2896 5458 2908 5459 2896 5459 2909 5459 2909 5460 2896 5460 2898 5460 2909 5461 2898 5461 2910 5461 2910 5462 2898 5462 2900 5462 2910 5463 2900 5463 2911 5463 2911 5464 2900 5464 2902 5464 2911 5465 2902 5465 2912 5465 2912 5466 2902 5466 2904 5466 2912 5467 2904 5467 2913 5467 2913 5468 2904 5468 2886 5468 2913 5469 2886 5469 2914 5469 2914 5470 2886 5470 2885 5470 2914 5471 2885 5471 2915 5471 2880 5472 2889 5472 2890 5472 2890 5473 2889 5473 2907 5473 2890 5474 2907 5474 2916 5474 2916 5475 2907 5475 2908 5475 2916 5476 2908 5476 2917 5476 2917 5477 2908 5477 2909 5477 2917 5478 2909 5478 2918 5478 2918 5479 2909 5479 2910 5479 2918 5480 2910 5480 2919 5480 2919 5481 2910 5481 2911 5481 2919 5482 2911 5482 2920 5482 2920 5483 2911 5483 2912 5483 2920 5484 2912 5484 2921 5484 2921 5485 2912 5485 2913 5485 2921 5486 2913 5486 2922 5486 2922 5487 2913 5487 2914 5487 2922 5488 2914 5488 2923 5488 2923 5489 2914 5489 2915 5489 2923 5490 2915 5490 2924 5490 2691 5491 2890 5491 2689 5491 2689 5492 2890 5492 2916 5492 2689 5493 2916 5493 2685 5493 2685 5494 2916 5494 2917 5494 2685 5495 2917 5495 2686 5495 2686 5496 2917 5496 2918 5496 2686 5497 2918 5497 2692 5497 2692 5498 2918 5498 2919 5498 2692 5499 2919 5499 2693 5499 2693 5500 2919 5500 2920 5500 2693 5501 2920 5501 2695 5501 2695 5502 2920 5502 2921 5502 2695 5503 2921 5503 2700 5503 2700 5504 2921 5504 2922 5504 2700 5505 2922 5505 2699 5505 2699 5506 2922 5506 2923 5506 2699 5507 2923 5507 2697 5507 2697 5508 2923 5508 2924 5508 2697 5509 2924 5509 2671 5509 2885 5510 2884 5510 2925 5510 2915 5511 2885 5511 2926 5511 2924 5512 2915 5512 2927 5512 2671 5513 2924 5513 2928 5513 2885 5514 2925 5514 2926 5514 2926 5515 2925 5515 2929 5515 2926 5516 2929 5516 2930 5516 2930 5517 2929 5517 2931 5517 2930 5518 2931 5518 2932 5518 2932 5519 2931 5519 2933 5519 2932 5520 2933 5520 2934 5520 2934 5521 2933 5521 2935 5521 2934 5522 2935 5522 2936 5522 2936 5523 2935 5523 2937 5523 2936 5524 2937 5524 2938 5524 2915 5525 2926 5525 2927 5525 2927 5526 2926 5526 2930 5526 2927 5527 2930 5527 2939 5527 2939 5528 2930 5528 2932 5528 2939 5529 2932 5529 2940 5529 2940 5530 2932 5530 2934 5530 2940 5531 2934 5531 2941 5531 2941 5532 2934 5532 2936 5532 2941 5533 2936 5533 2942 5533 2942 5534 2936 5534 2938 5534 2942 5535 2938 5535 2943 5535 2924 5536 2927 5536 2928 5536 2928 5537 2927 5537 2939 5537 2928 5538 2939 5538 2944 5538 2944 5539 2939 5539 2940 5539 2944 5540 2940 5540 2945 5540 2945 5541 2940 5541 2941 5541 2945 5542 2941 5542 2946 5542 2946 5543 2941 5543 2942 5543 2946 5544 2942 5544 2947 5544 2947 5545 2942 5545 2943 5545 2947 5546 2943 5546 2948 5546 2671 5547 2928 5547 2673 5547 2673 5548 2928 5548 2944 5548 2673 5549 2944 5549 2682 5549 2682 5550 2944 5550 2945 5550 2682 5551 2945 5551 2683 5551 2683 5552 2945 5552 2946 5552 2683 5553 2946 5553 2684 5553 2684 5554 2946 5554 2947 5554 2684 5555 2947 5555 2681 5555 2681 5556 2947 5556 2948 5556 2681 5557 2948 5557 2669 5557 2949 5558 2950 5558 2951 5558 2937 5559 2952 5559 2953 5559 2665 5560 2669 5560 2954 5560 2954 5561 2669 5561 2948 5561 2954 5562 2948 5562 2955 5562 2955 5563 2948 5563 2943 5563 2955 5564 2943 5564 2953 5564 2953 5565 2943 5565 2938 5565 2953 5566 2938 5566 2937 5566 2956 5567 2957 5567 2958 5567 2663 5568 2665 5568 2959 5568 2959 5569 2665 5569 2954 5569 2959 5570 2954 5570 2960 5570 2960 5571 2954 5571 2955 5571 2960 5572 2955 5572 2958 5572 2958 5573 2955 5573 2953 5573 2958 5574 2953 5574 2956 5574 2956 5575 2953 5575 2952 5575 2961 5576 2962 5576 2963 5576 2661 5577 2663 5577 2964 5577 2964 5578 2663 5578 2959 5578 2964 5579 2959 5579 2965 5579 2965 5580 2959 5580 2960 5580 2965 5581 2960 5581 2963 5581 2963 5582 2960 5582 2958 5582 2963 5583 2958 5583 2961 5583 2961 5584 2958 5584 2957 5584 2949 5585 2951 5585 2966 5585 2642 5586 2661 5586 2967 5586 2967 5587 2661 5587 2964 5587 2967 5588 2964 5588 2968 5588 2968 5589 2964 5589 2965 5589 2968 5590 2965 5590 2951 5590 2951 5591 2965 5591 2963 5591 2951 5592 2963 5592 2966 5592 2966 5593 2963 5593 2962 5593 2951 5594 2950 5594 2969 5594 2968 5595 2951 5595 2970 5595 2967 5596 2968 5596 2971 5596 2951 5597 2969 5597 2970 5597 2970 5598 2969 5598 2972 5598 2970 5599 2972 5599 2973 5599 2973 5600 2972 5600 2974 5600 2973 5601 2974 5601 2975 5601 2975 5602 2974 5602 2976 5602 2975 5603 2976 5603 2977 5603 2977 5604 2976 5604 2978 5604 2977 5605 2978 5605 2979 5605 2979 5606 2978 5606 2980 5606 2979 5607 2980 5607 2981 5607 2981 5608 2980 5608 2982 5608 2981 5609 2982 5609 2983 5609 2968 5610 2970 5610 2971 5610 2971 5611 2970 5611 2973 5611 2971 5612 2973 5612 2984 5612 2984 5613 2973 5613 2975 5613 2984 5614 2975 5614 2985 5614 2985 5615 2975 5615 2977 5615 2985 5616 2977 5616 2986 5616 2986 5617 2977 5617 2979 5617 2986 5618 2979 5618 2987 5618 2987 5619 2979 5619 2981 5619 2987 5620 2981 5620 2988 5620 2988 5621 2981 5621 2983 5621 2988 5622 2983 5622 2989 5622 2967 5623 2971 5623 2990 5623 2990 5624 2971 5624 2984 5624 2990 5625 2984 5625 2991 5625 2991 5626 2984 5626 2985 5626 2991 5627 2985 5627 2992 5627 2992 5628 2985 5628 2986 5628 2992 5629 2986 5629 2993 5629 2993 5630 2986 5630 2987 5630 2993 5631 2987 5631 2994 5631 2994 5632 2987 5632 2988 5632 2994 5633 2988 5633 2995 5633 2995 5634 2988 5634 2989 5634 2995 5635 2989 5635 2996 5635 2660 5636 2645 5636 2996 5636 2996 5637 2645 5637 2654 5637 2996 5638 2654 5638 2995 5638 2995 5639 2654 5639 2653 5639 2995 5640 2653 5640 2994 5640 2994 5641 2653 5641 2651 5641 2994 5642 2651 5642 2993 5642 2993 5643 2651 5643 2649 5643 2993 5644 2649 5644 2992 5644 2992 5645 2649 5645 2647 5645 2992 5646 2647 5646 2991 5646 2991 5647 2647 5647 2646 5647 2991 5648 2646 5648 2990 5648 2990 5649 2646 5649 2642 5649 2990 5650 2642 5650 2967 5650 2659 5651 2660 5651 2997 5651 2997 5652 2660 5652 2996 5652 2997 5653 2996 5653 2998 5653 2998 5654 2996 5654 2989 5654 2998 5655 2989 5655 2999 5655 2999 5656 2989 5656 2983 5656 2999 5657 2983 5657 3000 5657 3000 5658 2983 5658 2982 5658 2657 5659 2659 5659 3001 5659 3001 5660 2659 5660 2997 5660 3001 5661 2997 5661 3002 5661 3002 5662 2997 5662 2998 5662 3002 5663 2998 5663 3003 5663 3003 5664 2998 5664 2999 5664 3003 5665 2999 5665 3004 5665 3004 5666 2999 5666 3000 5666 2655 5667 2657 5667 3005 5667 3005 5668 2657 5668 3001 5668 3005 5669 3001 5669 3006 5669 3006 5670 3001 5670 3002 5670 3006 5671 3002 5671 3007 5671 3007 5672 3002 5672 3003 5672 3007 5673 3003 5673 3008 5673 3008 5674 3003 5674 3004 5674 3008 5675 2377 5675 2376 5675 3008 5676 2376 5676 3007 5676 3007 5677 2376 5677 2387 5677 3007 5678 2387 5678 3006 5678 3006 5679 2387 5679 2428 5679 3006 5680 2428 5680 3005 5680 2428 5681 2405 5681 3005 5681 3005 5682 2405 5682 2404 5682 3005 5683 2404 5683 2655 5683 1876 5684 1877 5684 2906 5684 3009 5685 3010 5685 3011 5685 2416 5686 2384 5686 1402 5686 2373 5687 2371 5687 3012 5687 3012 5688 2371 5688 2370 5688 2370 5689 2381 5689 3012 5689 3012 5690 2381 5690 2379 5690 3012 5691 2379 5691 2378 5691 2368 5692 2369 5692 3012 5692 3012 5693 2369 5693 2374 5693 3012 5694 2374 5694 2373 5694 2950 5695 3012 5695 2969 5695 2969 5696 3012 5696 3013 5696 2969 5697 3013 5697 2972 5697 2978 5698 2976 5698 3013 5698 3013 5699 2976 5699 2974 5699 3013 5700 2974 5700 2972 5700 3000 5701 2982 5701 3013 5701 3013 5702 2982 5702 2980 5702 3013 5703 2980 5703 2978 5703 2378 5704 2377 5704 3012 5704 3012 5705 2377 5705 3008 5705 3012 5706 3008 5706 3013 5706 3013 5707 3008 5707 3004 5707 3013 5708 3004 5708 3000 5708 2141 5709 2163 5709 2384 5709 1869 5710 1890 5710 2949 5710 2949 5711 1890 5711 2384 5711 2949 5712 2384 5712 2950 5712 2950 5713 2384 5713 2365 5713 2950 5714 2365 5714 3012 5714 3012 5715 2365 5715 2364 5715 3012 5716 2364 5716 2368 5716 2039 5717 2000 5717 2040 5717 2040 5718 2000 5718 2041 5718 1946 5719 1982 5719 1981 5719 1979 5720 2000 5720 2384 5720 2384 5721 2000 5721 2039 5721 2384 5722 2039 5722 2056 5722 2110 5723 2126 5723 2143 5723 1402 5724 2384 5724 1404 5724 2216 5725 2257 5725 2256 5725 3011 5726 3010 5726 3014 5726 3014 5727 3010 5727 3015 5727 3014 5728 3015 5728 1402 5728 1402 5729 3015 5729 3016 5729 1402 5730 3016 5730 2416 5730 3017 5731 3018 5731 3019 5731 3019 5732 3018 5732 3020 5732 3019 5733 3020 5733 3021 5733 3021 5734 3020 5734 3022 5734 3021 5735 3022 5735 3011 5735 3011 5736 3022 5736 3023 5736 3011 5737 3023 5737 3009 5737 3024 5738 3025 5738 3026 5738 3026 5739 3025 5739 3027 5739 3026 5740 3027 5740 3017 5740 3017 5741 3027 5741 3028 5741 3017 5742 3028 5742 3018 5742 3029 5743 3030 5743 3031 5743 3031 5744 3030 5744 3032 5744 3031 5745 3032 5745 3024 5745 3024 5746 3032 5746 3033 5746 3024 5747 3033 5747 3025 5747 3034 5748 3035 5748 3036 5748 3036 5749 3037 5749 3034 5749 3034 5750 3037 5750 3038 5750 3034 5751 3038 5751 3029 5751 3029 5752 3038 5752 3039 5752 3029 5753 3039 5753 3030 5753 2228 5754 2244 5754 2218 5754 2218 5755 2244 5755 2255 5755 2218 5756 2255 5756 2219 5756 2219 5757 2255 5757 2265 5757 2219 5758 2265 5758 2220 5758 2220 5759 2265 5759 2264 5759 2220 5760 2264 5760 2217 5760 2217 5761 2264 5761 2263 5761 2217 5762 2263 5762 2221 5762 2221 5763 2263 5763 2262 5763 2221 5764 2262 5764 2222 5764 2222 5765 2262 5765 2261 5765 2222 5766 2261 5766 2233 5766 2233 5767 2261 5767 2260 5767 2233 5768 2260 5768 2232 5768 2232 5769 2260 5769 2259 5769 2232 5770 2259 5770 2231 5770 2231 5771 2259 5771 2258 5771 2231 5772 2258 5772 2230 5772 2230 5773 2258 5773 2257 5773 2230 5774 2257 5774 2229 5774 2229 5775 2257 5775 2216 5775 2256 5776 1404 5776 2216 5776 2216 5777 1404 5777 2384 5777 2216 5778 2384 5778 2194 5778 2194 5779 2384 5779 2163 5779 2194 5780 2163 5780 2196 5780 2196 5781 2163 5781 2179 5781 2196 5782 2179 5782 2197 5782 2197 5783 2179 5783 2180 5783 2197 5784 2180 5784 2211 5784 2211 5785 2180 5785 2181 5785 2211 5786 2181 5786 2210 5786 2210 5787 2181 5787 2182 5787 2210 5788 2182 5788 2209 5788 2209 5789 2182 5789 2183 5789 2209 5790 2183 5790 2202 5790 2202 5791 2183 5791 2169 5791 2202 5792 2169 5792 2201 5792 2201 5793 2169 5793 2170 5793 2201 5794 2170 5794 2200 5794 2200 5795 2170 5795 2171 5795 2200 5796 2171 5796 2199 5796 2199 5797 2171 5797 2172 5797 2199 5798 2172 5798 2198 5798 2172 5799 2173 5799 2198 5799 2198 5800 2173 5800 2174 5800 2198 5801 2174 5801 2189 5801 2143 5802 2126 5802 2144 5802 2144 5803 2126 5803 2127 5803 2144 5804 2127 5804 2158 5804 2158 5805 2127 5805 2128 5805 2158 5806 2128 5806 2157 5806 2157 5807 2128 5807 2129 5807 2157 5808 2129 5808 2156 5808 2156 5809 2129 5809 2130 5809 2156 5810 2130 5810 2149 5810 2149 5811 2130 5811 2116 5811 2149 5812 2116 5812 2148 5812 2148 5813 2116 5813 2117 5813 2148 5814 2117 5814 2147 5814 2147 5815 2117 5815 2118 5815 2147 5816 2118 5816 2146 5816 2146 5817 2118 5817 2119 5817 2146 5818 2119 5818 2145 5818 2119 5819 2120 5819 2145 5819 2145 5800 2120 5800 2121 5800 2145 5820 2121 5820 2136 5820 2143 5821 2141 5821 2110 5821 2110 5822 2141 5822 2384 5822 2110 5823 2384 5823 2089 5823 2089 5824 2384 5824 2056 5824 2089 5825 2056 5825 2091 5825 2091 5826 2056 5826 2069 5826 2091 5827 2069 5827 2092 5827 2092 5828 2069 5828 2070 5828 2092 5829 2070 5829 2105 5829 2105 5830 2070 5830 2071 5830 2105 5831 2071 5831 2104 5831 2104 5832 2071 5832 2072 5832 2104 5833 2072 5833 2103 5833 2103 5834 2072 5834 2073 5834 2103 5835 2073 5835 2097 5835 2097 5836 2073 5836 2062 5836 2097 5837 2062 5837 2096 5837 2096 5838 2062 5838 2061 5838 2096 5839 2061 5839 2095 5839 2095 5840 2061 5840 2057 5840 2095 5841 2057 5841 2094 5841 2094 5842 2057 5842 2060 5842 2094 5843 2060 5843 2093 5843 2068 5844 2084 5844 2058 5844 2058 5845 2084 5845 2093 5845 2058 5846 2093 5846 2059 5846 2059 5847 2093 5847 2060 5847 2012 5848 2028 5848 2002 5848 2002 5849 2028 5849 2050 5849 2002 5850 2050 5850 2003 5850 2003 5851 2050 5851 2049 5851 2003 5852 2049 5852 2004 5852 2004 5853 2049 5853 2048 5853 2004 5854 2048 5854 2001 5854 2001 5855 2048 5855 2047 5855 2001 5856 2047 5856 2005 5856 2005 5857 2047 5857 2046 5857 2005 5858 2046 5858 2006 5858 2006 5859 2046 5859 2045 5859 2006 5860 2045 5860 2017 5860 2017 5861 2045 5861 2044 5861 2017 5862 2044 5862 2016 5862 2016 5863 2044 5863 2043 5863 2016 5864 2043 5864 2015 5864 2015 5865 2043 5865 2042 5865 2015 5866 2042 5866 2014 5866 2014 5867 2042 5867 2041 5867 2014 5868 2041 5868 2013 5868 2013 5869 2041 5869 2000 5869 1946 5870 1959 5870 1982 5870 1982 5871 1959 5871 1960 5871 1982 5872 1960 5872 1995 5872 1995 5873 1960 5873 1961 5873 1995 5874 1961 5874 1994 5874 1994 5875 1961 5875 1962 5875 1994 5876 1962 5876 1993 5876 1993 5877 1962 5877 1963 5877 1993 5878 1963 5878 1987 5878 1987 5879 1963 5879 1952 5879 1987 5880 1952 5880 1986 5880 1986 5881 1952 5881 1951 5881 1986 5882 1951 5882 1985 5882 1985 5883 1951 5883 1947 5883 1985 5884 1947 5884 1984 5884 1984 5885 1947 5885 1950 5885 1984 5886 1950 5886 1983 5886 1958 5887 1974 5887 1948 5887 1948 5888 1974 5888 1983 5888 1948 5889 1983 5889 1949 5889 1949 5890 1983 5890 1950 5890 1902 5891 1918 5891 1892 5891 1892 5892 1918 5892 1940 5892 1892 5893 1940 5893 1893 5893 1893 5894 1940 5894 1939 5894 1893 5895 1939 5895 1894 5895 1894 5896 1939 5896 1938 5896 1894 5897 1938 5897 1891 5897 1891 5898 1938 5898 1937 5898 1891 5899 1937 5899 1895 5899 1895 5900 1937 5900 1936 5900 1895 5901 1936 5901 1896 5901 1896 5902 1936 5902 1935 5902 1896 5903 1935 5903 1907 5903 1907 5904 1935 5904 1934 5904 1907 5905 1934 5905 1906 5905 1906 5906 1934 5906 1933 5906 1906 5907 1933 5907 1905 5907 1905 5908 1933 5908 1932 5908 1905 5909 1932 5909 1904 5909 1904 5910 1932 5910 1931 5910 1904 5911 1931 5911 1903 5911 1903 5912 1931 5912 1930 5912 1903 5913 1930 5913 1890 5913 1890 5914 1930 5914 1929 5914 1890 5915 1929 5915 2384 5915 2384 5916 1929 5916 1946 5916 2384 5917 1946 5917 1979 5917 1979 5918 1946 5918 1981 5918 1869 5919 2949 5919 1871 5919 1871 5920 2949 5920 2966 5920 1871 5921 2966 5921 1872 5921 1872 5922 2966 5922 2962 5922 1872 5923 2962 5923 1885 5923 1885 5924 2962 5924 2961 5924 1885 5925 2961 5925 1884 5925 1884 5926 2961 5926 2957 5926 1884 5927 2957 5927 1883 5927 1883 5928 2957 5928 2956 5928 1883 5929 2956 5929 1877 5929 2956 5930 2952 5930 1877 5930 1877 5931 2952 5931 2937 5931 1877 5932 2937 5932 2935 5932 2935 5933 2933 5933 1877 5933 1877 5934 2933 5934 2931 5934 1877 5935 2931 5935 2929 5935 2929 5936 2925 5936 1877 5936 1877 5937 2925 5937 2884 5937 1877 5938 2884 5938 2906 5938 1876 5939 2906 5939 1875 5939 1875 5940 2906 5940 2905 5940 1875 5941 2905 5941 2903 5941 2895 5942 1873 5942 2897 5942 2897 5943 1873 5943 1874 5943 2897 5944 1874 5944 2899 5944 2899 5945 1874 5945 1875 5945 2899 5946 1875 5946 2901 5946 2901 5947 1875 5947 2903 5947 2895 5948 2893 5948 1873 5948 1873 5949 2893 5949 2891 5949 1873 5950 2891 5950 1859 5950 2891 5951 2887 5951 1859 5951 1859 5952 2887 5952 2883 5952 1859 5953 2883 5953 1860 5953 1860 5954 2883 5954 2879 5954 1860 5955 2879 5955 2848 5955 2845 5956 1458 5956 2844 5956 2844 5957 1458 5957 1457 5957 2844 5958 1457 5958 2843 5958 2843 5959 1457 5959 1455 5959 2843 5960 1455 5960 2842 5960 2842 5961 1455 5961 1453 5961 2842 5962 1453 5962 2841 5962 1406 5963 1413 5963 3026 5963 3026 5964 1413 5964 1427 5964 3026 5965 1427 5965 3024 5965 3024 5966 1427 5966 1426 5966 3024 5967 1426 5967 3031 5967 3031 5968 1426 5968 1424 5968 3031 5969 1424 5969 3029 5969 3029 5970 1424 5970 1422 5970 3029 5971 1422 5971 3034 5971 1422 5972 1420 5972 3034 5972 3034 5973 1420 5973 1419 5973 3034 5974 1419 5974 3035 5974 3035 5975 1419 5975 1418 5975 3035 5976 1418 5976 3040 5976 3040 5977 1418 5977 1428 5977 3040 5978 1428 5978 3041 5978 3041 5979 1428 5979 1430 5979 3041 5980 1430 5980 3042 5980 3042 5981 1430 5981 1432 5981 3042 5982 1432 5982 2846 5982 2846 5983 1432 5983 1434 5983 2846 5984 1434 5984 2845 5984 2845 5985 1434 5985 1436 5985 2845 5986 1436 5986 1458 5986 1441 5987 1439 5987 2272 5987 1402 5988 1401 5988 3014 5988 3014 5989 1401 5989 1411 5989 3014 5990 1411 5990 3011 5990 3011 5991 1411 5991 1409 5991 3011 5992 1409 5992 3021 5992 3021 5993 1409 5993 1407 5993 3021 5994 1407 5994 3019 5994 3019 5995 1407 5995 1406 5995 3019 5996 1406 5996 3017 5996 3017 5997 1406 5997 3026 5997 1445 5998 1443 5998 2837 5998 2837 5999 1443 5999 1441 5999 2837 6000 1441 6000 2836 6000 2836 6001 1441 6001 2272 6001 1453 6002 1451 6002 2841 6002 2841 6003 1451 6003 1449 6003 2841 6004 1449 6004 2840 6004 2840 6005 1449 6005 1447 6005 2840 6006 1447 6006 2839 6006 2839 6007 1447 6007 1445 6007 2839 6008 1445 6008 2838 6008 2838 6009 1445 6009 2837 6009 3036 6010 3035 6010 3043 6010 3043 6011 3035 6011 3040 6011 3043 6012 3040 6012 3044 6012 3044 6013 3040 6013 3041 6013 3044 6014 3041 6014 3045 6014 3045 6015 3041 6015 3042 6015 3045 6016 3042 6016 2281 6016 2281 6017 3042 6017 2846 6017 2326 6018 2325 6018 2731 6018 3045 6019 2281 6019 2280 6019 2280 6020 2306 6020 3046 6020 3046 6021 2306 6021 2326 6021 2326 6022 2731 6022 3046 6022 3046 6023 2731 6023 2733 6023 3046 6024 2733 6024 3047 6024 3047 6025 2733 6025 2735 6025 3047 6026 2735 6026 3048 6026 2735 6027 2737 6027 3049 6027 2735 6028 3049 6028 3048 6028 3048 6029 3049 6029 3050 6029 3048 6030 3050 6030 3051 6030 2280 6031 3046 6031 3045 6031 3045 6032 3046 6032 3047 6032 3045 6033 3047 6033 3044 6033 3044 6034 3047 6034 3048 6034 3044 6035 3048 6035 3043 6035 3043 6036 3048 6036 3051 6036 3043 6037 3051 6037 3036 6037 3016 6038 3015 6038 3052 6038 3053 6039 3054 6039 2744 6039 3055 6040 3030 6040 3056 6040 3056 6041 3030 6041 3039 6041 3056 6042 3039 6042 3057 6042 3057 6043 3039 6043 3038 6043 3057 6044 3038 6044 3058 6044 3058 6045 3038 6045 3037 6045 3058 6046 3037 6046 3051 6046 3051 6047 3037 6047 3036 6047 3059 6048 3060 6048 3052 6048 3051 6049 3050 6049 3058 6049 3058 6050 3050 6050 3061 6050 3058 6051 3061 6051 3057 6051 3057 6052 3061 6052 3062 6052 3057 6053 3062 6053 3056 6053 3056 6054 3062 6054 3063 6054 3056 6055 3063 6055 3055 6055 3055 6056 3063 6056 3064 6056 3055 6057 3064 6057 3065 6057 3065 6058 3064 6058 3066 6058 3065 6059 3066 6059 3067 6059 3067 6060 3066 6060 3068 6060 3067 6061 3068 6061 3069 6061 3069 6062 3068 6062 3070 6062 3069 6063 3070 6063 3071 6063 3071 6064 3070 6064 3072 6064 3071 6065 3072 6065 3073 6065 3073 6066 3072 6066 3074 6066 3073 6067 3074 6067 3075 6067 3075 6068 3074 6068 3076 6068 3075 6069 3076 6069 3077 6069 3077 6070 3076 6070 3078 6070 3077 6071 3078 6071 3079 6071 3015 6072 3010 6072 3052 6072 3052 6073 3010 6073 3079 6073 3052 6074 3079 6074 3059 6074 3059 6075 3079 6075 3078 6075 2362 6076 2361 6076 2757 6076 2757 6077 2361 6077 3080 6077 3081 6078 3049 6078 2737 6078 2740 6079 3082 6079 2739 6079 2739 6080 3082 6080 3081 6080 2739 6081 3081 6081 2738 6081 2738 6082 3081 6082 2737 6082 2744 6083 3054 6083 2743 6083 2743 6084 3054 6084 3083 6084 2743 6085 3083 6085 2742 6085 2742 6086 3083 6086 2741 6086 2741 6087 3083 6087 3084 6087 2741 6088 3084 6088 2740 6088 2740 6089 3084 6089 3085 6089 2740 6090 3085 6090 3082 6090 2744 6091 2745 6091 3053 6091 3053 6092 2745 6092 2749 6092 3053 6093 2749 6093 3086 6093 3086 6094 2749 6094 2748 6094 3086 6095 2748 6095 3087 6095 3087 6096 2748 6096 2747 6096 3087 6097 2747 6097 3088 6097 3088 6098 2747 6098 2746 6098 3088 6099 2746 6099 3089 6099 3089 6100 2746 6100 2754 6100 3089 6101 2754 6101 3090 6101 3090 6102 2754 6102 2755 6102 3090 6103 2755 6103 3080 6103 3080 6104 2755 6104 2756 6104 3080 6105 2756 6105 2757 6105 2413 6106 2414 6106 3060 6106 3060 6107 2414 6107 2415 6107 3060 6108 2415 6108 3052 6108 3052 6109 2415 6109 2416 6109 3052 6110 2416 6110 3016 6110 3010 6111 3009 6111 3079 6111 3079 6112 3009 6112 3023 6112 3079 6113 3023 6113 3077 6113 3077 6114 3023 6114 3022 6114 3077 6115 3022 6115 3075 6115 3075 6116 3022 6116 3020 6116 3075 6117 3020 6117 3073 6117 3073 6118 3020 6118 3018 6118 3073 6119 3018 6119 3071 6119 3071 6120 3018 6120 3028 6120 3071 6121 3028 6121 3069 6121 3069 6122 3028 6122 3027 6122 3069 6123 3027 6123 3067 6123 3067 6124 3027 6124 3025 6124 3067 6125 3025 6125 3065 6125 3065 6126 3025 6126 3033 6126 3065 6127 3033 6127 3055 6127 3055 6128 3033 6128 3032 6128 3055 6129 3032 6129 3030 6129 2361 6130 2413 6130 3080 6130 3080 6131 2413 6131 3060 6131 3080 6132 3060 6132 3090 6132 3090 6133 3060 6133 3059 6133 3090 6134 3059 6134 3089 6134 3089 6135 3059 6135 3078 6135 3089 6136 3078 6136 3088 6136 3088 6137 3078 6137 3076 6137 3088 6138 3076 6138 3087 6138 3087 6139 3076 6139 3074 6139 3087 6140 3074 6140 3086 6140 3086 6141 3074 6141 3072 6141 3086 6142 3072 6142 3053 6142 3053 6143 3072 6143 3070 6143 3053 6144 3070 6144 3054 6144 3054 6145 3070 6145 3068 6145 3054 6146 3068 6146 3083 6146 3083 6147 3068 6147 3066 6147 3083 6148 3066 6148 3084 6148 3084 6149 3066 6149 3064 6149 3084 6150 3064 6150 3085 6150 3085 6151 3064 6151 3063 6151 3085 6152 3063 6152 3082 6152 3082 6153 3063 6153 3062 6153 3082 6154 3062 6154 3081 6154 3081 6155 3062 6155 3061 6155 3081 6156 3061 6156 3049 6156 3049 6157 3061 6157 3050 6157</p>
        </triangles>
      </mesh>
    </geometry>
  </library_geometries>
  <library_visual_scenes>
    <visual_scene id="Scene" name="Scene">
      <node id="L_ring_prox" name="L_ring_prox" type="NODE">
        <matrix sid="transform">1 0 0 0 0 1 0 0 0 0 1 0 0 0 0 1</matrix>
        <instance_geometry url="#L_ring_prox-mesh" name="L_ring_prox">
          <bind_material>
            <technique_common>
              <instance_material symbol="white-material" target="#white-material"/>
              <instance_material symbol="black-material" target="#black-material"/>
            </technique_common>
          </bind_material>
        </instance_geometry>
      </node>
    </visual_scene>
  </library_visual_scenes>
  <scene>
    <instance_visual_scene url="#Scene"/>
  </scene>
</COLLADA>