# https://github.com/mikedh/trimesh

o geometry_0
v 0.00933320 -0.00368464 0.00738003
v 0.00900576 -0.00368464 0.00738451
v 0.00900576 0.00368604 0.00738301
v 0.00933320 0.00368604 0.00737554
v 0.00939960 0.00368604 0.00739198
v 0.00962274 -0.00368464 0.00748161
v 0.00962517 0.00368604 0.00747863
v 0.00975311 -0.00368464 0.00755482
v 0.00875321 -0.00368464 0.00749356
v 0.00875321 0.00368604 0.00749356
v 0.00975220 0.00368604 0.00755033
v 0.00981284 -0.00368464 0.00759814
v 0.00771601 -0.00368464 0.00810309
v 0.00797038 0.00368604 0.00794772
v 0.00985256 0.00368604 0.00766089
v 0.00769752 -0.00368464 0.00812849
v 0.00771510 0.00368604 0.00810309
v 0.00993442 0.00368604 0.00780580
v 0.00991107 -0.00368464 0.00776546
v 0.00759868 -0.00368464 0.00845865
v 0.00761020 0.00368604 0.00840935
v 0.01052093 0.00032789 0.00885155
v 0.01004781 -0.00368464 0.00807919
v 0.01051320 -0.00098377 0.00886127
v 0.01048622 -0.00202451 0.00889637
v 0.00758807 0.00368604 0.00873951
v 0.01008844 0.00368604 0.00813745
v 0.01050668 0.00122992 0.00886911
v 0.01060514 0.00040996 0.00906668
v 0.01017727 -0.00368464 0.00848106
v 0.01059779 -0.00081963 0.00906818
v 0.01054897 -0.00180374 0.00906818
v 0.00758837 -0.00368464 0.00873951
v 0.01017909 0.00368604 0.00848703
v 0.01047439 0.00229664 0.00893708
v 0.01064205 0.00082030 0.00939535
v 0.01065600 0.00016375 0.00939535
v 0.01046802 -0.00245956 0.00896659
v 0.01048803 -0.00265725 0.00919068
v 0.01038253 -0.00311539 0.00906818
v 0.01065539 -0.00016380 0.00939535
v 0.01064296 -0.00081963 0.00939535
v 0.01059354 -0.00180374 0.00939535
v 0.00755926 0.00368604 0.01923293
v 0.01048773 0.00265720 0.00918918
v 0.01055019 0.00180368 0.00906668
v 0.01062962 0.00114786 0.00972252
v 0.01061810 0.00082030 0.01956010
v 0.01063023 0.00016375 0.01956010
v 0.01063053 -0.00016380 0.01956010
v 0.01029642 -0.00344367 0.00906818
v 0.01021729 -0.00368464 0.00906818
v 0.01061810 -0.00081963 0.01956010
v 0.01060597 -0.00114791 0.01956010
v 0.01062962 -0.00114791 0.00972401
v 0.01056595 -0.00213129 0.00939535
v 0.00756624 -0.00368464 0.01759258
v 0.01029430 0.00344362 0.00906668
v 0.01056595 0.00213124 0.00939535
v 0.01059415 0.00180368 0.00939535
v 0.01060597 0.00114786 0.01956010
v 0.01059870 0.00114786 0.02087327
v 0.01062098 -0.00000003 0.02087327
v 0.01060461 -0.00098377 0.02087327
v 0.01052260 -0.00245956 0.00939535
v 0.01047348 -0.00274744 0.00939535
v 0.01038950 -0.00311539 0.00939535
v 0.01035675 -0.00311539 0.02087327
v 0.01018182 -0.00368464 0.02120044
v 0.01056474 -0.00180374 0.02087327
v 0.01053473 -0.00213129 0.02087327
v 0.00756351 -0.00368464 0.02153060
v 0.01021638 0.00368604 0.00906668
v 0.01038616 0.00311534 0.00939535
v 0.01045772 0.00283036 0.00939535
v 0.01050592 0.00256269 0.00939535
v 0.01056504 0.00180368 0.02087327
v 0.01048682 0.00249739 0.02087327
v 0.01053654 0.00213124 0.02087327
v 0.01053442 0.00131163 0.02118924
v 0.01054234 0.00012299 0.02120679
v 0.01053033 -0.00147582 0.02118177
v 0.01047348 -0.00256923 0.02087327
v 0.01043558 -0.00278712 0.02087327
v 0.01033765 -0.00311539 0.02120044
v 0.01049410 -0.00238092 0.02108989
v 0.01018151 0.00368604 0.02120044
v 0.01026398 0.00344362 0.02087327
v 0.01036191 0.00311534 0.02087327
v 0.01043740 0.00278779 0.02087327
v 0.01049410 0.00238087 0.02108989
v 0.01051562 0.00196746 0.02115488
v 0.01046105 0.00213124 0.02130353
v 0.01047591 0.00131163 0.02135357
v 0.01047621 -0.00131204 0.02135357
v 0.01046135 -0.00213129 0.02130353
v 0.01018379 -0.00354973 0.02142603
v 0.00756654 -0.00368464 0.02185778
v 0.00756442 0.00368604 0.02185628
v 0.01029809 0.00327948 0.02120044
v 0.01040496 0.00278779 0.02120044
v 0.01023548 0.00311534 0.02148877
v 0.01011542 0.00311534 0.02165311
v 0.01012194 0.00262365 0.02166730
v 0.01048137 0.00003100 0.02136478
v 0.01012118 -0.00278712 0.02166655
v 0.01023548 -0.00311539 0.02149027
v 0.00996383 -0.00368464 0.02173826
v 0.01011117 -0.00368464 0.02150072
v 0.00761232 -0.00368464 0.02218495
v 0.00760610 0.00368604 0.02216702
v 0.01018379 0.00355004 0.02142603
v 0.00992017 0.00368604 0.02178457
v 0.00973189 0.00368604 0.02194891
v 0.00918555 0.00368604 0.02236123
v 0.01012436 -0.00016416 0.02167253
v 0.00905397 -0.00368464 0.02245834
v 0.00978646 -0.00368464 0.02190558
v 0.00775361 -0.00368464 0.02245535
v 0.00775300 0.00368604 0.02245535
v 0.01011587 0.00368604 0.02148728
v 0.00900576 0.00368604 0.02248672
v 0.00868317 0.00368604 0.02261819
v 0.00877231 -0.00368464 0.02259130
v 0.00802162 -0.00368464 0.02259279
v 0.00802192 0.00368604 0.02258980
v 0.00834997 0.00368604 0.02263462
v 0.00836058 -0.00368464 0.02263761
v 0.00868317 -0.00368464 0.02261968
f 1 2 3
f 1 3 4
f 1 4 5
f 1 5 6
f 1 6 8
f 1 8 12
f 1 12 19
f 1 19 23
f 1 23 30
f 1 30 52
f 1 52 69
f 1 69 109
f 1 109 108
f 1 108 118
f 1 118 117
f 1 117 124
f 1 124 129
f 1 129 128
f 1 128 125
f 1 125 119
f 1 119 110
f 1 110 98
f 1 98 72
f 1 72 57
f 1 57 33
f 1 33 20
f 1 20 16
f 1 16 13
f 1 13 9
f 1 9 2
f 3 10 14
f 3 14 17
f 3 17 21
f 3 21 26
f 3 26 44
f 3 44 99
f 3 99 111
f 3 111 120
f 3 120 126
f 3 126 127
f 3 127 123
f 3 123 122
f 3 122 115
f 3 115 114
f 3 114 113
f 3 113 121
f 3 121 87
f 3 87 73
f 3 73 34
f 3 34 27
f 3 27 18
f 3 18 15
f 3 15 11
f 3 11 7
f 3 7 5
f 3 5 4
f 5 7 6
f 6 7 8
f 3 2 9
f 3 9 10
f 7 11 8
f 8 11 12
f 9 13 14
f 9 14 10
f 11 15 12
f 13 16 17
f 13 17 14
f 15 18 19
f 15 19 12
f 16 20 21
f 16 21 17
f 18 22 19
f 19 22 24
f 19 24 25
f 19 25 23
f 21 20 26
f 18 27 28
f 18 28 22
f 22 28 29
f 23 25 30
f 22 29 31
f 22 31 24
f 24 31 25
f 25 31 32
f 20 33 26
f 27 34 35
f 27 35 28
f 29 36 37
f 30 25 38
f 30 38 39
f 30 39 40
f 25 32 38
f 29 41 31
f 31 41 42
f 31 42 32
f 32 42 43
f 32 43 39
f 32 39 38
f 26 33 44
f 34 45 35
f 35 46 28
f 28 46 29
f 29 46 36
f 37 36 48
f 37 48 49
f 37 49 50
f 37 50 41
f 37 41 29
f 30 40 51
f 30 51 52
f 41 50 53
f 41 53 42
f 42 53 54
f 42 54 55
f 42 55 43
f 43 56 39
f 33 57 44
f 34 58 45
f 35 45 46
f 45 59 60
f 45 60 46
f 46 60 36
f 36 60 47
f 47 61 36
f 47 60 61
f 36 61 48
f 49 48 62
f 49 62 63
f 50 49 63
f 50 63 64
f 39 56 65
f 39 65 66
f 39 66 40
f 40 66 67
f 40 67 51
f 51 67 68
f 51 68 69
f 51 69 52
f 55 54 43
f 43 54 70
f 43 70 56
f 56 70 71
f 56 71 65
f 44 57 72
f 34 73 58
f 58 74 75
f 58 75 45
f 45 75 76
f 45 76 59
f 59 77 60
f 59 76 78
f 59 78 79
f 59 79 77
f 60 77 61
f 61 77 62
f 61 62 48
f 62 80 63
f 63 80 81
f 63 81 82
f 63 82 64
f 50 64 53
f 65 71 83
f 65 83 66
f 66 83 84
f 66 84 67
f 67 84 68
f 68 84 85
f 68 85 69
f 53 64 54
f 54 64 70
f 71 70 86
f 71 86 83
f 73 87 88
f 73 88 58
f 58 88 89
f 58 89 74
f 74 89 75
f 75 89 90
f 75 90 76
f 76 90 78
f 78 91 79
f 79 91 77
f 77 91 92
f 77 92 62
f 62 92 80
f 80 92 93
f 80 93 94
f 80 94 81
f 81 95 82
f 82 95 96
f 64 82 70
f 83 86 84
f 84 86 85
f 85 97 69
f 70 82 86
f 86 96 85
f 72 98 99
f 72 99 44
f 88 87 100
f 88 100 89
f 89 100 90
f 90 100 101
f 90 101 91
f 90 91 78
f 91 101 93
f 91 93 92
f 93 102 103
f 93 103 94
f 94 103 104
f 81 94 105
f 81 105 95
f 95 106 96
f 82 96 86
f 96 106 107
f 85 96 107
f 85 107 97
f 97 107 108
f 97 108 109
f 97 109 69
f 98 110 111
f 98 111 99
f 87 112 100
f 100 112 101
f 101 112 102
f 101 102 93
f 103 102 113
f 104 103 114
f 94 104 105
f 104 114 115
f 105 106 95
f 106 117 118
f 107 106 108
f 110 119 120
f 110 120 111
f 87 121 112
f 112 121 113
f 112 113 102
f 113 114 103
f 115 122 117
f 115 117 116
f 115 116 104
f 104 116 105
f 116 106 105
f 116 117 106
f 118 108 106
f 122 123 124
f 122 124 117
f 119 125 120
f 120 125 126
f 123 127 128
f 123 128 129
f 123 129 124
f 126 125 127
f 127 125 128

o geometry_1
v -0.00259022 -0.00725473 0.00769198
v -0.00259022 -0.00725182 0.00759708
v -0.00259022 -0.00685484 0.00769198
v -0.00266563 -0.00722720 0.00769198
v -0.00265827 -0.00722413 0.00750459
v -0.00259022 -0.00724310 0.00746220
v -0.00398325 -0.00608310 0.00769198
v -0.00259022 -0.00589230 0.00694820
v -0.00313074 -0.00701999 0.00769198
v -0.00313074 -0.00701914 0.00742607
v -0.00332492 -0.00690408 0.00709802
v -0.00263127 -0.00720806 0.00728589
v -0.00259022 -0.00722703 0.00732491
v -0.00259022 -0.00584871 0.00676900
v -0.00398325 -0.00585435 0.00640964
v -0.00398325 -0.00653086 0.00769198
v -0.00317302 -0.00700102 0.00769198
v -0.00335369 -0.00691947 0.00742607
v -0.00348896 -0.00682253 0.00709802
v -0.00398325 -0.00612020 0.00349039
v -0.00259022 -0.00721524 0.00727144
v -0.00261340 -0.00550814 0.00325290
v -0.00398325 -0.00550814 0.00321822
v -0.00398325 -0.00581041 0.00611386
v -0.00398325 -0.00583691 0.00630558
v -0.00259022 -0.00550814 0.00325290
v -0.00394862 -0.00655633 0.00769198
v -0.00398325 -0.00653411 0.00709802
v -0.00394984 -0.00655873 0.00709802
v -0.00335396 -0.00691964 0.00769198
v -0.00351773 -0.00682954 0.00742607
v -0.00378581 -0.00665840 0.00709802
v -0.00398325 -0.00603335 0.00316234
v -0.00398325 -0.00652812 0.00703154
v -0.00259022 -0.00603711 0.00316234
v -0.00398325 -0.00550814 0.00285163
v -0.00259022 -0.00550814 0.00277070
v -0.00378458 -0.00666558 0.00769198
v -0.00378512 -0.00666541 0.00742607
v -0.00348691 -0.00684663 0.00769198
v -0.00351800 -0.00682954 0.00769198
v -0.00356872 -0.00679842 0.00769198
v -0.00398325 -0.00592154 0.00298314
v -0.00259022 -0.00592718 0.00294508
v -0.00259022 -0.00564013 0.00279141
v -0.00398325 -0.00554353 0.00285934
v -0.00398325 -0.00574014 0.00290221
v -0.00259022 -0.00575690 0.00281694
f 130 131 135
f 130 135 142
f 130 142 150
f 130 150 164
f 130 164 173
f 130 173 177
f 130 177 174
f 130 174 166
f 130 166 155
f 130 155 143
f 130 143 137
f 130 137 132
f 130 132 136
f 130 136 145
f 130 145 156
f 130 156 167
f 130 167 171
f 130 171 170
f 130 170 169
f 130 169 159
f 130 159 146
f 130 146 138
f 130 138 133
f 130 133 131
f 131 133 134
f 131 134 135
f 132 137 136
f 133 138 139
f 133 139 134
f 134 139 140
f 134 140 141
f 134 141 135
f 135 141 142
f 136 137 143
f 136 143 144
f 136 144 154
f 136 154 153
f 136 153 152
f 136 152 165
f 136 165 175
f 136 175 176
f 136 176 172
f 136 172 162
f 136 162 149
f 136 149 163
f 136 163 157
f 136 157 145
f 138 146 147
f 138 147 139
f 139 147 140
f 140 147 148
f 140 148 149
f 140 149 141
f 141 149 142
f 142 149 150
f 143 151 152
f 143 152 153
f 143 153 154
f 143 154 144
f 143 155 151
f 145 157 158
f 145 158 156
f 146 159 147
f 147 159 160
f 147 160 148
f 148 160 161
f 148 161 149
f 149 162 150
f 149 161 158
f 149 158 163
f 150 162 164
f 151 155 166
f 151 166 165
f 151 165 152
f 156 158 167
f 157 163 158
f 158 161 160
f 158 160 168
f 158 168 167
f 159 169 160
f 160 169 170
f 160 170 171
f 160 171 168
f 162 172 173
f 162 173 164
f 165 166 174
f 165 174 175
f 167 168 171
f 172 176 177
f 172 177 173
f 174 177 176
f 174 176 175

o geometry_2
v -0.00669796 0.00000124 0.01301054
v -0.00631914 0.00000124 0.01301054
v -0.00671178 0.00000124 0.01333151
v -0.00669803 0.00016417 0.01301054
v -0.00600359 0.00333032 0.01301054
v -0.00600125 0.00000124 0.02985567
v -0.00671178 0.00016417 0.01333151
v -0.00671295 0.00000124 0.01382401
v -0.00671420 0.00016417 0.01431481
v -0.00669606 0.00049232 0.01301054
v -0.00635637 0.00333032 0.01301054
v -0.00600125 0.00333032 0.02918146
v -0.00600125 0.00000124 0.03036006
v -0.00670761 0.00049232 0.01333151
v -0.00669372 0.00082015 0.01301054
v -0.00671449 0.00000124 0.01447954
v -0.00671573 0.00016417 0.01497034
v -0.00670922 0.00049232 0.01398704
v -0.00640867 0.00312437 0.01301054
v -0.00657961 0.00264436 0.02907277
v -0.00635688 0.00333032 0.01321773
v -0.00600125 0.00333032 0.02998474
v -0.00600125 0.00016417 0.03036006
v -0.00619304 0.00000124 0.03016815
v -0.00669913 0.00082015 0.01333151
v -0.00668567 0.00114830 0.01301054
v -0.00674770 0.00000124 0.02874500
v -0.00671229 0.00049232 0.01529980
v -0.00671076 0.00049232 0.01464257
v -0.00674316 0.00016417 0.02677671
v -0.00641079 0.00311590 0.01301054
v -0.00660762 0.00245992 0.02907277
v -0.00657954 0.00264404 0.02940223
v -0.00638921 0.00333032 0.02940223
v -0.00658429 0.00235075 0.01301054
v -0.00658802 0.00236151 0.01497034
v -0.00617226 0.00333032 0.02982171
v -0.00620627 0.00311590 0.02985567
v -0.00604228 0.00311590 0.03001191
v -0.00600125 0.00311590 0.03005097
v -0.00619304 0.00016417 0.03016815
v -0.00600125 0.00049232 0.03034987
v -0.00618879 0.00049232 0.03016476
v -0.00651751 0.00049232 0.02983699
v -0.00627408 0.00000124 0.03008664
v -0.00668647 0.00114830 0.01333151
v -0.00672444 0.00049232 0.02054746
v -0.00673278 0.00049232 0.02415288
v -0.00673731 0.00049232 0.02612118
v -0.00673958 0.00049232 0.02710617
v -0.00673373 0.00082015 0.02874500
v -0.00668530 0.00115644 0.01301054
v -0.00674843 0.00000124 0.02907277
v -0.00674697 0.00016417 0.02841724
v -0.00665078 0.00213177 0.02841724
v -0.00665217 0.00213177 0.02907277
v -0.00660711 0.00245992 0.02940223
v -0.00662342 0.00213177 0.01562757
v -0.00657771 0.00263654 0.02957036
v -0.00635096 0.00333032 0.02955678
v -0.00661479 0.00213764 0.01301054
v -0.00662159 0.00213177 0.01497034
v -0.00662255 0.00213177 0.01529980
v -0.00631811 0.00333032 0.02965697
v -0.00623392 0.00291060 0.02988284
v -0.00600125 0.00284314 0.03012570
v -0.00634745 0.00311590 0.02969264
v -0.00652036 0.00016417 0.02983869
v -0.00600125 0.00114830 0.03032609
v -0.00601888 0.00082015 0.03032100
v -0.00634862 0.00082015 0.02999493
v -0.00651253 0.00082015 0.02983190
v -0.00665041 0.00082015 0.02966716
v -0.00665458 0.00049232 0.02967226
v -0.00665663 0.00016417 0.02967566
v -0.00643771 0.00000124 0.02992190
v -0.00667367 0.00147612 0.01497034
v -0.00667228 0.00147612 0.01431481
v -0.00667016 0.00147612 0.01333151
v -0.00666943 0.00147612 0.01301054
v -0.00673446 0.00082015 0.02907277
v -0.00671895 0.00114830 0.02907277
v -0.00674397 0.00049232 0.02907277
v -0.00674367 0.00000124 0.02940223
v -0.00674843 0.00016417 0.02907277
v -0.00666804 0.00180394 0.02153075
v -0.00668377 0.00180394 0.02907277
v -0.00665093 0.00213177 0.02940223
v -0.00667082 0.00180394 0.02284182
v -0.00664873 0.00180394 0.01301054
v -0.00665407 0.00180394 0.01529980
v -0.00665941 0.00180394 0.01759586
v -0.00666380 0.00180394 0.01956246
v -0.00666453 0.00180394 0.01989192
v -0.00659036 0.00245992 0.02958904
v -0.00644780 0.00245992 0.02975378
v -0.00626304 0.00269194 0.02991002
v -0.00668209 0.00180394 0.02940223
v -0.00661560 0.00213177 0.01301054
v -0.00600125 0.00273365 0.03015287
v -0.00652036 0.00000124 0.02983869
v -0.00600125 0.00148427 0.03031251
v -0.00634145 0.00114830 0.02998814
v -0.00650537 0.00114830 0.02982340
v -0.00664361 0.00114830 0.02966037
v -0.00673943 0.00049232 0.02940223
v -0.00674367 0.00016417 0.02940223
v -0.00665663 0.00000124 0.02967566
v -0.00670227 0.00147612 0.02907277
v -0.00666892 0.00148459 0.01301054
v -0.00673051 0.00082015 0.02940223
v -0.00671595 0.00114830 0.02940223
v -0.00670008 0.00147612 0.02940223
v -0.00661194 0.00213177 0.02961961
v -0.00647128 0.00213177 0.02978434
v -0.00628388 0.00245992 0.02993040
v -0.00600125 0.00259744 0.03018174
v -0.00662730 0.00180394 0.02963999
v -0.00600125 0.00179319 0.03029383
v -0.00632353 0.00180394 0.02997115
v -0.00616963 0.00147612 0.03014438
v -0.00649717 0.00147612 0.02981491
v -0.00663608 0.00147612 0.02965188
v -0.00648752 0.00180394 0.02980472
v -0.00630729 0.00213177 0.02995417
v -0.00600125 0.00213177 0.03025646
v -0.00600125 0.00237454 0.03021910
v -0.00600125 0.00245992 0.03020551
v -0.00600125 0.00208941 0.03026156
f 178 179 183
f 178 183 190
f 178 190 201
f 178 201 222
f 178 222 253
f 178 253 278
f 178 278 285
f 178 285 261
f 178 261 230
f 178 230 204
f 178 204 193
f 178 193 185
f 178 185 180
f 178 180 181
f 178 181 187
f 178 187 192
f 178 192 203
f 178 203 229
f 178 229 257
f 178 257 287
f 178 287 267
f 178 267 276
f 178 276 238
f 178 238 212
f 178 212 208
f 178 208 196
f 178 196 188
f 178 188 182
f 178 182 179
f 179 182 183
f 180 184 181
f 180 185 186
f 180 186 184
f 181 184 187
f 182 188 198
f 182 198 211
f 182 211 237
f 182 237 241
f 182 241 214
f 182 214 199
f 182 199 189
f 182 189 183
f 183 189 199
f 183 199 217
f 183 217 243
f 183 243 277
f 183 277 294
f 183 294 305
f 183 305 304
f 183 304 303
f 183 303 306
f 183 306 296
f 183 296 279
f 183 279 246
f 183 246 219
f 183 219 200
f 183 200 190
f 184 191 192
f 184 192 187
f 184 186 195
f 184 195 191
f 185 193 194
f 185 194 186
f 186 194 206
f 186 206 195
f 188 196 197
f 188 197 198
f 190 200 218
f 190 218 201
f 191 202 203
f 191 203 192
f 191 195 202
f 193 204 194
f 194 205 206
f 194 204 207
f 194 207 205
f 195 206 202
f 196 208 197
f 197 209 210
f 197 210 211
f 197 211 198
f 197 208 212
f 197 212 213
f 197 213 209
f 199 214 215
f 199 215 216
f 199 216 217
f 200 219 220
f 200 220 221
f 200 221 218
f 201 218 222
f 202 223 203
f 202 206 205
f 202 205 224
f 202 224 225
f 202 225 226
f 202 226 227
f 202 227 228
f 202 228 223
f 203 223 229
f 204 230 262
f 204 262 231
f 204 231 207
f 205 207 231
f 205 231 224
f 209 232 233
f 209 233 234
f 209 234 210
f 209 213 235
f 209 235 232
f 210 234 236
f 210 236 211
f 211 236 237
f 212 238 239
f 212 239 240
f 212 240 213
f 213 240 235
f 214 241 215
f 215 242 243
f 215 243 216
f 215 241 244
f 215 244 236
f 215 236 242
f 216 243 217
f 218 221 245
f 218 245 222
f 219 246 247
f 219 247 220
f 220 247 248
f 220 248 249
f 220 249 221
f 221 249 250
f 221 250 251
f 221 251 252
f 221 252 245
f 222 245 253
f 223 254 255
f 223 255 256
f 223 256 257
f 223 257 229
f 223 228 258
f 223 258 259
f 223 259 254
f 224 231 225
f 225 231 226
f 226 231 227
f 227 231 262
f 227 262 260
f 227 260 258
f 227 258 228
f 230 261 284
f 230 284 262
f 232 235 263
f 232 263 266
f 232 266 233
f 233 264 265
f 233 265 234
f 233 266 264
f 234 265 236
f 235 240 267
f 235 267 268
f 235 268 269
f 235 269 270
f 235 270 271
f 235 271 263
f 236 272 273
f 236 273 274
f 236 274 242
f 236 244 241
f 236 241 237
f 236 265 275
f 236 275 272
f 238 276 239
f 239 276 267
f 239 267 240
f 242 274 243
f 243 274 277
f 245 278 253
f 245 252 285
f 245 285 278
f 246 279 248
f 246 248 247
f 248 279 249
f 249 279 280
f 249 280 281
f 249 281 282
f 249 282 250
f 250 282 283
f 250 283 251
f 251 283 284
f 251 284 252
f 252 284 261
f 252 261 285
f 254 259 286
f 254 286 264
f 254 264 266
f 254 266 263
f 254 263 255
f 255 263 271
f 255 271 256
f 256 287 257
f 256 271 270
f 256 270 269
f 256 269 287
f 258 260 288
f 258 288 289
f 258 289 259
f 259 289 290
f 259 290 286
f 260 262 283
f 260 283 288
f 262 284 283
f 264 286 275
f 264 275 265
f 267 287 268
f 268 287 269
f 272 275 291
f 272 291 292
f 272 292 273
f 273 292 293
f 273 293 274
f 274 293 294
f 274 294 277
f 275 286 290
f 275 290 295
f 275 295 291
f 279 296 297
f 279 297 298
f 279 298 280
f 280 298 281
f 281 298 299
f 281 299 300
f 281 300 282
f 282 300 288
f 282 288 283
f 288 300 295
f 288 295 289
f 289 295 290
f 291 295 301
f 291 301 292
f 292 301 302
f 292 302 293
f 293 302 303
f 293 303 304
f 293 304 305
f 293 305 294
f 295 300 301
f 296 306 302
f 296 302 297
f 297 302 301
f 297 301 299
f 297 299 298
f 299 301 300
f 302 306 303

o geometry_3
v -0.00401913 -0.00366396 0.01863706
v -0.00410235 -0.00286772 0.01136238
v -0.00367595 -0.00366396 0.01863706
v -0.00420935 -0.00366396 0.03029474
v -0.00421819 -0.00157307 0.01136238
v -0.00376613 -0.00286772 0.01136238
v -0.00493795 0.00000092 0.03036674
v -0.00367345 -0.00366396 0.01889856
v -0.00375966 -0.00180379 0.01136238
v -0.00375119 0.00333032 0.01200855
v -0.00420935 -0.00366396 0.03071731
v -0.00421819 -0.00116366 0.01136238
v -0.00493795 0.00333032 0.03031748
v -0.00493795 0.00000092 0.03071731
v -0.00367046 -0.00366396 0.01922449
v -0.00376289 -0.00147585 0.01136238
v -0.00386218 -0.00123828 0.01136238
v -0.00411493 -0.00116366 0.01136238
v -0.00406709 0.00333032 0.01200855
v -0.00374882 0.00333032 0.03038380
v -0.00366548 -0.00366396 0.01989341
v -0.00366760 -0.00366396 0.01954853
v -0.00411468 -0.00366396 0.03072110
v -0.00421994 0.00151055 0.01200855
v -0.00409325 0.00311534 0.01200855
v -0.00493795 0.00333032 0.03070594
v -0.00493795 0.00294829 0.03071731
v -0.00377971 0.00333032 0.03047097
v -0.00367358 -0.00366396 0.03038569
v -0.00366561 -0.00366396 0.02021934
v -0.00411468 -0.00344351 0.03072110
v -0.00379454 -0.00366396 0.03063204
v -0.00493795 0.00327623 0.03070973
v -0.00488439 0.00333032 0.03071162
v -0.00422866 0.00333032 0.03071920
v -0.00477066 0.00333032 0.03071731
v -0.00384959 0.00333032 0.03063393
v -0.00411480 0.00333032 0.03071731
v -0.00393692 0.00333032 0.03066236
f 307 308 312
f 307 312 309
f 307 309 314
f 307 314 321
f 307 321 328
f 307 328 327
f 307 327 336
f 307 336 335
f 307 335 338
f 307 338 329
f 307 329 317
f 307 317 310
f 307 310 308
f 308 311 318
f 308 318 324
f 308 324 323
f 308 323 322
f 308 322 315
f 308 315 312
f 308 310 313
f 308 313 311
f 309 312 315
f 309 315 316
f 309 316 314
f 310 317 320
f 310 320 313
f 311 313 319
f 311 319 318
f 313 320 333
f 313 333 339
f 313 339 332
f 313 332 319
f 314 316 321
f 315 322 316
f 316 322 323
f 316 323 324
f 316 324 318
f 316 318 325
f 316 325 319
f 316 319 332
f 316 332 340
f 316 340 342
f 316 342 341
f 316 341 344
f 316 344 345
f 316 345 343
f 316 343 334
f 316 334 326
f 316 326 327
f 316 327 328
f 316 328 321
f 317 329 320
f 318 319 330
f 318 330 331
f 318 331 325
f 319 325 331
f 319 331 330
f 320 329 337
f 320 337 333
f 326 334 335
f 326 335 336
f 326 336 327
f 329 338 337
f 332 339 340
f 333 337 341
f 333 341 342
f 333 342 340
f 333 340 339
f 334 343 335
f 335 343 338
f 337 344 341
f 337 338 344
f 338 343 345
f 338 345 344

o geometry_4
v 0.00769333 0.00408156 0.00021051
v 0.00740991 0.00413613 0.00053844
v 0.00741044 0.00413633 0.00021051
v 0.00741079 0.00413694 -0.00011742
v 0.00769333 0.00408277 -0.00011742
v 0.00790146 0.00421017 -0.00011742
v 0.00790181 0.00420956 0.00021051
v 0.00769333 0.00409718 0.00676735
v 0.00769085 0.00409738 0.00676735
v 0.00739680 0.00413430 0.00676735
v 0.00622966 0.00486905 -0.00158105
v 0.00741133 0.00414120 -0.00044535
v 0.00622966 0.00486966 -0.00175797
v 0.00622966 0.00487108 -0.00190898
v 0.00741204 0.00415276 -0.00077328
v 0.00769333 0.00409697 -0.00044535
v 0.00799251 0.00442824 -0.00011742
v 0.00789296 0.00421991 -0.00044535
v 0.00799268 0.00442824 0.00021051
v 0.00799003 0.00442824 0.00119431
v 0.00789101 0.00422680 0.00676735
v 0.00622966 0.00485891 0.00676735
v 0.00622966 0.00485891 0.00661813
v 0.00622966 0.00488913 -0.00216453
v 0.00742178 0.00418197 -0.00110121
v 0.00763576 0.00418197 -0.00110121
v 0.00771688 0.00416087 -0.00078132
v 0.00787595 0.00424060 -0.00067678
v 0.00803909 0.00475626 -0.00011742
v 0.00797709 0.00442824 -0.00044535
v 0.00802598 0.00475626 -0.00044535
v 0.00803838 0.00475626 0.00119431
v 0.00803803 0.00475626 0.00152224
v 0.00798896 0.00442824 0.00152224
v 0.00797196 0.00442824 0.00676735
v 0.00622966 0.00615395 0.00676735
v 0.00622966 0.00491023 -0.00226014
v 0.00746394 0.00422376 -0.00133353
v 0.00757748 0.00422376 -0.00133353
v 0.00784194 0.00429943 -0.00089570
v 0.00791244 0.00441647 -0.00078132
v 0.00803289 0.00508408 -0.00011742
v 0.00796895 0.00475626 -0.00077328
v 0.00796470 0.00508408 -0.00077328
v 0.00801943 0.00508408 -0.00044535
v 0.00803697 0.00475626 0.00185017
v 0.00803236 0.00508408 0.00021051
v 0.00801961 0.00475626 0.00676735
v 0.00670952 0.00611500 -0.00142914
v 0.00622966 0.00610851 -0.00175797
v 0.00638430 0.00615375 0.00676735
v 0.00622966 0.00498874 -0.00229499
v 0.00638146 0.00490638 -0.00226372
v 0.00719983 0.00459195 -0.00192149
v 0.00720178 0.00459195 -0.00192149
v 0.00753833 0.00456679 -0.00160428
v 0.00761326 0.00444569 -0.00143808
v 0.00779535 0.00441647 -0.00109943
v 0.00787914 0.00451811 -0.00098952
v 0.00793494 0.00540723 -0.00044535
v 0.00794220 0.00541169 -0.00011742
v 0.00794184 0.00541129 0.00021051
v 0.00789118 0.00475626 -0.00101722
v 0.00789048 0.00508408 -0.00101901
v 0.00787808 0.00531209 -0.00099041
v 0.00790819 0.00537356 -0.00077328
v 0.00791598 0.00543482 0.00676735
v 0.00800792 0.00508672 0.00676735
v 0.00800845 0.00508408 0.00676735
v 0.00703757 0.00610263 -0.00110121
v 0.00703757 0.00609147 -0.00142914
v 0.00638146 0.00610445 -0.00175797
v 0.00671235 0.00614928 0.00676735
v 0.00622966 0.00599815 -0.00208501
v 0.00622966 0.00508408 -0.00232001
v 0.00657366 0.00490901 -0.00225925
v 0.00676142 0.00508408 -0.00219491
v 0.00721028 0.00475626 -0.00192864
v 0.00754435 0.00475626 -0.00161143
v 0.00766693 0.00475626 -0.00142914
v 0.00781590 0.00475626 -0.00118163
v 0.00737413 0.00475626 -0.00177495
v 0.00783769 0.00553747 -0.00077328
v 0.00785292 0.00557114 -0.00044535
v 0.00785700 0.00557560 -0.00011742
v 0.00785664 0.00557540 0.00021051
v 0.00790234 0.00546119 0.00676735
v 0.00781218 0.00508408 -0.00118253
v 0.00764390 0.00541190 -0.00142914
v 0.00753196 0.00558169 -0.00159713
v 0.00779642 0.00541778 -0.00110032
v 0.00734295 0.00600079 -0.00077328
v 0.00733782 0.00600079 -0.00110121
v 0.00703757 0.00612169 0.00676735
v 0.00704005 0.00612088 0.00676735
v 0.00730434 0.00598497 -0.00142914
v 0.00725137 0.00594724 -0.00165074
v 0.00702677 0.00598761 -0.00175886
v 0.00670952 0.00607423 -0.00175797
v 0.00638146 0.00599998 -0.00205552
v 0.00622966 0.00588597 -0.00223959
v 0.00638146 0.00508408 -0.00230929
v 0.00622966 0.00523582 -0.00234771
v 0.00659739 0.00508408 -0.00226908
v 0.00659810 0.00541190 -0.00227087
v 0.00676213 0.00541190 -0.00219491
v 0.00703757 0.00508408 -0.00204480
v 0.00721843 0.00508408 -0.00193578
v 0.00754666 0.00508408 -0.00161411
v 0.00738245 0.00508408 -0.00177852
v 0.00766551 0.00508408 -0.00142914
v 0.00757642 0.00564336 -0.00142914
v 0.00764089 0.00571030 -0.00110121
v 0.00750184 0.00587421 -0.00110121
v 0.00750698 0.00588029 -0.00077328
v 0.00750308 0.00587461 0.00676735
v 0.00771759 0.00568799 0.00676735
v 0.00774416 0.00566344 0.00676735
v 0.00784690 0.00556323 0.00668693
v 0.00754046 0.00541190 -0.00160696
v 0.00746836 0.00580747 -0.00142914
v 0.00737749 0.00541190 -0.00177137
v 0.00720603 0.00558554 -0.00192506
v 0.00733799 0.00569285 -0.00173384
v 0.00734242 0.00600099 -0.00044535
v 0.00733746 0.00600140 0.00676735
v 0.00712880 0.00580422 -0.00186966
v 0.00691021 0.00592573 -0.00194383
v 0.00670952 0.00596509 -0.00199387
v 0.00638146 0.00584216 -0.00221993
v 0.00622966 0.00585189 -0.00225389
v 0.00622966 0.00541190 -0.00236111
v 0.00638146 0.00541190 -0.00233341
v 0.00657454 0.00560948 -0.00226104
v 0.00703757 0.00541190 -0.00204033
v 0.00721347 0.00541190 -0.00193132
v 0.00750007 0.00587705 0.00676735
v 0.00702677 0.00571294 -0.00198046
v 0.00669411 0.00572734 -0.00215381
v 0.00638146 0.00567825 -0.00228784
v 0.00622966 0.00572227 -0.00229767
f 346 347 348
f 346 348 349
f 346 349 350
f 346 350 351
f 346 351 352
f 346 352 353
f 346 353 354
f 346 354 355
f 346 355 347
f 347 356 348
f 347 355 356
f 348 356 349
f 349 357 350
f 349 356 358
f 349 358 359
f 349 359 357
f 350 357 360
f 350 360 361
f 350 361 351
f 351 362 352
f 351 361 363
f 351 363 362
f 352 362 364
f 352 364 365
f 352 365 366
f 352 366 353
f 353 366 380
f 353 380 393
f 353 393 414
f 353 414 413
f 353 413 412
f 353 412 432
f 353 432 463
f 353 463 462
f 353 462 461
f 353 461 482
f 353 482 471
f 353 471 440
f 353 440 439
f 353 439 418
f 353 418 396
f 353 396 381
f 353 381 367
f 353 367 355
f 353 355 354
f 355 367 368
f 355 368 356
f 356 368 367
f 356 367 381
f 356 381 395
f 356 395 419
f 356 419 446
f 356 446 476
f 356 476 486
f 356 486 477
f 356 477 448
f 356 448 420
f 356 420 397
f 356 397 382
f 356 382 369
f 356 369 359
f 356 359 358
f 357 359 360
f 359 369 360
f 360 369 370
f 360 370 361
f 361 370 371
f 361 371 372
f 361 372 373
f 361 373 363
f 362 374 364
f 362 363 375
f 362 375 376
f 362 376 374
f 363 373 375
f 364 377 378
f 364 378 365
f 364 374 377
f 365 378 391
f 365 391 379
f 365 379 366
f 366 379 380
f 369 382 370
f 370 382 383
f 370 383 384
f 370 384 371
f 371 384 385
f 371 385 373
f 371 373 372
f 373 385 386
f 373 386 375
f 374 376 387
f 374 387 377
f 375 386 388
f 375 388 376
f 376 388 389
f 376 389 390
f 376 390 387
f 377 387 378
f 378 387 392
f 378 392 391
f 379 391 380
f 380 391 393
f 381 394 395
f 381 396 394
f 382 397 398
f 382 398 399
f 382 399 383
f 383 399 400
f 383 400 384
f 384 400 401
f 384 401 402
f 384 402 403
f 384 403 385
f 385 403 404
f 385 404 386
f 386 404 388
f 387 390 405
f 387 405 406
f 387 406 407
f 387 407 392
f 388 404 408
f 388 408 409
f 388 409 389
f 389 409 410
f 389 410 411
f 389 411 390
f 390 411 405
f 391 392 393
f 392 407 412
f 392 412 413
f 392 413 414
f 392 414 393
f 394 415 416
f 394 416 417
f 394 417 395
f 394 396 418
f 394 418 415
f 395 417 419
f 397 420 421
f 397 421 398
f 398 421 400
f 398 400 399
f 400 421 422
f 400 422 423
f 400 423 401
f 401 424 425
f 401 425 426
f 401 426 402
f 401 423 427
f 401 427 424
f 402 426 404
f 402 404 403
f 404 426 408
f 405 411 428
f 405 428 429
f 405 429 406
f 406 429 430
f 406 430 431
f 406 431 407
f 407 431 432
f 407 432 412
f 408 426 409
f 409 426 433
f 409 433 410
f 410 433 434
f 410 434 435
f 410 435 436
f 410 436 428
f 410 428 411
f 415 437 438
f 415 438 416
f 415 418 439
f 415 439 440
f 415 440 437
f 416 438 441
f 416 441 442
f 416 442 443
f 416 443 444
f 416 444 417
f 417 444 445
f 417 445 419
f 419 445 446
f 420 447 421
f 420 448 447
f 421 447 449
f 421 449 422
f 422 449 450
f 422 450 451
f 422 451 452
f 422 452 423
f 423 453 427
f 423 452 453
f 424 454 425
f 424 427 455
f 424 455 454
f 425 454 456
f 425 456 426
f 426 456 433
f 427 453 455
f 428 436 457
f 428 457 458
f 428 458 459
f 428 459 429
f 429 460 430
f 429 459 460
f 430 460 461
f 430 461 462
f 430 462 431
f 431 462 463
f 431 463 464
f 431 464 432
f 432 464 463
f 433 456 465
f 433 465 434
f 434 465 435
f 435 466 457
f 435 457 436
f 435 465 467
f 435 467 468
f 435 468 469
f 435 469 442
f 435 442 466
f 437 470 471
f 437 471 460
f 437 460 438
f 437 440 470
f 438 460 459
f 438 459 441
f 440 471 470
f 441 459 466
f 441 466 442
f 442 469 472
f 442 472 473
f 442 473 443
f 443 473 474
f 443 474 444
f 444 474 445
f 445 474 446
f 446 475 476
f 446 474 475
f 447 448 477
f 447 477 478
f 447 478 449
f 449 478 450
f 450 479 451
f 450 478 479
f 451 480 452
f 451 479 468
f 451 468 480
f 452 480 453
f 453 481 455
f 453 480 481
f 454 465 456
f 454 455 467
f 454 467 465
f 455 481 467
f 457 466 458
f 458 466 459
f 460 471 482
f 460 482 461
f 467 481 468
f 468 472 469
f 468 481 480
f 468 479 483
f 468 483 472
f 472 483 473
f 473 483 484
f 473 484 475
f 473 475 474
f 475 479 485
f 475 485 476
f 475 484 479
f 476 485 486
f 477 486 485
f 477 485 478
f 478 485 479
f 479 484 483

o geometry_5
v 0.00670961 -0.00611487 -0.00142974
v 0.00622955 -0.00611148 -0.00158154
v 0.00622955 -0.00610849 -0.00175750
v 0.00638154 -0.00610431 -0.00175750
v 0.00703751 -0.00609116 -0.00142974
v 0.00703751 -0.00610252 -0.00110197
v 0.00703751 -0.00610371 0.00644952
v 0.00670961 -0.00610889 0.00644952
v 0.00622955 -0.00610869 0.00644952
v 0.00622955 -0.00605152 -0.00193173
v 0.00622955 -0.00599814 -0.00208526
v 0.00638154 -0.00600013 -0.00205594
v 0.00670961 -0.00607423 -0.00175750
v 0.00730340 -0.00598439 -0.00142974
v 0.00733776 -0.00600073 -0.00110197
v 0.00702688 -0.00598718 -0.00175922
v 0.00725061 -0.00594674 -0.00165055
v 0.00734361 -0.00600053 -0.00077335
v 0.00733032 -0.00600112 0.00644952
v 0.00622955 -0.00485909 0.00644952
v 0.00622955 -0.00591865 -0.00220602
v 0.00670961 -0.00596507 -0.00199383
v 0.00746743 -0.00580411 -0.00142974
v 0.00750180 -0.00587483 -0.00110197
v 0.00750765 -0.00588100 -0.00077335
v 0.00691049 -0.00592563 -0.00194381
v 0.00712927 -0.00580431 -0.00186963
v 0.00733759 -0.00569077 -0.00173162
v 0.00752997 -0.00557702 -0.00159448
v 0.00749418 -0.00586905 0.00644952
v 0.00739179 -0.00413380 0.00644952
v 0.00622955 -0.00485909 0.00644175
v 0.00622955 -0.00588598 -0.00223966
v 0.00638154 -0.00584216 -0.00221982
v 0.00757514 -0.00564017 -0.00142974
v 0.00764104 -0.00571089 -0.00110197
v 0.00783749 -0.00553798 -0.00077335
v 0.00785290 -0.00557124 -0.00044558
v 0.00785662 -0.00557543 -0.00011782
v 0.00669402 -0.00572742 -0.00215427
v 0.00702688 -0.00571308 -0.00198090
v 0.00720615 -0.00558559 -0.00192569
v 0.00753829 -0.00541188 -0.00160397
v 0.00764228 -0.00541188 -0.00142974
v 0.00787876 -0.00531268 -0.00099243
v 0.00779675 -0.00541806 -0.00110111
v 0.00749932 -0.00586447 0.00644952
v 0.00785591 -0.00557463 0.00021080
v 0.00739179 -0.00413380 0.00644175
v 0.00769347 -0.00409615 0.00644952
v 0.00769347 -0.00409077 0.00447345
v 0.00769347 -0.00408818 0.00348930
v 0.00769347 -0.00408320 0.00152272
v 0.00769347 -0.00408001 0.00021080
v 0.00622955 -0.00485929 0.00626580
v 0.00739410 -0.00413400 0.00447345
v 0.00739640 -0.00413420 0.00250601
v 0.00739853 -0.00413460 0.00053857
v 0.00622955 -0.00572244 -0.00229831
v 0.00638154 -0.00567822 -0.00228796
v 0.00657445 -0.00560949 -0.00226122
v 0.00790852 -0.00537384 -0.00077335
v 0.00793492 -0.00540710 -0.00044558
v 0.00794076 -0.00541128 -0.00011782
v 0.00721341 -0.00541188 -0.00193173
v 0.00737745 -0.00541188 -0.00176871
v 0.00676187 -0.00541188 -0.00219394
v 0.00703751 -0.00541188 -0.00203955
v 0.00754449 -0.00508419 -0.00161259
v 0.00766265 -0.00508419 -0.00142974
v 0.00781145 -0.00508419 -0.00118305
v 0.00789116 -0.00508419 -0.00101917
v 0.00796468 -0.00508419 -0.00077335
v 0.00767806 -0.00570451 0.00644952
v 0.00792677 -0.00539376 0.00644952
v 0.00784280 -0.00555391 0.00644952
v 0.00784121 -0.00555690 0.00644952
v 0.00783820 -0.00555989 0.00644952
v 0.00739463 -0.00413400 0.00414569
v 0.00788691 -0.00422643 0.00644952
v 0.00789152 -0.00422085 0.00447345
v 0.00789311 -0.00421906 0.00381792
v 0.00789471 -0.00421726 0.00316153
v 0.00789949 -0.00421209 0.00119409
v 0.00790179 -0.00420950 0.00021080
v 0.00790144 -0.00421009 -0.00011782
v 0.00769347 -0.00408121 -0.00011782
v 0.00739923 -0.00413519 -0.00011782
v 0.00739888 -0.00413479 0.00021080
v 0.00622955 -0.00485989 0.00578536
v 0.00622955 -0.00486906 -0.00142974
v 0.00622955 -0.00555491 -0.00233626
v 0.00622955 -0.00541188 -0.00236127
v 0.00638154 -0.00541188 -0.00233367
v 0.00659783 -0.00541188 -0.00227071
v 0.00801888 -0.00508419 -0.00044558
v 0.00803146 -0.00508419 -0.00011782
v 0.00721908 -0.00508419 -0.00193604
v 0.00738311 -0.00508419 -0.00177647
v 0.00676151 -0.00508419 -0.00219394
v 0.00703751 -0.00508419 -0.00204386
v 0.00754396 -0.00475611 -0.00161173
v 0.00766548 -0.00475611 -0.00142974
v 0.00781499 -0.00475611 -0.00118046
v 0.00789134 -0.00475611 -0.00101658
v 0.00796840 -0.00475611 -0.00077335
v 0.00802544 -0.00475611 -0.00044558
v 0.00800737 -0.00508419 0.00611399
v 0.00800595 -0.00508419 0.00644952
v 0.00802632 -0.00508419 0.00152272
v 0.00802526 -0.00508419 0.00185048
v 0.00796539 -0.00442822 0.00644952
v 0.00798275 -0.00442822 0.00283377
v 0.00798895 -0.00442822 0.00152272
v 0.00790108 -0.00421049 0.00053857
v 0.00799001 -0.00442822 0.00119409
v 0.00799267 -0.00442822 0.00021080
v 0.00799249 -0.00442822 -0.00011782
v 0.00789293 -0.00421985 -0.00044558
v 0.00769347 -0.00409575 -0.00044558
v 0.00740207 -0.00415312 -0.00077335
v 0.00740047 -0.00414017 -0.00044558
v 0.00622955 -0.00486965 -0.00175750
v 0.00622955 -0.00508419 -0.00231987
v 0.00638154 -0.00508419 -0.00231038
v 0.00659748 -0.00508419 -0.00226984
v 0.00803926 -0.00475611 -0.00011782
v 0.00803837 -0.00475611 0.00119409
v 0.00803802 -0.00475611 0.00152272
v 0.00721164 -0.00475611 -0.00193001
v 0.00737550 -0.00475611 -0.00177561
v 0.00657392 -0.00490850 -0.00225949
v 0.00720278 -0.00459097 -0.00192224
v 0.00753989 -0.00456308 -0.00160656
v 0.00761358 -0.00444356 -0.00143750
v 0.00787912 -0.00451806 -0.00098898
v 0.00791242 -0.00441647 -0.00078111
v 0.00797708 -0.00442822 -0.00044558
v 0.00803695 -0.00475611 0.00185048
v 0.00801481 -0.00476447 0.00644952
v 0.00796663 -0.00443639 0.00644952
v 0.00801499 -0.00475611 0.00644952
v 0.00787593 -0.00424037 -0.00067761
v 0.00763519 -0.00418340 -0.00110197
v 0.00741535 -0.00418340 -0.00110197
v 0.00771685 -0.00416109 -0.00078111
v 0.00622955 -0.00488499 -0.00208526
v 0.00622955 -0.00490989 -0.00226036
v 0.00638154 -0.00490591 -0.00226381
v 0.00719534 -0.00459097 -0.00192224
v 0.00757656 -0.00422464 -0.00133313
v 0.00779480 -0.00441647 -0.00109939
v 0.00784192 -0.00429934 -0.00089583
v 0.00746177 -0.00422464 -0.00133313
f 487 488 489
f 487 489 490
f 487 490 491
f 487 491 492
f 487 492 493
f 487 493 494
f 487 494 495
f 487 495 488
f 488 495 506
f 488 506 518
f 488 518 541
f 488 541 576
f 488 576 577
f 488 577 609
f 488 609 633
f 488 633 634
f 488 634 610
f 488 610 579
f 488 579 578
f 488 578 545
f 488 545 519
f 488 519 507
f 488 507 497
f 488 497 496
f 488 496 489
f 489 496 490
f 490 496 497
f 490 497 498
f 490 498 499
f 490 499 491
f 491 500 501
f 491 501 492
f 491 499 502
f 491 502 503
f 491 503 500
f 492 501 504
f 492 504 493
f 493 505 516
f 493 516 533
f 493 533 560
f 493 560 564
f 493 564 563
f 493 563 562
f 493 562 561
f 493 561 595
f 493 595 626
f 493 626 628
f 493 628 627
f 493 627 598
f 493 598 566
f 493 566 536
f 493 536 517
f 493 517 506
f 493 506 495
f 493 495 494
f 493 504 505
f 497 507 498
f 498 507 508
f 498 508 499
f 499 508 502
f 500 509 510
f 500 510 501
f 500 503 509
f 501 510 511
f 501 511 504
f 502 508 512
f 502 512 503
f 503 512 513
f 503 513 514
f 503 514 515
f 503 515 509
f 504 511 505
f 505 511 516
f 506 517 535
f 506 535 518
f 507 519 508
f 508 519 520
f 508 520 512
f 509 521 522
f 509 522 510
f 509 515 521
f 510 522 523
f 510 523 524
f 510 524 511
f 511 524 525
f 511 525 516
f 512 520 526
f 512 526 527
f 512 527 513
f 513 527 528
f 513 528 514
f 514 528 515
f 515 529 530
f 515 530 531
f 515 531 532
f 515 532 521
f 515 528 529
f 516 525 534
f 516 534 533
f 517 536 537
f 517 537 538
f 517 538 539
f 517 539 540
f 517 540 535
f 518 535 542
f 518 542 543
f 518 543 544
f 518 544 541
f 519 545 546
f 519 546 520
f 520 546 547
f 520 547 526
f 521 532 523
f 521 523 522
f 523 532 531
f 523 531 548
f 523 548 549
f 523 549 524
f 524 549 550
f 524 550 525
f 525 550 534
f 526 547 527
f 527 547 528
f 528 551 552
f 528 552 529
f 528 547 553
f 528 553 554
f 528 554 551
f 529 555 556
f 529 556 557
f 529 557 530
f 529 552 555
f 530 557 531
f 531 557 558
f 531 558 559
f 531 559 548
f 533 534 560
f 534 550 561
f 534 561 562
f 534 562 563
f 534 563 564
f 534 564 560
f 535 565 542
f 535 540 565
f 536 566 567
f 536 567 568
f 536 568 569
f 536 569 570
f 536 570 571
f 536 571 537
f 537 571 538
f 538 571 539
f 539 571 540
f 540 571 572
f 540 572 573
f 540 573 574
f 540 574 575
f 540 575 544
f 540 544 543
f 540 543 565
f 541 544 576
f 542 565 543
f 544 575 577
f 544 577 576
f 545 578 546
f 546 578 579
f 546 579 580
f 546 580 547
f 547 580 581
f 547 581 553
f 548 559 582
f 548 582 549
f 549 582 583
f 549 583 550
f 550 583 561
f 551 584 585
f 551 585 552
f 551 554 584
f 552 585 555
f 553 586 587
f 553 587 554
f 553 581 586
f 554 587 584
f 555 588 589
f 555 589 556
f 555 585 588
f 556 589 557
f 557 589 590
f 557 590 558
f 558 591 592
f 558 592 559
f 558 590 591
f 559 592 593
f 559 593 582
f 561 594 595
f 561 583 596
f 561 596 597
f 561 597 594
f 566 569 568
f 566 568 567
f 566 598 599
f 566 599 600
f 566 600 569
f 569 600 570
f 570 600 601
f 570 601 571
f 571 601 600
f 571 600 602
f 571 602 603
f 571 603 604
f 571 604 572
f 572 604 605
f 572 605 606
f 572 606 573
f 573 606 607
f 573 607 608
f 573 608 574
f 574 608 609
f 574 609 575
f 575 609 577
f 579 610 611
f 579 611 580
f 580 611 612
f 580 612 581
f 581 612 586
f 582 593 613
f 582 613 583
f 583 613 614
f 583 614 615
f 583 615 596
f 584 616 617
f 584 617 585
f 584 587 616
f 585 617 588
f 586 612 618
f 586 618 619
f 586 619 616
f 586 616 587
f 588 620 589
f 588 617 620
f 589 620 590
f 590 620 621
f 590 621 622
f 590 622 591
f 591 622 592
f 592 622 623
f 592 623 624
f 592 624 593
f 593 624 604
f 593 604 613
f 594 597 625
f 594 625 595
f 595 625 626
f 596 615 625
f 596 625 597
f 598 627 599
f 599 627 628
f 599 628 625
f 599 625 600
f 600 625 615
f 600 615 602
f 602 615 603
f 603 615 614
f 603 614 613
f 603 613 604
f 604 624 605
f 605 624 629
f 605 629 606
f 606 630 631
f 606 631 607
f 606 629 632
f 606 632 630
f 607 631 633
f 607 633 609
f 607 609 608
f 610 634 635
f 610 635 618
f 610 618 611
f 611 618 612
f 616 619 620
f 616 620 617
f 618 635 619
f 619 635 636
f 619 636 640
f 619 640 637
f 619 637 620
f 620 637 621
f 621 637 638
f 621 638 622
f 622 639 623
f 622 638 639
f 623 639 629
f 623 629 624
f 625 628 626
f 629 639 630
f 629 630 632
f 630 639 637
f 630 637 640
f 630 640 631
f 631 640 634
f 631 634 633
f 634 636 635
f 634 640 636
f 637 639 638

o geometry_6
v -0.00411438 -0.00366396 0.03072084
v -0.00379376 -0.00366431 0.03063516
v -0.00367298 -0.00366431 0.03038615
v -0.00398294 -0.00366396 0.02956438
v 0.00106347 -0.00529063 0.03057407
v 0.00172158 -0.00529063 0.03027507
v 0.00228911 -0.00529063 0.02990405
v 0.00238236 -0.00529063 0.02974828
v -0.00368452 -0.00366431 0.02993476
v -0.00548656 -0.00446440 0.02908775
v -0.00626457 -0.00366396 0.02956438
v 0.00280867 -0.00615256 0.02931618
v -0.00444211 -0.00410040 0.03072004
v -0.00017903 -0.00541220 0.03072984
v 0.00014869 -0.00541220 0.03072389
v 0.00061763 -0.00529063 0.03064834
v 0.00094535 -0.00541220 0.03060928
v 0.00124909 -0.00541220 0.03052569
v 0.00182328 -0.00541220 0.03023585
v 0.00244009 -0.00542881 0.02974828
v -0.00590310 -0.00446440 0.02908775
v -0.00398294 -0.00611722 0.02908775
v -0.00590576 -0.00446440 0.02940282
v -0.00595105 -0.00432693 0.02960939
v -0.00625480 -0.00366396 0.02960071
v 0.00261772 -0.00615256 0.02957772
v 0.00261239 -0.00656391 0.02957081
v 0.00280423 -0.00639570 0.02931618
v -0.00398382 -0.00657416 0.02908775
v -0.00476983 -0.00366396 0.03071345
v -0.00313032 -0.00541220 0.03072309
v -0.00017903 -0.00606775 0.03073000
v 0.00014869 -0.00606775 0.03072518
v 0.00047641 -0.00606775 0.03070284
v 0.00047641 -0.00541220 0.03069142
v 0.00080502 -0.00606775 0.03065461
v 0.00109189 -0.00606775 0.03058710
v 0.00135345 -0.00639570 0.03047360
v 0.00175800 -0.00606775 0.03029661
v 0.00191786 -0.00639570 0.03019389
v 0.00229888 -0.00606775 0.02991177
v -0.00561623 -0.00494395 0.02908775
v -0.00560379 -0.00494007 0.02958447
v -0.00556294 -0.00454851 0.02987110
v -0.00587645 -0.00399809 0.02985510
v 0.00228822 -0.00656709 0.02990132
v -0.00476983 -0.00377245 0.03071055
v -0.00510199 -0.00366396 0.03063178
v -0.00444211 -0.00442870 0.03069866
v -0.00378666 -0.00508425 0.03070605
v -0.00345805 -0.00541220 0.03069625
v -0.00280260 -0.00573944 0.03071296
v -0.00181765 -0.00606775 0.03072518
v -0.00001517 -0.00639570 0.03070895
v 0.00080502 -0.00639570 0.03064834
v 0.00108212 -0.00639570 0.03058436
v 0.00103772 -0.00658653 0.03057038
v 0.00170649 -0.00661162 0.03026655
v 0.00175445 -0.00639570 0.03029372
v -0.00561090 -0.00495067 0.02940282
v -0.00532580 -0.00532562 0.02940282
v -0.00530360 -0.00529947 0.02961325
v -0.00527252 -0.00493477 0.02990357
v -0.00526896 -0.00366396 0.03054088
v -0.00594750 -0.00366396 0.02992157
v 0.00248716 -0.00683673 0.02931618
v 0.00270120 -0.00665120 0.02931618
v 0.00227845 -0.00683673 0.02956310
v -0.00258945 -0.00727423 0.02939382
v -0.00337900 -0.00693038 0.02939824
v -0.00396784 -0.00657169 0.02958319
v -0.00443855 -0.00622571 0.02940282
v -0.00457843 -0.00459021 0.03061796
v -0.00411971 -0.00508885 0.03062744
v -0.00313032 -0.00573944 0.03067021
v -0.00360237 -0.00556858 0.03060944
v -0.00247399 -0.00606775 0.03067278
v -0.00214626 -0.00606775 0.03071152
v -0.00099923 -0.00639570 0.03069046
v -0.00058913 -0.00663424 0.03061350
v 0.00031255 -0.00664219 0.03061699
v 0.00047641 -0.00639570 0.03069126
v 0.00080502 -0.00661692 0.03059449
v 0.00108479 -0.00683673 0.03030658
v 0.00080502 -0.00683673 0.03038374
v 0.00146047 -0.00683673 0.03015772
v -0.00525831 -0.00540814 0.02908775
v -0.00502561 -0.00567619 0.02940282
v -0.00499453 -0.00564120 0.02962981
v -0.00487019 -0.00550479 0.02984859
v -0.00464460 -0.00463968 0.03057793
v -0.00490571 -0.00434477 0.03052585
v -0.00521745 -0.00384879 0.03051234
v 0.00193207 -0.00683673 0.02987367
v -0.00443855 -0.00622589 0.02908775
v -0.00499897 -0.00404245 0.03059449
v -0.00433375 -0.00498283 0.03058565
v -0.00401313 -0.00530194 0.03058629
v -0.00295447 -0.00600979 0.03059931
v -0.00366232 -0.00560727 0.03057295
v -0.00214626 -0.00633244 0.03062391
v -0.00149082 -0.00639570 0.03066201
v 0.00014869 -0.00683673 0.03044418
v -0.00050676 -0.00683673 0.03043052
v 0.00047641 -0.00683673 0.03043036
v -0.00258945 -0.00724455 0.02960730
v -0.00494835 -0.00575870 0.02908775
v -0.00478759 -0.00591809 0.02940282
v -0.00467213 -0.00596420 0.02962917
v -0.00267471 -0.00723006 0.02958849
v -0.00334969 -0.00691589 0.02960586
v -0.00357528 -0.00653246 0.02987110
v -0.00433020 -0.00627095 0.02961229
v -0.00423162 -0.00520122 0.03051910
v -0.00427691 -0.00557441 0.03022042
v -0.00329729 -0.00590519 0.03055141
v -0.00265250 -0.00623879 0.03055623
v -0.00167999 -0.00656709 0.03055703
v -0.00132696 -0.00659713 0.03058404
v -0.00099923 -0.00683673 0.03039266
v -0.00164091 -0.00683673 0.03030164
v -0.00453447 -0.00583875 0.02984795
v -0.00270135 -0.00691483 0.02992013
v -0.00313032 -0.00681518 0.02982609
v -0.00395985 -0.00623879 0.02990036
v -0.00417922 -0.00615362 0.02983123
v -0.00324356 -0.00662293 0.02995108
v -0.00231013 -0.00646779 0.03046516
v -0.00234121 -0.00686138 0.03008655
f 641 642 643
f 641 643 644
f 641 644 651
f 641 651 665
f 641 665 705
f 641 705 704
f 641 704 688
f 641 688 670
f 642 641 645
f 642 645 646
f 642 646 647
f 642 647 648
f 642 648 643
f 643 649 644
f 643 648 649
f 644 650 661
f 644 661 651
f 644 649 648
f 644 648 652
f 644 652 650
f 641 653 654
f 641 654 655
f 641 655 656
f 641 656 645
f 645 657 658
f 645 658 646
f 646 658 659
f 646 659 647
f 647 660 648
f 648 660 652
f 650 652 662
f 650 662 669
f 650 669 735
f 650 735 747
f 650 747 727
f 650 727 682
f 650 682 661
f 651 661 663
f 651 663 664
f 651 664 665
f 652 660 666
f 652 666 667
f 652 667 668
f 652 668 669
f 652 669 662
f 641 670 653
f 653 671 672
f 653 672 654
f 654 672 673
f 654 673 655
f 655 673 674
f 655 674 675
f 655 675 656
f 656 675 645
f 645 675 657
f 657 676 677
f 657 677 658
f 658 678 679
f 658 677 678
f 658 679 659
f 659 680 647
f 659 679 680
f 647 680 681
f 647 681 666
f 647 666 660
f 661 682 663
f 663 683 664
f 664 683 684
f 664 684 685
f 665 664 685
f 667 666 686
f 670 687 653
f 670 688 687
f 653 687 689
f 653 689 690
f 671 653 690
f 671 690 691
f 671 691 692
f 671 692 693
f 671 693 672
f 672 693 694
f 672 694 673
f 674 695 676
f 674 676 675
f 675 676 657
f 676 696 677
f 678 677 696
f 678 696 697
f 678 697 698
f 678 698 699
f 678 699 679
f 679 699 680
f 682 700 663
f 663 700 683
f 683 700 701
f 683 701 702
f 683 702 703
f 683 703 684
f 685 704 705
f 685 705 665
f 666 681 686
f 667 706 707
f 667 707 668
f 667 708 706
f 669 709 710
f 669 710 711
f 669 711 712
f 669 668 707
f 669 707 706
f 669 706 709
f 687 688 689
f 689 713 714
f 689 714 690
f 690 714 691
f 691 715 692
f 691 714 716
f 691 716 715
f 692 715 717
f 692 717 718
f 692 718 693
f 693 718 719
f 693 719 694
f 694 720 721
f 694 721 722
f 694 722 673
f 673 722 674
f 674 722 695
f 695 723 697
f 695 697 696
f 695 696 676
f 695 722 723
f 697 723 725
f 697 725 724
f 698 686 680
f 698 680 699
f 680 686 681
f 700 682 701
f 701 682 727
f 702 701 728
f 702 728 729
f 703 730 731
f 684 703 732
f 684 732 733
f 685 684 733
f 685 733 704
f 686 734 708
f 686 708 667
f 708 709 706
f 712 735 669
f 689 688 736
f 689 736 713
f 688 704 736
f 704 733 736
f 713 736 731
f 713 737 714
f 713 731 737
f 714 738 716
f 714 737 738
f 715 716 739
f 715 739 717
f 716 738 740
f 717 741 718
f 717 739 741
f 718 741 742
f 718 742 719
f 719 720 694
f 720 743 721
f 720 744 743
f 721 745 723
f 721 723 722
f 721 743 745
f 723 745 725
f 724 725 746
f 697 724 698
f 698 724 726
f 726 734 698
f 726 746 709
f 726 709 734
f 698 734 686
f 727 747 728
f 727 728 701
f 728 747 748
f 728 748 729
f 729 748 749
f 729 749 730
f 729 730 702
f 702 730 703
f 730 737 731
f 731 736 732
f 731 732 703
f 733 732 736
f 708 734 709
f 709 746 750
f 709 750 710
f 710 750 751
f 710 751 711
f 711 753 712
f 737 754 738
f 738 754 755
f 738 755 740
f 716 756 739
f 716 740 756
f 739 756 757
f 739 757 741
f 741 758 759
f 741 759 742
f 742 759 720
f 742 720 719
f 720 760 744
f 720 759 760
f 746 726 724
f 746 725 745
f 746 745 743
f 746 743 744
f 746 744 760
f 746 760 761
f 747 735 748
f 749 748 753
f 749 753 762
f 749 762 730
f 730 762 754
f 730 754 737
f 750 746 763
f 750 763 764
f 750 764 751
f 711 751 752
f 752 765 711
f 753 748 712
f 753 711 766
f 712 748 735
f 754 762 755
f 756 752 767
f 757 767 763
f 757 763 768
f 757 768 741
f 741 768 758
f 740 766 765
f 740 765 756
f 758 768 769
f 758 769 761
f 758 761 759
f 759 761 760
f 761 769 746
f 753 766 762
f 762 766 755
f 763 746 769
f 763 769 768
f 764 763 767
f 764 767 752
f 764 752 751
f 752 756 765
f 765 766 711
f 755 766 740
f 767 757 756

o geometry_7
v -0.00674824 0.00000162 0.02906798
v -0.00674351 0.00000162 0.02940241
v -0.00638908 0.00333005 0.02940274
v -0.00638809 0.00333005 0.02908158
v -0.00674376 -0.00049166 0.02906798
v -0.00665627 0.00000162 0.02967601
v -0.00635055 0.00333005 0.02955774
v -0.00626530 0.00365724 0.02959350
v -0.00636099 0.00344382 0.02940274
v -0.00636323 0.00344382 0.02908158
v -0.00627599 0.00368548 0.02908158
v -0.00596953 0.00435897 0.02908158
v -0.00568891 0.00481987 0.02908158
v -0.00639306 0.00000162 0.02906798
v -0.00673469 -0.00065567 0.02940241
v -0.00665229 -0.00065567 0.02967108
v -0.00631775 0.00333005 0.02965838
v -0.00590192 0.00389475 0.02987777
v -0.00595163 0.00432575 0.02960951
v -0.00596903 0.00435814 0.02940274
v -0.00627524 0.00368382 0.02940274
v -0.00616290 0.00338693 0.02981321
v -0.00569041 0.00481987 0.02940274
v -0.00525718 0.00481904 0.02908158
v -0.00589670 -0.00366396 0.02906798
v -0.00673432 -0.00081969 0.02906798
v -0.00652031 0.00000162 0.02984007
v -0.00651733 -0.00049166 0.02983764
v -0.00600084 0.00180369 0.03029342
v -0.00600084 0.00213172 0.03025718
v -0.00600084 0.00245891 0.03020654
v -0.00600084 0.00278777 0.03014004
v -0.00598991 0.00344382 0.02996012
v -0.00527309 0.00362901 0.03055893
v -0.00562553 0.00398527 0.03009005
v -0.00585221 0.00409904 0.02983231
v -0.00556340 0.00454665 0.02987097
v -0.00564094 0.00481987 0.02962359
v -0.00568543 0.00481987 0.02946600
v -0.00460797 0.00481987 0.02998326
v -0.00420929 -0.00366396 0.03029844
v -0.00628370 -0.00366396 0.02906798
v -0.00420929 0.00000162 0.03029002
v -0.00420929 -0.00311504 0.03028873
v -0.00668336 -0.00180376 0.02906798
v -0.00670002 -0.00147574 0.02940241
v -0.00662694 -0.00180376 0.02964139
v -0.00586414 -0.00016363 0.03049631
v -0.00650876 -0.00098370 0.02982883
v -0.00585892 -0.00049166 0.03049130
v -0.00600084 0.00147566 0.03031316
v -0.00564616 0.00213172 0.03059792
v -0.00559993 0.00266237 0.03055909
v -0.00557135 0.00288078 0.03053094
v -0.00530814 0.00344382 0.03058659
v -0.00510482 0.00375191 0.03061604
v -0.00499944 0.00404174 0.03059468
v -0.00521816 0.00384742 0.03051233
v -0.00562802 0.00432824 0.02992712
v -0.00541700 0.00481987 0.02984250
v -0.00460797 0.00481987 0.03049081
v -0.00420929 -0.00366396 0.03072088
v -0.00636273 -0.00344389 0.02906798
v -0.00420929 0.00000162 0.03071862
v -0.00668162 -0.00180376 0.02940241
v -0.00648726 -0.00180376 0.02980512
v -0.00661178 -0.00213179 0.02962116
v -0.00586414 0.00016522 0.03049615
v -0.00584053 0.00147566 0.03047269
v -0.00583059 0.00180369 0.03046314
v -0.00460797 0.00429087 0.03067380
v -0.00536853 0.00311496 0.03062203
v -0.00509910 0.00344382 0.03067105
v -0.00471584 0.00442790 0.03061345
v -0.00464525 0.00463800 0.03057818
v -0.00490623 0.00434402 0.03052584
v -0.00510482 0.00413060 0.03046962
v -0.00531162 0.00481987 0.02993505
v -0.00477102 -0.00344389 0.03071959
v -0.00628270 -0.00366396 0.02940241
v -0.00657897 -0.00264334 0.02906798
v -0.00460797 0.00465876 0.03058611
v -0.00460797 0.00449143 0.03063206
v -0.00460797 0.00393461 0.03071522
v -0.00460797 0.00360659 0.03071975
v -0.00665055 -0.00213179 0.02940241
v -0.00657748 -0.00263587 0.02957149
v -0.00647110 -0.00213179 0.02978506
v -0.00630681 -0.00213179 0.02995478
v -0.00584053 -0.00147574 0.03047301
v -0.00567674 -0.00147574 0.03061895
v -0.00570010 -0.00016363 0.03063044
v -0.00570035 0.00016522 0.03063060
v -0.00566679 0.00180369 0.03061264
v -0.00542694 0.00229531 0.03067073
v -0.00509886 0.00311496 0.03070649
v -0.00477102 0.00377101 0.03071037
v -0.00509886 0.00278694 0.03071862
v -0.00509886 -0.00278784 0.03071862
v -0.00477102 -0.00366396 0.03071360
v -0.00636099 -0.00344389 0.02940241
v -0.00657947 -0.00264334 0.02940241
v -0.00665205 -0.00213179 0.02906798
v -0.00626046 -0.00366064 0.02959681
v -0.00630234 -0.00344389 0.02963977
v -0.00620615 -0.00311504 0.02985706
v -0.00626282 -0.00269151 0.02991013
v -0.00644774 -0.00245981 0.02975432
v -0.00583059 -0.00180376 0.03046331
v -0.00628370 -0.00245981 0.02993084
v -0.00580996 -0.00213179 0.03044438
v -0.00566679 -0.00180376 0.03061264
v -0.00542719 -0.00163975 0.03069985
v -0.00542707 0.00000079 0.03071457
v -0.00542694 0.00147566 0.03070292
v -0.00542694 0.00180369 0.03069661
v -0.00509886 -0.00311504 0.03070649
v -0.00509886 -0.00344389 0.03067121
v -0.00510308 -0.00366396 0.03063190
v -0.00615395 -0.00344389 0.02980399
v -0.00557160 -0.00288085 0.03053110
v -0.00564641 -0.00213179 0.03059792
v -0.00542719 -0.00229580 0.03067081
v -0.00536878 -0.00311504 0.03062203
v -0.00522562 -0.00366396 0.03057511
v -0.00530838 -0.00344389 0.03058659
v -0.00594318 -0.00366396 0.02992599
v -0.00559993 -0.00266244 0.03055925
v -0.00527259 -0.00362908 0.03055909
f 770 771 772
f 770 772 773
f 770 774 771
f 771 775 776
f 771 776 772
f 772 776 777
f 772 777 778
f 772 778 779
f 772 779 773
f 773 779 770
f 770 779 780
f 770 780 781
f 770 781 782
f 770 782 793
f 770 793 783
f 770 783 794
f 770 794 811
f 770 811 832
f 770 832 850
f 770 850 872
f 770 872 814
f 770 814 795
f 770 795 774
f 774 784 771
f 771 784 785
f 771 785 775
f 776 786 777
f 776 775 786
f 777 787 788
f 777 788 789
f 777 789 790
f 777 790 778
f 777 786 791
f 777 791 787
f 778 790 779
f 779 790 780
f 780 790 789
f 780 789 781
f 781 789 792
f 781 792 782
f 782 792 808
f 782 808 807
f 782 807 829
f 782 829 847
f 782 847 830
f 782 830 809
f 782 809 793
f 783 793 794
f 774 795 784
f 775 785 796
f 785 797 796
f 775 796 798
f 775 798 799
f 775 799 786
f 786 799 800
f 786 800 801
f 786 801 791
f 787 791 802
f 787 802 803
f 787 803 804
f 787 804 805
f 787 805 788
f 788 806 807
f 788 807 808
f 788 808 789
f 788 805 806
f 789 808 792
f 794 810 831
f 794 831 869
f 794 869 888
f 794 888 894
f 794 894 896
f 794 896 873
f 794 873 849
f 794 849 811
f 794 793 810
f 793 809 812
f 793 812 813
f 793 813 810
f 795 814 815
f 795 815 784
f 784 815 816
f 784 816 785
f 796 797 817
f 785 818 797
f 785 816 818
f 797 819 817
f 797 818 819
f 798 796 820
f 800 799 821
f 800 822 801
f 791 823 802
f 803 823 824
f 803 824 825
f 803 825 826
f 803 826 827
f 803 827 804
f 804 827 828
f 804 828 805
f 805 828 806
f 807 806 829
f 802 823 803
f 809 830 833
f 809 833 812
f 810 813 812
f 810 812 833
f 810 833 831
f 815 814 834
f 815 834 816
f 816 834 836
f 816 836 835
f 816 835 818
f 817 837 796
f 796 837 820
f 820 838 839
f 820 839 798
f 798 839 799
f 799 839 821
f 821 822 800
f 801 822 823
f 801 823 791
f 825 840 826
f 825 824 841
f 825 841 842
f 825 842 840
f 826 840 843
f 826 843 844
f 826 844 845
f 826 845 827
f 827 845 846
f 827 846 828
f 828 846 806
f 806 847 829
f 831 867 848
f 811 849 832
f 832 871 850
f 833 830 851
f 833 851 852
f 833 852 840
f 833 840 853
f 833 853 854
f 833 854 831
f 834 814 855
f 834 855 856
f 834 856 836
f 835 836 857
f 835 857 858
f 836 856 857
f 818 835 859
f 817 819 860
f 817 860 861
f 817 861 862
f 837 838 820
f 818 859 819
f 819 859 860
f 838 863 839
f 839 863 821
f 821 864 841
f 821 841 822
f 821 863 864
f 822 841 823
f 823 841 824
f 840 852 843
f 841 864 865
f 841 865 842
f 842 865 866
f 842 866 840
f 843 852 844
f 844 852 851
f 844 851 830
f 844 830 847
f 844 847 845
f 845 806 846
f 806 845 847
f 831 854 867
f 848 868 869
f 848 869 831
f 848 867 868
f 849 870 832
f 832 870 871
f 840 866 853
f 853 866 867
f 853 867 854
f 814 872 855
f 855 872 871
f 855 871 856
f 856 871 870
f 856 870 873
f 856 873 874
f 856 874 875
f 856 875 876
f 856 876 877
f 856 877 857
f 835 858 878
f 857 877 879
f 857 879 858
f 858 880 878
f 858 879 880
f 835 878 859
f 860 859 881
f 860 881 882
f 860 882 861
f 861 882 883
f 861 883 862
f 817 862 837
f 837 862 863
f 837 863 838
f 859 878 881
f 863 884 885
f 863 862 884
f 863 885 864
f 865 864 885
f 865 885 867
f 865 867 866
f 868 883 882
f 868 882 886
f 868 886 869
f 868 867 883
f 869 886 887
f 869 887 888
f 849 873 870
f 850 871 872
f 873 889 874
f 874 889 875
f 875 889 890
f 876 879 877
f 878 880 891
f 878 891 881
f 881 891 892
f 881 892 882
f 882 892 886
f 862 883 884
f 884 867 885
f 867 884 883
f 886 892 893
f 886 893 887
f 887 893 888
f 888 893 895
f 888 895 894
f 889 873 896
f 890 895 893
f 890 893 897
f 890 897 875
f 875 897 876
f 889 898 890
f 889 896 898
f 876 897 879
f 879 897 880
f 880 897 891
f 891 897 893
f 891 893 892
f 894 895 898
f 895 890 898
f 898 896 894

o geometry_8
v 0.00622966 0.00541232 0.02500656
v 0.00622966 0.00539634 0.02500054
v 0.00622966 0.00606823 0.02500382
v 0.00261962 0.00606823 0.02957727
v 0.00261451 0.00574016 0.02957126
v 0.00290101 0.00541232 0.02919633
v 0.00260729 0.00539634 0.02956251
v 0.00622966 0.00539634 0.02421790
v 0.00622966 0.00615227 0.02499617
v 0.00622923 0.00625075 0.02498852
v 0.00261919 0.00615227 0.02957727
v 0.00250400 0.00615227 0.02969915
v 0.00246447 0.00606823 0.02974123
v 0.00241474 0.00596887 0.02979315
v 0.00240751 0.00563051 0.02979315
v 0.00261069 0.00555785 0.02956688
v 0.00240028 0.00542413 0.02979315
v 0.00248700 0.00543398 0.02969806
v 0.00253418 0.00539634 0.02964395
v 0.00615442 0.00539634 0.02428130
v 0.00412221 0.00733781 0.02463873
v 0.00622966 0.00615227 0.02420970
v 0.00622923 0.00684101 0.02463873
v 0.00298474 0.00661033 0.02898209
v 0.00289676 0.00639520 0.02918977
v 0.00241389 0.00615227 0.02979315
v 0.00241431 0.00612688 0.02979315
v 0.00241516 0.00606823 0.02979315
v 0.00239901 0.00539634 0.02979315
v 0.00606559 0.00539634 0.02435781
v 0.00412221 0.00763195 0.02463873
v 0.00592234 0.00539634 0.02448461
v 0.00560057 0.00539634 0.02481472
v 0.00529410 0.00539634 0.02514374
v 0.00500123 0.00539634 0.02547986
v 0.00471092 0.00539634 0.02582090
v 0.00391605 0.00539634 0.02677352
v 0.00365124 0.00539634 0.02710745
v 0.00339705 0.00539634 0.02745833
v 0.00211209 0.00539634 0.02925153
v 0.00188723 0.00686552 0.02918977
v 0.00441337 0.00761269 0.02463873
v 0.00458510 0.00759168 0.02463873
v 0.00475470 0.00756958 0.02463873
v 0.00491324 0.00754550 0.02463873
v 0.00522056 0.00743148 0.02463873
v 0.00603881 0.00704498 0.02463873
v 0.00607239 0.00702397 0.02463873
v 0.00620416 0.00687865 0.02463873
v 0.00274458 0.00669547 0.02918977
v 0.00256691 0.00685414 0.02918977
v 0.00255203 0.00686574 0.02918977
v 0.00211209 0.00615227 0.02979315
v 0.00211209 0.00539634 0.02979315
v 0.00412221 0.00763217 0.02481089
v 0.00191019 0.00686574 0.02918977
v 0.00412221 0.00758840 0.02573783
v 0.00412221 0.00762013 0.02546456
v 0.00412221 0.00762385 0.02543012
v 0.00412221 0.00763129 0.02513882
v 0.00412221 0.00763195 0.02510165
v 0.00441337 0.00761269 0.02481089
v 0.00476915 0.00756607 0.02481144
v 0.00491240 0.00754550 0.02470268
v 0.00489709 0.00754156 0.02492129
v 0.00459657 0.00755513 0.02532464
v 0.00427863 0.00756082 0.02566350
v 0.00412221 0.00758402 0.02575696
v 0.00439807 0.00757767 0.02544707
v 0.00441337 0.00760788 0.02513882
v 0.00466756 0.00756564 0.02513882
f 899 900 906
f 899 906 920
f 899 920 907
f 899 907 901
f 899 901 902
f 899 902 903
f 899 903 904
f 899 904 905
f 899 905 900
f 900 905 917
f 900 917 927
f 900 927 952
f 900 952 938
f 900 938 937
f 900 937 936
f 900 936 935
f 900 935 934
f 900 934 933
f 900 933 932
f 900 932 931
f 900 931 930
f 900 930 928
f 900 928 918
f 900 918 906
f 901 907 908
f 901 908 909
f 901 909 902
f 902 909 910
f 902 910 911
f 902 911 912
f 902 912 913
f 902 913 903
f 903 914 904
f 903 913 915
f 903 915 916
f 903 916 914
f 904 914 905
f 905 914 917
f 906 918 919
f 906 919 920
f 907 920 921
f 907 921 908
f 908 921 922
f 908 922 923
f 908 923 909
f 909 923 910
f 910 924 925
f 910 925 926
f 910 926 911
f 910 923 924
f 911 926 912
f 912 926 925
f 912 925 924
f 912 924 951
f 912 951 952
f 912 952 927
f 912 927 915
f 912 915 913
f 914 916 917
f 915 927 916
f 916 927 917
f 918 928 919
f 919 929 920
f 919 928 930
f 919 930 931
f 919 931 932
f 919 932 933
f 919 933 934
f 919 934 935
f 919 935 936
f 919 936 937
f 919 937 938
f 919 938 939
f 919 939 929
f 920 929 940
f 920 940 941
f 920 941 942
f 920 942 943
f 920 943 944
f 920 944 945
f 920 945 946
f 920 946 947
f 920 947 921
f 921 947 922
f 922 948 923
f 922 947 948
f 923 948 924
f 924 948 949
f 924 949 950
f 924 950 954
f 924 954 951
f 929 939 953
f 929 953 940
f 938 952 939
f 939 952 951
f 939 951 954
f 939 954 955
f 939 955 956
f 939 956 957
f 939 957 958
f 939 958 959
f 939 959 953
f 940 953 960
f 940 960 941
f 941 960 942
f 942 960 961
f 942 961 962
f 942 962 943
f 943 962 944
f 944 962 963
f 944 963 945
f 945 963 964
f 945 964 950
f 945 950 946
f 946 950 949
f 946 949 948
f 946 948 947
f 950 964 965
f 950 965 966
f 950 966 955
f 950 955 954
f 953 959 960
f 955 966 964
f 955 964 967
f 955 967 956
f 956 967 957
f 957 967 968
f 957 968 958
f 958 968 959
f 959 968 960
f 960 968 961
f 961 968 963
f 961 963 962
f 963 968 969
f 963 969 964
f 964 969 967
f 964 966 965
f 967 969 968

o geometry_9
v -0.00569055 0.00482013 0.02940216
v -0.00568539 0.00482013 0.02946542
v -0.00560406 0.00493991 0.02958381
v -0.00561164 0.00495068 0.02940216
v -0.00561195 0.00495102 0.02907481
v -0.00561134 0.00495033 0.02841882
v -0.00561104 0.00494963 0.02804265
v -0.00562196 0.00493089 0.02804265
v -0.00568600 0.00482013 0.02809042
v -0.00460713 0.00333068 0.03036344
v -0.00460713 0.00333068 0.03071966
v -0.00564078 0.00482013 0.02962292
v -0.00527296 0.00493436 0.02990301
v -0.00539799 0.00504650 0.02970771
v -0.00530422 0.00529891 0.02961268
v -0.00532577 0.00532530 0.02940216
v -0.00548995 0.00511420 0.02940216
v -0.00547478 0.00482013 0.02978567
v -0.00541620 0.00482013 0.02984185
v -0.00549056 0.00511490 0.02907481
v -0.00549025 0.00511420 0.02874668
v -0.00548934 0.00511316 0.02809042
v -0.00548904 0.00511316 0.02804265
v -0.00568569 0.00482013 0.02804265
v -0.00411458 0.00333068 0.02996654
v -0.00444234 0.00333068 0.03072019
v -0.00460713 0.00360739 0.03071966
v -0.00460713 0.00393549 0.03071520
v -0.00531120 0.00482013 0.02993504
v -0.00460713 0.00472639 0.03055087
v -0.00483504 0.00482013 0.03031567
v -0.00496614 0.00528606 0.02991903
v -0.00518495 0.00515274 0.02983161
v -0.00508966 0.00540168 0.02973029
v -0.00499437 0.00564194 0.02962922
v -0.00502593 0.00567631 0.02940216
v -0.00519011 0.00548952 0.02940216
v -0.00519102 0.00548987 0.02907481
v -0.00532637 0.00532599 0.02907481
v -0.00460713 0.00429171 0.03067399
v -0.00460713 0.00442815 0.03064721
v -0.00532607 0.00532530 0.02874668
v -0.00532516 0.00532425 0.02809042
v -0.00532486 0.00532425 0.02804265
v -0.00525597 0.00482013 0.02804265
v -0.00375799 0.00333068 0.02996654
v -0.00422808 0.00333068 0.03072045
v -0.00411458 0.00344421 0.03072097
v -0.00444234 0.00410040 0.03072019
v -0.00444234 0.00442815 0.03069866
v -0.00460713 0.00455592 0.03061702
v -0.00460713 0.00465973 0.03058631
v -0.00460713 0.00468993 0.03057030
v -0.00433339 0.00498227 0.03058579
v -0.00456798 0.00482013 0.03052147
v -0.00455189 0.00485798 0.03050940
v -0.00487024 0.00550479 0.02984789
v -0.00477131 0.00574089 0.02973816
v -0.00467207 0.00596482 0.02962870
v -0.00486994 0.00584018 0.02940216
v -0.00502714 0.00567770 0.02907481
v -0.00518981 0.00548813 0.02804265
v -0.00502593 0.00567631 0.02809042
v -0.00530543 0.00534786 0.02804265
v -0.00259050 0.00481978 0.02909266
v -0.00347393 0.00646131 0.02804265
v -0.00259050 0.00475903 0.02996654
v -0.00375556 0.00333068 0.03005815
v -0.00411458 0.00333068 0.03072045
v -0.00378652 0.00475625 0.03072176
v -0.00259050 0.00541175 0.03072439
v -0.00411458 0.00475625 0.03070496
v -0.00378682 0.00508434 0.03070627
v -0.00405115 0.00482013 0.03070522
v -0.00444203 0.00475173 0.03062227
v -0.00411579 0.00482013 0.03069026
v -0.00411974 0.00508886 0.03062752
v -0.00437709 0.00482013 0.03062332
v -0.00441017 0.00482013 0.03061151
v -0.00401382 0.00530169 0.03058657
v -0.00423203 0.00520065 0.03051911
v -0.00446813 0.00511281 0.03040492
v -0.00465174 0.00562110 0.02992690
v -0.00453520 0.00583983 0.02984736
v -0.00443263 0.00605961 0.02972950
v -0.00433035 0.00627139 0.02961190
v -0.00452063 0.00616029 0.02940216
v -0.00470576 0.00599607 0.02940216
v -0.00487055 0.00584157 0.02907481
v -0.00502562 0.00567631 0.02804265
v -0.00500286 0.00570026 0.02804265
v -0.00259050 0.00510726 0.02909266
v -0.00347393 0.00687516 0.02804265
v -0.00374858 0.00333068 0.03038628
v -0.00259050 0.00475903 0.03005815
v -0.00393674 0.00333068 0.03066480
v -0.00259050 0.00508434 0.03070575
v -0.00259050 0.00529613 0.03072229
v -0.00347393 0.00508434 0.03072176
v -0.00259050 0.00552250 0.03072439
v -0.00313070 0.00541175 0.03072308
v -0.00347393 0.00539682 0.03069682
v -0.00347393 0.00541175 0.03069289
v -0.00377772 0.00541140 0.03061991
v -0.00366270 0.00560756 0.03057292
v -0.00388120 0.00552042 0.03050730
v -0.00414523 0.00543813 0.03040387
v -0.00427694 0.00557458 0.03022064
v -0.00431670 0.00593531 0.02991876
v -0.00417892 0.00615404 0.02983056
v -0.00407361 0.00636444 0.02970666
v -0.00396830 0.00657206 0.02958250
v -0.00452063 0.00616064 0.02907481
v -0.00470667 0.00599677 0.02907481
v -0.00435645 0.00629188 0.02940216
v -0.00435676 0.00629223 0.02907481
v -0.00486812 0.00584018 0.02809042
v -0.00486781 0.00584018 0.02804265
v -0.00259050 0.00552250 0.03030386
v -0.00354252 0.00683558 0.02804265
v -0.00354373 0.00683767 0.02940216
v -0.00347393 0.00687724 0.02940216
v -0.00377954 0.00333068 0.03047212
v -0.00259050 0.00476076 0.03038628
v -0.00259050 0.00479722 0.03052909
v -0.00259050 0.00481978 0.03058710
v -0.00259050 0.00483055 0.03061440
v -0.00384934 0.00333068 0.03063514
v -0.00259050 0.00497880 0.03067320
v -0.00347393 0.00584157 0.03050178
v -0.00269247 0.00552250 0.03072412
v -0.00347393 0.00686613 0.02947566
v -0.00347393 0.00672205 0.02973475
v -0.00347393 0.00670747 0.02975024
v -0.00347393 0.00656165 0.02989593
v -0.00347393 0.00641687 0.03002062
v -0.00347393 0.00620543 0.03020122
v -0.00347393 0.00610301 0.03028758
v -0.00302053 0.00552250 0.03071966
v -0.00345876 0.00541175 0.03069630
v -0.00334829 0.00552250 0.03068764
v -0.00347393 0.00568464 0.03060206
v -0.00347393 0.00570269 0.03059392
v -0.00351612 0.00582629 0.03048997
v -0.00370306 0.00596482 0.03027131
v -0.00379228 0.00574436 0.03038917
v -0.00405874 0.00566207 0.03028889
v -0.00396041 0.00623876 0.02989986
v -0.00378682 0.00646304 0.02980694
v -0.00414129 0.00645575 0.02940216
v -0.00378682 0.00662692 0.02964261
v -0.00378682 0.00669254 0.02940216
v -0.00397741 0.00657866 0.02940216
v -0.00451760 0.00615682 0.02809042
v -0.00470424 0.00599260 0.02804265
v -0.00435342 0.00629084 0.02804265
v -0.00414159 0.00645610 0.02907481
v -0.00414129 0.00645575 0.02874668
v -0.00414037 0.00645471 0.02804265
v -0.00432246 0.00631479 0.02804265
v -0.00397650 0.00657797 0.02804265
v -0.00397710 0.00657866 0.02841882
v -0.00397801 0.00657901 0.02907481
v -0.00354555 0.00618321 0.03018310
v -0.00357590 0.00653283 0.02987073
v -0.00378682 0.00629882 0.02995105
v -0.00451730 0.00615647 0.02804265
v -0.00400047 0.00656026 0.02804265
f 970 971 972
f 970 972 973
f 970 973 974
f 970 974 975
f 970 975 976
f 970 976 977
f 970 977 978
f 970 978 979
f 970 979 980
f 970 980 971
f 971 981 972
f 971 980 981
f 972 982 983
f 972 983 984
f 972 984 985
f 972 985 986
f 972 986 973
f 972 981 987
f 972 987 988
f 972 988 982
f 973 986 989
f 973 989 974
f 974 989 975
f 975 989 976
f 976 989 990
f 976 990 991
f 976 991 992
f 976 992 1013
f 976 1013 1033
f 976 1033 1031
f 976 1031 1059
f 976 1059 1060
f 976 1060 1087
f 976 1087 1124
f 976 1124 1136
f 976 1136 1125
f 976 1125 1129
f 976 1129 1128
f 976 1128 1137
f 976 1137 1130
f 976 1130 1089
f 976 1089 1062
f 976 1062 1035
f 976 1035 1014
f 976 1014 993
f 976 993 977
f 977 993 978
f 978 993 979
f 979 994 1015
f 979 1015 1037
f 979 1037 1063
f 979 1063 1092
f 979 1092 1097
f 979 1097 1065
f 979 1065 1038
f 979 1038 1016
f 979 1016 995
f 979 995 980
f 979 993 994
f 980 995 1018
f 980 1018 996
f 980 996 981
f 981 996 997
f 981 997 987
f 982 988 998
f 982 998 999
f 982 999 1000
f 982 1000 1001
f 982 1001 1002
f 982 1002 983
f 983 1002 984
f 984 1002 1003
f 984 1003 1004
f 984 1004 1005
f 984 1005 1006
f 984 1006 985
f 985 1006 1007
f 985 1007 1008
f 985 1008 989
f 985 989 986
f 987 997 988
f 988 997 1009
f 988 1009 1010
f 988 1010 998
f 989 1008 1011
f 989 1011 990
f 990 1011 1012
f 990 1012 991
f 991 1012 1013
f 991 1013 992
f 993 1014 1015
f 993 1015 994
f 995 1016 1017
f 995 1017 1018
f 996 1018 997
f 997 1018 1019
f 997 1019 1009
f 998 1010 1020
f 998 1020 1021
f 998 1021 1022
f 998 1022 999
f 999 1022 1023
f 999 1023 1024
f 999 1024 1001
f 999 1001 1000
f 1001 1024 1025
f 1001 1025 1026
f 1001 1026 1002
f 1002 1026 1003
f 1003 1026 1004
f 1004 1026 1027
f 1004 1027 1028
f 1004 1028 1029
f 1004 1029 1005
f 1005 1029 1030
f 1005 1030 1006
f 1006 1030 1007
f 1007 1031 1008
f 1007 1030 1032
f 1007 1032 1031
f 1008 1031 1011
f 1009 1019 1010
f 1010 1019 1020
f 1011 1031 1012
f 1012 1031 1033
f 1012 1033 1013
f 1014 1034 1015
f 1014 1035 1034
f 1015 1034 1036
f 1015 1036 1037
f 1016 1038 1017
f 1017 1039 1018
f 1017 1038 1040
f 1017 1040 1039
f 1018 1041 1019
f 1018 1039 1042
f 1018 1042 1043
f 1018 1043 1041
f 1019 1044 1020
f 1019 1041 1045
f 1019 1045 1046
f 1019 1046 1047
f 1019 1047 1044
f 1020 1044 1021
f 1021 1044 1048
f 1021 1048 1023
f 1021 1023 1022
f 1023 1046 1049
f 1023 1049 1050
f 1023 1050 1025
f 1023 1025 1024
f 1023 1048 1046
f 1025 1050 1051
f 1025 1051 1026
f 1026 1052 1053
f 1026 1053 1027
f 1026 1051 1050
f 1026 1050 1052
f 1027 1053 1028
f 1028 1053 1054
f 1028 1054 1055
f 1028 1055 1056
f 1028 1056 1057
f 1028 1057 1029
f 1029 1057 1058
f 1029 1058 1030
f 1030 1058 1032
f 1031 1032 1059
f 1032 1058 1060
f 1032 1060 1059
f 1034 1035 1062
f 1034 1062 1061
f 1034 1061 1088
f 1034 1088 1069
f 1034 1069 1040
f 1034 1040 1067
f 1034 1067 1066
f 1034 1066 1098
f 1034 1098 1096
f 1034 1096 1095
f 1034 1095 1094
f 1034 1094 1093
f 1034 1093 1064
f 1034 1064 1036
f 1036 1063 1037
f 1036 1064 1063
f 1038 1065 1066
f 1038 1066 1067
f 1038 1067 1040
f 1039 1068 1042
f 1039 1040 1069
f 1039 1069 1070
f 1039 1070 1068
f 1041 1043 1045
f 1042 1046 1045
f 1042 1045 1043
f 1042 1068 1070
f 1042 1070 1071
f 1042 1071 1046
f 1044 1047 1048
f 1046 1048 1047
f 1046 1071 1072
f 1046 1072 1073
f 1046 1073 1049
f 1049 1073 1074
f 1049 1074 1075
f 1049 1075 1076
f 1049 1076 1050
f 1050 1076 1077
f 1050 1077 1052
f 1052 1077 1053
f 1053 1078 1079
f 1053 1079 1054
f 1053 1077 1078
f 1054 1079 1055
f 1055 1079 1080
f 1055 1080 1081
f 1055 1081 1056
f 1056 1082 1083
f 1056 1083 1057
f 1056 1081 1084
f 1056 1084 1085
f 1056 1085 1082
f 1057 1083 1058
f 1058 1086 1060
f 1058 1083 1086
f 1060 1086 1087
f 1061 1062 1088
f 1062 1089 1090
f 1062 1090 1091
f 1062 1091 1088
f 1063 1064 1093
f 1063 1093 1094
f 1063 1094 1095
f 1063 1095 1096
f 1063 1096 1092
f 1065 1097 1066
f 1066 1097 1098
f 1069 1099 1100
f 1069 1100 1070
f 1069 1088 1091
f 1069 1091 1101
f 1069 1101 1102
f 1069 1102 1103
f 1069 1103 1104
f 1069 1104 1105
f 1069 1105 1106
f 1069 1106 1107
f 1069 1107 1099
f 1070 1100 1108
f 1070 1108 1071
f 1071 1108 1109
f 1071 1109 1072
f 1072 1109 1110
f 1072 1110 1073
f 1073 1110 1111
f 1073 1111 1074
f 1074 1111 1112
f 1074 1112 1099
f 1074 1099 1113
f 1074 1113 1114
f 1074 1114 1115
f 1074 1115 1075
f 1075 1115 1116
f 1075 1116 1077
f 1075 1077 1076
f 1077 1116 1078
f 1078 1116 1115
f 1078 1115 1117
f 1078 1117 1079
f 1079 1117 1080
f 1080 1117 1118
f 1080 1118 1081
f 1081 1119 1084
f 1081 1118 1120
f 1081 1120 1101
f 1081 1101 1091
f 1081 1091 1090
f 1081 1090 1121
f 1081 1121 1122
f 1081 1122 1119
f 1082 1123 1124
f 1082 1124 1083
f 1082 1085 1125
f 1082 1125 1123
f 1083 1124 1087
f 1083 1087 1086
f 1084 1119 1126
f 1084 1126 1085
f 1085 1126 1127
f 1085 1127 1128
f 1085 1128 1129
f 1085 1129 1125
f 1089 1130 1131
f 1089 1131 1090
f 1090 1131 1132
f 1090 1132 1121
f 1092 1096 1097
f 1096 1098 1097
f 1099 1112 1108
f 1099 1108 1100
f 1099 1107 1133
f 1099 1133 1114
f 1099 1114 1113
f 1101 1120 1102
f 1102 1120 1103
f 1103 1120 1134
f 1103 1134 1104
f 1104 1134 1105
f 1105 1134 1106
f 1106 1133 1107
f 1106 1134 1133
f 1108 1112 1110
f 1108 1110 1109
f 1110 1112 1111
f 1114 1133 1135
f 1114 1135 1117
f 1114 1117 1115
f 1117 1135 1118
f 1118 1134 1120
f 1118 1135 1134
f 1119 1122 1132
f 1119 1132 1126
f 1121 1132 1122
f 1123 1136 1124
f 1123 1125 1136
f 1126 1132 1131
f 1126 1131 1127
f 1127 1131 1137
f 1127 1137 1128
f 1130 1137 1131
f 1133 1134 1135

o geometry_10
v -0.00549113 -0.00366396 0.00286277
v -0.00553767 -0.00366396 0.00287357
v -0.00578147 -0.00342617 0.00293842
v -0.00549113 -0.00344064 0.00287666
v -0.00549113 -0.00366396 0.00325800
v -0.00577182 -0.00366396 0.00293687
v -0.00549113 -0.00339174 0.00288747
v -0.00591517 -0.00366396 0.00298010
v -0.00593356 -0.00352363 0.00298628
v -0.00590870 -0.00330496 0.00300480
v -0.00568998 -0.00323040 0.00296466
v -0.00549113 -0.00320578 0.00611420
v -0.00586239 -0.00366396 0.01863515
v -0.00549113 -0.00321025 0.00295077
v -0.00593072 -0.00366396 0.00298782
v -0.00593356 -0.00365122 0.00298628
v -0.00601403 -0.00342617 0.00313295
v -0.00598497 -0.00319803 0.00322249
v -0.00577227 -0.00310488 0.00314993
v -0.00563596 -0.00293734 0.00329660
v -0.00549113 -0.00300811 0.00317155
v -0.00549113 -0.00305184 0.00312214
v -0.00549113 -0.00315154 0.00644305
v -0.00624228 -0.00226565 0.01863515
v -0.00616521 -0.00366396 0.01863515
v -0.00549113 -0.00303928 0.00671786
v -0.00549113 -0.00293028 0.00685064
v -0.00549113 -0.00273658 0.00701120
v -0.00549113 -0.00252496 0.00709766
v -0.00549113 -0.00246005 0.00711927
v -0.00549113 -0.00190493 0.00724896
v -0.00594139 -0.00366396 0.00300480
v -0.00600733 -0.00366396 0.00314375
v -0.00613502 -0.00344391 0.00349113
v -0.00584707 -0.00298487 0.00349113
v -0.00657971 -0.00190493 0.00746047
v -0.00654998 -0.00190493 0.00734622
v -0.00549113 -0.00293132 0.00328425
v -0.00649958 -0.00190493 0.00727212
v -0.00638597 -0.00190493 0.00712082
v -0.00633217 -0.00190493 0.00707141
v -0.00618076 -0.00190493 0.00695716
v -0.00613025 -0.00190493 0.00694173
v -0.00601686 -0.00190493 0.00691085
v -0.00634522 -0.00190493 0.01863515
v -0.00625760 -0.00366258 0.01863515
v -0.00625692 -0.00366396 0.01860736
v -0.00549113 -0.00190493 0.00688306
v -0.00604558 -0.00366396 0.00325646
v -0.00612253 -0.00366396 0.00349113
v -0.00658993 -0.00213204 0.00751914
v -0.00659174 -0.00190493 0.00750988
v -0.00592675 -0.00190493 0.00689695
v -0.00575479 -0.00190493 0.00688460
v -0.00567364 -0.00190493 0.00688306
v -0.00665054 -0.00190493 0.01863515
v -0.00626373 -0.00364932 0.01863515
v -0.00625692 -0.00366396 0.01857803
v -0.00622832 -0.00366396 0.00680432
v -0.00625022 -0.00361644 0.00683828
v -0.00630561 -0.00344391 0.00709920
v -0.00640288 -0.00311590 0.00742651
v -0.00657846 -0.00232023 0.00757009
v -0.00660502 -0.00213204 0.00775536
v -0.00660911 -0.00190493 0.00775536
v -0.00660446 -0.00190493 0.00768279
v -0.00665054 -0.00190493 0.01859810
v -0.00663363 -0.00207522 0.01863515
v -0.00627678 -0.00361351 0.01863515
v -0.00626373 -0.00364915 0.01857803
v -0.00624080 -0.00366396 0.01070727
v -0.00623025 -0.00366396 0.00691239
v -0.00623252 -0.00366396 0.00709920
v -0.00625170 -0.00362005 0.00709920
v -0.00631287 -0.00344391 0.00742651
v -0.00640413 -0.00311590 0.00775536
v -0.00658028 -0.00233143 0.00775536
v -0.00662727 -0.00213204 0.01824918
v -0.00665031 -0.00190493 0.01847613
v -0.00664872 -0.00190493 0.01781998
v -0.00664815 -0.00190493 0.01759303
v -0.00664021 -0.00190493 0.01464111
v -0.00663453 -0.00190493 0.01257229
v -0.00662795 -0.00213204 0.01863515
v -0.00633841 -0.00344391 0.01863515
v -0.00625624 -0.00362987 0.01070727
v -0.00624012 -0.00366396 0.01037843
v -0.00632252 -0.00344391 0.01103304
v -0.00632014 -0.00344391 0.01005112
v -0.00640458 -0.00311590 0.00808266
v -0.00659106 -0.00236741 0.01857803
v -0.00659084 -0.00236604 0.01824918
v -0.00633762 -0.00344391 0.01824918
v -0.00633830 -0.00344391 0.01857803
v -0.00659753 -0.00232661 0.01863515
v -0.00641661 -0.00311590 0.01863515
v -0.00641661 -0.00311590 0.01857803
v -0.00641548 -0.00311590 0.01693687
v -0.00641468 -0.00311590 0.01595341
v -0.00641400 -0.00311590 0.01529726
v -0.00659106 -0.00236776 0.01863515
f 1138 1139 1140
f 1138 1140 1141
f 1138 1141 1144
f 1138 1144 1151
f 1138 1151 1159
f 1138 1159 1158
f 1138 1158 1175
f 1138 1175 1185
f 1138 1185 1168
f 1138 1168 1167
f 1138 1167 1166
f 1138 1166 1165
f 1138 1165 1164
f 1138 1164 1163
f 1138 1163 1160
f 1138 1160 1149
f 1138 1149 1142
f 1138 1142 1150
f 1138 1150 1162
f 1138 1162 1184
f 1138 1184 1195
f 1138 1195 1208
f 1138 1208 1224
f 1138 1224 1210
f 1138 1210 1209
f 1138 1209 1196
f 1138 1196 1187
f 1138 1187 1186
f 1138 1186 1170
f 1138 1170 1169
f 1138 1169 1152
f 1138 1152 1145
f 1138 1145 1143
f 1138 1143 1139
f 1139 1143 1140
f 1140 1144 1141
f 1140 1143 1145
f 1140 1145 1146
f 1140 1146 1147
f 1140 1147 1148
f 1140 1148 1144
f 1142 1149 1150
f 1144 1148 1151
f 1145 1152 1153
f 1145 1153 1146
f 1146 1153 1154
f 1146 1154 1147
f 1147 1154 1155
f 1147 1155 1156
f 1147 1156 1148
f 1148 1156 1157
f 1148 1157 1158
f 1148 1158 1159
f 1148 1159 1151
f 1149 1160 1150
f 1150 1161 1182
f 1150 1182 1193
f 1150 1193 1205
f 1150 1205 1221
f 1150 1221 1232
f 1150 1232 1238
f 1150 1238 1233
f 1150 1233 1222
f 1150 1222 1206
f 1150 1206 1194
f 1150 1194 1183
f 1150 1183 1162
f 1150 1160 1163
f 1150 1163 1164
f 1150 1164 1165
f 1150 1165 1166
f 1150 1166 1167
f 1150 1167 1168
f 1150 1168 1161
f 1152 1169 1153
f 1153 1169 1170
f 1153 1170 1154
f 1154 1170 1171
f 1154 1171 1155
f 1155 1172 1157
f 1155 1157 1156
f 1155 1171 1173
f 1155 1173 1174
f 1155 1174 1172
f 1157 1175 1158
f 1157 1172 1174
f 1157 1174 1176
f 1157 1176 1177
f 1157 1177 1178
f 1157 1178 1179
f 1157 1179 1180
f 1157 1180 1181
f 1157 1181 1175
f 1161 1168 1182
f 1162 1183 1184
f 1168 1185 1192
f 1168 1192 1191
f 1168 1191 1190
f 1168 1190 1181
f 1168 1181 1180
f 1168 1180 1179
f 1168 1179 1178
f 1168 1178 1177
f 1168 1177 1176
f 1168 1176 1174
f 1168 1174 1173
f 1168 1173 1189
f 1168 1189 1203
f 1168 1203 1202
f 1168 1202 1220
f 1168 1220 1219
f 1168 1219 1218
f 1168 1218 1217
f 1168 1217 1216
f 1168 1216 1204
f 1168 1204 1193
f 1168 1193 1182
f 1170 1186 1171
f 1171 1186 1187
f 1171 1187 1188
f 1171 1188 1189
f 1171 1189 1173
f 1175 1181 1190
f 1175 1190 1191
f 1175 1191 1192
f 1175 1192 1185
f 1183 1194 1195
f 1183 1195 1184
f 1187 1196 1197
f 1187 1197 1198
f 1187 1198 1199
f 1187 1199 1200
f 1187 1200 1188
f 1188 1200 1201
f 1188 1201 1202
f 1188 1202 1203
f 1188 1203 1189
f 1193 1204 1205
f 1194 1206 1207
f 1194 1207 1195
f 1195 1207 1208
f 1196 1209 1197
f 1197 1209 1210
f 1197 1210 1211
f 1197 1211 1212
f 1197 1212 1198
f 1198 1212 1199
f 1199 1212 1213
f 1199 1213 1214
f 1199 1214 1200
f 1200 1214 1201
f 1201 1214 1215
f 1201 1215 1216
f 1201 1216 1217
f 1201 1217 1218
f 1201 1218 1219
f 1201 1219 1220
f 1201 1220 1202
f 1204 1216 1215
f 1204 1215 1205
f 1205 1215 1221
f 1206 1222 1207
f 1207 1222 1223
f 1207 1223 1208
f 1208 1223 1224
f 1210 1224 1223
f 1210 1223 1211
f 1211 1223 1225
f 1211 1225 1226
f 1211 1226 1212
f 1212 1226 1213
f 1213 1227 1228
f 1213 1228 1229
f 1213 1229 1214
f 1213 1226 1225
f 1213 1225 1230
f 1213 1230 1231
f 1213 1231 1222
f 1213 1222 1227
f 1214 1229 1221
f 1214 1221 1215
f 1221 1229 1232
f 1222 1233 1234
f 1222 1234 1235
f 1222 1235 1236
f 1222 1236 1237
f 1222 1237 1227
f 1222 1231 1223
f 1223 1231 1230
f 1223 1230 1225
f 1227 1237 1238
f 1227 1238 1228
f 1228 1238 1232
f 1228 1232 1229
f 1233 1238 1234
f 1234 1238 1235
f 1235 1238 1236
f 1236 1238 1237

o geometry_11
v -0.00375444 0.00180446 0.00742667
v -0.00376008 0.00180446 0.01136105
v -0.00376290 0.00147646 0.01136105
v -0.00375811 0.00147646 0.00775528
v -0.00378150 0.00147646 0.00742667
v -0.00422010 0.00320161 0.00294494
v -0.00376515 0.00245951 0.00709905
v -0.00375613 0.00284303 0.00704461
v -0.00376685 0.00284303 0.01200638
v -0.00376403 0.00148682 0.01200638
v -0.00376431 0.00147646 0.01200638
v -0.00384267 0.00113506 0.01200638
v -0.00386099 0.00124117 0.00775528
v -0.00388157 0.00126023 0.00742667
v -0.00391821 0.00129058 0.00723168
v -0.00422010 0.00292821 0.00327850
v -0.00422010 0.00303762 0.00311420
v -0.00444278 0.00303762 0.00311321
v -0.00509899 0.00303762 0.00311222
v -0.00516410 0.00307056 0.00307856
v -0.00509899 0.00320161 0.00294494
v -0.00422010 0.00333032 0.00289941
v -0.00422010 0.00333032 0.00365858
v -0.00600324 0.00333008 0.01300903
v -0.00422010 0.00330161 0.00578561
v -0.00623354 0.00221739 0.01300903
v -0.00400644 0.00097012 0.01200638
v -0.00632261 0.00194940 0.01300903
v -0.00411524 0.00117012 0.00775528
v -0.00411524 0.00092730 0.01200638
v -0.00411524 0.00120823 0.00742667
v -0.00411524 0.00127953 0.00721684
v -0.00509899 0.00292656 0.00327553
v -0.00516410 0.00303785 0.00311222
v -0.00542653 0.00303950 0.00311420
v -0.00542653 0.00320350 0.00294593
v -0.00516410 0.00333032 0.00289941
v -0.00516410 0.00333032 0.00346656
v -0.00635587 0.00333008 0.01300903
v -0.00663408 0.00194940 0.01300903
v -0.00421164 0.00092682 0.01200638
v -0.00422038 0.00116988 0.00775528
v -0.00422010 0.00120823 0.00742667
v -0.00422010 0.00123106 0.00735937
v -0.00575407 0.00127953 0.00721684
v -0.00542653 0.00292821 0.00327850
v -0.00568980 0.00323032 0.00296474
v -0.00563568 0.00293738 0.00329731
v -0.00542653 0.00333008 0.00290238
v -0.00573687 0.00333008 0.00295088
v -0.00587950 0.00333008 0.00298948
v -0.00591163 0.00333008 0.00300235
v -0.00593249 0.00333008 0.00303303
v -0.00600212 0.00333008 0.00317061
v -0.00606526 0.00333008 0.00336659
v -0.00609119 0.00333008 0.00349130
v -0.00632937 0.00333008 0.00709806
v -0.00634516 0.00333008 0.00742667
v -0.00634657 0.00333008 0.00796808
v -0.00635361 0.00333008 0.01157583
v -0.00635587 0.00333008 0.01288729
v -0.00641055 0.00311573 0.01300903
v -0.00661548 0.00213175 0.01300903
v -0.00660533 0.00213175 0.00775528
v -0.00663295 0.00194940 0.01267251
v -0.00661068 0.00180422 0.00775528
v -0.00662140 0.00180422 0.01145607
v -0.00659123 0.00160517 0.01145607
v -0.00655995 0.00155764 0.01145607
v -0.00647116 0.00144141 0.01145607
v -0.00630682 0.00126729 0.01145607
v -0.00623748 0.00124047 0.01145607
v -0.00608217 0.00118776 0.01145607
v -0.00422010 0.00092682 0.01200638
v -0.00575407 0.00116988 0.00775528
v -0.00422038 0.00123106 0.00735937
v -0.00575407 0.00120823 0.00742766
v -0.00601283 0.00129058 0.00723168
v -0.00577211 0.00310467 0.00315082
v -0.00590825 0.00330255 0.00300433
v -0.00598464 0.00319785 0.00322307
v -0.00623156 0.00131835 0.00727820
v -0.00658165 0.00162564 0.00755336
v -0.00659180 0.00180422 0.00750684
v -0.00659123 0.00194940 0.00751080
v -0.00658954 0.00213198 0.00751773
v -0.00657827 0.00232022 0.00756821
v -0.00640266 0.00311573 0.00742667
v -0.00640379 0.00311573 0.00775231
v -0.00641055 0.00311573 0.01300111
v -0.00658391 0.00235057 0.01300903
v -0.00657996 0.00233174 0.00775231
v -0.00660843 0.00194940 0.00775528
v -0.00658560 0.00161787 0.00775528
v -0.00645847 0.00145411 0.00775528
v -0.00629470 0.00127929 0.00775528
v -0.00608217 0.00120800 0.00775528
v -0.00610641 0.00125764 0.00740292
v -0.00641478 0.00147199 0.00741578
v -0.00627807 0.00129035 0.00749694
f 1239 1240 1241
f 1239 1241 1242
f 1239 1242 1243
f 1239 1243 1244
f 1239 1244 1245
f 1239 1245 1246
f 1239 1246 1240
f 1240 1247 1248
f 1240 1248 1241
f 1240 1246 1247
f 1241 1248 1249
f 1241 1249 1250
f 1241 1250 1242
f 1242 1250 1251
f 1242 1251 1243
f 1243 1251 1252
f 1243 1252 1253
f 1243 1253 1254
f 1243 1254 1255
f 1243 1255 1244
f 1244 1255 1256
f 1244 1256 1257
f 1244 1257 1258
f 1244 1258 1259
f 1244 1259 1275
f 1244 1275 1260
f 1244 1260 1245
f 1245 1260 1246
f 1246 1260 1261
f 1246 1261 1247
f 1247 1262 1248
f 1247 1261 1263
f 1247 1263 1262
f 1248 1262 1249
f 1249 1262 1264
f 1249 1264 1250
f 1250 1265 1251
f 1250 1264 1266
f 1250 1266 1265
f 1251 1267 1252
f 1251 1265 1268
f 1251 1268 1267
f 1252 1267 1269
f 1252 1269 1253
f 1253 1270 1254
f 1253 1269 1270
f 1254 1271 1255
f 1254 1270 1271
f 1255 1271 1256
f 1256 1271 1257
f 1257 1272 1258
f 1257 1271 1272
f 1258 1272 1273
f 1258 1273 1274
f 1258 1274 1259
f 1259 1274 1275
f 1260 1275 1276
f 1260 1276 1261
f 1261 1276 1277
f 1261 1277 1262
f 1261 1262 1263
f 1262 1277 1300
f 1262 1300 1329
f 1262 1329 1301
f 1262 1301 1278
f 1262 1278 1266
f 1262 1266 1264
f 1265 1266 1268
f 1266 1278 1312
f 1266 1312 1279
f 1266 1279 1268
f 1267 1280 1269
f 1267 1268 1279
f 1267 1279 1280
f 1269 1281 1314
f 1269 1314 1282
f 1269 1282 1270
f 1269 1280 1313
f 1269 1313 1281
f 1270 1283 1271
f 1270 1282 1314
f 1270 1314 1283
f 1271 1284 1272
f 1271 1283 1284
f 1272 1284 1273
f 1273 1285 1274
f 1273 1284 1286
f 1273 1286 1285
f 1274 1285 1287
f 1274 1287 1275
f 1275 1287 1288
f 1275 1288 1289
f 1275 1289 1290
f 1275 1290 1291
f 1275 1291 1292
f 1275 1292 1293
f 1275 1293 1294
f 1275 1294 1295
f 1275 1295 1296
f 1275 1296 1297
f 1275 1297 1298
f 1275 1298 1299
f 1275 1299 1277
f 1275 1277 1276
f 1277 1299 1328
f 1277 1328 1300
f 1278 1301 1302
f 1278 1302 1303
f 1278 1303 1304
f 1278 1304 1305
f 1278 1305 1306
f 1278 1306 1307
f 1278 1307 1308
f 1278 1308 1309
f 1278 1309 1310
f 1278 1310 1311
f 1278 1311 1312
f 1279 1312 1313
f 1279 1313 1280
f 1281 1313 1315
f 1281 1315 1283
f 1281 1283 1314
f 1283 1316 1284
f 1283 1315 1316
f 1284 1316 1286
f 1285 1288 1287
f 1285 1286 1317
f 1285 1317 1318
f 1285 1318 1288
f 1286 1319 1317
f 1286 1316 1320
f 1286 1320 1319
f 1288 1318 1289
f 1289 1318 1290
f 1290 1318 1291
f 1291 1318 1319
f 1291 1319 1292
f 1292 1319 1293
f 1293 1319 1321
f 1293 1321 1294
f 1294 1322 1323
f 1294 1323 1324
f 1294 1324 1325
f 1294 1325 1326
f 1294 1326 1295
f 1294 1321 1322
f 1295 1326 1296
f 1296 1326 1327
f 1296 1327 1297
f 1297 1327 1298
f 1298 1327 1299
f 1299 1327 1328
f 1300 1328 1329
f 1301 1329 1330
f 1301 1330 1302
f 1302 1330 1325
f 1302 1325 1324
f 1302 1324 1331
f 1302 1331 1303
f 1303 1331 1304
f 1304 1332 1305
f 1304 1331 1324
f 1304 1324 1323
f 1304 1323 1322
f 1304 1322 1321
f 1304 1321 1332
f 1305 1332 1306
f 1306 1332 1307
f 1307 1332 1308
f 1308 1332 1333
f 1308 1333 1334
f 1308 1334 1309
f 1309 1334 1310
f 1310 1334 1311
f 1311 1334 1335
f 1311 1335 1312
f 1312 1335 1313
f 1313 1335 1315
f 1315 1335 1336
f 1315 1336 1316
f 1316 1336 1320
f 1317 1319 1318
f 1319 1320 1337
f 1319 1337 1321
f 1320 1336 1338
f 1320 1338 1337
f 1321 1337 1338
f 1321 1338 1333
f 1321 1333 1332
f 1325 1330 1326
f 1326 1330 1327
f 1327 1330 1329
f 1327 1329 1328
f 1333 1338 1334
f 1334 1338 1335
f 1335 1338 1336

o geometry_12
v 0.00622955 -0.00529048 0.02499647
v 0.00622955 -0.00521032 0.02498998
v 0.00261758 -0.00529048 0.02951191
v 0.00622955 -0.00615295 0.00764512
v 0.00299551 -0.00514113 0.02898965
v 0.00622955 -0.00520520 0.02498674
v 0.00228702 -0.00522786 0.02989793
v 0.00229005 -0.00529048 0.02990117
v -0.00017806 -0.00615295 0.00743426
v 0.00622955 -0.00615295 0.00675954
v 0.00222958 -0.00529048 0.02994334
v 0.00172265 -0.00529048 0.03027421
v 0.00157350 -0.00529048 0.03034558
v 0.00106456 -0.00529048 0.03057265
v 0.00093556 -0.00529048 0.03059860
v 0.00061911 -0.00529048 0.03064726
v 0.00027545 -0.00529048 0.03068294
v -0.00017806 -0.00529048 0.03069267
v -0.00247384 -0.00529048 0.03071538
v -0.00258973 -0.00529048 0.03071214
v 0.00260952 -0.00491991 0.02923618
v 0.00267402 -0.00508387 0.02931404
v 0.00622955 -0.00504806 0.02480833
v 0.00217213 -0.00500932 0.02978115
v 0.00195344 -0.00491991 0.02989144
v 0.00208446 -0.00510483 0.02994659
v 0.00170048 -0.00515258 0.03026124
v -0.00026171 -0.00615295 0.00743102
v -0.00258772 -0.00615295 0.00625675
v -0.00083414 -0.00615173 0.00086871
v 0.00080656 -0.00615124 0.00086871
v 0.00113410 -0.00614637 -0.00011742
v 0.00572464 -0.00611811 -0.00175556
v 0.00622955 -0.00611153 -0.00158040
v 0.00104642 -0.00518596 0.03056616
v 0.00080656 -0.00512943 0.03058887
v 0.00047903 -0.00509435 0.03061806
v 0.00013940 -0.00505147 0.03061806
v -0.00017806 -0.00508387 0.03063753
v -0.00258973 -0.00508387 0.03069916
v -0.00398252 -0.00366420 0.02993361
v -0.00398252 -0.00395437 0.02993361
v -0.00397748 -0.00397119 0.02993361
v -0.00362777 -0.00448209 0.02993361
v -0.00358343 -0.00454397 0.02993361
v -0.00352195 -0.00460269 0.02993361
v -0.00341916 -0.00469089 0.02993361
v -0.00258973 -0.00615295 0.00700932
v -0.00255950 -0.00615295 0.00701905
v -0.00164139 -0.00615295 0.00727532
v -0.00150231 -0.00615295 0.00730451
v -0.00116168 -0.00615295 0.00736614
v -0.00083414 -0.00615295 0.00739858
v -0.00050560 -0.00615295 0.00741805
v 0.00622955 -0.00493720 0.02465587
v 0.00622955 -0.00491991 0.02462667
v -0.00368421 -0.00366420 0.02993361
v 0.00130039 -0.00491991 0.03021907
v 0.00143039 -0.00505951 0.03030341
v -0.00258973 -0.00615295 0.00633460
v -0.00258973 -0.00615246 0.00625675
v -0.00258973 -0.00611567 0.00348974
v -0.00181776 -0.00611226 -0.00011742
v -0.00116168 -0.00614320 -0.00011742
v -0.00083414 -0.00614588 -0.00077268
v 0.00015048 -0.00614564 -0.00110031
v -0.00017806 -0.00611665 -0.00175556
v 0.00015048 -0.00603430 -0.00208319
v 0.00572464 -0.00603137 -0.00208319
v 0.00605318 -0.00611324 -0.00175556
v 0.00622955 -0.00610836 -0.00175556
v 0.00002249 -0.00491991 0.03054994
v -0.00258973 -0.00483073 0.03061158
v -0.00403593 -0.00366420 0.02955732
v -0.00406617 -0.00366420 0.00352218
v -0.00394019 -0.00391953 0.00350921
v -0.00384546 -0.00407814 0.00350921
v 0.00622955 -0.00487995 0.02397466
v 0.00622955 -0.00486046 0.02364703
v 0.00622955 -0.00485534 0.02331940
v 0.00622955 -0.00484511 0.01807085
v 0.00622955 -0.00484267 0.01660463
v 0.00622955 -0.00484219 0.01628025
v -0.00366506 -0.00366420 0.02021504
v -0.00228437 -0.00586034 -0.00011742
v -0.00209591 -0.00599921 -0.00044505
v -0.00181776 -0.00610276 -0.00044505
v -0.00149022 -0.00610520 -0.00110031
v -0.00149022 -0.00611421 -0.00077268
v -0.00116168 -0.00613882 -0.00044505
v -0.00116168 -0.00610690 -0.00142793
v -0.00050560 -0.00614150 -0.00110031
v -0.00017806 -0.00614418 -0.00110031
v -0.00050560 -0.00611007 -0.00175556
v -0.00017806 -0.00602480 -0.00208319
v 0.00015048 -0.00592320 -0.00226485
v 0.00047903 -0.00592320 -0.00226485
v 0.00572464 -0.00591906 -0.00226160
v 0.00597054 -0.00591370 -0.00225187
v 0.00606830 -0.00599580 -0.00211239
v 0.00622955 -0.00599800 -0.00208319
v 0.00622955 -0.00605135 -0.00193073
v -0.00398252 -0.00366420 0.00350921
v -0.00002185 -0.00491991 -0.00224538
v -0.00100043 -0.00491991 -0.00191776
v -0.00121912 -0.00493867 -0.00181071
v -0.00154767 -0.00493574 -0.00148308
v -0.00187419 -0.00494890 -0.00117491
v -0.00200924 -0.00516744 -0.00130142
v -0.00232267 -0.00519059 -0.00064292
v -0.00232367 -0.00539427 -0.00064941
v -0.00232367 -0.00541205 -0.00064941
v -0.00231561 -0.00559259 -0.00062670
v -0.00233375 -0.00564058 -0.00044505
v -0.00226018 -0.00580455 -0.00044505
v 0.00622955 -0.00484243 0.01595262
v -0.00363986 -0.00366420 0.00350921
v -0.00205157 -0.00596754 -0.00077268
v -0.00181776 -0.00607596 -0.00077268
v -0.00182783 -0.00599775 -0.00109706
v -0.00151642 -0.00601383 -0.00145389
v -0.00116974 -0.00600604 -0.00176854
v -0.00083414 -0.00608863 -0.00175556
v -0.00047335 -0.00598703 -0.00209941
v -0.00034233 -0.00590420 -0.00224863
v -0.00017806 -0.00591345 -0.00225187
v -0.00017806 -0.00573999 -0.00232972
v 0.00015048 -0.00573999 -0.00234594
v 0.00047903 -0.00573999 -0.00234594
v 0.00539710 -0.00573999 -0.00233946
v 0.00572464 -0.00573999 -0.00233621
v 0.00618924 -0.00589713 -0.00224538
v 0.00606830 -0.00576873 -0.00230702
v 0.00622955 -0.00591857 -0.00220321
v 0.00622955 -0.00490992 -0.00225836
v 0.00015048 -0.00508387 -0.00233621
v -0.00014984 -0.00505366 -0.00230702
v -0.00050560 -0.00511189 -0.00229729
v -0.00072127 -0.00517183 -0.00226809
v -0.00113044 -0.00506243 -0.00198588
v -0.00137130 -0.00515721 -0.00195344
v -0.00170287 -0.00515428 -0.00163554
v -0.00173008 -0.00541205 -0.00166798
v -0.00189435 -0.00541205 -0.00148632
v -0.00202033 -0.00539427 -0.00132089
v -0.00212917 -0.00541205 -0.00110031
v -0.00226018 -0.00539427 -0.00079863
v -0.00200722 -0.00562767 -0.00129818
v -0.00205459 -0.00573828 -0.00109706
v -0.00220979 -0.00571733 -0.00074997
v -0.00200924 -0.00593173 -0.00099001
v 0.00622955 -0.00486923 -0.00142469
v 0.00622955 -0.00486996 -0.00175232
v 0.00622955 -0.00488531 -0.00208319
v -0.00172605 -0.00595828 -0.00136306
v -0.00142471 -0.00596096 -0.00166798
v -0.00106493 -0.00594318 -0.00195993
v -0.00083414 -0.00598143 -0.00200858
v -0.00056103 -0.00584207 -0.00221619
v -0.00047335 -0.00573584 -0.00228431
v -0.00017806 -0.00541205 -0.00240109
v 0.00015048 -0.00541205 -0.00242380
v 0.00572464 -0.00541205 -0.00240758
v 0.00605318 -0.00541205 -0.00239136
v 0.00622955 -0.00588568 -0.00223890
v 0.00622955 -0.00572220 -0.00229729
v 0.00622955 -0.00508387 -0.00231351
v 0.00605318 -0.00508387 -0.00232648
v 0.00572464 -0.00508387 -0.00232972
v 0.00113410 -0.00508387 -0.00233621
v -0.00019721 -0.00539427 -0.00239785
v -0.00052172 -0.00539427 -0.00234270
v -0.00074646 -0.00541205 -0.00228107
v -0.00116168 -0.00541205 -0.00208644
v -0.00138944 -0.00539427 -0.00196966
v -0.00155472 -0.00541205 -0.00183017
v -0.00170589 -0.00567347 -0.00164527
v -0.00202133 -0.00541205 -0.00132089
v -0.00194474 -0.00584645 -0.00120735
v -0.00164341 -0.00589201 -0.00158040
v -0.00116974 -0.00574364 -0.00200858
v -0.00083213 -0.00573584 -0.00216753
v -0.00128463 -0.00585523 -0.00188856
v -0.00072127 -0.00562353 -0.00226485
v -0.00050560 -0.00541205 -0.00234594
v 0.00572464 -0.00539427 -0.00240433
v 0.00605318 -0.00539427 -0.00238811
v 0.00622955 -0.00541205 -0.00235892
v -0.00136727 -0.00563668 -0.00195019
v -0.00139045 -0.00541205 -0.00196966
f 1339 1340 1341
f 1339 1341 1342
f 1339 1342 1348
f 1339 1348 1372
f 1339 1372 1409
f 1339 1409 1440
f 1339 1440 1439
f 1339 1439 1472
f 1339 1472 1503
f 1339 1503 1504
f 1339 1504 1526
f 1339 1526 1505
f 1339 1505 1473
f 1339 1473 1492
f 1339 1492 1491
f 1339 1491 1490
f 1339 1490 1454
f 1339 1454 1421
f 1339 1421 1420
f 1339 1420 1419
f 1339 1419 1418
f 1339 1418 1417
f 1339 1417 1416
f 1339 1416 1394
f 1339 1394 1393
f 1339 1393 1361
f 1339 1361 1344
f 1339 1344 1340
f 1340 1343 1341
f 1340 1344 1343
f 1341 1345 1346
f 1341 1346 1342
f 1341 1343 1345
f 1342 1347 1366
f 1342 1366 1392
f 1342 1392 1391
f 1342 1391 1390
f 1342 1390 1389
f 1342 1389 1388
f 1342 1388 1387
f 1342 1387 1386
f 1342 1386 1398
f 1342 1398 1367
f 1342 1367 1348
f 1342 1346 1349
f 1342 1349 1350
f 1342 1350 1351
f 1342 1351 1352
f 1342 1352 1353
f 1342 1353 1354
f 1342 1354 1355
f 1342 1355 1356
f 1342 1356 1357
f 1342 1357 1358
f 1342 1358 1347
f 1343 1344 1359
f 1343 1359 1360
f 1343 1360 1345
f 1344 1361 1359
f 1345 1360 1359
f 1345 1359 1362
f 1345 1362 1363
f 1345 1363 1364
f 1345 1364 1365
f 1345 1365 1350
f 1345 1350 1349
f 1345 1349 1346
f 1347 1358 1366
f 1348 1367 1368
f 1348 1368 1369
f 1348 1369 1370
f 1348 1370 1371
f 1348 1371 1372
f 1350 1365 1351
f 1351 1365 1373
f 1351 1373 1352
f 1352 1373 1353
f 1353 1373 1354
f 1354 1373 1374
f 1354 1374 1375
f 1354 1375 1355
f 1355 1375 1376
f 1355 1376 1377
f 1355 1377 1378
f 1355 1378 1356
f 1356 1378 1357
f 1357 1378 1358
f 1358 1378 1379
f 1358 1379 1380
f 1358 1380 1381
f 1358 1381 1382
f 1358 1382 1383
f 1358 1383 1384
f 1358 1384 1385
f 1358 1385 1386
f 1358 1386 1387
f 1358 1387 1388
f 1358 1388 1389
f 1358 1389 1390
f 1358 1390 1391
f 1358 1391 1392
f 1358 1392 1366
f 1359 1361 1393
f 1359 1393 1394
f 1359 1394 1395
f 1359 1395 1363
f 1359 1363 1362
f 1363 1395 1396
f 1363 1396 1397
f 1363 1397 1365
f 1363 1365 1364
f 1365 1397 1373
f 1367 1398 1399
f 1367 1399 1400
f 1367 1400 1401
f 1367 1401 1402
f 1367 1402 1403
f 1367 1403 1368
f 1368 1403 1404
f 1368 1404 1369
f 1369 1404 1370
f 1370 1404 1371
f 1371 1404 1405
f 1371 1405 1406
f 1371 1406 1407
f 1371 1407 1408
f 1371 1408 1372
f 1372 1408 1409
f 1373 1397 1396
f 1373 1396 1374
f 1374 1396 1410
f 1374 1410 1375
f 1375 1410 1376
f 1376 1411 1377
f 1376 1410 1411
f 1377 1411 1378
f 1378 1411 1379
f 1379 1411 1395
f 1379 1395 1422
f 1379 1422 1455
f 1379 1455 1441
f 1379 1441 1413
f 1379 1413 1412
f 1379 1412 1380
f 1380 1412 1413
f 1380 1413 1381
f 1381 1413 1414
f 1381 1414 1415
f 1381 1415 1398
f 1381 1398 1386
f 1381 1386 1382
f 1382 1386 1383
f 1383 1386 1384
f 1384 1386 1385
f 1394 1416 1395
f 1395 1411 1410
f 1395 1410 1396
f 1395 1416 1417
f 1395 1417 1418
f 1395 1418 1419
f 1395 1419 1420
f 1395 1420 1421
f 1395 1421 1422
f 1398 1415 1399
f 1399 1415 1400
f 1400 1415 1423
f 1400 1423 1424
f 1400 1424 1425
f 1400 1425 1401
f 1401 1425 1426
f 1401 1426 1427
f 1401 1427 1428
f 1401 1428 1402
f 1402 1428 1403
f 1403 1428 1427
f 1403 1427 1426
f 1403 1426 1429
f 1403 1429 1430
f 1403 1430 1431
f 1403 1431 1404
f 1404 1431 1405
f 1405 1432 1406
f 1405 1431 1430
f 1405 1430 1432
f 1406 1433 1434
f 1406 1434 1435
f 1406 1435 1407
f 1406 1432 1433
f 1407 1435 1436
f 1407 1436 1437
f 1407 1437 1438
f 1407 1438 1439
f 1407 1439 1440
f 1407 1440 1409
f 1407 1409 1408
f 1413 1441 1442
f 1413 1442 1443
f 1413 1443 1444
f 1413 1444 1445
f 1413 1445 1446
f 1413 1446 1447
f 1413 1447 1448
f 1413 1448 1449
f 1413 1449 1450
f 1413 1450 1451
f 1413 1451 1452
f 1413 1452 1453
f 1413 1453 1414
f 1414 1453 1423
f 1414 1423 1415
f 1421 1454 1455
f 1421 1455 1422
f 1423 1453 1456
f 1423 1456 1424
f 1424 1456 1457
f 1424 1457 1425
f 1425 1457 1426
f 1426 1458 1459
f 1426 1459 1429
f 1426 1457 1458
f 1429 1459 1460
f 1429 1460 1461
f 1429 1461 1432
f 1429 1432 1430
f 1432 1461 1433
f 1433 1462 1463
f 1433 1463 1464
f 1433 1464 1434
f 1433 1461 1462
f 1434 1465 1466
f 1434 1466 1467
f 1434 1467 1435
f 1434 1464 1463
f 1434 1463 1465
f 1435 1467 1436
f 1436 1467 1468
f 1436 1468 1469
f 1436 1469 1437
f 1437 1470 1438
f 1437 1469 1471
f 1437 1471 1470
f 1438 1470 1439
f 1439 1470 1472
f 1441 1455 1473
f 1441 1473 1442
f 1442 1473 1474
f 1442 1474 1475
f 1442 1475 1476
f 1442 1476 1443
f 1443 1476 1477
f 1443 1477 1478
f 1443 1478 1479
f 1443 1479 1444
f 1444 1479 1480
f 1444 1480 1445
f 1445 1480 1446
f 1446 1480 1447
f 1447 1480 1481
f 1447 1481 1482
f 1447 1482 1483
f 1447 1483 1484
f 1447 1484 1448
f 1448 1484 1485
f 1448 1485 1449
f 1449 1485 1450
f 1450 1485 1484
f 1450 1484 1451
f 1451 1484 1486
f 1451 1486 1487
f 1451 1487 1488
f 1451 1488 1453
f 1451 1453 1452
f 1453 1488 1489
f 1453 1489 1456
f 1454 1490 1455
f 1455 1490 1491
f 1455 1491 1492
f 1455 1492 1473
f 1456 1489 1458
f 1456 1458 1457
f 1458 1493 1459
f 1458 1489 1493
f 1459 1493 1494
f 1459 1494 1460
f 1460 1495 1496
f 1460 1496 1461
f 1460 1494 1495
f 1461 1496 1462
f 1462 1496 1463
f 1463 1496 1495
f 1463 1495 1497
f 1463 1497 1498
f 1463 1498 1465
f 1465 1498 1499
f 1465 1499 1500
f 1465 1500 1466
f 1466 1500 1467
f 1467 1500 1468
f 1468 1500 1501
f 1468 1501 1469
f 1469 1501 1502
f 1469 1502 1471
f 1470 1503 1472
f 1470 1471 1504
f 1470 1504 1503
f 1471 1502 1504
f 1473 1505 1506
f 1473 1506 1507
f 1473 1507 1508
f 1473 1508 1474
f 1474 1508 1500
f 1474 1500 1509
f 1474 1509 1475
f 1475 1509 1476
f 1476 1509 1510
f 1476 1510 1477
f 1477 1510 1511
f 1477 1511 1512
f 1477 1512 1479
f 1477 1479 1478
f 1479 1512 1513
f 1479 1513 1514
f 1479 1514 1481
f 1479 1481 1480
f 1481 1515 1482
f 1481 1514 1515
f 1482 1516 1483
f 1482 1515 1486
f 1482 1486 1516
f 1483 1516 1484
f 1484 1516 1486
f 1486 1517 1487
f 1486 1515 1518
f 1486 1518 1517
f 1487 1517 1489
f 1487 1489 1488
f 1489 1517 1518
f 1489 1518 1493
f 1493 1518 1494
f 1494 1518 1495
f 1495 1519 1520
f 1495 1520 1497
f 1495 1518 1521
f 1495 1521 1519
f 1497 1520 1522
f 1497 1522 1498
f 1498 1522 1523
f 1498 1523 1499
f 1499 1523 1509
f 1499 1509 1500
f 1500 1508 1507
f 1500 1507 1524
f 1500 1524 1501
f 1501 1524 1525
f 1501 1525 1502
f 1502 1525 1505
f 1502 1505 1526
f 1502 1526 1504
f 1505 1525 1506
f 1506 1525 1524
f 1506 1524 1507
f 1509 1523 1510
f 1510 1523 1511
f 1511 1522 1512
f 1511 1523 1522
f 1512 1527 1528
f 1512 1528 1513
f 1512 1522 1527
f 1513 1528 1514
f 1514 1528 1527
f 1514 1527 1515
f 1515 1527 1518
f 1518 1527 1521
f 1519 1521 1527
f 1519 1527 1522
f 1519 1522 1520

o geometry_13
v 0.00622966 0.00539643 0.02499582
v 0.00622966 0.00520580 0.02498609
v 0.00622966 0.00615221 0.00768282
v 0.00260611 0.00539643 0.02955768
v 0.00622966 0.00504859 0.02480764
v 0.00260421 0.00533897 0.02955443
v 0.00299363 0.00514128 0.02898663
v 0.00260895 0.00492012 0.02923322
v -0.00017781 0.00615221 0.00743299
v -0.00258940 0.00539643 0.03072248
v -0.00017686 0.00539643 0.03072248
v 0.00014988 0.00539643 0.03071274
v 0.00047851 0.00539643 0.03068354
v 0.00080620 0.00539643 0.03063163
v 0.00108545 0.00539643 0.03057323
v 0.00123647 0.00539643 0.03052456
v 0.00173987 0.00539643 0.03027797
v 0.00189184 0.00539643 0.03018388
v 0.00229267 0.00539643 0.02990160
v 0.00622966 0.00615221 0.00675488
v 0.00228602 0.00522804 0.02989511
v 0.00622966 0.00492399 0.02463567
v 0.00267259 0.00508396 0.02931109
v 0.00217109 0.00500950 0.02977831
v 0.00195168 0.00492012 0.02988862
v -0.00258940 0.00476112 0.03038180
v 0.00622966 0.00485837 0.02349359
v 0.00622966 0.00491998 0.02462594
v 0.00621731 0.00492012 0.02464216
v -0.00050550 0.00615221 0.00742002
v -0.00324002 0.00481997 0.02909046
v -0.00258940 0.00529642 0.03071599
v -0.00083413 0.00615221 0.00740055
v -0.00107824 0.00615221 0.00737459
v -0.00116182 0.00615221 0.00736486
v -0.00150186 0.00615221 0.00730321
v -0.00163103 0.00615221 0.00727401
v -0.00247447 0.00615221 0.00703716
v -0.00258940 0.00615221 0.00699822
v -0.00258940 0.00508396 0.03069977
v -0.00017686 0.00508396 0.03063487
v 0.00013943 0.00505177 0.03061541
v 0.00047851 0.00509445 0.03061541
v 0.00080620 0.00512954 0.03058621
v 0.00104651 0.00518618 0.03056349
v 0.00169998 0.00515275 0.03025850
v 0.00113484 0.00614641 -0.00011711
v 0.00080620 0.00615138 0.00086924
v -0.00083413 0.00615193 0.00086924
v -0.00258940 0.00615221 0.00624548
v 0.00622966 0.00610842 -0.00175561
v 0.00605204 0.00611325 -0.00175561
v 0.00572436 0.00611822 -0.00175561
v 0.00208466 0.00510481 0.02994378
v 0.00143023 0.00505978 0.03030068
v 0.00130106 0.00492012 0.03021633
v 0.00002355 0.00492012 0.03054403
v -0.00258940 0.00479717 0.03052456
v -0.00258940 0.00475918 0.03005410
v 0.00622966 0.00485271 0.02316589
v -0.00258940 0.00474205 0.01057698
v -0.00258940 0.00474634 0.01549574
v -0.00258940 0.00483074 0.03060892
v -0.00258940 0.00497869 0.03066732
v -0.00347368 0.00515275 0.00318910
v -0.00347368 0.00481997 0.00323777
v 0.00015083 0.00614558 -0.00110021
v -0.00083413 0.00614599 -0.00077251
v -0.00116182 0.00614351 -0.00011711
v -0.00181814 0.00611187 -0.00011711
v -0.00258940 0.00611132 0.00349085
v -0.00347368 0.00515275 0.00283220
v 0.00622966 0.00599804 -0.00208331
v 0.00572436 0.00603189 -0.00208331
v 0.00539667 0.00603230 -0.00208331
v 0.00408497 0.00603341 -0.00208331
v 0.00342865 0.00603382 -0.00208331
v 0.00244464 0.00603437 -0.00208331
v 0.00113484 0.00603465 -0.00208331
v 0.00047851 0.00603465 -0.00208331
v -0.00017781 0.00611684 -0.00175561
v 0.00622966 0.00484179 0.02021333
v 0.00622966 0.00484317 0.02086874
v 0.00622966 0.00484428 0.02119644
v 0.00622966 0.00484552 0.02152738
v 0.00622966 0.00485105 0.02283818
v -0.00258940 0.00474122 0.00959387
v -0.00347368 0.00481997 0.00283220
v -0.00258940 0.00474095 0.00828307
v -0.00258940 0.00474109 0.00926617
v -0.00017781 0.00614420 -0.00110021
v -0.00050550 0.00614157 -0.00110021
v -0.00116182 0.00610704 -0.00142791
v -0.00148951 0.00610524 -0.00110021
v -0.00148951 0.00611422 -0.00077251
v -0.00116182 0.00613895 -0.00044481
v -0.00181814 0.00610262 -0.00044481
v -0.00209644 0.00599901 -0.00044481
v -0.00228735 0.00586625 -0.00011711
v -0.00226076 0.00580671 -0.00044481
v -0.00231585 0.00559287 -0.00062650
v -0.00232440 0.00541218 -0.00064922
v 0.00606819 0.00599597 -0.00211251
v 0.00622966 0.00588587 -0.00223905
v 0.00618882 0.00589734 -0.00224230
v 0.00597036 0.00591391 -0.00225528
v 0.00572436 0.00591944 -0.00226176
v 0.00375633 0.00592206 -0.00226501
v 0.00277232 0.00592317 -0.00226501
v 0.00244464 0.00592344 -0.00226501
v 0.00211600 0.00592372 -0.00226501
v 0.00178926 0.00592386 -0.00226501
v 0.00015083 0.00603451 -0.00208331
v 0.00146063 0.00592386 -0.00226501
v 0.00047851 0.00592372 -0.00226501
v -0.00050550 0.00611021 -0.00175561
v 0.00622966 0.00484027 0.01776369
v -0.00232250 0.00519060 -0.00063948
v -0.00228830 0.00492288 -0.00026311
v -0.00198816 0.00491763 -0.00095421
v -0.00258940 0.00474661 0.00316964
v -0.00258940 0.00474509 0.00336431
v -0.00258940 0.00474426 0.00349734
v -0.00258940 0.00474385 0.00368877
v -0.00258940 0.00474330 0.00434741
v -0.00258940 0.00474205 0.00631362
v -0.00258940 0.00474122 0.00762767
v -0.00151705 0.00601393 -0.00145387
v -0.00083413 0.00608880 -0.00175561
v -0.00116942 0.00600619 -0.00176859
v -0.00182859 0.00599804 -0.00110021
v -0.00181814 0.00607609 -0.00077251
v -0.00205180 0.00596765 -0.00077251
v -0.00201001 0.00593173 -0.00098990
v -0.00220947 0.00571734 -0.00074980
v -0.00205465 0.00573833 -0.00110021
v -0.00200716 0.00562782 -0.00129813
v -0.00213158 0.00541218 -0.00110021
v -0.00225506 0.00541218 -0.00081144
v 0.00622966 0.00585175 -0.00225203
v 0.00606819 0.00576886 -0.00230719
v 0.00572436 0.00573999 -0.00233639
v 0.00539667 0.00573999 -0.00233963
v 0.00211600 0.00573999 -0.00234937
v -0.00017781 0.00602470 -0.00208331
v 0.00015083 0.00592344 -0.00226501
v 0.00015083 0.00573999 -0.00234937
v 0.00622966 0.00484055 0.01710828
v -0.00209074 0.00532916 -0.00117159
v -0.00201001 0.00516684 -0.00129813
v -0.00204895 0.00506821 -0.00107425
v -0.00187418 0.00494844 -0.00117159
v -0.00154650 0.00493435 -0.00147982
v -0.00099940 0.00492012 -0.00191460
v -0.00002204 0.00492012 -0.00224230
v 0.00622966 0.00487108 -0.00190162
v 0.00622966 0.00486984 -0.00174912
v 0.00622966 0.00486928 -0.00157392
v 0.00622966 0.00484124 0.01645613
v 0.00622966 0.00484083 0.01678383
v -0.00172601 0.00595839 -0.00136302
v -0.00142492 0.00596116 -0.00167125
v -0.00047415 0.00598713 -0.00209954
v -0.00083413 0.00598160 -0.00200869
v -0.00106494 0.00594320 -0.00196002
v -0.00164338 0.00589181 -0.00158041
v -0.00194447 0.00584650 -0.00120728
v -0.00170512 0.00567327 -0.00164530
v -0.00189603 0.00541218 -0.00148631
v -0.00202236 0.00541218 -0.00132084
v -0.00201951 0.00532916 -0.00131760
v 0.00622966 0.00572245 -0.00229745
v 0.00605204 0.00541218 -0.00239155
v 0.00572436 0.00541218 -0.00240777
v 0.00539667 0.00541218 -0.00241102
v 0.00015083 0.00541218 -0.00242399
v -0.00017781 0.00591364 -0.00225528
v -0.00034213 0.00590424 -0.00224879
v -0.00017781 0.00573999 -0.00233315
v -0.00183524 0.00532916 -0.00153823
v -0.00170607 0.00515289 -0.00163881
v -0.00121881 0.00493877 -0.00180753
v -0.00137458 0.00515731 -0.00195029
v -0.00113048 0.00506254 -0.00198598
v -0.00073345 0.00516919 -0.00226825
v -0.00050455 0.00510993 -0.00229745
v -0.00015027 0.00505370 -0.00230719
v 0.00015083 0.00508409 -0.00233315
v 0.00622966 0.00491017 -0.00225203
v 0.00622966 0.00488918 -0.00215794
v -0.00128435 0.00585617 -0.00188864
v -0.00056059 0.00584236 -0.00221634
v -0.00083223 0.00573585 -0.00216767
v -0.00116942 0.00574414 -0.00200869
v -0.00150660 0.00576472 -0.00176535
v -0.00136793 0.00563763 -0.00195029
v -0.00155694 0.00541218 -0.00183348
v -0.00173171 0.00541218 -0.00167125
v 0.00622966 0.00541218 -0.00235910
v 0.00580794 0.00532916 -0.00238830
v 0.00622966 0.00532916 -0.00235261
v 0.00613563 0.00532916 -0.00236884
v 0.00622966 0.00508409 -0.00231368
v 0.00605204 0.00532916 -0.00237532
v 0.00572341 0.00508409 -0.00232666
v 0.00482393 0.00532916 -0.00239155
v 0.00408402 0.00508409 -0.00232990
v 0.00056115 0.00532916 -0.00240128
v 0.00015083 0.00532916 -0.00240128
v -0.00017116 0.00532916 -0.00238181
v -0.00017781 0.00541218 -0.00240128
v -0.00047415 0.00573585 -0.00228448
v -0.00072111 0.00562368 -0.00226825
v -0.00050550 0.00541218 -0.00234937
v -0.00172411 0.00532916 -0.00166152
v -0.00149806 0.00532916 -0.00187566
v -0.00138693 0.00532916 -0.00196651
v -0.00116182 0.00541218 -0.00209305
v -0.00085598 0.00532916 -0.00222932
v -0.00074865 0.00532916 -0.00227799
v -0.00050550 0.00532916 -0.00233639
v 0.00211505 0.00508409 -0.00233315
v 0.00622966 0.00498864 -0.00228772
v -0.00139358 0.00541218 -0.00196975
v 0.00605204 0.00508409 -0.00232341
v 0.00622966 0.00523577 -0.00233963
v -0.00075625 0.00541218 -0.00228123
v -0.00091962 0.00541218 -0.00220661
f 1529 1530 1533
f 1529 1533 1550
f 1529 1550 1556
f 1529 1556 1555
f 1529 1555 1588
f 1529 1588 1614
f 1529 1614 1613
f 1529 1613 1612
f 1529 1612 1611
f 1529 1611 1610
f 1529 1610 1645
f 1529 1645 1676
f 1529 1676 1688
f 1529 1688 1687
f 1529 1687 1686
f 1529 1686 1685
f 1529 1685 1684
f 1529 1684 1718
f 1529 1718 1717
f 1529 1717 1751
f 1529 1751 1731
f 1529 1731 1754
f 1529 1754 1729
f 1529 1729 1727
f 1529 1727 1700
f 1529 1700 1668
f 1529 1668 1632
f 1529 1632 1601
f 1529 1601 1579
f 1529 1579 1548
f 1529 1548 1531
f 1529 1531 1532
f 1529 1532 1530
f 1530 1532 1534
f 1530 1534 1535
f 1530 1535 1536
f 1530 1536 1533
f 1531 1537 1538
f 1531 1538 1539
f 1531 1539 1540
f 1531 1540 1541
f 1531 1541 1542
f 1531 1542 1543
f 1531 1543 1544
f 1531 1544 1545
f 1531 1545 1546
f 1531 1546 1547
f 1531 1547 1532
f 1531 1548 1578
f 1531 1578 1567
f 1531 1567 1566
f 1531 1566 1565
f 1531 1565 1564
f 1531 1564 1563
f 1531 1563 1562
f 1531 1562 1561
f 1531 1561 1558
f 1531 1558 1537
f 1532 1547 1549
f 1532 1549 1534
f 1533 1536 1550
f 1534 1549 1535
f 1535 1549 1551
f 1535 1551 1536
f 1536 1551 1549
f 1536 1549 1552
f 1536 1552 1553
f 1536 1553 1554
f 1536 1554 1555
f 1536 1555 1556
f 1536 1556 1557
f 1536 1557 1550
f 1537 1558 1538
f 1538 1559 1560
f 1538 1560 1539
f 1538 1558 1561
f 1538 1561 1562
f 1538 1562 1563
f 1538 1563 1564
f 1538 1564 1565
f 1538 1565 1566
f 1538 1566 1567
f 1538 1567 1559
f 1539 1560 1568
f 1539 1568 1569
f 1539 1569 1540
f 1540 1569 1570
f 1540 1570 1571
f 1540 1571 1541
f 1541 1571 1572
f 1541 1572 1573
f 1541 1573 1542
f 1542 1573 1543
f 1543 1573 1544
f 1544 1573 1574
f 1544 1574 1545
f 1545 1574 1546
f 1546 1549 1547
f 1546 1574 1549
f 1548 1575 1576
f 1548 1576 1577
f 1548 1577 1578
f 1548 1579 1580
f 1548 1580 1581
f 1548 1581 1575
f 1549 1574 1582
f 1549 1582 1553
f 1549 1553 1552
f 1550 1557 1556
f 1553 1582 1574
f 1553 1574 1583
f 1553 1583 1584
f 1553 1584 1554
f 1554 1585 1586
f 1554 1586 1559
f 1554 1559 1587
f 1554 1587 1588
f 1554 1588 1555
f 1554 1584 1585
f 1559 1589 1590
f 1559 1590 1587
f 1559 1586 1591
f 1559 1591 1592
f 1559 1592 1568
f 1559 1568 1560
f 1559 1567 1593
f 1559 1593 1594
f 1559 1594 1589
f 1567 1578 1600
f 1567 1600 1593
f 1568 1592 1569
f 1569 1592 1570
f 1570 1591 1585
f 1570 1585 1571
f 1570 1592 1591
f 1571 1585 1572
f 1572 1585 1584
f 1572 1584 1573
f 1573 1584 1583
f 1573 1583 1574
f 1575 1581 1595
f 1575 1595 1576
f 1576 1595 1577
f 1577 1595 1596
f 1577 1596 1578
f 1578 1596 1597
f 1578 1597 1598
f 1578 1598 1599
f 1578 1599 1600
f 1579 1601 1602
f 1579 1602 1580
f 1580 1602 1581
f 1581 1602 1603
f 1581 1603 1604
f 1581 1604 1605
f 1581 1605 1606
f 1581 1606 1607
f 1581 1607 1608
f 1581 1608 1609
f 1581 1609 1595
f 1585 1591 1586
f 1587 1590 1610
f 1587 1610 1611
f 1587 1611 1612
f 1587 1612 1613
f 1587 1613 1614
f 1587 1614 1588
f 1589 1594 1615
f 1589 1615 1610
f 1589 1610 1590
f 1593 1600 1616
f 1593 1616 1594
f 1594 1616 1617
f 1594 1617 1618
f 1594 1618 1615
f 1595 1619 1596
f 1595 1609 1619
f 1596 1619 1620
f 1596 1620 1621
f 1596 1621 1622
f 1596 1622 1623
f 1596 1623 1624
f 1596 1624 1597
f 1597 1624 1598
f 1598 1624 1623
f 1598 1623 1622
f 1598 1622 1625
f 1598 1625 1599
f 1599 1625 1626
f 1599 1626 1627
f 1599 1627 1600
f 1600 1627 1628
f 1600 1628 1629
f 1600 1629 1630
f 1600 1630 1616
f 1601 1631 1602
f 1601 1632 1633
f 1601 1633 1634
f 1601 1634 1631
f 1602 1631 1634
f 1602 1634 1635
f 1602 1635 1636
f 1602 1636 1603
f 1603 1636 1637
f 1603 1637 1638
f 1603 1638 1604
f 1604 1638 1639
f 1604 1639 1605
f 1605 1639 1606
f 1606 1639 1640
f 1606 1640 1607
f 1607 1640 1642
f 1607 1642 1608
f 1608 1641 1609
f 1608 1642 1643
f 1608 1643 1641
f 1609 1641 1644
f 1609 1644 1620
f 1609 1620 1619
f 1610 1615 1645
f 1615 1618 1645
f 1616 1646 1647
f 1616 1647 1648
f 1616 1648 1649
f 1616 1649 1650
f 1616 1650 1651
f 1616 1651 1652
f 1616 1652 1653
f 1616 1653 1654
f 1616 1654 1655
f 1616 1655 1617
f 1616 1630 1646
f 1617 1655 1676
f 1617 1676 1645
f 1617 1645 1618
f 1620 1644 1621
f 1621 1656 1622
f 1621 1644 1657
f 1621 1657 1658
f 1621 1658 1656
f 1622 1659 1660
f 1622 1660 1625
f 1622 1656 1659
f 1625 1660 1626
f 1626 1660 1661
f 1626 1661 1627
f 1627 1661 1628
f 1628 1661 1662
f 1628 1662 1663
f 1628 1663 1629
f 1629 1663 1664
f 1629 1664 1665
f 1629 1665 1666
f 1629 1666 1667
f 1629 1667 1630
f 1630 1667 1646
f 1632 1668 1633
f 1633 1668 1669
f 1633 1669 1634
f 1634 1669 1670
f 1634 1670 1635
f 1635 1670 1671
f 1635 1671 1672
f 1635 1672 1636
f 1636 1672 1637
f 1637 1672 1638
f 1638 1672 1639
f 1639 1672 1640
f 1640 1672 1675
f 1640 1675 1642
f 1641 1673 1644
f 1641 1643 1674
f 1641 1674 1673
f 1642 1675 1643
f 1643 1675 1674
f 1644 1673 1657
f 1646 1667 1666
f 1646 1666 1677
f 1646 1677 1678
f 1646 1678 1679
f 1646 1679 1647
f 1647 1679 1648
f 1648 1679 1678
f 1648 1678 1680
f 1648 1680 1681
f 1648 1681 1682
f 1648 1682 1649
f 1649 1682 1683
f 1649 1683 1684
f 1649 1684 1685
f 1649 1685 1650
f 1650 1685 1651
f 1651 1685 1686
f 1651 1686 1652
f 1652 1686 1687
f 1652 1687 1688
f 1652 1688 1676
f 1652 1676 1653
f 1653 1676 1654
f 1654 1676 1655
f 1656 1689 1659
f 1656 1658 1690
f 1656 1690 1689
f 1657 1673 1691
f 1657 1691 1692
f 1657 1692 1658
f 1658 1692 1693
f 1658 1693 1690
f 1659 1662 1661
f 1659 1661 1660
f 1659 1689 1662
f 1662 1689 1694
f 1662 1694 1695
f 1662 1695 1664
f 1662 1664 1663
f 1664 1695 1665
f 1665 1695 1694
f 1665 1694 1696
f 1665 1696 1697
f 1665 1697 1698
f 1665 1698 1666
f 1666 1698 1699
f 1666 1699 1677
f 1668 1700 1669
f 1669 1700 1701
f 1669 1701 1670
f 1670 1701 1702
f 1670 1702 1703
f 1670 1703 1671
f 1671 1703 1672
f 1672 1703 1704
f 1672 1704 1675
f 1673 1674 1705
f 1673 1705 1706
f 1673 1706 1691
f 1674 1675 1705
f 1675 1707 1705
f 1675 1704 1707
f 1677 1699 1678
f 1678 1699 1697
f 1678 1697 1708
f 1678 1708 1709
f 1678 1709 1680
f 1680 1709 1681
f 1681 1709 1710
f 1681 1710 1682
f 1682 1710 1711
f 1682 1711 1712
f 1682 1712 1713
f 1682 1713 1714
f 1682 1714 1683
f 1683 1714 1715
f 1683 1715 1716
f 1683 1716 1717
f 1683 1717 1718
f 1683 1718 1684
f 1689 1690 1694
f 1690 1693 1719
f 1690 1719 1694
f 1691 1706 1692
f 1692 1706 1693
f 1693 1706 1720
f 1693 1720 1721
f 1693 1721 1722
f 1693 1722 1719
f 1694 1719 1723
f 1694 1723 1696
f 1696 1723 1724
f 1696 1724 1725
f 1696 1725 1726
f 1696 1726 1697
f 1697 1699 1698
f 1697 1726 1708
f 1700 1727 1701
f 1701 1728 1702
f 1701 1727 1729
f 1701 1729 1730
f 1701 1730 1731
f 1701 1731 1732
f 1701 1732 1728
f 1702 1728 1703
f 1703 1728 1733
f 1703 1733 1734
f 1703 1734 1704
f 1704 1734 1733
f 1704 1733 1735
f 1704 1735 1736
f 1704 1736 1737
f 1704 1737 1738
f 1704 1738 1739
f 1704 1739 1707
f 1705 1707 1706
f 1706 1707 1740
f 1706 1740 1741
f 1706 1741 1720
f 1707 1739 1742
f 1707 1742 1741
f 1707 1741 1740
f 1708 1726 1743
f 1708 1743 1709
f 1709 1743 1744
f 1709 1744 1711
f 1709 1711 1710
f 1711 1744 1745
f 1711 1745 1746
f 1711 1746 1713
f 1711 1713 1712
f 1713 1747 1748
f 1713 1748 1742
f 1713 1742 1749
f 1713 1749 1714
f 1713 1746 1747
f 1714 1749 1739
f 1714 1739 1738
f 1714 1738 1715
f 1715 1738 1737
f 1715 1737 1716
f 1716 1750 1717
f 1716 1737 1736
f 1716 1736 1750
f 1717 1750 1751
f 1719 1724 1723
f 1719 1722 1724
f 1720 1741 1721
f 1721 1741 1722
f 1722 1741 1724
f 1724 1741 1746
f 1724 1746 1752
f 1724 1752 1725
f 1725 1752 1744
f 1725 1744 1726
f 1726 1744 1743
f 1728 1732 1753
f 1728 1753 1733
f 1729 1754 1730
f 1730 1754 1731
f 1731 1751 1753
f 1731 1753 1732
f 1733 1753 1751
f 1733 1751 1735
f 1735 1751 1750
f 1735 1750 1736
f 1739 1749 1742
f 1741 1742 1755
f 1741 1755 1756
f 1741 1756 1746
f 1742 1748 1755
f 1744 1752 1745
f 1745 1752 1746
f 1746 1756 1747
f 1747 1756 1755
f 1747 1755 1748

o geometry_14
v 0.00080501 0.00539634 0.02683513
v 0.00046187 0.00539634 0.02692930
v 0.00066339 0.00686577 0.02709591
v 0.00080501 0.00686577 0.02707494
v 0.00104521 0.00539634 0.02684085
v 0.00038326 0.00686577 0.02719046
v 0.00047747 0.00686577 0.02714700
v 0.00021418 0.00539634 0.02710620
v -0.00347368 0.00646093 0.02909253
v -0.00347368 0.00687662 0.02909253
v -0.00258961 0.00727538 0.02909253
v 0.00113256 0.00686577 0.02708333
v 0.00113256 0.00539634 0.02684390
v -0.00337947 0.00693106 0.02909253
v -0.00269443 0.00723823 0.02909253
v 0.00014680 0.00539634 0.02716148
v -0.00347305 0.00552270 0.03021799
v -0.00347368 0.00552270 0.03032474
v -0.00347368 0.00687735 0.02940249
v -0.00269380 0.00723786 0.02940249
v -0.00258961 0.00727428 0.02940249
v 0.00255006 0.00686577 0.02918975
v 0.00172901 0.00686577 0.02743827
v 0.00160485 0.00686577 0.02728882
v 0.00154558 0.00686577 0.02723697
v 0.00145574 0.00686577 0.02717597
v 0.00131224 0.00539634 0.02688584
v -0.00337884 0.00693088 0.02940249
v -0.00008154 0.00539634 0.02742493
v -0.00258961 0.00539634 0.03032321
v -0.00347368 0.00552270 0.03065605
v -0.00347368 0.00686632 0.02947569
v -0.00267446 0.00723032 0.02958816
v -0.00258961 0.00726618 0.02950962
v 0.00227242 0.00686577 0.02953326
v 0.00240282 0.00686577 0.02937428
v 0.00256503 0.00685418 0.02918975
v 0.00192928 0.00539634 0.02728653
v 0.00274222 0.00669526 0.02918975
v 0.00289445 0.00639472 0.02918975
v 0.00160048 0.00539634 0.02697772
v -0.00335015 0.00691635 0.02960531
v -0.00258961 0.00539634 0.03072391
v -0.00347368 0.00568493 0.03060191
v -0.00334765 0.00552270 0.03068769
v -0.00313053 0.00574029 0.03067015
v -0.00347368 0.00672212 0.02973494
v -0.00313053 0.00696435 0.02966174
v -0.00291966 0.00686650 0.02987334
v -0.00270067 0.00691524 0.02991985
v -0.00258961 0.00701585 0.02985999
v -0.00258961 0.00724485 0.02960722
v 0.00095537 0.00686577 0.03031673
v 0.00106643 0.00686577 0.03028394
v 0.00125172 0.00686577 0.03021684
v 0.00129665 0.00686577 0.03019816
v 0.00146011 0.00686577 0.03012572
v 0.00153934 0.00686577 0.03008340
v 0.00172713 0.00686577 0.02997932
v 0.00190682 0.00686577 0.02986075
v 0.00209274 0.00686577 0.02969987
v 0.00224684 0.00686577 0.02955880
v 0.00228739 0.00656706 0.02990117
v 0.00241529 0.00662224 0.02969987
v 0.00261120 0.00656375 0.02957062
v 0.00245210 0.00679550 0.02942079
v 0.00267172 0.00662077 0.02940249
v 0.00289944 0.00615892 0.02918975
v 0.00289944 0.00615248 0.02918975
v 0.00203409 0.00539634 0.02755837
v 0.00261619 0.00639582 0.02957672
v -0.00313053 0.00681574 0.02982568
v -0.00347368 0.00670722 0.02975057
v -0.00258961 0.00541252 0.03072429
v -0.00302010 0.00552270 0.03071972
v -0.00019509 0.00539634 0.03072543
v -0.00017887 0.00541252 0.03072963
v -0.00247357 0.00541252 0.03072467
v -0.00347368 0.00570332 0.03059390
v -0.00342688 0.00572631 0.03059886
v -0.00280236 0.00574029 0.03071285
v -0.00313053 0.00595016 0.03058361
v -0.00247357 0.00606824 0.03067244
v -0.00258961 0.00606934 0.03065071
v -0.00277803 0.00607081 0.03061487
v -0.00289719 0.00652623 0.03019282
v -0.00267883 0.00657847 0.03023934
v -0.00313053 0.00665185 0.02997703
v -0.00258961 0.00659539 0.03025535
v -0.00247357 0.00661727 0.03027556
v -0.00247357 0.00678116 0.03012305
v -0.00247357 0.00686577 0.03004414
v -0.00258961 0.00693566 0.02993891
v -0.00214540 0.00686577 0.03014136
v -0.00171491 0.00686577 0.03026031
v -0.00148968 0.00686577 0.03030225
v -0.00116151 0.00686577 0.03034723
v -0.00083334 0.00686577 0.03038116
v -0.00050580 0.00686577 0.03040175
v -0.00017950 0.00686577 0.03041166
v -0.00006470 0.00686577 0.03041357
v 0.00014930 0.00686577 0.03041624
v 0.00047622 0.00686577 0.03040251
v 0.00080377 0.00686577 0.03035486
v 0.00103648 0.00658674 0.03057026
v 0.00080377 0.00678097 0.03044140
v 0.00114691 0.00672966 0.03039031
v 0.00146011 0.00666970 0.03032436
v 0.00146011 0.00683358 0.03016118
v 0.00170592 0.00661157 0.03026641
v 0.00180699 0.00673757 0.03007006
v 0.00211582 0.00662868 0.02996712
v 0.00213516 0.00680176 0.02974409
v 0.00229426 0.00639582 0.02990841
v 0.00191742 0.00639582 0.03019359
v 0.00245834 0.00639582 0.02974066
v 0.00261681 0.00615248 0.02957748
v 0.00239658 0.00539634 0.02979327
v 0.00209149 0.00539634 0.02776310
v 0.00241280 0.00612710 0.02979327
v 0.00250202 0.00615248 0.02969948
v -0.00347368 0.00656173 0.02989583
v -0.00335701 0.00659465 0.02992442
v -0.00258961 0.00562478 0.03072429
v -0.00269193 0.00552270 0.03072391
v -0.00247357 0.00574029 0.03072467
v -0.00017887 0.00539634 0.03072543
v 0.00014867 0.00541252 0.03072391
v 0.00014867 0.00574029 0.03072505
v -0.00017887 0.00606824 0.03073001
v -0.00347368 0.00584182 0.03050164
v -0.00329711 0.00590620 0.03055158
v -0.00181785 0.00606824 0.03072467
v -0.00214602 0.00606824 0.03071133
v -0.00265263 0.00623948 0.03055616
v -0.00236938 0.00615248 0.03065719
v -0.00214540 0.00633292 0.03062364
v -0.00247357 0.00627535 0.03058552
v -0.00258961 0.00630956 0.03051537
v -0.00247357 0.00643905 0.03043950
v -0.00313053 0.00646627 0.03014098
v -0.00214540 0.00649662 0.03049020
v -0.00214540 0.00667098 0.03032626
v -0.00214540 0.00683523 0.03017071
v -0.00167872 0.00656706 0.03055692
v -0.00148968 0.00674934 0.03041548
v -0.00116151 0.00677343 0.03043759
v -0.00083334 0.00679146 0.03045475
v -0.00050580 0.00680231 0.03046466
v -0.00017950 0.00680764 0.03046962
v 0.00014930 0.00680948 0.03047190
v 0.00047622 0.00680360 0.03046504
v 0.00108140 0.00639582 0.03058399
v 0.00124549 0.00639582 0.03051956
v 0.00146011 0.00639582 0.03042691
v 0.00080377 0.00661709 0.03059428
v 0.00080377 0.00639582 0.03064804
v 0.00175334 0.00639582 0.03029348
v 0.00229800 0.00606824 0.02991146
v 0.00233980 0.00615248 0.02986800
v 0.00175771 0.00606824 0.03029653
v 0.00192179 0.00606824 0.03019168
v 0.00241280 0.00596910 0.02979327
v 0.00240531 0.00563067 0.02979327
v 0.00239845 0.00542411 0.02979327
v 0.00229301 0.00539634 0.02990765
v -0.00347368 0.00641716 0.03002050
v -0.00313053 0.00630312 0.03028356
v -0.00148968 0.00606824 0.03072658
v 0.00013245 0.00539634 0.03071972
v 0.00014805 0.00539634 0.03071934
v 0.00047622 0.00539634 0.03068769
v 0.00047622 0.00541252 0.03069150
v 0.00047622 0.00574029 0.03069760
v 0.00047622 0.00606824 0.03070256
v 0.00014867 0.00606824 0.03072505
v 0.00014930 0.00615248 0.03072086
v 0.00014930 0.00639582 0.03070752
v -0.00017950 0.00639582 0.03070980
v -0.00347368 0.00610392 0.03028738
v -0.00287099 0.00618209 0.03050660
v -0.00313053 0.00611404 0.03044750
v -0.00347368 0.00620600 0.03020083
v -0.00050580 0.00639582 0.03070599
v -0.00083334 0.00639582 0.03069760
v -0.00116151 0.00639582 0.03068312
v -0.00148968 0.00639582 0.03066177
v -0.00179976 0.00641311 0.03062364
v -0.00148968 0.00658509 0.03057332
v -0.00116151 0.00660918 0.03059428
v -0.00083334 0.00662758 0.03060839
v -0.00050580 0.00663861 0.03061640
v -0.00017950 0.00664358 0.03061983
v 0.00014930 0.00664542 0.03062021
v 0.00047622 0.00663953 0.03061335
v 0.00080377 0.00606824 0.03065452
v 0.00109138 0.00606824 0.03058704
v 0.00124861 0.00541252 0.03052528
v 0.00047622 0.00639582 0.03069112
v 0.00229738 0.00574029 0.02991146
v 0.00146011 0.00541252 0.03042539
v 0.00175022 0.00574029 0.03029157
v 0.00190432 0.00541252 0.03018558
v 0.00211582 0.00541252 0.03003537
v 0.00229363 0.00541252 0.02990803
v 0.00189184 0.00539634 0.03019054
v 0.00080377 0.00539634 0.03063508
v 0.00080377 0.00541252 0.03063775
v 0.00080377 0.00574029 0.03064690
v 0.00023165 0.00615248 0.03071667
v 0.00108452 0.00541252 0.03058018
v 0.00108889 0.00574029 0.03058437
v 0.00108202 0.00539634 0.03057942
v 0.00123426 0.00539634 0.03052833
v 0.00145886 0.00539634 0.03042005
v 0.00173774 0.00539634 0.03028432
v 0.00174024 0.00541252 0.03028585
f 1757 1758 1759
f 1757 1759 1760
f 1757 1760 1761
f 1757 1761 1769
f 1757 1769 1783
f 1757 1783 1797
f 1757 1797 1794
f 1757 1794 1826
f 1757 1826 1875
f 1757 1875 1874
f 1757 1874 1922
f 1757 1922 1962
f 1757 1962 1972
f 1757 1972 1971
f 1757 1971 1970
f 1757 1970 1969
f 1757 1969 1963
f 1757 1963 1928
f 1757 1928 1927
f 1757 1927 1926
f 1757 1926 1883
f 1757 1883 1832
f 1757 1832 1799
f 1757 1799 1786
f 1757 1786 1785
f 1757 1785 1772
f 1757 1772 1764
f 1757 1764 1758
f 1758 1762 1763
f 1758 1763 1759
f 1758 1764 1765
f 1758 1765 1766
f 1758 1766 1762
f 1759 1763 1767
f 1759 1767 1760
f 1760 1767 1768
f 1760 1768 1761
f 1761 1768 1769
f 1762 1766 1770
f 1762 1770 1771
f 1762 1771 1763
f 1763 1771 1767
f 1764 1772 1765
f 1765 1773 1774
f 1765 1774 1787
f 1765 1787 1800
f 1765 1800 1835
f 1765 1835 1887
f 1765 1887 1936
f 1765 1936 1939
f 1765 1939 1923
f 1765 1923 1878
f 1765 1878 1829
f 1765 1829 1803
f 1765 1803 1788
f 1765 1788 1775
f 1765 1775 1766
f 1765 1772 1773
f 1766 1775 1770
f 1767 1771 1776
f 1767 1776 1777
f 1767 1777 1778
f 1767 1778 1779
f 1767 1779 1780
f 1767 1780 1781
f 1767 1781 1782
f 1767 1782 1768
f 1768 1782 1783
f 1768 1783 1769
f 1770 1775 1784
f 1770 1784 1771
f 1771 1784 1776
f 1772 1785 1773
f 1773 1785 1786
f 1773 1786 1774
f 1774 1786 1799
f 1774 1799 1787
f 1775 1788 1784
f 1776 1789 1790
f 1776 1790 1777
f 1776 1784 1789
f 1777 1790 1791
f 1777 1791 1792
f 1777 1792 1778
f 1778 1792 1793
f 1778 1793 1779
f 1779 1794 1780
f 1779 1793 1795
f 1779 1795 1796
f 1779 1796 1794
f 1780 1794 1797
f 1780 1797 1781
f 1781 1797 1782
f 1782 1797 1783
f 1784 1788 1798
f 1784 1798 1789
f 1787 1799 1801
f 1787 1801 1802
f 1787 1802 1800
f 1788 1803 1798
f 1789 1798 1804
f 1789 1804 1805
f 1789 1805 1806
f 1789 1806 1807
f 1789 1807 1808
f 1789 1808 1790
f 1790 1808 1809
f 1790 1809 1810
f 1790 1810 1811
f 1790 1811 1812
f 1790 1812 1813
f 1790 1813 1814
f 1790 1814 1815
f 1790 1815 1816
f 1790 1816 1817
f 1790 1817 1818
f 1790 1818 1791
f 1791 1818 1819
f 1791 1819 1820
f 1791 1820 1821
f 1791 1821 1822
f 1791 1822 1792
f 1792 1822 1793
f 1793 1821 1823
f 1793 1823 1795
f 1793 1822 1821
f 1794 1796 1824
f 1794 1824 1825
f 1794 1825 1826
f 1795 1823 1796
f 1796 1823 1821
f 1796 1821 1827
f 1796 1827 1824
f 1798 1828 1804
f 1798 1803 1829
f 1798 1829 1828
f 1799 1830 1831
f 1799 1831 1801
f 1799 1832 1833
f 1799 1833 1834
f 1799 1834 1830
f 1800 1802 1836
f 1800 1836 1835
f 1801 1831 1837
f 1801 1837 1802
f 1802 1838 1836
f 1802 1837 1839
f 1802 1839 1840
f 1802 1840 1841
f 1802 1841 1838
f 1804 1828 1805
f 1805 1842 1843
f 1805 1843 1806
f 1805 1828 1844
f 1805 1844 1842
f 1806 1843 1845
f 1806 1845 1846
f 1806 1846 1847
f 1806 1847 1848
f 1806 1848 1849
f 1806 1849 1807
f 1807 1849 1848
f 1807 1848 1850
f 1807 1850 1851
f 1807 1851 1808
f 1808 1851 1852
f 1808 1852 1853
f 1808 1853 1854
f 1808 1854 1855
f 1808 1855 1856
f 1808 1856 1857
f 1808 1857 1858
f 1808 1858 1859
f 1808 1859 1860
f 1808 1860 1809
f 1809 1861 1810
f 1809 1860 1862
f 1809 1862 1861
f 1810 1861 1863
f 1810 1863 1811
f 1811 1864 1812
f 1811 1863 1864
f 1812 1864 1865
f 1812 1865 1813
f 1813 1865 1814
f 1814 1865 1866
f 1814 1866 1815
f 1815 1866 1867
f 1815 1867 1816
f 1816 1868 1819
f 1816 1819 1869
f 1816 1869 1817
f 1816 1867 1868
f 1817 1869 1818
f 1818 1869 1819
f 1819 1870 1821
f 1819 1821 1820
f 1819 1868 1866
f 1819 1866 1871
f 1819 1871 1870
f 1821 1870 1872
f 1821 1872 1827
f 1824 1827 1873
f 1824 1873 1825
f 1825 1873 1874
f 1825 1874 1875
f 1825 1875 1826
f 1827 1872 1876
f 1827 1876 1877
f 1827 1877 1873
f 1828 1829 1878
f 1828 1878 1879
f 1828 1879 1844
f 1830 1880 1881
f 1830 1881 1831
f 1830 1834 1882
f 1830 1882 1880
f 1831 1881 1880
f 1831 1880 1882
f 1831 1882 1837
f 1832 1883 1833
f 1833 1883 1884
f 1833 1884 1885
f 1833 1885 1886
f 1833 1886 1834
f 1834 1886 1882
f 1835 1836 1888
f 1835 1888 1887
f 1836 1838 1888
f 1837 1882 1889
f 1837 1889 1890
f 1837 1890 1839
f 1838 1841 1891
f 1838 1891 1888
f 1839 1890 1892
f 1839 1892 1840
f 1840 1892 1841
f 1841 1892 1893
f 1841 1893 1894
f 1841 1894 1891
f 1842 1891 1843
f 1842 1844 1891
f 1843 1891 1895
f 1843 1895 1896
f 1843 1896 1845
f 1844 1879 1897
f 1844 1897 1891
f 1845 1896 1846
f 1846 1896 1898
f 1846 1898 1847
f 1847 1898 1848
f 1848 1898 1899
f 1848 1899 1900
f 1848 1900 1850
f 1850 1900 1851
f 1851 1900 1901
f 1851 1901 1902
f 1851 1902 1852
f 1852 1902 1903
f 1852 1903 1853
f 1853 1903 1904
f 1853 1904 1854
f 1854 1904 1905
f 1854 1905 1855
f 1855 1905 1906
f 1855 1906 1856
f 1856 1906 1857
f 1857 1906 1907
f 1857 1907 1858
f 1858 1907 1908
f 1858 1908 1859
f 1859 1908 1862
f 1859 1862 1860
f 1861 1909 1910
f 1861 1910 1911
f 1861 1911 1866
f 1861 1866 1864
f 1861 1864 1863
f 1861 1862 1912
f 1861 1912 1913
f 1861 1913 1909
f 1862 1908 1912
f 1864 1866 1865
f 1866 1914 1871
f 1866 1868 1867
f 1866 1911 1914
f 1870 1915 1916
f 1870 1916 1872
f 1870 1871 1915
f 1871 1914 1917
f 1871 1917 1918
f 1871 1918 1915
f 1872 1916 1876
f 1873 1877 1919
f 1873 1919 1920
f 1873 1920 1921
f 1873 1921 1874
f 1874 1921 1922
f 1876 1916 1915
f 1876 1915 1919
f 1876 1919 1877
f 1878 1923 1888
f 1878 1888 1879
f 1879 1888 1924
f 1879 1924 1897
f 1882 1886 1925
f 1882 1925 1889
f 1883 1926 1884
f 1884 1926 1927
f 1884 1927 1928
f 1884 1928 1929
f 1884 1929 1930
f 1884 1930 1931
f 1884 1931 1885
f 1885 1932 1886
f 1885 1931 1932
f 1886 1932 1933
f 1886 1933 1934
f 1886 1934 1935
f 1886 1935 1925
f 1887 1888 1936
f 1888 1891 1937
f 1888 1937 1938
f 1888 1938 1924
f 1888 1923 1939
f 1888 1939 1936
f 1889 1925 1935
f 1889 1935 1940
f 1889 1940 1941
f 1889 1941 1890
f 1890 1941 1942
f 1890 1942 1943
f 1890 1943 1893
f 1890 1893 1892
f 1891 1897 1924
f 1891 1924 1937
f 1891 1894 1895
f 1893 1943 1944
f 1893 1944 1945
f 1893 1945 1901
f 1893 1901 1894
f 1894 1901 1898
f 1894 1898 1896
f 1894 1896 1895
f 1898 1901 1899
f 1899 1901 1900
f 1901 1945 1902
f 1902 1945 1903
f 1903 1945 1946
f 1903 1946 1904
f 1904 1946 1947
f 1904 1947 1905
f 1905 1948 1906
f 1905 1947 1948
f 1906 1949 1907
f 1906 1948 1949
f 1907 1950 1951
f 1907 1951 1908
f 1907 1949 1950
f 1908 1951 1912
f 1909 1913 1952
f 1909 1952 1953
f 1909 1953 1910
f 1910 1953 1954
f 1910 1954 1911
f 1911 1954 1917
f 1911 1917 1914
f 1912 1951 1955
f 1912 1955 1913
f 1913 1955 1931
f 1913 1931 1952
f 1915 1918 1956
f 1915 1956 1919
f 1917 1954 1957
f 1917 1957 1958
f 1917 1958 1959
f 1917 1959 1918
f 1918 1959 1960
f 1918 1960 1961
f 1918 1961 1956
f 1919 1956 1961
f 1919 1961 1920
f 1920 1961 1921
f 1921 1961 1922
f 1922 1961 1960
f 1922 1960 1959
f 1922 1959 1962
f 1924 1938 1937
f 1928 1963 1929
f 1929 1963 1964
f 1929 1964 1965
f 1929 1965 1952
f 1929 1952 1930
f 1930 1952 1931
f 1931 1966 1932
f 1931 1955 1966
f 1932 1966 1933
f 1933 1966 1955
f 1933 1955 1934
f 1934 1955 1951
f 1934 1951 1950
f 1934 1950 1935
f 1935 1950 1949
f 1935 1949 1940
f 1940 1949 1948
f 1940 1948 1941
f 1941 1948 1947
f 1941 1947 1942
f 1942 1947 1943
f 1943 1947 1946
f 1943 1946 1944
f 1944 1946 1945
f 1952 1965 1967
f 1952 1967 1968
f 1952 1968 1953
f 1953 1968 1954
f 1954 1968 1967
f 1954 1967 1969
f 1954 1969 1970
f 1954 1970 1957
f 1957 1970 1971
f 1957 1971 1972
f 1957 1972 1973
f 1957 1973 1958
f 1958 1973 1959
f 1959 1973 1962
f 1962 1973 1972
f 1963 1969 1964
f 1964 1969 1967
f 1964 1967 1965

o geometry_15
v -0.00669789 0.00000177 0.01301039
v -0.00669740 0.00000177 0.01300199
v -0.00629302 -0.00190493 0.01136523
v -0.00629302 -0.00190493 0.01185705
v -0.00629302 -0.00181438 0.01203466
v -0.00629302 -0.00167706 0.01220952
v -0.00629302 -0.00135487 0.01255409
v -0.00629302 -0.00116322 0.01267163
v -0.00629302 -0.00115040 0.01267922
v -0.00629302 -0.00082067 0.01278886
v -0.00629302 -0.00041398 0.01292287
v -0.00631875 0.00000177 0.01301039
v -0.00669789 0.00017229 0.01301039
v -0.00662119 0.00180358 0.01145774
v -0.00629302 -0.00126999 0.01136523
v -0.00516411 0.00116223 0.01136087
v -0.00625443 -0.00190493 0.01136523
v -0.00626705 -0.00190493 0.01169041
v -0.00421821 -0.00111984 0.01248482
v -0.00421821 -0.00085047 0.01266308
v -0.00421821 -0.00084406 0.01266614
v -0.00421821 -0.00049207 0.01274591
v -0.00631875 0.00016399 0.01301039
v -0.00421821 -0.00016385 0.01275511
v -0.00669595 0.00049183 0.01301039
v -0.00669571 0.00049183 0.01300199
v -0.00669352 0.00082005 0.01300199
v -0.00668551 0.00114752 0.01300199
v -0.00664473 0.00180358 0.01234596
v -0.00661585 0.00194921 0.01145774
v -0.00516411 0.00149913 0.01136087
v -0.00477089 0.00116223 0.01136087
v -0.00444030 0.00116261 0.01136087
v -0.00422039 0.00116299 0.01136087
v -0.00549106 -0.00149861 0.01136523
v -0.00421821 -0.00111984 0.01168589
v -0.00421821 0.00000139 0.01275511
v -0.00632264 0.00194921 0.01301039
v -0.00669352 0.00082005 0.01301039
v -0.00668551 0.00114752 0.01301039
v -0.00666925 0.00147574 0.01300199
v -0.00664765 0.00180358 0.01267406
v -0.00663066 0.00194921 0.01234596
v -0.00629424 0.00194921 0.01145774
v -0.00422039 0.00157043 0.01136087
v -0.00421821 0.00000139 0.01232739
v -0.00422039 0.00157043 0.01136232
v -0.00422039 0.00156213 0.01169041
v -0.00422039 0.00150856 0.01202077
v -0.00422039 0.00140180 0.01231464
v -0.00422039 0.00105207 0.01257944
v -0.00422039 0.00084646 0.01266614
v -0.00422039 0.00083514 0.01266921
v -0.00422039 0.00049183 0.01274526
v -0.00422039 0.00046543 0.01274688
v -0.00422039 0.00016399 0.01275430
v -0.00629764 0.00194921 0.01202513
v -0.00663381 0.00194921 0.01301039
v -0.00666925 0.00147574 0.01301039
v -0.00666876 0.00148404 0.01301039
v -0.00664837 0.00180358 0.01300199
v -0.00664765 0.00181188 0.01301039
v -0.00663357 0.00194921 0.01281921
v -0.00663308 0.00194921 0.01267406
v -0.00629448 0.00194921 0.01169041
v -0.00663381 0.00194921 0.01300683
v -0.00664837 0.00180358 0.01301039
f 1974 1975 1976
f 1974 1976 1977
f 1974 1977 1978
f 1974 1978 1979
f 1974 1979 1980
f 1974 1980 1981
f 1974 1981 1982
f 1974 1982 1983
f 1974 1983 1984
f 1974 1984 1985
f 1974 1985 1996
f 1974 1996 2011
f 1974 2011 2031
f 1974 2031 2035
f 1974 2035 2040
f 1974 2040 2033
f 1974 2033 2032
f 1974 2032 2013
f 1974 2013 2012
f 1974 2012 1998
f 1974 1998 1986
f 1974 1986 1987
f 1974 1987 1975
f 1975 1987 1976
f 1976 1988 2004
f 1976 2004 1989
f 1976 1989 2005
f 1976 2005 1990
f 1976 1990 1991
f 1976 1991 1977
f 1976 1987 1988
f 1977 1991 1992
f 1977 1992 1978
f 1978 1992 1979
f 1979 1992 1980
f 1980 1992 1993
f 1980 1993 1981
f 1981 1993 1982
f 1982 1993 1994
f 1982 1994 1983
f 1983 1994 1984
f 1984 1994 1995
f 1984 1995 1985
f 1985 1995 1997
f 1985 1997 2010
f 1985 2010 1996
f 1986 1998 1999
f 1986 1999 1987
f 1987 1999 2000
f 1987 2000 2001
f 1987 2001 2002
f 1987 2002 2003
f 1987 2003 1988
f 1988 2003 2004
f 1989 2004 2018
f 1989 2018 2007
f 1989 2007 2006
f 1989 2006 2005
f 1990 2005 2006
f 1990 2006 2007
f 1990 2007 2008
f 1990 2008 2009
f 1990 2009 1992
f 1990 1992 1991
f 1992 2009 2019
f 1992 2019 2010
f 1992 2010 1997
f 1992 1997 1995
f 1992 1995 1994
f 1992 1994 1993
f 1996 2010 2011
f 1998 2012 2000
f 1998 2000 1999
f 2000 2012 2013
f 2000 2013 2001
f 2001 2013 2032
f 2001 2032 2014
f 2001 2014 2002
f 2002 2015 2016
f 2002 2016 2003
f 2002 2014 2015
f 2003 2016 2037
f 2003 2037 2036
f 2003 2036 2039
f 2003 2039 2031
f 2003 2031 2011
f 2003 2011 2030
f 2003 2030 2038
f 2003 2038 2017
f 2003 2017 2018
f 2003 2018 2004
f 2007 2018 2009
f 2007 2009 2008
f 2009 2018 2019
f 2010 2019 2018
f 2010 2018 2020
f 2010 2020 2021
f 2010 2021 2022
f 2010 2022 2023
f 2010 2023 2024
f 2010 2024 2025
f 2010 2025 2026
f 2010 2026 2027
f 2010 2027 2028
f 2010 2028 2029
f 2010 2029 2011
f 2011 2028 2027
f 2011 2027 2026
f 2011 2026 2025
f 2011 2025 2024
f 2011 2024 2023
f 2011 2023 2022
f 2011 2022 2021
f 2011 2021 2020
f 2011 2020 2030
f 2011 2029 2028
f 2014 2032 2033
f 2014 2033 2015
f 2015 2034 2035
f 2015 2035 2036
f 2015 2036 2037
f 2015 2037 2016
f 2015 2033 2034
f 2017 2038 2020
f 2017 2020 2018
f 2020 2038 2030
f 2031 2039 2035
f 2033 2040 2034
f 2034 2040 2035
f 2035 2039 2036

o geometry_16
v 0.00080567 -0.00529059 0.02628693
v 0.00080567 -0.00683700 0.02682730
v 0.00064319 -0.00529059 0.02628794
v 0.00113275 -0.00529059 0.02630624
v 0.00113310 -0.00683700 0.02683645
v 0.00051965 -0.00683700 0.02688761
v -0.00012743 -0.00529059 0.02650206
v 0.00178938 -0.00529059 0.02651392
v 0.00136460 -0.00683700 0.02690421
v 0.00041416 -0.00683700 0.02693402
v -0.00045698 -0.00529059 0.02682832
v 0.00016319 -0.00683700 0.02712138
v 0.00173876 -0.00683700 0.02716305
v 0.00152850 -0.00683700 0.02699907
v 0.00211717 -0.00529059 0.02683645
v -0.00077769 -0.00529059 0.02749134
v 0.00005983 -0.00683700 0.02722708
v -0.00010512 -0.00683700 0.02745373
v 0.00238442 -0.00529059 0.02710681
v 0.00179540 -0.00683700 0.02722234
v -0.00078972 -0.00529059 0.02780743
v -0.00016743 -0.00683700 0.02763770
v -0.00020955 -0.00683700 0.02777254
v -0.00022371 -0.00683700 0.02799783
v -0.00022796 -0.00683700 0.02808016
v 0.00282548 -0.00529059 0.02776305
v 0.00194124 -0.00683700 0.02740359
v 0.00190265 -0.00683700 0.02734701
v -0.00079079 -0.00529059 0.02808999
v -0.00075079 -0.00529059 0.02841794
v -0.00016459 -0.00683700 0.02841794
v 0.00282548 -0.00529059 0.02921038
v 0.00282548 -0.00615289 0.02865848
v 0.00200389 -0.00683700 0.02751099
v -0.00010371 -0.00683700 0.02855786
v -0.00006335 -0.00683700 0.02864120
v -0.00037981 -0.00529059 0.02907384
v 0.00282548 -0.00542094 0.02929169
v 0.00261805 -0.00529059 0.02951462
v 0.00282548 -0.00615289 0.02929338
v 0.00221168 -0.00683700 0.02865374
v 0.00221026 -0.00683700 0.02853415
v 0.00211823 -0.00683700 0.02786638
v 0.00209416 -0.00683700 0.02776271
v 0.00204283 -0.00683700 0.02760179
v 0.00003222 -0.00683700 0.02874860
v -0.00017840 -0.00529059 0.02927577
v 0.00008709 -0.00683700 0.02880518
v 0.00282548 -0.00556536 0.02929338
v 0.00260495 -0.00533904 0.02956103
v 0.00260991 -0.00555764 0.02956679
v 0.00261345 -0.00574006 0.02957086
v 0.00261876 -0.00606796 0.02957729
v 0.00258973 -0.00529059 0.02954578
v 0.00282548 -0.00606796 0.02929406
v 0.00261840 -0.00615289 0.02957695
v 0.00221168 -0.00683700 0.02931574
v 0.00019470 -0.00683700 0.02890784
v 0.00025098 -0.00683700 0.02896136
v 0.00014939 -0.00529059 0.02950615
v 0.00282548 -0.00589538 0.02929474
v 0.00238301 -0.00529059 0.02974771
v 0.00244070 -0.00542866 0.02974771
v 0.00248637 -0.00543381 0.02969756
v 0.00246371 -0.00606796 0.02974127
v 0.00246265 -0.00574006 0.02973483
v 0.00245062 -0.00574006 0.02974771
v 0.00245628 -0.00615289 0.02974771
v 0.00174513 -0.00683700 0.02931574
v 0.00039399 -0.00683700 0.02902607
v 0.00047753 -0.00529059 0.02967622
v 0.00080142 -0.00529059 0.02974771
v 0.00245734 -0.00606796 0.02974771
v 0.00245734 -0.00608037 0.02974771
v 0.00189416 -0.00615289 0.02974771
v 0.00110089 -0.00683700 0.02924189
v 0.00047788 -0.00683700 0.02906063
v 0.00091930 -0.00683700 0.02921004
f 2041 2042 2043
f 2041 2043 2047
f 2041 2047 2051
f 2041 2051 2056
f 2041 2056 2061
f 2041 2061 2069
f 2041 2069 2070
f 2041 2070 2077
f 2041 2077 2087
f 2041 2087 2100
f 2041 2100 2111
f 2041 2111 2112
f 2041 2112 2102
f 2041 2102 2094
f 2041 2094 2079
f 2041 2079 2072
f 2041 2072 2066
f 2041 2066 2059
f 2041 2059 2055
f 2041 2055 2048
f 2041 2048 2044
f 2041 2044 2045
f 2041 2045 2042
f 2042 2046 2043
f 2042 2045 2049
f 2042 2049 2054
f 2042 2054 2053
f 2042 2053 2060
f 2042 2060 2068
f 2042 2068 2067
f 2042 2067 2074
f 2042 2074 2085
f 2042 2085 2084
f 2042 2084 2083
f 2042 2083 2082
f 2042 2082 2081
f 2042 2081 2097
f 2042 2097 2109
f 2042 2109 2116
f 2042 2116 2118
f 2042 2118 2117
f 2042 2117 2110
f 2042 2110 2099
f 2042 2099 2098
f 2042 2098 2088
f 2042 2088 2086
f 2042 2086 2076
f 2042 2076 2075
f 2042 2075 2071
f 2042 2071 2065
f 2042 2065 2064
f 2042 2064 2063
f 2042 2063 2062
f 2042 2062 2058
f 2042 2058 2057
f 2042 2057 2052
f 2042 2052 2050
f 2042 2050 2046
f 2043 2046 2047
f 2044 2048 2049
f 2044 2049 2045
f 2046 2050 2047
f 2047 2050 2052
f 2047 2052 2051
f 2048 2053 2054
f 2048 2054 2049
f 2048 2055 2053
f 2051 2052 2057
f 2051 2057 2058
f 2051 2058 2056
f 2053 2055 2059
f 2053 2059 2060
f 2056 2058 2062
f 2056 2062 2063
f 2056 2063 2064
f 2056 2064 2065
f 2056 2065 2061
f 2059 2066 2067
f 2059 2067 2068
f 2059 2068 2060
f 2061 2065 2069
f 2065 2070 2069
f 2065 2071 2070
f 2066 2072 2078
f 2066 2078 2089
f 2066 2089 2101
f 2066 2101 2095
f 2066 2095 2080
f 2066 2080 2073
f 2066 2073 2074
f 2066 2074 2067
f 2070 2071 2075
f 2070 2075 2076
f 2070 2076 2077
f 2072 2079 2078
f 2073 2080 2097
f 2073 2097 2081
f 2073 2081 2082
f 2073 2082 2083
f 2073 2083 2084
f 2073 2084 2085
f 2073 2085 2074
f 2076 2086 2077
f 2077 2086 2088
f 2077 2088 2087
f 2078 2079 2090
f 2078 2090 2091
f 2078 2091 2092
f 2078 2092 2093
f 2078 2093 2089
f 2079 2094 2090
f 2080 2095 2093
f 2080 2093 2096
f 2080 2096 2097
f 2087 2088 2098
f 2087 2098 2099
f 2087 2099 2100
f 2089 2093 2101
f 2090 2094 2102
f 2090 2102 2103
f 2090 2103 2104
f 2090 2104 2091
f 2091 2104 2103
f 2091 2103 2092
f 2092 2103 2093
f 2093 2105 2096
f 2093 2095 2101
f 2093 2103 2106
f 2093 2106 2107
f 2093 2107 2105
f 2096 2105 2108
f 2096 2108 2097
f 2097 2108 2115
f 2097 2115 2109
f 2099 2110 2111
f 2099 2111 2100
f 2102 2112 2115
f 2102 2115 2108
f 2102 2108 2114
f 2102 2114 2113
f 2102 2113 2107
f 2102 2107 2103
f 2103 2107 2106
f 2105 2113 2114
f 2105 2114 2108
f 2105 2107 2113
f 2109 2115 2116
f 2110 2117 2111
f 2111 2117 2118
f 2111 2118 2115
f 2111 2115 2112
f 2115 2118 2116

o geometry_17
v -0.00509846 0.00333088 0.00290087
v -0.00411515 0.00333088 0.00290087
v -0.00542597 0.00333088 0.00290345
v -0.00509846 0.00344427 0.00285965
v -0.00400028 0.00333088 0.00291375
v -0.00411515 0.00344427 0.00285965
v -0.00573602 0.00333088 0.00295240
v -0.00542597 0.00344427 0.00286480
v -0.00509846 0.00377253 0.00282615
v -0.00386979 0.00333088 0.00294725
v -0.00259020 0.00515320 0.00276689
v -0.00411515 0.00377253 0.00282615
v -0.00578100 0.00342544 0.00293952
v -0.00587952 0.00333088 0.00299105
v -0.00542597 0.00377253 0.00284419
v -0.00259020 0.00541188 0.00275658
v -0.00509846 0.00410040 0.00283130
v -0.00260804 0.00481995 0.00286995
v -0.00259020 0.00481995 0.00289572
v -0.00376496 0.00333088 0.00316884
v -0.00591149 0.00333088 0.00300136
v -0.00593491 0.00352192 0.00298590
v -0.00576799 0.00376830 0.00293437
v -0.00542597 0.00410040 0.00287768
v -0.00509846 0.00442827 0.00284676
v -0.00259020 0.00575821 0.00281842
v -0.00477019 0.00442827 0.00282615
v -0.00477019 0.00475576 0.00283646
v -0.00444305 0.00508440 0.00283388
v -0.00411515 0.00541150 0.00283388
v -0.00259020 0.00474615 0.00316369
v -0.00373931 0.00333088 0.00327706
v -0.00593231 0.00333088 0.00303485
v -0.00601447 0.00342544 0.00313534
v -0.00593491 0.00365645 0.00298590
v -0.00566427 0.00410040 0.00295756
v -0.00543229 0.00441789 0.00293694
v -0.00513005 0.00478766 0.00291633
v -0.00477019 0.00508440 0.00288283
v -0.00444305 0.00541150 0.00286995
v -0.00411515 0.00573976 0.00290345
v -0.00429955 0.00591542 0.00298848
v -0.00259020 0.00582201 0.00284934
v -0.00259020 0.00474461 0.00335693
v -0.00373001 0.00333088 0.00360429
v -0.00600220 0.00333088 0.00317142
v -0.00600517 0.00376830 0.00314823
v -0.00613492 0.00344427 0.00349092
v -0.00561111 0.00430220 0.00298590
v -0.00588621 0.00387477 0.00302713
v -0.00532709 0.00469964 0.00296271
v -0.00502410 0.00508440 0.00296013
v -0.00475309 0.00538767 0.00295756
v -0.00442223 0.00572477 0.00295240
v -0.00411515 0.00592080 0.00298590
v -0.00463227 0.00560599 0.00298332
v -0.00451702 0.00582432 0.00307608
v -0.00462818 0.00592733 0.00329509
v -0.00442223 0.00597038 0.00317657
v -0.00411515 0.00603188 0.00316369
v -0.00259020 0.00592695 0.00294725
v -0.00259020 0.00474384 0.00349092
v -0.00259020 0.00474346 0.00368416
v -0.00259020 0.00474346 0.00417887
v -0.00373485 0.00333088 0.00417887
v -0.00606503 0.00333088 0.00336724
v -0.00611633 0.00377253 0.00349092
v -0.00596874 0.00403237 0.00324614
v -0.00609068 0.00333088 0.00349092
v -0.00632898 0.00333127 0.00710075
v -0.00554568 0.00452052 0.00304516
v -0.00526054 0.00491796 0.00300136
v -0.00494678 0.00526236 0.00299105
v -0.00485124 0.00548069 0.00309927
v -0.00534530 0.00502059 0.00322037
v -0.00494009 0.00558255 0.00331828
v -0.00482075 0.00577281 0.00349092
v -0.00465681 0.00595462 0.00349092
v -0.00444305 0.00606686 0.00349092
v -0.00411515 0.00612106 0.00349092
v -0.00259020 0.00722844 0.00732492
v -0.00259020 0.00603227 0.00316369
v -0.00259020 0.00596385 0.00300909
v -0.00259020 0.00686636 0.01077501
v -0.00347461 0.00646123 0.02803833
v -0.00602265 0.00333127 0.02907928
v -0.00420326 0.00333088 0.00417887
v -0.00599030 0.00412500 0.00349092
v -0.00634459 0.00333127 0.00743056
v -0.00630593 0.00344504 0.00710075
v -0.00624942 0.00361801 0.00684309
v -0.00602376 0.00409848 0.00382072
v -0.00602302 0.00410078 0.00382072
v -0.00590591 0.00425069 0.00338270
v -0.00563156 0.00466466 0.00326417
v -0.00609402 0.00333088 0.00381815
v -0.00525311 0.00523892 0.00335951
v -0.00527764 0.00526659 0.00357852
v -0.00483822 0.00579626 0.00381815
v -0.00467391 0.00597038 0.00381815
v -0.00335416 0.00691940 0.00742798
v -0.00332554 0.00690403 0.00709818
v -0.00265898 0.00722383 0.00750013
v -0.00263332 0.00720960 0.00728627
v -0.00259020 0.00724266 0.00746148
v -0.00259020 0.00725727 0.01077501
v -0.00347461 0.00687520 0.02803833
v -0.00525645 0.00482033 0.02907928
v -0.00638809 0.00333127 0.02907928
v -0.00592525 0.00427721 0.00360171
v -0.00584048 0.00440329 0.00349092
v -0.00634608 0.00333127 0.00797423
v -0.00631373 0.00344504 0.00743056
v -0.00625202 0.00362301 0.00710075
v -0.00617916 0.00378713 0.00710075
v -0.00618362 0.00379521 0.01005613
v -0.00596874 0.00435947 0.02907155
v -0.00584383 0.00444864 0.00382072
v -0.00566576 0.00472270 0.00349092
v -0.00560479 0.00481995 0.00349092
v -0.00556241 0.00488683 0.00349092
v -0.00638809 0.00333127 0.02907155
v -0.00538099 0.00511169 0.00347803
v -0.00557505 0.00490874 0.00381815
v -0.00528582 0.00527582 0.00381815
v -0.00514641 0.00543956 0.00381815
v -0.00498209 0.00563213 0.00381815
v -0.00498284 0.00563290 0.00411446
v -0.00499399 0.00564635 0.01038594
v -0.00499771 0.00565020 0.01235447
v -0.00483860 0.00579703 0.00411961
v -0.00467465 0.00597076 0.00411446
v -0.00449546 0.00613797 0.00710075
v -0.00433226 0.00627365 0.00710075
v -0.00411553 0.00643624 0.00710075
v -0.00395084 0.00655847 0.00710075
v -0.00378652 0.00665803 0.00710075
v -0.00351885 0.00682907 0.00743056
v -0.00313111 0.00701895 0.00742798
v -0.00347424 0.00685367 0.00751816
v -0.00335714 0.00692094 0.00972632
v -0.00266864 0.00722805 0.00775779
v -0.00259020 0.00725650 0.00775779
v -0.00266901 0.00722844 0.01077501
v -0.00335825 0.00692132 0.01071059
v -0.00347461 0.00686213 0.01541291
v -0.00352926 0.00683253 0.01595658
v -0.00354339 0.00683484 0.02803833
v -0.00568844 0.00482033 0.02907928
v -0.00636243 0.00344504 0.02907928
v -0.00568026 0.00474500 0.00382072
v -0.00636243 0.00344504 0.02907155
v -0.00632303 0.00344504 0.01136763
v -0.00625202 0.00362339 0.00715744
v -0.00618436 0.00379713 0.01071317
v -0.00627544 0.00368643 0.02907155
v -0.00596874 0.00435947 0.02907928
v -0.00561037 0.00495025 0.02803833
v -0.00559103 0.00492258 0.01071317
v -0.00561817 0.00481995 0.00364551
v -0.00563193 0.00482033 0.00382072
v -0.00557579 0.00490951 0.00411446
v -0.00558992 0.00492104 0.00986031
v -0.00546092 0.00508555 0.01005613
v -0.00528954 0.00528158 0.00611906
v -0.00527281 0.00529273 0.00411446
v -0.00516723 0.00546454 0.01530727
v -0.00518024 0.00547800 0.02250633
v -0.00500775 0.00566019 0.01791738
v -0.00484715 0.00580933 0.00972890
v -0.00485086 0.00581432 0.01235447
v -0.00486164 0.00582932 0.02119999
v -0.00467911 0.00597384 0.00710075
v -0.00468580 0.00597768 0.01169486
v -0.00470365 0.00599229 0.02803833
v -0.00451740 0.00615642 0.02803833
v -0.00435419 0.00629018 0.02803833
v -0.00414118 0.00645469 0.02803833
v -0.00397426 0.00657615 0.02578894
v -0.00378615 0.00666495 0.00743056
v -0.00397686 0.00657769 0.02775748
v -0.00397686 0.00657769 0.02803833
v -0.00486796 0.00584008 0.02803833
v -0.00502522 0.00567633 0.02803833
v -0.00518916 0.00548799 0.02803833
v -0.00530478 0.00534808 0.02803833
v -0.00534865 0.00529427 0.02803833
v -0.00548843 0.00511361 0.02803833
v -0.00636095 0.00345004 0.02907928
v -0.00627544 0.00368643 0.02907928
v -0.00530552 0.00530003 0.01497747
v -0.00529623 0.00528927 0.00972890
v -0.00518470 0.00548261 0.02513448
v -0.00501258 0.00566442 0.02053780
v -0.00502373 0.00567441 0.02677321
v -0.00518842 0.00548684 0.02743025
v -0.00532411 0.00532386 0.02775748
f 2119 2120 2123
f 2119 2123 2128
f 2119 2128 2138
f 2119 2138 2150
f 2119 2150 2163
f 2119 2163 2183
f 2119 2183 2205
f 2119 2205 2214
f 2119 2214 2187
f 2119 2187 2184
f 2119 2184 2164
f 2119 2164 2151
f 2119 2151 2139
f 2119 2139 2132
f 2119 2132 2125
f 2119 2125 2121
f 2119 2121 2122
f 2119 2122 2124
f 2119 2124 2120
f 2120 2124 2123
f 2121 2125 2126
f 2121 2126 2122
f 2122 2126 2127
f 2122 2127 2130
f 2122 2130 2124
f 2123 2124 2129
f 2123 2129 2128
f 2124 2130 2129
f 2125 2131 2126
f 2125 2132 2131
f 2126 2133 2127
f 2126 2131 2133
f 2127 2134 2129
f 2127 2129 2130
f 2127 2133 2135
f 2127 2135 2134
f 2128 2129 2136
f 2128 2136 2137
f 2128 2137 2138
f 2129 2134 2144
f 2129 2144 2161
f 2129 2161 2179
f 2129 2179 2201
f 2129 2201 2200
f 2129 2200 2199
f 2129 2199 2223
f 2129 2223 2261
f 2129 2261 2224
f 2129 2224 2202
f 2129 2202 2182
f 2129 2182 2181
f 2129 2181 2180
f 2129 2180 2162
f 2129 2162 2149
f 2129 2149 2137
f 2129 2137 2136
f 2131 2132 2139
f 2131 2139 2140
f 2131 2140 2141
f 2131 2141 2133
f 2133 2141 2142
f 2133 2142 2143
f 2133 2143 2135
f 2134 2135 2145
f 2134 2145 2146
f 2134 2146 2147
f 2134 2147 2148
f 2134 2148 2144
f 2135 2143 2146
f 2135 2146 2145
f 2137 2149 2150
f 2137 2150 2138
f 2139 2151 2152
f 2139 2152 2140
f 2140 2153 2141
f 2140 2152 2153
f 2141 2153 2154
f 2141 2154 2142
f 2142 2154 2155
f 2142 2155 2156
f 2142 2156 2143
f 2143 2156 2157
f 2143 2157 2158
f 2143 2158 2146
f 2144 2148 2159
f 2144 2159 2160
f 2144 2160 2161
f 2146 2158 2147
f 2147 2158 2148
f 2148 2158 2159
f 2149 2162 2163
f 2149 2163 2150
f 2151 2164 2152
f 2152 2165 2153
f 2152 2164 2166
f 2152 2166 2165
f 2153 2167 2154
f 2153 2165 2168
f 2153 2168 2167
f 2154 2167 2169
f 2154 2169 2155
f 2155 2169 2156
f 2156 2169 2170
f 2156 2170 2157
f 2157 2170 2171
f 2157 2171 2158
f 2158 2171 2172
f 2158 2172 2159
f 2159 2172 2160
f 2160 2173 2161
f 2160 2172 2174
f 2160 2174 2175
f 2160 2175 2176
f 2160 2176 2177
f 2160 2177 2178
f 2160 2178 2173
f 2161 2173 2179
f 2162 2180 2163
f 2163 2180 2181
f 2163 2181 2182
f 2163 2182 2183
f 2164 2184 2166
f 2165 2166 2185
f 2165 2185 2186
f 2165 2186 2168
f 2166 2184 2187
f 2166 2187 2188
f 2166 2188 2185
f 2167 2168 2189
f 2167 2189 2190
f 2167 2190 2169
f 2168 2186 2189
f 2169 2190 2170
f 2170 2190 2191
f 2170 2191 2174
f 2170 2174 2171
f 2171 2174 2172
f 2173 2178 2179
f 2174 2191 2192
f 2174 2192 2176
f 2174 2176 2175
f 2176 2192 2190
f 2176 2190 2193
f 2176 2193 2194
f 2176 2194 2195
f 2176 2195 2196
f 2176 2196 2197
f 2176 2197 2177
f 2177 2197 2178
f 2178 2197 2198
f 2178 2198 2199
f 2178 2199 2200
f 2178 2200 2201
f 2178 2201 2179
f 2182 2202 2203
f 2182 2203 2204
f 2182 2204 2183
f 2183 2204 2227
f 2183 2227 2205
f 2185 2206 2186
f 2185 2188 2207
f 2185 2207 2208
f 2185 2208 2209
f 2185 2209 2210
f 2185 2210 2211
f 2185 2211 2206
f 2186 2212 2213
f 2186 2213 2189
f 2186 2206 2212
f 2187 2214 2207
f 2187 2207 2188
f 2189 2213 2190
f 2190 2213 2193
f 2190 2192 2191
f 2193 2213 2215
f 2193 2215 2194
f 2194 2215 2195
f 2195 2215 2216
f 2195 2216 2217
f 2195 2217 2196
f 2196 2217 2218
f 2196 2218 2197
f 2197 2218 2219
f 2197 2219 2220
f 2197 2220 2221
f 2197 2221 2222
f 2197 2222 2199
f 2197 2199 2198
f 2199 2222 2221
f 2199 2221 2223
f 2202 2224 2225
f 2202 2225 2203
f 2203 2225 2226
f 2203 2226 2204
f 2204 2226 2267
f 2204 2267 2275
f 2204 2275 2308
f 2204 2308 2307
f 2204 2307 2268
f 2204 2268 2227
f 2205 2227 2214
f 2206 2228 2229
f 2206 2229 2212
f 2206 2211 2228
f 2207 2230 2231
f 2207 2231 2208
f 2207 2214 2230
f 2208 2231 2209
f 2209 2231 2232
f 2209 2232 2211
f 2209 2211 2210
f 2211 2232 2233
f 2211 2233 2234
f 2211 2234 2235
f 2211 2235 2236
f 2211 2236 2228
f 2212 2229 2237
f 2212 2237 2213
f 2213 2237 2238
f 2213 2238 2239
f 2213 2239 2215
f 2214 2227 2240
f 2214 2240 2230
f 2215 2239 2241
f 2215 2241 2216
f 2216 2239 2242
f 2216 2242 2243
f 2216 2243 2244
f 2216 2244 2245
f 2216 2245 2217
f 2216 2241 2239
f 2217 2246 2247
f 2217 2247 2248
f 2217 2248 2249
f 2217 2249 2250
f 2217 2250 2218
f 2217 2245 2246
f 2218 2250 2251
f 2218 2251 2252
f 2218 2252 2253
f 2218 2253 2254
f 2218 2254 2255
f 2218 2255 2256
f 2218 2256 2219
f 2219 2257 2220
f 2219 2256 2258
f 2219 2258 2259
f 2219 2259 2260
f 2219 2260 2257
f 2220 2257 2221
f 2221 2257 2260
f 2221 2260 2261
f 2221 2261 2223
f 2224 2261 2260
f 2224 2260 2262
f 2224 2262 2225
f 2225 2262 2260
f 2225 2260 2263
f 2225 2263 2259
f 2225 2259 2264
f 2225 2264 2265
f 2225 2265 2266
f 2225 2266 2267
f 2225 2267 2226
f 2227 2268 2270
f 2227 2270 2240
f 2228 2237 2229
f 2228 2236 2269
f 2228 2269 2237
f 2230 2240 2270
f 2230 2270 2271
f 2230 2271 2231
f 2231 2271 2232
f 2232 2272 2233
f 2232 2271 2272
f 2233 2272 2234
f 2234 2273 2235
f 2234 2272 2273
f 2235 2273 2274
f 2235 2274 2308
f 2235 2308 2275
f 2235 2275 2276
f 2235 2276 2277
f 2235 2277 2269
f 2235 2269 2236
f 2237 2278 2238
f 2237 2269 2278
f 2238 2278 2239
f 2239 2278 2242
f 2242 2278 2269
f 2242 2269 2279
f 2242 2279 2280
f 2242 2280 2243
f 2243 2280 2281
f 2243 2281 2282
f 2243 2282 2283
f 2243 2283 2284
f 2243 2284 2244
f 2244 2284 2246
f 2244 2246 2245
f 2246 2284 2285
f 2246 2285 2247
f 2247 2285 2248
f 2248 2285 2286
f 2248 2286 2287
f 2248 2287 2288
f 2248 2288 2249
f 2249 2288 2250
f 2250 2288 2289
f 2250 2289 2290
f 2250 2290 2291
f 2250 2291 2251
f 2251 2291 2292
f 2251 2292 2293
f 2251 2293 2294
f 2251 2294 2252
f 2252 2294 2295
f 2252 2295 2296
f 2252 2296 2297
f 2252 2297 2253
f 2253 2297 2254
f 2254 2297 2298
f 2254 2298 2256
f 2254 2256 2255
f 2256 2298 2299
f 2256 2299 2265
f 2256 2265 2259
f 2256 2259 2258
f 2259 2265 2264
f 2259 2263 2260
f 2265 2299 2266
f 2266 2299 2300
f 2266 2300 2267
f 2267 2300 2296
f 2267 2296 2295
f 2267 2295 2294
f 2267 2294 2293
f 2267 2293 2301
f 2267 2301 2302
f 2267 2302 2303
f 2267 2303 2304
f 2267 2304 2305
f 2267 2305 2306
f 2267 2306 2276
f 2267 2276 2275
f 2268 2307 2270
f 2269 2277 2281
f 2269 2281 2279
f 2270 2307 2271
f 2271 2307 2272
f 2272 2307 2274
f 2272 2274 2273
f 2274 2307 2308
f 2276 2306 2277
f 2277 2306 2305
f 2277 2305 2281
f 2279 2281 2280
f 2281 2305 2282
f 2282 2305 2309
f 2282 2309 2310
f 2282 2310 2283
f 2283 2310 2284
f 2284 2310 2285
f 2285 2310 2309
f 2285 2309 2286
f 2286 2311 2312
f 2286 2312 2287
f 2286 2309 2311
f 2287 2312 2288
f 2288 2312 2313
f 2288 2313 2289
f 2289 2313 2290
f 2290 2313 2302
f 2290 2302 2301
f 2290 2301 2291
f 2291 2301 2292
f 2292 2301 2293
f 2296 2300 2299
f 2296 2299 2297
f 2297 2299 2298
f 2302 2313 2303
f 2303 2313 2314
f 2303 2314 2315
f 2303 2315 2304
f 2304 2315 2305
f 2305 2315 2309
f 2309 2315 2314
f 2309 2314 2311
f 2311 2314 2312
f 2312 2314 2313

o geometry_18
v -0.00258934 0.00615221 0.00624546
v -0.00258934 0.00615221 0.00699587
v -0.00259020 0.00686863 0.00775407
v -0.00258934 0.00696471 0.00686602
v -0.00247452 0.00697118 0.00686683
v 0.00605268 0.00748282 0.00730778
v 0.00605268 0.00731880 0.00721294
v 0.00622966 0.00615221 0.00675514
v -0.00258934 0.00686847 0.00790159
v -0.00247452 0.00615221 0.00703608
v -0.00258934 0.00725652 0.00790159
v -0.00258934 0.00725652 0.00775407
v -0.00258934 0.00724326 0.00745805
v -0.00258934 0.00722886 0.00732237
v -0.00258934 0.00718907 0.00722105
v -0.00258934 0.00712776 0.00709865
v -0.00241408 0.00724633 0.00720889
v -0.00214645 0.00727528 0.00717582
v -0.00181838 0.00729712 0.00716950
v -0.00149031 0.00730699 0.00717403
v 0.00605268 0.00762985 0.00747183
v 0.00622966 0.00753037 0.00741574
v 0.00622966 0.00746227 0.00733987
v 0.00622966 0.00737428 0.00726401
v 0.00622966 0.00729825 0.00722007
v 0.00622966 0.00615221 0.00768096
v -0.00163104 0.00615221 0.00727390
v -0.00150240 0.00615221 0.00730097
v -0.00141952 0.00615221 0.00731686
v -0.00116224 0.00615221 0.00736435
v -0.00107850 0.00615221 0.00737457
v -0.00083417 0.00615221 0.00739824
v -0.00075043 0.00615221 0.00740342
v 0.00622966 0.00623745 0.00790159
v -0.00256085 0.00726703 0.00790159
v -0.00247452 0.00729874 0.00790159
v -0.00247452 0.00729858 0.00775407
v -0.00250387 0.00726736 0.00740488
v -0.00214645 0.00736021 0.00742596
v -0.00136426 0.00754995 0.00757494
v -0.00116224 0.00755868 0.00755548
v -0.00116224 0.00747101 0.00739143
v -0.00083417 0.00746664 0.00737214
v 0.00572461 0.00777010 0.00775407
v 0.00605268 0.00774891 0.00775407
v 0.00622966 0.00765913 0.00763443
v 0.00622966 0.00760397 0.00750377
v 0.00015003 0.00758278 0.00751917
v -0.00017804 0.00615221 0.00743114
v -0.00050611 0.00615221 0.00741688
v 0.00622966 0.00770992 0.00790159
v -0.00229408 0.00734646 0.00790159
v -0.00214645 0.00738560 0.00775407
v -0.00140311 0.00755771 0.00775407
v -0.00116224 0.00758456 0.00775407
v -0.00083417 0.00760963 0.00775407
v -0.00050611 0.00762613 0.00775407
v -0.00083417 0.00756952 0.00753603
v -0.00050611 0.00757631 0.00752711
v -0.00017804 0.00758003 0.00752306
v 0.00571943 0.00780471 0.00790159
v 0.00590677 0.00779258 0.00790159
v 0.00605268 0.00776573 0.00790159
v 0.00615023 0.00773500 0.00790159
v 0.00622966 0.00769310 0.00775407
v -0.00214645 0.00738544 0.00790159
v -0.00141175 0.00755998 0.00790159
v -0.00116224 0.00758958 0.00790159
v -0.00083417 0.00761627 0.00790159
v -0.00050611 0.00763390 0.00790159
v -0.00017804 0.00764312 0.00790159
v -0.00017804 0.00763471 0.00775407
f 2316 2317 2318
f 2316 2318 2319
f 2316 2319 2320
f 2316 2320 2321
f 2316 2321 2322
f 2316 2322 2323
f 2316 2323 2341
f 2316 2341 2364
f 2316 2364 2365
f 2316 2365 2348
f 2316 2348 2347
f 2316 2347 2346
f 2316 2346 2345
f 2316 2345 2344
f 2316 2344 2343
f 2316 2343 2342
f 2316 2342 2325
f 2316 2325 2317
f 2317 2324 2318
f 2317 2325 2324
f 2318 2324 2326
f 2318 2326 2327
f 2318 2327 2328
f 2318 2328 2329
f 2318 2329 2330
f 2318 2330 2331
f 2318 2331 2319
f 2319 2331 2332
f 2319 2332 2333
f 2319 2333 2334
f 2319 2334 2320
f 2320 2334 2335
f 2320 2335 2321
f 2321 2336 2337
f 2321 2337 2338
f 2321 2338 2339
f 2321 2339 2322
f 2321 2335 2336
f 2322 2339 2340
f 2322 2340 2323
f 2323 2340 2339
f 2323 2339 2338
f 2323 2338 2337
f 2323 2337 2362
f 2323 2362 2361
f 2323 2361 2380
f 2323 2380 2366
f 2323 2366 2349
f 2323 2349 2341
f 2324 2325 2342
f 2324 2342 2343
f 2324 2343 2344
f 2324 2344 2345
f 2324 2345 2346
f 2324 2346 2347
f 2324 2347 2348
f 2324 2348 2349
f 2324 2349 2366
f 2324 2366 2379
f 2324 2379 2378
f 2324 2378 2377
f 2324 2377 2376
f 2324 2376 2386
f 2324 2386 2385
f 2324 2385 2384
f 2324 2384 2383
f 2324 2383 2382
f 2324 2382 2381
f 2324 2381 2367
f 2324 2367 2351
f 2324 2351 2350
f 2324 2350 2326
f 2326 2350 2327
f 2327 2350 2351
f 2327 2351 2352
f 2327 2352 2328
f 2328 2352 2353
f 2328 2353 2329
f 2329 2353 2354
f 2329 2354 2332
f 2329 2332 2330
f 2330 2332 2331
f 2332 2354 2355
f 2332 2355 2333
f 2333 2355 2356
f 2333 2356 2357
f 2333 2357 2334
f 2334 2357 2358
f 2334 2358 2335
f 2335 2358 2336
f 2336 2359 2360
f 2336 2360 2361
f 2336 2361 2362
f 2336 2362 2337
f 2336 2358 2363
f 2336 2363 2359
f 2341 2349 2364
f 2348 2365 2349
f 2349 2365 2364
f 2351 2367 2368
f 2351 2368 2352
f 2352 2368 2353
f 2353 2368 2354
f 2354 2368 2369
f 2354 2369 2355
f 2355 2369 2370
f 2355 2370 2371
f 2355 2371 2356
f 2356 2371 2372
f 2356 2372 2373
f 2356 2373 2357
f 2357 2373 2374
f 2357 2374 2358
f 2358 2374 2375
f 2358 2375 2363
f 2359 2376 2360
f 2359 2363 2375
f 2359 2375 2374
f 2359 2374 2376
f 2360 2376 2377
f 2360 2377 2378
f 2360 2378 2379
f 2360 2379 2380
f 2360 2380 2361
f 2366 2380 2379
f 2367 2381 2368
f 2368 2381 2382
f 2368 2382 2369
f 2369 2382 2383
f 2369 2383 2370
f 2370 2383 2384
f 2370 2384 2371
f 2371 2384 2385
f 2371 2385 2372
f 2372 2374 2373
f 2372 2385 2386
f 2372 2386 2376
f 2372 2376 2387
f 2372 2387 2374
f 2374 2387 2376

o geometry_19
v -0.00411465 -0.00366396 0.00283622
v -0.00421809 -0.00366396 0.00283777
v -0.00421809 -0.00359457 0.00284395
v -0.00421809 -0.00344403 0.00285942
v -0.00411465 -0.00344403 0.00285942
v -0.00386307 -0.00366396 0.00289035
v -0.00421809 -0.00366396 0.00325996
v -0.00421809 -0.00336771 0.00288571
v -0.00411465 -0.00320206 0.00294448
v -0.00389678 -0.00322799 0.00296303
v -0.00383939 -0.00344403 0.00292901
v -0.00378457 -0.00366396 0.00291045
v -0.00421809 -0.00327044 0.00611478
v -0.00401908 -0.00366396 0.01863515
v -0.00402716 -0.00362580 0.01863515
v -0.00406557 -0.00344403 0.01863515
v -0.00407291 -0.00338710 0.01863515
v -0.00410783 -0.00311608 0.01863515
v -0.00421809 -0.00320206 0.00294448
v -0.00411465 -0.00303805 0.00311459
v -0.00392350 -0.00293680 0.00329553
v -0.00385808 -0.00311764 0.00317645
v -0.00371640 -0.00344403 0.00316253
v -0.00363883 -0.00366396 0.00313624
v -0.00421809 -0.00319552 0.00644263
v -0.00411029 -0.00305915 0.01863515
v -0.00411855 -0.00286842 0.01863515
v -0.00367592 -0.00366396 0.01863515
v -0.00421809 -0.00303805 0.00311459
v -0.00421809 -0.00292909 0.00327852
v -0.00411465 -0.00292917 0.00327852
v -0.00411465 -0.00288789 0.00349039
v -0.00389718 -0.00291998 0.00349039
v -0.00378618 -0.00311608 0.00349039
v -0.00363235 -0.00366396 0.00316253
v -0.00421809 -0.00311055 0.00673337
v -0.00421809 -0.00286842 0.00697927
v -0.00421809 -0.00309786 0.00676740
v -0.00376841 -0.00286842 0.01863515
v -0.00421809 -0.00291609 0.00334502
v -0.00421809 -0.00288789 0.00349039
v -0.00411465 -0.00286959 0.00381824
v -0.00388451 -0.00291087 0.00381824
v -0.00375654 -0.00286842 0.00709835
v -0.00377236 -0.00311608 0.00381824
v -0.00376835 -0.00286842 0.01859185
v -0.00421809 -0.00286842 0.00579929
v -0.00421809 -0.00286959 0.00381824
v -0.00411465 -0.00286842 0.00579929
v -0.00391673 -0.00286842 0.00617200
v -0.00386702 -0.00286842 0.00628953
f 2388 2389 2390
f 2388 2390 2391
f 2388 2391 2392
f 2388 2392 2393
f 2388 2393 2399
f 2388 2399 2411
f 2388 2411 2422
f 2388 2422 2415
f 2388 2415 2401
f 2388 2401 2394
f 2388 2394 2389
f 2389 2394 2400
f 2389 2400 2412
f 2389 2412 2423
f 2389 2423 2425
f 2389 2425 2424
f 2389 2424 2434
f 2389 2434 2435
f 2389 2435 2428
f 2389 2428 2427
f 2389 2427 2417
f 2389 2417 2416
f 2389 2416 2406
f 2389 2406 2395
f 2389 2395 2391
f 2389 2391 2390
f 2391 2395 2392
f 2392 2395 2396
f 2392 2396 2397
f 2392 2397 2398
f 2392 2398 2393
f 2393 2398 2399
f 2394 2401 2402
f 2394 2402 2403
f 2394 2403 2404
f 2394 2404 2405
f 2394 2405 2400
f 2395 2406 2396
f 2396 2406 2416
f 2396 2416 2407
f 2396 2407 2397
f 2397 2407 2408
f 2397 2408 2409
f 2397 2409 2410
f 2397 2410 2411
f 2397 2411 2398
f 2398 2411 2399
f 2400 2405 2413
f 2400 2413 2414
f 2400 2414 2412
f 2401 2415 2426
f 2401 2426 2414
f 2401 2414 2413
f 2401 2413 2405
f 2401 2405 2404
f 2401 2404 2403
f 2401 2403 2402
f 2407 2416 2417
f 2407 2417 2418
f 2407 2418 2408
f 2408 2418 2419
f 2408 2419 2420
f 2408 2420 2421
f 2408 2421 2409
f 2409 2421 2410
f 2410 2422 2411
f 2410 2421 2422
f 2412 2414 2423
f 2414 2424 2425
f 2414 2425 2423
f 2414 2426 2433
f 2414 2433 2431
f 2414 2431 2438
f 2414 2438 2437
f 2414 2437 2436
f 2414 2436 2434
f 2414 2434 2424
f 2415 2422 2426
f 2417 2427 2418
f 2418 2427 2419
f 2419 2427 2428
f 2419 2428 2435
f 2419 2435 2429
f 2419 2429 2420
f 2420 2429 2430
f 2420 2430 2421
f 2421 2430 2431
f 2421 2431 2432
f 2421 2432 2422
f 2422 2432 2431
f 2422 2431 2433
f 2422 2433 2426
f 2429 2435 2434
f 2429 2434 2436
f 2429 2436 2437
f 2429 2437 2438
f 2429 2438 2431
f 2429 2431 2430

o geometry_20
v -0.00616531 -0.00366396 0.01863515
v -0.00586232 -0.00366396 0.01863515
v -0.00625795 -0.00366396 0.01890680
v -0.00625769 -0.00366252 0.01863515
v -0.00639040 0.00000124 0.01863515
v -0.00639040 0.00000124 0.01874136
v -0.00639318 0.00000124 0.02906798
v -0.00589450 -0.00366396 0.02865847
v -0.00626419 -0.00365033 0.01890680
v -0.00626385 -0.00364925 0.01863515
v -0.00626905 -0.00366396 0.02300395
v -0.00672392 0.00000124 0.01863515
v -0.00674847 0.00000124 0.02906798
v -0.00589684 -0.00366396 0.02906798
v -0.00633914 -0.00344403 0.01890680
v -0.00633844 -0.00344403 0.01863515
v -0.00628388 -0.00366396 0.02906798
v -0.00672375 -0.00013546 0.01863515
v -0.00672574 0.00000124 0.01940005
v -0.00674847 -0.00000235 0.02906798
v -0.00636117 -0.00344870 0.02906798
v -0.00636282 -0.00344403 0.02906798
v -0.00657941 -0.00264362 0.02906798
v -0.00641660 -0.00311576 0.01863515
v -0.00672366 -0.00016416 0.01863515
v -0.00674838 -0.00016416 0.02906798
v -0.00660743 -0.00245993 0.02906798
v -0.00662790 -0.00213201 0.01863515
v -0.00659754 -0.00232646 0.01863515
v -0.00659103 -0.00236772 0.01863515
v -0.00657533 -0.00262640 0.02743402
v -0.00671802 -0.00043539 0.01863515
v -0.00673424 -0.00049207 0.02513831
v -0.00673858 -0.00049207 0.02677738
v -0.00673936 -0.00049207 0.02710621
v -0.00674829 -0.00017062 0.02906798
v -0.00665201 -0.00213201 0.02906798
v -0.00665132 -0.00213201 0.02874630
v -0.00663362 -0.00207497 0.01863515
v -0.00671681 -0.00049207 0.01863515
v -0.00672826 -0.00082035 0.02677738
v -0.00673433 -0.00082035 0.02906798
v -0.00674370 -0.00049853 0.02906798
v -0.00674387 -0.00049207 0.02906798
v -0.00668298 -0.00181055 0.02906798
v -0.00666936 -0.00180410 0.02251478
v -0.00666719 -0.00180410 0.02153032
v -0.00666355 -0.00180410 0.01989126
v -0.00666207 -0.00180410 0.01923461
v -0.00666069 -0.00180410 0.01863515
v -0.00669547 -0.00109122 0.01863515
v -0.00669339 -0.00114826 0.01863515
v -0.00668081 -0.00147618 0.01863515
v -0.00671837 -0.00115472 0.02906798
v -0.00668359 -0.00180410 0.02906798
v -0.00670163 -0.00148264 0.02906798
v -0.00670197 -0.00147618 0.02906798
f 2439 2440 2446
f 2439 2446 2452
f 2439 2452 2455
f 2439 2455 2449
f 2439 2449 2441
f 2439 2441 2442
f 2439 2442 2448
f 2439 2448 2454
f 2439 2454 2462
f 2439 2462 2468
f 2439 2468 2467
f 2439 2467 2466
f 2439 2466 2477
f 2439 2477 2488
f 2439 2488 2491
f 2439 2491 2490
f 2439 2490 2489
f 2439 2489 2478
f 2439 2478 2470
f 2439 2470 2463
f 2439 2463 2456
f 2439 2456 2450
f 2439 2450 2443
f 2439 2443 2440
f 2440 2443 2444
f 2440 2444 2445
f 2440 2445 2446
f 2441 2447 2448
f 2441 2448 2442
f 2441 2449 2447
f 2443 2450 2457
f 2443 2457 2451
f 2443 2451 2445
f 2443 2445 2444
f 2445 2451 2458
f 2445 2458 2464
f 2445 2464 2474
f 2445 2474 2482
f 2445 2482 2481
f 2445 2481 2480
f 2445 2480 2492
f 2445 2492 2495
f 2445 2495 2494
f 2445 2494 2493
f 2445 2493 2483
f 2445 2483 2475
f 2445 2475 2465
f 2445 2465 2461
f 2445 2461 2460
f 2445 2460 2459
f 2445 2459 2455
f 2445 2455 2452
f 2445 2452 2446
f 2447 2453 2454
f 2447 2454 2448
f 2447 2449 2455
f 2447 2455 2453
f 2450 2456 2457
f 2451 2457 2458
f 2453 2455 2459
f 2453 2459 2460
f 2453 2460 2461
f 2453 2461 2454
f 2454 2461 2462
f 2456 2463 2464
f 2456 2464 2457
f 2457 2464 2458
f 2461 2465 2466
f 2461 2466 2467
f 2461 2467 2468
f 2461 2468 2469
f 2461 2469 2462
f 2462 2469 2468
f 2463 2470 2471
f 2463 2471 2472
f 2463 2472 2473
f 2463 2473 2464
f 2464 2473 2474
f 2465 2475 2476
f 2465 2476 2466
f 2466 2476 2477
f 2470 2478 2471
f 2471 2479 2480
f 2471 2480 2472
f 2471 2478 2479
f 2472 2480 2473
f 2473 2480 2481
f 2473 2481 2482
f 2473 2482 2474
f 2475 2483 2476
f 2476 2483 2484
f 2476 2484 2485
f 2476 2485 2486
f 2476 2486 2487
f 2476 2487 2477
f 2477 2487 2488
f 2478 2489 2479
f 2479 2489 2490
f 2479 2490 2491
f 2479 2491 2480
f 2480 2491 2492
f 2483 2493 2484
f 2484 2491 2485
f 2484 2493 2491
f 2485 2491 2486
f 2486 2491 2487
f 2487 2491 2488
f 2491 2493 2494
f 2491 2494 2495
f 2491 2495 2492

o geometry_21
v -0.00661647 -0.00190493 0.01146724
v -0.00662030 -0.00180398 0.01146724
v -0.00629322 -0.00190493 0.01146724
v -0.00662566 -0.00190493 0.01191769
v -0.00664366 -0.00180398 0.01234639
v -0.00661120 -0.00173719 0.01146724
v -0.00668570 -0.00114795 0.01300242
v -0.00669350 -0.00082012 0.01300242
v -0.00669561 -0.00049210 0.01300242
v -0.00669759 -0.00016408 0.01300242
v -0.00669764 0.00000124 0.01300242
v -0.00629322 -0.00126027 0.01146724
v -0.00629322 -0.00190493 0.01185735
v -0.00663228 -0.00190493 0.01224536
v -0.00664674 -0.00180398 0.01267476
v -0.00666947 -0.00147596 0.01300242
v -0.00659214 -0.00160452 0.01146724
v -0.00668650 -0.00114795 0.01333079
v -0.00669873 -0.00082012 0.01333079
v -0.00670721 -0.00049210 0.01333079
v -0.00671176 -0.00016408 0.01333079
v -0.00662924 0.00000124 0.01272527
v -0.00671180 0.00000124 0.01333079
v -0.00630292 -0.00126344 0.01146724
v -0.00629322 0.00000124 0.01240533
v -0.00629322 -0.00181443 0.01203486
v -0.00634525 -0.00190493 0.01863515
v -0.00663456 -0.00190493 0.01257372
v -0.00663574 -0.00190493 0.01300242
v -0.00664021 -0.00190493 0.01464284
v -0.00664109 -0.00190493 0.01497051
v -0.00664729 -0.00190493 0.01726556
v -0.00664818 -0.00190493 0.01759393
v -0.00664902 -0.00190493 0.01792159
v -0.00664957 -0.00190493 0.01814892
v -0.00665905 -0.00180398 0.01792159
v -0.00667158 -0.00147596 0.01398681
v -0.00666057 -0.00180398 0.01857762
v -0.00666070 -0.00180398 0.01863515
v -0.00653580 0.00000124 0.01256109
v -0.00647310 -0.00144051 0.01146724
v -0.00668701 -0.00114795 0.01365845
v -0.00667297 -0.00147596 0.01464284
v -0.00667499 -0.00147596 0.01562584
v -0.00668014 -0.00147596 0.01824996
v -0.00668077 -0.00147596 0.01857762
v -0.00668904 -0.00114795 0.01497051
v -0.00668996 -0.00114795 0.01562584
v -0.00669131 -0.00114795 0.01661023
v -0.00669216 -0.00114795 0.01726556
v -0.00671682 -0.00049210 0.01863515
v -0.00671252 -0.00016408 0.01365845
v -0.00672370 -0.00016408 0.01863515
v -0.00672285 -0.00016408 0.01824996
v -0.00671695 -0.00016408 0.01562584
v -0.00671256 0.00000124 0.01365845
v -0.00630907 -0.00126550 0.01146724
v -0.00637182 0.00000124 0.01243059
v -0.00629322 0.00000124 0.01294769
v -0.00629322 -0.00167729 0.01221027
v -0.00639046 0.00000124 0.01863515
v -0.00665062 -0.00190493 0.01863515
v -0.00629322 -0.00135506 0.01255478
v -0.00629322 -0.00116343 0.01267195
v -0.00629322 -0.00115056 0.01267967
v -0.00629322 -0.00082068 0.01278912
v -0.00629322 -0.00041392 0.01292314
v -0.00629322 -0.00016408 0.01294769
v -0.00665033 -0.00190493 0.01847729
v -0.00668085 -0.00147596 0.01863515
v -0.00645442 0.00000124 0.01249584
v -0.00642056 -0.00138193 0.01146724
v -0.00669249 -0.00114795 0.01759393
v -0.00669313 -0.00114795 0.01824996
v -0.00669342 -0.00114795 0.01857762
v -0.00669346 -0.00114795 0.01863515
v -0.00672399 0.00000124 0.01863515
v -0.00672049 0.00000124 0.01710278
v -0.00671674 0.00000124 0.01546306
v -0.00671636 0.00000124 0.01529817
f 2496 2497 2501
f 2496 2501 2512
f 2496 2512 2536
f 2496 2536 2567
f 2496 2567 2552
f 2496 2552 2519
f 2496 2519 2507
f 2496 2507 2498
f 2496 2498 2508
f 2496 2508 2522
f 2496 2522 2557
f 2496 2557 2564
f 2496 2564 2530
f 2496 2530 2529
f 2496 2529 2528
f 2496 2528 2527
f 2496 2527 2526
f 2496 2526 2525
f 2496 2525 2524
f 2496 2524 2523
f 2496 2523 2509
f 2496 2509 2499
f 2496 2499 2500
f 2496 2500 2497
f 2497 2500 2502
f 2497 2502 2503
f 2497 2503 2504
f 2497 2504 2505
f 2497 2505 2506
f 2497 2506 2501
f 2498 2507 2520
f 2498 2520 2554
f 2498 2554 2563
f 2498 2563 2562
f 2498 2562 2561
f 2498 2561 2560
f 2498 2560 2559
f 2498 2559 2558
f 2498 2558 2555
f 2498 2555 2521
f 2498 2521 2508
f 2499 2509 2500
f 2500 2509 2510
f 2500 2510 2511
f 2500 2511 2502
f 2501 2506 2512
f 2502 2511 2513
f 2502 2513 2514
f 2502 2514 2515
f 2502 2515 2503
f 2503 2515 2516
f 2503 2516 2504
f 2504 2516 2505
f 2505 2516 2518
f 2505 2518 2506
f 2506 2517 2512
f 2506 2518 2551
f 2506 2551 2575
f 2506 2575 2574
f 2506 2574 2573
f 2506 2573 2572
f 2506 2572 2556
f 2506 2556 2554
f 2506 2554 2520
f 2506 2520 2553
f 2506 2553 2566
f 2506 2566 2535
f 2506 2535 2517
f 2507 2519 2520
f 2508 2521 2522
f 2509 2523 2510
f 2510 2523 2524
f 2510 2524 2525
f 2510 2525 2526
f 2510 2526 2527
f 2510 2527 2528
f 2510 2528 2529
f 2510 2529 2530
f 2510 2530 2531
f 2510 2531 2511
f 2511 2532 2513
f 2511 2531 2533
f 2511 2533 2534
f 2511 2534 2532
f 2512 2517 2535
f 2512 2535 2536
f 2513 2537 2514
f 2513 2532 2538
f 2513 2538 2539
f 2513 2539 2540
f 2513 2540 2541
f 2513 2541 2537
f 2514 2537 2542
f 2514 2542 2543
f 2514 2543 2544
f 2514 2544 2545
f 2514 2545 2546
f 2514 2546 2515
f 2515 2547 2516
f 2515 2546 2548
f 2515 2548 2549
f 2515 2549 2550
f 2515 2550 2547
f 2516 2547 2551
f 2516 2551 2518
f 2519 2552 2520
f 2520 2552 2553
f 2521 2555 2522
f 2522 2556 2572
f 2522 2572 2548
f 2522 2548 2546
f 2522 2546 2571
f 2522 2571 2565
f 2522 2565 2534
f 2522 2534 2557
f 2522 2555 2558
f 2522 2558 2559
f 2522 2559 2560
f 2522 2560 2561
f 2522 2561 2562
f 2522 2562 2563
f 2522 2563 2554
f 2522 2554 2556
f 2530 2564 2533
f 2530 2533 2531
f 2532 2534 2538
f 2533 2564 2534
f 2534 2564 2557
f 2534 2565 2541
f 2534 2541 2540
f 2534 2540 2539
f 2534 2539 2538
f 2535 2566 2567
f 2535 2567 2536
f 2537 2541 2542
f 2541 2565 2542
f 2542 2565 2543
f 2543 2565 2544
f 2544 2565 2545
f 2545 2565 2568
f 2545 2568 2546
f 2546 2568 2569
f 2546 2569 2570
f 2546 2570 2571
f 2547 2550 2572
f 2547 2572 2573
f 2547 2573 2574
f 2547 2574 2575
f 2547 2575 2551
f 2548 2572 2549
f 2549 2572 2550
f 2552 2567 2553
f 2553 2567 2566
f 2565 2571 2570
f 2565 2570 2569
f 2565 2569 2568

o geometry_22
v 0.01021673 0.00368653 0.00906862
v 0.01019198 0.00368653 0.00861158
v 0.01014097 0.00390153 0.00874012
v 0.01018094 0.00368653 0.02119980
v 0.01003360 0.00410052 0.00808491
v 0.00982481 0.00459371 0.00791709
v 0.01012606 0.00385885 0.02087130
v 0.00996858 0.00410052 0.00775820
v 0.00980871 0.00455514 0.00769750
v 0.00995694 0.00424680 0.02119980
v 0.01008848 0.00368653 0.00814026
v 0.00946212 0.00519563 0.00808313
v 0.00944900 0.00517634 0.00775641
v 0.00985702 0.00385639 0.00755289
v 0.00985166 0.00433645 0.00755289
v 0.00955280 0.00500894 0.02087130
v 0.00975204 0.00465669 0.02119980
v 0.00974607 0.00464603 0.02152473
v 0.01014515 0.00368653 0.02143189
v 0.00952655 0.00496791 0.00754753
v 0.00975144 0.00368653 0.00755289
v 0.00950746 0.00392532 0.00726188
v 0.00953490 0.00410052 0.00724225
v 0.00951432 0.00451329 0.00725385
v 0.00944542 0.00517019 0.02152473
v 0.00949613 0.00491744 0.02201747
v 0.00984509 0.00432045 0.02172468
v 0.00916923 0.00557762 0.00791531
v 0.00917460 0.00558378 0.01136631
v 0.00913881 0.00520794 0.00728331
v 0.00923783 0.00533759 0.00750290
v 0.00899355 0.00572738 0.00765287
v 0.00936608 0.00368653 0.00738686
v 0.00769402 0.00409765 0.00676914
v 0.00789147 0.00422731 0.00676914
v 0.00800839 0.00508485 0.00676914
v 0.00782675 0.00555618 0.00676914
v 0.00915849 0.00556162 0.02185679
v 0.00991966 0.00368653 0.02178538
v 0.00954922 0.00442836 0.02206746
v 0.00886918 0.00593746 0.00808313
v 0.00852319 0.00624191 0.00757788
v 0.00885963 0.00592433 0.02119980
v 0.00887305 0.00593931 0.00972383
v 0.00739755 0.00413458 0.00676914
v 0.00623014 0.00485918 0.00676735
v 0.00900399 0.00368653 0.00738507
v 0.00799586 0.00459227 0.00676914
v 0.00703784 0.00612128 0.00676735
v 0.00851186 0.00590217 0.00726724
v 0.00884174 0.00590505 0.02235132
v 0.00916327 0.00520794 0.02234061
v 0.00623014 0.00606794 0.02500072
v 0.00623014 0.00541268 0.02500608
v 0.00853870 0.00625504 0.02218529
v 0.00818138 0.00622755 0.00726724
v 0.00759559 0.00693532 0.00752432
v 0.00771490 0.00368653 0.00810455
v 0.00760991 0.00368653 0.00841162
v 0.00733789 0.00600147 0.00676914
v 0.00648426 0.00725680 0.00723957
v 0.00818854 0.00656194 0.02268339
v 0.00833201 0.00636582 0.02277266
v 0.00804716 0.00643783 0.02319846
v 0.00721083 0.00690414 0.02399738
v 0.00688513 0.00691891 0.02432588
v 0.00623044 0.00624991 0.02498466
v 0.00412321 0.00763161 0.02463831
v 0.00412321 0.00733783 0.02463831
v 0.00623014 0.00520630 0.02499001
v 0.00855660 0.00627227 0.00808313
v 0.00783480 0.00687049 0.00808313
v 0.00819809 0.00657015 0.01857361
v 0.00764988 0.00697266 0.00775641
v 0.00734237 0.00686947 0.00727884
v 0.00720248 0.00721556 0.00759038
v 0.00623014 0.00615369 0.00676735
v 0.00758784 0.00368653 0.00874012
v 0.00755861 0.00368653 0.01923239
v 0.00623014 0.00484092 0.01715027
v 0.00412321 0.00733824 0.01777022
v 0.00441193 0.00727588 0.00790281
v 0.00623014 0.00729803 0.00722082
v 0.00623014 0.00746215 0.00734044
v 0.00693047 0.00726890 0.02406344
v 0.00684039 0.00713760 0.02428303
v 0.00662206 0.00728490 0.02436873
v 0.00621314 0.00738399 0.02445799
v 0.00491421 0.00754545 0.02463831
v 0.00605357 0.00768946 0.02415270
v 0.00556621 0.00787369 0.02366888
v 0.00554414 0.00787697 0.02316721
v 0.00623014 0.00485918 0.02349749
v 0.00623014 0.00492237 0.02463563
v 0.00623014 0.00484318 0.02087309
v 0.00868246 0.00368653 0.02261555
v 0.00900399 0.00368653 0.02248522
v 0.00820763 0.00657795 0.01005232
v 0.00782108 0.00686147 0.02251022
v 0.00772265 0.00691091 0.02300296
v 0.00720308 0.00721679 0.02366174
v 0.00655108 0.00754586 0.00758860
v 0.00741127 0.00714909 0.00808313
v 0.00767135 0.00698497 0.00808313
v 0.00441283 0.00760473 0.00790460
v 0.00756398 0.00368653 0.02185322
v 0.00412321 0.00763202 0.01777022
v 0.00656897 0.00755529 0.02402237
v 0.00625758 0.00756063 0.02433838
v 0.00605357 0.00777234 0.02365996
v 0.00575770 0.00785235 0.02333146
v 0.00554474 0.00787779 0.00841162
v 0.00760544 0.00368653 0.02216565
v 0.00775308 0.00368653 0.02245309
v 0.00802151 0.00368653 0.02258877
v 0.00834960 0.00368653 0.02263162
v 0.00752878 0.00705616 0.02267536
v 0.00723648 0.00723649 0.02316543
v 0.00623014 0.00760371 0.00750647
v 0.00609771 0.00775737 0.00795726
v 0.00660953 0.00757417 0.00808313
v 0.00555070 0.00787533 0.00822238
v 0.00572011 0.00780435 0.00790281
v 0.00441193 0.00761479 0.00808491
v 0.00638166 0.00765295 0.02366085
v 0.00577738 0.00785851 0.00841162
v 0.00667724 0.00752719 0.02349749
v 0.00638166 0.00766977 0.00808313
v 0.00605357 0.00778999 0.00841162
f 2576 2577 2578
f 2576 2579 2594
f 2576 2594 2614
f 2576 2614 2672
f 2576 2672 2671
f 2576 2671 2691
f 2576 2691 2690
f 2576 2690 2689
f 2576 2689 2688
f 2576 2688 2681
f 2576 2681 2654
f 2576 2654 2653
f 2576 2653 2634
f 2576 2634 2633
f 2576 2633 2622
f 2576 2622 2608
f 2576 2608 2596
f 2576 2596 2586
f 2576 2586 2577
f 2577 2580 2578
f 2576 2578 2582
f 2576 2582 2579
f 2580 2581 2578
f 2580 2577 2583
f 2580 2583 2584
f 2580 2584 2581
f 2581 2585 2578
f 2578 2585 2582
f 2582 2585 2579
f 2577 2586 2583
f 2581 2584 2588
f 2581 2588 2587
f 2583 2589 2590
f 2583 2590 2584
f 2583 2586 2589
f 2581 2591 2592
f 2581 2592 2585
f 2585 2592 2593
f 2585 2593 2594
f 2585 2594 2579
f 2587 2591 2581
f 2584 2590 2595
f 2584 2595 2588
f 2589 2586 2596
f 2589 2596 2597
f 2589 2597 2598
f 2589 2598 2590
f 2590 2598 2599
f 2590 2599 2595
f 2592 2591 2600
f 2592 2600 2593
f 2593 2600 2601
f 2593 2601 2602
f 2593 2602 2594
f 2587 2600 2591
f 2587 2588 2603
f 2595 2599 2605
f 2595 2605 2606
f 2595 2606 2607
f 2595 2607 2588
f 2597 2596 2608
f 2597 2608 2609
f 2597 2609 2610
f 2597 2610 2598
f 2599 2611 2612
f 2599 2612 2605
f 2600 2613 2601
f 2602 2614 2594
f 2602 2601 2615
f 2602 2615 2614
f 2603 2588 2607
f 2603 2607 2617
f 2603 2617 2616
f 2587 2603 2604
f 2604 2603 2619
f 2604 2619 2618
f 2587 2604 2600
f 2600 2604 2613
f 2606 2617 2607
f 2609 2620 2621
f 2609 2621 2610
f 2609 2608 2622
f 2609 2622 2620
f 2610 2623 2598
f 2610 2621 2623
f 2598 2623 2599
f 2599 2623 2611
f 2611 2624 2612
f 2605 2612 2625
f 2605 2625 2606
f 2613 2626 2601
f 2601 2626 2627
f 2601 2627 2615
f 2614 2615 2628
f 2614 2628 2629
f 2618 2613 2604
f 2603 2616 2619
f 2617 2625 2631
f 2606 2625 2617
f 2620 2633 2634
f 2620 2634 2621
f 2621 2652 2624
f 2621 2624 2623
f 2623 2624 2611
f 2624 2635 2612
f 2624 2636 2635
f 2612 2631 2625
f 2626 2637 2638
f 2627 2626 2639
f 2627 2639 2640
f 2627 2640 2641
f 2627 2641 2615
f 2615 2641 2628
f 2628 2641 2642
f 2628 2642 2643
f 2628 2643 2629
f 2629 2643 2644
f 2629 2644 2645
f 2629 2645 2614
f 2616 2646 2619
f 2616 2617 2646
f 2617 2647 2646
f 2618 2619 2630
f 2630 2637 2626
f 2630 2626 2618
f 2630 2648 2637
f 2619 2646 2630
f 2617 2632 2649
f 2617 2649 2647
f 2631 2612 2635
f 2631 2632 2617
f 2632 2631 2650
f 2632 2650 2651
f 2632 2651 2649
f 2621 2634 2653
f 2621 2653 2654
f 2621 2654 2655
f 2621 2655 2656
f 2621 2656 2657
f 2621 2657 2652
f 2622 2633 2620
f 2635 2636 2650
f 2635 2650 2631
f 2636 2624 2658
f 2636 2658 2659
f 2626 2613 2618
f 2638 2639 2626
f 2640 2660 2661
f 2640 2661 2641
f 2640 2639 2660
f 2641 2661 2642
f 2642 2661 2662
f 2642 2662 2663
f 2642 2663 2664
f 2642 2664 2643
f 2643 2665 2666
f 2643 2666 2667
f 2643 2682 2656
f 2643 2656 2644
f 2644 2668 2669
f 2644 2669 2645
f 2644 2655 2670
f 2644 2670 2668
f 2645 2671 2672
f 2645 2672 2614
f 2646 2673 2648
f 2646 2648 2630
f 2648 2674 2637
f 2637 2674 2675
f 2637 2675 2676
f 2637 2676 2638
f 2649 2651 2678
f 2649 2678 2679
f 2649 2679 2647
f 2652 2657 2680
f 2652 2680 2658
f 2654 2681 2655
f 2656 2655 2644
f 2656 2682 2657
f 2636 2659 2650
f 2658 2624 2652
f 2658 2680 2659
f 2659 2677 2650
f 2639 2638 2676
f 2639 2676 2660
f 2660 2662 2661
f 2660 2676 2683
f 2662 2660 2684
f 2662 2684 2663
f 2663 2684 2664
f 2664 2684 2643
f 2643 2684 2665
f 2665 2684 2683
f 2665 2683 2685
f 2665 2685 2666
f 2666 2685 2686
f 2667 2687 2643
f 2643 2687 2682
f 2668 2670 2681
f 2668 2681 2669
f 2669 2681 2688
f 2669 2688 2689
f 2669 2689 2690
f 2669 2690 2691
f 2669 2691 2671
f 2669 2671 2645
f 2655 2681 2670
f 2646 2647 2673
f 2673 2674 2648
f 2674 2692 2693
f 2674 2693 2675
f 2674 2673 2647
f 2674 2647 2679
f 2674 2679 2692
f 2675 2693 2676
f 2650 2677 2651
f 2677 2694 2695
f 2677 2696 2651
f 2657 2682 2680
f 2680 2697 2698
f 2680 2698 2694
f 2680 2694 2659
f 2682 2687 2699
f 2682 2699 2680
f 2659 2694 2677
f 2683 2700 2685
f 2683 2684 2660
f 2686 2667 2666
f 2667 2686 2701
f 2667 2701 2687
f 2679 2678 2692
f 2676 2702 2683
f 2676 2693 2702
f 2694 2698 2695
f 2677 2703 2696
f 2651 2696 2678
f 2680 2699 2697
f 2697 2699 2687
f 2683 2702 2700
f 2685 2700 2703
f 2686 2685 2704
f 2686 2704 2701
f 2692 2678 2693
f 2677 2695 2703
f 2703 2695 2704
f 2693 2678 2696
f 2693 2696 2702
f 2697 2687 2701
f 2697 2701 2698
f 2698 2701 2695
f 2700 2702 2703
f 2703 2704 2685
f 2703 2702 2696
f 2704 2695 2701

o geometry_23
v 0.01021712 -0.00368478 0.00906971
v 0.01014123 -0.00390150 0.00873912
v 0.01018141 -0.00368478 0.02120004
v 0.01012401 -0.00385348 0.02120004
v 0.00982557 -0.00459353 0.00791808
v 0.01003346 -0.00410057 0.00808519
v 0.01017694 -0.00368478 0.00848300
v 0.01002262 -0.00410057 0.02120004
v 0.00980707 -0.00455577 0.02120004
v 0.00980899 -0.00455413 0.00769829
v 0.01002134 -0.00393639 0.00792080
v 0.01015430 -0.00368478 0.02140076
v 0.00986303 -0.00438594 0.02152882
v 0.00946208 -0.00519568 0.00808519
v 0.00955135 -0.00500687 0.02087126
v 0.00944868 -0.00517557 0.00775641
v 0.00985171 -0.00433618 0.00755115
v 0.00985682 -0.00385717 0.00755115
v 0.00981218 -0.00368478 0.00759838
v 0.00984534 -0.00432058 0.02172318
v 0.00944422 -0.00516859 0.02152882
v 0.00949587 -0.00491739 0.02201745
v 0.00952648 -0.00496746 0.00754752
v 0.00949970 -0.00459805 0.00726233
v 0.00952904 -0.00442853 0.00724417
v 0.00953350 -0.00410057 0.00724235
v 0.00950544 -0.00392736 0.00726052
v 0.00915853 -0.00556181 0.02185760
v 0.00916108 -0.00556591 0.02152882
v 0.00917447 -0.00558397 0.01136390
v 0.00901919 -0.00575719 0.00800073
v 0.00899241 -0.00572620 0.00765560
v 0.00923697 -0.00533606 0.00750392
v 0.00913876 -0.00520799 0.00728413
v 0.00784167 -0.00555729 0.00645038
v 0.00801130 -0.00492067 0.00645128
v 0.00933262 -0.00368478 0.00738222
v 0.00788695 -0.00422740 0.00645219
v 0.00769372 -0.00409688 0.00645219
v 0.00954944 -0.00442853 0.02206650
v 0.00916363 -0.00520758 0.02234078
v 0.00872808 -0.00586945 0.02257510
v 0.00884223 -0.00590495 0.02234986
v 0.00886327 -0.00592835 0.01824829
v 0.00887284 -0.00594025 0.00906790
v 0.00854314 -0.00625959 0.00775641
v 0.00852338 -0.00624153 0.00757658
v 0.00851190 -0.00590249 0.00726597
v 0.00818157 -0.00622757 0.00726597
v 0.00623019 -0.00485951 0.00645038
v 0.00739145 -0.00413423 0.00645219
v 0.00900484 -0.00368478 0.00738767
v 0.00978603 -0.00368478 0.02190301
v 0.00623019 -0.00606750 0.02500371
v 0.00688511 -0.00691920 0.02432617
v 0.00721034 -0.00690360 0.02399739
v 0.00804669 -0.00643691 0.02319634
v 0.00833143 -0.00636528 0.02277310
v 0.00885434 -0.00591932 0.02185760
v 0.00853868 -0.00625508 0.02218457
v 0.00759424 -0.00693521 0.00752391
v 0.00733087 -0.00600100 0.00645038
v 0.00759870 -0.00368478 0.00845938
v 0.00771604 -0.00368478 0.00810517
v 0.00370233 -0.00764448 0.02469673
v 0.00623083 -0.00624974 0.02498737
v 0.00684175 -0.00713797 0.02428258
v 0.00693039 -0.00726727 0.02406279
v 0.00818858 -0.00656251 0.02268409
v 0.00855654 -0.00627232 0.00808519
v 0.00764845 -0.00697256 0.00775641
v 0.00720014 -0.00721473 0.00759656
v 0.00745203 -0.00683547 0.00730593
v 0.00703752 -0.00610321 0.00645038
v 0.00680540 -0.00717902 0.00729140
v 0.00623019 -0.00746183 0.00734044
v 0.00623019 -0.00610813 0.00645038
v 0.00441528 -0.00730914 0.00802707
v 0.00370233 -0.00734813 0.01775785
v 0.00758786 -0.00368478 0.00873912
v 0.00623019 -0.00521087 0.02499281
v 0.00623019 -0.00541240 0.02500735
v 0.00554402 -0.00787680 0.02316727
v 0.00556634 -0.00787352 0.02367043
v 0.00370233 -0.00734772 0.02469673
v 0.00370233 -0.00764489 0.01775785
v 0.00441401 -0.00761247 0.02469673
v 0.00491493 -0.00754453 0.02469673
v 0.00637304 -0.00738918 0.02441700
v 0.00662302 -0.00728574 0.02437158
v 0.00656817 -0.00755541 0.02402283
v 0.00720141 -0.00721555 0.02365953
v 0.00772178 -0.00691099 0.02300379
v 0.00782126 -0.00686132 0.02251334
v 0.00820771 -0.00657729 0.00988803
v 0.00775303 -0.00692782 0.00808519
v 0.00741122 -0.00714947 0.00808519
v 0.00654904 -0.00754474 0.00758930
v 0.00623019 -0.00729805 0.00722056
v 0.00441528 -0.00761164 0.00802707
v 0.00623019 -0.00484268 0.01628107
v 0.00756554 -0.00368478 0.01759982
v 0.00902876 -0.00368478 0.02246975
v 0.00605355 -0.00776721 0.02382483
v 0.00575446 -0.00785259 0.02349605
v 0.00623019 -0.00504832 0.02480935
v 0.00623019 -0.00492067 0.02462952
v 0.00623019 -0.00485808 0.02348515
v 0.00555104 -0.00787516 0.00821961
v 0.00605355 -0.00768963 0.02415361
v 0.00625761 -0.00756075 0.02433707
v 0.00605355 -0.00777706 0.02349605
v 0.00723649 -0.00723690 0.02316727
v 0.00752760 -0.00705670 0.02275857
v 0.00614187 -0.00773807 0.00790627
v 0.00660899 -0.00757429 0.00808338
v 0.00638196 -0.00767034 0.00808338
v 0.00623019 -0.00760303 0.00750574
v 0.00571556 -0.00783411 0.00802707
v 0.00756618 -0.00368478 0.02185760
v 0.00872680 -0.00368478 0.02260326
v 0.00577742 -0.00785874 0.00841216
v 0.00836012 -0.00368478 0.02263505
v 0.00802150 -0.00368478 0.02259145
v 0.00775367 -0.00368478 0.02244977
v 0.00761210 -0.00368478 0.02218275
v 0.00667722 -0.00752688 0.02349787
v 0.00703752 -0.00734608 0.02316727
v 0.00605355 -0.00779020 0.00841216
f 2705 2711 2723
f 2705 2723 2741
f 2705 2741 2756
f 2705 2756 2768
f 2705 2768 2767
f 2705 2767 2784
f 2705 2784 2806
f 2705 2806 2824
f 2705 2824 2830
f 2705 2830 2829
f 2705 2829 2828
f 2705 2828 2827
f 2705 2827 2825
f 2705 2825 2807
f 2705 2807 2757
f 2705 2757 2716
f 2705 2716 2707
f 2705 2707 2708
f 2705 2708 2706
f 2706 2710 2705
f 2705 2710 2711
f 2706 2708 2712
f 2709 2710 2706
f 2709 2706 2712
f 2709 2712 2713
f 2710 2709 2714
f 2710 2714 2715
f 2710 2715 2711
f 2707 2716 2708
f 2712 2708 2717
f 2712 2717 2713
f 2709 2713 2719
f 2709 2719 2718
f 2709 2720 2714
f 2709 2718 2720
f 2714 2721 2715
f 2715 2721 2722
f 2715 2722 2711
f 2711 2722 2723
f 2716 2717 2708
f 2717 2725 2713
f 2717 2724 2726
f 2717 2726 2725
f 2713 2725 2719
f 2720 2727 2714
f 2714 2727 2721
f 2721 2727 2728
f 2721 2728 2729
f 2721 2729 2730
f 2721 2730 2722
f 2722 2730 2731
f 2722 2731 2723
f 2716 2724 2717
f 2726 2732 2725
f 2718 2719 2725
f 2718 2725 2733
f 2718 2733 2734
f 2718 2735 2720
f 2725 2732 2733
f 2720 2736 2727
f 2727 2736 2737
f 2728 2738 2739
f 2728 2739 2729
f 2729 2739 2740
f 2729 2740 2730
f 2731 2741 2723
f 2731 2730 2742
f 2731 2742 2743
f 2731 2743 2741
f 2724 2716 2744
f 2724 2744 2726
f 2726 2745 2746
f 2726 2746 2747
f 2732 2726 2747
f 2734 2748 2749
f 2718 2734 2735
f 2735 2750 2736
f 2735 2736 2720
f 2737 2736 2751
f 2737 2751 2738
f 2737 2738 2727
f 2728 2727 2738
f 2738 2752 2739
f 2739 2766 2778
f 2739 2778 2781
f 2739 2781 2754
f 2739 2754 2740
f 2739 2752 2753
f 2730 2740 2742
f 2742 2740 2743
f 2743 2740 2754
f 2743 2754 2755
f 2743 2755 2756
f 2743 2756 2741
f 2716 2757 2744
f 2744 2757 2758
f 2726 2744 2745
f 2745 2744 2759
f 2745 2759 2760
f 2745 2760 2761
f 2745 2761 2746
f 2747 2746 2762
f 2733 2748 2734
f 2748 2733 2763
f 2748 2763 2764
f 2748 2764 2749
f 2749 2735 2734
f 2733 2732 2763
f 2747 2763 2732
f 2736 2750 2751
f 2751 2753 2752
f 2751 2752 2738
f 2739 2753 2766
f 2755 2754 2767
f 2755 2767 2768
f 2755 2768 2756
f 2744 2758 2759
f 2758 2769 2770
f 2758 2770 2759
f 2759 2770 2771
f 2759 2771 2760
f 2760 2771 2772
f 2760 2772 2761
f 2761 2762 2746
f 2762 2773 2747
f 2747 2773 2764
f 2747 2764 2763
f 2764 2773 2774
f 2764 2774 2749
f 2749 2774 2735
f 2735 2774 2750
f 2765 2751 2775
f 2765 2775 2776
f 2765 2776 2777
f 2765 2777 2753
f 2765 2753 2751
f 2751 2750 2775
f 2753 2777 2766
f 2766 2777 2779
f 2766 2779 2780
f 2766 2780 2778
f 2754 2781 2804
f 2754 2804 2782
f 2754 2782 2783
f 2754 2784 2767
f 2757 2785 2786
f 2757 2786 2758
f 2758 2786 2769
f 2769 2787 2788
f 2769 2786 2789
f 2769 2789 2783
f 2769 2783 2790
f 2769 2790 2787
f 2770 2769 2791
f 2770 2791 2792
f 2770 2792 2793
f 2770 2793 2794
f 2770 2794 2771
f 2771 2794 2772
f 2772 2795 2796
f 2772 2796 2761
f 2761 2796 2762
f 2762 2796 2773
f 2773 2796 2797
f 2773 2797 2798
f 2773 2798 2799
f 2773 2799 2774
f 2750 2774 2800
f 2750 2800 2775
f 2775 2800 2801
f 2775 2801 2776
f 2776 2779 2777
f 2778 2780 2803
f 2779 2776 2802
f 2779 2802 2780
f 2781 2778 2803
f 2781 2803 2804
f 2782 2804 2790
f 2782 2790 2783
f 2783 2805 2754
f 2754 2806 2784
f 2785 2789 2786
f 2785 2757 2807
f 2788 2809 2808
f 2789 2785 2810
f 2789 2810 2811
f 2789 2811 2812
f 2789 2812 2805
f 2789 2805 2783
f 2790 2813 2787
f 2769 2788 2791
f 2791 2788 2814
f 2791 2814 2815
f 2791 2815 2792
f 2792 2815 2793
f 2793 2815 2794
f 2794 2815 2772
f 2772 2815 2795
f 2795 2808 2816
f 2796 2795 2817
f 2796 2817 2797
f 2797 2818 2798
f 2797 2817 2818
f 2798 2818 2800
f 2798 2800 2799
f 2799 2800 2774
f 2776 2801 2820
f 2776 2820 2802
f 2802 2820 2821
f 2802 2821 2819
f 2780 2822 2804
f 2780 2804 2803
f 2802 2819 2822
f 2802 2822 2780
f 2804 2823 2813
f 2804 2822 2823
f 2790 2804 2813
f 2805 2824 2806
f 2805 2806 2754
f 2785 2807 2825
f 2785 2825 2810
f 2787 2809 2788
f 2787 2826 2809
f 2808 2809 2816
f 2808 2795 2814
f 2808 2814 2788
f 2810 2825 2811
f 2811 2825 2827
f 2811 2827 2828
f 2811 2828 2829
f 2811 2829 2830
f 2811 2830 2824
f 2811 2824 2812
f 2812 2824 2805
f 2814 2795 2815
f 2816 2831 2795
f 2795 2831 2817
f 2800 2818 2801
f 2801 2817 2832
f 2819 2823 2822
f 2821 2833 2819
f 2809 2826 2833
f 2809 2833 2816
f 2826 2813 2823
f 2826 2823 2819
f 2826 2819 2833
f 2826 2787 2813
f 2816 2833 2821
f 2831 2832 2817
f 2817 2801 2818
f 2801 2832 2820
f 2832 2831 2820
f 2820 2831 2821
f 2821 2831 2816

o geometry_24
v -0.00258850 -0.00615311 0.00625768
v -0.00247368 -0.00697110 0.00686696
v -0.00259022 -0.00696452 0.00686624
v -0.00259022 -0.00617484 0.00632492
v -0.00259022 -0.00615311 0.00633208
v 0.00622937 -0.00615311 0.00676019
v 0.00605326 -0.00731887 0.00721281
v 0.00605326 -0.00748280 0.00730759
v -0.00149036 -0.00730685 0.00717401
v -0.00214648 -0.00712746 0.00701217
v -0.00181756 -0.00729682 0.00716989
v -0.00214648 -0.00727525 0.00717580
v -0.00259022 -0.00708993 0.00703094
v -0.00259022 -0.00615311 0.00700787
v 0.00622937 -0.00615311 0.00764397
v 0.00622937 -0.00729830 0.00722015
v 0.00622937 -0.00746222 0.00734032
v 0.00605326 -0.00762993 0.00747158
v -0.00083338 -0.00746650 0.00737233
v -0.00116144 -0.00747095 0.00739182
v -0.00116144 -0.00755834 0.00755581
v -0.00136346 -0.00754978 0.00757477
v -0.00241152 -0.00724645 0.00720870
v -0.00259022 -0.00712630 0.00709890
v -0.00259022 -0.00686840 0.00808211
v -0.00258763 -0.00686922 0.00808443
v -0.00256001 -0.00615311 0.00701825
v 0.00622937 -0.00624183 0.00802649
v -0.00026273 -0.00615311 0.00742848
v 0.00622937 -0.00760360 0.00750431
v 0.00605326 -0.00774926 0.00775395
v 0.00572520 -0.00777098 0.00775395
v 0.00014993 -0.00758270 0.00751897
v -0.00017727 -0.00757990 0.00752308
v -0.00050619 -0.00757628 0.00752702
v -0.00083338 -0.00756920 0.00753632
v -0.00050619 -0.00762598 0.00775395
v -0.00083338 -0.00760936 0.00775395
v -0.00140231 -0.00755768 0.00775395
v -0.00214648 -0.00736018 0.00742598
v -0.00116144 -0.00758434 0.00775395
v -0.00250217 -0.00726735 0.00740756
v -0.00259022 -0.00721518 0.00727147
v -0.00259022 -0.00687531 0.00808443
v -0.00083338 -0.00615311 0.00739808
v -0.00116144 -0.00615311 0.00736428
v -0.00150245 -0.00615311 0.00730187
v -0.00164231 -0.00615311 0.00727326
v -0.00167252 -0.00615311 0.00726539
v 0.00441296 -0.00732496 0.00808443
v 0.00441383 -0.00761282 0.00808443
v 0.00622937 -0.00771782 0.00802649
v -0.00050619 -0.00615311 0.00741686
v 0.00622937 -0.00769297 0.00775395
v 0.00605326 -0.00778004 0.00802649
v 0.00571484 -0.00783435 0.00802649
v -0.00017727 -0.00763454 0.00775395
v -0.00050619 -0.00764343 0.00808211
v -0.00083338 -0.00762417 0.00808211
v -0.00142216 -0.00756262 0.00808211
v -0.00214648 -0.00738553 0.00775395
v -0.00116144 -0.00759570 0.00808211
v -0.00247368 -0.00729846 0.00775395
v -0.00259022 -0.00725172 0.00759694
v -0.00259022 -0.00724300 0.00746210
v -0.00259022 -0.00722687 0.00732476
v -0.00259022 -0.00725649 0.00808443
v 0.00441296 -0.00761512 0.00808443
v 0.00408750 -0.00763520 0.00808443
v 0.00408404 -0.00763537 0.00808443
v 0.00375857 -0.00764524 0.00808443
v 0.00244461 -0.00767158 0.00808443
v 0.00211914 -0.00767668 0.00808443
v 0.00178936 -0.00767668 0.00808443
v 0.00146130 -0.00767339 0.00808443
v 0.00047799 -0.00766318 0.00808443
v 0.00014993 -0.00765972 0.00808443
v -0.00017554 -0.00765347 0.00808443
v -0.00050619 -0.00764343 0.00808443
v -0.00083166 -0.00762434 0.00808443
v -0.00116144 -0.00759570 0.00808443
v -0.00142044 -0.00756262 0.00808443
v -0.00142389 -0.00756213 0.00808443
v -0.00214648 -0.00738536 0.00808443
v -0.00247195 -0.00729928 0.00808443
v -0.00259022 -0.00725649 0.00775395
f 2834 2835 2836
f 2834 2836 2837
f 2834 2837 2838
f 2834 2838 2847
f 2834 2847 2860
f 2834 2860 2882
f 2834 2882 2881
f 2834 2881 2880
f 2834 2880 2879
f 2834 2879 2878
f 2834 2878 2886
f 2834 2886 2862
f 2834 2862 2848
f 2834 2848 2839
f 2834 2839 2840
f 2834 2840 2841
f 2834 2841 2835
f 2835 2842 2843
f 2835 2843 2844
f 2835 2844 2836
f 2835 2841 2842
f 2836 2844 2845
f 2836 2845 2846
f 2836 2846 2857
f 2836 2857 2876
f 2836 2876 2899
f 2836 2899 2898
f 2836 2898 2897
f 2836 2897 2919
f 2836 2919 2900
f 2836 2900 2877
f 2836 2877 2858
f 2836 2858 2847
f 2836 2847 2838
f 2836 2838 2837
f 2839 2848 2861
f 2839 2861 2885
f 2839 2885 2887
f 2839 2887 2863
f 2839 2863 2850
f 2839 2850 2849
f 2839 2849 2840
f 2840 2849 2841
f 2841 2849 2850
f 2841 2850 2851
f 2841 2851 2842
f 2842 2852 2844
f 2842 2844 2843
f 2842 2851 2852
f 2844 2852 2853
f 2844 2853 2845
f 2845 2853 2854
f 2845 2854 2855
f 2845 2855 2856
f 2845 2856 2846
f 2846 2856 2857
f 2847 2858 2859
f 2847 2859 2860
f 2848 2862 2861
f 2850 2863 2851
f 2851 2863 2864
f 2851 2864 2865
f 2851 2865 2866
f 2851 2866 2852
f 2852 2866 2867
f 2852 2867 2868
f 2852 2868 2853
f 2853 2868 2869
f 2853 2869 2854
f 2854 2869 2870
f 2854 2870 2871
f 2854 2871 2855
f 2855 2872 2873
f 2855 2873 2856
f 2855 2871 2874
f 2855 2874 2872
f 2856 2873 2875
f 2856 2875 2876
f 2856 2876 2857
f 2858 2877 2859
f 2859 2878 2879
f 2859 2879 2880
f 2859 2880 2881
f 2859 2881 2882
f 2859 2882 2860
f 2859 2877 2900
f 2859 2900 2918
f 2859 2918 2917
f 2859 2917 2916
f 2859 2916 2915
f 2859 2915 2914
f 2859 2914 2913
f 2859 2913 2912
f 2859 2912 2911
f 2859 2911 2910
f 2859 2910 2909
f 2859 2909 2908
f 2859 2908 2907
f 2859 2907 2906
f 2859 2906 2905
f 2859 2905 2904
f 2859 2904 2903
f 2859 2903 2902
f 2859 2902 2901
f 2859 2901 2884
f 2859 2884 2883
f 2859 2883 2861
f 2859 2861 2878
f 2861 2883 2884
f 2861 2884 2885
f 2861 2862 2886
f 2861 2886 2878
f 2863 2887 2864
f 2864 2887 2888
f 2864 2888 2889
f 2864 2889 2865
f 2865 2889 2868
f 2865 2868 2867
f 2865 2867 2866
f 2868 2890 2870
f 2868 2870 2869
f 2868 2889 2890
f 2870 2891 2871
f 2870 2890 2889
f 2870 2889 2891
f 2871 2892 2874
f 2871 2891 2892
f 2872 2893 2894
f 2872 2894 2873
f 2872 2874 2895
f 2872 2895 2893
f 2873 2894 2875
f 2874 2892 2895
f 2875 2896 2897
f 2875 2897 2898
f 2875 2898 2899
f 2875 2899 2876
f 2875 2894 2896
f 2884 2901 2885
f 2885 2901 2888
f 2885 2888 2887
f 2888 2901 2889
f 2889 2901 2902
f 2889 2902 2903
f 2889 2903 2904
f 2889 2904 2905
f 2889 2905 2906
f 2889 2906 2907
f 2889 2907 2908
f 2889 2908 2909
f 2889 2909 2910
f 2889 2910 2911
f 2889 2911 2912
f 2889 2912 2891
f 2891 2912 2913
f 2891 2913 2892
f 2892 2913 2895
f 2893 2895 2914
f 2893 2914 2915
f 2893 2915 2916
f 2893 2916 2917
f 2893 2917 2894
f 2894 2917 2918
f 2894 2918 2896
f 2895 2913 2914
f 2896 2919 2897
f 2896 2918 2919
f 2900 2919 2918

o geometry_25
v 0.00441164 0.00760916 0.01777289
v 0.00412142 0.00763205 0.02509867
v 0.00412142 0.00763144 0.02513613
v 0.00412142 0.00762401 0.02542925
v 0.00412142 0.00762036 0.02546231
v 0.00412142 0.00758846 0.02573559
v 0.00412142 0.00758395 0.02575543
v 0.00412142 0.00755254 0.02581934
v 0.00412142 0.00741764 0.02608381
v 0.00412142 0.00696129 0.02680669
v 0.00412142 0.00686584 0.02695435
v 0.00441164 0.00760563 0.01777289
v 0.00441164 0.00761525 0.00808672
v 0.00408438 0.00763448 0.02480555
v 0.00408438 0.00763436 0.02513613
v 0.00408438 0.00762608 0.02546451
v 0.00211690 0.00766188 0.02808936
v 0.00181202 0.00762340 0.02876817
v 0.00212385 0.00761013 0.02841334
v 0.00202042 0.00758554 0.02867340
v 0.00396705 0.00757178 0.02601549
v 0.00223963 0.00751005 0.02852133
v 0.00229598 0.00722928 0.02892905
v 0.00258002 0.00686584 0.02914944
v -0.00347368 0.00645686 0.02702488
v -0.00347368 0.00643385 0.01077108
v 0.00412142 0.00686584 0.02613450
v 0.00441164 0.00727591 0.00790159
v 0.00441164 0.00729612 0.01628304
v 0.00441164 0.00730087 0.01777068
v -0.00347368 0.00646136 0.02909214
v 0.00441164 0.00761525 0.00808452
v 0.00408515 0.00763558 0.01366040
v 0.00408515 0.00763521 0.01726599
v 0.00375633 0.00764532 0.00808452
v 0.00379879 0.00764191 0.02542264
v 0.00342829 0.00764970 0.02612128
v 0.00375633 0.00763972 0.02579290
v 0.00244417 0.00767259 0.02743260
v 0.00178809 0.00767150 0.02841775
v 0.00113201 0.00767661 0.02907231
v 0.00148707 0.00762438 0.02910096
v 0.00171940 0.00758943 0.02900839
v 0.00193783 0.00753050 0.02889159
v 0.00212385 0.00745769 0.02876817
v 0.00221030 0.00716134 0.02914944
v 0.00256072 0.00686584 0.02917589
v -0.00347368 0.00685719 0.01077108
v -0.00258990 0.00686864 0.00790159
v 0.00441164 0.00727981 0.00790159
v 0.00240404 0.00686584 0.02937424
v 0.00227282 0.00686584 0.02953072
v 0.00224735 0.00686584 0.02955717
v 0.00209298 0.00686584 0.02969822
v 0.00190773 0.00686584 0.02985910
v 0.00172789 0.00686584 0.02997811
v 0.00146082 0.00686584 0.03012577
v 0.00125242 0.00686584 0.03021613
v 0.00106717 0.00686584 0.03028225
v 0.00095526 0.00686584 0.03031531
v 0.00080474 0.00686584 0.03035498
v 0.00047747 0.00686584 0.03040126
v 0.00015021 0.00686584 0.03041669
v -0.00017706 0.00686584 0.03041008
v -0.00050588 0.00686584 0.03040126
v -0.00083392 0.00686584 0.03038143
v -0.00116118 0.00686584 0.03034616
v -0.00149000 0.00686584 0.03030209
v -0.00171461 0.00686584 0.03026021
v -0.00193845 0.00686584 0.03019850
v -0.00214531 0.00686584 0.03014120
v -0.00247412 0.00686584 0.03004423
v -0.00258913 0.00686584 0.03000015
v -0.00347368 0.00687667 0.02909214
v 0.00408515 0.00763534 0.00808452
v 0.00441164 0.00760490 0.00790600
v 0.00426499 0.00761391 0.00790159
v 0.00408515 0.00762499 0.00790159
v 0.00393695 0.00762949 0.00790159
v 0.00375633 0.00763485 0.00790159
v 0.00310103 0.00764812 0.00790159
v 0.00244494 0.00767150 0.00808452
v 0.00375633 0.00764288 0.02546451
v 0.00211690 0.00767673 0.02776098
v 0.00211690 0.00767673 0.00808452
v 0.00080474 0.00767430 0.02907231
v 0.00015021 0.00766090 0.02940069
v 0.00047747 0.00766066 0.02940069
v 0.00080474 0.00764118 0.02940069
v 0.00111580 0.00760283 0.02940951
v 0.00178809 0.00767722 0.02743260
v 0.00146082 0.00767722 0.02710642
v 0.00113201 0.00767698 0.02677804
v 0.00139599 0.00758736 0.02930813
v 0.00161442 0.00753537 0.02922879
v 0.00181202 0.00748338 0.02910096
v 0.00199109 0.00724681 0.02927947
v 0.00225815 0.00687168 0.02954174
v 0.00234923 0.00694279 0.02932135
v -0.00347368 0.00685731 0.01080414
v -0.00335713 0.00692160 0.01077108
v -0.00258913 0.00725667 0.00790159
v 0.00203817 0.00694766 0.02964312
v 0.00169007 0.00692574 0.02993624
v 0.00187300 0.00716621 0.02949766
v 0.00165456 0.00723488 0.02958802
v 0.00146082 0.00698138 0.02999575
v 0.00121537 0.00751066 0.02952631
v 0.00123853 0.00719360 0.02986792
v 0.00103939 0.00691283 0.03024699
v 0.00102009 0.00723512 0.02991420
v 0.00080474 0.00726325 0.02994285
v 0.00047747 0.00745635 0.02980400
v 0.00047747 0.00696653 0.03029988
v 0.00015021 0.00730270 0.02998032
v -0.00017706 0.00713589 0.03014120
v -0.00050588 0.00729466 0.02997150
v -0.00083392 0.00728529 0.02996268
v -0.00083392 0.00695715 0.03029107
v -0.00116118 0.00694072 0.03027344
v -0.00149000 0.00691819 0.03025140
v -0.00169608 0.00689956 0.03023156
v -0.00171306 0.00722989 0.02990759
v -0.00193150 0.00720201 0.02987894
v -0.00214531 0.00717181 0.02985029
v -0.00247412 0.00695703 0.02995828
v -0.00258913 0.00693585 0.02993844
v -0.00258913 0.00701608 0.02985910
v -0.00258913 0.00724511 0.02960565
v -0.00337951 0.00693158 0.02909214
v -0.00347368 0.00687679 0.02907231
v 0.00244494 0.00766115 0.00790159
v 0.00178886 0.00767771 0.01005260
v 0.00211690 0.00766614 0.00790159
v 0.00178886 0.00767673 0.00808452
v 0.00047747 0.00766894 0.02907231
v 0.00113201 0.00767673 0.02415319
v 0.00080474 0.00767405 0.02677804
v 0.00047747 0.00766918 0.02710642
v 0.00015021 0.00766151 0.02907231
v -0.00017706 0.00765238 0.02940069
v -0.00050588 0.00759345 0.02963871
v -0.00017706 0.00759808 0.02964532
v 0.00015021 0.00760210 0.02964973
v 0.00047747 0.00759808 0.02963871
v 0.00080474 0.00757592 0.02960565
v 0.00099694 0.00755437 0.02957700
v 0.00146082 0.00767722 0.01693760
v 0.00148707 0.00746427 0.02940951
v -0.00347368 0.00685890 0.01201849
v -0.00268329 0.00723561 0.01890790
v -0.00266863 0.00722891 0.01077108
v -0.00337951 0.00693158 0.02907231
v -0.00247412 0.00729868 0.00790159
v 0.00146082 0.00728699 0.02964532
v 0.00146082 0.00714527 0.02981062
v 0.00080474 0.00742713 0.02977095
v 0.00015021 0.00746658 0.02981282
v -0.00017706 0.00729978 0.02997591
v -0.00017706 0.00746378 0.02980841
v -0.00050588 0.00745867 0.02980180
v -0.00083392 0.00744917 0.02979078
v -0.00116118 0.00727031 0.02994726
v -0.00149000 0.00724937 0.02992522
v -0.00150852 0.00743541 0.02970924
v -0.00182035 0.00733046 0.02975331
v -0.00214531 0.00730976 0.02968720
v -0.00247412 0.00726495 0.02963210
v -0.00247412 0.00712092 0.02979519
v -0.00141127 0.00755644 0.02958582
v -0.00258913 0.00726629 0.02950868
v -0.00258913 0.00727445 0.02940069
v -0.00269410 0.00723841 0.02909214
v -0.00347368 0.00686328 0.01606486
v 0.00146082 0.00767345 0.00808452
v 0.00047747 0.00766346 0.00841290
v 0.00113278 0.00767418 0.01759437
v 0.00146082 0.00767698 0.01628304
v 0.00178886 0.00766614 0.00790159
v 0.00131340 0.00766139 0.00790159
v 0.00015021 0.00766224 0.02710642
v 0.00015021 0.00766176 0.02874613
v 0.00113201 0.00767649 0.02349422
v 0.00080551 0.00767357 0.02447937
v 0.00047747 0.00766663 0.01628304
v 0.00015021 0.00765969 0.00808452
v 0.00015021 0.00765981 0.00873908
v -0.00017706 0.00765336 0.00808452
v -0.00017706 0.00765336 0.02874613
v -0.00050588 0.00764398 0.02907231
v -0.00050588 0.00764325 0.02940069
v -0.00083392 0.00758456 0.02962769
v 0.00113201 0.00767576 0.02152834
v -0.00347368 0.00685975 0.01277884
v -0.00268406 0.00723610 0.01989084
v -0.00258990 0.00726921 0.01956246
v -0.00269410 0.00723841 0.02907231
v -0.00347368 0.00686109 0.01398878
v -0.00214531 0.00738525 0.00790159
v -0.00247412 0.00731000 0.01956025
v -0.00116118 0.00743419 0.02977095
v -0.00083392 0.00762584 0.02940069
v -0.00116118 0.00759747 0.02940069
v -0.00145681 0.00756301 0.02940069
v -0.00161967 0.00752588 0.02940069
v -0.00214531 0.00739803 0.02940069
v -0.00247412 0.00731499 0.02940069
v -0.00116118 0.00757044 0.02960565
v -0.00247412 0.00731621 0.02907231
v -0.00258990 0.00727530 0.02909214
v 0.00047747 0.00766322 0.00808452
v 0.00047747 0.00766614 0.01497172
v 0.00080551 0.00767223 0.02119775
v 0.00015021 0.00764909 0.00790159
v -0.00017706 0.00765360 0.02808936
v -0.00017706 0.00765360 0.02841775
v -0.00017706 0.00764301 0.00790159
v -0.00050588 0.00763387 0.00790159
v -0.00050588 0.00764325 0.00808452
v -0.00050588 0.00764422 0.02808936
v -0.00050588 0.00764422 0.02874613
v -0.00083392 0.00762645 0.02907231
v -0.00258990 0.00726946 0.01989084
v -0.00247412 0.00731025 0.01988643
v -0.00258990 0.00727530 0.02907231
v -0.00142285 0.00756253 0.00808452
v -0.00141127 0.00755972 0.00790159
v -0.00116118 0.00759808 0.02907231
v -0.00145835 0.00756326 0.02907231
v -0.00083392 0.00761622 0.00790159
v -0.00083392 0.00762426 0.00808452
v -0.00083392 0.00762645 0.02874613
v -0.00142285 0.00756265 0.00841290
v -0.00116118 0.00759564 0.00808452
v -0.00116118 0.00758955 0.00790159
v -0.00116118 0.00759589 0.00906966
f 2920 2921 2922
f 2920 2922 2923
f 2920 2923 2924
f 2920 2924 2925
f 2920 2925 2926
f 2920 2926 2927
f 2920 2927 2928
f 2920 2928 2929
f 2920 2929 2930
f 2920 2930 2931
f 2920 2931 2949
f 2920 2949 2948
f 2920 2948 2947
f 2920 2947 2969
f 2920 2969 2995
f 2920 2995 2951
f 2920 2951 2932
f 2920 2932 2921
f 2921 2933 2934
f 2921 2934 2922
f 2921 2932 2933
f 2922 2934 2935
f 2922 2935 2923
f 2923 2935 2936
f 2923 2936 2924
f 2924 2936 2925
f 2925 2936 2937
f 2925 2937 2938
f 2925 2938 2939
f 2925 2939 2926
f 2926 2940 2927
f 2926 2939 2940
f 2927 2940 2928
f 2928 2940 2941
f 2928 2941 2942
f 2928 2942 2943
f 2928 2943 2929
f 2929 2943 2930
f 2930 2944 2945
f 2930 2945 2946
f 2930 2946 2947
f 2930 2947 2948
f 2930 2948 2949
f 2930 2949 2931
f 2930 2943 2950
f 2930 2950 2944
f 2932 2951 2952
f 2932 2952 2953
f 2932 2953 2933
f 2933 2953 2952
f 2933 2952 2954
f 2933 2954 2955
f 2933 2955 2934
f 2934 2955 2956
f 2934 2956 2957
f 2934 2957 2935
f 2935 2957 2958
f 2935 2958 2936
f 2936 2958 2959
f 2936 2959 2937
f 2937 2960 2961
f 2937 2961 2962
f 2937 2962 2939
f 2937 2939 2938
f 2937 2959 2960
f 2939 2962 2963
f 2939 2963 2941
f 2939 2941 2940
f 2941 2963 2964
f 2941 2964 2942
f 2942 2964 2963
f 2942 2963 2965
f 2942 2965 2966
f 2942 2966 2943
f 2943 2966 2950
f 2944 2950 2993
f 2944 2993 3050
f 2944 3050 3093
f 2944 3093 3117
f 2944 3117 3113
f 2944 3113 3069
f 2944 3069 3019
f 2944 3019 2967
f 2944 2967 2945
f 2945 2967 2968
f 2945 2968 2947
f 2945 2947 2946
f 2947 2968 3021
f 2947 3021 3073
f 2947 3073 3118
f 2947 3118 3146
f 2947 3146 3154
f 2947 3154 3149
f 2947 3149 3137
f 2947 3137 3136
f 2947 3136 3133
f 2947 3133 3099
f 2947 3099 3098
f 2947 3098 3053
f 2947 3053 3051
f 2947 3051 3000
f 2947 3000 2999
f 2947 2999 2998
f 2947 2998 2997
f 2947 2997 2996
f 2947 2996 2969
f 2950 2966 2970
f 2950 2970 2971
f 2950 2971 2972
f 2950 2972 2973
f 2950 2973 2974
f 2950 2974 2975
f 2950 2975 2976
f 2950 2976 2977
f 2950 2977 2978
f 2950 2978 2979
f 2950 2979 2980
f 2950 2980 2981
f 2950 2981 2982
f 2950 2982 2983
f 2950 2983 2984
f 2950 2984 2985
f 2950 2985 2986
f 2950 2986 2987
f 2950 2987 2988
f 2950 2988 2989
f 2950 2989 2990
f 2950 2990 2991
f 2950 2991 2992
f 2950 2992 2993
f 2951 2994 2952
f 2951 2995 2996
f 2951 2996 2997
f 2951 2997 2994
f 2952 2994 2954
f 2954 2994 2998
f 2954 2998 2999
f 2954 2999 3000
f 2954 3000 3001
f 2954 3001 2958
f 2954 2958 3002
f 2954 3002 2955
f 2955 3002 2958
f 2955 2958 2956
f 2956 2958 2957
f 2958 3003 2959
f 2958 3001 3004
f 2958 3004 3003
f 2959 3003 2960
f 2960 3005 3006
f 2960 3006 3007
f 2960 3007 3008
f 2960 3008 3009
f 2960 3009 2961
f 2960 3003 3010
f 2960 3010 3011
f 2960 3011 3012
f 2960 3012 3005
f 2961 3009 3013
f 2961 3013 2962
f 2962 3013 3014
f 2962 3014 2963
f 2963 3014 3015
f 2963 3015 3016
f 2963 3016 2965
f 2965 3016 3017
f 2965 3017 3018
f 2965 3018 2966
f 2966 3018 2970
f 2967 3019 3020
f 2967 3020 3021
f 2967 3021 2968
f 2969 2996 2995
f 2970 3018 3017
f 2970 3017 2971
f 2971 3017 2972
f 2972 3017 2973
f 2973 3022 2974
f 2973 3017 3022
f 2974 3023 2975
f 2974 3022 3024
f 2974 3024 3025
f 2974 3025 3023
f 2975 3023 2976
f 2976 3023 3026
f 2976 3026 3027
f 2976 3027 3028
f 2976 3028 2977
f 2977 3029 2978
f 2977 3028 3030
f 2977 3030 3029
f 2978 3029 2979
f 2979 3029 2980
f 2980 3029 3031
f 2980 3031 3032
f 2980 3032 3033
f 2980 3033 2981
f 2981 3033 3034
f 2981 3034 2982
f 2982 3034 3035
f 2982 3035 2983
f 2983 3035 2984
f 2984 3035 3036
f 2984 3036 3037
f 2984 3037 3038
f 2984 3038 2985
f 2985 3038 3039
f 2985 3039 2986
f 2986 3039 3040
f 2986 3040 2987
f 2987 3040 3041
f 2987 3041 2988
f 2988 3041 3042
f 2988 3042 3043
f 2988 3043 3044
f 2988 3044 2989
f 2989 3044 2990
f 2990 3044 3045
f 2990 3045 2991
f 2991 3045 3046
f 2991 3046 2992
f 2992 3046 2993
f 2993 3046 3047
f 2993 3047 3048
f 2993 3048 3049
f 2993 3049 3050
f 2994 2997 2998
f 3000 3051 3001
f 3001 3051 3004
f 3003 3004 3052
f 3003 3052 3010
f 3004 3051 3053
f 3004 3053 3098
f 3004 3098 3054
f 3004 3054 3052
f 3005 3055 3006
f 3005 3012 3056
f 3005 3056 3057
f 3005 3057 3058
f 3005 3058 3055
f 3006 3055 3059
f 3006 3059 3060
f 3006 3060 3061
f 3006 3061 3062
f 3006 3062 3063
f 3006 3063 3007
f 3007 3063 3064
f 3007 3064 3008
f 3008 3064 3065
f 3008 3065 3009
f 3009 3065 3066
f 3009 3066 3013
f 3010 3052 3011
f 3011 3052 3012
f 3012 3052 3067
f 3012 3067 3056
f 3013 3066 3027
f 3013 3027 3068
f 3013 3068 3014
f 3014 3068 3025
f 3014 3025 3024
f 3014 3024 3016
f 3014 3016 3015
f 3016 3024 3022
f 3016 3022 3017
f 3019 3069 3020
f 3020 3070 3071
f 3020 3071 3021
f 3020 3069 3072
f 3020 3072 3070
f 3021 3071 3070
f 3021 3070 3073
f 3023 3025 3074
f 3023 3074 3027
f 3023 3027 3075
f 3023 3075 3026
f 3025 3068 3027
f 3025 3027 3074
f 3026 3075 3027
f 3027 3066 3028
f 3028 3066 3030
f 3029 3030 3031
f 3030 3076 3031
f 3030 3066 3076
f 3031 3076 3032
f 3032 3076 3065
f 3032 3065 3064
f 3032 3064 3077
f 3032 3077 3034
f 3032 3034 3033
f 3034 3078 3035
f 3034 3077 3079
f 3034 3079 3078
f 3035 3078 3036
f 3036 3078 3079
f 3036 3079 3080
f 3036 3080 3037
f 3037 3080 3081
f 3037 3081 3082
f 3037 3082 3038
f 3038 3082 3039
f 3039 3082 3083
f 3039 3083 3040
f 3040 3083 3042
f 3040 3042 3041
f 3042 3083 3084
f 3042 3084 3085
f 3042 3085 3086
f 3042 3086 3043
f 3043 3086 3044
f 3044 3086 3087
f 3044 3087 3088
f 3044 3088 3045
f 3045 3088 3047
f 3045 3047 3046
f 3047 3088 3048
f 3048 3088 3087
f 3048 3087 3089
f 3048 3089 3090
f 3048 3090 3049
f 3049 3090 3091
f 3049 3091 3092
f 3049 3092 3116
f 3049 3116 3072
f 3049 3072 3050
f 3050 3072 3093
f 3052 3054 3094
f 3052 3094 3095
f 3052 3095 3096
f 3052 3096 3097
f 3052 3097 3067
f 3054 3098 3099
f 3054 3099 3094
f 3055 3058 3100
f 3055 3100 3101
f 3055 3101 3059
f 3056 3067 3102
f 3056 3102 3103
f 3056 3103 3057
f 3057 3103 3058
f 3058 3103 3104
f 3058 3104 3105
f 3058 3105 3106
f 3058 3106 3107
f 3058 3107 3100
f 3059 3101 3108
f 3059 3108 3060
f 3060 3108 3109
f 3060 3109 3110
f 3060 3110 3061
f 3061 3111 3080
f 3061 3080 3079
f 3061 3079 3062
f 3061 3110 3111
f 3062 3079 3063
f 3063 3079 3077
f 3063 3077 3064
f 3065 3076 3066
f 3067 3097 3112
f 3067 3112 3102
f 3069 3113 3072
f 3070 3114 3115
f 3070 3115 3073
f 3070 3072 3114
f 3072 3116 3114
f 3072 3113 3117
f 3072 3117 3093
f 3073 3115 3119
f 3073 3119 3118
f 3080 3111 3081
f 3081 3111 3120
f 3081 3120 3082
f 3082 3120 3083
f 3083 3120 3084
f 3084 3120 3089
f 3084 3089 3085
f 3085 3089 3086
f 3086 3089 3087
f 3089 3121 3122
f 3089 3122 3123
f 3089 3123 3124
f 3089 3124 3125
f 3089 3125 3126
f 3089 3126 3090
f 3089 3120 3127
f 3089 3127 3121
f 3090 3126 3091
f 3091 3126 3128
f 3091 3128 3129
f 3091 3129 3092
f 3092 3129 3144
f 3092 3144 3116
f 3094 3130 3095
f 3094 3099 3130
f 3095 3130 3105
f 3095 3105 3131
f 3095 3131 3132
f 3095 3132 3096
f 3096 3132 3103
f 3096 3103 3112
f 3096 3112 3097
f 3099 3133 3130
f 3100 3134 3135
f 3100 3135 3101
f 3100 3107 3134
f 3101 3135 3108
f 3102 3112 3103
f 3103 3132 3131
f 3103 3131 3104
f 3104 3131 3105
f 3105 3107 3106
f 3105 3130 3133
f 3105 3133 3136
f 3105 3136 3107
f 3107 3136 3137
f 3107 3137 3138
f 3107 3138 3139
f 3107 3139 3134
f 3108 3140 3109
f 3108 3135 3140
f 3109 3140 3141
f 3109 3141 3121
f 3109 3121 3110
f 3110 3121 3111
f 3111 3121 3127
f 3111 3127 3120
f 3114 3142 3115
f 3114 3116 3142
f 3115 3142 3143
f 3115 3143 3119
f 3116 3144 3142
f 3118 3145 3146
f 3118 3119 3143
f 3118 3143 3128
f 3118 3128 3125
f 3118 3125 3145
f 3121 3141 3147
f 3121 3147 3122
f 3122 3147 3123
f 3123 3147 3148
f 3123 3148 3124
f 3124 3148 3145
f 3124 3145 3125
f 3125 3128 3126
f 3128 3144 3129
f 3128 3143 3142
f 3128 3142 3144
f 3134 3139 3140
f 3134 3140 3135
f 3137 3149 3138
f 3138 3149 3150
f 3138 3150 3151
f 3138 3151 3139
f 3139 3151 3141
f 3139 3141 3140
f 3141 3151 3147
f 3145 3152 3153
f 3145 3153 3146
f 3145 3148 3152
f 3146 3153 3154
f 3147 3151 3150
f 3147 3150 3155
f 3147 3155 3148
f 3148 3155 3152
f 3149 3154 3150
f 3150 3154 3153
f 3150 3153 3155
f 3152 3155 3153

o geometry_26
v -0.00411450 0.00284324 0.00611772
v -0.00385960 0.00284324 0.00644362
v -0.00421978 0.00284324 0.00612037
v -0.00421978 0.00286974 0.00382052
v -0.00411450 0.00286974 0.00382052
v -0.00381334 0.00284324 0.00667414
v -0.00421978 0.00284324 0.00701329
v -0.00421978 0.00287516 0.00371454
v -0.00411450 0.00288754 0.00349198
v -0.00389709 0.00292005 0.00349198
v -0.00388448 0.00291096 0.00382052
v -0.00375592 0.00284324 0.00704508
v -0.00421978 0.00295333 0.00693380
v -0.00410477 0.00284324 0.01201042
v -0.00411450 0.00333062 0.02996673
v -0.00421978 0.00288735 0.00349198
v -0.00421978 0.00290051 0.00342308
v -0.00411450 0.00292876 0.00328001
v -0.00392340 0.00293688 0.00329590
v -0.00259036 0.00474325 0.00417822
v -0.00259036 0.00474073 0.00795124
v -0.00259036 0.00474073 0.00926544
v -0.00259036 0.00474112 0.00992254
v -0.00259036 0.00474518 0.01451694
v -0.00259036 0.00475892 0.02996673
v -0.00376660 0.00284324 0.01201042
v -0.00259036 0.00474286 0.00434250
v -0.00421978 0.00308103 0.00679072
v -0.00375799 0.00333062 0.02996673
v -0.00411291 0.00335249 0.02996673
v -0.00421978 0.00330199 0.00578917
v -0.00421978 0.00329521 0.00587926
v -0.00421978 0.00326890 0.00611507
v -0.00421978 0.00325961 0.00616807
v -0.00421978 0.00319673 0.00644362
v -0.00421978 0.00309844 0.00676952
v -0.00421978 0.00292856 0.00328001
v -0.00411450 0.00303788 0.00311573
v -0.00389677 0.00322808 0.00296471
v -0.00385689 0.00311760 0.00317667
v -0.00259036 0.00481967 0.00417822
v -0.00386949 0.00333043 0.00294881
v -0.00259036 0.00481967 0.02996673
v -0.00410557 0.00341227 0.02996673
v -0.00421978 0.00333043 0.00365890
v -0.00410158 0.00344420 0.02996673
v -0.00406218 0.00368044 0.02996673
v -0.00404320 0.00377215 0.02996673
v -0.00421978 0.00303788 0.00311573
v -0.00411450 0.00320195 0.00294616
v -0.00399981 0.00333043 0.00291436
v -0.00411450 0.00333043 0.00290112
v -0.00421978 0.00333043 0.00289847
v -0.00317736 0.00481967 0.00417822
v -0.00324994 0.00481967 0.02996673
v -0.00397955 0.00397241 0.02996673
v -0.00421978 0.00320195 0.00294616
v -0.00421978 0.00324317 0.00293026
v -0.00395036 0.00393584 0.01647764
v -0.00391575 0.00388592 0.00417822
v -0.00366531 0.00433306 0.00417822
v -0.00354727 0.00449714 0.00417822
v -0.00338361 0.00466411 0.00417822
v -0.00318662 0.00481271 0.00417822
v -0.00336160 0.00473725 0.02996673
v -0.00394972 0.00401826 0.02996673
v -0.00368318 0.00435860 0.01661012
v -0.00358572 0.00454589 0.02996673
v -0.00356418 0.00452268 0.01661012
v -0.00338409 0.00466450 0.00447497
v -0.00342174 0.00469139 0.02996673
f 3156 3157 3161
f 3156 3161 3167
f 3156 3167 3181
f 3156 3181 3169
f 3156 3169 3162
f 3156 3162 3158
f 3156 3158 3159
f 3156 3159 3160
f 3156 3160 3157
f 3157 3160 3161
f 3158 3162 3168
f 3158 3168 3183
f 3158 3183 3191
f 3158 3191 3190
f 3158 3190 3189
f 3158 3189 3188
f 3158 3188 3187
f 3158 3187 3186
f 3158 3186 3200
f 3158 3200 3208
f 3158 3208 3213
f 3158 3213 3212
f 3158 3212 3204
f 3158 3204 3192
f 3158 3192 3172
f 3158 3172 3171
f 3158 3171 3163
f 3158 3163 3159
f 3159 3163 3160
f 3160 3163 3164
f 3160 3164 3165
f 3160 3165 3166
f 3160 3166 3161
f 3161 3166 3167
f 3162 3169 3170
f 3162 3170 3168
f 3163 3171 3164
f 3164 3171 3172
f 3164 3172 3173
f 3164 3173 3174
f 3164 3174 3165
f 3165 3174 3175
f 3165 3175 3166
f 3166 3175 3167
f 3167 3176 3177
f 3167 3177 3178
f 3167 3178 3179
f 3167 3179 3180
f 3167 3180 3181
f 3167 3175 3182
f 3167 3182 3176
f 3168 3170 3183
f 3169 3181 3184
f 3169 3184 3170
f 3170 3184 3180
f 3170 3180 3198
f 3170 3198 3210
f 3170 3210 3220
f 3170 3220 3226
f 3170 3226 3223
f 3170 3223 3221
f 3170 3221 3211
f 3170 3211 3203
f 3170 3203 3202
f 3170 3202 3201
f 3170 3201 3199
f 3170 3199 3185
f 3170 3185 3186
f 3170 3186 3187
f 3170 3187 3188
f 3170 3188 3189
f 3170 3189 3190
f 3170 3190 3191
f 3170 3191 3183
f 3172 3192 3173
f 3173 3192 3193
f 3173 3193 3174
f 3174 3193 3194
f 3174 3194 3195
f 3174 3195 3175
f 3175 3196 3198
f 3175 3198 3180
f 3175 3180 3179
f 3175 3179 3178
f 3175 3178 3177
f 3175 3177 3176
f 3175 3176 3182
f 3175 3195 3194
f 3175 3194 3197
f 3175 3197 3196
f 3180 3184 3181
f 3185 3199 3186
f 3186 3199 3201
f 3186 3201 3202
f 3186 3202 3203
f 3186 3203 3200
f 3192 3204 3193
f 3193 3204 3212
f 3193 3212 3205
f 3193 3205 3194
f 3194 3205 3206
f 3194 3206 3197
f 3196 3197 3206
f 3196 3206 3207
f 3196 3207 3208
f 3196 3208 3209
f 3196 3209 3210
f 3196 3210 3198
f 3200 3203 3211
f 3200 3211 3208
f 3205 3212 3213
f 3205 3213 3208
f 3205 3208 3207
f 3205 3207 3206
f 3208 3211 3214
f 3208 3214 3215
f 3208 3215 3216
f 3208 3216 3217
f 3208 3217 3218
f 3208 3218 3219
f 3208 3219 3209
f 3209 3219 3220
f 3209 3220 3210
f 3211 3221 3216
f 3211 3216 3214
f 3214 3216 3215
f 3216 3221 3222
f 3216 3222 3217
f 3217 3222 3223
f 3217 3223 3224
f 3217 3224 3218
f 3218 3224 3223
f 3218 3223 3225
f 3218 3225 3219
f 3219 3225 3220
f 3220 3225 3226
f 3221 3223 3222
f 3223 3226 3225

o geometry_27
v 0.00622955 -0.00541227 0.02500797
v 0.00622955 -0.00543301 0.02500797
v 0.00622955 -0.00529083 0.02499920
v 0.00290136 -0.00541227 0.02919762
v 0.00282585 -0.00589552 0.02929411
v 0.00280894 -0.00615293 0.02931578
v 0.00622955 -0.00575979 0.02500642
v 0.00622955 -0.00529083 0.02404466
v 0.00294383 -0.00529083 0.02910578
v 0.00282585 -0.00542103 0.02929101
v 0.00282585 -0.00556552 0.02929307
v 0.00234293 -0.00615293 0.02931578
v 0.00280816 -0.00625710 0.02931578
v 0.00622955 -0.00606813 0.02500487
v 0.00622955 -0.00615293 0.02421028
v 0.00600224 -0.00529083 0.02405601
v 0.00282585 -0.00529083 0.02921000
v 0.00221197 -0.00646266 0.02931578
v 0.00282585 -0.00529083 0.02776168
v 0.00283333 -0.00529083 0.02749338
v 0.00280501 -0.00639606 0.02931578
v 0.00622955 -0.00625226 0.02498784
v 0.00475953 -0.00756835 0.02469736
v 0.00441346 -0.00761283 0.02469736
v 0.00430020 -0.00762043 0.02469736
v 0.00408587 -0.00763472 0.02469736
v 0.00375789 -0.00764371 0.02469736
v 0.00370244 -0.00764486 0.02469736
v 0.00622955 -0.00667836 0.02469736
v 0.00614578 -0.00681939 0.02469736
v 0.00531915 -0.00731854 0.02469736
v 0.00505369 -0.00747248 0.02469736
v 0.00491566 -0.00754438 0.02469736
v 0.00491212 -0.00754553 0.02469736
v 0.00370244 -0.00734781 0.02469736
v 0.00549454 -0.00529083 0.02425311
v 0.00221197 -0.00683691 0.02931578
v 0.00221197 -0.00675486 0.02871726
v 0.00221197 -0.00683691 0.02865328
v 0.00350935 -0.00529083 0.02653110
v 0.00276490 -0.00652949 0.02931578
v 0.00298434 -0.00660968 0.02898195
v 0.00491212 -0.00754553 0.02470200
v 0.00476936 -0.00756628 0.02481139
v 0.00441346 -0.00761283 0.02481087
v 0.00408587 -0.00763472 0.02481087
v 0.00375789 -0.00764371 0.02546666
v 0.00370244 -0.00764463 0.02546666
v 0.00459633 -0.00755498 0.02532477
v 0.00483150 -0.00748723 0.02513902
v 0.00489717 -0.00754162 0.02492077
v 0.00270237 -0.00665139 0.02931578
v 0.00263276 -0.00671408 0.02931578
v 0.00250574 -0.00682216 0.02931578
v 0.00257888 -0.00683691 0.02920072
v 0.00517206 -0.00529083 0.02458642
v 0.00248765 -0.00683691 0.02931578
v 0.00370244 -0.00764186 0.02579482
v 0.00370244 -0.00761167 0.02612607
v 0.00370244 -0.00758863 0.02628086
v 0.00441346 -0.00760776 0.02513902
v 0.00408587 -0.00763449 0.02513902
v 0.00375789 -0.00764025 0.02579482
v 0.00439812 -0.00757757 0.02544706
v 0.00466751 -0.00756558 0.02513902
v 0.00370244 -0.00756743 0.02635258
v 0.00396868 -0.00757181 0.02601978
v 0.00376615 -0.00760246 0.02612658
v 0.00408587 -0.00762619 0.02546666
f 3227 3228 3233
f 3227 3233 3240
f 3227 3240 3248
f 3227 3248 3255
f 3227 3255 3241
f 3227 3241 3234
f 3227 3234 3229
f 3227 3229 3230
f 3227 3230 3231
f 3227 3231 3232
f 3227 3232 3228
f 3228 3232 3233
f 3229 3234 3242
f 3229 3242 3262
f 3229 3262 3282
f 3229 3282 3266
f 3229 3266 3246
f 3229 3246 3245
f 3229 3245 3243
f 3229 3243 3235
f 3229 3235 3230
f 3230 3235 3236
f 3230 3236 3237
f 3230 3237 3231
f 3231 3237 3232
f 3232 3237 3236
f 3232 3236 3238
f 3232 3238 3244
f 3232 3244 3263
f 3232 3263 3283
f 3232 3283 3280
f 3232 3280 3279
f 3232 3279 3278
f 3232 3278 3267
f 3232 3267 3247
f 3232 3247 3239
f 3232 3239 3240
f 3232 3240 3233
f 3234 3241 3242
f 3235 3243 3236
f 3236 3243 3238
f 3238 3243 3245
f 3238 3245 3246
f 3238 3246 3244
f 3239 3247 3240
f 3240 3247 3248
f 3241 3249 3250
f 3241 3250 3251
f 3241 3251 3252
f 3241 3252 3253
f 3241 3253 3254
f 3241 3254 3242
f 3241 3255 3256
f 3241 3256 3257
f 3241 3257 3258
f 3241 3258 3259
f 3241 3259 3260
f 3241 3260 3249
f 3242 3254 3261
f 3242 3261 3262
f 3244 3246 3264
f 3244 3264 3265
f 3244 3265 3263
f 3246 3265 3264
f 3246 3266 3261
f 3246 3261 3265
f 3247 3267 3248
f 3248 3267 3268
f 3248 3268 3255
f 3249 3260 3269
f 3249 3269 3270
f 3249 3270 3271
f 3249 3271 3250
f 3250 3271 3251
f 3251 3271 3272
f 3251 3272 3252
f 3252 3272 3273
f 3252 3273 3253
f 3253 3273 3254
f 3254 3273 3274
f 3254 3274 3263
f 3254 3263 3265
f 3254 3265 3261
f 3255 3268 3256
f 3256 3275 3276
f 3256 3276 3277
f 3256 3277 3257
f 3256 3268 3278
f 3256 3278 3279
f 3256 3279 3280
f 3256 3280 3281
f 3256 3281 3275
f 3257 3277 3258
f 3258 3277 3259
f 3259 3277 3269
f 3259 3269 3260
f 3261 3266 3282
f 3261 3282 3262
f 3263 3274 3284
f 3263 3284 3285
f 3263 3285 3286
f 3263 3286 3283
f 3267 3278 3268
f 3269 3277 3270
f 3270 3277 3287
f 3270 3287 3271
f 3271 3287 3288
f 3271 3288 3272
f 3272 3288 3273
f 3273 3289 3284
f 3273 3284 3274
f 3273 3288 3289
f 3275 3290 3291
f 3275 3291 3277
f 3275 3277 3276
f 3275 3281 3283
f 3275 3283 3292
f 3275 3292 3293
f 3275 3293 3286
f 3275 3286 3294
f 3275 3294 3290
f 3277 3291 3287
f 3280 3283 3281
f 3283 3286 3292
f 3284 3289 3285
f 3285 3294 3286
f 3285 3289 3294
f 3286 3293 3292
f 3287 3291 3290
f 3287 3290 3295
f 3287 3295 3288
f 3288 3295 3289
f 3289 3295 3294
f 3290 3294 3295

o geometry_28
v -0.00375444 -0.00180436 0.00742736
v -0.00378137 -0.00147642 0.00742736
v -0.00375809 -0.00147642 0.00775415
v -0.00376286 -0.00147642 0.01136114
v -0.00375977 -0.00180436 0.01136114
v -0.00375977 -0.00180461 0.01136114
v -0.00375697 -0.00286813 0.00709868
v -0.00375725 -0.00278770 0.00709868
v -0.00376510 -0.00245975 0.00709868
v -0.00421843 -0.00320180 0.00294483
v -0.00421843 -0.00303795 0.00311484
v -0.00421843 -0.00292889 0.00327824
v -0.00391771 -0.00129041 0.00723185
v -0.00388096 -0.00126028 0.00742736
v -0.00386076 -0.00124110 0.00775415
v -0.00386245 -0.00123861 0.01136114
v -0.00421871 -0.00112033 0.01248508
v -0.00376651 -0.00286813 0.01136114
v -0.00421843 -0.00366396 0.00326029
v -0.00421843 -0.00366396 0.00283716
v -0.00421843 -0.00359449 0.00284378
v -0.00421843 -0.00344384 0.00285889
v -0.00509872 -0.00320155 0.00294483
v -0.00509872 -0.00303770 0.00311295
v -0.00509872 -0.00292739 0.00327635
v -0.00411492 -0.00127945 0.00721580
v -0.00411492 -0.00120823 0.00742736
v -0.00411492 -0.00116989 0.00775415
v -0.00421871 -0.00112033 0.01168415
v -0.00386273 -0.00123836 0.01136114
v -0.00549089 -0.00112033 0.01232451
v -0.00421871 -0.00114822 0.01246713
v -0.00410257 -0.00286813 0.01136114
v -0.00549089 -0.00366396 0.00325840
v -0.00487879 -0.00366396 0.00283622
v -0.00509872 -0.00344384 0.00285889
v -0.00542637 -0.00320354 0.00294672
v -0.00542637 -0.00303969 0.00311484
v -0.00542637 -0.00292839 0.00327918
v -0.00575402 -0.00127945 0.00721674
v -0.00444313 -0.00127945 0.00721580
v -0.00421871 -0.00120823 0.00742736
v -0.00421843 -0.00119603 0.00753031
v -0.00444313 -0.00112033 0.01168037
v -0.00575402 -0.00116989 0.00775415
v -0.00549089 -0.00112033 0.01169832
v -0.00608224 -0.00119927 0.01136397
v -0.00629291 -0.00126052 0.01146598
v -0.00630862 -0.00126600 0.01146598
v -0.00642027 -0.00138229 0.01146598
v -0.00647273 -0.00144081 0.01146598
v -0.00659195 -0.00160490 0.01146598
v -0.00662029 -0.00180411 0.01146598
v -0.00661580 -0.00190496 0.01146598
v -0.00549089 -0.00320553 0.00611453
v -0.00549089 -0.00366396 0.00286361
v -0.00509872 -0.00366396 0.00283622
v -0.00542637 -0.00344384 0.00286267
v -0.00549089 -0.00321027 0.00295050
v -0.00549089 -0.00305165 0.00312145
v -0.00549089 -0.00300807 0.00317151
v -0.00549089 -0.00293113 0.00328485
v -0.00601267 -0.00129041 0.00723280
v -0.00575402 -0.00120848 0.00742736
v -0.00477078 -0.00112033 0.01168226
v -0.00608224 -0.00120798 0.00775415
v -0.00542637 -0.00112033 0.01169643
v -0.00629488 -0.00127920 0.00775510
v -0.00645870 -0.00145400 0.00775510
v -0.00658550 -0.00161785 0.00775510
v -0.00661075 -0.00180411 0.00775510
v -0.00660850 -0.00190496 0.00775510
v -0.00659251 -0.00180411 0.00750764
v -0.00549089 -0.00344060 0.00287683
v -0.00542637 -0.00366396 0.00285039
v -0.00660402 -0.00190496 0.00768143
v -0.00659139 -0.00190496 0.00751142
v -0.00520672 -0.00366396 0.00283811
v -0.00549089 -0.00339154 0.00288817
v -0.00654931 -0.00180411 0.00734330
v -0.00658185 -0.00162557 0.00755392
v -0.00641494 -0.00147193 0.00741603
v -0.00623148 -0.00131830 0.00727719
v -0.00610636 -0.00125754 0.00740280
v -0.00627833 -0.00129041 0.00749631
f 3296 3297 3298
f 3296 3298 3299
f 3296 3299 3300
f 3296 3300 3301
f 3296 3301 3302
f 3296 3302 3303
f 3296 3303 3304
f 3296 3304 3305
f 3296 3305 3297
f 3297 3305 3306
f 3297 3306 3307
f 3297 3307 3308
f 3297 3308 3309
f 3297 3309 3310
f 3297 3310 3298
f 3298 3310 3311
f 3298 3311 3299
f 3299 3311 3312
f 3299 3312 3300
f 3300 3312 3301
f 3301 3312 3313
f 3301 3313 3302
f 3302 3314 3315
f 3302 3315 3303
f 3302 3313 3314
f 3303 3315 3316
f 3303 3316 3317
f 3303 3317 3304
f 3304 3317 3305
f 3305 3317 3318
f 3305 3318 3319
f 3305 3319 3306
f 3306 3319 3320
f 3306 3320 3307
f 3307 3320 3321
f 3307 3321 3308
f 3308 3321 3322
f 3308 3322 3309
f 3309 3322 3323
f 3309 3323 3310
f 3310 3323 3324
f 3310 3324 3325
f 3310 3325 3311
f 3311 3325 3312
f 3312 3326 3327
f 3312 3327 3328
f 3312 3328 3313
f 3312 3325 3324
f 3312 3324 3339
f 3312 3339 3360
f 3312 3360 3362
f 3312 3362 3341
f 3312 3341 3326
f 3313 3328 3314
f 3314 3329 3351
f 3314 3351 3370
f 3314 3370 3373
f 3314 3373 3352
f 3314 3352 3330
f 3314 3330 3315
f 3314 3328 3329
f 3315 3330 3316
f 3316 3330 3317
f 3317 3330 3352
f 3317 3352 3331
f 3317 3331 3318
f 3318 3331 3332
f 3318 3332 3333
f 3318 3333 3319
f 3319 3333 3334
f 3319 3334 3320
f 3320 3334 3335
f 3320 3335 3336
f 3320 3336 3321
f 3321 3336 3337
f 3321 3337 3322
f 3322 3337 3338
f 3322 3338 3323
f 3323 3339 3324
f 3323 3338 3340
f 3323 3340 3339
f 3326 3341 3342
f 3326 3342 3343
f 3326 3343 3344
f 3326 3344 3345
f 3326 3345 3346
f 3326 3346 3347
f 3326 3347 3348
f 3326 3348 3349
f 3326 3349 3328
f 3326 3328 3327
f 3328 3349 3350
f 3328 3350 3329
f 3329 3350 3349
f 3329 3349 3351
f 3331 3353 3332
f 3331 3352 3353
f 3332 3353 3354
f 3332 3354 3333
f 3333 3355 3356
f 3333 3356 3357
f 3333 3357 3334
f 3333 3354 3355
f 3334 3357 3358
f 3334 3358 3335
f 3335 3358 3359
f 3335 3359 3336
f 3336 3359 3337
f 3337 3359 3338
f 3338 3359 3340
f 3339 3340 3360
f 3340 3359 3361
f 3340 3361 3341
f 3340 3341 3362
f 3340 3362 3360
f 3341 3361 3342
f 3342 3361 3343
f 3343 3361 3363
f 3343 3363 3344
f 3344 3363 3345
f 3345 3363 3364
f 3345 3364 3346
f 3346 3364 3365
f 3346 3365 3347
f 3347 3365 3348
f 3348 3365 3366
f 3348 3366 3367
f 3348 3367 3349
f 3349 3367 3351
f 3351 3368 3369
f 3351 3369 3353
f 3351 3353 3370
f 3351 3367 3371
f 3351 3371 3372
f 3351 3372 3368
f 3352 3373 3353
f 3353 3373 3370
f 3353 3369 3374
f 3353 3374 3354
f 3354 3374 3375
f 3354 3375 3376
f 3354 3376 3355
f 3355 3376 3356
f 3356 3376 3377
f 3356 3377 3357
f 3357 3377 3378
f 3357 3378 3358
f 3358 3378 3379
f 3358 3379 3359
f 3359 3379 3361
f 3361 3379 3380
f 3361 3380 3363
f 3363 3380 3364
f 3364 3380 3376
f 3364 3376 3365
f 3365 3376 3366
f 3366 3376 3368
f 3366 3368 3371
f 3366 3371 3367
f 3368 3372 3371
f 3368 3376 3375
f 3368 3375 3374
f 3368 3374 3369
f 3376 3380 3377
f 3377 3380 3378
f 3378 3380 3379

o geometry_29
v 0.00441463 -0.00730270 0.01776108
v 0.00441463 -0.00760885 0.01776108
v 0.00441463 -0.00730014 0.01775886
v 0.00370192 -0.00683715 0.02756569
v 0.00370192 -0.00748288 0.02651018
v 0.00370192 -0.00756745 0.02635208
v 0.00370192 -0.00758839 0.02627860
v 0.00370192 -0.00761157 0.02612272
v 0.00370192 -0.00764195 0.02579093
v 0.00370192 -0.00764467 0.02546582
v 0.00424857 -0.00762212 0.01776108
v 0.00441298 -0.00761509 0.00808563
v 0.00441463 -0.00761413 0.00841074
v 0.00441463 -0.00729551 0.01628471
v 0.00284454 -0.00683715 0.02881492
v 0.00441463 -0.00729487 0.01595515
v 0.00370192 -0.00683715 0.02671728
v -0.00398325 -0.00604563 0.02939167
v 0.00260122 -0.00683715 0.02916676
v 0.00256916 -0.00685666 0.02918012
v 0.00229625 -0.00722932 0.02892849
v 0.00212444 -0.00745937 0.02876816
v 0.00223871 -0.00750909 0.02851876
v 0.00231433 -0.00756745 0.02829831
v 0.00202005 -0.00758551 0.02867241
v 0.00366082 -0.00757960 0.02637435
v 0.00212444 -0.00760997 0.02840965
v 0.00211622 -0.00766209 0.02808676
v 0.00277221 -0.00765666 0.02710474
v 0.00244421 -0.00767232 0.02743208
v 0.00342819 -0.00765058 0.02611827
v 0.00408417 -0.00763539 0.01726896
v 0.00408417 -0.00763523 0.01776108
v 0.00375864 -0.00764515 0.00808563
v 0.00408746 -0.00763507 0.00808563
v -0.00258991 -0.00725442 0.00769594
v 0.00441463 -0.00761285 0.00808563
v 0.00408417 -0.00763571 0.01431622
v 0.00408417 -0.00763571 0.01365931
v 0.00441463 -0.00729487 0.01595292
v 0.00441463 -0.00729598 0.01562781
v 0.00441463 -0.00731693 0.01005190
v 0.00441463 -0.00732348 0.00840852
v 0.00441298 -0.00732476 0.00808563
v -0.00398325 -0.00608319 0.00769594
v -0.00398325 -0.00608303 0.00775606
v -0.00398325 -0.00654491 0.02939167
v -0.00258991 -0.00683715 0.03002853
v -0.00251592 -0.00683715 0.03005525
v -0.00213368 -0.00683715 0.03017105
v -0.00173006 -0.00683715 0.03028016
v -0.00161005 -0.00683715 0.03030688
v -0.00148921 -0.00683715 0.03032692
v -0.00130589 -0.00683715 0.03035364
v -0.00116122 -0.00683715 0.03037146
v -0.00093269 -0.00683715 0.03039818
v -0.00083323 -0.00683715 0.03040709
v -0.00050523 -0.00683715 0.03042936
v -0.00023725 -0.00683715 0.03043826
v 0.00009567 -0.00683715 0.03044049
v 0.00015075 -0.00683715 0.03044049
v 0.00047874 -0.00683715 0.03042936
v 0.00070562 -0.00683715 0.03039595
v 0.00080508 -0.00683715 0.03038037
v 0.00108457 -0.00683715 0.03030465
v 0.00123090 -0.00683715 0.03025121
v 0.00145531 -0.00683715 0.03015769
v 0.00174549 -0.00683715 0.02999736
v 0.00188770 -0.00683715 0.02990160
v 0.00193209 -0.00683715 0.02987043
v 0.00200443 -0.00683715 0.02980808
v 0.00211047 -0.00683715 0.02971455
v 0.00219678 -0.00683715 0.02963662
v 0.00227734 -0.00683715 0.02955868
v 0.00234475 -0.00683715 0.02948519
v 0.00242449 -0.00683715 0.02939167
v 0.00257738 -0.00683715 0.02919794
v 0.00235050 -0.00694379 0.02931818
v 0.00221076 -0.00716249 0.02914895
v 0.00193784 -0.00753419 0.02889064
v 0.00171918 -0.00758935 0.02900643
v 0.00181289 -0.00761429 0.02876816
v 0.00211622 -0.00767744 0.02776165
v 0.00148655 -0.00762388 0.02909773
v 0.00113225 -0.00766641 0.02907101
v 0.00211951 -0.00767664 0.00808563
v 0.00244668 -0.00767152 0.00808563
v 0.00343065 -0.00765186 0.00808563
v 0.00408417 -0.00763523 0.00808563
v -0.00258991 -0.00685490 0.00769594
v 0.00179070 -0.00767680 0.00808563
v 0.00178906 -0.00767680 0.00808563
v 0.00047709 -0.00766321 0.00808563
v 0.00014992 -0.00765969 0.00808563
v -0.00017724 -0.00765330 0.00808563
v -0.00050606 -0.00764339 0.00808563
v -0.00083158 -0.00762420 0.00808563
v -0.00116122 -0.00759574 0.00808563
v -0.00142098 -0.00756281 0.00808563
v -0.00214601 -0.00738535 0.00808563
v -0.00247400 -0.00729870 0.00808563
v -0.00258991 -0.00725650 0.00775606
v -0.00266553 -0.00722708 0.00769594
v -0.00398325 -0.00653116 0.00769594
v -0.00398325 -0.00657528 0.02908214
v -0.00398243 -0.00657480 0.02939167
v -0.00258991 -0.00685010 0.03001740
v -0.00397667 -0.00657912 0.02939167
v -0.00247318 -0.00695706 0.02995505
v -0.00214519 -0.00717192 0.02984816
v -0.00169471 -0.00689950 0.03023117
v -0.00148921 -0.00724930 0.02992387
v -0.00116122 -0.00694059 0.03027125
v -0.00116122 -0.00727009 0.02994391
v -0.00083323 -0.00712124 0.03012428
v -0.00083323 -0.00728527 0.02995950
v -0.00050523 -0.00729471 0.02996841
v -0.00017724 -0.00729982 0.02997509
v 0.00015075 -0.00713755 0.03014210
v 0.00015075 -0.00746561 0.02981030
v 0.00047874 -0.00745474 0.02980140
v 0.00080508 -0.00710526 0.03010424
v 0.00103936 -0.00691277 0.03024453
v 0.00125802 -0.00687328 0.03020445
v 0.00123829 -0.00719367 0.02986597
v 0.00146024 -0.00698136 0.02999513
v 0.00169041 -0.00692540 0.02993278
v 0.00190907 -0.00686337 0.02985707
v 0.00203731 -0.00694570 0.02964107
v 0.00225597 -0.00687072 0.02953864
v 0.00199210 -0.00724658 0.02927587
v 0.00181289 -0.00748559 0.02909773
v 0.00161314 -0.00753531 0.02922466
v 0.00139448 -0.00758743 0.02930482
v 0.00146024 -0.00767872 0.02677518
v 0.00178906 -0.00767760 0.01005412
v 0.00047874 -0.00766689 0.02907101
v 0.00111581 -0.00760262 0.02940948
v 0.00080508 -0.00764115 0.02939835
v 0.00047874 -0.00766065 0.02939835
v 0.00015075 -0.00766113 0.02939835
v 0.00113225 -0.00767680 0.02447934
v 0.00080508 -0.00767200 0.02087415
v 0.00047709 -0.00766577 0.01398888
v 0.00047709 -0.00766353 0.00874031
v 0.00047709 -0.00766337 0.00841074
v 0.00080508 -0.00767424 0.02677518
v 0.00047874 -0.00766913 0.02677518
v 0.00015075 -0.00766257 0.02677518
v -0.00017724 -0.00765410 0.02710474
v -0.00050523 -0.00764435 0.02776165
v -0.00083323 -0.00762420 0.00841074
v -0.00083323 -0.00762628 0.02874367
v -0.00145550 -0.00756313 0.02743208
v -0.00116122 -0.00759798 0.02907101
v -0.00145715 -0.00756329 0.02907101
v -0.00161991 -0.00752572 0.02939835
v -0.00214519 -0.00739798 0.02939835
v -0.00247318 -0.00731021 0.01988990
v -0.00247318 -0.00730941 0.01891011
v -0.00247318 -0.00731613 0.02907101
v -0.00258991 -0.00726897 0.01923523
v -0.00268444 -0.00723587 0.01956034
v -0.00266800 -0.00722820 0.00775606
v -0.00313080 -0.00701989 0.00769594
v -0.00394790 -0.00655642 0.00769594
v -0.00397256 -0.00657640 0.02537006
v -0.00398325 -0.00656793 0.02515629
v -0.00397750 -0.00657944 0.02907101
v -0.00398325 -0.00657528 0.02907101
v -0.00258991 -0.00693579 0.02993501
v -0.00379172 -0.00668975 0.02939167
v -0.00258991 -0.00724515 0.02960321
v -0.00258991 -0.00718423 0.02967447
v -0.00258991 -0.00709487 0.02977022
v -0.00247318 -0.00712108 0.02979472
v -0.00193064 -0.00720198 0.02987711
v -0.00247318 -0.00726481 0.02962993
v -0.00214519 -0.00730973 0.02968561
v -0.00171280 -0.00722980 0.02990383
v -0.00150811 -0.00743523 0.02970565
v -0.00116122 -0.00743411 0.02977022
v -0.00083323 -0.00744914 0.02979026
v -0.00050523 -0.00745873 0.02980140
v -0.00017724 -0.00746385 0.02980585
v 0.00015075 -0.00760198 0.02964775
v 0.00047874 -0.00759782 0.02963662
v 0.00080508 -0.00742644 0.02976800
v 0.00080508 -0.00757576 0.02960321
v 0.00101963 -0.00723507 0.02991274
v 0.00099580 -0.00755434 0.02957649
v 0.00121446 -0.00751021 0.02952527
v 0.00146024 -0.00728623 0.02964330
v 0.00165260 -0.00723427 0.02958540
v 0.00148655 -0.00746385 0.02940948
v 0.00113225 -0.00767728 0.02677518
v 0.00015075 -0.00766225 0.02907101
v -0.00050523 -0.00759335 0.02963662
v -0.00017724 -0.00765282 0.02939835
v -0.00017724 -0.00759814 0.02964330
v -0.00017724 -0.00765394 0.02874367
v -0.00017724 -0.00765410 0.02743208
v -0.00050523 -0.00764435 0.02874367
v -0.00083323 -0.00762628 0.02907101
v -0.00116122 -0.00759734 0.02939835
v -0.00145550 -0.00756297 0.02939835
v -0.00141111 -0.00755642 0.02958317
v -0.00247318 -0.00731501 0.02939835
v -0.00258991 -0.00726929 0.01970953
v -0.00258991 -0.00727456 0.02939835
v -0.00258991 -0.00727520 0.02907101
v -0.00335686 -0.00692092 0.01005190
v -0.00335357 -0.00691965 0.00775606
v -0.00269430 -0.00723827 0.02907101
v -0.00337906 -0.00693132 0.02907101
v -0.00335357 -0.00691949 0.00769594
v -0.00378432 -0.00666561 0.00769594
v -0.00397585 -0.00657848 0.02775942
v -0.00398325 -0.00657112 0.02679522
v -0.00398325 -0.00656857 0.02546582
v -0.00353853 -0.00684051 0.02939167
v -0.00356812 -0.00679862 0.00769594
v -0.00351798 -0.00682948 0.00775606
v -0.00352373 -0.00683188 0.01267730
v -0.00337906 -0.00693100 0.02939167
v -0.00269348 -0.00723795 0.02939167
v -0.00181966 -0.00733020 0.02975241
v -0.00116122 -0.00757032 0.02960544
v -0.00083323 -0.00758455 0.02962548
v -0.00017724 -0.00765362 0.02907101
v -0.00050523 -0.00764339 0.02939835
v -0.00050523 -0.00764419 0.02907101
v -0.00083323 -0.00762564 0.02939835
v -0.00351716 -0.00682948 0.00769594
f 3381 3382 3393
f 3381 3393 3417
f 3381 3417 3423
f 3381 3423 3422
f 3381 3422 3421
f 3381 3421 3420
f 3381 3420 3396
f 3381 3396 3394
f 3381 3394 3383
f 3381 3383 3384
f 3381 3384 3382
f 3382 3384 3385
f 3382 3385 3386
f 3382 3386 3387
f 3382 3387 3388
f 3382 3388 3389
f 3382 3389 3390
f 3382 3390 3391
f 3382 3391 3392
f 3382 3392 3393
f 3383 3394 3384
f 3384 3395 3385
f 3384 3394 3396
f 3384 3396 3420
f 3384 3420 3397
f 3384 3397 3398
f 3384 3398 3395
f 3385 3395 3399
f 3385 3399 3400
f 3385 3400 3401
f 3385 3401 3402
f 3385 3402 3403
f 3385 3403 3386
f 3386 3403 3404
f 3386 3404 3405
f 3386 3405 3406
f 3386 3406 3387
f 3387 3406 3405
f 3387 3405 3407
f 3387 3407 3408
f 3387 3408 3388
f 3388 3408 3389
f 3389 3408 3409
f 3389 3409 3410
f 3389 3410 3411
f 3389 3411 3390
f 3390 3412 3413
f 3390 3413 3391
f 3390 3411 3410
f 3390 3410 3414
f 3390 3414 3412
f 3391 3413 3392
f 3392 3415 3416
f 3392 3416 3417
f 3392 3417 3393
f 3392 3413 3412
f 3392 3412 3418
f 3392 3418 3419
f 3392 3419 3415
f 3395 3398 3399
f 3397 3420 3421
f 3397 3421 3422
f 3397 3422 3423
f 3397 3423 3424
f 3397 3424 3425
f 3397 3425 3426
f 3397 3426 3398
f 3398 3427 3428
f 3398 3428 3429
f 3398 3429 3430
f 3398 3430 3431
f 3398 3431 3432
f 3398 3432 3433
f 3398 3433 3434
f 3398 3434 3435
f 3398 3435 3436
f 3398 3436 3437
f 3398 3437 3438
f 3398 3438 3439
f 3398 3439 3440
f 3398 3440 3441
f 3398 3441 3442
f 3398 3442 3443
f 3398 3443 3444
f 3398 3444 3445
f 3398 3445 3446
f 3398 3446 3447
f 3398 3447 3448
f 3398 3448 3449
f 3398 3449 3450
f 3398 3450 3451
f 3398 3451 3452
f 3398 3452 3453
f 3398 3453 3454
f 3398 3454 3455
f 3398 3455 3456
f 3398 3456 3457
f 3398 3457 3399
f 3398 3426 3425
f 3398 3425 3484
f 3398 3484 3548
f 3398 3548 3600
f 3398 3600 3599
f 3398 3599 3550
f 3398 3550 3485
f 3398 3485 3427
f 3399 3457 3400
f 3400 3457 3456
f 3400 3456 3458
f 3400 3458 3459
f 3400 3459 3401
f 3401 3460 3402
f 3401 3459 3460
f 3402 3460 3403
f 3403 3460 3404
f 3404 3460 3405
f 3405 3460 3461
f 3405 3461 3462
f 3405 3462 3407
f 3407 3462 3408
f 3408 3463 3410
f 3408 3410 3409
f 3408 3462 3464
f 3408 3464 3465
f 3408 3465 3463
f 3410 3463 3466
f 3410 3466 3467
f 3410 3467 3468
f 3410 3468 3414
f 3412 3414 3418
f 3414 3468 3416
f 3414 3416 3469
f 3414 3469 3419
f 3414 3419 3418
f 3415 3469 3416
f 3415 3419 3469
f 3416 3470 3417
f 3416 3468 3467
f 3416 3467 3466
f 3416 3466 3471
f 3416 3471 3472
f 3416 3472 3473
f 3416 3473 3474
f 3416 3474 3475
f 3416 3475 3476
f 3416 3476 3477
f 3416 3477 3478
f 3416 3478 3479
f 3416 3479 3480
f 3416 3480 3481
f 3416 3481 3482
f 3416 3482 3483
f 3416 3483 3545
f 3416 3545 3596
f 3416 3596 3614
f 3416 3614 3602
f 3416 3602 3597
f 3416 3597 3546
f 3416 3546 3484
f 3416 3484 3425
f 3416 3425 3470
f 3417 3470 3424
f 3417 3424 3423
f 3424 3470 3425
f 3427 3485 3486
f 3427 3486 3428
f 3428 3487 3429
f 3428 3486 3488
f 3428 3488 3487
f 3429 3487 3489
f 3429 3489 3430
f 3430 3489 3490
f 3430 3490 3491
f 3430 3491 3431
f 3431 3491 3432
f 3432 3491 3492
f 3432 3492 3433
f 3433 3492 3434
f 3434 3492 3493
f 3434 3493 3435
f 3435 3493 3436
f 3436 3493 3494
f 3436 3494 3495
f 3436 3495 3437
f 3437 3495 3438
f 3438 3495 3496
f 3438 3496 3497
f 3438 3497 3498
f 3438 3498 3439
f 3439 3498 3499
f 3439 3499 3440
f 3440 3499 3441
f 3441 3499 3442
f 3442 3499 3500
f 3442 3500 3501
f 3442 3501 3443
f 3443 3501 3444
f 3444 3501 3502
f 3444 3502 3503
f 3444 3503 3445
f 3445 3503 3446
f 3446 3503 3504
f 3446 3504 3447
f 3447 3504 3505
f 3447 3505 3506
f 3447 3506 3507
f 3447 3507 3448
f 3448 3507 3508
f 3448 3508 3449
f 3449 3508 3450
f 3450 3508 3451
f 3451 3508 3509
f 3451 3509 3452
f 3452 3509 3453
f 3453 3510 3454
f 3453 3509 3510
f 3454 3510 3455
f 3455 3510 3458
f 3455 3458 3456
f 3458 3511 3459
f 3458 3510 3511
f 3459 3511 3460
f 3460 3511 3512
f 3460 3512 3513
f 3460 3513 3461
f 3461 3513 3514
f 3461 3514 3464
f 3461 3464 3462
f 3463 3515 3516
f 3463 3516 3466
f 3463 3465 3517
f 3463 3517 3515
f 3464 3514 3518
f 3464 3518 3519
f 3464 3519 3465
f 3465 3519 3520
f 3465 3520 3521
f 3465 3521 3517
f 3466 3516 3471
f 3471 3516 3472
f 3472 3516 3522
f 3472 3522 3523
f 3472 3523 3524
f 3472 3524 3525
f 3472 3525 3526
f 3472 3526 3473
f 3473 3526 3474
f 3474 3526 3525
f 3474 3525 3524
f 3474 3524 3527
f 3474 3527 3528
f 3474 3528 3475
f 3475 3528 3529
f 3475 3529 3530
f 3475 3530 3531
f 3475 3531 3476
f 3476 3532 3477
f 3476 3531 3533
f 3476 3533 3532
f 3477 3532 3478
f 3478 3534 3479
f 3478 3532 3535
f 3478 3535 3536
f 3478 3536 3534
f 3479 3534 3537
f 3479 3537 3538
f 3479 3538 3480
f 3480 3539 3540
f 3480 3540 3481
f 3480 3538 3541
f 3480 3541 3539
f 3481 3540 3542
f 3481 3542 3543
f 3481 3543 3482
f 3482 3544 3483
f 3482 3543 3544
f 3483 3544 3545
f 3484 3546 3547
f 3484 3547 3548
f 3485 3549 3488
f 3485 3488 3486
f 3485 3550 3549
f 3487 3488 3551
f 3487 3551 3489
f 3488 3552 3553
f 3488 3553 3554
f 3488 3554 3555
f 3488 3555 3551
f 3488 3549 3552
f 3489 3551 3556
f 3489 3556 3490
f 3490 3557 3491
f 3490 3556 3558
f 3490 3558 3559
f 3490 3559 3557
f 3491 3557 3560
f 3491 3560 3492
f 3492 3560 3561
f 3492 3561 3562
f 3492 3562 3494
f 3492 3494 3493
f 3494 3562 3563
f 3494 3563 3496
f 3494 3496 3495
f 3496 3563 3564
f 3496 3564 3497
f 3497 3564 3498
f 3498 3564 3565
f 3498 3565 3500
f 3498 3500 3499
f 3500 3565 3566
f 3500 3566 3567
f 3500 3567 3501
f 3501 3568 3502
f 3501 3567 3569
f 3501 3569 3568
f 3502 3568 3570
f 3502 3570 3503
f 3503 3570 3504
f 3504 3570 3505
f 3505 3570 3571
f 3505 3571 3572
f 3505 3572 3506
f 3506 3572 3507
f 3507 3573 3574
f 3507 3574 3508
f 3507 3572 3573
f 3508 3574 3513
f 3508 3513 3509
f 3509 3513 3511
f 3509 3511 3510
f 3511 3513 3512
f 3513 3574 3575
f 3513 3575 3514
f 3514 3575 3572
f 3514 3572 3571
f 3514 3571 3518
f 3515 3517 3576
f 3515 3576 3516
f 3516 3576 3522
f 3517 3577 3527
f 3517 3527 3576
f 3517 3521 3577
f 3518 3571 3569
f 3518 3569 3519
f 3519 3569 3567
f 3519 3567 3520
f 3520 3567 3566
f 3520 3566 3521
f 3521 3578 3579
f 3521 3579 3577
f 3521 3566 3580
f 3521 3580 3578
f 3522 3576 3527
f 3522 3527 3523
f 3523 3527 3524
f 3527 3577 3528
f 3528 3577 3529
f 3529 3577 3581
f 3529 3581 3582
f 3529 3582 3530
f 3530 3582 3583
f 3530 3583 3531
f 3531 3583 3584
f 3531 3584 3533
f 3532 3533 3535
f 3533 3584 3535
f 3534 3536 3537
f 3535 3584 3613
f 3535 3613 3585
f 3535 3585 3586
f 3535 3586 3536
f 3536 3586 3537
f 3537 3586 3587
f 3537 3587 3538
f 3538 3587 3588
f 3538 3588 3541
f 3539 3589 3542
f 3539 3542 3540
f 3539 3541 3589
f 3541 3588 3590
f 3541 3590 3591
f 3541 3591 3589
f 3542 3589 3543
f 3543 3592 3593
f 3543 3593 3545
f 3543 3545 3544
f 3543 3589 3591
f 3543 3591 3594
f 3543 3594 3595
f 3543 3595 3592
f 3545 3593 3596
f 3546 3597 3547
f 3547 3598 3599
f 3547 3599 3600
f 3547 3600 3548
f 3547 3597 3598
f 3549 3601 3552
f 3549 3550 3598
f 3549 3598 3602
f 3549 3602 3603
f 3549 3603 3604
f 3549 3604 3601
f 3550 3599 3598
f 3551 3555 3556
f 3552 3601 3553
f 3553 3601 3605
f 3553 3605 3606
f 3553 3606 3590
f 3553 3590 3588
f 3553 3588 3587
f 3553 3587 3558
f 3553 3558 3554
f 3554 3556 3555
f 3554 3558 3556
f 3557 3559 3607
f 3557 3607 3560
f 3558 3587 3559
f 3559 3587 3607
f 3560 3607 3587
f 3560 3587 3561
f 3561 3587 3562
f 3562 3587 3608
f 3562 3608 3563
f 3563 3608 3609
f 3563 3609 3564
f 3564 3609 3578
f 3564 3578 3580
f 3564 3580 3565
f 3565 3580 3566
f 3568 3569 3571
f 3568 3571 3570
f 3572 3575 3574
f 3572 3574 3573
f 3577 3610 3581
f 3577 3579 3610
f 3578 3609 3611
f 3578 3611 3579
f 3579 3611 3612
f 3579 3612 3610
f 3581 3583 3582
f 3581 3610 3612
f 3581 3612 3583
f 3583 3612 3584
f 3584 3612 3613
f 3585 3613 3587
f 3585 3587 3586
f 3587 3613 3608
f 3590 3606 3591
f 3591 3606 3594
f 3592 3603 3593
f 3592 3595 3603
f 3593 3603 3596
f 3594 3606 3605
f 3594 3605 3595
f 3595 3605 3601
f 3595 3601 3604
f 3595 3604 3603
f 3596 3603 3614
f 3597 3602 3598
f 3602 3614 3603
f 3608 3613 3609
f 3609 3613 3611
f 3611 3613 3612

o geometry_30
v -0.00398369 -0.00366396 0.00351507
v -0.00364041 -0.00366420 0.00350687
v -0.00363977 -0.00366420 0.00348995
v -0.00363247 -0.00366420 0.00316211
v -0.00398369 -0.00366396 0.00286395
v -0.00406658 -0.00366396 0.00351507
v -0.00543020 -0.00446453 0.00381603
v -0.00259022 -0.00474511 0.00350687
v -0.00398369 -0.00580748 0.00381603
v -0.00363882 -0.00366420 0.00313544
v -0.00259022 -0.00474511 0.00348995
v -0.00259022 -0.00474679 0.00316211
v -0.00259022 -0.00477687 0.00298475
v -0.00411485 -0.00366396 0.00283634
v -0.00378458 -0.00366420 0.00290920
v -0.00386302 -0.00366420 0.00288927
v -0.00532064 -0.00366396 0.00324711
v -0.00583414 -0.00446598 0.00381603
v -0.00547148 -0.00446453 0.00381603
v -0.00259022 -0.00515393 0.00350687
v -0.00398369 -0.00611212 0.00381603
v -0.00259022 -0.00482548 0.00286561
v -0.00259022 -0.00501148 0.00278487
v -0.00259022 -0.00508391 0.00276598
v -0.00411485 -0.00377248 0.00282566
v -0.00509834 -0.00366396 0.00283634
v -0.00532064 -0.00366396 0.00284382
v -0.00583318 -0.00446453 0.00379797
v -0.00568012 -0.00474150 0.00381603
v -0.00259022 -0.00550814 0.00325271
v -0.00411516 -0.00611573 0.00381603
v -0.00398369 -0.00611958 0.00348995
v -0.00259022 -0.00536521 0.00275612
v -0.00509834 -0.00377248 0.00282566
v -0.00520631 -0.00366396 0.00283780
v -0.00532064 -0.00377248 0.00283738
v -0.00555532 -0.00446453 0.00303923
v -0.00560803 -0.00446453 0.00310711
v -0.00566805 -0.00446453 0.00318702
v -0.00578396 -0.00446453 0.00343640
v -0.00580175 -0.00446453 0.00349068
v -0.00557056 -0.00490416 0.00381603
v -0.00566170 -0.00470853 0.00348995
v -0.00555373 -0.00487240 0.00348995
v -0.00259022 -0.00550814 0.00277076
v -0.00444289 -0.00608036 0.00381603
v -0.00411516 -0.00612222 0.00348995
v -0.00398369 -0.00603271 0.00316221
v -0.00259022 -0.00541189 0.00275581
v -0.00509834 -0.00410046 0.00283136
v -0.00532064 -0.00387836 0.00283915
v -0.00541019 -0.00446453 0.00294396
v -0.00532191 -0.00469866 0.00296296
v -0.00525998 -0.00491667 0.00300011
v -0.00554071 -0.00451266 0.00305439
v -0.00562582 -0.00464765 0.00327316
v -0.00529587 -0.00528724 0.00381603
v -0.00528221 -0.00527112 0.00348995
v -0.00526665 -0.00525283 0.00331913
v -0.00398369 -0.00592106 0.00298309
v -0.00411516 -0.00592082 0.00298330
v -0.00411516 -0.00573962 0.00290339
v -0.00411516 -0.00541165 0.00283188
v -0.00467535 -0.00597015 0.00381603
v -0.00444289 -0.00606736 0.00348995
v -0.00411516 -0.00603319 0.00316221
v -0.00444289 -0.00508391 0.00283333
v -0.00477093 -0.00475642 0.00283510
v -0.00477093 -0.00446453 0.00282669
v -0.00477030 -0.00442844 0.00282566
v -0.00506246 -0.00446453 0.00284672
v -0.00509834 -0.00442844 0.00284818
v -0.00532064 -0.00420610 0.00286945
v -0.00538828 -0.00446453 0.00293660
v -0.00512946 -0.00478746 0.00291563
v -0.00502911 -0.00508391 0.00295548
v -0.00519298 -0.00508391 0.00307649
v -0.00532127 -0.00508391 0.00324046
v -0.00495353 -0.00526920 0.00298600
v -0.00515106 -0.00545231 0.00381603
v -0.00513677 -0.00543499 0.00348995
v -0.00506119 -0.00537026 0.00320207
v -0.00494972 -0.00559284 0.00330304
v -0.00482270 -0.00578270 0.00348995
v -0.00497259 -0.00561883 0.00348995
v -0.00429872 -0.00591480 0.00298849
v -0.00442193 -0.00572639 0.00295050
v -0.00444289 -0.00541165 0.00286717
v -0.00465852 -0.00595547 0.00348995
v -0.00483826 -0.00580123 0.00381603
v -0.00442193 -0.00597063 0.00317467
v -0.00463025 -0.00592828 0.00329204
v -0.00477093 -0.00508391 0.00287682
v -0.00475537 -0.00539168 0.00295185
v -0.00485477 -0.00548769 0.00308469
v -0.00463597 -0.00560800 0.00298039
v -0.00498783 -0.00563615 0.00381603
v -0.00474267 -0.00570979 0.00318837
v -0.00451752 -0.00582673 0.00307338
f 3615 3616 3617
f 3615 3617 3618
f 3615 3618 3619
f 3615 3619 3628
f 3615 3628 3640
f 3615 3640 3649
f 3615 3649 3641
f 3615 3641 3631
f 3615 3631 3620
f 3615 3620 3633
f 3615 3633 3621
f 3615 3621 3616
f 3616 3622 3617
f 3616 3621 3623
f 3616 3623 3622
f 3617 3622 3618
f 3618 3624 3619
f 3618 3622 3625
f 3618 3625 3626
f 3618 3626 3627
f 3618 3627 3624
f 3619 3624 3629
f 3619 3629 3630
f 3619 3630 3628
f 3620 3631 3632
f 3620 3632 3633
f 3621 3633 3632
f 3621 3632 3643
f 3621 3643 3656
f 3621 3656 3671
f 3621 3671 3694
f 3621 3694 3711
f 3621 3711 3704
f 3621 3704 3678
f 3621 3678 3660
f 3621 3660 3645
f 3621 3645 3635
f 3621 3635 3623
f 3622 3634 3644
f 3622 3644 3659
f 3622 3659 3663
f 3622 3663 3647
f 3622 3647 3638
f 3622 3638 3637
f 3622 3637 3636
f 3622 3636 3627
f 3622 3627 3626
f 3622 3626 3625
f 3622 3623 3635
f 3622 3635 3634
f 3624 3627 3636
f 3624 3636 3629
f 3628 3630 3637
f 3628 3637 3638
f 3628 3638 3639
f 3628 3639 3648
f 3628 3648 3640
f 3629 3636 3637
f 3629 3637 3630
f 3631 3641 3632
f 3632 3642 3643
f 3632 3641 3642
f 3634 3635 3644
f 3635 3645 3646
f 3635 3646 3644
f 3638 3647 3648
f 3638 3648 3639
f 3640 3648 3649
f 3641 3649 3648
f 3641 3648 3650
f 3641 3650 3651
f 3641 3651 3652
f 3641 3652 3653
f 3641 3653 3654
f 3641 3654 3655
f 3641 3655 3642
f 3642 3655 3643
f 3643 3655 3657
f 3643 3657 3658
f 3643 3658 3656
f 3644 3646 3659
f 3645 3660 3661
f 3645 3661 3646
f 3646 3662 3659
f 3646 3661 3662
f 3647 3663 3648
f 3648 3664 3665
f 3648 3665 3650
f 3648 3663 3664
f 3650 3665 3651
f 3651 3666 3667
f 3651 3667 3668
f 3651 3668 3669
f 3651 3669 3652
f 3651 3665 3666
f 3652 3669 3653
f 3653 3669 3670
f 3653 3670 3654
f 3654 3670 3655
f 3655 3670 3657
f 3656 3658 3672
f 3656 3672 3671
f 3657 3670 3673
f 3657 3673 3658
f 3658 3673 3672
f 3659 3662 3674
f 3659 3674 3675
f 3659 3675 3676
f 3659 3676 3677
f 3659 3677 3663
f 3660 3678 3679
f 3660 3679 3661
f 3661 3679 3680
f 3661 3680 3662
f 3662 3680 3674
f 3663 3677 3681
f 3663 3681 3682
f 3663 3682 3683
f 3663 3683 3684
f 3663 3684 3664
f 3664 3684 3683
f 3664 3683 3682
f 3664 3682 3665
f 3665 3682 3685
f 3665 3685 3686
f 3665 3686 3687
f 3665 3687 3666
f 3666 3688 3689
f 3666 3689 3667
f 3666 3687 3688
f 3667 3689 3690
f 3667 3690 3668
f 3668 3691 3673
f 3668 3673 3692
f 3668 3692 3670
f 3668 3670 3669
f 3668 3690 3693
f 3668 3693 3691
f 3670 3692 3673
f 3671 3672 3694
f 3672 3673 3695
f 3672 3695 3694
f 3673 3691 3693
f 3673 3693 3696
f 3673 3696 3697
f 3673 3697 3698
f 3673 3698 3699
f 3673 3699 3695
f 3674 3680 3675
f 3675 3680 3700
f 3675 3700 3676
f 3676 3700 3701
f 3676 3701 3702
f 3676 3702 3677
f 3677 3702 3681
f 3678 3703 3679
f 3678 3704 3703
f 3679 3705 3680
f 3679 3703 3706
f 3679 3706 3705
f 3680 3705 3700
f 3681 3702 3682
f 3682 3702 3707
f 3682 3707 3685
f 3685 3707 3686
f 3686 3689 3687
f 3686 3707 3689
f 3687 3689 3688
f 3689 3707 3690
f 3690 3707 3708
f 3690 3708 3693
f 3693 3709 3696
f 3693 3708 3710
f 3693 3710 3709
f 3694 3695 3711
f 3695 3699 3711
f 3696 3709 3697
f 3697 3709 3712
f 3697 3712 3706
f 3697 3706 3698
f 3698 3704 3699
f 3698 3706 3703
f 3698 3703 3704
f 3699 3704 3711
f 3700 3705 3706
f 3700 3706 3713
f 3700 3713 3710
f 3700 3710 3701
f 3701 3710 3708
f 3701 3708 3702
f 3702 3708 3707
f 3706 3712 3713
f 3709 3710 3713
f 3709 3713 3712

o geometry_31
v -0.00398366 -0.00657513 0.02907233
v -0.00398366 -0.00657484 0.02908279
v -0.00398456 -0.00657427 0.02908541
v -0.00414196 -0.00645630 0.02908541
v -0.00414196 -0.00645630 0.02907233
v -0.00433178 -0.00627392 0.00709930
v -0.00411471 -0.00643664 0.00709930
v -0.00398366 -0.00653381 0.00709930
v -0.00398366 -0.00656886 0.02908541
v -0.00532525 -0.00446413 0.02956416
v -0.00582784 -0.00446413 0.02956416
v -0.00434845 -0.00629900 0.02908541
v -0.00449593 -0.00613828 0.00709930
v -0.00467540 -0.00597044 0.00381604
v -0.00436353 -0.00628703 0.02908541
v -0.00452093 -0.00616051 0.02907233
v -0.00444279 -0.00608072 0.00381604
v -0.00398366 -0.00652782 0.00703390
v -0.00398366 -0.00611748 0.02908541
v -0.00534439 -0.00442253 0.02956416
v -0.00595551 -0.00433390 0.02956416
v -0.00487107 -0.00584107 0.02908541
v -0.00470692 -0.00599666 0.02908541
v -0.00452093 -0.00616051 0.02908541
v -0.00467923 -0.00597357 0.00644526
v -0.00467607 -0.00597101 0.00414829
v -0.00470692 -0.00599666 0.02907233
v -0.00484000 -0.00580117 0.00414829
v -0.00483932 -0.00580060 0.00381865
v -0.00484045 -0.00579918 0.00381604
v -0.00566842 -0.00446413 0.00318816
v -0.00560852 -0.00446413 0.00310968
v -0.00555560 -0.00446413 0.00304427
v -0.00541037 -0.00446413 0.00294486
v -0.00538875 -0.00446413 0.00293701
v -0.00411471 -0.00611577 0.00381604
v -0.00532097 -0.00446413 0.00291870
v -0.00398366 -0.00611263 0.00381604
v -0.00573394 -0.00366396 0.02956416
v -0.00398366 -0.00581029 0.00611563
v -0.00532097 -0.00366396 0.00324833
v -0.00626423 -0.00366396 0.02956416
v -0.00626760 -0.00366396 0.02954846
v -0.00596902 -0.00435870 0.02939934
v -0.00590643 -0.00446413 0.02939934
v -0.00532683 -0.00532614 0.02908541
v -0.00519127 -0.00549028 0.02908541
v -0.00502757 -0.00567721 0.02908541
v -0.00502127 -0.00568405 0.02908541
v -0.00487107 -0.00584107 0.02907233
v -0.00486184 -0.00582967 0.02087070
v -0.00485306 -0.00581855 0.01366060
v -0.00485081 -0.00581513 0.01169326
v -0.00500032 -0.00565014 0.01103660
v -0.00499064 -0.00563903 0.00513457
v -0.00498839 -0.00563646 0.00381604
v -0.00500303 -0.00565299 0.01267693
v -0.00515097 -0.00545238 0.00381604
v -0.00529620 -0.00528739 0.00381604
v -0.00578461 -0.00446413 0.00343931
v -0.00590620 -0.00425013 0.00338437
v -0.00596857 -0.00403156 0.00324833
v -0.00588526 -0.00387027 0.00302857
v -0.00560717 -0.00429344 0.00298933
v -0.00566031 -0.00410024 0.00296056
v -0.00542680 -0.00410024 0.00287945
v -0.00532097 -0.00420596 0.00287161
v -0.00398366 -0.00580773 0.00381604
v -0.00532097 -0.00387825 0.00284283
v -0.00532097 -0.00377225 0.00283760
v -0.00398366 -0.00581001 0.00598482
v -0.00398366 -0.00580972 0.00578861
v -0.00532097 -0.00366396 0.00284544
v -0.00628269 -0.00366396 0.02939934
v -0.00627549 -0.00368476 0.02939934
v -0.00627594 -0.00368562 0.02907233
v -0.00596925 -0.00435841 0.02907233
v -0.00590643 -0.00446413 0.02928162
v -0.00561212 -0.00495113 0.02908541
v -0.00560717 -0.00495797 0.02908541
v -0.00549075 -0.00511527 0.02908541
v -0.00533336 -0.00531788 0.02908541
v -0.00532683 -0.00532614 0.02907233
v -0.00519127 -0.00549028 0.02907233
v -0.00502757 -0.00567721 0.02907233
v -0.00502644 -0.00567607 0.02808604
v -0.00502532 -0.00567493 0.02710498
v -0.00501991 -0.00566895 0.02316768
v -0.00501519 -0.00566410 0.01988703
v -0.00500956 -0.00565926 0.01660900
v -0.00516313 -0.00546349 0.01037995
v -0.00515502 -0.00545466 0.00545898
v -0.00515209 -0.00545152 0.00381865
v -0.00549481 -0.00505172 0.01135577
v -0.00559073 -0.00492036 0.01145780
v -0.00559006 -0.00492007 0.01124066
v -0.00556911 -0.00490696 0.00381604
v -0.00580217 -0.00446413 0.00349163
v -0.00529891 -0.00529052 0.00545898
v -0.00547139 -0.00508506 0.01169326
v -0.00583707 -0.00440315 0.00349163
v -0.00592534 -0.00427720 0.00360151
v -0.00599041 -0.00412446 0.00349163
v -0.00611629 -0.00377225 0.00349163
v -0.00600415 -0.00376541 0.00315153
v -0.00593052 -0.00366396 0.00298933
v -0.00591476 -0.00366396 0.00298148
v -0.00576749 -0.00376541 0.00293701
v -0.00542680 -0.00377225 0.00284544
v -0.00542680 -0.00366396 0.00285068
v -0.00628382 -0.00366396 0.02907233
v -0.00623225 -0.00366396 0.00710192
v -0.00617956 -0.00378450 0.00710192
v -0.00602352 -0.00410024 0.00381865
v -0.00584450 -0.00444817 0.00381865
v -0.00568035 -0.00474168 0.00381865
v -0.00569409 -0.00475650 0.01333358
v -0.00559568 -0.00492776 0.01530092
v -0.00560267 -0.00493802 0.02120034
v -0.00560784 -0.00494515 0.02546466
v -0.00561212 -0.00495113 0.02907233
v -0.00547747 -0.00509475 0.01693602
v -0.00548040 -0.00509931 0.01956001
v -0.00548760 -0.00511042 0.02612131
v -0.00549053 -0.00511470 0.02874531
v -0.00549075 -0.00511527 0.02907233
v -0.00532367 -0.00532244 0.02612131
v -0.00519015 -0.00548914 0.02808604
v -0.00518384 -0.00548258 0.02316768
v -0.00518159 -0.00548030 0.02152736
v -0.00530476 -0.00529793 0.00939628
v -0.00559096 -0.00492121 0.01169326
v -0.00568013 -0.00474140 0.00381604
v -0.00547184 -0.00508563 0.01202027
v -0.00612237 -0.00366396 0.00349163
v -0.00604536 -0.00366396 0.00325618
v -0.00622820 -0.00366396 0.00680629
v -0.00600708 -0.00366396 0.00314369
v -0.00594110 -0.00366396 0.00300765
v -0.00577177 -0.00366396 0.00293701
v -0.00553759 -0.00366396 0.00287422
v -0.00623000 -0.00366396 0.00691617
v -0.00547454 -0.00508991 0.01431464
v -0.00530566 -0.00529907 0.01005293
v -0.00531624 -0.00531275 0.01923038
v -0.00531827 -0.00531588 0.02120034
f 3714 3715 3716
f 3714 3716 3717
f 3714 3717 3718
f 3714 3718 3719
f 3714 3719 3720
f 3714 3720 3721
f 3714 3721 3731
f 3714 3731 3751
f 3714 3751 3781
f 3714 3781 3785
f 3714 3785 3784
f 3714 3784 3753
f 3714 3753 3732
f 3714 3732 3722
f 3714 3722 3715
f 3715 3722 3716
f 3716 3722 3723
f 3716 3723 3724
f 3716 3724 3717
f 3717 3724 3725
f 3717 3725 3718
f 3718 3725 3719
f 3719 3726 3727
f 3719 3727 3720
f 3719 3725 3728
f 3719 3728 3729
f 3719 3729 3726
f 3720 3727 3721
f 3721 3727 3730
f 3721 3730 3731
f 3722 3732 3723
f 3723 3733 3752
f 3723 3752 3755
f 3723 3755 3734
f 3723 3734 3724
f 3723 3732 3733
f 3724 3734 3735
f 3724 3735 3736
f 3724 3736 3737
f 3724 3737 3728
f 3724 3728 3725
f 3726 3738 3739
f 3726 3739 3727
f 3726 3729 3740
f 3726 3740 3738
f 3727 3739 3741
f 3727 3741 3742
f 3727 3742 3743
f 3727 3743 3744
f 3727 3744 3745
f 3727 3745 3746
f 3727 3746 3747
f 3727 3747 3748
f 3727 3748 3730
f 3728 3737 3729
f 3729 3737 3736
f 3729 3736 3740
f 3730 3749 3731
f 3730 3748 3750
f 3730 3750 3749
f 3731 3749 3751
f 3732 3752 3733
f 3732 3753 3754
f 3732 3754 3752
f 3734 3755 3756
f 3734 3756 3757
f 3734 3757 3758
f 3734 3758 3759
f 3734 3759 3760
f 3734 3760 3761
f 3734 3761 3762
f 3734 3762 3735
f 3735 3762 3763
f 3735 3763 3740
f 3735 3740 3736
f 3738 3740 3763
f 3738 3763 3739
f 3739 3763 3764
f 3739 3764 3765
f 3739 3765 3766
f 3739 3766 3741
f 3741 3767 3768
f 3741 3768 3769
f 3741 3769 3742
f 3741 3766 3770
f 3741 3770 3767
f 3742 3769 3743
f 3743 3769 3744
f 3744 3769 3771
f 3744 3771 3772
f 3744 3772 3773
f 3744 3773 3774
f 3744 3774 3775
f 3744 3775 3745
f 3745 3775 3776
f 3745 3776 3746
f 3746 3776 3777
f 3746 3777 3747
f 3747 3777 3778
f 3747 3778 3748
f 3748 3779 3750
f 3748 3778 3779
f 3749 3750 3751
f 3750 3779 3780
f 3750 3780 3751
f 3751 3780 3782
f 3751 3782 3783
f 3751 3783 3781
f 3752 3754 3786
f 3752 3786 3823
f 3752 3823 3854
f 3752 3854 3853
f 3752 3853 3820
f 3752 3820 3819
f 3752 3819 3852
f 3752 3852 3851
f 3752 3851 3849
f 3752 3849 3848
f 3752 3848 3850
f 3752 3850 3855
f 3752 3855 3825
f 3752 3825 3824
f 3752 3824 3787
f 3752 3787 3756
f 3752 3756 3755
f 3753 3784 3754
f 3754 3784 3785
f 3754 3785 3781
f 3754 3781 3786
f 3756 3787 3788
f 3756 3788 3757
f 3757 3788 3789
f 3757 3789 3790
f 3757 3790 3758
f 3758 3790 3791
f 3758 3791 3834
f 3758 3834 3792
f 3758 3792 3793
f 3758 3793 3794
f 3758 3794 3795
f 3758 3795 3759
f 3759 3795 3796
f 3759 3796 3797
f 3759 3797 3760
f 3760 3797 3798
f 3760 3798 3761
f 3761 3798 3762
f 3762 3798 3799
f 3762 3799 3800
f 3762 3800 3763
f 3763 3800 3764
f 3764 3800 3765
f 3765 3800 3766
f 3766 3800 3801
f 3766 3801 3802
f 3766 3802 3803
f 3766 3803 3770
f 3767 3804 3805
f 3767 3805 3768
f 3767 3770 3804
f 3768 3805 3769
f 3769 3805 3806
f 3769 3806 3771
f 3770 3803 3804
f 3771 3806 3772
f 3772 3807 3808
f 3772 3808 3809
f 3772 3809 3810
f 3772 3810 3811
f 3772 3811 3773
f 3772 3806 3805
f 3772 3805 3812
f 3772 3812 3813
f 3772 3813 3807
f 3773 3811 3774
f 3774 3811 3814
f 3774 3814 3815
f 3774 3815 3816
f 3774 3816 3775
f 3775 3816 3817
f 3775 3817 3818
f 3775 3818 3776
f 3776 3818 3819
f 3776 3819 3777
f 3777 3819 3778
f 3778 3820 3821
f 3778 3821 3779
f 3778 3819 3820
f 3779 3821 3822
f 3779 3822 3780
f 3780 3822 3782
f 3781 3783 3786
f 3782 3822 3783
f 3783 3822 3823
f 3783 3823 3786
f 3787 3824 3788
f 3788 3824 3789
f 3789 3824 3825
f 3789 3825 3826
f 3789 3826 3790
f 3790 3826 3827
f 3790 3827 3828
f 3790 3828 3829
f 3790 3829 3830
f 3790 3830 3791
f 3791 3830 3831
f 3791 3831 3832
f 3791 3832 3833
f 3791 3833 3834
f 3792 3834 3793
f 3793 3834 3833
f 3793 3833 3835
f 3793 3835 3836
f 3793 3836 3837
f 3793 3837 3838
f 3793 3838 3839
f 3793 3839 3794
f 3794 3839 3795
f 3795 3839 3838
f 3795 3838 3840
f 3795 3840 3796
f 3796 3840 3841
f 3796 3841 3797
f 3797 3841 3799
f 3797 3799 3798
f 3799 3841 3800
f 3800 3841 3842
f 3800 3842 3843
f 3800 3843 3801
f 3801 3843 3802
f 3802 3843 3804
f 3802 3804 3803
f 3804 3844 3812
f 3804 3812 3805
f 3804 3843 3844
f 3807 3813 3845
f 3807 3845 3808
f 3808 3829 3809
f 3808 3845 3829
f 3809 3829 3810
f 3810 3829 3846
f 3810 3846 3811
f 3811 3846 3829
f 3811 3829 3815
f 3811 3815 3814
f 3812 3844 3813
f 3813 3847 3845
f 3813 3844 3847
f 3815 3829 3828
f 3815 3828 3827
f 3815 3827 3816
f 3816 3827 3817
f 3817 3848 3849
f 3817 3849 3818
f 3817 3827 3850
f 3817 3850 3848
f 3818 3851 3852
f 3818 3852 3819
f 3818 3849 3851
f 3820 3853 3821
f 3821 3853 3822
f 3822 3853 3854
f 3822 3854 3823
f 3825 3855 3827
f 3825 3827 3826
f 3827 3855 3850
f 3829 3845 3831
f 3829 3831 3830
f 3831 3845 3847
f 3831 3847 3856
f 3831 3856 3835
f 3831 3835 3832
f 3832 3835 3833
f 3835 3856 3857
f 3835 3857 3836
f 3836 3857 3837
f 3837 3857 3838
f 3838 3857 3858
f 3838 3858 3859
f 3838 3859 3840
f 3840 3859 3841
f 3841 3859 3858
f 3841 3858 3842
f 3842 3858 3857
f 3842 3857 3843
f 3843 3857 3844
f 3844 3857 3847
f 3847 3857 3856

