# https://github.com/mikedh/trimesh

o geometry_0
v 0.01997333 0.00657812 0.02169036
v 0.00459923 0.00422540 0.02276665
v 0.00392460 0.00422540 0.02276665
v 0.00488744 0.00537218 0.02276665
v 0.00614205 0.00635564 0.02276665
v 0.00813462 0.00720460 0.02276665
v 0.00985961 0.00758217 0.02276665
v 0.01113486 0.00770585 0.02276665
v 0.01730328 0.00798080 0.02303142
v 0.02044016 0.00657812 0.02188306
v 0.02797777 0.00505023 0.02571511
v 0.03203407 0.00461101 0.03095714
v 0.01406963 0.00422540 0.03070021
v 0.00556136 0.00526237 0.02372271
v 0.00715541 0.00587315 0.02464821
v 0.00822001 0.00678682 0.02400431
v 0.01239302 0.00766105 0.02444141
v 0.01952927 0.00810831 0.02528114
v 0.02121157 0.00813665 0.02696060
v 0.01998187 0.00705181 0.02234366
v 0.02302054 0.00657812 0.02334788
v 0.02819980 0.00505023 0.02584984
v 0.02938395 0.00505023 0.02715956
v 0.03020375 0.00505023 0.02823978
v 0.03125341 0.00505942 0.02992315
v 0.03239273 0.00461101 0.03166214
v 0.01406963 0.00422540 0.03131277
v 0.03284391 0.00461101 0.03315517
v 0.03299620 0.00461101 0.03535162
v 0.00525678 0.00462499 0.02402781
v 0.00751692 0.00632615 0.02428631
v 0.02205130 0.00811099 0.02780033
v 0.02101516 0.00797888 0.02547697
v 0.02310024 0.00776463 0.02612087
v 0.02354572 0.00714448 0.02463411
v 0.01925885 0.00759480 0.02303142
v 0.02414634 0.00657812 0.02404348
v 0.03056882 0.00568465 0.02967483
v 0.01021970 0.00422540 0.02870586
v 0.03276278 0.00461101 0.03610988
v 0.03202838 0.00461101 0.03610988
v 0.01997333 0.00476686 0.03461216
v 0.03247244 0.00518119 0.03367373
v 0.03227602 0.00540329 0.03409360
v 0.00669143 0.00507857 0.02511038
v 0.01134835 0.00713490 0.02591094
v 0.01175540 0.00755689 0.02465918
v 0.01634685 0.00756110 0.02803846
v 0.02259000 0.00797687 0.02673892
v 0.02289102 0.00756417 0.02525607
v 0.02466868 0.00755661 0.02665941
v 0.02477542 0.00713414 0.02549577
v 0.02665128 0.00637976 0.02571511
v 0.02778990 0.00594208 0.02625717
v 0.02853569 0.00628403 0.02761390
v 0.03127760 0.00566139 0.03106681
v 0.01734812 0.00527214 0.03274764
v 0.01259940 0.00462345 0.03010880
v 0.03238134 0.00508278 0.03610988
v 0.02759064 0.00553349 0.03768751
v 0.02684627 0.00553349 0.03760291
v 0.02566211 0.00553349 0.03726059
v 0.02427016 0.00553349 0.03661278
v 0.02093546 0.00553349 0.03476099
v 0.03191451 0.00545882 0.03220107
v 0.00902273 0.00630567 0.02571745
v 0.01853334 0.00729339 0.03068298
v 0.02006726 0.00756455 0.03056705
v 0.02467010 0.00787061 0.02843678
v 0.02543937 0.00765655 0.02796052
v 0.02637659 0.00714180 0.02703697
v 0.02632109 0.00675350 0.02604410
v 0.02961167 0.00609640 0.02883432
v 0.02759064 0.00587927 0.03724414
v 0.03149679 0.00567393 0.03610988
v 0.03044571 0.00612397 0.03610988
v 0.02686762 0.00587889 0.03724414
v 0.02551267 0.00591374 0.03686345
v 0.02352295 0.00587583 0.03598142
v 0.03151600 0.00589421 0.03270632
v 0.00636977 0.00422540 0.02550517
v 0.00841642 0.00545192 0.02632453
v 0.01062960 0.00675408 0.02619059
v 0.02194526 0.00731220 0.03262485
v 0.02391008 0.00797927 0.02970382
v 0.02407660 0.00798520 0.02926907
v 0.02774435 0.00673340 0.02755358
v 0.01497198 0.00528525 0.03118587
v 0.01300503 0.00547069 0.02969755
v 0.00952515 0.00465035 0.02793232
v 0.03002442 0.00637632 0.03573545
v 0.02672458 0.00636282 0.03630807
v 0.02522090 0.00631390 0.03622151
v 0.02309597 0.00629820 0.03535397
v 0.01979115 0.00583677 0.03385233
v 0.03021229 0.00628346 0.03035398
v 0.03067628 0.00631122 0.03170287
v 0.03090827 0.00631448 0.03325543
v 0.03158432 0.00586884 0.03485029
v 0.00800083 0.00460641 0.02674127
v 0.01028659 0.00629801 0.02675380
v 0.01833942 0.00714697 0.03097046
v 0.02089560 0.00715979 0.03268047
v 0.02582864 0.00774242 0.03136604
v 0.02651536 0.00764592 0.02973397
v 0.02762622 0.00717473 0.02872622
v 0.03051402 0.00636349 0.03512837
v 0.02918470 0.00678337 0.03489259
v 0.02056825 0.00630356 0.03389150
v 0.02888296 0.00677686 0.02936307
v 0.02952058 0.00677878 0.03073311
v 0.02976254 0.00682703 0.03241413
v 0.01007880 0.00588272 0.02717523
v 0.01668559 0.00676193 0.03060621
v 0.02259783 0.00714563 0.03349513
v 0.02392146 0.00713720 0.03388836
v 0.02680642 0.00757738 0.03231309
v 0.02721703 0.00754847 0.03115533
v 0.02824819 0.00717894 0.02989652
v 0.01770536 0.00590349 0.03243920
v 0.02973692 0.00678261 0.03409360
v 0.02837272 0.00714457 0.03390246
v 0.02498891 0.00684656 0.03493332
v 0.02377060 0.00681573 0.03478527
v 0.02207834 0.00670200 0.03428394
v 0.01888026 0.00672440 0.03221674
v 0.02852288 0.00723619 0.03178512
v 0.02852430 0.00722547 0.03283557
v 0.01550499 0.00631687 0.03044641
f 1 2 3
f 1 3 4
f 1 4 5
f 1 5 6
f 1 6 7
f 1 7 8
f 1 8 9
f 1 10 11
f 1 11 2
f 2 11 12
f 2 12 13
f 2 13 27
f 2 27 39
f 2 39 81
f 2 81 3
f 5 4 15
f 5 16 6
f 7 17 8
f 8 18 9
f 8 17 19
f 8 19 18
f 9 20 1
f 1 20 10
f 10 20 21
f 11 10 21
f 11 21 22
f 11 22 12
f 12 22 23
f 12 23 24
f 12 24 25
f 12 25 26
f 12 26 13
f 13 26 28
f 13 28 29
f 13 29 27
f 3 30 4
f 4 30 14
f 14 15 4
f 16 5 31
f 9 18 33
f 9 33 34
f 20 35 21
f 20 9 36
f 21 35 37
f 21 37 22
f 25 24 38
f 27 29 40
f 27 40 41
f 27 41 42
f 29 28 43
f 29 43 44
f 14 45 15
f 5 15 31
f 16 46 6
f 7 6 47
f 17 7 47
f 17 47 48
f 17 48 19
f 19 49 18
f 18 49 33
f 19 48 32
f 19 32 49
f 9 34 50
f 9 50 36
f 33 49 34
f 34 51 50
f 36 35 20
f 35 52 37
f 37 52 53
f 37 53 22
f 23 22 54
f 23 54 55
f 23 55 24
f 25 38 56
f 26 25 56
f 27 42 57
f 27 57 58
f 27 58 39
f 29 59 40
f 40 60 41
f 41 60 61
f 41 61 42
f 42 61 62
f 42 62 63
f 28 26 65
f 28 65 43
f 14 30 45
f 31 66 16
f 6 46 47
f 47 67 48
f 32 48 68
f 32 69 49
f 50 35 36
f 34 49 70
f 34 70 51
f 52 71 72
f 52 72 53
f 53 54 22
f 55 73 24
f 24 73 38
f 26 56 65
f 60 40 59
f 60 59 75
f 60 75 76
f 60 76 74
f 60 77 61
f 61 77 78
f 62 78 63
f 63 78 79
f 42 63 64
f 64 57 42
f 65 56 80
f 43 65 80
f 43 80 44
f 29 44 59
f 30 3 81
f 30 81 45
f 31 15 66
f 66 83 16
f 16 83 46
f 47 46 67
f 48 67 68
f 68 67 84
f 49 69 70
f 32 68 85
f 32 85 86
f 50 51 52
f 50 52 35
f 51 71 52
f 51 70 71
f 71 87 72
f 72 87 53
f 53 87 55
f 53 55 54
f 57 88 58
f 58 88 89
f 58 89 90
f 58 90 39
f 75 91 76
f 76 91 74
f 60 74 77
f 77 92 93
f 61 78 62
f 79 64 63
f 64 79 95
f 56 38 96
f 56 96 97
f 56 97 80
f 80 98 44
f 44 98 99
f 44 99 59
f 45 81 100
f 45 100 82
f 45 82 15
f 15 82 66
f 83 66 101
f 46 102 67
f 67 102 103
f 67 103 84
f 68 84 85
f 85 84 104
f 85 104 86
f 32 86 69
f 69 86 105
f 70 69 105
f 70 105 106
f 70 106 71
f 71 106 87
f 73 96 38
f 73 55 87
f 75 59 99
f 75 107 91
f 91 107 108
f 91 108 92
f 91 92 74
f 74 92 77
f 93 78 77
f 78 94 79
f 57 64 95
f 95 79 94
f 95 94 109
f 96 73 110
f 96 111 97
f 97 111 112
f 97 98 80
f 66 113 101
f 83 101 114
f 83 114 46
f 46 114 102
f 84 103 115
f 104 84 116
f 104 116 117
f 84 115 116
f 106 105 119
f 87 106 110
f 87 110 73
f 95 120 57
f 57 120 88
f 88 120 89
f 89 120 113
f 90 100 39
f 39 100 81
f 75 99 107
f 107 121 108
f 92 123 93
f 93 123 124
f 78 93 94
f 94 125 109
f 95 109 120
f 96 110 111
f 111 110 119
f 112 98 97
f 100 90 82
f 113 66 82
f 114 126 102
f 103 125 115
f 102 126 103
f 116 115 124
f 116 124 123
f 86 104 105
f 104 118 105
f 105 118 119
f 106 119 110
f 89 82 90
f 92 108 122
f 92 122 123
f 99 98 107
f 107 98 121
f 108 121 122
f 122 128 117
f 124 125 93
f 93 125 94
f 125 126 109
f 112 111 127
f 98 112 121
f 82 89 113
f 113 129 101
f 101 129 114
f 114 129 126
f 126 129 109
f 115 125 124
f 103 126 125
f 104 117 118
f 123 122 116
f 116 122 117
f 118 117 128
f 118 128 127
f 118 127 119
f 119 127 111
f 120 109 129
f 120 129 113
f 121 112 128
f 121 128 122
f 112 127 128

o geometry_1
v 0.00310546 -0.00146825 0.02276522
v 0.00312225 0.00172826 0.02276522
v 0.00331405 0.00125810 0.02304261
v 0.00320616 -0.00232319 0.02276522
v 0.00467107 -0.00188800 0.02461447
v 0.00465669 -0.00104746 0.02462907
v 0.00340995 0.00314699 0.02276522
v 0.00461233 0.00125810 0.02457513
v 0.00469745 0.00230748 0.02458365
v 0.00338598 0.00262075 0.02295501
v 0.00350166 -0.00337540 0.02276522
v 0.00465189 -0.00329850 0.02421055
v 0.00459915 0.00301016 0.02426895
v 0.00589623 -0.00185457 0.02590651
v 0.00546107 0.00122106 0.02549935
v 0.00392543 0.00422415 0.02276522
v 0.00403092 -0.00437463 0.02276522
v 0.00630381 -0.00336743 0.02591867
v 0.00588544 0.00158989 0.02591624
v 0.00595377 0.00251684 0.02584892
v 0.00624867 0.00306571 0.02597220
v 0.00745464 -0.00230673 0.02727479
v 0.00760179 -0.00136305 0.02749114
v 0.00752297 0.00125810 0.02742403
v 0.00735964 0.00209760 0.02722694
v 0.00516257 0.00422415 0.02423975
v 0.00525848 -0.00461795 0.02402482
v 0.00633498 0.00422415 0.02546934
v 0.01997232 0.00553074 0.03417865
v 0.00459675 0.00422415 0.02276522
v 0.01997232 0.00553074 0.03352979
v 0.00443371 -0.00487978 0.02276522
v 0.00633019 -0.00416578 0.02547258
v 0.00760329 -0.00327175 0.02714340
v 0.00894173 -0.00288826 0.02835656
v 0.00878050 0.00146797 0.02846545
v 0.00776393 0.00296746 0.02739239
v 0.01596120 0.00476531 0.03220287
v 0.00774715 0.00422415 0.02677517
v 0.01406952 0.00476531 0.03098788
v 0.00517216 -0.00487978 0.02276522
v 0.02758938 0.00553074 0.03691035
v 0.01406952 -0.00497751 0.03080783
v 0.00800369 -0.00459994 0.02673948
v 0.00881406 -0.00215138 0.02843949
v 0.00876971 -0.00127895 0.02845734
v 0.00880927 0.00201016 0.02844274
v 0.00885482 0.00372929 0.02798529
v 0.01865486 0.00465162 0.03390451
v 0.00924083 0.00422415 0.02801125
v 0.01173250 0.00402932 0.02986800
v 0.01406952 -0.00497751 0.03014275
v 0.02758938 -0.00459686 0.03791932
v 0.01997232 -0.00497751 0.03390775
v 0.02758938 0.00553074 0.03768898
v 0.01020405 -0.00487978 0.02823753
v 0.00774475 -0.00487978 0.02621796
v 0.01681713 -0.00497751 0.03261490
v 0.00914013 -0.00440575 0.02780077
v 0.00900707 -0.00340395 0.02824240
v 0.01049236 -0.00175529 0.02969503
v 0.02064604 0.00538876 0.03468638
v 0.01448310 0.00400373 0.03168460
v 0.02758938 -0.00459686 0.03849681
v 0.01997232 -0.00497751 0.03449821
v 0.01347852 -0.00457834 0.03071536
v 0.01096348 -0.00457319 0.02903076
v 0.01117087 -0.00286949 0.02994322
v 0.01046598 -0.00000065 0.02971612
v 0.01049236 0.00175604 0.02969666
v 0.00937509 0.00285275 0.02869741
v 0.01045460 0.00335507 0.02930369
v 0.01801471 0.00426119 0.03370012
v 0.02165901 0.00492117 0.03550151
v 0.02601538 -0.00459686 0.03793717
v 0.02168178 -0.00459686 0.03564345
v 0.02758938 0.00511407 0.03814967
v 0.01551046 -0.00423163 0.03222396
v 0.01069375 -0.00380030 0.02928260
v 0.01213349 -0.00182473 0.03076809
v 0.01171631 -0.00054515 0.03056045
v 0.01288153 0.00321643 0.03096964
v 0.02758938 -0.00390344 0.03883583
v 0.02679579 -0.00389315 0.03853898
v 0.02602377 -0.00421105 0.03808802
v 0.02582477 0.00553074 0.03732562
v 0.01505492 -0.00347134 0.03224667
v 0.01841630 -0.00428718 0.03392073
v 0.01278563 -0.00361126 0.03075673
v 0.01372247 -0.00283168 0.03159741
v 0.01253448 -0.00000065 0.03109373
v 0.01209992 0.00115316 0.03078877
v 0.01188534 0.00202919 0.03058478
v 0.01079205 0.00251684 0.02977533
v 0.01501776 0.00330543 0.03227019
v 0.01994265 0.00406649 0.03485610
v 0.02468114 0.00553074 0.03682924
v 0.02194192 -0.00413801 0.03593827
v 0.02758938 0.00416242 0.03871580
v 0.01572624 -0.00207962 0.03289959
v 0.01575501 -0.00125837 0.03298232
v 0.02304600 0.00448598 0.03643181
v 0.01870101 -0.00373934 0.03425084
v 0.02758938 -0.00272648 0.03911971
v 0.02634984 -0.00272751 0.03855683
v 0.02686771 0.00504000 0.03808478
v 0.01546730 -0.00272648 0.03266681
v 0.01561775 0.00057574 0.03292554
v 0.01594442 0.00179102 0.03305450
v 0.01549128 0.00286407 0.03265464
v 0.02084683 0.00327276 0.03553618
v 0.02544116 0.00384015 0.03787877
v 0.02587272 0.00477842 0.03779441
v 0.02083185 -0.00317414 0.03554490
v 0.02122984 -0.00233939 0.03586913
v 0.01951439 -0.00104849 0.03503839
v 0.02679818 0.00389185 0.03853898
v 0.02758938 -0.00123419 0.03929490
v 0.01748725 -0.00000014 0.03396696
v 0.02610649 -0.00127020 0.03855926
v 0.02065802 0.00104719 0.03565562
v 0.02225241 0.00253999 0.03640748
v 0.02634025 0.00260378 0.03856210
v 0.02758938 0.00272621 0.03911809
v 0.02435027 0.00000038 0.03766627
v 0.02717220 0.00251736 0.03898102
v 0.02758938 0.00000089 0.03933627
v 0.02758938 0.00118094 0.03929977
v 0.02608881 0.00125154 0.03854872
f 130 131 136
f 130 136 145
f 130 145 159
f 130 159 170
f 130 170 161
f 130 161 146
f 130 146 140
f 130 140 133
f 131 130 132
f 133 134 130
f 132 130 135
f 134 135 130
f 135 137 132
f 132 137 131
f 131 139 136
f 131 138 139
f 133 140 141
f 133 141 134
f 137 138 131
f 138 142 139
f 134 143 135
f 137 135 144
f 137 144 138
f 139 142 136
f 140 146 141
f 134 141 147
f 134 147 143
f 143 144 135
f 144 148 138
f 138 148 149
f 143 151 152
f 143 148 144
f 143 152 148
f 148 153 154
f 148 154 149
f 138 149 142
f 142 149 150
f 136 142 145
f 145 142 155
f 146 156 141
f 143 147 151
f 148 152 153
f 142 150 157
f 142 157 155
f 145 158 160
f 145 160 159
f 146 161 156
f 141 156 162
f 141 162 147
f 147 162 163
f 152 165 153
f 154 166 149
f 149 166 150
f 145 155 158
f 158 226 215
f 158 215 184
f 158 184 171
f 158 171 160
f 158 155 157
f 158 157 168
f 158 168 169
f 158 169 167
f 159 160 171
f 159 171 170
f 162 173 163
f 163 151 147
f 151 163 164
f 152 151 175
f 153 165 154
f 154 165 176
f 154 176 166
f 167 178 158
f 169 168 179
f 169 179 180
f 170 181 161
f 170 171 182
f 170 182 183
f 170 183 181
f 171 184 206
f 171 206 228
f 171 228 253
f 171 253 257
f 171 257 256
f 171 256 247
f 171 247 233
f 171 233 212
f 171 212 193
f 171 193 182
f 172 185 186
f 172 186 161
f 172 161 181
f 172 181 183
f 172 183 194
f 172 194 187
f 156 161 186
f 156 186 173
f 156 173 162
f 173 188 163
f 163 189 164
f 164 174 151
f 174 164 190
f 151 174 175
f 152 175 165
f 150 168 157
f 166 177 150
f 150 177 168
f 178 191 158
f 169 192 167
f 168 177 179
f 179 177 180
f 182 193 194
f 182 194 183
f 172 195 196
f 172 196 185
f 185 196 188
f 186 185 188
f 186 188 173
f 187 195 172
f 163 188 189
f 190 164 197
f 190 175 174
f 175 198 165
f 176 199 200
f 166 176 200
f 166 200 177
f 178 167 192
f 178 192 202
f 192 169 180
f 180 177 201
f 194 193 204
f 194 204 205
f 195 187 207
f 189 188 208
f 189 208 197
f 189 197 164
f 176 165 199
f 165 198 199
f 200 201 177
f 178 202 203
f 191 178 203
f 201 211 180
f 193 212 204
f 204 212 213
f 204 213 214
f 204 214 205
f 184 215 206
f 195 208 196
f 196 208 188
f 207 187 217
f 195 218 208
f 195 207 218
f 197 219 209
f 197 209 190
f 209 210 190
f 210 209 220
f 175 190 198
f 199 221 222
f 199 222 223
f 200 199 223
f 200 223 201
f 192 224 202
f 192 180 211
f 192 211 224
f 202 225 203
f 191 203 226
f 191 226 158
f 205 217 194
f 194 217 187
f 205 214 227
f 205 227 217
f 208 218 197
f 207 217 216
f 197 218 219
f 219 218 216
f 209 229 230
f 209 230 220
f 210 198 190
f 199 198 221
f 223 211 201
f 202 224 225
f 203 225 231
f 217 232 216
f 217 227 232
f 213 212 233
f 214 213 234
f 206 215 235
f 206 235 228
f 207 216 218
f 216 236 219
f 209 219 229
f 229 219 236
f 220 221 210
f 198 210 221
f 221 220 237
f 221 238 222
f 222 211 223
f 211 239 224
f 225 224 239
f 225 239 240
f 231 225 241
f 231 241 242
f 231 242 203
f 203 242 226
f 214 243 227
f 214 234 243
f 227 243 232
f 213 233 234
f 235 215 242
f 216 232 236
f 236 232 243
f 236 243 229
f 229 243 244
f 229 244 245
f 229 245 230
f 237 238 221
f 222 239 211
f 222 238 239
f 225 240 241
f 242 215 226
f 243 234 244
f 242 246 228
f 242 228 235
f 230 245 248
f 230 237 220
f 238 240 239
f 246 242 241
f 233 247 234
f 244 249 245
f 230 248 237
f 237 248 250
f 237 250 238
f 238 251 240
f 241 252 246
f 246 252 253
f 246 253 228
f 247 249 234
f 244 234 249
f 249 254 245
f 250 251 238
f 240 251 252
f 241 240 252
f 252 255 253
f 245 254 248
f 254 250 248
f 255 257 253
f 247 256 249
f 249 256 254
f 254 256 258
f 254 258 250
f 251 250 258
f 251 258 252
f 252 258 255
f 255 258 257
f 258 256 257

o geometry_2
v 0.02131295 -0.00063051 0.01988946
v 0.02130530 0.00104834 0.01988946
v 0.02129919 -0.00146816 0.01988946
v 0.02126402 -0.00104992 0.01981920
v 0.02126861 -0.00063051 0.01981920
v 0.02126402 0.00104834 0.01981920
v 0.02129766 0.00146776 0.01988946
v 0.02129613 -0.00159019 0.01988946
v 0.02125637 -0.00146816 0.01981920
v 0.02106829 -0.00104992 0.01955155
v 0.02107135 -0.00063051 0.01954987
v 0.02106982 0.00001284 0.01954653
v 0.02106982 0.00062774 0.01954820
v 0.02106829 0.00104834 0.01955155
v 0.02106371 0.00146776 0.01955489
v 0.02125484 0.00146776 0.01981920
v 0.02128237 0.00188718 0.01988946
v 0.02127931 -0.00200368 0.01988946
v 0.02123649 -0.00188757 0.01981920
v 0.02106371 -0.00146816 0.01955656
v 0.00823599 -0.00314582 0.00280116
v 0.00823599 0.00314661 0.00280116
v 0.02104994 0.00188718 0.01956660
v 0.02123649 0.00188718 0.01981920
v 0.02125332 0.00230659 0.01988946
v 0.02124567 -0.00241954 0.01988946
v 0.02104994 -0.00188757 0.01956660
v 0.00818553 -0.00331880 0.00280116
v 0.02118909 -0.00283659 0.01988946
v 0.02117533 -0.00288635 0.01988946
v 0.00811519 0.00352693 0.00280116
v 0.02116616 0.00288359 0.01988946
v 0.02120285 0.00271179 0.01988946
v 0.02120133 0.00230659 0.01981920
v 0.00811519 -0.00352614 0.00280116
v 0.01057706 -0.00513746 0.00735804
v 0.02001321 -0.00288635 0.01988946
v 0.00917639 -0.00698455 0.00965823
v 0.00917639 -0.00680328 0.00864447
v 0.00917639 -0.00678076 0.00853239
v 0.00917639 -0.00676773 0.00847217
v 0.00731394 -0.00719663 0.00598462
v 0.00750966 -0.00707933 0.00598462
v 0.01009386 -0.00565758 0.00723090
v 0.01009386 -0.00546683 0.00701343
v 0.00796840 0.00360157 0.00280116
v 0.01121776 0.00402573 0.00754038
v 0.01140737 0.00402573 0.00777960
v 0.01286308 0.00442856 0.01202868
v 0.01341662 0.00442856 0.01320470
v 0.02001321 0.00288359 0.01988946
v 0.00982932 -0.00565758 0.00685953
v 0.00976969 -0.00565758 0.00679429
v 0.00840572 -0.00628434 0.00598462
v 0.00819165 -0.00649997 0.00598462
v 0.00797298 -0.00670138 0.00598462
v 0.00774056 -0.00689687 0.00598462
v 0.00715338 -0.00713857 0.00575544
v 0.00693930 -0.00720492 0.00568685
v 0.00664571 -0.00708407 0.00538741
v 0.00659678 -0.00702720 0.00530376
v 0.00636436 -0.00716701 0.00530711
v 0.00617475 -0.00725586 0.00530376
v 0.00777726 -0.00368490 0.00280116
v 0.01995663 0.00288359 0.01986102
v 0.01981748 -0.00288635 0.01977403
v 0.01374232 -0.00440170 0.01554838
v 0.00569155 -0.00767528 0.00598295
v 0.00609982 -0.00762078 0.00598462
v 0.00636895 -0.00756865 0.00598462
v 0.00636589 -0.00756865 0.00596956
v 0.00632307 -0.00755799 0.00575209
v 0.00730935 -0.00719900 0.00598462
v 0.00777726 0.00368569 0.00280116
v 0.01103273 0.00402573 0.00733462
v 0.01229272 0.00442856 0.01202868
v 0.01077584 0.00402573 0.00710711
v 0.01058776 0.00402573 0.00696826
v 0.00983085 0.00402573 0.00650488
v 0.00925744 0.00402573 0.00617533
v 0.00889962 0.00402573 0.00598462
v 0.01282332 0.00442856 0.01320470
v 0.00648363 -0.00733525 0.00556975
v 0.00609982 -0.00744543 0.00548611
v 0.00579400 -0.00751770 0.00540246
v 0.00609982 -0.00729022 0.00530376
v 0.00689190 -0.00363040 0.00280116
v 0.00574354 -0.00745017 0.00530376
v 0.00569155 -0.00744899 0.00530376
v 0.01965386 0.00288359 0.01967868
v 0.01965386 -0.00288635 0.01967366
v 0.01382489 0.00332433 0.01508165
v 0.00569155 -0.00724046 0.00598462
v 0.00569155 -0.00764329 0.00598462
v 0.00569155 -0.00767410 0.00596956
v 0.00609982 -0.00761960 0.00596956
v 0.00609982 -0.00758050 0.00569689
v 0.00569155 -0.00760656 0.00555469
v 0.00665336 0.00363119 0.00280116
v 0.00789500 0.00402573 0.00598462
v 0.01239364 0.00442856 0.01228128
v 0.01280039 0.00442856 0.01315786
v 0.00665336 0.00381128 0.00457941
v 0.00569155 -0.00758879 0.00551454
v 0.00665336 0.00326746 0.00280116
v 0.00569155 -0.00678906 0.00530376
v 0.01257714 0.00442856 0.01268611
f 259 260 265
f 259 265 275
f 259 275 283
f 259 283 291
f 259 291 290
f 259 290 309
f 259 309 295
f 259 295 288
f 259 288 287
f 259 287 284
f 259 284 276
f 259 276 266
f 259 266 261
f 259 261 262
f 259 262 263
f 259 263 264
f 259 264 260
f 260 264 265
f 261 266 267
f 261 267 262
f 262 267 268
f 262 268 263
f 263 268 269
f 263 269 270
f 263 270 271
f 263 271 264
f 264 271 272
f 264 272 273
f 264 273 274
f 264 274 265
f 265 274 275
f 266 276 267
f 267 277 278
f 267 278 268
f 267 276 277
f 268 278 279
f 268 279 269
f 269 279 270
f 270 279 280
f 270 280 271
f 271 280 272
f 272 280 273
f 273 281 282
f 273 282 274
f 273 280 281
f 274 282 275
f 275 282 283
f 276 284 285
f 276 285 277
f 277 285 278
f 278 285 279
f 279 286 293
f 279 293 322
f 279 322 345
f 279 345 363
f 279 363 357
f 279 357 332
f 279 332 304
f 279 304 289
f 279 289 280
f 279 285 284
f 279 284 287
f 279 287 288
f 279 288 286
f 280 289 290
f 280 290 291
f 280 291 292
f 280 292 281
f 281 292 283
f 281 283 282
f 283 292 291
f 286 288 293
f 288 294 293
f 288 295 296
f 288 296 297
f 288 297 298
f 288 298 299
f 288 299 300
f 288 300 301
f 288 301 302
f 288 302 303
f 288 303 294
f 289 304 305
f 289 305 306
f 289 306 290
f 290 306 307
f 290 307 308
f 290 308 340
f 290 340 309
f 293 303 310
f 293 310 311
f 293 311 312
f 293 312 313
f 293 313 314
f 293 314 315
f 293 315 301
f 293 301 316
f 293 316 317
f 293 317 318
f 293 318 319
f 293 319 320
f 293 320 321
f 293 321 322
f 293 294 303
f 295 309 323
f 295 323 324
f 295 324 325
f 295 325 296
f 296 325 326
f 296 326 327
f 296 327 328
f 296 328 329
f 296 329 330
f 296 330 331
f 296 331 297
f 297 331 298
f 298 331 300
f 298 300 299
f 300 331 316
f 300 316 301
f 301 315 302
f 302 315 314
f 302 314 310
f 302 310 303
f 304 332 305
f 305 333 307
f 305 307 306
f 305 332 333
f 307 334 359
f 307 359 365
f 307 365 360
f 307 360 340
f 307 340 308
f 307 333 335
f 307 335 336
f 307 336 337
f 307 337 338
f 307 338 339
f 307 339 358
f 307 358 334
f 309 340 323
f 310 314 313
f 310 313 311
f 311 313 312
f 316 331 330
f 316 330 317
f 317 330 341
f 317 341 320
f 317 320 318
f 318 320 319
f 320 341 321
f 321 341 342
f 321 342 343
f 321 343 344
f 321 344 322
f 322 344 346
f 322 346 347
f 322 347 345
f 323 340 348
f 323 348 324
f 324 348 349
f 324 349 325
f 325 349 348
f 325 348 350
f 325 350 351
f 325 351 352
f 325 352 326
f 326 352 351
f 326 351 364
f 326 364 347
f 326 347 362
f 326 362 356
f 326 356 353
f 326 353 354
f 326 354 327
f 327 354 329
f 327 329 328
f 329 354 330
f 330 354 355
f 330 355 356
f 330 356 343
f 330 343 342
f 330 342 341
f 332 357 358
f 332 358 339
f 332 339 338
f 332 338 337
f 332 337 336
f 332 336 335
f 332 335 333
f 334 358 359
f 340 350 348
f 340 360 358
f 340 358 361
f 340 361 350
f 343 347 346
f 343 346 344
f 343 356 362
f 343 362 347
f 345 347 363
f 347 364 357
f 347 357 363
f 350 361 351
f 351 361 364
f 353 356 355
f 353 355 354
f 357 364 361
f 357 361 358
f 358 360 365
f 358 365 359

o geometry_3
v 0.01997260 -0.00497946 0.03450019
v 0.01997437 -0.00497946 0.03390659
v 0.01978336 -0.00520447 0.03427481
v 0.01996376 -0.00565671 0.03408467
v 0.01406729 -0.00488203 0.03088112
v 0.01685812 -0.00497946 0.03263964
v 0.01979397 -0.00583253 0.03385095
v 0.01406729 -0.00488203 0.03022075
v 0.01997437 -0.00655643 0.02166372
v 0.01889730 -0.00578270 0.01989221
v 0.01478711 -0.00578270 0.01617297
v 0.01379493 -0.00508800 0.03056763
v 0.01677853 -0.00547486 0.03222042
v 0.01929523 -0.00589505 0.03347809
v 0.01997437 -0.00611418 0.03369698
v 0.00516776 -0.00488203 0.02276743
v 0.01997437 -0.00682111 0.02200503
v 0.01471813 -0.00588806 0.01623975
v 0.01222266 -0.00673764 0.01554970
v 0.01297961 -0.00626445 0.01554970
v 0.01361807 -0.00578270 0.01554970
v 0.01281160 -0.00488203 0.03006307
v 0.01254631 -0.00508482 0.02972547
v 0.01300437 -0.00547010 0.02969764
v 0.01613831 -0.00589822 0.03138753
v 0.00442849 -0.00488203 0.02276743
v 0.01997437 -0.00705913 0.02235006
v 0.01480479 -0.00635205 0.01700586
v 0.01280452 -0.00578270 0.01554970
v 0.01866164 -0.00634721 0.03257982
v 0.01997437 -0.00650692 0.03323695
v 0.00190649 -0.00678271 0.01554970
v 0.01986118 -0.00717528 0.02247991
v 0.01136489 -0.00713815 0.01554970
v 0.01084139 -0.00488203 0.02869224
v 0.01302029 -0.00587886 0.02926729
v 0.01887431 -0.00672590 0.03222042
v 0.01997437 -0.00679318 0.03282143
v 0.00500505 -0.00549707 0.02276743
v 0.01997437 -0.00775669 0.02402325
v 0.01932884 -0.00755802 0.02296777
v 0.01113763 -0.00723114 0.01554970
v 0.01005791 -0.00547772 0.02760708
v 0.00951849 -0.00488203 0.02773507
v 0.01431489 -0.00627683 0.02966240
v 0.01007736 -0.00588267 0.02717301
v 0.01716409 -0.00674177 0.03098685
v 0.00548080 -0.00488203 0.02399914
v 0.00591765 -0.00585633 0.02336288
v 0.00629524 -0.00547153 0.02424771
v 0.00280493 -0.00719147 0.01554970
v 0.00313477 -0.00714704 0.01629911
v 0.00324708 -0.00678271 0.01779237
v 0.01997437 -0.00800614 0.02493034
v 0.01994961 -0.00788808 0.02444248
v 0.00986867 -0.00758436 0.01554970
v 0.00945128 -0.00545772 0.02717023
v 0.01091036 -0.00630444 0.02717858
v 0.00962107 -0.00590711 0.02678717
v 0.01840387 -0.00716005 0.03099798
v 0.01997437 -0.00719274 0.03200524
v 0.00545604 -0.00588806 0.02276743
v 0.00365562 -0.00678271 0.01843976
v 0.00712913 -0.00610450 0.02425327
v 0.00596363 -0.00624763 0.02276743
v 0.00441965 -0.00728858 0.01772374
v 0.00417205 -0.00715180 0.01799271
v 0.00842373 -0.00544471 0.02631601
v 0.00836891 -0.00488203 0.02678996
v 0.00935136 -0.00632317 0.02595429
v 0.01301321 -0.00671987 0.02801332
v 0.00859175 -0.00589489 0.02593110
v 0.01239951 -0.00681000 0.02738263
v 0.01869038 -0.00732063 0.03073643
v 0.01826768 -0.00721876 0.03074942
v 0.00661624 -0.00488203 0.02518447
v 0.00729891 -0.00591742 0.02470960
v 0.00621123 -0.00633808 0.02288893
v 0.00712736 -0.00547867 0.02509172
v 0.00496791 -0.00757643 0.01681294
v 0.00420212 -0.00757103 0.01554970
v 0.00539414 -0.00716481 0.01971413
v 0.00942121 -0.00765545 0.01554970
v 0.01997437 -0.00807056 0.02527907
v 0.01039394 -0.00676335 0.02599324
v 0.00837620 -0.00628274 0.02516152
v 0.00914753 -0.00665957 0.02517798
v 0.01089445 -0.00714545 0.02551466
v 0.01997437 -0.00731524 0.03159714
v 0.01113321 -0.00728192 0.02528093
v 0.00464780 -0.00678271 0.01989221
v 0.00751645 -0.00632824 0.02428666
v 0.00666620 -0.00663148 0.02279526
v 0.00626782 -0.00756595 0.01882930
v 0.00525973 -0.00728699 0.01898327
v 0.01997437 -0.00812388 0.02572242
v 0.01928816 -0.00755866 0.03012800
v 0.01997437 -0.00757960 0.03041181
v 0.00978024 -0.00716624 0.02452874
v 0.00792676 -0.00674462 0.02387485
v 0.00696995 -0.00679001 0.02276743
v 0.00567889 -0.00763387 0.01730451
v 0.00571072 -0.00722384 0.01989221
v 0.00782595 -0.00719813 0.02253370
v 0.00903920 -0.00769353 0.01554970
v 0.00927707 -0.00677604 0.02505091
v 0.01511606 -0.00755675 0.02717301
v 0.01997437 -0.00810325 0.02614350
v 0.01533183 -0.00767386 0.02653861
v 0.01174160 -0.00755961 0.02467250
v 0.01029667 -0.00731365 0.02444248
v 0.00476630 -0.00765196 0.01554970
v 0.00693900 -0.00762546 0.01919381
v 0.00708668 -0.00756945 0.01989221
v 0.00777997 -0.00732762 0.02192341
v 0.00858467 -0.00722701 0.02321819
v 0.00819912 -0.00695948 0.02360217
v 0.00602553 -0.00772686 0.01554970
v 0.00816110 -0.00772686 0.01554970
v 0.00861828 -0.00771607 0.01554970
v 0.00756862 -0.00770290 0.01877366
v 0.00641373 -0.00770869 0.01698916
v 0.00567889 -0.00771797 0.01554970
v 0.00813634 -0.00756960 0.02115452
v 0.00936727 -0.00757421 0.02243261
v 0.00987928 -0.00764403 0.02234449
v 0.00861828 -0.00764022 0.02108496
v 0.00809345 -0.00767552 0.01992838
v 0.01239244 -0.00766370 0.02444248
f 366 369 380
f 366 380 396
f 366 396 403
f 366 403 426
f 366 426 454
f 366 454 463
f 366 463 473
f 366 473 461
f 366 461 449
f 366 449 419
f 366 419 405
f 366 405 392
f 366 392 382
f 366 382 374
f 366 374 367
f 366 368 369
f 367 373 370
f 367 370 366
f 368 366 371
f 368 371 369
f 369 371 372
f 367 374 375
f 367 375 376
f 367 376 373
f 370 371 366
f 370 373 381
f 370 381 391
f 370 391 413
f 370 413 441
f 370 441 434
f 370 434 409
f 370 409 400
f 370 400 387
f 371 370 377
f 371 377 378
f 371 378 372
f 372 379 380
f 372 380 369
f 372 378 379
f 373 376 381
f 374 382 383
f 374 383 376
f 374 376 375
f 376 383 384
f 376 384 385
f 376 385 386
f 376 386 381
f 377 370 387
f 377 387 388
f 377 389 378
f 379 378 390
f 379 390 380
f 381 386 394
f 381 394 391
f 382 392 383
f 383 393 384
f 383 392 393
f 384 399 407
f 384 407 421
f 384 421 448
f 384 448 470
f 384 470 485
f 384 485 484
f 384 484 483
f 384 483 488
f 384 488 477
f 384 477 446
f 384 446 416
f 384 416 397
f 384 397 394
f 384 394 386
f 384 386 385
f 384 393 392
f 378 389 390
f 377 388 389
f 390 395 380
f 380 395 396
f 391 394 397
f 392 398 399
f 392 399 384
f 388 400 389
f 388 387 400
f 389 401 390
f 390 401 395
f 395 402 396
f 391 397 404
f 392 405 398
f 398 405 406
f 398 406 407
f 398 407 399
f 400 408 389
f 400 409 408
f 389 408 401
f 401 410 395
f 401 408 411
f 402 395 410
f 402 410 412
f 402 403 396
f 391 404 413
f 404 414 415
f 404 415 413
f 397 416 417
f 397 417 418
f 397 418 404
f 405 419 420
f 405 420 421
f 405 421 407
f 405 407 406
f 408 409 422
f 408 422 411
f 401 411 410
f 410 411 423
f 411 422 424
f 412 410 423
f 402 412 425
f 402 425 426
f 402 426 403
f 404 418 428
f 404 428 427
f 404 427 414
f 414 427 430
f 414 430 429
f 416 431 432
f 416 432 417
f 417 432 418
f 418 432 428
f 420 419 421
f 422 433 424
f 409 434 422
f 423 411 435
f 423 436 412
f 424 437 435
f 424 435 411
f 412 436 438
f 426 425 440
f 426 440 439
f 415 441 413
f 414 429 442
f 414 442 415
f 430 443 429
f 415 444 441
f 431 416 446
f 431 446 445
f 432 431 447
f 432 447 428
f 421 419 448
f 419 449 448
f 434 433 422
f 433 437 424
f 436 423 450
f 423 435 450
f 437 451 435
f 412 438 425
f 436 450 438
f 425 438 453
f 425 453 440
f 426 439 454
f 440 453 455
f 440 455 439
f 427 428 456
f 427 456 430
f 428 447 456
f 429 443 457
f 442 444 415
f 444 442 437
f 444 437 433
f 431 445 459
f 431 459 460
f 437 442 451
f 451 452 435
f 452 450 435
f 438 450 453
f 454 439 462
f 454 462 463
f 455 453 464
f 457 443 458
f 457 458 465
f 457 451 442
f 457 442 429
f 456 466 458
f 456 458 443
f 456 443 430
f 444 433 441
f 460 447 431
f 460 468 447
f 447 468 469
f 447 469 466
f 447 466 456
f 448 449 470
f 449 461 470
f 434 441 433
f 450 452 471
f 452 451 465
f 453 450 471
f 453 471 464
f 462 473 463
f 462 472 474
f 462 474 473
f 439 472 462
f 439 455 475
f 439 475 472
f 455 464 476
f 455 476 475
f 457 465 451
f 466 465 458
f 446 477 445
f 445 477 467
f 445 467 459
f 459 467 478
f 460 459 479
f 460 479 468
f 468 480 469
f 469 481 482
f 469 482 466
f 461 483 484
f 461 484 485
f 461 485 470
f 461 473 486
f 461 486 487
f 461 487 488
f 461 488 483
f 452 465 471
f 465 482 471
f 459 478 479
f 479 489 480
f 479 480 468
f 480 489 490
f 480 490 481
f 480 481 469
f 482 465 466
f 473 491 492
f 473 492 493
f 473 493 486
f 488 487 477
f 471 482 464
f 472 475 494
f 472 494 474
f 473 474 494
f 473 494 491
f 464 481 476
f 477 487 467
f 467 486 478
f 467 487 486
f 479 478 489
f 481 464 482
f 491 494 490
f 476 481 490
f 476 490 475
f 475 490 494
f 486 493 478
f 478 493 492
f 478 492 489
f 489 492 490
f 490 492 491

o geometry_4
v 0.00777406 -0.00709506 0.02276522
v 0.00777341 -0.00658870 0.02276358
v 0.00696655 -0.00679016 0.02276522
v 0.00725996 -0.00716899 0.02202685
v 0.00449079 -0.00403522 0.02276522
v 0.00777406 -0.00727216 0.01989223
v 0.00654462 -0.00731548 0.01438936
v 0.00383128 -0.00403522 0.02276522
v -0.00086838 -0.00224264 0.01554743
v 0.00777406 -0.00765342 0.01989059
v 0.00654462 -0.00772653 0.01438936
v 0.00427269 -0.00731657 0.00847091
v 0.00607336 -0.00714462 0.02068891
v 0.00651736 -0.00728732 0.02065935
v 0.00777406 -0.00732740 0.02191761
v -0.00138898 -0.00224264 0.01554743
v -0.00149284 -0.00219552 0.01439265
v 0.00654462 -0.00772707 0.01554907
v 0.00427269 -0.00772707 0.00847091
v -0.00065676 -0.00709615 0.00598394
v -0.00493579 -0.00395290 0.00598722
v -0.00326884 -0.00219660 0.01085931
v 0.00664978 -0.00663771 0.02276522
v 0.00558197 -0.00676254 0.02119895
v 0.00570855 -0.00722342 0.01989059
v 0.00712753 -0.00756623 0.01996533
v 0.00777406 -0.00758247 0.02062978
v 0.00377156 -0.00422693 0.02256974
v 0.00164503 -0.00379747 0.01989059
v 0.00247461 -0.00403522 0.02094681
v 0.00419609 -0.00462228 0.02276522
v -0.00211599 -0.00219552 0.01421360
v 0.00136201 -0.00379747 0.01946021
v 0.00742483 -0.00762038 0.01989059
v 0.00479783 -0.00765477 0.01554907
v 0.00560079 -0.00771408 0.01554907
v 0.00601883 -0.00772599 0.01554907
v 0.00230065 -0.00772707 0.00847091
v -0.00065676 -0.00756839 0.00598394
v -0.00548884 -0.00395290 0.00598394
v -0.00379074 -0.00219660 0.01085931
v 0.00605129 -0.00630248 0.02276522
v 0.00497504 -0.00634337 0.02138540
v 0.00414935 -0.00756948 0.01550472
v 0.00293484 -0.00462823 0.02110122
v 0.00375339 -0.00465802 0.02217715
v -0.00119683 -0.00311185 0.01554743
v 0.00167879 -0.00421989 0.01962776
v 0.00378584 -0.00770406 0.01268594
v 0.00378649 -0.00763582 0.01415446
v 0.00188001 -0.00771732 0.00847091
v 0.00080377 -0.00756839 0.00921831
v -0.00145778 -0.00730682 0.00638967
v -0.00201019 -0.00717982 0.00598394
v 0.00126140 -0.00767373 0.00847994
v -0.00253403 -0.00231033 0.01337421
v -0.00423344 -0.00277933 0.00965690
v 0.00454272 -0.00675984 0.01982160
v 0.00365082 -0.00678204 0.01843684
v 0.00263040 -0.00717684 0.01532813
v 0.00307181 -0.00727757 0.01554907
v 0.00252719 -0.00728299 0.01457334
v 0.00232142 -0.00461036 0.02023636
v -0.00214780 -0.00294017 0.01385304
v -0.00047631 -0.00379747 0.01638025
v 0.00001054 -0.00441702 0.01667675
v 0.00167229 -0.00464069 0.01922039
v -0.00040750 -0.00727514 0.00890867
v 0.00184366 -0.00756948 0.01132254
v 0.00231752 -0.00763609 0.01142767
v -0.00376477 -0.00335989 0.01037966
v -0.00470827 -0.00440876 0.00722578
v -0.00383358 -0.00277933 0.01052257
v 0.00460893 -0.00589171 0.02173364
v 0.00394098 -0.00626823 0.02013164
v 0.00106082 -0.00728407 0.01184654
v 0.00330939 -0.00756948 0.01407069
v 0.00262845 -0.00545696 0.01961667
v 0.00335807 -0.00546549 0.02067577
v 0.00500230 -0.00549582 0.02276522
v 0.00417661 -0.00548932 0.02175171
v -0.00209133 -0.00337343 0.01374873
v -0.00130848 -0.00348986 0.01510884
v -0.00084761 -0.00714543 0.00874687
v -0.00335452 -0.00421610 0.01039609
v -0.00251326 -0.00337722 0.01291426
v -0.00518051 -0.00453915 0.00598394
v -0.00483453 -0.00464421 0.00664428
v 0.00545279 -0.00588683 0.02276522
v 0.00359695 -0.00585867 0.02042116
v 0.00350477 -0.00634446 0.01933783
v 0.00316203 -0.00671191 0.01787177
v 0.00210331 -0.00713785 0.01457991
v 0.00196310 -0.00679206 0.01562053
v 0.00081805 -0.00714976 0.01211922
v 0.00209682 -0.00546874 0.01878837
v -0.00167848 -0.00422531 0.01376023
v -0.00046462 -0.00430763 0.01594331
v -0.00003231 -0.00467481 0.01632933
v -0.00334414 -0.00461686 0.00995914
v -0.00203550 -0.00409046 0.01320830
v 0.00272128 -0.00630451 0.01821509
v 0.00173072 -0.00669106 0.01554907
v 0.00147756 -0.00679341 0.01475403
v 0.00251875 -0.00588358 0.01878344
v 0.00039741 -0.00549582 0.01589567
v -0.00131173 -0.00676485 0.00939551
v 0.00001670 -0.00676661 0.01209294
v -0.00264438 -0.00679395 0.00638967
v -0.00294558 -0.00672247 0.00598394
v -0.00298647 -0.00511673 0.00988605
v -0.00167589 -0.00463040 0.01333642
v -0.00419709 -0.00547253 0.00662785
v -0.00454761 -0.00538426 0.00598394
v 0.00119194 -0.00635150 0.01555071
v 0.00083103 -0.00672734 0.01377337
v 0.00081545 -0.00590741 0.01589403
v -0.00256389 -0.00552398 0.01008070
v -0.00124617 -0.00545466 0.01289620
v -0.00235747 -0.00662174 0.00764958
v -0.00376607 -0.00587614 0.00671902
v 0.00048310 -0.00625645 0.01447724
v -0.00048280 -0.00635095 0.01240997
v -0.00082943 -0.00587708 0.01289784
v -0.00197741 -0.00636625 0.00930660
v -0.00346747 -0.00638507 0.00598394
v -0.00250028 -0.00587004 0.00949427
v -0.00195891 -0.00607205 0.01013121
v -0.00278589 -0.00618469 0.00807010
f 495 509 521
f 495 521 504
f 495 504 500
f 495 500 496
f 495 496 499
f 495 499 502
f 495 502 525
f 495 525 574
f 495 574 583
f 495 583 536
f 495 536 517
f 495 517 497
f 495 497 498
f 496 500 501
f 496 501 499
f 499 501 503
f 499 503 510
f 499 510 502
f 500 504 501
f 501 504 505
f 501 505 513
f 501 513 506
f 501 506 503
f 498 507 508
f 498 508 509
f 498 509 495
f 503 506 511
f 503 511 526
f 503 526 510
f 505 504 512
f 505 512 513
f 506 513 533
f 506 533 514
f 506 514 515
f 506 515 516
f 506 516 511
f 497 518 507
f 497 507 498
f 507 519 508
f 508 519 520
f 508 520 521
f 508 521 509
f 502 510 523
f 502 523 524
f 502 524 522
f 502 522 525
f 510 527 523
f 504 528 529
f 504 529 530
f 504 530 531
f 504 531 512
f 512 532 513
f 513 532 533
f 514 533 548
f 514 548 604
f 514 604 620
f 514 620 608
f 514 608 581
f 514 581 534
f 514 534 515
f 515 534 516
f 516 535 526
f 516 526 511
f 516 534 535
f 517 518 497
f 520 519 538
f 522 524 539
f 522 539 540
f 522 540 525
f 527 510 541
f 527 542 523
f 504 521 528
f 528 538 529
f 529 543 530
f 529 544 543
f 512 531 532
f 532 545 533
f 532 531 545
f 533 546 547
f 533 547 548
f 533 545 549
f 533 549 546
f 535 534 551
f 536 537 517
f 517 537 518
f 518 537 552
f 507 518 552
f 507 552 553
f 507 553 519
f 519 554 555
f 519 555 538
f 520 528 521
f 538 555 556
f 520 538 528
f 526 550 558
f 526 558 510
f 526 535 550
f 527 541 559
f 527 559 542
f 542 559 560
f 542 561 557
f 542 557 524
f 542 524 523
f 529 538 544
f 531 530 545
f 546 562 547
f 546 563 562
f 547 562 548
f 549 545 543
f 549 543 564
f 549 564 546
f 534 565 551
f 535 551 567
f 535 567 550
f 551 565 567
f 537 536 568
f 537 569 552
f 553 554 519
f 556 570 571
f 556 571 538
f 524 557 539
f 557 572 539
f 557 561 572
f 525 540 575
f 525 575 574
f 540 539 573
f 540 573 575
f 558 541 510
f 541 576 577
f 541 577 559
f 542 560 561
f 544 571 563
f 544 563 564
f 544 538 571
f 544 564 543
f 543 545 530
f 562 563 570
f 562 570 578
f 562 578 548
f 534 566 579
f 534 579 565
f 565 579 580
f 534 581 566
f 566 581 582
f 567 565 580
f 567 580 550
f 550 580 558
f 536 583 568
f 537 568 584
f 537 584 569
f 569 585 552
f 552 585 553
f 554 553 588
f 554 588 587
f 555 554 556
f 556 587 589
f 556 589 570
f 556 554 587
f 570 563 571
f 572 573 539
f 572 561 590
f 558 580 576
f 558 576 541
f 559 577 591
f 559 591 592
f 559 592 560
f 561 560 593
f 563 546 564
f 578 570 589
f 566 594 579
f 579 595 580
f 580 595 576
f 566 582 594
f 568 574 575
f 568 575 573
f 568 573 584
f 568 583 574
f 585 596 586
f 585 586 553
f 586 588 553
f 587 588 598
f 587 598 589
f 588 586 597
f 573 572 584
f 572 590 599
f 576 595 591
f 576 591 577
f 592 593 560
f 592 591 593
f 561 593 590
f 589 601 578
f 589 602 601
f 578 601 603
f 578 603 548
f 548 603 604
f 579 594 606
f 579 606 595
f 595 606 591
f 582 581 608
f 582 608 607
f 584 572 599
f 569 584 599
f 569 599 585
f 585 599 596
f 596 609 586
f 586 609 597
f 598 588 597
f 598 597 610
f 598 602 589
f 591 606 593
f 593 600 590
f 590 611 599
f 594 582 605
f 594 605 613
f 607 605 582
f 598 610 602
f 597 609 610
f 593 606 600
f 606 613 600
f 600 611 590
f 603 601 614
f 603 614 604
f 605 607 612
f 605 612 613
f 613 606 594
f 607 608 615
f 607 615 612
f 599 611 596
f 596 611 609
f 602 610 617
f 602 617 601
f 609 617 610
f 600 613 618
f 600 618 611
f 601 617 619
f 601 619 614
f 614 619 620
f 614 620 604
f 612 615 621
f 612 621 618
f 612 618 613
f 615 608 620
f 609 611 616
f 616 617 609
f 619 617 622
f 621 622 618
f 615 620 623
f 616 611 618
f 617 616 618
f 617 618 622
f 622 623 619
f 619 623 620
f 621 623 622
f 623 621 615

o geometry_5
v 0.00443044 -0.00286152 0.00965657
v 0.00443044 -0.00244350 0.00965657
v 0.00475030 -0.00283967 0.00965657
v 0.01869033 -0.00288252 0.02066188
v 0.00443044 -0.00286890 0.00976053
v 0.00443044 -0.00236433 0.01085880
v 0.00490797 -0.00190544 0.01203037
v 0.00802244 0.00001495 0.01202904
v 0.00544707 -0.00201073 0.00965657
v 0.00484190 -0.00282832 0.00965657
v 0.01827136 -0.00285528 0.02024203
v 0.01955980 -0.00273297 0.02105240
v 0.01910930 -0.00288252 0.02108172
v 0.00628200 -0.00288423 0.01203037
v 0.00526086 -0.00288423 0.01100808
v 0.00443044 -0.00288423 0.01017905
v 0.00517076 -0.00278660 0.00965657
v 0.00443044 -0.00283428 0.01085880
v 0.00490797 -0.00266571 0.01203037
v 0.00580898 -0.00194319 0.01364844
v 0.01414326 -0.00188955 0.02203604
v 0.01037406 0.00001495 0.01439350
v 0.00866065 0.00001495 0.01202904
v 0.00618439 -0.00201073 0.00965657
v 0.01866330 -0.00271481 0.02026336
v 0.01910028 -0.00273694 0.02067121
v 0.00560325 -0.00264357 0.00965657
v 0.01977153 -0.00263336 0.02117369
v 0.01977153 -0.00263336 0.02132430
v 0.01950724 -0.00272871 0.02147891
v 0.01910930 -0.00287742 0.02150024
v 0.01943816 -0.00263989 0.02081782
v 0.01827136 -0.00288252 0.02192008
v 0.01659249 -0.00288309 0.02233993
v 0.00651927 -0.00286635 0.01268746
v 0.00443044 -0.00286663 0.01059489
v 0.00544107 -0.00281470 0.01203037
v 0.00490797 -0.00281413 0.01149323
v 0.00490797 -0.00271310 0.01191308
v 0.00443044 -0.00286635 0.01059889
v 0.01575305 -0.00282009 0.02233993
v 0.00585553 -0.00257405 0.01320860
v 0.00580898 -0.00254680 0.01320860
v 0.00588256 -0.00252467 0.01332456
v 0.00580898 -0.00234900 0.01339920
v 0.00580898 -0.00230871 0.01343386
v 0.00580898 -0.00226926 0.01346184
v 0.00580898 -0.00198348 0.01364045
v 0.01252446 -0.00258625 0.01989149
v 0.01537764 -0.00191197 0.02327292
v 0.01520645 -0.00188955 0.02310365
v 0.01350355 0.00001438 0.01753902
v 0.01101227 0.00001495 0.01439350
v 0.00628501 -0.00201073 0.00974054
v 0.01053024 0.00001495 0.01390835
v 0.01408770 0.00001438 0.01748171
v 0.01943816 -0.00250196 0.02081782
v 0.01850412 -0.00250736 0.02001411
v 0.01850412 -0.00260328 0.02001411
v 0.00605375 -0.00227295 0.00965657
v 0.01895462 -0.00263989 0.02041797
v 0.00564529 -0.00262229 0.00965657
v 0.00586153 -0.00248267 0.00965657
v 0.01977153 -0.00250310 0.02117369
v 0.01977153 -0.00250310 0.02132430
v 0.01809416 -0.00263109 0.02303301
v 0.01784939 -0.00272502 0.02327292
v 0.01869033 -0.00287685 0.02192008
v 0.01827136 -0.00286294 0.02233993
v 0.01745295 -0.00274318 0.02327292
v 0.01617202 -0.00281697 0.02275978
v 0.01617202 -0.00286493 0.02233993
v 0.01288336 -0.00272928 0.01989149
v 0.00738573 -0.00271821 0.01439350
v 0.01575305 -0.00273495 0.02275978
v 0.01248541 -0.00256525 0.01989149
v 0.01426189 -0.00253432 0.02173215
v 0.01216556 -0.00253176 0.01962892
v 0.01565845 -0.00237965 0.02327292
v 0.01226167 -0.00234134 0.01989149
v 0.00590508 -0.00204421 0.01372308
v 0.01223464 -0.00230871 0.01989149
v 0.01549477 -0.00218214 0.02327292
v 0.01512385 -0.00209700 0.02296903
v 0.01536112 -0.00259136 0.02273179
v 0.01537614 -0.00188955 0.02327292
v 0.01414326 0.00001438 0.01753902
v 0.00594112 -0.00240179 0.00965657
v 0.01809416 -0.00250338 0.02303301
v 0.01605039 -0.00188955 0.02327292
v 0.01784939 -0.00249061 0.02327292
v 0.01617202 -0.00262456 0.02327292
v 0.01617202 -0.00267678 0.02317962
v 0.01578009 -0.00259193 0.02315163
v 0.01585367 -0.00256582 0.02327292
v 0.01551879 -0.00253574 0.02299302
f 624 625 632
f 624 632 647
f 624 647 683
f 624 683 711
f 624 711 686
f 624 686 685
f 624 685 650
f 624 650 640
f 624 640 633
f 624 633 626
f 624 626 627
f 624 627 628
f 624 628 639
f 624 639 659
f 624 659 663
f 624 663 641
f 624 641 629
f 624 629 625
f 625 629 630
f 625 630 631
f 625 631 632
f 626 633 627
f 627 634 635
f 627 635 636
f 627 636 637
f 627 637 638
f 627 638 639
f 627 639 628
f 627 633 640
f 627 640 634
f 629 641 642
f 629 642 630
f 630 642 643
f 630 643 631
f 631 643 644
f 631 644 645
f 631 645 676
f 631 676 678
f 631 678 646
f 631 646 647
f 631 647 632
f 634 648 649
f 634 649 635
f 634 640 650
f 634 650 648
f 635 651 652
f 635 652 653
f 635 653 654
f 635 654 636
f 635 649 648
f 635 648 655
f 635 655 651
f 636 654 656
f 636 656 657
f 636 657 637
f 637 658 659
f 637 659 639
f 637 639 638
f 637 657 658
f 641 660 661
f 641 661 662
f 641 662 642
f 641 663 664
f 641 664 660
f 642 665 666
f 642 666 667
f 642 667 668
f 642 668 669
f 642 669 670
f 642 670 671
f 642 671 643
f 642 662 672
f 642 672 665
f 643 671 673
f 643 673 644
f 644 673 674
f 644 674 675
f 644 675 645
f 645 675 710
f 645 710 676
f 646 677 647
f 646 678 679
f 646 679 680
f 646 680 681
f 646 681 677
f 647 677 682
f 647 682 683
f 648 684 655
f 648 650 685
f 648 685 686
f 648 686 684
f 651 687 688
f 651 688 652
f 651 655 680
f 651 680 687
f 652 688 712
f 652 712 689
f 652 689 690
f 652 690 653
f 653 690 654
f 654 691 656
f 654 690 691
f 655 684 682
f 655 682 681
f 655 681 680
f 656 691 692
f 656 692 657
f 657 692 693
f 657 693 694
f 657 694 695
f 657 695 658
f 658 663 659
f 658 695 664
f 658 664 663
f 660 696 697
f 660 697 662
f 660 662 661
f 660 664 698
f 660 698 696
f 662 697 672
f 664 695 694
f 664 694 698
f 665 667 666
f 665 672 699
f 665 699 667
f 667 669 668
f 667 699 700
f 667 700 701
f 667 701 702
f 667 702 703
f 667 703 669
f 669 704 670
f 669 703 705
f 669 705 706
f 669 706 707
f 669 707 704
f 670 704 671
f 671 704 673
f 672 697 708
f 672 708 699
f 673 707 706
f 673 706 702
f 673 702 718
f 673 718 715
f 673 715 693
f 673 693 690
f 673 690 714
f 673 714 713
f 673 713 709
f 673 709 674
f 673 704 707
f 674 709 675
f 675 709 713
f 675 713 710
f 676 710 679
f 676 679 678
f 677 681 682
f 679 710 680
f 680 710 687
f 682 684 686
f 682 686 711
f 682 711 683
f 687 710 688
f 688 710 713
f 688 713 714
f 688 714 712
f 689 712 714
f 689 714 690
f 690 693 692
f 690 692 691
f 693 715 716
f 693 716 694
f 694 716 698
f 696 698 717
f 696 717 697
f 697 717 708
f 698 716 718
f 698 718 717
f 699 708 717
f 699 717 719
f 699 719 700
f 700 719 702
f 700 702 701
f 702 719 718
f 702 706 703
f 703 706 705
f 715 718 716
f 717 718 719

o geometry_6
v 0.00427524 -0.00772696 0.00847067
v 0.00427524 -0.00772729 0.00965836
v 0.00427524 -0.00731659 0.00847067
v 0.00525968 -0.00772696 0.00847067
v 0.00443327 -0.00772696 0.01085784
v 0.00427524 -0.00731659 0.00965836
v 0.00474935 -0.00772729 0.00965836
v 0.00777841 -0.00772761 0.01478470
v 0.00777841 -0.00772761 0.01520392
v 0.00654703 -0.00772729 0.01554970
v 0.01158777 -0.00474175 0.01085922
v 0.01067247 -0.00530834 0.00965836
v 0.00917331 -0.00621857 0.00847067
v 0.00568002 -0.00772175 0.00847067
v 0.00568002 -0.00772533 0.00890792
v 0.00568002 -0.00772696 0.00932853
v 0.00443327 -0.00731626 0.01085784
v 0.00580842 -0.00772664 0.01439042
v 0.00812411 -0.00772729 0.01554970
v 0.00654703 -0.00731691 0.01554970
v 0.01342167 -0.00440298 0.01439111
v 0.01410650 -0.00440298 0.01439111
v 0.01488681 -0.00440298 0.01481865
v 0.01492522 -0.00440298 0.01485676
v 0.01521935 -0.00440298 0.01519630
v 0.01067247 -0.00597548 0.00965836
v 0.00917331 -0.00676856 0.00847067
v 0.00608279 -0.00770451 0.00847067
v 0.00610035 -0.00771167 0.00890792
v 0.00861798 -0.00771590 0.01554970
v 0.00854445 -0.00771883 0.01554970
v 0.00819874 -0.00772403 0.01520392
v 0.00819874 -0.00772664 0.01554970
v 0.00580842 -0.00731594 0.01439042
v 0.01374104 -0.00440298 0.01554970
v 0.01523471 -0.00440298 0.01521640
v 0.01548714 -0.00440298 0.01554970
v 0.01546958 -0.00443357 0.01554970
v 0.01526544 -0.00476096 0.01554970
v 0.01508546 -0.00499397 0.01554970
v 0.00907124 -0.00682811 0.00847067
v 0.01499217 -0.00508476 0.01554970
v 0.01487145 -0.00520029 0.01554970
v 0.00610035 -0.00770353 0.00847067
v 0.00896369 -0.00769865 0.01554970
v 0.00902405 -0.00685350 0.00847067
v 0.01222322 -0.00673699 0.01554970
v 0.00650203 -0.00767164 0.00847067
v 0.00652069 -0.00768466 0.00890792
v 0.00903612 -0.00769344 0.01554970
v 0.00865420 -0.00704811 0.00847067
v 0.01200701 -0.00684048 0.01554970
v 0.00844458 -0.00715290 0.00847067
v 0.00652069 -0.00767001 0.00847067
v 0.00938073 -0.00765992 0.01554970
v 0.01136608 -0.00713825 0.01554970
v 0.00819984 -0.00725118 0.00847067
v 0.01115756 -0.00722449 0.01554970
v 0.00692127 -0.00761241 0.00847067
v 0.00945646 -0.00765048 0.01554970
v 0.00818118 -0.00725769 0.00847067
v 0.01111695 -0.00723783 0.01554970
v 0.00693883 -0.00760948 0.00847067
v 0.00980875 -0.00759484 0.01554970
v 0.00718247 -0.00756294 0.00847067
v 0.01071418 -0.00735369 0.01554970
v 0.00986692 -0.00758410 0.01554970
f 720 721 725
f 720 725 722
f 720 722 732
f 720 732 746
f 720 746 760
f 720 760 765
f 720 765 770
f 720 770 772
f 720 772 776
f 720 776 780
f 720 780 784
f 720 784 782
f 720 782 778
f 720 778 773
f 720 773 767
f 720 767 763
f 720 763 747
f 720 747 733
f 720 733 723
f 720 723 726
f 720 726 721
f 721 724 736
f 721 736 725
f 721 726 727
f 721 727 728
f 721 728 729
f 721 729 724
f 722 725 730
f 722 730 731
f 722 731 732
f 723 733 734
f 723 734 735
f 723 735 727
f 723 727 726
f 724 729 737
f 724 737 753
f 724 753 736
f 725 736 730
f 727 738 728
f 727 735 738
f 728 738 729
f 729 738 752
f 729 752 750
f 729 750 749
f 729 749 764
f 729 764 769
f 729 769 774
f 729 774 779
f 729 779 783
f 729 783 786
f 729 786 785
f 729 785 781
f 729 781 777
f 729 777 775
f 729 775 771
f 729 771 766
f 729 766 762
f 729 762 761
f 729 761 759
f 729 759 758
f 729 758 757
f 729 757 756
f 729 756 754
f 729 754 739
f 729 739 753
f 729 753 737
f 730 740 741
f 730 741 742
f 730 742 743
f 730 743 744
f 730 744 731
f 730 736 740
f 731 745 746
f 731 746 732
f 731 744 745
f 733 747 748
f 733 748 749
f 733 749 750
f 733 750 751
f 733 751 734
f 734 751 752
f 734 752 735
f 735 752 738
f 736 753 754
f 736 754 740
f 739 754 753
f 740 754 756
f 740 756 755
f 740 755 744
f 740 744 743
f 740 743 742
f 740 742 741
f 744 755 745
f 745 755 756
f 745 756 757
f 745 757 758
f 745 758 759
f 745 759 746
f 746 759 761
f 746 761 762
f 746 762 760
f 747 763 764
f 747 764 749
f 747 749 748
f 750 752 751
f 760 762 766
f 760 766 765
f 763 767 768
f 763 768 769
f 763 769 764
f 765 766 770
f 766 771 772
f 766 772 770
f 767 773 769
f 767 769 768
f 769 773 774
f 771 775 772
f 772 775 777
f 772 777 776
f 773 778 779
f 773 779 774
f 776 777 780
f 777 781 780
f 778 782 783
f 778 783 779
f 780 781 784
f 781 785 784
f 782 784 786
f 782 786 783
f 784 785 786

o geometry_7
v 0.00142843 0.00772716 0.00598393
v 0.00142843 0.00772716 0.00530284
v 0.00142843 0.00731663 0.00598175
v 0.00142843 0.00731663 0.00530284
v 0.00120861 0.00521260 0.00280123
v 0.00120861 0.00690967 0.00348045
v 0.00120861 0.00712499 0.00367332
v 0.00120861 0.00753731 0.00409612
v 0.00120861 0.00763514 0.00428587
v 0.00120861 0.00769723 0.00457937
v 0.00084534 0.00772716 0.00470960
v 0.00021983 0.00772493 0.00470960
v 0.00063941 0.00772136 0.00598393
v -0.00109211 0.00316396 0.00342406
v 0.00120861 0.00492313 0.00371600
v 0.00120861 0.00474533 0.00345054
v 0.00120861 0.00472300 0.00310548
v -0.00376922 0.00551770 0.00598393
v 0.00120861 0.00474980 0.00280123
v -0.00061932 0.00650629 0.00301652
v -0.00020051 0.00650629 0.00304612
v 0.00021983 0.00680201 0.00317729
v 0.00087002 0.00672250 0.00323680
v -0.00139291 0.00534996 0.00280123
v -0.00296015 0.00588178 0.00281930
v 0.00000966 0.00762531 0.00398551
v 0.00021983 0.00770483 0.00428961
v -0.00020051 0.00770974 0.00428961
v -0.00020051 0.00770527 0.00470960
v 0.00021983 0.00768964 0.00598393
v -0.00145847 0.00316396 0.00352065
v -0.00095560 0.00316396 0.00303085
v -0.00444718 0.00551770 0.00598393
v -0.00584628 0.00316440 0.00457906
v -0.00102578 0.00316396 0.00280123
v -0.00020051 0.00683150 0.00314894
v -0.00124907 0.00650629 0.00300686
v 0.00021983 0.00701197 0.00336455
v 0.00021983 0.00743054 0.00378704
v -0.00020051 0.00745556 0.00376398
v -0.00082949 0.00761526 0.00398598
v -0.00082949 0.00765904 0.00428961
v -0.00061700 0.00757617 0.00598393
v -0.00638309 0.00316440 0.00457906
v -0.00423662 0.00573928 0.00598393
v -0.00508657 0.00511477 0.00530253
v -0.00555088 0.00441655 0.00530253
v -0.00020051 0.00704145 0.00333807
v -0.00103967 0.00683507 0.00312931
v -0.00376652 0.00503816 0.00280543
v -0.00324013 0.00580048 0.00282989
v -0.00271643 0.00643481 0.00310003
v -0.00229994 0.00653577 0.00308507
v -0.00187882 0.00650629 0.00301964
v -0.00378928 0.00547035 0.00281494
v -0.00061932 0.00746092 0.00376492
v -0.00103967 0.00745377 0.00378704
v -0.00137980 0.00758019 0.00403661
v -0.00083836 0.00755741 0.00578515
v -0.00138674 0.00757975 0.00428961
v -0.00631830 0.00344807 0.00457719
v -0.00645096 0.00316440 0.00428961
v -0.00389109 0.00316396 0.00280652
v -0.00506883 0.00550430 0.00460055
v -0.00546373 0.00506116 0.00454042
v -0.00591724 0.00431805 0.00457906
v -0.00103967 0.00714442 0.00344088
v -0.00145847 0.00681363 0.00314302
v -0.00355635 0.00601490 0.00310345
v -0.00287840 0.00680715 0.00356364
v -0.00244108 0.00669614 0.00326111
v -0.00202035 0.00675310 0.00320128
v -0.00406848 0.00533544 0.00287195
v -0.00145847 0.00722103 0.00356894
v -0.00187882 0.00717770 0.00361568
v -0.00240714 0.00710846 0.00369388
v -0.00294164 0.00714241 0.00406683
v -0.00229839 0.00734165 0.00428961
v -0.00190581 0.00720629 0.00598393
v -0.00596197 0.00437098 0.00428961
v -0.00634144 0.00352044 0.00428961
v -0.00419034 0.00588089 0.00576895
v -0.00522656 0.00543975 0.00428961
v -0.00549766 0.00510807 0.00428961
v -0.00460992 0.00462427 0.00281961
v -0.00333885 0.00629142 0.00324553
v -0.00383633 0.00592600 0.00318851
v -0.00448574 0.00490392 0.00286790
v -0.00469553 0.00513666 0.00314770
v -0.00428367 0.00554406 0.00315175
v -0.00271643 0.00705262 0.00378050
v -0.00377462 0.00672071 0.00407057
v -0.00294164 0.00714241 0.00411699
v -0.00632679 0.00348470 0.00401324
v -0.00593806 0.00433659 0.00397990
v -0.00637307 0.00316440 0.00394065
v -0.00600131 0.00316440 0.00338542
v -0.00570437 0.00316440 0.00306980
v -0.00523543 0.00316440 0.00290218
v -0.00436002 0.00316440 0.00281556
v -0.00346920 0.00637897 0.00598393
v -0.00400446 0.00631800 0.00498597
v -0.00465157 0.00591886 0.00460710
v -0.00549766 0.00510851 0.00401075
v -0.00483282 0.00398860 0.00283862
v -0.00523543 0.00356913 0.00290280
v -0.00523543 0.00398860 0.00297508
v -0.00522848 0.00436786 0.00311872
v -0.00508349 0.00469619 0.00317200
v -0.00332034 0.00670016 0.00367612
v -0.00397091 0.00629142 0.00366709
v -0.00456827 0.00584247 0.00369326
v -0.00426130 0.00635306 0.00399766
v -0.00377462 0.00672071 0.00410048
v -0.00253826 0.00714956 0.00499625
v -0.00356638 0.00679665 0.00426001
v -0.00227526 0.00705084 0.00598393
v -0.00585631 0.00333996 0.00325051
v -0.00590335 0.00385905 0.00360633
v -0.00560256 0.00356913 0.00307666
v -0.00459025 0.00607699 0.00428961
v -0.00492229 0.00577144 0.00428961
v -0.00511048 0.00554987 0.00397772
v -0.00550460 0.00398860 0.00316732
v -0.00498785 0.00541451 0.00369793
v -0.00470170 0.00596308 0.00397305
v -0.00425744 0.00635038 0.00428961
v -0.00541976 0.00457424 0.00348061
v -0.00273417 0.00682122 0.00598393
f 787 789 790
f 787 790 788
f 787 788 797
f 787 799 816
f 787 816 829
f 787 829 865
f 787 865 903
f 787 903 915
f 787 915 887
f 787 887 831
f 787 831 819
f 787 819 804
f 787 804 789
f 788 790 805
f 788 805 791
f 788 791 792
f 788 792 793
f 788 793 794
f 788 794 795
f 788 795 796
f 788 796 797
f 787 797 798
f 787 798 799
f 789 800 801
f 789 801 802
f 789 802 803
f 789 803 790
f 789 804 800
f 790 803 805
f 791 806 807
f 791 807 808
f 791 808 809
f 791 809 792
f 791 805 821
f 791 821 810
f 791 810 811
f 791 811 806
f 792 809 793
f 795 794 812
f 795 812 813
f 795 813 796
f 796 813 797
f 797 813 814
f 797 814 798
f 799 798 815
f 800 817 849
f 800 849 821
f 800 821 818
f 800 802 801
f 800 804 817
f 802 800 818
f 802 818 803
f 804 819 830
f 804 830 820
f 804 820 817
f 803 818 805
f 805 818 821
f 806 822 807
f 806 811 823
f 806 823 822
f 807 822 808
f 808 822 824
f 808 824 809
f 809 824 793
f 793 824 825
f 793 825 794
f 794 825 812
f 812 825 826
f 813 812 814
f 814 812 827
f 814 827 828
f 814 828 815
f 814 815 798
f 799 815 816
f 816 815 828
f 817 820 830
f 819 832 833
f 819 833 830
f 822 823 835
f 822 835 834
f 822 834 824
f 810 836 811
f 811 837 838
f 811 838 839
f 811 839 840
f 811 840 823
f 811 836 841
f 811 841 837
f 823 840 835
f 824 834 825
f 825 834 826
f 826 834 842
f 826 842 812
f 812 842 827
f 827 842 843
f 827 843 844
f 827 844 828
f 828 845 829
f 828 829 816
f 828 844 846
f 828 846 845
f 830 847 848
f 830 848 849
f 830 849 817
f 830 833 847
f 819 850 832
f 832 851 833
f 833 852 847
f 821 849 836
f 834 835 853
f 834 853 842
f 835 840 854
f 835 854 853
f 837 841 855
f 838 856 857
f 838 857 858
f 838 858 839
f 839 858 854
f 839 854 840
f 842 853 843
f 843 853 860
f 843 860 844
f 844 860 861
f 844 861 862
f 844 862 863
f 844 863 864
f 844 864 846
f 845 865 829
f 845 846 864
f 845 864 865
f 847 852 866
f 847 866 867
f 847 867 848
f 831 868 850
f 831 850 819
f 832 850 851
f 851 850 869
f 851 869 870
f 851 870 866
f 851 866 852
f 833 851 852
f 821 836 810
f 853 854 860
f 854 858 860
f 837 855 838
f 857 856 862
f 857 862 858
f 838 855 872
f 838 872 856
f 858 861 860
f 855 841 873
f 855 873 872
f 841 871 874
f 841 874 859
f 841 836 871
f 859 874 875
f 859 875 876
f 859 876 841
f 861 858 862
f 862 856 877
f 862 877 863
f 863 878 900
f 863 900 879
f 863 879 864
f 866 880 867
f 866 881 880
f 867 880 848
f 848 880 882
f 848 882 849
f 849 882 883
f 849 883 884
f 849 884 885
f 849 885 886
f 868 831 887
f 868 887 888
f 868 889 850
f 869 890 870
f 870 890 866
f 866 890 881
f 836 849 871
f 871 891 892
f 871 892 893
f 871 893 894
f 871 894 895
f 871 895 874
f 872 896 856
f 872 897 896
f 856 896 877
f 841 876 873
f 873 897 872
f 873 876 897
f 874 895 875
f 876 875 898
f 877 896 863
f 863 896 878
f 878 899 900
f 879 900 902
f 879 902 901
f 879 901 864
f 864 901 865
f 865 901 903
f 880 904 883
f 880 883 882
f 849 886 871
f 883 904 884
f 884 904 906
f 884 906 892
f 884 892 885
f 885 892 891
f 885 891 886
f 886 891 871
f 888 889 868
f 889 888 907
f 889 907 908
f 889 908 850
f 850 908 869
f 869 909 890
f 869 908 909
f 892 906 893
f 893 906 910
f 893 910 894
f 894 910 895
f 897 876 898
f 897 898 899
f 875 895 911
f 875 911 898
f 898 911 909
f 898 909 912
f 898 912 899
f 896 897 878
f 878 897 899
f 899 912 907
f 899 907 913
f 899 913 900
f 881 905 880
f 880 905 904
f 904 910 906
f 905 881 910
f 905 910 904
f 890 914 881
f 881 914 910
f 887 915 900
f 887 900 888
f 888 913 907
f 907 912 908
f 908 912 909
f 909 911 890
f 890 911 895
f 890 895 914
f 895 910 914
f 913 888 900
f 900 915 902
f 901 915 903
f 901 902 915

o geometry_8
v 0.01997437 -0.00635681 0.02141106
v 0.01997437 -0.00643733 0.02150078
v 0.01997437 -0.00635681 0.02259806
v 0.02037134 -0.00635681 0.02158490
v 0.02037134 -0.00639027 0.02161855
v 0.01997437 -0.00645389 0.02152135
v 0.02040925 -0.00662155 0.02191951
v 0.01997437 -0.00700393 0.03095845
v 0.02004419 -0.00635681 0.02267657
v 0.02051597 -0.00635681 0.02164846
v 0.02029354 -0.00676516 0.02205783
v 0.01997437 -0.00682180 0.02200269
v 0.02057382 -0.00671340 0.02214102
v 0.02202407 -0.00635681 0.02247842
v 0.02302748 -0.00635681 0.02303734
v 0.02163109 -0.00664822 0.02264760
v 0.01997437 -0.00743354 0.03095845
v 0.02457647 -0.00663985 0.03095845
v 0.02417252 -0.00665240 0.03071731
v 0.02879956 -0.00635681 0.03095845
v 0.01998235 -0.00705168 0.02233916
v 0.02271130 -0.00672769 0.02337381
v 0.01997437 -0.00704855 0.02233168
v 0.02322995 -0.00635681 0.02315978
v 0.02299058 -0.00667558 0.02346354
v 0.01997437 -0.00758029 0.03041355
v 0.02006514 -0.00756495 0.03057338
v 0.02099374 -0.00755641 0.03094817
v 0.02098376 -0.00755188 0.03095845
v 0.03010319 -0.00635681 0.03095845
v 0.01997437 -0.00705953 0.02234851
v 0.02226246 -0.00713708 0.02380936
v 0.02400495 -0.00674320 0.02418789
v 0.02414958 -0.00635681 0.02375421
v 0.02414659 -0.00657728 0.02403741
v 0.01997437 -0.00758587 0.03036962
v 0.02079126 -0.00810158 0.02695817
v 0.02163109 -0.00812807 0.02737783
v 0.02205100 -0.00811099 0.02779748
v 0.02247092 -0.00808484 0.02821807
v 0.02391219 -0.00797940 0.02970322
v 0.02100271 -0.00755362 0.03095845
v 0.02520984 -0.00779083 0.03095845
v 0.03003536 -0.00644448 0.03095845
v 0.03016303 -0.00635681 0.03061357
v 0.02121117 -0.00718240 0.02330278
v 0.02014294 -0.00712924 0.02258965
v 0.02037134 -0.00759127 0.02373645
v 0.01997437 -0.00722649 0.02272517
v 0.02330975 -0.00730928 0.02485990
v 0.02189740 -0.00757227 0.02460848
v 0.02060773 -0.00756286 0.02379440
v 0.02076533 -0.00745027 0.02363271
v 0.02370473 -0.00700707 0.02447109
v 0.02354813 -0.00714527 0.02463184
v 0.02522779 -0.00673013 0.02504776
v 0.02498941 -0.00694642 0.02527955
v 0.02449269 -0.00635681 0.02397759
v 0.02540833 -0.00651297 0.02486083
v 0.01997437 -0.00810384 0.02614316
v 0.02037134 -0.00810367 0.02653852
v 0.02121117 -0.00813713 0.02695817
v 0.02205100 -0.00810837 0.02737783
v 0.02247092 -0.00809216 0.02779748
v 0.02288983 -0.00806654 0.02821807
v 0.02330975 -0.00804005 0.02863773
v 0.02372966 -0.00801130 0.02905738
v 0.02402191 -0.00797940 0.02970322
v 0.02562975 -0.00778612 0.03095845
v 0.02989672 -0.00655340 0.03095845
v 0.03012912 -0.00635681 0.03040607
v 0.02973614 -0.00666791 0.03073600
v 0.02037134 -0.00769671 0.02402059
v 0.01997437 -0.00775754 0.02402059
v 0.02296364 -0.00752103 0.02517300
v 0.02268337 -0.00755694 0.02506926
v 0.02460640 -0.00725263 0.02566182
v 0.02163109 -0.00760277 0.02452810
v 0.02477097 -0.00713168 0.02549639
v 0.02657331 -0.00635681 0.02559827
v 0.02639577 -0.00668412 0.02597119
v 0.02611550 -0.00675436 0.02585249
v 0.02625214 -0.00682337 0.02611419
v 0.02593397 -0.00709770 0.02643010
v 0.02565469 -0.00714963 0.02630112
v 0.02531257 -0.00635681 0.02457763
v 0.02530958 -0.00636291 0.02458231
v 0.02552901 -0.00635681 0.02473652
v 0.01997437 -0.00810541 0.02611980
v 0.02079126 -0.00813730 0.02653852
v 0.02163109 -0.00811500 0.02695817
v 0.02247092 -0.00807020 0.02737783
v 0.02288983 -0.00805487 0.02779748
v 0.02330975 -0.00803256 0.02821807
v 0.02372966 -0.00800746 0.02863773
v 0.02407377 -0.00798637 0.02905738
v 0.02408076 -0.00798446 0.02947704
v 0.02582824 -0.00777357 0.03095845
v 0.02962941 -0.00673937 0.03095845
v 0.03003736 -0.00639533 0.03033878
v 0.03007925 -0.00635681 0.03030326
v 0.02952568 -0.00678050 0.03073600
v 0.02945486 -0.00674773 0.03044253
v 0.02897311 -0.00671497 0.02927329
v 0.02053592 -0.00796755 0.02510197
v 0.01997437 -0.00788930 0.02446267
v 0.01997437 -0.00788285 0.02444024
v 0.02163109 -0.00769985 0.02485990
v 0.02247092 -0.00778176 0.02570014
v 0.02418947 -0.00752138 0.02609643
v 0.02284994 -0.00759092 0.02530011
v 0.02580829 -0.00719129 0.02655721
v 0.02677978 -0.00635681 0.02579547
v 0.02664513 -0.00639080 0.02571790
v 0.02722064 -0.00668081 0.02681704
v 0.02735529 -0.00674825 0.02709743
v 0.02674587 -0.00708916 0.02730212
v 0.02688251 -0.00713830 0.02758252
v 0.02605765 -0.00715085 0.02670956
v 0.01997437 -0.00812406 0.02572257
v 0.02037134 -0.00813225 0.02611980
v 0.02121117 -0.00811203 0.02653852
v 0.02205100 -0.00807613 0.02695817
v 0.02288983 -0.00802698 0.02737783
v 0.02374363 -0.00799369 0.02822929
v 0.02396605 -0.00797940 0.02837603
v 0.02401393 -0.00798306 0.02863773
v 0.02428323 -0.00796128 0.02905738
v 0.02582824 -0.00777932 0.03031635
v 0.02582824 -0.00777601 0.03073600
v 0.02604967 -0.00774847 0.03095845
v 0.02952967 -0.00679252 0.03095845
v 0.02922346 -0.00646452 0.02902280
v 0.02944389 -0.00635681 0.02913216
v 0.02880654 -0.00684080 0.02943872
v 0.02918656 -0.00694764 0.03095845
v 0.02825297 -0.00718083 0.02989670
v 0.02846343 -0.00709491 0.02989670
v 0.02796871 -0.00685910 0.02817602
v 0.02822006 -0.00677039 0.02828817
v 0.02813627 -0.00671653 0.02800778
v 0.02101568 -0.00797905 0.02547583
v 0.02025664 -0.00798846 0.02501131
v 0.01997437 -0.00796040 0.02473465
v 0.02177073 -0.00796110 0.02596652
v 0.02407577 -0.00758639 0.02621887
v 0.02372966 -0.00774325 0.02653852
v 0.02537142 -0.00746265 0.02699462
v 0.02520784 -0.00755885 0.02715819
v 0.02663116 -0.00717299 0.02741708
v 0.02755478 -0.00635681 0.02661329
v 0.02749992 -0.00658268 0.02695724
v 0.02847141 -0.00635681 0.02767785
v 0.02837765 -0.00646173 0.02777038
v 0.02666707 -0.00726919 0.02779748
v 0.02765252 -0.00710693 0.02852744
v 0.02751089 -0.00719913 0.02865549
v 0.01997437 -0.00812179 0.02570014
v 0.02079126 -0.00810297 0.02611980
v 0.02163109 -0.00807073 0.02653852
v 0.02206596 -0.00801652 0.02651982
v 0.02310628 -0.00797679 0.02716192
v 0.02389324 -0.00796650 0.02809657
v 0.02412364 -0.00794210 0.02822929
v 0.02540833 -0.00776921 0.02863773
v 0.02540833 -0.00779937 0.02905738
v 0.02422339 -0.00795570 0.02863773
v 0.02582824 -0.00777653 0.02989670
v 0.02624815 -0.00772460 0.03031635
v 0.02624815 -0.00772512 0.03073600
v 0.02624815 -0.00772442 0.03095845
v 0.02932620 -0.00635681 0.02892093
v 0.02773930 -0.00714702 0.02880690
v 0.02858013 -0.00714284 0.03095845
v 0.02792681 -0.00733908 0.03031635
v 0.02689648 -0.00756321 0.02962658
v 0.02683962 -0.00753724 0.02934619
v 0.02708699 -0.00741193 0.02905738
v 0.02818315 -0.00715503 0.02964621
v 0.02079126 -0.00804406 0.02570014
v 0.02079126 -0.00799352 0.02539825
v 0.02149045 -0.00798620 0.02587212
v 0.02163109 -0.00800990 0.02611138
v 0.01997437 -0.00807142 0.02527862
v 0.01997437 -0.00800711 0.02492813
v 0.02193530 -0.00799108 0.02624504
v 0.02498941 -0.00765941 0.02737783
v 0.02624815 -0.00740095 0.02779748
v 0.02600079 -0.00754386 0.02804984
v 0.02862401 -0.00635681 0.02788908
v 0.02610053 -0.00757576 0.02832930
v 0.01997437 -0.00807543 0.02530292
v 0.02037134 -0.00809094 0.02570014
v 0.02121117 -0.00805992 0.02611980
v 0.02456949 -0.00781261 0.02779748
v 0.02584719 -0.00761271 0.02820125
v 0.02582824 -0.00767998 0.02863773
v 0.02668702 -0.00759789 0.02948265
v 0.02624815 -0.00771710 0.02989670
v 0.02498941 -0.00786263 0.02905738
v 0.02701617 -0.00758308 0.03095845
v 0.02646958 -0.00768974 0.03095845
v 0.02750690 -0.00745777 0.03095845
v 0.02750690 -0.00747032 0.03073600
v 0.02719770 -0.00754090 0.03095845
f 916 917 921
f 916 921 927
f 916 927 938
f 916 938 946
f 916 946 964
f 916 964 989
f 916 989 1022
f 916 1022 1021
f 916 1021 1059
f 916 1059 1100
f 916 1100 1099
f 916 1099 1107
f 916 1107 1073
f 916 1073 1035
f 916 1035 1004
f 916 1004 975
f 916 975 951
f 916 951 941
f 916 941 932
f 916 932 923
f 916 923 918
f 916 918 924
f 916 924 935
f 916 935 945
f 916 945 960
f 916 960 986
f 916 986 1016
f 916 1016 1049
f 916 1049 1087
f 916 1087 1105
f 916 1105 1068
f 916 1068 1066
f 916 1066 1028
f 916 1028 995
f 916 995 1003
f 916 1003 1001
f 916 1001 973
f 916 973 949
f 916 949 939
f 916 939 930
f 916 930 929
f 916 929 925
f 916 925 919
f 916 919 920
f 916 920 917
f 917 920 922
f 917 922 921
f 918 923 924
f 919 925 920
f 920 925 922
f 921 922 926
f 921 926 927
f 922 928 926
f 922 925 929
f 922 929 930
f 922 930 931
f 922 931 928
f 923 932 944
f 923 944 957
f 923 957 958
f 923 958 984
f 923 984 1013
f 923 1013 1046
f 923 1046 1086
f 923 1086 1117
f 923 1117 1116
f 923 1116 1120
f 923 1120 1118
f 923 1118 1089
f 923 1089 1051
f 923 1051 1047
f 923 1047 1014
f 923 1014 985
f 923 985 959
f 923 959 945
f 923 945 935
f 923 935 933
f 923 933 934
f 923 934 924
f 924 934 933
f 924 933 935
f 926 936 927
f 926 928 937
f 926 937 936
f 927 936 938
f 928 931 937
f 930 939 940
f 930 940 937
f 930 937 931
f 932 941 942
f 932 942 943
f 932 943 944
f 936 946 938
f 936 937 947
f 936 947 946
f 937 940 948
f 937 948 947
f 939 949 950
f 939 950 940
f 940 950 948
f 941 951 952
f 941 952 953
f 941 953 954
f 941 954 955
f 941 955 942
f 942 955 956
f 942 956 943
f 943 957 944
f 943 956 958
f 943 958 957
f 945 959 960
f 946 961 962
f 946 962 963
f 946 963 964
f 946 947 961
f 947 965 966
f 947 966 967
f 947 967 968
f 947 968 961
f 947 948 969
f 947 969 970
f 947 970 965
f 948 950 971
f 948 971 972
f 948 972 969
f 949 973 950
f 950 973 974
f 950 974 971
f 951 975 976
f 951 976 952
f 952 976 977
f 952 977 953
f 953 978 979
f 953 979 954
f 953 977 978
f 954 979 980
f 954 980 955
f 955 980 981
f 955 981 982
f 955 982 983
f 955 983 956
f 956 983 958
f 958 983 984
f 959 985 960
f 960 985 987
f 960 987 986
f 961 968 962
f 962 968 967
f 962 967 963
f 963 967 988
f 963 988 989
f 963 989 964
f 965 990 991
f 965 991 966
f 965 970 992
f 965 992 990
f 966 991 993
f 966 993 967
f 967 993 988
f 969 972 970
f 970 972 994
f 970 994 992
f 971 974 995
f 971 995 996
f 971 996 997
f 971 997 972
f 972 997 998
f 972 998 999
f 972 999 1000
f 972 1000 994
f 973 1001 1002
f 973 1002 974
f 974 1002 1003
f 974 1003 995
f 975 1004 1005
f 975 1005 977
f 975 977 976
f 977 1005 1006
f 977 1006 978
f 978 1006 1007
f 978 1007 1008
f 978 1008 979
f 979 1008 1009
f 979 1009 1010
f 979 1010 980
f 980 1010 981
f 981 1010 1011
f 981 1011 982
f 982 1011 1012
f 982 1012 983
f 983 1012 1013
f 983 1013 984
f 985 1014 987
f 986 1015 1016
f 986 987 1015
f 987 1014 1017
f 987 1017 1018
f 987 1018 1019
f 987 1019 1015
f 988 1020 1021
f 988 1021 1022
f 988 1022 989
f 988 993 1023
f 988 1023 1024
f 988 1024 1020
f 990 992 1025
f 990 1025 991
f 991 1025 1026
f 991 1026 1024
f 991 1024 1023
f 991 1023 993
f 992 994 1000
f 992 1000 1027
f 992 1027 1025
f 995 1028 1029
f 995 1029 996
f 996 998 997
f 996 1029 1028
f 996 1028 1030
f 996 1030 1031
f 996 1031 998
f 998 1031 999
f 999 1027 1000
f 999 1031 1032
f 999 1032 1033
f 999 1033 1034
f 999 1034 1027
f 1001 1003 1002
f 1004 1035 1036
f 1004 1036 1005
f 1005 1036 1037
f 1005 1037 1006
f 1006 1038 1007
f 1006 1037 1038
f 1007 1039 1008
f 1007 1038 1039
f 1008 1039 1040
f 1008 1040 1041
f 1008 1041 1009
f 1009 1041 1042
f 1009 1042 1010
f 1010 1042 1011
f 1011 1042 1043
f 1011 1043 1044
f 1011 1044 1012
f 1012 1044 1045
f 1012 1045 1013
f 1013 1045 1046
f 1014 1047 1017
f 1015 1019 1016
f 1016 1019 1048
f 1016 1048 1049
f 1017 1050 1018
f 1017 1047 1051
f 1017 1051 1052
f 1017 1052 1053
f 1017 1053 1050
f 1018 1050 1019
f 1019 1050 1054
f 1019 1054 1055
f 1019 1055 1056
f 1019 1056 1048
f 1020 1057 1058
f 1020 1058 1021
f 1020 1024 1057
f 1021 1058 1059
f 1024 1060 1057
f 1024 1026 1061
f 1024 1061 1062
f 1024 1062 1060
f 1025 1027 1063
f 1025 1063 1064
f 1025 1064 1061
f 1025 1061 1026
f 1027 1034 1033
f 1027 1033 1065
f 1027 1065 1063
f 1028 1066 1030
f 1030 1067 1031
f 1030 1066 1067
f 1031 1067 1068
f 1031 1068 1069
f 1031 1069 1056
f 1031 1056 1054
f 1031 1054 1033
f 1031 1033 1032
f 1033 1070 1063
f 1033 1063 1065
f 1033 1054 1071
f 1033 1071 1072
f 1033 1072 1070
f 1035 1073 1074
f 1035 1074 1037
f 1035 1037 1036
f 1037 1074 1075
f 1037 1075 1038
f 1038 1075 1076
f 1038 1076 1077
f 1038 1077 1039
f 1039 1077 1078
f 1039 1078 1041
f 1039 1041 1040
f 1041 1078 1079
f 1041 1079 1080
f 1041 1080 1081
f 1041 1081 1082
f 1041 1082 1042
f 1042 1082 1043
f 1043 1082 1083
f 1043 1083 1044
f 1044 1083 1084
f 1044 1084 1085
f 1044 1085 1086
f 1044 1086 1046
f 1044 1046 1045
f 1048 1087 1049
f 1048 1056 1087
f 1050 1053 1088
f 1050 1088 1071
f 1050 1071 1054
f 1051 1089 1090
f 1051 1090 1052
f 1052 1090 1091
f 1052 1091 1092
f 1052 1092 1093
f 1052 1093 1072
f 1052 1072 1088
f 1052 1088 1094
f 1052 1094 1053
f 1053 1094 1088
f 1054 1056 1055
f 1056 1069 1087
f 1057 1095 1096
f 1057 1096 1058
f 1057 1060 1097
f 1057 1097 1098
f 1057 1098 1095
f 1058 1099 1100
f 1058 1100 1059
f 1058 1096 1099
f 1060 1101 1097
f 1060 1062 1101
f 1061 1064 1062
f 1062 1064 1102
f 1062 1102 1077
f 1062 1077 1101
f 1063 1070 1064
f 1064 1070 1103
f 1064 1103 1104
f 1064 1104 1102
f 1066 1068 1067
f 1068 1105 1069
f 1069 1105 1087
f 1070 1072 1104
f 1070 1104 1103
f 1071 1088 1072
f 1072 1093 1106
f 1072 1106 1104
f 1073 1107 1108
f 1073 1108 1074
f 1074 1108 1109
f 1074 1109 1075
f 1075 1098 1076
f 1075 1109 1098
f 1076 1098 1101
f 1076 1101 1077
f 1077 1102 1110
f 1077 1110 1078
f 1078 1110 1080
f 1078 1080 1079
f 1080 1110 1111
f 1080 1111 1112
f 1080 1112 1113
f 1080 1113 1114
f 1080 1114 1081
f 1081 1115 1082
f 1081 1114 1115
f 1082 1115 1114
f 1082 1114 1083
f 1083 1114 1084
f 1084 1114 1116
f 1084 1116 1117
f 1084 1117 1085
f 1085 1117 1086
f 1089 1118 1119
f 1089 1119 1090
f 1090 1119 1091
f 1091 1114 1113
f 1091 1113 1092
f 1091 1119 1114
f 1092 1113 1106
f 1092 1106 1093
f 1095 1109 1108
f 1095 1108 1107
f 1095 1107 1099
f 1095 1099 1096
f 1095 1098 1109
f 1097 1101 1098
f 1102 1104 1106
f 1102 1106 1111
f 1102 1111 1110
f 1106 1113 1112
f 1106 1112 1111
f 1114 1119 1116
f 1116 1119 1120
f 1118 1120 1119

o geometry_9
v 0.00865955 -0.00146793 0.01202637
v 0.00865848 0.00146867 0.01202637
v 0.00860883 -0.00188817 0.01202637
v -0.00196434 -0.00326724 0.00012138
v -0.00196434 0.00000837 0.00012138
v 0.00860343 0.00185821 0.01202637
v -0.00195786 0.00326734 0.00015985
v 0.00860019 -0.00190416 0.01202637
v -0.00108252 -0.00326724 0.00261101
v -0.00236693 -0.00326724 0.00012138
v 0.00564389 -0.00262184 0.00965680
v 0.00559964 -0.00264295 0.00965680
v 0.00516791 -0.00278687 0.00965680
v -0.00236693 0.00000837 0.00012138
v 0.00564605 0.00261875 0.00965680
v 0.00525965 0.00275563 0.00965680
v 0.00483871 0.00283303 0.00965680
v 0.00441885 0.00286629 0.00965680
v 0.00427422 0.00287013 0.00965680
v 0.00792129 0.00185821 0.01202637
v -0.00236369 0.00326734 0.00015985
v -0.00108252 0.00326734 0.00261101
v 0.00789107 -0.00190416 0.01202637
v 0.00427422 -0.00287066 0.00965680
v 0.00432818 -0.00286874 0.00965680
v 0.00474805 -0.00283868 0.00965680
v 0.00483871 -0.00282781 0.00965680
v -0.00102856 -0.00326724 0.00280216
v -0.00233131 -0.00326724 0.00051301
v -0.00102424 0.00326734 0.00280216
v -0.00203342 0.00326734 0.00280216
v -0.00023524 0.00287332 0.00530228
v 0.00292721 -0.00246065 0.00846910
v -0.00233131 0.00326734 0.00051301
v 0.00292721 -0.00287578 0.00846910
v -0.00203557 -0.00326724 0.00280216
v -0.00203665 -0.00322758 0.00280216
v -0.00203557 0.00314837 0.00280216
v -0.00023524 0.00246331 0.00530228
f 1121 1122 1126
f 1121 1126 1140
f 1121 1140 1143
f 1121 1143 1128
f 1121 1128 1123
f 1121 1123 1124
f 1121 1124 1125
f 1121 1125 1122
f 1122 1125 1127
f 1122 1127 1126
f 1123 1128 1124
f 1124 1129 1148
f 1124 1148 1156
f 1124 1156 1149
f 1124 1149 1130
f 1124 1130 1134
f 1124 1134 1125
f 1124 1128 1131
f 1124 1131 1132
f 1124 1132 1133
f 1124 1133 1129
f 1125 1134 1141
f 1125 1141 1127
f 1126 1135 1136
f 1126 1136 1137
f 1126 1137 1138
f 1126 1138 1139
f 1126 1139 1140
f 1126 1127 1135
f 1127 1141 1154
f 1127 1154 1151
f 1127 1151 1150
f 1127 1150 1142
f 1127 1142 1137
f 1127 1137 1136
f 1127 1136 1135
f 1128 1143 1144
f 1128 1144 1145
f 1128 1145 1146
f 1128 1146 1147
f 1128 1147 1133
f 1128 1133 1132
f 1128 1132 1131
f 1129 1133 1147
f 1129 1147 1146
f 1129 1146 1148
f 1130 1149 1141
f 1130 1141 1134
f 1137 1142 1150
f 1137 1150 1138
f 1138 1150 1139
f 1139 1144 1143
f 1139 1143 1140
f 1139 1150 1151
f 1139 1151 1152
f 1139 1152 1153
f 1139 1153 1155
f 1139 1155 1144
f 1141 1149 1154
f 1144 1155 1156
f 1144 1156 1148
f 1144 1148 1145
f 1145 1148 1146
f 1149 1156 1157
f 1149 1157 1154
f 1151 1154 1158
f 1151 1158 1152
f 1152 1158 1157
f 1152 1157 1159
f 1152 1159 1155
f 1152 1155 1153
f 1154 1157 1158
f 1155 1159 1156
f 1156 1159 1157

o geometry_10
v 0.00169322 0.00662798 0.01554970
v 0.00173696 0.00662798 0.01562530
v 0.00199428 0.00678247 0.01562530
v 0.00197112 0.00679257 0.01554970
v 0.01235660 0.00609346 0.01554970
v 0.01933257 0.00401596 0.01989267
v 0.00195826 0.00662798 0.01600528
v 0.00207662 0.00673667 0.01589487
v 0.00246003 0.00662798 0.01685080
v 0.00325515 0.00678247 0.01772317
v 0.00274566 0.00679063 0.01685080
v 0.00230821 0.00681702 0.01603910
v 0.00232365 0.00694085 0.01562530
v 0.00232365 0.00696181 0.01554970
v 0.01322377 0.00609346 0.01554970
v 0.01997330 0.00401596 0.01989267
v 0.01940720 0.00401596 0.01996927
v 0.00442854 0.00662798 0.01989168
v 0.00405028 0.00662798 0.01936646
v 0.00382898 0.00662798 0.01904019
v 0.00370547 0.00662798 0.01885716
v 0.00321913 0.00662798 0.01810316
v 0.00333750 0.00673667 0.01799275
v 0.00356909 0.00681508 0.01813698
v 0.00320112 0.00701577 0.01684583
v 0.00276624 0.00703595 0.01603314
v 0.00263244 0.00708486 0.01562530
v 0.00260928 0.00709340 0.01554970
v 0.01310283 0.00618469 0.01554970
v 0.01491180 0.00609346 0.01672248
v 0.02480322 0.00506674 0.02295345
v 0.02482381 0.00505005 0.02295842
v 0.02405699 0.00505005 0.02245608
v 0.02529470 0.00505005 0.02331652
v 0.02646037 0.00505005 0.02422172
v 0.02734812 0.00505005 0.02501949
v 0.02798113 0.00505005 0.02571182
v 0.01997330 0.00401596 0.02030349
v 0.01942264 0.00401596 0.01998220
v 0.00788179 0.00661595 0.02276445
v 0.00481967 0.00683876 0.01989168
v 0.00454433 0.00676384 0.01973252
v 0.00788179 0.00711863 0.02276445
v 0.00416864 0.00673900 0.01925406
v 0.00370032 0.00676539 0.01848613
v 0.00407858 0.00678869 0.01898349
v 0.00441053 0.00681547 0.01939730
v 0.00442082 0.00695017 0.01898349
v 0.00402712 0.00703285 0.01812803
v 0.00358195 0.00694085 0.01772317
v 0.00418408 0.00714581 0.01797683
v 0.00336838 0.00713727 0.01667971
v 0.00292321 0.00714658 0.01588592
v 0.00275852 0.00715435 0.01554970
v 0.01292271 0.00631007 0.01554970
v 0.01279662 0.00639081 0.01554970
v 0.02437349 0.00630541 0.02379797
v 0.02486240 0.00594635 0.02373430
v 0.02562665 0.00588579 0.02422172
v 0.02467198 0.00580854 0.02345479
v 0.02486498 0.00552906 0.02332746
v 0.02497562 0.00523676 0.02318919
v 0.02526382 0.00512691 0.02333044
v 0.02722718 0.00537146 0.02513388
v 0.02733526 0.00509159 0.02503143
v 0.02621848 0.00521231 0.02413916
v 0.02606152 0.00548170 0.02420879
v 0.02749480 0.00561562 0.02571182
v 0.02695442 0.00505005 0.02571182
v 0.02735070 0.00554070 0.02541340
v 0.01964393 0.00401596 0.02013141
v 0.01961820 0.00401596 0.02011748
v 0.02444040 0.00657791 0.02570685
v 0.00486856 0.00703091 0.01938337
v 0.00788179 0.00716056 0.02266298
v 0.00788179 0.00716366 0.02265503
v 0.00788693 0.00716483 0.02265801
v 0.00526226 0.00703362 0.01989168
v 0.00813396 0.00720442 0.02276445
v 0.00502552 0.00714464 0.01923019
v 0.00494061 0.00717104 0.01898349
v 0.00441825 0.00718812 0.01812803
v 0.00442082 0.00727313 0.01772317
v 0.00410431 0.00717143 0.01772317
v 0.00373377 0.00715551 0.01719299
v 0.00397308 0.00720908 0.01732131
v 0.00284344 0.00717181 0.01562530
v 0.00282028 0.00717880 0.01554970
v 0.01235917 0.00665632 0.01554970
v 0.02541050 0.00651231 0.02485636
v 0.02559320 0.00628251 0.02466736
v 0.01200922 0.00684109 0.01554970
v 0.02579133 0.00597895 0.02445846
v 0.02606924 0.00591180 0.02461165
v 0.02590713 0.00576119 0.02433114
v 0.02514545 0.00540678 0.02343688
v 0.02709080 0.00567385 0.02527514
v 0.02694670 0.00552712 0.02501253
v 0.02695442 0.00594052 0.02541837
v 0.02701103 0.00607910 0.02571182
v 0.02448157 0.00657791 0.02571182
v 0.00985287 0.00758134 0.02276445
v 0.00945145 0.00750021 0.02276445
v 0.00861515 0.00732437 0.02276445
v 0.00817771 0.00721607 0.02276445
v 0.01071746 0.00767101 0.02276445
v 0.00987088 0.00758328 0.02276445
v 0.00540378 0.00715629 0.01970069
v 0.00788179 0.00723974 0.02235362
v 0.00788179 0.00716638 0.02264607
v 0.00568426 0.00719782 0.01989168
v 0.00526226 0.00718424 0.01938337
v 0.00525968 0.00727157 0.01898349
v 0.00589012 0.00755649 0.01835681
v 0.00504868 0.00755649 0.01709849
v 0.00316252 0.00727546 0.01562530
v 0.00358195 0.00724828 0.01646485
v 0.00316252 0.00728749 0.01554970
v 0.02535389 0.00657791 0.02491405
v 0.02648867 0.00631783 0.02546214
v 0.01159750 0.00702935 0.01554970
v 0.02676915 0.00621962 0.02559146
v 0.02699817 0.00608997 0.02571182
v 0.02627252 0.00657791 0.02571182
v 0.01730231 0.00798155 0.02303004
v 0.01720195 0.00797922 0.02303004
v 0.01113690 0.00770594 0.02276445
v 0.00957239 0.00756620 0.02264011
v 0.00862030 0.00732670 0.02275947
v 0.00820087 0.00732243 0.02233970
v 0.01029803 0.00767528 0.02233970
v 0.00987860 0.00763180 0.02233970
v 0.00566111 0.00720442 0.01983299
v 0.00788179 0.00733756 0.02191992
v 0.00609341 0.00731194 0.01989168
v 0.00568169 0.00730069 0.01940227
v 0.00609855 0.00732786 0.01982205
v 0.00626838 0.00756154 0.01883329
v 0.00611656 0.00757047 0.01852293
v 0.00609855 0.00760191 0.01814394
v 0.00542180 0.00756271 0.01758988
v 0.00527255 0.00757125 0.01726461
v 0.00568169 0.00765587 0.01688562
v 0.00525968 0.00760113 0.01688562
v 0.00482996 0.00757901 0.01645291
v 0.00439509 0.00758561 0.01564221
v 0.00422525 0.00757008 0.01554970
v 0.00460609 0.00755999 0.01630569
v 0.00411203 0.00754291 0.01554970
v 0.01932485 0.00755688 0.02296638
v 0.01926310 0.00759454 0.02303004
v 0.02626738 0.00657791 0.02570585
v 0.01116006 0.00722422 0.01554970
v 0.01071746 0.00735309 0.01554970
v 0.02664049 0.00638693 0.02571182
v 0.02665078 0.00637955 0.02571182
v 0.01867898 0.00771992 0.02303004
v 0.01827241 0.00780415 0.02303004
v 0.01752361 0.00794118 0.02303004
v 0.01725342 0.00797922 0.02294748
v 0.01720195 0.00797922 0.02294748
v 0.00568169 0.00772302 0.01554970
v 0.00987860 0.00771099 0.02150015
v 0.01029803 0.00771099 0.02191992
v 0.01071746 0.00770905 0.02233970
v 0.01113690 0.00770633 0.02275947
v 0.00568169 0.00772225 0.01562530
v 0.00609855 0.00771875 0.01646485
v 0.00693999 0.00771875 0.01772317
v 0.00735942 0.00772341 0.01814394
v 0.00777886 0.00771526 0.01898349
v 0.00819829 0.00771875 0.01940227
v 0.00903973 0.00770866 0.02066160
v 0.00945916 0.00771021 0.02108037
v 0.00944373 0.00758367 0.02235561
v 0.00915810 0.00756620 0.02222630
v 0.00874381 0.00756542 0.02180056
v 0.00833210 0.00756465 0.02137481
v 0.00788179 0.00735969 0.02181946
v 0.00987860 0.00767722 0.02191992
v 0.00793325 0.00756271 0.02093912
v 0.00708152 0.00756426 0.01989168
v 0.00664922 0.00756581 0.01929981
v 0.00651284 0.00757901 0.01897752
v 0.00652056 0.00761744 0.01856372
v 0.00652056 0.00765509 0.01814394
v 0.00609855 0.00767372 0.01730439
v 0.00568169 0.00768692 0.01646485
v 0.00525968 0.00766751 0.01604507
v 0.00440023 0.00759337 0.01554970
v 0.00484025 0.00764539 0.01562530
v 0.00484025 0.00765121 0.01554970
v 0.00987088 0.00758444 0.01554970
v 0.00945916 0.00765043 0.01554970
v 0.00903973 0.00769352 0.01554970
v 0.00862030 0.00771642 0.01554970
v 0.00819829 0.00772652 0.01554970
v 0.00777886 0.00772729 0.01554970
v 0.00609855 0.00772729 0.01554970
v 0.00525968 0.00769896 0.01554970
v 0.00568169 0.00770982 0.01604507
v 0.00652056 0.00771215 0.01730439
v 0.00735942 0.00770982 0.01856372
v 0.00862030 0.00770361 0.02024282
v 0.00862030 0.00766984 0.02066160
v 0.00903973 0.00767411 0.02108037
v 0.00945916 0.00767605 0.02150015
v 0.00945916 0.00763219 0.02191992
v 0.00862030 0.00762753 0.02108037
v 0.00819572 0.00757901 0.02107938
v 0.00820087 0.00762132 0.02066160
v 0.00777886 0.00765470 0.01982205
v 0.00735942 0.00760502 0.01982205
v 0.00728995 0.00758988 0.01989168
v 0.00705579 0.00756775 0.01982205
v 0.00691169 0.00758716 0.01942515
v 0.00693999 0.00766945 0.01856372
v 0.00652056 0.00768770 0.01772317
v 0.00609855 0.00770206 0.01688562
v 0.00525968 0.00769546 0.01562530
v 0.00693999 0.00770051 0.01814394
v 0.00777886 0.00769080 0.01940227
v 0.00819829 0.00769779 0.01982205
v 0.00819829 0.00769197 0.01989168
v 0.00820087 0.00766247 0.02024282
v 0.00735942 0.00768110 0.01898349
v 0.00735942 0.00764422 0.01940227
f 1160 1161 1162
f 1160 1162 1163
f 1160 1163 1173
f 1160 1173 1187
f 1160 1187 1213
f 1160 1213 1247
f 1160 1247 1277
f 1160 1277 1308
f 1160 1308 1306
f 1160 1306 1349
f 1160 1349 1351
f 1160 1351 1359
f 1160 1359 1321
f 1160 1321 1358
f 1160 1358 1357
f 1160 1357 1356
f 1160 1356 1355
f 1160 1355 1354
f 1160 1354 1353
f 1160 1353 1352
f 1160 1352 1313
f 1160 1313 1312
f 1160 1312 1280
f 1160 1280 1251
f 1160 1251 1248
f 1160 1248 1215
f 1160 1215 1214
f 1160 1214 1188
f 1160 1188 1174
f 1160 1174 1164
f 1160 1164 1165
f 1160 1165 1161
f 1161 1166 1162
f 1161 1165 1166
f 1162 1167 1168
f 1162 1168 1169
f 1162 1169 1170
f 1162 1170 1171
f 1162 1171 1172
f 1162 1172 1163
f 1162 1166 1167
f 1163 1172 1173
f 1164 1174 1175
f 1164 1175 1165
f 1165 1175 1197
f 1165 1197 1230
f 1165 1230 1231
f 1165 1231 1198
f 1165 1198 1176
f 1165 1176 1177
f 1165 1177 1178
f 1165 1178 1179
f 1165 1179 1180
f 1165 1180 1181
f 1165 1181 1168
f 1165 1168 1166
f 1166 1168 1167
f 1168 1181 1182
f 1168 1182 1169
f 1169 1182 1183
f 1169 1183 1171
f 1169 1171 1170
f 1171 1183 1184
f 1171 1184 1172
f 1172 1184 1173
f 1173 1184 1185
f 1173 1185 1186
f 1173 1186 1187
f 1174 1188 1189
f 1174 1189 1190
f 1174 1190 1191
f 1174 1191 1192
f 1174 1192 1175
f 1175 1192 1191
f 1175 1191 1193
f 1175 1193 1194
f 1175 1194 1195
f 1175 1195 1196
f 1175 1196 1197
f 1176 1198 1199
f 1176 1199 1177
f 1177 1200 1201
f 1177 1201 1178
f 1177 1199 1202
f 1177 1202 1200
f 1178 1201 1203
f 1178 1203 1179
f 1179 1203 1180
f 1180 1203 1204
f 1180 1204 1181
f 1181 1204 1182
f 1182 1204 1183
f 1183 1204 1205
f 1183 1205 1206
f 1183 1206 1207
f 1183 1207 1208
f 1183 1208 1209
f 1183 1209 1184
f 1184 1209 1208
f 1184 1208 1210
f 1184 1210 1211
f 1184 1211 1186
f 1184 1186 1185
f 1186 1211 1212
f 1186 1212 1187
f 1187 1212 1213
f 1188 1214 1189
f 1189 1214 1215
f 1189 1215 1216
f 1189 1216 1217
f 1189 1217 1218
f 1189 1218 1219
f 1189 1219 1220
f 1189 1220 1221
f 1189 1221 1190
f 1190 1221 1222
f 1190 1222 1191
f 1191 1222 1193
f 1193 1222 1194
f 1194 1223 1224
f 1194 1224 1195
f 1194 1222 1225
f 1194 1225 1226
f 1194 1226 1223
f 1195 1224 1196
f 1196 1227 1259
f 1196 1259 1282
f 1196 1282 1315
f 1196 1315 1314
f 1196 1314 1283
f 1196 1283 1260
f 1196 1260 1228
f 1196 1228 1197
f 1196 1224 1223
f 1196 1223 1229
f 1196 1229 1227
f 1197 1228 1199
f 1197 1199 1230
f 1198 1231 1199
f 1199 1231 1230
f 1199 1228 1232
f 1199 1232 1202
f 1200 1233 1206
f 1200 1206 1201
f 1200 1202 1234
f 1200 1234 1235
f 1200 1235 1236
f 1200 1236 1237
f 1200 1237 1233
f 1201 1206 1203
f 1202 1232 1238
f 1202 1238 1236
f 1202 1236 1234
f 1203 1206 1205
f 1203 1205 1204
f 1206 1233 1207
f 1207 1233 1208
f 1208 1233 1239
f 1208 1239 1210
f 1210 1239 1240
f 1210 1240 1241
f 1210 1241 1242
f 1210 1242 1243
f 1210 1243 1244
f 1210 1244 1211
f 1211 1244 1245
f 1211 1245 1246
f 1211 1246 1212
f 1212 1246 1213
f 1213 1246 1247
f 1215 1248 1216
f 1216 1249 1250
f 1216 1250 1218
f 1216 1218 1217
f 1216 1248 1251
f 1216 1251 1249
f 1218 1250 1252
f 1218 1252 1253
f 1218 1253 1254
f 1218 1254 1226
f 1218 1226 1255
f 1218 1255 1220
f 1218 1220 1219
f 1220 1255 1221
f 1221 1255 1222
f 1222 1255 1225
f 1223 1256 1229
f 1223 1226 1257
f 1223 1257 1256
f 1225 1255 1226
f 1226 1254 1257
f 1227 1229 1258
f 1227 1258 1259
f 1228 1260 1232
f 1229 1256 1258
f 1232 1261 1262
f 1232 1262 1263
f 1232 1263 1264
f 1232 1264 1238
f 1232 1260 1265
f 1232 1265 1266
f 1232 1266 1261
f 1233 1237 1267
f 1233 1267 1239
f 1234 1236 1235
f 1236 1238 1268
f 1236 1268 1269
f 1236 1269 1270
f 1236 1270 1267
f 1236 1267 1237
f 1238 1264 1268
f 1239 1267 1271
f 1239 1271 1272
f 1239 1272 1240
f 1240 1272 1241
f 1241 1272 1242
f 1242 1272 1273
f 1242 1273 1274
f 1242 1274 1275
f 1242 1275 1276
f 1242 1276 1245
f 1242 1245 1243
f 1243 1245 1244
f 1245 1276 1275
f 1245 1275 1246
f 1246 1275 1247
f 1247 1275 1277
f 1249 1278 1279
f 1249 1279 1250
f 1249 1251 1278
f 1250 1279 1252
f 1251 1280 1278
f 1252 1279 1253
f 1253 1279 1258
f 1253 1258 1256
f 1253 1256 1257
f 1253 1257 1254
f 1258 1279 1281
f 1258 1281 1259
f 1259 1281 1282
f 1260 1283 1284
f 1260 1284 1285
f 1260 1285 1286
f 1260 1286 1265
f 1261 1266 1287
f 1261 1287 1262
f 1262 1287 1263
f 1263 1287 1288
f 1263 1288 1289
f 1263 1289 1264
f 1264 1289 1268
f 1265 1286 1290
f 1265 1290 1266
f 1266 1290 1291
f 1266 1291 1287
f 1267 1292 1271
f 1267 1270 1292
f 1268 1293 1294
f 1268 1294 1270
f 1268 1270 1269
f 1268 1289 1293
f 1270 1294 1292
f 1271 1292 1272
f 1272 1292 1295
f 1272 1295 1273
f 1273 1295 1296
f 1273 1296 1297
f 1273 1297 1298
f 1273 1298 1299
f 1273 1299 1300
f 1273 1300 1274
f 1274 1300 1301
f 1274 1301 1302
f 1274 1302 1303
f 1274 1303 1304
f 1274 1304 1305
f 1274 1305 1306
f 1274 1306 1307
f 1274 1307 1277
f 1274 1277 1275
f 1277 1307 1308
f 1278 1309 1310
f 1278 1310 1311
f 1278 1311 1279
f 1278 1280 1312
f 1278 1312 1313
f 1278 1313 1309
f 1279 1311 1314
f 1279 1314 1281
f 1281 1314 1315
f 1281 1315 1282
f 1283 1314 1311
f 1283 1311 1310
f 1283 1310 1316
f 1283 1316 1317
f 1283 1317 1318
f 1283 1318 1284
f 1284 1318 1319
f 1284 1319 1320
f 1284 1320 1321
f 1284 1321 1285
f 1285 1322 1323
f 1285 1323 1324
f 1285 1324 1325
f 1285 1325 1286
f 1285 1321 1326
f 1285 1326 1327
f 1285 1327 1328
f 1285 1328 1329
f 1285 1329 1330
f 1285 1330 1331
f 1285 1331 1332
f 1285 1332 1333
f 1285 1333 1322
f 1286 1325 1324
f 1286 1324 1290
f 1287 1291 1334
f 1287 1334 1335
f 1287 1335 1288
f 1288 1335 1336
f 1288 1336 1337
f 1288 1337 1289
f 1289 1337 1338
f 1289 1338 1293
f 1290 1324 1323
f 1290 1323 1339
f 1290 1339 1291
f 1291 1339 1334
f 1292 1294 1295
f 1293 1338 1294
f 1294 1296 1295
f 1294 1338 1340
f 1294 1340 1296
f 1296 1340 1341
f 1296 1341 1297
f 1297 1341 1342
f 1297 1342 1343
f 1297 1343 1344
f 1297 1344 1298
f 1298 1344 1345
f 1298 1345 1299
f 1299 1345 1346
f 1299 1346 1300
f 1300 1346 1301
f 1301 1346 1302
f 1302 1347 1348
f 1302 1348 1303
f 1302 1346 1347
f 1303 1348 1304
f 1304 1348 1305
f 1305 1349 1306
f 1305 1348 1350
f 1305 1350 1351
f 1305 1351 1349
f 1306 1308 1307
f 1309 1313 1352
f 1309 1352 1310
f 1310 1352 1316
f 1316 1352 1317
f 1317 1352 1319
f 1317 1319 1318
f 1319 1352 1353
f 1319 1353 1354
f 1319 1354 1355
f 1319 1355 1356
f 1319 1356 1357
f 1319 1357 1358
f 1319 1358 1320
f 1320 1358 1321
f 1321 1359 1326
f 1322 1339 1323
f 1322 1333 1339
f 1326 1359 1360
f 1326 1360 1327
f 1327 1360 1361
f 1327 1361 1328
f 1328 1361 1362
f 1328 1362 1330
f 1328 1330 1329
f 1330 1362 1363
f 1330 1363 1332
f 1330 1332 1331
f 1332 1363 1364
f 1332 1364 1365
f 1332 1365 1366
f 1332 1366 1333
f 1333 1366 1339
f 1334 1339 1367
f 1334 1367 1335
f 1335 1367 1336
f 1336 1367 1337
f 1337 1367 1365
f 1337 1365 1368
f 1337 1368 1369
f 1337 1369 1340
f 1337 1340 1338
f 1339 1366 1367
f 1340 1369 1364
f 1340 1364 1370
f 1340 1370 1371
f 1340 1371 1372
f 1340 1372 1373
f 1340 1373 1341
f 1341 1373 1374
f 1341 1374 1342
f 1342 1374 1375
f 1342 1375 1343
f 1343 1375 1376
f 1343 1376 1344
f 1344 1376 1345
f 1345 1376 1346
f 1346 1376 1377
f 1346 1377 1378
f 1346 1378 1347
f 1347 1379 1348
f 1347 1378 1379
f 1348 1379 1351
f 1348 1351 1350
f 1351 1379 1359
f 1359 1379 1360
f 1360 1379 1378
f 1360 1378 1361
f 1361 1378 1380
f 1361 1380 1362
f 1362 1381 1382
f 1362 1382 1363
f 1362 1380 1381
f 1363 1382 1364
f 1364 1368 1365
f 1364 1382 1383
f 1364 1383 1381
f 1364 1381 1384
f 1364 1384 1370
f 1364 1369 1368
f 1365 1367 1366
f 1370 1384 1371
f 1371 1381 1385
f 1371 1385 1386
f 1371 1386 1372
f 1371 1384 1381
f 1372 1386 1375
f 1372 1375 1374
f 1372 1374 1373
f 1375 1386 1376
f 1376 1380 1377
f 1376 1386 1385
f 1376 1385 1380
f 1377 1380 1378
f 1380 1385 1381
f 1381 1383 1382

o geometry_11
v 0.00787822 0.00711877 0.02276394
v 0.00787822 0.00661522 0.02276394
v 0.00716934 0.00684886 0.02276297
v 0.00425725 0.00365582 0.02276394
v 0.00787822 0.00726556 0.01989104
v 0.00727167 0.00716059 0.02201588
v 0.00693725 0.00691479 0.02234051
v 0.00363070 0.00365582 0.02276394
v -0.00057909 0.00329993 0.01554898
v -0.00183219 0.00329950 0.01320730
v 0.00787822 0.00765859 0.01989104
v -0.00324193 0.00403561 0.00965820
v -0.00033784 0.00664595 0.00965820
v 0.00787822 0.00723996 0.02235334
v 0.00661139 0.00677482 0.02234051
v 0.00612204 0.00703001 0.02105996
v 0.00378505 0.00398825 0.02276394
v -0.00111989 0.00329993 0.01554898
v -0.00236499 0.00329950 0.01320730
v 0.00787822 0.00756150 0.02086942
v -0.00133598 0.00664595 0.00965820
v -0.00380217 0.00403561 0.00965820
v 0.00756666 0.00731144 0.02170986
v 0.00651764 0.00727282 0.02066091
v 0.00613919 0.00635577 0.02276394
v 0.00579619 0.00676202 0.02139870
v 0.00587279 0.00630541 0.02256762
v 0.00608431 0.00713861 0.02067695
v 0.00567728 0.00697752 0.02066091
v 0.00403201 0.00440943 0.02276394
v 0.00376333 0.00423746 0.02258173
v 0.00305731 0.00398355 0.02181122
v 0.00157611 0.00365582 0.01989104
v 0.00002460 0.00403561 0.01707461
v -0.00042931 0.00403561 0.01629704
v -0.00129939 0.00349580 0.01509219
v -0.00208830 0.00329950 0.01374877
v 0.00252966 0.00365582 0.02129734
v 0.00217980 0.00365582 0.02079564
v -0.00210316 0.00382054 0.01334972
v -0.00333683 0.00403561 0.01064620
v 0.00708016 0.00756428 0.01989104
v 0.00713962 0.00755745 0.02004245
v -0.00199912 0.00622732 0.00965820
v -0.00169956 0.00631949 0.01003031
v -0.00044875 0.00632462 0.01255932
v 0.00609117 0.00731250 0.01989104
v -0.00366497 0.00431555 0.00965820
v 0.00568071 0.00719771 0.01989104
v 0.00516907 0.00634595 0.02161426
v 0.00540974 0.00674666 0.02094833
v 0.00493754 0.00677482 0.02024133
v 0.00530913 0.00705369 0.01989104
v 0.00481749 0.00683840 0.01989104
v 0.00298357 0.00456647 0.02124473
v 0.00289096 0.00428653 0.02136919
v 0.00184766 0.00394835 0.02010981
v 0.00128342 0.00403561 0.01917250
v -0.00043446 0.00424663 0.01609944
v -0.00082948 0.00420204 0.01541810
v -0.00167441 0.00379878 0.01417220
v 0.00251137 0.00422636 0.02089700
v -0.00336198 0.00422807 0.01041396
v -0.00019149 0.00663144 0.01202940
v -0.00334712 0.00462152 0.00996230
v -0.00335198 0.00480960 0.00965820
v 0.00571273 0.00607732 0.02276394
v 0.00460711 0.00589361 0.02173873
v 0.00508160 0.00627085 0.02166816
v 0.00420237 0.00630029 0.02045946
v 0.00241761 0.00662802 0.01678719
v 0.00321452 0.00662802 0.01810110
v 0.00389567 0.00662802 0.01914170
v 0.00435672 0.00483446 0.02276394
v 0.00375075 0.00466675 0.02218012
v 0.00166987 0.00423063 0.01964212
v 0.00121939 0.00428184 0.01885685
v -0.00003829 0.00428227 0.01675896
v -0.00168813 0.00423490 0.01377700
v -0.00204257 0.00410090 0.01322783
v -0.00079975 0.00627042 0.01199989
v 0.00028299 0.00659943 0.01305076
v 0.00169388 0.00662802 0.01554898
v -0.00083177 0.00587996 0.01290448
v 0.00083408 0.00630755 0.01502547
v -0.00293209 0.00462835 0.01081044
v -0.00296753 0.00509135 0.01004570
v 0.00525596 0.00587505 0.02255286
v 0.00335858 0.00588551 0.02004758
v 0.00378677 0.00587633 0.02066476
v 0.00335172 0.00630669 0.01921356
v 0.00126855 0.00629858 0.01584025
v 0.00252509 0.00629858 0.01793686
v 0.00414406 0.00511013 0.02221220
v 0.00299271 0.00498680 0.02080975
v 0.00250679 0.00464926 0.02048512
v 0.00166987 0.00464798 0.01922511
v -0.00003600 0.00468596 0.01633425
v -0.00167898 0.00463688 0.01333946
v -0.00211117 0.00424173 0.01294811
v -0.00209745 0.00463603 0.01250030
v -0.00246675 0.00583771 0.00965820
v -0.00177245 0.00587718 0.01100467
v 0.00108333 0.00637881 0.01526156
v 0.00045564 0.00585393 0.01536806
v -0.00171671 0.00510074 0.01257985
v -0.00253649 0.00548886 0.01023240
v -0.00288064 0.00540842 0.00965820
v 0.00519822 0.00568131 0.02276394
v 0.00422352 0.00544106 0.02190168
v 0.00461455 0.00546880 0.02235719
v 0.00251708 0.00588636 0.01878885
v 0.00081465 0.00590855 0.01590056
v 0.00478548 0.00530259 0.02276394
v 0.00289553 0.00510032 0.02053003
v 0.00203802 0.00471199 0.01971654
v 0.00169159 0.00503716 0.01877088
v 0.00039047 0.00508666 0.01653249
v -0.00000742 0.00506404 0.01587233
v -0.00125137 0.00546219 0.01290577
v -0.00129596 0.00509861 0.01341003
v 0.00330256 0.00552150 0.02054543
v 0.00245877 0.00552364 0.01929568
v 0.00213521 0.00542847 0.01893961
v 0.00089582 0.00583686 0.01618028
v 0.00278748 0.00540607 0.01995905
v 0.00205403 0.00510330 0.01927386
v 0.00039047 0.00549931 0.01590825
v 0.00047050 0.00541567 0.01618797
f 1387 1389 1411
f 1387 1411 1453
f 1387 1453 1495
f 1387 1495 1500
f 1387 1500 1460
f 1387 1460 1416
f 1387 1416 1403
f 1387 1403 1394
f 1387 1394 1390
f 1387 1390 1388
f 1387 1388 1391
f 1387 1391 1397
f 1387 1397 1406
f 1387 1406 1400
f 1388 1390 1391
f 1387 1392 1389
f 1389 1392 1393
f 1390 1394 1404
f 1390 1404 1395
f 1390 1395 1396
f 1390 1396 1391
f 1391 1396 1398
f 1391 1398 1399
f 1391 1399 1397
f 1387 1400 1392
f 1393 1392 1402
f 1393 1402 1401
f 1393 1401 1389
f 1395 1404 1423
f 1395 1423 1396
f 1396 1423 1405
f 1396 1405 1408
f 1396 1408 1398
f 1397 1399 1407
f 1398 1408 1434
f 1398 1434 1452
f 1398 1452 1494
f 1398 1494 1488
f 1398 1488 1430
f 1398 1430 1407
f 1398 1407 1399
f 1400 1409 1392
f 1392 1409 1410
f 1389 1401 1411
f 1401 1412 1413
f 1401 1413 1411
f 1402 1412 1401
f 1402 1414 1415
f 1402 1415 1412
f 1403 1416 1417
f 1403 1417 1418
f 1403 1418 1394
f 1404 1419 1420
f 1404 1420 1421
f 1404 1421 1422
f 1404 1394 1424
f 1404 1424 1425
f 1404 1425 1419
f 1405 1423 1426
f 1405 1427 1408
f 1397 1428 1429
f 1397 1429 1406
f 1397 1407 1428
f 1407 1430 1431
f 1407 1431 1432
f 1407 1433 1428
f 1409 1400 1406
f 1392 1410 1414
f 1409 1406 1429
f 1409 1429 1410
f 1410 1433 1435
f 1410 1435 1414
f 1392 1414 1402
f 1412 1436 1413
f 1412 1437 1436
f 1412 1415 1438
f 1412 1438 1437
f 1415 1414 1439
f 1415 1439 1440
f 1415 1440 1438
f 1417 1441 1442
f 1394 1418 1424
f 1419 1443 1444
f 1419 1444 1420
f 1421 1420 1445
f 1421 1445 1446
f 1421 1446 1447
f 1421 1447 1422
f 1422 1447 1426
f 1422 1426 1423
f 1422 1423 1404
f 1424 1448 1425
f 1425 1448 1443
f 1425 1443 1419
f 1427 1405 1426
f 1408 1427 1449
f 1429 1428 1433
f 1429 1433 1410
f 1432 1450 1407
f 1407 1450 1435
f 1407 1435 1433
f 1434 1408 1449
f 1434 1449 1451
f 1434 1451 1452
f 1413 1453 1411
f 1413 1454 1453
f 1436 1455 1413
f 1437 1438 1456
f 1437 1456 1436
f 1439 1457 1458
f 1439 1458 1440
f 1440 1458 1459
f 1440 1459 1438
f 1438 1459 1456
f 1416 1460 1417
f 1417 1460 1461
f 1417 1461 1441
f 1442 1418 1417
f 1442 1441 1448
f 1442 1448 1418
f 1418 1448 1424
f 1443 1462 1444
f 1420 1444 1463
f 1420 1463 1464
f 1420 1464 1445
f 1446 1445 1465
f 1447 1446 1426
f 1426 1466 1427
f 1427 1466 1449
f 1431 1430 1467
f 1431 1467 1432
f 1450 1432 1468
f 1450 1468 1469
f 1450 1469 1435
f 1432 1467 1470
f 1432 1470 1471
f 1435 1439 1414
f 1435 1469 1439
f 1451 1449 1472
f 1451 1473 1452
f 1453 1454 1474
f 1413 1455 1454
f 1436 1456 1455
f 1456 1475 1476
f 1456 1476 1454
f 1456 1454 1455
f 1439 1469 1457
f 1457 1478 1479
f 1457 1479 1458
f 1458 1479 1477
f 1458 1477 1459
f 1459 1477 1456
f 1460 1480 1461
f 1461 1481 1441
f 1441 1482 1448
f 1441 1481 1482
f 1448 1482 1462
f 1448 1462 1443
f 1462 1463 1444
f 1445 1484 1485
f 1445 1485 1465
f 1445 1464 1484
f 1465 1486 1466
f 1465 1466 1446
f 1446 1466 1426
f 1466 1486 1449
f 1449 1487 1472
f 1430 1489 1467
f 1468 1432 1471
f 1468 1471 1490
f 1468 1490 1469
f 1467 1489 1470
f 1471 1470 1491
f 1471 1491 1478
f 1471 1478 1490
f 1469 1490 1478
f 1469 1478 1457
f 1472 1473 1451
f 1472 1487 1473
f 1473 1492 1493
f 1473 1493 1494
f 1473 1494 1452
f 1474 1495 1453
f 1454 1497 1474
f 1454 1496 1497
f 1474 1497 1495
f 1456 1477 1475
f 1477 1479 1498
f 1477 1498 1475
f 1479 1478 1498
f 1480 1460 1500
f 1461 1480 1481
f 1481 1501 1502
f 1481 1502 1482
f 1482 1502 1483
f 1482 1483 1462
f 1462 1483 1463
f 1463 1483 1464
f 1464 1483 1484
f 1484 1483 1503
f 1484 1503 1504
f 1484 1504 1505
f 1465 1485 1486
f 1486 1487 1449
f 1488 1489 1430
f 1489 1493 1506
f 1470 1489 1506
f 1491 1499 1478
f 1487 1486 1485
f 1473 1487 1492
f 1487 1485 1507
f 1487 1507 1492
f 1492 1506 1493
f 1454 1476 1496
f 1475 1498 1509
f 1475 1509 1508
f 1475 1508 1476
f 1476 1508 1496
f 1498 1499 1511
f 1498 1510 1509
f 1499 1491 1511
f 1478 1499 1498
f 1500 1497 1480
f 1501 1481 1508
f 1501 1508 1512
f 1501 1512 1513
f 1501 1513 1502
f 1481 1480 1496
f 1481 1496 1508
f 1483 1513 1503
f 1484 1505 1485
f 1485 1505 1507
f 1489 1488 1493
f 1493 1488 1494
f 1470 1506 1491
f 1491 1506 1514
f 1492 1507 1506
f 1496 1480 1497
f 1497 1500 1495
f 1509 1510 1512
f 1509 1512 1508
f 1498 1511 1510
f 1510 1511 1515
f 1511 1491 1514
f 1512 1510 1513
f 1513 1510 1503
f 1513 1483 1502
f 1507 1505 1506
f 1504 1503 1515
f 1504 1515 1505
f 1506 1505 1514
f 1510 1515 1503
f 1515 1514 1505
f 1515 1511 1514

o geometry_12
v -0.00203485 -0.00315983 0.00280123
v -0.00355370 -0.00315983 0.00280609
v -0.00357148 0.00316334 0.00280609
v -0.00203485 0.00316334 0.00280123
v -0.00102397 -0.00315983 0.00280123
v -0.00441980 -0.00315983 0.00282066
v -0.00397532 -0.00272711 0.00280851
v -0.00397532 0.00316334 0.00280851
v -0.00102397 0.00316334 0.00280123
v -0.00095031 -0.00315983 0.00303443
v -0.00057441 -0.00188765 0.00280123
v 0.01558943 -0.00216313 0.01914005
v 0.01599835 -0.00216251 0.01956030
v 0.01588660 -0.00244233 0.01968176
v 0.01560721 -0.00256243 0.01954330
v 0.01587136 -0.00259710 0.01989067
v 0.01574944 -0.00262929 0.01982265
v 0.01574944 -0.00265282 0.01989067
v 0.01539894 -0.00277292 0.01989067
v 0.01994534 -0.00288002 0.02611186
v 0.01952372 -0.00290787 0.02653454
v -0.00458997 -0.00315983 0.00284252
v -0.00457981 -0.00305026 0.00282795
v -0.00458997 -0.00196194 0.00282066
v -0.00436392 -0.00272711 0.00281580
v -0.00462299 0.00146956 0.00282066
v -0.00435630 0.00316334 0.00281580
v -0.00057441 0.00188867 0.00280123
v -0.00095285 0.00316334 0.00303200
v 0.01952626 0.00290890 0.02653454
v 0.02036696 0.00288042 0.02611186
v 0.02036696 0.00287176 0.02569404
v 0.01574944 0.00263218 0.01982265
v 0.01587390 0.00259875 0.01989067
v 0.01560721 0.00256346 0.01954330
v 0.01588660 0.00243655 0.01968419
v 0.01599581 0.00215735 0.01956759
v 0.01558181 0.00215859 0.01914733
v 0.01530750 0.00201125 0.01880968
v 0.01530750 0.00188805 0.01876352
v -0.00108747 -0.00315983 0.00342796
v -0.00056679 -0.00182636 0.00280123
v 0.01410360 -0.00182698 0.01753920
v 0.01584850 -0.00188765 0.01930280
v 0.01603645 -0.00188765 0.01951172
v 0.02062857 -0.00263858 0.02626004
v 0.01597295 -0.00253086 0.01989067
v 0.02035934 -0.00273515 0.02611672
v 0.01580786 -0.00262682 0.01989067
v 0.01996819 -0.00287321 0.02611186
v 0.01996819 -0.00287878 0.02613372
v 0.01994534 -0.00288930 0.02653454
v 0.01952372 -0.00288930 0.02695237
v -0.00458997 -0.00315983 0.00328707
v -0.00273078 -0.00315983 0.00347412
v -0.00267998 -0.00315983 0.00347897
v -0.00145321 -0.00315983 0.00352513
v -0.00491254 0.00001104 0.00288625
v -0.00458997 -0.00305645 0.00283038
v -0.00462299 0.00001104 0.00282066
v -0.00491254 0.00242045 0.00288382
v -0.00491254 0.00316334 0.00288625
v -0.00461029 0.00213692 0.00282309
v -0.00456711 0.00316334 0.00283281
v 0.00292809 0.00147823 0.00627013
v 0.01414423 0.00146833 0.01753920
v 0.00512002 0.00147823 0.00847099
v -0.00107477 0.00316334 0.00339395
v 0.01952626 0.00288971 0.02695479
v 0.01997074 0.00288785 0.02651025
v -0.00109001 0.00316334 0.00342553
v -0.00145575 0.00316334 0.00352270
v -0.00263172 0.00316334 0.00347655
v -0.00268252 0.00316334 0.00347412
v -0.00491254 0.00316334 0.00332108
v 0.02078604 0.00283523 0.02611186
v 0.01994534 0.00286495 0.02695479
v 0.02076064 0.00272256 0.02571833
v 0.02102479 0.00262722 0.02587623
v 0.01603391 0.00188805 0.01951415
v 0.01584342 0.00188805 0.01930523
v 0.01587390 0.00146771 0.01927851
v 0.01414423 -0.00146730 0.01753920
v 0.01587390 -0.00146792 0.01927851
v 0.01605423 -0.00146792 0.01948742
v 0.02102479 0.00250217 0.02587623
v 0.02103495 0.00249969 0.02611186
v 0.02062857 -0.00265963 0.02653454
v 0.02036442 -0.00284225 0.02653454
v 0.01994534 -0.00286392 0.02695237
v 0.01976755 -0.00258410 0.02760339
v 0.01970151 -0.00258410 0.02760339
v 0.01954657 -0.00269429 0.02735561
v 0.01911987 -0.00270668 0.02693779
v -0.00491254 0.00001104 0.00331865
v 0.01927227 -0.00260701 0.02720500
v 0.01924941 -0.00230552 0.02722687
v 0.01912241 0.00270832 0.02693779
v 0.01954911 0.00269408 0.02735561
v 0.01970405 0.00258513 0.02760582
v 0.01976755 0.00258513 0.02760582
v 0.01924941 -0.00000258 0.02722687
v 0.01925195 0.00230778 0.02722687
v 0.01927227 0.00260803 0.02720500
v 0.02101209 0.00259008 0.02634264
v 0.02103495 0.00265322 0.02611186
v 0.02075302 0.00267551 0.02650296
v 0.01992502 0.00268418 0.02734590
v 0.01605169 0.00146771 0.01948742
v 0.02101209 0.00250836 0.02634264
v 0.02059047 -0.00258658 0.02675560
v 0.02033140 -0.00267634 0.02692322
v 0.01992248 -0.00268315 0.02734347
v 0.01978532 -0.00230552 0.02761797
v 0.01968627 -0.00230552 0.02761797
v 0.01948054 -0.00230552 0.02743578
v 0.01948054 0.00230778 0.02743578
v 0.01968881 0.00230778 0.02761797
v 0.01978532 0.00230778 0.02761797
v 0.01968627 -0.00000258 0.02761797
f 1516 1517 1518
f 1516 1518 1519
f 1516 1519 1524
f 1516 1524 1543
f 1516 1543 1557
f 1516 1557 1526
f 1516 1526 1520
f 1516 1520 1525
f 1516 1525 1556
f 1516 1556 1572
f 1516 1572 1571
f 1516 1571 1570
f 1516 1570 1569
f 1516 1569 1537
f 1516 1537 1521
f 1516 1521 1517
f 1517 1521 1522
f 1517 1522 1518
f 1518 1522 1523
f 1518 1523 1542
f 1518 1542 1579
f 1518 1579 1577
f 1518 1577 1590
f 1518 1590 1589
f 1518 1589 1588
f 1518 1588 1587
f 1518 1587 1586
f 1518 1586 1583
f 1518 1583 1544
f 1518 1544 1524
f 1518 1524 1519
f 1520 1526 1527
f 1520 1527 1528
f 1520 1528 1529
f 1520 1529 1530
f 1520 1530 1531
f 1520 1531 1532
f 1520 1532 1533
f 1520 1533 1534
f 1520 1534 1535
f 1520 1535 1536
f 1520 1536 1525
f 1521 1537 1538
f 1521 1538 1539
f 1521 1539 1540
f 1521 1540 1522
f 1522 1540 1575
f 1522 1575 1541
f 1522 1541 1523
f 1523 1541 1542
f 1524 1544 1545
f 1524 1545 1546
f 1524 1546 1547
f 1524 1547 1548
f 1524 1548 1549
f 1524 1549 1550
f 1524 1550 1551
f 1524 1551 1552
f 1524 1552 1553
f 1524 1553 1554
f 1524 1554 1555
f 1524 1555 1543
f 1525 1536 1556
f 1526 1557 1558
f 1526 1558 1559
f 1526 1559 1527
f 1527 1559 1528
f 1528 1559 1560
f 1528 1560 1561
f 1528 1561 1529
f 1529 1561 1562
f 1529 1562 1530
f 1530 1562 1531
f 1531 1562 1561
f 1531 1561 1563
f 1531 1563 1564
f 1531 1564 1532
f 1532 1564 1533
f 1533 1564 1563
f 1533 1563 1565
f 1533 1565 1534
f 1534 1565 1566
f 1534 1566 1535
f 1535 1566 1567
f 1535 1567 1536
f 1536 1567 1568
f 1536 1568 1569
f 1536 1569 1570
f 1536 1570 1571
f 1536 1571 1572
f 1536 1572 1556
f 1537 1573 1574
f 1537 1574 1538
f 1537 1569 1610
f 1537 1610 1573
f 1538 1574 1539
f 1539 1574 1573
f 1539 1573 1575
f 1539 1575 1540
f 1541 1575 1576
f 1541 1576 1577
f 1541 1577 1578
f 1541 1578 1542
f 1542 1578 1579
f 1543 1580 1557
f 1543 1555 1581
f 1543 1581 1582
f 1543 1582 1580
f 1544 1583 1545
f 1545 1584 1585
f 1545 1585 1546
f 1545 1583 1586
f 1545 1586 1587
f 1545 1587 1588
f 1545 1588 1589
f 1545 1589 1590
f 1545 1590 1584
f 1546 1591 1547
f 1546 1585 1592
f 1546 1592 1591
f 1547 1591 1593
f 1547 1593 1548
f 1548 1593 1549
f 1549 1551 1550
f 1549 1593 1594
f 1549 1594 1551
f 1551 1594 1552
f 1552 1595 1596
f 1552 1596 1554
f 1552 1554 1553
f 1552 1594 1595
f 1554 1596 1555
f 1555 1596 1597
f 1555 1597 1581
f 1557 1580 1598
f 1557 1598 1558
f 1558 1598 1599
f 1558 1599 1559
f 1559 1599 1560
f 1560 1599 1600
f 1560 1600 1601
f 1560 1601 1561
f 1561 1601 1602
f 1561 1602 1603
f 1561 1603 1604
f 1561 1604 1563
f 1563 1604 1565
f 1565 1604 1566
f 1566 1604 1567
f 1567 1604 1605
f 1567 1605 1568
f 1568 1605 1606
f 1568 1606 1607
f 1568 1607 1608
f 1568 1608 1609
f 1568 1609 1569
f 1569 1609 1611
f 1569 1611 1612
f 1569 1612 1610
f 1573 1576 1575
f 1573 1610 1590
f 1573 1590 1577
f 1573 1577 1576
f 1577 1579 1578
f 1580 1582 1598
f 1581 1597 1599
f 1581 1599 1598
f 1581 1598 1582
f 1584 1613 1614
f 1584 1614 1615
f 1584 1615 1616
f 1584 1616 1592
f 1584 1592 1585
f 1584 1590 1613
f 1590 1610 1612
f 1590 1612 1617
f 1590 1617 1618
f 1590 1618 1619
f 1590 1619 1613
f 1591 1620 1621
f 1591 1621 1594
f 1591 1594 1593
f 1591 1592 1622
f 1591 1622 1620
f 1592 1616 1623
f 1592 1623 1622
f 1594 1621 1602
f 1594 1602 1601
f 1594 1601 1600
f 1594 1600 1624
f 1594 1624 1595
f 1595 1624 1597
f 1595 1597 1596
f 1597 1624 1600
f 1597 1600 1599
f 1602 1621 1620
f 1602 1620 1625
f 1602 1625 1603
f 1603 1626 1604
f 1603 1625 1626
f 1604 1626 1627
f 1604 1627 1605
f 1605 1627 1628
f 1605 1628 1606
f 1606 1628 1626
f 1606 1626 1629
f 1606 1629 1630
f 1606 1630 1607
f 1607 1630 1631
f 1607 1631 1612
f 1607 1612 1611
f 1607 1611 1608
f 1608 1611 1609
f 1612 1631 1632
f 1612 1632 1617
f 1613 1619 1614
f 1614 1619 1615
f 1615 1619 1618
f 1615 1618 1632
f 1615 1632 1633
f 1615 1633 1634
f 1615 1634 1616
f 1616 1634 1620
f 1616 1620 1623
f 1617 1632 1618
f 1620 1622 1623
f 1620 1634 1629
f 1620 1629 1625
f 1625 1629 1626
f 1626 1628 1627
f 1629 1634 1633
f 1629 1633 1635
f 1629 1635 1630
f 1630 1635 1632
f 1630 1632 1631
f 1632 1635 1633

o geometry_13
v -0.00443821 0.00189283 0.00846985
v -0.00491514 0.00316396 0.00288526
v -0.00491514 0.00316396 0.00331999
v -0.00584679 0.00316396 0.00457939
v -0.00493059 0.00189283 0.00846985
v -0.00382385 -0.00395123 0.00846985
v -0.00523693 0.00316396 0.00290241
v -0.00459194 0.00001006 0.00282553
v -0.00460402 0.00001006 0.00282000
v -0.00462735 0.00001006 0.00282000
v -0.00638387 0.00316396 0.00457939
v -0.00510540 0.00189283 0.00810205
v -0.00510568 0.00188500 0.00810315
v -0.00493116 0.00188587 0.00846985
v -0.00435642 -0.00395123 0.00846985
v -0.00410433 -0.00513971 0.00598425
v -0.00565625 0.00188761 0.00293615
v -0.00565625 0.00230784 0.00294057
v -0.00565625 0.00272720 0.00296380
v -0.00569138 0.00316396 0.00306115
v -0.00459194 -0.00196232 0.00282000
v -0.00460402 -0.00104965 0.00281944
v -0.00565625 0.00104889 0.00293504
v -0.00565625 0.00146912 0.00293559
v -0.00462735 -0.00104965 0.00281944
v -0.00644907 0.00316396 0.00430450
v -0.00648420 0.00272720 0.00457939
v -0.00551994 0.00189283 0.00718612
v -0.00552022 0.00188761 0.00718723
v -0.00503037 0.00174231 0.00828512
v -0.00495364 0.00146912 0.00846985
v -0.00462004 -0.00337962 0.00846985
v -0.00464730 -0.00344487 0.00836642
v -0.00464730 -0.00386249 0.00794441
v -0.00469030 -0.00395123 0.00775249
v -0.00527712 -0.00437842 0.00598425
v -0.00508742 -0.00469599 0.00598425
v -0.00492301 -0.00490741 0.00598425
v -0.00474173 -0.00513971 0.00598204
v -0.00470436 -0.00513971 0.00598425
v -0.00484937 -0.00572438 0.00457994
v -0.00459194 -0.00316124 0.00283770
v -0.00459194 -0.00305683 0.00282829
v -0.00459194 -0.00216591 0.00282000
v -0.00601711 0.00104889 0.00307663
v -0.00601486 0.00146912 0.00307719
v -0.00600811 0.00188761 0.00307774
v -0.00598985 0.00230784 0.00308769
v -0.00595106 0.00272720 0.00312475
v -0.00571920 0.00316396 0.00307884
v -0.00460402 -0.00146814 0.00281944
v -0.00462791 -0.00146814 0.00281944
v -0.00565625 0.00001006 0.00293504
v -0.00645160 0.00316396 0.00428957
v -0.00645609 0.00314829 0.00428957
v -0.00654631 0.00272720 0.00428957
v -0.00654406 0.00230784 0.00457939
v -0.00603369 0.00189283 0.00598425
v -0.00591171 0.00188761 0.00628513
v -0.00591115 0.00189283 0.00628458
v -0.00592043 0.00146912 0.00630504
v -0.00552865 0.00146912 0.00720659
v -0.00513857 0.00146912 0.00806720
v -0.00503458 0.00146912 0.00829397
v -0.00495757 0.00104802 0.00846985
v -0.00467597 -0.00320300 0.00846985
v -0.00505510 -0.00341877 0.00750028
v -0.00505425 -0.00383639 0.00707827
v -0.00510063 -0.00395123 0.00685537
v -0.00545586 -0.00421573 0.00578126
v -0.00543928 -0.00461246 0.00530339
v -0.00550729 -0.00430795 0.00554952
v -0.00592043 -0.00429403 0.00462695
v -0.00550027 -0.00469512 0.00504509
v -0.00545390 -0.00504574 0.00457994
v -0.00540668 -0.00510317 0.00457994
v -0.00523412 -0.00524411 0.00470494
v -0.00489996 -0.00531981 0.00530339
v -0.00484937 -0.00541812 0.00522596
v -0.00484937 -0.00546858 0.00513027
v -0.00484937 -0.00566434 0.00472319
v -0.00507055 -0.00550426 0.00457994
v -0.00588923 -0.00316124 0.00320661
v -0.00573297 -0.00316124 0.00308769
v -0.00570683 -0.00316124 0.00306889
v -0.00569306 -0.00316124 0.00306170
v -0.00523693 -0.00316124 0.00290130
v -0.00522147 -0.00316124 0.00289964
v -0.00461245 -0.00214503 0.00282055
v -0.00462173 -0.00188837 0.00282000
v -0.00622676 0.00104889 0.00332221
v -0.00601711 0.00001006 0.00307663
v -0.00622480 0.00146912 0.00332552
v -0.00621777 0.00188761 0.00334156
v -0.00619978 0.00230784 0.00337641
v -0.00630770 0.00261409 0.00362530
v -0.00590609 0.00305868 0.00318172
v -0.00600165 0.00316396 0.00338526
v -0.00565597 -0.00104965 0.00293504
v -0.00565597 -0.00188837 0.00293615
v -0.00637375 0.00316396 0.00394057
v -0.00649375 0.00230784 0.00386977
v -0.00659858 0.00230784 0.00428957
v -0.00637600 0.00314829 0.00393725
v -0.00659549 0.00188761 0.00457939
v -0.00660701 0.00175884 0.00457939
v -0.00663006 0.00146912 0.00457939
v -0.00660982 0.00001354 0.00470992
v -0.00643164 0.00001354 0.00513027
v -0.00592211 0.00104802 0.00630947
v -0.00553118 0.00104802 0.00721267
v -0.00514278 0.00104802 0.00806720
v -0.00495757 -0.00104965 0.00846985
v -0.00469649 -0.00313601 0.00846985
v -0.00509585 -0.00314732 0.00758933
v -0.00545811 -0.00338571 0.00662694
v -0.00531900 -0.00354231 0.00678347
v -0.00511468 -0.00356233 0.00722262
v -0.00545811 -0.00380333 0.00620604
v -0.00541062 -0.00412002 0.00598425
v -0.00549633 -0.00393470 0.00598425
v -0.00592239 -0.00390512 0.00505118
v -0.00585270 -0.00418527 0.00490682
v -0.00599603 -0.00402171 0.00474421
v -0.00632007 -0.00344226 0.00457994
v -0.00592352 -0.00431056 0.00457994
v -0.00548790 -0.00499702 0.00457994
v -0.00555423 -0.00483171 0.00469167
v -0.00637544 -0.00316124 0.00393946
v -0.00506831 -0.00550165 0.00459100
v -0.00637768 -0.00314732 0.00393614
v -0.00590441 -0.00306553 0.00318614
v -0.00595022 -0.00272796 0.00312752
v -0.00565597 -0.00272796 0.00296601
v -0.00565597 -0.00230773 0.00294002
v -0.00636448 0.00001006 0.00353238
v -0.00636419 0.00104889 0.00353238
v -0.00636307 0.00146912 0.00353515
v -0.00622676 -0.00104965 0.00332221
v -0.00601682 -0.00104965 0.00307663
v -0.00635323 0.00188761 0.00355174
v -0.00633159 0.00230784 0.00358603
v -0.00640691 0.00274373 0.00383769
v -0.00600783 -0.00188837 0.00307774
v -0.00601486 -0.00146814 0.00307719
v -0.00653844 0.00188761 0.00386977
v -0.00664973 0.00188761 0.00428957
v -0.00668767 0.00146912 0.00428957
v -0.00663231 0.00133861 0.00457939
v -0.00663624 0.00001354 0.00457994
v -0.00660982 -0.00105052 0.00470992
v -0.00663624 0.00104889 0.00457939
v -0.00643164 -0.00105052 0.00513027
v -0.00592211 -0.00104965 0.00630947
v -0.00553118 -0.00104965 0.00721267
v -0.00514278 -0.00104965 0.00806720
v -0.00495701 -0.00112534 0.00846985
v -0.00478052 -0.00272970 0.00846985
v -0.00509219 -0.00230773 0.00800028
v -0.00505566 -0.00265661 0.00792063
v -0.00502615 -0.00293677 0.00785702
v -0.00549184 -0.00314732 0.00670216
v -0.00591902 -0.00348750 0.00546434
v -0.00589907 -0.00305422 0.00583381
v -0.00630068 -0.00299071 0.00495549
v -0.00636082 -0.00313688 0.00471656
v -0.00646003 -0.00314732 0.00429012
v -0.00645581 -0.00316124 0.00429012
v -0.00645497 -0.00316124 0.00427851
v -0.00654940 -0.00272796 0.00429012
v -0.00649713 -0.00230773 0.00386977
v -0.00640832 -0.00274623 0.00383658
v -0.00630770 -0.00261920 0.00362475
v -0.00617449 -0.00274623 0.00347099
v -0.00619978 -0.00230773 0.00337641
v -0.00599013 -0.00230773 0.00308769
v -0.00647127 0.00001006 0.00370992
v -0.00656739 0.00104889 0.00386977
v -0.00636448 -0.00104965 0.00353238
v -0.00656373 0.00146912 0.00386977
v -0.00622452 -0.00146814 0.00332497
v -0.00636307 -0.00146814 0.00353515
v -0.00621777 -0.00188837 0.00334156
v -0.00669470 0.00104889 0.00428957
v -0.00669470 0.00001006 0.00429012
v -0.00663624 -0.00105052 0.00457994
v -0.00660364 -0.00146988 0.00470992
v -0.00642883 -0.00146988 0.00513027
v -0.00592043 -0.00146901 0.00630560
v -0.00552922 -0.00146901 0.00720769
v -0.00513885 -0.00146901 0.00806720
v -0.00495364 -0.00146901 0.00846985
v -0.00485528 -0.00232687 0.00846985
v -0.00549127 -0.00230773 0.00711975
v -0.00546177 -0.00259397 0.00705338
v -0.00485865 -0.00230773 0.00846985
v -0.00492919 -0.00188054 0.00846985
v -0.00500844 -0.00201365 0.00826410
v -0.00510512 -0.00187967 0.00810149
v -0.00551994 -0.00188837 0.00718612
v -0.00553146 -0.00273144 0.00683269
v -0.00592296 -0.00268707 0.00597208
v -0.00633103 -0.00272883 0.00502518
v -0.00645834 -0.00272883 0.00470992
v -0.00645919 -0.00285759 0.00457939
v -0.00648673 -0.00272883 0.00457994
v -0.00648701 -0.00272796 0.00457939
v -0.00653198 -0.00243823 0.00457939
v -0.00660448 -0.00230773 0.00429012
v -0.00633244 -0.00230773 0.00358603
v -0.00665451 -0.00188837 0.00429012
v -0.00654125 -0.00188837 0.00386977
v -0.00635379 -0.00188837 0.00355119
v -0.00656739 -0.00104965 0.00386977
v -0.00656345 -0.00146814 0.00386977
v -0.00669470 0.00001006 0.00428957
v -0.00669470 -0.00104965 0.00429012
v -0.00662950 -0.00146988 0.00457994
v -0.00657469 -0.00188924 0.00470992
v -0.00641085 -0.00188924 0.00513027
v -0.00591171 -0.00188837 0.00628513
v -0.00503037 -0.00173437 0.00828512
v -0.00495223 -0.00151077 0.00846985
v -0.00588530 -0.00230773 0.00622374
v -0.00586590 -0.00251828 0.00617949
v -0.00629197 -0.00213981 0.00535483
v -0.00591986 -0.00267662 0.00598425
v -0.00635689 -0.00229120 0.00515073
v -0.00652383 -0.00230860 0.00470992
v -0.00654884 -0.00230860 0.00457994
v -0.00658397 -0.00201974 0.00457994
v -0.00659971 -0.00188837 0.00457939
v -0.00668711 -0.00146814 0.00429012
v -0.00630827 -0.00217896 0.00530339
f 1636 1637 1638
f 1636 1638 1639
f 1636 1639 1646
f 1636 1646 1640
f 1636 1640 1649
f 1636 1649 1666
f 1636 1666 1700
f 1636 1700 1748
f 1636 1748 1792
f 1636 1792 1827
f 1636 1827 1858
f 1636 1858 1832
f 1636 1832 1831
f 1636 1831 1828
f 1636 1828 1793
f 1636 1793 1749
f 1636 1749 1701
f 1636 1701 1667
f 1636 1667 1650
f 1636 1650 1641
f 1636 1641 1637
f 1637 1642 1655
f 1637 1655 1685
f 1637 1685 1733
f 1637 1733 1736
f 1637 1736 1689
f 1637 1689 1661
f 1637 1661 1646
f 1637 1646 1639
f 1637 1639 1638
f 1637 1641 1643
f 1637 1643 1644
f 1637 1644 1645
f 1637 1645 1642
f 1640 1647 1648
f 1640 1648 1649
f 1640 1646 1647
f 1641 1650 1675
f 1641 1675 1651
f 1641 1651 1643
f 1642 1652 1653
f 1642 1653 1654
f 1642 1654 1655
f 1642 1645 1652
f 1643 1651 1656
f 1643 1656 1644
f 1644 1656 1657
f 1644 1657 1660
f 1644 1660 1645
f 1645 1658 1659
f 1645 1659 1652
f 1645 1660 1658
f 1646 1661 1662
f 1646 1662 1663
f 1646 1663 1647
f 1647 1663 1664
f 1647 1664 1648
f 1648 1664 1665
f 1648 1665 1649
f 1649 1665 1666
f 1650 1667 1668
f 1650 1668 1669
f 1650 1669 1670
f 1650 1670 1671
f 1650 1671 1672
f 1650 1672 1673
f 1650 1673 1674
f 1650 1674 1675
f 1651 1675 1676
f 1651 1676 1677
f 1651 1677 1678
f 1651 1678 1679
f 1651 1679 1656
f 1652 1659 1680
f 1652 1680 1681
f 1652 1681 1682
f 1652 1682 1653
f 1653 1683 1654
f 1653 1682 1683
f 1654 1683 1684
f 1654 1684 1655
f 1655 1684 1685
f 1656 1679 1686
f 1656 1686 1657
f 1657 1686 1687
f 1657 1687 1660
f 1658 1660 1687
f 1658 1687 1688
f 1658 1688 1727
f 1658 1727 1680
f 1658 1680 1659
f 1661 1689 1690
f 1661 1690 1662
f 1662 1690 1691
f 1662 1691 1692
f 1662 1692 1693
f 1662 1693 1694
f 1662 1694 1695
f 1662 1695 1663
f 1663 1695 1694
f 1663 1694 1664
f 1664 1694 1696
f 1664 1696 1697
f 1664 1697 1665
f 1665 1697 1698
f 1665 1698 1699
f 1665 1699 1666
f 1666 1699 1700
f 1667 1701 1668
f 1668 1701 1702
f 1668 1702 1669
f 1669 1702 1703
f 1669 1703 1704
f 1669 1704 1670
f 1670 1704 1705
f 1670 1705 1671
f 1671 1706 1672
f 1671 1705 1707
f 1671 1707 1708
f 1671 1708 1706
f 1672 1706 1709
f 1672 1709 1710
f 1672 1710 1673
f 1673 1710 1674
f 1674 1710 1711
f 1674 1711 1712
f 1674 1712 1713
f 1674 1713 1714
f 1674 1714 1715
f 1674 1715 1716
f 1674 1716 1676
f 1674 1676 1675
f 1676 1716 1717
f 1676 1717 1718
f 1676 1718 1719
f 1676 1719 1720
f 1676 1720 1721
f 1676 1721 1722
f 1676 1722 1723
f 1676 1723 1677
f 1677 1723 1678
f 1678 1724 1679
f 1678 1723 1722
f 1678 1722 1724
f 1679 1724 1725
f 1679 1725 1687
f 1679 1687 1686
f 1680 1726 1681
f 1680 1727 1774
f 1680 1774 1726
f 1681 1728 1682
f 1681 1726 1728
f 1682 1728 1729
f 1682 1729 1683
f 1683 1730 1684
f 1683 1729 1730
f 1684 1730 1731
f 1684 1731 1732
f 1684 1732 1685
f 1685 1732 1733
f 1687 1734 1688
f 1687 1725 1735
f 1687 1735 1734
f 1688 1734 1775
f 1688 1775 1727
f 1689 1736 1690
f 1690 1736 1691
f 1691 1737 1738
f 1691 1738 1692
f 1691 1736 1739
f 1691 1739 1737
f 1692 1738 1740
f 1692 1740 1693
f 1693 1740 1741
f 1693 1741 1742
f 1693 1742 1694
f 1694 1742 1696
f 1696 1742 1743
f 1696 1743 1744
f 1696 1744 1745
f 1696 1745 1746
f 1696 1746 1697
f 1697 1746 1698
f 1698 1746 1747
f 1698 1747 1699
f 1699 1747 1700
f 1700 1747 1791
f 1700 1791 1748
f 1701 1749 1702
f 1702 1749 1750
f 1702 1750 1751
f 1702 1751 1752
f 1702 1752 1753
f 1702 1753 1703
f 1703 1753 1754
f 1703 1754 1704
f 1704 1755 1705
f 1704 1754 1756
f 1704 1756 1755
f 1705 1708 1707
f 1705 1755 1757
f 1705 1757 1758
f 1705 1758 1708
f 1706 1708 1709
f 1708 1758 1757
f 1708 1757 1759
f 1708 1759 1760
f 1708 1760 1761
f 1708 1761 1762
f 1708 1762 1763
f 1708 1763 1709
f 1709 1763 1762
f 1709 1762 1710
f 1710 1762 1764
f 1710 1764 1718
f 1710 1718 1711
f 1711 1718 1717
f 1711 1717 1765
f 1711 1765 1712
f 1712 1765 1713
f 1713 1765 1715
f 1713 1715 1714
f 1715 1765 1716
f 1716 1765 1717
f 1718 1764 1766
f 1718 1766 1767
f 1718 1767 1719
f 1719 1767 1768
f 1719 1768 1720
f 1720 1768 1769
f 1720 1769 1721
f 1721 1769 1722
f 1722 1769 1770
f 1722 1770 1724
f 1724 1770 1735
f 1724 1735 1725
f 1726 1771 1772
f 1726 1772 1773
f 1726 1773 1728
f 1726 1774 1814
f 1726 1814 1771
f 1727 1775 1774
f 1728 1773 1729
f 1729 1773 1776
f 1729 1776 1730
f 1730 1777 1731
f 1730 1776 1777
f 1731 1777 1737
f 1731 1737 1778
f 1731 1778 1739
f 1731 1739 1732
f 1732 1739 1736
f 1732 1736 1733
f 1734 1735 1775
f 1735 1770 1779
f 1735 1779 1780
f 1735 1780 1775
f 1737 1739 1778
f 1737 1777 1781
f 1737 1781 1782
f 1737 1782 1738
f 1738 1782 1740
f 1740 1782 1783
f 1740 1783 1741
f 1741 1783 1742
f 1742 1783 1784
f 1742 1784 1743
f 1743 1785 1821
f 1743 1821 1786
f 1743 1786 1788
f 1743 1788 1744
f 1743 1784 1787
f 1743 1787 1785
f 1744 1788 1789
f 1744 1789 1745
f 1745 1789 1790
f 1745 1790 1746
f 1746 1790 1791
f 1746 1791 1747
f 1748 1791 1792
f 1749 1793 1794
f 1749 1794 1795
f 1749 1795 1796
f 1749 1796 1750
f 1750 1797 1751
f 1750 1796 1797
f 1751 1760 1798
f 1751 1798 1757
f 1751 1757 1754
f 1751 1754 1752
f 1751 1797 1799
f 1751 1799 1800
f 1751 1800 1801
f 1751 1801 1760
f 1752 1754 1753
f 1754 1757 1756
f 1755 1756 1757
f 1757 1798 1760
f 1757 1760 1759
f 1760 1802 1803
f 1760 1803 1761
f 1760 1801 1802
f 1761 1803 1804
f 1761 1804 1764
f 1761 1764 1762
f 1764 1804 1766
f 1766 1804 1805
f 1766 1805 1806
f 1766 1806 1807
f 1766 1807 1808
f 1766 1808 1809
f 1766 1809 1767
f 1767 1809 1768
f 1768 1808 1810
f 1768 1810 1811
f 1768 1811 1769
f 1768 1809 1808
f 1769 1811 1770
f 1770 1811 1779
f 1771 1812 1813
f 1771 1813 1772
f 1771 1814 1812
f 1772 1813 1773
f 1773 1815 1776
f 1773 1813 1815
f 1774 1775 1780
f 1774 1780 1816
f 1774 1816 1817
f 1774 1817 1814
f 1776 1815 1781
f 1776 1781 1777
f 1779 1811 1818
f 1779 1818 1816
f 1779 1816 1780
f 1781 1815 1783
f 1781 1783 1782
f 1783 1815 1819
f 1783 1819 1784
f 1784 1819 1787
f 1785 1820 1852
f 1785 1852 1821
f 1785 1787 1819
f 1785 1819 1820
f 1786 1821 1822
f 1786 1822 1823
f 1786 1823 1788
f 1788 1823 1789
f 1789 1823 1824
f 1789 1824 1790
f 1790 1824 1825
f 1790 1825 1826
f 1790 1826 1791
f 1791 1826 1792
f 1792 1826 1827
f 1793 1828 1794
f 1794 1829 1830
f 1794 1830 1795
f 1794 1828 1831
f 1794 1831 1832
f 1794 1832 1833
f 1794 1833 1834
f 1794 1834 1835
f 1794 1835 1829
f 1795 1830 1796
f 1796 1830 1836
f 1796 1836 1797
f 1797 1836 1799
f 1799 1836 1837
f 1799 1837 1838
f 1799 1838 1800
f 1800 1838 1839
f 1800 1839 1801
f 1801 1839 1802
f 1802 1804 1803
f 1802 1839 1840
f 1802 1840 1841
f 1802 1841 1805
f 1802 1805 1804
f 1805 1841 1842
f 1805 1842 1843
f 1805 1843 1844
f 1805 1844 1806
f 1806 1845 1808
f 1806 1808 1807
f 1806 1844 1846
f 1806 1846 1847
f 1806 1847 1845
f 1808 1845 1810
f 1810 1845 1848
f 1810 1848 1818
f 1810 1818 1811
f 1812 1814 1849
f 1812 1849 1813
f 1813 1849 1851
f 1813 1851 1819
f 1813 1819 1815
f 1814 1817 1849
f 1816 1818 1817
f 1817 1850 1849
f 1817 1818 1848
f 1817 1848 1850
f 1819 1851 1852
f 1819 1852 1820
f 1821 1852 1822
f 1822 1852 1853
f 1822 1853 1854
f 1822 1854 1855
f 1822 1855 1823
f 1823 1855 1856
f 1823 1856 1824
f 1824 1856 1825
f 1825 1857 1826
f 1825 1856 1835
f 1825 1835 1857
f 1826 1857 1827
f 1827 1857 1858
f 1829 1859 1860
f 1829 1860 1830
f 1829 1835 1861
f 1829 1861 1859
f 1830 1860 1836
f 1832 1858 1857
f 1832 1857 1834
f 1832 1834 1833
f 1834 1857 1835
f 1835 1856 1861
f 1836 1860 1862
f 1836 1862 1837
f 1837 1862 1838
f 1838 1862 1860
f 1838 1860 1863
f 1838 1863 1839
f 1839 1863 1864
f 1839 1864 1842
f 1839 1842 1841
f 1839 1841 1840
f 1842 1864 1843
f 1843 1864 1865
f 1843 1865 1844
f 1844 1866 1846
f 1844 1865 1866
f 1845 1847 1848
f 1846 1866 1867
f 1846 1867 1868
f 1846 1868 1847
f 1847 1868 1850
f 1847 1850 1848
f 1849 1850 1852
f 1849 1852 1851
f 1850 1868 1852
f 1852 1868 1853
f 1853 1868 1854
f 1854 1867 1866
f 1854 1866 1864
f 1854 1864 1863
f 1854 1863 1855
f 1854 1868 1867
f 1855 1863 1869
f 1855 1869 1861
f 1855 1861 1856
f 1859 1861 1869
f 1859 1869 1863
f 1859 1863 1860
f 1864 1866 1865

o geometry_14
v 0.02759178 0.00636103 0.03611377
v 0.02759178 0.00588477 0.03611377
v 0.03044838 0.00612259 0.03611377
v 0.03400566 0.00267238 0.03611358
v 0.02759178 0.00000098 0.03881782
v 0.03387833 0.00000161 0.03611339
v 0.02759178 0.00597754 0.03703850
v 0.03044636 0.00609520 0.03619485
v 0.03075964 0.00591466 0.03646639
v 0.03099747 0.00594267 0.03611377
v 0.03364522 0.00343003 0.03611377
v 0.03189892 0.00544587 0.03611377
v 0.03238602 0.00508105 0.03611377
v 0.03267033 0.00474736 0.03611377
v 0.03086609 0.00000098 0.03990585
v 0.02759178 0.00000098 0.03933638
v 0.03447323 0.00000161 0.03611339
v 0.02772450 0.00587793 0.03724555
v 0.02759178 0.00587793 0.03724668
v 0.02865492 0.00547264 0.03768981
v 0.03128582 0.00538299 0.03711241
v 0.03150075 0.00545957 0.03683070
v 0.03379613 0.00314926 0.03619485
v 0.03418841 0.00209962 0.03613375
v 0.03233886 0.00503934 0.03641246
v 0.03327130 0.00389446 0.03661460
v 0.02834770 0.00534128 0.03792590
v 0.02876743 0.00511654 0.03817141
v 0.02918717 0.00507794 0.03813332
v 0.03162538 0.00511467 0.03733870
v 0.03190565 0.00502751 0.03723084
v 0.03361962 0.00340637 0.03649882
v 0.03396793 0.00261292 0.03650994
v 0.03282597 0.00427795 0.03703435
v 0.03444156 0.00000161 0.03641585
v 0.03378064 0.00000161 0.03829247
v 0.03364387 0.00000161 0.03857230
v 0.03327534 0.00000161 0.03902449
v 0.03296408 0.00000161 0.03918138
v 0.03123193 0.00000161 0.03980704
v 0.03443483 0.00085015 0.03611339
v 0.03443752 0.00047039 0.03641019
v 0.02759178 0.00541537 0.03783105
v 0.02834770 0.00513148 0.03818009
v 0.02918717 0.00468137 0.03855873
v 0.02950112 0.00464900 0.03853384
v 0.03170556 0.00472557 0.03776448
v 0.03198044 0.00466518 0.03771847
v 0.03230720 0.00459234 0.03741601
v 0.03357784 0.00333478 0.03677903
v 0.03360075 0.00295253 0.03725837
v 0.03398410 0.00242211 0.03671115
v 0.03423944 0.00188982 0.03619485
v 0.03276735 0.00421196 0.03726591
v 0.03315879 0.00376123 0.03721651
v 0.03363680 0.00042059 0.03856212
v 0.03123193 0.00021079 0.03980704
v 0.03044636 0.00000098 0.03996582
v 0.02770564 0.00131831 0.03934769
v 0.02792797 0.00000098 0.03948648
v 0.03442203 0.00075054 0.03632949
v 0.02759178 0.00511405 0.03815067
v 0.02876743 0.00469631 0.03856552
v 0.02940545 0.00419951 0.03892380
v 0.03002595 0.00410675 0.03885176
v 0.03199458 0.00424184 0.03811446
v 0.03235335 0.00402333 0.03810617
v 0.03240421 0.00427173 0.03776222
v 0.03402385 0.00214134 0.03683598
v 0.03363444 0.00181698 0.03815369
v 0.03280441 0.00383905 0.03774487
v 0.03318708 0.00337649 0.03768642
v 0.03375706 0.00063039 0.03829247
v 0.03324267 0.00084050 0.03899130
v 0.03296408 0.00063039 0.03915422
v 0.03112143 0.00093171 0.03977612
v 0.03086609 0.00063039 0.03988058
v 0.03044636 0.00021079 0.03996469
v 0.02759178 0.00126820 0.03929150
v 0.02792797 0.00104999 0.03945103
v 0.02881729 0.00021079 0.03980403
v 0.03367621 0.00147022 0.03822986
v 0.02960690 0.00356762 0.03923870
v 0.03002595 0.00389695 0.03900412
v 0.03241095 0.00342443 0.03853950
v 0.03049150 0.00379609 0.03893417
v 0.03276465 0.00358598 0.03809693
v 0.03320898 0.00283985 0.03813539
v 0.03361018 0.00092922 0.03852592
v 0.03296408 0.00105062 0.03911047
v 0.03044636 0.00125979 0.03986474
v 0.02960690 0.00000098 0.03994319
v 0.02881729 0.00000098 0.03980403
v 0.02918717 0.00021079 0.03988586
v 0.02759178 0.00457740 0.03850404
v 0.02853230 0.00420387 0.03892681
v 0.02960690 0.00314677 0.03942765
v 0.03002595 0.00311875 0.03942123
v 0.03056426 0.00299113 0.03936768
v 0.03265484 0.00247689 0.03890343
v 0.03280037 0.00301416 0.03854704
v 0.03268987 0.00329369 0.03844936
v 0.03315744 0.00248561 0.03848179
v 0.03315542 0.00162212 0.03890494
v 0.03288256 0.00188982 0.03899696
v 0.03068419 0.00171239 0.03977046
v 0.03002595 0.00146960 0.03985004
v 0.02960690 0.00125979 0.03986192
v 0.02960690 0.00021079 0.03994206
v 0.02789765 0.00146337 0.03941067
v 0.02759178 0.00272778 0.03911953
v 0.02896079 0.00128781 0.03976518
v 0.02803964 0.00398877 0.03891258
v 0.02876743 0.00307455 0.03938993
v 0.02918717 0.00313867 0.03942010
v 0.03002595 0.00272903 0.03954645
v 0.03044636 0.00272903 0.03949666
v 0.03098265 0.00264343 0.03937994
v 0.03280441 0.00219737 0.03895245
v 0.03044636 0.00177652 0.03978328
v 0.02981642 0.00181480 0.03979101
v 0.02932595 0.00175348 0.03977612
v 0.02834770 0.00188982 0.03951778
v 0.02811257 0.00258273 0.03935184
v 0.02759178 0.00315361 0.03903693
v 0.02847032 0.00299175 0.03936089
v 0.02918717 0.00272903 0.03953588
v 0.02759178 0.00390380 0.03883517
v 0.02834265 0.00251736 0.03942388
f 1870 1871 1874
f 1870 1874 1885
f 1870 1885 1948
f 1870 1948 1980
f 1870 1980 1994
f 1870 1994 1997
f 1870 1997 1964
f 1870 1964 1931
f 1870 1931 1912
f 1870 1912 1888
f 1870 1888 1876
f 1870 1872 1873
f 1870 1873 1871
f 1871 1873 1875
f 1871 1875 1874
f 1870 1876 1877
f 1870 1877 1872
f 1872 1877 1878
f 1872 1878 1879
f 1872 1879 1873
f 1873 1893 1910
f 1873 1910 1886
f 1873 1886 1875
f 1873 1879 1881
f 1873 1881 1882
f 1873 1882 1883
f 1873 1883 1880
f 1874 1884 1927
f 1874 1927 1961
f 1874 1961 1962
f 1874 1962 1929
f 1874 1929 1885
f 1874 1875 1886
f 1874 1886 1884
f 1876 1888 1887
f 1876 1887 1877
f 1877 1887 1878
f 1878 1887 1889
f 1878 1890 1891
f 1878 1891 1879
f 1880 1892 1873
f 1879 1891 1881
f 1881 1894 1882
f 1883 1882 1895
f 1883 1895 1880
f 1887 1888 1896
f 1887 1896 1889
f 1889 1896 1897
f 1889 1898 1878
f 1878 1898 1890
f 1890 1898 1899
f 1890 1899 1891
f 1891 1899 1900
f 1880 1895 1901
f 1880 1901 1892
f 1892 1902 1873
f 1892 1901 1902
f 1873 1902 1893
f 1881 1891 1894
f 1894 1903 1882
f 1882 1903 1895
f 1884 1886 1904
f 1884 1904 1905
f 1884 1905 1906
f 1884 1906 1907
f 1884 1907 1908
f 1884 1908 1909
f 1886 1910 1911
f 1888 1912 1896
f 1896 1913 1897
f 1897 1913 1914
f 1897 1914 1898
f 1897 1898 1889
f 1899 1898 1916
f 1899 1916 1917
f 1899 1917 1900
f 1898 1915 1916
f 1900 1917 1918
f 1900 1894 1891
f 1901 1920 1902
f 1901 1919 1920
f 1902 1921 1893
f 1893 1921 1922
f 1893 1922 1910
f 1894 1900 1918
f 1894 1918 1903
f 1903 1918 1923
f 1895 1903 1924
f 1895 1924 1919
f 1895 1919 1901
f 1906 1905 1925
f 1906 1925 1907
f 1908 1926 1909
f 1909 1926 1884
f 1885 1929 1928
f 1886 1911 1904
f 1911 1910 1930
f 1896 1912 1931
f 1896 1931 1913
f 1913 1931 1932
f 1914 1913 1932
f 1914 1932 1933
f 1914 1933 1915
f 1914 1915 1898
f 1915 1933 1934
f 1916 1935 1917
f 1916 1915 1935
f 1917 1935 1936
f 1917 1936 1937
f 1917 1937 1918
f 1920 1921 1902
f 1921 1920 1939
f 1921 1939 1938
f 1921 1938 1922
f 1922 1938 1930
f 1922 1930 1910
f 1923 1924 1903
f 1924 1941 1919
f 1924 1923 1940
f 1904 1911 1905
f 1905 1942 1925
f 1905 1911 1942
f 1925 1943 1907
f 1907 1943 1908
f 1908 1944 1926
f 1908 1943 1944
f 1926 1944 1945
f 1926 1945 1946
f 1926 1946 1884
f 1884 1946 1947
f 1884 1947 1927
f 1928 1948 1885
f 1929 1949 1928
f 1929 1962 1950
f 1929 1950 1949
f 1911 1930 1951
f 1911 1951 1942
f 1930 1938 1951
f 1933 1953 1934
f 1915 1934 1935
f 1935 1954 1936
f 1935 1934 1955
f 1935 1955 1954
f 1936 1956 1937
f 1937 1940 1923
f 1937 1923 1918
f 1919 1941 1920
f 1920 1957 1939
f 1938 1939 1951
f 1940 1937 1956
f 1940 1956 1941
f 1940 1941 1924
f 1941 1957 1920
f 1942 1951 1958
f 1942 1958 1925
f 1925 1958 1943
f 1943 1959 1944
f 1944 1959 1945
f 1946 1960 1947
f 1947 1961 1927
f 1950 1962 1963
f 1931 1965 1932
f 1932 1965 1933
f 1933 1965 1952
f 1952 1966 1967
f 1952 1967 1933
f 1933 1967 1953
f 1953 1967 1968
f 1953 1968 1955
f 1953 1955 1934
f 1952 1965 1966
f 1954 1969 1970
f 1954 1970 1971
f 1954 1971 1936
f 1954 1955 1968
f 1954 1968 1969
f 1936 1971 1956
f 1957 1972 1939
f 1939 1972 1973
f 1939 1973 1951
f 1951 1973 1958
f 1956 1971 1970
f 1956 1970 1941
f 1941 1970 1957
f 1957 1970 1972
f 1943 1973 1974
f 1943 1974 1959
f 1943 1958 1973
f 1959 1974 1945
f 1945 1975 1946
f 1945 1974 1975
f 1946 1975 1960
f 1960 1976 1947
f 1947 1976 1977
f 1947 1977 1978
f 1947 1978 1961
f 1949 1979 1928
f 1949 1950 1979
f 1928 1979 1980
f 1928 1980 1948
f 1963 1962 1961
f 1963 1961 1978
f 1950 1963 1981
f 1950 1981 1979
f 1964 1965 1931
f 1965 1982 1983
f 1965 1983 1984
f 1965 1984 1966
f 1965 1964 1982
f 1967 1985 1986
f 1967 1986 1968
f 1967 1966 1985
f 1969 1987 1988
f 1969 1988 1970
f 1969 1968 1987
f 1968 1986 1987
f 1972 1970 1973
f 1973 1988 1974
f 1974 1988 1975
f 1960 1975 1989
f 1960 1989 1990
f 1960 1990 1976
f 1976 1990 1977
f 1977 1991 1963
f 1977 1963 1978
f 1979 1992 1993
f 1979 1993 1980
f 1980 1993 1994
f 1979 1981 1992
f 1983 1982 1995
f 1983 1995 1996
f 1983 1996 1984
f 1984 1996 1966
f 1964 1997 1982
f 1966 1996 1985
f 1985 1996 1990
f 1985 1990 1989
f 1985 1989 1986
f 1986 1989 1975
f 1986 1975 1987
f 1987 1975 1988
f 1988 1973 1970
f 1990 1996 1991
f 1990 1991 1977
f 1991 1981 1963
f 1992 1998 1993
f 1992 1981 1998
f 1981 1991 1998
f 1982 1997 1995
f 1995 1993 1998
f 1995 1997 1993
f 1995 1998 1991
f 1995 1991 1996
f 1997 1994 1993

o geometry_15
v 0.01777555 0.00250235 0.01955388
v 0.01743220 0.00250474 0.01956565
v 0.01777555 0.00264002 0.01955388
v 0.01997437 0.00297158 0.01989228
v 0.01850502 0.00250798 0.02001423
v 0.01602932 0.00227106 0.01989228
v 0.01530332 0.00227106 0.01989228
v 0.01743220 0.00262397 0.01956565
v 0.01406922 0.00246323 0.01989228
v 0.01933160 0.00401578 0.01989228
v 0.01997437 0.00401578 0.01989228
v 0.01997437 0.00401476 0.02030307
v 0.01977206 0.00250354 0.02132540
v 0.01977206 0.00250354 0.02117385
v 0.01944027 0.00250252 0.02081726
v 0.01895588 0.00250252 0.02041860
v 0.01609695 0.00227106 0.02020037
v 0.01956050 0.00248988 0.02105332
v 0.01406922 0.00227106 0.02081548
v 0.01406922 0.00287900 0.01989228
v 0.01934721 0.00401578 0.01990868
v 0.01406922 0.00287883 0.01989656
v 0.01406922 0.00286226 0.02024209
v 0.01406922 0.00281238 0.02066215
v 0.01997437 0.00401578 0.02030022
v 0.01977206 0.00263370 0.02132540
v 0.01997379 0.00401578 0.02030342
v 0.01824953 0.00249056 0.02319676
v 0.01619522 0.00227106 0.02319676
v 0.01621198 0.00227106 0.02315647
v 0.01406922 0.00227106 0.02172228
v 0.01940617 0.00401578 0.01996895
v 0.01406922 0.00271655 0.02108149
v 0.01407443 0.00271826 0.02108185
v 0.01449408 0.00271843 0.02150155
v 0.01575360 0.00271894 0.02276066
v 0.01491372 0.00281323 0.02150155
v 0.01824953 0.00272817 0.02319676
v 0.01964547 0.00401578 0.02013084
v 0.01617383 0.00281135 0.02276066
v 0.01783508 0.00286448 0.02319676
v 0.01785185 0.00286499 0.02319676
v 0.01554609 0.00227106 0.02319676
v 0.01521892 0.00227106 0.02287512
v 0.01418599 0.00230932 0.02180964
v 0.01406922 0.00230932 0.02169232
v 0.01942351 0.00401578 0.01998107
v 0.01575360 0.00281289 0.02234060
v 0.01406922 0.00256589 0.02143451
v 0.01411258 0.00257477 0.02146268
v 0.01579117 0.00257597 0.02314256
v 0.01582643 0.00256487 0.02319676
v 0.01615706 0.00265215 0.02319676
v 0.01617383 0.00266257 0.02318000
v 0.01961946 0.00401578 0.02011657
v 0.01555996 0.00229310 0.02319676
v 0.01539580 0.00227106 0.02305234
v 0.01544378 0.00230932 0.02307053
v 0.01469754 0.00252370 0.02213699
v 0.01406922 0.00237543 0.02163527
v 0.01427847 0.00252336 0.02171693
v 0.01511719 0.00252387 0.02255740
v 0.01553684 0.00252404 0.02297710
v 0.01557037 0.00230932 0.02319676
f 1999 2000 2006
f 1999 2006 2001
f 1999 2001 2009
f 1999 2009 2002
f 1999 2002 2003
f 1999 2003 2004
f 1999 2004 2005
f 1999 2005 2000
f 2000 2005 2007
f 2000 2007 2018
f 2000 2018 2006
f 2001 2006 2008
f 2001 2008 2009
f 2002 2009 2023
f 2002 2023 2010
f 2002 2010 2011
f 2002 2011 2012
f 2002 2012 2013
f 2002 2013 2003
f 2003 2013 2014
f 2003 2014 2004
f 2004 2015 2028
f 2004 2028 2027
f 2004 2027 2041
f 2004 2041 2055
f 2004 2055 2042
f 2004 2042 2029
f 2004 2029 2017
f 2004 2017 2005
f 2004 2014 2013
f 2004 2013 2016
f 2004 2016 2015
f 2005 2017 2007
f 2006 2018 2008
f 2007 2017 2029
f 2007 2029 2044
f 2007 2044 2058
f 2007 2058 2047
f 2007 2047 2031
f 2007 2031 2022
f 2007 2022 2021
f 2007 2021 2020
f 2007 2020 2018
f 2008 2019 2030
f 2008 2030 2045
f 2008 2045 2053
f 2008 2053 2037
f 2008 2037 2025
f 2008 2025 2023
f 2008 2023 2009
f 2008 2018 2020
f 2008 2020 2021
f 2008 2021 2022
f 2008 2022 2019
f 2010 2024 2011
f 2010 2023 2025
f 2010 2025 2024
f 2011 2024 2036
f 2011 2036 2026
f 2011 2026 2027
f 2011 2027 2028
f 2011 2028 2012
f 2012 2028 2016
f 2012 2016 2013
f 2015 2016 2028
f 2019 2022 2030
f 2022 2031 2032
f 2022 2032 2033
f 2022 2033 2034
f 2022 2034 2035
f 2022 2035 2030
f 2024 2025 2036
f 2025 2037 2038
f 2025 2038 2039
f 2025 2039 2040
f 2025 2040 2036
f 2026 2036 2040
f 2026 2040 2039
f 2026 2039 2051
f 2026 2051 2050
f 2026 2050 2062
f 2026 2062 2054
f 2026 2054 2041
f 2026 2041 2027
f 2029 2042 2043
f 2029 2043 2044
f 2030 2035 2046
f 2030 2046 2038
f 2030 2038 2045
f 2031 2047 2048
f 2031 2048 2049
f 2031 2049 2034
f 2031 2034 2033
f 2031 2033 2032
f 2034 2049 2050
f 2034 2050 2051
f 2034 2051 2052
f 2034 2052 2038
f 2034 2038 2046
f 2034 2046 2035
f 2037 2053 2038
f 2038 2052 2039
f 2038 2053 2045
f 2039 2052 2051
f 2041 2054 2055
f 2042 2055 2056
f 2042 2056 2043
f 2043 2057 2058
f 2043 2058 2044
f 2043 2056 2057
f 2047 2058 2059
f 2047 2059 2057
f 2047 2057 2060
f 2047 2060 2048
f 2048 2060 2049
f 2049 2060 2061
f 2049 2061 2050
f 2050 2061 2062
f 2054 2062 2055
f 2055 2062 2056
f 2056 2061 2060
f 2056 2060 2057
f 2056 2062 2061
f 2057 2059 2058

o geometry_16
v 0.01908226 -0.00436829 0.01989202
v 0.01925477 -0.00436829 0.02008592
v 0.01997514 0.00504867 0.02108034
v 0.01997514 0.00504867 0.02001876
v 0.01997514 0.00480160 0.01989310
v 0.02130101 -0.00147291 0.01989202
v 0.01997652 -0.00436829 0.01989202
v 0.01997652 -0.00436829 0.02051922
v 0.03163502 -0.00380503 0.03095845
v 0.03079734 0.00504959 0.03095845
v 0.02820288 0.00504959 0.02584662
v 0.02039674 0.00444438 0.01989310
v 0.02084318 -0.00380410 0.01989202
v 0.02310229 -0.00380410 0.02128182
v 0.02436916 -0.00380410 0.02212242
v 0.02652201 -0.00380410 0.02375487
v 0.02763569 -0.00380410 0.02472113
v 0.02910818 -0.00380503 0.02617484
v 0.03066624 -0.00380503 0.02799036
v 0.03150805 -0.00380503 0.02918301
v 0.03215667 -0.00380503 0.03030092
v 0.03228087 -0.00380503 0.03095845
v 0.03172472 0.00504959 0.03095845
v 0.02645990 0.00504867 0.02422175
v 0.02482595 0.00504867 0.02296194
v 0.02341073 0.00504867 0.02206176
v 0.02394825 0.00462645 0.02212675
v 0.02130618 0.00125930 0.01989419
v 0.02205278 -0.00104816 0.02026791
v 0.02103432 0.00335887 0.01989365
v 0.02123235 0.00250890 0.01989419
v 0.02101845 -0.00344457 0.01989202
v 0.02200931 -0.00272735 0.02033507
v 0.02551079 -0.00335100 0.02286363
v 0.02856445 -0.00338742 0.02548265
v 0.02960292 -0.00334317 0.02654477
v 0.03237541 -0.00263194 0.03003769
v 0.03273007 -0.00310809 0.03095845
v 0.03245199 -0.00364554 0.03095845
v 0.03205041 0.00458681 0.03095845
v 0.03168056 0.00504959 0.03072447
v 0.02518890 0.00460248 0.02297710
v 0.02770331 0.00458681 0.02508510
v 0.02416423 0.00424433 0.02212675
v 0.02205209 0.00167875 0.02028199
v 0.02546490 0.00000186 0.02265863
v 0.02185888 0.00360178 0.02044231
v 0.02201069 0.00272738 0.02033832
v 0.02395929 -0.00293708 0.02169725
v 0.02675282 -0.00266351 0.02374052
v 0.02985616 -0.00288546 0.02670184
v 0.03065175 -0.00272689 0.02759281
v 0.03153013 -0.00286840 0.02879629
v 0.03287705 -0.00251440 0.03095845
v 0.02629016 0.00459741 0.02385155
v 0.02939661 0.00504959 0.02717034
v 0.02936211 0.00455546 0.02678362
v 0.02864725 0.00415076 0.02581520
v 0.02946216 0.00413140 0.02667584
v 0.02760533 0.00398666 0.02475362
v 0.02311195 0.00379860 0.02128616
v 0.02645852 0.00000647 0.02338873
v 0.02545214 -0.00136298 0.02266946
v 0.02348732 0.00230701 0.02131324
v 0.02545938 0.00104957 0.02266404
v 0.02119233 -0.00283614 0.01989202
v 0.02205347 -0.00188845 0.02028957
v 0.02536968 -0.00272551 0.02267813
v 0.02774747 -0.00287992 0.02462038
v 0.02863483 -0.00272735 0.02541874
v 0.02973610 -0.00188845 0.02640774
v 0.03190827 0.00460616 0.03054357
v 0.03278734 0.00294587 0.03095845
v 0.03023015 0.00418118 0.02759714
v 0.02533380 0.00398574 0.02287094
v 0.02647716 0.00404428 0.02379224
v 0.02438641 0.00368429 0.02211321
v 0.02665656 -0.00076629 0.02355420
v 0.02395791 0.00293711 0.02169779
v 0.02536140 0.00237246 0.02264915
v 0.02666691 0.00125930 0.02357451
v 0.02781510 -0.00188845 0.02456297
v 0.03155498 -0.00174279 0.02855473
v 0.03237886 -0.00176307 0.02977988
v 0.03309233 -0.00104816 0.03095845
v 0.03196485 0.00417865 0.03022726
v 0.03110923 0.00467162 0.02921118
v 0.03110647 0.00504959 0.02962281
v 0.03028397 0.00504959 0.02834566
v 0.03026327 0.00466332 0.02796869
v 0.03109405 0.00423373 0.02882554
v 0.03060690 0.00368936 0.02785875
v 0.02982442 0.00318463 0.02674138
v 0.02856721 0.00339298 0.02548048
v 0.02769089 0.00344045 0.02467725
v 0.02547077 0.00331485 0.02282897
v 0.02790549 -0.00062824 0.02458030
v 0.02666691 -0.00167826 0.02359509
v 0.02881786 -0.00136298 0.02545326
v 0.03073317 -0.00167826 0.02749586
v 0.03250409 -0.00068068 0.02983011
v 0.03168470 -0.00104770 0.02863706
v 0.03152047 0.00384377 0.02922417
v 0.03065140 0.00272646 0.02759308
v 0.02658204 0.00335656 0.02370721
v 0.02785029 0.00083892 0.02453589
v 0.02671004 0.00234308 0.02367986
v 0.02977474 -0.00062824 0.02636224
v 0.03076836 -0.00083797 0.02745578
v 0.03233884 0.00295324 0.03009835
v 0.03151150 0.00300763 0.02882392
v 0.02974852 0.00241325 0.02650117
v 0.02865139 0.00251812 0.02540465
v 0.02777818 0.00248954 0.02459737
v 0.02894672 0.00000094 0.02552923
v 0.03318065 0.00000001 0.03095845
v 0.03237437 0.00199334 0.02983025
v 0.03154739 0.00185460 0.02856448
v 0.02876559 0.00136347 0.02540140
v 0.03077940 0.00021066 0.02744115
v 0.03172196 0.00000094 0.02863706
v 0.03255964 0.00041993 0.02989579
v 0.03295433 0.00212632 0.03095845
v 0.03073317 0.00167829 0.02749586
v 0.02978164 0.00041993 0.02635628
v 0.03252652 0.00104865 0.02989579
v 0.03312338 0.00082763 0.03095845
v 0.03168608 0.00104865 0.02863706
v 0.02976094 0.00125837 0.02637687
f 2063 2064 2065
f 2063 2065 2066
f 2063 2066 2067
f 2063 2067 2068
f 2063 2068 2128
f 2063 2128 2094
f 2063 2094 2075
f 2063 2075 2069
f 2063 2069 2070
f 2063 2070 2064
f 2064 2070 2071
f 2064 2071 2072
f 2064 2072 2065
f 2065 2072 2073
f 2065 2073 2066
f 2066 2074 2067
f 2067 2074 2068
f 2069 2075 2076
f 2069 2076 2077
f 2069 2077 2078
f 2069 2078 2079
f 2069 2079 2080
f 2069 2080 2081
f 2069 2081 2082
f 2069 2082 2083
f 2069 2083 2084
f 2069 2084 2070
f 2070 2084 2071
f 2071 2084 2101
f 2071 2101 2100
f 2071 2100 2116
f 2071 2116 2147
f 2071 2147 2178
f 2071 2178 2189
f 2071 2189 2185
f 2071 2185 2135
f 2071 2135 2102
f 2071 2102 2085
f 2071 2085 2072
f 2072 2085 2103
f 2072 2103 2150
f 2072 2150 2151
f 2072 2151 2118
f 2072 2118 2073
f 2073 2086 2087
f 2073 2087 2088
f 2073 2088 2066
f 2066 2088 2089
f 2066 2089 2074
f 2068 2074 2092
f 2068 2092 2093
f 2068 2093 2090
f 2075 2094 2076
f 2076 2094 2095
f 2077 2076 2095
f 2077 2096 2078
f 2079 2097 2080
f 2080 2097 2098
f 2080 2098 2081
f 2082 2099 2083
f 2083 2100 2101
f 2083 2101 2084
f 2085 2102 2103
f 2087 2086 2104
f 2087 2104 2089
f 2087 2089 2088
f 2089 2104 2106
f 2090 2107 2091
f 2090 2091 2068
f 2074 2089 2109
f 2074 2109 2092
f 2092 2109 2110
f 2093 2107 2090
f 2095 2111 2077
f 2077 2111 2096
f 2078 2112 2079
f 2078 2096 2112
f 2098 2113 2114
f 2098 2114 2081
f 2081 2114 2115
f 2081 2115 2082
f 2082 2115 2099
f 2099 2116 2100
f 2099 2100 2083
f 2073 2105 2086
f 2086 2105 2117
f 2086 2117 2104
f 2073 2118 2119
f 2073 2120 2105
f 2073 2119 2121
f 2073 2121 2120
f 2105 2120 2122
f 2106 2123 2089
f 2089 2123 2109
f 2107 2108 2091
f 2108 2125 2091
f 2108 2124 2125
f 2109 2123 2110
f 2092 2110 2093
f 2093 2110 2107
f 2107 2110 2126
f 2107 2126 2127
f 2107 2127 2108
f 2094 2128 2095
f 2095 2128 2129
f 2095 2129 2111
f 2111 2129 2130
f 2111 2130 2096
f 2112 2131 2079
f 2079 2131 2097
f 2097 2132 2113
f 2097 2113 2098
f 2113 2132 2133
f 2102 2135 2134
f 2102 2134 2103
f 2119 2136 2121
f 2104 2137 2106
f 2104 2117 2138
f 2104 2138 2137
f 2117 2105 2138
f 2106 2137 2139
f 2123 2106 2139
f 2108 2127 2124
f 2091 2129 2068
f 2091 2125 2129
f 2125 2124 2140
f 2068 2129 2128
f 2123 2139 2110
f 2110 2139 2141
f 2110 2141 2126
f 2126 2141 2142
f 2126 2142 2127
f 2127 2142 2143
f 2127 2143 2124
f 2096 2130 2112
f 2112 2144 2131
f 2131 2132 2097
f 2113 2133 2114
f 2114 2145 2115
f 2115 2145 2146
f 2115 2146 2099
f 2099 2146 2147
f 2099 2147 2116
f 2134 2135 2148
f 2134 2149 2150
f 2134 2150 2103
f 2105 2122 2138
f 2118 2151 2152
f 2118 2152 2119
f 2119 2152 2136
f 2136 2152 2153
f 2136 2153 2154
f 2121 2136 2154
f 2121 2154 2155
f 2121 2155 2120
f 2120 2155 2156
f 2120 2156 2122
f 2122 2156 2157
f 2137 2158 2139
f 2139 2158 2141
f 2141 2158 2142
f 2129 2125 2130
f 2130 2125 2160
f 2130 2160 2112
f 2112 2160 2144
f 2144 2161 2132
f 2144 2132 2131
f 2132 2161 2133
f 2133 2162 2114
f 2114 2162 2145
f 2146 2145 2164
f 2146 2164 2163
f 2148 2165 2153
f 2148 2153 2149
f 2148 2149 2134
f 2149 2153 2152
f 2149 2152 2151
f 2149 2151 2150
f 2153 2165 2154
f 2154 2166 2155
f 2157 2167 2138
f 2122 2157 2138
f 2138 2167 2137
f 2137 2167 2158
f 2140 2124 2159
f 2159 2124 2168
f 2125 2140 2160
f 2158 2169 2142
f 2142 2169 2143
f 2143 2168 2124
f 2160 2140 2159
f 2133 2161 2170
f 2133 2170 2171
f 2133 2171 2162
f 2163 2147 2146
f 2148 2172 2165
f 2148 2135 2172
f 2165 2172 2173
f 2165 2173 2154
f 2154 2173 2166
f 2155 2166 2174
f 2156 2155 2174
f 2156 2174 2175
f 2156 2175 2176
f 2156 2176 2157
f 2157 2176 2167
f 2159 2144 2160
f 2159 2161 2144
f 2159 2168 2177
f 2159 2177 2161
f 2158 2167 2169
f 2169 2176 2168
f 2169 2168 2143
f 2171 2164 2162
f 2162 2164 2145
f 2163 2178 2147
f 2173 2172 2179
f 2173 2179 2180
f 2173 2180 2166
f 2167 2176 2169
f 2168 2181 2177
f 2176 2181 2168
f 2170 2182 2171
f 2161 2177 2170
f 2171 2182 2183
f 2171 2183 2164
f 2164 2183 2163
f 2163 2183 2184
f 2163 2184 2178
f 2172 2135 2179
f 2179 2135 2185
f 2166 2186 2174
f 2166 2180 2186
f 2175 2174 2181
f 2175 2181 2176
f 2177 2187 2170
f 2170 2187 2182
f 2184 2183 2188
f 2178 2184 2189
f 2185 2189 2179
f 2179 2189 2188
f 2180 2179 2190
f 2174 2186 2191
f 2174 2191 2181
f 2177 2181 2187
f 2187 2191 2182
f 2187 2181 2191
f 2182 2190 2183
f 2183 2190 2188
f 2184 2188 2189
f 2179 2188 2190
f 2186 2180 2190
f 2186 2190 2182
f 2186 2182 2191

o geometry_17
v 0.03325904 -0.00429573 0.03493591
v 0.03325095 -0.00431066 0.03493396
v 0.03325742 -0.00429573 0.03491452
v 0.03227900 -0.00380569 0.03083973
v 0.03228223 -0.00380569 0.03095832
v 0.03324205 -0.00429573 0.03529945
v 0.03308586 -0.00450362 0.03535388
v 0.03308829 -0.00452032 0.03493396
v 0.03284793 -0.00474277 0.03367517
v 0.03309556 -0.00429573 0.03336314
v 0.03227333 -0.00380569 0.03081252
v 0.03313846 -0.00429573 0.03568535
v 0.03316031 -0.00429573 0.03565521
v 0.03319106 -0.00429573 0.03556870
v 0.03323881 -0.00429573 0.03535388
v 0.03163642 -0.00380569 0.03095832
v 0.03287625 -0.00475272 0.03535388
v 0.03289244 -0.00466779 0.03568535
v 0.03284793 -0.00472074 0.03568535
v 0.03247565 -0.00519301 0.03409412
v 0.03268364 -0.00495279 0.03367517
v 0.03281232 -0.00469587 0.03325525
v 0.03303487 -0.00436751 0.03329316
v 0.03306886 -0.00429573 0.03325622
v 0.03215599 -0.00380569 0.03030220
v 0.03221587 -0.00380569 0.03054812
v 0.03225715 -0.00380569 0.03073573
v 0.03312308 -0.00432523 0.03568535
v 0.03242548 -0.00429573 0.03568535
v 0.02760456 -0.00380569 0.02575597
v 0.03264479 -0.00493040 0.03568535
v 0.03266988 -0.00496239 0.03535388
v 0.03227657 -0.00540303 0.03409412
v 0.03247403 -0.00518093 0.03367517
v 0.03194962 -0.00549009 0.03248637
v 0.03191482 -0.00545740 0.03220642
v 0.03227576 -0.00495777 0.03199549
v 0.03277833 -0.00465180 0.03301030
v 0.03242305 -0.00474810 0.03199549
v 0.03267069 -0.00429573 0.03199452
v 0.03206373 -0.00402068 0.03028276
v 0.03196904 -0.00390235 0.03002711
v 0.03198118 -0.00380569 0.02999114
v 0.03252826 -0.00429573 0.03156293
v 0.02923365 -0.00533338 0.03568535
v 0.02870923 -0.00380569 0.02575597
v 0.02499299 -0.00635646 0.02575597
v 0.02759242 -0.00603628 0.03568535
v 0.03247889 -0.00508925 0.03568535
v 0.03243519 -0.00512621 0.03568535
v 0.03205159 -0.00557218 0.03451404
v 0.03206616 -0.00557680 0.03409412
v 0.03152879 -0.00590231 0.03283533
v 0.03150694 -0.00588597 0.03257385
v 0.03171088 -0.00567275 0.03239014
v 0.03110472 -0.00590054 0.03128785
v 0.03129328 -0.00567275 0.03113815
v 0.03148185 -0.00544283 0.03098846
v 0.03206535 -0.00521043 0.03199549
v 0.03160243 -0.00516814 0.03073573
v 0.03236883 -0.00466957 0.03170096
v 0.03246028 -0.00442864 0.03156682
v 0.03198280 -0.00432665 0.03040037
v 0.03190430 -0.00418237 0.03012042
v 0.03152069 -0.00384442 0.02922421
v 0.03152636 -0.00380569 0.02921351
v 0.03190753 -0.00460632 0.03054715
v 0.02870923 -0.00380818 0.02575597
v 0.02950638 -0.00380569 0.02659581
v 0.02673862 -0.00635646 0.02575597
v 0.02759242 -0.00742147 0.03095832
v 0.02759242 -0.00743356 0.03166014
v 0.02759242 -0.00743569 0.03199549
v 0.02759242 -0.00743285 0.03208005
v 0.02759242 -0.00738807 0.03283533
v 0.02759242 -0.00738274 0.03291989
v 0.02759242 -0.00733619 0.03325525
v 0.02759242 -0.00731273 0.03335148
v 0.02759242 -0.00647764 0.03568535
v 0.03163562 -0.00569514 0.03568535
v 0.03150451 -0.00588312 0.03518280
v 0.03176915 -0.00578149 0.03451404
v 0.03101570 -0.00625376 0.03325525
v 0.03128519 -0.00605512 0.03283533
v 0.03067904 -0.00631169 0.03170485
v 0.03063453 -0.00628290 0.03142490
v 0.03104726 -0.00585576 0.03100887
v 0.03024769 -0.00630707 0.03049369
v 0.03058435 -0.00580601 0.02989783
v 0.03141953 -0.00537816 0.03073573
v 0.03070979 -0.00551461 0.02959164
v 0.03153284 -0.00508641 0.03046453
v 0.03182822 -0.00483268 0.03070657
v 0.03111120 -0.00467490 0.02921157
v 0.03117189 -0.00438741 0.02906576
v 0.03136370 -0.00398621 0.02907354
v 0.03150856 -0.00380569 0.02918435
v 0.03109987 -0.00507539 0.02963829
v 0.03102137 -0.00495457 0.02935835
v 0.02868091 -0.00398834 0.02578319
v 0.02866391 -0.00395494 0.02575597
v 0.02949262 -0.00398834 0.02664442
v 0.03029786 -0.00380569 0.02753092
v 0.03028168 -0.00390164 0.02754452
v 0.02685273 -0.00628184 0.02575597
v 0.02690776 -0.00632448 0.02586970
v 0.02678071 -0.00635646 0.02579583
v 0.02755600 -0.00635646 0.02661428
v 0.02858137 -0.00714216 0.03095832
v 0.02863397 -0.00715993 0.03115662
v 0.02870114 -0.00718232 0.03157654
v 0.02834829 -0.00727187 0.03157654
v 0.02834829 -0.00728999 0.03199549
v 0.02792827 -0.00738452 0.03199549
v 0.02792827 -0.00736959 0.03241638
v 0.02792827 -0.00735040 0.03283533
v 0.02792827 -0.00732375 0.03325525
v 0.02834829 -0.00715069 0.03391623
v 0.02790480 -0.00721501 0.03371016
v 0.02802862 -0.00715531 0.03392499
v 0.02918671 -0.00678538 0.03489411
v 0.02918671 -0.00668979 0.03510504
v 0.02996848 -0.00639946 0.03568535
v 0.03142034 -0.00583515 0.03568535
v 0.03146324 -0.00585825 0.03546178
v 0.03130785 -0.00596414 0.03533444
v 0.03128519 -0.00603557 0.03493396
v 0.03152960 -0.00589876 0.03493396
v 0.03155954 -0.00591688 0.03451404
v 0.03080610 -0.00637636 0.03325525
v 0.03044596 -0.00646627 0.03199549
v 0.03010525 -0.00665034 0.03199549
v 0.03047510 -0.00639911 0.03156973
v 0.03012872 -0.00635646 0.03040718
v 0.03018537 -0.00626016 0.03021374
v 0.03037394 -0.00598938 0.02989783
v 0.03007936 -0.00635646 0.03030317
v 0.03029058 -0.00592292 0.02961983
v 0.02984143 -0.00590231 0.02880331
v 0.03062320 -0.00542826 0.02931169
v 0.03086517 -0.00525165 0.02947499
v 0.03027278 -0.00509174 0.02836881
v 0.03017647 -0.00494675 0.02808984
v 0.03026549 -0.00466708 0.02797028
v 0.03109339 -0.00423425 0.02882762
v 0.03066690 -0.00380995 0.02799263
v 0.03139283 -0.00380569 0.02901716
v 0.02855952 -0.00420547 0.02575597
v 0.02865097 -0.00398834 0.02575597
v 0.02861536 -0.00431847 0.02585123
v 0.03022988 -0.00418131 0.02759799
v 0.02943517 -0.00427654 0.02670663
v 0.03049129 -0.00380569 0.02776615
v 0.02757462 -0.00559066 0.02575597
v 0.02806100 -0.00538242 0.02597371
v 0.02792827 -0.00566564 0.02611466
v 0.02779474 -0.00593998 0.02625560
v 0.02774052 -0.00631204 0.02672510
v 0.02847211 -0.00635646 0.02767866
v 0.02918671 -0.00694742 0.03095832
v 0.02884439 -0.00709881 0.03115662
v 0.02891075 -0.00710805 0.03157654
v 0.02960673 -0.00688524 0.03241638
v 0.02918671 -0.00702454 0.03283533
v 0.02870600 -0.00717770 0.03283533
v 0.02834829 -0.00728644 0.03241638
v 0.02834829 -0.00727151 0.03283533
v 0.02834829 -0.00724131 0.03325525
v 0.02855952 -0.00713648 0.03388610
v 0.02918671 -0.00688595 0.03451404
v 0.02949424 -0.00674807 0.03484453
v 0.03002594 -0.00639058 0.03568535
v 0.03121640 -0.00594318 0.03568535
v 0.03066447 -0.00630031 0.03516531
v 0.03091373 -0.00622356 0.03493396
v 0.03079477 -0.00637423 0.03367517
v 0.03044596 -0.00654089 0.03367517
v 0.02992235 -0.00676264 0.03241638
v 0.02989565 -0.00675091 0.03199549
v 0.02952985 -0.00679213 0.03095832
v 0.02962939 -0.00673883 0.03095832
v 0.02944407 -0.00635646 0.02913284
v 0.02945863 -0.00634935 0.02913964
v 0.02938903 -0.00629108 0.02886066
v 0.02960916 -0.00601141 0.02865362
v 0.02975160 -0.00581134 0.02852337
v 0.02988432 -0.00553167 0.02832896
v 0.03002999 -0.00525769 0.02820940
v 0.02939713 -0.00503950 0.02716835
v 0.03033105 -0.00440802 0.02788182
v 0.02945863 -0.00482770 0.02709058
v 0.03066447 -0.00380569 0.02798777
v 0.02847454 -0.00438741 0.02575597
v 0.02854819 -0.00459850 0.02592511
v 0.02935990 -0.00455621 0.02678633
v 0.02810065 -0.00500858 0.02575597
v 0.02818644 -0.00510240 0.02586387
v 0.02820829 -0.00553274 0.02625366
v 0.02807395 -0.00581241 0.02640821
v 0.02859755 -0.00591084 0.02713821
v 0.02790723 -0.00607075 0.02656665
v 0.02874889 -0.00597978 0.02741135
v 0.02853847 -0.00628290 0.02761354
v 0.02862507 -0.00635646 0.02789057
v 0.02918671 -0.00697585 0.03115662
v 0.02932591 -0.00635646 0.02892190
v 0.02960673 -0.00687955 0.03283533
v 0.02987299 -0.00673812 0.03409412
v 0.02960673 -0.00682767 0.03409412
v 0.02918671 -0.00700535 0.03325525
v 0.02866391 -0.00716242 0.03325525
v 0.02859674 -0.00714607 0.03367517
v 0.02962373 -0.00676868 0.03449460
v 0.03045648 -0.00635682 0.03532472
v 0.03002594 -0.00648830 0.03535388
v 0.03032538 -0.00633230 0.03567563
v 0.03028006 -0.00633869 0.03568535
v 0.03112010 -0.00598724 0.03568535
v 0.03044596 -0.00642505 0.03493396
v 0.03070413 -0.00631915 0.03493396
v 0.03008259 -0.00665603 0.03409412
v 0.02898925 -0.00588810 0.02757369
v 0.02977587 -0.00542329 0.02804901
v 0.02901191 -0.00549578 0.02712752
v 0.02914463 -0.00519337 0.02700699
v 0.02899815 -0.00506793 0.02673093
v 0.02928059 -0.00482770 0.02688062
v 0.02842032 -0.00448976 0.02575597
v 0.02848183 -0.00482770 0.02599898
v 0.02827222 -0.00482770 0.02578514
v 0.02825523 -0.00479999 0.02575597
v 0.02833696 -0.00523246 0.02613410
v 0.02887676 -0.00577509 0.02729277
v 0.02983171 -0.00672106 0.03434102
v 0.03033509 -0.00632412 0.03568535
f 2192 2193 2194
f 2192 2194 2195
f 2192 2195 2196
f 2192 2196 2197
f 2192 2197 2193
f 2193 2197 2198
f 2193 2198 2199
f 2193 2199 2200
f 2193 2200 2201
f 2193 2201 2194
f 2194 2201 2195
f 2195 2202 2218
f 2195 2218 2217
f 2195 2217 2216
f 2195 2216 2234
f 2195 2234 2257
f 2195 2257 2288
f 2195 2288 2338
f 2195 2338 2383
f 2195 2383 2344
f 2195 2344 2294
f 2195 2294 2260
f 2195 2260 2237
f 2195 2237 2221
f 2195 2221 2207
f 2195 2207 2196
f 2195 2201 2202
f 2196 2203 2204
f 2196 2204 2205
f 2196 2205 2206
f 2196 2206 2197
f 2196 2207 2220
f 2196 2220 2203
f 2197 2206 2198
f 2198 2208 2199
f 2198 2206 2209
f 2198 2209 2210
f 2198 2210 2208
f 2199 2211 2212
f 2199 2212 2200
f 2199 2208 2211
f 2200 2212 2213
f 2200 2213 2201
f 2201 2213 2214
f 2201 2214 2215
f 2201 2215 2216
f 2201 2216 2217
f 2201 2217 2218
f 2201 2218 2202
f 2203 2219 2204
f 2203 2220 2236
f 2203 2236 2239
f 2203 2239 2270
f 2203 2270 2314
f 2203 2314 2363
f 2203 2363 2408
f 2203 2408 2426
f 2203 2426 2409
f 2203 2409 2364
f 2203 2364 2315
f 2203 2315 2271
f 2203 2271 2241
f 2203 2241 2240
f 2203 2240 2222
f 2203 2222 2210
f 2203 2210 2209
f 2203 2209 2219
f 2204 2219 2209
f 2204 2209 2205
f 2205 2209 2206
f 2207 2221 2220
f 2208 2210 2222
f 2208 2222 2223
f 2208 2223 2224
f 2208 2224 2211
f 2211 2224 2225
f 2211 2225 2212
f 2212 2225 2226
f 2212 2226 2213
f 2213 2226 2227
f 2213 2227 2228
f 2213 2228 2229
f 2213 2229 2214
f 2214 2229 2215
f 2215 2229 2230
f 2215 2230 2231
f 2215 2231 2216
f 2216 2232 2233
f 2216 2233 2234
f 2216 2231 2235
f 2216 2235 2232
f 2220 2221 2236
f 2221 2237 2259
f 2221 2259 2292
f 2221 2292 2340
f 2221 2340 2339
f 2221 2339 2384
f 2221 2384 2419
f 2221 2419 2422
f 2221 2422 2387
f 2221 2387 2345
f 2221 2345 2296
f 2221 2296 2261
f 2221 2261 2238
f 2221 2238 2239
f 2221 2239 2236
f 2222 2240 2223
f 2223 2240 2241
f 2223 2241 2242
f 2223 2242 2224
f 2224 2242 2243
f 2224 2243 2244
f 2224 2244 2225
f 2225 2244 2226
f 2226 2244 2245
f 2226 2245 2246
f 2226 2246 2227
f 2227 2247 2248
f 2227 2248 2249
f 2227 2249 2250
f 2227 2250 2228
f 2227 2246 2247
f 2228 2230 2229
f 2228 2250 2249
f 2228 2249 2251
f 2228 2251 2252
f 2228 2252 2230
f 2230 2252 2253
f 2230 2253 2231
f 2231 2253 2235
f 2232 2235 2254
f 2232 2254 2255
f 2232 2255 2233
f 2233 2255 2256
f 2233 2256 2234
f 2234 2256 2257
f 2235 2253 2258
f 2235 2258 2254
f 2237 2260 2259
f 2238 2261 2262
f 2238 2262 2263
f 2238 2263 2264
f 2238 2264 2265
f 2238 2265 2266
f 2238 2266 2267
f 2238 2267 2268
f 2238 2268 2269
f 2238 2269 2270
f 2238 2270 2239
f 2241 2271 2272
f 2241 2272 2273
f 2241 2273 2242
f 2242 2273 2243
f 2243 2273 2274
f 2243 2274 2244
f 2244 2275 2276
f 2244 2276 2245
f 2244 2274 2275
f 2245 2276 2277
f 2245 2277 2247
f 2245 2247 2246
f 2247 2278 2248
f 2247 2277 2279
f 2247 2279 2278
f 2248 2278 2249
f 2249 2278 2280
f 2249 2280 2281
f 2249 2281 2251
f 2251 2281 2282
f 2251 2282 2283
f 2251 2283 2284
f 2251 2284 2252
f 2252 2284 2258
f 2252 2258 2253
f 2254 2258 2285
f 2254 2285 2255
f 2255 2285 2286
f 2255 2286 2287
f 2255 2287 2256
f 2256 2287 2288
f 2256 2288 2257
f 2258 2284 2283
f 2258 2283 2289
f 2258 2289 2290
f 2258 2290 2285
f 2259 2260 2291
f 2259 2291 2292
f 2260 2293 2291
f 2260 2294 2295
f 2260 2295 2293
f 2261 2296 2297
f 2261 2297 2298
f 2261 2298 2262
f 2262 2298 2299
f 2262 2299 2300
f 2262 2300 2301
f 2262 2301 2302
f 2262 2302 2303
f 2262 2303 2304
f 2262 2304 2305
f 2262 2305 2263
f 2263 2305 2264
f 2264 2305 2265
f 2265 2305 2306
f 2265 2306 2307
f 2265 2307 2266
f 2266 2307 2267
f 2267 2307 2308
f 2267 2308 2268
f 2268 2308 2309
f 2268 2309 2269
f 2269 2309 2310
f 2269 2310 2311
f 2269 2311 2270
f 2270 2311 2312
f 2270 2312 2313
f 2270 2313 2314
f 2271 2315 2316
f 2271 2316 2272
f 2272 2316 2317
f 2272 2317 2318
f 2272 2318 2319
f 2272 2319 2273
f 2273 2320 2274
f 2273 2319 2320
f 2274 2321 2276
f 2274 2276 2275
f 2274 2320 2321
f 2276 2322 2323
f 2276 2323 2324
f 2276 2324 2277
f 2276 2321 2322
f 2277 2324 2325
f 2277 2325 2279
f 2278 2279 2326
f 2278 2326 2327
f 2278 2327 2280
f 2279 2325 2328
f 2279 2328 2326
f 2280 2327 2329
f 2280 2329 2330
f 2280 2330 2282
f 2280 2282 2281
f 2282 2331 2332
f 2282 2332 2289
f 2282 2289 2283
f 2282 2330 2331
f 2285 2290 2333
f 2285 2333 2334
f 2285 2334 2335
f 2285 2335 2286
f 2286 2335 2336
f 2286 2336 2287
f 2287 2336 2337
f 2287 2337 2338
f 2287 2338 2288
f 2289 2332 2290
f 2290 2332 2331
f 2290 2331 2333
f 2291 2339 2340
f 2291 2340 2292
f 2291 2293 2341
f 2291 2341 2339
f 2293 2295 2342
f 2293 2342 2343
f 2293 2343 2341
f 2294 2344 2295
f 2295 2344 2342
f 2296 2345 2346
f 2296 2346 2347
f 2296 2347 2348
f 2296 2348 2297
f 2297 2348 2349
f 2297 2349 2298
f 2298 2349 2299
f 2299 2349 2350
f 2299 2350 2300
f 2300 2351 2352
f 2300 2352 2301
f 2300 2350 2351
f 2301 2352 2302
f 2302 2304 2303
f 2302 2352 2353
f 2302 2353 2354
f 2302 2354 2355
f 2302 2355 2356
f 2302 2356 2304
f 2304 2356 2357
f 2304 2357 2305
f 2305 2357 2306
f 2306 2357 2358
f 2306 2358 2307
f 2307 2358 2308
f 2308 2358 2359
f 2308 2359 2360
f 2308 2360 2309
f 2309 2311 2310
f 2309 2360 2312
f 2309 2312 2311
f 2312 2361 2362
f 2312 2362 2363
f 2312 2363 2314
f 2312 2314 2313
f 2312 2360 2361
f 2315 2364 2316
f 2316 2364 2317
f 2317 2364 2365
f 2317 2365 2366
f 2317 2366 2318
f 2318 2366 2367
f 2318 2367 2320
f 2318 2320 2319
f 2320 2367 2321
f 2321 2367 2368
f 2321 2368 2369
f 2321 2369 2323
f 2321 2323 2322
f 2323 2369 2370
f 2323 2370 2371
f 2323 2371 2324
f 2324 2371 2372
f 2324 2372 2325
f 2325 2372 2371
f 2325 2371 2328
f 2326 2328 2373
f 2326 2373 2374
f 2326 2374 2375
f 2326 2375 2327
f 2327 2375 2330
f 2327 2330 2329
f 2328 2371 2373
f 2330 2375 2376
f 2330 2376 2377
f 2330 2377 2331
f 2331 2377 2378
f 2331 2378 2333
f 2333 2378 2379
f 2333 2379 2334
f 2334 2379 2380
f 2334 2380 2335
f 2335 2381 2336
f 2335 2380 2382
f 2335 2382 2342
f 2335 2342 2381
f 2336 2381 2342
f 2336 2342 2337
f 2337 2344 2383
f 2337 2383 2338
f 2337 2342 2344
f 2339 2341 2384
f 2341 2343 2385
f 2341 2385 2384
f 2342 2382 2386
f 2342 2386 2343
f 2343 2386 2385
f 2345 2387 2388
f 2345 2388 2346
f 2346 2388 2389
f 2346 2389 2347
f 2347 2389 2348
f 2348 2389 2390
f 2348 2390 2391
f 2348 2391 2392
f 2348 2392 2349
f 2349 2393 2394
f 2349 2394 2350
f 2349 2392 2393
f 2350 2395 2351
f 2350 2394 2395
f 2351 2371 2396
f 2351 2396 2352
f 2351 2395 2397
f 2351 2397 2371
f 2352 2396 2353
f 2353 2370 2354
f 2353 2396 2370
f 2354 2369 2398
f 2354 2398 2355
f 2354 2370 2369
f 2355 2398 2399
f 2355 2399 2400
f 2355 2400 2401
f 2355 2401 2356
f 2356 2358 2357
f 2356 2401 2400
f 2356 2400 2402
f 2356 2402 2358
f 2358 2402 2359
f 2359 2402 2403
f 2359 2403 2360
f 2360 2400 2361
f 2360 2403 2400
f 2361 2400 2404
f 2361 2404 2362
f 2362 2404 2405
f 2362 2405 2406
f 2362 2406 2407
f 2362 2407 2408
f 2362 2408 2363
f 2364 2409 2365
f 2365 2410 2411
f 2365 2411 2366
f 2365 2409 2405
f 2365 2405 2410
f 2366 2411 2368
f 2366 2368 2367
f 2368 2398 2369
f 2368 2411 2412
f 2368 2412 2399
f 2368 2399 2398
f 2370 2396 2371
f 2371 2397 2373
f 2373 2397 2374
f 2374 2397 2375
f 2375 2395 2394
f 2375 2394 2376
f 2375 2397 2395
f 2376 2394 2413
f 2376 2413 2377
f 2377 2413 2378
f 2378 2413 2414
f 2378 2414 2379
f 2379 2414 2415
f 2379 2415 2380
f 2380 2415 2416
f 2380 2416 2417
f 2380 2417 2418
f 2380 2418 2382
f 2382 2418 2386
f 2384 2385 2419
f 2385 2420 2388
f 2385 2388 2421
f 2385 2421 2422
f 2385 2422 2419
f 2385 2386 2420
f 2386 2418 2420
f 2387 2422 2388
f 2388 2420 2417
f 2388 2417 2423
f 2388 2423 2389
f 2388 2422 2421
f 2389 2423 2417
f 2389 2417 2416
f 2389 2416 2415
f 2389 2415 2390
f 2390 2415 2424
f 2390 2424 2391
f 2391 2424 2413
f 2391 2413 2393
f 2391 2393 2392
f 2393 2413 2394
f 2399 2412 2410
f 2399 2410 2425
f 2399 2425 2400
f 2400 2425 2404
f 2400 2403 2402
f 2404 2425 2410
f 2404 2410 2405
f 2405 2409 2407
f 2405 2407 2406
f 2407 2409 2426
f 2407 2426 2408
f 2410 2412 2411
f 2413 2424 2415
f 2413 2415 2414
f 2417 2420 2418

o geometry_18
v 0.01997437 -0.00743342 0.03095919
v 0.01997437 -0.00732061 0.03157686
v 0.01997437 -0.00700346 0.03095919
v 0.02098396 -0.00755184 0.03095919
v 0.01997437 -0.00731593 0.03160047
v 0.02079159 -0.00733718 0.03199676
v 0.01997437 -0.00459902 0.03410289
v 0.02457568 -0.00663944 0.03095919
v 0.02100335 -0.00755340 0.03095919
v 0.02163192 -0.00733811 0.03241666
v 0.01997437 -0.00719657 0.03199823
v 0.02037105 -0.00727906 0.03199676
v 0.02121063 -0.00729718 0.03241666
v 0.01997437 -0.00459902 0.03467038
v 0.02759178 -0.00459902 0.03792108
v 0.02759178 -0.00672880 0.03095919
v 0.02486797 -0.00664693 0.03095919
v 0.02520947 -0.00779088 0.03095919
v 0.02540781 -0.00777369 0.03115770
v 0.02247150 -0.00730812 0.03283655
v 0.02205096 -0.00727874 0.03283655
v 0.01997437 -0.00719313 0.03200856
v 0.02037105 -0.00717657 0.03231703
v 0.02076996 -0.00721438 0.03244543
v 0.02160135 -0.00721406 0.03287271
v 0.02121063 -0.00718907 0.03276718
v 0.01997437 -0.00480931 0.03458773
v 0.02012797 -0.00465964 0.03474491
v 0.02010784 -0.00459902 0.03475524
v 0.02759178 -0.00459902 0.03849743
v 0.02759178 -0.00742154 0.03095919
v 0.02562927 -0.00778588 0.03095919
v 0.02582761 -0.00777151 0.03115770
v 0.02582761 -0.00771526 0.03157686
v 0.02392027 -0.00713720 0.03389036
v 0.02331034 -0.00717063 0.03360698
v 0.02289129 -0.00723094 0.03325645
v 0.02289129 -0.00715813 0.03354647
v 0.02259677 -0.00714595 0.03349776
v 0.02205096 -0.00717844 0.03317749
v 0.01997437 -0.00702408 0.03238492
v 0.02011977 -0.00714782 0.03223512
v 0.02089597 -0.00716001 0.03268379
v 0.02172065 -0.00715626 0.03310296
v 0.01997437 -0.00521865 0.03437889
v 0.02052167 -0.00510709 0.03476041
v 0.02131800 -0.00514365 0.03520466
v 0.02093475 -0.00470839 0.03518178
v 0.02088852 -0.00459902 0.03519507
v 0.02184591 -0.00503085 0.03555814
v 0.02737703 -0.00459902 0.03844651
v 0.02686926 -0.00504148 0.03808565
v 0.02759178 -0.00472932 0.03841847
v 0.02750677 -0.00745748 0.03095919
v 0.02759178 -0.00743373 0.03166172
v 0.02582761 -0.00777369 0.03095919
v 0.02624814 -0.00772370 0.03115770
v 0.02624814 -0.00770651 0.03157686
v 0.02666794 -0.00758528 0.03232810
v 0.02414843 -0.00713845 0.03389774
v 0.02498877 -0.00684723 0.03493383
v 0.02456897 -0.00683504 0.03493383
v 0.02373088 -0.00691659 0.03451541
v 0.02331034 -0.00687535 0.03451541
v 0.01997437 -0.00679348 0.03282474
v 0.02037105 -0.00708220 0.03252661
v 0.02247150 -0.00689410 0.03409551
v 0.02247150 -0.00676661 0.03438922
v 0.02206811 -0.00680004 0.03410141
v 0.01997437 -0.00522583 0.03437519
v 0.02064842 -0.00538707 0.03468735
v 0.02145669 -0.00542331 0.03511906
v 0.02389045 -0.00549987 0.03643041
v 0.02174227 -0.00475088 0.03562087
v 0.02168411 -0.00459902 0.03564301
v 0.02266537 -0.00505241 0.03599206
v 0.02390909 -0.00465370 0.03683850
v 0.02442656 -0.00538332 0.03678536
v 0.02689610 -0.00459902 0.03829523
v 0.02670373 -0.00480838 0.03813657
v 0.02658964 -0.00493555 0.03803104
v 0.02596182 -0.00508866 0.03769822
v 0.02556290 -0.00548862 0.03726725
v 0.02582761 -0.00554830 0.03731817
v 0.02624814 -0.00537675 0.03760155
v 0.02653447 -0.00543862 0.03764509
v 0.02681408 -0.00546987 0.03767534
v 0.02708698 -0.00506804 0.03810705
v 0.02750677 -0.00511116 0.03814616
v 0.02759178 -0.00506147 0.03819265
v 0.02726668 -0.00754528 0.03115770
v 0.02719808 -0.00754059 0.03095919
v 0.02759178 -0.00743592 0.03199676
v 0.02604980 -0.00774838 0.03095919
v 0.02624814 -0.00772432 0.03095919
v 0.02666794 -0.00765777 0.03115770
v 0.02666794 -0.00765152 0.03157686
v 0.02666794 -0.00763090 0.03199676
v 0.02695277 -0.00757059 0.03230522
v 0.02759178 -0.00733624 0.03325645
v 0.02750677 -0.00733936 0.03325645
v 0.02759178 -0.00731312 0.03335312
v 0.02540781 -0.00674849 0.03523713
v 0.02498877 -0.00674599 0.03522089
v 0.02415589 -0.00679286 0.03496261
v 0.02456897 -0.00673505 0.03518769
v 0.02373088 -0.00678692 0.03486520
v 0.02331034 -0.00675130 0.03478624
v 0.02291590 -0.00680036 0.03452647
v 0.02014810 -0.00672193 0.03305499
v 0.01997437 -0.00678223 0.03284246
v 0.02037105 -0.00691941 0.03283655
v 0.02121063 -0.00679223 0.03360034
v 0.02142985 -0.00671068 0.03388150
v 0.02170872 -0.00676067 0.03396489
v 0.02307174 -0.00672474 0.03473753
v 0.02221873 -0.00673099 0.03432723
v 0.01997437 -0.00564798 0.03409772
v 0.02013766 -0.00548018 0.03432059
v 0.02037105 -0.00557673 0.03439290
v 0.02092878 -0.00551268 0.03476631
v 0.02352583 -0.00587295 0.03597952
v 0.02407014 -0.00577984 0.03633816
v 0.02470617 -0.00550987 0.03685990
v 0.02389417 -0.00459902 0.03684662
v 0.02430427 -0.00510366 0.03685326
v 0.02483964 -0.00495836 0.03720379
v 0.02498280 -0.00482212 0.03733810
v 0.02473376 -0.00467839 0.03726578
v 0.02480832 -0.00459902 0.03732998
v 0.02511925 -0.00511241 0.03728496
v 0.02647482 -0.00459902 0.03814469
v 0.02641666 -0.00465558 0.03809967
v 0.02582388 -0.00482931 0.03775726
v 0.02568146 -0.00497055 0.03762664
v 0.02528329 -0.00539238 0.03720305
v 0.02498877 -0.00559173 0.03692558
v 0.02498877 -0.00580140 0.03676101
v 0.02522811 -0.00586358 0.03680972
v 0.02582761 -0.00575796 0.03712852
v 0.02624814 -0.00582202 0.03718165
v 0.02686851 -0.00587826 0.03724438
v 0.02708698 -0.00549237 0.03770117
v 0.02708698 -0.00527770 0.03791149
v 0.02658890 -0.00585358 0.03721781
v 0.02750677 -0.00532082 0.03793584
v 0.02759178 -0.00511522 0.03815132
v 0.02725923 -0.00754309 0.03157686
v 0.02705641 -0.00758965 0.03115770
v 0.02701615 -0.00758309 0.03095919
v 0.02759178 -0.00743279 0.03208088
v 0.02646960 -0.00768933 0.03095919
v 0.02704895 -0.00758746 0.03157686
v 0.02701391 -0.00758215 0.03199676
v 0.02759178 -0.00738280 0.03292068
v 0.02750677 -0.00636196 0.03615441
v 0.02711606 -0.00637478 0.03623190
v 0.02666794 -0.00641571 0.03619352
v 0.02582761 -0.00674255 0.03523049
v 0.02759178 -0.00635447 0.03613670
v 0.02624814 -0.00641821 0.03619352
v 0.02579927 -0.00638227 0.03623337
v 0.02430129 -0.00672380 0.03515964
v 0.02540781 -0.00638165 0.03615958
v 0.02498877 -0.00635790 0.03609685
v 0.02465696 -0.00632822 0.03603486
v 0.01997437 -0.00650726 0.03323948
v 0.02121063 -0.00666412 0.03380992
v 0.02193986 -0.00667631 0.03424457
v 0.02437660 -0.00628791 0.03597583
v 0.02279213 -0.00667974 0.03467407
v 0.02247150 -0.00662287 0.03459880
v 0.02268774 -0.00629322 0.03514046
v 0.01997437 -0.00567641 0.03407632
v 0.02037105 -0.00578671 0.03423867
v 0.02058579 -0.00587358 0.03430140
v 0.02271831 -0.00584514 0.03554043
v 0.02299792 -0.00594826 0.03562013
v 0.02380321 -0.00595669 0.03605848
v 0.02434976 -0.00588170 0.03640753
v 0.02555843 -0.00469057 0.03769305
v 0.02553010 -0.00459902 0.03770929
v 0.02638683 -0.00459902 0.03810852
v 0.02459283 -0.00592607 0.03647690
v 0.02453616 -0.00592638 0.03645181
v 0.02456897 -0.00593388 0.03645919
v 0.02512895 -0.00592638 0.03670198
v 0.02550847 -0.00591326 0.03686580
v 0.02562032 -0.00592638 0.03688425
v 0.02590515 -0.00592607 0.03696690
v 0.02708698 -0.00592638 0.03716246
v 0.02708698 -0.00587983 0.03724659
v 0.02750677 -0.00550924 0.03772552
v 0.02639205 -0.00592607 0.03707612
v 0.02624814 -0.00597919 0.03697207
v 0.02563971 -0.00629135 0.03639868
v 0.02591932 -0.00630791 0.03642303
v 0.02624814 -0.00631509 0.03643557
v 0.02582761 -0.00594951 0.03691820
v 0.02759178 -0.00547549 0.03776906
v 0.02759178 -0.00532488 0.03793658
v 0.02759178 -0.00528270 0.03798307
v 0.02759178 -0.00738811 0.03283655
v 0.02759178 -0.00597857 0.03703701
v 0.02699527 -0.00630884 0.03642672
v 0.02666794 -0.00631541 0.03643926
v 0.02540781 -0.00627166 0.03636989
v 0.02498877 -0.00622385 0.03630643
v 0.02040609 -0.00639290 0.03366897
v 0.01997437 -0.00649476 0.03325645
v 0.02079159 -0.00635853 0.03395751
v 0.02056939 -0.00630353 0.03389331
v 0.02205171 -0.00651257 0.03451319
v 0.02163192 -0.00639446 0.03441357
v 0.02453691 -0.00616886 0.03618246
v 0.02414843 -0.00624479 0.03592269
v 0.02380917 -0.00634290 0.03563046
v 0.02296660 -0.00634853 0.03521204
v 0.02188469 -0.00626729 0.03469842
v 0.02136647 -0.00632697 0.03433756
v 0.02216430 -0.00634884 0.03477960
v 0.01997437 -0.00605450 0.03376048
v 0.02007205 -0.00592638 0.03394570
v 0.02009516 -0.00592638 0.03396046
v 0.02007578 -0.00593607 0.03394054
v 0.02040609 -0.00608043 0.03400474
v 0.02062531 -0.00592607 0.03427631
v 0.02418572 -0.00600638 0.03619647
v 0.02564716 -0.00459902 0.03776759
v 0.02498877 -0.00601419 0.03655069
v 0.02549580 -0.00592638 0.03684514
v 0.02708698 -0.00599700 0.03703332
v 0.02734050 -0.00592607 0.03716246
v 0.02750677 -0.00587951 0.03724659
v 0.02750677 -0.00571922 0.03745691
v 0.02666794 -0.00620229 0.03664958
v 0.02759178 -0.00550893 0.03772626
v 0.02759178 -0.00594482 0.03711523
v 0.02759178 -0.00592638 0.03715287
v 0.02759178 -0.00587920 0.03724585
v 0.02007205 -0.00634353 0.03352359
v 0.01997437 -0.00617323 0.03363945
v 0.02108686 -0.00624260 0.03425417
v 0.02028903 -0.00621542 0.03380328
v 0.01997437 -0.00611480 0.03370144
v 0.02759178 -0.00567672 0.03751078
f 2427 2428 2431
f 2427 2431 2437
f 2427 2437 2448
f 2427 2448 2467
f 2427 2467 2491
f 2427 2491 2537
f 2427 2537 2593
f 2427 2593 2636
f 2427 2636 2668
f 2427 2668 2671
f 2427 2671 2648
f 2427 2648 2600
f 2427 2600 2544
f 2427 2544 2496
f 2427 2496 2471
f 2427 2471 2453
f 2427 2453 2440
f 2427 2440 2433
f 2427 2433 2429
f 2427 2429 2434
f 2427 2434 2443
f 2427 2443 2442
f 2427 2442 2457
f 2427 2457 2480
f 2427 2480 2518
f 2427 2518 2576
f 2427 2576 2578
f 2427 2578 2521
f 2427 2521 2520
f 2427 2520 2482
f 2427 2482 2458
f 2427 2458 2444
f 2427 2444 2435
f 2427 2435 2430
f 2427 2430 2428
f 2428 2430 2432
f 2428 2432 2431
f 2429 2433 2434
f 2430 2435 2436
f 2430 2436 2432
f 2431 2432 2438
f 2431 2438 2437
f 2432 2436 2439
f 2432 2439 2438
f 2433 2440 2455
f 2433 2455 2475
f 2433 2475 2501
f 2433 2501 2551
f 2433 2551 2556
f 2433 2556 2608
f 2433 2608 2655
f 2433 2655 2609
f 2433 2609 2558
f 2433 2558 2505
f 2433 2505 2477
f 2433 2477 2456
f 2433 2456 2441
f 2433 2441 2442
f 2433 2442 2443
f 2433 2443 2434
f 2435 2444 2445
f 2435 2445 2436
f 2436 2446 2447
f 2436 2447 2439
f 2436 2445 2446
f 2437 2438 2449
f 2437 2449 2448
f 2438 2439 2450
f 2438 2450 2449
f 2439 2447 2451
f 2439 2451 2452
f 2439 2452 2450
f 2440 2453 2454
f 2440 2454 2455
f 2441 2456 2479
f 2441 2479 2516
f 2441 2516 2573
f 2441 2573 2628
f 2441 2628 2627
f 2441 2627 2626
f 2441 2626 2663
f 2441 2663 2672
f 2441 2672 2666
f 2441 2666 2665
f 2441 2665 2664
f 2441 2664 2630
f 2441 2630 2586
f 2441 2586 2528
f 2441 2528 2526
f 2441 2526 2581
f 2441 2581 2629
f 2441 2629 2577
f 2441 2577 2519
f 2441 2519 2481
f 2441 2481 2457
f 2441 2457 2442
f 2444 2458 2459
f 2444 2459 2445
f 2445 2459 2460
f 2445 2460 2446
f 2446 2461 2462
f 2446 2462 2463
f 2446 2463 2464
f 2446 2464 2447
f 2446 2460 2461
f 2447 2464 2465
f 2447 2465 2466
f 2447 2466 2451
f 2448 2449 2468
f 2448 2468 2467
f 2449 2450 2469
f 2449 2469 2468
f 2450 2452 2469
f 2451 2466 2470
f 2451 2470 2452
f 2452 2470 2469
f 2453 2471 2472
f 2453 2472 2473
f 2453 2473 2454
f 2454 2474 2475
f 2454 2475 2455
f 2454 2473 2476
f 2454 2476 2474
f 2456 2477 2478
f 2456 2478 2479
f 2457 2481 2480
f 2458 2482 2459
f 2459 2482 2483
f 2459 2483 2484
f 2459 2484 2460
f 2460 2484 2485
f 2460 2485 2461
f 2461 2486 2487
f 2461 2487 2488
f 2461 2488 2489
f 2461 2489 2464
f 2461 2464 2462
f 2461 2485 2486
f 2462 2464 2463
f 2464 2489 2465
f 2465 2470 2466
f 2465 2489 2490
f 2465 2490 2470
f 2467 2468 2492
f 2467 2492 2491
f 2468 2469 2492
f 2469 2470 2493
f 2469 2493 2494
f 2469 2494 2495
f 2469 2495 2492
f 2470 2490 2493
f 2471 2496 2472
f 2472 2496 2497
f 2472 2497 2473
f 2473 2498 2499
f 2473 2499 2476
f 2473 2497 2498
f 2474 2476 2500
f 2474 2500 2501
f 2474 2501 2475
f 2476 2502 2503
f 2476 2503 2500
f 2476 2499 2504
f 2476 2504 2502
f 2477 2505 2478
f 2478 2505 2506
f 2478 2506 2507
f 2478 2507 2508
f 2478 2508 2509
f 2478 2509 2510
f 2478 2510 2511
f 2478 2511 2512
f 2478 2512 2513
f 2478 2513 2514
f 2478 2514 2479
f 2479 2514 2515
f 2479 2515 2516
f 2480 2481 2517
f 2480 2517 2518
f 2481 2519 2517
f 2482 2520 2483
f 2483 2520 2521
f 2483 2521 2522
f 2483 2522 2523
f 2483 2523 2484
f 2484 2523 2524
f 2484 2524 2485
f 2485 2524 2525
f 2485 2525 2526
f 2485 2526 2527
f 2485 2527 2486
f 2486 2527 2528
f 2486 2528 2487
f 2487 2528 2529
f 2487 2529 2530
f 2487 2530 2488
f 2488 2531 2489
f 2488 2530 2532
f 2488 2532 2531
f 2489 2531 2490
f 2490 2531 2533
f 2490 2533 2534
f 2490 2534 2535
f 2490 2535 2493
f 2491 2536 2537
f 2491 2492 2538
f 2491 2538 2539
f 2491 2539 2540
f 2491 2540 2536
f 2492 2495 2541
f 2492 2541 2539
f 2492 2539 2538
f 2493 2535 2494
f 2494 2535 2542
f 2494 2542 2543
f 2494 2543 2495
f 2495 2543 2541
f 2496 2544 2545
f 2496 2545 2497
f 2497 2545 2546
f 2497 2546 2547
f 2497 2547 2498
f 2498 2547 2499
f 2499 2548 2549
f 2499 2549 2550
f 2499 2550 2504
f 2499 2547 2548
f 2500 2503 2501
f 2501 2503 2551
f 2502 2504 2552
f 2502 2552 2503
f 2503 2552 2553
f 2503 2553 2554
f 2503 2554 2555
f 2503 2555 2556
f 2503 2556 2551
f 2504 2550 2557
f 2504 2557 2552
f 2505 2558 2559
f 2505 2559 2506
f 2506 2559 2507
f 2507 2559 2508
f 2508 2559 2560
f 2508 2560 2561
f 2508 2561 2557
f 2508 2557 2562
f 2508 2562 2509
f 2509 2562 2550
f 2509 2550 2563
f 2509 2563 2564
f 2509 2564 2565
f 2509 2565 2510
f 2510 2566 2512
f 2510 2512 2511
f 2510 2565 2566
f 2512 2566 2567
f 2512 2567 2513
f 2513 2568 2569
f 2513 2569 2570
f 2513 2570 2514
f 2513 2567 2571
f 2513 2571 2568
f 2514 2570 2515
f 2515 2572 2573
f 2515 2573 2516
f 2515 2570 2569
f 2515 2569 2572
f 2517 2574 2579
f 2517 2579 2575
f 2517 2575 2576
f 2517 2576 2518
f 2517 2519 2574
f 2519 2577 2574
f 2521 2578 2522
f 2522 2575 2579
f 2522 2579 2523
f 2522 2578 2575
f 2523 2579 2580
f 2523 2580 2524
f 2524 2580 2525
f 2525 2580 2581
f 2525 2581 2526
f 2526 2528 2527
f 2528 2582 2583
f 2528 2583 2584
f 2528 2584 2585
f 2528 2585 2529
f 2528 2586 2582
f 2529 2585 2584
f 2529 2584 2587
f 2529 2587 2530
f 2530 2587 2588
f 2530 2588 2532
f 2531 2532 2589
f 2531 2589 2533
f 2532 2588 2590
f 2532 2590 2589
f 2533 2589 2591
f 2533 2591 2534
f 2534 2542 2535
f 2534 2591 2592
f 2534 2592 2542
f 2536 2593 2537
f 2536 2540 2594
f 2536 2594 2593
f 2539 2541 2540
f 2540 2541 2543
f 2540 2543 2595
f 2540 2595 2594
f 2542 2592 2596
f 2542 2596 2597
f 2542 2597 2543
f 2543 2597 2598
f 2543 2598 2599
f 2543 2599 2595
f 2544 2600 2601
f 2544 2601 2546
f 2544 2546 2545
f 2546 2601 2602
f 2546 2602 2547
f 2547 2602 2603
f 2547 2603 2548
f 2548 2603 2604
f 2548 2604 2605
f 2548 2605 2606
f 2548 2606 2549
f 2549 2606 2550
f 2550 2562 2557
f 2550 2606 2563
f 2552 2557 2553
f 2553 2557 2554
f 2554 2557 2607
f 2554 2607 2555
f 2555 2607 2608
f 2555 2608 2556
f 2557 2561 2607
f 2558 2609 2559
f 2559 2609 2607
f 2559 2607 2560
f 2560 2607 2561
f 2563 2606 2564
f 2564 2610 2565
f 2564 2606 2611
f 2564 2611 2610
f 2565 2610 2612
f 2565 2612 2613
f 2565 2613 2614
f 2565 2614 2566
f 2566 2614 2615
f 2566 2615 2567
f 2567 2615 2616
f 2567 2616 2571
f 2568 2617 2618
f 2568 2618 2619
f 2568 2619 2569
f 2568 2571 2620
f 2568 2620 2621
f 2568 2621 2622
f 2568 2622 2623
f 2568 2623 2624
f 2568 2624 2617
f 2569 2619 2572
f 2571 2616 2625
f 2571 2625 2620
f 2572 2619 2626
f 2572 2626 2627
f 2572 2627 2628
f 2572 2628 2573
f 2574 2580 2579
f 2574 2577 2580
f 2575 2578 2576
f 2577 2629 2580
f 2580 2629 2581
f 2582 2586 2630
f 2582 2630 2631
f 2582 2631 2583
f 2583 2631 2584
f 2584 2631 2632
f 2584 2632 2587
f 2587 2624 2623
f 2587 2623 2588
f 2587 2632 2624
f 2588 2623 2590
f 2589 2590 2591
f 2590 2623 2622
f 2590 2622 2591
f 2591 2622 2633
f 2591 2633 2592
f 2592 2633 2634
f 2592 2634 2596
f 2593 2635 2636
f 2593 2594 2635
f 2594 2595 2637
f 2594 2637 2638
f 2594 2638 2635
f 2595 2599 2639
f 2595 2639 2640
f 2595 2640 2637
f 2596 2641 2642
f 2596 2642 2643
f 2596 2643 2597
f 2596 2634 2641
f 2597 2643 2598
f 2598 2643 2644
f 2598 2644 2599
f 2599 2645 2646
f 2599 2646 2647
f 2599 2647 2639
f 2599 2644 2642
f 2599 2642 2605
f 2599 2605 2604
f 2599 2604 2602
f 2599 2602 2645
f 2600 2648 2649
f 2600 2649 2650
f 2600 2650 2601
f 2601 2650 2602
f 2602 2650 2651
f 2602 2651 2652
f 2602 2652 2653
f 2602 2653 2645
f 2602 2604 2603
f 2605 2642 2654
f 2605 2654 2606
f 2606 2654 2611
f 2607 2609 2655
f 2607 2655 2608
f 2610 2611 2612
f 2611 2654 2642
f 2611 2642 2612
f 2612 2656 2613
f 2612 2642 2641
f 2612 2641 2656
f 2613 2656 2614
f 2614 2656 2634
f 2614 2634 2657
f 2614 2657 2615
f 2615 2625 2616
f 2615 2657 2634
f 2615 2634 2625
f 2617 2658 2659
f 2617 2659 2660
f 2617 2660 2618
f 2617 2624 2658
f 2618 2660 2661
f 2618 2661 2619
f 2619 2661 2626
f 2620 2625 2621
f 2621 2625 2622
f 2622 2625 2633
f 2624 2632 2662
f 2624 2662 2658
f 2625 2634 2633
f 2626 2661 2663
f 2630 2664 2631
f 2631 2664 2665
f 2631 2665 2632
f 2632 2665 2666
f 2632 2666 2659
f 2632 2659 2658
f 2632 2658 2662
f 2634 2656 2641
f 2635 2638 2667
f 2635 2667 2636
f 2636 2667 2668
f 2637 2640 2638
f 2638 2640 2646
f 2638 2646 2645
f 2638 2645 2669
f 2638 2669 2652
f 2638 2652 2651
f 2638 2651 2670
f 2638 2670 2667
f 2639 2647 2640
f 2640 2647 2646
f 2642 2644 2643
f 2645 2653 2669
f 2648 2671 2670
f 2648 2670 2651
f 2648 2651 2649
f 2649 2651 2650
f 2652 2669 2653
f 2659 2666 2660
f 2660 2666 2661
f 2661 2666 2672
f 2661 2672 2663
f 2667 2671 2668
f 2667 2670 2671

o geometry_19
v -0.00050993 0.00326560 -0.00238073
v -0.00061722 0.00326560 -0.00236026
v -0.00050993 0.00440754 -0.00238073
v 0.00183493 0.00279598 -0.00193040
v 0.00183493 0.00273084 -0.00192958
v -0.00061722 0.00440754 -0.00236026
v -0.00090369 0.00326560 -0.00224809
v -0.00050993 0.00472013 -0.00235207
v 0.00183493 0.00314892 -0.00193040
v -0.00061722 0.00482757 -0.00232342
v 0.00190019 0.00273084 -0.00190830
v 0.00183493 0.00273084 -0.00146943
v -0.00236922 0.00326560 0.00009362
v -0.00236480 0.00326560 -0.00032723
v -0.00229069 0.00326560 -0.00074563
v -0.00216681 0.00326560 -0.00111244
v -0.00204294 0.00326560 -0.00132205
v -0.00183278 0.00326560 -0.00157014
v -0.00165249 0.00326560 -0.00177975
v -0.00144234 0.00326560 -0.00193941
v -0.00111384 0.00326560 -0.00214902
v -0.00090369 0.00440754 -0.00224809
v -0.00087382 0.00482757 -0.00223499
v -0.00050993 0.00482757 -0.00233979
v 0.00183493 0.00321601 -0.00192385
v 0.00213468 0.00338373 -0.00180513
v 0.00190130 0.00314892 -0.00190748
v -0.00083732 0.00504195 -0.00221943
v -0.00061722 0.00506383 -0.00225055
v -0.00050993 0.00500306 -0.00228575
v 0.00399950 0.00314892 -0.00106249
v 0.00609439 0.00273084 -0.00021751
v 0.00183604 0.00273084 -0.00145551
v -0.00240019 0.00440754 0.00009362
v -0.00236259 0.00326560 0.00016076
v -0.00233051 0.00326803 0.00051202
v -0.00238803 0.00440754 -0.00032723
v -0.00229401 0.00440754 -0.00074563
v -0.00216681 0.00440754 -0.00111244
v -0.00204404 0.00440754 -0.00132205
v -0.00183610 0.00440754 -0.00157178
v -0.00165249 0.00440754 -0.00178057
v -0.00144234 0.00440754 -0.00193941
v -0.00111384 0.00440754 -0.00214902
v -0.00108287 0.00482757 -0.00212118
v 0.00183383 0.00480472 -0.00153902
v 0.00183493 0.00359374 -0.00186162
v 0.00422514 0.00337887 -0.00096424
v 0.00631782 0.00337352 -0.00012171
v -0.00141248 0.00482757 -0.00191157
v -0.00133727 0.00506821 -0.00185426
v 0.00121222 0.00763503 0.00428578
v -0.00050993 0.00506918 -0.00225710
v 0.00632445 0.00314892 -0.00012499
v 0.00632335 0.00273084 -0.00012499
v -0.00203298 0.00326803 0.00279969
v 0.00779220 0.00273084 0.00279969
v 0.00755329 0.00280765 0.00576941
v -0.00236480 0.00482757 0.00009362
v -0.00234379 0.00440754 0.00051202
v -0.00202634 0.00472402 0.00279969
v -0.00202192 0.00482368 0.00279969
v -0.00234931 0.00482757 -0.00032723
v -0.00225419 0.00482757 -0.00074563
v -0.00214912 0.00482757 -0.00108378
v -0.00201750 0.00482757 -0.00129339
v -0.00180734 0.00482757 -0.00154148
v -0.00162152 0.00482757 -0.00175191
v 0.00183383 0.00499480 -0.00141539
v 0.00653350 0.00314892 -0.00002837
v 0.00684983 0.00347172 0.00022135
v 0.00691177 0.00314892 0.00018123
v -0.00173987 0.00506821 -0.00146697
v 0.00121222 0.00769725 0.00457891
v 0.00148099 0.00769725 0.00457891
v 0.00190130 0.00769093 0.00457891
v 0.00148099 0.00764135 0.00433655
v 0.00190130 0.00763843 0.00437257
v -0.00211594 0.00506286 -0.00102156
v 0.00232049 0.00762142 0.00441106
v 0.00274080 0.00758301 0.00446510
v 0.00302616 0.00758593 0.00457891
v 0.00180175 0.00507550 -0.00136626
v 0.00653350 0.00273084 -0.00002837
v 0.00121222 0.00725876 0.00457891
v -0.00202966 0.00440754 0.00279969
v 0.00777561 0.00280765 0.00590369
v 0.00791719 0.00280765 0.00598393
v 0.00822578 0.00273084 0.00279969
v -0.00219336 0.00508425 0.00009362
v -0.00218672 0.00508425 -0.00032723
v -0.00186154 0.00522474 0.00279969
v -0.00213584 0.00507404 0.00093206
v -0.00216460 0.00508425 0.00051202
v -0.00214691 0.00507987 -0.00074563
v 0.00735531 0.00347901 0.00061273
v 0.00758426 0.00340220 0.00070116
v 0.00690846 0.00273084 0.00017960
v 0.00711971 0.00314892 0.00032861
v 0.00730996 0.00647169 0.00598393
v 0.00824016 0.00647169 0.00598393
v 0.00232049 0.00766954 0.00457891
v 0.00274080 0.00762287 0.00457891
v 0.00347744 0.00748384 0.00457891
v 0.00357920 0.00745613 0.00457891
v 0.00399840 0.00733945 0.00457891
v 0.00411896 0.00730494 0.00457891
v 0.00434238 0.00723931 0.00457891
v 0.00483901 0.00709104 0.00457891
v 0.00492639 0.00706090 0.00457891
v 0.00525710 0.00693985 0.00457891
v 0.00726793 0.00651642 0.00530189
v 0.00797470 0.00647169 0.00576696
v 0.00816163 0.00647169 0.00591679
v 0.00889495 0.00280765 0.00598393
v 0.00823795 0.00273084 0.00260728
v 0.00759311 0.00314892 0.00068970
v 0.00735531 0.00314892 0.00050711
v 0.00803996 0.00346151 0.00146426
v 0.00806651 0.00314892 0.00141677
v 0.00711971 0.00273084 0.00033353
v 0.00759200 0.00273084 0.00068970
v 0.00858967 0.00607452 0.00598393
v 0.00822910 0.00273084 0.00218725
v 0.00818375 0.00273084 0.00176885
v 0.00889827 0.00524710 0.00598393
v 0.00806540 0.00273084 0.00141596
v 0.00860295 0.00605847 0.00598393
v 0.00861069 0.00604535 0.00598393
v 0.00883190 0.00564817 0.00598393
v 0.00888168 0.00541337 0.00598393
v 0.00818375 0.00314892 0.00177131
f 2673 2674 2678
f 2673 2678 2675
f 2673 2675 2681
f 2673 2681 2676
f 2673 2676 2677
f 2673 2677 2674
f 2674 2677 2679
f 2674 2679 2694
f 2674 2694 2678
f 2675 2680 2681
f 2675 2678 2682
f 2675 2682 2680
f 2676 2681 2683
f 2676 2683 2677
f 2677 2683 2704
f 2677 2704 2727
f 2677 2727 2756
f 2677 2756 2770
f 2677 2770 2793
f 2677 2793 2794
f 2677 2794 2799
f 2677 2799 2797
f 2677 2797 2796
f 2677 2796 2788
f 2677 2788 2761
f 2677 2761 2729
f 2677 2729 2705
f 2677 2705 2684
f 2677 2684 2685
f 2677 2685 2686
f 2677 2686 2687
f 2677 2687 2688
f 2677 2688 2689
f 2677 2689 2690
f 2677 2690 2691
f 2677 2691 2692
f 2677 2692 2693
f 2677 2693 2679
f 2678 2694 2695
f 2678 2695 2682
f 2679 2693 2716
f 2679 2716 2694
f 2680 2682 2696
f 2680 2696 2697
f 2680 2697 2681
f 2681 2697 2698
f 2681 2698 2699
f 2681 2699 2683
f 2682 2695 2700
f 2682 2700 2701
f 2682 2701 2702
f 2682 2702 2696
f 2683 2699 2703
f 2683 2703 2704
f 2684 2705 2685
f 2685 2706 2686
f 2685 2705 2707
f 2685 2707 2708
f 2685 2708 2706
f 2686 2706 2709
f 2686 2709 2687
f 2687 2709 2710
f 2687 2710 2688
f 2688 2711 2712
f 2688 2712 2689
f 2688 2710 2711
f 2689 2712 2713
f 2689 2713 2690
f 2690 2713 2691
f 2691 2713 2714
f 2691 2714 2692
f 2692 2714 2715
f 2692 2715 2716
f 2692 2716 2693
f 2694 2716 2695
f 2695 2716 2717
f 2695 2717 2700
f 2696 2702 2718
f 2696 2718 2719
f 2696 2719 2697
f 2697 2719 2698
f 2698 2719 2718
f 2698 2718 2720
f 2698 2720 2699
f 2699 2720 2721
f 2699 2721 2703
f 2700 2717 2722
f 2700 2722 2723
f 2700 2723 2724
f 2700 2724 2701
f 2701 2724 2725
f 2701 2725 2702
f 2702 2725 2718
f 2703 2721 2726
f 2703 2726 2704
f 2704 2726 2727
f 2705 2728 2707
f 2705 2729 2730
f 2705 2730 2728
f 2706 2731 2709
f 2706 2708 2728
f 2706 2728 2732
f 2706 2732 2733
f 2706 2733 2734
f 2706 2734 2731
f 2707 2728 2708
f 2709 2731 2735
f 2709 2735 2710
f 2710 2735 2736
f 2710 2736 2737
f 2710 2737 2711
f 2711 2737 2712
f 2712 2737 2738
f 2712 2738 2713
f 2713 2739 2714
f 2713 2738 2739
f 2714 2739 2740
f 2714 2740 2722
f 2714 2722 2715
f 2715 2722 2716
f 2716 2722 2717
f 2718 2725 2741
f 2718 2741 2721
f 2718 2721 2720
f 2721 2742 2726
f 2721 2741 2743
f 2721 2743 2744
f 2721 2744 2742
f 2722 2740 2723
f 2723 2740 2745
f 2723 2745 2724
f 2724 2746 2747
f 2724 2747 2748
f 2724 2748 2749
f 2724 2749 2750
f 2724 2750 2725
f 2724 2745 2751
f 2724 2751 2746
f 2725 2750 2752
f 2725 2752 2753
f 2725 2753 2754
f 2725 2754 2755
f 2725 2755 2741
f 2726 2742 2756
f 2726 2756 2727
f 2728 2757 2746
f 2728 2746 2758
f 2728 2758 2732
f 2728 2730 2759
f 2728 2759 2760
f 2728 2760 2757
f 2729 2761 2787
f 2729 2787 2760
f 2729 2760 2759
f 2729 2759 2730
f 2731 2762 2763
f 2731 2763 2735
f 2731 2734 2764
f 2731 2764 2765
f 2731 2765 2766
f 2731 2766 2762
f 2732 2758 2733
f 2733 2758 2746
f 2733 2746 2734
f 2734 2746 2764
f 2735 2763 2767
f 2735 2767 2751
f 2735 2751 2736
f 2736 2751 2737
f 2737 2751 2738
f 2738 2751 2745
f 2738 2745 2739
f 2739 2745 2740
f 2741 2755 2743
f 2742 2744 2756
f 2743 2768 2769
f 2743 2769 2744
f 2743 2755 2768
f 2744 2770 2756
f 2744 2769 2771
f 2744 2771 2770
f 2746 2757 2772
f 2746 2772 2773
f 2746 2773 2747
f 2746 2751 2767
f 2746 2767 2763
f 2746 2763 2762
f 2746 2762 2764
f 2747 2773 2748
f 2748 2774 2750
f 2748 2750 2749
f 2748 2773 2774
f 2750 2774 2752
f 2752 2774 2775
f 2752 2775 2754
f 2752 2754 2753
f 2754 2775 2773
f 2754 2773 2776
f 2754 2776 2755
f 2755 2776 2777
f 2755 2777 2778
f 2755 2778 2779
f 2755 2779 2780
f 2755 2780 2781
f 2755 2781 2782
f 2755 2782 2783
f 2755 2783 2784
f 2755 2784 2785
f 2755 2785 2786
f 2755 2786 2768
f 2757 2760 2772
f 2760 2787 2798
f 2760 2798 2803
f 2760 2803 2802
f 2760 2802 2801
f 2760 2801 2800
f 2760 2800 2795
f 2760 2795 2773
f 2760 2773 2772
f 2761 2788 2787
f 2762 2766 2764
f 2764 2766 2765
f 2768 2786 2773
f 2768 2773 2769
f 2769 2789 2790
f 2769 2790 2771
f 2769 2773 2791
f 2769 2791 2792
f 2769 2792 2789
f 2770 2771 2793
f 2771 2790 2794
f 2771 2794 2793
f 2773 2795 2791
f 2773 2786 2782
f 2773 2782 2781
f 2773 2781 2780
f 2773 2780 2779
f 2773 2779 2778
f 2773 2778 2777
f 2773 2777 2776
f 2773 2775 2774
f 2782 2786 2783
f 2783 2786 2785
f 2783 2785 2784
f 2787 2788 2796
f 2787 2796 2797
f 2787 2797 2798
f 2789 2794 2790
f 2789 2792 2799
f 2789 2799 2794
f 2791 2795 2800
f 2791 2800 2801
f 2791 2801 2802
f 2791 2802 2803
f 2791 2803 2804
f 2791 2804 2792
f 2792 2804 2797
f 2792 2797 2799
f 2797 2804 2798
f 2798 2804 2803

o geometry_20
v 0.00449010 -0.00403416 0.02276522
v 0.00425611 0.00365364 0.02276522
v 0.00382974 -0.00403416 0.02276522
v -0.00377453 -0.00403416 0.00847010
v -0.00319649 0.00491639 0.00847010
v 0.00235365 0.00403396 0.01989108
v 0.00362997 0.00365364 0.02276522
v -0.00265267 0.00491639 0.00965809
v -0.00431743 -0.00403416 0.00847010
v -0.00381153 0.00491639 0.00847010
v 0.00174786 0.00403396 0.01989108
v -0.00327695 0.00491639 0.00965809
v 0.00334604 -0.00340059 0.02258051
v 0.00247481 -0.00403416 0.02094894
v 0.00216590 0.00363699 0.02078663
v 0.00253030 0.00365364 0.02129597
v 0.00340708 0.00314802 0.02276522
v -0.00342725 0.00470236 0.00965809
v -0.00208295 0.00403483 0.01320668
v -0.00043021 0.00403396 0.01629771
v 0.00002391 0.00403396 0.01707432
v 0.00128265 0.00403396 0.01917185
v 0.00340338 -0.00314734 0.02276522
v 0.00247481 -0.00346281 0.02136453
v -0.00461894 -0.00337869 0.00847010
v -0.00378008 -0.00403416 0.00965809
v -0.00424576 0.00422050 0.00847010
v 0.00326835 0.00272739 0.02276522
v -0.00377361 0.00421009 0.00955454
v -0.00335557 0.00379998 0.01081670
v -0.00046165 0.00390076 0.01634949
v 0.00011339 0.00378049 0.01741294
v 0.00231342 -0.00314734 0.02129527
v 0.00209839 -0.00337781 0.02088598
v 0.00320176 -0.00232362 0.02276522
v -0.00423882 -0.00347070 0.00923411
v -0.00469571 -0.00313508 0.00847010
v -0.00416391 -0.00331384 0.00951256
v -0.00091484 -0.00379493 0.01557008
v 0.00176728 -0.00403416 0.01989108
v -0.00047737 -0.00379493 0.01638167
v 0.00129653 0.00350204 0.01956785
v 0.00167850 0.00296574 0.02046899
v 0.00316106 0.00211617 0.02276522
v 0.00253030 0.00293595 0.02170876
v 0.00208914 0.00221212 0.02131975
v -0.00333800 0.00403483 0.01064599
v -0.00255926 0.00307441 0.01300099
v -0.00213844 0.00306915 0.01382937
v -0.00084917 0.00299291 0.01629351
v 0.00209099 -0.00217903 0.02131696
v 0.00184867 -0.00283888 0.02073555
v 0.00125861 -0.00338132 0.01962942
v -0.00087969 -0.00346632 0.01593250
v -0.00492785 -0.00187933 0.00847010
v -0.00118351 -0.00315523 0.01555049
v -0.00383558 -0.00277667 0.01052145
v 0.00131132 -0.00379493 0.01937754
v -0.00044685 -0.00343828 0.01673989
v 0.00207157 0.00188877 0.02134354
v -0.00424159 0.00390777 0.00881992
v -0.00376899 0.00378509 0.00996453
v -0.00380875 0.00305250 0.01046688
v -0.00259533 0.00272213 0.01312553
v -0.00213243 0.00262574 0.01406305
v -0.00088247 0.00272827 0.01635648
v -0.00040893 0.00294033 0.01709531
v 0.00084889 0.00293946 0.01919284
v 0.00312684 -0.00185655 0.02276522
v 0.00207249 -0.00188810 0.02134214
v 0.00122901 -0.00188810 0.02009258
v 0.00124843 -0.00219217 0.02006320
v 0.00119895 -0.00293703 0.01972107
v -0.00049587 -0.00314647 0.01681964
v -0.00461247 -0.00212645 0.00913196
v -0.00084177 -0.00299224 0.01627952
v -0.00260920 -0.00232888 0.01320668
v 0.00105560 0.00272827 0.01961192
v 0.00124751 0.00222877 0.02006599
v 0.00122809 0.00188877 0.02009398
v 0.00310465 0.00150320 0.02276522
v -0.00469478 0.00313662 0.00847010
v -0.00462449 0.00299028 0.00874156
v -0.00383743 0.00269935 0.01059981
v -0.00378055 0.00242419 0.01082720
v -0.00254353 0.00230764 0.01338719
v -0.00082790 0.00210083 0.01667412
v 0.00206139 -0.00146835 0.02135894
v 0.00121652 -0.00125803 0.02011147
v 0.00076010 -0.00188810 0.01934116
v 0.00043362 -0.00208439 0.01877025
v -0.00447605 -0.00188722 0.00946919
v -0.00211809 -0.00219217 0.01421277
v -0.00379211 -0.00222109 0.01085168
v -0.00082420 -0.00208439 0.01667132
v -0.00025910 -0.00267721 0.01740385
v 0.00043085 0.00209996 0.01877305
v 0.00206232 0.00146814 0.02135754
v 0.00075548 0.00167846 0.01935026
v 0.00121652 0.00125827 0.02011147
v -0.00480207 0.00271425 0.00847010
v -0.00420552 0.00221826 0.01000092
v -0.00256758 0.00188789 0.01343477
v 0.00309956 -0.00126154 0.02276522
v 0.00074854 -0.00125803 0.01936005
v -0.00381430 -0.00188634 0.01089646
v -0.00495189 -0.00148850 0.00847010
v -0.00382448 -0.00146747 0.01092025
v -0.00213936 -0.00188634 0.01425195
v -0.00256666 -0.00188634 0.01343337
v 0.00205954 0.00104839 0.02136173
v 0.00074715 0.00104839 0.01936215
v -0.00464807 0.00222001 0.00903261
v -0.00381430 0.00188789 0.01089926
v -0.00257683 0.00146814 0.01345296
v -0.00128386 0.00146814 0.01590171
v -0.00084547 0.00125827 0.01670420
v -0.00084547 -0.00125803 0.01670490
v -0.00341291 -0.00104597 0.01177381
v -0.00160965 -0.00146703 0.01529232
v -0.00257775 -0.00146659 0.01345436
v -0.00492970 0.00188526 0.00847010
v -0.00382355 0.00146814 0.01092025
v -0.00495513 0.00125914 0.00847010
v -0.00257960 0.00104839 0.01345856
v -0.00128756 0.00104839 0.01590871
v -0.00382540 0.00104839 0.01092585
v -0.00215231 -0.00104772 0.01427714
v -0.00128756 -0.00104860 0.01590871
f 2805 2806 2811
f 2805 2811 2821
f 2805 2821 2832
f 2805 2832 2848
f 2805 2848 2885
f 2805 2885 2908
f 2805 2908 2873
f 2805 2873 2839
f 2805 2839 2827
f 2805 2827 2807
f 2805 2807 2818
f 2805 2818 2844
f 2805 2844 2830
f 2805 2830 2813
f 2805 2813 2808
f 2805 2808 2809
f 2805 2809 2806
f 2806 2810 2815
f 2806 2815 2811
f 2806 2809 2812
f 2806 2812 2810
f 2808 2813 2829
f 2808 2829 2841
f 2808 2841 2859
f 2808 2859 2911
f 2808 2911 2928
f 2808 2928 2926
f 2808 2926 2905
f 2808 2905 2886
f 2808 2886 2831
f 2808 2831 2814
f 2808 2814 2809
f 2809 2814 2816
f 2809 2816 2812
f 2810 2812 2816
f 2810 2816 2815
f 2807 2817 2818
f 2815 2819 2820
f 2815 2820 2811
f 2816 2814 2822
f 2816 2822 2823
f 2816 2823 2824
f 2816 2824 2825
f 2816 2825 2826
f 2816 2826 2815
f 2807 2827 2817
f 2817 2828 2818
f 2814 2831 2822
f 2811 2820 2821
f 2823 2822 2833
f 2823 2835 2824
f 2824 2835 2825
f 2825 2835 2836
f 2825 2836 2826
f 2817 2827 2837
f 2817 2837 2828
f 2828 2837 2838
f 2828 2838 2818
f 2827 2839 2837
f 2813 2830 2840
f 2813 2840 2829
f 2829 2840 2842
f 2829 2842 2841
f 2830 2844 2845
f 2830 2845 2843
f 2815 2846 2819
f 2819 2847 2820
f 2819 2846 2847
f 2832 2821 2849
f 2832 2850 2848
f 2821 2820 2849
f 2833 2851 2823
f 2823 2851 2834
f 2834 2852 2823
f 2823 2853 2835
f 2826 2846 2815
f 2826 2836 2846
f 2837 2855 2856
f 2838 2857 2818
f 2830 2843 2858
f 2830 2858 2840
f 2842 2840 2858
f 2842 2858 2860
f 2842 2860 2861
f 2843 2845 2858
f 2844 2857 2862
f 2844 2862 2845
f 2845 2863 2858
f 2831 2833 2822
f 2847 2849 2820
f 2832 2849 2850
f 2850 2864 2848
f 2833 2831 2865
f 2851 2833 2866
f 2851 2866 2834
f 2834 2866 2867
f 2834 2867 2852
f 2852 2868 2853
f 2852 2853 2823
f 2852 2867 2868
f 2853 2868 2869
f 2853 2869 2854
f 2853 2854 2835
f 2854 2870 2871
f 2854 2871 2835
f 2854 2869 2870
f 2835 2871 2836
f 2836 2871 2872
f 2836 2872 2846
f 2837 2839 2855
f 2855 2839 2873
f 2855 2873 2874
f 2855 2874 2875
f 2855 2875 2876
f 2855 2876 2856
f 2818 2857 2844
f 2837 2856 2838
f 2838 2877 2857
f 2857 2877 2878
f 2857 2878 2863
f 2841 2842 2879
f 2859 2841 2879
f 2842 2861 2879
f 2858 2880 2860
f 2858 2863 2880
f 2861 2860 2881
f 2862 2857 2863
f 2862 2863 2845
f 2863 2878 2880
f 2846 2872 2847
f 2847 2872 2882
f 2847 2883 2850
f 2847 2850 2849
f 2850 2883 2884
f 2850 2884 2864
f 2864 2885 2848
f 2833 2865 2866
f 2865 2831 2886
f 2865 2886 2866
f 2866 2886 2887
f 2866 2887 2867
f 2867 2888 2868
f 2867 2887 2888
f 2868 2888 2889
f 2869 2868 2890
f 2870 2891 2871
f 2870 2869 2891
f 2871 2882 2872
f 2873 2892 2874
f 2874 2892 2893
f 2874 2893 2875
f 2876 2875 2894
f 2876 2894 2895
f 2876 2895 2877
f 2876 2877 2856
f 2856 2877 2838
f 2879 2896 2859
f 2860 2880 2897
f 2860 2897 2881
f 2861 2881 2898
f 2861 2898 2879
f 2878 2899 2880
f 2878 2900 2899
f 2882 2883 2847
f 2883 2882 2901
f 2864 2884 2902
f 2864 2902 2885
f 2883 2901 2903
f 2883 2903 2884
f 2884 2903 2904
f 2884 2904 2902
f 2886 2905 2887
f 2888 2906 2889
f 2888 2887 2905
f 2888 2905 2906
f 2868 2889 2890
f 2869 2890 2891
f 2891 2890 2907
f 2871 2891 2882
f 2873 2908 2892
f 2875 2893 2894
f 2894 2893 2909
f 2895 2894 2899
f 2895 2900 2877
f 2877 2900 2878
f 2879 2898 2910
f 2879 2910 2896
f 2859 2896 2911
f 2896 2910 2912
f 2896 2912 2911
f 2897 2913 2914
f 2897 2914 2881
f 2881 2914 2898
f 2899 2900 2895
f 2901 2882 2891
f 2902 2904 2915
f 2901 2891 2903
f 2903 2891 2921
f 2904 2903 2916
f 2902 2915 2885
f 2906 2905 2917
f 2889 2906 2918
f 2889 2918 2890
f 2906 2917 2918
f 2890 2918 2907
f 2907 2919 2920
f 2907 2920 2891
f 2891 2920 2921
f 2908 2885 2915
f 2908 2915 2892
f 2892 2915 2893
f 2893 2915 2904
f 2893 2904 2916
f 2893 2916 2909
f 2909 2922 2894
f 2894 2922 2899
f 2898 2914 2910
f 2880 2899 2897
f 2897 2899 2913
f 2913 2924 2925
f 2913 2925 2914
f 2914 2912 2910
f 2914 2925 2912
f 2899 2922 2924
f 2899 2924 2913
f 2903 2921 2916
f 2916 2921 2922
f 2916 2922 2909
f 2905 2926 2917
f 2917 2926 2918
f 2918 2926 2928
f 2918 2928 2927
f 2918 2927 2907
f 2907 2927 2919
f 2919 2929 2930
f 2919 2930 2920
f 2920 2930 2921
f 2912 2925 2923
f 2911 2912 2928
f 2912 2923 2931
f 2923 2925 2929
f 2923 2929 2931
f 2912 2931 2928
f 2924 2933 2932
f 2924 2932 2925
f 2922 2933 2924
f 2927 2931 2929
f 2927 2929 2919
f 2927 2928 2931
f 2929 2925 2932
f 2929 2932 2930
f 2930 2932 2933
f 2930 2933 2922
f 2930 2922 2921

o geometry_21
v 0.01280561 -0.00578221 0.01554970
v 0.01385956 -0.00544829 0.01752962
v 0.01382064 -0.00391476 0.01554970
v 0.01361981 -0.00578221 0.01554970
v 0.01440599 -0.00655633 0.01989315
v 0.01443712 -0.00649063 0.01989315
v 0.01446826 -0.00643102 0.01989315
v 0.01466441 -0.00626765 0.02011291
v 0.01546616 -0.00288823 0.01593330
v 0.01533850 -0.00288823 0.01562462
v 0.01533072 -0.00288823 0.01559665
v 0.01531826 -0.00288823 0.01554970
v 0.01487302 -0.00519982 0.01554970
v 0.01476405 -0.00550287 0.01577946
v 0.01479051 -0.00578221 0.01617304
v 0.01785270 -0.00655633 0.02004898
v 0.01753823 -0.00655633 0.01989315
v 0.01457412 -0.00655633 0.02024777
v 0.01965702 -0.00288823 0.01967637
v 0.01854859 -0.00288823 0.01880229
v 0.01849566 -0.00288823 0.01876033
v 0.01757404 -0.00288823 0.01799214
v 0.01647495 -0.00288823 0.01700817
v 0.01463328 -0.00655633 0.02034367
v 0.02760128 -0.00380597 0.02575500
v 0.01587248 -0.00288823 0.01554970
v 0.01499289 -0.00508421 0.01554970
v 0.02514623 -0.00540592 0.02343743
v 0.02486601 -0.00552836 0.02332555
v 0.02563195 -0.00588777 0.02421961
v 0.02437407 -0.00630500 0.02379805
v 0.01809556 -0.00655633 0.02020782
v 0.02449083 -0.00635670 0.02397587
v 0.01982048 -0.00288823 0.01977527
v 0.01490727 -0.00655633 0.02048353
v 0.02499056 -0.00635670 0.02575500
v 0.02870971 -0.00380597 0.02575500
v 0.02001508 -0.00288823 0.01989215
v 0.01640023 -0.00288823 0.01581942
v 0.01581955 -0.00353381 0.01554970
v 0.01508630 -0.00499337 0.01554970
v 0.02497655 -0.00523681 0.02318869
v 0.02526455 -0.00512622 0.02333054
v 0.02606629 -0.00548527 0.02420463
v 0.02591062 -0.00576498 0.02433049
v 0.02607096 -0.00591111 0.02461120
v 0.02579386 -0.00597682 0.02445836
v 0.02558836 -0.00627735 0.02467114
v 0.02552765 -0.00635670 0.02473507
v 0.02531125 -0.00635670 0.02457624
v 0.01822011 -0.00655633 0.02029572
v 0.01997616 -0.00655633 0.02305084
v 0.02673571 -0.00635670 0.02575500
v 0.02866301 -0.00395498 0.02575500
v 0.02858517 -0.00380597 0.02563113
v 0.02099429 -0.00288823 0.01969535
v 0.02117644 -0.00288823 0.01989215
v 0.01639089 -0.00295716 0.01582841
v 0.01572770 -0.00391010 0.01554970
v 0.01581488 -0.00356612 0.01554970
v 0.02095226 -0.00288823 0.01965440
v 0.02652243 -0.00380597 0.02375610
v 0.02557591 -0.00380597 0.02300988
v 0.02537664 -0.00380597 0.02285604
v 0.01526689 -0.00476034 0.01554970
v 0.02510265 -0.00482784 0.02303585
v 0.02624688 -0.00485046 0.02393491
v 0.02599468 -0.00500557 0.02382802
v 0.02646327 -0.00504866 0.02422261
v 0.02622197 -0.00521131 0.02413770
v 0.02722610 -0.00537253 0.02513265
v 0.02694743 -0.00552800 0.02501378
v 0.02709066 -0.00567342 0.02527451
v 0.02695366 -0.00593948 0.02541636
v 0.02676996 -0.00621918 0.02558818
v 0.02648974 -0.00631792 0.02546231
v 0.02657225 -0.00635670 0.02559717
v 0.01997616 -0.00655633 0.02165929
v 0.01925692 -0.00655633 0.02107690
v 0.02685091 -0.00628166 0.02575500
v 0.02864900 -0.00398837 0.02575500
v 0.02776007 -0.00430973 0.02501678
v 0.02760907 -0.00398837 0.02474706
v 0.02763709 -0.00380597 0.02472109
v 0.01571057 -0.00396467 0.01554970
v 0.02650531 -0.00391261 0.02376908
v 0.02533305 -0.00398837 0.02286803
v 0.01547083 -0.00443324 0.01554970
v 0.02518360 -0.00460343 0.02297492
v 0.02610677 -0.00472587 0.02376009
v 0.02640256 -0.00440811 0.02385499
v 0.02726035 -0.00456609 0.02467314
v 0.02742225 -0.00482784 0.02495185
v 0.02733974 -0.00509318 0.02502876
v 0.02809790 -0.00500845 0.02575500
v 0.02735375 -0.00553841 0.02541236
v 0.02757170 -0.00559012 0.02575500
v 0.02754057 -0.00562064 0.02575500
v 0.02855559 -0.00420560 0.02575500
v 0.02770092 -0.00458943 0.02508271
v 0.02752033 -0.00443791 0.02484496
v 0.02733819 -0.00428603 0.02461520
v 0.02645393 -0.00419231 0.02381104
v 0.01569656 -0.00399483 0.01554970
v 0.02525988 -0.00432337 0.02292097
v 0.01556423 -0.00426700 0.01554970
v 0.02825357 -0.00479984 0.02575500
v 0.02847152 -0.00438764 0.02575500
v 0.01566542 -0.00406162 0.01554970
f 2934 2935 2936
f 2934 2936 2945
f 2934 2945 2959
f 2934 2959 2973
f 2934 2973 2993
f 2934 2993 2992
f 2934 2992 3018
f 2934 3018 3037
f 2934 3037 3042
f 2934 3042 3039
f 2934 3039 3021
f 2934 3021 2998
f 2934 2998 2974
f 2934 2974 2960
f 2934 2960 2946
f 2934 2946 2937
f 2934 2937 2950
f 2934 2950 2938
f 2934 2938 2935
f 2935 2938 2939
f 2935 2939 2940
f 2935 2940 2941
f 2935 2941 2936
f 2936 2941 2942
f 2936 2942 2943
f 2936 2943 2944
f 2936 2944 2945
f 2937 2946 2947
f 2937 2947 2948
f 2937 2948 2949
f 2937 2949 2950
f 2938 2951 2939
f 2938 2950 2949
f 2938 2949 2965
f 2938 2965 2984
f 2938 2984 3012
f 2938 3012 3011
f 2938 3011 2985
f 2938 2985 2968
f 2938 2968 2957
f 2938 2957 2951
f 2939 2951 2940
f 2940 2951 2941
f 2941 2952 2953
f 2941 2953 2954
f 2941 2954 2955
f 2941 2955 2956
f 2941 2956 2942
f 2941 2951 2957
f 2941 2957 2958
f 2941 2958 2952
f 2942 2956 2955
f 2942 2955 2954
f 2942 2954 2953
f 2942 2953 2952
f 2942 2952 2967
f 2942 2967 2971
f 2942 2971 2990
f 2942 2990 2989
f 2942 2989 2994
f 2942 2994 2972
f 2942 2972 2959
f 2942 2959 2945
f 2942 2945 2944
f 2942 2944 2943
f 2946 2960 2961
f 2946 2961 2962
f 2946 2962 2963
f 2946 2963 2947
f 2947 2963 2964
f 2947 2964 2948
f 2948 2965 2949
f 2948 2964 2966
f 2948 2966 2965
f 2952 2958 2967
f 2957 2968 2969
f 2957 2969 2958
f 2958 2969 2986
f 2958 2986 3013
f 2958 3013 3031
f 2958 3031 3030
f 2958 3030 3028
f 2958 3028 3040
f 2958 3040 3041
f 2958 3041 3032
f 2958 3032 3014
f 2958 3014 2987
f 2958 2987 2970
f 2958 2970 2990
f 2958 2990 2971
f 2958 2971 2967
f 2959 2972 2973
f 2960 2974 2961
f 2961 2974 2975
f 2961 2975 2976
f 2961 2976 2977
f 2961 2977 2962
f 2962 2977 2963
f 2963 2977 2978
f 2963 2978 2979
f 2963 2979 2980
f 2963 2980 2981
f 2963 2981 2964
f 2964 2981 2982
f 2964 2982 2983
f 2964 2983 2966
f 2965 2966 2984
f 2966 2983 2984
f 2968 2985 2969
f 2969 2985 2986
f 2970 2987 2988
f 2970 2988 2989
f 2970 2989 2990
f 2972 2991 2992
f 2972 2992 2993
f 2972 2993 2973
f 2972 2994 2995
f 2972 2995 2996
f 2972 2996 2997
f 2972 2997 2991
f 2974 2998 2976
f 2974 2976 2975
f 2976 2999 3000
f 2976 3000 3001
f 2976 3001 3002
f 2976 3002 3003
f 2976 3003 2977
f 2976 2998 2999
f 2977 3003 3002
f 2977 3002 3004
f 2977 3004 3005
f 2977 3005 3006
f 2977 3006 2978
f 2978 3006 2979
f 2979 3006 3007
f 2979 3007 3008
f 2979 3008 3009
f 2979 3009 2980
f 2980 3009 2981
f 2981 3009 2982
f 2982 3009 3010
f 2982 3010 3011
f 2982 3011 3012
f 2982 3012 2984
f 2982 2984 2983
f 2985 3011 2986
f 2986 3011 3010
f 2986 3010 3013
f 2987 3014 3015
f 2987 3015 3016
f 2987 3016 2988
f 2988 3016 3017
f 2988 3017 2994
f 2988 2994 2989
f 2991 2997 2992
f 2992 2997 3018
f 2994 3017 2995
f 2995 3017 3019
f 2995 3019 2996
f 2996 3019 3020
f 2996 3020 2997
f 2997 3020 3018
f 2998 3021 3022
f 2998 3022 2999
f 2999 3022 3000
f 3000 3022 3023
f 3000 3023 3024
f 3000 3024 3025
f 3000 3025 3002
f 3000 3002 3001
f 3002 3025 3026
f 3002 3026 3027
f 3002 3027 3004
f 3004 3027 3028
f 3004 3028 3029
f 3004 3029 3006
f 3004 3006 3005
f 3006 3029 3007
f 3007 3029 3030
f 3007 3030 3031
f 3007 3031 3013
f 3007 3013 3008
f 3008 3013 3009
f 3009 3013 3010
f 3014 3032 3015
f 3015 3032 3033
f 3015 3033 3034
f 3015 3034 3016
f 3016 3034 3035
f 3016 3035 3036
f 3016 3036 3019
f 3016 3019 3017
f 3018 3020 3038
f 3018 3038 3037
f 3019 3036 3020
f 3020 3036 3038
f 3021 3039 3022
f 3022 3038 3024
f 3022 3024 3023
f 3022 3039 3038
f 3024 3038 3036
f 3024 3036 3035
f 3024 3035 3025
f 3025 3035 3034
f 3025 3034 3033
f 3025 3033 3026
f 3026 3033 3027
f 3027 3033 3040
f 3027 3040 3028
f 3028 3030 3029
f 3032 3041 3033
f 3033 3041 3040
f 3037 3038 3042
f 3038 3039 3042

o geometry_22
v 0.02759210 -0.00647707 0.03568577
v 0.03121652 -0.00594310 0.03568535
v 0.02996895 -0.00639907 0.03568577
v 0.02759210 -0.00603569 0.03568577
v 0.03033542 -0.00632423 0.03568577
v 0.03002688 -0.00637497 0.03573859
v 0.02759210 -0.00635341 0.03613727
v 0.03265982 -0.00382180 0.03568535
v 0.02759210 0.00000035 0.03881823
v 0.03112444 -0.00590124 0.03607313
v 0.03088481 -0.00596656 0.03620561
v 0.03075737 -0.00591519 0.03646595
v 0.02772503 -0.00587714 0.03724529
v 0.02759210 -0.00591139 0.03718115
v 0.03265982 -0.00491447 0.03568535
v 0.03328178 0.00000035 0.03799361
v 0.03382142 0.00000035 0.03799361
v 0.02759210 0.00000035 0.03933681
v 0.03149701 -0.00545796 0.03682732
v 0.03086530 -0.00557084 0.03695560
v 0.02865674 -0.00547254 0.03769009
v 0.03128542 -0.00538186 0.03710904
v 0.02834820 -0.00541642 0.03782130
v 0.02759210 -0.00547508 0.03776932
v 0.03245708 -0.00510663 0.03568535
v 0.03379764 -0.00063002 0.03799361
v 0.03373849 -0.00119126 0.03799361
v 0.03367325 -0.00161805 0.03799361
v 0.03360434 -0.00194782 0.03799361
v 0.03378056 0.00000035 0.03829335
v 0.03152780 -0.00576458 0.03568535
v 0.03192384 -0.00546303 0.03600773
v 0.03181561 -0.00539232 0.03645106
v 0.03198482 -0.00508950 0.03694051
v 0.03161896 -0.00511424 0.03733961
v 0.02918723 -0.00507809 0.03813321
v 0.02876772 -0.00511487 0.03816633
v 0.03333422 -0.00272849 0.03799361
v 0.03375679 -0.00063002 0.03829335
v 0.03367508 -0.00146966 0.03823047
v 0.03363361 -0.00181845 0.03815543
v 0.02792869 0.00000035 0.03948689
v 0.03233970 -0.00504067 0.03641564
v 0.03189884 -0.00502038 0.03722014
v 0.03197811 -0.00466461 0.03771859
v 0.03170494 -0.00472486 0.03776387
v 0.02950126 -0.00464812 0.03853399
v 0.02918784 -0.00468046 0.03855873
v 0.02792808 -0.00513009 0.03817094
v 0.02876772 -0.00468807 0.03856124
v 0.03265982 -0.00445280 0.03703358
v 0.03320617 -0.00302084 0.03799361
v 0.03363636 -0.00042011 0.03856250
v 0.03361349 -0.00093252 0.03852938
v 0.03354703 -0.00146966 0.03844008
v 0.03364337 0.00000035 0.03857298
v 0.02759210 -0.00123597 0.03929593
v 0.02770612 -0.00132316 0.03934771
v 0.03235373 -0.00463417 0.03727505
v 0.03240556 -0.00427079 0.03775884
v 0.03235098 -0.00402156 0.03810575
v 0.03198970 -0.00424162 0.03811434
v 0.03002688 -0.00435387 0.03864215
v 0.02985645 -0.00413635 0.03887356
v 0.02940614 -0.00419976 0.03892429
v 0.02759210 -0.00508760 0.03817220
v 0.03308666 -0.00322504 0.03799361
v 0.03315800 -0.00248560 0.03848410
v 0.03325800 -0.00063002 0.03900729
v 0.03320922 -0.00119506 0.03895846
v 0.03315312 -0.00161932 0.03890417
v 0.03327873 -0.00188948 0.03863544
v 0.02881833 -0.00021020 0.03980425
v 0.02792869 -0.00104984 0.03945126
v 0.02881833 0.00000035 0.03980425
v 0.03265982 -0.00421054 0.03744903
v 0.03240677 -0.00342290 0.03853860
v 0.03063115 -0.00376536 0.03891046
v 0.03002688 -0.00389536 0.03900394
v 0.02960675 -0.00356686 0.03923913
v 0.02853235 -0.00420357 0.03892722
v 0.03280129 -0.00301260 0.03854825
v 0.03327568 0.00000035 0.03902448
v 0.03296471 -0.00105047 0.03910875
v 0.03288117 -0.00188948 0.03899598
v 0.02918784 -0.00021020 0.03988599
v 0.03276562 -0.00358462 0.03809590
v 0.03268665 -0.00329163 0.03844889
v 0.03264458 -0.00247418 0.03890207
v 0.03056438 -0.00299040 0.03936804
v 0.03002688 -0.00311723 0.03942107
v 0.02960675 -0.00314514 0.03942778
v 0.02918784 -0.00313753 0.03942024
v 0.02876772 -0.00307538 0.03939047
v 0.02815155 -0.00392358 0.03896558
v 0.02759210 -0.00436845 0.03862873
v 0.03280495 -0.00219515 0.03895321
v 0.03296471 0.00000035 0.03918169
v 0.03296471 -0.00063002 0.03915403
v 0.03112079 -0.00092871 0.03977574
v 0.02759210 -0.00272785 0.03912091
v 0.02794180 -0.00167767 0.03940640
v 0.02960675 0.00000035 0.03994301
v 0.02896101 -0.00128829 0.03976526
v 0.03098176 -0.00264224 0.03937978
v 0.03044700 -0.00272849 0.03949653
v 0.03002688 -0.00272849 0.03954684
v 0.02918784 -0.00272849 0.03953762
v 0.02876772 -0.00272849 0.03948270
v 0.02846955 -0.00299357 0.03936154
v 0.02771405 -0.00378184 0.03892429
v 0.02759210 -0.00390297 0.03883709
v 0.03068481 -0.00171255 0.03977071
v 0.03123115 0.00000035 0.03980676
v 0.03123115 -0.00021020 0.03980676
v 0.03086530 -0.00063002 0.03988096
v 0.02811040 -0.00258643 0.03935274
v 0.02834759 -0.00209939 0.03949234
v 0.03002688 -0.00021020 0.03996816
v 0.02960675 -0.00126007 0.03986524
v 0.03044700 -0.00177660 0.03978328
v 0.03002688 -0.00182289 0.03979335
v 0.02960675 -0.00180767 0.03978957
v 0.02932382 -0.00175504 0.03977700
v 0.02759210 -0.00310772 0.03904943
v 0.03086530 0.00000035 0.03990612
v 0.03044700 -0.00083993 0.03991744
v 0.03044700 0.00000035 0.03996565
v 0.03002688 -0.00147029 0.03985330
f 3043 3044 3045
f 3043 3049 3056
f 3043 3056 3066
f 3043 3066 3108
f 3043 3108 3138
f 3043 3138 3154
f 3043 3154 3167
f 3043 3167 3143
f 3043 3143 3099
f 3043 3099 3060
f 3043 3060 3051
f 3043 3051 3046
f 3043 3046 3044
f 3044 3047 3045
f 3044 3050 3057
f 3044 3057 3067
f 3044 3067 3073
f 3045 3048 3049
f 3045 3049 3043
f 3046 3050 3044
f 3046 3051 3050
f 3047 3044 3052
f 3047 3052 3053
f 3047 3053 3054
f 3047 3048 3045
f 3047 3054 3048
f 3048 3055 3056
f 3048 3056 3049
f 3050 3051 3058
f 3050 3058 3059
f 3050 3059 3057
f 3051 3060 3084
f 3051 3084 3117
f 3051 3117 3145
f 3051 3145 3170
f 3051 3170 3168
f 3051 3168 3156
f 3051 3156 3140
f 3051 3140 3125
f 3051 3125 3098
f 3051 3098 3072
f 3051 3072 3059
f 3051 3059 3058
f 3052 3061 3053
f 3054 3062 3063
f 3054 3063 3055
f 3054 3053 3061
f 3054 3061 3064
f 3054 3064 3062
f 3054 3055 3048
f 3055 3063 3065
f 3055 3065 3066
f 3055 3066 3056
f 3057 3059 3068
f 3057 3068 3069
f 3057 3069 3070
f 3057 3070 3071
f 3044 3073 3052
f 3052 3073 3074
f 3052 3074 3075
f 3052 3075 3061
f 3061 3075 3076
f 3061 3077 3064
f 3062 3064 3078
f 3062 3078 3063
f 3063 3078 3079
f 3063 3079 3065
f 3064 3077 3078
f 3065 3079 3066
f 3057 3071 3080
f 3059 3072 3068
f 3068 3072 3081
f 3068 3081 3069
f 3069 3081 3082
f 3069 3082 3083
f 3069 3083 3070
f 3070 3083 3071
f 3071 3083 3080
f 3074 3067 3085
f 3074 3085 3075
f 3075 3085 3076
f 3076 3086 3061
f 3061 3086 3077
f 3077 3086 3087
f 3077 3087 3088
f 3079 3078 3090
f 3077 3088 3078
f 3079 3091 3066
f 3079 3092 3091
f 3057 3093 3085
f 3057 3080 3094
f 3057 3094 3093
f 3057 3085 3067
f 3080 3083 3094
f 3067 3074 3073
f 3072 3095 3081
f 3081 3095 3096
f 3081 3096 3082
f 3082 3096 3097
f 3082 3097 3083
f 3072 3098 3095
f 3060 3099 3100
f 3060 3100 3084
f 3085 3093 3101
f 3085 3101 3076
f 3076 3101 3086
f 3086 3101 3087
f 3087 3101 3102
f 3087 3102 3103
f 3087 3103 3104
f 3087 3104 3088
f 3088 3104 3105
f 3088 3105 3089
f 3088 3089 3078
f 3089 3090 3078
f 3089 3105 3106
f 3089 3106 3107
f 3089 3107 3090
f 3090 3107 3092
f 3090 3092 3079
f 3091 3108 3066
f 3093 3094 3109
f 3094 3083 3110
f 3095 3111 3096
f 3096 3111 3112
f 3096 3112 3113
f 3096 3113 3097
f 3097 3113 3114
f 3097 3114 3083
f 3083 3114 3110
f 3084 3115 3117
f 3084 3100 3116
f 3084 3116 3115
f 3101 3093 3118
f 3101 3118 3102
f 3103 3119 3104
f 3104 3120 3106
f 3104 3106 3105
f 3104 3119 3120
f 3106 3121 3107
f 3091 3092 3123
f 3092 3107 3123
f 3093 3109 3118
f 3094 3124 3109
f 3094 3110 3124
f 3110 3114 3113
f 3110 3113 3124
f 3098 3125 3095
f 3095 3125 3111
f 3112 3126 3127
f 3112 3111 3126
f 3112 3127 3113
f 3115 3128 3117
f 3118 3109 3129
f 3118 3129 3102
f 3102 3129 3103
f 3103 3129 3130
f 3103 3130 3119
f 3119 3130 3124
f 3119 3124 3131
f 3119 3131 3132
f 3119 3132 3120
f 3120 3121 3106
f 3120 3132 3121
f 3121 3132 3133
f 3121 3133 3107
f 3107 3133 3122
f 3122 3133 3134
f 3122 3123 3107
f 3122 3134 3123
f 3108 3091 3123
f 3123 3134 3135
f 3123 3135 3136
f 3123 3136 3137
f 3123 3137 3138
f 3109 3124 3129
f 3113 3139 3124
f 3124 3139 3131
f 3124 3130 3129
f 3125 3140 3111
f 3111 3140 3141
f 3111 3141 3126
f 3126 3141 3142
f 3126 3142 3127
f 3113 3127 3139
f 3099 3143 3100
f 3100 3143 3144
f 3100 3144 3116
f 3116 3144 3115
f 3128 3145 3117
f 3115 3144 3146
f 3115 3146 3128
f 3131 3139 3147
f 3131 3147 3132
f 3132 3147 3148
f 3132 3148 3133
f 3133 3148 3149
f 3133 3149 3134
f 3123 3138 3108
f 3135 3134 3150
f 3135 3150 3136
f 3136 3150 3151
f 3136 3151 3152
f 3136 3152 3137
f 3137 3153 3154
f 3137 3154 3138
f 3139 3127 3155
f 3140 3156 3157
f 3140 3157 3141
f 3141 3157 3142
f 3142 3157 3158
f 3142 3158 3155
f 3142 3155 3127
f 3144 3143 3159
f 3144 3159 3160
f 3145 3128 3162
f 3145 3162 3161
f 3128 3146 3162
f 3144 3160 3146
f 3147 3139 3155
f 3147 3155 3148
f 3148 3155 3163
f 3148 3163 3149
f 3149 3163 3164
f 3149 3164 3150
f 3149 3150 3134
f 3150 3164 3165
f 3150 3165 3166
f 3150 3166 3151
f 3151 3166 3159
f 3151 3159 3152
f 3152 3159 3153
f 3152 3153 3137
f 3153 3159 3167
f 3153 3167 3154
f 3156 3168 3157
f 3157 3168 3158
f 3158 3169 3155
f 3155 3169 3163
f 3143 3167 3159
f 3161 3170 3145
f 3161 3169 3170
f 3146 3166 3162
f 3146 3160 3166
f 3164 3163 3171
f 3164 3171 3165
f 3165 3171 3162
f 3165 3162 3166
f 3166 3160 3159
f 3163 3169 3171
f 3168 3170 3158
f 3158 3170 3169
f 3162 3171 3161
f 3161 3171 3169

o geometry_23
v 0.02116812 0.00288542 0.01989202
v 0.02111806 0.00310511 0.01989202
v 0.02001399 0.00288542 0.01989202
v 0.02112347 0.00288542 0.01984029
v 0.01251279 0.00289076 0.00965700
v 0.01202841 0.00314287 0.00847122
v 0.01121794 0.00402776 0.00753866
v 0.01140737 0.00402776 0.00777826
v 0.02110724 0.00314898 0.01989202
v 0.01686008 0.00609314 0.01989202
v 0.01421085 0.00609314 0.01895946
v 0.01995716 0.00288542 0.01986071
v 0.02095570 0.00288542 0.01965105
v 0.01203517 0.00289076 0.00965700
v 0.01639869 0.00288542 0.01581734
v 0.01587778 0.00288542 0.01555051
v 0.01553411 0.00288542 0.01554915
v 0.01152643 0.00314287 0.00847122
v 0.00889885 0.00402776 0.00598394
v 0.00903821 0.00402776 0.00605745
v 0.00925605 0.00402776 0.00617453
v 0.00946577 0.00402776 0.00629434
v 0.00982974 0.00402776 0.00650399
v 0.01056172 0.00402776 0.00695189
v 0.01058608 0.00402776 0.00696687
v 0.01077686 0.00402776 0.00710573
v 0.01101770 0.00402776 0.00731947
v 0.01103258 0.00402776 0.00733309
v 0.01097710 0.00432451 0.00737801
v 0.01136678 0.00423564 0.00783000
v 0.02095570 0.00357349 0.01989202
v 0.01848371 0.00609314 0.01989202
v 0.01149126 0.00657601 0.01554915
v 0.01420949 0.00609123 0.01895674
v 0.01426767 0.00586505 0.01880154
v 0.01965544 0.00288542 0.01967828
v 0.01531356 0.00288542 0.01554915
v 0.01533657 0.00288542 0.01562402
v 0.01206765 0.00289076 0.00976047
v 0.00789490 0.00402776 0.00598394
v 0.00889885 0.00524715 0.00598394
v 0.00903821 0.00524715 0.00605745
v 0.00925605 0.00482798 0.00617453
v 0.00946577 0.00482798 0.00629434
v 0.00982974 0.00440880 0.00650399
v 0.00982026 0.00482798 0.00650399
v 0.01055902 0.00440880 0.00697912
v 0.01052249 0.00465367 0.00700227
v 0.01091622 0.00460485 0.00744744
v 0.02078522 0.00389312 0.01989202
v 0.01057661 0.00513845 0.00735759
v 0.01046972 0.00678198 0.01202992
v 0.01058608 0.00678198 0.01228451
v 0.01064426 0.00678198 0.01242337
v 0.01097034 0.00678198 0.01320617
v 0.01248979 0.00657601 0.01554915
v 0.01861766 0.00600541 0.01989202
v 0.00909910 0.00642917 0.00683345
v 0.00992174 0.00678198 0.01320617
v 0.01382388 0.00332710 0.01508082
v 0.01647176 0.00288542 0.01700721
v 0.01757042 0.00288542 0.01799014
v 0.01849318 0.00288542 0.01875933
v 0.01538257 0.00288542 0.01575880
v 0.01211771 0.00289076 0.00991158
v 0.00734557 0.00642917 0.00598394
v 0.01249385 0.00289076 0.01085639
v 0.00989468 0.00678198 0.01315172
v 0.00951719 0.00678198 0.01223822
v 0.00949960 0.00678198 0.01219193
v 0.00888397 0.00541383 0.00598394
v 0.00925199 0.00546456 0.00617726
v 0.00925470 0.00524715 0.00617453
v 0.01002998 0.00482798 0.00665239
v 0.01045484 0.00493325 0.00707714
v 0.01063614 0.00480700 0.00722281
v 0.00995827 0.00524715 0.00672726
v 0.02074327 0.00396216 0.01989202
v 0.01009763 0.00547410 0.00700771
v 0.00944412 0.00678198 0.01202992
v 0.00889750 0.00642917 0.00656253
v 0.00882714 0.00642917 0.00647268
v 0.00846047 0.00642917 0.00613097
v 0.00837117 0.00642917 0.00605609
v 0.00828052 0.00642917 0.00598394
v 0.01869073 0.00595621 0.01989202
v 0.00929935 0.00633610 0.00694509
v 0.01546510 0.00288542 0.01593306
v 0.01553140 0.00288542 0.01601066
v 0.01636352 0.00288542 0.01689285
v 0.00883391 0.00564879 0.00598394
v 0.00861336 0.00604546 0.00598394
v 0.00860524 0.00605881 0.00598394
v 0.00888397 0.00594210 0.00613097
v 0.00916404 0.00574414 0.00625758
v 0.00968090 0.00547753 0.00658568
v 0.01016123 0.00524715 0.00693828
v 0.02047402 0.00435121 0.01989202
v 0.00984327 0.00561599 0.00684434
v 0.00972420 0.00593294 0.00696142
v 0.00891915 0.00638530 0.00651897
v 0.00848347 0.00638035 0.00610919
v 0.00859171 0.00607483 0.00598394
v 0.01963108 0.00514722 0.01989202
v 0.00919787 0.00623732 0.00666600
v 0.02031301 0.00454268 0.01989202
v 0.00876355 0.00622206 0.00623852
v 0.00904092 0.00608971 0.00638827
v 0.00930611 0.00595774 0.00653803
v 0.00958619 0.00575749 0.00668234
v 0.02040366 0.00443817 0.01989202
f 3172 3173 3180
f 3172 3180 3202
f 3172 3202 3221
f 3172 3221 3249
f 3172 3249 3269
f 3172 3269 3282
f 3172 3282 3277
f 3172 3277 3275
f 3172 3275 3257
f 3172 3257 3228
f 3172 3228 3203
f 3172 3203 3181
f 3172 3181 3174
f 3172 3174 3183
f 3172 3183 3207
f 3172 3207 3234
f 3172 3234 3233
f 3172 3233 3232
f 3172 3232 3261
f 3172 3261 3260
f 3172 3260 3259
f 3172 3259 3235
f 3172 3235 3209
f 3172 3209 3208
f 3172 3208 3188
f 3172 3188 3187
f 3172 3187 3186
f 3172 3186 3184
f 3172 3184 3175
f 3172 3175 3176
f 3172 3176 3177
f 3172 3177 3178
f 3172 3178 3179
f 3172 3179 3173
f 3173 3179 3180
f 3174 3181 3182
f 3174 3182 3183
f 3175 3184 3176
f 3176 3185 3189
f 3176 3189 3177
f 3176 3184 3186
f 3176 3186 3187
f 3176 3187 3188
f 3176 3188 3208
f 3176 3208 3185
f 3177 3189 3211
f 3177 3211 3190
f 3177 3190 3191
f 3177 3191 3192
f 3177 3192 3193
f 3177 3193 3194
f 3177 3194 3195
f 3177 3195 3196
f 3177 3196 3197
f 3177 3197 3198
f 3177 3198 3199
f 3177 3199 3178
f 3178 3200 3179
f 3178 3199 3200
f 3179 3200 3201
f 3179 3201 3202
f 3179 3202 3180
f 3181 3203 3227
f 3181 3227 3204
f 3181 3204 3182
f 3182 3205 3206
f 3182 3206 3207
f 3182 3207 3183
f 3182 3204 3205
f 3185 3208 3209
f 3185 3209 3210
f 3185 3210 3211
f 3185 3211 3189
f 3190 3212 3213
f 3190 3213 3191
f 3190 3211 3237
f 3190 3237 3256
f 3190 3256 3274
f 3190 3274 3264
f 3190 3264 3263
f 3190 3263 3262
f 3190 3262 3242
f 3190 3242 3212
f 3191 3213 3214
f 3191 3214 3192
f 3192 3214 3215
f 3192 3215 3193
f 3193 3215 3216
f 3193 3216 3194
f 3194 3216 3195
f 3195 3216 3196
f 3196 3216 3217
f 3196 3217 3218
f 3196 3218 3197
f 3197 3218 3198
f 3198 3218 3199
f 3199 3218 3219
f 3199 3219 3200
f 3200 3220 3201
f 3200 3219 3220
f 3201 3220 3202
f 3202 3220 3222
f 3202 3222 3221
f 3203 3223 3224
f 3203 3224 3225
f 3203 3225 3226
f 3203 3226 3227
f 3203 3228 3229
f 3203 3229 3223
f 3204 3227 3226
f 3204 3226 3230
f 3204 3230 3231
f 3204 3231 3206
f 3204 3206 3205
f 3206 3231 3232
f 3206 3232 3233
f 3206 3233 3234
f 3206 3234 3207
f 3209 3235 3236
f 3209 3236 3210
f 3210 3236 3211
f 3211 3236 3238
f 3211 3238 3231
f 3211 3231 3230
f 3211 3230 3239
f 3211 3239 3240
f 3211 3240 3241
f 3211 3241 3237
f 3212 3242 3243
f 3212 3243 3213
f 3213 3243 3244
f 3213 3244 3214
f 3214 3244 3215
f 3215 3244 3216
f 3216 3244 3217
f 3217 3245 3218
f 3217 3244 3243
f 3217 3243 3245
f 3218 3245 3219
f 3219 3246 3247
f 3219 3247 3220
f 3219 3245 3243
f 3219 3243 3248
f 3219 3248 3246
f 3220 3247 3222
f 3221 3222 3249
f 3222 3247 3246
f 3222 3246 3250
f 3222 3250 3249
f 3223 3251 3241
f 3223 3241 3240
f 3223 3240 3239
f 3223 3239 3230
f 3223 3230 3226
f 3223 3226 3225
f 3223 3225 3224
f 3223 3229 3252
f 3223 3252 3253
f 3223 3253 3254
f 3223 3254 3255
f 3223 3255 3256
f 3223 3256 3237
f 3223 3237 3251
f 3228 3257 3229
f 3229 3258 3252
f 3229 3257 3258
f 3231 3259 3260
f 3231 3260 3261
f 3231 3261 3232
f 3231 3238 3259
f 3235 3259 3238
f 3235 3238 3236
f 3237 3241 3251
f 3242 3262 3243
f 3243 3262 3263
f 3243 3263 3264
f 3243 3264 3265
f 3243 3265 3266
f 3243 3266 3267
f 3243 3267 3248
f 3246 3248 3268
f 3246 3268 3250
f 3248 3267 3250
f 3248 3250 3268
f 3249 3250 3269
f 3250 3267 3270
f 3250 3270 3271
f 3250 3271 3269
f 3252 3272 3253
f 3252 3258 3272
f 3253 3272 3254
f 3254 3273 3255
f 3254 3272 3273
f 3255 3273 3256
f 3256 3273 3274
f 3257 3275 3258
f 3258 3271 3276
f 3258 3276 3272
f 3258 3275 3277
f 3258 3277 3271
f 3264 3274 3265
f 3265 3273 3278
f 3265 3278 3279
f 3265 3279 3280
f 3265 3280 3266
f 3265 3274 3273
f 3266 3280 3267
f 3267 3280 3281
f 3267 3281 3270
f 3269 3271 3282
f 3270 3281 3280
f 3270 3280 3271
f 3271 3280 3276
f 3271 3277 3282
f 3272 3279 3278
f 3272 3278 3273
f 3272 3276 3279
f 3276 3280 3279

o geometry_24
v 0.00121077 -0.00519018 0.00280116
v 0.00121077 -0.00690883 0.00348145
v -0.00065718 -0.00756874 0.00598397
v 0.00121077 -0.00474785 0.00280116
v 0.00325573 -0.00512778 0.00280116
v -0.00065718 -0.00709628 0.00598397
v 0.00084795 -0.00771124 0.00457956
v -0.00061210 -0.00758596 0.00598397
v -0.00065718 -0.00726126 0.00846874
v -0.00065718 -0.00678210 0.00846874
v 0.00500383 -0.00331851 0.00457956
v 0.00328761 -0.00411376 0.00280116
v 0.00377136 -0.00504337 0.00280116
v 0.00232120 -0.00680649 0.00359242
v 0.00121077 -0.00712330 0.00367566
v 0.00084795 -0.00772702 0.00470996
v 0.00121077 -0.00753861 0.00409848
v 0.00121077 -0.00763521 0.00428658
v -0.00048567 -0.00757639 0.00638904
v 0.00483892 -0.00338020 0.00457956
v 0.00121077 -0.00474594 0.00345037
v 0.00121077 -0.00472585 0.00303088
v 0.00925866 -0.00672042 0.00846985
v 0.00988864 -0.00565929 0.00846985
v 0.00735663 -0.00284271 0.00530313
v 0.00706748 -0.00284271 0.00457956
v 0.00396486 -0.00411376 0.00280116
v 0.00274119 -0.00675150 0.00363460
v 0.00232120 -0.00701642 0.00377887
v 0.00190231 -0.00772415 0.00470996
v 0.00096229 -0.00772726 0.00564355
v 0.00064346 -0.00771363 0.00598397
v 0.00023776 -0.00768399 0.00598397
v -0.00019761 -0.00764716 0.00598397
v 0.00232120 -0.00743628 0.00420169
v 0.00232120 -0.00762182 0.00441143
v 0.00190122 -0.00763808 0.00437315
v 0.00064346 -0.00763330 0.00806701
v 0.00058903 -0.00759408 0.00846874
v 0.00038839 -0.00756778 0.00836997
v 0.00104365 -0.00765577 0.00846874
v 0.00190231 -0.00771842 0.00846874
v 0.00230361 -0.00772702 0.00846874
v 0.01057469 -0.00565929 0.00846985
v 0.00786787 -0.00284271 0.00530313
v 0.00767217 -0.00284271 0.00457956
v 0.00378565 -0.00502712 0.00280116
v 0.00766888 -0.00314923 0.00457956
v 0.00761610 -0.00344954 0.00457956
v 0.00425621 -0.00673572 0.00406574
v 0.00295558 -0.00671755 0.00365957
v 0.00635504 -0.00674767 0.00489307
v 0.00550628 -0.00673620 0.00448468
v 0.00274119 -0.00717757 0.00403744
v 0.00232120 -0.00770742 0.00470996
v 0.00358226 -0.00771698 0.00512945
v 0.00441783 -0.00772750 0.00554950
v 0.00284893 -0.00756970 0.00448163
v 0.00358226 -0.00763138 0.00480540
v 0.00525561 -0.00772750 0.00846874
v 0.00566790 -0.00772200 0.00846874
v 0.00609558 -0.00770359 0.00846874
v 0.00649907 -0.00767203 0.00846874
v 0.00693445 -0.00760987 0.00846874
v 0.00717853 -0.00756300 0.00846874
v 0.00819551 -0.00725169 0.00846874
v 0.00844178 -0.00715319 0.00846874
v 0.01043616 -0.00580610 0.00846985
v 0.01029873 -0.00565929 0.00764530
v 0.01009094 -0.00565929 0.00722802
v 0.00982707 -0.00565929 0.00685736
v 0.00751605 -0.00624509 0.00530313
v 0.00745009 -0.00636081 0.00530313
v 0.00933013 -0.00565929 0.00636240
v 0.00901569 -0.00565929 0.00610105
v 0.00483782 -0.00708409 0.00457124
v 0.00525670 -0.00679215 0.00443973
v 0.00328101 -0.00710106 0.00411596
v 0.00685419 -0.00680601 0.00525430
v 0.00647488 -0.00709724 0.00530313
v 0.00525561 -0.00700255 0.00463394
v 0.00484002 -0.00771650 0.00554950
v 0.00484002 -0.00772415 0.00598397
v 0.00426391 -0.00757017 0.00490361
v 0.00525561 -0.00760174 0.00527539
v 0.00483782 -0.00763378 0.00520769
v 0.00525561 -0.00770646 0.00596899
v 0.00568329 -0.00767514 0.00596899
v 0.00630502 -0.00763999 0.00701800
v 0.00714994 -0.00755678 0.00825955
v 0.00777662 -0.00730525 0.00764696
v 0.00777662 -0.00725982 0.00722747
v 0.00799431 -0.00713980 0.00699386
v 0.00898380 -0.00680984 0.00806756
v 0.01010413 -0.00610521 0.00846985
v 0.01011183 -0.00590222 0.00777958
v 0.01006235 -0.00585392 0.00749992
v 0.00972593 -0.00593761 0.00695391
v 0.00930924 -0.00595817 0.00653608
v 0.00888485 -0.00594908 0.00612658
v 0.00844398 -0.00633068 0.00604945
v 0.00819111 -0.00650068 0.00598397
v 0.00806247 -0.00678449 0.00612214
v 0.00525561 -0.00731314 0.00495466
v 0.00761280 -0.00715892 0.00614655
v 0.00731156 -0.00719814 0.00598397
v 0.00609558 -0.00729186 0.00530313
v 0.00566130 -0.00712975 0.00492636
v 0.00525561 -0.00767490 0.00554950
v 0.00551178 -0.00757017 0.00532144
v 0.00610877 -0.00761991 0.00598397
v 0.00673875 -0.00755870 0.00697721
v 0.00735553 -0.00730812 0.00638904
v 0.00856602 -0.00681127 0.00680798
v 0.00767657 -0.00718522 0.00638904
v 0.00886287 -0.00673859 0.00732457
v 0.00967095 -0.00630104 0.00784172
v 0.00956761 -0.00621114 0.00722802
v 0.00979849 -0.00600168 0.00722802
v 0.00929714 -0.00633642 0.00694503
v 0.00891894 -0.00638903 0.00651111
v 0.00876502 -0.00622883 0.00623090
v 0.00834393 -0.00665682 0.00623977
v 0.00848906 -0.00676632 0.00651888
v 0.00568988 -0.00760795 0.00555505
v 0.00636604 -0.00757017 0.00598397
v 0.00877601 -0.00667164 0.00680798
v 0.00935761 -0.00638185 0.00722802
v 0.00976111 -0.00638472 0.00846985
f 3283 3284 3285
f 3283 3285 3288
f 3283 3288 3286
f 3283 3286 3294
f 3283 3294 3309
f 3283 3309 3329
f 3283 3329 3295
f 3283 3295 3287
f 3284 3283 3287
f 3285 3284 3289
f 3285 3289 3290
f 3285 3290 3291
f 3285 3291 3292
f 3285 3292 3288
f 3286 3288 3292
f 3286 3293 3294
f 3284 3287 3295
f 3284 3295 3296
f 3284 3297 3289
f 3284 3296 3297
f 3289 3298 3290
f 3289 3297 3299
f 3289 3299 3300
f 3290 3301 3291
f 3292 3293 3302
f 3292 3302 3303
f 3292 3303 3304
f 3292 3304 3286
f 3292 3291 3305
f 3292 3305 3306
f 3292 3306 3307
f 3292 3307 3293
f 3286 3304 3293
f 3293 3304 3302
f 3293 3307 3308
f 3293 3308 3294
f 3294 3308 3328
f 3294 3328 3309
f 3296 3295 3310
f 3296 3310 3311
f 3296 3311 3297
f 3289 3300 3312
f 3289 3312 3298
f 3298 3313 3314
f 3298 3314 3315
f 3298 3315 3316
f 3298 3316 3290
f 3299 3297 3317
f 3299 3317 3318
f 3299 3318 3319
f 3299 3319 3300
f 3290 3316 3320
f 3290 3320 3321
f 3290 3321 3301
f 3301 3321 3322
f 3301 3322 3291
f 3291 3322 3321
f 3291 3321 3305
f 3302 3304 3303
f 3305 3321 3323
f 3305 3323 3324
f 3305 3324 3325
f 3305 3325 3342
f 3305 3411 3377
f 3305 3377 3350
f 3305 3350 3326
f 3305 3326 3306
f 3306 3326 3327
f 3306 3327 3307
f 3307 3327 3328
f 3307 3328 3308
f 3309 3328 3330
f 3309 3330 3331
f 3309 3331 3329
f 3295 3332 3333
f 3295 3333 3310
f 3295 3329 3334
f 3295 3334 3335
f 3295 3335 3332
f 3311 3310 3336
f 3297 3311 3317
f 3311 3336 3317
f 3312 3337 3338
f 3298 3312 3339
f 3313 3298 3339
f 3313 3339 3342
f 3313 3342 3325
f 3313 3325 3324
f 3313 3324 3314
f 3314 3324 3315
f 3315 3323 3316
f 3318 3317 3340
f 3318 3340 3341
f 3318 3341 3337
f 3318 3337 3319
f 3319 3312 3300
f 3321 3320 3323
f 3305 3342 3343
f 3305 3343 3344
f 3305 3344 3345
f 3305 3345 3346
f 3305 3346 3347
f 3305 3347 3348
f 3305 3348 3349
f 3326 3350 3351
f 3326 3351 3328
f 3326 3328 3327
f 3328 3351 3352
f 3328 3352 3353
f 3328 3353 3330
f 3329 3331 3354
f 3329 3354 3355
f 3329 3355 3334
f 3330 3353 3356
f 3330 3356 3331
f 3331 3356 3357
f 3332 3335 3359
f 3332 3359 3358
f 3333 3332 3360
f 3333 3360 3310
f 3334 3355 3361
f 3334 3361 3362
f 3335 3363 3359
f 3310 3360 3336
f 3317 3336 3340
f 3312 3319 3337
f 3337 3341 3338
f 3338 3364 3339
f 3338 3339 3312
f 3339 3364 3365
f 3339 3365 3342
f 3315 3324 3323
f 3316 3323 3320
f 3340 3366 3341
f 3341 3366 3367
f 3341 3367 3368
f 3341 3368 3338
f 3343 3342 3365
f 3344 3343 3369
f 3345 3344 3370
f 3345 3370 3371
f 3345 3371 3346
f 3346 3372 3347
f 3347 3372 3348
f 3348 3372 3373
f 3348 3373 3374
f 3348 3374 3349
f 3349 3374 3375
f 3349 3376 3305
f 3349 3375 3376
f 3350 3377 3378
f 3350 3378 3351
f 3351 3378 3379
f 3351 3379 3380
f 3351 3380 3352
f 3352 3380 3353
f 3353 3380 3381
f 3353 3381 3356
f 3331 3357 3354
f 3354 3357 3355
f 3355 3357 3382
f 3355 3382 3383
f 3355 3383 3384
f 3355 3384 3385
f 3355 3385 3361
f 3357 3356 3382
f 3358 3363 3386
f 3358 3359 3363
f 3358 3360 3332
f 3360 3358 3366
f 3362 3361 3387
f 3362 3387 3388
f 3362 3388 3389
f 3362 3389 3334
f 3334 3389 3390
f 3334 3390 3335
f 3335 3390 3363
f 3363 3390 3386
f 3360 3366 3340
f 3360 3340 3336
f 3338 3368 3364
f 3364 3368 3391
f 3364 3391 3370
f 3364 3370 3369
f 3364 3369 3365
f 3365 3369 3343
f 3366 3392 3367
f 3367 3391 3368
f 3369 3370 3344
f 3371 3393 3346
f 3371 3370 3393
f 3346 3394 3372
f 3346 3393 3394
f 3372 3394 3373
f 3373 3394 3395
f 3373 3395 3374
f 3375 3374 3397
f 3376 3375 3396
f 3376 3396 3398
f 3376 3398 3305
f 3377 3399 3378
f 3378 3399 3400
f 3378 3400 3379
f 3379 3400 3401
f 3379 3401 3380
f 3380 3401 3402
f 3380 3402 3403
f 3380 3403 3381
f 3382 3404 3383
f 3382 3356 3381
f 3382 3381 3404
f 3383 3405 3384
f 3383 3404 3405
f 3384 3405 3385
f 3385 3405 3406
f 3385 3406 3387
f 3386 3390 3392
f 3358 3386 3366
f 3361 3385 3387
f 3388 3392 3389
f 3389 3392 3390
f 3391 3367 3407
f 3391 3407 3393
f 3391 3393 3370
f 3366 3386 3392
f 3392 3388 3408
f 3392 3408 3407
f 3392 3407 3367
f 3393 3407 3408
f 3393 3408 3394
f 3394 3408 3395
f 3395 3408 3387
f 3395 3387 3397
f 3395 3397 3374
f 3375 3397 3396
f 3396 3397 3387
f 3396 3387 3406
f 3396 3406 3409
f 3396 3409 3398
f 3398 3410 3411
f 3398 3411 3305
f 3377 3411 3399
f 3400 3399 3410
f 3400 3410 3402
f 3400 3402 3401
f 3402 3410 3409
f 3402 3409 3406
f 3402 3406 3403
f 3404 3381 3403
f 3404 3403 3405
f 3405 3403 3406
f 3387 3408 3388
f 3409 3410 3398
f 3410 3399 3411

o geometry_25
v -0.00019807 -0.00440734 -0.00243408
v -0.00019807 -0.00286250 -0.00243408
v 0.00022105 -0.00440734 -0.00241417
v 0.00022105 -0.00482685 -0.00237161
v -0.00019807 -0.00482685 -0.00238671
v -0.00020016 -0.00482685 -0.00238671
v -0.00061720 -0.00482685 -0.00232355
v -0.00061720 -0.00440734 -0.00236131
v -0.00061720 -0.00286250 -0.00236131
v 0.00183395 -0.00272549 -0.00192948
v 0.00022105 -0.00286250 -0.00241417
v 0.00064122 -0.00314935 -0.00236543
v 0.00064122 -0.00356911 -0.00236474
v 0.00064122 -0.00398861 -0.00236200
v 0.00064122 -0.00440734 -0.00235788
v 0.00064122 -0.00482685 -0.00231875
v 0.00064122 -0.00506418 -0.00224940
v 0.00022105 -0.00508163 -0.00227275
v -0.00019807 -0.00508317 -0.00227824
v -0.00020016 -0.00508317 -0.00227824
v -0.00061720 -0.00506315 -0.00225078
v -0.00083823 -0.00504083 -0.00221988
v -0.00087368 -0.00482685 -0.00223499
v -0.00090287 -0.00440734 -0.00224803
v -0.00081321 -0.00286250 -0.00228442
v 0.00099257 -0.00286250 -0.00227137
v 0.00064122 -0.00286250 -0.00236543
v -0.00090287 -0.00286250 -0.00224803
v -0.00111347 -0.00286250 -0.00214917
v -0.00144293 -0.00286250 -0.00193909
v -0.00158577 -0.00286250 -0.00183131
v -0.00165250 -0.00286250 -0.00178050
v -0.00183391 -0.00286250 -0.00157111
v -0.00204243 -0.00286250 -0.00132259
v -0.00216754 -0.00286250 -0.00111388
v -0.00229057 -0.00286250 -0.00074727
v -0.00236563 -0.00286250 -0.00032780
v -0.00236876 -0.00286250 -0.00004152
v 0.00183395 -0.00272549 -0.00145646
v 0.00190171 -0.00272549 -0.00190820
v 0.00099257 -0.00314935 -0.00227137
v 0.00097276 -0.00356911 -0.00227137
v 0.00093940 -0.00440734 -0.00226382
v 0.00090395 -0.00482685 -0.00224460
v 0.00086642 -0.00504468 -0.00222469
v 0.00102802 -0.00507855 -0.00199539
v 0.00064122 -0.00511088 -0.00200569
v 0.00022105 -0.00512781 -0.00200569
v -0.00019807 -0.00513012 -0.00200569
v -0.00061720 -0.00510985 -0.00200569
v -0.00100192 -0.00507649 -0.00199951
v -0.00133763 -0.00506803 -0.00185396
v -0.00141166 -0.00482685 -0.00191163
v -0.00108428 -0.00482685 -0.00212102
v -0.00111347 -0.00440734 -0.00214917
v -0.00144293 -0.00440734 -0.00193909
v -0.00165250 -0.00440734 -0.00178119
v -0.00183495 -0.00440734 -0.00157111
v -0.00204556 -0.00440734 -0.00132259
v -0.00216754 -0.00440734 -0.00111388
v -0.00229474 -0.00440734 -0.00074727
v -0.00238857 -0.00440734 -0.00032780
v -0.00240004 -0.00440734 0.00009236
v -0.00236876 -0.00286250 0.00009236
v -0.00236667 -0.00286250 0.00011982
v 0.00779343 -0.00272549 0.00280004
v 0.00214360 -0.00272549 -0.00181140
v 0.00190171 -0.00314858 -0.00190820
v 0.00632545 -0.00314858 -0.00012527
v 0.00631920 -0.00337283 -0.00012184
v 0.00137416 -0.00506803 -0.00184847
v 0.00684988 -0.00347135 0.00022074
v 0.00150031 -0.00509292 -0.00160681
v 0.00106034 -0.00513012 -0.00158622
v -0.00146274 -0.00534667 0.00280004
v -0.00103736 -0.00513012 -0.00158622
v -0.00147004 -0.00509292 -0.00159789
v -0.00174112 -0.00506803 -0.00146607
v -0.00162226 -0.00482685 -0.00175167
v -0.00180784 -0.00482685 -0.00154228
v -0.00201740 -0.00482685 -0.00129375
v -0.00214981 -0.00482685 -0.00108436
v -0.00225407 -0.00482685 -0.00074727
v -0.00234999 -0.00482685 -0.00032780
v -0.00236563 -0.00482685 0.00009236
v -0.00236250 -0.00482685 0.00011982
v -0.00202262 -0.00482300 0.00280004
v -0.00234374 -0.00440709 0.00051114
v -0.00203513 -0.00326763 0.00280004
v -0.00233123 -0.00326789 0.00051114
v 0.00689054 -0.00311369 0.00457816
v 0.00822610 -0.00272549 0.00280004
v 0.00609399 -0.00272549 -0.00021864
v 0.00632545 -0.00272882 -0.00012527
v 0.00653397 -0.00272549 -0.00003053
v 0.00653501 -0.00314858 -0.00002916
v 0.00691139 -0.00314858 0.00018092
v 0.00175158 -0.00506803 -0.00148049
v 0.00735554 -0.00347879 0.00061137
v 0.00735554 -0.00364865 0.00093130
v 0.00758386 -0.00340208 0.00070062
v 0.00148051 -0.00513012 -0.00116674
v 0.00183290 -0.00508034 -0.00129444
v 0.00189442 -0.00508932 -0.00115507
v 0.00190067 -0.00512576 -0.00074659
v 0.00183290 -0.00512653 -0.00081387
v -0.00186206 -0.00522454 0.00280004
v -0.00218839 -0.00508368 -0.00032780
v -0.00214877 -0.00507906 -0.00074727
v -0.00187665 -0.00512601 -0.00074727
v -0.00145753 -0.00513012 -0.00116674
v 0.00273996 -0.00512909 0.00135008
v 0.00315804 -0.00513063 0.00260987
v 0.00315804 -0.00513243 0.00280073
v 0.00596680 -0.00411254 0.00457816
v 0.00446859 -0.00411254 0.00457816
v -0.00187874 -0.00508932 -0.00116331
v -0.00211749 -0.00506187 -0.00102257
v -0.00219465 -0.00508368 0.00009236
v -0.00216545 -0.00508342 0.00051114
v -0.00213626 -0.00507367 0.00093061
v -0.00197570 -0.00494821 0.00280004
v -0.00202992 -0.00440734 0.00280004
v 0.00446859 -0.00398784 0.00457816
v 0.00457285 -0.00356808 0.00457816
v 0.00455408 -0.00333845 0.00452186
v 0.00483871 -0.00332126 0.00455482
v 0.00500448 -0.00331843 0.00457816
v 0.00689054 -0.00375025 0.00457816
v 0.00823445 -0.00314858 0.00280004
v 0.00825008 -0.00314858 0.00260987
v 0.00823757 -0.00272549 0.00260987
v 0.00632337 -0.00272549 -0.00012527
v 0.00690826 -0.00272549 0.00017886
v 0.00712095 -0.00314858 0.00032921
v 0.00214151 -0.00506187 -0.00100815
v 0.00765789 -0.00347700 0.00093130
v 0.00779655 -0.00356218 0.00133498
v 0.00777570 -0.00369586 0.00177024
v 0.00759429 -0.00314858 0.00068964
v 0.00806659 -0.00314858 0.00141668
v 0.00803948 -0.00346109 0.00146405
v 0.00735554 -0.00314858 0.00050634
v 0.00218634 -0.00507906 -0.00074659
v 0.00231980 -0.00511780 0.00009236
v 0.00315804 -0.00512165 0.00218971
v 0.00334884 -0.00512140 0.00280073
v 0.00357404 -0.00508932 0.00280073
v 0.00366996 -0.00507008 0.00280073
v 0.00596993 -0.00411177 0.00457816
v 0.00483871 -0.00338001 0.00457816
v 0.00651416 -0.00390035 0.00457816
v 0.00777570 -0.00368662 0.00280004
v 0.00811350 -0.00352857 0.00280004
v 0.00818336 -0.00332049 0.00280004
v 0.00812289 -0.00352960 0.00260987
v 0.00811559 -0.00353088 0.00219040
v 0.00823757 -0.00314858 0.00219040
v 0.00822923 -0.00272549 0.00218628
v 0.00823757 -0.00272549 0.00260644
v 0.00711991 -0.00272549 0.00033333
v 0.00759429 -0.00272882 0.00068964
v 0.00254500 -0.00505135 -0.00015823
v 0.00258149 -0.00507111 0.00009236
v 0.00808535 -0.00352216 0.00177024
v 0.00377005 -0.00504237 0.00280073
v 0.00339054 -0.00505648 0.00192059
v 0.00298810 -0.00506649 0.00102055
v 0.00806659 -0.00272882 0.00141668
v 0.00818440 -0.00314858 0.00177024
v 0.00342808 -0.00507496 0.00218971
v 0.00818440 -0.00272549 0.00177024
v 0.00759221 -0.00272549 0.00068895
v 0.00806554 -0.00272549 0.00141530
f 3412 3413 3422
f 3412 3422 3414
f 3412 3414 3415
f 3412 3415 3416
f 3412 3416 3417
f 3412 3417 3418
f 3412 3418 3419
f 3412 3419 3420
f 3412 3420 3413
f 3413 3420 3421
f 3413 3421 3422
f 3414 3422 3438
f 3414 3438 3423
f 3414 3423 3424
f 3414 3424 3425
f 3414 3425 3426
f 3414 3426 3427
f 3414 3427 3415
f 3415 3427 3428
f 3415 3428 3429
f 3415 3429 3416
f 3416 3430 3431
f 3416 3431 3417
f 3416 3429 3430
f 3417 3431 3432
f 3417 3432 3418
f 3418 3432 3433
f 3418 3433 3434
f 3418 3434 3419
f 3419 3434 3435
f 3419 3435 3436
f 3419 3436 3420
f 3420 3436 3421
f 3421 3437 3438
f 3421 3438 3422
f 3421 3436 3439
f 3421 3439 3440
f 3421 3440 3441
f 3421 3441 3442
f 3421 3442 3443
f 3421 3443 3444
f 3421 3444 3445
f 3421 3445 3446
f 3421 3446 3447
f 3421 3447 3448
f 3421 3448 3449
f 3421 3449 3475
f 3421 3475 3450
f 3421 3450 3477
f 3421 3477 3503
f 3421 3503 3543
f 3421 3543 3571
f 3421 3571 3570
f 3421 3570 3583
f 3421 3583 3585
f 3421 3585 3584
f 3421 3584 3572
f 3421 3572 3545
f 3421 3545 3506
f 3421 3506 3544
f 3421 3544 3504
f 3421 3504 3478
f 3421 3478 3451
f 3421 3451 3437
f 3423 3438 3437
f 3423 3437 3452
f 3423 3452 3424
f 3424 3452 3425
f 3425 3452 3426
f 3426 3452 3453
f 3426 3453 3454
f 3426 3454 3455
f 3426 3455 3427
f 3427 3455 3456
f 3427 3456 3428
f 3428 3456 3457
f 3428 3457 3458
f 3428 3458 3429
f 3429 3458 3459
f 3429 3459 3430
f 3430 3459 3460
f 3430 3460 3431
f 3431 3460 3461
f 3431 3461 3432
f 3432 3461 3462
f 3432 3462 3433
f 3433 3462 3463
f 3433 3463 3464
f 3433 3464 3465
f 3433 3465 3434
f 3434 3465 3466
f 3434 3466 3435
f 3435 3466 3440
f 3435 3440 3439
f 3435 3439 3436
f 3437 3451 3479
f 3437 3479 3452
f 3440 3466 3467
f 3440 3467 3441
f 3441 3467 3468
f 3441 3468 3442
f 3442 3468 3443
f 3443 3468 3469
f 3443 3469 3444
f 3444 3469 3470
f 3444 3470 3445
f 3445 3470 3446
f 3446 3470 3471
f 3446 3471 3472
f 3446 3472 3447
f 3447 3472 3473
f 3447 3473 3448
f 3448 3473 3474
f 3448 3474 3449
f 3449 3474 3475
f 3450 3475 3476
f 3450 3476 3477
f 3451 3478 3479
f 3452 3479 3453
f 3453 3479 3454
f 3454 3479 3480
f 3454 3480 3481
f 3454 3481 3455
f 3455 3481 3456
f 3456 3482 3457
f 3456 3481 3483
f 3456 3483 3482
f 3457 3482 3484
f 3457 3484 3458
f 3458 3484 3485
f 3458 3485 3459
f 3459 3485 3486
f 3459 3486 3460
f 3460 3486 3487
f 3460 3487 3461
f 3461 3487 3488
f 3461 3488 3463
f 3461 3463 3462
f 3463 3488 3489
f 3463 3489 3490
f 3463 3490 3464
f 3464 3467 3465
f 3464 3490 3468
f 3464 3468 3467
f 3465 3467 3466
f 3468 3491 3469
f 3468 3490 3491
f 3469 3491 3470
f 3470 3491 3492
f 3470 3492 3493
f 3470 3493 3471
f 3471 3493 3472
f 3472 3493 3494
f 3472 3494 3495
f 3472 3495 3473
f 3473 3495 3496
f 3473 3496 3474
f 3474 3496 3497
f 3474 3497 3498
f 3474 3498 3499
f 3474 3499 3500
f 3474 3500 3501
f 3474 3501 3476
f 3474 3476 3475
f 3476 3501 3500
f 3476 3500 3477
f 3477 3502 3503
f 3477 3500 3502
f 3478 3504 3480
f 3478 3480 3479
f 3480 3505 3506
f 3480 3506 3507
f 3480 3507 3481
f 3480 3504 3505
f 3481 3507 3508
f 3481 3508 3483
f 3482 3509 3484
f 3482 3483 3510
f 3482 3510 3511
f 3482 3511 3509
f 3483 3508 3512
f 3483 3512 3510
f 3484 3513 3485
f 3484 3509 3514
f 3484 3514 3515
f 3484 3515 3516
f 3484 3516 3517
f 3484 3517 3513
f 3485 3513 3486
f 3486 3518 3519
f 3486 3519 3520
f 3486 3520 3521
f 3486 3521 3522
f 3486 3522 3487
f 3486 3513 3517
f 3486 3517 3516
f 3486 3516 3523
f 3486 3523 3524
f 3486 3524 3525
f 3486 3525 3526
f 3486 3526 3527
f 3486 3527 3518
f 3487 3522 3488
f 3488 3522 3521
f 3488 3521 3528
f 3488 3528 3489
f 3489 3491 3490
f 3489 3528 3529
f 3489 3529 3492
f 3489 3492 3491
f 3492 3529 3493
f 3493 3529 3494
f 3494 3529 3495
f 3495 3529 3520
f 3495 3520 3519
f 3495 3519 3496
f 3496 3519 3530
f 3496 3530 3531
f 3496 3531 3532
f 3496 3532 3518
f 3496 3518 3497
f 3497 3518 3533
f 3497 3533 3498
f 3498 3534 3499
f 3498 3533 3527
f 3498 3527 3534
f 3499 3534 3500
f 3500 3534 3527
f 3500 3527 3535
f 3500 3535 3536
f 3500 3536 3537
f 3500 3537 3538
f 3500 3538 3502
f 3502 3538 3539
f 3502 3539 3562
f 3502 3562 3536
f 3502 3536 3535
f 3502 3535 3527
f 3502 3527 3526
f 3502 3526 3561
f 3502 3561 3563
f 3502 3563 3540
f 3502 3540 3541
f 3502 3541 3503
f 3503 3541 3542
f 3503 3542 3543
f 3504 3544 3505
f 3505 3544 3506
f 3506 3545 3508
f 3506 3508 3507
f 3508 3545 3546
f 3508 3546 3512
f 3509 3511 3547
f 3509 3547 3514
f 3510 3512 3511
f 3511 3512 3548
f 3511 3548 3549
f 3511 3549 3550
f 3511 3550 3547
f 3512 3551 3552
f 3512 3552 3553
f 3512 3553 3548
f 3512 3546 3554
f 3512 3554 3551
f 3514 3547 3515
f 3515 3547 3555
f 3515 3555 3516
f 3516 3555 3556
f 3516 3556 3557
f 3516 3557 3523
f 3518 3532 3531
f 3518 3531 3530
f 3518 3530 3519
f 3518 3527 3533
f 3520 3529 3521
f 3521 3529 3528
f 3523 3557 3524
f 3524 3557 3558
f 3524 3558 3525
f 3525 3558 3526
f 3526 3558 3559
f 3526 3559 3560
f 3526 3560 3561
f 3536 3562 3537
f 3537 3562 3539
f 3537 3539 3538
f 3540 3563 3564
f 3540 3564 3565
f 3540 3565 3566
f 3540 3566 3541
f 3541 3566 3542
f 3542 3566 3567
f 3542 3567 3568
f 3542 3568 3569
f 3542 3569 3570
f 3542 3570 3571
f 3542 3571 3543
f 3545 3572 3546
f 3546 3572 3573
f 3546 3573 3554
f 3547 3550 3574
f 3547 3574 3575
f 3547 3575 3555
f 3548 3553 3549
f 3549 3553 3576
f 3549 3576 3550
f 3550 3576 3568
f 3550 3568 3567
f 3550 3567 3564
f 3550 3564 3577
f 3550 3577 3578
f 3550 3578 3579
f 3550 3579 3574
f 3551 3573 3580
f 3551 3580 3552
f 3551 3554 3573
f 3552 3580 3583
f 3552 3583 3581
f 3552 3581 3553
f 3553 3581 3576
f 3555 3575 3556
f 3556 3575 3582
f 3556 3582 3557
f 3557 3582 3559
f 3557 3559 3558
f 3559 3582 3560
f 3560 3582 3577
f 3560 3577 3561
f 3561 3577 3564
f 3561 3564 3563
f 3564 3567 3565
f 3565 3567 3566
f 3568 3576 3569
f 3569 3583 3570
f 3569 3576 3581
f 3569 3581 3583
f 3572 3584 3573
f 3573 3584 3585
f 3573 3585 3580
f 3574 3579 3575
f 3575 3579 3582
f 3577 3582 3578
f 3578 3582 3579
f 3580 3585 3583

o geometry_26
v -0.00663659 0.00001495 0.00457948
v -0.00612565 0.00001495 0.00457948
v -0.00660967 0.00001495 0.00470971
v -0.00663659 0.00021083 0.00457948
v -0.00574757 0.00001569 0.00554935
v -0.00585351 0.00001495 0.00530298
v -0.00525478 0.00441528 0.00457948
v -0.00065753 0.00709333 0.00598421
v -0.00643175 0.00001495 0.00512972
v -0.00660967 0.00105054 0.00470971
v -0.00663600 0.00105054 0.00457948
v -0.00558838 0.00001569 0.00598421
v -0.00635683 0.00001495 0.00530298
v -0.00584882 0.00441528 0.00457948
v -0.00065753 0.00756640 0.00598421
v -0.00065753 0.00676439 0.00846923
v -0.00643175 0.00105054 0.00512972
v -0.00642882 0.00147039 0.00512972
v -0.00660382 0.00147039 0.00470971
v -0.00663191 0.00134030 0.00457948
v -0.00604723 0.00001569 0.00598421
v -0.00443775 0.00189468 0.00846923
v -0.00631294 0.00001569 0.00540351
v -0.00635683 0.00105054 0.00530298
v -0.00508681 0.00511381 0.00530298
v -0.00501775 0.00519807 0.00530298
v -0.00482812 0.00542648 0.00530298
v -0.00474502 0.00551740 0.00530298
v -0.00190648 0.00720642 0.00598421
v -0.00145876 0.00734317 0.00598421
v -0.00092675 0.00749322 0.00598421
v -0.00067977 0.00756049 0.00598421
v -0.00590852 0.00433175 0.00457948
v -0.00077751 0.00752797 0.00606608
v -0.00065753 0.00754349 0.00619935
v -0.00065753 0.00724412 0.00846923
v -0.00631177 0.00147039 0.00540046
v -0.00640834 0.00188951 0.00512972
v -0.00591086 0.00189468 0.00628503
v -0.00633401 0.00189025 0.00530298
v -0.00657104 0.00188951 0.00470971
v -0.00662957 0.00147039 0.00457948
v -0.00492937 0.00189468 0.00846923
v -0.00510495 0.00189468 0.00810215
v -0.00551932 0.00189468 0.00718674
v -0.00631294 0.00105054 0.00540351
v -0.00465898 0.00510494 0.00630102
v -0.00454603 0.00538435 0.00604095
v -0.00579030 0.00441528 0.00474056
v -0.00518806 0.00497041 0.00530298
v -0.00506164 0.00508202 0.00541874
v -0.00460689 0.00545753 0.00576030
v -0.00465313 0.00550631 0.00554935
v -0.00466366 0.00551740 0.00549908
v -0.00412873 0.00581972 0.00604970
v -0.00404680 0.00591582 0.00598421
v -0.00396779 0.00598530 0.00598421
v -0.00367866 0.00622479 0.00598421
v -0.00347090 0.00637854 0.00598421
v -0.00273522 0.00682131 0.00598421
v -0.00227637 0.00705046 0.00598421
v -0.00172213 0.00715394 0.00671532
v -0.00125040 0.00713620 0.00785997
v -0.00104381 0.00718129 0.00802713
v -0.00103912 0.00724264 0.00764749
v -0.00145876 0.00729291 0.00638937
v -0.00592667 0.00430071 0.00457948
v -0.00592081 0.00428888 0.00462937
v -0.00103912 0.00730252 0.00722786
v -0.00065753 0.00730030 0.00806369
v -0.00090159 0.00715986 0.00846923
v -0.00629070 0.00213861 0.00535134
v -0.00630650 0.00217557 0.00530298
v -0.00635508 0.00229014 0.00515257
v -0.00651954 0.00230936 0.00470971
v -0.00654412 0.00230936 0.00457948
v -0.00659504 0.00188951 0.00457948
v -0.00660674 0.00176015 0.00457948
v -0.00492879 0.00190355 0.00846923
v -0.00509852 0.00230936 0.00801571
v -0.00549708 0.00230936 0.00713457
v -0.00424462 0.00510937 0.00722786
v -0.00414161 0.00540430 0.00691904
v -0.00454427 0.00495710 0.00680861
v -0.00420423 0.00547600 0.00663916
v -0.00527936 0.00483735 0.00530298
v -0.00508798 0.00470800 0.00596898
v -0.00481817 0.00482996 0.00639317
v -0.00425983 0.00553366 0.00638937
v -0.00372431 0.00583672 0.00692628
v -0.00378752 0.00589512 0.00664678
v -0.00384312 0.00594317 0.00638937
v -0.00334272 0.00628910 0.00658700
v -0.00340008 0.00633271 0.00630750
v -0.00293479 0.00630093 0.00745291
v -0.00261934 0.00678213 0.00638937
v -0.00181577 0.00680357 0.00806750
v -0.00150909 0.00705933 0.00764749
v -0.00110994 0.00706820 0.00846923
v -0.00595300 0.00424527 0.00457948
v -0.00631704 0.00344917 0.00457948
v -0.00599924 0.00402352 0.00474551
v -0.00585526 0.00418761 0.00490924
v -0.00545904 0.00422088 0.00579039
v -0.00497678 0.00453281 0.00648494
v -0.00503706 0.00463408 0.00620507
v -0.00542860 0.00460229 0.00531783
v -0.00588862 0.00230936 0.00623248
v -0.00586989 0.00254146 0.00618983
v -0.00633050 0.00272921 0.00502500
v -0.00645633 0.00272921 0.00470971
v -0.00648384 0.00272921 0.00457948
v -0.00487319 0.00228718 0.00846923
v -0.00480413 0.00270186 0.00846923
v -0.00479945 0.00272995 0.00846923
v -0.00505930 0.00272995 0.00793041
v -0.00546840 0.00263238 0.00707059
v -0.00384254 0.00513155 0.00806750
v -0.00366930 0.00534147 0.00806750
v -0.00419311 0.00504506 0.00745176
v -0.00378518 0.00506059 0.00831729
v -0.00373368 0.00541909 0.00778533
v -0.00379806 0.00548931 0.00750545
v -0.00469644 0.00474717 0.00680861
v -0.00463616 0.00466217 0.00708430
v -0.00386127 0.00555584 0.00722786
v -0.00396486 0.00565636 0.00678272
v -0.00508447 0.00470356 0.00598421
v -0.00331814 0.00584855 0.00779181
v -0.00312676 0.00607770 0.00762274
v -0.00252569 0.00630832 0.00831577
v -0.00172330 0.00674887 0.00846923
v -0.00269893 0.00610948 0.00846923
v -0.00145700 0.00689153 0.00846923
v -0.00631938 0.00344326 0.00457948
v -0.00586170 0.00377515 0.00533649
v -0.00592549 0.00390747 0.00505661
v -0.00539876 0.00409448 0.00607065
v -0.00505755 0.00425340 0.00667229
v -0.00554215 0.00275509 0.00684288
v -0.00592549 0.00269373 0.00598421
v -0.00629948 0.00298645 0.00495189
v -0.00635800 0.00313502 0.00471466
v -0.00503355 0.00295910 0.00787368
v -0.00469410 0.00313798 0.00846923
v -0.00357624 0.00523060 0.00846923
v -0.00355986 0.00525055 0.00846923
v -0.00353527 0.00527938 0.00846923
v -0.00339071 0.00550188 0.00837099
v -0.00412932 0.00495858 0.00773164
v -0.00422881 0.00467917 0.00794945
v -0.00387590 0.00483144 0.00846923
v -0.00465372 0.00428001 0.00754201
v -0.00424579 0.00430071 0.00840754
v -0.00345978 0.00557431 0.00806750
v -0.00297167 0.00591508 0.00837784
v -0.00317124 0.00570293 0.00841744
v -0.00275746 0.00606069 0.00846923
v -0.00230973 0.00639480 0.00846809
v -0.00231149 0.00639259 0.00846923
v -0.00549006 0.00314981 0.00670199
v -0.00591730 0.00349574 0.00545567
v -0.00589974 0.00304632 0.00583837
v -0.00546080 0.00381433 0.00621344
v -0.00511724 0.00399099 0.00681052
v -0.00498966 0.00413292 0.00695179
v -0.00542978 0.00291179 0.00700510
v -0.00468064 0.00317494 0.00846923
v -0.00504526 0.00341148 0.00747994
v -0.00508506 0.00311876 0.00763112
v -0.00322450 0.00562384 0.00846923
v -0.00415624 0.00458012 0.00822933
v -0.00411937 0.00445446 0.00846923
v -0.00464962 0.00388159 0.00795174
v -0.00457997 0.00416174 0.00782151
v -0.00417321 0.00436797 0.00846923
v -0.00428441 0.00415213 0.00846923
v -0.00309047 0.00575689 0.00846923
v -0.00317065 0.00567854 0.00846923
v -0.00315895 0.00569037 0.00846923
v -0.00545084 0.00337230 0.00660946
v -0.00549825 0.00353492 0.00636804
v -0.00505638 0.00385277 0.00708621
v -0.00463733 0.00344326 0.00834547
v -0.00434235 0.00402278 0.00846923
v -0.00510554 0.00355857 0.00722672
f 3586 3587 3591
f 3586 3591 3598
f 3586 3598 3594
f 3586 3594 3588
f 3586 3588 3595
f 3586 3595 3589
f 3586 3589 3596
f 3586 3596 3605
f 3586 3605 3627
f 3586 3627 3663
f 3586 3663 3662
f 3586 3662 3661
f 3586 3661 3697
f 3586 3697 3720
f 3586 3720 3686
f 3586 3686 3685
f 3586 3685 3652
f 3586 3652 3618
f 3586 3618 3599
f 3586 3599 3592
f 3586 3592 3587
f 3587 3590 3591
f 3587 3592 3593
f 3587 3593 3590
f 3588 3594 3602
f 3588 3602 3595
f 3589 3595 3596
f 3590 3597 3591
f 3590 3593 3597
f 3591 3597 3606
f 3591 3606 3598
f 3592 3599 3600
f 3592 3600 3593
f 3593 3600 3620
f 3593 3620 3655
f 3593 3655 3621
f 3593 3621 3601
f 3593 3601 3597
f 3594 3598 3609
f 3594 3609 3602
f 3595 3602 3603
f 3595 3603 3604
f 3595 3604 3596
f 3596 3604 3605
f 3597 3601 3607
f 3597 3607 3628
f 3597 3628 3606
f 3598 3606 3608
f 3598 3608 3631
f 3598 3631 3609
f 3599 3610 3611
f 3599 3611 3612
f 3599 3612 3613
f 3599 3613 3614
f 3599 3614 3615
f 3599 3615 3616
f 3599 3616 3617
f 3599 3617 3600
f 3599 3618 3610
f 3600 3617 3619
f 3600 3619 3620
f 3601 3621 3656
f 3601 3656 3684
f 3601 3684 3719
f 3601 3719 3717
f 3601 3717 3745
f 3601 3745 3718
f 3601 3718 3743
f 3601 3743 3763
f 3601 3763 3765
f 3601 3765 3764
f 3601 3764 3756
f 3601 3756 3733
f 3601 3733 3732
f 3601 3732 3731
f 3601 3731 3737
f 3601 3737 3758
f 3601 3758 3761
f 3601 3761 3762
f 3601 3762 3770
f 3601 3770 3753
f 3601 3753 3730
f 3601 3730 3700
f 3601 3700 3699
f 3601 3699 3698
f 3601 3698 3664
f 3601 3664 3628
f 3601 3628 3607
f 3602 3609 3622
f 3602 3622 3603
f 3603 3623 3604
f 3603 3622 3624
f 3603 3624 3625
f 3603 3625 3623
f 3604 3623 3626
f 3604 3626 3627
f 3604 3627 3605
f 3606 3628 3629
f 3606 3629 3608
f 3608 3629 3630
f 3608 3630 3631
f 3609 3631 3622
f 3610 3632 3633
f 3610 3633 3611
f 3610 3618 3634
f 3610 3634 3635
f 3610 3635 3636
f 3610 3636 3632
f 3611 3633 3637
f 3611 3637 3612
f 3612 3637 3638
f 3612 3638 3613
f 3613 3638 3639
f 3613 3639 3640
f 3613 3640 3641
f 3613 3641 3642
f 3613 3642 3643
f 3613 3643 3644
f 3613 3644 3645
f 3613 3645 3646
f 3613 3646 3614
f 3614 3646 3647
f 3614 3647 3648
f 3614 3648 3649
f 3614 3649 3650
f 3614 3650 3651
f 3614 3651 3615
f 3615 3651 3619
f 3615 3619 3616
f 3616 3619 3617
f 3618 3652 3653
f 3618 3653 3634
f 3619 3651 3654
f 3619 3654 3655
f 3619 3655 3620
f 3621 3655 3654
f 3621 3654 3651
f 3621 3651 3650
f 3621 3650 3649
f 3621 3649 3656
f 3622 3631 3630
f 3622 3630 3624
f 3623 3625 3657
f 3623 3657 3658
f 3623 3658 3659
f 3623 3659 3626
f 3624 3630 3657
f 3624 3657 3625
f 3626 3659 3660
f 3626 3660 3661
f 3626 3661 3662
f 3626 3662 3663
f 3626 3663 3627
f 3628 3664 3629
f 3629 3664 3665
f 3629 3665 3630
f 3630 3665 3666
f 3630 3666 3657
f 3632 3667 3668
f 3632 3668 3633
f 3632 3636 3669
f 3632 3669 3667
f 3633 3668 3670
f 3633 3670 3637
f 3634 3653 3635
f 3635 3653 3671
f 3635 3671 3672
f 3635 3672 3636
f 3636 3672 3673
f 3636 3673 3669
f 3637 3670 3674
f 3637 3674 3638
f 3638 3674 3640
f 3638 3640 3639
f 3640 3674 3675
f 3640 3675 3676
f 3640 3676 3677
f 3640 3677 3642
f 3640 3642 3641
f 3642 3677 3678
f 3642 3678 3643
f 3643 3678 3679
f 3643 3679 3644
f 3644 3679 3680
f 3644 3680 3681
f 3644 3681 3645
f 3645 3681 3682
f 3645 3682 3683
f 3645 3683 3646
f 3646 3683 3648
f 3646 3648 3647
f 3648 3656 3649
f 3648 3683 3684
f 3648 3684 3656
f 3652 3685 3653
f 3653 3685 3686
f 3653 3686 3687
f 3653 3687 3688
f 3653 3688 3689
f 3653 3689 3690
f 3653 3690 3691
f 3653 3691 3672
f 3653 3672 3692
f 3653 3692 3671
f 3657 3666 3693
f 3657 3693 3658
f 3658 3693 3659
f 3659 3693 3694
f 3659 3694 3695
f 3659 3695 3696
f 3659 3696 3660
f 3660 3696 3697
f 3660 3697 3661
f 3664 3698 3665
f 3665 3698 3699
f 3665 3699 3700
f 3665 3700 3701
f 3665 3701 3702
f 3665 3702 3666
f 3666 3702 3694
f 3666 3694 3693
f 3667 3703 3704
f 3667 3704 3668
f 3667 3669 3705
f 3667 3705 3706
f 3667 3706 3703
f 3668 3704 3707
f 3668 3707 3708
f 3668 3708 3670
f 3669 3673 3709
f 3669 3709 3710
f 3669 3710 3705
f 3670 3708 3711
f 3670 3711 3712
f 3670 3712 3674
f 3671 3692 3672
f 3672 3691 3713
f 3672 3713 3709
f 3672 3709 3673
f 3674 3712 3675
f 3675 3714 3676
f 3675 3712 3711
f 3675 3711 3714
f 3676 3714 3715
f 3676 3715 3678
f 3676 3678 3677
f 3678 3715 3680
f 3678 3680 3679
f 3680 3716 3717
f 3680 3717 3681
f 3680 3715 3718
f 3680 3718 3716
f 3681 3717 3682
f 3682 3719 3683
f 3682 3717 3719
f 3683 3719 3684
f 3686 3720 3721
f 3686 3721 3722
f 3686 3722 3687
f 3687 3722 3688
f 3688 3722 3723
f 3688 3723 3689
f 3689 3723 3724
f 3689 3724 3690
f 3690 3710 3691
f 3690 3724 3710
f 3691 3710 3713
f 3694 3702 3725
f 3694 3725 3726
f 3694 3726 3695
f 3695 3725 3727
f 3695 3727 3696
f 3695 3726 3725
f 3696 3727 3728
f 3696 3728 3720
f 3696 3720 3697
f 3700 3729 3701
f 3700 3730 3729
f 3701 3729 3702
f 3702 3729 3725
f 3703 3731 3732
f 3703 3732 3704
f 3703 3706 3731
f 3704 3732 3733
f 3704 3733 3734
f 3704 3734 3707
f 3705 3710 3735
f 3705 3735 3706
f 3706 3735 3736
f 3706 3736 3737
f 3706 3737 3731
f 3707 3734 3708
f 3708 3734 3711
f 3709 3713 3710
f 3710 3736 3735
f 3710 3724 3738
f 3710 3738 3739
f 3710 3739 3736
f 3711 3740 3714
f 3711 3734 3740
f 3714 3741 3715
f 3714 3740 3734
f 3714 3734 3742
f 3714 3742 3741
f 3715 3743 3718
f 3715 3741 3743
f 3716 3718 3744
f 3716 3744 3717
f 3717 3744 3745
f 3718 3745 3744
f 3720 3746 3747
f 3720 3747 3721
f 3720 3728 3748
f 3720 3748 3746
f 3721 3749 3722
f 3721 3747 3749
f 3722 3749 3723
f 3723 3749 3750
f 3723 3750 3751
f 3723 3751 3724
f 3724 3751 3738
f 3725 3729 3752
f 3725 3752 3748
f 3725 3748 3727
f 3727 3748 3728
f 3729 3730 3753
f 3729 3753 3754
f 3729 3754 3755
f 3729 3755 3746
f 3729 3746 3752
f 3733 3756 3734
f 3734 3756 3742
f 3736 3757 3737
f 3736 3739 3757
f 3737 3757 3758
f 3738 3751 3759
f 3738 3759 3760
f 3738 3760 3739
f 3739 3761 3758
f 3739 3758 3757
f 3739 3760 3759
f 3739 3759 3762
f 3739 3762 3761
f 3741 3742 3763
f 3741 3763 3743
f 3742 3756 3764
f 3742 3764 3765
f 3742 3765 3763
f 3746 3766 3747
f 3746 3748 3752
f 3746 3755 3766
f 3747 3766 3767
f 3747 3767 3749
f 3749 3768 3750
f 3749 3767 3768
f 3750 3768 3751
f 3751 3768 3759
f 3753 3769 3754
f 3753 3770 3769
f 3754 3769 3771
f 3754 3771 3755
f 3755 3771 3766
f 3759 3770 3762
f 3759 3768 3771
f 3759 3771 3769
f 3759 3769 3770
f 3766 3771 3767
f 3767 3771 3768

o geometry_27
v -0.00236978 -0.00286230 0.00009148
v -0.00236937 -0.00286230 0.00010088
v -0.00236978 0.00000918 0.00009148
v -0.00236978 0.00326482 0.00009123
v -0.00236855 0.00000918 -0.00010988
v -0.00236896 -0.00286230 -0.00004259
v -0.00236731 -0.00286230 0.00011916
v -0.00236361 0.00000918 0.00015877
v -0.00236484 0.00326482 0.00014938
v -0.00051087 0.00513089 -0.00136779
v -0.00051087 0.00513089 -0.00158744
v -0.00236690 0.00326482 -0.00032850
v -0.00236690 0.00000918 -0.00032850
v -0.00236690 -0.00286230 -0.00032825
v -0.00196451 -0.00286230 0.00011916
v -0.00195792 0.00000918 0.00015877
v -0.00236361 0.00326482 0.00015877
v 0.00106002 0.00512933 -0.00136779
v -0.00195792 0.00326482 0.00015877
v 0.00106002 0.00512933 -0.00158744
v -0.00019900 0.00512933 -0.00200691
v -0.00051087 0.00512933 -0.00169510
v -0.00051087 0.00511446 -0.00200691
v -0.00051087 0.00510272 -0.00207674
v -0.00051087 0.00506751 -0.00225880
v -0.00231259 0.00326482 -0.00063143
v -0.00229160 -0.00286230 -0.00074823
v 0.00183313 -0.00286230 -0.00143229
v 0.00183272 0.00297298 -0.00136779
v 0.00148916 0.00511368 -0.00136779
v 0.00183272 0.00502839 -0.00136779
v 0.00180062 0.00507456 -0.00136779
v 0.00150027 0.00509255 -0.00160749
v 0.00064035 0.00511055 -0.00200691
v 0.00022068 0.00512854 -0.00200691
v -0.00019900 0.00508238 -0.00227861
v -0.00051087 0.00500257 -0.00228673
v -0.00165345 0.00326482 -0.00178092
v -0.00170365 0.00326482 -0.00172303
v -0.00183408 0.00326482 -0.00157144
v -0.00204350 0.00326482 -0.00132412
v -0.00216817 0.00326482 -0.00111387
v -0.00220232 0.00326482 -0.00101307
v -0.00229119 0.00326482 -0.00074798
v -0.00229160 0.00000918 -0.00074823
v -0.00216817 -0.00286230 -0.00111438
v 0.00183313 -0.00286230 -0.00193048
v 0.00183313 0.00000918 -0.00145793
v 0.00183313 0.00000918 -0.00193048
v 0.00183272 0.00499318 -0.00141629
v 0.00175043 0.00506751 -0.00148104
v 0.00137354 0.00506751 -0.00184948
v 0.00102793 0.00507847 -0.00199650
v 0.00064035 0.00506439 -0.00225017
v 0.00022068 0.00508160 -0.00227353
v -0.00019900 0.00482731 -0.00238779
v -0.00051087 0.00482731 -0.00234056
v -0.00150204 0.00326482 -0.00189595
v -0.00155306 0.00000918 -0.00185761
v -0.00165345 0.00000918 -0.00178117
v -0.00165345 -0.00286230 -0.00178117
v -0.00183408 -0.00286230 -0.00157144
v -0.00204392 0.00000918 -0.00132412
v -0.00216817 0.00000918 -0.00111438
v -0.00204392 -0.00286230 -0.00132412
v 0.00099172 -0.00286230 -0.00227226
v 0.00183272 0.00279459 -0.00193175
v 0.00183272 0.00314824 -0.00193175
v 0.00183272 0.00321475 -0.00192515
v 0.00183272 0.00359265 -0.00186319
v 0.00183272 0.00480384 -0.00154046
v 0.00165333 0.00491885 -0.00176086
v 0.00086664 0.00504404 -0.00222553
v 0.00064035 0.00482731 -0.00231796
v 0.00022068 0.00482731 -0.00237281
v -0.00019900 0.00440715 -0.00243477
v -0.00051087 0.00471856 -0.00235275
v -0.00111487 0.00326482 -0.00214987
v -0.00144362 0.00326482 -0.00194013
v -0.00144362 -0.00286230 -0.00194013
v 0.00063994 -0.00286230 -0.00236595
v 0.00064035 0.00000918 -0.00236595
v 0.00099172 0.00314824 -0.00227226
v 0.00097033 0.00356762 -0.00227226
v 0.00093042 0.00440715 -0.00226261
v 0.00089997 0.00482731 -0.00224458
v 0.00169241 0.00463953 -0.00179997
v 0.00064035 0.00440715 -0.00235630
v 0.00022068 0.00440715 -0.00241547
v -0.00051087 0.00440715 -0.00238068
v 0.00000261 0.00000918 -0.00242562
v -0.00019859 -0.00286230 -0.00243477
v -0.00019900 0.00000918 -0.00243477
v -0.00090504 0.00326482 -0.00224864
v -0.00111487 -0.00286230 -0.00214987
v -0.00128603 0.00000918 -0.00204068
v 0.00022068 -0.00286230 -0.00241547
v 0.00042228 0.00000918 -0.00239185
v 0.00064035 0.00314824 -0.00236595
v 0.00064035 0.00356762 -0.00236570
v 0.00064035 0.00398621 -0.00236240
v -0.00054132 0.00326482 -0.00237535
v -0.00061867 0.00326482 -0.00236163
v -0.00051087 0.00000918 -0.00238068
v -0.00006487 -0.00286230 -0.00242867
v -0.00059892 -0.00286230 -0.00236519
v -0.00076803 0.00000918 -0.00230298
v -0.00090504 -0.00286230 -0.00224864
v -0.00059892 0.00000918 -0.00236519
v -0.00061867 0.00000918 -0.00236163
v -0.00061867 -0.00286230 -0.00236138
v -0.00081370 -0.00286230 -0.00228470
f 3772 3773 3774
f 3772 3774 3775
f 3772 3775 3776
f 3772 3776 3777
f 3772 3777 3785
f 3772 3785 3798
f 3772 3798 3817
f 3772 3817 3836
f 3772 3836 3833
f 3772 3833 3832
f 3772 3832 3851
f 3772 3851 3866
f 3772 3866 3879
f 3772 3879 3883
f 3772 3883 3882
f 3772 3882 3877
f 3772 3877 3863
f 3772 3863 3876
f 3772 3876 3868
f 3772 3868 3852
f 3772 3852 3837
f 3772 3837 3818
f 3772 3818 3799
f 3772 3799 3786
f 3772 3786 3778
f 3772 3778 3773
f 3773 3778 3779
f 3773 3779 3780
f 3773 3780 3775
f 3773 3775 3774
f 3775 3780 3781
f 3775 3781 3782
f 3775 3782 3783
f 3775 3783 3776
f 3776 3784 3785
f 3776 3785 3777
f 3776 3783 3784
f 3778 3786 3787
f 3778 3787 3779
f 3779 3787 3790
f 3779 3790 3788
f 3779 3788 3780
f 3780 3788 3781
f 3781 3789 3791
f 3781 3791 3782
f 3781 3788 3790
f 3781 3790 3789
f 3782 3791 3792
f 3782 3792 3793
f 3782 3793 3783
f 3783 3793 3794
f 3783 3794 3795
f 3783 3795 3796
f 3783 3796 3797
f 3783 3797 3784
f 3784 3798 3785
f 3784 3797 3798
f 3786 3799 3787
f 3787 3800 3802
f 3787 3802 3790
f 3787 3799 3800
f 3789 3790 3801
f 3789 3801 3791
f 3790 3802 3803
f 3790 3803 3801
f 3791 3801 3804
f 3791 3804 3805
f 3791 3805 3806
f 3791 3806 3792
f 3792 3806 3807
f 3792 3807 3795
f 3792 3795 3794
f 3792 3794 3793
f 3795 3807 3796
f 3796 3808 3809
f 3796 3809 3810
f 3796 3810 3811
f 3796 3811 3812
f 3796 3812 3813
f 3796 3813 3814
f 3796 3814 3815
f 3796 3815 3797
f 3796 3807 3808
f 3797 3815 3816
f 3797 3816 3798
f 3798 3816 3835
f 3798 3835 3817
f 3799 3818 3820
f 3799 3820 3819
f 3799 3819 3802
f 3799 3802 3800
f 3801 3803 3804
f 3802 3820 3821
f 3802 3821 3822
f 3802 3822 3803
f 3802 3819 3820
f 3803 3822 3804
f 3804 3822 3823
f 3804 3823 3824
f 3804 3824 3805
f 3805 3824 3825
f 3805 3825 3826
f 3805 3826 3806
f 3806 3826 3807
f 3807 3826 3827
f 3807 3827 3808
f 3808 3827 3828
f 3808 3828 3809
f 3809 3828 3829
f 3809 3829 3830
f 3809 3830 3831
f 3809 3831 3810
f 3810 3831 3832
f 3810 3832 3833
f 3810 3833 3811
f 3811 3833 3836
f 3811 3836 3834
f 3811 3834 3812
f 3812 3834 3813
f 3813 3834 3835
f 3813 3835 3814
f 3814 3835 3816
f 3814 3816 3815
f 3817 3835 3834
f 3817 3834 3836
f 3818 3837 3838
f 3818 3838 3839
f 3818 3839 3820
f 3820 3839 3840
f 3820 3840 3841
f 3820 3841 3842
f 3820 3842 3821
f 3821 3842 3843
f 3821 3843 3822
f 3822 3843 3823
f 3823 3843 3844
f 3823 3844 3824
f 3824 3844 3825
f 3825 3844 3845
f 3825 3845 3846
f 3825 3846 3826
f 3826 3846 3827
f 3827 3846 3847
f 3827 3847 3848
f 3827 3848 3828
f 3828 3848 3849
f 3828 3849 3850
f 3828 3850 3829
f 3829 3850 3830
f 3830 3851 3832
f 3830 3832 3831
f 3830 3850 3851
f 3837 3852 3853
f 3837 3853 3870
f 3837 3870 3854
f 3837 3854 3839
f 3837 3839 3838
f 3839 3854 3855
f 3839 3855 3856
f 3839 3856 3857
f 3839 3857 3840
f 3840 3857 3858
f 3840 3858 3841
f 3841 3858 3842
f 3842 3858 3843
f 3843 3858 3844
f 3844 3858 3857
f 3844 3857 3845
f 3845 3857 3859
f 3845 3859 3860
f 3845 3860 3846
f 3846 3860 3847
f 3847 3861 3848
f 3847 3860 3862
f 3847 3862 3863
f 3847 3863 3864
f 3847 3864 3875
f 3847 3875 3861
f 3848 3861 3849
f 3849 3861 3865
f 3849 3865 3879
f 3849 3879 3866
f 3849 3866 3867
f 3849 3867 3850
f 3850 3867 3851
f 3851 3867 3866
f 3852 3868 3869
f 3852 3869 3853
f 3853 3869 3870
f 3854 3870 3871
f 3854 3871 3872
f 3854 3872 3859
f 3854 3859 3855
f 3855 3859 3856
f 3856 3859 3857
f 3859 3872 3860
f 3860 3872 3871
f 3860 3871 3870
f 3860 3870 3869
f 3860 3869 3868
f 3860 3868 3862
f 3861 3873 3874
f 3861 3874 3865
f 3861 3875 3873
f 3862 3868 3876
f 3862 3876 3863
f 3863 3877 3875
f 3863 3875 3864
f 3865 3874 3878
f 3865 3878 3879
f 3873 3875 3877
f 3873 3877 3880
f 3873 3880 3874
f 3874 3880 3877
f 3874 3877 3881
f 3874 3881 3878
f 3877 3882 3881
f 3878 3881 3882
f 3878 3882 3883
f 3878 3883 3879

o geometry_28
v 0.00823850 0.00273060 0.00260832
v 0.00823912 0.00272847 0.00261017
v 0.00823035 0.00273060 0.00218873
v 0.00822721 0.00273060 0.00280005
v 0.00823912 -0.00272549 0.00261017
v 0.00823097 0.00272847 0.00219058
v 0.00818520 0.00273060 0.00176914
v 0.00822721 -0.00272549 0.00280005
v 0.00779392 0.00273060 0.00280005
v 0.00823097 -0.00272549 0.00219058
v 0.00818520 -0.00272549 0.00177053
v 0.00806794 -0.00230838 0.00141717
v 0.00806794 0.00272847 0.00141717
v 0.00806731 0.00273060 0.00141624
v 0.00779517 -0.00272549 0.00280005
v 0.00183564 0.00273060 -0.00145604
v 0.00183376 0.00272847 -0.00145697
v 0.00183376 -0.00272549 -0.00145697
v 0.00806668 -0.00272549 0.00141578
v 0.00759451 -0.00230838 0.00068961
v 0.00759451 0.00272847 0.00068961
v 0.00759389 0.00273060 0.00068868
v 0.00183376 0.00273060 -0.00146993
v 0.00183376 -0.00272549 -0.00193028
v 0.00759326 -0.00272549 0.00068822
v 0.00712171 -0.00230838 0.00033300
v 0.00712171 0.00272847 0.00033300
v 0.00712046 0.00273060 0.00033254
v 0.00183376 0.00273060 -0.00193074
v 0.00190085 -0.00272549 -0.00190897
v 0.00732425 -0.00272549 0.00048583
v 0.00711983 -0.00272549 0.00033208
v 0.00691165 -0.00272549 0.00017971
v 0.00691165 0.00272847 0.00017971
v 0.00690977 0.00273060 0.00017878
v 0.00189897 0.00273060 -0.00190944
v 0.00214352 0.00273060 -0.00181125
v 0.00399960 -0.00272549 -0.00106331
v 0.00653416 -0.00272549 -0.00003055
v 0.00653604 -0.00230838 -0.00003009
v 0.00653604 0.00272847 -0.00003009
v 0.00653479 0.00273060 -0.00003055
v 0.00609585 0.00273060 -0.00021858
v 0.00632410 -0.00272549 -0.00012642
v 0.00632473 0.00273060 -0.00012595
f 3884 3885 3889
f 3884 3889 3886
f 3884 3886 3890
f 3884 3890 3897
f 3884 3897 3905
f 3884 3905 3911
f 3884 3911 3918
f 3884 3918 3925
f 3884 3925 3928
f 3884 3928 3926
f 3884 3926 3920
f 3884 3920 3919
f 3884 3919 3912
f 3884 3912 3906
f 3884 3906 3899
f 3884 3899 3892
f 3884 3892 3887
f 3884 3887 3885
f 3885 3888 3893
f 3885 3893 3889
f 3885 3887 3891
f 3885 3891 3888
f 3886 3889 3890
f 3887 3892 3898
f 3887 3898 3891
f 3888 3891 3898
f 3888 3898 3901
f 3888 3901 3907
f 3888 3907 3913
f 3888 3913 3921
f 3888 3921 3927
f 3888 3927 3922
f 3888 3922 3916
f 3888 3916 3915
f 3888 3915 3914
f 3888 3914 3908
f 3888 3908 3902
f 3888 3902 3894
f 3888 3894 3893
f 3889 3893 3890
f 3890 3894 3895
f 3890 3895 3896
f 3890 3896 3897
f 3890 3893 3894
f 3892 3899 3900
f 3892 3900 3901
f 3892 3901 3898
f 3894 3902 3895
f 3895 3902 3908
f 3895 3908 3903
f 3895 3903 3904
f 3895 3904 3896
f 3896 3904 3905
f 3896 3905 3897
f 3899 3906 3900
f 3900 3906 3912
f 3900 3912 3907
f 3900 3907 3901
f 3903 3908 3905
f 3903 3905 3904
f 3905 3908 3909
f 3905 3909 3910
f 3905 3910 3911
f 3907 3912 3913
f 3908 3914 3909
f 3909 3914 3915
f 3909 3915 3916
f 3909 3916 3917
f 3909 3917 3910
f 3910 3917 3918
f 3910 3918 3911
f 3912 3919 3913
f 3913 3919 3920
f 3913 3920 3921
f 3916 3922 3923
f 3916 3923 3924
f 3916 3924 3917
f 3917 3924 3918
f 3918 3924 3925
f 3920 3926 3921
f 3921 3926 3927
f 3922 3927 3923
f 3923 3927 3924
f 3924 3927 3928
f 3924 3928 3925
f 3926 3928 3927

o geometry_29
v 0.03382127 0.00000034 0.03799342
v 0.03328273 0.00000034 0.03799342
v 0.03444182 0.00000034 0.03641509
v 0.03443504 0.00084884 0.03611279
v 0.03424584 0.00188942 0.03611279
v 0.03413478 0.00230808 0.03611279
v 0.03400595 0.00267079 0.03611279
v 0.03364563 0.00342978 0.03611279
v 0.03276646 0.00461022 0.03611279
v 0.03203065 0.00461022 0.03611279
v 0.03266056 -0.00285753 0.03799342
v 0.03443762 -0.00047427 0.03640958
v 0.03427296 0.00188942 0.03577399
v 0.03416060 0.00230808 0.03577399
v 0.03358558 0.00376452 0.03493455
v 0.03324140 0.00429413 0.03535393
v 0.03280618 0.00461022 0.03605907
v 0.03119539 0.00461022 0.03095914
v 0.03138556 -0.00429532 0.03095914
v 0.03266056 -0.00380487 0.03799342
v 0.03379770 -0.00062998 0.03799342
v 0.03373862 -0.00119036 0.03799342
v 0.03402339 -0.00214330 0.03683515
v 0.03442180 -0.00075492 0.03633315
v 0.03443988 -0.00087894 0.03605288
v 0.03449219 -0.00020946 0.03577399
v 0.03449348 0.00021013 0.03577399
v 0.03444150 0.00090572 0.03552470
v 0.03410507 0.00230808 0.03451449
v 0.03403727 0.00259060 0.03451449
v 0.03367662 0.00353234 0.03451449
v 0.03357105 0.00374214 0.03451449
v 0.03325076 0.00430905 0.03493455
v 0.03299925 0.00461022 0.03535393
v 0.03203872 0.00461022 0.03095914
v 0.03216916 -0.00429532 0.03095914
v 0.03266056 -0.00491538 0.03568515
v 0.03266056 -0.00445197 0.03703348
v 0.03266056 -0.00421583 0.03743821
v 0.03360527 -0.00194749 0.03799342
v 0.03360108 -0.00295171 0.03725797
v 0.03398561 -0.00242302 0.03671602
v 0.03423906 -0.00188968 0.03619405
v 0.03445538 -0.00039921 0.03539696
v 0.03445893 0.00017004 0.03532776
v 0.03399691 0.00245167 0.03398701
v 0.03414414 0.00188942 0.03409512
v 0.03425908 0.00104931 0.03409512
v 0.03421355 0.00146890 0.03409512
v 0.03324657 0.00399482 0.03328806
v 0.03317877 0.00420369 0.03344920
v 0.03292402 0.00461022 0.03366473
v 0.03300441 0.00461022 0.03493455
v 0.03239613 0.00461022 0.03166291
v 0.03246297 0.00442747 0.03156513
v 0.03268898 -0.00322584 0.03095914
v 0.03239807 -0.00429532 0.03130345
v 0.03252916 -0.00429532 0.03156444
v 0.03309579 -0.00429532 0.03336450
v 0.03326013 -0.00429532 0.03493593
v 0.03284072 -0.00471025 0.03577399
v 0.03282813 -0.00427574 0.03703348
v 0.03280585 -0.00383937 0.03774207
v 0.03327062 -0.00287431 0.03799342
v 0.03358009 -0.00333773 0.03678419
v 0.03403953 -0.00258433 0.03619405
v 0.03380884 -0.00293585 0.03661169
v 0.03416254 -0.00230927 0.03577399
v 0.03427199 -0.00188968 0.03577399
v 0.03443988 -0.00089292 0.03552883
v 0.03426101 -0.00104957 0.03409581
v 0.03430364 -0.00020946 0.03409581
v 0.03430331 0.00021013 0.03409512
v 0.03419999 0.00041993 0.03367575
v 0.03375912 0.00125910 0.03241626
v 0.03376089 0.00209875 0.03283632
v 0.03360689 0.00297382 0.03300641
v 0.03317747 0.00378410 0.03262216
v 0.03284621 0.00461022 0.03315791
v 0.03279778 0.00386895 0.03168564
v 0.03273321 0.00373561 0.03140536
v 0.03279262 -0.00345801 0.03129174
v 0.03279875 -0.00386921 0.03168288
v 0.03317715 -0.00378342 0.03262285
v 0.03317618 -0.00420022 0.03345884
v 0.03323882 -0.00429532 0.03535393
v 0.03357234 -0.00374240 0.03451449
v 0.03359397 -0.00377690 0.03514458
v 0.03326949 -0.00389345 0.03661342
v 0.03318780 -0.00337689 0.03768560
v 0.03403921 -0.00259366 0.03451449
v 0.03410636 -0.00230834 0.03451449
v 0.03421582 -0.00146916 0.03409581
v 0.03417013 -0.00083931 0.03367644
v 0.03421259 -0.00020946 0.03367644
v 0.03382386 0.00041993 0.03241626
v 0.03358138 0.00202928 0.03224066
v 0.03353311 0.00297289 0.03279018
v 0.03281328 0.00329225 0.03122322
v 0.03287834 -0.00251440 0.03095914
v 0.03294856 -0.00272792 0.03115746
v 0.03360753 -0.00297315 0.03300573
v 0.03324560 -0.00399508 0.03329426
v 0.03367566 -0.00353260 0.03451449
v 0.03379673 -0.00314751 0.03619405
v 0.03362077 -0.00340579 0.03650462
v 0.03400886 -0.00249435 0.03412198
v 0.03403049 -0.00216941 0.03385273
v 0.03376235 -0.00209854 0.03283701
v 0.03375880 -0.00125936 0.03241695
v 0.03382418 -0.00041925 0.03241695
v 0.03359978 0.00253932 0.03261045
v 0.03324318 0.00125910 0.03122942
v 0.03326885 0.00062972 0.03117812
v 0.03318135 0.00212998 0.03135372
v 0.03278244 0.00297056 0.03095914
v 0.03308061 -0.00208735 0.03114610
v 0.03318135 -0.00213118 0.03135303
v 0.03358074 -0.00202954 0.03224273
v 0.03359978 -0.00253864 0.03260976
v 0.03360689 -0.00174888 0.03219039
v 0.03323107 -0.00146916 0.03125318
v 0.03326788 -0.00062905 0.03118019
v 0.03318070 0.00002644 0.03095914
v 0.03294856 0.00272766 0.03115677
v 0.03314228 0.00104931 0.03099701
v 0.03309417 0.00188942 0.03110031
v 0.03312920 -0.00125936 0.03102249
v 0.03295567 0.00212719 0.03095914
f 3929 3930 3939
f 3929 3939 3948
f 3929 3948 3992
f 3929 3992 3968
f 3929 3968 3950
f 3929 3950 3949
f 3929 3931 3932
f 3929 3932 3933
f 3929 3933 3934
f 3929 3934 3935
f 3929 3935 3936
f 3929 3936 3937
f 3929 3937 3938
f 3929 3938 3930
f 3930 3938 3939
f 3929 3940 3931
f 3933 3941 3934
f 3933 3932 3941
f 3934 3942 3935
f 3934 3941 3942
f 3935 3942 3943
f 3935 3943 3936
f 3936 3943 3944
f 3936 3944 3945
f 3936 3945 3937
f 3937 3945 3962
f 3937 3962 3981
f 3937 3981 3980
f 3937 3980 4007
f 3937 4007 3982
f 3937 3982 3963
f 3937 3963 3946
f 3937 3946 3938
f 3938 3946 3947
f 3938 3947 3948
f 3938 3948 3939
f 3929 3949 3940
f 3940 3949 3950
f 3940 3950 3951
f 3940 3951 3952
f 3940 3952 3953
f 3940 3953 3931
f 3931 3954 3955
f 3931 3953 3954
f 3931 3955 3932
f 3932 3955 3956
f 3932 3956 3941
f 3941 3957 3958
f 3941 3958 3942
f 3941 3956 3957
f 3942 3958 3943
f 3943 3958 3959
f 3943 3959 3960
f 3944 3943 3961
f 3944 3961 3962
f 3944 3962 3945
f 3946 3963 4044
f 3946 4044 4057
f 3946 4057 4052
f 3946 4052 4028
f 3946 4028 3984
f 3946 3984 3964
f 3946 3964 3947
f 3947 3964 3965
f 3947 3965 3966
f 3947 3966 3967
f 3947 3967 3948
f 3951 3968 3969
f 3951 3969 3970
f 3951 3970 3971
f 3951 3950 3968
f 3952 3951 3971
f 3952 3971 3953
f 3954 3972 3973
f 3954 3973 3955
f 3955 3973 3956
f 3957 3974 3958
f 3957 3956 3975
f 3957 3975 3974
f 3956 3976 3977
f 3956 3977 3975
f 3958 3974 3959
f 3959 3978 3979
f 3959 3979 3960
f 3960 3979 3961
f 3960 3961 3943
f 3961 3980 3981
f 3961 3981 3962
f 3961 3979 3980
f 3963 3982 3983
f 3964 3984 3985
f 3964 3985 3965
f 3965 3985 3986
f 3965 3986 3987
f 3965 3987 3988
f 3965 3989 3966
f 3966 3989 3990
f 3966 3990 3967
f 3948 3967 3991
f 3968 3992 3969
f 3970 3969 3995
f 3970 3995 3994
f 3970 3994 3971
f 3971 3996 3997
f 3971 3997 3953
f 3953 3998 3954
f 3953 3997 3998
f 3954 3998 3972
f 3972 3998 3999
f 3972 3999 4000
f 3972 4000 3973
f 3973 4000 4001
f 3973 4001 3956
f 3956 4001 3976
f 3976 4001 4002
f 3976 4002 3977
f 3977 4003 4004
f 3977 4004 3975
f 3974 4005 3959
f 3959 4005 3978
f 3978 4006 3979
f 3978 4005 4006
f 3979 4007 3980
f 3982 4006 3983
f 3983 4006 4008
f 3983 4008 4009
f 3963 3983 4009
f 3984 4010 3985
f 3985 4010 3986
f 3986 4011 4012
f 3986 4012 3987
f 3987 4013 3988
f 3988 4014 3965
f 3988 4013 4015
f 3988 4015 4016
f 3988 4016 4014
f 3965 4014 3989
f 3989 4017 3990
f 3990 3991 3967
f 3991 3990 4018
f 3991 4018 3948
f 3969 3992 4018
f 3969 4018 3993
f 3969 3993 3995
f 3971 3994 3996
f 3996 4019 3997
f 3997 4019 4020
f 3997 4020 3998
f 3998 4020 4021
f 3998 4021 3999
f 3999 4022 4000
f 3999 4021 4022
f 4000 4022 4023
f 4000 4023 4001
f 4001 4023 4002
f 3974 3975 4005
f 3975 4004 4005
f 3977 4002 4003
f 4002 4024 4003
f 4003 4025 4004
f 3979 4006 3982
f 3979 3982 4007
f 4005 4026 4006
f 4006 4026 4008
f 4009 4008 4027
f 4009 4027 3963
f 3984 4028 4029
f 3984 4029 4010
f 4010 4011 3986
f 4012 4011 4030
f 3987 4012 4031
f 3987 4031 4013
f 4013 4031 4032
f 4013 4032 4015
f 4015 4032 4016
f 4016 4033 4034
f 4016 4034 4014
f 4016 3996 3994
f 4016 3994 4033
f 3989 4014 4017
f 4014 4034 4017
f 4017 4034 3993
f 4017 3993 4018
f 4017 4018 3990
f 4018 3992 3948
f 3993 4034 3995
f 3995 4034 4033
f 3995 4033 3994
f 3996 4016 4019
f 4019 4035 4020
f 4019 4016 4032
f 4019 4032 4035
f 4020 4035 4021
f 4021 4036 4037
f 4021 4037 4038
f 4021 4038 4022
f 4022 4038 4039
f 4022 4039 4023
f 4023 4039 4024
f 4002 4023 4024
f 4005 4004 4040
f 4005 4040 4026
f 4004 4025 4040
f 4003 4041 4025
f 4003 4024 4041
f 4024 4042 4041
f 4025 4041 4043
f 4026 4040 4027
f 4026 4027 4008
f 4027 4044 3963
f 4028 4045 4029
f 4029 4045 4046
f 4029 4046 4047
f 4029 4047 4048
f 4029 4048 4010
f 4010 4048 4030
f 4010 4030 4011
f 4030 4035 4032
f 4030 4032 4031
f 4030 4031 4012
f 4021 4035 4036
f 4036 4035 4030
f 4036 4030 4037
f 4037 4047 4038
f 4038 4047 4049
f 4038 4049 4050
f 4038 4050 4051
f 4038 4051 4039
f 4039 4052 4024
f 4039 4051 4052
f 4024 4052 4042
f 4040 4025 4053
f 4040 4053 4027
f 4041 4042 4054
f 4041 4055 4043
f 4041 4054 4055
f 4042 4052 4054
f 4043 4053 4025
f 4043 4055 4053
f 4027 4053 4044
f 4028 4056 4045
f 4045 4056 4050
f 4045 4050 4046
f 4046 4049 4047
f 4048 4037 4030
f 4037 4048 4047
f 4049 4046 4050
f 4050 4056 4051
f 4051 4056 4052
f 4054 4057 4055
f 4054 4052 4057
f 4055 4057 4044
f 4055 4044 4053
f 4056 4028 4052

o geometry_30
v 0.00084878 0.00727646 0.00457948
v -0.00381181 0.00491727 0.00847103
v 0.00084878 0.00769983 0.00457948
v 0.00409572 0.00651638 0.00457948
v -0.00319593 0.00491727 0.00847103
v -0.00357567 0.00523143 0.00847103
v -0.00065582 0.00756613 0.00598512
v 0.00084878 0.00772734 0.00471049
v 0.00575828 0.00651638 0.00457948
v -0.00265184 0.00491727 0.00965761
v 0.00731553 0.00647209 0.00530432
v 0.00827605 0.00642945 0.00598512
v 0.00882332 0.00642945 0.00647371
v 0.00909457 0.00642945 0.00683344
v 0.00976310 0.00638104 0.00847103
v -0.00288320 0.00540969 0.00965761
v -0.00315205 0.00547461 0.00894513
v -0.00315604 0.00569152 0.00847103
v -0.00272604 0.00608573 0.00847103
v -0.00231040 0.00639314 0.00847103
v -0.00172164 0.00674939 0.00847103
v -0.00110736 0.00706849 0.00847103
v -0.00042446 0.00755953 0.00665197
v -0.00061433 0.00757631 0.00598512
v 0.00022333 0.00768965 0.00598512
v 0.00064136 0.00772129 0.00598512
v 0.00190184 0.00772404 0.00471049
v 0.00211246 0.00768071 0.00457948
v 0.00556522 0.00681073 0.00457948
v 0.00643320 0.00651638 0.00486190
v 0.01218514 0.00637196 0.01438997
v 0.00745594 0.00647209 0.00538378
v 0.00635342 0.00674746 0.00489411
v 0.00820665 0.00672394 0.00617519
v 0.00848826 0.00676947 0.00651559
v 0.00928284 0.00642945 0.00722324
v 0.00877705 0.00667126 0.00680875
v -0.00327570 0.00491727 0.00965761
v -0.00309301 0.00515578 0.00965761
v -0.00290873 0.00585891 0.00865895
v -0.00202479 0.00624748 0.00955882
v -0.00245559 0.00626000 0.00859667
v -0.00195459 0.00634404 0.00941922
v -0.00090472 0.00715845 0.00847103
v -0.00061752 0.00725583 0.00848821
v -0.00019789 0.00726188 0.00932795
v 0.00059828 0.00756297 0.00880070
v 0.00085197 0.00767356 0.00764929
v 0.00148062 0.00770781 0.00827828
v 0.00441962 0.00772734 0.00555022
v 0.00579179 0.00710123 0.00495640
v 0.00084081 0.00594584 0.01438997
v 0.01248829 0.00657663 0.01554970
v 0.00760911 0.00675489 0.00572526
v 0.00699323 0.00675475 0.00530324
v 0.00609494 0.00723465 0.00523989
v 0.00686399 0.00722475 0.00567049
v 0.00856804 0.00681321 0.00680875
v 0.00761550 0.00716230 0.00614083
v 0.00006218 0.00594584 0.01438997
v -0.00001122 0.00594584 0.01427829
v -0.00058402 0.00594584 0.01320553
v -0.00248272 0.00585437 0.00959103
v -0.00104353 0.00680275 0.00971989
v 0.00420821 0.00772239 0.01310406
v 0.00373573 0.00772703 0.01151936
v 0.00654648 0.00772706 0.01554970
v 0.00819468 0.00772651 0.01554970
v 0.00483765 0.00772431 0.00598512
v 0.00483605 0.00771661 0.00555022
v 0.00358196 0.00771689 0.00513036
v 0.00232307 0.00770726 0.00471049
v 0.00550937 0.00756889 0.00532472
v 0.00220181 0.00637911 0.01554755
v 0.01235586 0.00665613 0.01554970
v 0.00724932 0.00709738 0.00579881
v 0.01200644 0.00684072 0.01554970
v 0.00768091 0.00718788 0.00639103
v 0.00631832 0.00755981 0.00575317
v 0.00735542 0.00730865 0.00639103
v 0.00124767 0.00637911 0.01554755
v -0.00024018 0.00622121 0.01320553
v -0.00006546 0.00634748 0.01320553
v -0.00002079 0.00673756 0.01202647
v 0.00021376 0.00680908 0.01224446
v -0.00060476 0.00703741 0.00965761
v 0.00082964 0.00714442 0.01210057
v 0.00106418 0.00726766 0.01184607
v 0.00170400 0.00754468 0.01119318
v 0.00205980 0.00756338 0.01173976
v 0.00253049 0.00767906 0.01100741
v 0.00273951 0.00770121 0.01100634
v 0.00378858 0.00771276 0.01268580
v 0.00861431 0.00771606 0.01554970
v 0.00525728 0.00770643 0.00596901
v 0.00567531 0.00767507 0.00596901
v 0.00525728 0.00767342 0.00555022
v 0.00483605 0.00763353 0.00520982
v 0.00358196 0.00763161 0.00480499
v 0.00302830 0.00758594 0.00457948
v 0.00481451 0.00709820 0.00457948
v 0.00578860 0.00751882 0.00540203
v 0.01148948 0.00707647 0.01554970
v 0.01115601 0.00722420 0.01554970
v 0.00986522 0.00758429 0.01554970
v 0.01071405 0.00735321 0.01554970
v 0.00609494 0.00761978 0.00596901
v 0.00155082 0.00679945 0.01478406
v 0.00197205 0.00679285 0.01554755
v 0.00041001 0.00631474 0.01420097
v 0.00063897 0.00704539 0.01213922
v 0.00251374 0.00725872 0.01458701
v 0.00334900 0.00755926 0.01420205
v 0.00567531 0.00772266 0.01554755
v 0.00525887 0.00769873 0.01554755
v 0.00483605 0.00765086 0.01554755
v 0.00422177 0.00756971 0.01554755
v 0.00316073 0.00728719 0.01554755
v 0.00282088 0.00717825 0.01554755
v 0.00246747 0.00702723 0.01554755
v 0.00903553 0.00769350 0.01554970
v 0.00945516 0.00765031 0.01554970
v 0.00426644 0.00757054 0.00490378
v 0.00190504 0.00697331 0.01478406
v 0.00378778 0.00755596 0.01499668
v 0.00168804 0.00713727 0.01374352
v 0.00247624 0.00715515 0.01509117
v 0.00348144 0.00748416 0.00457948
v 0.00399999 0.00766654 0.01394433
f 4058 4059 4060
f 4058 4060 4085
f 4058 4085 4157
f 4058 4157 4185
f 4058 4185 4158
f 4058 4158 4086
f 4058 4086 4066
f 4058 4066 4061
f 4058 4061 4059
f 4059 4062 4067
f 4059 4067 4095
f 4059 4063 4064
f 4059 4064 4060
f 4059 4061 4066
f 4059 4066 4062
f 4060 4065 4084
f 4060 4064 4065
f 4062 4066 4068
f 4062 4068 4069
f 4062 4069 4070
f 4062 4070 4071
f 4062 4071 4072
f 4062 4072 4067
f 4063 4073 4074
f 4064 4063 4075
f 4064 4075 4076
f 4064 4076 4077
f 4064 4077 4078
f 4064 4078 4079
f 4064 4080 4081
f 4064 4081 4065
f 4065 4081 4082
f 4065 4082 4083
f 4065 4123 4124
f 4065 4124 4107
f 4065 4107 4084
f 4060 4084 4085
f 4066 4086 4087
f 4066 4087 4068
f 4067 4072 4088
f 4068 4089 4069
f 4068 4087 4090
f 4068 4090 4089
f 4069 4091 4070
f 4070 4091 4092
f 4070 4092 4071
f 4071 4093 4072
f 4071 4092 4094
f 4071 4094 4093
f 4072 4093 4088
f 4059 4095 4096
f 4059 4096 4063
f 4063 4096 4073
f 4074 4075 4063
f 4075 4074 4097
f 4075 4097 4076
f 4076 4098 4099
f 4076 4099 4077
f 4077 4099 4100
f 4077 4100 4078
f 4064 4079 4101
f 4064 4101 4102
f 4064 4102 4080
f 4080 4102 4103
f 4080 4103 4104
f 4080 4104 4081
f 4081 4105 4082
f 4083 4082 4106
f 4086 4108 4090
f 4086 4090 4087
f 4067 4109 4117
f 4067 4117 4095
f 4067 4088 4110
f 4067 4110 4109
f 4088 4093 4110
f 4089 4090 4112
f 4090 4113 4114
f 4090 4114 4112
f 4089 4111 4069
f 4069 4111 4091
f 4092 4115 4094
f 4092 4091 4116
f 4092 4116 4115
f 4094 4115 4110
f 4094 4110 4093
f 4095 4117 4118
f 4095 4118 4119
f 4095 4119 4096
f 4096 4119 4073
f 4074 4073 4120
f 4074 4120 4097
f 4097 4120 4076
f 4076 4120 4098
f 4099 4098 4100
f 4100 4121 4078
f 4078 4121 4079
f 4104 4105 4081
f 4082 4105 4106
f 4065 4083 4123
f 4107 4124 4125
f 4107 4126 4127
f 4107 4127 4128
f 4107 4128 4084
f 4084 4128 4129
f 4084 4129 4085
f 4108 4130 4113
f 4108 4113 4090
f 4109 4110 4131
f 4109 4131 4138
f 4109 4138 4117
f 4110 4138 4131
f 4110 4115 4132
f 4110 4132 4134
f 4110 4134 4160
f 4110 4160 4161
f 4110 4161 4163
f 4110 4163 4162
f 4110 4162 4179
f 4110 4179 4178
f 4110 4178 4151
f 4110 4151 4125
f 4110 4125 4124
f 4111 4116 4091
f 4111 4089 4112
f 4111 4112 4133
f 4111 4133 4116
f 4112 4114 4133
f 4115 4134 4132
f 4115 4116 4135
f 4115 4135 4134
f 4116 4133 4114
f 4116 4114 4136
f 4116 4136 4137
f 4116 4137 4135
f 4117 4138 4118
f 4119 4120 4073
f 4120 4119 4098
f 4098 4139 4140
f 4098 4140 4100
f 4100 4140 4141
f 4121 4142 4143
f 4121 4141 4142
f 4121 4143 4079
f 4079 4143 4101
f 4101 4143 4144
f 4102 4101 4103
f 4103 4101 4144
f 4103 4144 4145
f 4103 4145 4146
f 4103 4146 4104
f 4104 4146 4147
f 4104 4147 4148
f 4106 4105 4148
f 4106 4122 4083
f 4106 4149 4150
f 4106 4150 4122
f 4122 4123 4083
f 4123 4122 4124
f 4107 4125 4126
f 4126 4125 4151
f 4126 4151 4152
f 4126 4152 4127
f 4127 4152 4153
f 4127 4153 4154
f 4127 4154 4155
f 4127 4155 4128
f 4129 4128 4156
f 4129 4156 4085
f 4085 4156 4157
f 4086 4158 4108
f 4108 4158 4130
f 4113 4130 4159
f 4113 4159 4114
f 4110 4124 4138
f 4134 4135 4160
f 4135 4137 4161
f 4135 4161 4160
f 4136 4162 4163
f 4136 4163 4161
f 4136 4161 4137
f 4136 4114 4159
f 4136 4159 4130
f 4138 4124 4166
f 4138 4166 4165
f 4119 4118 4139
f 4119 4139 4098
f 4118 4138 4167
f 4118 4167 4139
f 4139 4167 4140
f 4140 4142 4141
f 4100 4141 4121
f 4142 4168 4143
f 4143 4168 4144
f 4145 4169 4170
f 4145 4170 4147
f 4145 4147 4146
f 4104 4148 4105
f 4106 4148 4149
f 4124 4171 4172
f 4124 4172 4173
f 4124 4173 4174
f 4124 4174 4175
f 4124 4175 4176
f 4124 4176 4177
f 4124 4177 4166
f 4151 4178 4152
f 4152 4178 4153
f 4153 4178 4179
f 4153 4179 4164
f 4153 4164 4154
f 4154 4130 4155
f 4154 4164 4136
f 4154 4136 4130
f 4128 4155 4156
f 4156 4155 4180
f 4156 4180 4157
f 4130 4158 4180
f 4136 4164 4162
f 4162 4164 4179
f 4165 4167 4138
f 4140 4167 4165
f 4140 4165 4142
f 4142 4181 4168
f 4144 4169 4145
f 4170 4169 4182
f 4144 4168 4183
f 4148 4147 4170
f 4122 4171 4124
f 4174 4173 4182
f 4175 4174 4182
f 4175 4182 4169
f 4176 4175 4184
f 4176 4184 4177
f 4130 4180 4155
f 4180 4185 4157
f 4180 4158 4185
f 4166 4177 4181
f 4166 4181 4165
f 4165 4181 4142
f 4181 4183 4168
f 4144 4183 4169
f 4169 4183 4184
f 4169 4184 4175
f 4182 4173 4170
f 4183 4181 4184
f 4170 4186 4148
f 4148 4186 4149
f 4150 4149 4186
f 4150 4186 4172
f 4150 4172 4171
f 4150 4171 4122
f 4172 4186 4173
f 4173 4186 4170
f 4177 4184 4181

o geometry_31
v -0.00397634 -0.00316164 0.00280839
v -0.00585583 -0.00316164 0.00457906
v -0.00109188 -0.00316209 0.00342437
v -0.00095526 -0.00316209 0.00303085
v -0.00102627 -0.00316209 0.00280123
v -0.00638533 -0.00316164 0.00457906
v -0.00410215 -0.00514071 0.00598393
v -0.00145388 -0.00316209 0.00352158
v 0.00142903 -0.00731642 0.00598393
v 0.00120905 -0.00492260 0.00371600
v 0.00120905 -0.00474561 0.00345054
v 0.00120905 -0.00472594 0.00303085
v 0.00120905 -0.00474740 0.00280123
v -0.00376678 -0.00503791 0.00280528
v -0.00645634 -0.00316164 0.00428992
v -0.00631972 -0.00344322 0.00457906
v -0.00473971 -0.00514071 0.00598206
v 0.00142903 -0.00731642 0.00530284
v 0.00120905 -0.00518987 0.00280123
v -0.00378878 -0.00547010 0.00281494
v -0.00460927 -0.00462315 0.00281961
v -0.00442248 -0.00316164 0.00281712
v -0.00632744 -0.00347808 0.00401480
v -0.00634288 -0.00351115 0.00428992
v -0.00594383 -0.00442470 0.00425720
v -0.00592298 -0.00431163 0.00457906
v -0.00546295 -0.00506026 0.00453855
v 0.00142903 -0.00772717 0.00598175
v 0.00105931 -0.00772717 0.00598393
v 0.00142903 -0.00772717 0.00530284
v 0.00120905 -0.00690881 0.00348077
v 0.00087020 -0.00672244 0.00323680
v 0.00000996 -0.00681697 0.00316312
v -0.00019960 -0.00650656 0.00304581
v -0.00062027 -0.00650656 0.00301372
v -0.00146469 -0.00534764 0.00280123
v -0.00292467 -0.00588218 0.00281899
v -0.00448500 -0.00490293 0.00286759
v -0.00522753 -0.00437420 0.00311591
v -0.00523602 -0.00398893 0.00296698
v -0.00523602 -0.00356881 0.00290093
v -0.00461004 -0.00333238 0.00282086
v -0.00637530 -0.00316164 0.00393940
v -0.00586046 -0.00334623 0.00324646
v -0.00595617 -0.00392994 0.00372737
v -0.00586818 -0.00462315 0.00407525
v -0.00583499 -0.00457488 0.00437529
v 0.00084550 -0.00772717 0.00470960
v 0.00120905 -0.00769946 0.00457937
v 0.00120905 -0.00763554 0.00428649
v 0.00120905 -0.00753900 0.00409861
v 0.00021952 -0.00701161 0.00336486
v -0.00019960 -0.00704290 0.00333557
v -0.00082983 -0.00683887 0.00313025
v -0.00124934 -0.00650656 0.00300609
v -0.00324924 -0.00581023 0.00282802
v -0.00355722 -0.00601895 0.00310034
v -0.00383818 -0.00592822 0.00318602
v -0.00406896 -0.00533513 0.00287164
v -0.00187841 -0.00650656 0.00301247
v -0.00230294 -0.00653517 0.00308195
v -0.00508242 -0.00469287 0.00317636
v -0.00469495 -0.00513534 0.00314738
v -0.00545369 -0.00421151 0.00323026
v -0.00551081 -0.00398893 0.00315985
v -0.00560575 -0.00356881 0.00307572
v -0.00569297 -0.00316164 0.00306139
v -0.00523602 -0.00316164 0.00290124
v -0.00588902 -0.00316164 0.00320658
v -0.00543053 -0.00480997 0.00367456
v -0.00549691 -0.00510763 0.00401106
v -0.00549691 -0.00510674 0.00428992
v -0.00522522 -0.00543882 0.00428992
v -0.00506930 -0.00550407 0.00457906
v -0.00413689 -0.00583034 0.00598393
v 0.00063941 -0.00771376 0.00598393
v -0.00019960 -0.00770974 0.00428961
v 0.00021952 -0.00770348 0.00428961
v -0.00019960 -0.00763420 0.00396993
v 0.00021952 -0.00743040 0.00378704
v -0.00062027 -0.00705318 0.00332716
v -0.00271666 -0.00643282 0.00309940
v -0.00306400 -0.00635997 0.00317106
v -0.00334495 -0.00629471 0.00324210
v -0.00428277 -0.00554340 0.00315175
v -0.00145929 -0.00681361 0.00314084
v -0.00230602 -0.00671752 0.00323836
v -0.00187841 -0.00677786 0.00317542
v -0.00498826 -0.00541379 0.00369762
v -0.00510944 -0.00554966 0.00397772
v -0.00492110 -0.00577045 0.00428992
v -0.00465635 -0.00592241 0.00457937
v -0.00062027 -0.00768649 0.00428961
v -0.00062027 -0.00762705 0.00397211
v -0.00019960 -0.00745855 0.00375993
v -0.00103939 -0.00714435 0.00344166
v -0.00288106 -0.00680311 0.00356629
v -0.00332489 -0.00670322 0.00367207
v -0.00383355 -0.00634209 0.00361318
v -0.00411296 -0.00624242 0.00371818
v -0.00456682 -0.00584107 0.00369326
v -0.00145929 -0.00722033 0.00357050
v -0.00200577 -0.00716469 0.00362892
v -0.00470112 -0.00596263 0.00397336
v -0.00458959 -0.00607661 0.00428992
v -0.00420558 -0.00631080 0.00454478
v -0.00367686 -0.00622410 0.00598393
v -0.00019266 -0.00764806 0.00598393
v -0.00103939 -0.00764314 0.00428961
v -0.00137824 -0.00758012 0.00403630
v -0.00062027 -0.00746392 0.00376211
v -0.00103939 -0.00745319 0.00378797
v -0.00241254 -0.00710591 0.00369887
v -0.00377874 -0.00672378 0.00406652
v -0.00426116 -0.00635237 0.00399798
v -0.00249976 -0.00720871 0.00392522
v -0.00425730 -0.00634924 0.00428992
v -0.00061487 -0.00758593 0.00598393
v -0.00139445 -0.00758638 0.00428961
v -0.00229831 -0.00733609 0.00428961
v -0.00293509 -0.00713899 0.00408553
v -0.00377874 -0.00672378 0.00410983
v -0.00346845 -0.00638500 0.00598393
v -0.00187764 -0.00729631 0.00554898
v -0.00356957 -0.00680199 0.00426561
v -0.00191700 -0.00721810 0.00598393
v -0.00213544 -0.00715731 0.00586803
v -0.00275525 -0.00682591 0.00598393
v -0.00294590 -0.00672244 0.00598393
f 4187 4208 4254
f 4187 4254 4253
f 4187 4253 4255
f 4187 4255 4229
f 4187 4229 4201
f 4187 4201 4192
f 4187 4192 4188
f 4187 4188 4189
f 4187 4189 4190
f 4187 4190 4191
f 4188 4192 4203
f 4188 4203 4193
f 4188 4193 4194
f 4188 4194 4189
f 4189 4194 4193
f 4189 4193 4195
f 4189 4195 4196
f 4189 4196 4197
f 4189 4197 4190
f 4190 4197 4198
f 4190 4198 4199
f 4190 4199 4191
f 4191 4199 4205
f 4191 4205 4222
f 4192 4201 4202
f 4192 4202 4203
f 4193 4203 4261
f 4193 4261 4293
f 4193 4293 4309
f 4193 4309 4315
f 4193 4315 4314
f 4193 4314 4312
f 4193 4312 4304
f 4193 4304 4294
f 4193 4294 4262
f 4193 4262 4215
f 4193 4215 4195
f 4195 4214 4216
f 4195 4216 4204
f 4195 4204 4198
f 4195 4198 4197
f 4195 4197 4196
f 4198 4204 4199
f 4199 4204 4216
f 4199 4216 4205
f 4191 4200 4187
f 4200 4206 4207
f 4187 4200 4208
f 4201 4209 4210
f 4201 4210 4202
f 4202 4210 4211
f 4202 4211 4212
f 4202 4212 4203
f 4203 4212 4213
f 4195 4215 4214
f 4205 4217 4218
f 4205 4218 4219
f 4205 4219 4220
f 4205 4220 4221
f 4205 4216 4217
f 4200 4191 4222
f 4200 4222 4223
f 4200 4223 4206
f 4207 4224 4225
f 4207 4225 4226
f 4207 4226 4227
f 4207 4206 4224
f 4200 4207 4228
f 4200 4228 4208
f 4201 4229 4209
f 4209 4229 4230
f 4209 4231 4232
f 4209 4232 4210
f 4210 4232 4211
f 4212 4211 4233
f 4212 4233 4213
f 4214 4215 4234
f 4214 4234 4216
f 4216 4234 4235
f 4216 4235 4236
f 4216 4236 4237
f 4216 4237 4217
f 4218 4217 4238
f 4218 4238 4219
f 4219 4238 4239
f 4220 4219 4221
f 4221 4219 4240
f 4221 4240 4241
f 4221 4241 4223
f 4221 4223 4205
f 4205 4223 4222
f 4206 4223 4242
f 4206 4243 4244
f 4206 4244 4245
f 4223 4241 4246
f 4223 4246 4247
f 4223 4247 4242
f 4206 4245 4224
f 4224 4248 4225
f 4224 4249 4248
f 4225 4248 4250
f 4225 4250 4251
f 4225 4251 4226
f 4226 4251 4252
f 4226 4252 4227
f 4227 4252 4253
f 4227 4253 4254
f 4227 4254 4207
f 4207 4254 4228
f 4224 4245 4249
f 4228 4254 4208
f 4229 4255 4230
f 4230 4255 4252
f 4230 4252 4251
f 4230 4231 4209
f 4232 4250 4256
f 4232 4257 4258
f 4232 4258 4233
f 4232 4233 4211
f 4233 4258 4213
f 4213 4258 4259
f 4213 4259 4260
f 4213 4260 4203
f 4203 4260 4261
f 4215 4263 4234
f 4234 4263 4264
f 4234 4264 4235
f 4235 4264 4236
f 4236 4264 4265
f 4236 4265 4237
f 4237 4238 4217
f 4239 4238 4266
f 4239 4267 4240
f 4239 4240 4219
f 4242 4247 4268
f 4242 4268 4269
f 4242 4269 4243
f 4242 4243 4206
f 4243 4269 4270
f 4243 4270 4244
f 4244 4271 4245
f 4245 4271 4249
f 4241 4240 4246
f 4246 4240 4272
f 4246 4272 4247
f 4247 4273 4268
f 4247 4272 4274
f 4247 4274 4273
f 4248 4256 4250
f 4249 4275 4248
f 4250 4232 4251
f 4251 4231 4230
f 4252 4255 4253
f 4231 4251 4232
f 4256 4257 4232
f 4257 4276 4259
f 4257 4259 4258
f 4260 4259 4277
f 4260 4277 4278
f 4260 4278 4261
f 4262 4263 4215
f 4262 4279 4263
f 4263 4280 4265
f 4263 4265 4264
f 4263 4279 4280
f 4265 4281 4266
f 4265 4266 4237
f 4237 4266 4238
f 4266 4281 4239
f 4239 4281 4267
f 4267 4282 4240
f 4240 4282 4272
f 4268 4273 4283
f 4268 4283 4269
f 4269 4283 4284
f 4269 4284 4270
f 4270 4284 4285
f 4244 4285 4286
f 4244 4286 4271
f 4244 4270 4285
f 4271 4287 4249
f 4272 4288 4274
f 4272 4282 4288
f 4273 4274 4289
f 4274 4288 4289
f 4248 4275 4257
f 4248 4257 4256
f 4249 4287 4275
f 4275 4276 4257
f 4275 4287 4276
f 4276 4290 4277
f 4276 4277 4259
f 4277 4291 4278
f 4277 4290 4291
f 4278 4291 4292
f 4278 4293 4261
f 4262 4294 4279
f 4279 4294 4295
f 4279 4295 4296
f 4279 4296 4280
f 4280 4297 4265
f 4280 4296 4298
f 4280 4298 4297
f 4265 4297 4281
f 4281 4297 4267
f 4267 4297 4282
f 4273 4289 4299
f 4273 4299 4283
f 4283 4299 4284
f 4285 4284 4286
f 4286 4301 4287
f 4286 4287 4271
f 4287 4290 4276
f 4287 4301 4290
f 4289 4302 4299
f 4289 4296 4302
f 4288 4296 4289
f 4288 4282 4298
f 4288 4298 4296
f 4290 4301 4291
f 4291 4301 4303
f 4291 4303 4292
f 4278 4292 4293
f 4295 4304 4305
f 4295 4305 4296
f 4295 4294 4304
f 4296 4305 4306
f 4296 4306 4307
f 4296 4307 4302
f 4297 4298 4282
f 4299 4302 4307
f 4299 4307 4284
f 4284 4307 4300
f 4284 4300 4286
f 4286 4300 4301
f 4301 4300 4308
f 4301 4308 4303
f 4303 4308 4292
f 4293 4292 4309
f 4306 4305 4310
f 4307 4308 4300
f 4308 4307 4311
f 4308 4309 4292
f 4305 4304 4310
f 4310 4304 4312
f 4310 4312 4306
f 4306 4313 4307
f 4307 4313 4311
f 4311 4313 4314
f 4311 4314 4308
f 4308 4314 4315
f 4308 4315 4309
f 4312 4313 4306
f 4313 4312 4314

