# https://github.com/mikedh/trimesh

o geometry_0
v 0.00933305 0.00161025 0.00776644
v 0.00933305 0.00824387 0.00776499
v 0.00942402 0.00824387 0.00778236
v 0.00959089 0.00161025 0.00784462
v 0.00924977 0.00161025 0.00777802
v 0.00907227 0.00824387 0.00782725
v 0.00967004 0.00824387 0.00787358
v 0.00976071 0.00161025 0.00793294
v 0.00907168 0.00161025 0.00782869
v 0.00799486 0.00161025 0.00832096
v 0.00775740 0.00824387 0.00843533
v 0.00976189 0.00824387 0.00793438
v 0.00775711 0.00161025 0.00843533
v 0.00997956 0.00824387 0.00815301
v 0.00993821 0.00161025 0.00811247
v 0.00772639 0.00161025 0.00852655
v 0.00767441 0.00824387 0.00873938
v 0.01015558 0.00824387 0.00837163
v 0.01052055 0.00472264 0.00885231
v 0.01019988 0.00161025 0.00847298
v 0.00767382 0.00161025 0.00873938
v 0.00766939 0.00161025 0.00886534
v 0.00766909 0.00824387 0.00906659
v 0.01024300 0.00824387 0.00856419
v 0.01048120 0.00706185 0.00890733
v 0.01049759 0.00656760 0.00887982
v 0.01051826 0.00558334 0.00885448
v 0.01060731 0.00476372 0.00906731
v 0.01051649 0.00410809 0.00885810
v 0.01046776 0.00738723 0.00896524
v 0.01055016 0.00673127 0.00906659
v 0.01060140 0.00558334 0.00906659
v 0.01065279 0.00460006 0.00939525
v 0.01059771 0.00410809 0.00906804
v 0.01064290 0.00410809 0.00939525
v 0.01028642 0.00161025 0.00873938
v 0.01048607 0.00290268 0.00889719
v 0.01046776 0.00246819 0.00896669
v 0.01031329 0.00824387 0.00886679
v 0.01048784 0.00758466 0.00918966
v 0.01059417 0.00673127 0.00939525
v 0.01064231 0.00574733 0.00939525
v 0.01065589 0.00509137 0.00939525
v 0.01063049 0.00476405 0.01956192
v 0.01061809 0.00410809 0.01956192
v 0.01060598 0.00377946 0.01956192
v 0.01062961 0.00377946 0.00972390
v 0.01048784 0.00227076 0.00919110
v 0.01032924 0.00161025 0.00906804
v 0.01054898 0.00312415 0.00906804
v 0.01033013 0.00824387 0.00919400
v 0.01056611 0.00705925 0.00939525
v 0.01056434 0.00673127 0.02087221
v 0.01060598 0.00607531 0.01956047
v 0.01062961 0.00607531 0.00972246
v 0.01061838 0.00574733 0.01956047
v 0.01063049 0.00509137 0.01956047
v 0.01062075 0.00509137 0.02087221
v 0.01060391 0.00394377 0.02087365
v 0.01056404 0.00312415 0.02087365
v 0.01059357 0.00312415 0.00939525
v 0.01047337 0.00218048 0.00939525
v 0.01038949 0.00181224 0.00939525
v 0.01056581 0.00279617 0.00939525
v 0.00764192 0.00161025 0.01935922
v 0.00764251 0.00824387 0.01923181
v 0.01038624 0.00804318 0.00939525
v 0.01045772 0.00775742 0.00939525
v 0.01050586 0.00749017 0.00939525
v 0.01048681 0.00742425 0.02087221
v 0.01053657 0.00705925 0.02087221
v 0.01060332 0.00591132 0.02087221
v 0.01054248 0.00418992 0.02119724
v 0.01054484 0.00541935 0.02119797
v 0.01052151 0.00312415 0.02117046
v 0.01049404 0.00254678 0.02109083
v 0.01053421 0.00279617 0.02087365
v 0.01052210 0.00246819 0.00939525
v 0.01043527 0.00214021 0.02087365
v 0.01035701 0.00181224 0.02087365
v 0.01029557 0.00161025 0.02087365
v 0.01047632 0.00233570 0.01956192
v 0.00763897 0.00824387 0.02152807
v 0.01030207 0.00824387 0.02087221
v 0.01036203 0.00804318 0.02087221
v 0.01043734 0.00771521 0.02087221
v 0.01049404 0.00730864 0.02108938
v 0.01052181 0.00673127 0.02117046
v 0.01047263 0.00336997 0.02134456
v 0.01047943 0.00550119 0.02136157
v 0.01046097 0.00279617 0.02130366
v 0.01040278 0.00214021 0.02120086
v 0.01028199 0.00161025 0.02120086
v 0.00763867 0.00161025 0.02152952
v 0.00764960 0.00824387 0.02185673
v 0.01028494 0.00824387 0.02120086
v 0.01040337 0.00771521 0.02120086
v 0.01046126 0.00705925 0.02130221
v 0.01046924 0.00673127 0.02133407
v 0.01012206 0.00230420 0.02166851
v 0.01012309 0.00738723 0.02166996
v 0.01011541 0.00181224 0.02165259
v 0.01023119 0.00181224 0.02148898
v 0.01022824 0.00161025 0.02140790
v 0.00764901 0.00161025 0.02185818
v 0.01020904 0.00824387 0.02146292
v 0.01010715 0.00824387 0.02162653
v 0.00989022 0.00161025 0.02182922
v 0.01012428 0.00402561 0.02167286
v 0.00994323 0.00824387 0.02178868
v 0.00918509 0.00824387 0.02236058
v 0.01012900 0.00161025 0.02159612
v 0.00774677 0.00161025 0.02219552
v 0.00770099 0.00824387 0.02205653
v 0.00918479 0.00161025 0.02236203
v 0.00900581 0.00824387 0.02246192
v 0.00900552 0.00161025 0.02246192
v 0.00784748 0.00161025 0.02235913
v 0.00780968 0.00824387 0.02230846
v 0.00774736 0.00824387 0.02219408
v 0.00867769 0.00824387 0.02255459
v 0.00867739 0.00161025 0.02255603
v 0.00789680 0.00161025 0.02239533
v 0.00784807 0.00824387 0.02235768
v 0.00834986 0.00824387 0.02254735
v 0.00834956 0.00161025 0.02255024
v 0.00801169 0.00161025 0.02245758
v 0.00801169 0.00824387 0.02245469
v 0.00814755 0.00161025 0.02250102
f 1 2 3
f 1 3 4
f 1 4 8
f 1 8 15
f 1 15 20
f 1 20 36
f 1 36 49
f 1 49 81
f 1 81 93
f 1 93 104
f 1 104 112
f 1 112 108
f 1 108 115
f 1 115 117
f 1 117 122
f 1 122 126
f 1 126 129
f 1 129 127
f 1 127 123
f 1 123 118
f 1 118 113
f 1 113 105
f 1 105 94
f 1 94 65
f 1 65 22
f 1 22 21
f 1 21 16
f 1 16 13
f 1 13 10
f 1 10 9
f 1 9 5
f 1 5 2
f 2 5 6
f 2 6 11
f 2 11 17
f 2 17 23
f 2 23 66
f 2 66 83
f 2 83 95
f 2 95 114
f 2 114 120
f 2 120 119
f 2 119 124
f 2 124 128
f 2 128 125
f 2 125 121
f 2 121 116
f 2 116 111
f 2 111 110
f 2 110 107
f 2 107 106
f 2 106 96
f 2 96 84
f 2 84 51
f 2 51 39
f 2 39 24
f 2 24 18
f 2 18 14
f 2 14 12
f 2 12 7
f 2 7 3
f 3 7 4
f 4 7 8
f 5 9 6
f 6 9 10
f 6 10 11
f 7 12 8
f 10 13 11
f 12 14 8
f 8 14 15
f 13 16 11
f 11 16 17
f 14 18 15
f 15 18 19
f 15 19 20
f 16 21 17
f 17 21 22
f 17 22 23
f 18 24 25
f 18 25 26
f 18 26 27
f 18 27 19
f 19 28 29
f 19 29 20
f 24 30 25
f 25 31 26
f 26 31 32
f 26 32 27
f 27 32 28
f 27 28 19
f 28 34 29
f 28 33 35
f 28 35 34
f 20 29 37
f 20 37 38
f 20 38 36
f 24 39 40
f 24 40 30
f 25 30 31
f 31 30 40
f 31 40 41
f 31 41 42
f 31 42 32
f 32 42 43
f 32 43 28
f 28 43 33
f 33 43 44
f 34 37 29
f 33 44 45
f 33 45 35
f 35 45 46
f 35 46 47
f 36 38 48
f 36 48 49
f 37 34 50
f 37 50 38
f 38 50 48
f 40 52 41
f 41 52 53
f 41 53 54
f 41 55 42
f 43 42 56
f 43 56 57
f 43 57 44
f 44 58 59
f 44 59 45
f 35 50 34
f 46 45 59
f 46 59 60
f 47 61 35
f 49 48 62
f 49 62 63
f 50 35 61
f 50 61 48
f 48 61 64
f 23 22 65
f 23 65 66
f 39 51 67
f 39 67 68
f 39 68 40
f 40 68 69
f 40 69 52
f 52 69 70
f 52 70 71
f 52 71 53
f 54 55 41
f 42 55 56
f 56 55 54
f 56 54 72
f 56 72 58
f 56 58 57
f 57 58 44
f 58 73 59
f 58 74 73
f 59 73 75
f 46 60 47
f 47 60 61
f 59 75 76
f 59 76 60
f 60 76 77
f 61 60 64
f 48 64 78
f 48 78 62
f 62 79 63
f 63 79 80
f 63 80 49
f 49 80 81
f 64 82 78
f 64 60 77
f 64 77 82
f 66 65 83
f 51 84 85
f 51 85 67
f 67 85 68
f 68 85 86
f 68 86 69
f 70 87 71
f 71 87 53
f 54 53 72
f 72 53 88
f 72 88 74
f 72 74 58
f 73 89 75
f 75 89 91
f 75 91 76
f 77 79 82
f 77 76 79
f 76 91 92
f 76 92 79
f 78 82 62
f 62 82 79
f 79 92 93
f 79 93 80
f 80 93 81
f 65 94 83
f 83 94 95
f 84 96 85
f 85 96 86
f 69 86 70
f 86 96 97
f 86 97 87
f 86 87 70
f 53 87 88
f 87 98 88
f 88 98 99
f 88 99 74
f 74 99 90
f 90 99 101
f 74 90 73
f 73 90 89
f 89 102 91
f 91 102 103
f 91 103 92
f 92 103 104
f 92 104 93
f 94 105 95
f 96 106 97
f 97 106 98
f 97 98 87
f 98 106 107
f 98 107 99
f 89 90 100
f 100 102 89
f 100 108 102
f 90 101 109
f 101 99 107
f 101 107 110
f 101 110 111
f 90 109 100
f 102 108 112
f 102 112 103
f 103 112 104
f 105 113 114
f 105 114 95
f 100 115 108
f 101 111 109
f 111 116 117
f 109 115 100
f 113 118 119
f 113 119 120
f 113 120 114
f 109 111 115
f 116 121 122
f 116 122 117
f 117 115 111
f 118 123 124
f 118 124 119
f 121 125 126
f 121 126 122
f 123 127 128
f 123 128 124
f 125 128 129
f 125 129 126
f 127 129 128

o geometry_1
v -0.00259045 -0.00021323 0.00414838
v -0.00280293 -0.00012514 0.01136247
v -0.00280293 -0.00012425 0.01037918
v -0.00280293 -0.00011984 0.00578635
v -0.00280293 -0.00011822 0.00411076
v -0.00259045 -0.00021308 0.00411076
v -0.00259045 -0.00021264 0.00546026
v -0.00280293 -0.00013499 0.02973631
v -0.00303202 -0.00003601 0.02973631
v -0.00300375 -0.00001851 0.00546026
v -0.00300210 -0.00001734 0.00411076
v -0.00301665 -0.00002778 0.01628390
v -0.00301637 -0.00002748 0.01595530
v -0.00301322 -0.00002528 0.01333154
v -0.00300924 -0.00002248 0.01005059
v -0.00259045 0.00018208 0.00411076
v -0.00259045 -0.00021234 0.00611495
v -0.00279675 -0.00013690 0.02973631
v -0.00319605 0.00007399 0.02973631
v -0.00314842 0.00008693 0.00411076
v -0.00366480 0.00128904 0.00411076
v -0.00259045 0.00018208 0.00414838
v -0.00259045 -0.00021190 0.00677214
v -0.00259045 -0.00018043 0.02973631
v -0.00341197 0.00023797 0.02973631
v -0.00339961 0.00025341 0.01595530
v -0.00316613 0.00009958 0.00411076
v -0.00259045 0.00018076 0.01674042
v -0.00259045 0.00018091 0.01641182
v -0.00399272 0.00128904 0.00411076
v -0.00369679 0.00128904 0.02972878
v -0.00259045 0.00017194 0.02841690
v -0.00259045 0.00017297 0.02743362
v -0.00259045 0.00017532 0.02513595
v -0.00259045 0.00017664 0.02382407
v -0.00259045 0.00017708 0.02316938
v -0.00259045 0.00017767 0.02218610
v -0.00259045 0.00017885 0.02021703
v -0.00259045 0.00017973 0.01870448
v -0.00259045 0.00018017 0.01792186
v -0.00259045 0.00018047 0.01739260
v -0.00259045 0.00016973 0.02973631
v -0.00341485 0.00024062 0.02973631
v -0.00356392 0.00040856 0.01628390
v -0.00356350 0.00040886 0.01595530
v -0.00338342 0.00026356 0.00411076
v -0.00339728 0.00025473 0.01431482
v -0.00399272 0.00122213 0.00411076
v -0.00399272 0.00128904 0.02973631
v -0.00370790 0.00128904 0.02973631
v -0.00369637 0.00128831 0.02973631
v -0.00259045 0.00016988 0.02972878
v -0.00259045 0.00017091 0.02907410
v -0.00357599 0.00039430 0.02973631
v -0.00367757 0.00057357 0.01530061
v -0.00369116 0.00055519 0.02973631
v -0.00369322 0.00055813 0.02973631
v -0.00367702 0.00057475 0.01464342
v -0.00356309 0.00040930 0.01562670
v -0.00352974 0.00041283 0.00411076
v -0.00356268 0.00040974 0.01530061
v -0.00356131 0.00041150 0.01431482
v -0.00399259 0.00120801 0.00411076
v -0.00399272 0.00120816 0.00414838
v -0.00399272 0.00107006 0.02973631
v -0.00385725 0.00080387 0.02973631
v -0.00396513 0.00096829 0.02973631
v -0.00367675 0.00057548 0.01431482
v -0.00354744 0.00043077 0.00414838
v -0.00354731 0.00043092 0.00411076
v -0.00366549 0.00059460 0.00414838
v -0.00392396 0.00105977 0.00411076
v -0.00396623 0.00097153 0.02973631
v -0.00391572 0.00104212 0.00411076
v -0.00366549 0.00059475 0.00411076
v -0.00356007 0.00044857 0.00411076
f 130 131 132
f 130 132 133
f 130 133 134
f 130 134 135
f 130 135 145
f 130 145 151
f 130 151 158
f 130 158 157
f 130 157 170
f 130 170 169
f 130 169 168
f 130 168 167
f 130 167 166
f 130 166 165
f 130 165 164
f 130 164 163
f 130 163 162
f 130 162 161
f 130 161 182
f 130 182 181
f 130 181 171
f 130 171 153
f 130 153 152
f 130 152 146
f 130 146 136
f 130 136 137
f 130 137 138
f 130 138 131
f 131 138 132
f 132 138 133
f 133 138 134
f 134 139 140
f 134 140 149
f 134 149 156
f 134 156 175
f 134 175 189
f 134 189 199
f 134 199 205
f 134 205 204
f 134 204 203
f 134 203 201
f 134 201 192
f 134 192 177
f 134 177 159
f 134 159 150
f 134 150 145
f 134 145 135
f 134 138 141
f 134 141 142
f 134 142 143
f 134 143 144
f 134 144 139
f 136 146 137
f 137 147 153
f 137 153 171
f 137 171 180
f 137 180 179
f 137 179 178
f 137 178 194
f 137 194 202
f 137 202 196
f 137 196 195
f 137 195 186
f 137 186 185
f 137 185 183
f 137 183 172
f 137 172 154
f 137 154 148
f 137 148 138
f 137 146 147
f 138 148 141
f 139 144 148
f 139 148 140
f 140 148 149
f 141 148 142
f 142 148 143
f 143 148 144
f 145 150 151
f 146 152 147
f 147 152 153
f 148 154 155
f 148 155 156
f 148 156 149
f 150 157 158
f 150 158 151
f 150 159 178
f 150 178 179
f 150 179 160
f 150 160 161
f 150 161 162
f 150 162 163
f 150 163 164
f 150 164 165
f 150 165 166
f 150 166 167
f 150 167 168
f 150 168 169
f 150 169 170
f 150 170 157
f 154 172 155
f 155 173 174
f 155 174 175
f 155 175 176
f 155 176 156
f 155 172 173
f 156 176 175
f 159 177 193
f 159 193 194
f 159 194 178
f 160 179 180
f 160 180 171
f 160 171 181
f 160 181 182
f 160 182 161
f 172 183 173
f 173 184 174
f 173 183 185
f 173 185 186
f 173 186 184
f 174 184 187
f 174 187 188
f 174 188 175
f 175 188 190
f 175 190 191
f 175 191 189
f 177 192 193
f 184 186 195
f 184 195 196
f 184 196 187
f 187 197 190
f 187 190 188
f 187 196 197
f 189 191 198
f 189 198 199
f 190 197 200
f 190 200 191
f 191 200 198
f 192 201 196
f 192 196 193
f 193 196 202
f 193 202 194
f 196 201 203
f 196 203 204
f 196 204 200
f 196 200 197
f 198 200 204
f 198 204 205
f 198 205 199

o geometry_2
v -0.00399274 0.00048367 0.03033361
v -0.00399274 0.00048367 0.03071861
v -0.00415885 0.00048367 0.03034726
v -0.00435712 0.00048410 0.00282677
v -0.00399281 0.00048410 0.00282677
v -0.00364747 0.00128952 0.00316262
v -0.00368109 0.00128952 0.03038003
v -0.00380024 0.00128952 0.03062850
v -0.00399274 0.00050019 0.03072133
v -0.00411480 0.00048367 0.03071861
v -0.00415885 0.00048367 0.03071041
v -0.00435712 0.00115601 0.00282677
v -0.00435712 0.00048410 0.00318174
v -0.00399281 0.00070590 0.00282677
v -0.00379113 0.00128952 0.00291415
v -0.00383956 0.00148391 0.00293053
v -0.00389701 0.00170005 0.00296603
v -0.00371652 0.00148391 0.00316535
v -0.00377884 0.00345135 0.00743036
v -0.00375814 0.00345135 0.00775802
v -0.00376661 0.00492649 0.01267834
v -0.00377050 0.00492649 0.02250806
v -0.00377099 0.00492649 0.02283845
v -0.00378634 0.00492649 0.02972471
v -0.00378717 0.00492649 0.03004964
v -0.00378780 0.00492649 0.03021893
v -0.00378849 0.00492649 0.03038003
v -0.00382962 0.00492649 0.03050563
v -0.00387019 0.00492649 0.03062577
v -0.00415885 0.00128952 0.03071861
v -0.00415885 0.00082810 0.03071861
v -0.00411473 0.00492649 0.03071314
v -0.00420942 0.00492649 0.03071314
v -0.00415885 0.00049759 0.03071588
v -0.00420942 0.00128952 0.03071588
v -0.00411480 0.00115601 0.00282677
v -0.00435712 0.00128952 0.00284043
v -0.00421818 0.00148391 0.00285954
v -0.00435712 0.00058543 0.00319539
v -0.00399281 0.00103380 0.00282951
v -0.00411473 0.00148391 0.00285954
v -0.00411473 0.00172614 0.00294692
v -0.00411473 0.00188966 0.00311620
v -0.00392376 0.00199099 0.00329642
v -0.00385824 0.00181008 0.00317628
v -0.00378634 0.00181182 0.00349301
v -0.00387874 0.00366792 0.00743036
v -0.00385852 0.00492649 0.01242440
v -0.00420942 0.00148435 0.03071588
v -0.00421825 0.00492649 0.01275752
v -0.00435712 0.00128952 0.00323362
v -0.00421818 0.00199882 0.00328003
v -0.00421818 0.00192445 0.00316808
v -0.00421818 0.00188966 0.00311620
v -0.00421818 0.00177746 0.00299879
v -0.00421818 0.00172614 0.00294692
v -0.00421818 0.00156002 0.00288685
v -0.00421825 0.00492649 0.01233157
v -0.00421825 0.00372098 0.00743036
v -0.00421825 0.00364966 0.00721465
v -0.00411473 0.00199882 0.00328003
v -0.00411473 0.00364966 0.00721738
v -0.00391500 0.00363791 0.00723104
v -0.00411473 0.00372098 0.00743036
v -0.00398545 0.00492649 0.01237526
v -0.00411480 0.00492649 0.01233157
f 206 207 215
f 206 215 216
f 206 216 208
f 206 208 209
f 206 209 210
f 206 210 211
f 206 211 207
f 207 212 213
f 207 213 214
f 207 214 215
f 207 211 212
f 208 216 218
f 208 218 209
f 209 217 241
f 209 241 219
f 209 219 210
f 209 218 244
f 209 244 256
f 209 256 242
f 209 242 217
f 210 219 220
f 210 220 211
f 211 220 221
f 211 221 222
f 211 222 223
f 211 223 224
f 211 224 225
f 211 225 226
f 211 226 227
f 211 227 212
f 212 227 228
f 212 228 229
f 212 229 230
f 212 230 231
f 212 231 232
f 212 232 233
f 212 233 234
f 212 234 213
f 213 234 214
f 214 235 236
f 214 236 215
f 214 234 237
f 214 237 238
f 214 238 235
f 215 239 216
f 215 236 239
f 216 239 240
f 216 240 218
f 217 242 243
f 217 243 246
f 217 246 241
f 218 240 244
f 219 241 245
f 219 245 220
f 220 245 246
f 220 246 221
f 221 246 222
f 222 247 248
f 222 248 249
f 222 249 250
f 222 250 223
f 222 246 247
f 223 250 251
f 223 251 224
f 224 252 226
f 224 226 225
f 224 251 252
f 226 252 253
f 226 253 270
f 226 270 271
f 226 271 263
f 226 263 255
f 226 255 238
f 226 238 237
f 226 237 234
f 226 234 233
f 226 233 232
f 226 232 231
f 226 231 230
f 226 230 229
f 226 229 228
f 226 228 227
f 235 254 240
f 235 240 236
f 235 238 254
f 236 240 239
f 238 255 256
f 238 256 254
f 240 254 256
f 240 256 244
f 241 246 245
f 242 257 258
f 242 258 259
f 242 259 260
f 242 260 261
f 242 261 262
f 242 262 243
f 242 256 255
f 242 255 263
f 242 263 264
f 242 264 265
f 242 265 257
f 243 262 246
f 246 262 247
f 247 261 260
f 247 260 248
f 247 262 261
f 248 260 259
f 248 259 258
f 248 258 266
f 248 266 249
f 249 251 250
f 249 266 267
f 249 267 268
f 249 268 252
f 249 252 251
f 252 268 253
f 253 268 269
f 253 269 270
f 257 266 258
f 257 265 266
f 263 271 269
f 263 269 264
f 264 269 265
f 265 269 267
f 265 267 266
f 267 269 268
f 269 271 270

o geometry_3
v 0.00670930 -0.00118641 -0.00142978
v 0.00622941 -0.00118383 -0.00158148
v 0.00622941 -0.00118223 -0.00175730
v 0.00638140 -0.00117825 -0.00175730
v 0.00703738 -0.00116433 -0.00142978
v 0.00703738 -0.00117487 -0.00110140
v 0.00703738 -0.00117567 0.00644630
v 0.00670930 -0.00118064 0.00644630
v 0.00622941 -0.00118044 0.00644630
v 0.00622941 -0.00112692 -0.00192279
v 0.00622941 -0.00107181 -0.00207879
v 0.00638140 -0.00107479 -0.00204949
v 0.00670930 -0.00114781 -0.00175730
v 0.00730434 -0.00105748 -0.00142978
v 0.00733782 -0.00107300 -0.00110140
v 0.00702781 -0.00106186 -0.00175817
v 0.00725190 -0.00102008 -0.00164957
v 0.00734366 -0.00107280 -0.00077387
v 0.00733002 -0.00107340 0.00644630
v 0.00622941 0.00006866 0.00644630
v 0.00622941 -0.00099541 -0.00218308
v 0.00670930 -0.00103958 -0.00199347
v 0.00746838 -0.00087643 -0.00142978
v 0.00750168 -0.00094726 -0.00110140
v 0.00750770 -0.00095342 -0.00077387
v 0.00691213 -0.00100058 -0.00194692
v 0.00713091 -0.00087205 -0.00186763
v 0.00733729 -0.00076063 -0.00173145
v 0.00752967 -0.00064941 -0.00159440
v 0.00749406 -0.00094129 0.00644630
v 0.00739734 0.00079328 0.00644630
v 0.00622941 0.00006866 0.00644199
v 0.00622941 -0.00094566 -0.00223221
v 0.00638140 -0.00090707 -0.00221325
v 0.00757502 -0.00071248 -0.00142978
v 0.00764092 -0.00078311 -0.00110140
v 0.00783737 -0.00061041 -0.00077387
v 0.00785296 -0.00064364 -0.00044549
v 0.00785668 -0.00064781 -0.00011796
v 0.00669531 -0.00079823 -0.00215464
v 0.00702781 -0.00078251 -0.00198226
v 0.00720390 -0.00065339 -0.00192365
v 0.00753799 -0.00048427 -0.00160389
v 0.00764216 -0.00048427 -0.00142978
v 0.00787865 -0.00038518 -0.00099193
v 0.00779681 -0.00049043 -0.00110140
v 0.00737537 -0.00048427 -0.00176851
v 0.00767741 -0.00077694 0.00644630
v 0.00785597 -0.00064702 0.00021042
v 0.00739734 0.00079328 0.00644199
v 0.00768946 0.00083049 0.00644630
v 0.00769318 0.00083905 0.00316158
v 0.00769318 0.00084223 0.00185063
v 0.00769318 0.00084541 0.00053881
v 0.00769318 0.00084601 0.00021042
v 0.00622941 0.00005871 -0.00142978
v 0.00622941 -0.00078649 -0.00229599
v 0.00638140 -0.00074292 -0.00228651
v 0.00657662 -0.00067965 -0.00226152
v 0.00790841 -0.00044626 -0.00077387
v 0.00793481 -0.00047969 -0.00044549
v 0.00794065 -0.00048367 -0.00011796
v 0.00721134 -0.00048427 -0.00192968
v 0.00676475 -0.00048427 -0.00219601
v 0.00703738 -0.00048427 -0.00204001
v 0.00754402 -0.00015637 -0.00161164
v 0.00766235 -0.00015637 -0.00142978
v 0.00781151 -0.00015637 -0.00118328
v 0.00738264 -0.00015637 -0.00177627
v 0.00789105 -0.00015637 -0.00101865
v 0.00796474 -0.00015637 -0.00077387
v 0.00783950 -0.00063070 0.00644630
v 0.00792666 -0.00046576 0.00644630
v 0.00784180 -0.00062772 0.00644630
v 0.00784092 -0.00062911 0.00644199
v 0.00741027 0.00079149 0.00021042
v 0.00769318 0.00083089 0.00644630
v 0.00790168 0.00071828 0.00021042
v 0.00790132 0.00071768 -0.00011796
v 0.00769318 0.00084502 -0.00011796
v 0.00741063 0.00079090 -0.00011796
v 0.00622941 0.00005791 -0.00175730
v 0.00622941 -0.00062314 -0.00233478
v 0.00622941 -0.00048427 -0.00235891
v 0.00638140 -0.00048427 -0.00233133
v 0.00660071 -0.00048427 -0.00227100
v 0.00801895 -0.00015637 -0.00044549
v 0.00803153 -0.00015637 -0.00011796
v 0.00792754 -0.00046616 0.00611360
v 0.00721860 -0.00015637 -0.00193572
v 0.00676262 -0.00015637 -0.00219515
v 0.00703738 -0.00015637 -0.00204518
v 0.00754349 0.00017152 -0.00161078
v 0.00766501 0.00017152 -0.00142978
v 0.00781488 0.00017152 -0.00118069
v 0.00737537 0.00017152 -0.00177540
v 0.00789123 0.00017152 -0.00101693
v 0.00796846 0.00017152 -0.00077387
v 0.00802533 0.00017152 -0.00044549
v 0.00792683 -0.00046517 0.00644199
v 0.00800478 -0.00016075 0.00644630
v 0.00788662 0.00070136 0.00644630
v 0.00789140 0.00070693 0.00447340
v 0.00789619 0.00071231 0.00250567
v 0.00790097 0.00071748 0.00053881
v 0.00798990 0.00049961 0.00119472
v 0.00799273 0.00049961 0.00021042
v 0.00799238 0.00049961 -0.00011796
v 0.00789282 0.00070813 -0.00044549
v 0.00769318 0.00083149 -0.00044549
v 0.00741187 0.00077438 -0.00077387
v 0.00741116 0.00078692 -0.00044549
v 0.00622941 0.00004259 -0.00208569
v 0.00622941 -0.00015637 -0.00231840
v 0.00638140 -0.00015637 -0.00230892
v 0.00659858 -0.00015637 -0.00226928
v 0.00803914 0.00017152 -0.00011796
v 0.00803826 0.00017152 0.00119472
v 0.00803790 0.00017152 0.00152224
v 0.00803684 0.00017152 0.00185063
v 0.00802515 -0.00015637 0.00185063
v 0.00721134 0.00017152 -0.00192968
v 0.00657396 0.00001931 -0.00225979
v 0.00720266 0.00033666 -0.00192279
v 0.00753959 0.00036710 -0.00160561
v 0.00761257 0.00048569 -0.00143840
v 0.00787900 0.00040988 -0.00098935
v 0.00791231 0.00051135 -0.00078163
v 0.00797697 0.00049961 -0.00044549
v 0.00800867 -0.00015637 0.00578608
v 0.00800584 -0.00015637 0.00644630
v 0.00788768 0.00069878 0.00644630
v 0.00798883 0.00049961 0.00152224
v 0.00787582 0.00068744 -0.00067734
v 0.00742409 0.00074334 -0.00110140
v 0.00771674 0.00076642 -0.00078163
v 0.00763401 0.00074334 -0.00110140
v 0.00622941 0.00001772 -0.00226066
v 0.00638140 0.00002170 -0.00226410
v 0.00798742 0.00049961 0.00185063
v 0.00803542 0.00017152 0.00217729
v 0.00719522 0.00033666 -0.00192279
v 0.00757502 0.00070216 -0.00133497
v 0.00779397 0.00051135 -0.00109967
v 0.00784180 0.00062854 -0.00089626
v 0.00801488 0.00017152 0.00644630
v 0.00796527 0.00049961 0.00644630
v 0.00796846 0.00049961 0.00578608
v 0.00746696 0.00070216 -0.00133497
v 0.00796598 0.00049543 0.00644630
f 272 273 274
f 272 274 275
f 272 275 276
f 272 276 277
f 272 277 278
f 272 278 279
f 272 279 280
f 272 280 273
f 273 280 291
f 273 291 303
f 273 303 327
f 273 327 353
f 273 353 384
f 273 384 409
f 273 409 385
f 273 385 355
f 273 355 354
f 273 354 328
f 273 328 304
f 273 304 292
f 273 292 282
f 273 282 281
f 273 281 274
f 274 281 275
f 275 281 282
f 275 282 283
f 275 283 284
f 275 284 276
f 276 285 286
f 276 286 277
f 276 284 287
f 276 287 288
f 276 288 285
f 277 286 289
f 277 289 278
f 278 290 301
f 278 301 319
f 278 319 343
f 278 343 345
f 278 345 344
f 278 344 372
f 278 372 402
f 278 402 417
f 278 417 421
f 278 421 418
f 278 418 403
f 278 403 373
f 278 373 348
f 278 348 322
f 278 322 302
f 278 302 291
f 278 291 280
f 278 280 279
f 278 289 290
f 282 292 283
f 283 292 293
f 283 293 284
f 284 293 287
f 285 294 295
f 285 295 286
f 285 288 294
f 286 295 296
f 286 296 289
f 287 293 297
f 287 297 288
f 288 297 298
f 288 298 299
f 288 299 300
f 288 300 294
f 289 296 290
f 290 296 301
f 291 302 321
f 291 321 303
f 292 304 293
f 293 304 305
f 293 305 297
f 294 306 307
f 294 307 295
f 294 300 306
f 295 307 308
f 295 308 309
f 295 309 296
f 296 309 310
f 296 310 301
f 297 305 311
f 297 311 312
f 297 312 298
f 298 312 313
f 298 313 299
f 299 313 300
f 300 314 315
f 300 315 316
f 300 316 317
f 300 317 306
f 300 313 318
f 300 318 314
f 301 310 320
f 301 320 319
f 302 322 323
f 302 323 324
f 302 324 325
f 302 325 326
f 302 326 321
f 303 321 327
f 304 328 329
f 304 329 305
f 305 329 330
f 305 330 311
f 306 317 308
f 306 308 307
f 308 316 331
f 308 331 332
f 308 332 309
f 308 317 316
f 309 332 333
f 309 333 310
f 310 333 320
f 311 330 312
f 312 330 313
f 313 334 318
f 313 330 335
f 313 335 336
f 313 336 334
f 314 337 338
f 314 338 339
f 314 339 315
f 314 318 340
f 314 340 337
f 315 339 316
f 316 341 342
f 316 342 331
f 316 339 341
f 318 334 340
f 319 320 343
f 320 333 344
f 320 344 345
f 320 345 346
f 320 346 343
f 321 326 347
f 321 347 327
f 322 348 323
f 323 348 349
f 323 349 324
f 324 349 325
f 325 349 326
f 326 349 350
f 326 350 351
f 326 351 352
f 326 352 347
f 327 347 353
f 328 354 329
f 329 354 355
f 329 355 356
f 329 356 330
f 330 356 357
f 330 357 335
f 331 342 358
f 331 358 332
f 332 358 359
f 332 359 333
f 333 359 360
f 333 360 344
f 334 361 340
f 334 336 361
f 335 357 362
f 335 362 363
f 335 363 336
f 336 363 361
f 337 364 365
f 337 365 338
f 337 340 364
f 338 365 339
f 339 365 366
f 339 366 341
f 340 361 367
f 340 367 364
f 341 368 369
f 341 369 342
f 341 366 368
f 342 369 370
f 342 370 358
f 343 346 345
f 344 360 359
f 344 359 371
f 344 371 372
f 347 352 353
f 348 373 374
f 348 374 375
f 348 375 376
f 348 376 349
f 349 376 377
f 349 377 378
f 349 378 379
f 349 379 350
f 350 379 380
f 350 380 381
f 350 381 351
f 351 381 382
f 351 382 383
f 351 383 352
f 352 383 353
f 353 383 382
f 353 382 384
f 355 385 386
f 355 386 356
f 356 386 387
f 356 387 357
f 357 387 362
f 358 370 388
f 358 388 359
f 359 388 389
f 359 389 390
f 359 390 391
f 359 391 392
f 359 392 371
f 361 393 367
f 361 363 393
f 362 387 394
f 362 394 395
f 362 395 393
f 362 393 363
f 364 396 365
f 364 367 396
f 365 396 366
f 366 396 397
f 366 397 398
f 366 398 368
f 367 393 396
f 368 398 369
f 369 398 399
f 369 399 400
f 369 400 370
f 370 400 379
f 370 379 388
f 371 401 372
f 371 392 401
f 372 401 402
f 373 403 404
f 373 404 374
f 374 404 375
f 375 404 376
f 376 404 377
f 377 404 391
f 377 391 390
f 377 390 378
f 378 390 389
f 378 389 388
f 378 388 379
f 379 400 380
f 380 400 405
f 380 405 381
f 381 406 382
f 381 405 407
f 381 407 408
f 381 408 406
f 382 406 384
f 384 406 409
f 385 409 410
f 385 410 394
f 385 394 386
f 386 394 387
f 391 404 411
f 391 411 412
f 391 412 402
f 391 402 401
f 391 401 392
f 393 395 396
f 394 410 395
f 395 410 413
f 395 413 420
f 395 420 414
f 395 414 396
f 396 414 397
f 397 414 415
f 397 415 398
f 398 416 399
f 398 415 416
f 399 416 405
f 399 405 400
f 402 412 417
f 403 418 419
f 403 419 411
f 403 411 404
f 405 416 408
f 405 408 407
f 406 420 409
f 406 408 414
f 406 414 420
f 408 416 414
f 409 413 410
f 409 420 413
f 411 419 421
f 411 421 412
f 412 421 417
f 414 416 415
f 418 421 419

o geometry_4
v -0.00421991 0.00492696 0.01233056
v -0.00411464 0.00492696 0.01233056
v -0.00421991 0.00492696 0.01276088
v -0.00460822 0.00825664 0.03036318
v -0.00421991 0.00613625 0.00742817
v -0.00385846 0.00492696 0.01242044
v -0.00411464 0.00613625 0.00742817
v -0.00420944 0.00492696 0.03071452
v -0.00460822 0.00825664 0.03071725
v -0.00460822 0.00974667 0.02998189
v -0.00423176 0.00825664 0.00359069
v -0.00421971 0.00796553 0.00311679
v -0.00421971 0.00785653 0.00328021
v -0.00421991 0.00620703 0.00721846
v -0.00376642 0.00492696 0.01267918
v -0.00391772 0.00621835 0.00723480
v -0.00388078 0.00618815 0.00742817
v -0.00411464 0.00620703 0.00721846
v -0.00411464 0.00492696 0.03071452
v -0.00339608 0.00974667 0.03072269
v -0.00422979 0.00825664 0.03071997
v -0.00460822 0.00853455 0.03071725
v -0.00319008 0.00974667 0.00359069
v -0.00323965 0.00970893 0.00359069
v -0.00338364 0.00959333 0.00359069
v -0.00349859 0.00947820 0.00359069
v -0.00354738 0.00942819 0.00359069
v -0.00367477 0.00926447 0.00359069
v -0.00379190 0.00908423 0.00359069
v -0.00421971 0.00825664 0.00289891
v -0.00460822 0.00974667 0.03048847
v -0.00421971 0.00812925 0.00294793
v -0.00411484 0.00796553 0.00311679
v -0.00411484 0.00785653 0.00328021
v -0.00259043 0.00967354 0.01582760
v -0.00259043 0.00968628 0.03005542
v -0.00377037 0.00492696 0.02250847
v -0.00259043 0.00967118 0.00359069
v -0.00259043 0.00967071 0.00368874
v -0.00259043 0.00966976 0.00466922
v -0.00259043 0.00966788 0.00795382
v -0.00259043 0.00966788 0.00926657
v -0.00392344 0.00786408 0.00329655
v -0.00387012 0.00492696 0.03062737
v -0.00262934 0.00974667 0.03061375
v -0.00306801 0.00974667 0.03069001
v -0.00372396 0.00974667 0.03071997
v -0.00444271 0.00902761 0.03071725
v -0.00460822 0.00886247 0.03071452
v -0.00259043 0.00974667 0.00359069
v -0.00411484 0.00825664 0.00290163
v -0.00411484 0.00812925 0.00294793
v -0.00456694 0.00974667 0.03052115
v -0.00460822 0.00965136 0.03055111
v -0.00389658 0.00815567 0.00296427
v -0.00377077 0.00492696 0.02283802
v -0.00259043 0.00968817 0.03038497
v -0.00385668 0.00804526 0.00317671
v -0.00386992 0.00825664 0.00294793
v -0.00259043 0.00974667 0.03058379
v -0.00378835 0.00492696 0.03038225
v -0.00378637 0.00974667 0.03071725
v -0.00411484 0.00968345 0.03070091
v -0.00444271 0.00935553 0.03069546
v -0.00460822 0.00921870 0.03067095
v -0.00399850 0.00825664 0.00291525
v -0.00440854 0.00974667 0.03060830
v -0.00460822 0.00961551 0.03057017
v -0.00378578 0.00492696 0.02956246
v -0.00378696 0.00492696 0.03005270
v -0.00259043 0.00972450 0.03052660
v -0.00405183 0.00974667 0.03070091
v -0.00437654 0.00974667 0.03062192
v -0.00444152 0.00967873 0.03061920
v -0.00460822 0.00948245 0.03061647
v -0.00460822 0.00935553 0.03064643
v -0.00460822 0.00958672 0.03058379
f 422 423 427
f 422 427 436
f 422 436 458
f 422 458 477
f 422 477 490
f 422 490 491
f 422 491 482
f 422 482 465
f 422 465 440
f 422 440 429
f 422 429 424
f 422 424 430
f 422 430 425
f 422 425 426
f 422 426 428
f 422 428 423
f 423 428 427
f 424 429 430
f 425 430 443
f 425 443 470
f 425 470 486
f 425 486 497
f 425 497 496
f 425 496 498
f 425 498 489
f 425 489 475
f 425 475 452
f 425 452 431
f 425 431 432
f 425 432 433
f 425 433 434
f 425 434 435
f 425 435 426
f 426 435 439
f 426 439 428
f 427 428 437
f 427 437 438
f 427 438 436
f 428 439 437
f 429 440 441
f 429 441 442
f 429 442 430
f 430 442 443
f 431 444 445
f 431 445 446
f 431 446 447
f 431 447 448
f 431 448 449
f 431 449 450
f 431 450 451
f 431 451 432
f 431 452 474
f 431 474 488
f 431 488 494
f 431 494 493
f 431 493 483
f 431 483 468
f 431 468 441
f 431 441 467
f 431 467 466
f 431 466 481
f 431 481 471
f 431 471 444
f 432 451 453
f 432 453 433
f 433 454 455
f 433 455 434
f 433 453 473
f 433 473 454
f 434 455 439
f 434 439 435
f 436 456 457
f 436 457 458
f 436 438 459
f 436 459 460
f 436 460 461
f 436 461 462
f 436 462 463
f 436 463 456
f 437 439 464
f 437 464 438
f 438 464 459
f 439 455 464
f 440 465 466
f 440 466 467
f 440 467 441
f 441 468 469
f 441 469 443
f 441 443 442
f 443 469 470
f 444 471 451
f 444 451 445
f 445 451 446
f 446 451 447
f 447 451 448
f 448 451 449
f 449 451 450
f 451 472 473
f 451 473 453
f 451 471 472
f 452 475 474
f 454 464 455
f 454 473 476
f 454 476 464
f 456 463 462
f 456 462 461
f 456 461 460
f 456 460 459
f 456 459 471
f 456 471 481
f 456 481 492
f 456 492 478
f 456 478 457
f 457 477 458
f 457 478 477
f 459 464 479
f 459 479 476
f 459 476 480
f 459 480 471
f 464 476 479
f 465 481 466
f 465 482 481
f 468 483 469
f 469 483 484
f 469 484 470
f 470 484 485
f 470 485 486
f 471 480 487
f 471 487 472
f 472 487 473
f 473 487 476
f 474 475 488
f 475 489 488
f 476 487 480
f 477 478 490
f 478 482 491
f 478 491 490
f 478 492 482
f 481 482 492
f 483 493 484
f 484 493 494
f 484 494 485
f 485 494 495
f 485 495 496
f 485 496 497
f 485 497 486
f 488 489 498
f 488 498 494
f 494 498 495
f 495 498 496

o geometry_5
v 0.00769320 0.00900923 0.00021055
v 0.00740128 0.00906359 0.00185021
v 0.00740464 0.00906379 0.00086641
v 0.00740712 0.00906400 0.00021055
v 0.00740836 0.00906461 -0.00011738
v 0.00769320 0.00901044 -0.00011738
v 0.00790134 0.00913763 -0.00011738
v 0.00790169 0.00913723 0.00021055
v 0.00769320 0.00902140 0.00545745
v 0.00769072 0.00902464 0.00676739
v 0.00739278 0.00906177 0.00676739
v 0.00739384 0.00906177 0.00611331
v 0.00739490 0.00906197 0.00545745
v 0.00622951 0.00979692 -0.00158101
v 0.00622951 0.00979732 -0.00175793
v 0.00740960 0.00906927 -0.00044531
v 0.00622951 0.00979874 -0.00190894
v 0.00741102 0.00908205 -0.00077324
v 0.00769320 0.00902505 -0.00044531
v 0.00799239 0.00935591 -0.00011738
v 0.00789284 0.00914757 -0.00044531
v 0.00799274 0.00935591 0.00021055
v 0.00789160 0.00915609 0.00676739
v 0.00789089 0.00915447 0.00676739
v 0.00769320 0.00902444 0.00676739
v 0.00622951 0.00978657 0.00676739
v 0.00622951 0.00979671 -0.00143000
v 0.00739419 0.00906197 0.00578538
v 0.00622951 0.00981680 -0.00216450
v 0.00742271 0.00911167 -0.00110118
v 0.00763439 0.00911167 -0.00110118
v 0.00771676 0.00908996 -0.00078129
v 0.00787583 0.00916847 -0.00067764
v 0.00803897 0.00968393 -0.00011738
v 0.00797698 0.00935591 -0.00044531
v 0.00802587 0.00968393 -0.00044531
v 0.00803826 0.00968393 0.00119434
v 0.00803791 0.00968393 0.00152227
v 0.00798991 0.00935591 0.00119434
v 0.00797184 0.00935591 0.00676739
v 0.00798884 0.00935591 0.00152227
v 0.00622951 0.01108140 0.00676739
v 0.00622951 0.00983789 -0.00226010
v 0.00746540 0.00915244 -0.00133528
v 0.00757540 0.00915244 -0.00133528
v 0.00784182 0.00922689 -0.00089566
v 0.00791232 0.00934414 -0.00078129
v 0.00803313 0.01001194 -0.00011738
v 0.00796883 0.00968393 -0.00077324
v 0.00796475 0.01001194 -0.00077324
v 0.00801949 0.01001194 -0.00044531
v 0.00803295 0.01001194 0.00021055
v 0.00803685 0.00968393 0.00185021
v 0.00801949 0.00968393 0.00676739
v 0.00670938 0.01104266 -0.00143000
v 0.00622951 0.01103617 -0.00175793
v 0.00638416 0.01108140 0.00676739
v 0.00622951 0.00991640 -0.00229495
v 0.00638132 0.00983404 -0.00226368
v 0.00720076 0.00951982 -0.00192145
v 0.00720129 0.00951982 -0.00192145
v 0.00753838 0.00949121 -0.00160424
v 0.00761207 0.00937153 -0.00143894
v 0.00779417 0.00934414 -0.00109939
v 0.00787902 0.00944557 -0.00098948
v 0.00793482 0.01033510 -0.00044531
v 0.00794226 0.01033956 -0.00011738
v 0.00794226 0.01033915 0.00021055
v 0.00789106 0.00968393 -0.00101808
v 0.00789036 0.01001194 -0.00101897
v 0.00787796 0.01023996 -0.00099038
v 0.00790807 0.01030142 -0.00077324
v 0.00791586 0.01036248 0.00676739
v 0.00802870 0.01001194 0.00152227
v 0.00800851 0.01001194 0.00676739
v 0.00703744 0.01103028 -0.00110118
v 0.00703744 0.01101933 -0.00143000
v 0.00638132 0.01103211 -0.00175793
v 0.00671204 0.01107613 0.00676739
v 0.00622951 0.01092581 -0.00208497
v 0.00622951 0.01001194 -0.00231997
v 0.00657352 0.00983668 -0.00225921
v 0.00676128 0.01001194 -0.00219488
v 0.00720979 0.00968393 -0.00192860
v 0.00737382 0.00968393 -0.00177580
v 0.00754441 0.00968393 -0.00161139
v 0.00766699 0.00968393 -0.00143000
v 0.00781596 0.00968393 -0.00118159
v 0.00783757 0.01046533 -0.00077324
v 0.00785298 0.01049900 -0.00044531
v 0.00785705 0.01050347 -0.00011738
v 0.00785670 0.01050326 0.00021055
v 0.00790240 0.01038865 0.00676739
v 0.00781224 0.01001194 -0.00118249
v 0.00764378 0.01033976 -0.00143000
v 0.00753183 0.01050935 -0.00159709
v 0.00779629 0.01034544 -0.00110028
v 0.00734282 0.01092845 -0.00077324
v 0.00733769 0.01092845 -0.00110118
v 0.00703744 0.01104631 0.00676739
v 0.00730421 0.01091263 -0.00143000
v 0.00725124 0.01087510 -0.00165071
v 0.00702663 0.01091526 -0.00175883
v 0.00670938 0.01100209 -0.00175793
v 0.00638132 0.01092784 -0.00205548
v 0.00622951 0.01081363 -0.00223955
v 0.00638132 0.01001194 -0.00230925
v 0.00622951 0.01016348 -0.00234767
v 0.00659725 0.01001194 -0.00226904
v 0.00659796 0.01033976 -0.00227083
v 0.00676199 0.01033976 -0.00219488
v 0.00703744 0.01001194 -0.00204476
v 0.00721830 0.01001194 -0.00193575
v 0.00738232 0.01001194 -0.00177848
v 0.00754653 0.01001194 -0.00161496
v 0.00766557 0.01001194 -0.00143000
v 0.00757629 0.01057122 -0.00143000
v 0.00764077 0.01063796 -0.00110118
v 0.00750172 0.01080207 -0.00110118
v 0.00750685 0.01080795 -0.00077324
v 0.00750331 0.01080288 0.00676739
v 0.00771747 0.01061605 0.00676739
v 0.00774369 0.01059171 0.00676739
v 0.00784678 0.01049109 0.00668697
v 0.00754033 0.01033976 -0.00160692
v 0.00746824 0.01073513 -0.00143000
v 0.00737737 0.01033976 -0.00177133
v 0.00720590 0.01051320 -0.00192502
v 0.00733786 0.01062051 -0.00173381
v 0.00703974 0.01104550 0.00676739
v 0.00733786 0.01092662 0.00676739
v 0.00712866 0.01073188 -0.00186963
v 0.00691008 0.01085339 -0.00194379
v 0.00670938 0.01089275 -0.00199383
v 0.00638132 0.01076982 -0.00221989
v 0.00622951 0.01077935 -0.00225385
v 0.00622951 0.01033976 -0.00236108
v 0.00638132 0.01033976 -0.00233338
v 0.00657422 0.01053734 -0.00226100
v 0.00703744 0.01033976 -0.00204029
v 0.00721334 0.01033976 -0.00193128
v 0.00750048 0.01080532 0.00676739
v 0.00702663 0.01064060 -0.00198043
v 0.00669397 0.01065500 -0.00215377
v 0.00638132 0.01060591 -0.00228780
v 0.00622951 0.01064993 -0.00229763
f 499 500 501
f 499 501 502
f 499 502 503
f 499 503 504
f 499 504 505
f 499 505 506
f 499 506 507
f 499 507 508
f 499 508 509
f 499 509 510
f 499 510 511
f 499 511 500
f 500 512 513
f 500 513 501
f 500 511 512
f 501 513 502
f 502 513 503
f 503 514 504
f 503 513 515
f 503 515 514
f 504 514 516
f 504 516 517
f 504 517 505
f 505 518 506
f 505 517 519
f 505 519 518
f 506 518 520
f 506 520 521
f 506 521 522
f 506 522 523
f 506 523 507
f 507 523 508
f 508 523 522
f 508 522 521
f 508 521 538
f 508 538 552
f 508 552 573
f 508 573 571
f 508 571 591
f 508 591 621
f 508 621 620
f 508 620 619
f 508 619 640
f 508 640 629
f 508 629 628
f 508 628 598
f 508 598 577
f 508 577 555
f 508 555 540
f 508 540 524
f 508 524 509
f 509 524 510
f 510 524 525
f 510 525 526
f 510 526 511
f 511 526 512
f 512 525 524
f 512 524 540
f 512 540 554
f 512 554 578
f 512 578 604
f 512 604 634
f 512 634 644
f 512 644 635
f 512 635 606
f 512 606 579
f 512 579 556
f 512 556 541
f 512 541 527
f 512 527 515
f 512 515 513
f 512 526 525
f 514 515 516
f 515 527 516
f 516 527 528
f 516 528 517
f 517 528 529
f 517 529 530
f 517 530 531
f 517 531 519
f 518 532 520
f 518 519 533
f 518 533 534
f 518 534 532
f 519 531 533
f 520 535 536
f 520 536 537
f 520 537 521
f 520 532 535
f 521 537 539
f 521 539 538
f 527 541 528
f 528 541 542
f 528 542 543
f 528 543 529
f 529 543 531
f 529 531 530
f 531 543 544
f 531 544 545
f 531 545 533
f 532 534 546
f 532 546 550
f 532 550 535
f 533 545 547
f 533 547 534
f 534 547 548
f 534 548 549
f 534 549 546
f 535 550 536
f 536 551 539
f 536 539 537
f 536 550 572
f 536 572 551
f 538 539 551
f 538 551 552
f 540 553 554
f 540 555 553
f 541 556 557
f 541 557 558
f 541 558 542
f 542 558 559
f 542 559 543
f 543 559 560
f 543 560 561
f 543 561 562
f 543 562 544
f 544 562 563
f 544 563 545
f 545 563 547
f 546 549 564
f 546 564 565
f 546 565 566
f 546 566 550
f 547 563 567
f 547 567 568
f 547 568 548
f 548 568 569
f 548 569 570
f 548 570 549
f 549 570 564
f 550 566 571
f 550 571 572
f 551 572 552
f 552 572 573
f 553 574 575
f 553 575 576
f 553 576 554
f 553 555 577
f 553 577 574
f 554 576 578
f 556 579 580
f 556 580 557
f 557 580 559
f 557 559 558
f 559 580 581
f 559 581 582
f 559 582 583
f 559 583 560
f 560 584 585
f 560 585 586
f 560 586 561
f 560 583 584
f 561 586 563
f 561 563 562
f 563 586 567
f 564 570 587
f 564 587 588
f 564 588 565
f 565 588 589
f 565 589 566
f 566 589 590
f 566 590 591
f 566 591 571
f 567 586 568
f 568 586 592
f 568 592 569
f 569 592 593
f 569 593 594
f 569 594 595
f 569 595 587
f 569 587 570
f 571 573 572
f 574 596 597
f 574 597 575
f 574 577 598
f 574 598 596
f 575 597 599
f 575 599 600
f 575 600 601
f 575 601 602
f 575 602 576
f 576 602 603
f 576 603 578
f 578 603 604
f 579 605 580
f 579 606 605
f 580 605 607
f 580 607 581
f 581 607 608
f 581 608 609
f 581 609 610
f 581 610 582
f 582 611 583
f 582 610 611
f 583 611 612
f 583 612 584
f 584 613 585
f 584 612 613
f 585 613 614
f 585 614 586
f 586 614 592
f 587 595 615
f 587 615 616
f 587 616 617
f 587 617 588
f 588 618 589
f 588 617 618
f 589 618 619
f 589 619 620
f 589 620 590
f 590 620 621
f 590 621 622
f 590 622 591
f 591 622 621
f 592 614 623
f 592 623 593
f 593 623 594
f 594 624 615
f 594 615 595
f 594 623 625
f 594 625 626
f 594 626 627
f 594 627 600
f 594 600 624
f 596 618 597
f 596 598 628
f 596 628 629
f 596 629 618
f 597 618 617
f 597 617 599
f 599 617 624
f 599 624 600
f 600 627 630
f 600 630 631
f 600 631 601
f 601 631 632
f 601 632 602
f 602 632 603
f 603 632 604
f 604 633 634
f 604 632 633
f 605 606 635
f 605 635 636
f 605 636 607
f 607 636 608
f 608 637 609
f 608 636 637
f 609 638 610
f 609 637 626
f 609 626 638
f 610 638 611
f 611 639 612
f 611 638 639
f 612 639 625
f 612 625 613
f 613 623 614
f 613 625 623
f 615 624 616
f 616 624 617
f 618 629 640
f 618 640 619
f 625 639 626
f 626 630 627
f 626 639 638
f 626 637 641
f 626 641 630
f 630 641 631
f 631 641 642
f 631 642 633
f 631 633 632
f 633 637 643
f 633 643 634
f 633 642 637
f 634 643 644
f 635 644 643
f 635 643 636
f 636 643 637
f 637 642 641

o geometry_6
v -0.00609420 0.00825670 0.00381751
v -0.00613556 0.00837197 0.00381751
v -0.00562209 0.00974722 0.00368331
v -0.00564720 0.00825670 0.00381751
v -0.00632982 0.00825670 0.00710290
v -0.00612244 0.00870007 0.00381751
v -0.00515142 0.00974722 0.00368331
v -0.00602431 0.00902609 0.00381751
v -0.00602345 0.00902783 0.00381751
v -0.00584459 0.00937537 0.00381751
v -0.00568171 0.00967049 0.00381751
v -0.00563322 0.00974687 0.00381751
v -0.00557075 0.00982742 0.00368331
v -0.00564035 0.00825774 0.00381751
v -0.00564006 0.00825670 0.00382000
v -0.00634551 0.00825670 0.00742846
v -0.00630614 0.00837197 0.00710290
v -0.00625052 0.00854522 0.00684196
v -0.00347466 0.01072423 0.00368331
v -0.00625252 0.00855008 0.00710290
v -0.00617949 0.00871396 0.00710290
v -0.00618434 0.00872229 0.01005280
v -0.00618576 0.00872507 0.01103941
v -0.00596982 0.00928718 0.02906680
v -0.00592903 0.00921184 0.00382000
v -0.00584459 0.00937572 0.00382000
v -0.00559100 0.00984860 0.01005280
v -0.00559071 0.00984825 0.00985150
v -0.00557560 0.00983680 0.00382000
v -0.00528121 0.01019754 0.00368331
v -0.00564520 0.00825670 0.00578825
v -0.00631442 0.00837197 0.00742846
v -0.00634637 0.00825670 0.00775650
v -0.00347466 0.01103671 0.00368331
v -0.00347466 0.01074750 0.00611629
v -0.00632583 0.00837197 0.01234909
v -0.00636348 0.00837197 0.02906680
v -0.00625793 0.00856432 0.01202105
v -0.00627619 0.00861362 0.02906680
v -0.00568998 0.00974722 0.02907178
v -0.00561325 0.00987777 0.02907178
v -0.00561211 0.00987881 0.02874373
v -0.00549230 0.01004303 0.02907178
v -0.00532970 0.01025378 0.02907178
v -0.00528549 0.01020309 0.00382000
v -0.00491636 0.01061799 0.00368331
v -0.00498197 0.01055966 0.00382000
v -0.00602602 0.00825670 0.02906680
v -0.00634751 0.00825670 0.00829827
v -0.00411507 0.01104539 0.00368331
v -0.00347495 0.01175715 0.00710042
v -0.00347466 0.01175229 0.00708551
v -0.00347466 0.01078465 0.00643439
v -0.00347495 0.01138981 0.02907178
v -0.00636405 0.00836954 0.02906680
v -0.00627819 0.00860841 0.02906680
v -0.00525953 0.00974722 0.02907178
v -0.00638887 0.00825670 0.02906680
v -0.00561125 0.00988089 0.02907178
v -0.00532828 0.01025552 0.02907178
v -0.00498283 0.01056036 0.00414804
v -0.00519135 0.01041905 0.02874373
v -0.00483135 0.01071451 0.00368331
v -0.00483849 0.01072389 0.00382000
v -0.00430847 0.01102491 0.00368331
v -0.00444340 0.01100234 0.00368331
v -0.00457976 0.01093776 0.00368331
v -0.00347495 0.01176027 0.00713770
v -0.00347495 0.01178041 0.00742846
v -0.00347495 0.01178075 0.00751544
v -0.00347495 0.01178700 0.01310458
v -0.00347495 0.01178944 0.01530147
v -0.00347495 0.01180332 0.02888042
v -0.00347495 0.01168319 0.02907178
v -0.00347466 0.01132732 0.00708551
v -0.00347466 0.01078673 0.00644682
v -0.00347466 0.01079819 0.00646919
v -0.00347466 0.01096067 0.00667297
v -0.00519164 0.01041974 0.02907178
v -0.00501535 0.01059473 0.02218289
v -0.00502533 0.01060341 0.02743157
v -0.00466762 0.01089158 0.00368331
v -0.00467475 0.01089783 0.00382000
v -0.00484933 0.01073812 0.01070888
v -0.00351831 0.01175680 0.00742846
v -0.00352515 0.01175923 0.01300269
v -0.00352829 0.01176027 0.01562951
v -0.00347552 0.01180332 0.02907178
v -0.00502904 0.01060376 0.02907178
v -0.00486245 0.01075791 0.02152929
v -0.00485560 0.01074750 0.01562951
v -0.00485275 0.01074333 0.01333322
v -0.00502647 0.01060653 0.02907178
v -0.00487101 0.01076937 0.02907178
v -0.00468045 0.01090235 0.00775650
v -0.00449589 0.01106553 0.00710042
v -0.00433215 0.01120128 0.00710042
v -0.00411535 0.01136412 0.00710042
v -0.00395047 0.01148598 0.00710042
v -0.00378645 0.01158598 0.00710042
v -0.00378588 0.01159292 0.00742846
v -0.00397244 0.01150265 0.02480971
v -0.00397529 0.01150612 0.02907178
v -0.00354341 0.01176374 0.02841569
v -0.00354427 0.01176374 0.02907178
v -0.00470556 0.01092561 0.02907178
v -0.00452156 0.01108810 0.02907178
v -0.00435868 0.01121899 0.02907178
v -0.00414103 0.01138391 0.02907178
v -0.00397215 0.01150230 0.02447919
v -0.00397814 0.01150439 0.02907178
f 645 646 647
f 645 647 651
f 645 651 648
f 645 648 659
f 645 659 675
f 645 675 692
f 645 692 702
f 645 702 693
f 645 693 677
f 645 677 660
f 645 660 649
f 645 649 646
f 646 650 647
f 646 649 650
f 647 650 652
f 647 652 653
f 647 653 654
f 647 654 655
f 647 655 656
f 647 656 657
f 647 657 674
f 647 674 690
f 647 690 707
f 647 707 726
f 647 726 711
f 647 711 710
f 647 710 709
f 647 709 694
f 647 694 678
f 647 678 663
f 647 663 651
f 648 658 659
f 648 651 658
f 649 660 650
f 650 660 661
f 650 661 662
f 650 662 652
f 651 663 658
f 652 662 664
f 652 664 665
f 652 665 666
f 652 666 667
f 652 667 668
f 652 668 653
f 653 669 654
f 653 668 669
f 654 669 670
f 654 670 655
f 655 670 668
f 655 668 671
f 655 671 672
f 655 672 656
f 656 673 657
f 656 672 673
f 657 673 674
f 658 663 659
f 659 663 675
f 660 676 661
f 660 677 676
f 661 676 662
f 662 676 664
f 663 678 696
f 663 696 719
f 663 719 722
f 663 722 721
f 663 721 720
f 663 720 697
f 663 697 679
f 663 679 675
f 664 676 680
f 664 680 681
f 664 681 682
f 664 682 667
f 664 667 666
f 664 666 665
f 667 682 683
f 667 683 668
f 668 683 684
f 668 684 685
f 668 685 686
f 668 686 671
f 668 670 669
f 671 686 687
f 671 687 688
f 671 688 672
f 672 688 689
f 672 689 673
f 673 689 674
f 674 689 691
f 674 691 690
f 675 679 692
f 676 677 680
f 677 693 681
f 677 681 680
f 678 694 695
f 678 695 696
f 679 697 698
f 679 698 692
f 681 699 684
f 681 684 700
f 681 700 682
f 681 693 699
f 682 700 683
f 683 700 684
f 684 701 698
f 684 698 718
f 684 718 732
f 684 732 749
f 684 749 747
f 684 747 755
f 684 755 753
f 684 753 752
f 684 752 751
f 684 751 750
f 684 750 738
f 684 738 737
f 684 737 733
f 684 733 723
f 684 723 704
f 684 704 688
f 684 688 687
f 684 687 703
f 684 703 685
f 684 699 702
f 684 702 692
f 684 692 701
f 685 703 686
f 686 703 687
f 688 704 689
f 689 705 691
f 689 704 706
f 689 706 705
f 690 691 708
f 690 708 707
f 691 705 708
f 692 698 701
f 693 702 699
f 694 709 695
f 695 709 710
f 695 710 711
f 695 711 712
f 695 712 696
f 696 712 713
f 696 713 714
f 696 714 715
f 696 715 716
f 696 716 717
f 696 717 718
f 696 718 698
f 696 698 719
f 697 720 698
f 698 720 721
f 698 721 722
f 698 722 719
f 704 723 706
f 705 706 724
f 705 724 708
f 706 723 725
f 706 725 724
f 707 708 726
f 708 727 726
f 708 724 728
f 708 728 727
f 711 726 727
f 711 727 712
f 712 727 713
f 713 727 729
f 713 729 714
f 714 729 715
f 715 729 730
f 715 730 716
f 716 730 731
f 716 731 732
f 716 732 717
f 717 732 718
f 723 733 725
f 724 725 728
f 725 734 735
f 725 735 736
f 725 736 728
f 725 733 737
f 725 737 738
f 725 738 734
f 727 739 740
f 727 740 741
f 727 741 742
f 727 742 743
f 727 743 744
f 727 744 729
f 727 728 736
f 727 736 735
f 727 735 734
f 727 734 738
f 727 738 739
f 729 745 746
f 729 746 747
f 729 747 730
f 729 744 743
f 729 743 745
f 730 747 731
f 731 747 748
f 731 748 732
f 732 748 749
f 738 750 739
f 739 750 740
f 740 750 751
f 740 751 741
f 741 751 752
f 741 752 753
f 741 753 742
f 742 753 754
f 742 754 743
f 743 754 745
f 745 754 746
f 746 754 753
f 746 753 755
f 746 755 747
f 747 749 748

o geometry_7
v 0.00933285 0.00824452 0.00776716
v 0.00907116 0.00824452 0.00782786
v 0.00739307 0.00906239 0.00676739
v 0.00769369 0.00902484 0.00676739
v 0.00971575 0.00824452 0.00790463
v 0.00933285 0.00844952 0.00750472
v 0.00958330 0.00848362 0.00753864
v 0.00775750 0.00824452 0.00843487
v 0.00622951 0.00978660 0.00676739
v 0.00933285 0.00866187 0.00734047
v 0.00950745 0.00885306 0.00725835
v 0.00980205 0.00856562 0.00761184
v 0.00622951 0.01108138 0.00676739
v 0.00767442 0.00824452 0.00874015
v 0.00763910 0.00824452 0.02152832
v 0.00622951 0.00976869 0.01706996
v 0.00789156 0.00915475 0.00676739
v 0.01015565 0.00824452 0.00837238
v 0.00953474 0.00902786 0.00724049
v 0.00985743 0.00878401 0.00755114
v 0.00622951 0.01222553 0.00722086
v 0.00799611 0.00952009 0.00676739
v 0.00952912 0.00935630 0.00724406
v 0.00985222 0.00926394 0.00754935
v 0.00996901 0.00902786 0.00775466
v 0.01024274 0.00824452 0.00856519
v 0.00703746 0.01104598 0.00676739
v 0.00648378 0.01218431 0.00723960
v 0.00800876 0.01001232 0.00676739
v 0.00790942 0.01037551 0.00676739
v 0.00949982 0.00952592 0.00726192
v 0.00980927 0.00948276 0.00769575
v 0.01003484 0.00902786 0.00808316
v 0.01031298 0.00824452 0.00886870
v 0.00659295 0.01223955 0.00733065
v 0.00733808 0.01092643 0.00676739
v 0.00764954 0.00824452 0.02185682
v 0.00622951 0.00978660 0.02349752
v 0.00622951 0.00977063 0.02070976
v 0.00913779 0.01013446 0.00728513
v 0.00952711 0.00989665 0.00754578
v 0.00982573 0.00952160 0.00791356
v 0.01014120 0.00882889 0.00874015
v 0.01032984 0.00824452 0.00919541
v 0.00622951 0.01253110 0.00750472
v 0.00655020 0.01247369 0.00758684
v 0.00723292 0.01183148 0.00725299
v 0.00745126 0.01176372 0.00730476
v 0.00622951 0.00984983 0.02463565
v 0.00774426 0.01059152 0.00676739
v 0.00851287 0.01083105 0.00726370
v 0.00923773 0.01026264 0.00750293
v 0.00944925 0.01010468 0.00775466
v 0.00946209 0.01012367 0.00808316
v 0.00988954 0.00931918 0.02119982
v 0.01002520 0.00902786 0.02119982
v 0.00720162 0.01214353 0.00759220
v 0.00622951 0.01262044 0.00775466
v 0.00818014 0.01115431 0.00726727
v 0.00772399 0.00824452 0.02212640
v 0.00784821 0.00824452 0.02235849
v 0.00852451 0.01117028 0.00757613
v 0.00883717 0.01082717 0.00760827
v 0.00916870 0.01050304 0.00796711
v 0.00955240 0.00993593 0.02119982
v 0.00974586 0.00957339 0.02152832
v 0.01012434 0.00877926 0.02119982
v 0.01016769 0.00858246 0.02139978
v 0.01018575 0.00862993 0.01956091
v 0.01030174 0.00824452 0.02087133
v 0.00759575 0.01186385 0.00752436
v 0.00801157 0.00824452 0.02245490
v 0.00834911 0.00824452 0.02254773
v 0.00773182 0.01184055 0.00775466
v 0.00854377 0.01118798 0.00775466
v 0.00855702 0.01120006 0.00808316
v 0.00917391 0.01050952 0.01136456
v 0.00944564 0.01009778 0.02152832
v 0.00953072 0.00990442 0.02179969
v 0.00984539 0.00924840 0.02172470
v 0.01028448 0.00824452 0.02119982
v 0.00622951 0.01265259 0.00815903
v 0.00660920 0.01250218 0.00808316
v 0.00622951 0.01013403 0.02499004
v 0.00867743 0.00824452 0.02255487
v 0.00887369 0.01086817 0.00939536
v 0.00885925 0.01085177 0.02185682
v 0.00921385 0.01040593 0.02185682
v 0.00949621 0.00984529 0.02201928
v 0.00987750 0.00902786 0.02176041
v 0.01015806 0.00824452 0.02154439
v 0.00622951 0.01263576 0.02366176
v 0.00638163 0.01258245 0.02349752
v 0.00725018 0.01217028 0.01038085
v 0.00741113 0.01207706 0.00808316
v 0.00767161 0.01191305 0.00808316
v 0.00783537 0.01179868 0.00808316
v 0.00900494 0.00824452 0.02246025
v 0.00820904 0.01150693 0.01005236
v 0.00819740 0.01149743 0.02119982
v 0.00853655 0.01118151 0.02218353
v 0.00916227 0.01049484 0.02054461
v 0.00884199 0.01083278 0.02235135
v 0.00872840 0.01079631 0.02257540
v 0.00916348 0.01013619 0.02234064
v 0.00973181 0.00902829 0.02192466
v 0.00667643 0.01245492 0.02349752
v 0.00703746 0.01227387 0.02316902
v 0.00622951 0.01033990 0.02500610
v 0.00918475 0.00824452 0.02236027
v 0.00782092 0.01178876 0.02251203
v 0.00818857 0.01149009 0.02268520
v 0.00833145 0.01129264 0.02276911
v 0.00787149 0.01150865 0.02334934
v 0.00721045 0.01183148 0.02399740
v 0.00688414 0.01184702 0.02432590
v 0.00994292 0.00824452 0.02178898
v 0.00723734 0.01216510 0.02316902
v 0.00622951 0.01099549 0.02500253
v 0.00765315 0.01190183 0.02284052
v 0.00772178 0.01183882 0.02300477
v 0.00692989 0.01219704 0.02406346
v 0.00683999 0.01206541 0.02428305
v 0.00622951 0.01117805 0.02498646
v 0.00720322 0.01214439 0.02366355
v 0.00656826 0.01248362 0.02402240
v 0.00662165 0.01221258 0.02437053
v 0.00622951 0.01231228 0.02445266
v 0.00622951 0.01249139 0.02434018
f 756 760 773
f 756 773 781
f 756 781 789
f 756 789 799
f 756 799 825
f 756 825 836
f 756 836 846
f 756 846 872
f 756 872 865
f 756 865 853
f 756 853 840
f 756 840 828
f 756 828 827
f 756 827 816
f 756 816 815
f 756 815 792
f 756 792 770
f 756 770 769
f 756 769 763
f 756 763 757
f 756 757 758
f 756 758 759
f 756 761 762
f 756 762 760
f 757 763 758
f 758 764 768
f 758 768 782
f 758 782 791
f 758 791 805
f 758 805 785
f 758 785 784
f 758 784 777
f 758 777 772
f 758 772 759
f 758 763 764
f 756 759 761
f 761 759 765
f 761 765 762
f 762 765 766
f 762 766 767
f 762 767 760
f 764 763 769
f 764 769 770
f 764 770 771
f 764 771 794
f 764 794 793
f 764 793 804
f 764 804 839
f 764 839 864
f 764 864 874
f 764 874 879
f 764 879 883
f 764 883 884
f 764 884 847
f 764 847 837
f 764 837 813
f 764 813 800
f 764 800 776
f 764 776 768
f 759 772 766
f 759 766 765
f 760 767 773
f 766 774 775
f 766 775 767
f 766 772 774
f 767 775 773
f 772 777 774
f 774 777 778
f 774 778 779
f 774 779 775
f 775 779 780
f 775 780 781
f 775 781 773
f 768 776 782
f 776 783 782
f 778 777 784
f 778 784 785
f 778 785 786
f 778 786 779
f 780 779 787
f 780 787 788
f 780 788 789
f 780 789 781
f 783 776 790
f 783 791 782
f 770 792 793
f 770 793 794
f 770 794 771
f 786 785 795
f 786 796 779
f 779 796 787
f 787 797 788
f 788 797 798
f 788 798 799
f 788 799 789
f 776 800 790
f 790 800 801
f 783 790 802
f 783 802 791
f 791 802 803
f 793 792 804
f 785 805 795
f 795 805 806
f 795 807 796
f 795 796 786
f 796 807 808
f 796 808 787
f 797 787 808
f 797 808 809
f 797 810 811
f 797 811 798
f 790 801 812
f 790 812 803
f 790 803 802
f 801 800 813
f 791 803 814
f 791 814 805
f 792 815 804
f 804 815 816
f 805 814 806
f 795 817 807
f 795 806 817
f 807 817 818
f 807 818 808
f 808 819 809
f 797 820 810
f 797 809 820
f 810 821 811
f 811 822 798
f 811 821 823
f 811 823 822
f 798 822 824
f 798 824 799
f 799 824 825
f 803 826 817
f 803 817 814
f 804 816 827
f 804 827 828
f 806 814 817
f 817 826 829
f 817 829 830
f 817 830 818
f 819 818 831
f 819 808 818
f 820 809 833
f 820 833 821
f 820 821 810
f 821 833 834
f 821 834 835
f 821 835 823
f 824 822 825
f 825 822 836
f 813 837 801
f 801 837 838
f 812 829 826
f 812 826 803
f 804 828 840
f 804 840 839
f 830 831 818
f 831 841 819
f 809 819 832
f 832 819 841
f 832 841 842
f 809 832 833
f 833 843 834
f 834 844 835
f 835 844 845
f 835 845 846
f 835 846 823
f 822 823 836
f 823 846 836
f 837 847 848
f 837 848 838
f 801 838 812
f 812 838 850
f 812 850 829
f 829 850 851
f 829 851 852
f 829 852 830
f 840 853 839
f 830 852 831
f 831 854 855
f 831 855 856
f 842 857 832
f 842 841 831
f 842 831 856
f 832 857 833
f 833 857 843
f 843 857 842
f 843 842 858
f 843 858 834
f 834 858 844
f 844 858 859
f 844 859 860
f 844 860 845
f 845 861 846
f 848 862 838
f 849 838 863
f 838 849 850
f 839 853 865
f 852 854 831
f 855 854 866
f 842 856 858
f 858 867 868
f 858 868 859
f 860 859 869
f 860 869 870
f 860 870 871
f 860 861 845
f 861 872 846
f 838 862 863
f 849 863 873
f 849 873 850
f 839 865 872
f 839 872 864
f 864 872 874
f 854 852 866
f 866 875 876
f 866 852 851
f 866 851 875
f 855 867 856
f 855 866 867
f 856 867 858
f 868 869 859
f 870 869 877
f 870 877 878
f 870 878 871
f 871 878 879
f 871 879 874
f 871 874 861
f 871 861 860
f 861 874 872
f 848 847 862
f 862 873 863
f 873 880 875
f 851 850 873
f 851 873 875
f 876 867 866
f 867 876 880
f 867 880 868
f 869 868 880
f 869 880 877
f 877 880 881
f 877 882 878
f 878 882 879
f 879 882 883
f 847 884 881
f 847 881 862
f 862 881 873
f 873 881 880
f 880 876 875
f 877 881 882
f 882 881 884
f 882 884 883

o geometry_8
v -0.00259043 0.01007958 0.00276600
v -0.00347466 0.01007958 0.00282641
v -0.00259043 0.01033991 0.00275581
v -0.00259043 0.01007958 0.00350811
v -0.00347466 0.01033991 0.00282955
v -0.00347466 0.01007958 0.00318256
v -0.00259043 0.01068598 0.00281543
v -0.00259043 0.01080244 0.00688997
v -0.00347466 0.01136123 0.01076918
v -0.00347466 0.01035578 0.00283268
v -0.00347466 0.01066784 0.00290172
v -0.00347466 0.01067671 0.00290564
v -0.00347466 0.01084820 0.00298409
v -0.00259043 0.01074988 0.00284602
v -0.00259043 0.01179408 0.01076918
v -0.00347466 0.01178440 0.01076918
v -0.00259043 0.01085479 0.00294329
v -0.00347466 0.01095476 0.00316216
v -0.00259043 0.01218509 0.01076918
v -0.00345199 0.01179697 0.01076918
v -0.00347466 0.01178440 0.01070564
v -0.00259043 0.01089189 0.00300605
v -0.00259043 0.01096033 0.00316216
v -0.00347466 0.01104010 0.00349007
v -0.00259043 0.01215644 0.00732221
v -0.00259043 0.01218509 0.01057385
v -0.00260575 0.01217953 0.01076918
v -0.00335790 0.01184912 0.01076918
v -0.00335781 0.01184912 0.01070564
v -0.00347466 0.01178419 0.01047187
v -0.00347466 0.01175739 0.00709785
v -0.00329593 0.01181614 0.00693312
v -0.00263301 0.01213727 0.00728142
v -0.00265837 0.01215191 0.00750029
v -0.00259043 0.01217087 0.00745793
v -0.00259043 0.01218406 0.00775367
v -0.00266807 0.01215582 0.00775367
v -0.00266867 0.01215665 0.01076918
v -0.00335704 0.01184891 0.01004982
v -0.00347466 0.01178316 0.00948500
v -0.00347466 0.01176049 0.00713316
v -0.00335383 0.01184726 0.00742576
v -0.00332510 0.01183180 0.00709785
v -0.00313078 0.01194682 0.00742576
v -0.00347466 0.01178110 0.00751205
v -0.00347466 0.01178089 0.00742576
f 885 886 887
f 885 887 891
f 885 891 898
f 885 898 901
f 885 901 906
f 885 906 907
f 885 907 909
f 885 909 919
f 885 919 920
f 885 920 910
f 885 910 903
f 885 903 899
f 885 899 892
f 885 892 888
f 885 888 890
f 885 890 886
f 886 889 887
f 886 890 893
f 886 893 900
f 886 900 905
f 886 905 914
f 886 914 924
f 886 924 929
f 886 929 930
f 886 930 925
f 886 925 915
f 886 915 908
f 886 908 902
f 886 902 897
f 886 897 896
f 886 896 895
f 886 895 894
f 886 894 889
f 887 889 891
f 888 892 893
f 888 893 890
f 889 894 891
f 891 894 895
f 891 895 896
f 891 896 897
f 891 897 898
f 892 899 893
f 893 899 903
f 893 903 911
f 893 911 922
f 893 922 912
f 893 912 904
f 893 904 900
f 897 901 898
f 897 902 901
f 900 904 905
f 901 902 906
f 902 907 906
f 902 908 909
f 902 909 907
f 903 910 911
f 904 912 905
f 905 912 913
f 905 913 914
f 908 915 916
f 908 916 917
f 908 917 909
f 909 917 918
f 909 918 919
f 910 920 921
f 910 921 922
f 910 922 911
f 912 922 921
f 912 921 913
f 913 923 914
f 913 921 923
f 914 923 924
f 915 925 926
f 915 926 927
f 915 927 916
f 916 927 917
f 917 927 918
f 918 927 928
f 918 928 921
f 918 921 920
f 918 920 919
f 921 928 926
f 921 926 923
f 923 926 929
f 923 929 924
f 925 930 926
f 926 928 927
f 926 930 929

o geometry_9
v 0.00622951 0.01022947 0.02498945
v 0.00259140 0.01022947 0.02954483
v 0.00622951 0.01013332 0.02498296
v 0.00622951 0.01107987 0.00768287
v 0.00299321 0.01006895 0.02898677
v 0.00235677 0.01022947 0.02982711
v 0.00228743 0.01015584 0.02989525
v 0.00622951 0.00997612 0.02480450
v 0.00260850 0.00984778 0.02923335
v -0.00017756 0.01107987 0.00743304
v -0.00258366 0.01022947 0.03072261
v 0.00003997 0.01022947 0.03069341
v 0.00014731 0.01022947 0.03068692
v 0.00047882 0.01022947 0.03066097
v 0.00080749 0.01022947 0.03061554
v 0.00106776 0.01022947 0.03057336
v 0.00115135 0.01022947 0.03054092
v 0.00172509 0.01022947 0.03027162
v 0.00181913 0.01022947 0.03021322
v 0.00228933 0.01022947 0.02989849
v 0.00622951 0.01107987 0.00675817
v 0.00267309 0.01001176 0.02931122
v 0.00170039 0.01008041 0.03025864
v 0.00195307 0.00984778 0.02989200
v 0.00217154 0.00993730 0.02978169
v 0.00622951 0.00985165 0.02463579
v -0.00259031 0.00968878 0.03038193
v 0.00622951 0.00978617 0.02349370
v 0.00622951 0.00984764 0.02462281
v -0.00050623 0.01107987 0.00742006
v -0.00259031 0.01022947 0.03071612
v -0.00347466 0.01006494 0.03071288
v -0.00340532 0.01006494 0.03071612
v -0.00347466 0.01001176 0.03071612
v -0.00347466 0.00974680 0.03071612
v -0.00339487 0.00974680 0.03071612
v -0.00083394 0.01107987 0.00740059
v -0.00107807 0.01107987 0.00737463
v -0.00116166 0.01107987 0.00736490
v -0.00150172 0.01107987 0.00730325
v -0.00162996 0.01107987 0.00727405
v -0.00247442 0.01107987 0.00703720
v -0.00259031 0.01107987 0.00699826
v 0.00047882 0.01002212 0.03061554
v 0.00080749 0.01005734 0.03058634
v 0.00104686 0.01011384 0.03056363
v 0.00113425 0.01107421 -0.00011709
v 0.00080654 0.01107904 0.00086926
v -0.00083394 0.01107960 0.00086926
v -0.00259031 0.01107987 0.00624552
v 0.00622951 0.01103622 -0.00175561
v 0.00605188 0.01104105 -0.00175561
v 0.00572417 0.01104589 -0.00175561
v 0.00143157 0.00998731 0.03030082
v 0.00130143 0.00984778 0.03021970
v -0.00259031 0.00972484 0.03052470
v -0.00306716 0.00974680 0.03068692
v -0.00259031 0.00968809 0.03026188
v 0.00622951 0.00978037 0.02316275
v 0.00002382 0.00984778 0.03054416
v -0.00347466 0.01007959 0.00318913
v -0.00259031 0.00966861 0.00827663
v -0.00259031 0.00966875 0.00926298
v -0.00259031 0.00966972 0.01057703
v -0.00259031 0.00967428 0.01582027
v -0.00259031 0.00968685 0.02993094
v -0.00259031 0.00968699 0.03005423
v -0.00347466 0.00974680 0.00283223
v 0.00014066 0.00997943 0.03061554
v 0.00015016 0.01107338 -0.00110020
v -0.00083394 0.01107366 -0.00077250
v -0.00116166 0.01107117 -0.00011709
v -0.00181804 0.01103967 -0.00011709
v -0.00259031 0.01103912 0.00349088
v -0.00347466 0.01007959 0.00283223
v 0.00622951 0.01092584 -0.00208331
v 0.00572417 0.01095955 -0.00208331
v 0.00539645 0.01095997 -0.00208331
v 0.00474102 0.01096052 -0.00208331
v 0.00342826 0.01096149 -0.00208331
v 0.00277188 0.01096190 -0.00208331
v 0.00211645 0.01096218 -0.00208331
v 0.00080654 0.01096245 -0.00208331
v 0.00047882 0.01096245 -0.00208331
v -0.00017756 0.01104451 -0.00175561
v 0.00622951 0.00977871 0.02283505
v -0.00259031 0.00966889 0.00762447
v 0.00622951 0.00976808 0.01710837
v 0.00622951 0.00976794 0.01776702
v 0.00622951 0.00976794 0.01791627
v 0.00622951 0.00976918 0.02006093
v 0.00622951 0.00976932 0.02021018
v 0.00622951 0.00977070 0.02086883
v 0.00622951 0.00977194 0.02119653
v 0.00622951 0.00977733 0.02250735
v -0.00232433 0.01030255 -0.00064920
v -0.00232243 0.01011854 -0.00064596
v -0.00228824 0.00985068 -0.00026959
v -0.00198807 0.00984530 -0.00096068
v -0.00259031 0.00967428 0.00316642
v -0.00259031 0.00967276 0.00336109
v -0.00259031 0.00967179 0.00349412
v -0.00259031 0.00967151 0.00368879
v -0.00259031 0.00967082 0.00434420
v -0.00017756 0.01107200 -0.00110020
v -0.00050623 0.01106924 -0.00110020
v -0.00116166 0.01103470 -0.00142790
v -0.00149032 0.01103290 -0.00110020
v -0.00149032 0.01104202 -0.00077250
v -0.00116166 0.01106661 -0.00044480
v -0.00181804 0.01103028 -0.00044480
v -0.00209731 0.01092667 -0.00044480
v -0.00228824 0.01079364 -0.00011709
v -0.00226069 0.01073424 -0.00044480
v -0.00231673 0.01052054 -0.00062649
v -0.00232433 0.01033985 -0.00064920
v 0.00622951 0.01081354 -0.00223905
v 0.00618867 0.01082500 -0.00224229
v 0.00597019 0.01084158 -0.00225527
v 0.00606803 0.01092377 -0.00211251
v 0.00572417 0.01084710 -0.00226176
v 0.00375598 0.01084973 -0.00226501
v 0.00277188 0.01085083 -0.00226501
v 0.00211645 0.01085139 -0.00226501
v 0.00178873 0.01085152 -0.00226501
v 0.00015016 0.01096218 -0.00208331
v 0.00047882 0.01085152 -0.00226501
v -0.00050623 0.01103802 -0.00175561
v 0.00622951 0.00976849 0.01678067
v -0.00225499 0.01033985 -0.00081143
v -0.00213150 0.01033985 -0.00110020
v -0.00211346 0.01030255 -0.00113265
v -0.00201182 0.01009478 -0.00130461
v -0.00204981 0.00999601 -0.00108073
v -0.00187408 0.00987610 -0.00117807
v -0.00154732 0.00986215 -0.00148631
v -0.00100017 0.00984778 -0.00192108
v -0.00002273 0.00984778 -0.00224878
v 0.00622951 0.00979888 -0.00190810
v 0.00622951 0.00979750 -0.00175561
v 0.00622951 0.00979681 -0.00158040
v -0.00151692 0.01094159 -0.00145386
v -0.00083394 0.01101647 -0.00175561
v -0.00117021 0.01093400 -0.00176858
v -0.00182849 0.01092557 -0.00110020
v -0.00181804 0.01100376 -0.00077250
v -0.00205076 0.01089532 -0.00077250
v -0.00221035 0.01064500 -0.00074979
v -0.00200992 0.01085940 -0.00098989
v -0.00205456 0.01066600 -0.00110020
v -0.00200707 0.01055549 -0.00129812
v 0.00622951 0.01077941 -0.00225203
v 0.00606803 0.01069653 -0.00230718
v 0.00572417 0.01066779 -0.00233638
v 0.00539645 0.01066779 -0.00233963
v 0.00342826 0.01066779 -0.00234612
v 0.00211645 0.01066779 -0.00234936
v -0.00017756 0.01095251 -0.00208331
v 0.00015016 0.01085111 -0.00226501
v 0.00015016 0.01066779 -0.00234936
v -0.00202227 0.01033985 -0.00132083
v -0.00202132 0.01030255 -0.00132083
v -0.00189593 0.01033985 -0.00148631
v -0.00172875 0.01030255 -0.00166800
v -0.00170690 0.01008055 -0.00164529
v -0.00121865 0.00986657 -0.00181401
v -0.00137348 0.01008497 -0.00195677
v -0.00113126 0.00999007 -0.00199246
v -0.00073420 0.01009699 -0.00227474
v -0.00050528 0.01003773 -0.00230070
v -0.00015001 0.00998164 -0.00231043
v 0.00015016 0.01001162 -0.00233638
v 0.00622951 0.00983797 -0.00225851
v 0.00622951 0.00981698 -0.00216118
v -0.00172685 0.01088620 -0.00136301
v -0.00142573 0.01088882 -0.00167125
v -0.00047393 0.01091479 -0.00209953
v -0.00083394 0.01090941 -0.00200868
v -0.00106572 0.01087086 -0.00196001
v -0.00194532 0.01077416 -0.00120727
v -0.00164326 0.01081948 -0.00158040
v -0.00170500 0.01060093 -0.00164529
v 0.00622951 0.01065011 -0.00229745
v 0.00605188 0.01033985 -0.00239154
v 0.00572417 0.01033985 -0.00240777
v 0.00539645 0.01033985 -0.00241101
v 0.00015016 0.01033985 -0.00242399
v -0.00017756 0.01084130 -0.00225527
v -0.00034284 0.01083191 -0.00224878
v -0.00017756 0.01066779 -0.00233314
v -0.00173160 0.01033985 -0.00167125
v -0.00155776 0.01033985 -0.00183348
v -0.00153022 0.01030255 -0.00185294
v -0.00139058 0.01030255 -0.00196975
v -0.00116166 0.01033985 -0.00209304
v -0.00092038 0.01033985 -0.00220660
v -0.00075320 0.01030255 -0.00228123
v -0.00050623 0.01033985 -0.00234936
v -0.00017756 0.01033985 -0.00240128
v 0.00018720 0.01030255 -0.00241425
v 0.00146102 0.01001162 -0.00233638
v 0.00474102 0.01001162 -0.00233314
v 0.00622951 0.00991644 -0.00229096
v -0.00128419 0.01078383 -0.00188863
v -0.00056132 0.01076988 -0.00221634
v -0.00083204 0.01066351 -0.00216767
v -0.00117021 0.01067180 -0.00200868
v -0.00136873 0.01056529 -0.00195028
v 0.00622951 0.01033985 -0.00235910
v 0.00622951 0.01016358 -0.00234612
v 0.00605188 0.01030255 -0.00238505
v 0.00605188 0.01001162 -0.00232990
v -0.00047393 0.01066351 -0.00228447
v -0.00072185 0.01055134 -0.00226825
v -0.00139343 0.01033985 -0.00196975
v -0.00075605 0.01033985 -0.00228123
v 0.00622951 0.01001162 -0.00231692
f 931 932 933
f 931 933 938
f 931 938 956
f 931 956 959
f 931 959 958
f 931 958 989
f 931 989 1016
f 931 1016 1025
f 931 1025 1024
f 931 1024 1023
f 931 1023 1022
f 931 1022 1021
f 931 1021 1020
f 931 1020 1019
f 931 1019 1018
f 931 1018 1059
f 931 1059 1071
f 931 1071 1070
f 931 1070 1069
f 931 1069 1104
f 931 1104 1103
f 931 1103 1133
f 931 1133 1147
f 931 1147 1140
f 931 1140 1139
f 931 1139 1113
f 931 1113 1082
f 931 1082 1047
f 931 1047 1006
f 931 1006 981
f 931 981 951
f 931 951 934
f 931 934 932
f 932 935 933
f 932 934 936
f 932 936 937
f 932 937 935
f 933 935 939
f 933 939 938
f 934 940 941
f 934 941 942
f 934 942 943
f 934 943 944
f 934 944 945
f 934 945 946
f 934 946 947
f 934 947 948
f 934 948 949
f 934 949 950
f 934 950 936
f 934 951 980
f 934 980 973
f 934 973 972
f 934 972 971
f 934 971 970
f 934 970 969
f 934 969 968
f 934 968 967
f 934 967 960
f 934 960 940
f 935 937 952
f 935 952 939
f 936 950 937
f 937 950 949
f 937 949 953
f 937 953 954
f 937 954 955
f 937 955 939
f 937 939 952
f 938 939 956
f 939 955 954
f 939 954 957
f 939 957 958
f 939 958 959
f 939 959 956
f 940 960 941
f 941 961 962
f 941 962 963
f 941 963 964
f 941 964 965
f 941 965 966
f 941 966 942
f 941 960 967
f 941 967 968
f 941 968 969
f 941 969 970
f 941 970 971
f 941 971 972
f 941 972 973
f 941 973 961
f 942 966 974
f 942 974 943
f 943 974 944
f 944 974 975
f 944 975 976
f 944 976 945
f 945 976 946
f 946 976 947
f 947 976 953
f 947 953 948
f 948 953 949
f 951 977 978
f 951 978 979
f 951 979 980
f 951 981 982
f 951 982 983
f 951 983 977
f 953 976 984
f 953 984 954
f 954 984 985
f 954 985 957
f 957 986 987
f 957 987 966
f 957 966 965
f 957 965 988
f 957 988 989
f 957 989 958
f 957 985 990
f 957 990 986
f 961 973 962
f 962 964 963
f 962 973 991
f 962 991 1005
f 962 1005 998
f 962 998 965
f 962 965 964
f 965 992 993
f 965 993 994
f 965 994 995
f 965 995 996
f 965 996 997
f 965 997 988
f 965 998 992
f 966 987 990
f 966 990 999
f 966 999 974
f 973 980 1005
f 973 1005 991
f 974 999 990
f 974 990 975
f 975 990 985
f 975 985 976
f 976 985 984
f 977 983 1000
f 977 1000 978
f 978 1000 979
f 979 1000 1001
f 979 1001 980
f 980 1001 1002
f 980 1002 1003
f 980 1003 1004
f 980 1004 1005
f 981 1006 1007
f 981 1007 982
f 982 1007 983
f 983 1007 1008
f 983 1008 1009
f 983 1009 1010
f 983 1010 1011
f 983 1011 1012
f 983 1012 1013
f 983 1013 1014
f 983 1014 1015
f 983 1015 1000
f 986 990 987
f 988 997 989
f 989 997 1016
f 992 998 1017
f 992 1017 1018
f 992 1018 1019
f 992 1019 1020
f 992 1020 993
f 993 1020 1021
f 993 1021 994
f 994 1021 995
f 995 1021 996
f 996 1021 1022
f 996 1022 997
f 997 1022 1023
f 997 1023 1024
f 997 1024 1025
f 997 1025 1016
f 998 1005 1046
f 998 1046 1026
f 998 1026 1027
f 998 1027 1028
f 998 1028 1029
f 998 1029 1030
f 998 1030 1031
f 998 1031 1032
f 998 1032 1033
f 998 1033 1034
f 998 1034 1017
f 1000 1035 1001
f 1000 1015 1035
f 1001 1035 1036
f 1001 1036 1037
f 1001 1037 1038
f 1001 1038 1039
f 1001 1039 1040
f 1001 1040 1002
f 1002 1040 1003
f 1003 1040 1039
f 1003 1039 1038
f 1003 1038 1041
f 1003 1041 1004
f 1004 1041 1042
f 1004 1042 1043
f 1004 1043 1005
f 1005 1043 1044
f 1005 1044 1045
f 1005 1045 1046
f 1006 1047 1048
f 1006 1048 1049
f 1006 1049 1050
f 1006 1050 1007
f 1007 1050 1049
f 1007 1049 1051
f 1007 1051 1052
f 1007 1052 1008
f 1008 1052 1053
f 1008 1053 1054
f 1008 1054 1009
f 1009 1054 1010
f 1010 1054 1011
f 1011 1054 1055
f 1011 1055 1012
f 1012 1055 1013
f 1013 1055 1057
f 1013 1057 1014
f 1014 1056 1015
f 1014 1057 1056
f 1015 1056 1058
f 1015 1058 1036
f 1015 1036 1035
f 1017 1034 1018
f 1018 1034 1033
f 1018 1033 1059
f 1026 1046 1060
f 1026 1060 1061
f 1026 1061 1027
f 1027 1061 1062
f 1027 1062 1063
f 1027 1063 1064
f 1027 1064 1028
f 1028 1064 1029
f 1029 1064 1063
f 1029 1063 1065
f 1029 1065 1066
f 1029 1066 1067
f 1029 1067 1030
f 1030 1067 1068
f 1030 1068 1069
f 1030 1069 1070
f 1030 1070 1031
f 1031 1070 1032
f 1032 1070 1071
f 1032 1071 1059
f 1032 1059 1033
f 1036 1058 1037
f 1037 1072 1038
f 1037 1058 1073
f 1037 1073 1074
f 1037 1074 1072
f 1038 1075 1076
f 1038 1076 1041
f 1038 1072 1075
f 1041 1076 1042
f 1042 1076 1077
f 1042 1077 1043
f 1043 1077 1044
f 1044 1078 1045
f 1044 1077 1079
f 1044 1079 1078
f 1045 1078 1080
f 1045 1080 1081
f 1045 1081 1061
f 1045 1061 1060
f 1045 1060 1046
f 1047 1082 1048
f 1048 1082 1083
f 1048 1083 1049
f 1049 1083 1084
f 1049 1084 1051
f 1051 1084 1085
f 1051 1085 1086
f 1051 1086 1087
f 1051 1087 1052
f 1052 1087 1053
f 1053 1087 1054
f 1054 1087 1055
f 1055 1087 1090
f 1055 1090 1057
f 1056 1088 1058
f 1056 1057 1089
f 1056 1089 1088
f 1057 1090 1089
f 1058 1088 1073
f 1061 1081 1091
f 1061 1091 1092
f 1061 1092 1062
f 1062 1092 1063
f 1063 1092 1093
f 1063 1093 1094
f 1063 1094 1095
f 1063 1095 1065
f 1065 1095 1066
f 1066 1095 1096
f 1066 1096 1067
f 1067 1096 1097
f 1067 1097 1098
f 1067 1098 1099
f 1067 1099 1100
f 1067 1100 1068
f 1068 1100 1101
f 1068 1101 1102
f 1068 1102 1103
f 1068 1103 1104
f 1068 1104 1069
f 1072 1105 1075
f 1072 1074 1106
f 1072 1106 1105
f 1073 1088 1107
f 1073 1107 1108
f 1073 1108 1074
f 1074 1108 1109
f 1074 1109 1106
f 1075 1079 1077
f 1075 1077 1076
f 1075 1105 1079
f 1078 1079 1080
f 1079 1105 1110
f 1079 1110 1080
f 1080 1110 1081
f 1081 1110 1111
f 1081 1111 1112
f 1081 1112 1093
f 1081 1093 1091
f 1082 1113 1083
f 1083 1113 1114
f 1083 1114 1084
f 1084 1114 1115
f 1084 1115 1116
f 1084 1116 1085
f 1085 1116 1086
f 1086 1116 1117
f 1086 1117 1087
f 1087 1117 1090
f 1088 1089 1118
f 1088 1118 1119
f 1088 1119 1107
f 1089 1090 1118
f 1090 1117 1120
f 1090 1120 1118
f 1091 1093 1092
f 1093 1112 1121
f 1093 1121 1094
f 1094 1121 1122
f 1094 1122 1123
f 1094 1123 1097
f 1094 1097 1095
f 1095 1097 1096
f 1097 1123 1124
f 1097 1124 1125
f 1097 1125 1099
f 1097 1099 1098
f 1099 1126 1127
f 1099 1127 1128
f 1099 1128 1129
f 1099 1129 1100
f 1099 1125 1126
f 1100 1129 1117
f 1100 1117 1101
f 1101 1117 1102
f 1102 1117 1130
f 1102 1130 1131
f 1102 1131 1103
f 1103 1132 1133
f 1103 1131 1132
f 1105 1106 1111
f 1105 1111 1110
f 1106 1109 1134
f 1106 1134 1111
f 1107 1119 1108
f 1108 1119 1109
f 1109 1119 1135
f 1109 1135 1136
f 1109 1136 1137
f 1109 1137 1134
f 1111 1134 1138
f 1111 1138 1112
f 1112 1138 1122
f 1112 1122 1121
f 1113 1139 1114
f 1114 1139 1140
f 1114 1140 1141
f 1114 1141 1115
f 1115 1141 1142
f 1115 1142 1116
f 1116 1142 1132
f 1116 1132 1117
f 1117 1129 1120
f 1117 1132 1130
f 1118 1120 1119
f 1119 1120 1143
f 1119 1143 1144
f 1119 1144 1135
f 1120 1144 1143
f 1120 1129 1128
f 1120 1128 1144
f 1122 1138 1145
f 1122 1145 1124
f 1122 1124 1123
f 1124 1145 1125
f 1125 1145 1138
f 1125 1138 1144
f 1125 1144 1126
f 1126 1144 1146
f 1126 1146 1127
f 1127 1146 1128
f 1128 1146 1144
f 1130 1132 1131
f 1132 1142 1133
f 1133 1142 1147
f 1134 1137 1138
f 1135 1144 1136
f 1136 1144 1137
f 1137 1144 1138
f 1140 1147 1142
f 1140 1142 1141

o geometry_10
v 0.00622941 -0.00036278 0.02499515
v 0.00622941 -0.00122509 0.00765103
v 0.00622941 -0.00027762 0.02498867
v 0.00290038 -0.00048445 0.02919576
v 0.00261807 -0.00114021 0.02957527
v 0.00261807 -0.00122523 0.02957527
v 0.00299103 -0.00122523 0.02907250
v 0.00302211 -0.00122523 0.02903033
v 0.00310240 -0.00122523 0.02891680
v 0.00622941 -0.00122509 0.00676225
v 0.00622941 -0.00017097 0.02486541
v 0.00260944 0.00000747 0.02923793
v 0.00299535 -0.00021369 0.02899141
v 0.00260425 -0.00041183 0.02955906
v 0.00260944 -0.00063038 0.02956554
v 0.00261289 -0.00081226 0.02956879
v 0.00244022 -0.00050126 0.02974719
v 0.00244972 -0.00081226 0.02974719
v 0.00245662 -0.00114021 0.02974719
v 0.00245576 -0.00122523 0.02974719
v 0.00310240 -0.00122523 0.02824211
v 0.00173401 -0.00122523 0.02716520
v 0.00151645 -0.00122523 0.02699977
v 0.00135242 -0.00122523 0.02691867
v 0.00119097 -0.00122523 0.02687326
v 0.00113399 -0.00122523 0.02686029
v -0.00258872 -0.00122509 0.00625948
v -0.00083442 -0.00122399 0.00086843
v 0.00080592 -0.00122358 0.00086843
v 0.00113399 -0.00121862 -0.00011441
v 0.00572522 -0.00118844 -0.00175573
v 0.00605243 -0.00118665 -0.00175573
v 0.00622941 -0.00118376 -0.00158057
v 0.00622941 -0.00012054 0.02480702
v -0.00259045 0.00016676 0.03038296
v 0.00195330 0.00000747 0.02989316
v 0.00217259 -0.00008196 0.02978287
v 0.00228741 -0.00030050 0.02989965
v 0.00622941 -0.00000989 0.02465456
v 0.00622941 0.00000775 0.02462862
v 0.00622941 0.00004785 0.02397338
v 0.00622941 0.00006700 0.02364577
v 0.00229000 -0.00036278 0.02990289
v 0.00222957 -0.00036278 0.02994506
v 0.00172279 -0.00036278 0.03027267
v 0.00157343 -0.00036278 0.03034728
v 0.00106406 -0.00036278 0.03057109
v 0.00093456 -0.00036278 0.03059704
v 0.00061858 -0.00036278 0.03064570
v 0.00047785 -0.00036278 0.03066192
v 0.00027497 -0.00036278 0.03068138
v -0.00017828 -0.00036278 0.03069435
v -0.00247476 -0.00036278 0.03071382
v 0.00189373 -0.00122523 0.02974719
v 0.00080592 -0.00122523 0.02685056
v -0.00259045 -0.00122509 0.00633409
v -0.00259045 -0.00122482 0.00625624
v -0.00259045 -0.00118803 0.00348935
v -0.00181862 -0.00118445 -0.00011441
v -0.00116249 -0.00121572 -0.00011441
v -0.00083442 -0.00121821 -0.00077289
v 0.00055124 -0.00122523 0.02690894
v 0.00042951 -0.00122523 0.02695760
v 0.00038720 -0.00122523 0.02697706
v 0.00023439 -0.00122523 0.02709708
v 0.00018173 -0.00122523 0.02713925
v 0.00001856 -0.00122523 0.02730792
v -0.00008331 -0.00122523 0.02747335
v -0.00018001 -0.00122523 0.02776204
v -0.00019728 -0.00122523 0.02800532
v -0.00020246 -0.00122523 0.02808965
v 0.00014979 -0.00121779 -0.00110050
v 0.00211647 -0.00118899 -0.00175573
v 0.00014979 -0.00110645 -0.00208334
v 0.00047785 -0.00110632 -0.00208334
v 0.00113399 -0.00110563 -0.00208334
v 0.00178926 -0.00110480 -0.00208334
v 0.00572522 -0.00109943 -0.00208334
v 0.00622941 -0.00118210 -0.00175573
v -0.00259045 0.00009704 0.03061326
v 0.00002201 0.00000747 0.03054839
v 0.00130062 0.00000747 0.03022077
v 0.00622941 0.00007237 0.02331815
v -0.00259045 0.00016897 0.03005534
v 0.00143098 -0.00013211 0.03030511
v 0.00170034 -0.00022512 0.03025970
v 0.00208453 -0.00017731 0.02994830
v 0.00104593 -0.00025847 0.03056461
v 0.00080592 -0.00020211 0.03058731
v 0.00047785 -0.00016684 0.03061651
v -0.00017828 -0.00015650 0.03063921
v -0.00259045 -0.00015650 0.03070409
v -0.00259045 -0.00036278 0.03071382
v 0.00026202 -0.00122523 0.02894924
v -0.00259045 -0.00122509 0.00700878
v -0.00259045 -0.00110921 0.00316498
v -0.00228396 -0.00093256 -0.00011441
v -0.00209662 -0.00107159 -0.00044527
v -0.00181862 -0.00117521 -0.00044527
v -0.00149056 -0.00117742 -0.00110050
v -0.00149056 -0.00118651 -0.00077289
v -0.00116249 -0.00121104 -0.00044527
v -0.00116249 -0.00117921 -0.00142811
v -0.00050635 -0.00121380 -0.00110050
v -0.00017828 -0.00121655 -0.00110050
v -0.00014030 -0.00122523 0.02841727
v -0.00017828 -0.00118913 -0.00175573
v 0.00014979 -0.00118913 -0.00175573
v -0.00050635 -0.00118238 -0.00175573
v -0.00017828 -0.00109695 -0.00208334
v 0.00014979 -0.00099539 -0.00226499
v 0.00047785 -0.00099539 -0.00226499
v 0.00572522 -0.00098905 -0.00225850
v 0.00594623 -0.00098437 -0.00225526
v 0.00605415 -0.00106815 -0.00210929
v 0.00622941 -0.00107173 -0.00207686
v 0.00622941 -0.00112699 -0.00192116
v 0.00013856 -0.00012412 0.03061651
v 0.00622941 0.00008298 0.01792062
v -0.00259045 0.00017007 0.02940011
v -0.00004964 -0.00122523 0.02862811
v 0.00009799 -0.00122523 0.02879354
v -0.00259045 -0.00099925 0.00294441
v -0.00241001 -0.00048459 -0.00011441
v -0.00235735 -0.00076858 -0.00011441
v -0.00233490 -0.00071264 -0.00044527
v -0.00226065 -0.00087661 -0.00044527
v -0.00205172 -0.00103976 -0.00077289
v -0.00181862 -0.00114834 -0.00077289
v -0.00182898 -0.00107008 -0.00110050
v -0.00151732 -0.00108620 -0.00145407
v -0.00117026 -0.00107848 -0.00176870
v -0.00083442 -0.00116088 -0.00175573
v -0.00047354 -0.00105933 -0.00209632
v -0.00034318 -0.00097638 -0.00224877
v -0.00017828 -0.00098588 -0.00225526
v 0.00014979 -0.00081226 -0.00234933
v 0.00047785 -0.00081226 -0.00234933
v 0.00539715 -0.00081226 -0.00233960
v 0.00572522 -0.00081226 -0.00233635
v 0.00605415 -0.00083638 -0.00230716
v 0.00616466 -0.00096191 -0.00223904
v 0.00622941 -0.00099525 -0.00218066
v 0.00622941 0.00008560 0.01627930
v -0.00259045 0.00017172 0.02841403
v -0.00259045 -0.00082894 0.00281790
v -0.00259045 -0.00071223 0.00279195
v -0.00259045 -0.00048459 0.00275627
v -0.00259045 -0.00046681 0.00275627
v -0.00259045 -0.00015650 0.00277249
v -0.00259045 -0.00008416 0.00278871
v -0.00259045 0.00010227 0.00286980
v -0.00240742 -0.00046681 -0.00011766
v -0.00234267 -0.00019757 -0.00044203
v -0.00232368 -0.00026343 -0.00064314
v -0.00236598 -0.00046681 -0.00044527
v -0.00236684 -0.00048459 -0.00044527
v -0.00231677 -0.00066496 -0.00062367
v -0.00221058 -0.00078953 -0.00075018
v -0.00201028 -0.00100394 -0.00099021
v -0.00172711 -0.00103067 -0.00136324
v -0.00142581 -0.00103329 -0.00166815
v -0.00106579 -0.00101537 -0.00196008
v -0.00083442 -0.00105382 -0.00200874
v -0.00056160 -0.00091451 -0.00221634
v -0.00047354 -0.00080799 -0.00228770
v -0.00017828 -0.00081226 -0.00233311
v 0.00014979 -0.00048459 -0.00242393
v 0.00572522 -0.00048459 -0.00241096
v 0.00605243 -0.00048459 -0.00238825
v 0.00622941 -0.00078650 -0.00229418
v 0.00622941 -0.00062321 -0.00233311
v 0.00622941 -0.00094565 -0.00222931
v 0.00622941 0.00008533 0.01595169
v -0.00259045 0.00018247 0.00349584
v -0.00259045 0.00018068 0.01627930
v -0.00259045 0.00018054 0.01673667
v -0.00259045 0.00018013 0.01758976
v -0.00259045 0.00017668 0.02329221
v -0.00259045 0.00017627 0.02382417
v -0.00259045 0.00015050 0.00298982
v -0.00235735 -0.00012536 -0.00014036
v -0.00231850 0.00001422 -0.00004629
v -0.00228914 0.00000485 -0.00026687
v -0.00225461 -0.00048459 -0.00081181
v -0.00232454 -0.00046668 -0.00064638
v -0.00204913 -0.00014121 -0.00108104
v -0.00201028 -0.00024001 -0.00130161
v -0.00213029 -0.00048459 -0.00110050
v -0.00232454 -0.00048459 -0.00064638
v -0.00200769 -0.00070010 -0.00129837
v -0.00205518 -0.00081047 -0.00110050
v -0.00194553 -0.00091850 -0.00120754
v -0.00164423 -0.00096425 -0.00158057
v -0.00117026 -0.00081585 -0.00200874
v -0.00083269 -0.00080799 -0.00216768
v -0.00128508 -0.00092760 -0.00188872
v -0.00072132 -0.00069583 -0.00226499
v -0.00050635 -0.00048459 -0.00234609
v -0.00017828 -0.00048459 -0.00240123
v -0.00019814 -0.00046681 -0.00239798
v 0.00014979 -0.00015650 -0.00233635
v 0.00080592 -0.00015650 -0.00233635
v 0.00572522 -0.00015650 -0.00232987
v 0.00605243 -0.00015650 -0.00232662
v 0.00622941 -0.00015650 -0.00231689
v 0.00621905 -0.00046681 -0.00235582
v 0.00622941 -0.00048459 -0.00235582
v 0.00622941 0.00005846 -0.00142487
v 0.00622941 0.00005777 -0.00175249
v -0.00259045 0.00018082 0.00316822
v -0.00198870 0.00000995 -0.00095778
v -0.00202151 -0.00046681 -0.00132107
v -0.00187474 -0.00002160 -0.00117511
v -0.00170380 -0.00022691 -0.00163571
v -0.00173056 -0.00048459 -0.00166815
v -0.00189460 -0.00048459 -0.00148650
v -0.00202237 -0.00048459 -0.00132107
v -0.00170639 -0.00074557 -0.00164544
v -0.00150610 -0.00083665 -0.00176546
v -0.00136710 -0.00070892 -0.00195035
v -0.00074722 -0.00048459 -0.00227797
v -0.00116249 -0.00048459 -0.00208659
v -0.00052189 -0.00046681 -0.00234284
v -0.00050635 -0.00018434 -0.00229743
v -0.00015066 -0.00012619 -0.00230716
v -0.00002288 0.00000747 -0.00224553
v 0.00622941 0.00001753 -0.00225850
v 0.00622941 0.00004247 -0.00208334
v -0.00100104 0.00000747 -0.00191792
v -0.00154840 -0.00000837 -0.00148326
v -0.00121947 -0.00001127 -0.00181087
v -0.00137141 -0.00022967 -0.00195360
v -0.00155531 -0.00048459 -0.00183034
v -0.00139127 -0.00048459 -0.00196981
v -0.00074549 -0.00046681 -0.00227797
v -0.00138954 -0.00046681 -0.00196981
v -0.00072218 -0.00024428 -0.00226824
v -0.00113141 -0.00013501 -0.00198603
f 1148 1149 1157
f 1148 1157 1180
f 1148 1180 1226
f 1148 1226 1264
f 1148 1264 1263
f 1148 1263 1290
f 1148 1290 1320
f 1148 1320 1318
f 1148 1318 1319
f 1148 1319 1355
f 1148 1355 1353
f 1148 1353 1375
f 1148 1375 1376
f 1148 1376 1357
f 1148 1357 1356
f 1148 1356 1321
f 1148 1321 1291
f 1148 1291 1266
f 1148 1266 1230
f 1148 1230 1189
f 1148 1189 1188
f 1148 1188 1187
f 1148 1187 1186
f 1148 1186 1181
f 1148 1181 1158
f 1148 1158 1150
f 1148 1150 1151
f 1148 1151 1152
f 1148 1152 1153
f 1148 1153 1154
f 1148 1154 1155
f 1148 1155 1156
f 1148 1156 1149
f 1149 1156 1168
f 1149 1168 1157
f 1150 1158 1159
f 1150 1159 1160
f 1150 1160 1161
f 1150 1161 1151
f 1151 1161 1162
f 1151 1162 1163
f 1151 1163 1152
f 1152 1163 1164
f 1152 1164 1165
f 1152 1165 1166
f 1152 1166 1153
f 1153 1166 1167
f 1153 1167 1201
f 1153 1201 1241
f 1153 1241 1269
f 1153 1269 1268
f 1153 1268 1253
f 1153 1253 1218
f 1153 1218 1217
f 1153 1217 1216
f 1153 1216 1215
f 1153 1215 1214
f 1153 1214 1213
f 1153 1213 1212
f 1153 1212 1211
f 1153 1211 1210
f 1153 1210 1209
f 1153 1209 1202
f 1153 1202 1173
f 1153 1173 1172
f 1153 1172 1171
f 1153 1171 1170
f 1153 1170 1169
f 1153 1169 1168
f 1153 1168 1156
f 1153 1156 1155
f 1153 1155 1154
f 1157 1168 1169
f 1157 1169 1170
f 1157 1170 1171
f 1157 1171 1172
f 1157 1172 1173
f 1157 1173 1174
f 1157 1174 1175
f 1157 1175 1176
f 1157 1176 1177
f 1157 1177 1178
f 1157 1178 1179
f 1157 1179 1180
f 1158 1181 1159
f 1159 1182 1183
f 1159 1183 1184
f 1159 1184 1185
f 1159 1185 1160
f 1159 1181 1186
f 1159 1186 1187
f 1159 1187 1188
f 1159 1188 1189
f 1159 1189 1182
f 1160 1185 1161
f 1161 1185 1190
f 1161 1190 1164
f 1161 1164 1162
f 1162 1164 1163
f 1164 1190 1165
f 1165 1190 1166
f 1166 1190 1167
f 1167 1190 1191
f 1167 1191 1192
f 1167 1192 1193
f 1167 1193 1194
f 1167 1194 1195
f 1167 1195 1196
f 1167 1196 1197
f 1167 1197 1198
f 1167 1198 1199
f 1167 1199 1200
f 1167 1200 1240
f 1167 1240 1201
f 1173 1202 1174
f 1174 1203 1204
f 1174 1204 1205
f 1174 1205 1206
f 1174 1206 1207
f 1174 1207 1208
f 1174 1208 1175
f 1174 1202 1209
f 1174 1209 1210
f 1174 1210 1211
f 1174 1211 1212
f 1174 1212 1213
f 1174 1213 1214
f 1174 1214 1215
f 1174 1215 1216
f 1174 1216 1217
f 1174 1217 1218
f 1174 1218 1203
f 1175 1208 1219
f 1175 1219 1176
f 1176 1219 1177
f 1177 1219 1178
f 1178 1219 1220
f 1178 1220 1221
f 1178 1221 1222
f 1178 1222 1223
f 1178 1223 1224
f 1178 1224 1225
f 1178 1225 1179
f 1179 1225 1226
f 1179 1226 1180
f 1182 1227 1228
f 1182 1228 1229
f 1182 1229 1183
f 1182 1189 1230
f 1182 1230 1231
f 1182 1231 1267
f 1182 1267 1292
f 1182 1292 1327
f 1182 1327 1326
f 1182 1326 1325
f 1182 1325 1324
f 1182 1324 1323
f 1182 1323 1322
f 1182 1322 1358
f 1182 1358 1328
f 1182 1328 1299
f 1182 1299 1298
f 1182 1298 1297
f 1182 1297 1296
f 1182 1296 1295
f 1182 1295 1294
f 1182 1294 1293
f 1182 1293 1270
f 1182 1270 1243
f 1182 1243 1205
f 1182 1205 1204
f 1182 1204 1203
f 1182 1203 1242
f 1182 1242 1240
f 1182 1240 1239
f 1182 1239 1227
f 1183 1229 1232
f 1183 1232 1233
f 1183 1233 1234
f 1183 1234 1185
f 1183 1185 1184
f 1185 1234 1233
f 1185 1233 1192
f 1185 1192 1191
f 1185 1191 1190
f 1192 1233 1193
f 1193 1233 1235
f 1193 1235 1194
f 1194 1235 1195
f 1195 1235 1196
f 1196 1235 1236
f 1196 1236 1197
f 1197 1236 1237
f 1197 1237 1198
f 1198 1237 1238
f 1198 1238 1199
f 1199 1239 1200
f 1199 1238 1239
f 1200 1239 1240
f 1201 1240 1241
f 1203 1218 1242
f 1205 1243 1244
f 1205 1244 1245
f 1205 1245 1246
f 1205 1246 1206
f 1206 1246 1247
f 1206 1247 1248
f 1206 1248 1249
f 1206 1249 1207
f 1207 1249 1208
f 1208 1249 1248
f 1208 1248 1247
f 1208 1247 1250
f 1208 1250 1251
f 1208 1251 1252
f 1208 1252 1219
f 1218 1253 1240
f 1218 1240 1242
f 1219 1252 1254
f 1219 1254 1255
f 1219 1255 1220
f 1220 1255 1221
f 1221 1255 1254
f 1221 1254 1256
f 1221 1256 1257
f 1221 1257 1258
f 1221 1258 1259
f 1221 1259 1222
f 1222 1259 1223
f 1223 1259 1224
f 1224 1259 1225
f 1225 1259 1260
f 1225 1260 1261
f 1225 1261 1262
f 1225 1262 1263
f 1225 1263 1264
f 1225 1264 1226
f 1227 1239 1238
f 1227 1238 1265
f 1227 1265 1228
f 1228 1265 1237
f 1228 1237 1236
f 1228 1236 1229
f 1229 1236 1235
f 1229 1235 1232
f 1230 1266 1231
f 1231 1266 1267
f 1232 1235 1233
f 1237 1265 1238
f 1240 1268 1269
f 1240 1269 1241
f 1240 1253 1268
f 1243 1270 1271
f 1243 1271 1272
f 1243 1272 1244
f 1244 1272 1273
f 1244 1273 1274
f 1244 1274 1245
f 1245 1274 1275
f 1245 1275 1276
f 1245 1276 1246
f 1246 1276 1247
f 1247 1277 1278
f 1247 1278 1250
f 1247 1276 1277
f 1250 1278 1279
f 1250 1279 1280
f 1250 1280 1256
f 1250 1256 1251
f 1251 1256 1254
f 1251 1254 1252
f 1256 1280 1257
f 1257 1281 1282
f 1257 1282 1283
f 1257 1283 1258
f 1257 1280 1281
f 1258 1283 1284
f 1258 1284 1285
f 1258 1285 1259
f 1259 1285 1260
f 1260 1285 1286
f 1260 1286 1287
f 1260 1287 1261
f 1261 1287 1288
f 1261 1288 1289
f 1261 1289 1290
f 1261 1290 1263
f 1261 1263 1262
f 1266 1291 1292
f 1266 1292 1267
f 1270 1293 1271
f 1271 1293 1294
f 1271 1294 1295
f 1271 1295 1296
f 1271 1296 1297
f 1271 1297 1298
f 1271 1298 1299
f 1271 1299 1300
f 1271 1300 1301
f 1271 1301 1302
f 1271 1302 1303
f 1271 1303 1304
f 1271 1304 1273
f 1271 1273 1272
f 1273 1304 1305
f 1273 1305 1274
f 1274 1305 1306
f 1274 1306 1307
f 1274 1307 1275
f 1275 1307 1277
f 1275 1277 1276
f 1277 1307 1308
f 1277 1308 1278
f 1278 1309 1279
f 1278 1308 1309
f 1279 1310 1311
f 1279 1311 1280
f 1279 1309 1310
f 1280 1311 1281
f 1281 1311 1282
f 1282 1311 1310
f 1282 1310 1312
f 1282 1312 1313
f 1282 1313 1314
f 1282 1314 1283
f 1283 1314 1284
f 1284 1315 1285
f 1284 1314 1315
f 1285 1315 1286
f 1286 1315 1316
f 1286 1316 1287
f 1287 1316 1317
f 1287 1317 1288
f 1288 1318 1289
f 1288 1317 1319
f 1288 1319 1318
f 1289 1320 1290
f 1289 1318 1320
f 1291 1321 1322
f 1291 1322 1323
f 1291 1323 1324
f 1291 1324 1325
f 1291 1325 1326
f 1291 1326 1327
f 1291 1327 1292
f 1299 1328 1329
f 1299 1329 1301
f 1299 1301 1300
f 1301 1329 1330
f 1301 1330 1331
f 1301 1331 1302
f 1302 1332 1333
f 1302 1333 1304
f 1302 1304 1303
f 1302 1331 1334
f 1302 1334 1335
f 1302 1335 1336
f 1302 1336 1332
f 1304 1333 1337
f 1304 1337 1305
f 1305 1337 1332
f 1305 1332 1336
f 1305 1336 1338
f 1305 1338 1339
f 1305 1339 1306
f 1306 1339 1307
f 1307 1339 1340
f 1307 1340 1341
f 1307 1341 1308
f 1308 1341 1309
f 1309 1341 1310
f 1310 1342 1343
f 1310 1343 1312
f 1310 1341 1344
f 1310 1344 1342
f 1312 1343 1345
f 1312 1345 1313
f 1313 1345 1346
f 1313 1346 1347
f 1313 1347 1314
f 1314 1347 1315
f 1315 1347 1348
f 1315 1348 1349
f 1315 1349 1350
f 1315 1350 1351
f 1315 1351 1316
f 1316 1351 1352
f 1316 1352 1353
f 1316 1353 1317
f 1317 1354 1355
f 1317 1355 1319
f 1317 1353 1354
f 1321 1356 1322
f 1322 1356 1357
f 1322 1357 1358
f 1328 1358 1330
f 1328 1330 1329
f 1330 1358 1331
f 1331 1358 1359
f 1331 1359 1334
f 1332 1337 1333
f 1334 1359 1335
f 1335 1360 1336
f 1335 1359 1361
f 1335 1361 1362
f 1335 1362 1363
f 1335 1363 1364
f 1335 1364 1360
f 1336 1360 1365
f 1336 1365 1338
f 1338 1340 1339
f 1338 1365 1364
f 1338 1364 1366
f 1338 1366 1341
f 1338 1341 1340
f 1341 1366 1367
f 1341 1367 1344
f 1342 1344 1368
f 1342 1368 1345
f 1342 1345 1343
f 1344 1367 1368
f 1345 1369 1346
f 1345 1368 1370
f 1345 1370 1369
f 1346 1371 1348
f 1346 1348 1347
f 1346 1369 1371
f 1348 1371 1372
f 1348 1372 1373
f 1348 1373 1349
f 1349 1373 1374
f 1349 1374 1375
f 1349 1375 1350
f 1350 1375 1351
f 1351 1375 1352
f 1352 1375 1353
f 1353 1355 1354
f 1357 1376 1374
f 1357 1374 1358
f 1358 1374 1377
f 1358 1377 1359
f 1359 1377 1378
f 1359 1378 1361
f 1360 1364 1365
f 1361 1378 1362
f 1362 1378 1379
f 1362 1379 1380
f 1362 1380 1363
f 1363 1366 1364
f 1363 1380 1381
f 1363 1381 1366
f 1366 1381 1368
f 1366 1368 1367
f 1368 1381 1382
f 1368 1382 1370
f 1369 1370 1383
f 1369 1383 1371
f 1370 1382 1384
f 1370 1384 1380
f 1370 1380 1385
f 1370 1385 1383
f 1371 1383 1385
f 1371 1385 1372
f 1372 1385 1377
f 1372 1377 1374
f 1372 1374 1373
f 1374 1376 1375
f 1377 1385 1386
f 1377 1386 1380
f 1377 1380 1379
f 1377 1379 1378
f 1380 1384 1381
f 1380 1386 1385
f 1381 1384 1382

o geometry_11
v -0.00259081 -0.00196738 0.02907274
v -0.00590825 0.00128911 0.02917354
v -0.00583431 0.00116523 0.02917354
v -0.00548166 0.00048353 0.02917354
v -0.00259081 -0.00234756 0.02907274
v -0.00259081 -0.00057194 0.00325531
v -0.00629244 0.00128911 0.02917354
v -0.00567448 0.00128911 0.00346983
v -0.00591768 0.00048353 0.02917354
v -0.00399274 -0.00163810 0.02911926
v -0.00269519 -0.00231054 0.02907274
v -0.00268468 -0.00230805 0.01956147
v -0.00259081 -0.00234116 0.01937796
v -0.00259081 -0.00057194 0.00276941
v -0.00627577 0.00124212 0.02917354
v -0.00629280 0.00128911 0.02907274
v -0.00627613 0.00124176 0.02907274
v -0.00611666 0.00128911 0.00346983
v -0.00593978 0.00051913 0.02917354
v -0.00561177 -0.00002409 0.02911926
v -0.00549253 -0.00018820 0.02911926
v -0.00532871 -0.00040072 0.02911926
v -0.00519170 -0.00056447 0.02911926
v -0.00502788 -0.00074922 0.02911926
v -0.00487094 -0.00091297 0.02911926
v -0.00470712 -0.00106853 0.02911926
v -0.00452118 -0.00123264 0.02911926
v -0.00435772 -0.00136471 0.02911926
v -0.00414098 -0.00152881 0.02911926
v -0.00400071 -0.00163276 0.02911926
v -0.00397679 -0.00165020 0.02907274
v -0.00354367 -0.00190829 0.02907274
v -0.00338021 -0.00200333 0.02907274
v -0.00268360 -0.00230769 0.01890498
v -0.00259081 -0.00232870 0.00775508
v -0.00335448 -0.00199194 0.00775508
v -0.00266837 -0.00230022 0.00775508
v -0.00259081 -0.00071220 0.00279267
v -0.00399274 -0.00057194 0.00285212
v -0.00596951 0.00056861 0.02917354
v -0.00625221 0.00128911 0.01070926
v -0.00624351 0.00128911 0.00710376
v -0.00617936 0.00114351 0.00710376
v -0.00596951 0.00056861 0.02907274
v -0.00610941 0.00115562 0.00346983
v -0.00612354 0.00128911 0.00349310
v -0.00561214 -0.00002445 0.02907274
v -0.00562881 0.00000367 0.02911926
v -0.00549253 -0.00018820 0.02907274
v -0.00532907 -0.00040107 0.02907274
v -0.00519170 -0.00056447 0.02907274
v -0.00502788 -0.00074958 0.02907274
v -0.00487094 -0.00091333 0.02907274
v -0.00470712 -0.00106853 0.02907274
v -0.00452118 -0.00123264 0.02907274
v -0.00435772 -0.00136471 0.02907274
v -0.00414098 -0.00152881 0.02907274
v -0.00397208 -0.00164736 0.02447993
v -0.00397534 -0.00164949 0.02775977
v -0.00351794 -0.00190152 0.00742942
v -0.00352446 -0.00190366 0.01267871
v -0.00352881 -0.00190473 0.01595338
v -0.00354367 -0.00190829 0.02874191
v -0.00265859 -0.00229630 0.00750954
v -0.00259081 -0.00232371 0.00759742
v -0.00335411 -0.00199159 0.00742942
v -0.00313121 -0.00209126 0.00742942
v -0.00259081 -0.00082932 0.00281852
v -0.00399274 -0.00081259 0.00290381
v -0.00597313 0.00077721 0.00346983
v -0.00598835 0.00081139 0.00346983
v -0.00610325 0.00113284 0.00346983
v -0.00624061 0.00128911 0.00687373
v -0.00602351 0.00082741 0.00382134
v -0.00569477 0.00017134 0.01366344
v -0.00559438 0.00000154 0.01431734
v -0.00560344 -0.00001128 0.02152575
v -0.00584410 0.00047890 0.00382392
v -0.00567991 0.00018593 0.00382392
v -0.00611593 0.00115526 0.00349310
v -0.00623989 0.00128911 0.00682721
v -0.00547767 -0.00016648 0.01660728
v -0.00530478 -0.00037010 0.00906805
v -0.00531747 -0.00038684 0.01955888
v -0.00518953 -0.00056162 0.02709812
v -0.00502063 -0.00074175 0.02349262
v -0.00486115 -0.00090087 0.02021278
v -0.00486224 -0.00090229 0.02119751
v -0.00467558 -0.00104255 0.00382392
v -0.00468102 -0.00104682 0.00775766
v -0.00449581 -0.00121021 0.00710118
v -0.00433235 -0.00134584 0.00710118
v -0.00411525 -0.00150852 0.00710118
v -0.00399274 -0.00159930 0.00710118
v -0.00395033 -0.00163062 0.00710118
v -0.00378542 -0.00173742 0.00742942
v -0.00378615 -0.00173030 0.00710118
v -0.00263140 -0.00227993 0.00728985
v -0.00259081 -0.00229880 0.00732862
v -0.00259081 -0.00231481 0.00746560
v -0.00444289 -0.00114365 0.00359389
v -0.00332512 -0.00197592 0.00710118
v -0.00466435 -0.00103187 0.00359389
v -0.00259081 -0.00099947 0.00294775
v -0.00399274 -0.00099378 0.00298652
v -0.00580604 0.00048353 0.00346983
v -0.00585099 0.00055580 0.00346983
v -0.00599016 0.00080320 0.00349310
v -0.00592493 0.00065048 0.00360423
v -0.00584627 0.00048353 0.00381617
v -0.00559111 0.00000652 0.01169399
v -0.00547187 -0.00015759 0.01169399
v -0.00566759 0.00020907 0.00359389
v -0.00555849 0.00004532 0.00359389
v -0.00556973 0.00002183 0.00382392
v -0.00559075 0.00000723 0.01146913
v -0.00529645 -0.00036049 0.00382392
v -0.00515256 -0.00052460 0.00382392
v -0.00516162 -0.00053421 0.00940146
v -0.00518119 -0.00055308 0.02119751
v -0.00518409 -0.00055593 0.02316696
v -0.00501628 -0.00073712 0.02054102
v -0.00485137 -0.00088770 0.01202223
v -0.00483977 -0.00087275 0.00382392
v -0.00259081 -0.00228740 0.00727434
v -0.00399274 -0.00110627 0.00316485
v -0.00399274 -0.00119313 0.00349310
v -0.00471509 -0.00097918 0.00359389
v -0.00259081 -0.00110947 0.00316485
v -0.00482817 -0.00086064 0.00359389
v -0.00493183 -0.00074780 0.00359389
v -0.00497822 -0.00069654 0.00359389
v -0.00514205 -0.00051321 0.00359389
v -0.00524208 -0.00040036 0.00359389
v -0.00528702 -0.00034946 0.00359389
v -0.00533161 -0.00028574 0.00359389
v -0.00545955 -0.00010134 0.00359389
v -0.00581329 0.00048353 0.00349310
v -0.00583685 0.00052447 0.00349310
v -0.00549507 -0.00012412 0.01136057
v -0.00498837 -0.00070828 0.00382392
v -0.00500214 -0.00072395 0.01202223
f 1387 1388 1389
f 1387 1389 1390
f 1387 1390 1391
f 1387 1391 1399
f 1387 1399 1421
f 1387 1421 1451
f 1387 1451 1486
f 1387 1486 1485
f 1387 1485 1511
f 1387 1511 1515
f 1387 1515 1490
f 1387 1490 1454
f 1387 1454 1424
f 1387 1424 1400
f 1387 1400 1392
f 1387 1392 1388
f 1388 1393 1401
f 1388 1401 1426
f 1388 1426 1405
f 1388 1405 1395
f 1388 1395 1390
f 1388 1390 1389
f 1388 1392 1394
f 1388 1394 1404
f 1388 1404 1432
f 1388 1432 1467
f 1388 1467 1459
f 1388 1459 1428
f 1388 1428 1427
f 1388 1427 1402
f 1388 1402 1393
f 1390 1395 1396
f 1390 1396 1391
f 1391 1397 1398
f 1391 1398 1399
f 1391 1396 1397
f 1392 1400 1394
f 1393 1402 1403
f 1393 1403 1401
f 1394 1400 1404
f 1395 1405 1406
f 1395 1406 1407
f 1395 1407 1408
f 1395 1408 1409
f 1395 1409 1410
f 1395 1410 1411
f 1395 1411 1412
f 1395 1412 1413
f 1395 1413 1414
f 1395 1414 1415
f 1395 1415 1416
f 1395 1416 1396
f 1396 1416 1417
f 1396 1417 1418
f 1396 1418 1419
f 1396 1419 1397
f 1397 1419 1398
f 1398 1420 1421
f 1398 1421 1399
f 1398 1419 1422
f 1398 1422 1423
f 1398 1423 1420
f 1400 1424 1425
f 1400 1425 1404
f 1401 1403 1426
f 1402 1427 1403
f 1403 1427 1428
f 1403 1428 1429
f 1403 1429 1430
f 1403 1430 1426
f 1404 1431 1432
f 1404 1425 1431
f 1405 1426 1430
f 1405 1430 1433
f 1405 1433 1434
f 1405 1434 1406
f 1406 1434 1433
f 1406 1433 1407
f 1407 1433 1435
f 1407 1435 1436
f 1407 1436 1408
f 1408 1436 1409
f 1409 1436 1437
f 1409 1437 1438
f 1409 1438 1410
f 1410 1438 1439
f 1410 1439 1411
f 1411 1439 1412
f 1412 1439 1440
f 1412 1440 1441
f 1412 1441 1413
f 1413 1441 1442
f 1413 1442 1414
f 1414 1442 1443
f 1414 1443 1415
f 1415 1443 1416
f 1416 1443 1444
f 1416 1444 1445
f 1416 1445 1417
f 1417 1445 1446
f 1417 1446 1447
f 1417 1447 1448
f 1417 1448 1449
f 1417 1449 1418
f 1418 1449 1419
f 1419 1449 1448
f 1419 1448 1447
f 1419 1447 1446
f 1419 1446 1422
f 1420 1423 1421
f 1421 1423 1450
f 1421 1450 1451
f 1422 1446 1452
f 1422 1452 1423
f 1423 1452 1453
f 1423 1453 1450
f 1424 1454 1455
f 1424 1455 1425
f 1425 1455 1456
f 1425 1456 1457
f 1425 1457 1458
f 1425 1458 1431
f 1428 1459 1460
f 1428 1460 1429
f 1429 1460 1430
f 1430 1461 1462
f 1430 1462 1463
f 1430 1463 1433
f 1430 1460 1464
f 1430 1464 1465
f 1430 1465 1461
f 1431 1458 1466
f 1431 1466 1432
f 1432 1466 1467
f 1433 1463 1435
f 1435 1463 1468
f 1435 1468 1469
f 1435 1469 1470
f 1435 1470 1436
f 1436 1470 1471
f 1436 1471 1437
f 1437 1471 1438
f 1438 1471 1472
f 1438 1472 1473
f 1438 1473 1474
f 1438 1474 1439
f 1439 1474 1475
f 1439 1475 1476
f 1439 1476 1440
f 1440 1476 1477
f 1440 1477 1441
f 1441 1477 1478
f 1441 1478 1442
f 1442 1478 1443
f 1443 1478 1444
f 1444 1478 1479
f 1444 1479 1480
f 1444 1480 1481
f 1444 1481 1482
f 1444 1482 1446
f 1444 1446 1445
f 1446 1482 1481
f 1446 1481 1483
f 1446 1483 1475
f 1446 1475 1452
f 1450 1484 1485
f 1450 1485 1486
f 1450 1486 1451
f 1450 1453 1487
f 1450 1487 1484
f 1452 1488 1453
f 1452 1475 1489
f 1452 1489 1487
f 1452 1487 1488
f 1453 1488 1487
f 1454 1490 1491
f 1454 1491 1455
f 1455 1491 1492
f 1455 1492 1493
f 1455 1493 1456
f 1456 1494 1457
f 1456 1493 1495
f 1456 1495 1494
f 1457 1494 1458
f 1458 1494 1466
f 1459 1467 1460
f 1460 1495 1496
f 1460 1496 1464
f 1460 1467 1466
f 1460 1466 1494
f 1460 1494 1495
f 1461 1497 1462
f 1461 1465 1497
f 1462 1497 1498
f 1462 1498 1463
f 1463 1498 1468
f 1464 1496 1465
f 1465 1496 1495
f 1465 1495 1499
f 1465 1499 1500
f 1465 1500 1501
f 1465 1501 1502
f 1465 1502 1497
f 1468 1498 1469
f 1469 1503 1504
f 1469 1504 1505
f 1469 1505 1506
f 1469 1506 1507
f 1469 1507 1471
f 1469 1471 1470
f 1469 1498 1503
f 1471 1507 1472
f 1472 1507 1506
f 1472 1506 1508
f 1472 1508 1509
f 1472 1509 1473
f 1473 1509 1475
f 1473 1475 1474
f 1475 1483 1481
f 1475 1481 1480
f 1475 1480 1479
f 1475 1479 1478
f 1475 1478 1477
f 1475 1477 1476
f 1475 1509 1510
f 1475 1510 1489
f 1484 1487 1485
f 1485 1487 1511
f 1487 1489 1512
f 1487 1512 1513
f 1487 1513 1511
f 1489 1510 1514
f 1489 1514 1491
f 1489 1491 1512
f 1490 1515 1512
f 1490 1512 1491
f 1491 1514 1516
f 1491 1516 1517
f 1491 1517 1518
f 1491 1518 1519
f 1491 1519 1520
f 1491 1520 1521
f 1491 1521 1492
f 1492 1521 1522
f 1492 1522 1523
f 1492 1523 1500
f 1492 1500 1499
f 1492 1499 1524
f 1492 1524 1493
f 1493 1524 1525
f 1493 1525 1495
f 1495 1525 1524
f 1495 1524 1499
f 1497 1502 1503
f 1497 1503 1526
f 1497 1526 1498
f 1498 1526 1503
f 1500 1523 1501
f 1501 1523 1522
f 1501 1522 1521
f 1501 1521 1503
f 1501 1503 1502
f 1503 1521 1504
f 1504 1527 1528
f 1504 1528 1505
f 1504 1521 1520
f 1504 1520 1519
f 1504 1519 1518
f 1504 1518 1527
f 1505 1528 1506
f 1506 1528 1508
f 1508 1528 1509
f 1509 1528 1510
f 1510 1527 1518
f 1510 1518 1517
f 1510 1517 1516
f 1510 1516 1514
f 1510 1528 1527
f 1511 1513 1512
f 1511 1512 1515

o geometry_12
v -0.00549133 0.00128936 0.00286428
v -0.00556392 0.00128936 0.00287973
v -0.00578169 0.00150153 0.00293844
v -0.00549133 0.00148702 0.00287664
v -0.00549133 0.00128936 0.00325979
v -0.00577294 0.00128936 0.00293689
v -0.00549133 0.00153601 0.00288746
v -0.00585485 0.00128936 0.00296161
v -0.00593368 0.00128936 0.00298633
v -0.00593368 0.00140406 0.00298633
v -0.00590881 0.00162272 0.00300487
v -0.00569013 0.00169731 0.00296470
v -0.00549133 0.00172291 0.00611490
v -0.00587529 0.00128936 0.01864772
v -0.00549133 0.00171745 0.00295080
v -0.00593823 0.00128936 0.00299406
v -0.00601423 0.00150153 0.00313311
v -0.00598503 0.00172974 0.00322271
v -0.00577237 0.00182276 0.00315010
v -0.00563605 0.00199038 0.00329687
v -0.00549133 0.00191955 0.00317173
v -0.00549133 0.00187585 0.00312229
v -0.00549133 0.00177582 0.00644244
v -0.00624256 0.00266170 0.01864772
v -0.00626801 0.00128936 0.01864772
v -0.00549133 0.00188677 0.00671899
v -0.00549133 0.00199704 0.00685185
v -0.00549133 0.00219060 0.00701099
v -0.00549133 0.00240260 0.00710059
v -0.00549133 0.00246763 0.00712222
v -0.00549133 0.00303295 0.00725664
v -0.00600821 0.00128936 0.00314238
v -0.00605603 0.00128936 0.00328297
v -0.00613498 0.00148377 0.00349154
v -0.00584712 0.00194276 0.00349154
v -0.00658120 0.00303295 0.00746521
v -0.00655008 0.00303295 0.00734624
v -0.00549133 0.00199636 0.00328451
v -0.00650475 0.00303295 0.00727981
v -0.00638615 0.00303295 0.00712222
v -0.00633765 0.00303295 0.00707587
v -0.00617963 0.00303295 0.00695691
v -0.00613419 0.00303295 0.00694301
v -0.00601570 0.00303295 0.00691056
v -0.00634764 0.00303295 0.01864772
v -0.00626789 0.00128936 0.01857819
v -0.00627994 0.00132196 0.01864772
v -0.00549133 0.00303295 0.00688275
v -0.00612396 0.00128936 0.00349154
v -0.00658995 0.00279569 0.00751928
v -0.00659200 0.00303295 0.00751001
v -0.00593471 0.00303295 0.00689975
v -0.00575488 0.00303295 0.00688430
v -0.00665175 0.00303295 0.01864772
v -0.00625642 0.00129806 0.01070656
v -0.00625676 0.00129738 0.01103409
v -0.00625245 0.00128936 0.01070656
v -0.00633878 0.00148377 0.01864772
v -0.00624006 0.00128936 0.00682250
v -0.00625029 0.00131138 0.00683949
v -0.00630561 0.00148377 0.00709905
v -0.00640297 0.00181184 0.00742658
v -0.00657859 0.00260777 0.00757027
v -0.00660506 0.00279569 0.00775412
v -0.00660938 0.00303295 0.00775412
v -0.00660517 0.00303295 0.00768923
v -0.00665175 0.00303295 0.01860137
v -0.00663505 0.00286499 0.01864772
v -0.00625597 0.00129875 0.01037902
v -0.00632265 0.00148377 0.01103409
v -0.00624370 0.00128936 0.00709905
v -0.00641683 0.00181184 0.01864772
v -0.00641512 0.00181184 0.01628082
v -0.00641455 0.00181184 0.01562575
v -0.00640467 0.00181184 0.00808320
v -0.00640422 0.00181184 0.00775412
v -0.00624097 0.00128936 0.00687348
v -0.00625188 0.00130779 0.00709905
v -0.00631288 0.00148377 0.00742658
v -0.00658030 0.00259667 0.00775412
v -0.00662744 0.00279569 0.01824911
v -0.00665152 0.00303295 0.01848704
v -0.00665096 0.00303295 0.01824911
v -0.00664937 0.00303295 0.01759404
v -0.00663971 0.00303295 0.01398499
v -0.00663585 0.00303295 0.01258215
v -0.00662812 0.00279569 0.01864772
v -0.00662801 0.00279569 0.01857819
v -0.00632106 0.00148377 0.01037902
v -0.00659120 0.00255963 0.01864772
v -0.00659063 0.00256168 0.01792158
v -0.00631924 0.00148377 0.00972241
v -0.00659915 0.00260998 0.01864772
v -0.00659120 0.00256014 0.01857819
v -0.00659097 0.00256117 0.01824911
f 1529 1530 1531
f 1529 1531 1532
f 1529 1532 1535
f 1529 1535 1543
f 1529 1543 1550
f 1529 1550 1549
f 1529 1549 1566
f 1529 1566 1576
f 1529 1576 1559
f 1529 1559 1558
f 1529 1558 1557
f 1529 1557 1556
f 1529 1556 1555
f 1529 1555 1554
f 1529 1554 1551
f 1529 1551 1541
f 1529 1541 1533
f 1529 1533 1542
f 1529 1542 1553
f 1529 1553 1574
f 1529 1574 1585
f 1529 1585 1599
f 1529 1599 1605
f 1529 1605 1587
f 1529 1587 1577
f 1529 1577 1561
f 1529 1561 1560
f 1529 1560 1544
f 1529 1544 1537
f 1529 1537 1536
f 1529 1536 1534
f 1529 1534 1530
f 1530 1534 1531
f 1531 1535 1532
f 1531 1534 1536
f 1531 1536 1537
f 1531 1537 1538
f 1531 1538 1539
f 1531 1539 1540
f 1531 1540 1535
f 1533 1541 1542
f 1535 1540 1543
f 1537 1544 1538
f 1538 1544 1545
f 1538 1545 1539
f 1539 1545 1546
f 1539 1546 1547
f 1539 1547 1540
f 1540 1547 1548
f 1540 1548 1549
f 1540 1549 1550
f 1540 1550 1543
f 1541 1551 1542
f 1542 1552 1573
f 1542 1573 1582
f 1542 1582 1596
f 1542 1596 1615
f 1542 1615 1621
f 1542 1621 1618
f 1542 1618 1600
f 1542 1600 1586
f 1542 1586 1575
f 1542 1575 1553
f 1542 1551 1554
f 1542 1554 1555
f 1542 1555 1556
f 1542 1556 1557
f 1542 1557 1558
f 1542 1558 1559
f 1542 1559 1552
f 1544 1560 1545
f 1545 1560 1561
f 1545 1561 1562
f 1545 1562 1546
f 1546 1563 1548
f 1546 1548 1547
f 1546 1562 1564
f 1546 1564 1565
f 1546 1565 1563
f 1548 1566 1549
f 1548 1563 1565
f 1548 1565 1567
f 1548 1567 1568
f 1548 1568 1569
f 1548 1569 1570
f 1548 1570 1571
f 1548 1571 1572
f 1548 1572 1566
f 1552 1559 1573
f 1553 1575 1574
f 1559 1576 1581
f 1559 1581 1580
f 1559 1580 1572
f 1559 1572 1571
f 1559 1571 1570
f 1559 1570 1569
f 1559 1569 1568
f 1559 1568 1567
f 1559 1567 1565
f 1559 1565 1564
f 1559 1564 1579
f 1559 1579 1594
f 1559 1594 1593
f 1559 1593 1614
f 1559 1614 1613
f 1559 1613 1612
f 1559 1612 1611
f 1559 1611 1610
f 1559 1610 1595
f 1559 1595 1582
f 1559 1582 1573
f 1561 1577 1562
f 1562 1577 1578
f 1562 1578 1579
f 1562 1579 1564
f 1566 1572 1580
f 1566 1580 1581
f 1566 1581 1576
f 1574 1575 1583
f 1574 1583 1584
f 1574 1584 1585
f 1575 1586 1583
f 1577 1587 1588
f 1577 1588 1589
f 1577 1589 1590
f 1577 1590 1591
f 1577 1591 1578
f 1578 1591 1592
f 1578 1592 1593
f 1578 1593 1594
f 1578 1594 1579
f 1582 1595 1596
f 1583 1597 1585
f 1583 1585 1584
f 1583 1586 1598
f 1583 1598 1597
f 1585 1597 1599
f 1586 1600 1601
f 1586 1601 1602
f 1586 1602 1603
f 1586 1603 1604
f 1586 1604 1598
f 1587 1605 1588
f 1588 1605 1606
f 1588 1606 1607
f 1588 1607 1589
f 1589 1607 1590
f 1590 1607 1604
f 1590 1604 1608
f 1590 1608 1591
f 1591 1608 1592
f 1592 1608 1609
f 1592 1609 1610
f 1592 1610 1611
f 1592 1611 1612
f 1592 1612 1613
f 1592 1613 1614
f 1592 1614 1593
f 1595 1610 1609
f 1595 1609 1596
f 1596 1609 1616
f 1596 1616 1615
f 1597 1598 1606
f 1597 1606 1599
f 1598 1604 1617
f 1598 1617 1606
f 1599 1606 1605
f 1600 1618 1601
f 1601 1618 1602
f 1602 1618 1603
f 1603 1618 1604
f 1604 1618 1619
f 1604 1619 1608
f 1604 1607 1620
f 1604 1620 1617
f 1606 1617 1620
f 1606 1620 1607
f 1608 1619 1615
f 1608 1615 1616
f 1608 1616 1609
f 1615 1619 1621
f 1618 1621 1622
f 1618 1622 1623
f 1618 1623 1619
f 1619 1623 1621
f 1621 1623 1622

o geometry_13
v -0.00674344 0.00492748 0.02940264
v -0.00673482 0.00558304 0.02940256
v -0.00673938 0.00557850 0.02907037
v -0.00674572 0.00459472 0.02906972
v -0.00665649 0.00492748 0.02967607
v -0.00665256 0.00558304 0.02967121
v -0.00651883 0.00525526 0.02983876
v -0.00673444 0.00427147 0.02940272
v -0.00665205 0.00427147 0.02967113
v -0.00651249 0.00574715 0.02983285
v -0.00662733 0.00673094 0.02964150
v -0.00668209 0.00673094 0.02940256
v -0.00668361 0.00673094 0.02907037
v -0.00636368 0.00837119 0.02906729
v -0.00651984 0.00476337 0.02984014
v -0.00586426 0.00509160 0.03049626
v -0.00651198 0.00410781 0.02983285
v -0.00584044 0.00640271 0.03047279
v -0.00648714 0.00673094 0.02980533
v -0.00661161 0.00705826 0.02962127
v -0.00665268 0.00705373 0.02907037
v -0.00657942 0.00757146 0.02907037
v -0.00629244 0.00129065 0.02906972
v -0.00636267 0.00148559 0.02906972
v -0.00657917 0.00228531 0.02906972
v -0.00666777 0.00296036 0.02906972
v -0.00673431 0.00410781 0.02906972
v -0.00586401 0.00476337 0.03049626
v -0.00570024 0.00492748 0.03063047
v -0.00567667 0.00640271 0.03061881
v -0.00668184 0.00312402 0.02940272
v -0.00662708 0.00312402 0.02964134
v -0.00583106 0.00673094 0.03046324
v -0.00647117 0.00705826 0.02978510
v -0.00657764 0.00756421 0.02957141
v -0.00665066 0.00705826 0.02940256
v -0.00627622 0.00861328 0.02906729
v -0.00526015 0.00974667 0.02906729
v -0.00590863 0.00129065 0.02906972
v -0.00591750 0.00048367 0.02917398
v -0.00596922 0.00056981 0.02917398
v -0.00657714 0.00229257 0.02957141
v -0.00542747 0.00476337 0.03071465
v -0.00542747 0.00656682 0.03069991
v -0.00565664 0.00689460 0.03060537
v -0.00648714 0.00312402 0.02980533
v -0.00584044 0.00345226 0.03047263
v -0.00567134 0.00328814 0.03061573
v -0.00581001 0.00705826 0.03044430
v -0.00627343 0.00750255 0.02992035
v -0.00620600 0.00804205 0.02985730
v -0.00630259 0.00837119 0.02964005
v -0.00626557 0.00858517 0.02959342
v -0.00636140 0.00837119 0.02940256
v -0.00627571 0.00861237 0.02940256
v -0.00596998 0.00928697 0.02906729
v -0.00569061 0.00974486 0.02906729
v -0.00460837 0.00974667 0.02998373
v -0.00420985 0.00825603 0.03029229
v -0.00415890 0.00129065 0.03022964
v -0.00548146 0.00048367 0.02917398
v -0.00596922 0.00056981 0.02940272
v -0.00627521 0.00124440 0.02940272
v -0.00636064 0.00148559 0.02940272
v -0.00665040 0.00279670 0.02940272
v -0.00542747 0.00312402 0.03069652
v -0.00509917 0.00771472 0.03071869
v -0.00509917 0.00804205 0.03070655
v -0.00542747 0.00722238 0.03067070
v -0.00645900 0.00263304 0.02976996
v -0.00630664 0.00279670 0.02995459
v -0.00583055 0.00312402 0.03046308
v -0.00536891 0.00804205 0.03062205
v -0.00559985 0.00758960 0.03055891
v -0.00557171 0.00780812 0.03053107
v -0.00615428 0.00837119 0.02980388
v -0.00587745 0.00892519 0.02985495
v -0.00595198 0.00925433 0.02960961
v -0.00596947 0.00928606 0.02940256
v -0.00568896 0.00974667 0.02943364
v -0.00460837 0.00974667 0.03048995
v -0.00420985 0.00825603 0.03072064
v -0.00415890 0.00129065 0.03072064
v -0.00415890 0.00048367 0.03035008
v -0.00591826 0.00048367 0.02940272
v -0.00595173 0.00060245 0.02960977
v -0.00626532 0.00127070 0.02959359
v -0.00630208 0.00148559 0.02964005
v -0.00620574 0.00181291 0.02985746
v -0.00626253 0.00223726 0.02990975
v -0.00509917 0.00214114 0.03071869
v -0.00460837 0.00886172 0.03071529
v -0.00477113 0.00869942 0.03071060
v -0.00509917 0.00837119 0.03067078
v -0.00564599 0.00279670 0.03059793
v -0.00542747 0.00263304 0.03067070
v -0.00509917 0.00181291 0.03070655
v -0.00527257 0.00855616 0.03055891
v -0.00562584 0.00891340 0.03009025
v -0.00556360 0.00947466 0.02987090
v -0.00564168 0.00974667 0.02962386
v -0.00460837 0.00958709 0.03058643
v -0.00460837 0.00941844 0.03063217
v -0.00460837 0.00921806 0.03067401
v -0.00415890 0.00048367 0.03071400
v -0.00575652 0.00048367 0.02973831
v -0.00585235 0.00082913 0.02983237
v -0.00590179 0.00103314 0.02987770
v -0.00615377 0.00148559 0.02980404
v -0.00557146 0.00204775 0.03053107
v -0.00477113 0.00115645 0.03071060
v -0.00444308 0.00082913 0.03072015
v -0.00499979 0.00896871 0.03059501
v -0.00559985 0.00226627 0.03055891
v -0.00536891 0.00181291 0.03062189
v -0.00509917 0.00148559 0.03067061
v -0.00521832 0.00877467 0.03051277
v -0.00562825 0.00925614 0.02992739
v -0.00444308 0.00048367 0.03069506
v -0.00562799 0.00059973 0.02992756
v -0.00527308 0.00129971 0.03055859
v -0.00510500 0.00117640 0.03061557
v -0.00490625 0.00927110 0.03052565
v -0.00531212 0.00974667 0.02993533
v -0.00471054 0.00048367 0.03061104
v -0.00544825 0.00048367 0.03002129
v -0.00521857 0.00108119 0.03051261
v -0.00499979 0.00088716 0.03059469
v -0.00487532 0.00048367 0.03049902
f 1624 1625 1626
f 1624 1626 1627
f 1624 1628 1629
f 1624 1629 1625
f 1628 1630 1629
f 1624 1627 1631
f 1624 1631 1632
f 1624 1632 1628
f 1629 1633 1634
f 1629 1634 1625
f 1629 1630 1633
f 1625 1634 1635
f 1625 1635 1626
f 1627 1626 1636
f 1627 1636 1637
f 1626 1635 1636
f 1630 1628 1638
f 1630 1639 1633
f 1632 1640 1638
f 1632 1638 1628
f 1634 1642 1643
f 1634 1643 1635
f 1634 1633 1642
f 1636 1644 1637
f 1637 1644 1645
f 1637 1660 1679
f 1637 1679 1680
f 1637 1680 1661
f 1637 1662 1646
f 1637 1646 1647
f 1637 1647 1648
f 1637 1648 1649
f 1637 1649 1650
f 1637 1650 1627
f 1627 1650 1631
f 1630 1638 1639
f 1639 1638 1651
f 1639 1651 1652
f 1639 1652 1653
f 1631 1650 1654
f 1631 1654 1655
f 1631 1655 1632
f 1632 1655 1640
f 1640 1651 1638
f 1633 1639 1641
f 1641 1639 1653
f 1641 1656 1642
f 1633 1641 1642
f 1642 1657 1643
f 1635 1643 1658
f 1635 1658 1659
f 1635 1659 1644
f 1635 1644 1636
f 1644 1659 1658
f 1644 1658 1645
f 1645 1658 1637
f 1637 1661 1662
f 1646 1662 1684
f 1646 1684 1663
f 1646 1663 1664
f 1647 1665 1648
f 1648 1665 1649
f 1652 1666 1667
f 1652 1667 1653
f 1653 1667 1668
f 1653 1668 1641
f 1655 1669 1640
f 1640 1670 1651
f 1651 1671 1652
f 1641 1668 1656
f 1656 1668 1672
f 1656 1672 1657
f 1656 1657 1642
f 1657 1672 1673
f 1657 1673 1658
f 1657 1658 1643
f 1658 1673 1674
f 1658 1675 1676
f 1658 1676 1677
f 1658 1677 1637
f 1637 1677 1678
f 1637 1678 1660
f 1661 1680 1703
f 1661 1703 1724
f 1661 1724 1747
f 1661 1747 1704
f 1661 1704 1681
f 1661 1681 1682
f 1661 1682 1683
f 1661 1683 1684
f 1661 1684 1662
f 1663 1684 1707
f 1663 1707 1728
f 1663 1728 1742
f 1663 1742 1748
f 1663 1748 1752
f 1663 1752 1749
f 1663 1749 1729
f 1663 1729 1708
f 1664 1663 1708
f 1664 1708 1685
f 1664 1685 1646
f 1646 1685 1686
f 1646 1686 1647
f 1647 1686 1687
f 1647 1687 1665
f 1665 1688 1649
f 1649 1654 1650
f 1649 1688 1654
f 1652 1689 1666
f 1666 1690 1667
f 1667 1690 1691
f 1667 1691 1692
f 1667 1692 1668
f 1669 1655 1693
f 1669 1693 1694
f 1654 1688 1665
f 1654 1665 1655
f 1655 1665 1693
f 1640 1669 1670
f 1670 1669 1695
f 1670 1671 1651
f 1671 1689 1652
f 1668 1692 1696
f 1668 1696 1697
f 1668 1697 1672
f 1672 1697 1673
f 1673 1697 1698
f 1673 1698 1674
f 1674 1698 1699
f 1674 1699 1675
f 1674 1675 1658
f 1675 1699 1676
f 1676 1678 1677
f 1676 1699 1700
f 1676 1700 1701
f 1676 1701 1702
f 1676 1702 1678
f 1678 1702 1679
f 1678 1679 1660
f 1679 1702 1703
f 1679 1703 1680
f 1681 1704 1705
f 1681 1705 1682
f 1682 1705 1706
f 1682 1706 1683
f 1683 1706 1728
f 1683 1728 1707
f 1684 1683 1707
f 1685 1709 1710
f 1685 1710 1686
f 1685 1708 1709
f 1686 1710 1687
f 1687 1710 1665
f 1665 1710 1711
f 1665 1711 1712
f 1665 1712 1713
f 1665 1713 1693
f 1689 1714 1666
f 1666 1714 1690
f 1690 1715 1716
f 1690 1716 1691
f 1691 1696 1692
f 1691 1716 1717
f 1691 1717 1696
f 1693 1713 1694
f 1694 1695 1669
f 1695 1694 1718
f 1695 1718 1671
f 1695 1671 1670
f 1671 1718 1719
f 1671 1719 1689
f 1689 1719 1720
f 1689 1720 1714
f 1698 1696 1721
f 1698 1697 1696
f 1700 1699 1721
f 1700 1721 1722
f 1701 1700 1723
f 1701 1723 1724
f 1701 1724 1703
f 1701 1703 1702
f 1704 1725 1705
f 1705 1725 1726
f 1705 1726 1727
f 1705 1727 1715
f 1708 1729 1709
f 1709 1729 1730
f 1710 1709 1731
f 1710 1731 1732
f 1710 1732 1711
f 1711 1732 1712
f 1712 1732 1733
f 1714 1720 1734
f 1714 1734 1735
f 1690 1705 1715
f 1690 1714 1705
f 1715 1727 1716
f 1716 1727 1717
f 1714 1735 1705
f 1696 1717 1736
f 1696 1736 1721
f 1713 1718 1694
f 1718 1713 1737
f 1718 1737 1738
f 1718 1738 1719
f 1719 1738 1720
f 1720 1738 1739
f 1720 1739 1734
f 1698 1721 1699
f 1722 1740 1741
f 1722 1741 1700
f 1700 1741 1723
f 1721 1736 1740
f 1721 1740 1722
f 1730 1731 1709
f 1730 1729 1743
f 1731 1730 1744
f 1733 1744 1738
f 1733 1738 1737
f 1733 1737 1712
f 1712 1737 1713
f 1732 1744 1733
f 1732 1731 1744
f 1734 1742 1735
f 1734 1739 1742
f 1735 1706 1705
f 1717 1727 1736
f 1738 1744 1745
f 1738 1745 1739
f 1739 1745 1742
f 1740 1736 1746
f 1741 1740 1723
f 1736 1727 1726
f 1736 1726 1725
f 1736 1725 1746
f 1723 1747 1724
f 1725 1704 1747
f 1725 1747 1746
f 1728 1706 1735
f 1728 1735 1742
f 1729 1749 1743
f 1730 1743 1750
f 1730 1750 1744
f 1744 1750 1751
f 1744 1751 1745
f 1742 1745 1748
f 1745 1751 1748
f 1746 1723 1740
f 1723 1746 1747
f 1748 1751 1752
f 1750 1743 1752
f 1750 1752 1751
f 1743 1749 1752

o geometry_14
v -0.00626815 0.00128919 0.01864873
v -0.00628004 0.00132194 0.01864873
v -0.00587529 0.00128919 0.01864873
v -0.00626961 0.00128919 0.01923431
v -0.00633877 0.00148394 0.01864873
v -0.00639059 0.00492649 0.01864873
v -0.00639059 0.00492649 0.01874361
v -0.00639332 0.00492649 0.02906967
v -0.00590573 0.00128919 0.02854428
v -0.00629329 0.00128919 0.02906967
v -0.00641683 0.00181186 0.01864873
v -0.00636186 0.00148038 0.02906967
v -0.00636305 0.00148394 0.02906967
v -0.00657962 0.00228396 0.02906967
v -0.00657885 0.00228717 0.02874628
v -0.00672411 0.00492649 0.01864873
v -0.00674865 0.00492649 0.02906967
v -0.00590915 0.00128919 0.02906967
v -0.00590701 0.00128919 0.02874628
v -0.00659125 0.00255989 0.01864873
v -0.00657637 0.00229749 0.02776182
v -0.00660732 0.00246519 0.02906967
v -0.00662810 0.00279595 0.01864873
v -0.00659911 0.00261010 0.01864873
v -0.00672403 0.00483285 0.01864873
v -0.00672437 0.00492649 0.01874157
v -0.00674865 0.00475879 0.02906967
v -0.00674797 0.00492649 0.02874628
v -0.00665170 0.00279132 0.02906967
v -0.00663511 0.00286538 0.01864873
v -0.00665229 0.00279595 0.02906967
v -0.00672394 0.00479796 0.01864873
v -0.00674634 0.00476342 0.02809031
v -0.00673882 0.00443551 0.02677737
v -0.00674036 0.00443551 0.02743435
v -0.00674412 0.00443551 0.02906967
v -0.00672386 0.00476342 0.01864873
v -0.00666298 0.00312350 0.01956280
v -0.00666084 0.00312350 0.01864873
v -0.00668341 0.00311888 0.02906967
v -0.00667102 0.00312350 0.02317110
v -0.00666520 0.00312350 0.02054725
v -0.00673711 0.00443551 0.02612141
v -0.00673454 0.00410760 0.02906967
v -0.00674403 0.00443088 0.02906967
v -0.00671847 0.00450494 0.01864873
v -0.00673625 0.00443551 0.02579393
v -0.00668102 0.00345142 0.01864873
v -0.00666512 0.00319293 0.01864873
v -0.00668384 0.00312350 0.02906967
v -0.00673283 0.00410760 0.02841778
v -0.00673437 0.00410297 0.02906967
v -0.00671702 0.00443551 0.01864873
v -0.00672847 0.00410760 0.02677737
v -0.00669359 0.00377969 0.01864873
v -0.00670231 0.00345142 0.02906967
v -0.00671873 0.00377470 0.02906967
f 1753 1754 1757
f 1753 1757 1763
f 1753 1763 1772
f 1753 1772 1776
f 1753 1776 1775
f 1753 1775 1782
f 1753 1782 1791
f 1753 1791 1801
f 1753 1801 1800
f 1753 1800 1807
f 1753 1807 1805
f 1753 1805 1798
f 1753 1798 1789
f 1753 1789 1784
f 1753 1784 1777
f 1753 1777 1768
f 1753 1768 1758
f 1753 1758 1755
f 1753 1755 1761
f 1753 1761 1771
f 1753 1771 1770
f 1753 1770 1762
f 1753 1762 1756
f 1753 1756 1754
f 1754 1756 1757
f 1755 1758 1759
f 1755 1759 1760
f 1755 1760 1761
f 1756 1762 1757
f 1757 1762 1764
f 1757 1764 1765
f 1757 1765 1766
f 1757 1766 1767
f 1757 1767 1763
f 1758 1768 1778
f 1758 1778 1780
f 1758 1780 1769
f 1758 1769 1760
f 1758 1760 1759
f 1760 1769 1779
f 1760 1779 1788
f 1760 1788 1797
f 1760 1797 1796
f 1760 1796 1804
f 1760 1804 1809
f 1760 1809 1808
f 1760 1808 1802
f 1760 1802 1792
f 1760 1792 1783
f 1760 1783 1781
f 1760 1781 1774
f 1760 1774 1766
f 1760 1766 1765
f 1760 1765 1764
f 1760 1764 1762
f 1760 1762 1770
f 1760 1770 1771
f 1760 1771 1761
f 1763 1767 1773
f 1763 1773 1772
f 1766 1774 1775
f 1766 1775 1776
f 1766 1776 1772
f 1766 1772 1767
f 1767 1772 1773
f 1768 1777 1778
f 1769 1780 1779
f 1774 1781 1775
f 1775 1781 1783
f 1775 1783 1782
f 1777 1784 1785
f 1777 1785 1778
f 1778 1785 1779
f 1778 1779 1780
f 1779 1786 1787
f 1779 1787 1788
f 1779 1785 1789
f 1779 1789 1786
f 1782 1790 1791
f 1782 1783 1790
f 1783 1792 1793
f 1783 1793 1794
f 1783 1794 1790
f 1784 1789 1785
f 1786 1795 1796
f 1786 1796 1787
f 1786 1789 1795
f 1787 1796 1797
f 1787 1797 1788
f 1789 1798 1799
f 1789 1799 1795
f 1790 1794 1800
f 1790 1800 1801
f 1790 1801 1791
f 1792 1802 1793
f 1793 1800 1794
f 1793 1802 1800
f 1795 1799 1796
f 1796 1803 1804
f 1796 1799 1803
f 1798 1805 1799
f 1799 1806 1803
f 1799 1805 1806
f 1800 1802 1808
f 1800 1808 1809
f 1800 1809 1804
f 1800 1804 1803
f 1800 1803 1806
f 1800 1806 1807
f 1805 1807 1806

o geometry_15
v 0.01032917 0.00160833 0.00906801
v 0.01029514 0.00160833 0.02087028
v 0.01014080 0.00102638 0.00873916
v 0.01015629 0.00114330 0.01956033
v 0.01028602 0.00160833 0.00873916
v 0.01003446 0.00082733 0.00808328
v 0.01012378 0.00107636 0.02120095
v 0.00996823 0.00082733 0.00775625
v 0.01019913 0.00160833 0.00847390
v 0.00995486 0.00068229 0.02120095
v 0.00982544 0.00033374 0.00791431
v 0.01025488 0.00160833 0.02130405
v 0.01016753 0.00127273 0.02139899
v 0.00985156 0.00059169 0.00755094
v 0.00985703 0.00107011 0.00755094
v 0.00979991 0.00128879 0.00761272
v 0.00974523 0.00028175 0.02152798
v 0.00944870 -0.00024911 0.00775625
v 0.00946207 -0.00026830 0.00808328
v 0.00984488 0.00060731 0.02172239
v 0.00952648 -0.00004114 0.00754549
v 0.00949974 0.00032928 0.00726025
v 0.00952891 0.00049887 0.00724389
v 0.00953316 0.00082733 0.00724208
v 0.00950521 0.00100049 0.00725843
v 0.00976042 0.00160833 0.00793248
v 0.00958117 0.00137046 0.00754186
v 0.00975282 0.00026836 0.02038064
v 0.00949610 0.00000974 0.02201671
v 0.00949640 -0.00015918 0.02152798
v 0.00987769 0.00082733 0.02175690
v 0.00923724 -0.00040620 0.00750370
v 0.00913759 -0.00027946 0.00728750
v 0.00783968 -0.00063069 0.00644630
v 0.00801073 0.00000706 0.00644630
v 0.00788464 0.00070282 0.00644630
v 0.00769324 0.00083046 0.00644630
v 0.00933264 0.00148561 0.00760636
v 0.00915643 -0.00063024 0.02185502
v 0.00916858 -0.00064765 0.00796700
v 0.00916858 -0.00064831 0.01546242
v 0.01000530 0.00160833 0.02173510
v 0.00954957 0.00049887 0.02206759
v 0.00916372 -0.00028080 0.02234193
v 0.00884167 -0.00097745 0.02234920
v 0.00852388 -0.00131440 0.00757638
v 0.00918088 0.00160833 0.00780031
v 0.00855730 -0.00134430 0.00808328
v 0.00854332 -0.00133225 0.00775625
v 0.00887312 -0.00101215 0.00964214
v 0.00688448 -0.00199097 0.02432230
v 0.00721078 -0.00197580 0.02399890
v 0.00804567 -0.00150898 0.02319585
v 0.00833156 -0.00143735 0.02276798
v 0.00818846 -0.00163439 0.02268532
v 0.00851233 -0.00097567 0.00726388
v 0.00759419 -0.00200793 0.00752187
v 0.00817996 -0.00129878 0.00726570
v 0.00732987 -0.00107296 0.00644630
v 0.00739732 0.00079297 0.00644630
v 0.00885869 -0.00099620 0.02185502
v 0.00622944 -0.00048520 0.02500725
v 0.00622944 -0.00113990 0.02500180
v 0.00623005 -0.00132265 0.02498363
v 0.00662258 -0.00235782 0.02436954
v 0.00693066 -0.00233952 0.02406431
v 0.00754680 -0.00196441 0.02352652
v 0.00853482 -0.00132422 0.02218205
v 0.00764827 -0.00204452 0.00775625
v 0.00719984 -0.00228641 0.00759818
v 0.00745140 -0.00190841 0.00730385
v 0.00622944 0.00006820 0.00644811
v 0.00775704 0.00160833 0.00843575
v 0.00921598 0.00160833 0.02233648
v 0.00623127 -0.00027879 0.02498908
v 0.00412216 -0.00241182 0.02469294
v 0.00412216 -0.00270414 0.02469294
v 0.00656790 -0.00262782 0.02402252
v 0.00720166 -0.00228775 0.02365733
v 0.00625739 -0.00263318 0.02433502
v 0.00782024 -0.00193340 0.02251272
v 0.00820001 -0.00164420 0.01857378
v 0.00820852 -0.00165134 0.01005275
v 0.00783482 -0.00194322 0.00808328
v 0.00659342 -0.00238370 0.00733292
v 0.00654845 -0.00261711 0.00759091
v 0.00767076 -0.00205747 0.00808328
v 0.00741069 -0.00222125 0.00808328
v 0.00622944 -0.00245221 0.00728296
v 0.00622944 -0.00117962 0.00644811
v 0.00441200 -0.00267289 0.00782892
v 0.00441200 -0.00229444 0.00783074
v 0.00412216 -0.00241048 0.01775801
v 0.00767136 0.00160833 0.00880275
v 0.00900452 0.00160833 0.02246003
v 0.00867700 0.00160833 0.02255450
v 0.00622944 0.00000706 0.02462935
v 0.00622944 0.00006931 0.02348382
v 0.00622944 0.00008516 0.01595206
v 0.00554342 -0.00294915 0.02316860
v 0.00555557 -0.00294602 0.02366823
v 0.00605384 -0.00276171 0.02415152
v 0.00491513 -0.00261666 0.02469294
v 0.00637285 -0.00246091 0.02441678
v 0.00605384 -0.00283981 0.02382448
v 0.00648860 -0.00268115 0.02365915
v 0.00605323 -0.00282954 0.00782892
v 0.00622944 -0.00267557 0.00750734
v 0.00724966 -0.00231453 0.01037978
v 0.00660922 -0.00264701 0.00808510
v 0.00703760 -0.00117516 0.00644811
v 0.00412216 -0.00270458 0.01775801
v 0.00763855 0.00160833 0.02152798
v 0.00834888 0.00160833 0.02254542
v 0.00807939 0.00160833 0.02247638
v 0.00784758 0.00160833 0.02235647
v 0.00774671 0.00160833 0.02219477
v 0.00764888 0.00160833 0.02185502
v 0.00554464 -0.00295004 0.00841213
v 0.00575427 -0.00292460 0.02349563
v 0.00605384 -0.00284962 0.02349563
v 0.00689845 -0.00248903 0.02333121
v 0.00731833 -0.00225986 0.02300236
v 0.00638196 -0.00274207 0.00808510
v 0.00605323 -0.00286034 0.00824861
v 0.00572267 -0.00285989 0.00782892
v 0.00555071 -0.00294781 0.00822136
v 0.00441200 -0.00268718 0.00808510
v 0.00577736 -0.00293085 0.00841213
f 1810 1814 1818
f 1810 1818 1835
f 1810 1835 1856
f 1810 1856 1882
f 1810 1882 1903
f 1810 1903 1922
f 1810 1922 1927
f 1810 1927 1926
f 1810 1926 1925
f 1810 1925 1924
f 1810 1924 1923
f 1810 1923 1905
f 1810 1905 1904
f 1810 1904 1883
f 1810 1883 1851
f 1810 1851 1821
f 1810 1821 1811
f 1810 1811 1813
f 1810 1813 1812
f 1812 1815 1810
f 1810 1815 1814
f 1813 1811 1816
f 1814 1815 1817
f 1812 1813 1819
f 1813 1816 1819
f 1812 1819 1820
f 1812 1820 1815
f 1815 1820 1817
f 1816 1811 1821
f 1816 1821 1822
f 1817 1820 1823
f 1817 1823 1824
f 1817 1824 1818
f 1817 1818 1814
f 1818 1824 1825
f 1819 1816 1822
f 1819 1822 1826
f 1820 1828 1827
f 1823 1830 1831
f 1823 1831 1832
f 1823 1820 1830
f 1823 1832 1833
f 1823 1833 1824
f 1824 1833 1834
f 1824 1834 1825
f 1818 1825 1835
f 1825 1834 1836
f 1825 1836 1835
f 1819 1837 1820
f 1822 1829 1826
f 1826 1829 1838
f 1827 1830 1820
f 1820 1837 1839
f 1820 1839 1828
f 1822 1821 1840
f 1822 1840 1829
f 1829 1840 1838
f 1830 1827 1841
f 1831 1842 1843
f 1831 1843 1832
f 1832 1843 1844
f 1832 1844 1833
f 1834 1833 1845
f 1834 1845 1846
f 1834 1846 1836
f 1836 1847 1835
f 1836 1846 1847
f 1819 1826 1837
f 1826 1839 1837
f 1826 1838 1839
f 1838 1848 1839
f 1827 1828 1849
f 1828 1850 1849
f 1821 1851 1840
f 1840 1852 1838
f 1838 1852 1853
f 1838 1853 1854
f 1841 1842 1830
f 1841 1827 1855
f 1830 1842 1831
f 1843 1868 1869
f 1843 1869 1846
f 1843 1846 1845
f 1843 1845 1844
f 1844 1845 1833
f 1846 1856 1847
f 1847 1856 1835
f 1838 1854 1848
f 1849 1857 1858
f 1849 1858 1827
f 1828 1839 1850
f 1850 1859 1849
f 1840 1851 1852
f 1853 1852 1860
f 1853 1860 1861
f 1853 1861 1862
f 1853 1862 1854
f 1854 1863 1864
f 1841 1855 1865
f 1841 1865 1842
f 1855 1827 1858
f 1855 1867 1865
f 1842 1865 1843
f 1843 1865 1867
f 1843 1867 1868
f 1846 1869 1856
f 1848 1854 1870
f 1857 1849 1859
f 1850 1870 1859
f 1850 1839 1848
f 1850 1848 1870
f 1859 1870 1857
f 1851 1871 1872
f 1851 1872 1852
f 1852 1872 1860
f 1860 1872 1873
f 1860 1873 1874
f 1860 1874 1861
f 1861 1874 1875
f 1861 1875 1876
f 1861 1876 1862
f 1862 1863 1854
f 1864 1877 1854
f 1855 1858 1878
f 1855 1878 1866
f 1866 1879 1880
f 1866 1878 1879
f 1866 1867 1855
f 1869 1881 1882
f 1869 1882 1856
f 1870 1854 1877
f 1870 1877 1857
f 1851 1883 1884
f 1851 1884 1871
f 1871 1884 1885
f 1871 1885 1886
f 1871 1886 1872
f 1872 1886 1873
f 1875 1887 1888
f 1875 1888 1876
f 1875 1874 1889
f 1875 1889 1887
f 1863 1862 1876
f 1863 1876 1864
f 1864 1891 1877
f 1857 1877 1891
f 1857 1891 1892
f 1858 1857 1893
f 1858 1893 1878
f 1879 1895 1894
f 1880 1868 1867
f 1880 1867 1866
f 1880 1879 1894
f 1878 1893 1896
f 1878 1896 1897
f 1878 1897 1879
f 1868 1880 1894
f 1868 1894 1898
f 1869 1868 1899
f 1869 1899 1881
f 1881 1899 1900
f 1881 1900 1901
f 1881 1901 1902
f 1881 1903 1882
f 1884 1883 1904
f 1884 1904 1905
f 1884 1905 1906
f 1884 1906 1885
f 1885 1906 1907
f 1885 1907 1908
f 1885 1908 1902
f 1885 1902 1921
f 1885 1921 1886
f 1886 1909 1910
f 1886 1910 1911
f 1873 1886 1912
f 1873 1912 1913
f 1873 1913 1874
f 1874 1913 1889
f 1887 1914 1915
f 1888 1864 1876
f 1864 1888 1890
f 1890 1896 1893
f 1890 1893 1891
f 1890 1891 1864
f 1891 1893 1892
f 1857 1892 1893
f 1895 1916 1917
f 1895 1917 1894
f 1879 1897 1919
f 1879 1919 1895
f 1868 1898 1920
f 1868 1920 1899
f 1899 1920 1898
f 1899 1898 1900
f 1900 1921 1902
f 1900 1902 1901
f 1902 1908 1881
f 1881 1908 1922
f 1881 1922 1903
f 1905 1923 1906
f 1906 1923 1924
f 1906 1924 1925
f 1906 1925 1926
f 1906 1926 1927
f 1906 1927 1907
f 1907 1927 1922
f 1907 1922 1908
f 1909 1886 1928
f 1910 1929 1914
f 1910 1914 1911
f 1911 1887 1889
f 1911 1889 1886
f 1911 1914 1887
f 1886 1921 1928
f 1886 1889 1912
f 1912 1889 1913
f 1914 1929 1930
f 1914 1930 1915
f 1887 1915 1931
f 1887 1931 1888
f 1888 1931 1932
f 1888 1932 1890
f 1890 1932 1896
f 1896 1932 1897
f 1894 1917 1898
f 1895 1919 1933
f 1895 1933 1934
f 1895 1934 1916
f 1916 1935 1917
f 1916 1934 1936
f 1916 1936 1935
f 1917 1935 1900
f 1917 1900 1898
f 1900 1935 1936
f 1900 1936 1937
f 1900 1937 1921
f 1921 1937 1928
f 1909 1929 1910
f 1909 1928 1938
f 1909 1938 1929
f 1930 1933 1915
f 1915 1933 1919
f 1915 1919 1931
f 1932 1931 1918
f 1932 1918 1897
f 1934 1938 1936
f 1918 1919 1897
f 1919 1918 1931
f 1936 1928 1937
f 1929 1938 1934
f 1929 1934 1930
f 1938 1928 1936
f 1930 1934 1933

o geometry_16
v -0.00368127 0.00128901 0.03038630
v -0.00259045 0.00009721 0.03061444
v -0.00259045 0.00016684 0.03038630
v -0.00259045 0.00016913 0.03005837
v -0.00259045 0.00016971 0.02973640
v -0.00369658 0.00128815 0.02973640
v -0.00368974 0.00128901 0.03005837
v -0.00380019 0.00128901 0.03063531
v -0.00259045 -0.00015640 0.03070592
v -0.00259045 -0.00018018 0.02973640
v -0.00399275 -0.00117397 0.02912149
v -0.00549311 0.00048320 0.02912149
v -0.00370798 0.00128901 0.02973640
v -0.00369137 0.00128901 0.02999953
v -0.00399275 0.00128901 0.03068348
v -0.00280320 -0.00015640 0.03071816
v -0.00259045 -0.00048422 0.03072427
v -0.00259045 -0.00057191 0.03034001
v -0.00399275 -0.00163819 0.02912149
v -0.00591732 0.00048320 0.02912149
v -0.00399275 0.00128901 0.02973640
v -0.00399275 0.00082736 0.03071282
v -0.00591895 0.00048320 0.02924497
v -0.00591862 0.00048320 0.02940250
v -0.00575670 0.00048320 0.02973812
v -0.00574660 0.00048320 0.02974817
v -0.00544783 0.00048320 0.03002134
v -0.00537093 0.00048320 0.03008630
v -0.00513635 0.00048320 0.03028211
v -0.00488710 0.00048320 0.03048954
v -0.00487505 0.00048320 0.03049896
v -0.00471018 0.00048320 0.03061114
v -0.00444269 0.00048320 0.03069525
v -0.00378683 0.00049954 0.03072161
v -0.00259045 -0.00057191 0.03072176
v -0.00280320 -0.00048422 0.03072396
v -0.00399275 -0.00163762 0.02940250
v -0.00414066 -0.00152844 0.02940250
v -0.00414099 -0.00152873 0.02912149
v -0.00561236 -0.00002401 0.02912149
v -0.00411493 0.00048320 0.03072004
v -0.00399275 0.00049954 0.03072129
v -0.00587171 0.00040440 0.02940250
v -0.00560454 -0.00001254 0.02958451
v -0.00566091 0.00017143 0.02964429
v -0.00556349 0.00037976 0.02987087
v -0.00521422 0.00041414 0.03018217
v -0.00464502 0.00028834 0.03057867
v -0.00499560 0.00024937 0.03027348
v -0.00444139 0.00017601 0.03062166
v -0.00411949 -0.00015840 0.03062809
v -0.00411493 0.00017143 0.03070372
v -0.00280320 -0.00057191 0.03072129
v -0.00399275 -0.00159378 0.02961197
v -0.00313097 -0.00048422 0.03072318
v -0.00433029 -0.00134390 0.02961244
v -0.00435668 -0.00136424 0.02940250
v -0.00435700 -0.00136481 0.02912149
v -0.00549279 -0.00018763 0.02912149
v -0.00561203 -0.00002343 0.02940250
v -0.00378683 -0.00015640 0.03070796
v -0.00378683 0.00017143 0.03072161
v -0.00549214 -0.00018706 0.02940250
v -0.00532825 -0.00039968 0.02940250
v -0.00530577 -0.00037246 0.02961464
v -0.00539863 -0.00011914 0.02970894
v -0.00527352 -0.00000681 0.02990350
v -0.00549637 0.00017143 0.02980810
v -0.00533249 0.00017143 0.02995277
v -0.00455021 0.00006970 0.03050916
v -0.00433126 -0.00005037 0.03058400
v -0.00491642 0.00003073 0.03020539
v -0.00496725 -0.00035842 0.02991966
v -0.00401327 -0.00037791 0.03058902
v -0.00377836 -0.00048594 0.03062119
v -0.00399275 -0.00015783 0.03065853
v -0.00313097 -0.00057191 0.03070937
v -0.00399275 -0.00146425 0.02973451
v -0.00407355 -0.00143674 0.02970659
v -0.00345027 -0.00057191 0.03066904
v -0.00345906 -0.00048422 0.03069603
v -0.00443324 -0.00113213 0.02973012
v -0.00467239 -0.00103728 0.02962923
v -0.00452089 -0.00123271 0.02940250
v -0.00417911 -0.00122698 0.02983117
v -0.00452121 -0.00123271 0.02912149
v -0.00532890 -0.00040054 0.02912149
v -0.00519174 -0.00056446 0.02912149
v -0.00519076 -0.00056388 0.02940250
v -0.00502688 -0.00074843 0.02940250
v -0.00499495 -0.00071404 0.02962939
v -0.00509041 -0.00047476 0.02973122
v -0.00518587 -0.00022517 0.02983337
v -0.00486983 -0.00057735 0.02984812
v -0.00446648 -0.00018219 0.03040325
v -0.00423189 -0.00026844 0.03051622
v -0.00395919 -0.00057191 0.03047856
v -0.00385916 -0.00057191 0.03053442
v -0.00372688 -0.00057191 0.03059953
v -0.00427783 -0.00064727 0.03022124
v -0.00399275 -0.00134733 0.02984435
v -0.00453620 -0.00091119 0.02984796
v -0.00477111 -0.00081262 0.02973859
v -0.00487016 -0.00091234 0.02940250
v -0.00470628 -0.00106851 0.02940250
v -0.00468054 -0.00109230 0.02912149
v -0.00431758 -0.00100834 0.02991982
v -0.00399275 -0.00126395 0.02991731
v -0.00502785 -0.00074957 0.02912149
v -0.00465121 -0.00069255 0.02992610
v -0.00399275 -0.00068309 0.03037312
v -0.00487081 -0.00091348 0.02912149
v -0.00500537 -0.00077307 0.02912149
v -0.00470693 -0.00106880 0.02912149
f 1939 1940 1941
f 1939 1941 1942
f 1939 1942 1943
f 1939 1943 1944
f 1939 1944 1945
f 1939 1945 1952
f 1939 1952 1951
f 1939 1951 1959
f 1939 1959 1953
f 1939 1953 1946
f 1939 1946 1940
f 1940 1947 1955
f 1940 1955 1973
f 1940 1973 1956
f 1940 1956 1948
f 1940 1948 1943
f 1940 1943 1942
f 1940 1942 1941
f 1940 1946 1947
f 1943 1948 1957
f 1943 1957 1949
f 1943 1949 1950
f 1943 1950 1944
f 1944 1951 1952
f 1944 1952 1945
f 1944 1950 1951
f 1946 1953 1947
f 1947 1954 1955
f 1947 1953 1954
f 1948 1956 1957
f 1949 1957 1977
f 1949 1977 1996
f 1949 1996 2024
f 1949 2024 2044
f 1949 2044 2052
f 1949 2052 2050
f 1949 2050 2051
f 1949 2051 2047
f 1949 2047 2026
f 1949 2026 2025
f 1949 2025 1997
f 1949 1997 1978
f 1949 1978 1958
f 1949 1958 1950
f 1950 1958 1959
f 1950 1959 1951
f 1953 1960 1954
f 1953 1959 1961
f 1953 1961 1962
f 1953 1962 1963
f 1953 1963 1964
f 1953 1964 1965
f 1953 1965 1966
f 1953 1966 1967
f 1953 1967 1968
f 1953 1968 1969
f 1953 1969 1970
f 1953 1970 1971
f 1953 1971 1960
f 1954 1960 1972
f 1954 1972 1955
f 1955 1972 1974
f 1955 1974 1973
f 1956 1973 1957
f 1957 1973 1975
f 1957 1975 1976
f 1957 1976 1977
f 1958 1978 1961
f 1958 1961 1959
f 1960 1971 1979
f 1960 1979 1980
f 1960 1980 1972
f 1961 1978 1981
f 1961 1981 1962
f 1962 1981 1982
f 1962 1982 1983
f 1962 1983 1963
f 1963 1983 1984
f 1963 1984 1964
f 1964 1984 1965
f 1965 1984 1966
f 1966 1984 1985
f 1966 1985 1967
f 1967 1985 1968
f 1968 1986 1969
f 1968 1985 1987
f 1968 1987 1986
f 1969 1986 1970
f 1970 1986 1988
f 1970 1988 1971
f 1971 1988 1989
f 1971 1989 1990
f 1971 1990 1979
f 1972 1980 1974
f 1973 1974 1991
f 1973 1991 1992
f 1973 1992 1975
f 1974 1993 1991
f 1974 1980 1993
f 1975 1992 1976
f 1976 1994 1995
f 1976 1995 1996
f 1976 1996 1977
f 1976 1992 1994
f 1978 1997 1998
f 1978 1998 1981
f 1979 1999 2000
f 1979 2000 1980
f 1979 1990 1999
f 1980 2000 1993
f 1981 1998 1982
f 1982 2001 2002
f 1982 2002 2003
f 1982 2003 2004
f 1982 2004 2005
f 1982 2005 2006
f 1982 2006 1983
f 1982 1998 2001
f 1983 2006 1984
f 1984 2006 2005
f 1984 2005 2007
f 1984 2007 1985
f 1985 2007 1987
f 1986 2008 2009
f 1986 2009 1988
f 1986 1987 2005
f 1986 2005 2010
f 1986 2010 2011
f 1986 2011 2008
f 1987 2007 2005
f 1988 2009 1989
f 1989 2009 2012
f 1989 2012 2013
f 1989 2013 2014
f 1989 2014 1990
f 1990 2014 1999
f 1991 1993 2015
f 1991 2015 1992
f 1992 2016 2017
f 1992 2017 1994
f 1992 2015 2018
f 1992 2018 2016
f 1993 2000 1999
f 1993 1999 2019
f 1993 2019 2015
f 1994 2020 2021
f 1994 2021 2022
f 1994 2022 1995
f 1994 2017 2023
f 1994 2023 2020
f 1995 2022 1996
f 1996 2022 2024
f 1997 2025 2001
f 1997 2001 1998
f 1999 2014 2013
f 1999 2013 2019
f 2001 2025 2002
f 2002 2025 2026
f 2002 2026 2027
f 2002 2027 2003
f 2003 2027 2028
f 2003 2028 2029
f 2003 2029 2030
f 2003 2030 2031
f 2003 2031 2004
f 2004 2031 2005
f 2005 2031 2011
f 2005 2011 2010
f 2008 2011 2032
f 2008 2032 2033
f 2008 2033 2034
f 2008 2034 2009
f 2009 2034 2012
f 2011 2031 2032
f 2012 2035 2036
f 2012 2036 2037
f 2012 2037 2013
f 2012 2034 2038
f 2012 2038 2035
f 2013 2037 2018
f 2013 2018 2019
f 2015 2019 2018
f 2016 2039 2017
f 2016 2018 2039
f 2017 2039 2023
f 2018 2037 2039
f 2020 2023 2040
f 2020 2040 2021
f 2021 2040 2041
f 2021 2041 2029
f 2021 2029 2042
f 2021 2042 2043
f 2021 2043 2022
f 2022 2043 2044
f 2022 2044 2024
f 2023 2045 2040
f 2023 2039 2046
f 2023 2046 2045
f 2026 2047 2027
f 2027 2047 2028
f 2028 2047 2042
f 2028 2042 2029
f 2029 2041 2032
f 2029 2032 2030
f 2030 2032 2031
f 2032 2041 2040
f 2032 2040 2048
f 2032 2048 2034
f 2032 2034 2033
f 2034 2048 2038
f 2035 2049 2036
f 2035 2038 2049
f 2036 2049 2046
f 2036 2046 2037
f 2037 2046 2039
f 2038 2048 2040
f 2038 2040 2045
f 2038 2045 2049
f 2042 2050 2043
f 2042 2047 2051
f 2042 2051 2050
f 2043 2050 2052
f 2043 2052 2044
f 2045 2046 2049

o geometry_17
v 0.00622941 -0.00122523 0.00764914
v 0.00622941 -0.00129181 0.00782743
v 0.00622941 -0.00122523 0.00676032
v -0.00026289 -0.00122523 0.00742859
v 0.00622941 -0.00277114 0.00782743
v -0.00050635 -0.00122523 0.00741706
v -0.00258958 -0.00194081 0.00782743
v 0.00622941 -0.00237054 0.00722002
v 0.00605243 -0.00239103 0.00721280
v -0.00258872 -0.00122523 0.00625727
v 0.00605243 -0.00282988 0.00782743
v 0.00622941 -0.00276522 0.00775396
v -0.00083442 -0.00122523 0.00739831
v -0.00116249 -0.00122523 0.00736434
v -0.00150264 -0.00122523 0.00730194
v -0.00164250 -0.00122523 0.00727336
v -0.00167272 -0.00122523 0.00726536
v -0.00256023 -0.00122523 0.00701806
v -0.00259045 -0.00122523 0.00700761
v -0.00259045 -0.00194081 0.00775396
v -0.00259045 -0.00215656 0.00782743
v 0.00622941 -0.00253459 0.00734037
v 0.00605243 -0.00255508 0.00730763
v -0.00247476 -0.00204324 0.00686683
v -0.00259045 -0.00203684 0.00686606
v -0.00259045 -0.00124700 0.00632458
v -0.00259045 -0.00122523 0.00633181
v 0.00572177 -0.00286013 0.00782743
v 0.00605243 -0.00282156 0.00775396
v 0.00622941 -0.00267591 0.00750436
v -0.00259045 -0.00232877 0.00782743
v 0.00605243 -0.00270232 0.00747162
v -0.00149056 -0.00237918 0.00717407
v -0.00181862 -0.00236926 0.00716961
v -0.00214669 -0.00234765 0.00717591
v -0.00259045 -0.00216216 0.00703067
v 0.00572522 -0.00284317 0.00775396
v -0.00017828 -0.00271113 0.00782743
v -0.00017828 -0.00270696 0.00775396
v -0.00050635 -0.00264855 0.00752711
v -0.00259045 -0.00232877 0.00775396
v -0.00256455 -0.00233821 0.00782743
v 0.00014979 -0.00265511 0.00751912
v -0.00083442 -0.00253875 0.00737249
v -0.00116249 -0.00254323 0.00739186
v -0.00241260 -0.00231885 0.00720880
v -0.00116249 -0.00263078 0.00755585
v -0.00136451 -0.00262230 0.00757475
v -0.00259045 -0.00219865 0.00709860
v -0.00017828 -0.00265223 0.00752311
v -0.00043297 -0.00270440 0.00782743
v -0.00050635 -0.00269832 0.00775396
v -0.00083442 -0.00264166 0.00753648
v -0.00259045 -0.00232397 0.00759719
v -0.00247476 -0.00237086 0.00775396
v -0.00247476 -0.00237086 0.00782743
v -0.00214669 -0.00243248 0.00742598
v -0.00250239 -0.00233965 0.00740784
v -0.00259045 -0.00229916 0.00732500
v -0.00259045 -0.00228748 0.00727182
v -0.00083442 -0.00268168 0.00775396
v -0.00116249 -0.00265655 0.00775396
v -0.00140336 -0.00262998 0.00775396
v -0.00050635 -0.00270216 0.00782743
v -0.00076103 -0.00268936 0.00782743
v -0.00259045 -0.00231532 0.00746256
v -0.00214669 -0.00245777 0.00775396
v -0.00214669 -0.00245777 0.00782743
v -0.00083442 -0.00268504 0.00782743
v -0.00116249 -0.00265911 0.00782743
v -0.00108910 -0.00266551 0.00782743
v -0.00134897 -0.00263846 0.00782743
v -0.00140767 -0.00263110 0.00782743
f 2053 2054 2057
f 2053 2057 2064
f 2053 2064 2082
f 2053 2082 2074
f 2053 2074 2060
f 2053 2060 2055
f 2053 2055 2062
f 2053 2062 2079
f 2053 2079 2071
f 2053 2071 2070
f 2053 2070 2069
f 2053 2069 2068
f 2053 2068 2067
f 2053 2067 2066
f 2053 2066 2065
f 2053 2065 2058
f 2053 2058 2056
f 2053 2056 2054
f 2054 2056 2058
f 2054 2058 2059
f 2054 2059 2073
f 2054 2073 2083
f 2054 2083 2094
f 2054 2094 2108
f 2054 2108 2120
f 2054 2120 2125
f 2054 2125 2124
f 2054 2124 2122
f 2054 2122 2123
f 2054 2123 2121
f 2054 2121 2117
f 2054 2117 2116
f 2054 2116 2103
f 2054 2103 2090
f 2054 2090 2080
f 2054 2080 2063
f 2054 2063 2057
f 2055 2060 2061
f 2055 2061 2062
f 2057 2063 2064
f 2058 2065 2059
f 2059 2065 2066
f 2059 2066 2067
f 2059 2067 2068
f 2059 2068 2069
f 2059 2069 2070
f 2059 2070 2071
f 2059 2071 2072
f 2059 2072 2073
f 2060 2074 2075
f 2060 2075 2061
f 2061 2075 2062
f 2062 2076 2077
f 2062 2077 2078
f 2062 2078 2079
f 2062 2075 2076
f 2063 2080 2081
f 2063 2081 2064
f 2064 2081 2082
f 2071 2079 2078
f 2071 2078 2077
f 2071 2077 2088
f 2071 2088 2101
f 2071 2101 2112
f 2071 2112 2111
f 2071 2111 2118
f 2071 2118 2106
f 2071 2106 2093
f 2071 2093 2083
f 2071 2083 2073
f 2071 2073 2072
f 2074 2082 2084
f 2074 2084 2075
f 2075 2084 2085
f 2075 2085 2076
f 2076 2085 2086
f 2076 2086 2077
f 2077 2087 2088
f 2077 2086 2087
f 2080 2089 2081
f 2080 2090 2091
f 2080 2091 2092
f 2080 2092 2089
f 2081 2089 2084
f 2081 2084 2082
f 2083 2093 2094
f 2084 2089 2095
f 2084 2095 2096
f 2084 2096 2085
f 2085 2096 2086
f 2086 2096 2097
f 2086 2097 2087
f 2087 2098 2088
f 2087 2097 2099
f 2087 2099 2100
f 2087 2100 2098
f 2088 2098 2101
f 2089 2092 2102
f 2089 2102 2095
f 2090 2103 2104
f 2090 2104 2091
f 2091 2104 2092
f 2092 2104 2105
f 2092 2105 2097
f 2092 2097 2096
f 2092 2096 2102
f 2093 2106 2107
f 2093 2107 2094
f 2094 2107 2108
f 2095 2102 2096
f 2097 2105 2099
f 2098 2100 2109
f 2098 2109 2110
f 2098 2110 2111
f 2098 2111 2112
f 2098 2112 2101
f 2099 2105 2104
f 2099 2104 2113
f 2099 2113 2100
f 2100 2113 2114
f 2100 2114 2115
f 2100 2115 2109
f 2103 2116 2104
f 2104 2116 2117
f 2104 2117 2113
f 2106 2118 2107
f 2107 2118 2110
f 2107 2110 2119
f 2107 2119 2120
f 2107 2120 2108
f 2109 2119 2110
f 2109 2115 2119
f 2110 2118 2111
f 2113 2121 2114
f 2113 2117 2121
f 2114 2122 2115
f 2114 2121 2123
f 2114 2123 2122
f 2115 2122 2124
f 2115 2124 2125
f 2115 2125 2119
f 2119 2125 2120

o geometry_18
v -0.00258975 0.01220312 0.02908590
v -0.00258975 0.01182008 0.02908590
v -0.00347489 0.01180373 0.02907194
v -0.00269435 0.01216584 0.02908590
v -0.00269356 0.01216584 0.02940254
v -0.00258975 0.01220263 0.02924771
v 0.00047616 0.01181190 0.03038398
v 0.00047616 0.01181190 0.02986754
v 0.00240256 0.01107973 0.02980294
v 0.00240335 0.01106602 0.02980294
v 0.00240414 0.01099581 0.02980294
v 0.00240414 0.01087799 0.02980294
v 0.00239622 0.01054016 0.02980294
v 0.00238988 0.01035117 0.02980294
v 0.00238354 0.01025619 0.02980294
v 0.00237165 0.01022974 0.02980294
v -0.00525944 0.00974667 0.02907194
v -0.00347489 0.01138991 0.02907194
v -0.00354383 0.01176357 0.02907194
v -0.00347489 0.01180421 0.02907453
v -0.00337980 0.01185879 0.02908590
v -0.00267533 0.01215767 0.02958854
v -0.00258975 0.01219374 0.02950999
v -0.00258975 0.01220191 0.02940254
v -0.00337901 0.01185879 0.02940254
v -0.00258975 0.01217258 0.02960753
v 0.00014810 0.01181190 0.03039778
v 0.00047616 0.01173087 0.03046546
v 0.00192076 0.01107973 0.03019279
v 0.00229796 0.01107973 0.02991087
v 0.00233996 0.01107973 0.02986803
v 0.00229796 0.01099581 0.02991168
v 0.00229717 0.01066784 0.02991152
v 0.00229400 0.01033986 0.02990811
v 0.00235818 0.01022974 0.02982891
v -0.00347489 0.00974667 0.03072238
v -0.00347489 0.00974667 0.03029553
v -0.00568973 0.00974667 0.02907194
v -0.00397492 0.01150653 0.02907194
v -0.00397650 0.01150581 0.02907453
v -0.00354304 0.01176598 0.02940271
v -0.00347489 0.01180493 0.02940271
v -0.00335048 0.01184388 0.02960542
v -0.00313098 0.01189221 0.02966125
v -0.00313098 0.01174337 0.02982518
v -0.00291861 0.01179315 0.02987273
v -0.00269990 0.01184268 0.02991964
v -0.00258975 0.01194271 0.02986040
v -0.00258975 0.01202230 0.02977340
v -0.00214599 0.01181190 0.03012511
v -0.00169747 0.01181190 0.03024164
v -0.00149065 0.01181190 0.03028400
v -0.00116258 0.01181190 0.03033269
v -0.00083531 0.01181190 0.03036337
v -0.00050724 0.01181190 0.03038317
v -0.00017918 0.01181190 0.03039340
v -0.00002862 0.01181190 0.03039567
v 0.00014810 0.01173736 0.03047211
v 0.00047616 0.01156712 0.03061364
v 0.00175673 0.01107973 0.03029569
v 0.00179873 0.01107973 0.03027037
v 0.00175752 0.01099581 0.03029650
v 0.00192155 0.01099581 0.03019214
v 0.00211649 0.01033986 0.03003568
v 0.00228924 0.01022974 0.02990422
v 0.00181695 0.01022974 0.03021860
v 0.00172265 0.01022974 0.03027605
v 0.00114893 0.01022974 0.03054661
v 0.00106494 0.01022974 0.03057469
v 0.00080423 0.01022974 0.03061981
v 0.00047616 0.01022974 0.03066639
v 0.00014493 0.01022974 0.03069187
v 0.00014810 0.01033986 0.03072400
v -0.00017839 0.01033986 0.03073001
v -0.00307789 0.01006503 0.03072335
v -0.00347489 0.00999650 0.03072238
v -0.00372372 0.00974667 0.03072173
v -0.00569132 0.00974667 0.02940271
v -0.00561208 0.00987964 0.02907453
v -0.00561287 0.00987796 0.02907194
v -0.00397809 0.01150437 0.02907194
v -0.00414053 0.01138414 0.02907194
v -0.00414053 0.01138414 0.02907453
v -0.00397650 0.01150533 0.02940271
v -0.00396699 0.01149883 0.02958221
v -0.00347489 0.01179387 0.02947509
v -0.00378632 0.01155438 0.02964259
v -0.00347489 0.01164984 0.02973478
v -0.00346301 0.01165344 0.02973818
v -0.00313098 0.01157915 0.02997644
v -0.00335761 0.01152288 0.02992564
v -0.00279657 0.01164864 0.03005532
v -0.00267454 0.01150412 0.03023742
v -0.00247405 0.01136683 0.03044014
v -0.00247405 0.01154476 0.03027621
v -0.00247405 0.01170875 0.03012381
v -0.00258975 0.01186336 0.02993911
v -0.00247405 0.01181190 0.03002773
v -0.00214599 0.01159958 0.03032864
v -0.00166815 0.01149138 0.03055375
v -0.00149065 0.01151278 0.03057322
v -0.00149065 0.01167677 0.03041547
v -0.00188766 0.01146253 0.03052583
v -0.00116258 0.01170442 0.03043965
v -0.00083531 0.01172005 0.03045491
v -0.00050724 0.01173015 0.03046481
v -0.00017918 0.01173544 0.03047000
v -0.00017918 0.01157121 0.03061997
v 0.00014810 0.01157338 0.03062029
v 0.00014810 0.01132355 0.03070777
v 0.00047616 0.01132307 0.03069122
v 0.00108871 0.01107973 0.03058637
v 0.00113150 0.01107973 0.03056982
v 0.00130821 0.01107973 0.03049289
v 0.00146036 0.01107973 0.03042602
v 0.00175039 0.01066784 0.03029163
v 0.00190491 0.01033986 0.03018597
v 0.00124878 0.01033986 0.03052551
v 0.00146036 0.01033986 0.03042521
v 0.00174088 0.01033986 0.03028595
v 0.00108475 0.01033986 0.03058037
v 0.00080423 0.01033986 0.03063798
v 0.00047616 0.01033986 0.03069138
v 0.00047616 0.01066784 0.03069771
v 0.00047616 0.01099581 0.03070274
v 0.00014810 0.01066784 0.03072514
v -0.00017839 0.01066784 0.03073001
v -0.00258975 0.01034010 0.03072449
v -0.00313098 0.01034010 0.03072319
v -0.00378632 0.01001189 0.03070793
v -0.00378632 0.00974667 0.03071897
v -0.00568577 0.00974667 0.02946471
v -0.00560415 0.00986834 0.02958465
v -0.00561208 0.00987916 0.02940271
v -0.00549242 0.01004339 0.02907453
v -0.00549242 0.01004339 0.02907194
v -0.00561128 0.00988060 0.02907194
v -0.00435766 0.01121919 0.02907194
v -0.00435687 0.01122039 0.02907453
v -0.00413974 0.01138366 0.02940271
v -0.00378632 0.01138991 0.02980635
v -0.00435608 0.01121991 0.02940271
v -0.00452011 0.01108767 0.02940271
v -0.00432992 0.01119923 0.02961240
v -0.00407318 0.01129205 0.02970670
v -0.00357632 0.01145940 0.02987078
v -0.00347489 0.01148922 0.02989659
v -0.00313098 0.01139448 0.03014053
v -0.00289325 0.01145243 0.03019117
v -0.00332909 0.01118000 0.03024051
v -0.00313098 0.01123049 0.03028514
v -0.00264680 0.01116317 0.03055326
v -0.00247405 0.01120284 0.03058459
v -0.00214599 0.01142694 0.03049256
v -0.00214599 0.01126319 0.03062549
v -0.00116258 0.01154043 0.03059757
v -0.00083531 0.01155606 0.03060958
v -0.00050724 0.01156616 0.03061672
v -0.00050724 0.01132355 0.03070615
v -0.00017918 0.01132355 0.03070972
v -0.00009439 0.01107973 0.03072433
v 0.00014810 0.01107973 0.03072076
v 0.00023289 0.01107973 0.03071654
v 0.00047616 0.01107973 0.03069998
v 0.00056016 0.01107973 0.03068878
v 0.00080423 0.01107973 0.03065308
v 0.00087555 0.01107973 0.03063668
v 0.00109188 0.01099581 0.03058702
v 0.00108871 0.01066784 0.03058459
v 0.00080423 0.01099581 0.03065470
v 0.00080423 0.01066784 0.03064707
v 0.00014810 0.01099581 0.03072514
v -0.00149065 0.01099581 0.03072692
v -0.00017839 0.01099581 0.03072985
v -0.00247405 0.01066784 0.03072449
v -0.00258975 0.01066832 0.03072092
v -0.00280291 0.01066832 0.03071394
v -0.00347489 0.01032424 0.03069657
v -0.00377839 0.01034179 0.03062127
v -0.00411914 0.01001405 0.03062808
v -0.00411597 0.00974667 0.03068911
v -0.00405178 0.00974667 0.03070436
v -0.00564140 0.00974667 0.02962392
v -0.00547499 0.00974667 0.02978687
v -0.00541714 0.00974667 0.02984189
v -0.00527292 0.00986233 0.02990324
v -0.00539891 0.00997438 0.02970881
v -0.00530541 0.01022805 0.02961467
v -0.00532759 0.01025523 0.02940271
v -0.00549163 0.01004291 0.02940271
v -0.00532759 0.01025595 0.02907453
v -0.00532759 0.01025595 0.02907194
v -0.00452090 0.01108815 0.02907194
v -0.00452090 0.01108815 0.02907453
v -0.00395986 0.01116653 0.02990000
v -0.00470554 0.01092416 0.02940271
v -0.00467146 0.01089290 0.02962928
v -0.00443294 0.01098740 0.02973023
v -0.00417857 0.01108213 0.02983118
v -0.00378632 0.01122592 0.02995031
v -0.00354780 0.01110931 0.03018224
v -0.00329739 0.01083423 0.03055180
v -0.00286472 0.01111075 0.03050668
v -0.00313098 0.01104246 0.03044906
v -0.00313098 0.01087895 0.03058507
v -0.00277439 0.01099918 0.03061364
v -0.00258975 0.01099702 0.03064951
v -0.00247405 0.01099581 0.03067190
v -0.00214599 0.01107973 0.03068554
v -0.00149065 0.01132355 0.03066152
v -0.00116258 0.01132355 0.03068619
v -0.00083531 0.01132355 0.03069868
v -0.00181792 0.01099581 0.03072546
v -0.00313098 0.01066832 0.03067142
v -0.00345825 0.01034010 0.03069593
v -0.00214599 0.01099581 0.03071297
v -0.00347489 0.01034010 0.03069219
v -0.00347489 0.01061181 0.03060195
v -0.00366349 0.01053415 0.03057241
v -0.00401295 0.01023358 0.03058897
v -0.00433072 0.00990585 0.03058410
v -0.00437668 0.00974667 0.03062289
v -0.00531095 0.00974667 0.02993522
v -0.00491632 0.00982506 0.03020529
v -0.00496704 0.01021459 0.02991931
v -0.00518496 0.01008090 0.02983329
v -0.00483391 0.00974667 0.03031776
v -0.00508987 0.01033049 0.02973137
v -0.00499477 0.01056998 0.02962944
v -0.00502647 0.01060460 0.02940271
v -0.00519050 0.01041945 0.02940271
v -0.00519130 0.01041993 0.02907453
v -0.00519130 0.01041993 0.02907194
v -0.00470474 0.01092584 0.02907194
v -0.00470633 0.01092464 0.02907453
v -0.00388220 0.01045240 0.03050960
v -0.00347489 0.01076859 0.03049986
v -0.00431725 0.01086405 0.02991964
v -0.00487036 0.01076979 0.02907453
v -0.00486957 0.01076835 0.02940271
v -0.00477052 0.01066880 0.02973867
v -0.00453596 0.01076739 0.02984790
v -0.00342735 0.01065341 0.03059903
v -0.00427762 0.01050313 0.03022119
v -0.00423087 0.01012442 0.03051593
v -0.00454943 0.00978587 0.03050912
v -0.00456686 0.00974667 0.03052129
v -0.00440838 0.00974667 0.03061039
v -0.00486957 0.01043292 0.02984822
v -0.00502647 0.01060676 0.02907194
v -0.00487036 0.01076979 0.02907194
v -0.00465007 0.01054882 0.02992613
v -0.00446622 0.01003762 0.03040313
f 2126 2127 2143
f 2126 2143 2128
f 2126 2128 2129
f 2126 2129 2130
f 2126 2130 2131
f 2126 2131 2132
f 2126 2132 2133
f 2126 2133 2134
f 2126 2134 2135
f 2126 2135 2136
f 2126 2136 2137
f 2126 2137 2127
f 2127 2137 2138
f 2127 2138 2139
f 2127 2139 2140
f 2127 2140 2141
f 2127 2141 2142
f 2127 2142 2143
f 2128 2143 2142
f 2128 2142 2163
f 2128 2163 2205
f 2128 2205 2262
f 2128 2262 2261
f 2128 2261 2317
f 2128 2317 2358
f 2128 2358 2375
f 2128 2375 2376
f 2128 2376 2359
f 2128 2359 2318
f 2128 2318 2263
f 2128 2263 2207
f 2128 2207 2206
f 2128 2206 2164
f 2128 2164 2144
f 2128 2144 2145
f 2128 2145 2146
f 2128 2146 2129
f 2129 2146 2150
f 2129 2150 2130
f 2130 2147 2148
f 2130 2148 2149
f 2130 2149 2131
f 2130 2150 2147
f 2131 2149 2132
f 2132 2149 2148
f 2132 2148 2151
f 2132 2151 2152
f 2132 2152 2153
f 2132 2153 2154
f 2132 2154 2155
f 2132 2155 2156
f 2132 2156 2134
f 2132 2134 2133
f 2134 2156 2135
f 2135 2156 2136
f 2136 2156 2157
f 2136 2157 2137
f 2137 2157 2158
f 2137 2158 2159
f 2137 2159 2138
f 2138 2159 2139
f 2139 2159 2140
f 2140 2159 2160
f 2140 2160 2141
f 2141 2160 2161
f 2141 2161 2162
f 2141 2162 2142
f 2142 2162 2161
f 2142 2161 2202
f 2142 2202 2256
f 2142 2256 2307
f 2142 2307 2306
f 2142 2306 2347
f 2142 2347 2373
f 2142 2373 2372
f 2142 2372 2352
f 2142 2352 2348
f 2142 2348 2310
f 2142 2310 2309
f 2142 2309 2308
f 2142 2308 2257
f 2142 2257 2203
f 2142 2203 2163
f 2144 2164 2165
f 2144 2165 2166
f 2144 2166 2145
f 2145 2166 2146
f 2146 2166 2167
f 2146 2167 2150
f 2147 2150 2168
f 2147 2168 2169
f 2147 2169 2170
f 2147 2170 2171
f 2147 2171 2172
f 2147 2172 2173
f 2147 2173 2174
f 2147 2174 2151
f 2147 2151 2148
f 2150 2167 2168
f 2151 2174 2175
f 2151 2175 2176
f 2151 2176 2177
f 2151 2177 2178
f 2151 2178 2179
f 2151 2179 2180
f 2151 2180 2181
f 2151 2181 2182
f 2151 2182 2152
f 2152 2182 2183
f 2152 2183 2153
f 2153 2183 2184
f 2153 2184 2185
f 2153 2185 2186
f 2153 2186 2154
f 2154 2186 2187
f 2154 2187 2188
f 2154 2188 2157
f 2154 2157 2155
f 2155 2157 2156
f 2157 2188 2158
f 2158 2188 2159
f 2159 2188 2189
f 2159 2189 2190
f 2159 2190 2160
f 2160 2190 2161
f 2161 2190 2191
f 2161 2191 2192
f 2161 2192 2193
f 2161 2193 2194
f 2161 2194 2195
f 2161 2195 2196
f 2161 2196 2197
f 2161 2197 2198
f 2161 2198 2199
f 2161 2199 2200
f 2161 2200 2201
f 2161 2201 2202
f 2163 2203 2204
f 2163 2204 2205
f 2164 2206 2165
f 2165 2206 2207
f 2165 2207 2208
f 2165 2208 2209
f 2165 2209 2166
f 2166 2209 2210
f 2166 2210 2167
f 2167 2210 2211
f 2167 2211 2168
f 2168 2170 2169
f 2168 2211 2210
f 2168 2210 2212
f 2168 2212 2213
f 2168 2213 2214
f 2168 2214 2170
f 2170 2215 2171
f 2170 2214 2216
f 2170 2216 2215
f 2171 2215 2217
f 2171 2217 2172
f 2172 2217 2218
f 2172 2218 2219
f 2172 2219 2220
f 2172 2220 2221
f 2172 2221 2222
f 2172 2222 2173
f 2173 2222 2223
f 2173 2223 2175
f 2173 2175 2174
f 2175 2224 2176
f 2175 2223 2224
f 2176 2225 2226
f 2176 2226 2227
f 2176 2227 2177
f 2176 2224 2228
f 2176 2228 2225
f 2177 2227 2229
f 2177 2229 2178
f 2178 2229 2230
f 2178 2230 2179
f 2179 2230 2231
f 2179 2231 2180
f 2180 2231 2232
f 2180 2232 2181
f 2181 2232 2182
f 2182 2232 2183
f 2183 2232 2233
f 2183 2233 2234
f 2183 2234 2184
f 2184 2234 2235
f 2184 2235 2236
f 2184 2236 2237
f 2184 2237 2238
f 2184 2238 2239
f 2184 2239 2240
f 2184 2240 2185
f 2185 2187 2186
f 2185 2240 2187
f 2187 2241 2242
f 2187 2242 2188
f 2187 2240 2239
f 2187 2239 2243
f 2187 2243 2244
f 2187 2244 2241
f 2188 2242 2189
f 2189 2242 2190
f 2190 2242 2191
f 2191 2242 2245
f 2191 2245 2192
f 2192 2245 2244
f 2192 2244 2243
f 2192 2243 2193
f 2193 2243 2246
f 2193 2246 2194
f 2194 2246 2247
f 2194 2247 2195
f 2195 2247 2248
f 2195 2248 2196
f 2196 2248 2198
f 2196 2198 2197
f 2198 2248 2249
f 2198 2249 2250
f 2198 2250 2251
f 2198 2251 2199
f 2199 2251 2297
f 2199 2297 2252
f 2199 2252 2253
f 2199 2253 2200
f 2200 2253 2254
f 2200 2254 2201
f 2201 2255 2256
f 2201 2256 2202
f 2201 2254 2255
f 2203 2257 2258
f 2203 2258 2259
f 2203 2259 2204
f 2204 2259 2260
f 2204 2260 2261
f 2204 2261 2262
f 2204 2262 2205
f 2207 2263 2264
f 2207 2264 2208
f 2208 2264 2267
f 2208 2267 2265
f 2208 2265 2209
f 2209 2265 2210
f 2210 2266 2212
f 2210 2265 2267
f 2210 2267 2268
f 2210 2268 2269
f 2210 2269 2270
f 2210 2270 2266
f 2212 2266 2271
f 2212 2271 2213
f 2213 2271 2214
f 2214 2271 2272
f 2214 2272 2216
f 2215 2216 2273
f 2215 2273 2274
f 2215 2274 2218
f 2215 2218 2217
f 2216 2275 2276
f 2216 2276 2273
f 2216 2272 2275
f 2218 2274 2277
f 2218 2277 2219
f 2219 2278 2279
f 2219 2279 2220
f 2219 2277 2278
f 2220 2279 2221
f 2221 2279 2223
f 2221 2223 2222
f 2223 2279 2224
f 2224 2279 2228
f 2225 2228 2280
f 2225 2280 2226
f 2226 2280 2281
f 2226 2281 2227
f 2227 2281 2229
f 2228 2279 2280
f 2229 2281 2230
f 2230 2281 2282
f 2230 2282 2231
f 2231 2282 2283
f 2231 2283 2232
f 2232 2283 2233
f 2233 2283 2284
f 2233 2284 2285
f 2233 2285 2234
f 2234 2285 2235
f 2235 2286 2287
f 2235 2287 2288
f 2235 2288 2236
f 2235 2285 2286
f 2236 2288 2289
f 2236 2289 2290
f 2236 2290 2291
f 2236 2291 2292
f 2236 2292 2237
f 2237 2293 2238
f 2237 2292 2293
f 2238 2293 2243
f 2238 2243 2239
f 2241 2244 2245
f 2241 2245 2242
f 2243 2293 2294
f 2243 2294 2246
f 2246 2295 2296
f 2246 2296 2247
f 2246 2294 2295
f 2247 2296 2248
f 2248 2296 2295
f 2248 2295 2249
f 2249 2295 2250
f 2250 2295 2291
f 2250 2291 2290
f 2250 2290 2289
f 2250 2289 2297
f 2250 2297 2251
f 2252 2298 2253
f 2252 2297 2299
f 2252 2299 2298
f 2253 2298 2254
f 2254 2298 2300
f 2254 2300 2301
f 2254 2301 2302
f 2254 2302 2255
f 2255 2302 2303
f 2255 2303 2304
f 2255 2304 2305
f 2255 2305 2306
f 2255 2306 2307
f 2255 2307 2256
f 2257 2308 2258
f 2258 2308 2309
f 2258 2309 2310
f 2258 2310 2311
f 2258 2311 2312
f 2258 2312 2313
f 2258 2313 2314
f 2258 2314 2315
f 2258 2315 2259
f 2259 2315 2260
f 2260 2315 2314
f 2260 2314 2316
f 2260 2316 2317
f 2260 2317 2261
f 2263 2318 2264
f 2264 2318 2319
f 2264 2319 2268
f 2264 2268 2267
f 2266 2270 2320
f 2266 2320 2271
f 2268 2319 2360
f 2268 2360 2321
f 2268 2321 2269
f 2269 2321 2322
f 2269 2322 2323
f 2269 2323 2324
f 2269 2324 2270
f 2270 2324 2320
f 2271 2320 2325
f 2271 2325 2326
f 2271 2326 2327
f 2271 2327 2275
f 2271 2275 2272
f 2273 2276 2328
f 2273 2328 2274
f 2274 2328 2277
f 2275 2327 2329
f 2275 2329 2276
f 2276 2329 2328
f 2277 2328 2330
f 2277 2330 2278
f 2278 2280 2279
f 2278 2330 2331
f 2278 2331 2280
f 2280 2332 2333
f 2280 2333 2334
f 2280 2334 2335
f 2280 2335 2281
f 2280 2331 2332
f 2281 2335 2336
f 2281 2336 2282
f 2282 2336 2337
f 2282 2337 2283
f 2283 2337 2284
f 2284 2337 2338
f 2284 2338 2285
f 2285 2338 2298
f 2285 2298 2299
f 2285 2299 2286
f 2286 2299 2297
f 2286 2297 2287
f 2287 2297 2288
f 2288 2297 2289
f 2291 2295 2292
f 2292 2295 2293
f 2293 2295 2294
f 2298 2338 2300
f 2300 2338 2301
f 2301 2338 2302
f 2302 2339 2340
f 2302 2340 2303
f 2302 2338 2341
f 2302 2341 2333
f 2302 2333 2339
f 2303 2340 2342
f 2303 2342 2304
f 2304 2342 2339
f 2304 2339 2343
f 2304 2343 2344
f 2304 2344 2345
f 2304 2345 2305
f 2305 2345 2346
f 2305 2346 2347
f 2305 2347 2306
f 2310 2348 2311
f 2311 2349 2350
f 2311 2350 2351
f 2311 2351 2312
f 2311 2348 2352
f 2311 2352 2349
f 2312 2351 2313
f 2313 2351 2353
f 2313 2353 2354
f 2313 2354 2355
f 2313 2355 2356
f 2313 2356 2314
f 2314 2356 2357
f 2314 2357 2316
f 2316 2357 2358
f 2316 2358 2317
f 2318 2359 2360
f 2318 2360 2319
f 2320 2361 2362
f 2320 2362 2327
f 2320 2327 2325
f 2320 2324 2363
f 2320 2363 2361
f 2321 2360 2364
f 2321 2364 2365
f 2321 2365 2322
f 2322 2365 2354
f 2322 2354 2366
f 2322 2366 2367
f 2322 2367 2323
f 2323 2367 2324
f 2324 2367 2363
f 2325 2327 2326
f 2327 2330 2328
f 2327 2328 2329
f 2327 2362 2361
f 2327 2361 2344
f 2327 2344 2368
f 2327 2368 2330
f 2330 2368 2339
f 2330 2339 2331
f 2331 2339 2332
f 2332 2339 2333
f 2333 2341 2334
f 2334 2341 2335
f 2335 2341 2336
f 2336 2341 2337
f 2337 2341 2338
f 2339 2368 2343
f 2339 2342 2340
f 2343 2368 2344
f 2344 2361 2345
f 2345 2369 2370
f 2345 2370 2346
f 2345 2361 2369
f 2346 2370 2371
f 2346 2371 2372
f 2346 2372 2373
f 2346 2373 2347
f 2349 2352 2372
f 2349 2372 2350
f 2350 2372 2371
f 2350 2371 2374
f 2350 2374 2351
f 2351 2374 2353
f 2353 2374 2354
f 2354 2374 2366
f 2354 2365 2355
f 2355 2365 2364
f 2355 2364 2375
f 2355 2375 2356
f 2356 2375 2357
f 2357 2375 2358
f 2359 2376 2360
f 2360 2376 2364
f 2361 2363 2369
f 2363 2367 2369
f 2364 2376 2375
f 2366 2374 2367
f 2367 2374 2377
f 2367 2377 2369
f 2369 2377 2370
f 2370 2377 2374
f 2370 2374 2378
f 2370 2378 2371
f 2371 2378 2374

o geometry_19
v -0.00669754 0.00492663 0.01300209
v -0.00629106 0.00303295 0.01136502
v -0.00669754 0.00492663 0.01301080
v -0.00669754 0.00509171 0.01300209
v -0.00662134 0.00673157 0.01146294
v -0.00629106 0.00365829 0.01136502
v -0.00516407 0.00609006 0.01136276
v -0.00624641 0.00303295 0.01136502
v -0.00629106 0.00303295 0.01181187
v -0.00629106 0.00311606 0.01203498
v -0.00629106 0.00325519 0.01220436
v -0.00629106 0.00357669 0.01255055
v -0.00629106 0.00376583 0.01267041
v -0.00629106 0.00377975 0.01267896
v -0.00629106 0.00410689 0.01278753
v -0.00629106 0.00451714 0.01291933
v -0.00631896 0.00492663 0.01301080
v -0.00669754 0.00510036 0.01301080
v -0.00669608 0.00541961 0.01301080
v -0.00669584 0.00541961 0.01300209
v -0.00669366 0.00574788 0.01300209
v -0.00668565 0.00607540 0.01300209
v -0.00664464 0.00673157 0.01234600
v -0.00661600 0.00687446 0.01146294
v -0.00516407 0.00642699 0.01136276
v -0.00444332 0.00609006 0.01136276
v -0.00625999 0.00303295 0.01169040
v -0.00422030 0.00609044 0.01136276
v -0.00549096 0.00342891 0.01136502
v -0.00421861 0.00380757 0.01168427
v -0.00421861 0.00380757 0.01248457
v -0.00421861 0.00407756 0.01266299
v -0.00421861 0.00408358 0.01266606
v -0.00421861 0.00443592 0.01274591
v -0.00421861 0.00476381 0.01275495
v -0.00631896 0.00509171 0.01301080
v -0.00669366 0.00574788 0.01301080
v -0.00668565 0.00607540 0.01301080
v -0.00666939 0.00640330 0.01300209
v -0.00663129 0.00687446 0.01234600
v -0.00664779 0.00673157 0.01267380
v -0.00629421 0.00687446 0.01146294
v -0.00422055 0.00649806 0.01136276
v -0.00421861 0.00492663 0.01232729
v -0.00421861 0.00492663 0.01275495
v -0.00632333 0.00687446 0.01301080
v -0.00666939 0.00640330 0.01301080
v -0.00666890 0.00641194 0.01301080
v -0.00663323 0.00687446 0.01267380
v -0.00664852 0.00673157 0.01300209
v -0.00663420 0.00687446 0.01300209
v -0.00663372 0.00687446 0.01281657
v -0.00629446 0.00687446 0.01169024
v -0.00629785 0.00687446 0.01202530
v -0.00422030 0.00648978 0.01169040
v -0.00422030 0.00643639 0.01202078
v -0.00422030 0.00632922 0.01231438
v -0.00422030 0.00597989 0.01257943
v -0.00422030 0.00577420 0.01266622
v -0.00422030 0.00576292 0.01266928
v -0.00422030 0.00541961 0.01274543
v -0.00422030 0.00539328 0.01274688
v -0.00422030 0.00509171 0.01275414
v -0.00663420 0.00687446 0.01301080
v -0.00664852 0.00673157 0.01301080
f 2379 2380 2387
f 2379 2387 2381
f 2379 2381 2396
f 2379 2396 2382
f 2379 2382 2383
f 2379 2383 2380
f 2380 2384 2403
f 2380 2403 2385
f 2380 2385 2404
f 2380 2404 2386
f 2380 2386 2405
f 2380 2405 2387
f 2380 2383 2384
f 2381 2387 2388
f 2381 2388 2389
f 2381 2389 2390
f 2381 2390 2391
f 2381 2391 2392
f 2381 2392 2393
f 2381 2393 2394
f 2381 2394 2395
f 2381 2395 2414
f 2381 2414 2424
f 2381 2424 2442
f 2381 2442 2443
f 2381 2443 2426
f 2381 2426 2425
f 2381 2425 2416
f 2381 2416 2415
f 2381 2415 2397
f 2381 2397 2396
f 2382 2396 2397
f 2382 2397 2398
f 2382 2398 2383
f 2383 2398 2399
f 2383 2399 2400
f 2383 2400 2401
f 2383 2401 2402
f 2383 2402 2384
f 2384 2402 2403
f 2385 2403 2421
f 2385 2421 2406
f 2385 2406 2404
f 2386 2404 2406
f 2386 2406 2407
f 2386 2407 2408
f 2386 2408 2409
f 2386 2409 2405
f 2387 2405 2409
f 2387 2409 2388
f 2388 2409 2389
f 2389 2409 2390
f 2390 2409 2410
f 2390 2410 2391
f 2391 2410 2392
f 2392 2410 2411
f 2392 2411 2393
f 2393 2411 2394
f 2394 2411 2412
f 2394 2412 2395
f 2395 2412 2413
f 2395 2413 2423
f 2395 2423 2414
f 2397 2415 2399
f 2397 2399 2398
f 2399 2415 2416
f 2399 2416 2400
f 2400 2416 2425
f 2400 2425 2417
f 2400 2417 2401
f 2401 2418 2402
f 2401 2417 2419
f 2401 2419 2418
f 2402 2418 2427
f 2402 2427 2430
f 2402 2430 2429
f 2402 2429 2442
f 2402 2442 2424
f 2402 2424 2432
f 2402 2432 2431
f 2402 2431 2420
f 2402 2420 2421
f 2402 2421 2403
f 2406 2421 2408
f 2406 2408 2407
f 2408 2422 2423
f 2408 2423 2413
f 2408 2413 2412
f 2408 2412 2411
f 2408 2411 2410
f 2408 2410 2409
f 2408 2421 2422
f 2414 2423 2424
f 2417 2425 2426
f 2417 2426 2419
f 2418 2419 2427
f 2419 2426 2428
f 2419 2428 2429
f 2419 2429 2430
f 2419 2430 2427
f 2420 2431 2421
f 2421 2431 2432
f 2421 2432 2424
f 2421 2424 2433
f 2421 2433 2422
f 2422 2433 2423
f 2423 2433 2434
f 2423 2434 2435
f 2423 2435 2436
f 2423 2436 2437
f 2423 2437 2438
f 2423 2438 2439
f 2423 2439 2440
f 2423 2440 2441
f 2423 2441 2424
f 2424 2434 2433
f 2424 2441 2440
f 2424 2440 2439
f 2424 2439 2438
f 2424 2438 2437
f 2424 2437 2436
f 2424 2436 2435
f 2424 2435 2434
f 2426 2443 2428
f 2428 2443 2442
f 2428 2442 2429

o geometry_20
v 0.00622914 0.01033982 0.02500658
v 0.00622914 0.01022952 0.02499618
v 0.00622914 0.01099588 0.02500333
v 0.00261975 0.01099588 0.02957753
v 0.00290073 0.01033982 0.02919662
v 0.00622914 0.01022952 0.02405950
v 0.00260511 0.01026732 0.02956128
v 0.00259329 0.01022952 0.02954893
v 0.00622914 0.01107984 0.02499618
v 0.00261243 0.01149176 0.02956973
v 0.00261806 0.01132383 0.02957623
v 0.00261412 0.01066777 0.02957038
v 0.00250376 0.01107984 0.02969909
v 0.00246378 0.01099588 0.02974134
v 0.00242436 0.01091749 0.02978164
v 0.00242436 0.01059279 0.02977449
v 0.00242436 0.01035484 0.02976539
v 0.00261074 0.01048590 0.02956648
v 0.00610188 0.01022952 0.02412320
v 0.00622914 0.01107984 0.02421031
v 0.00248630 0.01036197 0.02969779
v 0.00242436 0.01031983 0.02976344
v 0.00242436 0.01029737 0.02976084
v 0.00256457 0.01022952 0.02958273
v 0.00412207 0.01181212 0.02692674
v 0.00412207 0.01167332 0.02714255
v 0.00298407 0.01153808 0.02898146
v 0.00267325 0.01154861 0.02940203
v 0.00256851 0.01178346 0.02918297
v 0.00245364 0.01172320 0.02942022
v 0.00225881 0.01179895 0.02954178
v 0.00241704 0.01155001 0.02969974
v 0.00228866 0.01149486 0.02990059
v 0.00229598 0.01132383 0.02990774
v 0.00245984 0.01132383 0.02974004
v 0.00234046 0.01107984 0.02986744
v 0.00229879 0.01107984 0.02990969
v 0.00572462 0.01022952 0.02436241
v 0.00412207 0.01181212 0.02610577
v 0.00192209 0.01107984 0.03019180
v 0.00179990 0.01107984 0.03026980
v 0.00175823 0.01107984 0.03029515
v 0.00146205 0.01107984 0.03042581
v 0.00113264 0.01107984 0.03056946
v 0.00109041 0.01107984 0.03058571
v 0.00087700 0.01107984 0.03063641
v 0.00080605 0.01107984 0.03065267
v 0.00242436 0.01022952 0.02971014
v 0.00258259 0.01181212 0.02911667
v 0.00259329 0.01180329 0.02911667
v 0.00286695 0.01175682 0.02880661
v 0.00277911 0.01166077 0.02908221
v 0.00276785 0.01164884 0.02911667
v 0.00254768 0.01181212 0.02916347
v 0.00239114 0.01181212 0.02936172
v 0.00227571 0.01181212 0.02950148
v 0.00224924 0.01181212 0.02953203
v 0.00208201 0.01181212 0.02968673
v 0.00213662 0.01172971 0.02974329
v 0.00191026 0.01179105 0.02986224
v 0.00211748 0.01155667 0.02996689
v 0.00170812 0.01153947 0.03026590
v 0.00191927 0.01132383 0.03019375
v 0.00211748 0.01132383 0.03004360
v 0.00560017 0.01022952 0.02448267
v 0.00047664 0.01181212 0.02986679
v 0.00175541 0.01132383 0.03029320
v 0.00146205 0.01132383 0.03042646
v 0.00124695 0.01132383 0.03051941
v 0.00108309 0.01132383 0.03058376
v 0.00080605 0.01132383 0.03064747
v 0.00056167 0.01107984 0.03068842
v 0.00047664 0.01107984 0.03070012
v 0.00242436 0.01022952 0.02848745
v 0.00194236 0.01181212 0.02980764
v 0.00189562 0.01181212 0.02984599
v 0.00171712 0.01181212 0.02996559
v 0.00180891 0.01166526 0.03007025
v 0.00158874 0.01181212 0.03003710
v 0.00146205 0.01176147 0.03016060
v 0.00146205 0.01159741 0.03032375
v 0.00103804 0.01151438 0.03057011
v 0.00528541 0.01022952 0.02481093
v 0.00047664 0.01108031 0.03034195
v 0.00047664 0.01181212 0.03037056
v 0.00386924 0.01022952 0.02645093
v 0.00359558 0.01022952 0.02677919
v 0.00047777 0.01132383 0.03069102
v 0.00080605 0.01154474 0.03059416
v 0.00047664 0.01107984 0.03069687
v 0.00047664 0.01132321 0.03069102
v 0.00267663 0.01022952 0.02808963
v 0.00146205 0.01181212 0.03010470
v 0.00125258 0.01181212 0.03019765
v 0.00125990 0.01180081 0.03020675
v 0.00114897 0.01165767 0.03039006
v 0.00105775 0.01181212 0.03026915
v 0.00099018 0.01181212 0.03028865
v 0.00080605 0.01170880 0.03044141
v 0.00288609 0.01022952 0.02776137
v 0.00047664 0.01181197 0.03038356
v 0.00047777 0.01181212 0.03038356
v 0.00047777 0.01156720 0.03061366
v 0.00047664 0.01156720 0.03061366
v 0.00047777 0.01173126 0.03046481
v 0.00080605 0.01181212 0.03033546
v 0.00047664 0.01173095 0.03046481
f 2444 2445 2449
f 2444 2449 2463
f 2444 2463 2452
f 2444 2452 2446
f 2444 2446 2447
f 2444 2447 2448
f 2444 2448 2445
f 2445 2448 2450
f 2445 2450 2451
f 2445 2451 2467
f 2445 2467 2491
f 2445 2491 2517
f 2445 2517 2535
f 2445 2535 2543
f 2445 2543 2530
f 2445 2530 2529
f 2445 2529 2526
f 2445 2526 2508
f 2445 2508 2481
f 2445 2481 2462
f 2445 2462 2449
f 2446 2452 2453
f 2446 2453 2454
f 2446 2454 2447
f 2447 2455 2448
f 2447 2454 2456
f 2447 2456 2457
f 2447 2457 2458
f 2447 2458 2459
f 2447 2459 2460
f 2447 2460 2455
f 2448 2455 2461
f 2448 2461 2450
f 2449 2462 2463
f 2450 2461 2464
f 2450 2464 2465
f 2450 2465 2466
f 2450 2466 2467
f 2450 2467 2451
f 2452 2463 2482
f 2452 2482 2468
f 2452 2468 2469
f 2452 2469 2470
f 2452 2470 2453
f 2453 2470 2471
f 2453 2471 2472
f 2453 2472 2473
f 2453 2473 2474
f 2453 2474 2475
f 2453 2475 2476
f 2453 2476 2477
f 2453 2477 2478
f 2453 2478 2454
f 2454 2478 2456
f 2455 2460 2464
f 2455 2464 2461
f 2456 2478 2479
f 2456 2479 2457
f 2457 2479 2458
f 2458 2479 2480
f 2458 2480 2459
f 2459 2480 2460
f 2460 2480 2465
f 2460 2465 2464
f 2462 2481 2463
f 2463 2481 2482
f 2465 2480 2483
f 2465 2483 2466
f 2466 2483 2484
f 2466 2484 2485
f 2466 2485 2486
f 2466 2486 2487
f 2466 2487 2488
f 2466 2488 2489
f 2466 2489 2490
f 2466 2490 2491
f 2466 2491 2467
f 2468 2482 2509
f 2468 2509 2528
f 2468 2528 2545
f 2468 2545 2549
f 2468 2549 2541
f 2468 2541 2540
f 2468 2540 2537
f 2468 2537 2536
f 2468 2536 2522
f 2468 2522 2520
f 2468 2520 2519
f 2468 2519 2518
f 2468 2518 2501
f 2468 2501 2500
f 2468 2500 2499
f 2468 2499 2498
f 2468 2498 2497
f 2468 2497 2492
f 2468 2492 2493
f 2468 2493 2494
f 2468 2494 2470
f 2468 2470 2469
f 2470 2495 2496
f 2470 2496 2471
f 2470 2494 2495
f 2471 2496 2472
f 2472 2497 2498
f 2472 2498 2473
f 2472 2496 2495
f 2472 2495 2494
f 2472 2494 2493
f 2472 2493 2492
f 2472 2492 2497
f 2473 2498 2499
f 2473 2499 2474
f 2474 2499 2500
f 2474 2500 2501
f 2474 2501 2502
f 2474 2502 2476
f 2474 2476 2475
f 2476 2502 2503
f 2476 2503 2504
f 2476 2504 2505
f 2476 2505 2506
f 2476 2506 2507
f 2476 2507 2477
f 2477 2480 2479
f 2477 2479 2478
f 2477 2507 2480
f 2480 2507 2506
f 2480 2506 2483
f 2481 2508 2482
f 2482 2508 2509
f 2483 2506 2484
f 2484 2506 2485
f 2485 2506 2510
f 2485 2510 2511
f 2485 2511 2486
f 2486 2511 2487
f 2487 2512 2513
f 2487 2513 2488
f 2487 2511 2512
f 2488 2513 2489
f 2489 2514 2490
f 2489 2513 2514
f 2490 2515 2491
f 2490 2514 2515
f 2491 2515 2516
f 2491 2516 2533
f 2491 2533 2517
f 2501 2518 2503
f 2501 2503 2502
f 2503 2518 2519
f 2503 2519 2520
f 2503 2520 2521
f 2503 2521 2504
f 2504 2521 2505
f 2505 2521 2520
f 2505 2520 2522
f 2505 2522 2523
f 2505 2523 2524
f 2505 2524 2525
f 2505 2525 2511
f 2505 2511 2510
f 2505 2510 2506
f 2508 2526 2509
f 2509 2527 2533
f 2509 2533 2516
f 2509 2516 2534
f 2509 2534 2547
f 2509 2547 2550
f 2509 2550 2544
f 2509 2544 2528
f 2509 2526 2529
f 2509 2529 2530
f 2509 2530 2527
f 2511 2525 2512
f 2512 2525 2513
f 2513 2525 2514
f 2514 2531 2516
f 2514 2516 2515
f 2514 2525 2532
f 2514 2532 2531
f 2516 2531 2534
f 2517 2533 2527
f 2517 2527 2535
f 2522 2536 2523
f 2523 2536 2537
f 2523 2537 2538
f 2523 2538 2524
f 2524 2539 2525
f 2524 2538 2539
f 2525 2539 2540
f 2525 2540 2541
f 2525 2541 2542
f 2525 2542 2532
f 2527 2530 2543
f 2527 2543 2535
f 2528 2544 2545
f 2531 2532 2546
f 2531 2546 2547
f 2531 2547 2534
f 2532 2542 2548
f 2532 2548 2546
f 2537 2540 2538
f 2538 2540 2539
f 2541 2549 2542
f 2542 2549 2545
f 2542 2545 2548
f 2544 2550 2548
f 2544 2548 2545
f 2546 2548 2547
f 2547 2548 2550

o geometry_21
v -0.00669810 0.00492649 0.01301080
v -0.00631930 0.00492649 0.01301080
v -0.00671187 0.00492649 0.01333148
v -0.00669817 0.00509176 0.01301080
v -0.00600414 0.00825670 0.01301080
v -0.00601266 0.00825670 0.02031732
v -0.00602243 0.00825670 0.02842397
v -0.00602272 0.00825670 0.02855916
v -0.00639335 0.00492649 0.02907005
v -0.00671231 0.00492649 0.01349339
v -0.00671195 0.00509176 0.01333148
v -0.00669620 0.00542002 0.01301080
v -0.00635684 0.00825670 0.01301080
v -0.00602629 0.00825670 0.02907005
v -0.00674868 0.00492649 0.02907005
v -0.00671508 0.00509176 0.01464250
v -0.00671275 0.00509176 0.01365845
v -0.00674795 0.00492649 0.02874623
v -0.00670779 0.00542002 0.01333148
v -0.00669387 0.00574796 0.01301080
v -0.00640873 0.00805231 0.01301080
v -0.00657980 0.00757214 0.02907005
v -0.00635728 0.00825670 0.01321515
v -0.00638898 0.00825670 0.02907005
v -0.00674868 0.00509176 0.02907005
v -0.00674722 0.00509176 0.02841768
v -0.00671318 0.00542002 0.01562656
v -0.00671012 0.00542002 0.01431553
v -0.00673039 0.00509176 0.02120077
v -0.00674416 0.00509176 0.02710509
v -0.00669926 0.00574796 0.01333148
v -0.00668578 0.00607589 0.01301080
v -0.00641092 0.00804351 0.01301080
v -0.00658016 0.00756986 0.02907005
v -0.00658447 0.00727843 0.01301080
v -0.00658753 0.00728789 0.01464250
v -0.00658818 0.00728952 0.01497104
v -0.00674431 0.00541546 0.02907005
v -0.00674205 0.00542002 0.02808914
v -0.00673906 0.00542002 0.02677812
v -0.00673680 0.00542002 0.02579406
v -0.00672995 0.00542002 0.02284190
v -0.00671625 0.00542002 0.01693915
v -0.00668658 0.00607589 0.01333148
v -0.00673490 0.00574339 0.02907005
v -0.00673476 0.00574796 0.02907005
v -0.00666960 0.00640383 0.01301080
v -0.00660852 0.00738340 0.02907005
v -0.00658877 0.00729115 0.01529959
v -0.00661566 0.00705970 0.01301080
v -0.00661668 0.00705970 0.01333148
v -0.00662273 0.00705970 0.01529959
v -0.00674423 0.00542002 0.02907005
v -0.00667448 0.00640383 0.01529959
v -0.00667310 0.00640383 0.01464250
v -0.00667171 0.00640383 0.01398699
v -0.00671923 0.00607589 0.02907005
v -0.00665036 0.00673144 0.01365845
v -0.00664883 0.00673144 0.01301080
v -0.00666471 0.00673144 0.01989131
v -0.00666399 0.00673144 0.01956277
v -0.00666180 0.00673144 0.01857872
v -0.00666107 0.00673144 0.01825175
v -0.00665881 0.00673144 0.01726769
v -0.00665728 0.00673144 0.01661061
v -0.00665247 0.00705970 0.02907005
v -0.00662353 0.00705970 0.01562656
v -0.00664795 0.00674024 0.01301080
v -0.00670276 0.00639959 0.02907005
v -0.00670254 0.00640383 0.02907005
v -0.00668403 0.00673144 0.02907005
v -0.00667033 0.00673144 0.02251336
v -0.00666894 0.00673144 0.02185785
f 2551 2552 2559
f 2551 2559 2565
f 2551 2565 2568
f 2551 2568 2560
f 2551 2560 2553
f 2551 2553 2561
f 2551 2561 2554
f 2551 2554 2562
f 2551 2562 2570
f 2551 2570 2582
f 2551 2582 2597
f 2551 2597 2609
f 2551 2609 2618
f 2551 2618 2600
f 2551 2600 2585
f 2551 2585 2583
f 2551 2583 2571
f 2551 2571 2563
f 2551 2563 2555
f 2551 2555 2552
f 2552 2555 2556
f 2552 2556 2557
f 2552 2557 2558
f 2552 2558 2559
f 2553 2560 2561
f 2554 2561 2562
f 2555 2563 2573
f 2555 2573 2574
f 2555 2574 2564
f 2555 2564 2558
f 2555 2558 2557
f 2555 2557 2556
f 2558 2564 2559
f 2559 2564 2574
f 2559 2574 2572
f 2559 2572 2584
f 2559 2584 2598
f 2559 2598 2616
f 2559 2616 2621
f 2559 2621 2620
f 2559 2620 2619
f 2559 2619 2607
f 2559 2607 2596
f 2559 2596 2595
f 2559 2595 2603
f 2559 2603 2588
f 2559 2588 2575
f 2559 2575 2565
f 2560 2566 2567
f 2560 2567 2561
f 2560 2568 2566
f 2561 2567 2569
f 2561 2569 2570
f 2561 2570 2562
f 2563 2571 2572
f 2563 2572 2573
f 2565 2575 2576
f 2565 2576 2568
f 2566 2577 2578
f 2566 2578 2569
f 2566 2569 2567
f 2566 2568 2579
f 2566 2579 2577
f 2568 2576 2580
f 2568 2580 2579
f 2569 2581 2582
f 2569 2582 2570
f 2569 2578 2581
f 2571 2583 2572
f 2572 2574 2573
f 2572 2583 2585
f 2572 2585 2586
f 2572 2586 2587
f 2572 2587 2584
f 2575 2588 2576
f 2576 2588 2589
f 2576 2589 2590
f 2576 2590 2591
f 2576 2591 2592
f 2576 2592 2593
f 2576 2593 2577
f 2576 2577 2580
f 2577 2593 2581
f 2577 2581 2578
f 2577 2579 2580
f 2581 2594 2582
f 2581 2593 2592
f 2581 2592 2591
f 2581 2591 2590
f 2581 2590 2589
f 2581 2589 2595
f 2581 2595 2596
f 2581 2596 2594
f 2582 2594 2597
f 2584 2587 2599
f 2584 2599 2598
f 2585 2600 2601
f 2585 2601 2602
f 2585 2602 2586
f 2586 2602 2587
f 2587 2602 2599
f 2588 2603 2589
f 2589 2603 2595
f 2594 2604 2605
f 2594 2605 2606
f 2594 2606 2597
f 2594 2596 2607
f 2594 2607 2604
f 2597 2608 2609
f 2597 2606 2610
f 2597 2610 2611
f 2597 2611 2612
f 2597 2612 2613
f 2597 2613 2614
f 2597 2614 2615
f 2597 2615 2608
f 2598 2599 2617
f 2598 2617 2616
f 2599 2602 2617
f 2600 2618 2601
f 2601 2618 2602
f 2602 2618 2609
f 2602 2609 2617
f 2604 2607 2619
f 2604 2619 2620
f 2604 2620 2621
f 2604 2621 2622
f 2604 2622 2605
f 2605 2622 2623
f 2605 2623 2606
f 2606 2623 2610
f 2608 2615 2617
f 2608 2617 2609
f 2610 2617 2611
f 2610 2623 2616
f 2610 2616 2617
f 2611 2617 2612
f 2612 2617 2613
f 2613 2617 2614
f 2614 2617 2615
f 2616 2623 2622
f 2616 2622 2621

o geometry_22
v 0.00238228 -0.00036292 0.02974820
v 0.00228947 -0.00036292 0.02990365
v 0.00244037 -0.00050125 0.02974820
v -0.00258981 -0.00196730 0.02907405
v -0.00399272 -0.00118531 0.02907405
v 0.00080005 -0.00036292 0.02974820
v 0.00222949 -0.00036292 0.02994693
v 0.00229389 -0.00048454 0.02990819
v 0.00245047 -0.00081249 0.02974820
v -0.00258981 -0.00234751 0.02907405
v 0.00245741 -0.00114044 0.02974820
v -0.00399209 -0.00163838 0.02907405
v -0.00399272 -0.00163838 0.02907453
v -0.00399272 -0.00057216 0.02994839
v -0.00181827 -0.00036292 0.02978532
v -0.00176523 -0.00036292 0.02978386
v 0.00211647 -0.00048454 0.03003559
v 0.00172123 -0.00036292 0.03027517
v 0.00190496 -0.00048454 0.03018586
v 0.00192264 -0.00114044 0.03019218
v 0.00229831 -0.00081249 0.02991143
v -0.00258981 -0.00234751 0.02907453
v -0.00269398 -0.00231040 0.02907405
v 0.00245552 -0.00122534 0.02974820
v 0.00060180 -0.00195700 0.02983914
v 0.00229894 -0.00114044 0.02991159
v 0.00229831 -0.00122534 0.02991078
v -0.00397631 -0.00165004 0.02907405
v -0.00399272 -0.00163838 0.02910679
v -0.00399272 -0.00057216 0.03045688
v -0.00259044 -0.00036292 0.03029170
v -0.00197674 -0.00036292 0.02984692
v 0.00157286 -0.00036292 0.03034925
v 0.00174143 -0.00048454 0.03028603
v 0.00175090 -0.00081249 0.03029170
v 0.00175848 -0.00114044 0.03029657
v 0.00192138 -0.00122534 0.03019283
v 0.00060180 -0.00195700 0.03036384
v -0.00258981 -0.00234654 0.02940262
v -0.00269398 -0.00231021 0.02940262
v -0.00269398 -0.00231040 0.02907453
v -0.00337903 -0.00200343 0.02907405
v 0.00225159 -0.00122534 0.02994595
v -0.00397631 -0.00165004 0.02907453
v -0.00354318 -0.00190843 0.02907405
v -0.00354318 -0.00191037 0.02940262
v -0.00397568 -0.00164984 0.02940262
v -0.00399272 -0.00163760 0.02940262
v -0.00399272 -0.00068368 0.03037291
v -0.00388160 -0.00059684 0.03050956
v -0.00395863 -0.00057216 0.03047844
v -0.00259044 -0.00036292 0.03071493
v 0.00124959 -0.00048454 0.03052561
v 0.00146047 -0.00048454 0.03042527
v 0.00106334 -0.00036292 0.03057407
v 0.00175722 -0.00122534 0.03029592
v 0.00168145 -0.00122534 0.03033028
v 0.00060180 -0.00170288 0.03060633
v 0.00060180 -0.00180410 0.03051426
v 0.00060180 -0.00186705 0.03045542
v 0.00047679 -0.00195700 0.03038150
v -0.00258981 -0.00231701 0.02960750
v -0.00267504 -0.00230263 0.02958870
v -0.00337903 -0.00200305 0.02940262
v -0.00337903 -0.00200343 0.02907453
v -0.00378626 -0.00176408 0.02940262
v -0.00334998 -0.00198828 0.02960540
v -0.00396684 -0.00164343 0.02958222
v -0.00399272 -0.00159389 0.02961220
v -0.00399272 -0.00126458 0.02991678
v -0.00385824 -0.00057216 0.03053420
v -0.00395926 -0.00131179 0.02989992
v -0.00379195 -0.00081657 0.03038928
v -0.00351604 -0.00089758 0.03048768
v -0.00329758 -0.00097879 0.03055187
v -0.00366252 -0.00067882 0.03057245
v -0.00372628 -0.00057216 0.03059952
v -0.00259044 -0.00048454 0.03072434
v -0.00247426 -0.00036292 0.03071526
v -0.00344974 -0.00057216 0.03066906
v -0.00313026 -0.00057216 0.03070926
v 0.00109175 -0.00114044 0.03058720
v 0.00125338 -0.00122534 0.03051669
v 0.00108543 -0.00048454 0.03058040
v 0.00108985 -0.00081249 0.03058477
v 0.00093390 -0.00036292 0.03060082
v 0.00047679 -0.00146819 0.03069111
v 0.00047679 -0.00171143 0.03061362
v 0.00047679 -0.00187560 0.03046434
v 0.00108922 -0.00122534 0.03058639
v 0.00060180 -0.00146819 0.03067474
v 0.00031894 -0.00195700 0.03038912
v -0.00258981 -0.00225639 0.02967688
v 0.00014847 -0.00195700 0.03039609
v -0.00017984 -0.00195700 0.03039269
v -0.00050753 -0.00195700 0.03038248
v -0.00083458 -0.00195700 0.03036238
v -0.00103852 -0.00195700 0.03034325
v -0.00116290 -0.00195700 0.03033126
v -0.00141482 -0.00195700 0.03029495
v -0.00149058 -0.00195700 0.03028311
v -0.00167431 -0.00195700 0.03024632
v -0.00169704 -0.00195700 0.03024097
v -0.00269904 -0.00198731 0.02991970
v -0.00291812 -0.00193777 0.02987285
v -0.00313026 -0.00188784 0.02982520
v -0.00313026 -0.00203666 0.02966132
v -0.00346300 -0.00179788 0.02973815
v -0.00378626 -0.00169900 0.02964251
v -0.00378626 -0.00153444 0.02980639
v -0.00399272 -0.00146430 0.02973475
v -0.00399272 -0.00134793 0.02984449
v -0.00357539 -0.00160419 0.02987090
v -0.00378626 -0.00137085 0.02995049
v -0.00342701 -0.00079792 0.03059920
v -0.00354697 -0.00125448 0.03018213
v -0.00332852 -0.00132520 0.03024032
v -0.00313026 -0.00118745 0.03044910
v -0.00286446 -0.00125564 0.03050680
v -0.00313026 -0.00102348 0.03058493
v -0.00313026 -0.00081268 0.03067149
v -0.00247426 -0.00081249 0.03072466
v -0.00247426 -0.00048454 0.03072466
v -0.00280195 -0.00057216 0.03072125
v -0.00017921 -0.00048454 0.03073001
v -0.00017921 -0.00036292 0.03069678
v -0.00280195 -0.00081268 0.03071396
v 0.00080447 -0.00114044 0.03065480
v 0.00080447 -0.00048454 0.03063810
v 0.00080447 -0.00081249 0.03064734
v 0.00061822 -0.00036292 0.03064847
v 0.00047679 -0.00048454 0.03069159
v 0.00047679 -0.00114044 0.03070294
v 0.00014847 -0.00114044 0.03072531
v 0.00014847 -0.00146819 0.03070780
v 0.00014847 -0.00171745 0.03062043
v 0.00014847 -0.00188162 0.03047147
v 0.00080447 -0.00122534 0.03065317
v -0.00214595 -0.00195700 0.03012442
v -0.00258981 -0.00216683 0.02977349
v -0.00017984 -0.00187987 0.03046985
v -0.00050753 -0.00187482 0.03046482
v -0.00083458 -0.00186452 0.03045477
v -0.00116290 -0.00184879 0.03043921
v -0.00149058 -0.00182139 0.03041554
v -0.00166926 -0.00163605 0.03055381
v -0.00149058 -0.00165722 0.03057310
v -0.00178859 -0.00178837 0.03037843
v -0.00214595 -0.00174426 0.03032850
v -0.00267378 -0.00164868 0.03023740
v -0.00279564 -0.00179342 0.03005553
v -0.00258981 -0.00200771 0.02993931
v -0.00258981 -0.00192222 0.03001906
v -0.00247426 -0.00168948 0.03027614
v -0.00247426 -0.00151132 0.03044018
v -0.00258981 -0.00159097 0.03032266
v -0.00313026 -0.00172406 0.02997643
v -0.00335693 -0.00166752 0.02992553
v -0.00313026 -0.00137552 0.03028506
v -0.00313026 -0.00153930 0.03014047
v -0.00289287 -0.00159719 0.03019104
v -0.00264600 -0.00130849 0.03055349
v -0.00247426 -0.00134773 0.03058461
v -0.00277417 -0.00114393 0.03061379
v -0.00259044 -0.00114180 0.03064945
v -0.00247426 -0.00114044 0.03067182
v -0.00259044 -0.00081249 0.03072093
v -0.00181827 -0.00114044 0.03072563
v -0.00148995 -0.00114044 0.03072693
v -0.00050690 -0.00114044 0.03072920
v -0.00017921 -0.00114044 0.03072985
v 0.00014847 -0.00081249 0.03072531
v 0.00014847 -0.00048454 0.03072401
v 0.00014531 -0.00036292 0.03068868
v -0.00214658 -0.00114044 0.03071315
v 0.00047679 -0.00081249 0.03069791
v 0.00047679 -0.00036292 0.03066387
v -0.00017984 -0.00122534 0.03072482
v -0.00017984 -0.00146819 0.03070975
v -0.00017984 -0.00171590 0.03062011
v -0.00227854 -0.00195700 0.03008584
v -0.00247426 -0.00195700 0.03002717
v -0.00050753 -0.00171085 0.03061687
v -0.00083458 -0.00170074 0.03060957
v -0.00116290 -0.00168462 0.03059741
v -0.00214595 -0.00140777 0.03062546
v -0.00188709 -0.00160710 0.03052561
v -0.00214595 -0.00157155 0.03049254
v -0.00247426 -0.00185345 0.03012377
v -0.00083458 -0.00146819 0.03069856
v -0.00050753 -0.00146819 0.03070602
v 0.00027412 -0.00036292 0.03068381
v -0.00149058 -0.00146819 0.03066161
v -0.00116290 -0.00146819 0.03068608
f 2624 2625 2626
f 2624 2626 2627
f 2624 2627 2628
f 2624 2628 2629
f 2624 2629 2639
f 2624 2639 2638
f 2624 2638 2655
f 2624 2655 2654
f 2624 2654 2675
f 2624 2675 2702
f 2624 2702 2749
f 2624 2749 2797
f 2624 2797 2815
f 2624 2815 2800
f 2624 2800 2754
f 2624 2754 2709
f 2624 2709 2678
f 2624 2678 2656
f 2624 2656 2641
f 2624 2641 2630
f 2624 2630 2625
f 2625 2630 2631
f 2625 2631 2626
f 2626 2632 2627
f 2626 2631 2632
f 2627 2633 2646
f 2627 2646 2665
f 2627 2665 2668
f 2627 2668 2651
f 2627 2651 2635
f 2627 2635 2628
f 2627 2632 2634
f 2627 2634 2633
f 2628 2635 2636
f 2628 2636 2652
f 2628 2652 2671
f 2628 2671 2692
f 2628 2692 2734
f 2628 2734 2735
f 2628 2735 2693
f 2628 2693 2672
f 2628 2672 2653
f 2628 2653 2637
f 2628 2637 2638
f 2628 2638 2639
f 2628 2639 2629
f 2630 2640 2631
f 2630 2641 2642
f 2630 2642 2640
f 2631 2640 2643
f 2631 2643 2644
f 2631 2644 2632
f 2632 2644 2634
f 2633 2645 2664
f 2633 2664 2646
f 2633 2634 2647
f 2633 2647 2648
f 2633 2648 2661
f 2633 2661 2645
f 2634 2644 2649
f 2634 2649 2650
f 2634 2650 2647
f 2635 2651 2636
f 2636 2651 2667
f 2636 2667 2652
f 2637 2653 2675
f 2637 2675 2654
f 2637 2654 2655
f 2637 2655 2638
f 2640 2642 2643
f 2641 2656 2657
f 2641 2657 2642
f 2642 2657 2658
f 2642 2658 2659
f 2642 2659 2643
f 2643 2649 2644
f 2643 2659 2660
f 2643 2660 2649
f 2645 2661 2662
f 2645 2662 2663
f 2645 2663 2664
f 2646 2664 2688
f 2646 2688 2665
f 2647 2650 2661
f 2647 2661 2648
f 2649 2660 2666
f 2649 2666 2650
f 2650 2666 2661
f 2651 2668 2669
f 2651 2669 2667
f 2652 2667 2670
f 2652 2670 2671
f 2653 2672 2673
f 2653 2673 2674
f 2653 2674 2675
f 2656 2676 2677
f 2656 2677 2657
f 2656 2678 2676
f 2657 2677 2658
f 2658 2677 2659
f 2659 2679 2660
f 2659 2677 2676
f 2659 2676 2680
f 2659 2680 2679
f 2660 2679 2681
f 2660 2681 2682
f 2660 2682 2683
f 2660 2683 2661
f 2660 2661 2666
f 2661 2683 2684
f 2661 2684 2685
f 2661 2685 2662
f 2662 2685 2686
f 2662 2686 2663
f 2663 2686 2687
f 2663 2687 2688
f 2663 2688 2664
f 2665 2688 2669
f 2665 2669 2668
f 2667 2689 2670
f 2667 2669 2689
f 2669 2688 2687
f 2669 2687 2690
f 2669 2690 2691
f 2669 2691 2689
f 2670 2689 2691
f 2670 2691 2671
f 2671 2691 2692
f 2672 2693 2673
f 2673 2694 2674
f 2673 2693 2695
f 2673 2695 2696
f 2673 2696 2697
f 2673 2697 2698
f 2673 2698 2699
f 2673 2699 2700
f 2673 2700 2694
f 2674 2694 2675
f 2675 2701 2746
f 2675 2746 2702
f 2675 2694 2700
f 2675 2700 2703
f 2675 2703 2704
f 2675 2704 2701
f 2676 2705 2706
f 2676 2706 2680
f 2676 2678 2707
f 2676 2707 2708
f 2676 2708 2705
f 2678 2709 2707
f 2679 2680 2681
f 2680 2706 2681
f 2681 2710 2711
f 2681 2711 2712
f 2681 2712 2682
f 2681 2706 2713
f 2681 2713 2714
f 2681 2714 2710
f 2682 2712 2683
f 2683 2712 2684
f 2684 2712 2715
f 2684 2715 2685
f 2685 2716 2686
f 2685 2715 2717
f 2685 2717 2718
f 2685 2718 2719
f 2685 2719 2720
f 2685 2720 2721
f 2685 2721 2722
f 2685 2722 2723
f 2685 2723 2724
f 2685 2724 2725
f 2685 2725 2726
f 2685 2726 2716
f 2686 2716 2727
f 2686 2727 2728
f 2686 2728 2729
f 2686 2729 2730
f 2686 2730 2690
f 2686 2690 2687
f 2690 2731 2732
f 2690 2732 2691
f 2690 2730 2729
f 2690 2729 2731
f 2691 2732 2733
f 2691 2733 2692
f 2692 2733 2734
f 2693 2735 2695
f 2695 2735 2733
f 2695 2733 2736
f 2695 2736 2737
f 2695 2737 2698
f 2695 2698 2697
f 2695 2697 2696
f 2698 2738 2699
f 2698 2737 2739
f 2698 2739 2736
f 2698 2736 2740
f 2698 2740 2741
f 2698 2741 2742
f 2698 2742 2743
f 2698 2743 2738
f 2699 2738 2700
f 2700 2738 2744
f 2700 2744 2703
f 2701 2745 2746
f 2701 2704 2747
f 2701 2747 2745
f 2702 2746 2748
f 2702 2748 2749
f 2703 2744 2750
f 2703 2750 2704
f 2704 2750 2747
f 2705 2708 2751
f 2705 2751 2713
f 2705 2713 2706
f 2707 2709 2752
f 2707 2752 2753
f 2707 2753 2751
f 2707 2751 2708
f 2709 2754 2755
f 2709 2755 2752
f 2710 2756 2757
f 2710 2757 2758
f 2710 2758 2711
f 2710 2714 2756
f 2711 2758 2759
f 2711 2759 2760
f 2711 2760 2712
f 2712 2760 2717
f 2712 2717 2715
f 2713 2751 2761
f 2713 2761 2714
f 2714 2761 2756
f 2716 2726 2762
f 2716 2762 2763
f 2716 2763 2727
f 2717 2760 2764
f 2717 2764 2718
f 2718 2764 2765
f 2718 2765 2719
f 2719 2765 2720
f 2720 2765 2766
f 2720 2766 2721
f 2721 2766 2767
f 2721 2767 2722
f 2722 2767 2723
f 2723 2767 2768
f 2723 2768 2724
f 2724 2768 2725
f 2725 2769 2726
f 2725 2768 2770
f 2725 2770 2769
f 2726 2769 2771
f 2726 2771 2772
f 2726 2772 2762
f 2727 2773 2774
f 2727 2774 2728
f 2727 2763 2775
f 2727 2775 2776
f 2727 2776 2777
f 2727 2777 2778
f 2727 2778 2779
f 2727 2779 2773
f 2728 2780 2729
f 2728 2774 2780
f 2729 2780 2781
f 2729 2781 2731
f 2731 2781 2736
f 2731 2736 2732
f 2732 2736 2733
f 2733 2735 2734
f 2736 2781 2740
f 2736 2739 2737
f 2738 2743 2744
f 2740 2781 2782
f 2740 2782 2741
f 2741 2782 2742
f 2742 2782 2783
f 2742 2783 2780
f 2742 2780 2784
f 2742 2784 2785
f 2742 2785 2743
f 2743 2785 2786
f 2743 2786 2787
f 2743 2787 2744
f 2744 2787 2788
f 2744 2788 2789
f 2744 2789 2750
f 2745 2747 2790
f 2745 2790 2791
f 2745 2791 2792
f 2745 2792 2748
f 2745 2748 2746
f 2747 2750 2790
f 2748 2793 2794
f 2748 2794 2757
f 2748 2757 2795
f 2748 2795 2796
f 2748 2796 2749
f 2748 2792 2793
f 2749 2796 2797
f 2750 2789 2798
f 2750 2798 2791
f 2750 2791 2790
f 2751 2753 2755
f 2751 2755 2799
f 2751 2799 2756
f 2751 2756 2761
f 2752 2755 2753
f 2754 2800 2755
f 2755 2800 2796
f 2755 2796 2799
f 2756 2799 2796
f 2756 2796 2795
f 2756 2795 2757
f 2757 2794 2758
f 2758 2794 2801
f 2758 2801 2802
f 2758 2802 2759
f 2759 2802 2803
f 2759 2803 2760
f 2760 2803 2764
f 2762 2772 2804
f 2762 2804 2763
f 2763 2804 2805
f 2763 2805 2775
f 2764 2803 2806
f 2764 2806 2765
f 2765 2806 2807
f 2765 2807 2766
f 2766 2807 2808
f 2766 2808 2767
f 2767 2808 2768
f 2768 2808 2770
f 2769 2770 2809
f 2769 2809 2810
f 2769 2810 2771
f 2770 2808 2809
f 2771 2810 2772
f 2772 2810 2811
f 2772 2811 2805
f 2772 2805 2804
f 2773 2785 2784
f 2773 2784 2780
f 2773 2780 2774
f 2773 2779 2785
f 2775 2805 2812
f 2775 2812 2776
f 2776 2812 2777
f 2777 2812 2811
f 2777 2811 2778
f 2778 2811 2786
f 2778 2786 2785
f 2778 2785 2779
f 2780 2783 2781
f 2781 2783 2782
f 2786 2811 2809
f 2786 2809 2787
f 2787 2809 2788
f 2788 2809 2789
f 2789 2809 2798
f 2791 2798 2817
f 2791 2817 2813
f 2791 2813 2814
f 2791 2814 2802
f 2791 2802 2792
f 2792 2802 2801
f 2792 2801 2793
f 2793 2801 2794
f 2796 2800 2815
f 2796 2815 2797
f 2798 2809 2816
f 2798 2816 2817
f 2802 2814 2803
f 2803 2814 2806
f 2805 2811 2812
f 2806 2814 2813
f 2806 2813 2807
f 2807 2813 2817
f 2807 2817 2808
f 2808 2817 2816
f 2808 2816 2809
f 2809 2811 2810

o geometry_23
v 0.00441140 -0.00237301 0.01775790
v 0.00441140 -0.00268141 0.01775790
v 0.00441140 -0.00229491 0.00782967
v 0.00412148 -0.00195754 0.02692776
v 0.00412148 -0.00258926 0.02592106
v 0.00412148 -0.00265632 0.02575328
v 0.00412148 -0.00269276 0.02546246
v 0.00412148 -0.00270381 0.02513584
v 0.00441140 -0.00268738 0.00808470
v 0.00412148 -0.00195754 0.02612017
v 0.00441140 -0.00267305 0.00782743
v -0.00258976 -0.00194081 0.00782743
v 0.00173362 -0.00122530 0.02716489
v 0.00189742 -0.00122530 0.02735504
v 0.00295428 -0.00122530 0.02912011
v 0.00294605 -0.00146859 0.02912011
v 0.00261227 -0.00163645 0.02956977
v 0.00271885 -0.00174278 0.02926105
v 0.00256909 -0.00192871 0.02918275
v 0.00229631 -0.00230148 0.02892772
v 0.00193854 -0.00260644 0.02888969
v 0.00202079 -0.00265781 0.02867493
v 0.00211674 -0.00273443 0.02808881
v 0.00408447 -0.00270695 0.02513584
v 0.00408515 -0.00270754 0.00808470
v -0.00259045 -0.00232896 0.00782743
v -0.00020258 -0.00122530 0.02808881
v -0.00018065 -0.00122530 0.02776219
v -0.00008333 -0.00122530 0.02747361
v 0.00010035 -0.00122530 0.02722641
v 0.00046977 -0.00122530 0.02694342
v 0.00096942 -0.00122530 0.02685617
v 0.00143376 -0.00122530 0.02695907
v 0.00261776 -0.00122530 0.02957648
v 0.00225656 -0.00194290 0.02954068
v 0.00228809 -0.00163958 0.02989862
v 0.00161367 -0.00260763 0.02922749
v 0.00171991 -0.00266155 0.02900826
v 0.00199200 -0.00231880 0.02927447
v 0.00148688 -0.00269634 0.02909774
v 0.00113254 -0.00273861 0.02907089
v 0.00211674 -0.00274966 0.02775996
v 0.00244435 -0.00274473 0.02743334
v 0.00375617 -0.00271262 0.02579355
v 0.00375617 -0.00271591 0.02546469
v 0.00375686 -0.00271755 0.00808470
v 0.00408515 -0.00269291 0.00782743
v -0.00259045 -0.00193790 0.01251750
v -0.00014021 -0.00122530 0.02841766
v -0.00259045 -0.00195754 0.02998363
v 0.00190907 -0.00193558 0.02986059
v 0.00229768 -0.00122530 0.02990981
v 0.00191867 -0.00146859 0.03019392
v 0.00170689 -0.00168424 0.03026550
v 0.00156981 -0.00242133 0.02949930
v 0.00139504 -0.00265975 0.02930579
v 0.00080493 -0.00271337 0.02939975
v 0.00031454 -0.00273323 0.02939975
v 0.00047868 -0.00273936 0.02907089
v 0.00146083 -0.00275100 0.02677563
v 0.00178913 -0.00274891 0.00808470
v 0.00211674 -0.00274891 0.00808470
v 0.00244504 -0.00274384 0.00808470
v 0.00203501 -0.00273286 0.00782743
v -0.00247393 -0.00237077 0.00782743
v -0.00259045 -0.00234150 0.01955876
v 0.00060342 -0.00122530 0.03068160
v 0.00175760 -0.00122530 0.03029459
v 0.00175486 -0.00146859 0.03029235
v 0.00135357 -0.00146859 0.03047244
v 0.00103727 -0.00165900 0.03056975
v 0.00146083 -0.00174203 0.03032367
v 0.00146083 -0.00190616 0.03016036
v 0.00168975 -0.00199756 0.02993665
v 0.00121410 -0.00258225 0.02952502
v 0.00099615 -0.00262660 0.02957648
v 0.00047868 -0.00267021 0.02963688
v 0.00015039 -0.00267439 0.02964807
v -0.00067036 -0.00266125 0.02963129
v -0.00050621 -0.00271576 0.02939975
v 0.00015039 -0.00273458 0.02907089
v 0.00080493 -0.00274652 0.02677563
v 0.00015039 -0.00273204 0.00808470
v -0.00214632 -0.00245754 0.00782743
v -0.00247393 -0.00238197 0.01923438
v -0.00259045 -0.00231746 0.02960332
v -0.00230978 -0.00221874 0.02982144
v -0.00214564 -0.00195754 0.03012457
v -0.00167409 -0.00195754 0.03024537
v -0.00141434 -0.00195754 0.03029459
v 0.00060342 -0.00146859 0.03067265
v 0.00080561 -0.00146859 0.03064581
v 0.00080561 -0.00122530 0.03065252
v 0.00109004 -0.00122530 0.03058541
v 0.00108250 -0.00146859 0.03058317
v 0.00060342 -0.00170321 0.03060554
v 0.00080561 -0.00185345 0.03044000
v 0.00103933 -0.00198517 0.03024537
v 0.00080493 -0.00249876 0.02976887
v 0.00047868 -0.00252699 0.02980019
v 0.00015039 -0.00253789 0.02981137
v -0.00067036 -0.00252609 0.02979459
v -0.00050621 -0.00271673 0.02857985
v -0.00140748 -0.00263108 0.00782743
v -0.00142256 -0.00263466 0.00808470
v -0.00247393 -0.00238840 0.02907089
v -0.00259045 -0.00234673 0.02939975
v -0.00181494 -0.00228654 0.02989079
v -0.00149041 -0.00231985 0.02992323
v -0.00099831 -0.00195754 0.03034380
v 0.00047868 -0.00195754 0.03037960
v -0.00050621 -0.00236704 0.02997021
v -0.00140131 -0.00262869 0.02958543
v -0.00083450 -0.00269814 0.02939975
v -0.00116212 -0.00250638 0.02977110
v -0.00017860 -0.00272562 0.00808470
v 0.00015039 -0.00271710 0.00782743
v -0.00116280 -0.00266782 0.00808470
v -0.00214564 -0.00246859 0.02939975
v -0.00247393 -0.00238735 0.02939975
v -0.00214564 -0.00238093 0.02968610
v -0.00116212 -0.00234255 0.02994784
v -0.00034172 -0.00195754 0.03038519
v 0.00015039 -0.00195754 0.03039525
v -0.00116212 -0.00266961 0.02939975
v -0.00050621 -0.00271561 0.00808470
v -0.00067036 -0.00269358 0.00782743
v -0.00083450 -0.00269634 0.00808470
v -0.00144038 -0.00263526 0.02939975
f 2818 2819 2826
f 2818 2826 2828
f 2818 2828 2820
f 2818 2820 2821
f 2818 2821 2819
f 2819 2822 2823
f 2819 2823 2824
f 2819 2824 2825
f 2819 2825 2826
f 2819 2821 2822
f 2820 2827 2821
f 2820 2829 2830
f 2820 2830 2831
f 2820 2831 2832
f 2820 2832 2827
f 2821 2827 2832
f 2821 2832 2833
f 2821 2833 2834
f 2821 2834 2835
f 2821 2835 2836
f 2821 2836 2822
f 2822 2837 2838
f 2822 2838 2839
f 2822 2839 2823
f 2822 2836 2837
f 2824 2823 2840
f 2825 2824 2841
f 2826 2825 2841
f 2826 2841 2842
f 2826 2842 2828
f 2828 2864 2881
f 2828 2881 2934
f 2828 2934 2944
f 2828 2944 2921
f 2828 2921 2901
f 2828 2901 2882
f 2828 2882 2843
f 2828 2843 2829
f 2828 2829 2820
f 2829 2844 2845
f 2829 2845 2846
f 2829 2846 2847
f 2829 2847 2848
f 2829 2848 2849
f 2829 2849 2850
f 2829 2850 2830
f 2830 2850 2849
f 2830 2849 2848
f 2830 2848 2847
f 2830 2847 2846
f 2830 2846 2845
f 2830 2845 2844
f 2830 2844 2866
f 2830 2866 2884
f 2830 2884 2910
f 2830 2910 2911
f 2830 2911 2885
f 2830 2885 2869
f 2830 2869 2851
f 2830 2851 2832
f 2830 2832 2831
f 2832 2851 2834
f 2832 2834 2833
f 2834 2852 2836
f 2834 2836 2835
f 2836 2838 2837
f 2838 2854 2855
f 2838 2855 2839
f 2838 2856 2854
f 2839 2855 2857
f 2839 2857 2840
f 2839 2840 2823
f 2840 2857 2858
f 2840 2858 2859
f 2840 2859 2860
f 2840 2860 2861
f 2840 2861 2824
f 2824 2861 2841
f 2841 2861 2862
f 2842 2841 2863
f 2842 2863 2864
f 2842 2864 2828
f 2843 2883 2924
f 2843 2924 2903
f 2843 2903 2867
f 2843 2867 2865
f 2843 2865 2829
f 2829 2865 2844
f 2844 2865 2867
f 2844 2867 2866
f 2852 2834 2853
f 2852 2853 2868
f 2852 2856 2838
f 2834 2851 2869
f 2834 2869 2853
f 2853 2869 2870
f 2853 2870 2871
f 2836 2852 2838
f 2854 2856 2868
f 2854 2868 2872
f 2854 2872 2873
f 2854 2873 2855
f 2855 2873 2857
f 2856 2852 2868
f 2857 2873 2874
f 2857 2874 2858
f 2858 2874 2875
f 2858 2875 2876
f 2858 2876 2859
f 2859 2876 2877
f 2859 2877 2878
f 2859 2878 2879
f 2859 2879 2860
f 2860 2879 2880
f 2860 2880 2863
f 2860 2863 2862
f 2860 2862 2861
f 2862 2863 2841
f 2863 2880 2881
f 2863 2881 2864
f 2843 2882 2883
f 2867 2884 2866
f 2869 2885 2870
f 2870 2885 2886
f 2870 2886 2871
f 2871 2886 2887
f 2871 2887 2888
f 2871 2888 2889
f 2871 2889 2890
f 2871 2890 2891
f 2853 2871 2868
f 2868 2871 2891
f 2868 2891 2872
f 2872 2891 2892
f 2872 2892 2873
f 2873 2892 2893
f 2873 2893 2894
f 2873 2894 2874
f 2874 2894 2875
f 2875 2894 2895
f 2875 2895 2896
f 2875 2896 2897
f 2875 2897 2898
f 2875 2898 2876
f 2876 2898 2899
f 2876 2899 2877
f 2878 2899 2900
f 2878 2877 2899
f 2879 2878 2881
f 2879 2881 2880
f 2882 2901 2902
f 2882 2902 2883
f 2867 2903 2904
f 2867 2905 2884
f 2884 2905 2906
f 2884 2906 2907
f 2884 2907 2908
f 2884 2908 2909
f 2884 2909 2910
f 2885 2887 2886
f 2887 2885 2911
f 2888 2912 2909
f 2888 2909 2908
f 2888 2908 2913
f 2888 2913 2914
f 2888 2914 2915
f 2888 2887 2912
f 2889 2888 2890
f 2890 2893 2892
f 2891 2890 2892
f 2893 2915 2916
f 2893 2916 2894
f 2894 2916 2917
f 2894 2917 2918
f 2894 2918 2895
f 2895 2918 2896
f 2896 2918 2919
f 2897 2920 2898
f 2878 2900 2881
f 2901 2921 2922
f 2901 2922 2923
f 2901 2923 2902
f 2883 2902 2923
f 2883 2923 2924
f 2867 2904 2905
f 2905 2904 2925
f 2905 2925 2906
f 2906 2925 2926
f 2906 2926 2907
f 2908 2907 2927
f 2908 2927 2913
f 2909 2912 2910
f 2910 2912 2911
f 2887 2911 2912
f 2914 2913 2928
f 2914 2928 2917
f 2915 2914 2916
f 2915 2890 2888
f 2890 2915 2893
f 2917 2916 2914
f 2917 2928 2918
f 2918 2929 2919
f 2896 2930 2931
f 2896 2931 2897
f 2896 2919 2932
f 2896 2932 2930
f 2897 2931 2920
f 2920 2933 2898
f 2899 2898 2933
f 2899 2933 2900
f 2900 2933 2934
f 2900 2934 2881
f 2921 2935 2922
f 2922 2936 2923
f 2923 2936 2937
f 2923 2937 2924
f 2904 2903 2938
f 2904 2938 2925
f 2903 2930 2938
f 2925 2938 2930
f 2925 2930 2926
f 2926 2939 2907
f 2907 2939 2927
f 2913 2927 2940
f 2913 2940 2941
f 2913 2941 2928
f 2928 2941 2918
f 2918 2941 2940
f 2918 2940 2929
f 2929 2939 2919
f 2929 2940 2927
f 2929 2927 2939
f 2919 2939 2932
f 2931 2930 2942
f 2932 2939 2926
f 2932 2926 2930
f 2920 2931 2943
f 2920 2943 2933
f 2933 2943 2944
f 2933 2944 2934
f 2935 2921 2945
f 2922 2935 2946
f 2922 2946 2936
f 2936 2946 2930
f 2936 2930 2937
f 2937 2930 2903
f 2937 2903 2924
f 2930 2946 2942
f 2942 2946 2935
f 2942 2935 2931
f 2931 2935 2945
f 2931 2945 2943
f 2943 2945 2944
f 2945 2921 2944

o geometry_24
v 0.00622951 0.01108021 0.02499304
v 0.00622951 0.01107987 0.02463841
v 0.00622951 0.01117853 0.02498594
v 0.00412169 0.01133717 0.02743995
v 0.00412169 0.01108021 0.02745650
v 0.00597684 0.01107987 0.02463841
v 0.00622951 0.01107987 0.00675587
v 0.00622951 0.01231247 0.02444928
v 0.00239002 0.01181240 0.02935965
v 0.00424612 0.01145881 0.02726500
v 0.00227318 0.01181240 0.02949914
v 0.00224753 0.01181240 0.02952751
v 0.00207940 0.01181240 0.02968591
v 0.00194072 0.01181240 0.02980411
v 0.00189322 0.01181240 0.02984431
v 0.00171464 0.01181240 0.02996488
v 0.00158735 0.01181240 0.03003580
v 0.00146007 0.01181240 0.03010200
v 0.00125204 0.01181240 0.03019657
v 0.00105826 0.01181240 0.03026749
v 0.00098892 0.01181240 0.03028641
v 0.00080559 0.01181240 0.03033132
v 0.00047977 0.01181240 0.03038097
v -0.00347466 0.01138802 0.02908305
v -0.00259031 0.01107987 0.00699701
v -0.00259031 0.01107987 0.00624521
v 0.00605188 0.01224641 0.00721451
v 0.00622951 0.01222580 0.00722161
v 0.00622951 0.01249137 0.02433817
v 0.00203856 0.01187542 0.02964099
v 0.00199011 0.01217427 0.02927691
v 0.00187232 0.01209386 0.02949677
v 0.00165385 0.01216245 0.02958661
v 0.00168994 0.01185362 0.02993415
v 0.00146007 0.01190904 0.02999561
v 0.00123969 0.01212106 0.02986795
v 0.00101931 0.01216278 0.02991287
v 0.00103926 0.01184061 0.03024385
v 0.00080559 0.01203338 0.03010673
v 0.00080559 0.01186967 0.03027458
v 0.00015111 0.01181240 0.03039752
v 0.00047977 0.01205787 0.03013510
v 0.00015111 0.01223019 0.02997906
v -0.00347466 0.01180429 0.02908305
v -0.00347466 0.01138177 0.02679926
v -0.00017661 0.01181240 0.03039043
v -0.00034569 0.01181240 0.03038570
v -0.00050433 0.01181240 0.03038097
v -0.00083394 0.01181240 0.03036206
v -0.00116071 0.01181240 0.03033132
v -0.00148842 0.01181240 0.03028168
v -0.00169645 0.01181240 0.03023676
v -0.00214480 0.01181240 0.03012091
v -0.00247347 0.01181240 0.03002398
v -0.00258841 0.01181240 0.02997906
v -0.00347466 0.01136167 0.01077495
v -0.00347466 0.01178486 0.01077495
v -0.00259031 0.01189265 0.00686698
v -0.00247442 0.01189907 0.00686698
v 0.00605188 0.01241045 0.00730908
v 0.00622951 0.01230182 0.00726416
v 0.00622951 0.01256537 0.02414194
v 0.00171844 0.01251688 0.02900739
v 0.00161395 0.01246282 0.02922726
v 0.00146007 0.01221431 0.02964335
v 0.00148666 0.01239170 0.02940930
v 0.00121594 0.01243799 0.02952514
v 0.00099652 0.01248208 0.02957479
v 0.00080559 0.01235470 0.02976865
v 0.00080559 0.01219117 0.02994124
v 0.00047977 0.01238393 0.02980175
v -0.00017661 0.01222732 0.02997670
v 0.00015111 0.01239423 0.02981357
v -0.00258841 0.01186376 0.02993651
v -0.00258841 0.01194333 0.02985613
v -0.00258841 0.01202273 0.02977102
v -0.00258841 0.01217292 0.02960316
v -0.00337967 0.01185937 0.02908305
v -0.00347466 0.01180429 0.02907122
v -0.00050433 0.01222208 0.02996961
v -0.00083394 0.01221279 0.02996015
v -0.00116071 0.01219826 0.02994597
v -0.00148842 0.01217529 0.02992232
v -0.00168885 0.01182524 0.03022967
v -0.00170405 0.01215468 0.02990341
v -0.00214480 0.01209926 0.02984903
v -0.00247347 0.01188538 0.02995542
v -0.00347466 0.01178723 0.01267810
v -0.00345186 0.01179736 0.01077495
v -0.00259031 0.01218407 0.00775591
v -0.00259031 0.01217072 0.00746039
v -0.00259031 0.01215636 0.00732327
v -0.00259031 0.01211666 0.00722161
v -0.00259031 0.01205534 0.00710103
v -0.00241267 0.01217410 0.00720979
v -0.00214575 0.01220299 0.00717669
v -0.00181804 0.01222479 0.00717196
v -0.00149032 0.01223458 0.00717432
v 0.00605188 0.01255743 0.00747221
v 0.00622951 0.01239001 0.00734218
v 0.00622951 0.01263278 0.02382041
v 0.00605283 0.01269529 0.02382041
v 0.00605283 0.01261724 0.02415140
v 0.00148666 0.01255186 0.02909959
v 0.00139547 0.01251486 0.02930528
v 0.00080559 0.01250337 0.02960316
v 0.00111715 0.01253040 0.02940930
v 0.00047977 0.01252550 0.02963626
v -0.00017661 0.01239136 0.02980648
v -0.00050433 0.01238596 0.02980175
v 0.00015111 0.01252972 0.02964808
v -0.00017661 0.01252550 0.02964335
v -0.00247347 0.01204875 0.02979230
v -0.00247347 0.01219269 0.02962917
v -0.00140008 0.01248394 0.02958425
v -0.00258841 0.01219404 0.02950623
v -0.00258841 0.01220215 0.02939984
v -0.00269384 0.01216616 0.02908305
v -0.00337967 0.01185937 0.02907122
v -0.00347466 0.01178909 0.01431647
v -0.00083394 0.01237683 0.02978757
v -0.00116071 0.01236197 0.02976865
v -0.00192348 0.01212900 0.02987740
v -0.00214480 0.01223594 0.02968591
v -0.00347466 0.01178773 0.01310601
v -0.00335687 0.01184940 0.01077495
v -0.00247442 0.01222631 0.00790012
v -0.00247442 0.01222614 0.00775591
v -0.00266725 0.01215653 0.01077495
v -0.00268340 0.01216329 0.01923393
v -0.00250386 0.01219488 0.00740601
v -0.00214575 0.01228780 0.00742729
v -0.00136399 0.01247752 0.00757623
v -0.00116166 0.01239863 0.00739183
v -0.00116166 0.01248631 0.00755732
v -0.00083394 0.01239423 0.00737291
v 0.00015016 0.01251046 0.00751949
v 0.00572417 0.01269748 0.00775591
v 0.00605188 0.01267670 0.00775591
v 0.00622951 0.01258666 0.00763534
v 0.00622951 0.01253158 0.00750531
v 0.00622951 0.01245792 0.00741783
v 0.00622951 0.01263937 0.02349416
v 0.00605283 0.01270492 0.02349416
v 0.00575361 0.01278043 0.02349416
v 0.00557598 0.01280155 0.02366674
v 0.00570042 0.01276117 0.02379441
v 0.00113330 0.01260423 0.02907122
v 0.00080559 0.01256875 0.02939984
v 0.00047977 0.01258801 0.02939984
v -0.00050433 0.01252077 0.02963626
v -0.00083394 0.01251199 0.02962444
v 0.00015111 0.01258851 0.02939984
v -0.00116071 0.01249796 0.02960316
v -0.00083394 0.01255321 0.02939984
v -0.00116071 0.01252499 0.02939984
v -0.00143713 0.01249070 0.02939984
v -0.00214480 0.01232395 0.02939984
v -0.00247347 0.01224252 0.02939984
v -0.00259031 0.01220282 0.02907122
v -0.00269384 0.01216616 0.02907122
v -0.00214575 0.01231314 0.00775591
v -0.00259031 0.01219607 0.01891004
v -0.00247347 0.01223729 0.01923393
v -0.00259031 0.01219657 0.01956019
v -0.00140198 0.01248512 0.00775591
v -0.00116166 0.01251165 0.00775591
v -0.00083394 0.01253716 0.00775591
v -0.00083394 0.01249712 0.00753840
v -0.00050623 0.01250388 0.00752895
v -0.00050623 0.01255371 0.00775591
v -0.00017756 0.01250759 0.00752422
v 0.00571847 0.01273161 0.00790012
v 0.00622951 0.01262078 0.00775591
v 0.00590940 0.01271928 0.00790012
v 0.00605188 0.01269309 0.00790012
v 0.00605283 0.01271404 0.00808689
v 0.00622951 0.01263734 0.00790012
v 0.00622951 0.01264528 0.01777051
v 0.00605283 0.01271015 0.01825044
v 0.00576026 0.01278026 0.02316554
v 0.00559593 0.01280476 0.02316554
v 0.00558928 0.01280341 0.02349416
v 0.00555508 0.01280155 0.02366674
v -0.00017661 0.01257990 0.02939984
v -0.00050433 0.01257078 0.02939984
v -0.00050433 0.01257162 0.02907122
v -0.00083394 0.01255388 0.02907122
v -0.00116071 0.01252533 0.02907122
v -0.00143713 0.01249087 0.02907122
v -0.00141908 0.01248935 0.00808689
v -0.00247347 0.01224354 0.02907122
v -0.00141053 0.01248715 0.00790012
v -0.00116071 0.01252161 0.00808689
v -0.00116166 0.01251621 0.00790012
v -0.00083299 0.01255101 0.00808689
v -0.00083394 0.01254324 0.00790012
v -0.00050528 0.01257111 0.00808689
v -0.00050623 0.01256132 0.00790012
v -0.00017756 0.01256233 0.00775591
v 0.00554939 0.01280307 0.00822401
v 0.00571182 0.01277841 0.00810344
v 0.00622856 0.01265153 0.00808689
v 0.00577641 0.01278651 0.00841551
v 0.00605283 0.01271792 0.00841551
v 0.00622856 0.01265339 0.00824056
v 0.00605283 0.01271336 0.01431883
v 0.00576501 0.01278229 0.01890531
v 0.00577641 0.01278601 0.00972762
v 0.00559688 0.01280493 0.02251066
v 0.00554274 0.01280476 0.02316554
v 0.00554749 0.01280341 0.02349416
v -0.00050433 0.01257162 0.02874261
v 0.00554274 0.01280493 0.02251066
v 0.00554274 0.01280543 0.01563094
v 0.00554274 0.01280577 0.01103973
v -0.00116071 0.01252499 0.02677562
v 0.00554274 0.01280577 0.00874177
v 0.00554369 0.01280543 0.00841551
v 0.00559403 0.01280307 0.00822401
v 0.00561208 0.01280543 0.00841551
v 0.00561398 0.01280577 0.00874177
v 0.00561113 0.01280577 0.01103973
v 0.00577736 0.01278618 0.00874177
v 0.00560448 0.01280543 0.01563094
f 2947 2948 2953
f 2947 2953 2974
f 2947 2974 3007
f 2947 3007 3046
f 2947 3046 3088
f 2947 3088 3087
f 2947 3087 3086
f 2947 3086 3120
f 2947 3120 3124
f 2947 3124 3125
f 2947 3125 3089
f 2947 3089 3047
f 2947 3047 3008
f 2947 3008 2975
f 2947 2975 2954
f 2947 2954 2949
f 2947 2949 2950
f 2947 2950 2951
f 2947 2951 2948
f 2948 2951 2952
f 2948 2952 2971
f 2948 2971 2972
f 2948 2972 2953
f 2949 2954 2955
f 2949 2955 2956
f 2949 2956 2950
f 2950 2956 2957
f 2950 2957 2951
f 2951 2957 2958
f 2951 2958 2959
f 2951 2959 2960
f 2951 2960 2961
f 2951 2961 2962
f 2951 2962 2963
f 2951 2963 2964
f 2951 2964 2965
f 2951 2965 2966
f 2951 2966 2967
f 2951 2967 2968
f 2951 2968 2969
f 2951 2969 2970
f 2951 2970 2971
f 2951 2971 2952
f 2953 2972 2973
f 2953 2973 2974
f 2954 2975 2955
f 2955 2957 2956
f 2955 2975 2957
f 2957 2975 2958
f 2958 2976 2959
f 2958 2975 2977
f 2958 2977 2976
f 2959 2976 2960
f 2960 2976 2961
f 2961 2976 2978
f 2961 2978 2979
f 2961 2979 2980
f 2961 2980 2962
f 2962 2980 2963
f 2963 2981 2964
f 2963 2980 2981
f 2964 2981 2982
f 2964 2982 2965
f 2965 2982 2983
f 2965 2983 2966
f 2966 2983 2984
f 2966 2984 2967
f 2967 2984 2985
f 2967 2985 2986
f 2967 2986 2968
f 2968 2986 2969
f 2969 2987 2970
f 2969 2986 2988
f 2969 2988 2989
f 2969 2989 2987
f 2970 2990 3025
f 2970 3025 3066
f 2970 3066 3071
f 2970 3071 3034
f 2970 3034 3003
f 2970 3003 3002
f 2970 3002 2991
f 2970 2991 2971
f 2970 2987 2992
f 2970 2992 2993
f 2970 2993 2994
f 2970 2994 2995
f 2970 2995 2996
f 2970 2996 2997
f 2970 2997 2998
f 2970 2998 2999
f 2970 2999 3000
f 2970 3000 3001
f 2970 3001 2990
f 2971 3002 2972
f 2971 2991 3002
f 2972 3002 3003
f 2972 3003 3004
f 2972 3004 3005
f 2972 3005 3006
f 2972 3006 2973
f 2973 3006 3007
f 2973 3007 2974
f 2975 3008 3009
f 2975 3009 3010
f 2975 3010 2977
f 2976 2977 2978
f 2977 3010 2978
f 2978 3010 2979
f 2979 3011 2980
f 2979 3010 3012
f 2979 3012 3013
f 2979 3013 3011
f 2980 3011 3013
f 2980 3013 2981
f 2981 3013 2982
f 2982 3014 2983
f 2982 3013 3014
f 2983 3014 3015
f 2983 3015 3016
f 2983 3016 2985
f 2983 2985 2984
f 2985 3016 3017
f 2985 3017 2986
f 2986 3017 2988
f 2987 2989 3018
f 2987 3018 2992
f 2988 3017 3019
f 2988 3019 2989
f 2989 3019 3018
f 2990 3001 3020
f 2990 3020 3021
f 2990 3021 3022
f 2990 3022 3023
f 2990 3023 3024
f 2990 3024 3065
f 2990 3065 3025
f 2992 3018 2993
f 2993 3018 2994
f 2994 3018 3026
f 2994 3026 3027
f 2994 3027 2995
f 2995 3027 3028
f 2995 3028 2996
f 2996 3028 3029
f 2996 3029 2997
f 2997 3030 2998
f 2997 3029 3031
f 2997 3031 3030
f 2998 3030 2999
f 2999 3030 3032
f 2999 3032 3033
f 2999 3033 3000
f 3000 3033 3020
f 3000 3020 3001
f 3003 3034 3035
f 3003 3035 3036
f 3003 3036 3037
f 3003 3037 3038
f 3003 3038 3039
f 3003 3039 3040
f 3003 3040 3004
f 3004 3040 3041
f 3004 3041 3042
f 3004 3042 3043
f 3004 3043 3005
f 3005 3043 3044
f 3005 3044 3006
f 3006 3044 3045
f 3006 3045 3046
f 3006 3046 3007
f 3008 3047 3048
f 3008 3048 3049
f 3008 3049 3009
f 3009 3049 3050
f 3009 3050 3051
f 3009 3051 3010
f 3010 3051 3012
f 3012 3051 3013
f 3013 3051 3014
f 3014 3052 3015
f 3014 3051 3053
f 3014 3053 3052
f 3015 3017 3016
f 3015 3052 3017
f 3017 3052 3054
f 3017 3054 3019
f 3018 3019 3055
f 3018 3055 3056
f 3018 3056 3026
f 3019 3054 3057
f 3019 3057 3058
f 3019 3058 3055
f 3020 3033 3059
f 3020 3059 3021
f 3021 3059 3022
f 3022 3059 3023
f 3023 3059 3060
f 3023 3060 3061
f 3023 3061 3062
f 3023 3062 3024
f 3024 3062 3063
f 3024 3063 3064
f 3024 3064 3107
f 3024 3107 3065
f 3025 3065 3066
f 3026 3056 3027
f 3027 3056 3067
f 3027 3067 3028
f 3028 3067 3068
f 3028 3068 3029
f 3029 3068 3061
f 3029 3061 3031
f 3030 3031 3069
f 3030 3069 3032
f 3031 3061 3069
f 3032 3069 3070
f 3032 3070 3060
f 3032 3060 3059
f 3032 3059 3033
f 3034 3071 3065
f 3034 3065 3072
f 3034 3072 3035
f 3035 3072 3036
f 3036 3073 3074
f 3036 3074 3037
f 3036 3072 3075
f 3036 3075 3076
f 3036 3076 3073
f 3037 3074 3077
f 3037 3077 3038
f 3038 3077 3078
f 3038 3078 3041
f 3038 3041 3039
f 3039 3041 3040
f 3041 3078 3079
f 3041 3079 3042
f 3042 3080 3043
f 3042 3079 3081
f 3042 3081 3080
f 3043 3080 3082
f 3043 3082 3044
f 3044 3082 3045
f 3045 3083 3084
f 3045 3084 3085
f 3045 3085 3086
f 3045 3086 3087
f 3045 3087 3088
f 3045 3088 3046
f 3045 3082 3083
f 3047 3089 3090
f 3047 3090 3048
f 3048 3090 3091
f 3048 3091 3092
f 3048 3092 3093
f 3048 3093 3050
f 3048 3050 3049
f 3050 3094 3053
f 3050 3053 3051
f 3050 3093 3092
f 3050 3092 3094
f 3052 3053 3095
f 3052 3095 3054
f 3053 3094 3095
f 3054 3095 3096
f 3054 3096 3057
f 3055 3058 3056
f 3056 3058 3097
f 3056 3097 3098
f 3056 3098 3067
f 3057 3096 3099
f 3057 3099 3058
f 3058 3099 3097
f 3060 3070 3061
f 3061 3070 3069
f 3061 3068 3100
f 3061 3100 3101
f 3061 3101 3102
f 3061 3102 3103
f 3061 3103 3104
f 3061 3104 3105
f 3061 3105 3062
f 3062 3105 3063
f 3063 3105 3106
f 3063 3106 3064
f 3064 3106 3107
f 3065 3107 3076
f 3065 3076 3072
f 3065 3071 3066
f 3067 3098 3068
f 3068 3098 3100
f 3072 3076 3075
f 3073 3108 3074
f 3073 3076 3109
f 3073 3109 3110
f 3073 3110 3108
f 3074 3108 3077
f 3076 3111 3109
f 3076 3107 3111
f 3077 3108 3078
f 3078 3108 3112
f 3078 3112 3079
f 3079 3112 3113
f 3079 3113 3114
f 3079 3114 3081
f 3080 3081 3115
f 3080 3115 3116
f 3080 3116 3082
f 3081 3114 3117
f 3081 3117 3115
f 3082 3116 3118
f 3082 3118 3083
f 3083 3118 3084
f 3084 3118 3116
f 3084 3116 3119
f 3084 3119 3085
f 3085 3120 3086
f 3085 3119 3121
f 3085 3121 3122
f 3085 3122 3123
f 3085 3123 3124
f 3085 3124 3120
f 3089 3125 3090
f 3090 3125 3126
f 3090 3126 3127
f 3090 3127 3091
f 3091 3127 3128
f 3091 3128 3129
f 3091 3129 3092
f 3092 3129 3158
f 3092 3158 3130
f 3092 3130 3094
f 3094 3099 3096
f 3094 3096 3095
f 3094 3130 3099
f 3097 3099 3131
f 3097 3131 3132
f 3097 3132 3098
f 3098 3132 3101
f 3098 3101 3100
f 3099 3130 3131
f 3101 3132 3133
f 3101 3133 3134
f 3101 3134 3102
f 3102 3134 3135
f 3102 3135 3103
f 3103 3135 3136
f 3103 3136 3104
f 3104 3136 3137
f 3104 3137 3108
f 3104 3108 3138
f 3104 3138 3105
f 3105 3138 3106
f 3106 3138 3110
f 3106 3110 3111
f 3106 3111 3107
f 3108 3139 3112
f 3108 3110 3138
f 3108 3137 3139
f 3109 3111 3110
f 3112 3139 3140
f 3112 3140 3141
f 3112 3141 3113
f 3113 3141 3142
f 3113 3142 3143
f 3113 3143 3114
f 3114 3143 3144
f 3114 3144 3145
f 3114 3145 3117
f 3115 3117 3116
f 3116 3117 3146
f 3116 3146 3147
f 3116 3147 3119
f 3117 3145 3147
f 3117 3147 3146
f 3119 3147 3148
f 3119 3148 3121
f 3121 3148 3123
f 3121 3123 3122
f 3123 3149 3124
f 3123 3148 3150
f 3123 3150 3151
f 3123 3151 3152
f 3123 3152 3149
f 3124 3149 3152
f 3124 3152 3125
f 3125 3152 3153
f 3125 3153 3126
f 3126 3153 3127
f 3127 3153 3151
f 3127 3151 3154
f 3127 3154 3128
f 3128 3154 3155
f 3128 3155 3156
f 3128 3156 3160
f 3128 3160 3157
f 3128 3157 3158
f 3128 3158 3129
f 3130 3158 3131
f 3131 3158 3132
f 3132 3158 3157
f 3132 3157 3133
f 3133 3159 3134
f 3133 3157 3160
f 3133 3160 3161
f 3133 3161 3162
f 3133 3162 3164
f 3133 3164 3159
f 3134 3159 3144
f 3134 3144 3142
f 3134 3142 3135
f 3135 3142 3163
f 3135 3163 3136
f 3136 3163 3137
f 3137 3140 3139
f 3137 3163 3140
f 3140 3142 3141
f 3140 3163 3142
f 3142 3144 3143
f 3144 3164 3165
f 3144 3165 3147
f 3144 3147 3145
f 3144 3159 3164
f 3147 3165 3167
f 3147 3167 3166
f 3147 3166 3148
f 3148 3166 3150
f 3150 3166 3167
f 3150 3167 3168
f 3150 3168 3169
f 3150 3169 3156
f 3150 3156 3155
f 3150 3155 3170
f 3150 3170 3151
f 3151 3170 3155
f 3151 3155 3154
f 3151 3153 3152
f 3156 3171 3161
f 3156 3161 3160
f 3156 3169 3171
f 3161 3171 3169
f 3161 3169 3162
f 3162 3169 3168
f 3162 3168 3164
f 3164 3168 3167
f 3164 3167 3165

o geometry_25
v -0.00364743 0.00128876 0.00316087
v -0.00379103 0.00128876 0.00291139
v -0.00366504 0.00128876 0.00411076
v -0.00259045 0.00018197 0.00411076
v -0.00259045 0.00018246 0.00381804
v -0.00259045 0.00018270 0.00348992
v -0.00259045 0.00018100 0.00316219
v -0.00259045 0.00015085 0.00298500
v -0.00259045 0.00010246 0.00286563
v -0.00389217 0.00128876 0.00288553
v -0.00259045 -0.00008378 0.00278486
v -0.00399297 0.00128876 0.00411076
v -0.00259045 -0.00021289 0.00411076
v -0.00399297 0.00128876 0.00286444
v -0.00259045 -0.00015600 0.00276590
v -0.00399297 0.00122214 0.00411076
v -0.00611695 0.00128876 0.00346883
v -0.00582388 0.00048347 0.00359218
v -0.00259045 -0.00057177 0.00325278
v -0.00280309 -0.00011807 0.00411076
v -0.00444310 -0.00114365 0.00359218
v -0.00411517 -0.00119252 0.00359218
v -0.00399297 -0.00118960 0.00359218
v -0.00399297 0.00103322 0.00282890
v -0.00435715 0.00128876 0.00283884
v -0.00259045 -0.00043731 0.00275608
v -0.00509863 0.00115552 0.00282558
v -0.00435715 0.00115552 0.00282558
v -0.00399262 0.00120780 0.00411076
v -0.00605550 0.00128876 0.00328249
v -0.00600407 0.00116233 0.00314734
v -0.00610935 0.00115576 0.00346883
v -0.00610314 0.00113291 0.00346883
v -0.00598854 0.00081172 0.00346883
v -0.00597300 0.00077768 0.00346883
v -0.00585115 0.00055569 0.00346883
v -0.00581352 0.00048347 0.00349085
v -0.00566750 0.00020945 0.00359218
v -0.00366573 0.00059459 0.00411076
v -0.00391599 0.00104197 0.00411076
v -0.00392428 0.00105972 0.00411076
v -0.00259045 -0.00057177 0.00276961
v -0.00399297 -0.00119252 0.00348992
v -0.00282449 -0.00010737 0.00411076
v -0.00444310 -0.00113951 0.00348992
v -0.00411517 -0.00119471 0.00348992
v -0.00466403 -0.00103229 0.00359218
v -0.00509863 0.00128876 0.00283884
v -0.00259045 -0.00048424 0.00275582
v -0.00509863 0.00082752 0.00283142
v -0.00542656 0.00115552 0.00284282
v -0.00523222 0.00128876 0.00284057
v -0.00600787 0.00128876 0.00314203
v -0.00593330 0.00127636 0.00298540
v -0.00588532 0.00105753 0.00302837
v -0.00596886 0.00089633 0.00324681
v -0.00590638 0.00067750 0.00338249
v -0.00566164 0.00022015 0.00348992
v -0.00555359 0.00005602 0.00348992
v -0.00555877 0.00004606 0.00359218
v -0.00356010 0.00044822 0.00411076
v -0.00545935 -0.00010032 0.00359218
v -0.00533163 -0.00028535 0.00359218
v -0.00528676 -0.00034881 0.00359218
v -0.00399297 -0.00110596 0.00316219
v -0.00399297 -0.00099363 0.00298314
v -0.00411517 -0.00099339 0.00298328
v -0.00411517 -0.00081200 0.00290343
v -0.00411517 -0.00048400 0.00283195
v -0.00300226 -0.00001716 0.00411076
v -0.00465885 -0.00102767 0.00348992
v -0.00463054 -0.00100044 0.00329190
v -0.00442205 -0.00104299 0.00317453
v -0.00411517 -0.00110596 0.00316219
v -0.00316623 0.00009955 0.00411076
v -0.00338370 0.00026343 0.00411076
v -0.00353006 0.00041272 0.00411076
v -0.00471511 -0.00097928 0.00359218
v -0.00444310 -0.00015600 0.00283327
v -0.00477069 0.00017152 0.00283513
v -0.00477069 0.00049952 0.00282558
v -0.00542656 0.00082752 0.00287956
v -0.00576727 0.00116233 0.00293526
v -0.00556360 0.00128876 0.00287969
v -0.00542656 0.00128876 0.00285091
v -0.00508275 0.00048347 0.00284760
v -0.00509863 0.00049952 0.00284826
v -0.00593779 0.00128876 0.00299362
v -0.00593330 0.00128876 0.00298540
v -0.00577244 0.00128876 0.00293646
v -0.00565991 0.00082752 0.00296007
v -0.00560710 0.00063446 0.00298606
v -0.00556119 0.00048347 0.00303354
v -0.00554047 0.00041563 0.00305490
v -0.00562574 0.00028069 0.00327334
v -0.00526708 -0.00032523 0.00331870
v -0.00528261 -0.00034370 0.00348992
v -0.00354732 0.00043071 0.00411076
v -0.00524188 -0.00039987 0.00359218
v -0.00429950 -0.00098731 0.00298858
v -0.00442205 -0.00079863 0.00295052
v -0.00444310 -0.00048400 0.00286723
v -0.00482799 -0.00086063 0.00359218
v -0.00482282 -0.00085528 0.00348992
v -0.00451766 -0.00089929 0.00307346
v -0.00495054 -0.00066538 0.00330278
v -0.00474273 -0.00078234 0.00318819
v -0.00477069 -0.00015600 0.00287664
v -0.00542932 0.00051484 0.00294004
v -0.00510001 0.00048347 0.00285118
v -0.00512935 0.00014112 0.00291564
v -0.00532197 0.00022987 0.00296312
v -0.00525949 0.00001177 0.00300052
v -0.00532128 -0.00015600 0.00324031
v -0.00519286 -0.00015600 0.00307651
v -0.00495433 -0.00034176 0.00298593
v -0.00506169 -0.00044291 0.00320158
v -0.00497332 -0.00069116 0.00348992
v -0.00513694 -0.00050758 0.00348992
v -0.00514177 -0.00051269 0.00359218
v -0.00497781 -0.00069675 0.00359218
v -0.00493155 -0.00074757 0.00359218
v -0.00463641 -0.00068070 0.00298049
v -0.00475550 -0.00046406 0.00295171
v -0.00485492 -0.00056035 0.00308434
v -0.00502924 -0.00015600 0.00295529
f 3172 3173 3181
f 3172 3181 3185
f 3172 3185 3196
f 3172 3196 3219
f 3172 3219 3223
f 3172 3223 3256
f 3172 3256 3255
f 3172 3255 3261
f 3172 3261 3260
f 3172 3260 3259
f 3172 3259 3224
f 3172 3224 3201
f 3172 3201 3188
f 3172 3188 3183
f 3172 3183 3174
f 3172 3174 3175
f 3172 3175 3176
f 3172 3176 3177
f 3172 3177 3178
f 3172 3178 3179
f 3172 3179 3180
f 3172 3180 3173
f 3173 3180 3182
f 3173 3182 3181
f 3174 3183 3187
f 3174 3187 3200
f 3174 3200 3212
f 3174 3212 3211
f 3174 3211 3210
f 3174 3210 3232
f 3174 3232 3269
f 3174 3269 3248
f 3174 3248 3247
f 3174 3247 3246
f 3174 3246 3241
f 3174 3241 3215
f 3174 3215 3191
f 3174 3191 3184
f 3174 3184 3175
f 3175 3184 3190
f 3175 3190 3213
f 3175 3213 3220
f 3175 3220 3197
f 3175 3197 3186
f 3175 3186 3182
f 3175 3182 3180
f 3175 3180 3179
f 3175 3179 3178
f 3175 3178 3177
f 3175 3177 3176
f 3181 3182 3185
f 3182 3186 3185
f 3183 3188 3189
f 3183 3189 3187
f 3184 3191 3192
f 3184 3192 3193
f 3184 3193 3194
f 3184 3194 3190
f 3185 3186 3195
f 3185 3195 3196
f 3186 3197 3198
f 3186 3198 3199
f 3186 3199 3196
f 3186 3196 3195
f 3187 3189 3200
f 3188 3201 3202
f 3188 3202 3203
f 3188 3203 3189
f 3189 3203 3204
f 3189 3204 3205
f 3189 3205 3206
f 3189 3206 3207
f 3189 3207 3208
f 3189 3208 3209
f 3189 3209 3210
f 3189 3210 3211
f 3189 3211 3212
f 3189 3212 3200
f 3190 3194 3214
f 3190 3214 3213
f 3191 3215 3192
f 3192 3216 3217
f 3192 3217 3193
f 3192 3215 3218
f 3192 3218 3216
f 3193 3217 3214
f 3193 3214 3194
f 3196 3199 3198
f 3196 3198 3219
f 3197 3220 3198
f 3198 3221 3222
f 3198 3222 3223
f 3198 3223 3219
f 3198 3220 3221
f 3201 3224 3202
f 3202 3224 3225
f 3202 3225 3226
f 3202 3226 3227
f 3202 3227 3203
f 3203 3227 3204
f 3204 3227 3205
f 3205 3227 3228
f 3205 3228 3206
f 3206 3228 3207
f 3207 3228 3208
f 3208 3228 3229
f 3208 3229 3209
f 3209 3229 3230
f 3209 3230 3231
f 3209 3231 3210
f 3210 3231 3233
f 3210 3233 3234
f 3210 3234 3235
f 3210 3235 3232
f 3213 3214 3236
f 3213 3236 3237
f 3213 3237 3238
f 3213 3238 3239
f 3213 3239 3240
f 3213 3240 3220
f 3214 3217 3236
f 3215 3241 3218
f 3216 3218 3242
f 3216 3242 3243
f 3216 3243 3244
f 3216 3244 3245
f 3216 3245 3217
f 3217 3245 3236
f 3218 3241 3246
f 3218 3246 3247
f 3218 3247 3248
f 3218 3248 3249
f 3218 3249 3242
f 3220 3240 3250
f 3220 3250 3251
f 3220 3251 3252
f 3220 3252 3221
f 3221 3252 3251
f 3221 3251 3222
f 3222 3253 3254
f 3222 3254 3255
f 3222 3255 3256
f 3222 3256 3223
f 3222 3251 3257
f 3222 3257 3258
f 3222 3258 3253
f 3224 3259 3225
f 3225 3259 3260
f 3225 3260 3261
f 3225 3261 3254
f 3225 3254 3262
f 3225 3262 3263
f 3225 3263 3226
f 3226 3263 3264
f 3226 3264 3265
f 3226 3265 3227
f 3227 3265 3266
f 3227 3266 3228
f 3228 3266 3229
f 3229 3266 3267
f 3229 3267 3230
f 3230 3267 3268
f 3230 3268 3231
f 3231 3268 3233
f 3232 3235 3269
f 3233 3268 3234
f 3234 3268 3235
f 3235 3268 3270
f 3235 3270 3269
f 3236 3245 3237
f 3237 3245 3238
f 3238 3245 3271
f 3238 3271 3239
f 3239 3271 3272
f 3239 3272 3273
f 3239 3273 3240
f 3240 3273 3250
f 3242 3249 3274
f 3242 3274 3275
f 3242 3275 3243
f 3243 3276 3271
f 3243 3271 3244
f 3243 3275 3277
f 3243 3277 3278
f 3243 3278 3276
f 3244 3271 3245
f 3248 3269 3249
f 3249 3269 3274
f 3250 3273 3251
f 3251 3279 3257
f 3251 3273 3279
f 3253 3280 3262
f 3253 3262 3254
f 3253 3258 3281
f 3253 3281 3282
f 3253 3282 3280
f 3254 3261 3255
f 3257 3279 3258
f 3258 3279 3281
f 3262 3280 3283
f 3262 3283 3263
f 3263 3283 3284
f 3263 3284 3264
f 3264 3284 3265
f 3265 3284 3266
f 3266 3284 3285
f 3266 3285 3267
f 3267 3285 3284
f 3267 3284 3286
f 3267 3286 3287
f 3267 3287 3288
f 3267 3288 3277
f 3267 3277 3275
f 3267 3275 3289
f 3267 3289 3290
f 3267 3290 3268
f 3268 3290 3291
f 3268 3291 3270
f 3269 3270 3291
f 3269 3291 3292
f 3269 3292 3293
f 3269 3293 3274
f 3271 3276 3294
f 3271 3294 3272
f 3272 3294 3295
f 3272 3295 3273
f 3273 3295 3279
f 3274 3293 3289
f 3274 3289 3275
f 3276 3278 3296
f 3276 3296 3294
f 3277 3288 3296
f 3277 3296 3278
f 3279 3295 3297
f 3279 3297 3282
f 3279 3282 3281
f 3280 3282 3283
f 3282 3297 3283
f 3283 3297 3284
f 3284 3297 3287
f 3284 3287 3286
f 3287 3297 3295
f 3287 3295 3294
f 3287 3294 3296
f 3287 3296 3288
f 3289 3293 3292
f 3289 3292 3290
f 3290 3292 3291

o geometry_26
v -0.00421996 0.00609133 0.01136182
v -0.00421996 0.00649870 0.01136083
v -0.00422043 0.00649849 0.01136182
v -0.00600389 0.00825670 0.01300968
v -0.00623361 0.00714545 0.01300968
v -0.00632319 0.00687473 0.01300968
v -0.00516463 0.00607918 0.01146079
v -0.00421996 0.00609773 0.00775534
v -0.00421996 0.00802563 0.00676662
v -0.00635675 0.00825670 0.01300968
v -0.00421996 0.00812411 0.00644200
v -0.00421996 0.00818700 0.00616488
v -0.00421996 0.00819659 0.00611342
v -0.00421996 0.00822238 0.00587787
v -0.00421996 0.00822942 0.00578583
v -0.00421996 0.00825670 0.00366291
v -0.00663445 0.00687473 0.01300968
v -0.00532676 0.00607918 0.01146079
v -0.00575455 0.00609773 0.00775534
v -0.00421996 0.00613610 0.00742775
v -0.00635651 0.00825670 0.01288597
v -0.00640426 0.00804353 0.00776029
v -0.00640875 0.00805206 0.01300968
v -0.00421996 0.00825670 0.00289985
v -0.00663351 0.00687473 0.01267318
v -0.00661106 0.00673191 0.00775534
v -0.00662122 0.00673191 0.01146079
v -0.00659191 0.00653281 0.01146079
v -0.00655859 0.00648250 0.01146079
v -0.00647209 0.00636888 0.01146079
v -0.00630806 0.00619451 0.01146079
v -0.00623409 0.00616637 0.01146079
v -0.00608235 0.00611500 0.01146079
v -0.00575455 0.00608046 0.01146079
v -0.00565434 0.00608004 0.01146079
v -0.00661555 0.00705997 0.01300968
v -0.00660491 0.00706338 0.00775930
v -0.00608235 0.00613567 0.00775534
v -0.00575455 0.00613610 0.00742775
v -0.00421996 0.00620708 0.00721595
v -0.00634706 0.00825670 0.00796714
v -0.00658411 0.00727847 0.01300177
v -0.00641087 0.00804353 0.01300177
v -0.00634541 0.00825670 0.00742676
v -0.00640284 0.00804353 0.00742676
v -0.00658033 0.00725950 0.00775435
v -0.00641087 0.00804353 0.01300968
v -0.00421996 0.00820682 0.00291766
v -0.00509893 0.00825670 0.00289886
v -0.00660515 0.00705997 0.00775435
v -0.00658979 0.00705997 0.00751781
v -0.00659144 0.00687473 0.00751286
v -0.00659239 0.00673191 0.00750791
v -0.00658175 0.00655348 0.00755443
v -0.00658600 0.00654581 0.00775534
v -0.00645861 0.00638188 0.00775534
v -0.00629459 0.00620708 0.00775534
v -0.00658411 0.00727847 0.01300968
v -0.00657844 0.00724756 0.00756828
v -0.00627828 0.00621817 0.00749703
v -0.00610623 0.00618534 0.00740300
v -0.00601287 0.00621817 0.00723178
v -0.00575455 0.00620730 0.00721595
v -0.00516463 0.00620708 0.00721595
v -0.00509893 0.00785424 0.00327593
v -0.00421996 0.00785594 0.00327791
v -0.00632957 0.00825670 0.00709817
v -0.00609086 0.00825670 0.00349070
v -0.00421996 0.00812944 0.00294537
v -0.00444307 0.00812901 0.00294537
v -0.00509893 0.00812901 0.00294537
v -0.00516416 0.00812944 0.00294537
v -0.00542697 0.00813114 0.00294636
v -0.00542697 0.00825670 0.00290282
v -0.00659120 0.00687473 0.00751088
v -0.00641536 0.00639979 0.00741587
v -0.00606439 0.00825670 0.00336600
v -0.00598474 0.00812582 0.00322249
v -0.00623149 0.00624588 0.00727830
v -0.00563590 0.00786490 0.00329672
v -0.00542697 0.00785594 0.00327890
v -0.00516416 0.00785467 0.00327593
v -0.00509893 0.00796509 0.00311164
v -0.00477088 0.00796509 0.00311263
v -0.00444307 0.00796530 0.00311362
v -0.00421996 0.00796530 0.00311461
v -0.00516416 0.00796551 0.00311164
v -0.00542697 0.00796701 0.00311461
v -0.00568979 0.00815800 0.00296418
v -0.00573635 0.00825670 0.00295131
v -0.00600223 0.00825670 0.00317103
v -0.00590841 0.00823027 0.00300475
v -0.00577227 0.00803245 0.00315024
v -0.00588146 0.00825670 0.00298991
v -0.00593133 0.00825670 0.00303247
v -0.00591171 0.00825670 0.00300179
f 3298 3299 3300
f 3298 3300 3301
f 3298 3301 3302
f 3298 3302 3303
f 3298 3303 3304
f 3298 3304 3305
f 3298 3305 3317
f 3298 3317 3337
f 3298 3337 3363
f 3298 3363 3383
f 3298 3383 3366
f 3298 3366 3345
f 3298 3345 3321
f 3298 3321 3313
f 3298 3313 3312
f 3298 3312 3311
f 3298 3311 3310
f 3298 3310 3309
f 3298 3309 3308
f 3298 3308 3306
f 3298 3306 3299
f 3299 3301 3300
f 3299 3306 3301
f 3301 3307 3320
f 3301 3320 3344
f 3301 3344 3355
f 3301 3355 3333
f 3301 3333 3314
f 3301 3314 3303
f 3301 3303 3302
f 3301 3306 3308
f 3301 3308 3309
f 3301 3309 3310
f 3301 3310 3311
f 3301 3311 3312
f 3301 3312 3313
f 3301 3313 3321
f 3301 3321 3346
f 3301 3346 3371
f 3301 3371 3387
f 3301 3387 3391
f 3301 3391 3393
f 3301 3393 3392
f 3301 3392 3388
f 3301 3388 3374
f 3301 3374 3365
f 3301 3365 3364
f 3301 3364 3341
f 3301 3341 3338
f 3301 3338 3318
f 3301 3318 3307
f 3303 3314 3315
f 3303 3315 3304
f 3304 3315 3316
f 3304 3316 3305
f 3305 3316 3336
f 3305 3336 3317
f 3307 3318 3319
f 3307 3319 3320
f 3314 3322 3323
f 3314 3323 3324
f 3314 3324 3325
f 3314 3325 3326
f 3314 3326 3327
f 3314 3327 3328
f 3314 3328 3329
f 3314 3329 3330
f 3314 3330 3331
f 3314 3331 3332
f 3314 3332 3315
f 3314 3333 3334
f 3314 3334 3322
f 3315 3332 3316
f 3316 3335 3336
f 3316 3332 3331
f 3316 3331 3330
f 3316 3330 3335
f 3317 3336 3361
f 3317 3361 3337
f 3318 3338 3319
f 3319 3339 3340
f 3319 3340 3320
f 3319 3338 3341
f 3319 3341 3342
f 3319 3342 3343
f 3319 3343 3339
f 3320 3340 3344
f 3321 3345 3346
f 3322 3334 3347
f 3322 3347 3323
f 3323 3347 3348
f 3323 3348 3349
f 3323 3349 3350
f 3323 3350 3351
f 3323 3351 3352
f 3323 3352 3324
f 3324 3352 3325
f 3325 3352 3326
f 3326 3352 3327
f 3327 3352 3353
f 3327 3353 3354
f 3327 3354 3328
f 3328 3354 3329
f 3329 3354 3330
f 3330 3354 3335
f 3333 3355 3339
f 3333 3339 3343
f 3333 3343 3334
f 3334 3343 3356
f 3334 3356 3347
f 3335 3354 3357
f 3335 3357 3358
f 3335 3358 3336
f 3336 3358 3359
f 3336 3359 3360
f 3336 3360 3361
f 3337 3361 3362
f 3337 3362 3363
f 3339 3355 3344
f 3339 3344 3340
f 3341 3364 3342
f 3342 3356 3343
f 3342 3364 3365
f 3342 3365 3356
f 3345 3366 3346
f 3346 3366 3367
f 3346 3367 3368
f 3346 3368 3369
f 3346 3369 3370
f 3346 3370 3371
f 3347 3356 3348
f 3348 3372 3349
f 3348 3356 3365
f 3348 3365 3372
f 3349 3372 3350
f 3350 3372 3365
f 3350 3365 3351
f 3351 3373 3357
f 3351 3357 3353
f 3351 3353 3352
f 3351 3365 3374
f 3351 3374 3375
f 3351 3375 3373
f 3353 3357 3354
f 3357 3373 3376
f 3357 3376 3358
f 3358 3376 3359
f 3359 3377 3378
f 3359 3378 3360
f 3359 3376 3377
f 3360 3378 3379
f 3360 3379 3362
f 3360 3362 3361
f 3362 3379 3384
f 3362 3384 3380
f 3362 3380 3381
f 3362 3381 3382
f 3362 3382 3383
f 3362 3383 3363
f 3366 3382 3381
f 3366 3381 3380
f 3366 3380 3367
f 3366 3383 3382
f 3367 3380 3368
f 3368 3380 3384
f 3368 3384 3369
f 3369 3384 3370
f 3370 3384 3385
f 3370 3385 3386
f 3370 3386 3371
f 3371 3386 3387
f 3373 3375 3376
f 3374 3388 3375
f 3375 3388 3389
f 3375 3389 3390
f 3375 3390 3377
f 3375 3377 3376
f 3377 3390 3386
f 3377 3386 3385
f 3377 3385 3378
f 3378 3385 3384
f 3378 3384 3379
f 3386 3389 3391
f 3386 3391 3387
f 3386 3390 3389
f 3388 3392 3389
f 3389 3392 3393
f 3389 3393 3391

o geometry_27
v -0.00661708 0.00303295 0.01147204
v -0.00661823 0.00306354 0.01147204
v -0.00629155 0.00303295 0.01147204
v -0.00663360 0.00303295 0.01225592
v -0.00664376 0.00312377 0.01234653
v -0.00668582 0.00377973 0.01300256
v -0.00662047 0.00312377 0.01147204
v -0.00629155 0.00366870 0.01147204
v -0.00629155 0.00303295 0.01181200
v -0.00663593 0.00303295 0.01258394
v -0.00664686 0.00312377 0.01267454
v -0.00666955 0.00345184 0.01300256
v -0.00668662 0.00377973 0.01333058
v -0.00669886 0.00410761 0.01333058
v -0.00670733 0.00443568 0.01333058
v -0.00669361 0.00410761 0.01300256
v -0.00661094 0.00319365 0.01147204
v -0.00669573 0.00443568 0.01300256
v -0.00669772 0.00476357 0.01300256
v -0.00669776 0.00492630 0.01300256
v -0.00630954 0.00366259 0.01147204
v -0.00629155 0.00492630 0.01240483
v -0.00629155 0.00311580 0.01203466
v -0.00634770 0.00303295 0.01864771
v -0.00664059 0.00303295 0.01431464
v -0.00664935 0.00303295 0.01759412
v -0.00665020 0.00303295 0.01792214
v -0.00665922 0.00312377 0.01792214
v -0.00667099 0.00345184 0.01365860
v -0.00666075 0.00312377 0.01857818
v -0.00668916 0.00377973 0.01497068
v -0.00667311 0.00345184 0.01464266
v -0.00667447 0.00345184 0.01529799
v -0.00667578 0.00345184 0.01595403
v -0.00667773 0.00345184 0.01693808
v -0.00668031 0.00345184 0.01825016
v -0.00668095 0.00345184 0.01857818
v -0.00668107 0.00345184 0.01864771
v -0.00668963 0.00377973 0.01529799
v -0.00669056 0.00377973 0.01595403
v -0.00669191 0.00377973 0.01693808
v -0.00669234 0.00377973 0.01726610
v -0.00671703 0.00443568 0.01864771
v -0.00671190 0.00476357 0.01333058
v -0.00672389 0.00476357 0.01864771
v -0.00672376 0.00476357 0.01857818
v -0.00671635 0.00476357 0.01529799
v -0.00659235 0.00332340 0.01147204
v -0.00666333 0.00492630 0.01286279
v -0.00670479 0.00492630 0.01316552
v -0.00641859 0.00354860 0.01147204
v -0.00637197 0.00492630 0.01243011
v -0.00629155 0.00492630 0.01294356
v -0.00629155 0.00325500 0.01220464
v -0.00639064 0.00492630 0.01864771
v -0.00665185 0.00303295 0.01864771
v -0.00629155 0.00357621 0.01255092
v -0.00629155 0.00376546 0.01267103
v -0.00629155 0.00377954 0.01267946
v -0.00629155 0.00410687 0.01278833
v -0.00629155 0.00451705 0.01291968
v -0.00629155 0.00476357 0.01294356
v -0.00665075 0.00303295 0.01815885
v -0.00665151 0.00303295 0.01848686
v -0.00666087 0.00312377 0.01864771
v -0.00669361 0.00377973 0.01864771
v -0.00669357 0.00377973 0.01857818
v -0.00669268 0.00377973 0.01759412
v -0.00669611 0.00384923 0.01864771
v -0.00671461 0.00492630 0.01447759
v -0.00671233 0.00492630 0.01349354
v -0.00671190 0.00492630 0.01333058
v -0.00672419 0.00492630 0.01864771
v -0.00672139 0.00492630 0.01742836
v -0.00672397 0.00479804 0.01864771
v -0.00647352 0.00348725 0.01147204
v -0.00662941 0.00492630 0.01272512
v -0.00658236 0.00492630 0.01264223
v -0.00653594 0.00492630 0.01256076
f 3394 3395 3400
f 3394 3400 3410
f 3394 3410 3441
f 3394 3441 3469
f 3394 3469 3444
f 3394 3444 3414
f 3394 3414 3401
f 3394 3401 3396
f 3394 3396 3402
f 3394 3402 3417
f 3394 3417 3449
f 3394 3449 3457
f 3394 3457 3456
f 3394 3456 3420
f 3394 3420 3419
f 3394 3419 3418
f 3394 3418 3403
f 3394 3403 3397
f 3394 3397 3398
f 3394 3398 3399
f 3394 3399 3395
f 3395 3399 3400
f 3396 3401 3415
f 3396 3415 3446
f 3396 3446 3455
f 3396 3455 3454
f 3396 3454 3453
f 3396 3453 3452
f 3396 3452 3451
f 3396 3451 3450
f 3396 3450 3447
f 3396 3447 3416
f 3396 3416 3402
f 3397 3403 3404
f 3397 3404 3398
f 3398 3404 3405
f 3398 3405 3399
f 3399 3406 3407
f 3399 3407 3408
f 3399 3408 3409
f 3399 3409 3400
f 3399 3405 3406
f 3400 3409 3411
f 3400 3411 3412
f 3400 3412 3413
f 3400 3413 3410
f 3401 3414 3415
f 3402 3416 3417
f 3403 3418 3404
f 3404 3418 3419
f 3404 3419 3420
f 3404 3420 3421
f 3404 3421 3405
f 3405 3422 3406
f 3405 3421 3423
f 3405 3423 3422
f 3406 3424 3407
f 3406 3422 3425
f 3406 3425 3426
f 3406 3426 3427
f 3406 3427 3428
f 3406 3428 3429
f 3406 3429 3430
f 3406 3430 3431
f 3406 3431 3424
f 3407 3424 3432
f 3407 3432 3433
f 3407 3433 3434
f 3407 3434 3435
f 3407 3435 3436
f 3407 3436 3408
f 3408 3437 3409
f 3408 3436 3438
f 3408 3438 3439
f 3408 3439 3440
f 3408 3440 3437
f 3409 3437 3411
f 3410 3413 3441
f 3411 3437 3412
f 3412 3437 3413
f 3413 3442 3441
f 3413 3437 3443
f 3413 3443 3465
f 3413 3465 3464
f 3413 3464 3463
f 3413 3463 3467
f 3413 3467 3466
f 3413 3466 3448
f 3413 3448 3446
f 3413 3446 3415
f 3413 3415 3445
f 3413 3445 3472
f 3413 3472 3471
f 3413 3471 3470
f 3413 3470 3442
f 3414 3444 3445
f 3414 3445 3415
f 3416 3447 3417
f 3417 3448 3466
f 3417 3466 3468
f 3417 3468 3438
f 3417 3438 3436
f 3417 3436 3462
f 3417 3462 3459
f 3417 3459 3431
f 3417 3431 3458
f 3417 3458 3449
f 3417 3447 3450
f 3417 3450 3451
f 3417 3451 3452
f 3417 3452 3453
f 3417 3453 3454
f 3417 3454 3455
f 3417 3455 3446
f 3417 3446 3448
f 3420 3456 3421
f 3421 3456 3457
f 3421 3457 3423
f 3422 3423 3425
f 3423 3457 3449
f 3423 3449 3458
f 3423 3458 3431
f 3423 3431 3430
f 3423 3430 3429
f 3423 3429 3428
f 3423 3428 3427
f 3423 3427 3426
f 3423 3426 3425
f 3424 3431 3432
f 3431 3459 3460
f 3431 3460 3461
f 3431 3461 3435
f 3431 3435 3434
f 3431 3434 3433
f 3431 3433 3432
f 3435 3461 3436
f 3436 3461 3460
f 3436 3460 3462
f 3437 3463 3464
f 3437 3464 3465
f 3437 3465 3443
f 3437 3440 3466
f 3437 3466 3467
f 3437 3467 3463
f 3438 3468 3439
f 3439 3468 3466
f 3439 3466 3440
f 3441 3442 3470
f 3441 3470 3471
f 3441 3471 3472
f 3441 3472 3469
f 3444 3469 3472
f 3444 3472 3445
f 3459 3462 3460

o geometry_28
v 0.00622941 -0.00048468 0.02500824
v 0.00622941 -0.00050509 0.02500824
v 0.00622941 -0.00036273 0.02499980
v 0.00310323 -0.00048468 0.02892303
v 0.00295515 -0.00122513 0.02912183
v 0.00622941 -0.00083198 0.02500675
v 0.00622941 -0.00036273 0.02404458
v 0.00324216 -0.00036273 0.02870634
v 0.00310323 -0.00036273 0.02884103
v 0.00248647 -0.00122513 0.02912183
v 0.00295286 -0.00132531 0.02912183
v 0.00622941 -0.00114054 0.02500427
v 0.00622941 -0.00122513 0.02421008
v 0.00600232 -0.00036273 0.02405701
v 0.00310323 -0.00036273 0.02746089
v 0.00312690 -0.00036273 0.02713089
v 0.00233037 -0.00159559 0.02912183
v 0.00295133 -0.00136360 0.02912183
v 0.00622941 -0.00132440 0.02498737
v 0.00294637 -0.00146836 0.02912183
v 0.00491688 -0.00261617 0.02469465
v 0.00491192 -0.00261755 0.02469465
v 0.00475926 -0.00264047 0.02469465
v 0.00441309 -0.00268495 0.02469465
v 0.00431004 -0.00269205 0.02469465
v 0.00412227 -0.00270466 0.02469465
v 0.00622941 -0.00175698 0.02469465
v 0.00618666 -0.00182758 0.02469465
v 0.00614659 -0.00189314 0.02469465
v 0.00531991 -0.00239152 0.02469465
v 0.00505428 -0.00254488 0.02469465
v 0.00412227 -0.00241192 0.02469465
v 0.00549510 -0.00036273 0.02425332
v 0.00233037 -0.00195710 0.02855923
v 0.00233037 -0.00180489 0.02871827
v 0.00350932 -0.00036273 0.02653052
v 0.00233037 -0.00195710 0.02912183
v 0.00298416 -0.00168178 0.02898118
v 0.00276585 -0.00179136 0.02912183
v 0.00489665 -0.00261388 0.02491978
v 0.00491192 -0.00261755 0.02470111
v 0.00476918 -0.00263818 0.02481044
v 0.00441309 -0.00268495 0.02481094
v 0.00412227 -0.00270443 0.02481094
v 0.00459591 -0.00262741 0.02532433
v 0.00483101 -0.00255955 0.02513846
v 0.00269715 -0.00185349 0.02912183
v 0.00266738 -0.00187893 0.02912183
v 0.00257540 -0.00195710 0.02912183
v 0.00517221 -0.00036273 0.02458630
v 0.00412227 -0.00270374 0.02513846
v 0.00412227 -0.00269274 0.02546448
v 0.00412227 -0.00265629 0.02575721
v 0.00466689 -0.00263772 0.02513846
v 0.00441309 -0.00268013 0.02513846
v 0.00427875 -0.00263291 0.02566377
v 0.00439782 -0.00264987 0.02544709
f 3473 3474 3478
f 3473 3478 3484
f 3473 3484 3491
f 3473 3491 3499
f 3473 3499 3485
f 3473 3485 3479
f 3473 3479 3475
f 3473 3475 3476
f 3473 3476 3477
f 3473 3477 3474
f 3474 3477 3478
f 3475 3479 3486
f 3475 3486 3505
f 3475 3505 3522
f 3475 3522 3508
f 3475 3508 3488
f 3475 3488 3487
f 3475 3487 3481
f 3475 3481 3480
f 3475 3480 3476
f 3476 3480 3481
f 3476 3481 3482
f 3476 3482 3477
f 3477 3482 3489
f 3477 3489 3509
f 3477 3509 3521
f 3477 3521 3520
f 3477 3520 3519
f 3477 3519 3511
f 3477 3511 3492
f 3477 3492 3490
f 3477 3490 3483
f 3477 3483 3484
f 3477 3484 3478
f 3479 3485 3486
f 3481 3487 3482
f 3482 3487 3488
f 3482 3488 3489
f 3483 3490 3484
f 3484 3490 3492
f 3484 3492 3491
f 3485 3493 3494
f 3485 3494 3495
f 3485 3495 3496
f 3485 3496 3497
f 3485 3497 3498
f 3485 3498 3486
f 3485 3499 3500
f 3485 3500 3501
f 3485 3501 3502
f 3485 3502 3503
f 3485 3503 3493
f 3486 3498 3504
f 3486 3504 3505
f 3488 3506 3507
f 3488 3507 3489
f 3488 3508 3504
f 3488 3504 3506
f 3489 3507 3506
f 3489 3506 3509
f 3491 3492 3510
f 3491 3510 3499
f 3492 3511 3510
f 3493 3503 3512
f 3493 3512 3513
f 3493 3513 3494
f 3494 3513 3495
f 3495 3513 3514
f 3495 3514 3515
f 3495 3515 3496
f 3496 3515 3497
f 3497 3515 3498
f 3498 3515 3516
f 3498 3516 3509
f 3498 3509 3506
f 3498 3506 3504
f 3499 3510 3500
f 3500 3510 3501
f 3501 3517 3518
f 3501 3518 3512
f 3501 3512 3502
f 3501 3510 3511
f 3501 3511 3519
f 3501 3519 3520
f 3501 3520 3521
f 3501 3521 3517
f 3502 3512 3503
f 3504 3508 3522
f 3504 3522 3505
f 3509 3516 3523
f 3509 3523 3524
f 3509 3524 3525
f 3509 3525 3521
f 3512 3518 3517
f 3512 3517 3526
f 3512 3526 3527
f 3512 3527 3514
f 3512 3514 3513
f 3514 3527 3515
f 3515 3527 3523
f 3515 3523 3516
f 3517 3528 3525
f 3517 3525 3529
f 3517 3529 3526
f 3517 3521 3528
f 3521 3525 3528
f 3523 3527 3524
f 3524 3529 3525
f 3524 3527 3529
f 3526 3529 3527

o geometry_29
v -0.00509896 0.00128932 0.00283869
v -0.00421840 0.00128932 0.00283964
v -0.00523251 0.00128932 0.00284152
v -0.00542672 0.00148379 0.00286324
v -0.00509896 0.00148379 0.00285852
v -0.00421840 0.00148379 0.00285852
v -0.00421840 0.00128932 0.00326453
v -0.00542672 0.00128932 0.00285097
v -0.00549115 0.00148700 0.00287740
v -0.00549115 0.00153630 0.00288779
v -0.00542672 0.00172412 0.00294633
v -0.00509896 0.00172609 0.00294539
v -0.00421840 0.00172609 0.00294539
v -0.00421840 0.00166348 0.00611415
v -0.00549115 0.00128932 0.00326075
v -0.00549115 0.00128932 0.00286513
v -0.00659248 0.00312368 0.00750686
v -0.00549115 0.00171747 0.00295105
v -0.00654969 0.00312368 0.00734351
v -0.00542672 0.00188828 0.00311534
v -0.00509896 0.00189001 0.00311251
v -0.00421840 0.00177761 0.00299826
v -0.00549115 0.00172313 0.00611415
v -0.00421840 0.00173102 0.00644273
v -0.00549115 0.00177613 0.00644273
v -0.00661694 0.00303297 0.01147159
v -0.00660894 0.00303297 0.00775424
v -0.00660495 0.00303297 0.00768909
v -0.00659154 0.00303297 0.00751063
v -0.00661059 0.00312368 0.00775424
v -0.00658190 0.00330214 0.00755407
v -0.00549115 0.00187596 0.00312101
v -0.00549115 0.00191959 0.00317105
v -0.00542672 0.00199895 0.00327869
v -0.00509896 0.00200019 0.00327680
v -0.00421840 0.00192427 0.00316633
v -0.00421840 0.00189001 0.00311534
v -0.00421840 0.00181483 0.00672316
v -0.00629129 0.00303297 0.01147159
v -0.00421840 0.00349267 0.01227039
v -0.00549115 0.00380744 0.01232515
v -0.00662046 0.00312368 0.01147159
v -0.00658590 0.00330978 0.00775424
v -0.00645917 0.00347369 0.00775424
v -0.00627859 0.00363736 0.00749647
v -0.00629129 0.00362085 0.00748892
v -0.00641543 0.00345570 0.00741621
v -0.00549115 0.00199624 0.00328436
v -0.00601454 0.00363934 0.00722926
v -0.00575449 0.00365117 0.00721226
v -0.00421840 0.00199871 0.00327869
v -0.00549115 0.00365092 0.00721132
v -0.00542649 0.00365092 0.00721132
v -0.00444318 0.00365018 0.00721321
v -0.00421840 0.00377934 0.01246773
v -0.00421840 0.00380744 0.01248472
v -0.00549115 0.00380744 0.01169820
v -0.00608273 0.00372832 0.01136395
v -0.00629129 0.00366817 0.01147159
v -0.00630939 0.00366226 0.01147159
v -0.00641849 0.00354813 0.01147159
v -0.00647327 0.00348701 0.01147159
v -0.00659201 0.00332309 0.01147159
v -0.00661059 0.00319344 0.01147159
v -0.00629481 0.00364846 0.00775424
v -0.00629129 0.00364599 0.00769570
v -0.00608273 0.00371969 0.00775424
v -0.00610742 0.00367138 0.00740299
v -0.00623297 0.00360951 0.00727836
v -0.00629129 0.00356071 0.00732179
v -0.00575449 0.00372240 0.00742754
v -0.00421840 0.00364993 0.00721415
v -0.00421840 0.00372117 0.00742754
v -0.00421840 0.00380744 0.01168309
v -0.00477095 0.00380744 0.01168215
v -0.00575449 0.00375790 0.00775424
v -0.00549115 0.00375790 0.00775330
v -0.00421840 0.00375790 0.00775330
v -0.00443354 0.00380744 0.01167931
v -0.00444318 0.00380744 0.01167931
f 3530 3531 3536
f 3530 3536 3544
f 3530 3544 3545
f 3530 3545 3537
f 3530 3537 3532
f 3530 3532 3533
f 3530 3533 3534
f 3530 3534 3535
f 3530 3535 3531
f 3531 3535 3542
f 3531 3542 3551
f 3531 3551 3566
f 3531 3566 3565
f 3531 3565 3580
f 3531 3580 3601
f 3531 3601 3602
f 3531 3602 3607
f 3531 3607 3603
f 3531 3603 3585
f 3531 3585 3584
f 3531 3584 3569
f 3531 3569 3567
f 3531 3567 3553
f 3531 3553 3543
f 3531 3543 3536
f 3532 3537 3533
f 3533 3537 3538
f 3533 3538 3539
f 3533 3539 3540
f 3533 3540 3534
f 3534 3540 3541
f 3534 3541 3542
f 3534 3542 3535
f 3536 3543 3544
f 3537 3545 3538
f 3538 3545 3546
f 3538 3546 3539
f 3539 3547 3540
f 3539 3546 3548
f 3539 3548 3547
f 3540 3547 3549
f 3540 3549 3550
f 3540 3550 3541
f 3541 3550 3542
f 3542 3550 3551
f 3543 3552 3544
f 3543 3553 3554
f 3543 3554 3552
f 3544 3552 3555
f 3544 3555 3545
f 3545 3555 3556
f 3545 3556 3557
f 3545 3557 3558
f 3545 3558 3546
f 3546 3558 3557
f 3546 3557 3559
f 3546 3559 3560
f 3546 3560 3548
f 3547 3561 3549
f 3547 3548 3560
f 3547 3560 3561
f 3549 3561 3562
f 3549 3562 3563
f 3549 3563 3550
f 3550 3563 3564
f 3550 3564 3565
f 3550 3565 3566
f 3550 3566 3551
f 3552 3554 3555
f 3553 3567 3568
f 3553 3568 3555
f 3553 3555 3554
f 3555 3568 3569
f 3555 3569 3570
f 3555 3570 3571
f 3555 3571 3556
f 3556 3571 3559
f 3556 3559 3557
f 3559 3572 3560
f 3559 3571 3572
f 3560 3572 3573
f 3560 3573 3574
f 3560 3574 3575
f 3560 3575 3576
f 3560 3576 3562
f 3560 3562 3561
f 3562 3577 3563
f 3562 3576 3577
f 3563 3577 3578
f 3563 3578 3579
f 3563 3579 3564
f 3564 3580 3565
f 3564 3579 3581
f 3564 3581 3582
f 3564 3582 3583
f 3564 3583 3580
f 3567 3569 3568
f 3569 3584 3570
f 3570 3584 3585
f 3570 3585 3603
f 3570 3603 3608
f 3570 3608 3609
f 3570 3609 3604
f 3570 3604 3586
f 3570 3586 3587
f 3570 3587 3588
f 3570 3588 3589
f 3570 3589 3590
f 3570 3590 3591
f 3570 3591 3592
f 3570 3592 3593
f 3570 3593 3571
f 3571 3593 3572
f 3572 3593 3592
f 3572 3592 3591
f 3572 3591 3573
f 3573 3594 3595
f 3573 3595 3574
f 3573 3591 3590
f 3573 3590 3594
f 3574 3595 3596
f 3574 3596 3597
f 3574 3597 3598
f 3574 3598 3575
f 3575 3598 3599
f 3575 3599 3576
f 3576 3599 3577
f 3577 3599 3598
f 3577 3598 3578
f 3578 3598 3597
f 3578 3597 3600
f 3578 3600 3579
f 3579 3600 3581
f 3580 3583 3601
f 3581 3600 3582
f 3582 3600 3602
f 3582 3602 3583
f 3583 3602 3601
f 3586 3604 3605
f 3586 3605 3596
f 3586 3596 3587
f 3587 3596 3588
f 3588 3596 3589
f 3589 3596 3594
f 3589 3594 3590
f 3594 3596 3595
f 3596 3605 3600
f 3596 3600 3597
f 3600 3605 3606
f 3600 3606 3607
f 3600 3607 3602
f 3603 3607 3608
f 3604 3609 3605
f 3605 3609 3606
f 3606 3609 3608
f 3606 3608 3607

o geometry_30
v 0.00242405 0.01099588 0.02978225
v 0.00242405 0.01091749 0.02978193
v 0.00242405 0.01105986 0.02978129
v 0.00240338 0.01107984 0.02980241
v 0.00240451 0.01099588 0.02980241
v 0.00240423 0.01092989 0.02980241
v 0.00240395 0.01087799 0.02980241
v 0.00239687 0.01053997 0.02980241
v 0.00242405 0.01066777 0.02977617
v 0.00242405 0.01107984 0.02978097
v 0.00172874 0.01181212 0.02868842
v 0.00162880 0.01181212 0.02876936
v 0.00131116 0.01181212 0.02899779
v 0.00115856 0.01181212 0.02901603
v 0.00096294 0.01181212 0.02901986
v 0.00181820 0.01107984 0.02980241
v 0.00239064 0.01035097 0.02980241
v 0.00242405 0.01035484 0.02976593
v 0.00242405 0.01059279 0.02977425
v 0.00242405 0.01107984 0.02921246
v 0.00189124 0.01181212 0.02809048
v 0.00183887 0.01181212 0.02841808
v 0.00080553 0.01181212 0.02899107
v 0.00074693 0.01022967 0.02980241
v 0.00071154 0.01181212 0.02897283
v 0.00060339 0.01181212 0.02893956
v 0.00238866 0.01032169 0.02980241
v 0.00242405 0.01029737 0.02976145
v 0.00238413 0.01025601 0.02980241
v 0.00242405 0.01022967 0.02848783
v 0.00237592 0.01022967 0.02750405
v 0.00185982 0.01181212 0.02776255
v 0.00020053 0.01022967 0.02935067
v 0.00237309 0.01022967 0.02980241
v 0.00051959 0.01181212 0.02888933
v 0.00032850 0.01181212 0.02874441
v 0.00242405 0.01022967 0.02971027
v 0.00225900 0.01022967 0.02729290
v 0.00173015 0.01181212 0.02743495
v 0.00002133 0.01022967 0.02920190
v 0.00023224 0.01181212 0.02866443
v 0.00201128 0.01022967 0.02688467
v 0.00160587 0.01181212 0.02728810
v -0.00013835 0.01022967 0.02903394
v 0.00007965 0.01181212 0.02842256
v -0.00043759 0.01022967 0.02867690
v -0.00028952 0.01022967 0.02885670
v 0.00136919 0.01022967 0.02654267
v 0.00145894 0.01181212 0.02717485
v 0.00153877 0.01181212 0.02722891
v -0.00006870 0.01181212 0.02805369
v -0.00046590 0.01022967 0.02838033
v 0.00104900 0.01022967 0.02653467
v 0.00113308 0.01181212 0.02708239
v -0.00006870 0.01181212 0.02799642
v -0.00046816 0.01022967 0.02809048
v 0.00080553 0.01022967 0.02653435
v 0.00080553 0.01181212 0.02707439
v -0.00006757 0.01181212 0.02783166
v -0.00046505 0.01022967 0.02776479
v 0.00047741 0.01022967 0.02663769
v 0.00047741 0.01181212 0.02714381
v 0.00064501 0.01181212 0.02709806
v -0.00004096 0.01181212 0.02775135
v -0.00040277 0.01022967 0.02743463
v 0.00014957 0.01022967 0.02683572
v 0.00028292 0.01181212 0.02724171
v 0.00037096 0.01181212 0.02719308
v 0.00013740 0.01181212 0.02742983
v 0.00019629 0.01181212 0.02734569
v -0.00013155 0.01022967 0.02710670
f 3610 3611 3618
f 3610 3618 3628
f 3610 3628 3627
f 3610 3627 3637
f 3610 3637 3646
f 3610 3646 3639
f 3610 3639 3629
f 3610 3629 3619
f 3610 3619 3612
f 3610 3612 3613
f 3610 3613 3614
f 3610 3614 3611
f 3611 3614 3615
f 3611 3615 3616
f 3611 3616 3617
f 3611 3617 3618
f 3612 3619 3613
f 3613 3619 3620
f 3613 3620 3621
f 3613 3621 3622
f 3613 3622 3623
f 3613 3623 3624
f 3613 3624 3625
f 3613 3625 3633
f 3613 3633 3643
f 3613 3643 3638
f 3613 3638 3636
f 3613 3636 3626
f 3613 3626 3617
f 3613 3617 3616
f 3613 3616 3615
f 3613 3615 3614
f 3617 3626 3627
f 3617 3627 3628
f 3617 3628 3618
f 3619 3629 3630
f 3619 3630 3631
f 3619 3631 3620
f 3620 3631 3630
f 3620 3630 3641
f 3620 3641 3648
f 3620 3648 3652
f 3620 3652 3659
f 3620 3659 3658
f 3620 3658 3663
f 3620 3663 3667
f 3620 3667 3672
f 3620 3672 3671
f 3620 3671 3677
f 3620 3677 3676
f 3620 3676 3679
f 3620 3679 3678
f 3620 3678 3673
f 3620 3673 3668
f 3620 3668 3664
f 3620 3664 3660
f 3620 3660 3654
f 3620 3654 3650
f 3620 3650 3645
f 3620 3645 3644
f 3620 3644 3635
f 3620 3635 3634
f 3620 3634 3632
f 3620 3632 3624
f 3620 3624 3623
f 3620 3623 3622
f 3620 3622 3621
f 3624 3632 3625
f 3625 3632 3634
f 3625 3634 3635
f 3625 3635 3633
f 3626 3636 3627
f 3627 3636 3638
f 3627 3638 3637
f 3629 3639 3640
f 3629 3640 3641
f 3629 3641 3630
f 3633 3642 3649
f 3633 3649 3653
f 3633 3653 3656
f 3633 3656 3655
f 3633 3655 3661
f 3633 3661 3665
f 3633 3665 3669
f 3633 3669 3674
f 3633 3674 3680
f 3633 3680 3675
f 3633 3675 3670
f 3633 3670 3666
f 3633 3666 3662
f 3633 3662 3657
f 3633 3657 3651
f 3633 3651 3647
f 3633 3647 3640
f 3633 3640 3639
f 3633 3639 3646
f 3633 3646 3643
f 3633 3635 3644
f 3633 3644 3645
f 3633 3645 3642
f 3637 3638 3646
f 3638 3643 3646
f 3640 3647 3648
f 3640 3648 3641
f 3642 3645 3649
f 3645 3650 3649
f 3647 3651 3648
f 3648 3651 3652
f 3649 3650 3653
f 3650 3654 3655
f 3650 3655 3656
f 3650 3656 3653
f 3651 3657 3658
f 3651 3658 3659
f 3651 3659 3652
f 3654 3660 3655
f 3655 3660 3661
f 3657 3662 3663
f 3657 3663 3658
f 3660 3664 3665
f 3660 3665 3661
f 3662 3666 3667
f 3662 3667 3663
f 3664 3668 3665
f 3665 3668 3669
f 3666 3670 3671
f 3666 3671 3672
f 3666 3672 3667
f 3668 3673 3674
f 3668 3674 3669
f 3670 3675 3676
f 3670 3676 3677
f 3670 3677 3671
f 3673 3678 3674
f 3674 3678 3679
f 3674 3679 3680
f 3675 3680 3676
f 3676 3680 3679

o geometry_31
v -0.00411528 0.01104869 0.00348998
v -0.00411528 0.01095986 0.00316214
v -0.00444288 0.01099430 0.00348998
v -0.00444288 0.01100277 0.00368314
v -0.00430858 0.01102491 0.00368314
v -0.00411528 0.01104568 0.00368314
v -0.00347501 0.01103994 0.00348998
v -0.00347501 0.01095439 0.00316214
v -0.00411528 0.01084889 0.00298343
v -0.00429921 0.01084315 0.00298819
v -0.00442206 0.01089809 0.00317543
v -0.00347501 0.01085326 0.00299274
v -0.00462854 0.01085518 0.00329363
v -0.00465700 0.01088251 0.00348998
v -0.00466706 0.01089180 0.00368314
v -0.00457892 0.01093772 0.00368314
v -0.00563250 0.00974658 0.00381608
v -0.00347501 0.01103694 0.00368314
v -0.00518865 0.00974658 0.00381608
v -0.00259043 0.00974658 0.00358782
v -0.00259043 0.00974658 0.00289946
v -0.00347501 0.01084780 0.00298411
v -0.00347501 0.01067642 0.00290547
v -0.00347501 0.01066768 0.00290150
v -0.00378699 0.01066768 0.00290140
v -0.00411528 0.01066768 0.00290334
v -0.00442206 0.01065265 0.00295114
v -0.00463271 0.01053348 0.00298179
v -0.00451749 0.01075213 0.00307497
v -0.00485134 0.01040802 0.00309853
v -0.00526014 0.00984498 0.00299992
v -0.00534551 0.00994747 0.00321858
v -0.00494018 0.01051024 0.00331719
v -0.00482080 0.01070048 0.00348998
v -0.00483121 0.01071414 0.00368314
v -0.00568039 0.00967196 0.00381608
v -0.00491588 0.01061766 0.00368314
v -0.00528131 0.01019756 0.00368314
v -0.00557038 0.00982721 0.00368314
v -0.00560995 0.00976599 0.00368314
v -0.00347501 0.01072426 0.00368314
v -0.00564014 0.00825779 0.00381608
v -0.00259043 0.00967115 0.00358782
v -0.00259043 0.00967388 0.00316224
v -0.00373910 0.00825670 0.00327714
v -0.00376547 0.00825670 0.00316689
v -0.00387028 0.00825670 0.00294630
v -0.00261090 0.00974658 0.00287018
v -0.00347501 0.01033969 0.00282926
v -0.00378699 0.01033969 0.00282955
v -0.00411528 0.01033969 0.00283178
v -0.00444288 0.01033969 0.00286834
v -0.00475347 0.01031537 0.00295531
v -0.00502381 0.01001170 0.00295977
v -0.00494677 0.01018964 0.00299032
v -0.00532781 0.00962659 0.00296103
v -0.00561133 0.00923000 0.00298295
v -0.00554609 0.00944866 0.00304375
v -0.00563216 0.00959215 0.00326221
v -0.00525250 0.01016613 0.00336034
v -0.00496239 0.01053648 0.00348998
v -0.00527749 0.01019346 0.00357900
v -0.00566651 0.00965037 0.00348998
v -0.00592540 0.00920458 0.00359975
v -0.00584419 0.00937541 0.00381608
v -0.00561932 0.00974658 0.00364649
v -0.00556344 0.00981437 0.00348998
v -0.00564638 0.00825670 0.00381608
v -0.00373112 0.00825670 0.00358782
v -0.00259043 0.00967224 0.00335481
v -0.00399937 0.00825670 0.00291362
v -0.00345905 0.00968344 0.00282557
v -0.00345905 0.00974658 0.00282557
v -0.00347501 0.01001170 0.00282567
v -0.00347501 0.01002756 0.00282577
v -0.00411493 0.00837204 0.00285796
v -0.00411493 0.00870003 0.00282557
v -0.00411528 0.01001170 0.00282567
v -0.00444288 0.01001170 0.00283333
v -0.00444219 0.00968344 0.00282557
v -0.00477082 0.00935573 0.00282557
v -0.00477048 0.01001170 0.00288133
v -0.00477082 0.00968344 0.00283643
v -0.00509842 0.00935573 0.00284545
v -0.00513000 0.00971488 0.00291536
v -0.00543261 0.00934589 0.00293611
v -0.00566408 0.00902774 0.00295716
v -0.00593511 0.00858387 0.00298402
v -0.00588688 0.00880253 0.00302687
v -0.00596912 0.00895969 0.00324563
v -0.00590631 0.00917834 0.00338109
v -0.00560613 0.00974658 0.00348998
v -0.00538125 0.01003876 0.00347776
v -0.00584107 0.00933086 0.00349018
v -0.00599064 0.00905234 0.00349018
v -0.00602395 0.00902583 0.00381608
v -0.00602291 0.00902802 0.00381608
v -0.00592852 0.00921251 0.00381608
v -0.00609406 0.00825670 0.00381608
v -0.00411493 0.00825670 0.00289907
v -0.00509842 0.00870003 0.00282548
v -0.00411528 0.00974658 0.00282557
v -0.00477082 0.00825670 0.00289888
v -0.00509842 0.00837204 0.00285796
v -0.00460772 0.00853740 0.00284157
v -0.00509842 0.00902774 0.00283042
v -0.00542671 0.00870003 0.00284245
v -0.00542671 0.00902774 0.00287580
v -0.00576854 0.00869593 0.00293418
v -0.00593511 0.00844939 0.00298402
v -0.00601493 0.00835291 0.00313257
v -0.00600556 0.00869593 0.00314653
v -0.00578138 0.00835291 0.00293718
v -0.00611661 0.00870003 0.00348998
v -0.00612216 0.00870003 0.00381608
v -0.00613570 0.00837204 0.00381608
v -0.00613501 0.00837204 0.00348998
v -0.00609093 0.00825670 0.00348998
v -0.00542671 0.00837204 0.00286242
v -0.00509842 0.00825670 0.00289888
v -0.00542671 0.00825670 0.00290227
v -0.00591186 0.00825670 0.00300137
v -0.00593130 0.00825670 0.00303133
v -0.00600174 0.00825670 0.00317048
v -0.00588132 0.00825670 0.00298945
v -0.00573627 0.00825670 0.00295027
v -0.00612251 0.00869812 0.00381608
v -0.00606421 0.00825670 0.00336461
f 3681 3682 3683
f 3681 3683 3684
f 3681 3684 3685
f 3681 3685 3686
f 3681 3686 3698
f 3681 3698 3687
f 3681 3687 3688
f 3681 3688 3682
f 3682 3689 3690
f 3682 3690 3691
f 3682 3691 3683
f 3682 3688 3692
f 3682 3692 3689
f 3683 3691 3693
f 3683 3693 3694
f 3683 3694 3695
f 3683 3695 3696
f 3683 3696 3684
f 3684 3696 3697
f 3684 3697 3685
f 3685 3697 3686
f 3686 3697 3699
f 3686 3699 3698
f 3687 3698 3700
f 3687 3700 3701
f 3687 3701 3688
f 3688 3701 3692
f 3689 3692 3702
f 3689 3702 3703
f 3689 3703 3704
f 3689 3704 3705
f 3689 3705 3706
f 3689 3706 3690
f 3690 3706 3707
f 3690 3707 3708
f 3690 3708 3709
f 3690 3709 3693
f 3690 3693 3691
f 3692 3701 3702
f 3693 3708 3710
f 3693 3710 3711
f 3693 3711 3712
f 3693 3712 3713
f 3693 3713 3714
f 3693 3714 3694
f 3693 3709 3708
f 3694 3714 3715
f 3694 3715 3695
f 3695 3715 3697
f 3695 3697 3696
f 3697 3716 3745
f 3697 3745 3778
f 3697 3778 3777
f 3697 3777 3776
f 3697 3776 3795
f 3697 3795 3807
f 3697 3807 3796
f 3697 3796 3779
f 3697 3779 3748
f 3697 3748 3722
f 3697 3722 3699
f 3697 3715 3717
f 3697 3717 3718
f 3697 3718 3719
f 3697 3719 3720
f 3697 3720 3716
f 3698 3699 3721
f 3698 3721 3723
f 3698 3723 3700
f 3699 3722 3723
f 3699 3723 3721
f 3700 3723 3750
f 3700 3750 3724
f 3700 3724 3701
f 3701 3724 3725
f 3701 3725 3726
f 3701 3726 3727
f 3701 3727 3728
f 3701 3728 3702
f 3702 3728 3703
f 3703 3728 3704
f 3704 3729 3705
f 3704 3728 3729
f 3705 3730 3706
f 3705 3729 3730
f 3706 3731 3732
f 3706 3732 3707
f 3706 3730 3731
f 3707 3732 3733
f 3707 3733 3708
f 3708 3733 3734
f 3708 3734 3735
f 3708 3735 3710
f 3710 3735 3711
f 3711 3736 3737
f 3711 3737 3738
f 3711 3738 3739
f 3711 3739 3712
f 3711 3735 3734
f 3711 3734 3736
f 3712 3740 3713
f 3712 3739 3740
f 3713 3740 3714
f 3714 3740 3741
f 3714 3741 3742
f 3714 3742 3715
f 3715 3742 3717
f 3716 3743 3744
f 3716 3744 3745
f 3716 3720 3746
f 3716 3746 3743
f 3717 3742 3718
f 3718 3742 3719
f 3719 3742 3747
f 3719 3747 3720
f 3720 3747 3746
f 3722 3748 3749
f 3722 3749 3723
f 3723 3749 3750
f 3724 3750 3749
f 3724 3749 3725
f 3725 3749 3748
f 3725 3748 3779
f 3725 3779 3798
f 3725 3798 3808
f 3725 3808 3804
f 3725 3804 3803
f 3725 3803 3802
f 3725 3802 3805
f 3725 3805 3806
f 3725 3806 3801
f 3725 3801 3800
f 3725 3800 3783
f 3725 3783 3780
f 3725 3780 3751
f 3725 3751 3727
f 3725 3727 3726
f 3727 3751 3728
f 3728 3752 3753
f 3728 3753 3754
f 3728 3754 3755
f 3728 3755 3729
f 3728 3751 3756
f 3728 3756 3757
f 3728 3757 3752
f 3729 3755 3758
f 3729 3758 3730
f 3730 3758 3731
f 3731 3759 3732
f 3731 3758 3760
f 3731 3760 3761
f 3731 3761 3759
f 3732 3762 3733
f 3732 3759 3763
f 3732 3763 3764
f 3732 3764 3762
f 3733 3762 3734
f 3734 3762 3765
f 3734 3765 3736
f 3736 3765 3766
f 3736 3766 3737
f 3737 3766 3767
f 3737 3767 3768
f 3737 3768 3769
f 3737 3769 3738
f 3738 3769 3770
f 3738 3770 3739
f 3739 3770 3771
f 3739 3771 3743
f 3739 3743 3772
f 3739 3772 3747
f 3739 3747 3740
f 3740 3747 3773
f 3740 3773 3742
f 3740 3742 3741
f 3742 3773 3747
f 3743 3771 3774
f 3743 3774 3744
f 3743 3746 3772
f 3744 3774 3775
f 3744 3775 3776
f 3744 3776 3777
f 3744 3777 3778
f 3744 3778 3745
f 3746 3747 3772
f 3751 3780 3756
f 3752 3757 3781
f 3752 3781 3753
f 3753 3781 3782
f 3753 3782 3758
f 3753 3758 3754
f 3754 3758 3755
f 3756 3780 3783
f 3756 3783 3800
f 3756 3800 3784
f 3756 3784 3785
f 3756 3785 3757
f 3757 3785 3781
f 3758 3782 3760
f 3759 3761 3763
f 3760 3782 3781
f 3760 3781 3761
f 3761 3781 3786
f 3761 3786 3763
f 3762 3764 3765
f 3763 3786 3764
f 3764 3786 3787
f 3764 3787 3788
f 3764 3788 3765
f 3765 3788 3766
f 3766 3788 3767
f 3767 3789 3768
f 3767 3788 3789
f 3768 3790 3791
f 3768 3791 3792
f 3768 3792 3769
f 3768 3789 3793
f 3768 3793 3790
f 3769 3792 3770
f 3770 3792 3794
f 3770 3794 3775
f 3770 3775 3771
f 3771 3775 3774
f 3775 3794 3776
f 3776 3794 3795
f 3779 3796 3797
f 3779 3797 3798
f 3781 3785 3784
f 3781 3784 3799
f 3781 3799 3787
f 3781 3787 3786
f 3784 3800 3801
f 3784 3801 3799
f 3787 3799 3793
f 3787 3793 3789
f 3787 3789 3788
f 3790 3793 3802
f 3790 3802 3791
f 3791 3802 3803
f 3791 3803 3804
f 3791 3804 3797
f 3791 3797 3792
f 3792 3797 3794
f 3793 3805 3802
f 3793 3799 3806
f 3793 3806 3805
f 3794 3797 3807
f 3794 3807 3795
f 3796 3807 3797
f 3797 3804 3808
f 3797 3808 3798
f 3799 3801 3806

