# https://github.com/mikedh/trimesh

o geometry_0
v -0.00228245 -0.00217180 -0.00311793
v -0.00225184 -0.00220937 -0.00311793
v -0.00623262 -0.00261314 -0.00288622
v -0.00623262 -0.00235632 -0.00289002
v -0.00623262 -0.00217180 -0.00289002
v 0.00226057 -0.00217180 -0.00311793
v -0.00212457 -0.00231261 -0.00311793
v -0.00623262 -0.00263070 -0.00288014
v -0.00183620 -0.00254464 -0.00311793
v -0.00153172 -0.00276881 -0.00311793
v -0.00492771 -0.00342572 -0.00288014
v -0.00623262 -0.00217180 0.00288990
v 0.00214619 -0.00228426 -0.00311793
v 0.00485912 -0.00217180 -0.00289002
v 0.00684065 -0.00286960 -0.00287862
v -0.00623262 -0.00281251 -0.00280721
v -0.00137384 -0.00283903 -0.00311793
v -0.00087121 -0.00305571 -0.00311793
v -0.00471023 -0.00342572 -0.00289002
v 0.00579028 -0.00342597 0.00335789
v -0.00497121 -0.00342572 -0.00286799
v -0.00623262 -0.00235632 0.00288990
v 0.00996277 -0.00342597 0.00464333
v -0.00229050 -0.00217180 0.00323633
v 0.00200765 -0.00241267 -0.00311793
v 0.00504438 -0.00217180 -0.00287179
v 0.00709841 -0.00267514 -0.00279961
v 0.00709841 -0.00286960 -0.00284975
v 0.00684065 -0.00312642 -0.00284216
v 0.00658611 -0.00312642 -0.00286951
v 0.00607220 -0.00342572 -0.00287558
v 0.00607220 -0.00338325 -0.00288014
v 0.00169350 -0.00266765 -0.00311793
v 0.00188360 -0.00252696 -0.00311793
v -0.00516614 -0.00342572 -0.00279581
v -0.00519192 -0.00342572 -0.00278366
v -0.00623262 -0.00281927 -0.00278822
v -0.00060540 -0.00310838 -0.00311793
v -0.00034764 -0.00313379 -0.00311793
v -0.00008988 -0.00314496 -0.00311793
v -0.00034764 -0.00342572 -0.00289154
v -0.00497121 -0.00342572 0.00286103
v -0.00519192 -0.00342572 0.00274100
v -0.00525474 -0.00342572 0.00253208
v -0.00525474 -0.00342572 -0.00260209
v -0.00524991 -0.00342572 -0.00263096
v 0.01022536 -0.00342597 0.00335789
v 0.00745766 -0.00342597 0.00422624
v -0.00623262 -0.00261314 0.00288307
v -0.00496799 -0.00338325 0.00287623
v 0.00760910 -0.00342597 0.00427715
v 0.01011581 -0.00342597 0.00460686
v 0.00954713 -0.00247626 0.00421105
v 0.00941020 -0.00246447 0.00422245
v 0.00941020 -0.00261302 0.00429386
v 0.00735617 -0.00272474 0.00422093
v 0.00227024 -0.00217180 0.00323633
v 0.00925554 -0.00246619 0.00422017
v 0.00512977 -0.00217180 -0.00285355
v 0.00735617 -0.00270190 -0.00277302
v 0.00754949 -0.00272498 -0.00274871
v 0.00735617 -0.00286960 -0.00280645
v 0.00778308 -0.00295271 -0.00273656
v 0.00778308 -0.00302698 -0.00273656
v 0.00658611 -0.00338325 -0.00282848
v 0.00632835 -0.00342572 -0.00285127
v 0.00632835 -0.00338325 -0.00285811
v 0.00581444 -0.00342572 -0.00288698
v 0.00146635 -0.00280146 -0.00311793
v 0.00157912 -0.00274732 -0.00311793
v -0.00623262 -0.00288445 -0.00260209
v 0.00016466 -0.00314336 -0.00311793
v 0.00555668 -0.00342572 -0.00288926
v 0.00530214 -0.00342572 -0.00289002
v 0.00020816 -0.00342572 -0.00289154
v -0.00623262 -0.00281251 0.00276835
v -0.00623262 -0.00288445 0.00253208
v -0.00623262 -0.00288470 0.00227453
v -0.00623262 -0.00288470 -0.00258005
v 0.00662639 -0.00342572 -0.00281481
v 0.00910411 -0.00342572 -0.00248585
v 0.00946014 -0.00342572 -0.00243799
v 0.00970984 -0.00342572 -0.00240228
v 0.00992410 -0.00342572 -0.00235442
v 0.00997082 -0.00342572 -0.00234226
v 0.01013031 -0.00342572 -0.00226781
v 0.01016253 -0.00342572 -0.00222147
v 0.01021570 -0.00342572 -0.00208852
v 0.01022053 -0.00342572 -0.00201483
v 0.01022375 -0.00342572 -0.00183173
v 0.01022536 -0.00342572 0.00330243
v 0.01022536 -0.00342597 0.00407354
v 0.01013031 -0.00342597 0.00459926
v 0.01006909 -0.00323630 0.00447999
v 0.01007715 -0.00322243 0.00433033
v 0.01019314 -0.00338337 0.00433033
v 0.01022375 -0.00342597 0.00433033
v 0.01022536 -0.00342572 0.00335789
v 0.00954713 -0.00247626 0.00418978
v 0.00941020 -0.00246447 0.00417154
v 0.00536981 -0.00217180 0.00227529
v 0.00536820 -0.00217180 0.00253208
v 0.00526670 -0.00217180 0.00275695
v 0.00504438 -0.00217180 0.00286407
v 0.00526348 -0.00217180 -0.00279733
v 0.00907511 -0.00298573 -0.00248813
v 0.00933126 -0.00321776 -0.00248053
v 0.00933126 -0.00328982 -0.00248053
v 0.00042403 -0.00312790 -0.00311793
v 0.00067857 -0.00309684 -0.00311793
v 0.00093472 -0.00302944 -0.00311793
v 0.00103299 -0.00299040 -0.00311793
v 0.00117476 -0.00293160 -0.00311793
v 0.00966795 -0.00338325 -0.00241672
v 0.00992410 -0.00338325 -0.00235746
v 0.01011742 -0.00338325 -0.00226781
v 0.01006909 -0.00323482 -0.00224274
v 0.01018831 -0.00338325 -0.00208852
v 0.01007876 -0.00322476 -0.00208852
v 0.01019475 -0.00338325 -0.00183173
v 0.01014964 -0.00342597 0.00457647
v 0.01021247 -0.00342597 0.00440402
v 0.00992410 -0.00313870 -0.00208852
v 0.00966795 -0.00305988 -0.00208852
v 0.00533114 -0.00217180 -0.00269097
v 0.00536497 -0.00217180 -0.00260285
v 0.00536820 -0.00217180 -0.00246686
v 0.00536981 -0.00217180 -0.00234606
v 0.00915727 -0.00297923 -0.00232935
v 0.00992410 -0.00319677 -0.00228680
f 1 2 3
f 1 3 4
f 1 4 5
f 1 5 12
f 1 12 24
f 1 24 57
f 1 57 104
f 1 104 103
f 1 103 102
f 1 102 101
f 1 101 128
f 1 128 127
f 1 127 126
f 1 126 125
f 1 125 105
f 1 105 59
f 1 59 26
f 1 26 14
f 1 14 6
f 1 6 13
f 1 13 25
f 1 25 34
f 1 34 33
f 1 33 70
f 1 70 69
f 1 69 113
f 1 113 112
f 1 112 111
f 1 111 110
f 1 110 109
f 1 109 72
f 1 72 40
f 1 40 39
f 1 39 38
f 1 38 18
f 1 18 17
f 1 17 10
f 1 10 9
f 1 9 7
f 1 7 2
f 2 7 3
f 3 8 16
f 3 16 37
f 3 37 71
f 3 71 79
f 3 79 78
f 3 78 77
f 3 77 76
f 3 76 49
f 3 49 22
f 3 22 12
f 3 12 5
f 3 5 4
f 3 7 9
f 3 9 10
f 3 10 11
f 3 11 8
f 6 14 15
f 6 15 13
f 8 11 16
f 10 17 11
f 11 17 18
f 11 18 19
f 11 19 20
f 11 20 21
f 11 21 16
f 12 22 23
f 12 23 24
f 13 15 25
f 14 26 15
f 15 27 28
f 15 28 29
f 15 29 30
f 15 30 31
f 15 31 32
f 15 32 33
f 15 33 34
f 15 34 25
f 15 26 27
f 16 21 35
f 16 35 36
f 16 36 37
f 18 38 19
f 19 38 39
f 19 39 40
f 19 40 41
f 19 41 20
f 20 42 43
f 20 43 44
f 20 44 45
f 20 45 46
f 20 46 36
f 20 36 35
f 20 35 21
f 20 41 75
f 20 75 47
f 20 47 92
f 20 92 97
f 20 97 122
f 20 122 121
f 20 121 93
f 20 93 52
f 20 52 23
f 20 23 51
f 20 51 48
f 20 48 42
f 22 49 23
f 23 49 50
f 23 50 42
f 23 42 51
f 23 52 53
f 23 53 54
f 23 54 55
f 23 55 56
f 23 56 24
f 24 56 58
f 24 58 54
f 24 54 57
f 26 59 60
f 26 60 27
f 27 60 28
f 28 60 61
f 28 61 62
f 28 62 63
f 28 63 64
f 28 64 29
f 29 64 65
f 29 65 66
f 29 66 67
f 29 67 30
f 30 67 31
f 31 68 32
f 31 67 66
f 31 66 47
f 31 47 68
f 32 68 69
f 32 69 70
f 32 70 33
f 36 46 71
f 36 71 37
f 40 72 73
f 40 73 74
f 40 74 75
f 40 75 41
f 42 50 49
f 42 49 76
f 42 76 43
f 42 48 51
f 43 76 77
f 43 77 44
f 44 77 78
f 44 78 79
f 44 79 45
f 45 79 71
f 45 71 46
f 47 80 81
f 47 81 82
f 47 82 83
f 47 83 84
f 47 84 85
f 47 85 86
f 47 86 87
f 47 87 88
f 47 88 89
f 47 89 90
f 47 90 91
f 47 91 98
f 47 98 92
f 47 75 74
f 47 74 73
f 47 73 68
f 47 66 80
f 52 93 53
f 53 93 94
f 53 94 95
f 53 95 96
f 53 96 97
f 53 97 92
f 53 92 98
f 53 98 91
f 53 91 99
f 53 99 100
f 53 100 54
f 54 100 128
f 54 128 101
f 54 101 102
f 54 102 103
f 54 103 104
f 54 104 57
f 54 58 55
f 55 58 56
f 59 105 61
f 59 61 60
f 61 106 107
f 61 107 62
f 61 105 106
f 62 107 63
f 63 107 108
f 63 108 64
f 64 108 81
f 64 81 65
f 65 81 80
f 65 80 66
f 68 73 72
f 68 72 109
f 68 109 110
f 68 110 111
f 68 111 112
f 68 112 113
f 68 113 69
f 81 108 82
f 82 114 83
f 82 108 114
f 83 114 84
f 84 114 115
f 84 115 85
f 85 115 116
f 85 116 86
f 86 116 87
f 87 116 117
f 87 117 88
f 88 118 89
f 88 117 118
f 89 118 119
f 89 119 120
f 89 120 90
f 90 120 91
f 91 120 99
f 93 121 94
f 94 121 122
f 94 122 97
f 94 97 96
f 94 96 95
f 99 120 119
f 99 119 123
f 99 123 124
f 99 124 125
f 99 125 126
f 99 126 100
f 100 126 127
f 100 127 128
f 105 125 129
f 105 129 106
f 106 129 124
f 106 124 123
f 106 123 130
f 106 130 115
f 106 115 107
f 107 115 114
f 107 114 108
f 115 130 117
f 115 117 116
f 117 130 123
f 117 123 119
f 117 119 118
f 124 129 125

o geometry_1
v 0.01324459 -0.01283826 0.00304630
v 0.01324459 -0.01283826 0.00304206
v 0.01319734 -0.01283826 0.00326615
v 0.01262476 -0.01327346 0.00318065
v 0.01262212 -0.01327166 0.00291567
v 0.01323428 -0.01283826 0.00278982
v 0.01262404 -0.01327306 0.00304630
v 0.01318774 -0.01283826 0.00330704
v 0.01258518 -0.01324584 0.00335218
v 0.01212055 -0.01353691 0.00345838
v 0.01196343 -0.01369882 0.00329748
v 0.01186652 -0.01379554 0.00320774
v 0.01187228 -0.01379946 0.00304630
v 0.01306133 -0.01283826 0.00358211
v 0.01186676 -0.01379574 0.00278982
v 0.01199533 -0.01370585 0.00278982
v 0.01321869 -0.01283826 0.00251103
v 0.01198934 -0.01359909 0.00355025
v 0.01173339 -0.01383642 0.00329748
v 0.01172332 -0.01386424 0.00304630
v 0.01190946 -0.01356865 0.00381683
v 0.01170940 -0.01370655 0.00381683
v 0.01161465 -0.01379635 0.00373133
v 0.01165423 -0.01381714 0.00356034
v 0.01172332 -0.01385912 0.00278982
v 0.01299656 -0.01283826 0.00372177
v 0.01233475 -0.01325036 0.00388002
v 0.01172332 -0.01385249 0.00253333
v 0.01174754 -0.01383451 0.00227100
v 0.01185453 -0.01378721 0.00235278
v 0.01195623 -0.01371288 0.00227100
v 0.01275045 -0.01315696 0.00227631
v 0.01320549 -0.01283826 0.00227631
v 0.01152950 -0.01384144 0.00330332
v 0.01152614 -0.01384988 0.00304630
v 0.01152614 -0.01384847 0.00278982
v 0.01152614 -0.01384536 0.00227631
v 0.01187036 -0.01354133 0.00398410
v 0.01173387 -0.01360401 0.00407119
v 0.01165543 -0.01356926 0.00425917
v 0.01137334 -0.01354003 0.00448433
v 0.01157388 -0.01379635 0.00373133
v 0.01154797 -0.01381714 0.00356034
v 0.01295243 -0.01283826 0.00381683
v 0.01262836 -0.01301915 0.00395861
v 0.01168686 -0.01383090 0.00201983
v 0.01184949 -0.01378389 0.00218179
v 0.01290133 -0.01303050 0.00210214
v 0.01319566 -0.01283826 0.00224073
v 0.01131241 -0.01355590 0.00433086
v 0.01130786 -0.01356835 0.00407384
v 0.01140093 -0.01369983 0.00330332
v 0.01139781 -0.01369983 0.00304630
v 0.01139781 -0.01369983 0.00227631
v 0.01153574 -0.01383090 0.00201983
v 0.01130786 -0.01356273 0.00124930
v 0.01280155 -0.01283826 0.00412695
v 0.01182670 -0.01351070 0.00415562
v 0.01211983 -0.01327949 0.00421350
v 0.01173387 -0.01345616 0.00433936
v 0.01146641 -0.01322033 0.00490437
v 0.01146641 -0.01331203 0.00477586
v 0.01154461 -0.01350698 0.00443069
v 0.01146210 -0.01344511 0.00457726
v 0.01114930 -0.01304949 0.00526441
v 0.01132417 -0.01354003 0.00448433
v 0.01288142 -0.01283826 0.00396551
v 0.01283729 -0.01283826 0.00405579
v 0.01181519 -0.01376079 0.00201983
v 0.01163408 -0.01380659 0.00182441
v 0.01214310 -0.01355268 0.00207771
v 0.01200109 -0.01362620 0.00200336
v 0.01285864 -0.01300057 0.00193061
v 0.01299512 -0.01293529 0.00201770
v 0.01313425 -0.01283826 0.00201930
v 0.01100802 -0.01309830 0.00510138
v 0.01099962 -0.01313054 0.00484437
v 0.01130786 -0.01357116 0.00381683
v 0.01130786 -0.01357147 0.00356034
v 0.01130786 -0.01357147 0.00201983
v 0.01118768 -0.01339992 0.00124930
v 0.01130786 -0.01357136 0.00176281
v 0.01130786 -0.01356885 0.00150579
v 0.01156188 -0.01380659 0.00182441
v 0.01131793 -0.01354877 0.00106769
v 0.01099962 -0.01313134 0.00073527
v 0.01099962 -0.01311437 0.00047878
v 0.01269216 -0.01283826 0.00426289
v 0.01265858 -0.01283826 0.00429953
v 0.01202891 -0.01321601 0.00438503
v 0.01185789 -0.01327598 0.00446468
v 0.01169765 -0.01331284 0.00456504
v 0.01159498 -0.01327166 0.00471586
v 0.01176625 -0.01321170 0.00463620
v 0.01169597 -0.01312401 0.00481888
v 0.01202652 -0.01283826 0.00489110
v 0.01179672 -0.01297627 0.00492136
v 0.01162569 -0.01303623 0.00499624
v 0.01146641 -0.01309197 0.00504775
v 0.01132057 -0.01300258 0.00522033
v 0.01121263 -0.01288838 0.00535946
v 0.01116513 -0.01283826 0.00542053
v 0.01095285 -0.01283826 0.00546036
v 0.01103824 -0.01304949 0.00526441
v 0.01172116 -0.01372232 0.00174847
v 0.01210040 -0.01352275 0.00190672
v 0.01146641 -0.01355047 0.00107194
v 0.01160794 -0.01353742 0.00110805
v 0.01165207 -0.01356805 0.00124930
v 0.01239400 -0.01329174 0.00184193
v 0.01300016 -0.01283826 0.00177130
v 0.01301144 -0.01283826 0.00179201
v 0.01082691 -0.01283826 0.00535681
v 0.01087968 -0.01294794 0.00510138
v 0.01079573 -0.01283826 0.00510138
v 0.01087129 -0.01294794 0.00484437
v 0.01099962 -0.01313134 0.00458735
v 0.01118768 -0.01339992 0.00407384
v 0.01079429 -0.01283826 0.00227631
v 0.01102673 -0.01306988 0.00028443
v 0.01128747 -0.01328070 0.00059561
v 0.01135223 -0.01328070 0.00059561
v 0.01087129 -0.01294794 0.00047878
v 0.01079645 -0.01283826 0.00026478
v 0.01083986 -0.01283826 0.00008688
v 0.01260341 -0.01283826 0.00435157
v 0.01255760 -0.01283826 0.00439458
v 0.01215125 -0.01304477 0.00449920
v 0.01195887 -0.01312823 0.00456770
v 0.01188859 -0.01304055 0.00475037
v 0.01189531 -0.01283826 0.00500155
v 0.01220498 -0.01283826 0.00472435
v 0.01181615 -0.01283826 0.00505625
v 0.01170557 -0.01287392 0.00509448
v 0.01146641 -0.01295156 0.00517626
v 0.01155948 -0.01283826 0.00521608
v 0.01145418 -0.01283826 0.00527237
v 0.01140788 -0.01283826 0.00529627
v 0.01126372 -0.01283826 0.00537008
v 0.01193081 -0.01358362 0.00176281
v 0.01173555 -0.01361325 0.00150314
v 0.01146641 -0.01347203 0.00094343
v 0.01162881 -0.01329526 0.00083670
v 0.01179984 -0.01323530 0.00090626
v 0.01247820 -0.01283826 0.00100078
v 0.01236618 -0.01301544 0.00111973
v 0.01212271 -0.01328160 0.00135285
v 0.01182934 -0.01351271 0.00141605
v 0.01187947 -0.01354776 0.00158704
v 0.01284760 -0.01283826 0.00151004
v 0.01298625 -0.01283826 0.00174741
v 0.01079453 -0.01283826 0.00484437
v 0.01079429 -0.01283826 0.00308401
v 0.01079453 -0.01283826 0.00047878
v 0.01095237 -0.01283826 0.00003537
v 0.01120975 -0.01307239 0.00028443
v 0.01136902 -0.01303643 0.00032903
v 0.01144626 -0.01312893 0.00049524
v 0.01152326 -0.01322154 0.00066517
v 0.01242710 -0.01283826 0.00451672
v 0.01233451 -0.01283826 0.00460328
v 0.01172308 -0.01283826 0.00511572
v 0.01172284 -0.01314279 0.00073580
v 0.01192217 -0.01306415 0.00080643
v 0.01209320 -0.01300419 0.00087599
v 0.01244078 -0.01283826 0.00096945
v 0.01252425 -0.01283826 0.00104008
v 0.01270488 -0.01283826 0.00126842
v 0.01274350 -0.01283826 0.00133374
v 0.01240408 -0.01304206 0.00124930
v 0.01098763 -0.01283826 0.00003697
v 0.01118432 -0.01283826 0.00007839
v 0.01123494 -0.01289632 0.00014370
v 0.01168997 -0.01283826 0.00036302
v 0.01177657 -0.01283826 0.00042621
v 0.01154029 -0.01297647 0.00039488
v 0.01145946 -0.01288909 0.00026000
v 0.01158275 -0.01283826 0.00028814
v 0.01189363 -0.01283826 0.00052126
v 0.01216996 -0.01283826 0.00074589
v 0.01221650 -0.01283826 0.00078412
v 0.01127787 -0.01283826 0.00012299
v 0.01146138 -0.01283826 0.00022123
f 131 132 136
f 131 136 147
f 131 147 163
f 131 163 179
f 131 179 205
f 131 205 242
f 131 242 241
f 131 241 281
f 131 281 280
f 131 280 299
f 131 299 298
f 131 298 297
f 131 297 275
f 131 275 296
f 131 296 311
f 131 311 310
f 131 310 309
f 131 309 305
f 131 305 304
f 131 304 308
f 131 308 313
f 131 313 312
f 131 312 302
f 131 302 301
f 131 301 285
f 131 285 255
f 131 255 254
f 131 254 284
f 131 284 249
f 131 249 283
f 131 283 282
f 131 282 245
f 131 245 243
f 131 243 233
f 131 233 232
f 131 232 269
f 131 269 268
f 131 268 267
f 131 267 266
f 131 266 292
f 131 292 263
f 131 263 261
f 131 261 226
f 131 226 262
f 131 262 291
f 131 291 290
f 131 290 257
f 131 257 256
f 131 256 219
f 131 219 218
f 131 218 187
f 131 187 198
f 131 198 197
f 131 197 174
f 131 174 156
f 131 156 144
f 131 144 138
f 131 138 133
f 131 133 134
f 131 134 132
f 132 135 136
f 132 134 137
f 132 137 135
f 133 138 134
f 134 139 140
f 134 140 141
f 134 141 142
f 134 142 143
f 134 143 137
f 134 138 144
f 134 144 139
f 135 137 143
f 135 143 145
f 135 145 146
f 135 146 136
f 136 146 147
f 139 144 140
f 140 144 148
f 140 148 141
f 141 148 142
f 142 149 150
f 142 150 143
f 142 148 151
f 142 151 152
f 142 152 153
f 142 153 154
f 142 154 149
f 143 150 155
f 143 155 145
f 144 156 157
f 144 157 151
f 144 151 148
f 145 155 158
f 145 158 159
f 145 159 160
f 145 160 146
f 146 160 161
f 146 161 162
f 146 162 147
f 147 162 163
f 149 154 150
f 150 154 164
f 150 164 165
f 150 165 166
f 150 166 167
f 150 167 155
f 151 157 168
f 151 168 152
f 152 168 169
f 152 169 153
f 153 169 170
f 153 170 171
f 153 171 196
f 153 196 172
f 153 172 173
f 153 173 154
f 154 173 164
f 155 167 158
f 156 174 175
f 156 175 157
f 157 175 168
f 158 167 176
f 158 176 159
f 159 176 177
f 159 177 160
f 160 177 161
f 161 177 162
f 162 177 163
f 163 177 178
f 163 178 179
f 164 173 180
f 164 180 181
f 164 181 165
f 165 181 182
f 165 182 183
f 165 183 184
f 165 184 166
f 166 184 167
f 167 185 176
f 167 184 186
f 167 186 185
f 168 175 187
f 168 187 188
f 168 188 169
f 169 188 170
f 170 188 189
f 170 189 190
f 170 190 191
f 170 191 192
f 170 192 193
f 170 193 171
f 171 193 194
f 171 194 192
f 171 192 195
f 171 195 234
f 171 234 196
f 172 196 173
f 173 196 180
f 174 197 175
f 175 197 198
f 175 198 187
f 176 199 177
f 176 185 214
f 176 214 200
f 176 200 199
f 177 199 201
f 177 201 178
f 178 201 202
f 178 202 203
f 178 203 204
f 178 204 205
f 178 205 179
f 180 196 206
f 180 206 207
f 180 207 181
f 181 207 208
f 181 208 183
f 181 183 182
f 183 208 209
f 183 209 210
f 183 210 184
f 184 210 211
f 184 211 212
f 184 212 213
f 184 213 186
f 185 186 215
f 185 215 214
f 186 213 211
f 186 211 216
f 186 216 217
f 186 217 215
f 187 218 189
f 187 189 188
f 189 218 219
f 189 219 220
f 189 220 190
f 190 220 221
f 190 221 222
f 190 222 223
f 190 223 191
f 191 223 224
f 191 224 225
f 191 225 226
f 191 226 227
f 191 227 228
f 191 228 229
f 191 229 195
f 191 195 192
f 192 194 193
f 195 229 230
f 195 230 231
f 195 231 232
f 195 232 233
f 195 233 234
f 196 234 206
f 199 200 235
f 199 235 236
f 199 236 202
f 199 202 201
f 200 214 237
f 200 237 238
f 200 238 239
f 200 239 235
f 202 236 203
f 203 205 204
f 203 236 240
f 203 240 241
f 203 241 242
f 203 242 205
f 206 234 243
f 206 243 244
f 206 244 207
f 207 244 245
f 207 245 246
f 207 246 247
f 207 247 248
f 207 248 208
f 208 248 209
f 209 248 211
f 209 211 210
f 211 249 216
f 211 213 212
f 211 248 283
f 211 283 249
f 214 215 237
f 215 217 250
f 215 250 251
f 215 251 252
f 215 252 237
f 216 253 254
f 216 254 217
f 216 249 253
f 217 254 255
f 217 255 250
f 219 256 220
f 220 256 257
f 220 257 258
f 220 258 259
f 220 259 224
f 220 224 221
f 221 224 222
f 222 224 223
f 224 259 260
f 224 260 225
f 225 260 226
f 226 261 228
f 226 228 227
f 226 260 262
f 228 261 263
f 228 263 229
f 229 263 264
f 229 264 265
f 229 265 230
f 230 265 266
f 230 266 267
f 230 267 268
f 230 268 231
f 231 268 269
f 231 269 232
f 233 243 234
f 235 270 236
f 235 239 271
f 235 271 270
f 236 270 240
f 237 252 272
f 237 272 238
f 238 272 252
f 238 252 273
f 238 273 274
f 238 274 275
f 238 275 276
f 238 276 239
f 239 276 277
f 239 277 278
f 239 278 279
f 239 279 270
f 239 270 271
f 240 270 279
f 240 279 277
f 240 277 280
f 240 280 281
f 240 281 241
f 243 245 244
f 245 282 246
f 246 282 283
f 246 283 247
f 247 283 248
f 249 284 253
f 250 255 285
f 250 285 286
f 250 286 251
f 251 286 252
f 252 286 287
f 252 287 288
f 252 288 289
f 252 289 273
f 253 284 254
f 257 290 258
f 258 290 260
f 258 260 259
f 260 291 262
f 260 290 291
f 263 292 264
f 264 292 265
f 265 292 266
f 273 289 293
f 273 293 294
f 273 294 295
f 273 295 274
f 274 295 275
f 275 297 276
f 275 295 296
f 276 297 298
f 276 298 299
f 276 299 280
f 276 280 300
f 276 300 277
f 277 300 280
f 277 279 278
f 285 301 286
f 286 301 302
f 286 302 303
f 286 303 287
f 287 304 305
f 287 305 306
f 287 306 288
f 287 303 307
f 287 307 308
f 287 308 304
f 288 306 305
f 288 305 293
f 288 293 289
f 293 305 294
f 294 305 309
f 294 309 310
f 294 310 295
f 295 310 311
f 295 311 296
f 302 312 303
f 303 312 313
f 303 313 307
f 307 313 308

o geometry_2
v 0.00859823 -0.00970018 0.00356059
v 0.00859890 -0.00970018 0.00587162
v 0.00862593 -0.00342606 0.00436176
v 0.00862593 -0.00342606 0.00256663
v 0.00861242 -0.00970018 0.00271900
v 0.01079462 -0.01283817 0.00271900
v 0.00950990 -0.01100292 0.00612807
v 0.00860093 -0.00970018 0.00612807
v 0.01052903 -0.00425708 0.00628493
v 0.00996405 -0.00342606 0.00464292
v 0.00862593 -0.00518208 0.00518539
v 0.00902534 -0.00530738 0.00601538
v 0.00921322 -0.00524565 0.00630178
v 0.00947881 -0.00501072 0.00629654
v 0.01022559 -0.00342606 0.00256663
v 0.00862593 -0.00970018 0.00256663
v 0.00876718 -0.00993604 0.00626097
v 0.01079598 -0.01283817 0.00510078
v 0.01056485 -0.01250373 0.00574733
v 0.01044117 -0.00440634 0.00632686
v 0.01069596 -0.00441186 0.00634521
v 0.01069596 -0.00426353 0.00627819
v 0.01013706 -0.00342606 0.00458957
v 0.00862593 -0.00955001 0.00633061
v 0.00862593 -0.00928744 0.00638003
v 0.00862593 -0.00877519 0.00638789
v 0.00862593 -0.00853473 0.00635532
v 0.00862593 -0.00832743 0.00628980
v 0.00940109 -0.00516826 0.00633398
v 0.00941258 -0.00543913 0.00638339
v 0.01111699 -0.00470023 0.00256663
v 0.01547330 -0.01092092 0.00317012
v 0.00914023 -0.00970018 0.00256663
v 0.01111699 -0.01283817 0.00271900
v 0.00952071 -0.01098817 0.00627932
v 0.01004244 -0.01174733 0.00603934
v 0.01078178 -0.01281053 0.00535798
v 0.00966939 -0.00518208 0.00638714
v 0.01043915 -0.00466891 0.00639013
v 0.01069596 -0.00466891 0.00639013
v 0.01095277 -0.00492596 0.00638302
v 0.01096223 -0.00466430 0.00633061
v 0.01082436 -0.00428288 0.00625723
v 0.00941258 -0.01031746 0.00639013
v 0.00966939 -0.00543913 0.00639013
v 0.01111699 -0.00831453 0.00256663
v 0.01550236 -0.01109873 0.00317012
v 0.01021883 -0.00342606 0.00436794
v 0.01442037 -0.00941734 0.00574583
v 0.01509923 -0.01038932 0.00471611
v 0.01547127 -0.01092092 0.00356097
v 0.01548005 -0.01124798 0.00317012
v 0.01519216 -0.01147463 0.00317012
v 0.01321810 -0.01283724 0.00317012
v 0.01095277 -0.01283817 0.00545943
v 0.01082706 -0.01283817 0.00535648
v 0.01027357 -0.01203386 0.00604084
v 0.00975860 -0.01126825 0.00628493
v 0.00967142 -0.01107938 0.00631151
v 0.01079598 -0.01278749 0.00552570
v 0.01069596 -0.01253229 0.00576455
v 0.01300725 -0.00800774 0.00639088
v 0.01287884 -0.00762171 0.00637422
v 0.01111699 -0.00474998 0.00629092
v 0.01262271 -0.00685149 0.00625723
v 0.00966939 -0.00864759 0.00639126
v 0.01545370 -0.01094487 0.00398102
v 0.01545370 -0.01097067 0.00398102
v 0.01318769 -0.01283724 0.00330752
v 0.01145490 -0.01283724 0.00527262
v 0.01116565 -0.01283724 0.00542012
v 0.01280247 -0.01283724 0.00412778
v 0.01202731 -0.01283724 0.00489076
v 0.01043915 -0.01207624 0.00605132
v 0.01001879 -0.01151885 0.00626921
v 0.00966939 -0.01083155 0.00637067
v 0.01095277 -0.01279210 0.00552495
v 0.01088654 -0.01253966 0.00576755
v 0.01326405 -0.00826294 0.00638489
v 0.01343504 -0.00807315 0.00629579
v 0.01352086 -0.00827584 0.00631488
v 0.01358507 -0.00822701 0.00612807
v 0.00992485 -0.01057359 0.00639013
v 0.01494210 -0.01017558 0.00524866
v 0.01520094 -0.01066572 0.00473576
v 0.01525839 -0.01101766 0.00428239
v 0.01531245 -0.01108031 0.00405515
v 0.01544626 -0.01121482 0.00343181
v 0.01520094 -0.01071731 0.00473576
v 0.01418857 -0.00912436 0.00604196
v 0.01366346 -0.00836889 0.00627221
v 0.01471030 -0.00988260 0.00556426
v 0.01178605 -0.01271010 0.00519175
v 0.01135352 -0.01225405 0.00574920
v 0.01493737 -0.01045013 0.00523256
v 0.01480491 -0.01049804 0.00526700
v 0.01519553 -0.01122035 0.00395931
v 0.01287952 -0.01275617 0.00420303
v 0.01509788 -0.01098357 0.00449373
v 0.01215200 -0.01265851 0.00500400
v 0.01495089 -0.01071547 0.00498660
v 0.01069596 -0.01217851 0.00597383
v 0.01043915 -0.01185881 0.00615690
v 0.01018234 -0.01154096 0.00627033
v 0.00992553 -0.01108860 0.00635045
v 0.00992553 -0.01083155 0.00637853
v 0.01300725 -0.00851999 0.00638714
v 0.01326405 -0.00851999 0.00637553
v 0.01472787 -0.01006042 0.00556276
v 0.01515161 -0.01118810 0.00413002
v 0.01391824 -0.00887561 0.00626359
v 0.01422709 -0.00929020 0.00605694
v 0.01452310 -0.00980337 0.00581210
v 0.01480491 -0.01062610 0.00516405
v 0.01421357 -0.01022441 0.00576455
v 0.01468732 -0.01148108 0.00421426
v 0.01069596 -0.01185881 0.00609737
v 0.01069596 -0.01160177 0.00618909
v 0.01045266 -0.01160361 0.00623739
v 0.01037562 -0.01151885 0.00626210
v 0.01018234 -0.01083155 0.00636131
v 0.01146706 -0.01185789 0.00589072
v 0.01352019 -0.00877611 0.00632724
v 0.01449674 -0.00999040 0.00577428
v 0.01412302 -0.00941872 0.00609400
v 0.01403381 -0.01006042 0.00589034
v 0.01377767 -0.00954725 0.00615502
v 0.01387229 -0.00913818 0.00625386
v 0.01403381 -0.00954725 0.00608689
f 314 315 316
f 314 316 317
f 314 318 319
f 314 317 318
f 314 319 320
f 314 320 315
f 315 321 316
f 316 322 323
f 316 323 336
f 316 336 361
f 316 361 328
f 316 328 317
f 316 321 324
f 316 324 325
f 316 325 326
f 316 326 327
f 316 327 322
f 317 328 344
f 317 344 359
f 317 359 346
f 317 346 329
f 317 329 318
f 318 329 319
f 315 330 321
f 315 320 330
f 320 319 331
f 320 331 332
f 322 333 334
f 322 334 335
f 322 335 323
f 323 335 336
f 321 330 337
f 321 337 338
f 321 338 339
f 321 339 340
f 321 340 341
f 321 341 324
f 324 341 325
f 325 341 340
f 325 340 326
f 326 342 327
f 326 340 339
f 326 343 342
f 327 333 322
f 328 362 345
f 328 345 344
f 329 346 347
f 329 347 319
f 319 347 368
f 319 368 369
f 319 369 331
f 330 320 348
f 320 332 349
f 320 349 348
f 331 350 332
f 333 327 342
f 333 342 351
f 333 351 352
f 333 352 334
f 334 352 353
f 334 353 354
f 334 354 355
f 334 355 356
f 334 356 335
f 335 356 336
f 330 348 337
f 339 338 357
f 339 343 326
f 342 343 351
f 343 358 351
f 343 339 358
f 344 345 360
f 344 360 359
f 328 361 356
f 328 356 362
f 345 363 364
f 345 364 360
f 345 362 363
f 347 365 366
f 347 366 367
f 347 367 368
f 347 346 359
f 347 359 365
f 331 369 350
f 348 349 370
f 348 370 371
f 348 371 372
f 349 332 370
f 350 373 332
f 350 369 373
f 332 373 374
f 332 374 370
f 352 351 358
f 352 358 353
f 353 375 354
f 354 376 355
f 355 377 356
f 356 361 336
f 348 372 337
f 357 379 339
f 339 379 358
f 358 379 353
f 359 360 365
f 360 364 380
f 360 380 381
f 356 378 362
f 364 363 380
f 367 366 382
f 367 382 368
f 368 383 384
f 368 382 385
f 368 385 386
f 368 386 383
f 369 368 373
f 370 387 388
f 370 388 371
f 370 374 387
f 371 388 389
f 371 389 372
f 372 389 337
f 373 368 390
f 373 390 391
f 373 391 374
f 374 391 387
f 353 379 375
f 375 392 354
f 354 392 376
f 355 376 394
f 355 394 393
f 355 393 377
f 356 377 378
f 337 389 338
f 338 389 357
f 357 389 396
f 357 396 379
f 360 381 365
f 380 363 397
f 380 397 398
f 380 398 402
f 380 402 381
f 381 399 400
f 381 400 401
f 381 401 365
f 381 402 399
f 378 395 362
f 362 395 404
f 362 403 405
f 362 405 397
f 362 397 363
f 365 401 366
f 383 407 384
f 383 408 409
f 383 409 407
f 384 390 368
f 382 366 410
f 382 410 385
f 385 410 411
f 385 411 386
f 386 411 412
f 386 412 414
f 386 414 413
f 386 413 383
f 383 413 406
f 387 415 416
f 387 416 388
f 387 391 415
f 388 417 418
f 388 418 389
f 389 418 419
f 390 384 391
f 392 394 376
f 392 375 420
f 392 420 421
f 393 378 377
f 393 394 404
f 393 404 378
f 378 404 395
f 389 419 396
f 396 375 379
f 397 408 402
f 397 402 398
f 397 405 422
f 397 422 408
f 399 402 412
f 399 423 400
f 400 423 410
f 400 410 401
f 401 410 366
f 402 408 414
f 402 414 412
f 362 404 403
f 403 404 424
f 403 424 425
f 403 425 405
f 404 394 424
f 405 426 422
f 405 425 426
f 406 413 427
f 383 406 408
f 384 407 391
f 408 406 427
f 409 428 407
f 410 423 411
f 411 429 412
f 413 414 427
f 415 430 416
f 416 430 431
f 416 431 432
f 416 432 417
f 416 417 388
f 417 432 433
f 417 433 418
f 418 433 434
f 418 434 419
f 419 434 421
f 419 421 420
f 407 428 435
f 407 435 391
f 391 435 415
f 394 392 424
f 420 375 396
f 421 436 392
f 392 436 424
f 422 437 408
f 422 426 437
f 412 429 399
f 399 429 423
f 423 429 411
f 408 427 414
f 408 437 428
f 408 428 409
f 425 424 438
f 425 438 426
f 426 438 437
f 415 435 430
f 430 435 439
f 431 430 440
f 434 433 436
f 428 439 435
f 420 396 419
f 421 434 436
f 436 433 441
f 436 441 424
f 424 441 438
f 438 441 442
f 438 442 437
f 439 442 430
f 430 442 440
f 431 440 441
f 431 441 432
f 440 442 441
f 433 432 441
f 428 437 439
f 439 437 442

o geometry_3
v -0.00009061 -0.00342606 -0.00289352
v -0.00137519 -0.00826305 -0.00289125
v -0.00163140 -0.00800613 -0.00289125
v -0.00342958 -0.00543851 -0.00289125
v -0.00445677 -0.00389752 -0.00289125
v -0.00467067 -0.00342606 -0.00289125
v -0.00004830 -0.00342606 -0.00289352
v -0.00137519 -0.00851997 -0.00287360
v -0.00086042 -0.00800613 -0.00289125
v -0.00111780 -0.00826305 -0.00288954
v -0.00188879 -0.00774921 -0.00288328
v -0.00240238 -0.00697897 -0.00288669
v -0.00291598 -0.00620822 -0.00288954
v -0.00471298 -0.00364060 -0.00288954
v -0.00471298 -0.00342606 -0.00289068
v 0.00530157 -0.00342606 -0.00289125
v 0.00530157 -0.00364060 -0.00289125
v 0.00427437 -0.00441135 -0.00289125
v -0.00112368 -0.00877165 -0.00282977
v -0.00137754 -0.00877165 -0.00280130
v -0.00163140 -0.00826305 -0.00285823
v -0.00111780 -0.00851997 -0.00287075
v -0.00111780 -0.00877165 -0.00282977
v 0.00504536 -0.00389752 -0.00289068
v 0.00068037 -0.00697897 -0.00289011
v 0.00401816 -0.00466775 -0.00288954
v -0.00034682 -0.00774921 -0.00288840
v 0.00016678 -0.00749281 -0.00288328
v -0.00060421 -0.00800613 -0.00288442
v -0.00086042 -0.00826305 -0.00287929
v -0.00214500 -0.00749281 -0.00286620
v -0.00265859 -0.00672206 -0.00287303
v -0.00317219 -0.00595235 -0.00287872
v -0.00368579 -0.00518159 -0.00288328
v -0.00419938 -0.00441135 -0.00288669
v -0.00492806 -0.00342606 -0.00288043
v 0.00555895 -0.00342606 -0.00289011
v 0.00581516 -0.00342606 -0.00288726
v -0.00139047 -0.00877165 -0.00279675
v -0.00153503 -0.00869421 -0.00276829
v -0.00162552 -0.00850008 -0.00279106
v -0.00190171 -0.00801555 -0.00282123
v -0.00266330 -0.00697374 -0.00280984
v -0.00318159 -0.00621031 -0.00281611
v -0.00342958 -0.00569543 -0.00285823
v -0.00394317 -0.00492467 -0.00286677
v -0.00060421 -0.00826305 -0.00285595
v -0.00086042 -0.00851997 -0.00284343
v -0.00009061 -0.00774921 -0.00287702
v 0.00504536 -0.00415444 -0.00287702
v 0.00144900 -0.00672206 -0.00287075
v 0.00555895 -0.00389752 -0.00286335
v 0.00016678 -0.00774921 -0.00285254
v -0.00034682 -0.00877165 -0.00272787
v 0.00555895 -0.00364060 -0.00288669
v 0.00478797 -0.00415444 -0.00288840
v 0.00221999 -0.00595235 -0.00288840
v 0.00042299 -0.00723589 -0.00288726
v 0.00530157 -0.00389752 -0.00288328
v 0.00350457 -0.00518159 -0.00288157
v 0.00093541 -0.00697897 -0.00288157
v -0.00445677 -0.00415444 -0.00287360
v -0.00497154 -0.00342606 -0.00286848
v 0.00607255 -0.00342606 -0.00287588
v -0.00149389 -0.00877165 -0.00268404
v -0.00176656 -0.00840066 -0.00274096
v -0.00228838 -0.00764246 -0.00275235
v -0.00281138 -0.00688427 -0.00276089
v -0.00460956 -0.00431665 -0.00276146
v -0.00513138 -0.00355845 -0.00276886
v -0.00205803 -0.00793601 -0.00277455
v -0.00214382 -0.00773665 -0.00280130
v -0.00437803 -0.00461019 -0.00277910
v -0.00446030 -0.00440612 -0.00280984
v -0.00497977 -0.00364269 -0.00281611
v 0.00350457 -0.00543851 -0.00284798
v 0.00607255 -0.00364060 -0.00284798
v -0.00009061 -0.00800613 -0.00283888
v 0.00581516 -0.00364060 -0.00287360
v 0.00453176 -0.00466775 -0.00285595
v 0.00376078 -0.00543851 -0.00281440
v 0.00401816 -0.00543851 -0.00278024
v 0.00674951 -0.00441135 -0.00261231
v 0.00674951 -0.00543171 -0.00241876
v 0.00350457 -0.00877165 -0.00221611
v 0.00298979 -0.00543851 -0.00288726
v -0.00516664 -0.00342606 -0.00279732
v 0.00632876 -0.00342606 -0.00285197
v -0.00151035 -0.00877165 -0.00260320
v -0.00155148 -0.00871723 -0.00260320
v -0.00177008 -0.00840537 -0.00260320
v -0.00356826 -0.00583828 -0.00260320
v -0.00356473 -0.00583304 -0.00274153
v -0.00408656 -0.00507484 -0.00275235
v -0.00525126 -0.00342606 -0.00263223
v -0.00519249 -0.00342606 -0.00278423
v 0.00581516 -0.00389752 -0.00283375
v 0.00427437 -0.00492467 -0.00284343
v 0.00658615 -0.00342606 -0.00282066
v 0.00607255 -0.00389752 -0.00279960
v 0.00597383 -0.00430304 -0.00273584
v 0.00658615 -0.00383211 -0.00274381
v 0.00674951 -0.00379862 -0.00272844
v 0.00674951 -0.00635211 -0.00224400
v 0.00674951 -0.00647456 -0.00222066
v 0.00674951 -0.00653107 -0.00220984
v 0.00674951 -0.00663467 -0.00218650
v 0.00674951 -0.00671996 -0.00216430
v 0.00374197 -0.00877165 -0.00217057
v -0.00151387 -0.00877165 -0.00249504
v -0.00356826 -0.00583828 0.00253266
v -0.00525713 -0.00342606 -0.00080548
v -0.00514783 -0.00358199 -0.00260320
v -0.00525596 -0.00342606 -0.00260320
v 0.00674951 -0.00342606 -0.00279903
v 0.00674951 -0.00355531 -0.00277455
v 0.00674951 -0.00689421 -0.00209428
v 0.00375608 -0.00877165 -0.00216544
v -0.00151387 -0.00877165 0.00292203
v -0.00514783 -0.00358199 0.00253266
v -0.00186998 -0.00826305 0.00292203
v -0.00525596 -0.00342606 0.00253266
v 0.00674951 -0.00342606 0.00292203
v 0.00674951 -0.00696642 -0.00204817
v 0.00396175 -0.00877165 -0.00204704
v 0.00404872 -0.00877165 0.00292203
v -0.00203100 -0.00803124 0.00292203
v -0.00513138 -0.00355845 0.00271938
v -0.00519249 -0.00342606 0.00274158
v 0.00674951 -0.00708363 0.00292203
v 0.00427085 -0.00342606 0.00292203
v 0.00674951 -0.00707107 -0.00183527
v 0.00404049 -0.00877165 -0.00183299
v 0.00674951 -0.00707211 -0.00183299
v 0.00404872 -0.00877165 -0.00157569
v -0.00207448 -0.00796531 0.00292203
v -0.00497977 -0.00364269 0.00278541
v -0.00497154 -0.00342606 0.00286169
v 0.00674951 -0.00708363 -0.00157569
v -0.00009061 -0.00342606 0.00291292
v -0.00060186 -0.00638560 0.00292203
v -0.00215322 -0.00773456 0.00292203
v -0.00471298 -0.00342606 0.00289015
v -0.00471298 -0.00364060 0.00288731
v -0.00212737 -0.00750014 0.00292203
v -0.00188056 -0.00724741 0.00292203
v -0.00112251 -0.00672206 0.00292203
v -0.00081106 -0.00651642 0.00292203
f 443 444 445
f 443 445 446
f 443 446 447
f 443 447 448
f 443 448 457
f 443 457 478
f 443 478 505
f 443 505 529
f 443 529 538
f 443 538 537
f 443 537 556
f 443 556 554
f 443 554 564
f 443 564 571
f 443 571 580
f 443 580 585
f 443 585 582
f 443 582 573
f 443 573 565
f 443 565 557
f 443 557 541
f 443 541 530
f 443 530 506
f 443 506 480
f 443 480 479
f 443 479 458
f 443 458 449
f 443 449 444
f 444 450 445
f 444 449 451
f 444 451 452
f 444 452 450
f 445 450 453
f 445 453 454
f 445 454 455
f 445 455 446
f 446 455 456
f 446 456 447
f 447 456 448
f 448 456 457
f 449 458 459
f 449 459 460
f 449 460 451
f 450 461 462
f 450 462 463
f 450 463 453
f 450 452 464
f 450 464 465
f 450 465 461
f 451 460 466
f 451 466 467
f 451 467 452
f 452 467 468
f 452 468 469
f 452 469 470
f 452 470 471
f 452 471 472
f 452 472 464
f 453 473 474
f 453 474 475
f 453 475 476
f 453 476 477
f 453 477 454
f 453 463 473
f 454 477 456
f 454 456 455
f 456 477 478
f 456 478 457
f 458 479 459
f 459 479 480
f 459 480 466
f 459 466 460
f 461 465 496
f 461 496 527
f 461 527 551
f 461 551 560
f 461 560 567
f 461 567 575
f 461 575 577
f 461 577 568
f 461 568 561
f 461 561 552
f 461 552 531
f 461 531 507
f 461 507 481
f 461 481 462
f 462 481 482
f 462 482 463
f 463 482 483
f 463 483 484
f 463 484 485
f 463 485 486
f 463 486 517
f 463 517 487
f 463 487 488
f 463 488 473
f 464 489 490
f 464 490 465
f 464 472 491
f 464 491 492
f 464 492 493
f 464 493 494
f 464 494 495
f 464 495 489
f 465 490 496
f 466 480 497
f 466 497 498
f 466 498 468
f 466 468 467
f 468 498 499
f 468 499 469
f 469 499 500
f 469 500 470
f 470 500 501
f 470 501 502
f 470 502 503
f 470 503 472
f 470 472 471
f 472 503 502
f 472 502 492
f 472 492 491
f 473 488 504
f 473 504 474
f 474 504 475
f 475 504 476
f 476 504 478
f 476 478 477
f 478 504 505
f 480 506 497
f 481 507 482
f 482 507 508
f 482 508 509
f 482 509 510
f 482 510 511
f 482 511 512
f 482 512 513
f 482 513 483
f 483 513 514
f 483 514 484
f 484 514 485
f 485 515 516
f 485 516 517
f 485 517 486
f 485 514 513
f 485 513 515
f 487 517 488
f 488 517 504
f 489 495 490
f 490 495 518
f 490 518 519
f 490 519 520
f 490 520 496
f 492 501 521
f 492 521 494
f 492 494 493
f 492 502 501
f 494 521 519
f 494 519 522
f 494 522 495
f 495 522 519
f 495 519 518
f 496 520 523
f 496 523 524
f 496 524 525
f 496 525 526
f 496 526 527
f 497 501 498
f 497 506 501
f 498 501 528
f 498 528 500
f 498 500 499
f 500 528 501
f 501 506 521
f 504 517 505
f 505 517 529
f 506 530 521
f 507 531 508
f 508 531 532
f 508 532 533
f 508 533 534
f 508 534 535
f 508 535 509
f 509 535 536
f 509 536 511
f 509 511 510
f 511 536 535
f 511 535 537
f 511 537 512
f 512 537 538
f 512 538 529
f 512 529 517
f 512 517 516
f 512 516 515
f 512 515 513
f 519 539 540
f 519 540 520
f 519 521 530
f 519 530 541
f 519 541 539
f 520 540 539
f 520 539 523
f 523 539 542
f 523 542 524
f 524 542 543
f 524 543 525
f 525 543 544
f 525 544 545
f 525 545 558
f 525 558 557
f 525 557 565
f 525 565 572
f 525 572 581
f 525 581 576
f 525 576 574
f 525 574 566
f 525 566 559
f 525 559 550
f 525 550 549
f 525 549 548
f 525 548 547
f 525 547 546
f 525 546 526
f 526 546 527
f 527 546 547
f 527 547 548
f 527 548 549
f 527 549 550
f 527 550 551
f 531 552 532
f 532 552 533
f 533 552 534
f 534 553 554
f 534 554 555
f 534 555 535
f 534 552 561
f 534 561 553
f 535 555 556
f 535 556 537
f 539 541 557
f 539 557 542
f 542 557 558
f 542 558 544
f 542 544 543
f 544 558 545
f 550 559 551
f 551 559 560
f 553 562 554
f 553 561 563
f 553 563 562
f 554 562 564
f 554 556 555
f 559 566 560
f 560 566 567
f 561 568 572
f 561 572 565
f 561 565 573
f 561 573 583
f 561 583 590
f 561 590 589
f 561 589 588
f 561 588 587
f 561 587 584
f 561 584 578
f 561 578 569
f 561 569 563
f 562 563 569
f 562 569 564
f 564 570 571
f 564 569 570
f 566 574 567
f 567 574 576
f 567 576 575
f 568 577 581
f 568 581 572
f 569 578 570
f 570 578 571
f 571 579 580
f 571 578 579
f 573 582 583
f 575 576 581
f 575 581 577
f 578 584 585
f 578 585 586
f 578 586 580
f 578 580 579
f 580 586 585
f 582 585 587
f 582 587 588
f 582 588 589
f 582 589 590
f 582 590 583
f 584 587 585

o geometry_4
v 0.00273339 0.00105552 -0.00089356
v 0.00324770 0.00047172 0.00021579
v 0.00294804 0.00104068 -0.00089356
v 0.00246571 0.00098255 -0.00089356
v 0.00325275 0.00047109 0.00021579
v 0.00297413 0.00039622 0.00021579
v 0.00315679 0.00090357 -0.00088900
v 0.00315679 0.00090420 -0.00089356
v 0.00348255 0.00042307 0.00021579
v 0.00196319 0.00083755 -0.00089356
v 0.00146488 0.00069318 -0.00089356
v 0.00199854 0.00011064 0.00021579
v 0.00361133 0.00031408 0.00021579
v 0.00339585 0.00062399 -0.00080571
v 0.00339585 0.00062462 -0.00089356
v -0.00290043 -0.00059005 -0.00089356
v -0.00238191 -0.00117701 0.00021579
v 0.00370393 0.00018583 0.00021579
v 0.00350612 0.00046888 -0.00080571
v 0.00346824 0.00052258 -0.00089356
v -0.00317231 -0.00067060 -0.00089356
v -0.00317905 -0.00141425 0.00021579
v 0.00536890 -0.00216991 0.00021579
v 0.00536975 -0.00217149 -0.00089356
v -0.00322787 -0.00069051 -0.00089356
v -0.00322787 -0.00142942 0.00021579
v 0.00536975 -0.00217149 0.00021579
v -0.00322787 -0.00217149 -0.00089356
v -0.00322787 -0.00217149 0.00021579
f 591 592 593
f 591 593 598
f 591 598 605
f 591 605 610
f 591 610 614
f 591 614 618
f 591 618 615
f 591 615 611
f 591 611 606
f 591 606 601
f 591 601 600
f 591 600 594
f 591 594 592
f 592 595 593
f 592 594 596
f 592 596 602
f 592 602 607
f 592 607 612
f 592 612 616
f 592 616 619
f 592 619 617
f 592 617 613
f 592 613 608
f 592 608 603
f 592 603 599
f 592 599 595
f 593 597 598
f 593 595 599
f 593 599 597
f 594 600 596
f 596 600 601
f 596 601 602
f 597 599 603
f 597 603 598
f 598 603 604
f 598 604 605
f 601 606 607
f 601 607 602
f 603 608 604
f 604 608 605
f 605 608 609
f 605 609 610
f 606 611 607
f 607 611 612
f 608 613 609
f 609 613 610
f 610 613 614
f 611 615 616
f 611 616 612
f 613 617 614
f 614 617 619
f 614 619 618
f 615 618 619
f 615 619 616

o geometry_5
v 0.00416317 -0.01687966 0.00535773
v 0.00416317 -0.01687728 0.00558249
v 0.00415150 -0.01686141 0.00561408
v 0.00406036 -0.01673284 0.00561408
v 0.00414983 -0.01686141 0.00368152
v 0.00416261 -0.01687886 0.00253245
v 0.00416317 -0.01687886 0.00022168
v 0.00416317 -0.01687252 0.00561498
v 0.00385808 -0.01639636 0.00604735
v 0.00384196 -0.01641937 0.00587043
v 0.00371359 -0.01623684 0.00587043
v 0.00309729 -0.01535754 0.00612768
v -0.00151411 -0.00877384 -0.00029102
v -0.00151411 -0.00877384 -0.00234454
v 0.00406036 -0.01673284 -0.00003467
v 0.00414983 -0.01686061 0.00022168
v 0.00055541 -0.01172761 0.00587043
v 0.00415039 -0.01686061 -0.00003467
v 0.00416317 -0.01687648 -0.00003467
v 0.00408481 -0.01668602 0.00587043
v 0.00416317 -0.01671300 0.00587765
v 0.00412149 -0.01662888 0.00601034
v 0.00362690 -0.01610431 0.00602569
v 0.00359244 -0.01589242 0.00627391
v 0.00333903 -0.01563371 0.00628655
v 0.00310451 -0.01534722 0.00627301
v 0.00318954 -0.01548610 0.00612768
v 0.00182857 -0.01353543 0.00626308
v 0.00077325 -0.01203791 0.00612768
v -0.00151300 -0.00877384 0.00381601
v 0.00293613 -0.00877225 0.00478184
v 0.00293613 -0.00877225 -0.00229128
v -0.00151300 -0.00877384 -0.00249438
v -0.00093449 -0.00959998 -0.00234454
v -0.00027985 -0.01053484 -0.00208909
v 0.00331569 -0.01566942 -0.00054827
v 0.00384196 -0.01642096 -0.00029102
v 0.00055652 -0.01172682 0.00612768
v 0.00362356 -0.01610828 -0.00054827
v 0.00362690 -0.01610352 -0.00068367
v 0.00406370 -0.01671776 -0.00029102
v 0.00416317 -0.01677887 -0.00030095
v 0.00416317 -0.01662888 0.00601034
v 0.00388642 -0.01609717 0.00625586
v 0.00331791 -0.01566386 0.00612768
v 0.00350464 -0.01545515 0.00636237
v 0.00350630 -0.01571545 0.00630190
v 0.00324789 -0.01519723 0.00636959
v 0.00325123 -0.01544166 0.00631182
v 0.00281332 -0.01487979 0.00629738
v 0.00258158 -0.01458695 0.00628113
v 0.00078492 -0.01202125 0.00628113
v 0.00130675 -0.01277834 0.00627301
v -0.00150744 -0.00877384 0.00407236
v -0.00138796 -0.00877384 0.00425560
v -0.00137907 -0.00877384 0.00425831
v 0.00347629 -0.00877225 0.00494342
v 0.00350464 -0.00877225 -0.00221456
v 0.00293613 -0.00877384 -0.00229128
v 0.00273329 -0.00877384 -0.00231836
v -0.00112288 -0.00877384 -0.00283016
v -0.00137685 -0.00877384 -0.00280127
v -0.00139074 -0.00877384 -0.00279676
v -0.00149355 -0.00877384 -0.00268393
v -0.00150911 -0.00877384 -0.00260269
v -0.00080556 -0.00977933 -0.00234454
v 0.00046927 -0.01159826 0.00612768
v 0.00310952 -0.01533849 -0.00094363
v 0.00337571 -0.01558292 -0.00093280
v 0.00376083 -0.01615748 -0.00070263
v 0.00409370 -0.01667174 -0.00045891
v 0.00183302 -0.01352829 -0.00144821
v 0.00416317 -0.01674316 -0.00039302
v 0.00416317 -0.01621462 0.00616921
v 0.00399423 -0.01619954 0.00620351
v 0.00389309 -0.01609717 0.00625586
v 0.00376083 -0.01571148 0.00631363
v 0.00376083 -0.01545515 0.00634522
v 0.00376083 -0.01519723 0.00637320
v 0.00350464 -0.01519723 0.00638584
v 0.00093719 -0.01186014 0.00637591
v 0.00144901 -0.01262914 0.00636959
v 0.00196306 -0.01339814 0.00636237
v 0.00221147 -0.01391319 0.00632897
v 0.00272996 -0.01467663 0.00632266
v 0.00324789 -0.01494090 0.00639126
v 0.00299004 -0.01468298 0.00638855
v 0.00221925 -0.01365527 0.00638043
v 0.00101610 -0.01231408 0.00629828
v 0.00153737 -0.01307038 0.00629377
v 0.00205975 -0.01382906 0.00628836
v 0.00049872 -0.01155778 0.00630009
v 0.00051206 -0.01134669 0.00628926
v 0.00055207 -0.01121812 0.00625496
v 0.00068044 -0.01117448 0.00628926
v 0.00101610 -0.01092767 0.00629016
v 0.00177300 -0.01040468 0.00629467
v -0.00111788 -0.00877384 0.00430434
v 0.00376083 -0.00877225 0.00500389
v 0.00364246 -0.00877225 0.00497952
v 0.00196306 -0.01038167 0.00631182
v 0.00350464 -0.00883415 -0.00220372
v 0.00374249 -0.00877225 -0.00216942
v 0.00414094 -0.00967299 -0.00196001
v 0.00404036 -0.00981425 -0.00194737
v -0.00034709 -0.00980552 -0.00253138
v 0.00324789 -0.01494090 -0.00107903
v -0.00097173 -0.00917302 -0.00273358
v -0.00100340 -0.00917302 -0.00273358
v -0.00110065 -0.00904604 -0.00276156
v -0.00129405 -0.00896827 -0.00275975
v -0.00078056 -0.00974282 -0.00251694
v 0.00259825 -0.01456235 -0.00119547
v 0.00337682 -0.01558292 -0.00093280
v 0.00401813 -0.01617256 -0.00070443
v 0.00401813 -0.01630112 -0.00065388
v 0.00133286 -0.01275533 -0.00169915
v -0.00052437 -0.00998487 -0.00249077
v 0.00416317 -0.01668285 -0.00046162
v 0.00416317 -0.01599956 0.00623961
v 0.00406425 -0.01603606 0.00624683
v 0.00416317 -0.01587655 0.00626037
v 0.00401813 -0.01519723 0.00635515
v 0.00416317 -0.01494090 0.00637140
v 0.00405703 -0.01490122 0.00638043
v 0.00416317 -0.01479408 0.00638223
v 0.00416317 -0.01468298 0.00638674
v 0.00379973 -0.01490122 0.00638855
v 0.00350464 -0.01494090 0.00639126
v 0.00068044 -0.01134669 0.00635696
v 0.00065655 -0.01162683 0.00633620
v 0.00093330 -0.01211013 0.00632266
v 0.00170631 -0.01288547 0.00638494
v 0.00119338 -0.01211568 0.00638765
v 0.00093719 -0.01160381 0.00639035
v 0.00196306 -0.01314181 0.00639035
v 0.00247710 -0.01391239 0.00639035
v 0.00299004 -0.01442585 0.00639126
v 0.00093330 -0.01108004 0.00632897
v 0.00169409 -0.01056261 0.00633259
v 0.00196306 -0.01057610 0.00637862
v 0.00414705 -0.00916350 0.00522775
v 0.00392310 -0.00883177 0.00501021
v 0.00396144 -0.00877225 0.00489287
v 0.00212811 -0.01040389 0.00629106
v 0.00416317 -0.00963569 0.00550847
v 0.00375582 -0.00877225 -0.00216491
v 0.00416317 -0.00948490 -0.00197987
v 0.00416317 -0.00950950 -0.00197716
v 0.00416317 -0.00969521 -0.00195098
v 0.00416317 -0.00994360 -0.00190495
v 0.00416317 -0.01111178 -0.00168470
v 0.00289501 -0.01457663 -0.00119366
v 0.00401813 -0.01490122 -0.00098425
v 0.00416317 -0.01508454 -0.00093009
v 0.00416317 -0.01545435 -0.00085969
v 0.00350464 -0.01519723 -0.00099599
v 0.00376083 -0.01571148 -0.00086330
v 0.00354798 -0.01553451 -0.00092377
v 0.00401813 -0.01596781 -0.00076762
v 0.00416317 -0.01597099 -0.00073693
v 0.00416317 -0.01613050 -0.00068728
v 0.00416317 -0.01619716 -0.00066562
v 0.00416317 -0.01640270 -0.00059521
v 0.00416317 -0.01589877 0.00625676
v 0.00416317 -0.01505279 0.00635966
v 0.00416317 -0.01453775 0.00639035
v 0.00401813 -0.01468298 0.00639035
v 0.00376083 -0.01468298 0.00639126
v 0.00093719 -0.01134669 0.00639035
v 0.00119338 -0.01108956 0.00638223
v 0.00144901 -0.01083243 0.00636418
v 0.00293613 -0.01416952 0.00639126
v 0.00170631 -0.01083243 0.00639035
v 0.00196306 -0.01083243 0.00639035
v 0.00416317 -0.01185935 0.00638674
v 0.00416317 -0.01171571 0.00636959
v 0.00416317 -0.01159746 0.00633890
v 0.00416317 -0.01146652 0.00629828
v 0.00416317 -0.00920397 0.00524400
v 0.00404591 -0.00877225 0.00458687
v 0.00397256 -0.00877225 0.00487752
v 0.00416317 -0.01017930 0.00574767
v 0.00416317 -0.00980155 0.00558429
v 0.00396144 -0.00877225 -0.00204666
v 0.00416317 -0.00927936 -0.00197716
v 0.00416317 -0.00929206 -0.00197806
v 0.00416317 -0.01571148 -0.00080643
v 0.00401813 -0.01571148 -0.00082900
v 0.00368636 -0.01536388 -0.00094002
v 0.00416317 -0.01197045 0.00639035
v 0.00324789 -0.01339814 0.00639126
v 0.00293613 -0.01365527 0.00639126
v 0.00416317 -0.00916905 0.00510048
v 0.00416317 -0.00915318 0.00484412
v 0.00404814 -0.00877225 0.00432962
v 0.00415039 -0.00915794 -0.00196452
v 0.00416317 -0.00923492 -0.00197084
v 0.00404091 -0.00877225 -0.00183093
v 0.00416317 -0.00915318 -0.00157368
v 0.00404814 -0.00877225 -0.00158361
v 0.00416317 -0.00917857 -0.00194376
v 0.00416317 -0.00916111 -0.00181378
f 620 621 622
f 620 622 623
f 620 623 624
f 620 624 625
f 620 625 626
f 620 626 638
f 620 638 661
f 620 661 692
f 620 692 738
f 620 738 783
f 620 783 782
f 620 782 781
f 620 781 780
f 620 780 807
f 620 807 775
f 620 775 774
f 620 774 771
f 620 771 770
f 620 770 769
f 620 769 768
f 620 768 767
f 620 767 806
f 620 806 805
f 620 805 817
f 620 817 821
f 620 821 822
f 620 822 819
f 620 819 814
f 620 814 813
f 620 813 799
f 620 799 765
f 620 765 803
f 620 803 802
f 620 802 798
f 620 798 797
f 620 797 796
f 620 796 795
f 620 795 810
f 620 810 786
f 620 786 746
f 620 746 745
f 620 745 743
f 620 743 785
f 620 785 741
f 620 741 784
f 620 784 739
f 620 739 693
f 620 693 662
f 620 662 640
f 620 640 627
f 620 627 621
f 621 627 622
f 622 627 628
f 622 628 629
f 622 629 623
f 623 629 630
f 623 630 631
f 623 631 624
f 624 632 633
f 624 633 634
f 624 634 635
f 624 635 625
f 624 631 636
f 624 636 632
f 625 635 626
f 626 635 637
f 626 637 638
f 627 639 628
f 627 640 641
f 627 641 639
f 628 642 629
f 628 639 641
f 628 641 643
f 628 643 644
f 628 644 645
f 628 645 642
f 629 642 646
f 629 646 631
f 629 631 630
f 631 646 645
f 631 645 647
f 631 647 648
f 631 648 636
f 632 636 649
f 632 649 650
f 632 650 651
f 632 651 633
f 633 651 652
f 633 652 653
f 633 653 654
f 633 654 655
f 633 655 656
f 633 656 634
f 634 656 637
f 634 637 635
f 636 648 657
f 636 657 649
f 637 656 658
f 637 658 659
f 637 659 660
f 637 660 638
f 638 660 661
f 640 662 641
f 641 662 695
f 641 695 663
f 641 663 643
f 642 645 664
f 642 664 646
f 643 663 665
f 643 665 666
f 643 666 644
f 644 666 665
f 644 665 667
f 644 667 668
f 644 668 669
f 644 669 645
f 645 669 670
f 645 670 671
f 645 671 672
f 645 672 647
f 645 646 664
f 647 672 657
f 647 657 648
f 649 673 650
f 649 657 673
f 650 673 674
f 650 674 675
f 650 675 676
f 650 676 719
f 650 719 718
f 650 718 763
f 650 763 801
f 650 801 800
f 650 800 815
f 650 815 820
f 650 820 818
f 650 818 804
f 650 804 766
f 650 766 722
f 650 722 677
f 650 677 651
f 651 677 678
f 651 678 679
f 651 679 680
f 651 680 681
f 651 681 682
f 651 682 683
f 651 683 684
f 651 684 652
f 652 684 653
f 653 684 685
f 653 685 659
f 653 659 654
f 654 659 658
f 654 658 655
f 655 658 656
f 657 686 673
f 657 672 671
f 657 671 686
f 659 687 688
f 659 688 689
f 659 689 690
f 659 690 660
f 659 685 691
f 659 691 687
f 660 690 692
f 660 692 661
f 662 693 694
f 662 694 695
f 663 695 665
f 665 696 697
f 665 697 698
f 665 698 699
f 665 699 667
f 665 695 696
f 667 700 701
f 667 701 702
f 667 702 703
f 667 703 704
f 667 704 668
f 667 699 705
f 667 705 706
f 667 706 707
f 667 707 700
f 668 704 669
f 669 708 709
f 669 709 710
f 669 710 670
f 669 704 708
f 670 710 671
f 671 710 709
f 671 709 708
f 671 708 711
f 671 711 686
f 673 686 711
f 673 711 674
f 674 711 712
f 674 712 713
f 674 713 714
f 674 714 715
f 674 715 716
f 674 716 675
f 675 717 718
f 675 718 719
f 675 719 676
f 675 716 720
f 675 720 717
f 677 721 678
f 677 722 723
f 677 723 721
f 678 721 724
f 678 724 679
f 679 724 725
f 679 725 680
f 680 725 726
f 680 726 727
f 680 727 728
f 680 728 729
f 680 729 681
f 681 729 730
f 681 730 682
f 682 730 683
f 683 730 731
f 683 731 691
f 683 691 685
f 683 685 684
f 687 691 732
f 687 732 688
f 688 733 734
f 688 734 735
f 688 735 689
f 688 732 736
f 688 736 730
f 688 730 737
f 688 737 728
f 688 728 727
f 688 727 733
f 689 735 738
f 689 738 690
f 690 738 692
f 691 731 730
f 691 730 736
f 691 736 732
f 693 739 740
f 693 740 695
f 693 695 694
f 695 740 741
f 695 741 697
f 695 697 696
f 697 741 742
f 697 742 698
f 698 742 743
f 698 743 744
f 698 744 699
f 699 744 745
f 699 745 746
f 699 746 747
f 699 747 748
f 699 748 705
f 700 749 750
f 700 750 751
f 700 751 701
f 700 707 752
f 700 752 753
f 700 753 754
f 700 754 749
f 701 751 703
f 701 703 702
f 703 751 704
f 704 751 708
f 705 754 755
f 705 755 756
f 705 756 706
f 705 748 788
f 705 788 811
f 705 811 812
f 705 812 792
f 705 792 757
f 705 757 754
f 706 756 753
f 706 753 752
f 706 752 707
f 708 751 711
f 711 751 750
f 711 750 749
f 711 749 712
f 712 749 713
f 713 749 714
f 714 749 758
f 714 758 715
f 715 758 716
f 716 758 759
f 716 759 760
f 716 760 720
f 717 720 718
f 718 761 762
f 718 762 763
f 718 720 761
f 720 760 764
f 720 764 765
f 720 765 761
f 721 723 724
f 722 766 767
f 722 767 768
f 722 768 723
f 723 769 770
f 723 770 771
f 723 771 724
f 723 768 769
f 724 771 725
f 725 771 726
f 726 772 727
f 726 771 773
f 726 773 774
f 726 774 775
f 726 775 776
f 726 776 777
f 726 777 778
f 726 778 772
f 727 772 733
f 728 737 730
f 728 730 729
f 733 778 777
f 733 777 779
f 733 779 734
f 733 772 778
f 734 779 780
f 734 780 781
f 734 781 782
f 734 782 783
f 734 783 735
f 735 783 738
f 739 784 740
f 740 784 741
f 741 785 742
f 742 785 743
f 743 745 744
f 746 786 787
f 746 787 747
f 747 787 748
f 748 787 786
f 748 786 788
f 749 754 789
f 749 789 790
f 749 790 791
f 749 791 758
f 753 756 755
f 753 755 754
f 754 757 792
f 754 792 812
f 754 812 789
f 758 791 759
f 759 791 760
f 760 791 790
f 760 790 793
f 760 793 794
f 760 794 795
f 760 795 796
f 760 796 797
f 760 797 798
f 760 798 764
f 761 765 799
f 761 799 800
f 761 800 801
f 761 801 763
f 761 763 762
f 764 798 802
f 764 802 803
f 764 803 765
f 766 804 805
f 766 805 806
f 766 806 767
f 771 774 773
f 775 807 808
f 775 808 777
f 775 777 809
f 775 809 776
f 776 809 777
f 777 808 779
f 779 808 807
f 779 807 780
f 786 810 788
f 788 810 811
f 789 793 790
f 789 812 811
f 789 811 793
f 793 811 794
f 794 810 795
f 794 811 810
f 799 813 800
f 800 814 815
f 800 813 814
f 804 816 817
f 804 817 805
f 804 818 816
f 814 819 820
f 814 820 815
f 816 818 821
f 816 821 817
f 818 820 822
f 818 822 821
f 819 822 820

o geometry_6
v 0.00674951 -0.00342606 0.00367148
v 0.00674951 -0.00656979 0.00498252
v 0.00674951 -0.00342606 0.00292259
v 0.00671988 -0.00342606 0.00366415
v -0.00077734 -0.00681938 0.00422923
v -0.00060392 -0.00678694 0.00424807
v 0.00674951 -0.00672101 0.00503590
v 0.00427019 -0.00342606 0.00292259
v 0.00674951 -0.00708310 0.00292259
v 0.00044271 -0.00609467 0.00292217
v -0.00060217 -0.00638560 0.00292217
v -0.00081133 -0.00651694 0.00292217
v -0.00112244 -0.00672206 0.00292217
v -0.00124270 -0.00711136 0.00412098
v -0.00153639 -0.00734107 0.00422378
v -0.00182833 -0.00757496 0.00423613
v -0.00162528 -0.00749072 0.00425623
v -0.00086187 -0.00697322 0.00426000
v -0.00060392 -0.00697898 0.00429999
v 0.00376125 -0.00877165 0.00500429
v 0.00674951 -0.00694758 0.00506103
v -0.00137429 -0.00749229 0.00429601
v -0.00163138 -0.00774921 0.00430522
v -0.00009062 -0.00622339 0.00292217
v -0.00029629 -0.00628304 0.00292217
v 0.00674951 -0.00708310 0.00458724
v 0.00404797 -0.00877165 0.00292259
v 0.00044271 -0.00877113 0.00292217
v -0.00188062 -0.00724741 0.00292217
v -0.00186667 -0.00754775 0.00407388
v -0.00199478 -0.00764665 0.00407388
v -0.00205055 -0.00781148 0.00423258
v -0.00190327 -0.00773560 0.00426147
v 0.00364186 -0.00877165 0.00498042
v 0.00396082 -0.00877165 0.00489395
v -0.00163138 -0.00800613 0.00430585
v -0.00137429 -0.00851997 0.00429915
v -0.00111808 -0.00877113 0.00430564
v -0.00137952 -0.00877113 0.00425979
v 0.00674951 -0.00697217 0.00502523
v 0.00674951 -0.00707211 0.00484413
v 0.00404622 -0.00877165 0.00458724
v 0.00404797 -0.00877165 0.00433056
v 0.00156603 -0.00877165 0.00292259
v -0.00151373 -0.00877113 0.00292217
v -0.00212724 -0.00750014 0.00292217
v -0.00206972 -0.00777485 0.00407388
v -0.00205055 -0.00793130 0.00423258
v -0.00189717 -0.00801293 0.00426189
v 0.00348413 -0.00877165 0.00494588
v 0.00397215 -0.00877165 0.00487700
v -0.00163138 -0.00826305 0.00428345
v -0.00138737 -0.00877113 0.00425728
v 0.00156603 -0.00877165 0.00441263
v 0.00347628 -0.00877165 0.00494399
v -0.00151373 -0.00877113 0.00381720
v -0.00186929 -0.00826305 0.00292217
v -0.00215338 -0.00773456 0.00292217
v -0.00206972 -0.00796165 0.00407388
v -0.00176384 -0.00839752 0.00420703
v -0.00153203 -0.00869002 0.00422797
v -0.00150763 -0.00877113 0.00407388
v -0.00154859 -0.00871409 0.00407388
v -0.00176820 -0.00840276 0.00407388
v -0.00186929 -0.00826305 0.00381720
v -0.00198781 -0.00809351 0.00292217
v -0.00207408 -0.00796531 0.00292217
v -0.00207321 -0.00796531 0.00381720
v -0.00198781 -0.00809351 0.00381720
v -0.00203051 -0.00803124 0.00292217
f 823 824 829
f 823 829 843
f 823 843 862
f 823 862 863
f 823 863 848
f 823 848 831
f 823 831 825
f 823 825 830
f 823 830 826
f 823 826 827
f 823 827 828
f 823 828 824
f 824 828 829
f 825 831 850
f 825 850 832
f 825 832 830
f 826 830 827
f 827 833 834
f 827 834 835
f 827 835 836
f 827 836 837
f 827 837 838
f 827 838 839
f 827 839 840
f 827 840 828
f 827 830 833
f 828 840 841
f 828 841 829
f 829 842 843
f 829 841 844
f 829 844 845
f 829 845 842
f 830 832 846
f 830 846 847
f 830 847 833
f 831 848 865
f 831 865 849
f 831 849 850
f 832 850 867
f 832 867 879
f 832 879 888
f 832 888 892
f 832 892 889
f 832 889 880
f 832 880 868
f 832 868 851
f 832 851 835
f 832 835 834
f 832 834 833
f 832 833 847
f 832 847 846
f 835 837 836
f 835 851 837
f 837 851 852
f 837 852 853
f 837 853 838
f 838 853 854
f 838 854 855
f 838 855 839
f 839 855 844
f 839 844 840
f 840 844 841
f 842 856 872
f 842 872 877
f 842 877 876
f 842 876 866
f 842 866 849
f 842 849 865
f 842 865 864
f 842 864 873
f 842 873 857
f 842 857 843
f 842 845 858
f 842 858 859
f 842 859 860
f 842 860 861
f 842 861 856
f 843 857 862
f 844 855 845
f 845 855 858
f 848 863 864
f 848 864 865
f 849 866 867
f 849 867 850
f 851 868 853
f 851 853 852
f 853 868 869
f 853 869 854
f 854 869 881
f 854 881 870
f 854 870 855
f 855 870 871
f 855 871 858
f 856 861 872
f 857 873 863
f 857 863 862
f 858 871 874
f 858 874 859
f 859 861 860
f 859 874 861
f 861 875 876
f 861 876 877
f 861 877 872
f 861 874 871
f 861 871 870
f 861 870 875
f 863 873 864
f 866 876 878
f 866 878 867
f 867 878 887
f 867 887 879
f 868 880 869
f 869 880 881
f 870 881 882
f 870 882 883
f 870 883 875
f 875 884 876
f 875 883 884
f 876 884 878
f 878 884 885
f 878 885 886
f 878 886 887
f 879 887 891
f 879 891 888
f 880 889 890
f 880 890 881
f 881 890 891
f 881 891 886
f 881 886 882
f 882 886 885
f 882 885 884
f 882 884 883
f 886 891 887
f 888 891 892
f 889 892 890
f 890 892 891

o geometry_7
v 0.00416317 -0.01687900 0.00274557
v 0.00498608 -0.01805319 0.00274557
v 0.00416317 -0.01687900 0.00535779
v 0.00416317 -0.01610637 0.00274557
v 0.00489626 -0.01792143 0.00433146
v 0.00416317 -0.01687183 0.00561580
v 0.00416317 -0.00915269 0.00346643
v 0.00511446 -0.01822797 0.00274557
v 0.00458778 -0.01747237 0.00510121
v 0.00416317 -0.00915179 0.00484427
v 0.00766484 -0.01415239 0.00274985
v 0.00753646 -0.01398477 0.00274985
v 0.00735682 -0.01394265 0.00274985
v 0.00716810 -0.01399911 0.00274985
v 0.00666932 -0.01434913 0.00274557
v 0.00530272 -0.01830237 0.00274557
v 0.00530272 -0.01830864 0.00304676
v 0.00511446 -0.01821587 0.00343217
v 0.00512172 -0.01819302 0.00381758
v 0.00490306 -0.01790978 0.00453130
v 0.00438092 -0.01715238 0.00554942
v 0.00416317 -0.01662803 0.00601120
v 0.00416317 -0.00916793 0.00510085
v 0.00543020 -0.01096147 0.00612861
v 0.00858937 -0.01547267 0.00274985
v 0.00871775 -0.01566090 0.00274985
v 0.00879577 -0.01578997 0.00274985
v 0.00672943 -0.01739080 0.00274557
v 0.00554406 -0.01822976 0.00304676
v 0.00530272 -0.01828265 0.00330370
v 0.00514395 -0.01817061 0.00402491
v 0.00504596 -0.01785869 0.00466262
v 0.00485362 -0.01767135 0.00501377
v 0.00461182 -0.01743383 0.00529213
v 0.00453244 -0.01706992 0.00569466
v 0.00432285 -0.01693816 0.00578424
v 0.00416317 -0.00920288 0.00524502
v 0.00775466 -0.01428056 0.00561473
v 0.00879759 -0.01578818 0.00304712
v 0.00879577 -0.01588050 0.00274985
v 0.00854536 -0.01611892 0.00274985
v 0.00553726 -0.01822528 0.00274557
v 0.00597184 -0.01791246 0.00323589
v 0.00551639 -0.01820915 0.00330370
v 0.00748883 -0.01686914 0.00318237
v 0.00521426 -0.01817061 0.00402491
v 0.00497338 -0.01767135 0.00501377
v 0.00478874 -0.01744369 0.00529355
v 0.00416317 -0.01599971 0.00623923
v 0.00416317 -0.00963402 0.00550910
v 0.00427522 -0.00961878 0.00552373
v 0.00466082 -0.00993339 0.00574320
v 0.00519974 -0.01066837 0.00607508
v 0.00548826 -0.01113267 0.00630133
v 0.00595234 -0.01171976 0.00626671
v 0.00679067 -0.01290649 0.00612825
v 0.00775058 -0.01428683 0.00576104
v 0.00828089 -0.01503258 0.00484391
v 0.00858483 -0.01547267 0.00407452
v 0.00879237 -0.01587602 0.00317559
v 0.00855171 -0.01612340 0.00304712
v 0.00853992 -0.01611534 0.00323554
v 0.00825004 -0.01609203 0.00393427
v 0.00530091 -0.01809531 0.00409593
v 0.00525078 -0.01794294 0.00440800
v 0.00514440 -0.01761668 0.00494490
v 0.00513306 -0.01735047 0.00520719
v 0.00496204 -0.01741142 0.00525251
v 0.00474565 -0.01718196 0.00552944
v 0.00470074 -0.01689424 0.00576033
v 0.00453244 -0.01694085 0.00578673
v 0.00453244 -0.01673828 0.00588095
v 0.00427522 -0.01622469 0.00614716
v 0.00416317 -0.01004632 0.00569145
v 0.00504596 -0.01074456 0.00623352
v 0.00525917 -0.01088170 0.00629669
v 0.00556856 -0.01134331 0.00633023
v 0.00532813 -0.01106545 0.00633452
v 0.00676481 -0.01294324 0.00629954
v 0.00647448 -0.01247805 0.00627599
v 0.00778596 -0.01442666 0.00578495
v 0.00802639 -0.01475830 0.00551980
v 0.00827272 -0.01504512 0.00505160
v 0.00751514 -0.01399553 0.00603190
v 0.00698937 -0.01324441 0.00627242
v 0.00877400 -0.01584644 0.00345358
v 0.00868009 -0.01601315 0.00304712
v 0.00855489 -0.01549239 0.00433110
v 0.00593283 -0.01762833 0.00418158
v 0.00854082 -0.01586078 0.00400993
v 0.00546694 -0.01791874 0.00423796
v 0.00774287 -0.01635376 0.00420334
v 0.00800553 -0.01558740 0.00497809
v 0.00799419 -0.01532209 0.00522682
v 0.00773198 -0.01480401 0.00573856
v 0.00726790 -0.01509711 0.00576033
v 0.00722844 -0.01481253 0.00589558
v 0.00710005 -0.01417031 0.00617250
v 0.00482617 -0.01074904 0.00618785
v 0.00504596 -0.01087363 0.00629847
v 0.00504596 -0.01108965 0.00636556
v 0.00530272 -0.01134599 0.00639054
v 0.00632932 -0.01263043 0.00637199
v 0.00779231 -0.01463282 0.00578103
v 0.00752194 -0.01417031 0.00602976
v 0.00802639 -0.01486048 0.00551980
v 0.00829041 -0.01519750 0.00505624
v 0.00852313 -0.01559547 0.00447670
v 0.00702067 -0.01340037 0.00628134
v 0.00706558 -0.01365761 0.00627421
v 0.00684783 -0.01315298 0.00631239
v 0.00850045 -0.01582851 0.00418086
v 0.00828542 -0.01535615 0.00500485
v 0.00763309 -0.01470452 0.00581921
v 0.00704879 -0.01383957 0.00626314
v 0.00416317 -0.01505230 0.00636057
v 0.00416317 -0.01146610 0.00629847
v 0.00416317 -0.01171438 0.00637020
v 0.00504596 -0.01134599 0.00639054
v 0.00416317 -0.01417524 0.00639126
v 0.00632932 -0.01288767 0.00639054
v 0.00658608 -0.01314312 0.00637948
v 0.00750425 -0.01431910 0.00600799
v 0.00712092 -0.01392024 0.00624031
v 0.00794882 -0.01503168 0.00546092
v 0.00658608 -0.01340037 0.00635486
v 0.00416317 -0.01191516 0.00638876
v 0.00632932 -0.01314312 0.00638840
v 0.00416317 -0.01479505 0.00638341
f 893 894 895
f 893 895 898
f 893 898 914
f 893 914 941
f 893 941 1008
f 893 1008 1021
f 893 1021 1012
f 893 1012 1019
f 893 1019 1010
f 893 1010 1009
f 893 1009 966
f 893 966 942
f 893 942 929
f 893 929 915
f 893 915 902
f 893 902 899
f 893 899 896
f 893 896 907
f 893 907 920
f 893 920 934
f 893 934 908
f 893 908 900
f 893 900 894
f 894 897 895
f 894 900 897
f 895 901 898
f 895 897 901
f 899 903 904
f 899 904 905
f 899 905 906
f 899 906 907
f 899 907 896
f 900 908 909
f 900 909 910
f 900 910 897
f 897 910 911
f 897 911 912
f 897 912 901
f 901 913 898
f 898 913 914
f 902 916 903
f 902 903 899
f 903 907 904
f 904 907 905
f 905 907 906
f 907 903 917
f 907 917 918
f 907 918 919
f 907 919 932
f 907 932 920
f 909 908 921
f 909 921 922
f 909 922 911
f 909 911 910
f 911 922 923
f 911 923 912
f 912 924 925
f 912 925 926
f 912 926 901
f 912 923 924
f 901 926 913
f 913 927 928
f 913 926 927
f 913 928 914
f 915 929 916
f 915 916 902
f 916 930 917
f 916 917 903
f 918 931 919
f 920 932 933
f 908 934 921
f 921 935 936
f 921 936 922
f 921 937 935
f 922 936 938
f 922 938 923
f 923 938 924
f 925 924 939
f 925 939 940
f 925 940 926
f 926 940 927
f 928 927 914
f 929 942 943
f 929 943 944
f 929 944 945
f 929 945 916
f 916 945 946
f 916 946 947
f 916 947 948
f 916 948 930
f 930 948 949
f 930 949 950
f 930 950 917
f 917 950 951
f 917 951 918
f 918 951 931
f 931 952 932
f 931 932 919
f 934 920 921
f 935 937 936
f 921 953 937
f 937 953 954
f 937 954 955
f 938 936 956
f 938 956 957
f 938 957 924
f 924 957 939
f 939 957 958
f 939 959 960
f 939 960 940
f 940 960 961
f 940 961 927
f 927 962 963
f 927 963 914
f 927 961 962
f 914 963 964
f 914 965 941
f 943 942 967
f 943 967 944
f 945 944 968
f 945 968 946
f 946 968 970
f 946 970 969
f 946 969 971
f 946 972 947
f 947 972 948
f 949 973 974
f 949 974 975
f 949 975 950
f 949 976 973
f 949 948 977
f 949 977 976
f 931 978 952
f 931 951 978
f 952 979 932
f 951 950 975
f 951 975 980
f 951 980 978
f 932 979 933
f 933 979 953
f 933 953 921
f 933 921 920
f 936 937 955
f 936 955 981
f 953 979 954
f 954 979 952
f 954 952 978
f 954 978 982
f 956 981 983
f 956 983 957
f 958 957 984
f 958 984 985
f 958 985 939
f 939 985 959
f 959 985 986
f 960 987 961
f 960 986 987
f 962 964 963
f 962 987 988
f 964 962 989
f 964 965 914
f 942 966 991
f 942 991 967
f 967 991 992
f 967 992 968
f 967 968 944
f 968 992 993
f 968 993 970
f 969 970 994
f 970 993 994
f 971 969 995
f 946 971 972
f 972 971 977
f 972 977 948
f 973 996 974
f 973 976 997
f 973 997 996
f 974 996 998
f 974 998 999
f 974 999 975
f 975 999 1000
f 975 1000 980
f 976 977 1001
f 976 1001 1002
f 976 1002 997
f 977 971 1003
f 977 1003 1001
f 978 980 1000
f 981 956 936
f 954 982 955
f 978 1000 1004
f 978 1004 982
f 955 982 984
f 955 984 981
f 981 984 983
f 983 984 957
f 984 982 1004
f 984 1004 985
f 959 986 960
f 961 987 962
f 962 988 989
f 988 987 1006
f 964 989 965
f 989 988 1006
f 965 989 990
f 941 1007 1008
f 966 1009 991
f 993 1011 994
f 993 992 1010
f 994 995 969
f 994 1011 1012
f 994 1012 1013
f 994 1013 995
f 995 1014 1003
f 995 1003 971
f 996 1006 987
f 996 987 998
f 996 997 1015
f 996 1015 1006
f 997 1002 1016
f 997 1016 1015
f 998 987 1017
f 998 1017 1005
f 998 1005 999
f 999 1005 1000
f 1001 1003 1014
f 1001 1014 1002
f 1002 1007 1016
f 1000 985 1004
f 1000 1005 985
f 1005 1017 986
f 1005 986 985
f 986 1017 987
f 989 1006 1015
f 989 1015 990
f 990 1015 1016
f 965 990 1016
f 965 1016 941
f 941 1016 1007
f 1007 1018 1008
f 1009 1010 992
f 1009 992 991
f 1010 1019 993
f 993 1019 1011
f 1011 1019 1012
f 995 1013 1014
f 1014 1018 1007
f 1014 1007 1002
f 1014 1013 1020
f 1012 1021 1020
f 1012 1020 1013
f 1014 1021 1018
f 1008 1018 1021
f 1020 1021 1014

o geometry_8
v -0.00009052 0.00313037 0.00510100
v 0.00003701 0.00312822 0.00306579
v -0.00047592 0.00309164 0.00306579
v -0.00047592 0.00309164 0.00510100
v -0.00075211 0.00291026 0.00548774
v 0.00003701 0.00302493 0.00535797
v 0.00029300 0.00311469 0.00510100
v 0.00081161 0.00290965 0.00548697
v 0.00054993 0.00307965 0.00306579
v -0.00107471 0.00294223 0.00510100
v -0.00104630 0.00293116 0.00529938
v -0.00034745 0.00072514 0.00569100
v -0.00146106 0.00260899 0.00548208
v 0.00042147 0.00072514 0.00568895
v 0.00109569 0.00292194 0.00527702
v 0.00183746 0.00239688 0.00548748
v 0.00160641 0.00266986 0.00528499
v 0.00080687 0.00302185 0.00510100
v -0.00097086 0.00297666 0.00306579
v -0.00164887 0.00266095 0.00510100
v -0.00155765 0.00268523 0.00531094
v -0.00176724 0.00239872 0.00548774
v 0.00067840 0.00046937 0.00568997
v 0.00156695 0.00270552 0.00510100
v 0.00101236 0.00296175 0.00306579
v -0.00163593 0.00273565 0.00306579
v -0.00201913 0.00239626 0.00523539
v -0.00228048 0.00214479 0.00525158
v -0.00086133 -0.00004401 0.00568895
v -0.00047592 -0.00068651 0.00568689
v -0.00253363 0.00162895 0.00548774
v 0.00067840 -0.00042951 0.00568766
v 0.00093534 -0.00004401 0.00567430
v 0.00286522 0.00087209 0.00548774
v 0.00235008 0.00188410 0.00548722
v 0.00227369 0.00206056 0.00535797
v 0.00199087 0.00241501 0.00510100
v 0.00134474 0.00282357 0.00306579
v -0.00200619 0.00250908 0.00306579
v -0.00232341 0.00223026 0.00306579
v -0.00267063 0.00162956 0.00510100
v -0.00279752 0.00138670 0.00526572
v -0.00278994 0.00111987 0.00548774
v -0.00297112 -0.00004401 0.00547772
v -0.00277479 -0.00118699 0.00548568
v 0.00016453 -0.00081501 0.00569049
v 0.00286269 -0.00094905 0.00548722
v 0.00312342 -0.00021002 0.00524901
v 0.00311900 0.00034026 0.00522948
v 0.00288352 0.00116475 0.00529681
v 0.00262974 0.00166215 0.00529861
v 0.00232041 0.00210729 0.00510100
v 0.00205526 0.00236183 0.00306579
v 0.00168469 0.00263789 0.00306579
v -0.00268010 0.00177958 0.00306579
v -0.00287264 0.00147401 0.00306579
v -0.00305445 0.00064214 0.00526957
v -0.00227670 -0.00197397 0.00548748
v -0.00202039 -0.00223036 0.00548748
v -0.00308570 0.00008418 0.00534666
v -0.00308034 -0.00030101 0.00533767
v -0.00304877 -0.00070311 0.00524875
v -0.00282340 -0.00127491 0.00531428
v -0.00256267 -0.00175755 0.00530812
v -0.00047371 -0.00299644 0.00548620
v 0.00032740 -0.00299951 0.00548748
v -0.00300111 0.00088715 0.00510100
v 0.00287469 -0.00122634 0.00527522
v 0.00260828 -0.00146489 0.00548774
v 0.00323389 -0.00005754 0.00306579
v 0.00322821 0.00021237 0.00306579
v 0.00319728 0.00044417 0.00306579
v 0.00300978 0.00085364 0.00510100
v 0.00284123 0.00132030 0.00510100
v 0.00269634 0.00158837 0.00510100
v 0.00232041 0.00210729 0.00306579
v -0.00310969 0.00034087 0.00510100
v -0.00125147 -0.00274251 0.00548748
v -0.00180954 -0.00251994 0.00531068
v -0.00312327 -0.00017251 0.00510100
v -0.00313463 -0.00080026 0.00306579
v -0.00294145 -0.00107140 0.00510100
v -0.00281077 -0.00137728 0.00510100
v -0.00263938 -0.00168254 0.00510100
v -0.00223882 -0.00219285 0.00510125
v -0.00079504 -0.00301304 0.00528345
v 0.00127561 -0.00269579 0.00548157
v 0.00159063 -0.00248920 0.00548799
v -0.00306834 0.00098214 0.00306579
v -0.00314473 0.00073068 0.00306579
v 0.00302304 -0.00081501 0.00510100
v 0.00261207 -0.00172435 0.00525698
v 0.00318844 -0.00055801 0.00306579
v 0.00215785 -0.00203699 0.00547373
v 0.00225254 -0.00213322 0.00530259
v 0.00300284 0.00098214 0.00306579
v 0.00282671 0.00135135 0.00306579
v 0.00259818 0.00174577 0.00306579
v -0.00321480 0.00020438 0.00306579
v -0.00151030 -0.00274559 0.00524619
v -0.00183416 -0.00253716 0.00510125
v -0.00321102 -0.00026259 0.00306579
v -0.00292314 -0.00134623 0.00306579
v -0.00265611 -0.00183256 0.00306579
v -0.00237960 -0.00217072 0.00306579
v -0.00095476 -0.00298906 0.00510125
v -0.00047592 -0.00309358 0.00510125
v 0.00003732 -0.00313017 0.00510125
v 0.00084065 -0.00300689 0.00526443
v 0.00295233 -0.00131303 0.00306579
v 0.00233240 -0.00208618 0.00510100
v 0.00267267 -0.00181043 0.00306579
v -0.00153745 -0.00276465 0.00323719
v -0.00093203 -0.00302103 0.00323719
v -0.00050654 -0.00311572 0.00323719
v -0.00118455 -0.00292512 0.00323719
v 0.00003732 -0.00314892 0.00323719
v 0.00054930 -0.00310588 0.00323719
v 0.00055057 -0.00308098 0.00510125
v 0.00138735 -0.00277326 0.00531043
v 0.00185956 -0.00250273 0.00528447
v 0.00246434 -0.00208157 0.00306579
v 0.00187219 -0.00251195 0.00510125
v 0.00235955 -0.00217072 0.00306579
v 0.00098585 -0.00297554 0.00510125
v 0.00154959 -0.00272591 0.00510125
v 0.00188671 -0.00253409 0.00323719
v 0.00143028 -0.00281445 0.00323719
v 0.00087789 -0.00303517 0.00323719
f 1022 1023 1024
f 1022 1024 1025
f 1022 1025 1026
f 1022 1026 1027
f 1022 1027 1028
f 1022 1028 1023
f 1023 1030 1046
f 1023 1046 1059
f 1023 1059 1075
f 1023 1075 1074
f 1023 1074 1097
f 1023 1097 1119
f 1023 1119 1118
f 1023 1118 1117
f 1023 1117 1093
f 1023 1093 1092
f 1023 1092 1091
f 1023 1091 1114
f 1023 1114 1131
f 1023 1131 1133
f 1023 1133 1143
f 1023 1143 1145
f 1023 1145 1126
f 1023 1126 1125
f 1023 1125 1124
f 1023 1124 1102
f 1023 1102 1123
f 1023 1123 1120
f 1023 1120 1111
f 1023 1111 1110
f 1023 1110 1077
f 1023 1077 1076
f 1023 1076 1061
f 1023 1061 1060
f 1023 1060 1047
f 1023 1047 1040
f 1023 1040 1024
f 1027 1026 1029
f 1027 1029 1028
f 1028 1030 1023
f 1025 1024 1040
f 1025 1040 1031
f 1025 1031 1032
f 1025 1032 1026
f 1026 1032 1034
f 1026 1033 1035
f 1026 1035 1029
f 1029 1035 1037
f 1029 1037 1038
f 1029 1038 1036
f 1028 1029 1039
f 1028 1039 1030
f 1032 1031 1041
f 1032 1041 1042
f 1032 1042 1034
f 1033 1026 1043
f 1033 1051 1067
f 1033 1067 1053
f 1033 1053 1035
f 1034 1042 1043
f 1034 1043 1026
f 1035 1044 1037
f 1036 1038 1045
f 1036 1039 1029
f 1039 1046 1030
f 1040 1047 1031
f 1031 1047 1041
f 1042 1041 1048
f 1042 1048 1043
f 1043 1048 1049
f 1033 1050 1051
f 1033 1043 1052
f 1033 1052 1050
f 1035 1053 1044
f 1044 1053 1054
f 1044 1054 1055
f 1044 1055 1056
f 1044 1056 1037
f 1036 1046 1039
f 1036 1059 1046
f 1038 1037 1058
f 1038 1058 1045
f 1045 1075 1059
f 1045 1059 1036
f 1047 1060 1041
f 1041 1060 1048
f 1048 1060 1061
f 1048 1061 1049
f 1049 1062 1063
f 1049 1063 1052
f 1049 1052 1043
f 1050 1052 1064
f 1050 1064 1065
f 1050 1065 1066
f 1052 1063 1064
f 1054 1053 1068
f 1054 1068 1055
f 1055 1069 1070
f 1055 1070 1071
f 1055 1071 1072
f 1055 1072 1056
f 1056 1072 1057
f 1056 1057 1037
f 1037 1057 1073
f 1037 1073 1058
f 1058 1074 1075
f 1058 1075 1045
f 1049 1061 1076
f 1049 1076 1062
f 1062 1076 1077
f 1064 1063 1078
f 1064 1078 1065
f 1050 1066 1051
f 1051 1066 1079
f 1051 1079 1080
f 1065 1081 1082
f 1066 1065 1082
f 1066 1082 1083
f 1066 1083 1084
f 1066 1084 1085
f 1066 1085 1079
f 1067 1051 1086
f 1067 1086 1087
f 1063 1088 1078
f 1068 1089 1069
f 1068 1053 1090
f 1068 1090 1089
f 1068 1069 1055
f 1069 1091 1070
f 1070 1091 1092
f 1070 1092 1093
f 1070 1093 1094
f 1070 1094 1071
f 1071 1094 1095
f 1071 1095 1072
f 1072 1095 1096
f 1072 1096 1073
f 1072 1073 1057
f 1073 1074 1058
f 1073 1097 1074
f 1077 1063 1062
f 1078 1098 1081
f 1078 1081 1065
f 1051 1080 1099
f 1051 1099 1086
f 1079 1085 1100
f 1079 1100 1080
f 1081 1098 1101
f 1081 1101 1082
f 1082 1101 1083
f 1083 1103 1084
f 1084 1103 1104
f 1084 1104 1085
f 1085 1105 1106
f 1085 1104 1105
f 1086 1099 1107
f 1067 1087 1108
f 1067 1108 1109
f 1063 1077 1110
f 1063 1110 1088
f 1088 1110 1111
f 1053 1067 1109
f 1053 1109 1090
f 1089 1090 1113
f 1089 1112 1069
f 1069 1114 1091
f 1090 1109 1115
f 1090 1115 1116
f 1090 1116 1113
f 1093 1117 1094
f 1094 1117 1095
f 1095 1118 1096
f 1095 1117 1118
f 1096 1119 1073
f 1096 1118 1119
f 1073 1119 1097
f 1088 1111 1078
f 1078 1111 1098
f 1098 1111 1120
f 1098 1120 1101
f 1099 1080 1100
f 1099 1100 1121
f 1099 1121 1107
f 1085 1106 1100
f 1100 1122 1121
f 1100 1106 1122
f 1101 1120 1123
f 1101 1123 1102
f 1101 1102 1083
f 1102 1103 1083
f 1103 1102 1124
f 1103 1124 1104
f 1104 1124 1105
f 1105 1125 1106
f 1106 1125 1126
f 1105 1124 1125
f 1107 1127 1128
f 1107 1121 1127
f 1107 1128 1086
f 1086 1128 1129
f 1086 1129 1087
f 1089 1113 1131
f 1089 1131 1112
f 1112 1131 1114
f 1113 1116 1132
f 1112 1114 1069
f 1106 1126 1122
f 1122 1126 1134
f 1127 1135 1136
f 1127 1136 1128
f 1127 1137 1135
f 1128 1136 1129
f 1129 1136 1138
f 1129 1138 1139
f 1129 1139 1140
f 1129 1140 1087
f 1087 1140 1130
f 1130 1108 1087
f 1108 1141 1142
f 1108 1142 1109
f 1109 1142 1116
f 1109 1116 1115
f 1113 1133 1131
f 1132 1143 1113
f 1113 1143 1133
f 1116 1144 1132
f 1116 1142 1144
f 1122 1134 1121
f 1121 1134 1137
f 1121 1137 1127
f 1126 1138 1136
f 1126 1136 1135
f 1126 1135 1137
f 1126 1137 1134
f 1126 1145 1138
f 1138 1145 1139
f 1130 1140 1146
f 1130 1146 1141
f 1130 1141 1108
f 1141 1146 1147
f 1141 1147 1142
f 1142 1147 1144
f 1143 1132 1144
f 1143 1144 1145
f 1145 1144 1148
f 1145 1148 1149
f 1145 1149 1150
f 1145 1150 1139
f 1139 1150 1140
f 1140 1150 1146
f 1146 1149 1147
f 1146 1150 1149
f 1147 1149 1148
f 1147 1148 1144

o geometry_9
v 0.00735668 -0.01394236 0.00274915
v 0.00716757 -0.01399878 0.00274915
v 0.00753626 -0.01398535 0.00274915
v 0.00416362 -0.00915226 0.00203420
v 0.00766460 -0.01415284 0.00274915
v 0.00855141 -0.01541888 0.00274915
v 0.00839654 -0.01519720 0.00124885
v 0.00416362 -0.00915226 -0.00157532
v 0.00416362 -0.01610542 0.00274499
v 0.00858610 -0.01547307 0.00150539
v 0.00753626 -0.01396923 -0.00029173
v 0.00468560 -0.00989836 -0.00157532
v 0.00416362 -0.00915943 -0.00181426
v 0.00416362 -0.01687839 0.00274499
v 0.00870741 -0.01564639 0.00274915
v 0.00879607 -0.01579014 0.00274915
v 0.00827818 -0.01503419 0.00047833
v 0.00722788 -0.01353034 -0.00054826
v 0.00775031 -0.01428630 -0.00021903
v 0.00595266 -0.01171928 -0.00120117
v 0.00416362 -0.00917824 -0.00194438
v 0.00416362 -0.01687839 0.00022226
v 0.00498581 -0.01805352 0.00274499
v 0.00674990 -0.01737639 0.00274915
v 0.00879199 -0.01579462 0.00227591
v 0.00857204 -0.01547576 0.00124885
v 0.00826911 -0.01504673 0.00032691
v 0.00699706 -0.01323566 -0.00072469
v 0.00751903 -0.01399341 -0.00046723
v 0.00779566 -0.01442692 -0.00025608
v 0.00726416 -0.01370142 -0.00070200
v 0.00673902 -0.01296069 -0.00094973
v 0.00416362 -0.00925616 -0.00197517
v 0.00620299 -0.01224056 -0.00119145
v 0.00416362 -0.01687570 -0.00003427
v 0.00498581 -0.01805352 0.00201845
v 0.00511460 -0.01822639 0.00274499
v 0.00530280 -0.01830163 0.00274499
v 0.00553726 -0.01822460 0.00274499
v 0.00853213 -0.01610990 0.00227591
v 0.00854529 -0.01611886 0.00274915
v 0.00879607 -0.01588061 0.00274915
v 0.00879199 -0.01587344 0.00227591
v 0.00878337 -0.01581074 0.00208282
v 0.00854483 -0.01551338 0.00106687
v 0.00826911 -0.01510226 0.00032691
v 0.00769680 -0.01442692 -0.00038481
v 0.00756891 -0.01417075 -0.00048297
v 0.00726416 -0.01386354 -0.00070200
v 0.00673539 -0.01314341 -0.00094603
v 0.00492051 -0.01045637 -0.00170590
v 0.00416362 -0.01674314 -0.00039360
v 0.00439717 -0.01712829 -0.00016902
v 0.00438175 -0.01715068 -0.00003427
v 0.00458764 -0.01748029 0.00047833
v 0.00489602 -0.01792365 0.00124839
v 0.00511460 -0.01821967 0.00214718
v 0.00530280 -0.01828909 0.00227591
v 0.00552411 -0.01821475 0.00227591
v 0.00671317 -0.01737818 0.00217172
v 0.00866047 -0.01600152 0.00227591
v 0.00867362 -0.01600958 0.00274915
v 0.00878337 -0.01586000 0.00208282
v 0.00854483 -0.01562355 0.00106687
v 0.00800835 -0.01507718 0.00008844
v 0.00803601 -0.01494104 0.00004954
v 0.00829677 -0.01537007 0.00055520
v 0.00821333 -0.01527334 0.00038433
v 0.00781062 -0.01468398 -0.00022459
v 0.00760791 -0.01467054 -0.00034591
v 0.00751812 -0.01457650 -0.00042972
v 0.00756801 -0.01442692 -0.00045426
v 0.00684332 -0.01365753 -0.00084555
v 0.00671770 -0.01327507 -0.00093399
v 0.00711995 -0.01393519 -0.00072793
v 0.00416362 -0.00948366 -0.00198142
v 0.00464297 -0.01739072 0.00008334
v 0.00490871 -0.01790036 0.00084692
v 0.00416362 -0.01668134 -0.00046167
v 0.00427518 -0.01669926 -0.00046445
v 0.00489964 -0.01791380 0.00099140
v 0.00530280 -0.01825684 0.00201845
v 0.00511914 -0.01819773 0.00176192
v 0.00514090 -0.01817444 0.00155030
v 0.00548828 -0.01819146 0.00201845
v 0.00595538 -0.01790036 0.00212403
v 0.00852306 -0.01610363 0.00212495
v 0.00857386 -0.01588732 0.00166352
v 0.00833940 -0.01566027 0.00091082
v 0.00846003 -0.01579910 0.00124885
v 0.00828090 -0.01585642 0.00109605
v 0.00804236 -0.01535574 0.00032135
v 0.00787049 -0.01525453 0.00014400
v 0.00777072 -0.01483266 -0.00017643
v 0.00811945 -0.01544889 0.00048481
v 0.00723151 -0.01481475 -0.00042139
v 0.00684332 -0.01391369 -0.00078859
v 0.00416362 -0.01545337 -0.00086036
v 0.00416362 -0.01000226 -0.00189483
v 0.00416362 -0.00969504 -0.00195178
v 0.00427337 -0.01597376 -0.00071404
v 0.00427518 -0.01571132 -0.00078905
v 0.00453231 -0.01678166 -0.00037323
v 0.00468378 -0.01739072 0.00008334
v 0.00494772 -0.01790036 0.00084692
v 0.00416362 -0.01640189 -0.00059596
v 0.00427518 -0.01648071 -0.00055058
v 0.00459807 -0.01663253 -0.00042833
v 0.00522344 -0.01817444 0.00155030
v 0.00544837 -0.01816280 0.00186101
v 0.00848044 -0.01607407 0.00195362
v 0.00840402 -0.01600063 0.00163643
v 0.00817977 -0.01578656 0.00092518
v 0.00815936 -0.01598988 0.00119375
v 0.00722970 -0.01661058 0.00111874
v 0.00571321 -0.01765405 0.00109605
v 0.00485520 -0.01733609 0.00012224
v 0.00473956 -0.01692049 -0.00019866
v 0.00518172 -0.01738445 0.00034543
v 0.00709955 -0.01520437 -0.00023987
v 0.00542343 -0.01609019 -0.00041768
v 0.00416362 -0.01571132 -0.00080665
v 0.00416362 -0.01597107 -0.00073719
v 0.00504612 -0.01743192 0.00030376
v 0.00499306 -0.01768271 0.00054501
v 0.00524884 -0.01794335 0.00105622
v 0.00531414 -0.01804591 0.00135721
v 0.00541980 -0.01788514 0.00113818
v 0.00530280 -0.01769167 0.00079830
f 1151 1152 1174
f 1151 1174 1191
f 1151 1191 1212
f 1151 1212 1192
f 1151 1192 1166
f 1151 1166 1165
f 1151 1165 1156
f 1151 1156 1155
f 1151 1155 1153
f 1151 1153 1154
f 1151 1154 1152
f 1153 1155 1154
f 1154 1155 1156
f 1154 1156 1157
f 1154 1157 1158
f 1154 1158 1163
f 1154 1163 1171
f 1154 1171 1183
f 1154 1183 1226
f 1154 1226 1250
f 1154 1250 1249
f 1154 1249 1248
f 1154 1248 1272
f 1154 1272 1273
f 1154 1273 1256
f 1154 1256 1229
f 1154 1229 1202
f 1154 1202 1185
f 1154 1185 1172
f 1154 1172 1164
f 1154 1164 1159
f 1154 1159 1152
f 1157 1156 1160
f 1157 1161 1158
f 1158 1161 1162
f 1158 1162 1163
f 1159 1164 1152
f 1156 1165 1160
f 1160 1165 1166
f 1157 1160 1167
f 1157 1167 1161
f 1161 1167 1169
f 1161 1169 1168
f 1161 1168 1162
f 1162 1170 1163
f 1163 1170 1171
f 1164 1172 1186
f 1164 1186 1173
f 1164 1173 1174
f 1164 1174 1152
f 1166 1175 1160
f 1160 1175 1176
f 1160 1176 1167
f 1167 1177 1169
f 1167 1176 1177
f 1168 1178 1170
f 1168 1170 1162
f 1168 1169 1179
f 1168 1179 1178
f 1169 1177 1180
f 1170 1178 1181
f 1170 1181 1182
f 1170 1182 1171
f 1171 1182 1184
f 1171 1184 1183
f 1172 1185 1186
f 1173 1186 1187
f 1173 1187 1174
f 1174 1187 1188
f 1174 1188 1189
f 1174 1189 1190
f 1174 1190 1191
f 1166 1192 1193
f 1166 1193 1175
f 1175 1193 1213
f 1175 1213 1194
f 1175 1194 1176
f 1176 1195 1177
f 1176 1194 1195
f 1177 1195 1214
f 1177 1214 1196
f 1177 1196 1197
f 1178 1179 1181
f 1169 1180 1179
f 1179 1180 1198
f 1179 1198 1181
f 1180 1197 1198
f 1180 1177 1197
f 1181 1199 1182
f 1181 1198 1199
f 1182 1199 1200
f 1182 1200 1184
f 1183 1184 1201
f 1185 1202 1203
f 1185 1203 1204
f 1185 1204 1205
f 1185 1205 1206
f 1185 1206 1186
f 1186 1206 1207
f 1186 1207 1187
f 1187 1207 1188
f 1188 1207 1208
f 1188 1208 1189
f 1189 1208 1209
f 1189 1209 1190
f 1190 1209 1210
f 1191 1190 1211
f 1192 1212 1193
f 1193 1212 1211
f 1193 1211 1213
f 1194 1213 1214
f 1194 1214 1195
f 1196 1215 1216
f 1196 1216 1197
f 1196 1214 1217
f 1196 1217 1218
f 1196 1218 1215
f 1197 1216 1219
f 1197 1219 1220
f 1197 1220 1221
f 1197 1221 1222
f 1197 1222 1199
f 1197 1199 1198
f 1199 1223 1224
f 1199 1224 1200
f 1199 1222 1225
f 1199 1225 1223
f 1200 1224 1184
f 1184 1224 1201
f 1201 1226 1183
f 1203 1254 1227
f 1203 1228 1204
f 1203 1202 1229
f 1203 1229 1230
f 1204 1228 1205
f 1205 1228 1231
f 1205 1231 1206
f 1206 1231 1207
f 1208 1232 1209
f 1208 1207 1233
f 1208 1233 1234
f 1208 1234 1232
f 1209 1232 1235
f 1209 1235 1236
f 1209 1236 1210
f 1190 1237 1211
f 1190 1210 1237
f 1211 1212 1191
f 1211 1237 1213
f 1213 1238 1214
f 1214 1239 1217
f 1214 1238 1240
f 1214 1240 1241
f 1214 1241 1239
f 1215 1218 1242
f 1215 1242 1243
f 1215 1244 1219
f 1215 1219 1216
f 1217 1239 1245
f 1217 1245 1242
f 1217 1242 1218
f 1219 1244 1220
f 1220 1244 1246
f 1220 1246 1221
f 1221 1246 1225
f 1221 1225 1222
f 1223 1225 1247
f 1223 1249 1250
f 1223 1250 1224
f 1224 1250 1201
f 1225 1251 1252
f 1201 1250 1226
f 1203 1230 1253
f 1203 1253 1254
f 1227 1254 1255
f 1227 1255 1228
f 1227 1228 1203
f 1228 1255 1259
f 1228 1259 1234
f 1228 1234 1233
f 1228 1233 1231
f 1229 1256 1230
f 1230 1256 1257
f 1230 1257 1258
f 1230 1258 1253
f 1231 1233 1207
f 1232 1234 1259
f 1232 1259 1235
f 1235 1259 1260
f 1235 1260 1261
f 1235 1261 1237
f 1235 1237 1236
f 1236 1237 1210
f 1237 1261 1238
f 1237 1238 1213
f 1238 1261 1262
f 1239 1241 1263
f 1239 1263 1245
f 1238 1262 1264
f 1238 1264 1240
f 1240 1264 1241
f 1241 1264 1265
f 1241 1265 1266
f 1241 1266 1263
f 1215 1243 1267
f 1215 1268 1244
f 1245 1269 1242
f 1246 1244 1270
f 1246 1270 1271
f 1246 1271 1257
f 1247 1225 1252
f 1223 1272 1248
f 1248 1249 1223
f 1246 1257 1251
f 1246 1251 1225
f 1252 1251 1273
f 1253 1258 1271
f 1253 1271 1268
f 1253 1268 1254
f 1254 1268 1267
f 1254 1267 1274
f 1254 1274 1275
f 1254 1275 1255
f 1255 1275 1276
f 1255 1276 1259
f 1256 1273 1257
f 1257 1273 1251
f 1259 1276 1277
f 1259 1277 1260
f 1260 1277 1278
f 1260 1278 1265
f 1260 1265 1262
f 1260 1262 1261
f 1262 1265 1264
f 1263 1279 1245
f 1263 1266 1279
f 1245 1279 1269
f 1265 1278 1266
f 1266 1278 1276
f 1242 1269 1274
f 1242 1274 1243
f 1243 1274 1267
f 1215 1267 1268
f 1268 1270 1244
f 1271 1270 1268
f 1271 1258 1257
f 1252 1272 1247
f 1252 1273 1272
f 1247 1272 1223
f 1274 1269 1275
f 1276 1275 1279
f 1276 1278 1277
f 1266 1276 1279
f 1269 1279 1275

o geometry_10
v -0.00009075 0.00313022 0.00306579
v 0.00016477 0.00310842 0.00124942
v -0.00034781 0.00310220 0.00124942
v -0.00034781 0.00311206 0.00306579
v 0.00029330 0.00311413 0.00306579
v -0.00073340 0.00306535 0.00124942
v -0.00111899 0.00301034 0.00253248
v -0.00805034 0.00198792 0.00253248
v -0.00060487 0.00307210 0.00306579
v 0.00042183 0.00309182 0.00124942
v -0.00047634 0.00299918 0.00104027
v 0.00042183 0.00299840 0.00104010
v -0.00105472 0.00296350 0.00105545
v -0.00177626 0.00291069 0.00111643
v -0.00805034 0.00198792 0.00124942
v -0.00848595 0.00189710 0.00253248
v -0.00846748 0.00189139 0.00269058
v -0.00817886 0.00192253 0.00274401
v -0.00817886 0.00175230 0.00285902
v 0.00078894 0.00302642 0.00306579
v 0.00067888 0.00303992 0.00124942
v 0.00108833 0.00291744 0.00110591
v 0.00067888 0.00297504 0.00104926
v -0.00060487 0.00278042 0.00095936
v 0.00042183 0.00278042 0.00095902
v -0.00111899 0.00278042 0.00097598
v -0.00792181 0.00194355 0.00104960
v -0.00694206 0.00214362 0.00110897
v -0.00846748 0.00189139 0.00110320
v -0.00839667 0.00191941 0.00124942
v -0.00920787 0.00162566 0.00266581
v -0.00895004 0.00159868 0.00279795
v -0.00882151 0.00149540 0.00288192
v 0.00152164 0.00268311 0.00108709
v 0.00133923 0.00281675 0.00124942
v 0.00348190 0.00042420 0.00021605
v 0.00324639 0.00047194 0.00021605
v -0.00322779 -0.00134609 -0.00040004
v -0.00805034 0.00175230 0.00097394
v -0.00882151 0.00170092 0.00104688
v -0.00920787 0.00162566 0.00111847
v -0.00895004 0.00173128 0.00124942
v -0.00976508 0.00115338 0.00253248
v -0.00974969 0.00113885 0.00271297
v -0.00163618 0.00273579 0.00306579
v -0.00959269 0.00098159 0.00287208
v -0.00907857 0.00123798 0.00288972
v 0.00110988 0.00292937 0.00306579
v 0.00144852 0.00277367 0.00306579
v 0.00182641 0.00252482 0.00124942
v 0.00189337 0.00243841 0.00107470
v 0.00361120 0.00031469 0.00021605
v 0.00536905 -0.00217180 0.00021605
v -0.00322779 -0.00217180 -0.00040004
v -0.00882151 0.00149540 0.00096580
v -0.00920710 0.00136669 0.00099464
v -0.00974969 0.00113885 0.00108827
v -0.00976508 0.00115338 0.00124942
v -0.00984974 0.00046883 0.00288497
v -0.01010680 0.00033156 0.00279235
v -0.00216569 0.00236990 0.00306579
v 0.00168942 0.00263458 0.00306579
v 0.00202190 0.00238560 0.00306579
v 0.00205038 0.00235796 0.00124942
v 0.00214735 0.00219811 0.00107233
v 0.00248830 0.00188957 0.00124942
v 0.00265069 0.00168794 0.00124942
v 0.00536751 -0.00217180 0.00253248
v -0.00592152 -0.00217180 -0.00040004
v -0.00575066 -0.00208928 -0.00040004
v -0.00997597 0.00084873 0.00253248
v -0.01023918 0.00035309 0.00267870
v -0.00984974 0.00021245 0.00289108
v -0.00287068 0.00147464 0.00306579
v -0.01010680 -0.00017239 0.00286733
v 0.00231975 0.00210729 0.00306579
v 0.00265069 0.00168794 0.00253248
v -0.00237965 -0.00217180 0.00306579
v -0.00952342 -0.00217128 0.00108759
v -0.00973738 -0.00199379 0.00109709
v -0.00978971 -0.00184224 0.00106283
v -0.01002830 -0.00153033 0.00107233
v -0.01007294 -0.00132792 0.00104417
v -0.01010680 -0.00081464 0.00098853
v -0.01010680 -0.00055722 0.00097021
v -0.01010680 0.00008400 0.00099803
v -0.00984974 0.00046883 0.00096411
v -0.00959269 0.00098159 0.00097496
v -0.01023918 0.00035309 0.00111032
v -0.00993210 0.00091516 0.00124942
v -0.01034539 -0.00030032 0.00253248
v -0.01010680 -0.00068593 0.00286682
v -0.00984974 -0.00107050 0.00289074
v -0.00317142 -0.00041450 0.00306579
v -0.01028074 -0.00017239 0.00275249
v -0.01029306 -0.00055722 0.00276352
v 0.00259451 0.00175048 0.00306579
v -0.01005447 -0.00156666 0.00124942
v -0.01019839 -0.00124826 0.00124942
v -0.01024842 -0.00100718 0.00109642
v -0.01029306 -0.00055722 0.00105096
v -0.01010680 0.00045066 0.00105401
v -0.01034539 -0.00030032 0.00124942
v -0.01027304 0.00021245 0.00124942
v -0.00984974 -0.00132792 0.00288599
v -0.01035155 -0.00055722 0.00253248
v -0.01024842 -0.00100718 0.00270109
v 0.00518588 -0.00195123 0.00269227
v 0.00526592 -0.00217180 0.00275741
v -0.00974661 -0.00200521 0.00124942
v -0.01005447 -0.00156666 0.00253248
v -0.01017299 -0.00132792 0.00253248
v -0.01035463 -0.00055722 0.00124942
v -0.01002830 -0.00153033 0.00273129
v -0.00959269 -0.00184224 0.00286122
v -0.01031153 -0.00081464 0.00253248
v 0.00504426 -0.00217180 0.00286461
v 0.00292160 0.00115442 0.00306579
v -0.00882151 -0.00217128 0.00288802
v -0.00933563 -0.00217128 0.00280660
v -0.00952342 -0.00217128 0.00271297
v -0.00957114 -0.00217128 0.00253248
v -0.00974661 -0.00200521 0.00253248
v -0.00973738 -0.00199379 0.00269974
v 0.00319713 0.00044547 0.00306579
v 0.00318790 -0.00055826 0.00306579
v 0.00478720 -0.00217180 0.00289108
v 0.00235977 -0.00217180 0.00306579
v 0.00295085 -0.00131235 0.00306579
f 1280 1281 1282
f 1280 1282 1283
f 1280 1283 1288
f 1280 1288 1324
f 1280 1324 1340
f 1280 1340 1353
f 1280 1353 1373
f 1280 1373 1357
f 1280 1357 1407
f 1280 1407 1408
f 1280 1408 1405
f 1280 1405 1404
f 1280 1404 1397
f 1280 1397 1376
f 1280 1376 1355
f 1280 1355 1342
f 1280 1342 1341
f 1280 1341 1328
f 1280 1328 1327
f 1280 1327 1299
f 1280 1299 1284
f 1280 1284 1281
f 1282 1285 1283
f 1283 1286 1287
f 1283 1287 1288
f 1284 1289 1281
f 1282 1281 1290
f 1281 1289 1291
f 1281 1291 1290
f 1282 1290 1292
f 1282 1292 1285
f 1285 1292 1293
f 1285 1286 1283
f 1286 1294 1287
f 1287 1294 1309
f 1287 1309 1295
f 1287 1295 1296
f 1287 1296 1297
f 1287 1297 1288
f 1288 1297 1298
f 1284 1299 1289
f 1289 1299 1300
f 1289 1300 1301
f 1289 1301 1302
f 1289 1302 1291
f 1290 1291 1303
f 1291 1304 1303
f 1290 1303 1305
f 1290 1305 1292
f 1293 1292 1307
f 1293 1307 1294
f 1293 1294 1285
f 1285 1294 1286
f 1294 1308 1309
f 1294 1307 1308
f 1296 1295 1310
f 1296 1310 1311
f 1296 1311 1297
f 1297 1311 1298
f 1288 1298 1312
f 1298 1311 1312
f 1300 1299 1301
f 1301 1314 1313
f 1302 1301 1315
f 1302 1315 1316
f 1302 1316 1291
f 1303 1317 1305
f 1291 1316 1304
f 1304 1317 1303
f 1304 1316 1317
f 1305 1317 1318
f 1305 1318 1306
f 1305 1306 1292
f 1292 1306 1307
f 1307 1306 1308
f 1308 1319 1320
f 1308 1320 1321
f 1308 1321 1309
f 1295 1309 1321
f 1295 1321 1310
f 1310 1322 1323
f 1288 1312 1324
f 1312 1311 1325
f 1312 1325 1326
f 1312 1326 1324
f 1299 1327 1301
f 1313 1315 1301
f 1301 1327 1314
f 1314 1327 1328
f 1313 1329 1330
f 1313 1330 1315
f 1313 1314 1329
f 1315 1331 1317
f 1315 1317 1316
f 1315 1330 1331
f 1317 1331 1332
f 1317 1332 1333
f 1317 1333 1348
f 1317 1348 1349
f 1306 1318 1308
f 1308 1318 1319
f 1319 1318 1334
f 1319 1334 1335
f 1319 1335 1320
f 1320 1335 1336
f 1310 1321 1320
f 1310 1320 1337
f 1310 1337 1322
f 1310 1323 1311
f 1311 1323 1325
f 1325 1338 1326
f 1325 1323 1339
f 1325 1339 1338
f 1326 1340 1324
f 1328 1341 1314
f 1314 1341 1329
f 1329 1342 1343
f 1329 1343 1330
f 1329 1341 1342
f 1330 1343 1344
f 1330 1344 1331
f 1331 1344 1345
f 1331 1345 1346
f 1331 1346 1332
f 1332 1346 1347
f 1332 1347 1388
f 1332 1388 1396
f 1332 1396 1406
f 1332 1406 1407
f 1332 1407 1357
f 1332 1357 1348
f 1332 1348 1333
f 1317 1349 1318
f 1318 1349 1334
f 1334 1349 1348
f 1334 1348 1335
f 1320 1336 1337
f 1322 1337 1369
f 1322 1369 1350
f 1322 1350 1323
f 1323 1350 1351
f 1338 1352 1353
f 1338 1353 1340
f 1338 1340 1326
f 1338 1339 1354
f 1338 1354 1352
f 1343 1342 1355
f 1344 1343 1345
f 1345 1343 1355
f 1345 1355 1356
f 1345 1356 1346
f 1346 1356 1347
f 1348 1357 1358
f 1348 1358 1359
f 1348 1359 1360
f 1348 1360 1361
f 1348 1361 1362
f 1348 1362 1363
f 1348 1363 1364
f 1348 1364 1365
f 1348 1365 1366
f 1348 1366 1367
f 1348 1367 1335
f 1335 1367 1336
f 1336 1368 1369
f 1336 1369 1337
f 1350 1369 1368
f 1350 1368 1351
f 1351 1339 1323
f 1352 1354 1371
f 1352 1371 1372
f 1352 1372 1373
f 1352 1373 1353
f 1339 1351 1374
f 1339 1374 1354
f 1354 1374 1375
f 1354 1375 1371
f 1356 1355 1376
f 1356 1376 1347
f 1361 1377 1378
f 1361 1378 1379
f 1361 1379 1362
f 1361 1360 1359
f 1361 1359 1377
f 1362 1379 1380
f 1362 1380 1363
f 1363 1380 1364
f 1364 1380 1365
f 1365 1380 1368
f 1365 1368 1381
f 1365 1381 1366
f 1366 1381 1367
f 1367 1381 1336
f 1336 1381 1368
f 1368 1382 1383
f 1351 1368 1383
f 1351 1383 1370
f 1370 1383 1382
f 1351 1370 1374
f 1371 1384 1372
f 1372 1384 1357
f 1372 1357 1373
f 1374 1370 1385
f 1374 1385 1375
f 1375 1385 1386
f 1375 1386 1371
f 1347 1387 1388
f 1347 1376 1387
f 1357 1401 1358
f 1358 1389 1359
f 1359 1389 1377
f 1377 1389 1402
f 1377 1402 1390
f 1377 1390 1391
f 1377 1391 1378
f 1379 1378 1392
f 1379 1392 1380
f 1380 1392 1382
f 1380 1382 1368
f 1382 1392 1370
f 1370 1392 1385
f 1371 1386 1393
f 1371 1393 1384
f 1384 1393 1394
f 1385 1392 1395
f 1385 1395 1386
f 1387 1376 1388
f 1388 1376 1397
f 1388 1397 1396
f 1357 1398 1399
f 1357 1399 1400
f 1357 1400 1401
f 1358 1401 1389
f 1389 1401 1402
f 1390 1402 1403
f 1390 1403 1393
f 1390 1393 1391
f 1391 1393 1386
f 1378 1391 1395
f 1378 1395 1392
f 1394 1400 1399
f 1394 1399 1398
f 1394 1398 1384
f 1394 1393 1403
f 1394 1403 1400
f 1384 1398 1357
f 1395 1391 1386
f 1396 1397 1404
f 1396 1404 1405
f 1396 1405 1406
f 1400 1403 1401
f 1401 1403 1402
f 1406 1405 1408
f 1406 1408 1407

o geometry_11
v -0.00009075 0.00312985 -0.00311966
v 0.00016476 0.00311325 -0.00131961
v 0.00029329 0.00311454 -0.00311966
v -0.00034627 0.00311169 -0.00311966
v -0.00060487 0.00308522 -0.00131961
v -0.00034781 0.00300790 -0.00107684
v 0.00029329 0.00300608 -0.00107737
v 0.00042182 0.00309508 -0.00131961
v -0.00060487 0.00308367 -0.00260323
v -0.00805188 0.00198814 -0.00260296
v -0.00111899 0.00295911 -0.00109361
v -0.00086193 0.00277956 -0.00096690
v 0.00042182 0.00277956 -0.00096184
v 0.00080741 0.00277956 -0.00098966
v 0.00067888 0.00297416 -0.00108749
v 0.00108833 0.00291708 -0.00116602
v 0.00068196 0.00305564 -0.00311966
v -0.00177626 0.00291033 -0.00118385
v -0.00839052 0.00190147 -0.00276162
v -0.00805188 0.00198814 -0.00131988
v -0.00848595 0.00189732 -0.00260296
v -0.00111899 0.00277956 -0.00097728
v -0.00779328 0.00175253 -0.00096610
v -0.00322933 -0.00134566 -0.00040016
v 0.00119146 0.00252267 -0.00096157
v 0.00152163 0.00268381 -0.00114046
v 0.00133923 0.00281666 -0.00131961
v -0.00805188 0.00193469 -0.00109148
v -0.00694360 0.00214435 -0.00117054
v -0.00085885 0.00301101 -0.00311966
v -0.00831047 0.00175253 -0.00285346
v -0.00895004 0.00159788 -0.00282564
v -0.00895004 0.00173177 -0.00260296
v -0.00920941 0.00162539 -0.00273447
v -0.00839821 0.00191912 -0.00131842
v -0.00846902 0.00189213 -0.00116122
v -0.00817963 0.00175253 -0.00099086
v -0.00882151 0.00149513 -0.00096743
v -0.00575220 -0.00208881 -0.00040016
v -0.00322933 -0.00217133 -0.00040016
v 0.00537059 -0.00217081 -0.00089369
v 0.00339570 0.00062431 -0.00089369
v 0.00315557 0.00090403 -0.00089369
v 0.00294777 0.00104000 -0.00089369
v 0.00157705 0.00239449 -0.00098247
v 0.00189337 0.00243860 -0.00112209
v 0.00182641 0.00252475 -0.00131961
v 0.00117530 0.00290151 -0.00311966
v -0.00882151 0.00149513 -0.00288434
v -0.00975123 0.00113912 -0.00276402
v -0.00976508 0.00115365 -0.00260296
v -0.00920941 0.00162539 -0.00118651
v -0.00895004 0.00159918 -0.00105261
v -0.00882151 0.00178211 -0.00131988
v -0.00959269 0.00098239 -0.00097755
v -0.00592306 -0.00217133 -0.00040016
v 0.00504426 -0.00217081 -0.00287236
v 0.00265069 0.00168766 -0.00131961
v 0.00248830 0.00188928 -0.00131961
v 0.00227280 0.00206702 -0.00112129
v 0.00205037 0.00235764 -0.00131961
v 0.00168480 0.00263710 -0.00311966
v 0.00198957 0.00241550 -0.00311966
v -0.00907857 0.00123876 -0.00289073
v -0.00959269 0.00098239 -0.00287529
v -0.00204409 0.00241732 -0.00311966
v -0.00976508 0.00115365 -0.00131988
v -0.00975123 0.00113912 -0.00113833
v -0.01010526 0.00021330 -0.00102466
v -0.00984974 0.00046914 -0.00096450
v -0.00933563 -0.00209867 -0.00099911
v -0.00933563 -0.00217133 -0.00104383
v -0.01010526 -0.00055736 -0.00097116
v -0.00984974 -0.00132854 -0.00096370
v -0.00959269 -0.00184231 -0.00098846
v -0.00900622 -0.00217133 -0.00288886
v 0.00226125 -0.00217081 -0.00311966
v 0.00526438 -0.00217081 -0.00279836
v 0.00536443 -0.00217081 -0.00260323
v 0.00265069 0.00168766 -0.00260323
v 0.00231975 0.00210802 -0.00311966
v -0.00984974 0.00046914 -0.00288620
v -0.01010680 0.00033214 -0.00281952
v -0.01024072 0.00035341 -0.00274192
v -0.00997443 0.00084954 -0.00260296
v -0.00993287 0.00091597 -0.00131988
v -0.01024072 0.00035341 -0.00117347
v -0.00952342 -0.00217133 -0.00113806
v -0.01029152 -0.00042918 -0.00108855
v -0.01010680 -0.00081476 -0.00099405
v -0.01002830 -0.00153041 -0.00111996
v -0.00973892 -0.00199384 -0.00115164
v -0.00228422 -0.00217081 -0.00311966
v 0.00278499 -0.00145386 -0.00311966
v 0.00317404 -0.00029788 -0.00311966
v 0.00318174 0.00021278 -0.00311966
v 0.00290852 0.00115158 -0.00311966
v 0.00264145 0.00168143 -0.00311966
v 0.00518587 -0.00195077 -0.00275044
v -0.00267827 0.00164822 -0.00311966
v -0.00984974 0.00021330 -0.00289099
v -0.01010526 -0.00036496 -0.00287589
v -0.01034693 -0.00030099 -0.00260296
v -0.01034693 -0.00030099 -0.00131988
v -0.01035309 -0.00055736 -0.00131988
v -0.01024996 -0.00100782 -0.00115058
v -0.01017453 -0.00132854 -0.00131988
v -0.01005447 -0.00156674 -0.00131988
v -0.00959269 -0.00184231 -0.00286863
v -0.00275832 -0.00151380 -0.00311966
v -0.00984974 -0.00132854 -0.00288700
v -0.00984974 -0.00107165 -0.00289099
v -0.00308772 0.00072395 -0.00311966
v -0.00312620 -0.00055944 -0.00311966
v -0.01029152 -0.00042918 -0.00279955
v -0.01035463 -0.00055736 -0.00260296
v -0.00957268 -0.00217133 -0.00131988
v -0.00974815 -0.00200578 -0.00131988
v -0.01031307 -0.00081476 -0.00131988
v -0.01019916 -0.00124862 -0.00260323
v -0.01005447 -0.00156674 -0.00260323
v -0.00952342 -0.00217133 -0.00276455
v -0.01024996 -0.00100782 -0.00275576
v -0.01031307 -0.00081476 -0.00260323
v -0.00957037 -0.00217133 -0.00262892
v -0.00974815 -0.00200578 -0.00260323
v -0.01002830 -0.00153041 -0.00277972
v -0.00973892 -0.00199384 -0.00275497
v -0.01007448 -0.00132854 -0.00280741
f 1409 1410 1411
f 1409 1412 1413
f 1409 1413 1410
f 1410 1414 1415
f 1410 1415 1416
f 1410 1416 1411
f 1409 1411 1425
f 1409 1425 1456
f 1409 1456 1470
f 1409 1470 1471
f 1409 1471 1489
f 1409 1489 1506
f 1409 1506 1505
f 1409 1505 1504
f 1409 1504 1503
f 1409 1503 1502
f 1409 1502 1485
f 1409 1485 1501
f 1409 1501 1518
f 1409 1518 1522
f 1409 1522 1521
f 1409 1521 1508
f 1409 1508 1474
f 1409 1474 1438
f 1409 1438 1412
f 1412 1417 1413
f 1412 1418 1417
f 1413 1414 1410
f 1413 1419 1414
f 1414 1420 1415
f 1415 1420 1421
f 1415 1421 1422
f 1415 1422 1423
f 1415 1423 1416
f 1416 1423 1424
f 1416 1425 1411
f 1417 1418 1413
f 1413 1426 1419
f 1412 1427 1418
f 1418 1427 1429
f 1418 1429 1443
f 1418 1443 1428
f 1419 1430 1414
f 1414 1430 1420
f 1420 1431 1432
f 1420 1432 1421
f 1421 1433 1422
f 1421 1432 1433
f 1423 1422 1434
f 1423 1434 1424
f 1424 1434 1435
f 1416 1424 1425
f 1418 1428 1413
f 1413 1428 1426
f 1419 1436 1430
f 1426 1428 1437
f 1426 1437 1419
f 1412 1438 1427
f 1427 1439 1440
f 1427 1441 1429
f 1427 1440 1442
f 1427 1442 1441
f 1428 1443 1444
f 1428 1444 1437
f 1430 1445 1420
f 1420 1445 1431
f 1431 1445 1446
f 1431 1446 1432
f 1432 1446 1447
f 1432 1447 1464
f 1432 1464 1448
f 1432 1448 1449
f 1432 1449 1450
f 1432 1450 1451
f 1432 1451 1452
f 1432 1452 1433
f 1433 1453 1422
f 1433 1452 1453
f 1422 1453 1434
f 1434 1453 1454
f 1434 1455 1435
f 1434 1454 1455
f 1435 1456 1424
f 1424 1456 1425
f 1436 1437 1444
f 1436 1444 1445
f 1436 1445 1430
f 1419 1437 1436
f 1438 1457 1439
f 1438 1439 1427
f 1439 1457 1440
f 1429 1441 1462
f 1429 1462 1443
f 1442 1458 1459
f 1444 1460 1461
f 1444 1443 1462
f 1444 1462 1460
f 1446 1445 1461
f 1446 1461 1463
f 1446 1464 1447
f 1448 1464 1480
f 1448 1480 1496
f 1448 1496 1525
f 1448 1525 1533
f 1448 1533 1530
f 1448 1530 1484
f 1448 1484 1465
f 1448 1465 1449
f 1449 1488 1466
f 1449 1466 1450
f 1450 1466 1467
f 1450 1467 1468
f 1450 1468 1451
f 1451 1468 1454
f 1451 1454 1453
f 1451 1453 1452
f 1454 1468 1469
f 1454 1469 1455
f 1455 1470 1435
f 1435 1470 1456
f 1455 1469 1471
f 1455 1471 1470
f 1444 1461 1445
f 1457 1472 1473
f 1457 1473 1440
f 1457 1438 1474
f 1457 1474 1472
f 1440 1473 1458
f 1440 1458 1442
f 1441 1442 1460
f 1441 1460 1462
f 1459 1475 1460
f 1459 1460 1442
f 1460 1475 1476
f 1461 1460 1476
f 1461 1476 1463
f 1463 1476 1477
f 1463 1477 1478
f 1463 1478 1464
f 1463 1464 1446
f 1464 1479 1480
f 1464 1478 1481
f 1464 1481 1482
f 1464 1482 1483
f 1464 1483 1479
f 1465 1484 1501
f 1465 1501 1485
f 1465 1486 1487
f 1465 1487 1449
f 1449 1487 1488
f 1466 1488 1467
f 1467 1488 1489
f 1468 1467 1469
f 1469 1489 1471
f 1473 1472 1490
f 1473 1490 1491
f 1473 1491 1458
f 1458 1492 1493
f 1458 1493 1459
f 1459 1493 1494
f 1459 1494 1475
f 1476 1475 1494
f 1476 1494 1495
f 1477 1476 1495
f 1478 1477 1481
f 1479 1496 1480
f 1479 1483 1496
f 1481 1477 1497
f 1482 1481 1498
f 1482 1498 1499
f 1482 1499 1483
f 1483 1499 1500
f 1483 1500 1496
f 1465 1485 1502
f 1465 1502 1503
f 1465 1503 1504
f 1465 1504 1505
f 1465 1505 1486
f 1486 1505 1506
f 1487 1486 1507
f 1487 1507 1506
f 1487 1506 1488
f 1488 1506 1489
f 1489 1469 1467
f 1472 1474 1490
f 1474 1508 1490
f 1490 1508 1509
f 1490 1509 1510
f 1490 1510 1491
f 1458 1491 1492
f 1494 1493 1495
f 1495 1512 1497
f 1495 1497 1477
f 1497 1512 1513
f 1497 1498 1481
f 1498 1497 1514
f 1498 1514 1499
f 1499 1514 1515
f 1499 1515 1516
f 1499 1516 1500
f 1501 1484 1519
f 1501 1519 1518
f 1486 1506 1507
f 1509 1520 1510
f 1509 1508 1521
f 1509 1521 1522
f 1509 1522 1520
f 1510 1523 1491
f 1491 1523 1492
f 1492 1511 1495
f 1492 1495 1493
f 1492 1523 1511
f 1511 1524 1512
f 1511 1523 1524
f 1511 1512 1495
f 1512 1524 1513
f 1496 1500 1525
f 1500 1516 1526
f 1500 1526 1525
f 1513 1524 1527
f 1513 1527 1514
f 1513 1514 1497
f 1514 1527 1515
f 1515 1528 1529
f 1515 1529 1516
f 1516 1529 1526
f 1484 1530 1517
f 1484 1517 1519
f 1520 1519 1510
f 1520 1522 1518
f 1520 1518 1519
f 1524 1523 1531
f 1524 1531 1532
f 1524 1532 1527
f 1525 1526 1534
f 1525 1534 1533
f 1526 1529 1534
f 1527 1532 1528
f 1527 1528 1515
f 1529 1535 1536
f 1529 1536 1534
f 1529 1528 1535
f 1530 1536 1517
f 1517 1536 1535
f 1517 1535 1519
f 1519 1535 1537
f 1519 1537 1510
f 1510 1537 1523
f 1523 1537 1531
f 1531 1528 1532
f 1531 1537 1535
f 1531 1535 1528
f 1533 1534 1536
f 1536 1530 1533

o geometry_12
v 0.00912182 -0.00970110 0.00271863
v 0.01022497 -0.00342606 0.00256649
v 0.00861178 -0.00970110 0.00271863
v 0.01111660 -0.01154372 0.00271863
v 0.00862534 -0.00342606 0.00256649
v 0.01111660 -0.00470023 0.00256649
v 0.01022497 -0.00342606 -0.00183273
v 0.00860168 -0.00970110 0.00243188
v 0.01056269 -0.01250741 0.00271863
v 0.01111660 -0.01283817 0.00271863
v 0.00862534 -0.00342606 -0.00255011
v 0.00859823 -0.00970110 0.00191099
v 0.00859847 -0.00970110 0.00216782
v 0.01111660 -0.00470023 -0.00157589
v 0.01082399 -0.00428288 -0.00196063
v 0.01022053 -0.00342606 -0.00201478
v 0.01079416 -0.01283817 0.00271863
v 0.01111660 -0.01283817 0.00006466
v 0.00929882 -0.00342606 -0.00246037
v 0.01019884 -0.00415943 -0.00220199
v 0.00917728 -0.00597625 -0.00199312
v 0.00862534 -0.00620934 -0.00202200
v 0.00859946 -0.00970110 -0.00106222
v 0.00859847 -0.00970110 -0.00080487
v 0.00938953 -0.01083155 -0.00054855
v 0.01025430 -0.01206703 -0.00029171
v 0.01111660 -0.00474906 -0.00178064
v 0.01085653 -0.00441186 -0.00198229
v 0.01033195 -0.00371996 -0.00223190
v 0.01016358 -0.00342606 -0.00222159
v 0.01021560 -0.00342606 -0.00208956
v 0.01111660 -0.00474998 -0.00178218
v 0.01111660 -0.00480250 -0.00182757
v 0.01079416 -0.01283817 0.00047828
v 0.01098743 -0.01283817 0.00003733
v 0.01111660 -0.01283540 0.00006208
v 0.00946225 -0.00342606 -0.00243820
v 0.00992496 -0.00364073 -0.00233608
v 0.01029547 -0.00401570 -0.00221592
v 0.01111660 -0.00534607 -0.00185490
v 0.01069556 -0.00638623 -0.00171359
v 0.01018232 -0.01108860 -0.00088945
v 0.00862534 -0.00901841 -0.00148873
v 0.00862534 -0.00912436 -0.00146810
v 0.00862534 -0.00925058 -0.00143922
v 0.00862534 -0.00927914 -0.00142787
v 0.00862534 -0.00954817 -0.00130203
v 0.00862041 -0.00970110 -0.00113287
v 0.00876931 -0.00993328 -0.00119167
v 0.00920144 -0.01056253 -0.00080487
v 0.00981945 -0.01144330 -0.00054855
v 0.01003885 -0.01175010 -0.00054855
v 0.01056417 -0.01250465 -0.00017309
v 0.01056269 -0.01250649 -0.00003488
v 0.01090781 -0.00466891 -0.00199157
v 0.01033195 -0.00384526 -0.00223190
v 0.00997106 -0.00342606 -0.00234279
v 0.01013178 -0.00342606 -0.00226801
v 0.01111660 -0.00494162 -0.00185490
v 0.01079589 -0.01283817 0.00026477
v 0.01095193 -0.01283817 0.00003578
v 0.01095243 -0.01282895 0.00002237
v 0.01095243 -0.01268615 -0.00010605
v 0.01111660 -0.01278657 0.00001773
v 0.01111660 -0.01281974 0.00004764
v 0.00971148 -0.00342606 -0.00240364
v 0.01089252 -0.00486146 -0.00197352
v 0.01096796 -0.00493885 -0.00194412
v 0.01111660 -0.00508811 -0.00188017
v 0.01111660 -0.01032391 -0.00091008
v 0.01043869 -0.01108860 -0.00085489
v 0.01018232 -0.01134472 -0.00083994
v 0.00987467 -0.01101121 -0.00094412
v 0.00994641 -0.01085366 -0.00096526
v 0.01095218 -0.01057451 -0.00088429
v 0.01095243 -0.01070625 -0.00085902
v 0.00889823 -0.00954632 -0.00135206
v 0.00921599 -0.01016913 -0.00118651
v 0.00904417 -0.01019124 -0.00119167
v 0.00902519 -0.01019124 -0.00119167
v 0.00868451 -0.00970110 -0.00125974
v 0.00953054 -0.01097159 -0.00094205
v 0.01004550 -0.01173996 -0.00068573
v 0.01079540 -0.01279394 0.00003681
v 0.01078085 -0.01281513 0.00022144
v 0.01051930 -0.01229091 -0.00044592
v 0.00992496 -0.00342606 -0.00235465
v 0.01083952 -0.01283817 0.00008632
v 0.01069556 -0.01228999 -0.00044437
v 0.01095243 -0.01255809 -0.00020352
v 0.01109787 -0.01251202 -0.00017103
v 0.01111660 -0.01253137 -0.00014988
v 0.01111660 -0.01057451 -0.00086211
v 0.01095243 -0.01083155 -0.00083478
v 0.01069556 -0.01108860 -0.00081828
v 0.01043869 -0.01134472 -0.00080074
v 0.01045126 -0.01161835 -0.00072338
v 0.01037386 -0.01177129 -0.00069089
v 0.01018232 -0.01160177 -0.00076361
v 0.00966883 -0.01100752 -0.00094773
v 0.01018232 -0.01176852 -0.00069450
v 0.01069556 -0.01211494 -0.00050935
v 0.01084544 -0.01225774 -0.00042632
v 0.01093961 -0.01235448 -0.00033555
v 0.01111660 -0.01236461 -0.00025509
v 0.01111660 -0.01248438 -0.00018031
v 0.01111660 -0.01083155 -0.00080899
v 0.01095243 -0.01108860 -0.00077495
v 0.01069556 -0.01134472 -0.00075329
v 0.01111660 -0.01109505 -0.00073988
v 0.01093542 -0.01134104 -0.00070430
v 0.01054494 -0.01171509 -0.00067181
v 0.01069556 -0.01185881 -0.00059187
v 0.01095243 -0.01185881 -0.00053411
v 0.01111660 -0.01186803 -0.00049388
v 0.01101652 -0.01219509 -0.00039692
v 0.01111660 -0.01203478 -0.00043715
v 0.01111660 -0.01215455 -0.00038145
v 0.01111660 -0.01125904 -0.00068934
v 0.01111660 -0.01134104 -0.00066356
v 0.01093542 -0.01158242 -0.00062694
v 0.01111660 -0.01151885 -0.00060631
f 1538 1539 1542
f 1538 1542 1540
f 1538 1540 1546
f 1538 1546 1554
f 1538 1554 1547
f 1538 1547 1541
f 1538 1541 1539
f 1539 1541 1543
f 1539 1543 1551
f 1539 1551 1544
f 1539 1544 1553
f 1539 1553 1568
f 1539 1568 1567
f 1539 1567 1595
f 1539 1595 1594
f 1539 1594 1624
f 1539 1624 1603
f 1539 1603 1574
f 1539 1574 1556
f 1539 1556 1548
f 1539 1548 1542
f 1540 1542 1545
f 1540 1545 1546
f 1541 1547 1555
f 1541 1555 1573
f 1541 1573 1602
f 1541 1602 1601
f 1541 1601 1629
f 1541 1629 1643
f 1541 1643 1642
f 1541 1642 1655
f 1541 1655 1654
f 1541 1654 1652
f 1541 1652 1659
f 1541 1659 1657
f 1541 1657 1656
f 1541 1656 1647
f 1541 1647 1644
f 1541 1644 1630
f 1541 1630 1607
f 1541 1607 1577
f 1541 1577 1606
f 1541 1606 1596
f 1541 1596 1570
f 1541 1570 1569
f 1541 1569 1564
f 1541 1564 1551
f 1541 1551 1543
f 1542 1548 1549
f 1542 1549 1550
f 1542 1550 1545
f 1544 1552 1553
f 1544 1551 1552
f 1545 1550 1546
f 1546 1550 1549
f 1546 1549 1554
f 1547 1554 1571
f 1547 1571 1597
f 1547 1597 1625
f 1547 1625 1598
f 1547 1598 1572
f 1547 1572 1555
f 1548 1556 1557
f 1548 1557 1558
f 1548 1558 1559
f 1548 1559 1560
f 1548 1560 1561
f 1548 1561 1549
f 1549 1561 1562
f 1549 1562 1563
f 1549 1563 1554
f 1551 1564 1552
f 1552 1565 1566
f 1552 1566 1567
f 1552 1567 1568
f 1552 1568 1553
f 1552 1564 1569
f 1552 1569 1570
f 1552 1570 1565
f 1554 1563 1571
f 1555 1572 1573
f 1556 1574 1575
f 1556 1575 1557
f 1557 1575 1576
f 1557 1576 1577
f 1557 1577 1578
f 1557 1578 1558
f 1558 1578 1579
f 1558 1579 1559
f 1559 1579 1580
f 1559 1580 1560
f 1560 1580 1581
f 1560 1581 1582
f 1560 1582 1583
f 1560 1583 1584
f 1560 1584 1585
f 1560 1585 1586
f 1560 1586 1587
f 1560 1587 1561
f 1561 1587 1562
f 1562 1587 1563
f 1563 1588 1589
f 1563 1589 1590
f 1563 1590 1591
f 1563 1591 1571
f 1563 1587 1588
f 1565 1592 1566
f 1565 1570 1592
f 1566 1592 1593
f 1566 1593 1594
f 1566 1594 1595
f 1566 1595 1567
f 1570 1596 1592
f 1571 1591 1597
f 1572 1598 1599
f 1572 1599 1600
f 1572 1600 1601
f 1572 1601 1602
f 1572 1602 1573
f 1574 1603 1575
f 1575 1593 1576
f 1575 1603 1593
f 1576 1593 1604
f 1576 1604 1577
f 1577 1604 1605
f 1577 1605 1592
f 1577 1592 1606
f 1577 1607 1578
f 1578 1607 1579
f 1579 1608 1609
f 1579 1609 1610
f 1579 1610 1611
f 1579 1611 1580
f 1579 1607 1612
f 1579 1612 1613
f 1579 1613 1608
f 1580 1614 1581
f 1580 1611 1614
f 1581 1614 1582
f 1582 1614 1615
f 1582 1615 1616
f 1582 1616 1617
f 1582 1617 1583
f 1583 1617 1618
f 1583 1618 1584
f 1584 1618 1586
f 1584 1586 1585
f 1586 1618 1617
f 1586 1617 1619
f 1586 1619 1620
f 1586 1620 1589
f 1586 1589 1588
f 1586 1588 1587
f 1589 1620 1590
f 1590 1621 1622
f 1590 1622 1597
f 1590 1597 1591
f 1590 1620 1623
f 1590 1623 1621
f 1592 1596 1606
f 1592 1605 1604
f 1592 1604 1593
f 1593 1603 1624
f 1593 1624 1594
f 1597 1622 1621
f 1597 1621 1625
f 1598 1625 1621
f 1598 1621 1599
f 1599 1621 1623
f 1599 1623 1600
f 1600 1623 1626
f 1600 1626 1627
f 1600 1627 1601
f 1601 1627 1628
f 1601 1628 1629
f 1607 1630 1612
f 1608 1631 1609
f 1608 1613 1631
f 1609 1631 1632
f 1609 1632 1633
f 1609 1633 1634
f 1609 1634 1635
f 1609 1635 1636
f 1609 1636 1610
f 1610 1636 1637
f 1610 1637 1616
f 1610 1616 1615
f 1610 1615 1614
f 1610 1614 1611
f 1612 1630 1613
f 1613 1630 1631
f 1616 1637 1617
f 1617 1637 1619
f 1619 1637 1638
f 1619 1638 1620
f 1620 1638 1623
f 1623 1638 1626
f 1626 1638 1635
f 1626 1635 1639
f 1626 1639 1640
f 1626 1640 1627
f 1627 1640 1641
f 1627 1641 1642
f 1627 1642 1628
f 1628 1643 1629
f 1628 1642 1643
f 1630 1644 1631
f 1631 1644 1632
f 1632 1644 1633
f 1633 1644 1645
f 1633 1645 1646
f 1633 1646 1634
f 1634 1646 1647
f 1634 1647 1648
f 1634 1648 1649
f 1634 1649 1635
f 1635 1638 1636
f 1635 1649 1639
f 1636 1638 1637
f 1639 1649 1650
f 1639 1650 1651
f 1639 1651 1652
f 1639 1652 1640
f 1640 1653 1641
f 1640 1652 1654
f 1640 1654 1653
f 1641 1653 1655
f 1641 1655 1642
f 1644 1647 1645
f 1645 1647 1646
f 1647 1656 1648
f 1648 1656 1657
f 1648 1657 1658
f 1648 1658 1649
f 1649 1658 1650
f 1650 1658 1651
f 1651 1658 1657
f 1651 1657 1659
f 1651 1659 1652
f 1653 1654 1655

o geometry_13
v -0.00623262 -0.00217187 0.00086949
v -0.00623262 -0.00217187 0.00289106
v -0.00623262 -0.00261274 0.00095855
v -0.00728269 -0.00261295 0.00097517
v -0.00753948 -0.00261295 0.00097953
v -0.00779627 -0.00261295 0.00098428
v -0.00856632 -0.00235625 0.00095875
v -0.00882311 -0.00235625 0.00096646
v -0.00900761 -0.00217187 0.00096092
v -0.00753948 -0.00235625 0.00289126
v -0.00623262 -0.00235625 0.00289106
v -0.00830953 -0.00217187 0.00289126
v -0.00623262 -0.00281317 0.00104325
v -0.00779627 -0.00278071 0.00106522
v -0.00805274 -0.00261295 0.00099476
v -0.00651198 -0.00280738 0.00104602
v -0.00676878 -0.00280207 0.00104899
v -0.00702557 -0.00279670 0.00105235
v -0.00728269 -0.00279139 0.00105611
v -0.00753948 -0.00278601 0.00106027
v -0.00882311 -0.00255836 0.00104741
v -0.00909103 -0.00237147 0.00102959
v -0.00927127 -0.00217187 0.00099872
v -0.00830953 -0.00235625 0.00289126
v -0.00623262 -0.00261295 0.00288413
v -0.00856632 -0.00217187 0.00289066
v -0.00623262 -0.00281987 0.00106146
v -0.00623262 -0.00288494 0.00124907
v -0.00625519 -0.00288403 0.00124907
v -0.00753948 -0.00283069 0.00124907
v -0.00779627 -0.00282001 0.00124907
v -0.00805274 -0.00277156 0.00107551
v -0.00901252 -0.00252296 0.00107689
v -0.00824999 -0.00275725 0.00109569
v -0.00933702 -0.00228713 0.00106838
v -0.00933702 -0.00217187 0.00101871
v -0.00856632 -0.00235625 0.00288967
v -0.00625519 -0.00261295 0.00288413
v -0.00623262 -0.00279530 0.00277925
v -0.00625519 -0.00281268 0.00276935
v -0.00882311 -0.00217187 0.00288829
v -0.00623262 -0.00288494 0.00227618
v -0.00625519 -0.00288403 0.00253306
v -0.00753948 -0.00283069 0.00253306
v -0.00779627 -0.00282001 0.00253306
v -0.00805274 -0.00280179 0.00124907
v -0.00882311 -0.00263368 0.00124907
v -0.00904327 -0.00254209 0.00124907
v -0.00948161 -0.00223875 0.00110480
v -0.00828434 -0.00276514 0.00124907
v -0.00841290 -0.00273435 0.00124907
v -0.00856632 -0.00269749 0.00124907
v -0.00952414 -0.00217187 0.00108699
v -0.00947605 -0.00217187 0.00106621
v -0.00882311 -0.00235625 0.00288136
v -0.00779627 -0.00261295 0.00286236
v -0.00753948 -0.00261295 0.00286850
v -0.00728269 -0.00261295 0.00287325
v -0.00702557 -0.00261295 0.00287721
v -0.00676878 -0.00261295 0.00288037
v -0.00651198 -0.00261295 0.00288255
v -0.00623262 -0.00281282 0.00276915
v -0.00651198 -0.00280738 0.00276777
v -0.00623262 -0.00288466 0.00253306
v -0.00908285 -0.00217187 0.00286316
v -0.00779627 -0.00278071 0.00274758
v -0.00805274 -0.00277156 0.00273313
v -0.00805274 -0.00280179 0.00253306
v -0.00882311 -0.00263515 0.00150575
v -0.00856632 -0.00270028 0.00150575
v -0.00917150 -0.00245964 0.00150575
v -0.00917150 -0.00245908 0.00124907
v -0.00904327 -0.00254209 0.00253306
v -0.00948946 -0.00224427 0.00124907
v -0.00956928 -0.00217187 0.00119742
v -0.00841290 -0.00273561 0.00150575
v -0.00828434 -0.00276514 0.00253306
v -0.00805274 -0.00261295 0.00284792
v -0.00933702 -0.00217187 0.00280715
v -0.00909103 -0.00237189 0.00279112
v -0.00882311 -0.00255989 0.00276638
v -0.00753948 -0.00278601 0.00275352
v -0.00728269 -0.00279139 0.00275847
v -0.00702557 -0.00279670 0.00276242
v -0.00676878 -0.00280207 0.00276539
v -0.00824999 -0.00275725 0.00270167
v -0.00882311 -0.00263515 0.00253306
v -0.00856632 -0.00270028 0.00227618
v -0.00917150 -0.00245964 0.00253306
v -0.00933702 -0.00234766 0.00150575
v -0.00901252 -0.00252296 0.00272700
v -0.00948161 -0.00223875 0.00268742
v -0.00948946 -0.00224427 0.00253306
v -0.00957452 -0.00217187 0.00227618
v -0.00957419 -0.00217187 0.00124907
v -0.00841290 -0.00273561 0.00227618
v -0.00856632 -0.00270014 0.00253306
v -0.00952414 -0.00217187 0.00271354
v -0.00933702 -0.00228776 0.00273650
v -0.00933702 -0.00234766 0.00253306
v -0.00957452 -0.00217187 0.00253306
f 1660 1661 1670
f 1660 1670 1684
f 1660 1684 1698
f 1660 1698 1721
f 1660 1721 1723
f 1660 1723 1701
f 1660 1701 1687
f 1660 1687 1686
f 1660 1686 1672
f 1660 1672 1662
f 1660 1662 1663
f 1660 1663 1664
f 1660 1664 1665
f 1660 1665 1666
f 1660 1666 1667
f 1660 1667 1668
f 1660 1668 1682
f 1660 1682 1695
f 1660 1695 1713
f 1660 1713 1712
f 1660 1712 1734
f 1660 1734 1754
f 1660 1754 1753
f 1660 1753 1760
f 1660 1760 1757
f 1660 1757 1738
f 1660 1738 1724
f 1660 1724 1700
f 1660 1700 1685
f 1660 1685 1671
f 1660 1671 1661
f 1661 1669 1670
f 1661 1671 1669
f 1662 1672 1663
f 1663 1672 1664
f 1664 1672 1665
f 1665 1673 1674
f 1665 1674 1667
f 1665 1667 1666
f 1665 1672 1675
f 1665 1675 1676
f 1665 1676 1677
f 1665 1677 1678
f 1665 1678 1679
f 1665 1679 1673
f 1667 1680 1681
f 1667 1681 1682
f 1667 1682 1668
f 1667 1674 1680
f 1669 1683 1697
f 1669 1697 1684
f 1669 1684 1670
f 1669 1671 1683
f 1671 1685 1683
f 1672 1686 1675
f 1673 1679 1687
f 1673 1687 1688
f 1673 1688 1689
f 1673 1689 1690
f 1673 1690 1691
f 1673 1691 1674
f 1674 1691 1680
f 1675 1686 1676
f 1676 1686 1687
f 1676 1687 1677
f 1677 1687 1678
f 1678 1687 1679
f 1680 1692 1681
f 1680 1691 1693
f 1680 1693 1692
f 1681 1692 1694
f 1681 1694 1695
f 1681 1695 1682
f 1683 1685 1696
f 1683 1696 1720
f 1683 1720 1697
f 1684 1697 1699
f 1684 1699 1698
f 1685 1700 1696
f 1687 1701 1702
f 1687 1702 1688
f 1688 1702 1703
f 1688 1703 1689
f 1689 1703 1704
f 1689 1704 1690
f 1690 1704 1727
f 1690 1727 1705
f 1690 1705 1691
f 1691 1705 1693
f 1692 1693 1706
f 1692 1706 1707
f 1692 1707 1708
f 1692 1708 1694
f 1693 1705 1709
f 1693 1709 1710
f 1693 1710 1711
f 1693 1711 1706
f 1694 1708 1712
f 1694 1712 1713
f 1694 1713 1695
f 1696 1700 1714
f 1696 1714 1715
f 1696 1715 1716
f 1696 1716 1717
f 1696 1717 1718
f 1696 1718 1719
f 1696 1719 1720
f 1697 1720 1699
f 1698 1699 1721
f 1699 1720 1719
f 1699 1719 1718
f 1699 1718 1717
f 1699 1717 1716
f 1699 1716 1722
f 1699 1722 1723
f 1699 1723 1721
f 1700 1724 1714
f 1701 1723 1702
f 1702 1723 1725
f 1702 1725 1703
f 1703 1725 1704
f 1704 1725 1726
f 1704 1726 1727
f 1705 1727 1736
f 1705 1736 1709
f 1706 1728 1707
f 1706 1711 1729
f 1706 1729 1728
f 1707 1730 1731
f 1707 1731 1708
f 1707 1728 1746
f 1707 1746 1732
f 1707 1732 1748
f 1707 1748 1730
f 1708 1733 1734
f 1708 1734 1712
f 1708 1731 1733
f 1709 1735 1729
f 1709 1729 1710
f 1709 1736 1755
f 1709 1755 1735
f 1710 1729 1711
f 1714 1737 1715
f 1714 1724 1738
f 1714 1738 1739
f 1714 1739 1740
f 1714 1740 1737
f 1715 1741 1742
f 1715 1742 1743
f 1715 1743 1744
f 1715 1744 1716
f 1715 1737 1725
f 1715 1725 1741
f 1716 1744 1722
f 1722 1744 1723
f 1723 1744 1743
f 1723 1743 1742
f 1723 1742 1741
f 1723 1741 1725
f 1725 1737 1726
f 1726 1745 1727
f 1726 1737 1740
f 1726 1740 1745
f 1727 1745 1736
f 1728 1729 1747
f 1728 1747 1746
f 1729 1735 1755
f 1729 1755 1747
f 1730 1748 1759
f 1730 1759 1749
f 1730 1749 1733
f 1730 1733 1731
f 1732 1746 1750
f 1732 1750 1751
f 1732 1751 1748
f 1733 1749 1759
f 1733 1759 1752
f 1733 1752 1760
f 1733 1760 1753
f 1733 1753 1754
f 1733 1754 1734
f 1736 1745 1756
f 1736 1756 1747
f 1736 1747 1755
f 1738 1757 1758
f 1738 1758 1739
f 1739 1758 1750
f 1739 1750 1740
f 1740 1750 1745
f 1745 1750 1746
f 1745 1746 1756
f 1746 1747 1756
f 1748 1751 1759
f 1750 1758 1751
f 1751 1757 1760
f 1751 1760 1752
f 1751 1752 1759
f 1751 1758 1757

o geometry_14
v 0.01111660 -0.00911186 -0.00113921
v 0.01111660 -0.00835074 -0.00128395
v 0.01223705 -0.00903325 -0.00100586
v 0.01274978 -0.00910798 -0.00092347
v 0.01209367 -0.00911186 -0.00100966
v 0.01111660 -0.00911186 0.00159499
v 0.01111660 -0.00611013 -0.00170947
v 0.01299873 -0.00877795 -0.00095328
v 0.01300176 -0.00911186 -0.00088878
v 0.01326402 -0.00903325 -0.00086926
v 0.01326402 -0.00911186 -0.00085354
v 0.01407955 -0.00911186 0.00187416
v 0.01111691 -0.00874296 0.00365757
v 0.01111660 -0.00830063 0.00274473
v 0.01111660 -0.00534598 -0.00185420
v 0.01120977 -0.00543885 -0.00182439
v 0.01337171 -0.00863368 -0.00093052
v 0.01327733 -0.00877795 -0.00091588
v 0.01249387 -0.00723540 -0.00131268
v 0.01352084 -0.00903325 -0.00083457
v 0.01352084 -0.00911186 -0.00081614
v 0.01417877 -0.00911186 0.00176141
v 0.01291131 -0.00741769 0.00365757
v 0.01280302 -0.00754598 0.00365757
v 0.01275099 -0.00760689 0.00365757
v 0.01246392 -0.00781596 0.00365757
v 0.01170587 -0.00834858 0.00365757
v 0.01122792 -0.00867342 0.00365757
v 0.01111691 -0.00469932 0.00365757
v 0.01111660 -0.00469932 0.00274473
v 0.01111660 -0.00508809 -0.00188022
v 0.01161330 -0.00564490 -0.00171706
v 0.01158547 -0.00581639 -0.00170243
v 0.01287350 -0.00761596 -0.00118963
v 0.01352084 -0.00877623 -0.00088281
v 0.01377736 -0.00903325 -0.00079337
v 0.01377887 -0.00911186 -0.00077115
v 0.01420085 -0.00911186 0.00161451
v 0.01276127 -0.00704922 0.00365757
v 0.01290466 -0.00731661 0.00365757
v 0.01291131 -0.00733691 0.00365757
v 0.01111691 -0.00469889 0.00330306
v 0.01265722 -0.00689847 0.00365757
v 0.01111660 -0.00469932 -0.00157504
v 0.01111660 -0.00494166 -0.00185420
v 0.01161330 -0.00552999 -0.00171706
v 0.01289286 -0.00744447 -0.00120101
v 0.01345641 -0.00826262 -0.00096412
v 0.01345097 -0.00835031 -0.00095654
v 0.01344431 -0.00846262 -0.00094624
v 0.01334328 -0.00835074 -0.00098418
v 0.01326402 -0.00826262 -0.00101345
v 0.01399062 -0.00903325 -0.00072344
v 0.01398185 -0.00911186 -0.00071260
v 0.01385722 -0.00911186 -0.00075326
v 0.01420630 -0.00911186 0.00151314
v 0.01271318 -0.00697881 0.00365757
v 0.01111691 -0.00469889 0.00274527
v 0.01420690 -0.00911186 0.00125674
v 0.01411252 -0.00897666 0.00124807
v 0.01135195 -0.00503496 -0.00157504
v 0.01134710 -0.00504101 -0.00171814
v 0.01111660 -0.00474857 -0.00177994
v 0.01111660 -0.00480299 -0.00182764
v 0.01289286 -0.00733691 -0.00120101
v 0.01342556 -0.00807860 -0.00096033
v 0.01395492 -0.00883108 -0.00071911
v 0.01414882 -0.00911186 -0.00054781
v 0.01400726 -0.00911186 -0.00070014
v 0.01411252 -0.00897666 -0.00029141
v 0.01420660 -0.00911186 -0.00029141
v 0.01262303 -0.00685008 -0.00106170
v 0.01262303 -0.00685052 -0.00119071
v 0.01111660 -0.00474943 -0.00178157
v 0.01398154 -0.00879394 -0.00054781
v 0.01417726 -0.00911186 -0.00049740
v 0.01389382 -0.00866564 -0.00054781
v 0.01419783 -0.00911186 -0.00035646
v 0.01418240 -0.00911186 -0.00046976
f 1761 1762 1763
f 1761 1763 1764
f 1761 1764 1765
f 1761 1765 1769
f 1761 1769 1771
f 1761 1771 1781
f 1761 1781 1797
f 1761 1797 1815
f 1761 1815 1814
f 1761 1814 1829
f 1761 1829 1828
f 1761 1828 1836
f 1761 1836 1839
f 1761 1839 1838
f 1761 1838 1831
f 1761 1831 1819
f 1761 1819 1816
f 1761 1816 1798
f 1761 1798 1782
f 1761 1782 1772
f 1761 1772 1766
f 1761 1766 1774
f 1761 1774 1790
f 1761 1790 1804
f 1761 1804 1823
f 1761 1823 1834
f 1761 1834 1824
f 1761 1824 1805
f 1761 1805 1791
f 1761 1791 1775
f 1761 1775 1767
f 1761 1767 1762
f 1762 1767 1763
f 1763 1768 1764
f 1763 1767 1768
f 1764 1769 1765
f 1764 1768 1770
f 1764 1770 1771
f 1764 1771 1769
f 1766 1772 1773
f 1766 1773 1774
f 1767 1775 1776
f 1767 1776 1768
f 1768 1777 1778
f 1768 1778 1770
f 1768 1776 1779
f 1768 1779 1777
f 1770 1780 1771
f 1770 1778 1777
f 1770 1777 1780
f 1771 1780 1781
f 1772 1782 1783
f 1772 1783 1784
f 1772 1784 1785
f 1772 1785 1786
f 1772 1786 1787
f 1772 1787 1788
f 1772 1788 1773
f 1773 1788 1787
f 1773 1787 1786
f 1773 1786 1785
f 1773 1785 1784
f 1773 1784 1783
f 1773 1783 1801
f 1773 1801 1800
f 1773 1800 1799
f 1773 1799 1817
f 1773 1817 1803
f 1773 1803 1789
f 1773 1789 1790
f 1773 1790 1774
f 1775 1791 1792
f 1775 1792 1776
f 1776 1792 1793
f 1776 1793 1794
f 1776 1794 1779
f 1777 1795 1780
f 1777 1779 1794
f 1777 1794 1795
f 1780 1795 1796
f 1780 1796 1781
f 1781 1796 1797
f 1782 1798 1799
f 1782 1799 1800
f 1782 1800 1801
f 1782 1801 1783
f 1789 1802 1790
f 1789 1803 1802
f 1790 1802 1818
f 1790 1818 1804
f 1791 1805 1806
f 1791 1806 1792
f 1792 1806 1825
f 1792 1825 1807
f 1792 1807 1794
f 1792 1794 1793
f 1794 1807 1808
f 1794 1808 1809
f 1794 1809 1810
f 1794 1810 1811
f 1794 1811 1812
f 1794 1812 1795
f 1795 1812 1796
f 1796 1813 1814
f 1796 1814 1815
f 1796 1815 1797
f 1796 1812 1811
f 1796 1811 1810
f 1796 1810 1809
f 1796 1809 1808
f 1796 1808 1813
f 1798 1816 1799
f 1799 1816 1817
f 1802 1803 1820
f 1802 1820 1830
f 1802 1830 1818
f 1803 1817 1816
f 1803 1816 1819
f 1803 1819 1820
f 1804 1821 1822
f 1804 1822 1823
f 1804 1818 1821
f 1805 1824 1806
f 1806 1824 1822
f 1806 1822 1825
f 1807 1825 1808
f 1808 1826 1813
f 1808 1825 1826
f 1813 1827 1828
f 1813 1828 1829
f 1813 1829 1814
f 1813 1826 1827
f 1818 1830 1821
f 1819 1831 1830
f 1819 1830 1820
f 1821 1830 1832
f 1821 1832 1833
f 1821 1833 1822
f 1822 1824 1834
f 1822 1834 1823
f 1822 1833 1825
f 1825 1833 1826
f 1826 1833 1827
f 1827 1833 1835
f 1827 1835 1836
f 1827 1836 1828
f 1830 1831 1837
f 1830 1837 1833
f 1830 1833 1832
f 1831 1838 1835
f 1831 1835 1837
f 1833 1837 1835
f 1835 1838 1839
f 1835 1839 1836

o geometry_15
v 0.00862473 -0.00970185 -0.00114149
v 0.00862014 -0.00970185 -0.00113249
v 0.00825431 -0.00916372 -0.00144910
v 0.00862473 -0.00955135 -0.00130069
v 0.00862473 -0.00970185 0.00616582
v 0.00859921 -0.00970185 -0.00106233
v 0.00838427 -0.00919628 -0.00145540
v 0.00862473 -0.00954889 -0.00130249
v 0.00674951 -0.00707199 -0.00183228
v 0.00674951 -0.00707138 -0.00183498
v 0.00674951 -0.00696633 -0.00204815
v 0.00674951 -0.00689384 -0.00209403
v 0.00717389 -0.00740065 -0.00196990
v 0.00862473 -0.00955073 0.00633042
v 0.00847531 -0.00947210 0.00629264
v 0.00860013 -0.00970185 0.00612804
v 0.00674951 -0.00708366 -0.00157593
v 0.00859811 -0.00970185 -0.00080508
v 0.00858526 -0.00920611 -0.00145720
v 0.00862473 -0.00927921 -0.00142842
v 0.00674951 -0.00671999 -0.00216418
v 0.00862473 -0.00928904 0.00637989
v 0.00838427 -0.00903348 0.00636820
v 0.00838757 -0.00927491 0.00631333
v 0.00819851 -0.00903348 0.00630074
v 0.00824403 -0.00917846 0.00627106
v 0.00845659 -0.00949913 0.00612804
v 0.00859921 -0.00970185 0.00602010
v 0.00674951 -0.00708366 0.00458725
v 0.00859811 -0.00970185 0.00587169
v 0.00862473 -0.00901935 -0.00148868
v 0.00862473 -0.00912502 -0.00146799
v 0.00862473 -0.00925156 -0.00143921
v 0.00729633 -0.00740065 -0.00196990
v 0.00674951 -0.00653201 -0.00221006
v 0.00674951 -0.00663460 -0.00218667
v 0.00862473 -0.00903348 0.00638979
v 0.00838427 -0.00877670 0.00637000
v 0.00815904 -0.00877670 0.00630524
v 0.00773778 -0.00840013 0.00600481
v 0.00813592 -0.00903348 0.00612804
v 0.00823816 -0.00918706 0.00612804
v 0.00696868 -0.00736870 0.00523487
v 0.00674951 -0.00707261 0.00484449
v 0.00812747 -0.00831106 -0.00168926
v 0.00838427 -0.00851992 -0.00161551
v 0.00836022 -0.00823857 -0.00167217
v 0.00862473 -0.00850333 -0.00158672
v 0.00674951 -0.00342606 -0.00279921
v 0.00862473 -0.00492498 -0.00226582
v 0.00862473 -0.00877670 0.00638799
v 0.00862473 -0.00853651 0.00635561
v 0.00839179 -0.00851746 0.00629894
v 0.00819135 -0.00860162 0.00627645
v 0.00773778 -0.00837556 0.00600481
v 0.00721024 -0.00765313 0.00550561
v 0.00674951 -0.00694790 0.00506037
v 0.00674951 -0.00697247 0.00502529
v 0.00862473 -0.00342606 -0.00255006
v 0.00862473 -0.00391014 -0.00245831
v 0.00674951 -0.00342606 0.00367068
v 0.00862473 -0.00832826 0.00628994
v 0.00862473 -0.00518176 0.00518539
v 0.00747842 -0.00786568 0.00574846
v 0.00761021 -0.00342606 0.00427693
v 0.00745822 -0.00342606 0.00422656
v 0.00721024 -0.00756160 0.00550561
v 0.00694885 -0.00706954 0.00524566
v 0.00674951 -0.00672184 0.00503608
v 0.00862473 -0.00342606 0.00436148
v 0.00674951 -0.00652894 0.00496502
v 0.00787068 -0.00342606 0.00430841
v 0.00674951 -0.00657010 0.00498211
f 1840 1841 1842
f 1840 1842 1843
f 1840 1843 1847
f 1840 1847 1859
f 1840 1859 1872
f 1840 1872 1871
f 1840 1871 1870
f 1840 1870 1887
f 1840 1887 1889
f 1840 1889 1899
f 1840 1899 1898
f 1840 1898 1909
f 1840 1909 1902
f 1840 1902 1901
f 1840 1901 1891
f 1840 1891 1890
f 1840 1890 1876
f 1840 1876 1861
f 1840 1861 1853
f 1840 1853 1844
f 1840 1844 1855
f 1840 1855 1867
f 1840 1867 1869
f 1840 1869 1857
f 1840 1857 1845
f 1840 1845 1841
f 1841 1845 1842
f 1842 1846 1847
f 1842 1847 1843
f 1842 1845 1848
f 1842 1848 1849
f 1842 1849 1850
f 1842 1850 1851
f 1842 1851 1852
f 1842 1852 1846
f 1844 1853 1854
f 1844 1854 1855
f 1845 1856 1848
f 1845 1857 1856
f 1846 1858 1859
f 1846 1859 1847
f 1846 1852 1858
f 1848 1856 1868
f 1848 1868 1883
f 1848 1883 1897
f 1848 1897 1896
f 1848 1896 1908
f 1848 1908 1912
f 1848 1912 1910
f 1848 1910 1900
f 1848 1900 1888
f 1848 1888 1874
f 1848 1874 1875
f 1848 1875 1860
f 1848 1860 1851
f 1848 1851 1850
f 1848 1850 1849
f 1851 1860 1852
f 1852 1860 1858
f 1853 1861 1862
f 1853 1862 1863
f 1853 1863 1854
f 1854 1863 1864
f 1854 1864 1865
f 1854 1865 1855
f 1855 1865 1866
f 1855 1866 1867
f 1856 1857 1869
f 1856 1869 1868
f 1858 1870 1871
f 1858 1871 1872
f 1858 1872 1859
f 1858 1860 1873
f 1858 1873 1874
f 1858 1874 1870
f 1860 1875 1873
f 1861 1876 1862
f 1862 1876 1877
f 1862 1877 1878
f 1862 1878 1864
f 1862 1864 1863
f 1864 1878 1879
f 1864 1879 1865
f 1865 1880 1881
f 1865 1881 1866
f 1865 1879 1882
f 1865 1882 1880
f 1866 1869 1867
f 1866 1881 1868
f 1866 1868 1869
f 1868 1881 1883
f 1870 1884 1885
f 1870 1885 1886
f 1870 1886 1887
f 1870 1874 1884
f 1873 1875 1874
f 1874 1888 1889
f 1874 1889 1886
f 1874 1886 1884
f 1876 1890 1877
f 1877 1890 1891
f 1877 1891 1892
f 1877 1892 1893
f 1877 1893 1878
f 1878 1893 1894
f 1878 1894 1879
f 1879 1894 1906
f 1879 1906 1895
f 1879 1895 1882
f 1880 1882 1881
f 1881 1882 1883
f 1882 1896 1897
f 1882 1897 1883
f 1882 1895 1896
f 1884 1886 1885
f 1886 1889 1887
f 1888 1898 1899
f 1888 1899 1889
f 1888 1900 1905
f 1888 1905 1904
f 1888 1904 1911
f 1888 1911 1909
f 1888 1909 1898
f 1891 1901 1892
f 1892 1901 1902
f 1892 1902 1893
f 1893 1903 1894
f 1893 1902 1904
f 1893 1904 1905
f 1893 1905 1903
f 1894 1903 1906
f 1895 1906 1896
f 1896 1907 1908
f 1896 1906 1907
f 1900 1910 1905
f 1902 1909 1911
f 1902 1911 1904
f 1903 1907 1906
f 1903 1905 1907
f 1905 1910 1912
f 1905 1912 1908
f 1905 1908 1907

o geometry_16
v -0.00009048 0.00312730 -0.00517161
v 0.00003762 0.00312822 -0.00311970
v -0.00034545 0.00311194 -0.00311970
v 0.00230278 -0.00212725 -0.00311894
v 0.00067939 0.00305666 -0.00311970
v 0.00029414 0.00311317 -0.00517161
v -0.00047511 0.00309106 -0.00517161
v -0.00073039 0.00304191 -0.00311970
v -0.00225459 -0.00220865 -0.00311819
v 0.00263641 -0.00174730 -0.00311970
v 0.00293553 -0.00116032 -0.00311970
v 0.00317557 -0.00029813 -0.00311970
v 0.00316500 0.00030482 -0.00311970
v 0.00295574 0.00102434 -0.00311970
v 0.00279561 0.00140937 -0.00311970
v 0.00256598 0.00178825 -0.00311970
v 0.00232237 0.00210631 -0.00311970
v 0.00194676 0.00244741 -0.00311970
v 0.00153601 0.00272554 -0.00311970
v 0.00117533 0.00290185 -0.00311970
v -0.00021874 0.00300782 -0.00539428
v -0.00104567 0.00293133 -0.00533886
v 0.00055097 0.00299338 -0.00539050
v -0.00107428 0.00294239 -0.00517161
v -0.00107739 0.00294239 -0.00311970
v -0.00158981 0.00270711 -0.00311970
v -0.00204253 0.00241777 -0.00311970
v -0.00253754 0.00188700 -0.00311970
v -0.00282049 0.00140967 -0.00311970
v -0.00308789 0.00072594 -0.00311970
v -0.00313951 0.00046670 -0.00311970
v -0.00316127 0.00008429 -0.00311970
v -0.00312707 -0.00055921 -0.00311970
v -0.00285904 -0.00134676 -0.00311970
v -0.00265725 -0.00168095 -0.00311970
v 0.00187151 -0.00251212 -0.00517161
v 0.00233325 -0.00208640 -0.00517161
v 0.00188208 -0.00252625 -0.00311819
v 0.00261278 -0.00172457 -0.00531443
v 0.00288143 -0.00123926 -0.00517161
v 0.00305151 -0.00068637 -0.00517161
v 0.00312333 -0.00021028 -0.00531015
v 0.00311898 0.00034015 -0.00530007
v 0.00300953 0.00085341 -0.00517161
v 0.00284163 0.00131998 -0.00517161
v 0.00248996 0.00189468 -0.00517161
v 0.00222271 0.00220230 -0.00517161
v 0.00168526 0.00263769 -0.00517161
v 0.00117626 0.00290154 -0.00517161
v 0.00067939 0.00305666 -0.00517161
v 0.00109666 0.00292212 -0.00532526
v -0.00047511 0.00277960 -0.00548849
v 0.00055097 0.00277960 -0.00548609
v -0.00137464 0.00252282 -0.00547891
v -0.00155747 0.00268499 -0.00534768
v -0.00164889 0.00266073 -0.00517161
v -0.00201828 0.00239627 -0.00530334
v -0.00228070 0.00214501 -0.00531166
v -0.00256148 0.00179823 -0.00517161
v -0.00279748 0.00138694 -0.00531896
v -0.00292278 0.00111050 -0.00517161
v -0.00305493 0.00064178 -0.00532098
v -0.00310934 0.00034076 -0.00517161
v -0.00312334 -0.00017250 -0.00517161
v -0.00304871 -0.00070296 -0.00531015
v -0.00294113 -0.00107094 -0.00517161
v -0.00257858 -0.00178047 -0.00517161
v -0.00223904 -0.00219268 -0.00517161
v -0.00189857 -0.00248878 -0.00517161
v 0.00185907 -0.00250291 -0.00532979
v 0.00237709 -0.00200470 -0.00533962
v 0.00287459 -0.00122636 -0.00532425
v 0.00295636 -0.00068637 -0.00539201
v 0.00299087 -0.00004380 -0.00540914
v 0.00290972 0.00100899 -0.00535958
v 0.00263019 0.00166216 -0.00533836
v 0.00189639 0.00244418 -0.00535549
v 0.00152824 0.00269083 -0.00534932
v 0.00119274 0.00265121 -0.00545964
v -0.00034669 0.00072471 -0.00569101
v 0.00042256 0.00072471 -0.00568975
v 0.00170672 0.00226664 -0.00548496
v -0.00308385 -0.00017250 -0.00536518
v -0.00282360 -0.00127489 -0.00535095
v -0.00256303 -0.00175774 -0.00534516
v -0.00153322 -0.00276829 -0.00311819
v -0.00200615 -0.00233904 -0.00535171
v 0.00157923 -0.00274679 -0.00311819
v 0.00154876 -0.00272591 -0.00517161
v 0.00129006 -0.00279594 -0.00536518
v 0.00258666 -0.00151847 -0.00541103
v 0.00260532 -0.00119964 -0.00547098
v 0.00273404 -0.00068637 -0.00548748
v 0.00273404 0.00072471 -0.00548773
v -0.00240197 0.00149568 -0.00548622
v 0.00067939 0.00046915 -0.00569075
v -0.00214452 0.00200925 -0.00545121
v -0.00276887 0.00111050 -0.00542186
v -0.00291501 0.00034076 -0.00545146
v -0.00291501 -0.00017250 -0.00546078
v -0.00240197 -0.00158512 -0.00547715
v -0.00151021 -0.00274556 -0.00530863
v 0.00108889 -0.00293569 -0.00517161
v 0.00084045 -0.00300665 -0.00531821
v 0.00119243 -0.00261287 -0.00547866
v 0.00209165 -0.00197030 -0.00547413
v 0.00067939 -0.00055798 -0.00568420
v 0.00234848 0.00162407 -0.00547828
v -0.00086036 -0.00004380 -0.00569075
v -0.00265880 0.00098211 -0.00548647
v -0.00265880 -0.00107094 -0.00548143
v -0.00095488 -0.00298822 -0.00517161
v -0.00163147 -0.00235609 -0.00547891
v -0.00111781 -0.00283280 -0.00538924
v -0.00063540 -0.00302953 -0.00534982
v 0.00093373 -0.00302938 -0.00311819
v 0.00029352 -0.00311630 -0.00517161
v 0.00029383 -0.00305180 -0.00537444
v 0.00055035 -0.00286966 -0.00545889
v 0.00016573 -0.00081477 -0.00569101
v -0.00047511 -0.00068637 -0.00568786
v -0.00087217 -0.00305579 -0.00311819
v -0.00111781 -0.00261287 -0.00548445
v -0.00021890 -0.00312245 -0.00517161
v -0.00060415 -0.00307361 -0.00517161
v 0.00067877 -0.00309695 -0.00311819
v -0.00034732 -0.00286966 -0.00547614
v -0.00060415 -0.00310801 -0.00311819
v 0.00003731 -0.00314425 -0.00311819
f 1913 1914 1918
f 1913 1915 1914
f 1914 1921 1916
f 1914 1916 1917
f 1914 1917 1918
f 1913 1919 1915
f 1915 1919 1920
f 1915 1920 1921
f 1915 1921 1914
f 1916 1922 1923
f 1916 1923 1924
f 1916 1924 1925
f 1916 1925 1926
f 1916 1926 1927
f 1916 1927 1928
f 1916 1928 1929
f 1916 1929 1930
f 1916 1930 1931
f 1916 1931 1932
f 1916 1932 1917
f 1916 1921 1998
f 1916 1998 2034
f 1916 2034 2040
f 1916 2040 2041
f 1916 2041 2038
f 1916 2038 2028
f 1916 2028 2000
f 1916 2000 1950
f 1917 1962 1918
f 1913 1933 1919
f 1913 1918 1933
f 1919 1933 1934
f 1918 1935 1933
f 1919 1934 1936
f 1919 1936 1920
f 1921 1920 1937
f 1921 1937 1938
f 1921 1938 1939
f 1921 1939 1940
f 1921 1940 1941
f 1921 1941 1942
f 1921 1942 1943
f 1921 1943 1944
f 1921 1944 1945
f 1921 1945 1946
f 1921 1946 1947
f 1916 1948 1949
f 1916 1950 1948
f 1916 1949 1922
f 1922 1949 1951
f 1922 1951 1952
f 1922 1952 1923
f 1923 1953 1924
f 1923 1952 1953
f 1924 1953 1954
f 1924 1954 1955
f 1924 1955 1925
f 1925 1955 1956
f 1925 1956 1926
f 1926 1957 1927
f 1926 1956 1957
f 1927 1957 1928
f 1928 1957 1958
f 1928 1958 1929
f 1929 1958 1959
f 1929 1959 1930
f 1930 1959 1960
f 1930 1960 1931
f 1931 1960 1961
f 1931 1961 1932
f 1932 1961 1962
f 1932 1962 1917
f 1918 1962 1963
f 1918 1963 1935
f 1933 1965 1964
f 1933 1935 1965
f 1933 1964 1966
f 1933 1966 1934
f 1934 1966 1967
f 1934 1967 1968
f 1934 1968 1936
f 1936 1937 1920
f 1937 1936 1938
f 1938 1936 1968
f 1938 1968 1939
f 1939 1969 1970
f 1939 1968 1969
f 1939 1970 1940
f 1940 1970 1971
f 1940 1971 1972
f 1940 1972 1941
f 1941 1972 1973
f 1941 1973 1942
f 1942 1973 1974
f 1942 1974 1943
f 1943 1975 1944
f 1943 1974 1975
f 1944 1975 1976
f 1944 1976 1945
f 1945 1976 1977
f 1945 1977 1978
f 1945 1978 1946
f 1946 1978 1979
f 1946 1979 1947
f 1947 1979 1921
f 1921 1979 1980
f 1921 1980 1981
f 1948 1982 1949
f 1949 1982 1983
f 1949 1983 1951
f 1952 1951 1984
f 1952 1984 1953
f 1953 1984 1954
f 1954 1984 1985
f 1954 1985 1986
f 1955 1986 1987
f 1955 1987 1956
f 1956 1987 1957
f 1957 1987 1988
f 1957 1988 1958
f 1958 1988 1959
f 1959 1988 1989
f 1960 1989 1990
f 1960 1959 1989
f 1960 1990 1961
f 1961 1990 1963
f 1961 1963 1962
f 1963 1990 1991
f 1963 1991 1935
f 1935 1991 1965
f 1964 1965 1992
f 1965 1993 1992
f 1964 1992 1966
f 1965 1991 1994
f 1965 1994 1993
f 1967 1969 1968
f 1971 1970 1972
f 1973 1972 1974
f 1975 1974 1976
f 1976 1974 1995
f 1976 1995 1977
f 1978 1977 1996
f 1978 1996 1979
f 1979 1996 1997
f 1921 1981 1998
f 1979 1997 1999
f 1979 1999 1980
f 1980 1999 1981
f 1950 2000 1948
f 1982 1948 2001
f 1982 2001 2002
f 1951 2003 1984
f 1951 1983 2003
f 1984 2003 2004
f 1984 2004 1985
f 1954 1986 1955
f 1985 2004 2005
f 1985 2005 1986
f 1986 2005 2006
f 1987 1986 2006
f 1987 2006 1988
f 1990 1989 1991
f 1992 2007 1966
f 1992 2019 2032
f 1992 2032 2033
f 1992 2033 2021
f 1992 1993 2008
f 1966 2009 1967
f 1993 1994 2008
f 1967 2009 1969
f 1991 1989 1994
f 1969 2009 1970
f 1972 1970 2009
f 1974 1972 2010
f 1974 2010 2011
f 1974 2011 1995
f 1995 2011 2012
f 1995 2012 1996
f 1995 1996 1977
f 1997 1996 2013
f 1997 2013 1999
f 1999 2014 1981
f 1948 2000 2001
f 2002 2001 2015
f 2002 2015 2016
f 1982 2002 2017
f 1982 2017 2018
f 1982 2018 1983
f 1983 2018 2003
f 2005 2004 2019
f 2005 2019 2008
f 2005 2008 2006
f 2006 2008 2020
f 2006 2020 1988
f 1988 2020 1989
f 1989 2020 1994
f 1992 2021 2007
f 2007 2009 1966
f 2008 2019 1992
f 2008 1994 2020
f 2009 2007 2010
f 2009 2010 1972
f 2010 2022 2011
f 2011 2022 2012
f 2012 2022 2021
f 2012 2021 2023
f 2012 2023 1996
f 1998 2014 2024
f 1998 1981 2014
f 1999 2013 2025
f 1999 2025 2026
f 1999 2026 2014
f 2014 2026 2027
f 2014 2027 2024
f 2001 2000 2015
f 2015 2000 2028
f 2016 2029 2030
f 2016 2030 2002
f 2002 2030 2031
f 2002 2031 2017
f 2003 2018 2004
f 2018 2017 2019
f 2004 2018 2019
f 2019 2017 2032
f 2021 2022 2007
f 2007 2022 2010
f 2023 2021 2033
f 2023 2033 2013
f 2023 2013 1996
f 2013 2033 2025
f 1998 2024 2034
f 2025 2033 2035
f 2025 2035 2026
f 2027 2036 2037
f 2027 2037 2024
f 2015 2028 2016
f 2016 2028 2038
f 2016 2038 2029
f 2032 2017 2039
f 2032 2039 2033
f 2033 2039 2035
f 2034 2024 2037
f 2034 2037 2040
f 2035 2039 2026
f 2026 2039 2027
f 2036 2040 2037
f 2038 2041 2029
f 2029 2041 2036
f 2029 2036 2030
f 2031 2030 2039
f 2031 2039 2017
f 2039 2030 2027
f 2027 2030 2036
f 2036 2041 2040

o geometry_17
v 0.01111660 -0.00911302 -0.00113993
v 0.01111660 -0.00997730 -0.00097624
v 0.01111660 -0.00911302 0.00159558
v 0.01128841 -0.00911302 -0.00111757
v 0.01198081 -0.01006154 -0.00084545
v 0.01146711 -0.01031827 -0.00086486
v 0.01121004 -0.01057537 -0.00085009
v 0.01111660 -0.01057537 -0.00086233
v 0.01111660 -0.01144402 0.00316922
v 0.01113813 -0.01142834 0.00316922
v 0.01121564 -0.01137254 0.00316922
v 0.01133018 -0.01129195 0.00316922
v 0.01144300 -0.01121281 0.00316922
v 0.01389741 -0.00949484 0.00316922
v 0.01407869 -0.00937267 0.00316922
v 0.01407955 -0.00911302 0.00187487
v 0.01198081 -0.00911302 -0.00102560
v 0.01172375 -0.01031827 -0.00082942
v 0.01300779 -0.00929135 -0.00085516
v 0.01275116 -0.00954808 -0.00083997
v 0.01249452 -0.00980481 -0.00082394
v 0.01111660 -0.01083210 -0.00080917
v 0.01146711 -0.01057537 -0.00081255
v 0.01111660 -0.01283816 0.00316922
v 0.01429098 -0.00936939 0.00316922
v 0.01417859 -0.00911302 0.00176265
v 0.01300220 -0.00911302 -0.00088975
v 0.01326443 -0.00911302 -0.00085389
v 0.01326443 -0.00929135 -0.00081845
v 0.01121004 -0.01083210 -0.00079483
v 0.01111660 -0.01109502 -0.00073956
v 0.01300779 -0.00954808 -0.00080073
v 0.01111660 -0.01283816 0.00006456
v 0.01321879 -0.01283816 0.00316922
v 0.01435815 -0.00938288 0.00316922
v 0.01419926 -0.00912068 0.00176223
v 0.01420055 -0.00911302 0.00161499
v 0.01352021 -0.00911302 -0.00081634
v 0.01352021 -0.00929135 -0.00077500
v 0.01198081 -0.01031827 -0.00078850
v 0.01172375 -0.01057537 -0.00076783
v 0.01146711 -0.01083210 -0.00074589
v 0.01121478 -0.01109940 -0.00071847
v 0.01111660 -0.01125949 -0.00068978
v 0.01275116 -0.00980481 -0.00078175
v 0.01111660 -0.01283561 0.00006202
v 0.01118464 -0.01283816 0.00007848
v 0.01324548 -0.01283816 0.00304645
v 0.01362269 -0.01256211 0.00316922
v 0.01442059 -0.00941862 0.00316922
v 0.01420615 -0.00911302 0.00151374
v 0.01377857 -0.00911302 -0.00077162
v 0.01378201 -0.00930229 -0.00071847
v 0.01326443 -0.00954808 -0.00075348
v 0.01301985 -0.00982122 -0.00072311
v 0.01169920 -0.01082261 -0.00069948
v 0.01111660 -0.01151878 -0.00060667
v 0.01111660 -0.01278638 0.00001773
v 0.01116655 -0.01281665 0.00005527
v 0.01133793 -0.01275684 0.00009367
v 0.01127808 -0.01283816 0.00012278
v 0.01324548 -0.01283816 0.00304223
v 0.01519997 -0.01146991 0.00316922
v 0.01457259 -0.00963524 0.00316922
v 0.01420658 -0.00911302 0.00125723
v 0.01385693 -0.00911302 -0.00075390
v 0.01350341 -0.00954370 -0.00070412
v 0.01249452 -0.01026284 -0.00070032
v 0.01396975 -0.00922388 -0.00069653
v 0.01387114 -0.00939528 -0.00066911
v 0.01146711 -0.01134483 -0.00058388
v 0.01294277 -0.00997730 -0.00069147
v 0.01275116 -0.01057537 -0.00054254
v 0.01111660 -0.01186777 -0.00049360
v 0.01146711 -0.01160156 -0.00050119
v 0.01111660 -0.01253147 -0.00015018
v 0.01111660 -0.01248443 -0.00018056
v 0.01146711 -0.01271162 0.00012531
v 0.01126990 -0.01245234 -0.00013247
v 0.01195756 -0.01185026 -0.00021009
v 0.01209622 -0.01223463 0.00009915
v 0.01180255 -0.01246583 0.00011603
v 0.01146194 -0.01283816 0.00022108
v 0.01323429 -0.01283816 0.00277813
v 0.01518964 -0.01147319 0.00292242
v 0.01508759 -0.01154722 0.00302367
v 0.01519265 -0.01147502 0.00309370
v 0.01529427 -0.01140208 0.00302367
v 0.01548890 -0.01125585 0.00304645
v 0.01548072 -0.01124892 0.00316922
v 0.01479047 -0.00994630 0.00316922
v 0.01472890 -0.00985842 0.00022192
v 0.01442059 -0.00941826 0.00159727
v 0.01442059 -0.00941826 0.00201916
v 0.01420658 -0.00911302 -0.00029152
v 0.01433059 -0.00928989 0.00150530
v 0.01398224 -0.00911302 -0.00071256
v 0.01403391 -0.00954808 -0.00058346
v 0.01443781 -0.00970452 -0.00043200
v 0.01427203 -0.00979606 -0.00044804
v 0.01403391 -0.00980481 -0.00050119
v 0.01302803 -0.01059725 -0.00047293
v 0.01122124 -0.01187397 -0.00046787
v 0.01111660 -0.01203515 -0.00043707
v 0.01236835 -0.01121829 -0.00042104
v 0.01111660 -0.01236445 -0.00025481
v 0.01119454 -0.01236883 -0.00021980
v 0.01223659 -0.01160885 -0.00023962
v 0.01376177 -0.01057208 -0.00021980
v 0.01466345 -0.01043752 0.00009915
v 0.01436978 -0.01066872 0.00011603
v 0.01331826 -0.01142141 0.00012868
v 0.01300779 -0.01165881 0.00014429
v 0.01158294 -0.01283816 0.00028816
v 0.01320587 -0.01283816 0.00227609
v 0.01531882 -0.01136817 0.00253259
v 0.01518662 -0.01147064 0.00278952
v 0.01531882 -0.01137801 0.00278952
v 0.01549235 -0.01117781 0.00316922
v 0.01548503 -0.01125220 0.00278952
v 0.01551173 -0.01108810 0.00278952
v 0.01551560 -0.01108810 0.00304645
v 0.01505098 -0.01031827 0.00316922
v 0.01505098 -0.01031827 0.00099229
v 0.01441844 -0.00942446 -0.00037041
v 0.01441973 -0.00941862 -0.00019912
v 0.01451144 -0.00954808 -0.00003501
v 0.01433059 -0.00928989 -0.00003501
v 0.01494678 -0.01017021 0.00047843
v 0.01418247 -0.00911302 -0.00046997
v 0.01434782 -0.00931651 -0.00028730
v 0.01400721 -0.00911302 -0.00070075
v 0.01434523 -0.00987556 -0.00039150
v 0.01417386 -0.00994047 -0.00042399
v 0.01443781 -0.00959585 -0.00043200
v 0.01468799 -0.00995469 -0.00017634
v 0.01312707 -0.01069717 -0.00041766
v 0.01146711 -0.01178718 -0.00044002
v 0.01131425 -0.01196988 -0.00041344
v 0.01111660 -0.01215404 -0.00038138
v 0.01160663 -0.01173758 -0.00042399
v 0.01122124 -0.01211173 -0.00036535
v 0.01147314 -0.01212742 -0.00024933
v 0.01404037 -0.01033067 -0.00024891
v 0.01429098 -0.01023950 -0.00019533
v 0.01442360 -0.01019319 -0.00016537
v 0.01459498 -0.01012572 -0.00012698
v 0.01474655 -0.01026649 0.00004431
v 0.01496702 -0.01048529 0.00031389
v 0.01479004 -0.01057281 0.00027255
v 0.01456570 -0.01058011 0.00015442
v 0.01166260 -0.01280461 0.00030630
v 0.01169059 -0.01283816 0.00036283
v 0.01242132 -0.01228240 0.00031347
v 0.01319597 -0.01283816 0.00224023
v 0.01365929 -0.01250777 0.00212632
v 0.01441757 -0.01198556 0.00218580
v 0.01531882 -0.01135795 0.00227609
v 0.01547469 -0.01124235 0.00227609
v 0.01548029 -0.01124746 0.00253259
v 0.01550182 -0.01109904 0.00316922
v 0.01550139 -0.01108810 0.00227609
v 0.01547254 -0.01092217 0.00201916
v 0.01547383 -0.01092217 0.00253259
v 0.01547383 -0.01092217 0.00304645
v 0.01547297 -0.01092217 0.00316922
v 0.01531710 -0.01069826 0.00316922
v 0.01525466 -0.01061037 0.00124837
v 0.01538384 -0.01079381 0.00201916
v 0.01414845 -0.00911302 -0.00054845
v 0.01417730 -0.00911302 -0.00049740
v 0.01418893 -0.00912542 -0.00048685
v 0.01494247 -0.01017678 0.00030925
v 0.01468799 -0.00990582 -0.00017634
v 0.01452479 -0.01004878 -0.00020630
v 0.01427203 -0.01004039 -0.00032569
v 0.01403391 -0.01011843 -0.00038138
v 0.01388148 -0.01017240 -0.00041344
v 0.01496530 -0.01031827 0.00029237
v 0.01497046 -0.01073035 0.00057588
v 0.01486626 -0.01065669 0.00040460
v 0.01469488 -0.01071649 0.00033709
v 0.01521633 -0.01074166 0.00082016
v 0.01454762 -0.01076791 0.00029322
v 0.01422983 -0.01100677 0.00030630
v 0.01212765 -0.01251360 0.00033667
v 0.01183398 -0.01274481 0.00036452
v 0.01177671 -0.01283816 0.00042611
v 0.01317917 -0.01176019 0.00032106
v 0.01313439 -0.01283816 0.00201874
v 0.01471124 -0.01175435 0.00207780
v 0.01546350 -0.01123214 0.00210185
v 0.01545704 -0.01097796 0.00159727
v 0.01545704 -0.01094150 0.00159727
v 0.01546651 -0.01092764 0.00176223
v 0.01543077 -0.01086091 0.00316922
v 0.01524217 -0.01061584 0.00099229
v 0.01521633 -0.01064867 0.00082016
v 0.01495453 -0.01097541 0.00084631
v 0.01512548 -0.01091269 0.00091592
v 0.01217071 -0.01283816 0.00074590
v 0.01198426 -0.01283816 0.00059445
v 0.01189383 -0.01283816 0.00052104
v 0.01440121 -0.01094770 0.00036494
v 0.01288550 -0.01199139 0.00034553
v 0.01522107 -0.01098489 0.00108679
v 0.01545661 -0.01097651 0.00159094
v 0.01315247 -0.01276888 0.00186264
v 0.01361666 -0.01247787 0.00195503
v 0.01466818 -0.01172445 0.00190651
v 0.01300047 -0.01283816 0.00177067
v 0.01533174 -0.01129851 0.00201747
v 0.01525035 -0.01125876 0.00176223
v 0.01526715 -0.01102428 0.00124837
v 0.01545661 -0.01094186 0.00159094
v 0.01502946 -0.01106549 0.00101760
v 0.01436762 -0.01143672 0.00090580
v 0.01255868 -0.01271235 0.00091592
v 0.01285192 -0.01248151 0.00088597
v 0.01221721 -0.01283816 0.00078387
v 0.01510007 -0.01115301 0.00124837
v 0.01493386 -0.01121683 0.00111927
v 0.01298669 -0.01283816 0.00174662
v 0.01391033 -0.01224666 0.00188373
v 0.01496185 -0.01149325 0.00184197
v 0.01497175 -0.01124345 0.00124837
v 0.01518921 -0.01123397 0.00159727
v 0.01520212 -0.01122485 0.00159727
v 0.01289971 -0.01283816 0.00159727
v 0.01515476 -0.01119203 0.00143653
v 0.01417558 -0.01173904 0.00110788
v 0.01252509 -0.01283816 0.00103911
v 0.01317487 -0.01252746 0.00131081
v 0.01274427 -0.01283816 0.00133317
v 0.01270551 -0.01283816 0.00126778
v 0.01312406 -0.01249172 0.00113952
v 0.01265901 -0.01278273 0.00108679
v 0.01341686 -0.01226089 0.00109691
v 0.01283039 -0.01272183 0.00120238
f 2042 2043 2049
f 2042 2049 2063
f 2042 2063 2072
f 2042 2072 2085
f 2042 2085 2098
f 2042 2098 2115
f 2042 2115 2145
f 2042 2145 2181
f 2042 2181 2147
f 2042 2147 2118
f 2042 2118 2117
f 2042 2117 2099
f 2042 2099 2087
f 2042 2087 2074
f 2042 2074 2065
f 2042 2065 2050
f 2042 2050 2044
f 2042 2044 2057
f 2042 2057 2067
f 2042 2067 2078
f 2042 2078 2092
f 2042 2092 2106
f 2042 2106 2136
f 2042 2136 2171
f 2042 2171 2212
f 2042 2212 2211
f 2042 2211 2173
f 2042 2173 2138
f 2042 2138 2107
f 2042 2107 2093
f 2042 2093 2079
f 2042 2079 2069
f 2042 2069 2068
f 2042 2068 2058
f 2042 2058 2045
f 2042 2045 2043
f 2043 2045 2046
f 2043 2046 2047
f 2043 2047 2048
f 2043 2048 2049
f 2044 2050 2051
f 2044 2051 2052
f 2044 2052 2053
f 2044 2053 2054
f 2044 2054 2055
f 2044 2055 2056
f 2044 2056 2057
f 2045 2058 2046
f 2046 2059 2048
f 2046 2048 2047
f 2046 2058 2060
f 2046 2060 2061
f 2046 2061 2062
f 2046 2062 2059
f 2048 2063 2049
f 2048 2059 2064
f 2048 2064 2063
f 2050 2065 2075
f 2050 2075 2090
f 2050 2090 2104
f 2050 2104 2131
f 2050 2131 2160
f 2050 2160 2202
f 2050 2202 2207
f 2050 2207 2237
f 2050 2237 2208
f 2050 2208 2164
f 2050 2164 2132
f 2050 2132 2105
f 2050 2105 2091
f 2050 2091 2076
f 2050 2076 2066
f 2050 2066 2056
f 2050 2056 2055
f 2050 2055 2054
f 2050 2054 2053
f 2050 2053 2052
f 2050 2052 2051
f 2056 2066 2057
f 2057 2066 2067
f 2058 2068 2060
f 2059 2062 2064
f 2060 2068 2069
f 2060 2069 2070
f 2060 2070 2061
f 2061 2070 2062
f 2062 2070 2064
f 2063 2064 2071
f 2063 2071 2072
f 2064 2070 2073
f 2064 2073 2071
f 2065 2074 2088
f 2065 2088 2102
f 2065 2102 2124
f 2065 2124 2155
f 2065 2155 2194
f 2065 2194 2229
f 2065 2229 2244
f 2065 2244 2243
f 2065 2243 2242
f 2065 2242 2261
f 2065 2261 2273
f 2065 2273 2276
f 2065 2276 2275
f 2065 2275 2270
f 2065 2270 2264
f 2065 2264 2252
f 2065 2252 2231
f 2065 2231 2196
f 2065 2196 2156
f 2065 2156 2125
f 2065 2125 2103
f 2065 2103 2089
f 2065 2089 2075
f 2066 2076 2067
f 2067 2076 2077
f 2067 2077 2078
f 2069 2079 2070
f 2070 2079 2080
f 2070 2080 2073
f 2071 2073 2081
f 2071 2081 2082
f 2071 2082 2083
f 2071 2083 2072
f 2072 2083 2084
f 2072 2084 2085
f 2073 2080 2086
f 2073 2086 2081
f 2074 2087 2088
f 2075 2089 2090
f 2076 2091 2077
f 2077 2091 2078
f 2078 2091 2092
f 2079 2093 2080
f 2080 2093 2094
f 2080 2094 2095
f 2080 2095 2082
f 2080 2082 2086
f 2081 2086 2082
f 2082 2095 2083
f 2083 2095 2096
f 2083 2096 2084
f 2084 2096 2097
f 2084 2097 2085
f 2085 2097 2098
f 2087 2099 2100
f 2087 2100 2088
f 2088 2100 2101
f 2088 2101 2102
f 2089 2103 2104
f 2089 2104 2090
f 2091 2105 2106
f 2091 2106 2092
f 2093 2107 2094
f 2094 2108 2109
f 2094 2109 2096
f 2094 2096 2095
f 2094 2107 2110
f 2094 2110 2111
f 2094 2111 2108
f 2096 2109 2097
f 2097 2112 2098
f 2097 2109 2113
f 2097 2113 2114
f 2097 2114 2112
f 2098 2112 2116
f 2098 2116 2115
f 2099 2117 2100
f 2100 2117 2118
f 2100 2118 2101
f 2101 2119 2102
f 2101 2118 2120
f 2101 2120 2121
f 2101 2121 2122
f 2101 2122 2123
f 2101 2123 2119
f 2102 2119 2124
f 2103 2125 2126
f 2103 2126 2127
f 2103 2127 2128
f 2103 2128 2104
f 2104 2128 2129
f 2104 2129 2130
f 2104 2130 2131
f 2105 2132 2133
f 2105 2133 2134
f 2105 2134 2135
f 2105 2135 2106
f 2106 2135 2137
f 2106 2137 2169
f 2106 2169 2136
f 2107 2138 2110
f 2108 2113 2109
f 2108 2111 2113
f 2110 2139 2111
f 2110 2138 2140
f 2110 2140 2141
f 2110 2141 2139
f 2111 2139 2142
f 2111 2142 2113
f 2112 2114 2116
f 2113 2142 2114
f 2114 2143 2116
f 2114 2142 2143
f 2115 2116 2144
f 2115 2144 2145
f 2116 2143 2146
f 2116 2146 2144
f 2118 2147 2148
f 2118 2148 2120
f 2119 2123 2124
f 2120 2148 2121
f 2121 2148 2149
f 2121 2149 2150
f 2121 2150 2151
f 2121 2151 2122
f 2122 2151 2152
f 2122 2152 2123
f 2123 2152 2153
f 2123 2153 2154
f 2123 2154 2124
f 2124 2154 2155
f 2125 2156 2157
f 2125 2157 2158
f 2125 2158 2126
f 2126 2158 2159
f 2126 2159 2129
f 2126 2129 2127
f 2127 2129 2128
f 2129 2159 2130
f 2130 2160 2131
f 2130 2159 2161
f 2130 2161 2162
f 2130 2162 2163
f 2130 2163 2160
f 2132 2164 2165
f 2132 2165 2133
f 2133 2166 2167
f 2133 2167 2168
f 2133 2168 2169
f 2133 2169 2134
f 2133 2165 2170
f 2133 2170 2166
f 2134 2169 2137
f 2134 2137 2135
f 2136 2169 2168
f 2136 2168 2167
f 2136 2167 2172
f 2136 2172 2166
f 2136 2166 2171
f 2138 2173 2140
f 2139 2141 2142
f 2140 2174 2175
f 2140 2175 2141
f 2140 2173 2176
f 2140 2176 2215
f 2140 2215 2177
f 2140 2177 2174
f 2141 2175 2142
f 2142 2175 2178
f 2142 2178 2143
f 2143 2178 2146
f 2144 2146 2179
f 2144 2179 2180
f 2144 2180 2145
f 2145 2180 2181
f 2146 2178 2180
f 2146 2180 2182
f 2146 2182 2179
f 2147 2181 2183
f 2147 2183 2180
f 2147 2180 2148
f 2148 2180 2184
f 2148 2184 2149
f 2149 2178 2185
f 2149 2185 2150
f 2149 2184 2178
f 2150 2185 2186
f 2150 2186 2151
f 2151 2186 2187
f 2151 2187 2188
f 2151 2188 2177
f 2151 2177 2189
f 2151 2189 2190
f 2151 2190 2191
f 2151 2191 2192
f 2151 2192 2152
f 2152 2192 2191
f 2152 2191 2154
f 2152 2154 2153
f 2154 2191 2155
f 2155 2193 2194
f 2155 2191 2195
f 2155 2195 2193
f 2156 2196 2197
f 2156 2197 2198
f 2156 2198 2199
f 2156 2199 2157
f 2157 2199 2200
f 2157 2200 2159
f 2157 2159 2158
f 2159 2200 2201
f 2159 2201 2161
f 2160 2163 2202
f 2161 2201 2203
f 2161 2203 2162
f 2162 2203 2204
f 2162 2204 2163
f 2163 2204 2205
f 2163 2205 2206
f 2163 2206 2207
f 2163 2207 2202
f 2164 2208 2165
f 2165 2209 2170
f 2165 2208 2205
f 2165 2205 2210
f 2165 2210 2209
f 2166 2176 2211
f 2166 2211 2212
f 2166 2212 2213
f 2166 2213 2171
f 2166 2172 2167
f 2166 2170 2214
f 2166 2214 2215
f 2166 2215 2176
f 2170 2209 2214
f 2171 2213 2212
f 2173 2211 2176
f 2174 2177 2216
f 2174 2216 2217
f 2174 2217 2218
f 2174 2218 2219
f 2174 2219 2175
f 2175 2219 2178
f 2177 2215 2220
f 2177 2220 2190
f 2177 2190 2189
f 2177 2188 2216
f 2178 2184 2180
f 2178 2219 2218
f 2178 2218 2185
f 2179 2182 2180
f 2180 2183 2181
f 2185 2218 2217
f 2185 2217 2186
f 2186 2217 2187
f 2187 2216 2188
f 2187 2217 2216
f 2190 2221 2222
f 2190 2222 2223
f 2190 2223 2191
f 2190 2220 2224
f 2190 2224 2221
f 2191 2223 2225
f 2191 2225 2226
f 2191 2226 2195
f 2193 2227 2228
f 2193 2228 2194
f 2193 2195 2227
f 2194 2228 2229
f 2195 2230 2227
f 2195 2226 2230
f 2196 2231 2197
f 2197 2231 2232
f 2197 2232 2233
f 2197 2233 2198
f 2198 2233 2199
f 2199 2233 2200
f 2200 2233 2203
f 2200 2203 2201
f 2203 2233 2234
f 2203 2234 2235
f 2203 2235 2236
f 2203 2236 2204
f 2204 2210 2205
f 2204 2236 2209
f 2204 2209 2210
f 2205 2208 2206
f 2206 2208 2237
f 2206 2237 2207
f 2209 2238 2214
f 2209 2236 2238
f 2214 2238 2239
f 2214 2239 2220
f 2214 2220 2215
f 2220 2239 2224
f 2221 2240 2222
f 2221 2224 2241
f 2221 2241 2240
f 2222 2240 2242
f 2222 2242 2243
f 2222 2243 2244
f 2222 2244 2229
f 2222 2229 2228
f 2222 2228 2245
f 2222 2245 2223
f 2223 2245 2246
f 2223 2246 2227
f 2223 2227 2230
f 2223 2230 2226
f 2223 2226 2225
f 2224 2247 2241
f 2224 2239 2256
f 2224 2256 2248
f 2224 2248 2247
f 2227 2246 2228
f 2228 2246 2245
f 2231 2249 2250
f 2231 2250 2251
f 2231 2251 2232
f 2231 2252 2249
f 2232 2251 2253
f 2232 2253 2233
f 2233 2253 2254
f 2233 2254 2255
f 2233 2255 2248
f 2233 2248 2234
f 2234 2248 2256
f 2234 2256 2235
f 2235 2256 2236
f 2236 2256 2238
f 2238 2256 2239
f 2240 2241 2257
f 2240 2257 2258
f 2240 2258 2259
f 2240 2259 2260
f 2240 2260 2242
f 2241 2247 2257
f 2242 2260 2261
f 2247 2262 2263
f 2247 2263 2257
f 2247 2248 2255
f 2247 2255 2262
f 2249 2252 2264
f 2249 2264 2265
f 2249 2265 2250
f 2250 2265 2251
f 2251 2265 2266
f 2251 2266 2253
f 2253 2266 2254
f 2254 2267 2268
f 2254 2268 2269
f 2254 2269 2255
f 2254 2266 2264
f 2254 2264 2270
f 2254 2270 2267
f 2255 2269 2271
f 2255 2271 2262
f 2257 2263 2272
f 2257 2272 2258
f 2258 2272 2273
f 2258 2273 2259
f 2259 2273 2261
f 2259 2261 2260
f 2262 2271 2267
f 2262 2267 2263
f 2263 2267 2270
f 2263 2270 2274
f 2263 2274 2275
f 2263 2275 2276
f 2263 2276 2277
f 2263 2277 2272
f 2264 2266 2265
f 2267 2271 2268
f 2268 2271 2269
f 2270 2275 2274
f 2272 2277 2278
f 2272 2278 2279
f 2272 2279 2273
f 2273 2278 2276
f 2273 2279 2278
f 2276 2278 2280
f 2276 2280 2277
f 2277 2280 2278

o geometry_18
v 0.00416317 -0.01383074 0.00203465
v 0.00448011 -0.01361181 0.00203465
v 0.00454447 -0.01357517 0.00346626
v 0.00444376 -0.01364433 0.00346626
v 0.00416317 -0.01380921 0.00346626
v 0.00416317 -0.00915271 0.00203465
v 0.00554117 -0.01286848 0.00203465
v 0.00530138 -0.01304435 0.00346626
v 0.00416317 -0.00915179 0.00346626
v 0.00416317 -0.00915179 0.00227627
v 0.00416479 -0.00915454 0.00203465
v 0.00584734 -0.01265138 0.00203465
v 0.00594825 -0.01258955 0.00346626
v 0.00581973 -0.01151691 0.00346626
v 0.00595658 -0.01171248 0.00203465
v 0.00416906 -0.00916050 0.00203465
v 0.00607251 -0.01249017 0.00203465
v 0.00605830 -0.01250666 0.00346626
v 0.00595658 -0.01171248 0.00274562
v 0.00605870 -0.01185858 0.00346626
v 0.00605850 -0.01185858 0.00203465
v 0.00623697 -0.01233170 0.00203465
v 0.00623737 -0.01230193 0.00346626
v 0.00613240 -0.01197537 0.00346626
v 0.00617220 -0.01205644 0.00203465
v 0.00623250 -0.01218422 0.00203465
v 0.00623737 -0.01226712 0.00346626
v 0.00622519 -0.01219338 0.00346626
v 0.00622905 -0.01217644 0.00203465
f 2281 2282 2283
f 2281 2283 2284
f 2281 2284 2285
f 2281 2285 2289
f 2281 2289 2290
f 2281 2290 2286
f 2281 2286 2291
f 2281 2291 2296
f 2281 2296 2295
f 2281 2295 2301
f 2281 2301 2305
f 2281 2305 2309
f 2281 2309 2306
f 2281 2306 2302
f 2281 2302 2297
f 2281 2297 2292
f 2281 2292 2287
f 2281 2287 2282
f 2282 2287 2283
f 2283 2287 2288
f 2283 2288 2293
f 2283 2293 2298
f 2283 2298 2303
f 2283 2303 2307
f 2283 2307 2308
f 2283 2308 2304
f 2283 2304 2300
f 2283 2300 2294
f 2283 2294 2289
f 2283 2289 2285
f 2283 2285 2284
f 2286 2290 2291
f 2287 2292 2293
f 2287 2293 2288
f 2289 2294 2290
f 2290 2294 2295
f 2290 2295 2296
f 2290 2296 2291
f 2292 2297 2293
f 2293 2297 2298
f 2294 2299 2295
f 2294 2300 2299
f 2295 2300 2301
f 2295 2299 2300
f 2297 2302 2298
f 2298 2302 2303
f 2300 2304 2301
f 2301 2304 2305
f 2302 2306 2307
f 2302 2307 2303
f 2304 2308 2306
f 2304 2306 2309
f 2304 2309 2305
f 2306 2308 2307

o geometry_19
v -0.00856632 -0.00235625 -0.00289126
v -0.00779627 -0.00261295 -0.00286611
v -0.00882311 -0.00235625 -0.00288381
v -0.00900761 -0.00217180 -0.00288904
v -0.00875082 -0.00217180 -0.00289106
v -0.00830953 -0.00217180 -0.00289126
v -0.00623262 -0.00235625 -0.00289126
v -0.00625519 -0.00261295 -0.00288764
v -0.00651198 -0.00261295 -0.00288522
v -0.00676878 -0.00261295 -0.00288241
v -0.00702557 -0.00261295 -0.00287899
v -0.00728269 -0.00261295 -0.00287516
v -0.00753948 -0.00261295 -0.00287094
v -0.00779627 -0.00278071 -0.00278664
v -0.00805274 -0.00261295 -0.00285585
v -0.00625519 -0.00281268 -0.00280817
v -0.00651198 -0.00280738 -0.00280555
v -0.00676878 -0.00280207 -0.00280274
v -0.00702557 -0.00279670 -0.00279932
v -0.00728269 -0.00279139 -0.00279569
v -0.00753948 -0.00278602 -0.00279127
v -0.00882311 -0.00255815 -0.00280414
v -0.00909103 -0.00237133 -0.00282145
v -0.00927127 -0.00217180 -0.00285183
v -0.00623262 -0.00217180 -0.00289126
v -0.00623262 -0.00261295 -0.00288764
v -0.00623262 -0.00288466 -0.00260356
v -0.00625519 -0.00288403 -0.00260356
v -0.00753948 -0.00283069 -0.00260356
v -0.00779627 -0.00282001 -0.00260356
v -0.00805274 -0.00277156 -0.00277638
v -0.00623262 -0.00281282 -0.00280797
v -0.00623262 -0.00281953 -0.00279026
v -0.00901252 -0.00252296 -0.00277517
v -0.00824999 -0.00275725 -0.00275626
v -0.00933702 -0.00228699 -0.00278322
v -0.00933702 -0.00217180 -0.00283211
v -0.00623262 -0.00217180 -0.00083615
v -0.00623262 -0.00288494 -0.00258103
v -0.00625519 -0.00288403 -0.00131960
v -0.00753948 -0.00283069 -0.00131960
v -0.00779627 -0.00282001 -0.00131960
v -0.00805274 -0.00280179 -0.00260356
v -0.00882311 -0.00263347 -0.00260356
v -0.00904327 -0.00254209 -0.00260356
v -0.00948161 -0.00223875 -0.00274741
v -0.00828434 -0.00276514 -0.00260356
v -0.00841290 -0.00273428 -0.00260356
v -0.00856632 -0.00269721 -0.00260356
v -0.00947605 -0.00217180 -0.00278543
v -0.00882311 -0.00217180 -0.00096149
v -0.00882311 -0.00235625 -0.00096833
v -0.00779627 -0.00261295 -0.00098704
v -0.00753948 -0.00261295 -0.00098100
v -0.00728269 -0.00261295 -0.00097617
v -0.00623262 -0.00259396 -0.00095283
v -0.00623262 -0.00288494 -0.00131960
v -0.00779627 -0.00278071 -0.00110332
v -0.00805274 -0.00277156 -0.00111781
v -0.00805274 -0.00280179 -0.00131960
v -0.00882311 -0.00263515 -0.00234665
v -0.00856632 -0.00270029 -0.00234665
v -0.00917150 -0.00245964 -0.00234665
v -0.00917150 -0.00245887 -0.00260356
v -0.00904327 -0.00254209 -0.00131960
v -0.00948947 -0.00224427 -0.00260356
v -0.00956928 -0.00217180 -0.00265486
v -0.00952414 -0.00217180 -0.00276491
v -0.00841290 -0.00273561 -0.00234665
v -0.00828434 -0.00276514 -0.00131960
v -0.00908285 -0.00217180 -0.00098704
v -0.00933702 -0.00217180 -0.00104337
v -0.00909103 -0.00237189 -0.00105966
v -0.00882311 -0.00255989 -0.00108441
v -0.00805274 -0.00261295 -0.00100172
v -0.00753948 -0.00278602 -0.00109708
v -0.00728269 -0.00279139 -0.00109226
v -0.00702557 -0.00279670 -0.00108823
v -0.00623262 -0.00279691 -0.00106691
v -0.00702557 -0.00261295 -0.00097215
v -0.00676878 -0.00261295 -0.00096913
v -0.00623262 -0.00281199 -0.00107858
v -0.00625519 -0.00281268 -0.00108159
v -0.00651198 -0.00280738 -0.00108320
v -0.00676878 -0.00280207 -0.00108542
v -0.00824999 -0.00275725 -0.00114980
v -0.00882311 -0.00263515 -0.00131960
v -0.00856632 -0.00270029 -0.00157631
v -0.00917150 -0.00245964 -0.00131960
v -0.00933702 -0.00234766 -0.00234665
v -0.00901252 -0.00252296 -0.00112445
v -0.00948161 -0.00223875 -0.00116448
v -0.00948947 -0.00224427 -0.00131960
v -0.00957452 -0.00217180 -0.00131960
v -0.00957419 -0.00217180 -0.00260356
v -0.00841290 -0.00273561 -0.00157631
v -0.00841290 -0.00273554 -0.00131960
v -0.00952414 -0.00217180 -0.00113793
v -0.00933702 -0.00228776 -0.00111499
v -0.00856632 -0.00270022 -0.00131960
v -0.00933702 -0.00234766 -0.00131960
f 2310 2311 2312
f 2310 2312 2313
f 2310 2313 2314
f 2310 2314 2315
f 2310 2315 2334
f 2310 2334 2316
f 2310 2316 2335
f 2310 2335 2317
f 2310 2317 2318
f 2310 2318 2319
f 2310 2319 2320
f 2310 2320 2321
f 2310 2321 2322
f 2310 2322 2311
f 2311 2323 2324
f 2311 2324 2312
f 2311 2322 2325
f 2311 2325 2326
f 2311 2326 2327
f 2311 2327 2328
f 2311 2328 2329
f 2311 2329 2330
f 2311 2330 2323
f 2312 2331 2332
f 2312 2332 2333
f 2312 2333 2313
f 2312 2324 2331
f 2313 2333 2346
f 2313 2346 2359
f 2313 2359 2377
f 2313 2377 2376
f 2313 2376 2404
f 2313 2404 2403
f 2313 2403 2407
f 2313 2407 2381
f 2313 2381 2380
f 2313 2380 2360
f 2313 2360 2347
f 2313 2347 2334
f 2313 2334 2315
f 2313 2315 2314
f 2316 2334 2347
f 2316 2347 2365
f 2316 2365 2388
f 2316 2388 2391
f 2316 2391 2366
f 2316 2366 2348
f 2316 2348 2336
f 2316 2336 2342
f 2316 2342 2341
f 2316 2341 2335
f 2317 2335 2325
f 2317 2325 2318
f 2318 2325 2319
f 2319 2325 2320
f 2320 2325 2321
f 2321 2325 2322
f 2323 2330 2329
f 2323 2329 2336
f 2323 2336 2337
f 2323 2337 2338
f 2323 2338 2339
f 2323 2339 2340
f 2323 2340 2324
f 2324 2340 2331
f 2325 2335 2341
f 2325 2341 2342
f 2325 2342 2326
f 2326 2342 2336
f 2326 2336 2327
f 2327 2336 2329
f 2327 2329 2328
f 2331 2343 2332
f 2331 2340 2344
f 2331 2344 2343
f 2332 2343 2345
f 2332 2345 2346
f 2332 2346 2333
f 2336 2348 2337
f 2337 2348 2366
f 2337 2366 2349
f 2337 2349 2350
f 2337 2350 2338
f 2338 2350 2351
f 2338 2351 2339
f 2339 2351 2369
f 2339 2369 2352
f 2339 2352 2340
f 2340 2352 2344
f 2343 2344 2353
f 2343 2353 2354
f 2343 2354 2355
f 2343 2355 2345
f 2344 2352 2356
f 2344 2356 2357
f 2344 2357 2358
f 2344 2358 2353
f 2345 2355 2359
f 2345 2359 2346
f 2347 2360 2361
f 2347 2361 2362
f 2347 2362 2363
f 2347 2363 2364
f 2347 2364 2365
f 2349 2366 2367
f 2349 2367 2350
f 2350 2367 2351
f 2351 2367 2368
f 2351 2368 2369
f 2352 2369 2379
f 2352 2379 2356
f 2353 2370 2354
f 2353 2358 2371
f 2353 2371 2370
f 2354 2372 2373
f 2354 2373 2355
f 2354 2370 2396
f 2354 2396 2374
f 2354 2374 2398
f 2354 2398 2372
f 2355 2375 2376
f 2355 2376 2377
f 2355 2377 2359
f 2355 2373 2375
f 2356 2378 2371
f 2356 2371 2357
f 2356 2379 2405
f 2356 2405 2378
f 2357 2371 2358
f 2360 2380 2361
f 2361 2380 2381
f 2361 2381 2382
f 2361 2382 2383
f 2361 2383 2384
f 2361 2384 2362
f 2362 2385 2386
f 2362 2386 2387
f 2362 2387 2388
f 2362 2388 2363
f 2362 2384 2367
f 2362 2367 2385
f 2363 2388 2364
f 2364 2389 2365
f 2364 2388 2389
f 2365 2389 2390
f 2365 2390 2388
f 2366 2391 2392
f 2366 2392 2393
f 2366 2393 2394
f 2366 2394 2387
f 2366 2387 2386
f 2366 2386 2385
f 2366 2385 2367
f 2367 2384 2368
f 2368 2395 2369
f 2368 2384 2383
f 2368 2383 2395
f 2369 2395 2379
f 2370 2371 2397
f 2370 2397 2396
f 2371 2378 2405
f 2371 2405 2397
f 2372 2398 2410
f 2372 2410 2399
f 2372 2399 2375
f 2372 2375 2373
f 2374 2396 2400
f 2374 2400 2401
f 2374 2401 2398
f 2375 2399 2410
f 2375 2410 2402
f 2375 2402 2403
f 2375 2403 2404
f 2375 2404 2376
f 2379 2395 2406
f 2379 2406 2405
f 2381 2407 2408
f 2381 2408 2382
f 2382 2408 2400
f 2382 2400 2383
f 2383 2400 2395
f 2387 2394 2388
f 2388 2390 2389
f 2388 2394 2391
f 2391 2394 2393
f 2391 2393 2392
f 2395 2409 2406
f 2395 2400 2396
f 2395 2396 2409
f 2396 2397 2409
f 2397 2405 2406
f 2397 2406 2409
f 2398 2401 2410
f 2400 2408 2401
f 2401 2407 2403
f 2401 2403 2402
f 2401 2402 2410
f 2401 2408 2407

