# https://github.com/mikedh/trimesh

o geometry_0
v -0.00129886 -0.01520269 0.00323273
v -0.00042272 -0.01520269 0.00219056
v 0.00166002 -0.01520179 0.00323752
v 0.00343041 -0.01511940 0.00341308
v -0.00120211 -0.01515880 0.00349687
v 0.00331881 -0.01514089 0.00196713
v 0.00183249 -0.01505671 0.00366205
v -0.00007632 -0.01506745 0.00368758
v -0.00359899 -0.01512119 0.00341308
v -0.00234385 -0.01504954 0.00365886
v -0.00427729 -0.01512119 0.00200543
v -0.00233225 -0.01515164 0.00194638
v 0.00044473 -0.00025606 0.02711960
v -0.00007704 -0.00026323 0.02712599
v -0.00121334 -0.00004022 0.02740049
v -0.00733436 -0.01455920 -0.00069495
v -0.00511213 -0.01454263 -0.00076517
v 0.00378695 -0.01511940 0.00309229
v 0.00131362 -0.00023009 0.02707332
v 0.00089040 0.00045236 0.02812985
v -0.00163656 -0.00022203 0.02705896
v -0.00754271 -0.01457487 -0.00041884
v 0.00589867 -0.01479026 0.00309069
v -0.00492081 -0.01442800 -0.00111628
v 0.00331881 -0.01475220 0.00115957
v 0.00461599 -0.01486326 0.00353756
v 0.00217816 -0.00028472 0.02681637
v -0.00016401 0.00095926 0.02884804
v -0.00129161 0.00090284 0.02869642
v -0.00286707 0.00015412 0.02736538
v -0.00476428 -0.01486326 0.00353437
v -0.00523170 -0.01480683 0.00345936
v -0.00238986 0.00066640 0.02817135
v -0.00563245 -0.01492953 0.00288002
v -0.00580637 -0.01495998 0.00183945
v -0.00776591 -0.01446203 -0.00079709
v -0.00603102 -0.01393721 -0.00191108
v -0.00511213 -0.01417185 -0.00160784
v 0.00507254 -0.01480415 0.00345776
v 0.00287241 -0.00023099 0.02672699
v 0.00235498 0.00085090 0.02840595
v 0.00073460 0.00135960 0.02929012
v -0.00604552 -0.01478623 0.00309707
v -0.00672672 -0.01479161 0.00151068
v -0.00754271 -0.01456950 0.00045096
v -0.00809926 -0.01418797 -0.00079709
v 0.00639725 -0.01452293 0.00307792
v 0.00601027 -0.00017725 0.02525551
v 0.00565083 -0.00094925 0.02433623
v 0.00470368 -0.00056415 0.02549012
v 0.00423263 -0.00018083 0.02630885
v 0.00331881 -0.01453009 0.00085953
v -0.00476573 -0.01393721 -0.00184085
v 0.00183321 0.00126645 0.02902519
v -0.00006799 0.00180381 0.02980003
v -0.00130175 0.00189695 0.02979604
v -0.00198585 0.00132086 0.02906908
v -0.00425121 0.00050520 0.02737177
v -0.00399757 -0.00022919 0.02638226
v -0.00476428 -0.00023457 0.02604392
v -0.00636438 -0.01478265 0.00274915
v -0.00809926 -0.01423275 0.00027700
v -0.00809926 -0.01367748 -0.00079709
v -0.00659772 0.00308093 0.02735261
v -0.00511213 -0.01393721 -0.00190469
v 0.00670742 0.00026697 0.02523636
v 0.00400726 0.00049176 0.02738453
v 0.00331881 -0.01417185 0.00066801
v 0.00639725 -0.01400169 0.00307792
v 0.00670742 0.00026697 0.02443838
v 0.00126941 0.00190412 0.02978806
v -0.00357218 0.00128302 0.02859188
v -0.00591145 -0.00092597 0.02429952
v -0.00624988 -0.00015396 0.02522678
v -0.00658903 -0.01447009 0.00314815
v -0.00737023 -0.01442620 0.00236293
v 0.00670742 0.00301466 0.02693128
v -0.00809926 -0.01175732 0.00335881
v -0.00743980 0.00026697 0.02364039
v -0.00659772 0.00308093 0.02798781
v -0.00021473 0.00308093 0.03069776
v 0.00331881 -0.01382436 0.00075419
v 0.00331881 -0.01389780 0.00069354
v 0.00626391 0.00112137 0.02675572
v 0.00514066 0.00119301 0.02771650
v 0.00639725 -0.01079008 0.00739023
v 0.00335577 0.00114555 0.02847139
v 0.00207816 0.00256507 0.03015833
v -0.00007704 0.00221400 0.03016631
v -0.00288301 0.00188800 0.02945929
v -0.00529330 0.00119839 0.02771969
v -0.00582884 0.00066730 0.02669029
v -0.00669193 -0.00054982 0.02425324
v -0.00704992 -0.01444770 0.00273958
v -0.00806013 -0.01407334 0.00165432
v -0.00741879 -0.00021128 0.02390692
v 0.00670742 0.00301466 0.02763989
v -0.00809926 -0.01265113 0.00335881
v -0.00743980 0.00026697 0.02450541
v 0.00272892 0.00188621 0.02945929
v 0.00101360 0.00292779 0.03055971
v -0.00204455 0.00245088 0.03011603
v -0.00007704 0.00280688 0.03056690
v -0.00094376 0.00284629 0.03054774
v -0.00463384 0.00187367 0.02877941
v -0.00593247 0.00158887 0.02767819
v -0.00680716 0.00054460 0.02563695
v -0.00809926 -0.01390945 0.00177082
v 0.00637551 0.00237879 0.02774043
v -0.00659772 0.00128078 0.02673976
v -0.00659772 0.00221713 0.02754493
v 0.00260174 0.00301466 0.03028521
v 0.00386522 0.00301466 0.02985190
v 0.00535734 0.00301466 0.02897093
v 0.00670742 0.00133810 0.02651313
v 0.00578128 0.00158529 0.02767500
v 0.00447975 0.00187009 0.02877622
v -0.00355841 0.00258836 0.02980083
v -0.00617850 0.00212533 0.02791440
v -0.00572376 0.00308093 0.02883686
v -0.00181265 0.00308093 0.03052700
v 0.00446671 0.00256776 0.02929012
v 0.00526059 0.00203622 0.02843229
v 0.00340577 0.00258477 0.02980083
v -0.00286562 0.00308093 0.03028920
v -0.00512662 0.00275135 0.02910978
v -0.00547302 0.00257223 0.02876664
v 0.00544792 0.00263672 0.02872834
v -0.00444542 0.00308093 0.02966039
f 1 2 3
f 1 3 4
f 1 4 5
f 2 6 3
f 4 7 8
f 4 8 5
f 5 8 10
f 5 10 9
f 1 11 2
f 2 11 12
f 7 13 14
f 7 14 8
f 8 14 10
f 9 1 5
f 10 14 15
f 10 15 9
f 2 17 6
f 12 16 2
f 2 16 17
f 3 6 18
f 3 18 4
f 4 19 7
f 7 19 13
f 13 20 14
f 15 21 9
f 1 9 11
f 11 16 12
f 16 11 22
f 6 23 18
f 6 17 24
f 6 24 25
f 6 25 23
f 4 23 26
f 4 26 27
f 4 27 19
f 19 20 13
f 20 28 14
f 14 28 15
f 15 28 29
f 21 15 30
f 9 31 32
f 9 21 30
f 15 29 33
f 11 35 22
f 22 36 16
f 16 37 24
f 16 24 17
f 23 4 18
f 24 38 25
f 26 23 39
f 26 39 40
f 26 40 27
f 27 40 19
f 19 40 20
f 20 42 28
f 15 33 30
f 9 30 31
f 31 30 32
f 32 43 9
f 9 43 34
f 34 11 9
f 34 44 35
f 34 35 11
f 35 44 22
f 22 45 36
f 22 44 45
f 36 37 16
f 37 38 24
f 23 25 47
f 23 47 48
f 23 48 49
f 23 49 50
f 23 50 51
f 23 51 39
f 25 52 47
f 25 38 53
f 25 53 52
f 39 51 40
f 20 40 41
f 20 41 54
f 42 20 54
f 42 55 28
f 28 56 29
f 29 57 33
f 30 33 58
f 32 30 59
f 32 59 60
f 32 60 43
f 34 43 61
f 44 34 61
f 36 45 62
f 36 62 46
f 46 62 95
f 46 95 108
f 46 108 98
f 46 98 78
f 46 78 63
f 37 36 46
f 37 46 63
f 37 63 64
f 38 37 65
f 38 65 53
f 47 66 48
f 50 67 51
f 52 68 47
f 52 53 68
f 47 69 70
f 47 70 66
f 47 68 69
f 51 67 40
f 40 67 41
f 42 54 71
f 42 71 55
f 55 56 28
f 29 56 57
f 58 33 72
f 58 59 30
f 59 58 60
f 43 60 73
f 43 73 74
f 33 57 72
f 61 76 44
f 61 43 76
f 44 76 45
f 37 77 65
f 37 64 77
f 63 78 79
f 63 79 64
f 64 79 99
f 64 99 80
f 64 80 120
f 64 120 129
f 64 129 125
f 64 125 121
f 64 121 81
f 64 81 77
f 65 77 53
f 53 82 83
f 53 83 68
f 53 77 82
f 66 70 77
f 66 77 97
f 66 97 115
f 48 66 84
f 48 84 85
f 48 85 50
f 49 48 50
f 50 85 67
f 69 68 83
f 69 83 82
f 69 82 86
f 69 86 77
f 69 77 70
f 67 87 41
f 71 88 89
f 71 89 55
f 56 55 89
f 58 91 92
f 74 93 75
f 74 75 43
f 43 75 94
f 60 58 92
f 60 92 74
f 60 74 73
f 76 43 94
f 76 95 45
f 76 94 96
f 76 96 95
f 45 95 62
f 77 86 82
f 77 81 97
f 78 98 99
f 78 99 79
f 41 87 54
f 54 87 100
f 54 100 71
f 71 100 88
f 88 101 89
f 56 89 102
f 56 102 90
f 56 90 57
f 89 103 104
f 89 104 102
f 72 91 58
f 91 72 105
f 91 106 92
f 93 74 107
f 93 94 75
f 94 93 96
f 57 90 72
f 95 96 108
f 98 108 99
f 99 110 111
f 99 111 80
f 81 101 112
f 81 112 113
f 81 113 114
f 81 114 97
f 66 115 84
f 84 116 85
f 67 85 87
f 87 85 117
f 101 103 89
f 90 118 105
f 90 105 72
f 105 106 91
f 107 99 96
f 107 96 93
f 99 108 96
f 110 99 107
f 110 106 111
f 111 106 119
f 80 111 120
f 81 121 104
f 81 104 103
f 81 103 101
f 112 101 88
f 114 113 122
f 114 109 97
f 84 115 116
f 116 123 85
f 85 123 117
f 100 124 88
f 102 104 121
f 102 125 118
f 102 118 90
f 105 126 127
f 105 127 106
f 92 106 110
f 92 110 107
f 107 74 92
f 111 119 120
f 120 119 127
f 88 124 112
f 112 124 113
f 113 124 122
f 114 128 109
f 115 109 116
f 116 109 123
f 117 123 122
f 117 122 124
f 117 100 87
f 100 117 124
f 121 125 102
f 126 105 118
f 126 118 129
f 127 119 106
f 114 122 128
f 128 123 109
f 115 97 109
f 123 128 122
f 118 125 129
f 127 126 120
f 126 129 120

o geometry_1
v 0.00911812 -0.01251296 -0.00129088
v 0.00901625 -0.01281585 -0.00134527
v 0.00910734 -0.01251296 -0.00134527
v 0.00787871 -0.01036267 -0.00368379
v 0.00787871 -0.01036267 -0.00330907
v 0.00909202 -0.01251296 -0.00094402
v 0.00896319 -0.01307131 -0.00070923
v 0.00897625 -0.01308399 -0.00094004
v 0.00897398 -0.01306426 -0.00115757
v 0.00787871 -0.01210018 -0.00324142
v 0.00787871 -0.01130797 -0.00354783
v 0.00787871 -0.01087852 -0.00362144
v 0.00773853 -0.01036267 -0.00370302
v 0.00639924 -0.01036267 -0.00334886
v 0.00462070 -0.01059465 -0.00268564
v 0.00849331 -0.01251296 0.00184881
v 0.00866696 -0.01251296 0.00123865
v 0.00877251 -0.01251296 0.00079429
v 0.00898816 -0.01251296 -0.00023503
v 0.00896660 -0.01275574 -0.00034115
v 0.00861418 -0.01374002 -0.00002678
v 0.00860567 -0.01373015 -0.00040946
v 0.00830546 -0.01367404 -0.00134527
v 0.00892404 -0.01299523 -0.00134527
v 0.00869363 -0.01346953 -0.00094004
v 0.00787871 -0.01276560 -0.00289853
v 0.00773853 -0.01212554 -0.00325203
v 0.00773853 -0.01077967 -0.00365792
v 0.00639924 -0.01036267 -0.00370435
v 0.00462070 -0.01059465 -0.00355711
v 0.00332057 -0.01378557 0.00141904
v 0.00332057 -0.01473932 0.00307047
v 0.00809946 -0.01251296 0.00184881
v 0.00639811 -0.01400440 0.00307047
v 0.00639811 -0.01453035 0.00307047
v 0.00829809 -0.01312109 0.00184881
v 0.00862951 -0.01346248 0.00035789
v 0.00859092 -0.01369352 0.00020535
v 0.00791105 -0.01407672 0.00165781
v 0.00820331 -0.01403539 0.00044809
v 0.00804839 -0.01417815 0.00010122
v 0.00764490 -0.01448433 -0.00024631
v 0.00787871 -0.01373156 -0.00196339
v 0.00787871 -0.01345755 -0.00229964
v 0.00787871 -0.01315302 -0.00259610
v 0.00773853 -0.01278579 -0.00291047
v 0.00773853 -0.01295954 -0.00279374
v 0.00530851 -0.01212084 -0.00325004
v 0.00530851 -0.01111919 -0.00358828
v 0.00530851 -0.01077967 -0.00365262
v 0.00496064 -0.01059465 -0.00365792
v 0.00332057 -0.01417298 0.00066496
v 0.00332057 -0.01390156 0.00068884
v 0.00332057 -0.01378557 0.00077506
v 0.00332057 -0.01514458 0.00307047
v 0.00639811 -0.01464822 0.00286553
v 0.00768803 -0.01417533 0.00184881
v 0.00785955 -0.01400369 0.00184881
v 0.00795986 -0.01382736 0.00184881
v 0.00828787 -0.01377805 0.00104300
v 0.00734696 -0.01440144 0.00184881
v 0.00763298 -0.01447400 0.00010122
v 0.00763525 -0.01447775 -0.00059251
v 0.00760631 -0.01445662 -0.00088167
v 0.00795872 -0.01411898 -0.00106008
v 0.00787871 -0.01407108 -0.00140164
v 0.00765852 -0.01414293 -0.00156214
v 0.00779642 -0.01368930 -0.00209338
v 0.00773853 -0.01336105 -0.00247871
v 0.00739123 -0.01337420 -0.00249198
v 0.00580280 -0.01130139 -0.00354584
v 0.00474896 -0.01102668 -0.00356374
v 0.00332057 -0.01428287 0.00070277
v 0.00462070 -0.01100179 -0.00348217
v 0.00462070 -0.01197621 -0.00319035
v 0.00379386 -0.01512392 0.00307047
v 0.00590722 -0.01479567 0.00307047
v 0.00621140 -0.01478299 0.00274217
v 0.00739179 -0.01456838 0.00044809
v 0.00739179 -0.01458623 -0.00024631
v 0.00739179 -0.01456228 -0.00059251
v 0.00756261 -0.01442563 -0.00111380
v 0.00739123 -0.01417533 -0.00161188
v 0.00739123 -0.01405230 -0.00178565
v 0.00756545 -0.01373062 -0.00215639
v 0.00530851 -0.01286140 -0.00284813
v 0.00530851 -0.01337279 -0.00248999
v 0.00650068 -0.01373191 -0.00215738
v 0.00496064 -0.01108961 -0.00358032
v 0.00496064 -0.01210347 -0.00324341
v 0.00473250 -0.01205651 -0.00322417
v 0.00332057 -0.01453129 0.00085332
v 0.00462070 -0.01250169 -0.00292307
v 0.00462070 -0.01311216 -0.00255896
v 0.00565582 -0.01490509 0.00287880
v 0.00600313 -0.01485860 0.00253127
v 0.00657233 -0.01479051 0.00148935
v 0.00704449 -0.01454960 0.00184881
v 0.00739179 -0.01458717 0.00010122
v 0.00657800 -0.01479191 0.00122074
v 0.00565582 -0.01496191 0.00183687
v 0.00704449 -0.01459421 -0.00059251
v 0.00704449 -0.01450123 -0.00094004
v 0.00723460 -0.01435707 -0.00127795
v 0.00530794 -0.01417486 -0.00160989
v 0.00513401 -0.01434556 -0.00130514
v 0.00530794 -0.01405136 -0.00178299
v 0.00496064 -0.01336340 -0.00248203
v 0.00474385 -0.01272803 -0.00287333
v 0.00332057 -0.01470175 0.00106820
v 0.00443059 -0.01378557 -0.00176376
v 0.00444989 -0.01406873 -0.00145138
v 0.00332057 -0.01516008 0.00218440
v 0.00410655 -0.01512110 0.00200865
v 0.00530794 -0.01495721 0.00287880
v 0.00565582 -0.01485249 0.00307047
v 0.00600313 -0.01490931 0.00183687
v 0.00496007 -0.01459421 -0.00059317
v 0.00496007 -0.01450452 -0.00094070
v 0.00332057 -0.01514082 0.00196156
v 0.00513401 -0.01443431 -0.00113138
v 0.00496064 -0.01284754 -0.00284083
v 0.00496064 -0.01371747 -0.00214378
v 0.00496007 -0.01410794 -0.00168682
v 0.00332057 -0.01480506 0.00124196
v 0.00441414 -0.01444394 -0.00080275
v 0.00462070 -0.01356720 -0.00215871
v 0.00468199 -0.01413589 -0.00154688
v 0.00477336 -0.01443079 -0.00112309
f 130 131 132
f 130 132 133
f 130 133 134
f 130 134 135
f 130 135 136
f 130 136 137
f 130 137 138
f 130 138 131
f 131 139 132
f 132 139 140
f 132 140 141
f 132 141 133
f 133 142 158
f 133 158 143
f 133 143 134
f 134 143 144
f 134 144 145
f 134 145 146
f 134 146 147
f 134 147 148
f 134 148 135
f 135 149 136
f 137 136 150
f 137 150 151
f 137 151 138
f 138 152 153
f 138 153 131
f 131 153 155
f 131 155 139
f 139 155 156
f 139 156 140
f 140 157 141
f 141 157 133
f 133 157 142
f 142 157 158
f 143 158 159
f 143 159 144
f 144 159 183
f 144 183 160
f 144 160 161
f 144 161 162
f 144 162 145
f 145 162 163
f 145 163 164
f 145 164 165
f 145 165 166
f 145 166 146
f 146 166 147
f 147 166 149
f 147 149 148
f 148 149 135
f 149 166 136
f 136 166 167
f 136 167 150
f 150 167 168
f 150 168 169
f 150 169 170
f 150 170 171
f 150 171 151
f 138 154 152
f 153 152 172
f 153 172 173
f 153 173 174
f 153 174 155
f 138 151 154
f 155 175 156
f 155 174 176
f 155 176 175
f 156 175 177
f 140 178 157
f 158 179 180
f 158 180 159
f 159 181 182
f 159 182 183
f 160 183 182
f 160 182 181
f 160 181 202
f 160 202 221
f 160 221 239
f 160 239 254
f 160 254 249
f 160 249 242
f 160 242 184
f 160 184 161
f 161 184 205
f 161 205 245
f 161 245 206
f 161 206 164
f 161 164 163
f 161 163 162
f 164 185 186
f 164 186 187
f 164 187 188
f 164 188 165
f 166 165 167
f 167 165 189
f 167 189 168
f 168 188 187
f 168 187 186
f 168 186 190
f 168 189 188
f 169 191 170
f 171 192 151
f 151 192 193
f 151 193 194
f 154 194 195
f 154 195 152
f 152 195 172
f 172 195 196
f 172 196 197
f 172 197 173
f 173 197 198
f 173 198 174
f 174 198 176
f 151 194 154
f 176 198 199
f 177 200 140
f 177 140 156
f 140 200 178
f 158 157 179
f 180 201 159
f 181 159 203
f 181 203 204
f 181 204 202
f 164 206 185
f 185 206 207
f 186 185 190
f 188 189 165
f 190 208 191
f 190 191 168
f 168 191 169
f 191 171 170
f 192 171 209
f 192 209 210
f 192 210 193
f 193 210 211
f 194 193 211
f 194 211 195
f 195 211 196
f 196 212 213
f 196 213 214
f 196 214 197
f 196 211 212
f 197 214 198
f 198 214 199
f 177 175 215
f 176 199 216
f 176 216 215
f 176 215 175
f 199 214 217
f 178 179 157
f 179 178 218
f 179 218 180
f 180 218 201
f 201 218 219
f 201 219 220
f 201 220 204
f 201 204 203
f 201 203 159
f 202 204 222
f 202 222 223
f 202 223 221
f 185 207 190
f 207 224 225
f 190 207 227
f 190 227 208
f 191 208 228
f 191 228 171
f 171 228 209
f 209 228 229
f 209 229 230
f 209 230 210
f 210 230 231
f 210 231 211
f 211 233 212
f 212 234 213
f 212 233 235
f 212 235 234
f 213 234 236
f 213 236 217
f 213 217 214
f 177 219 178
f 177 178 200
f 177 215 219
f 216 237 215
f 199 217 216
f 218 178 219
f 220 219 238
f 220 238 222
f 220 222 204
f 221 223 240
f 221 240 241
f 221 241 239
f 222 238 223
f 205 184 242
f 205 243 230
f 205 244 245
f 205 230 244
f 207 226 227
f 207 206 224
f 224 206 245
f 224 245 244
f 225 224 246
f 225 246 226
f 225 226 207
f 226 246 229
f 226 229 228
f 226 228 208
f 226 208 227
f 229 246 230
f 230 243 231
f 231 247 248
f 231 248 232
f 231 232 211
f 231 243 249
f 231 249 247
f 232 248 250
f 232 250 211
f 233 211 250
f 233 250 235
f 215 237 251
f 219 215 251
f 219 251 238
f 216 217 252
f 216 252 237
f 237 223 238
f 237 238 251
f 236 253 252
f 236 252 217
f 236 234 253
f 239 241 255
f 239 255 254
f 240 257 241
f 240 223 256
f 241 257 255
f 242 249 243
f 242 243 205
f 244 230 224
f 224 230 246
f 247 249 248
f 249 254 255
f 249 255 258
f 249 258 248
f 234 235 253
f 250 248 258
f 250 258 235
f 235 258 253
f 237 252 256
f 237 256 223
f 252 257 256
f 253 257 252
f 256 257 240
f 257 253 258
f 257 258 255

o geometry_2
v -0.00367826 -0.00718587 0.00903749
v 0.00413474 -0.00651206 0.00865052
v 0.00331948 -0.00711750 0.00914991
v -0.00234831 -0.00718587 0.00930439
v -0.00367826 -0.00718587 0.00969824
v -0.00367826 0.00026962 0.00389139
v -0.00367673 0.00167174 0.00287655
v 0.00413474 -0.00063308 0.00429977
v 0.00413474 -0.00304591 0.00604955
v 0.00413474 -0.00445199 0.00707510
v 0.00413474 -0.00587690 0.00812742
v 0.00413474 -0.00651206 0.00921568
v 0.00331948 -0.00711750 0.00972272
v -0.00234831 -0.00718587 0.00977778
v -0.00337464 -0.00718587 0.00974948
v -0.00367826 -0.00707489 0.00968907
v -0.00367826 0.00026962 0.00436554
v -0.00367673 0.00167174 0.00334688
v -0.00021380 0.00271416 0.00437090
v 0.00263500 0.00293711 0.00225326
v 0.00280861 0.00293711 0.00209496
v 0.00296998 0.00293711 0.00200930
v 0.00300592 0.00293711 0.00199172
v 0.00322312 0.00293711 0.00196571
v 0.00323383 0.00293711 0.00196495
v 0.00413474 0.00027061 0.00376444
v 0.00413474 -0.00634559 0.00914838
v 0.00315200 -0.00711750 0.00972883
v 0.00391678 -0.00651206 0.00928298
v 0.00254170 0.00293711 0.00437090
v -0.00268022 -0.00718587 0.00977778
v -0.00302743 -0.00718587 0.00977472
v -0.00367826 -0.00690049 0.00956900
v 0.00200406 0.00293612 0.00437090
v -0.00367826 0.00018440 0.00442825
v -0.00367673 0.00157463 0.00341800
v 0.00200483 0.00293711 0.00437013
v 0.00254247 0.00293711 0.00252017
v -0.00367826 -0.00465810 0.00794464
v -0.00367826 -0.00665673 0.00939540
v 0.00323383 0.00293711 0.00244752
v 0.00413474 0.00027061 0.00436478
v 0.00413474 -0.00614543 0.00901837
v 0.00258300 0.00293711 0.00427224
v 0.00211801 0.00293711 0.00437090
v 0.00413474 -0.00607210 0.00896942
v 0.00413474 -0.00574808 0.00873541
v 0.00413474 0.00024088 0.00438696
v 0.00267171 0.00293711 0.00402828
f 259 260 261
f 259 261 262
f 259 262 272
f 259 272 289
f 259 289 290
f 259 290 273
f 259 273 263
f 259 263 274
f 259 274 291
f 259 291 298
f 259 298 297
f 259 297 293
f 259 293 275
f 259 275 264
f 259 264 265
f 259 265 266
f 259 266 267
f 259 267 268
f 259 268 269
f 259 269 260
f 260 269 268
f 260 268 267
f 260 267 266
f 260 266 284
f 260 284 300
f 260 300 306
f 260 306 305
f 260 305 304
f 260 304 301
f 260 301 285
f 260 285 270
f 260 270 271
f 260 271 261
f 261 271 272
f 261 272 262
f 263 273 274
f 264 275 276
f 264 276 265
f 265 276 277
f 265 277 278
f 265 278 279
f 265 279 280
f 265 280 281
f 265 281 282
f 265 282 283
f 265 283 266
f 266 283 284
f 270 285 271
f 271 286 272
f 271 285 287
f 271 287 288
f 271 288 286
f 272 286 288
f 272 288 303
f 272 303 289
f 273 290 274
f 274 290 292
f 274 292 277
f 274 277 291
f 275 293 276
f 276 293 294
f 276 294 277
f 277 292 295
f 277 295 296
f 277 296 278
f 277 294 293
f 277 293 297
f 277 297 298
f 277 298 291
f 278 296 295
f 278 295 303
f 278 303 288
f 278 288 302
f 278 302 307
f 278 307 299
f 278 299 283
f 278 283 282
f 278 282 281
f 278 281 280
f 278 280 279
f 283 299 300
f 283 300 284
f 285 301 288
f 285 288 287
f 288 300 302
f 288 301 304
f 288 304 305
f 288 305 306
f 288 306 300
f 289 303 292
f 289 292 290
f 292 303 295
f 299 307 300
f 300 307 302

o geometry_3
v 0.00639975 -0.01479648 0.00185161
v 0.00601425 -0.00780874 0.01281514
v 0.00787899 -0.01036009 -0.00367790
v 0.00787899 -0.01169876 -0.00339295
v 0.00787899 -0.01276364 -0.00289545
v 0.00787899 -0.01359289 -0.00212841
v 0.00787899 -0.01409141 -0.00134288
v 0.00639975 -0.01468745 0.00271415
v 0.00601425 -0.00729023 0.01281514
v 0.00639975 -0.01447423 0.00316699
v 0.00601425 -0.00072893 0.02441942
v 0.00670870 0.00616190 0.00150351
v 0.00823570 -0.01083922 -0.00353466
v 0.00785451 -0.01400903 0.00185161
v 0.00721868 -0.01442335 0.00236298
v 0.00689593 -0.01444273 0.00273572
v 0.00851931 0.00026932 -0.00161704
v 0.00805278 -0.00731204 -0.00337601
v 0.00601425 0.00026932 0.02515258
v 0.00670870 0.00705596 0.00383854
v 0.00832104 -0.00938607 -0.00359781
v 0.00827104 -0.01235901 -0.00285849
v 0.00892377 -0.01299140 -0.00134288
v 0.00760418 -0.00126924 0.02186876
v 0.00724730 -0.00021769 0.02393578
v 0.00654078 -0.00054478 0.02425615
v 0.00762624 0.00511277 0.00150351
v 0.00900170 0.00026932 -0.00116421
v 0.00601425 0.00026932 0.02588266
v 0.00670836 0.00995137 0.01746363
v 0.00670836 0.00978176 0.01468501
v 0.00670870 0.00931413 0.01192796
v 0.00670870 0.00864298 0.00917398
v 0.00826104 -0.00816733 -0.00354544
v 0.00931858 -0.01032859 -0.00252271
v 0.00931823 -0.01134622 -0.00218385
v 0.00825690 -0.00087794 0.02128500
v 0.00679723 0.00032202 0.02520957
v 0.00740401 0.00643569 0.00444694
v 0.00677835 0.00147594 0.02657578
v 0.00670836 0.00264077 0.02747759
v 0.00670836 0.00346033 0.02772634
v 0.00670836 0.00554284 0.02750147
v 0.00670836 0.00705596 0.02648028
v 0.00670836 0.00838615 0.02476136
v 0.00670836 0.00922691 0.02268355
v 0.00670836 0.00978661 0.02024533
v 0.00862516 -0.00195251 0.01873280
v 0.00781684 0.00009003 0.02343905
v 0.00896204 0.00192419 0.00150351
v 0.00930617 -0.00118444 -0.00112108
v 0.00930617 -0.00258974 -0.00146610
v 0.00827070 0.00401276 0.00150351
v 0.00864758 0.00304843 0.00150351
v 0.00706968 0.00398126 0.02715029
v 0.00722764 0.00540110 0.02668667
v 0.00723419 0.00920995 0.01503311
v 0.00722471 0.00832800 0.01031839
v 0.00934099 -0.00903959 -0.00254427
v 0.00930272 -0.01165636 -0.00179263
v 0.00909135 -0.01250923 -0.00093933
v 0.00887826 -0.01250923 0.00029904
v 0.00829828 -0.01311981 0.00185161
v 0.00897385 -0.00110085 0.01885140
v 0.00863551 0.00008760 0.02154223
v 0.00724178 0.00117065 0.02566087
v 0.00909350 0.00137660 0.00193325
v 0.00940633 -0.00226870 -0.00093933
v 0.00949202 -0.00452566 -0.00128435
v 0.00796968 0.00581784 0.00531410
v 0.00719868 0.00230701 0.02664355
v 0.00740513 0.00661620 0.02530969
v 0.00715902 0.00839100 0.02336589
v 0.00739953 0.00850609 0.02194192
v 0.00731074 0.00897977 0.02058727
v 0.00726040 0.00924629 0.01920104
v 0.00756935 0.00884651 0.01651791
v 0.00753866 0.00815052 0.01147897
v 0.00946030 -0.00973497 -0.00198054
v 0.00949150 -0.00460865 0.00930952
v 0.00944625 -0.00339355 0.01234845
v 0.00930030 -0.00226507 0.01555063
v 0.00827656 0.00098166 0.02341979
v 0.00860723 0.00501827 0.00791405
v 0.00931479 -0.00041152 0.00114618
v 0.00826104 0.00537444 0.00582547
v 0.00758866 0.00184908 0.02567011
v 0.00743987 0.00293818 0.02641251
v 0.00759969 0.00415571 0.02605825
v 0.00757176 0.00573546 0.02563622
v 0.00760728 0.00739032 0.02366161
v 0.00785934 0.00804452 0.01364996
v 0.00784899 0.00836677 0.01712015
v 0.00949719 -0.00799773 -0.00198054
v 0.00949271 -0.00140250 0.01468501
v 0.00895894 0.00330284 0.00642925
v 0.00910626 0.00310900 0.00900686
v 0.00942534 0.00024509 0.00770073
v 0.00949081 -0.00088399 0.00757058
v 0.00797812 0.00740002 0.01156446
v 0.00795020 0.00292970 0.02520726
v 0.00804071 0.00415571 0.02475828
v 0.00796795 0.00589053 0.02419300
v 0.00953650 -0.00365341 0.00861487
v 0.00930375 -0.00054721 0.01765462
v 0.00896204 0.00079510 0.02081522
v 0.00839586 0.00207199 0.02371706
v 0.00936250 0.00189511 0.01204348
v 0.00833035 0.00661983 0.01156446
v 0.00794071 0.00734914 0.02210288
v 0.00791089 0.00801999 0.01990609
v 0.00826677 0.00745908 0.01712015
v 0.00831863 0.00724495 0.01503311
v 0.00869221 0.00593717 0.01358373
v 0.00850159 0.00340823 0.02307208
v 0.00855275 0.00467300 0.02197812
v 0.00832121 0.00616311 0.02208748
v 0.00834337 0.00688636 0.02004664
v 0.00948461 0.00033111 0.01312781
v 0.00930255 0.00066184 0.01799964
v 0.00897239 0.00172308 0.02087067
v 0.00904721 0.00440224 0.01416903
v 0.00930496 0.00261715 0.01464651
v 0.00930375 0.00159224 0.01739278
v 0.00899066 0.00250690 0.02050717
v 0.00861103 0.00608194 0.01978017
v 0.00867826 0.00623943 0.01746363
v 0.00904040 0.00428836 0.01703082
v 0.00895963 0.00401760 0.01945672
f 308 309 316
f 308 310 311
f 308 311 312
f 308 312 313
f 308 313 314
f 308 315 309
f 309 315 317
f 309 317 318
f 309 318 336
f 309 336 326
f 309 326 316
f 308 319 310
f 308 316 319
f 310 320 311
f 314 321 322
f 314 322 308
f 308 322 315
f 315 322 323
f 315 323 317
f 319 324 325
f 319 325 310
f 319 316 326
f 319 326 327
f 310 328 320
f 311 329 312
f 312 330 313
f 322 321 331
f 322 331 332
f 322 332 323
f 323 332 333
f 323 333 317
f 317 333 318
f 319 334 324
f 319 327 334
f 324 334 335
f 326 336 337
f 326 337 338
f 326 338 339
f 326 339 340
f 326 340 327
f 310 341 328
f 320 329 311
f 329 330 312
f 330 321 314
f 330 314 313
f 321 344 331
f 332 345 333
f 333 345 318
f 318 345 336
f 327 346 334
f 324 341 325
f 336 347 348
f 336 348 349
f 336 349 350
f 336 350 351
f 336 351 352
f 336 352 353
f 336 353 354
f 336 354 337
f 340 346 327
f 325 341 310
f 320 328 342
f 320 342 343
f 320 343 329
f 329 343 330
f 321 355 344
f 331 344 356
f 331 356 332
f 335 357 358
f 335 358 359
f 335 334 360
f 335 360 361
f 335 361 357
f 324 335 359
f 336 345 347
f 349 362 350
f 337 364 338
f 338 364 339
f 340 339 365
f 340 365 346
f 328 341 366
f 328 366 342
f 343 367 330
f 330 368 369
f 330 369 321
f 321 369 370
f 321 370 355
f 355 370 371
f 355 372 344
f 356 373 332
f 345 332 373
f 358 357 374
f 358 375 376
f 358 376 359
f 359 341 324
f 360 334 377
f 341 359 366
f 345 373 347
f 348 347 378
f 348 378 349
f 362 363 350
f 350 379 351
f 351 379 352
f 352 380 353
f 353 380 381
f 354 381 382
f 354 353 381
f 354 383 384
f 354 384 337
f 337 384 364
f 364 385 339
f 339 385 365
f 342 386 367
f 342 367 343
f 368 330 367
f 368 367 388
f 368 388 389
f 368 389 369
f 370 369 389
f 370 389 371
f 355 371 372
f 344 390 356
f 346 365 385
f 346 385 377
f 346 377 334
f 358 374 392
f 360 393 361
f 377 393 360
f 347 394 378
f 347 373 394
f 349 378 395
f 349 395 362
f 363 362 396
f 363 396 397
f 363 379 350
f 352 398 380
f 352 379 398
f 382 383 354
f 364 399 385
f 364 384 399
f 384 400 399
f 366 401 342
f 342 401 386
f 367 386 387
f 367 387 388
f 388 402 389
f 372 390 344
f 356 390 373
f 373 390 394
f 391 357 361
f 374 357 403
f 374 403 404
f 357 391 403
f 392 374 404
f 392 404 405
f 358 392 375
f 375 405 406
f 375 406 376
f 376 401 366
f 376 366 359
f 393 377 407
f 361 393 391
f 378 394 395
f 395 396 362
f 397 396 409
f 397 379 363
f 398 381 380
f 399 407 385
f 385 407 377
f 401 376 411
f 401 411 386
f 388 387 402
f 371 389 412
f 371 412 413
f 371 413 372
f 392 405 375
f 404 415 405
f 393 407 416
f 393 416 391
f 394 390 414
f 395 408 396
f 408 395 394
f 408 409 396
f 397 409 410
f 410 379 397
f 410 398 379
f 398 410 417
f 398 417 381
f 381 417 418
f 381 418 382
f 382 418 383
f 383 418 400
f 383 400 384
f 400 419 399
f 399 419 420
f 411 402 387
f 411 387 386
f 412 389 402
f 413 414 372
f 372 414 390
f 403 391 421
f 376 406 411
f 407 399 420
f 407 420 416
f 414 408 394
f 408 414 422
f 409 422 410
f 410 422 423
f 410 424 417
f 417 425 418
f 400 418 419
f 411 406 426
f 411 426 402
f 402 427 412
f 413 428 414
f 416 420 421
f 416 421 391
f 403 421 429
f 403 429 404
f 415 404 429
f 415 429 430
f 405 415 426
f 405 426 406
f 414 428 422
f 408 422 409
f 423 424 410
f 424 425 417
f 402 431 427
f 402 426 431
f 427 431 432
f 427 432 428
f 427 428 412
f 412 428 413
f 424 423 433
f 425 424 433
f 425 419 418
f 421 434 429
f 429 435 430
f 415 430 426
f 422 428 432
f 432 423 422
f 433 436 435
f 425 433 434
f 425 434 419
f 419 434 420
f 432 431 436
f 420 434 421
f 430 435 431
f 423 432 436
f 423 436 433
f 431 435 436
f 429 434 435
f 430 431 426
f 435 434 433

o geometry_4
v -0.00809991 -0.01424548 0.00001785
v -0.00875505 -0.01371044 0.00009053
v -0.00809991 -0.01418435 -0.00079736
v -0.00753613 -0.01346845 0.00335770
v -0.00911559 -0.01306513 -0.00070889
v -0.00809991 -0.01402554 0.00160720
v -0.00914222 -0.01273743 -0.00151620
v -0.00469819 0.01057715 0.01305810
v -0.00469819 0.00780430 0.02780146
v -0.00469819 0.00780430 0.02827542
v -0.00660009 0.00026973 0.02549485
v -0.00775549 -0.00126542 0.02186114
v -0.00876775 -0.00176327 0.01905055
v -0.00917080 -0.00098435 0.01878040
v -0.00945464 -0.00227120 0.01555114
v -0.00958355 -0.00335387 0.01260350
v -0.00945610 -0.01166106 -0.00178636
v -0.00835053 -0.01354155 -0.00176108
v -0.00835053 -0.01286094 -0.00252100
v -0.00835053 -0.01192826 -0.00316717
v -0.00835053 -0.01093634 -0.00353212
v -0.00840452 -0.00069950 0.02153253
v -0.00694060 0.00549276 0.00142078
v -0.00469819 0.01116953 0.01305810
v -0.00535968 0.00780430 0.02810479
v -0.00660009 0.00484996 0.02862931
v -0.00660009 0.00276529 0.02787413
v -0.00660009 0.00198637 0.02738437
v -0.00660009 0.00128056 0.02673979
v -0.00724667 0.00016638 0.02464330
v -0.00769540 0.00089488 0.02489449
v -0.00878216 -0.00006679 0.02134611
v -0.00844800 -0.01028724 -0.00357398
v -0.00694011 0.00606750 0.00142078
v -0.00694011 0.00750937 0.00455208
v -0.00660009 0.00569694 0.02840181
v -0.00723018 0.00501949 0.02776512
v -0.00964273 -0.00487263 0.00878929
v -0.00947125 -0.01135353 -0.00218133
v -0.00843212 -0.00841935 -0.00355897
v -0.00895486 0.00026973 -0.00135348
v -0.00835053 -0.00814459 -0.00352738
v -0.00815072 0.00026973 -0.00135348
v -0.00694011 0.00899411 0.00911475
v -0.00532255 0.01094518 0.01305810
v -0.00469819 0.01143169 0.01538683
v -0.00469819 0.00878740 0.02746021
v -0.00530789 0.00851264 0.02738437
v -0.00730713 0.00575681 0.02742486
v -0.00738456 0.00238276 0.02660708
v -0.00945464 -0.00019157 0.01798098
v -0.00911852 0.00091505 0.02082949
v -0.00964468 -0.00140406 0.01468221
v -0.00947736 -0.01021540 -0.00252732
v -0.00791744 0.00166246 0.02516149
v -0.00949372 -0.00903946 -0.00254470
v -0.00739446 0.00713378 0.00474167
v -0.00598990 0.01058723 0.01305810
v -0.00563277 0.01105420 0.01545872
v -0.00572816 0.00905366 0.02620539
v -0.00660009 0.00679096 0.02774458
v -0.00790120 0.00525833 0.02643961
v -0.00807060 0.00256111 0.02529262
v -0.00968914 -0.00348369 0.00878929
v -0.00964346 -0.00851892 -0.00197910
v -0.00854644 0.00206956 0.02371591
v -0.00948908 -0.00303878 -0.00150672
v -0.00915321 0.00026973 -0.00116073
v -0.00777210 0.00509952 0.00142078
v -0.00773937 0.00782699 0.00809415
v -0.00756716 0.00904200 0.01196483
v -0.00643068 0.00843071 0.02628241
v -0.00469819 0.01021668 0.02489134
v -0.00737027 0.00692960 0.02649333
v -0.00772740 0.00627168 0.02634324
v -0.00841502 0.00536168 0.02494189
v -0.00885422 0.00585071 0.02281539
v -0.00943168 -0.00094780 -0.00102802
v -0.00879364 0.00303753 0.00142078
v -0.00842907 0.00393682 0.00142078
v -0.00825942 0.00627042 0.00560269
v -0.00701303 0.00975727 0.01267894
v -0.00521678 0.01132834 0.01746910
v -0.00469819 0.01140396 0.01954347
v -0.00685071 0.00762785 0.02666553
v -0.00567332 0.00990914 0.02463856
v -0.00686500 0.00895062 0.02470491
v -0.00846046 0.00589451 0.02458642
v -0.00911412 0.00609018 0.02084055
v -0.00926997 0.00588852 0.01850550
v -0.00963735 0.00033527 0.01295067
v -0.00962981 -0.00127298 0.00570440
v -0.00964395 -0.00469744 -0.00128396
v -0.00956945 -0.00244009 -0.00093639
v -0.00911510 0.00539193 0.00853651
v -0.00876970 0.00573728 0.00681130
v -0.00825832 0.00774696 0.01059114
v -0.00737125 0.00971883 0.01469169
v -0.00663245 0.01040353 0.01506691
v -0.00656418 0.01056769 0.01816267
v -0.00562947 0.01109265 0.01878198
v -0.00805643 0.00691447 0.02485974
v -0.00922356 0.00641158 0.01746278
v -0.00929525 0.00554318 0.01182660
v -0.00899468 0.00649855 0.01181949
v -0.00826528 0.00836391 0.01353997
v -0.00539277 0.01098205 0.02093652
v -0.00563091 0.01042826 0.02311240
v -0.00654341 0.00974908 0.02346313
v -0.00749058 0.00879875 0.02330199
v -0.00771286 0.00761777 0.02492767
v -0.00862070 0.00719050 0.02193856
v -0.00880195 0.00719932 0.02057829
v -0.00933104 0.00588852 0.01468537
v -0.00802028 0.00898969 0.01557405
v -0.00737540 0.00989276 0.01737747
v -0.00664329 0.01034539 0.02031129
v -0.00469819 0.01095904 0.02239909
v -0.00703977 0.00973269 0.02198121
v -0.00757754 0.00927990 0.02124420
v -0.00826040 0.00741359 0.02336439
v -0.00875651 0.00731023 0.01297121
v -0.00883297 0.00749425 0.01572651
v -0.00758413 0.00959405 0.01894312
v -0.00616589 0.01046182 0.02170158
v -0.00870283 0.00778823 0.01850708
v -0.00839694 0.00845466 0.01711995
v -0.00827383 0.00821393 0.02121340
v -0.00809796 0.00889580 0.01920380
f 437 438 439
f 437 439 440
f 438 437 442
f 438 441 443
f 440 442 437
f 440 439 444
f 440 444 445
f 440 445 446
f 440 446 447
f 440 448 442
f 438 442 449
f 438 449 450
f 438 450 451
f 438 451 441
f 441 451 452
f 441 453 443
f 439 454 455
f 439 455 456
f 439 456 457
f 439 457 444
f 442 448 458
f 442 458 449
f 444 457 459
f 444 459 470
f 444 470 460
f 444 460 482
f 444 482 520
f 444 520 554
f 444 554 509
f 444 509 483
f 444 483 446
f 444 446 445
f 446 461 462
f 446 462 463
f 446 463 464
f 446 464 465
f 446 465 447
f 447 466 440
f 440 466 448
f 443 439 438
f 443 454 439
f 455 454 443
f 458 448 467
f 449 458 468
f 449 468 450
f 459 457 470
f 460 470 471
f 462 461 472
f 447 465 466
f 466 467 448
f 441 452 453
f 453 452 474
f 453 475 443
f 455 443 456
f 457 456 469
f 458 467 468
f 457 469 476
f 470 457 478
f 470 478 479
f 470 479 477
f 471 480 481
f 471 481 460
f 460 481 482
f 446 483 484
f 446 484 461
f 472 485 473
f 472 473 462
f 473 486 463
f 473 463 462
f 465 464 466
f 466 464 467
f 451 450 487
f 452 451 487
f 450 488 487
f 452 489 474
f 443 475 456
f 456 490 469
f 467 491 468
f 469 492 476
f 477 478 476
f 477 479 478
f 470 493 471
f 457 476 478
f 471 493 480
f 482 481 495
f 461 497 472
f 485 498 473
f 473 498 499
f 473 499 486
f 463 486 464
f 452 487 489
f 450 468 488
f 489 500 474
f 475 490 456
f 469 490 492
f 477 503 504
f 477 504 470
f 493 470 505
f 493 506 507
f 493 507 480
f 480 494 481
f 494 495 481
f 484 483 496
f 484 508 461
f 496 483 509
f 496 508 484
f 485 472 497
f 485 497 510
f 485 511 498
f 499 491 486
f 486 467 464
f 486 491 467
f 488 468 502
f 488 512 513
f 475 501 490
f 475 453 501
f 500 501 474
f 501 453 474
f 491 502 468
f 476 492 503
f 476 503 477
f 503 514 504
f 504 515 516
f 504 516 505
f 504 505 470
f 493 505 517
f 493 517 506
f 480 507 518
f 480 518 494
f 482 495 519
f 482 519 520
f 508 521 461
f 496 509 522
f 496 522 523
f 496 523 508
f 497 461 521
f 497 521 510
f 485 510 511
f 511 524 498
f 498 524 512
f 499 498 502
f 488 502 512
f 512 524 513
f 487 488 525
f 489 487 526
f 500 489 527
f 500 527 528
f 500 528 529
f 500 529 501
f 502 491 499
f 490 501 492
f 503 529 514
f 514 529 530
f 514 531 504
f 515 504 531
f 515 531 532
f 515 532 516
f 516 532 517
f 516 517 505
f 507 506 533
f 507 534 518
f 494 535 495
f 495 535 536
f 495 536 519
f 519 537 520
f 498 512 502
f 524 511 538
f 513 525 488
f 487 525 526
f 526 525 539
f 492 501 503
f 503 501 529
f 514 540 531
f 517 533 506
f 533 542 507
f 507 542 534
f 518 534 535
f 518 535 494
f 536 537 519
f 537 543 520
f 508 523 521
f 523 522 545
f 523 545 546
f 521 523 547
f 521 547 510
f 510 547 511
f 511 547 538
f 525 513 548
f 525 548 549
f 525 549 539
f 514 530 540
f 540 530 528
f 540 528 550
f 531 540 541
f 541 532 531
f 532 533 517
f 534 542 551
f 534 551 552
f 534 552 535
f 536 535 552
f 536 553 537
f 537 553 543
f 544 545 522
f 545 555 546
f 546 555 556
f 538 557 524
f 513 557 548
f 524 557 513
f 526 527 489
f 550 528 527
f 529 528 530
f 540 550 541
f 532 541 533
f 533 558 542
f 552 560 536
f 553 561 543
f 520 543 554
f 509 554 544
f 509 544 522
f 544 561 545
f 523 546 547
f 538 547 557
f 539 550 526
f 526 550 527
f 549 562 539
f 550 539 559
f 550 559 541
f 541 558 533
f 542 558 559
f 559 563 542
f 542 563 551
f 536 560 553
f 553 555 561
f 543 561 544
f 544 554 543
f 545 561 555
f 555 553 556
f 547 546 557
f 548 564 549
f 539 562 559
f 541 559 558
f 551 563 552
f 552 563 565
f 552 565 560
f 560 556 553
f 546 556 564
f 546 564 557
f 557 564 548
f 564 562 549
f 562 563 559
f 562 565 563
f 560 565 556
f 556 565 564
f 564 565 562

o geometry_5
v -0.00479002 0.00027151 -0.00135626
v -0.00472813 0.00027151 -0.00135626
v -0.00478406 -0.00035500 -0.00135626
v -0.00810725 -0.00001111 -0.00129251
v -0.00810725 0.00022452 -0.00126943
v -0.00810725 0.00027151 -0.00126476
v -0.00472648 0.00027151 -0.00134252
v -0.00472648 0.00024113 -0.00135626
v -0.00477777 -0.00044126 -0.00135626
v -0.00810725 -0.00007002 -0.00128345
v -0.00472648 -0.00061630 -0.00135626
v -0.00810725 0.00027151 0.00112666
v -0.00472648 0.00027151 0.00142205
v -0.00810725 -0.00028568 -0.00121310
v -0.00472648 -0.00091000 -0.00117463
v -0.00810725 -0.00035701 -0.00118562
v -0.00810725 0.00012080 0.00114919
v -0.00472648 0.00024533 0.00142672
v -0.00472648 -0.00112130 -0.00100921
v -0.00810725 -0.00078279 -0.00082841
v -0.00810725 -0.00001111 0.00116870
v -0.00472648 -0.00001111 0.00145035
v -0.00472648 -0.00125623 -0.00076961
v -0.00810725 -0.00096874 -0.00058880
v -0.00810725 -0.00086889 -0.00075092
v -0.00810725 -0.00035852 0.00111045
v -0.00472648 -0.00035852 0.00139100
v -0.00472648 -0.00134267 -0.00050197
v -0.00810725 -0.00111643 -0.00024615
v -0.00810725 -0.00103034 -0.00044646
v -0.00810725 -0.00050772 0.00104945
v -0.00472648 -0.00070123 0.00127504
v -0.00472648 -0.00140896 -0.00025467
v -0.00810725 -0.00114698 0.00010090
v -0.00472648 -0.00144286 0.00005831
v -0.00810725 -0.00059935 0.00101180
v -0.00472648 -0.00087409 0.00113490
v -0.00810725 -0.00077306 0.00087771
v -0.00810725 -0.00106978 0.00044822
v -0.00472648 -0.00144303 0.00010090
v -0.00472648 -0.00104930 0.00097443
v -0.00810725 -0.00094256 0.00070405
v -0.00472648 -0.00135190 0.00044822
v -0.00472648 -0.00120387 0.00079472
f 566 567 573
f 566 573 576
f 566 576 574
f 566 574 568
f 566 568 569
f 566 569 570
f 566 570 571
f 566 571 577
f 566 577 578
f 566 578 572
f 566 572 567
f 567 572 573
f 568 574 569
f 569 575 579
f 569 579 581
f 569 581 585
f 569 585 590
f 569 590 589
f 569 589 595
f 569 595 594
f 569 594 599
f 569 599 604
f 569 604 607
f 569 607 603
f 569 603 601
f 569 601 596
f 569 596 591
f 569 591 586
f 569 586 582
f 569 582 577
f 569 577 571
f 569 571 570
f 569 574 576
f 569 576 575
f 572 578 583
f 572 583 587
f 572 587 592
f 572 592 597
f 572 597 602
f 572 602 606
f 572 606 609
f 572 609 608
f 572 608 605
f 572 605 600
f 572 600 598
f 572 598 593
f 572 593 588
f 572 588 584
f 572 584 580
f 572 580 576
f 572 576 573
f 575 576 579
f 576 580 581
f 576 581 579
f 577 582 583
f 577 583 578
f 580 584 581
f 581 584 585
f 582 586 583
f 583 586 587
f 584 588 589
f 584 589 590
f 584 590 585
f 586 591 587
f 587 591 592
f 588 593 594
f 588 594 595
f 588 595 589
f 591 596 597
f 591 597 592
f 593 598 594
f 594 598 600
f 594 600 599
f 596 601 597
f 597 601 603
f 597 603 602
f 599 600 605
f 599 605 604
f 602 603 606
f 603 607 606
f 604 605 608
f 604 608 609
f 604 609 607
f 606 607 609

o geometry_6
v 0.00670770 0.00301721 0.02693772
v 0.00670770 0.00491811 0.02540248
v 0.00670770 0.00301721 0.02764723
v 0.00374680 0.00301721 0.02944124
v 0.00645845 0.00720246 0.02522681
v 0.00669176 0.00720246 0.02504273
v 0.00670770 0.00720246 0.02503063
v 0.00374680 0.00430482 0.02909675
v 0.00374680 0.00720246 0.02832991
v 0.00670770 0.00311594 0.02768405
v 0.00659467 0.00301721 0.02780291
v 0.00374680 0.00301721 0.02989777
v 0.00670770 0.00720246 0.02634235
v 0.00374680 0.00720246 0.02930818
v 0.00670770 0.00328719 0.02771981
v 0.00660887 0.00311594 0.02781974
v 0.00657554 0.00311594 0.02785866
v 0.00645758 0.00311594 0.02799383
v 0.00644077 0.00301721 0.02797700
v 0.00386940 0.00301721 0.02985517
v 0.00374680 0.00312864 0.02995089
v 0.00663467 0.00720246 0.02648751
v 0.00670770 0.00705989 0.02649014
v 0.00374680 0.00712585 0.02937077
v 0.00382041 0.00720246 0.02926926
v 0.00670770 0.00346294 0.02775400
v 0.00663467 0.00346294 0.02785182
v 0.00662916 0.00346294 0.02785866
v 0.00648540 0.00346294 0.02802539
v 0.00582952 0.00363049 0.02875856
v 0.00580604 0.00339862 0.02873489
v 0.00628368 0.00311594 0.02817318
v 0.00626716 0.00301721 0.02815530
v 0.00414242 0.00322819 0.02982834
v 0.00391925 0.00311389 0.02987673
v 0.00404532 0.00301721 0.02977259
v 0.00374680 0.00346294 0.03006765
v 0.00656945 0.00720246 0.02660690
v 0.00654598 0.00714797 0.02670315
v 0.00670770 0.00693371 0.02659112
v 0.00413633 0.00714634 0.02913304
v 0.00402387 0.00720246 0.02915355
v 0.00374680 0.00705826 0.02942178
v 0.00670770 0.00381034 0.02777451
v 0.00664684 0.00381034 0.02785866
v 0.00663785 0.00362599 0.02785866
v 0.00649526 0.00381034 0.02803906
v 0.00617789 0.00394185 0.02841301
v 0.00616891 0.00371038 0.02840407
v 0.00584140 0.00381034 0.02877171
v 0.00548752 0.00394308 0.02910990
v 0.00546839 0.00371120 0.02908938
v 0.00567591 0.00349407 0.02886901
v 0.00543593 0.00346294 0.02906940
v 0.00558084 0.00311594 0.02884692
v 0.00575474 0.00311594 0.02868966
v 0.00593473 0.00311594 0.02851557
v 0.00610833 0.00311594 0.02834674
v 0.00591560 0.00301721 0.02849506
v 0.00421226 0.00346294 0.02986568
v 0.00374680 0.00416635 0.03030696
v 0.00465831 0.00301721 0.02942652
v 0.00471309 0.00305490 0.02941126
v 0.00516465 0.00301721 0.02912410
v 0.00478845 0.00328637 0.02945334
v 0.00438587 0.00346294 0.02976260
v 0.00583155 0.00711356 0.02771876
v 0.00567156 0.00720246 0.02781132
v 0.00620050 0.00646218 0.02774611
v 0.00656511 0.00612010 0.02743159
v 0.00670770 0.00589519 0.02735585
v 0.00394968 0.00695338 0.02938339
v 0.00408619 0.00675592 0.02944755
v 0.00425777 0.00693126 0.02920930
v 0.00449137 0.00681286 0.02913987
v 0.00537014 0.00720246 0.02810533
v 0.00374680 0.00689029 0.02953434
v 0.00385461 0.00684932 0.02951330
v 0.00670770 0.00415775 0.02775873
v 0.00663669 0.00415775 0.02785866
v 0.00618659 0.00507010 0.02842406
v 0.00664162 0.00381034 0.02786550
v 0.00618659 0.00496973 0.02842406
v 0.00586604 0.00485256 0.02879853
v 0.00618050 0.00415775 0.02841512
v 0.00585096 0.00415775 0.02878118
v 0.00569996 0.00485256 0.02897262
v 0.00552664 0.00485256 0.02914776
v 0.00551447 0.00456947 0.02913724
v 0.00515682 0.00463461 0.02947227
v 0.00457165 0.00450515 0.02989829
v 0.00432907 0.00450515 0.03007186
v 0.00526203 0.00346294 0.02919247
v 0.00536405 0.00311594 0.02902048
v 0.00555679 0.00301721 0.02882536
v 0.00566055 0.00301721 0.02873121
v 0.00573242 0.00301721 0.02866494
v 0.00411807 0.00429663 0.03016337
v 0.00443369 0.00365303 0.02979100
v 0.00374680 0.00450515 0.03040321
v 0.00524493 0.00301721 0.02906782
v 0.00519073 0.00311594 0.02914040
v 0.00482902 0.00346294 0.02948069
v 0.00588951 0.00693535 0.02778555
v 0.00557910 0.00720246 0.02791073
v 0.00549215 0.00712299 0.02807483
v 0.00577387 0.00701032 0.02785866
v 0.00580488 0.00672642 0.02803696
v 0.00586517 0.00687513 0.02785866
v 0.00625325 0.00624095 0.02781185
v 0.00648569 0.00596278 0.02766353
v 0.00605182 0.00656378 0.02785866
v 0.00587647 0.00649495 0.02811848
v 0.00615963 0.00635894 0.02785866
v 0.00621586 0.00624095 0.02785866
v 0.00659844 0.00586569 0.02754520
v 0.00670770 0.00559325 0.02751785
v 0.00397808 0.00632125 0.02974735
v 0.00410995 0.00608937 0.02980941
v 0.00418473 0.00652445 0.02951593
v 0.00460933 0.00657525 0.02919563
v 0.00481308 0.00645112 0.02912462
v 0.00374680 0.00641506 0.02979994
v 0.00670770 0.00519874 0.02765722
v 0.00659815 0.00519874 0.02782500
v 0.00615326 0.00530074 0.02838671
v 0.00585850 0.00511147 0.02878959
v 0.00657351 0.00519874 0.02785866
v 0.00647004 0.00519874 0.02799909
v 0.00652279 0.00540685 0.02785866
v 0.00655844 0.00554614 0.02776399
v 0.00648772 0.00554614 0.02785866
v 0.00550810 0.00509714 0.02912935
v 0.00514552 0.00505617 0.02946123
v 0.00533246 0.00485256 0.02932133
v 0.00515972 0.00485256 0.02947385
v 0.00475801 0.00485256 0.02977207
v 0.00458412 0.00485256 0.02989935
v 0.00432414 0.00485256 0.03007291
v 0.00415546 0.00450515 0.03018546
v 0.00500292 0.00346294 0.02936603
v 0.00374680 0.00461290 0.03039900
v 0.00415024 0.00485256 0.03018125
v 0.00597009 0.00670184 0.02785866
v 0.00512987 0.00605947 0.02909201
v 0.00555882 0.00693535 0.02813426
v 0.00573242 0.00693535 0.02795912
v 0.00600718 0.00659450 0.02789180
v 0.00623470 0.00619958 0.02785866
v 0.00652714 0.00573131 0.02772034
v 0.00616021 0.00603120 0.02804485
v 0.00620688 0.00579973 0.02810323
v 0.00646396 0.00561415 0.02785866
v 0.00582923 0.00606889 0.02841091
v 0.00591792 0.00620736 0.02823524
v 0.00611326 0.00624095 0.02798594
v 0.00670770 0.00552197 0.02755308
v 0.00383375 0.00545683 0.03019072
v 0.00406561 0.00530894 0.03012445
v 0.00417169 0.00589355 0.02984675
v 0.00441196 0.00567273 0.02977943
v 0.00434530 0.00589355 0.02973367
v 0.00473918 0.00598490 0.02941810
v 0.00450760 0.00615410 0.02950015
v 0.00426298 0.00623767 0.02962375
v 0.00488989 0.00624095 0.02918037
v 0.00374680 0.00537531 0.03025752
v 0.00670770 0.00544782 0.02757885
v 0.00611442 0.00554614 0.02833622
v 0.00594052 0.00554614 0.02853293
v 0.00642744 0.00554614 0.02793808
v 0.00625412 0.00554614 0.02816266
v 0.00577648 0.00554614 0.02870649
v 0.00560287 0.00554614 0.02887427
v 0.00542202 0.00554614 0.02904783
v 0.00524812 0.00554614 0.02920562
v 0.00530405 0.00519136 0.02927662
v 0.00509886 0.00528682 0.02942441
v 0.00447456 0.00544126 0.02982308
v 0.00452702 0.00519874 0.02985832
v 0.00411111 0.00507829 0.03015759
v 0.00374680 0.00485256 0.03038112
v 0.00393722 0.00519546 0.03022175
v 0.00374680 0.00497628 0.03035797
v 0.00496785 0.00590666 0.02928451
v 0.00518841 0.00582800 0.02915092
v 0.00587125 0.00589355 0.02845667
v 0.00606167 0.00590666 0.02822577
v 0.00424270 0.00519546 0.03004188
v 0.00459948 0.00555270 0.02969160
v 0.00480613 0.00575344 0.02946544
v 0.00374680 0.00519218 0.03031379
v 0.00486177 0.00554614 0.02950593
v 0.00503538 0.00554614 0.02937918
f 610 611 616
f 610 616 622
f 610 622 632
f 610 632 649
f 610 649 680
f 610 680 726
f 610 726 766
f 610 766 777
f 610 777 733
f 610 733 688
f 610 688 653
f 610 653 635
f 610 635 624
f 610 624 619
f 610 619 612
f 610 612 620
f 610 620 628
f 610 628 642
f 610 642 668
f 610 668 706
f 610 706 705
f 610 705 704
f 610 704 710
f 610 710 673
f 610 673 671
f 610 671 645
f 610 645 629
f 610 629 621
f 610 621 613
f 610 613 611
f 611 614 615
f 611 615 616
f 611 613 617
f 611 617 618
f 611 618 614
f 612 619 620
f 613 621 630
f 613 630 646
f 613 646 670
f 613 670 709
f 613 709 751
f 613 751 791
f 613 791 793
f 613 793 801
f 613 801 776
f 613 776 732
f 613 732 686
f 613 686 652
f 613 652 633
f 613 633 623
f 613 623 618
f 613 618 617
f 614 618 623
f 614 623 634
f 614 634 651
f 614 651 685
f 614 685 714
f 614 714 677
f 614 677 647
f 614 647 631
f 614 631 622
f 614 622 616
f 614 616 615
f 619 624 625
f 619 625 620
f 620 625 626
f 620 626 627
f 620 627 628
f 621 629 630
f 622 631 632
f 623 633 634
f 624 635 625
f 625 635 636
f 625 636 637
f 625 637 626
f 626 637 638
f 626 638 627
f 627 638 639
f 627 639 640
f 627 640 641
f 627 641 628
f 628 641 642
f 629 643 644
f 629 644 630
f 629 645 643
f 630 644 643
f 630 643 646
f 631 647 648
f 631 648 632
f 632 648 649
f 633 650 651
f 633 651 634
f 633 652 650
f 635 653 654
f 635 654 655
f 635 655 636
f 636 655 637
f 637 655 656
f 637 656 638
f 638 656 657
f 638 657 658
f 638 658 639
f 639 658 659
f 639 659 660
f 639 660 661
f 639 661 662
f 639 662 640
f 640 662 663
f 640 663 664
f 640 664 665
f 640 665 666
f 640 666 667
f 640 667 641
f 641 667 642
f 642 667 666
f 642 666 665
f 642 665 668
f 643 669 670
f 643 670 646
f 643 645 671
f 643 671 672
f 643 672 673
f 643 673 674
f 643 674 675
f 643 675 669
f 647 676 648
f 647 677 676
f 648 676 678
f 648 678 679
f 648 679 649
f 649 679 680
f 650 652 681
f 650 681 682
f 650 682 683
f 650 683 684
f 650 684 685
f 650 685 651
f 652 686 687
f 652 687 681
f 653 688 689
f 653 689 654
f 654 689 690
f 654 690 691
f 654 691 655
f 655 691 656
f 656 691 692
f 656 692 693
f 656 693 694
f 656 694 657
f 657 694 693
f 657 693 695
f 657 695 659
f 657 659 658
f 659 695 696
f 659 696 697
f 659 697 698
f 659 698 660
f 660 698 699
f 660 699 661
f 661 663 662
f 661 699 700
f 661 700 663
f 663 700 701
f 663 701 702
f 663 702 703
f 663 703 664
f 664 703 704
f 664 704 665
f 665 704 705
f 665 705 706
f 665 706 668
f 669 707 670
f 669 675 708
f 669 708 707
f 670 707 709
f 671 673 672
f 673 710 703
f 673 703 711
f 673 711 674
f 674 712 708
f 674 708 675
f 674 711 712
f 676 713 678
f 676 677 714
f 676 714 715
f 676 715 716
f 676 716 717
f 676 717 718
f 676 718 713
f 678 719 720
f 678 720 679
f 678 713 721
f 678 721 722
f 678 722 723
f 678 723 724
f 678 724 719
f 679 720 680
f 680 720 725
f 680 725 726
f 681 687 682
f 682 687 727
f 682 727 728
f 682 728 729
f 682 729 684
f 682 684 683
f 684 729 730
f 684 730 731
f 684 731 715
f 684 715 685
f 685 715 714
f 686 732 687
f 687 732 727
f 688 733 734
f 688 734 690
f 688 690 689
f 690 735 736
f 690 736 693
f 690 693 692
f 690 692 691
f 690 734 737
f 690 737 738
f 690 738 739
f 690 739 740
f 690 740 741
f 690 741 735
f 693 736 696
f 693 696 695
f 696 736 697
f 697 742 743
f 697 743 744
f 697 744 699
f 697 699 698
f 697 736 742
f 699 745 746
f 699 746 700
f 699 744 745
f 700 746 747
f 700 747 701
f 701 747 748
f 701 748 749
f 701 749 707
f 701 707 702
f 702 750 711
f 702 711 703
f 702 707 750
f 703 710 704
f 707 749 709
f 707 708 750
f 708 712 750
f 709 749 752
f 709 752 751
f 711 750 712
f 713 718 753
f 713 753 721
f 715 731 754
f 715 754 755
f 715 755 717
f 715 717 756
f 715 756 716
f 716 756 717
f 717 755 722
f 717 722 718
f 718 722 757
f 718 757 753
f 719 724 758
f 719 758 720
f 720 759 725
f 720 758 760
f 720 760 761
f 720 761 762
f 720 762 759
f 721 753 757
f 721 757 722
f 722 755 754
f 722 754 763
f 722 763 764
f 722 764 765
f 722 765 723
f 723 765 724
f 724 765 758
f 725 759 726
f 726 759 766
f 727 732 728
f 728 767 768
f 728 768 769
f 728 769 770
f 728 770 771
f 728 771 772
f 728 772 773
f 728 773 774
f 728 774 729
f 728 732 767
f 729 774 730
f 730 774 731
f 731 774 773
f 731 773 775
f 731 775 754
f 732 776 767
f 733 777 734
f 734 777 740
f 734 740 737
f 735 778 779
f 735 779 736
f 735 741 780
f 735 780 781
f 735 781 778
f 736 782 783
f 736 783 784
f 736 784 742
f 736 779 782
f 737 740 739
f 737 739 738
f 740 777 766
f 740 766 759
f 740 759 741
f 741 759 762
f 741 762 780
f 742 784 785
f 742 785 786
f 742 786 743
f 743 787 788
f 743 788 789
f 743 789 747
f 743 747 746
f 743 746 745
f 743 745 744
f 743 786 787
f 747 789 748
f 748 790 752
f 748 752 749
f 748 789 790
f 751 752 791
f 752 790 792
f 752 792 793
f 752 793 791
f 754 775 772
f 754 772 794
f 754 794 795
f 754 795 763
f 758 765 760
f 760 765 764
f 760 764 796
f 760 796 797
f 760 797 761
f 761 797 778
f 761 778 781
f 761 781 762
f 762 781 780
f 763 795 796
f 763 796 764
f 767 776 792
f 767 792 768
f 768 792 790
f 768 790 798
f 768 798 789
f 768 789 788
f 768 788 770
f 768 770 769
f 770 799 800
f 770 800 772
f 770 772 771
f 770 788 799
f 772 800 794
f 772 775 773
f 776 801 792
f 778 796 779
f 778 797 796
f 779 796 782
f 782 796 795
f 782 795 783
f 783 795 784
f 784 795 785
f 785 795 787
f 785 787 786
f 787 802 788
f 787 795 803
f 787 803 802
f 788 802 799
f 789 798 790
f 792 801 793
f 794 803 795
f 794 800 803
f 799 802 800
f 800 802 803

o geometry_7
v -0.00234919 -0.00765170 0.00997164
v -0.00234919 -0.00730428 0.00986154
v -0.00268196 -0.00730428 0.00986154
v -0.00302914 -0.00730428 0.00985630
v -0.00268196 -0.00765170 0.00994018
v -0.00234919 -0.00793633 0.00980257
v -0.00234919 -0.00718499 0.00977767
v -0.00341176 0.00743989 0.00048149
v -0.00372379 -0.00707407 0.00968723
v -0.00392375 -0.00709500 0.00967151
v -0.00337661 -0.00730428 0.00980388
v -0.00302914 -0.00765170 0.00987596
v -0.00268196 -0.00791540 0.00977373
v -0.00254626 -0.00852861 0.00896771
v -0.00268225 -0.01393655 0.00155881
v -0.00234919 -0.01393655 0.00159420
v -0.00234919 -0.00718499 0.00930453
v -0.00296979 0.00700458 0.00031373
v -0.00296979 0.00700458 -0.00037172
v -0.00341176 0.00725572 0.00010141
v -0.00362843 0.00712387 -0.00009387
v -0.00373618 0.00718666 0.00007782
v -0.00370507 0.00737501 0.00048149
v -0.00407097 -0.00666806 0.00937662
v -0.00427928 -0.00671410 0.00933992
v -0.00392375 -0.00716825 0.00967151
v -0.00360278 -0.00751985 0.00969379
v -0.00335558 -0.00764333 0.00975276
v -0.00322535 -0.00784215 0.00967413
v -0.00302914 -0.00787354 0.00971607
v -0.00302511 -0.01393655 0.00147886
v -0.00234919 -0.01393655 0.00111320
v -0.00234919 -0.01367076 0.00127179
v -0.00341176 0.00714480 -0.00012533
v -0.00234919 -0.01367913 0.00126261
v -0.00296979 0.00685599 -0.00046609
v -0.00457720 0.00573003 -0.00181995
v -0.00476534 0.00573840 -0.00182650
v -0.00497941 0.00573421 -0.00181864
v -0.00386007 0.00709457 -0.00005455
v -0.00511252 0.00601466 -0.00136648
v -0.00407126 0.00714898 0.00018660
v -0.00407126 0.00727665 0.00048149
v -0.00427064 -0.00607578 0.00896509
v -0.00427928 -0.00685223 0.00933992
v -0.00459131 -0.00574092 0.00860729
v -0.00459967 -0.00597323 0.00864005
v -0.00398627 -0.00729382 0.00947229
v -0.00383472 -0.00740265 0.00958369
v -0.00392692 -0.00751357 0.00935172
v -0.00367827 -0.00760984 0.00950244
v -0.00376125 -0.01393655 0.00085370
v -0.00374511 -0.01393655 0.00087074
v -0.00343135 -0.01393655 0.00117611
v -0.00314785 -0.00815608 0.00928356
v -0.00345700 -0.00775216 0.00954962
v -0.00234919 -0.01390306 0.00112238
v -0.00448327 -0.01393655 -0.00160894
v -0.00453628 -0.01379214 -0.00187893
v -0.00453283 -0.01345519 -0.00222362
v -0.00454925 -0.01309313 -0.00254341
v -0.00449278 -0.01286082 -0.00261549
v -0.00453196 -0.01244643 -0.00291038
v -0.00449566 -0.01213460 -0.00302571
v -0.00447088 -0.01205088 -0.00302440
v -0.00433114 -0.01205088 -0.00278325
v -0.00430435 -0.00783587 -0.00301654
v -0.00296979 0.00658601 -0.00050803
v -0.00510243 0.00582630 -0.00164957
v -0.00448730 0.00484893 -0.00222231
v -0.00452793 0.00508124 -0.00218037
v -0.00468754 0.00508124 -0.00218037
v -0.00476534 0.00562120 -0.00188941
v -0.00485062 0.00562120 -0.00188548
v -0.00506325 0.00479452 -0.00220920
v -0.00521105 0.00566306 -0.00177670
v -0.00529259 0.00569864 -0.00169675
v -0.00529259 0.00579909 -0.00158535
v -0.00407126 0.00706108 0.00001098
v -0.00529259 0.00607744 -0.00113450
v -0.00529259 0.00597280 -0.00130750
v -0.00529259 0.00607116 -0.00114629
v -0.00427611 0.00711759 0.00025475
v -0.00440087 0.00718247 0.00048149
v -0.00447434 0.00715945 0.00048149
v -0.00460543 0.00711131 0.00048149
v -0.00474085 0.00705690 0.00048149
v -0.00513787 0.00689366 0.00048149
v -0.00529259 0.00682459 0.00048149
v -0.00459967 -0.00615112 0.00864005
v -0.00449595 -0.00660736 0.00878291
v -0.00432336 -0.00696315 0.00913153
v -0.00422079 -0.00708244 0.00924556
v -0.00390099 -0.00782959 0.00896246
v -0.00367827 -0.00764333 0.00945919
v -0.00415482 -0.00729382 0.00913153
v -0.00482209 -0.01393655 -0.00100082
v -0.00429340 -0.01393655 0.00002015
v -0.00421417 -0.01393655 0.00017218
v -0.00402315 -0.01393655 0.00047625
v -0.00378401 -0.01393655 0.00082094
v -0.00476505 -0.01393655 -0.00184354
v -0.00476505 -0.01369169 -0.00211746
v -0.00476505 -0.01352007 -0.00228522
v -0.00476505 -0.01333171 -0.00245822
v -0.00476505 -0.01315801 -0.00259190
v -0.00473883 -0.01286082 -0.00277932
v -0.00460543 -0.01267874 -0.00284354
v -0.00455328 -0.01205088 -0.00313187
v -0.00451208 -0.01205088 -0.00307945
v -0.00448327 -0.00783587 -0.00330225
v -0.00438963 -0.00783587 -0.00315415
v -0.00476534 0.00450152 -0.00232585
v -0.00472615 -0.00783587 -0.00341759
v -0.00478810 0.00487824 -0.00223934
v -0.00506325 0.00450152 -0.00230881
v -0.00529259 0.00562120 -0.00176097
v -0.00529259 0.00562538 -0.00175835
v -0.00529259 0.00641648 -0.00042808
v -0.00504423 0.00680576 0.00019577
v -0.00514104 0.00686645 0.00042251
v -0.00527588 0.00674925 0.00028752
v -0.00529259 0.00675762 0.00032552
v -0.00529259 0.00636416 0.00048149
v -0.00457864 -0.00638134 0.00854438
v -0.00441873 -0.00695478 0.00878291
v -0.00482209 -0.01393655 -0.00185140
v -0.00529259 0.00633277 0.00041858
v -0.00529259 0.00562120 -0.00107814
v -0.00482209 -0.01385493 -0.00194708
v -0.00482209 -0.01382981 -0.00197591
v -0.00482209 -0.01369796 -0.00212139
v -0.00482209 -0.01349496 -0.00231798
v -0.00482209 -0.01333799 -0.00246346
v -0.00482209 -0.01276036 -0.00286713
v -0.00482209 -0.01316428 -0.00259583
v -0.00482209 -0.01271432 -0.00289334
v -0.00476505 -0.01223087 -0.00313580
v -0.00474517 -0.01205088 -0.00322099
v -0.00506325 0.00415620 -0.00233371
v -0.00476505 -0.01205088 -0.00322624
v -0.00482209 -0.01205088 -0.00323410
v -0.00482209 -0.01206553 -0.00322755
v -0.00482209 -0.01221204 -0.00315415
v -0.00476505 -0.01205716 -0.00322362
f 804 805 806
f 804 806 807
f 804 807 808
f 804 808 809
f 804 809 819
f 804 819 835
f 804 835 860
f 804 860 838
f 804 838 836
f 804 836 820
f 804 820 810
f 804 810 805
f 805 810 811
f 805 811 806
f 806 811 807
f 807 812 813
f 807 813 814
f 807 814 808
f 807 811 812
f 808 814 815
f 808 815 816
f 808 816 809
f 809 816 817
f 809 817 818
f 809 818 819
f 810 820 822
f 810 822 821
f 810 821 811
f 811 821 822
f 811 822 823
f 811 823 824
f 811 824 825
f 811 825 826
f 811 826 812
f 812 826 813
f 813 826 827
f 813 827 828
f 813 828 848
f 813 848 829
f 813 829 814
f 814 829 815
f 815 829 830
f 815 830 831
f 815 831 832
f 815 832 833
f 815 833 816
f 816 833 834
f 816 834 818
f 816 818 817
f 818 834 857
f 818 857 856
f 818 856 855
f 818 855 904
f 818 904 903
f 818 903 902
f 818 902 901
f 818 901 900
f 818 900 930
f 818 930 905
f 818 905 861
f 818 861 835
f 818 835 819
f 820 836 822
f 822 837 823
f 822 836 838
f 822 838 839
f 822 839 840
f 822 840 841
f 822 841 842
f 822 842 837
f 823 837 824
f 824 843 825
f 824 837 844
f 824 844 843
f 825 843 845
f 825 845 826
f 826 845 846
f 826 846 847
f 826 847 827
f 827 847 828
f 828 847 849
f 828 849 850
f 828 850 893
f 828 893 848
f 829 848 851
f 829 851 852
f 829 852 830
f 830 852 853
f 830 853 854
f 830 854 832
f 830 832 831
f 832 855 856
f 832 856 857
f 832 857 834
f 832 834 858
f 832 858 833
f 832 854 859
f 832 859 855
f 833 858 834
f 835 861 862
f 835 862 863
f 835 863 864
f 835 864 865
f 835 865 866
f 835 866 867
f 835 867 868
f 835 868 869
f 835 869 870
f 835 870 871
f 835 871 839
f 835 839 860
f 837 842 872
f 837 872 844
f 838 860 839
f 839 871 873
f 839 873 874
f 839 874 840
f 840 874 841
f 841 874 875
f 841 875 876
f 841 876 877
f 841 877 842
f 842 877 875
f 842 875 878
f 842 878 879
f 842 879 880
f 842 880 881
f 842 881 872
f 843 882 845
f 843 844 883
f 843 883 882
f 844 872 881
f 844 881 884
f 844 884 885
f 844 885 883
f 845 882 886
f 845 886 887
f 845 887 846
f 846 887 847
f 847 887 888
f 847 888 889
f 847 889 890
f 847 890 891
f 847 891 892
f 847 892 849
f 848 893 894
f 848 894 895
f 848 895 896
f 848 896 851
f 849 892 850
f 850 892 927
f 850 927 893
f 851 896 853
f 851 853 852
f 853 897 898
f 853 898 854
f 853 896 899
f 853 899 900
f 853 900 901
f 853 901 902
f 853 902 903
f 853 903 897
f 854 898 859
f 855 859 898
f 855 898 897
f 855 897 904
f 861 905 862
f 862 906 863
f 862 905 906
f 863 906 907
f 863 907 908
f 863 908 864
f 864 909 910
f 864 910 911
f 864 911 866
f 864 866 865
f 864 908 909
f 866 911 912
f 866 912 867
f 867 912 913
f 867 913 868
f 868 913 914
f 868 914 915
f 868 915 870
f 868 870 869
f 870 915 871
f 871 915 914
f 871 914 873
f 873 916 874
f 873 914 917
f 873 917 916
f 874 916 918
f 874 918 875
f 875 877 876
f 875 918 878
f 878 918 919
f 878 919 920
f 878 920 879
f 879 921 880
f 879 920 921
f 880 921 920
f 880 920 932
f 880 932 931
f 880 931 927
f 880 927 892
f 880 892 926
f 880 926 922
f 880 922 883
f 880 883 885
f 880 885 884
f 880 884 881
f 882 883 886
f 883 922 889
f 883 889 888
f 883 888 886
f 886 888 887
f 889 922 923
f 889 923 890
f 890 923 924
f 890 924 891
f 891 924 925
f 891 925 892
f 892 925 926
f 893 928 894
f 893 927 900
f 893 900 928
f 894 929 895
f 894 928 900
f 894 900 929
f 895 929 900
f 895 900 896
f 896 900 899
f 897 903 904
f 900 927 931
f 900 931 932
f 900 932 920
f 900 920 930
f 905 930 933
f 905 933 934
f 905 934 906
f 906 934 935
f 906 935 907
f 907 936 937
f 907 937 908
f 907 935 936
f 908 937 909
f 909 938 910
f 909 937 939
f 909 939 938
f 910 938 911
f 911 938 940
f 911 940 941
f 911 941 942
f 911 942 912
f 912 942 917
f 912 917 914
f 912 914 913
f 916 919 918
f 916 917 919
f 917 920 943
f 917 943 919
f 917 942 944
f 917 944 945
f 917 945 920
f 919 943 920
f 920 945 946
f 920 946 947
f 920 947 940
f 920 940 938
f 920 938 939
f 920 939 937
f 920 937 936
f 920 936 935
f 920 935 934
f 920 934 933
f 920 933 930
f 922 926 925
f 922 925 923
f 923 925 924
f 940 947 941
f 941 947 948
f 941 948 942
f 942 948 944
f 944 948 945
f 945 948 946
f 946 948 947

o geometry_8
v 0.00204706 0.00242592 0.00436998
v 0.00214089 0.00247071 0.00436998
v 0.00204706 0.00250405 0.00450033
v 0.00200575 0.00293749 0.00436862
v 0.00176398 0.00555407 0.00191775
v 0.00195970 0.00500766 0.00059930
v 0.00263610 0.00293749 0.00225381
v 0.00280851 0.00293749 0.00209563
v 0.00297070 0.00293749 0.00201008
v 0.00300610 0.00293749 0.00199175
v 0.00322312 0.00293749 0.00196663
v 0.00323420 0.00293749 0.00196595
v 0.00323420 0.00293749 0.00244730
v 0.00208491 0.00253789 0.00452613
v 0.00228811 0.00258666 0.00436998
v 0.00225804 0.00301960 0.00502649
v 0.00204706 0.00292057 0.00512086
v 0.00204706 0.00364563 0.00615620
v 0.00204706 0.00368842 0.00621662
v 0.00204706 0.00394869 0.00657849
v 0.00204706 0.00425374 0.00698855
v 0.00195970 0.00555407 0.00006228
v 0.00195970 0.00555108 0.00006432
v 0.00195970 0.00546300 0.00012814
v 0.00195970 0.00531918 0.00023269
v 0.00195970 0.00525648 0.00029108
v 0.00195970 0.00506887 0.00051104
v 0.00204706 0.00440701 0.00699805
v 0.00204706 0.00448912 0.00699805
v 0.00237403 0.00750978 0.00571423
v 0.00237403 0.00750978 0.00448404
v 0.00218191 0.00531570 0.00023269
v 0.00323406 0.00430848 0.00096184
v 0.00323406 0.00513108 0.00036372
v 0.00323406 0.00531222 0.00023269
v 0.00323406 0.00555407 0.00006228
v 0.00323420 0.00300965 0.00191775
v 0.00270877 0.00327489 0.00446231
v 0.00267208 0.00293749 0.00402781
v 0.00245534 0.00278870 0.00436998
v 0.00235273 0.00265732 0.00436998
v 0.00323420 0.00300517 0.00240046
v 0.00281498 0.00750978 0.00670001
v 0.00281398 0.00728286 0.00670001
v 0.00281383 0.00554610 0.00635241
v 0.00280145 0.00519826 0.00635241
v 0.00272604 0.00492953 0.00659206
v 0.00268906 0.00469813 0.00650177
v 0.00270345 0.00398203 0.00548747
v 0.00231646 0.00262846 0.00439714
v 0.00235849 0.00293898 0.00479430
v 0.00234582 0.00364563 0.00581946
v 0.00228667 0.00403826 0.00644881
v 0.00219299 0.00414973 0.00671087
v 0.00209930 0.00426170 0.00696818
v 0.00205512 0.00395018 0.00657645
v 0.00242267 0.00458417 0.00694102
v 0.00252874 0.00531222 0.00023269
v 0.00275842 0.00750978 0.00696003
v 0.00260084 0.00750978 0.00696003
v 0.00256529 0.00750978 0.00687585
v 0.00249693 0.00750978 0.00670001
v 0.00239418 0.00750978 0.00451663
v 0.00323406 0.00555407 0.00052937
v 0.00323420 0.00365857 0.00191775
v 0.00243850 0.00750978 0.00461982
v 0.00256975 0.00750978 0.00495317
v 0.00267121 0.00750978 0.00521794
v 0.00271352 0.00750978 0.00540125
v 0.00274821 0.00750978 0.00567078
v 0.00278419 0.00750978 0.00600548
v 0.00280779 0.00750978 0.00635241
v 0.00257940 0.00314202 0.00459335
v 0.00258357 0.00293749 0.00427086
v 0.00267927 0.00316491 0.00436998
v 0.00264704 0.00304448 0.00426815
v 0.00238799 0.00325100 0.00519215
v 0.00240353 0.00287777 0.00461575
v 0.00323420 0.00341273 0.00210106
v 0.00323406 0.00400691 0.00167606
v 0.00275713 0.00728286 0.00694374
v 0.00280160 0.00693551 0.00670001
v 0.00274662 0.00519826 0.00660496
v 0.00274490 0.00693551 0.00691862
v 0.00248686 0.00448315 0.00671766
v 0.00265999 0.00406912 0.00571830
v 0.00237907 0.00395665 0.00621730
v 0.00233086 0.00435277 0.00684530
v 0.00240454 0.00426966 0.00661379
f 949 950 951
f 949 951 952
f 949 952 953
f 949 953 954
f 949 954 955
f 949 955 956
f 949 956 957
f 949 957 958
f 949 958 959
f 949 959 960
f 949 960 961
f 949 961 950
f 950 962 951
f 950 961 963
f 950 963 964
f 950 964 965
f 950 965 962
f 951 962 965
f 951 965 952
f 952 965 966
f 952 966 967
f 952 967 968
f 952 968 969
f 952 969 953
f 953 970 971
f 953 971 972
f 953 972 973
f 953 973 974
f 953 974 975
f 953 975 954
f 953 969 976
f 953 976 977
f 953 977 978
f 953 978 979
f 953 979 970
f 954 975 955
f 955 975 974
f 955 974 956
f 956 974 957
f 957 974 958
f 958 974 973
f 958 973 959
f 959 973 960
f 960 973 980
f 960 980 981
f 960 981 982
f 960 982 983
f 960 983 984
f 960 984 985
f 960 985 1013
f 960 1013 1027
f 960 1027 990
f 960 990 961
f 961 986 987
f 961 987 988
f 961 988 989
f 961 989 963
f 961 990 991
f 961 991 992
f 961 992 993
f 961 993 994
f 961 994 995
f 961 995 996
f 961 996 997
f 961 997 986
f 963 989 998
f 963 998 999
f 963 999 964
f 964 1000 1001
f 964 1001 966
f 964 966 965
f 964 999 1000
f 966 1001 1002
f 966 1002 967
f 967 1002 1003
f 967 1003 1004
f 967 1004 968
f 968 1004 969
f 969 1003 1005
f 969 1005 976
f 969 1004 1003
f 970 984 971
f 970 979 984
f 971 984 983
f 971 983 1006
f 971 1006 980
f 971 980 972
f 972 980 973
f 976 1007 977
f 976 1005 1007
f 977 1007 1008
f 977 1008 1009
f 977 1009 1010
f 977 1010 978
f 978 1010 1009
f 978 1009 1008
f 978 1008 1007
f 978 1007 991
f 978 991 1020
f 978 1020 1019
f 978 1019 1018
f 978 1018 1017
f 978 1017 1016
f 978 1016 1015
f 978 1015 1014
f 978 1014 1011
f 978 1011 979
f 979 1011 984
f 980 1006 981
f 981 1006 982
f 982 1006 983
f 984 1012 1013
f 984 1013 985
f 984 1011 1014
f 984 1014 1015
f 984 1015 1016
f 984 1016 1017
f 984 1017 1018
f 984 1018 1019
f 984 1019 1020
f 984 1020 991
f 984 991 1012
f 986 1021 1022
f 986 1022 1023
f 986 1023 987
f 986 997 1021
f 987 1023 1024
f 987 1024 1022
f 987 1022 988
f 988 1021 1025
f 988 1025 1026
f 988 1026 989
f 988 1022 1021
f 989 1026 998
f 990 1027 1028
f 990 1028 991
f 991 1007 992
f 991 1028 1012
f 992 1007 1029
f 992 1029 1030
f 992 1030 994
f 992 994 993
f 994 1030 1031
f 994 1031 995
f 995 1031 1032
f 995 1032 1005
f 995 1005 996
f 996 1005 1033
f 996 1033 1034
f 996 1034 997
f 997 1034 1021
f 998 1026 999
f 999 1026 1025
f 999 1025 1035
f 999 1035 1000
f 1000 1035 1036
f 1000 1036 1001
f 1001 1036 1002
f 1002 1036 1003
f 1003 1036 1005
f 1005 1032 1029
f 1005 1029 1007
f 1005 1036 1033
f 1012 1028 1027
f 1012 1027 1013
f 1021 1034 1037
f 1021 1037 1025
f 1022 1024 1023
f 1025 1037 1035
f 1029 1032 1031
f 1029 1031 1030
f 1033 1036 1037
f 1033 1037 1034
f 1035 1037 1036

o geometry_9
v 0.00896182 0.00192858 0.00149685
v 0.00882660 0.00027181 0.00149736
v 0.00873410 0.00276681 0.00149685
v 0.00864733 0.00305224 0.00149685
v 0.00827250 0.00401021 0.00149685
v 0.00798620 0.00452529 0.00149685
v 0.00762788 0.00510926 0.00149685
v 0.00717971 0.00567682 0.00149685
v 0.00670930 0.00616401 0.00149685
v 0.00912699 0.00102966 0.00149736
v 0.00910056 0.00102966 0.00079479
v 0.00895697 0.00121666 -0.00077882
v 0.00873322 0.00207294 -0.00059345
v 0.00861385 0.00261262 -0.00013207
v 0.00825884 0.00398232 0.00131404
v 0.00795404 0.00370018 -0.00094115
v 0.00726869 0.00543733 0.00114198
v 0.00712201 0.00560957 0.00114198
v 0.00694891 0.00579493 0.00114198
v 0.00670930 0.00602622 0.00114198
v 0.00631311 0.00555216 -0.00074925
v 0.00596404 0.00555216 -0.00128296
v 0.00584071 0.00555216 -0.00140919
v 0.00562092 0.00555216 -0.00156537
v 0.00513289 0.00555216 -0.00180759
v 0.00505537 0.00555216 -0.00183114
v 0.00505537 0.00555216 -0.00116032
v 0.00470564 0.00027017 0.00125003
v 0.00470564 -0.00002838 0.00126514
v 0.00670930 0.00560465 0.00149685
v 0.00901115 0.00137742 0.00044760
v 0.00901071 0.00102966 -0.00059396
v 0.00894332 0.00081805 -0.00109375
v 0.00859007 0.00219104 -0.00107224
v 0.00862486 0.00230095 -0.00084027
v 0.00832755 0.00313753 -0.00059652
v 0.00826941 0.00330813 -0.00048233
v 0.00792850 0.00365917 -0.00113523
v 0.00759110 0.00436289 -0.00059345
v 0.00752768 0.00428415 -0.00100106
v 0.00723345 0.00469424 -0.00080750
v 0.00686875 0.00502232 -0.00093834
v 0.00623801 0.00541601 -0.00120794
v 0.00616137 0.00535695 -0.00143940
v 0.00592968 0.00543405 -0.00152697
v 0.00565572 0.00527493 -0.00175843
v 0.00584291 0.00503544 -0.00181424
v 0.00544297 0.00445967 -0.00221034
v 0.00505537 0.00470901 -0.00221367
v 0.00470564 0.00027017 -0.00218397
v 0.00470564 -0.00036793 0.00122442
v 0.00470564 -0.00068862 0.00112841
v 0.00919482 0.00027017 0.00149736
v 0.00920539 0.00027017 0.00114198
v 0.00900234 0.00069503 -0.00096266
v 0.00862134 0.00195975 -0.00112908
v 0.00827382 0.00297514 -0.00113062
v 0.00830289 0.00303911 -0.00094115
v 0.00761621 0.00405286 -0.00117722
v 0.00798223 0.00346069 -0.00118439
v 0.00726913 0.00406598 -0.00149573
v 0.00719601 0.00429727 -0.00144350
v 0.00729643 0.00441210 -0.00121204
v 0.00718764 0.00464339 -0.00103947
v 0.00646881 0.00532907 -0.00100875
v 0.00660755 0.00509449 -0.00128783
v 0.00654941 0.00504364 -0.00147832
v 0.00593057 0.00408075 -0.00219779
v 0.00505537 0.00440882 -0.00231198
v 0.00470564 -0.00868296 -0.00358347
v 0.00470564 -0.01059399 -0.00301251
v 0.00805182 -0.01036105 -0.00323526
v 0.00851871 -0.00730997 -0.00258134
v 0.00900102 0.00027017 -0.00116493
v 0.00851871 -0.00730833 -0.00313489
v 0.00896931 0.00058676 -0.00113062
v 0.00793290 0.00024064 -0.00217219
v 0.00777411 0.00311621 -0.00148754
v 0.00793070 0.00160543 -0.00182449
v 0.00688504 0.00469096 -0.00147064
v 0.00686390 0.00484188 -0.00128783
v 0.00632434 0.00482547 -0.00169544
v 0.00626003 0.00373463 -0.00219267
v 0.00602879 0.00383469 -0.00222596
v 0.00530863 0.00415456 -0.00231915
v 0.00805182 -0.00834504 -0.00358552
v 0.00805182 -0.00869280 -0.00362546
v 0.00773822 -0.00904056 -0.00368333
v 0.00635010 -0.00904056 -0.00368947
v 0.00530863 -0.00904056 -0.00368999
v 0.00496111 -0.00904056 -0.00367667
v 0.00470564 -0.01059399 -0.00359884
v 0.00640010 -0.01059399 -0.00333819
v 0.00805182 -0.01036105 -0.00365977
v 0.00851871 -0.00441657 -0.00259363
v 0.00851871 -0.00209852 -0.00213685
v 0.00835839 -0.00730997 -0.00328442
v 0.00826853 -0.00639300 -0.00320505
v 0.00805182 -0.00973443 -0.00369613
v 0.00805182 -0.00938832 -0.00368794
v 0.00872243 0.00120354 -0.00122075
v 0.00836081 -0.00192464 -0.00225694
v 0.00818264 -0.00036137 -0.00208565
v 0.00767259 0.00207294 -0.00189720
v 0.00762194 0.00339671 -0.00150393
v 0.00659698 0.00427841 -0.00179735
v 0.00688504 0.00296365 -0.00216348
v 0.00692513 0.00371986 -0.00184395
v 0.00657540 0.00336062 -0.00217987
v 0.00470564 -0.00908977 -0.00361830
v 0.00773822 -0.00938832 -0.00371713
v 0.00530863 -0.00938832 -0.00371917
v 0.00496111 -0.00973607 -0.00371764
v 0.00496111 -0.01059399 -0.00365773
v 0.00496111 -0.01008219 -0.00371098
v 0.00640010 -0.01059399 -0.00367821
v 0.00773822 -0.01036105 -0.00370279
v 0.00827866 -0.00460336 -0.00286605
v 0.00825444 -0.00262672 -0.00250094
v 0.00773822 -0.01008219 -0.00372071
v 0.00773822 -0.00973443 -0.00373044
v 0.00722200 0.00225994 -0.00215887
v 0.00776068 0.00172354 -0.00192946
v 0.00739730 0.00273400 -0.00189208
v 0.00530863 -0.00973607 -0.00373300
v 0.00470564 -0.00990913 -0.00364287
v 0.00530863 -0.01008219 -0.00372378
v 0.00530863 -0.01059399 -0.00367411
v 0.00640010 -0.01042831 -0.00369869
f 1038 1039 1090
f 1038 1090 1047
f 1038 1040 1041
f 1038 1041 1042
f 1038 1042 1043
f 1038 1043 1044
f 1038 1044 1045
f 1038 1045 1046
f 1038 1046 1039
f 1038 1047 1048
f 1040 1038 1049
f 1040 1049 1050
f 1040 1050 1041
f 1041 1050 1051
f 1042 1041 1051
f 1042 1051 1052
f 1042 1052 1043
f 1043 1052 1053
f 1043 1053 1044
f 1044 1054 1045
f 1045 1054 1055
f 1045 1055 1056
f 1045 1056 1046
f 1046 1057 1058
f 1046 1058 1059
f 1046 1059 1060
f 1046 1060 1061
f 1046 1061 1062
f 1046 1062 1063
f 1046 1063 1064
f 1046 1064 1065
f 1046 1065 1066
f 1046 1066 1067
f 1046 1067 1039
f 1038 1048 1068
f 1038 1068 1049
f 1049 1068 1069
f 1049 1070 1071
f 1049 1071 1072
f 1049 1072 1050
f 1050 1072 1051
f 1052 1051 1073
f 1052 1073 1074
f 1052 1074 1053
f 1051 1072 1073
f 1044 1053 1076
f 1044 1076 1054
f 1054 1076 1077
f 1054 1077 1055
f 1055 1077 1078
f 1055 1078 1056
f 1056 1057 1046
f 1056 1078 1079
f 1056 1079 1057
f 1058 1080 1059
f 1059 1081 1060
f 1060 1081 1082
f 1060 1082 1061
f 1061 1082 1062
f 1062 1082 1083
f 1062 1083 1084
f 1062 1084 1085
f 1062 1085 1063
f 1063 1085 1086
f 1063 1086 1087
f 1063 1087 1065
f 1063 1065 1064
f 1065 1087 1107
f 1065 1107 1147
f 1065 1147 1163
f 1065 1163 1129
f 1065 1129 1108
f 1065 1108 1089
f 1065 1089 1088
f 1065 1088 1066
f 1066 1039 1067
f 1039 1066 1088
f 1039 1088 1089
f 1068 1048 1069
f 1047 1090 1091
f 1047 1091 1048
f 1048 1091 1069
f 1069 1091 1092
f 1069 1092 1049
f 1049 1092 1070
f 1071 1070 1093
f 1071 1093 1094
f 1071 1094 1072
f 1072 1094 1095
f 1072 1095 1073
f 1073 1095 1074
f 1053 1074 1095
f 1053 1095 1075
f 1075 1096 1077
f 1075 1077 1053
f 1075 1095 1094
f 1075 1094 1097
f 1075 1097 1098
f 1075 1098 1099
f 1075 1099 1096
f 1076 1053 1077
f 1077 1100 1101
f 1077 1101 1078
f 1077 1096 1100
f 1078 1101 1079
f 1057 1102 1058
f 1057 1079 1102
f 1058 1102 1080
f 1080 1102 1103
f 1080 1081 1059
f 1081 1080 1104
f 1081 1104 1082
f 1084 1105 1085
f 1084 1083 1104
f 1085 1106 1086
f 1085 1105 1106
f 1087 1086 1106
f 1087 1106 1107
f 1089 1090 1039
f 1090 1089 1108
f 1090 1108 1109
f 1090 1109 1110
f 1090 1110 1091
f 1091 1111 1092
f 1091 1110 1112
f 1091 1112 1111
f 1092 1113 1070
f 1092 1111 1113
f 1070 1113 1093
f 1096 1099 1117
f 1096 1117 1100
f 1099 1098 1117
f 1100 1117 1118
f 1100 1118 1101
f 1101 1118 1079
f 1079 1118 1103
f 1079 1103 1102
f 1103 1118 1104
f 1103 1104 1080
f 1104 1118 1117
f 1104 1117 1119
f 1104 1119 1084
f 1104 1083 1082
f 1084 1119 1105
f 1105 1119 1120
f 1105 1120 1121
f 1105 1121 1122
f 1105 1122 1106
f 1106 1122 1123
f 1106 1123 1124
f 1106 1124 1125
f 1106 1125 1126
f 1106 1126 1127
f 1106 1127 1128
f 1106 1128 1107
f 1108 1129 1151
f 1108 1151 1165
f 1108 1165 1153
f 1108 1153 1130
f 1108 1130 1109
f 1109 1130 1153
f 1109 1153 1131
f 1109 1131 1112
f 1109 1112 1110
f 1111 1112 1132
f 1111 1132 1133
f 1111 1133 1113
f 1112 1134 1135
f 1112 1131 1136
f 1112 1136 1137
f 1112 1137 1134
f 1113 1138 1093
f 1113 1133 1139
f 1113 1139 1140
f 1113 1140 1138
f 1093 1138 1114
f 1114 1116 1093
f 1093 1116 1094
f 1115 1094 1141
f 1115 1142 1097
f 1115 1097 1094
f 1116 1141 1094
f 1097 1142 1098
f 1098 1142 1144
f 1098 1144 1145
f 1098 1145 1117
f 1117 1145 1143
f 1120 1119 1143
f 1120 1143 1146
f 1120 1146 1123
f 1120 1123 1121
f 1121 1123 1122
f 1107 1128 1147
f 1123 1135 1134
f 1123 1134 1124
f 1124 1148 1125
f 1125 1148 1126
f 1126 1148 1149
f 1126 1149 1127
f 1127 1149 1128
f 1128 1149 1150
f 1128 1150 1147
f 1129 1152 1151
f 1131 1153 1154
f 1132 1156 1139
f 1132 1139 1133
f 1134 1137 1124
f 1135 1155 1112
f 1112 1155 1132
f 1131 1157 1136
f 1131 1154 1157
f 1136 1157 1158
f 1136 1158 1137
f 1137 1158 1148
f 1137 1148 1124
f 1138 1140 1114
f 1139 1156 1140
f 1114 1140 1156
f 1114 1156 1155
f 1114 1155 1135
f 1114 1135 1159
f 1114 1159 1160
f 1114 1160 1116
f 1116 1160 1141
f 1141 1159 1161
f 1141 1161 1115
f 1141 1160 1159
f 1115 1161 1142
f 1143 1119 1117
f 1142 1161 1144
f 1144 1161 1159
f 1144 1159 1135
f 1144 1135 1123
f 1144 1123 1146
f 1145 1144 1146
f 1145 1146 1143
f 1148 1158 1162
f 1148 1162 1149
f 1149 1162 1150
f 1129 1163 1152
f 1152 1163 1150
f 1152 1150 1162
f 1152 1162 1164
f 1152 1164 1165
f 1152 1165 1151
f 1153 1166 1154
f 1153 1165 1166
f 1132 1155 1156
f 1158 1157 1164
f 1158 1164 1162
f 1150 1163 1147
f 1164 1166 1165
f 1154 1166 1164
f 1154 1164 1157

o geometry_10
v 0.00670770 0.00720287 0.02634129
v 0.00670770 0.00720811 0.02441980
v -0.00021332 0.00720335 0.02941401
v 0.00567162 0.00720287 0.02781056
v -0.00021332 0.00720335 0.02998218
v -0.00469819 0.00780569 0.02780228
v 0.00670659 0.00854660 0.01306480
v 0.00670770 0.00923227 0.02268963
v 0.00637499 0.00801330 0.02602242
v 0.00662285 0.00840161 0.02495193
v 0.00599149 0.00796949 0.02666098
v 0.00017173 0.00801529 0.02946743
v -0.00263048 0.00780569 0.02946288
v -0.00427058 0.00780569 0.02878456
v -0.00469819 0.00780569 0.02827768
v -0.00469819 0.01057886 0.01306148
v -0.00022560 0.01177021 0.01305983
v 0.00670659 0.00946131 0.01306480
v 0.00322096 0.00720335 0.02954984
v 0.00148484 0.00787521 0.02951340
v -0.00113929 0.00831376 0.02913894
v -0.00223636 0.00851136 0.02877297
v -0.00431273 0.00871564 0.02777454
v -0.00469819 0.00824709 0.02808554
v -0.00469819 0.01117025 0.01305983
v 0.00588263 0.00855517 0.02605638
v 0.00515692 0.00817281 0.02739314
v 0.00480300 0.00782141 0.02807560
v -0.00317323 0.00850413 0.02850555
v 0.00187198 0.01164475 0.01306480
v 0.00378031 0.01128739 0.01306480
v 0.00587146 0.01026888 0.01306480
v 0.00670659 0.00976129 0.02043271
v 0.00670659 0.00978557 0.01469144
v 0.00670659 0.00993294 0.01677526
v 0.00588486 0.00924394 0.02486953
v 0.00653967 0.00921299 0.02342924
v 0.00428412 0.00868528 0.02746933
v 0.00402035 0.00720335 0.02915229
v 0.00170479 0.00850660 0.02876634
v 0.00079207 0.00855208 0.02882763
v -0.00324566 0.00920585 0.02755713
v -0.00469819 0.00958059 0.02623113
v -0.00433310 0.01129881 0.01305983
v 0.00183206 0.01180926 0.01434524
v 0.00504918 0.01098764 0.01459453
v 0.00496489 0.00919799 0.02615742
v 0.00407171 0.00831304 0.02805075
v 0.00305181 0.00797425 0.02893364
v -0.00028198 0.01197401 0.01484549
v 0.00275818 0.01170409 0.01462041
v 0.00418057 0.01136167 0.01476349
v 0.00555606 0.01063147 0.01405536
v 0.00627674 0.01024697 0.01538632
v 0.00605066 0.01010079 0.02181088
v 0.00590663 0.01046148 0.02024719
v 0.00590608 0.01063885 0.01746931
v 0.00611876 0.01043077 0.01885908
v 0.00582401 0.00988366 0.02336878
v 0.00513906 0.00989176 0.02459704
v 0.00421546 0.00955642 0.02617523
v 0.00327176 0.00903800 0.02756375
v 0.00230657 0.00918561 0.02770289
v 0.00096512 0.00925810 0.02781305
v -0.00036153 0.00941321 0.02761179
v -0.00168860 0.00939500 0.02758259
v -0.00399034 0.00991366 0.02602822
v -0.00469819 0.01021697 0.02489520
v -0.00469819 0.01138595 0.01469144
v -0.00353706 0.01165332 0.01443054
v -0.00215933 0.01197211 0.01625347
v -0.00014102 0.01203573 0.01595076
v -0.00258247 0.01163498 0.01305983
v 0.00119567 0.01197711 0.01585758
v 0.00326729 0.01169915 0.01599424
v 0.00449597 0.01134024 0.01608120
v 0.00587370 0.01061505 0.01608120
v 0.00507095 0.01042161 0.02306772
v 0.00399914 0.01026816 0.02485131
v 0.00094670 0.00953987 0.02736332
v -0.00259866 0.01043577 0.02535156
v -0.00393731 0.01059219 0.02444133
v -0.00469819 0.01148214 0.01608451
v -0.00259392 0.01179521 0.01443054
v 0.00354585 0.01166498 0.01746766
v 0.00476839 0.01126882 0.01746931
v 0.00525071 0.01099407 0.01885908
v 0.00448090 0.01042649 0.02394026
v 0.00309982 0.00990104 0.02617564
v 0.00527638 0.01061171 0.02181088
v 0.00187616 0.01015275 0.02601372
v -0.00059738 0.01025126 0.02601165
v -0.00161840 0.01020674 0.02605472
v -0.00361186 0.01104347 0.02317622
v -0.00469819 0.01078527 0.02316917
v -0.00469819 0.01146500 0.01885908
v -0.00399565 0.01169343 0.01751528
v -0.00337517 0.01180355 0.01608120
v -0.00219059 0.01197496 0.01764986
v -0.00042321 0.01206448 0.01729621
v 0.00145581 0.01198687 0.01746766
v 0.00439939 0.01136286 0.01885908
v 0.00506537 0.01096860 0.02018755
v 0.00456184 0.01097788 0.02163695
v 0.00380599 0.01094741 0.02292071
v 0.00328795 0.01059767 0.02446038
v -0.00373942 0.01135631 0.02165352
v -0.00469819 0.01113501 0.02163861
v -0.00351696 0.01173736 0.01885908
v 0.00299375 0.01172617 0.01885908
v 0.00419787 0.01131215 0.02024719
v 0.00295175 0.01138351 0.02168126
v 0.00233783 0.01057981 0.02493164
v 0.00091432 0.01083146 0.02450676
v -0.00146711 0.01093027 0.02424256
v -0.00246692 0.01124763 0.02295466
v -0.00390466 0.01154689 0.02017348
v -0.00152629 0.01197687 0.01874975
v 0.00081552 0.01197401 0.01887978
v 0.00317853 0.01156404 0.02024719
v 0.00287373 0.01110978 0.02302672
v -0.00188188 0.01159332 0.02157442
v -0.00198600 0.01179390 0.02024884
v 0.00200568 0.01174569 0.02024719
v 0.00172377 0.01128358 0.02287598
v 0.00018471 0.01131441 0.02298986
v 0.00005436 0.01185253 0.02024802
v 0.00104830 0.01162975 0.02148787
v -0.00049188 0.01164475 0.02156365
f 1167 1168 1174
f 1167 1174 1176
f 1167 1170 1168
f 1169 1170 1171
f 1169 1171 1181
f 1169 1181 1172
f 1169 1172 1173
f 1169 1173 1168
f 1169 1168 1170
f 1168 1173 1174
f 1167 1176 1175
f 1167 1177 1170
f 1171 1178 1179
f 1171 1179 1180
f 1171 1180 1181
f 1172 1181 1190
f 1172 1190 1209
f 1172 1209 1234
f 1172 1234 1261
f 1172 1261 1274
f 1172 1274 1262
f 1172 1262 1249
f 1172 1249 1235
f 1172 1235 1191
f 1172 1191 1182
f 1172 1182 1173
f 1173 1182 1183
f 1173 1183 1184
f 1173 1184 1174
f 1175 1177 1167
f 1170 1185 1171
f 1171 1186 1178
f 1178 1187 1179
f 1179 1187 1188
f 1180 1189 1190
f 1180 1190 1181
f 1182 1191 1210
f 1182 1210 1239
f 1182 1239 1183
f 1175 1176 1192
f 1175 1192 1177
f 1177 1193 1170
f 1179 1188 1195
f 1179 1195 1180
f 1180 1195 1189
f 1183 1196 1197
f 1183 1197 1198
f 1183 1198 1184
f 1174 1184 1200
f 1174 1200 1201
f 1174 1201 1199
f 1176 1202 1192
f 1176 1174 1203
f 1192 1193 1177
f 1193 1194 1170
f 1194 1205 1170
f 1170 1205 1185
f 1185 1186 1171
f 1178 1186 1206
f 1178 1207 1187
f 1195 1208 1189
f 1189 1209 1190
f 1183 1211 1196
f 1197 1212 1198
f 1184 1198 1200
f 1202 1213 1192
f 1176 1203 1202
f 1192 1213 1193
f 1193 1213 1204
f 1204 1194 1193
f 1194 1214 1205
f 1185 1205 1215
f 1185 1215 1186
f 1186 1215 1206
f 1206 1207 1178
f 1195 1188 1208
f 1189 1208 1209
f 1183 1216 1211
f 1196 1211 1217
f 1196 1217 1197
f 1197 1217 1218
f 1197 1218 1212
f 1212 1219 1198
f 1198 1219 1220
f 1198 1220 1200
f 1199 1221 1174
f 1174 1221 1203
f 1199 1222 1221
f 1200 1220 1201
f 1201 1220 1223
f 1201 1223 1199
f 1199 1223 1224
f 1199 1224 1222
f 1202 1203 1225
f 1202 1226 1213
f 1213 1226 1227
f 1204 1228 1214
f 1204 1213 1227
f 1204 1214 1194
f 1214 1215 1205
f 1206 1229 1230
f 1206 1230 1207
f 1207 1230 1231
f 1207 1231 1187
f 1187 1231 1232
f 1187 1232 1188
f 1188 1232 1208
f 1208 1233 1209
f 1209 1233 1234
f 1191 1235 1210
f 1210 1235 1236
f 1216 1237 1238
f 1216 1183 1239
f 1216 1238 1240
f 1216 1240 1211
f 1218 1217 1241
f 1218 1241 1242
f 1219 1243 1220
f 1221 1225 1203
f 1225 1244 1226
f 1225 1226 1202
f 1227 1226 1245
f 1204 1227 1228
f 1214 1228 1215
f 1215 1228 1229
f 1215 1229 1206
f 1229 1246 1230
f 1233 1232 1247
f 1233 1208 1232
f 1233 1248 1234
f 1210 1236 1239
f 1235 1249 1236
f 1237 1216 1250
f 1239 1250 1216
f 1240 1217 1211
f 1217 1240 1241
f 1242 1241 1251
f 1242 1251 1252
f 1218 1242 1212
f 1219 1212 1243
f 1243 1223 1220
f 1225 1221 1244
f 1224 1223 1253
f 1224 1253 1222
f 1244 1254 1226
f 1226 1254 1245
f 1245 1255 1227
f 1244 1221 1256
f 1229 1255 1246
f 1246 1255 1257
f 1246 1231 1230
f 1232 1258 1259
f 1248 1260 1261
f 1248 1261 1234
f 1249 1262 1263
f 1249 1263 1264
f 1249 1264 1236
f 1236 1250 1239
f 1237 1250 1264
f 1237 1265 1238
f 1238 1265 1266
f 1238 1266 1267
f 1238 1267 1240
f 1251 1268 1252
f 1212 1242 1243
f 1242 1252 1243
f 1243 1252 1223
f 1223 1252 1253
f 1222 1253 1269
f 1222 1269 1256
f 1222 1256 1221
f 1244 1256 1270
f 1254 1244 1271
f 1254 1271 1272
f 1254 1272 1245
f 1255 1245 1272
f 1228 1227 1255
f 1229 1228 1255
f 1231 1246 1258
f 1231 1258 1232
f 1259 1247 1232
f 1233 1247 1248
f 1261 1273 1274
f 1264 1250 1236
f 1264 1263 1237
f 1240 1267 1241
f 1241 1267 1251
f 1251 1267 1276
f 1251 1276 1268
f 1268 1277 1269
f 1252 1268 1253
f 1256 1269 1270
f 1244 1270 1271
f 1270 1269 1277
f 1271 1270 1278
f 1272 1279 1255
f 1255 1279 1257
f 1257 1279 1280
f 1257 1280 1246
f 1246 1280 1258
f 1248 1247 1281
f 1248 1281 1282
f 1248 1282 1260
f 1260 1273 1261
f 1274 1273 1283
f 1262 1274 1283
f 1263 1262 1275
f 1275 1262 1283
f 1237 1263 1265
f 1265 1263 1275
f 1265 1284 1266
f 1266 1284 1285
f 1266 1285 1267
f 1267 1285 1276
f 1276 1286 1277
f 1276 1277 1268
f 1277 1286 1270
f 1269 1253 1268
f 1271 1278 1287
f 1271 1287 1272
f 1270 1286 1278
f 1259 1258 1281
f 1259 1281 1247
f 1282 1288 1273
f 1282 1273 1260
f 1275 1283 1289
f 1275 1284 1265
f 1284 1275 1289
f 1285 1290 1276
f 1276 1290 1286
f 1272 1287 1279
f 1279 1291 1280
f 1280 1291 1292
f 1258 1280 1281
f 1288 1289 1273
f 1273 1289 1283
f 1285 1284 1293
f 1285 1293 1290
f 1290 1294 1278
f 1290 1278 1286
f 1278 1291 1287
f 1287 1291 1279
f 1292 1291 1294
f 1280 1292 1281
f 1281 1292 1282
f 1284 1289 1293
f 1293 1289 1288
f 1293 1288 1295
f 1293 1295 1294
f 1293 1294 1290
f 1278 1294 1291
f 1282 1292 1295
f 1282 1295 1288
f 1294 1295 1292

o geometry_11
v 0.00413488 -0.00695712 0.00941753
v 0.00413488 -0.00701201 0.00940986
v 0.00417194 -0.00695523 0.00939323
v 0.00416980 -0.00669969 0.00936255
v 0.00413488 -0.00673755 0.00938812
v 0.00323420 0.00027162 0.00436434
v 0.00332081 -0.01257695 0.00306908
v 0.00413488 -0.00712180 0.00937150
v 0.00445280 -0.00681326 0.00899686
v 0.00447330 -0.00660884 0.00903138
v 0.00446777 -0.00626245 0.00900453
v 0.00413488 -0.00716912 0.00934848
v 0.00413488 -0.00669401 0.00936638
v 0.00444567 -0.00608074 0.00896105
v 0.00323420 0.00300299 0.00239907
v 0.00323420 0.00027162 0.00389124
v 0.00332081 -0.01378269 0.00142091
v 0.00332081 -0.01336815 0.00199374
v 0.00332081 -0.01262995 0.00299875
v 0.00413488 -0.00634573 0.00914774
v 0.00413488 -0.00614509 0.00901731
v 0.00413488 -0.00607316 0.00896745
v 0.00413488 -0.00574760 0.00873473
v 0.00339816 -0.01252774 0.00306908
v 0.00403829 -0.00790922 0.00856595
v 0.00452712 -0.00660884 0.00878204
v 0.00413488 -0.00722590 0.00927944
v 0.00439631 -0.00704608 0.00884342
v 0.00444015 -0.00713126 0.00861199
v 0.00461961 -0.01378269 -0.00088960
v 0.00454511 -0.00626245 0.00878204
v 0.00450234 -0.00594445 0.00877182
v 0.00426533 -0.00565863 0.00866824
v 0.00426533 -0.00607316 0.00896745
v 0.00447900 -0.00568703 0.00864907
v 0.00446118 -0.00467436 0.00793303
v 0.00443676 0.00015995 0.00444234
v 0.00323420 0.00400051 0.00167792
v 0.00323420 0.00030759 0.00386439
v 0.00332081 -0.01378269 0.00077647
v 0.00335610 -0.01335869 0.00198223
v 0.00341883 -0.01378269 0.00134930
v 0.00340921 -0.01304259 0.00237222
v 0.00426533 -0.00448507 0.00781795
v 0.00344841 -0.01272459 0.00276220
v 0.00351774 -0.01244634 0.00306908
v 0.00403829 -0.00806443 0.00835881
v 0.00405468 -0.00790922 0.00854038
v 0.00369399 -0.01230627 0.00306908
v 0.00456543 -0.00660884 0.00843425
v 0.00460285 -0.00626245 0.00843425
v 0.00413488 -0.00739626 0.00905695
v 0.00416107 -0.00730162 0.00911577
v 0.00445334 -0.01378269 -0.00036535
v 0.00452587 -0.01378269 -0.00059167
v 0.00461961 -0.01378269 -0.00192913
v 0.00505479 0.00027162 0.00112810
v 0.00461408 -0.00626245 0.00808774
v 0.00460179 -0.00591417 0.00843425
v 0.00453300 -0.00557156 0.00844320
v 0.00449664 -0.00529710 0.00833324
v 0.00448648 -0.00428254 0.00761848
v 0.00448132 0.00195814 0.00309465
v 0.00447258 0.00055365 0.00412651
v 0.00446385 0.00297081 0.00238117
v 0.00445387 0.00538796 0.00063582
v 0.00444086 0.00398347 0.00166641
v 0.00426533 0.00555453 0.00052842
v 0.00391853 0.00555453 0.00052970
v 0.00323420 0.00555453 0.00052970
v 0.00323420 0.00130700 0.00313812
v 0.00425445 -0.01008030 -0.00302237
v 0.00425962 -0.01042858 -0.00302237
v 0.00426871 -0.01077686 -0.00302237
v 0.00428618 -0.01112325 -0.00302237
v 0.00432057 -0.01146964 -0.00302237
v 0.00429812 -0.01216431 -0.00267586
v 0.00436922 -0.01249745 -0.00267714
v 0.00431897 -0.01285898 -0.00232807
v 0.00443765 -0.01303691 -0.00250324
v 0.00439738 -0.01317319 -0.00230505
v 0.00442500 -0.01340223 -0.00217335
v 0.00438972 -0.01353283 -0.00195598
v 0.00442785 -0.01374294 -0.00182428
v 0.00440718 -0.01378269 -0.00172583
v 0.00323420 0.00531225 0.00023177
v 0.00323420 0.00553749 0.00007322
v 0.00323420 0.00555264 0.00006299
v 0.00342560 -0.01378269 0.00134419
v 0.00346000 -0.01378269 0.00131606
v 0.00360898 -0.01378269 0.00117669
v 0.00403829 -0.00845814 0.00783074
v 0.00404666 -0.00845246 0.00782562
v 0.00406876 -0.00813636 0.00821433
v 0.00376456 -0.01378269 0.00099768
v 0.00371929 -0.01231763 0.00302432
v 0.00410832 -0.00855089 0.00756222
v 0.00413292 -0.00790922 0.00836904
v 0.00414949 -0.01378269 0.00038521
v 0.00461248 -0.01378269 -0.00192657
v 0.00461961 -0.01365019 -0.00207362
v 0.00470479 -0.01059136 -0.00359520
v 0.00505479 0.00027162 -0.00223345
v 0.00505479 0.00033598 0.00112043
v 0.00505479 0.00058015 0.00101941
v 0.00505479 0.00555453 -0.00115939
v 0.00453496 0.00207360 0.00288879
v 0.00452854 0.00449643 0.00114728
v 0.00452729 0.00067480 0.00392449
v 0.00449415 0.00476522 0.00103476
v 0.00449326 0.00094358 0.00381069
v 0.00448844 0.00336073 0.00206534
v 0.00447383 0.00437529 0.00134930
v 0.00450609 0.00555453 0.00042485
v 0.00323420 0.00555453 0.00007834
v 0.00435069 -0.01008030 -0.00335098
v 0.00435586 -0.01042858 -0.00333052
v 0.00436013 -0.01059136 -0.00331774
v 0.00436530 -0.01077686 -0.00330367
v 0.00438294 -0.01112325 -0.00326915
v 0.00437189 -0.01178953 -0.00303004
v 0.00439203 -0.01216431 -0.00291624
v 0.00440754 -0.01285898 -0.00254799
v 0.00442429 -0.01237063 -0.00286638
v 0.00451090 -0.01260345 -0.00279349
v 0.00461961 -0.01249934 -0.00292136
v 0.00461961 -0.01266023 -0.00283057
v 0.00461961 -0.01284952 -0.00271933
v 0.00461248 -0.01310694 -0.00255567
v 0.00461248 -0.01328298 -0.00241501
v 0.00461248 -0.01347415 -0.00224112
v 0.00461248 -0.01364830 -0.00207234
v 0.00453959 -0.01378269 -0.00186904
v 0.00445191 -0.01378269 -0.00179743
v 0.00439328 0.00555453 -0.00161331
v 0.00440255 0.00542582 -0.00186392
v 0.00442072 0.00505671 -0.00217079
v 0.00440718 0.00485039 -0.00218870
v 0.00435568 -0.00903924 -0.00333052
v 0.00435176 -0.00938563 -0.00334459
v 0.00435051 -0.00973391 -0.00335354
v 0.00374175 -0.01226463 0.00306908
v 0.00378291 -0.01378269 0.00097466
v 0.00391051 -0.01378269 0.00079309
v 0.00405058 -0.01378269 0.00055910
v 0.00406484 -0.00917174 0.00681422
v 0.00461961 -0.01347605 -0.00224240
v 0.00461961 -0.01328298 -0.00241629
v 0.00461961 -0.01311262 -0.00255439
v 0.00461961 -0.01290062 -0.00268737
v 0.00461961 -0.01216242 -0.00309653
v 0.00461961 -0.01197314 -0.00318859
v 0.00461961 -0.01180089 -0.00325252
v 0.00461961 -0.01127846 -0.00340596
v 0.00461961 -0.01111190 -0.00345199
v 0.00461961 -0.01087529 -0.00351081
v 0.00468465 -0.01059136 -0.00359137
v 0.00470479 -0.01042858 -0.00361182
v 0.00505479 0.00415572 -0.00233190
v 0.00470479 -0.01008030 -0.00363867
v 0.00505479 0.00555453 -0.00183068
v 0.00451322 0.00555453 0.00041206
v 0.00446082 -0.01008030 -0.00352488
v 0.00445779 -0.00973391 -0.00352743
v 0.00449094 -0.01042858 -0.00350442
v 0.00451090 -0.01059136 -0.00349163
v 0.00453389 -0.01077686 -0.00347629
v 0.00441484 -0.01146964 -0.00322567
v 0.00443569 -0.01165514 -0.00320010
v 0.00450003 -0.01188796 -0.00315151
v 0.00462567 0.00555453 -0.00186776
v 0.00464135 0.00555453 -0.00187926
v 0.00452426 0.00505671 -0.00217079
v 0.00495999 0.00450400 -0.00230889
v 0.00461266 0.00450400 -0.00227181
v 0.00470479 -0.00869285 -0.00358369
v 0.00466309 -0.00903924 -0.00360287
v 0.00448934 -0.00903924 -0.00350442
v 0.00446938 -0.00938563 -0.00351848
v 0.00461444 -0.01178953 -0.00325380
v 0.00461961 -0.01077686 -0.00352743
v 0.00461961 -0.01063490 -0.00354917
v 0.00466469 -0.01042858 -0.00360159
v 0.00463440 -0.01008030 -0.00362077
v 0.00505479 0.00440936 -0.00231145
v 0.00470479 -0.00973391 -0.00364507
v 0.00470479 -0.00945377 -0.00363356
v 0.00470479 -0.00908656 -0.00361566
v 0.00470479 -0.00903924 -0.00361310
v 0.00494341 0.00555453 -0.00186392
v 0.00505479 0.00475386 -0.00219381
v 0.00464295 -0.00938563 -0.00361438
v 0.00463155 -0.00973391 -0.00362333
v 0.00495999 0.00478225 -0.00220788
v 0.00505479 0.00471032 -0.00221299
v 0.00505479 0.00450590 -0.00228715
f 1296 1297 1298
f 1296 1298 1299
f 1296 1299 1300
f 1296 1300 1301
f 1296 1301 1297
f 1297 1301 1302
f 1297 1302 1303
f 1297 1303 1298
f 1298 1304 1305
f 1298 1305 1306
f 1298 1306 1299
f 1298 1303 1307
f 1298 1307 1304
f 1299 1308 1300
f 1299 1306 1309
f 1299 1309 1308
f 1300 1308 1301
f 1301 1310 1333
f 1301 1333 1365
f 1301 1365 1410
f 1301 1410 1383
f 1301 1383 1382
f 1301 1382 1381
f 1301 1381 1366
f 1301 1366 1334
f 1301 1334 1311
f 1301 1311 1335
f 1301 1335 1312
f 1301 1312 1313
f 1301 1313 1314
f 1301 1314 1302
f 1301 1308 1315
f 1301 1315 1316
f 1301 1316 1317
f 1301 1317 1318
f 1301 1318 1310
f 1302 1314 1319
f 1302 1319 1320
f 1302 1320 1303
f 1303 1320 1307
f 1304 1321 1305
f 1304 1307 1322
f 1304 1322 1323
f 1304 1323 1324
f 1304 1324 1325
f 1304 1325 1321
f 1305 1321 1326
f 1305 1326 1306
f 1306 1326 1327
f 1306 1327 1309
f 1307 1320 1322
f 1308 1309 1315
f 1309 1328 1329
f 1309 1329 1315
f 1309 1327 1330
f 1309 1330 1331
f 1309 1331 1332
f 1309 1332 1328
f 1310 1318 1333
f 1311 1334 1335
f 1312 1336 1313
f 1312 1335 1380
f 1312 1380 1429
f 1312 1429 1428
f 1312 1428 1395
f 1312 1395 1351
f 1312 1351 1325
f 1312 1325 1350
f 1312 1350 1349
f 1312 1349 1394
f 1312 1394 1440
f 1312 1440 1439
f 1312 1439 1438
f 1312 1438 1390
f 1312 1390 1386
f 1312 1386 1385
f 1312 1385 1384
f 1312 1384 1337
f 1312 1337 1336
f 1313 1336 1314
f 1314 1338 1319
f 1314 1336 1338
f 1315 1329 1316
f 1316 1329 1317
f 1317 1329 1318
f 1318 1329 1328
f 1318 1328 1339
f 1318 1339 1333
f 1319 1338 1340
f 1319 1340 1341
f 1319 1341 1320
f 1320 1342 1343
f 1320 1343 1322
f 1320 1341 1344
f 1320 1344 1342
f 1321 1325 1345
f 1321 1345 1346
f 1321 1346 1326
f 1322 1343 1347
f 1322 1347 1348
f 1322 1348 1323
f 1323 1348 1349
f 1323 1349 1324
f 1324 1349 1350
f 1324 1350 1325
f 1325 1351 1398
f 1325 1398 1352
f 1325 1352 1353
f 1325 1353 1346
f 1325 1346 1345
f 1326 1346 1354
f 1326 1354 1327
f 1327 1354 1355
f 1327 1355 1330
f 1328 1332 1339
f 1330 1355 1356
f 1330 1356 1357
f 1330 1357 1358
f 1330 1358 1359
f 1330 1359 1331
f 1331 1359 1360
f 1331 1360 1361
f 1331 1361 1362
f 1331 1362 1332
f 1332 1362 1333
f 1332 1333 1339
f 1333 1362 1363
f 1333 1363 1364
f 1333 1364 1365
f 1334 1366 1335
f 1335 1367 1368
f 1335 1368 1369
f 1335 1369 1370
f 1335 1370 1371
f 1335 1371 1372
f 1335 1372 1373
f 1335 1373 1374
f 1335 1374 1375
f 1335 1375 1376
f 1335 1376 1377
f 1335 1377 1378
f 1335 1378 1379
f 1335 1379 1380
f 1335 1366 1381
f 1335 1381 1382
f 1335 1382 1383
f 1335 1383 1367
f 1336 1337 1384
f 1336 1384 1338
f 1338 1341 1340
f 1338 1384 1385
f 1338 1385 1386
f 1338 1386 1341
f 1341 1386 1344
f 1342 1387 1388
f 1342 1388 1389
f 1342 1389 1343
f 1342 1344 1387
f 1343 1389 1347
f 1344 1386 1390
f 1344 1390 1391
f 1344 1391 1387
f 1346 1353 1352
f 1346 1352 1354
f 1347 1389 1392
f 1347 1392 1393
f 1347 1393 1349
f 1347 1349 1348
f 1349 1393 1392
f 1349 1392 1394
f 1351 1395 1396
f 1351 1396 1397
f 1351 1397 1398
f 1352 1398 1454
f 1352 1454 1480
f 1352 1480 1491
f 1352 1491 1490
f 1352 1490 1486
f 1352 1486 1456
f 1352 1456 1401
f 1352 1401 1400
f 1352 1400 1399
f 1352 1399 1354
f 1354 1399 1400
f 1354 1400 1401
f 1354 1401 1355
f 1355 1401 1402
f 1355 1402 1403
f 1355 1403 1404
f 1355 1404 1356
f 1356 1404 1403
f 1356 1403 1405
f 1356 1405 1406
f 1356 1406 1357
f 1357 1406 1405
f 1357 1405 1407
f 1357 1407 1358
f 1358 1407 1408
f 1358 1408 1359
f 1359 1408 1360
f 1360 1408 1361
f 1361 1408 1405
f 1361 1405 1409
f 1361 1409 1363
f 1361 1363 1362
f 1363 1409 1457
f 1363 1457 1401
f 1363 1401 1456
f 1363 1456 1485
f 1363 1485 1467
f 1363 1467 1466
f 1363 1466 1430
f 1363 1430 1410
f 1363 1410 1365
f 1363 1365 1364
f 1367 1411 1368
f 1367 1383 1411
f 1368 1411 1369
f 1369 1411 1412
f 1369 1412 1370
f 1370 1412 1413
f 1370 1413 1414
f 1370 1414 1415
f 1370 1415 1371
f 1371 1416 1372
f 1371 1415 1416
f 1372 1416 1417
f 1372 1417 1373
f 1373 1418 1374
f 1373 1417 1419
f 1373 1419 1418
f 1374 1418 1375
f 1375 1418 1419
f 1375 1419 1420
f 1375 1420 1421
f 1375 1421 1422
f 1375 1422 1423
f 1375 1423 1424
f 1375 1424 1425
f 1375 1425 1377
f 1375 1377 1376
f 1377 1425 1426
f 1377 1426 1427
f 1377 1427 1379
f 1377 1379 1378
f 1379 1427 1395
f 1379 1395 1428
f 1379 1428 1429
f 1379 1429 1380
f 1383 1410 1430
f 1383 1430 1431
f 1383 1431 1432
f 1383 1432 1433
f 1383 1433 1434
f 1383 1434 1435
f 1383 1435 1436
f 1383 1436 1411
f 1387 1391 1437
f 1387 1437 1390
f 1387 1390 1438
f 1387 1438 1439
f 1387 1439 1388
f 1388 1439 1440
f 1388 1440 1441
f 1388 1441 1389
f 1389 1441 1394
f 1389 1394 1392
f 1390 1437 1391
f 1394 1441 1440
f 1395 1427 1396
f 1396 1427 1426
f 1396 1426 1442
f 1396 1442 1397
f 1397 1442 1443
f 1397 1443 1444
f 1397 1444 1445
f 1397 1445 1423
f 1397 1423 1422
f 1397 1422 1421
f 1397 1421 1446
f 1397 1446 1447
f 1397 1447 1448
f 1397 1448 1449
f 1397 1449 1450
f 1397 1450 1451
f 1397 1451 1452
f 1397 1452 1453
f 1397 1453 1398
f 1398 1453 1455
f 1398 1455 1454
f 1401 1457 1403
f 1401 1403 1402
f 1403 1457 1405
f 1405 1457 1409
f 1405 1408 1407
f 1411 1458 1412
f 1411 1436 1459
f 1411 1459 1458
f 1412 1458 1414
f 1412 1414 1413
f 1414 1458 1415
f 1415 1458 1460
f 1415 1460 1461
f 1415 1461 1462
f 1415 1462 1463
f 1415 1463 1416
f 1416 1463 1464
f 1416 1464 1417
f 1417 1464 1419
f 1419 1464 1465
f 1419 1465 1446
f 1419 1446 1421
f 1419 1421 1420
f 1423 1445 1424
f 1424 1445 1444
f 1424 1444 1425
f 1425 1444 1443
f 1425 1443 1442
f 1425 1442 1426
f 1430 1466 1431
f 1431 1466 1467
f 1431 1467 1432
f 1432 1468 1469
f 1432 1469 1470
f 1432 1470 1433
f 1432 1467 1468
f 1433 1470 1471
f 1433 1471 1472
f 1433 1472 1473
f 1433 1473 1474
f 1433 1474 1434
f 1434 1474 1459
f 1434 1459 1435
f 1435 1459 1436
f 1446 1465 1447
f 1447 1465 1475
f 1447 1475 1448
f 1448 1475 1449
f 1449 1475 1464
f 1449 1464 1450
f 1450 1464 1451
f 1451 1476 1452
f 1451 1464 1462
f 1451 1462 1476
f 1452 1476 1477
f 1452 1477 1460
f 1452 1460 1478
f 1452 1478 1453
f 1453 1478 1479
f 1453 1479 1455
f 1454 1455 1481
f 1454 1481 1482
f 1454 1482 1483
f 1454 1483 1484
f 1454 1484 1480
f 1455 1479 1481
f 1456 1486 1485
f 1458 1479 1478
f 1458 1478 1460
f 1458 1459 1479
f 1459 1474 1487
f 1459 1487 1488
f 1459 1488 1479
f 1460 1477 1461
f 1461 1477 1476
f 1461 1476 1462
f 1462 1464 1463
f 1464 1475 1465
f 1467 1485 1468
f 1468 1485 1489
f 1468 1489 1469
f 1469 1489 1490
f 1469 1490 1491
f 1469 1491 1480
f 1469 1480 1471
f 1469 1471 1470
f 1471 1480 1484
f 1471 1484 1472
f 1472 1483 1482
f 1472 1482 1487
f 1472 1487 1474
f 1472 1474 1473
f 1472 1484 1483
f 1479 1488 1481
f 1481 1488 1487
f 1481 1487 1482
f 1485 1486 1489
f 1486 1490 1489

o geometry_12
v -0.00935963 0.00027151 0.00114255
v -0.00919101 0.00027151 -0.00094043
v -0.00934449 0.00027151 0.00141974
v -0.00931548 0.00061371 0.00141974
v -0.00928520 0.00096101 0.00141974
v -0.00930329 0.00068408 0.00079525
v -0.00915359 0.00027151 -0.00116475
v -0.00916326 0.00103138 -0.00059313
v -0.00915569 0.00069372 -0.00096166
v -0.00894377 0.00027151 0.00141974
v -0.00694013 0.00562184 0.00174942
v -0.00927595 0.00103138 0.00141974
v -0.00926628 0.00103138 0.00114255
v -0.00924946 0.00103138 0.00079525
v -0.00923054 0.00103138 0.00044756
v -0.00912079 0.00027151 -0.00119719
v -0.00912163 0.00058476 -0.00113030
v -0.00915948 0.00137869 0.00044756
v -0.00913509 0.00139344 0.00012429
v -0.00911659 0.00124476 -0.00059313
v -0.00910902 0.00121412 -0.00077619
v -0.00912878 0.00103138 -0.00084349
v -0.00909598 0.00081630 -0.00109104
v -0.00694013 0.00027151 0.00109007
v -0.00506432 0.00027208 0.00114896
v -0.00506432 0.00562127 -0.00123244
v -0.00694055 0.00606902 0.00141894
v -0.00698386 0.00602986 0.00141894
v -0.00712682 0.00587891 0.00141894
v -0.00717056 0.00582954 0.00141894
v -0.00731899 0.00566099 0.00141894
v -0.00746406 0.00548734 0.00141894
v -0.00764235 0.00526829 0.00141894
v -0.00777102 0.00510088 0.00141894
v -0.00814021 0.00449933 0.00141894
v -0.00832985 0.00414238 0.00141894
v -0.00834751 0.00410833 0.00141894
v -0.00840848 0.00398802 0.00141894
v -0.00847996 0.00382799 0.00141894
v -0.00879365 0.00304031 0.00141894
v -0.00880795 0.00299491 0.00141894
v -0.00887691 0.00276848 0.00141894
v -0.00911070 0.00191554 0.00141974
v -0.00911743 0.00188319 0.00141974
v -0.00914896 0.00172883 0.00141974
v -0.00916368 0.00165506 0.00141974
v -0.00921751 0.00137869 0.00141974
v -0.00923054 0.00130775 0.00141974
v -0.00506432 0.00033677 0.00113934
v -0.00506432 0.00039011 0.00112292
v -0.00506432 0.00059838 0.00103520
v -0.00920237 0.00137869 0.00114255
v -0.00918176 0.00137869 0.00079525
v -0.00897362 0.00027151 -0.00133819
v -0.00877389 0.00195526 -0.00112869
v -0.00877809 0.00192405 -0.00113270
v -0.00885168 0.00137869 -0.00119799
v -0.00889667 0.00103138 -0.00123845
v -0.00893157 0.00067954 -0.00128612
v -0.00896605 0.00033677 -0.00133138
v -0.00913214 0.00173791 0.00117419
v -0.00910734 0.00190078 0.00131119
v -0.00910818 0.00155745 0.00025608
v -0.00907033 0.00103138 -0.00101734
v -0.00888574 0.00242174 0.00044756
v -0.00888700 0.00207387 -0.00059313
v -0.00877683 0.00228952 -0.00083307
v -0.00881131 0.00207217 -0.00094563
v -0.00874067 0.00218680 -0.00106500
v -0.00694013 0.00027151 -0.00223347
v -0.00506432 0.00027208 -0.00223507
v -0.00506432 0.00562184 -0.00123645
v -0.00506432 0.00562184 -0.00183971
v -0.00517238 0.00562184 -0.00180967
v -0.00530862 0.00562184 -0.00175639
v -0.00572407 0.00562184 -0.00152726
v -0.00599108 0.00562184 -0.00129533
v -0.00617567 0.00562184 -0.00105779
v -0.00645446 0.00562184 -0.00062718
v -0.00647717 0.00562184 -0.00058872
v -0.00652973 0.00562184 -0.00049219
v -0.00666386 0.00562184 -0.00024063
v -0.00694055 0.00599071 0.00122066
v -0.00698260 0.00602873 0.00141213
v -0.00710244 0.00580117 0.00114215
v -0.00727568 0.00560878 0.00114215
v -0.00742201 0.00543513 0.00114215
v -0.00774621 0.00506342 0.00121465
v -0.00798126 0.00454076 0.00079485
v -0.00806746 0.00433419 0.00060979
v -0.00813684 0.00416735 0.00047560
v -0.00834835 0.00351417 -0.00024664
v -0.00835382 0.00387452 0.00079485
v -0.00842110 0.00365831 0.00055771
v -0.00846483 0.00376500 0.00114215
v -0.00847113 0.00313678 -0.00058352
v -0.00876253 0.00260277 -0.00009522
v -0.00876548 0.00295746 0.00092624
v -0.00877893 0.00299377 0.00114215
v -0.00885000 0.00276848 0.00114215
v -0.00894124 0.00027151 -0.00136864
v -0.00842824 0.00297789 -0.00113190
v -0.00846483 0.00276848 -0.00116475
v -0.00860863 0.00207217 -0.00123885
v -0.00844338 0.00192405 -0.00142231
v -0.00841016 0.00189397 -0.00145917
v -0.00811498 0.00137869 -0.00185293
v -0.00816754 0.00103138 -0.00190060
v -0.00812381 0.00027151 -0.00212892
v -0.00825921 0.00027151 -0.00200314
v -0.00844002 0.00027264 -0.00183490
v -0.00879701 0.00234116 -0.00059313
v -0.00845347 0.00303804 -0.00094083
v -0.00754395 0.00027151 -0.00223227
v -0.00511351 0.00027208 -0.00224108
v -0.00506432 0.00415657 -0.00233722
v -0.00506432 0.00560708 -0.00185053
v -0.00545706 0.00451239 -0.00222706
v -0.00572617 0.00440286 -0.00219101
v -0.00537085 0.00543229 -0.00183290
v -0.00560255 0.00535058 -0.00179525
v -0.00580817 0.00527623 -0.00176040
v -0.00608527 0.00543513 -0.00152646
v -0.00631738 0.00536136 -0.00144394
v -0.00618324 0.00550437 -0.00131216
v -0.00638928 0.00541754 -0.00121241
v -0.00662097 0.00532731 -0.00100932
v -0.00683122 0.00562184 0.00008985
v -0.00673114 0.00541697 -0.00059273
v -0.00694055 0.00506740 -0.00100973
v -0.00694055 0.00583238 0.00083371
v -0.00702927 0.00537725 -0.00008561
v -0.00705576 0.00575066 0.00089219
v -0.00730553 0.00530064 0.00044756
v -0.00734758 0.00534774 0.00068469
v -0.00738669 0.00539200 0.00091623
v -0.00773401 0.00469909 0.00021723
v -0.00810404 0.00369463 -0.00094083
v -0.00811540 0.00406463 0.00010106
v -0.00814273 0.00375762 -0.00059313
v -0.00832186 0.00343585 -0.00058352
v -0.00841773 0.00330249 -0.00046174
v -0.00845894 0.00306812 -0.00083267
v -0.00877683 0.00263739 0.00010106
v -0.00836475 0.00321112 -0.00094083
v -0.00807840 0.00365604 -0.00113190
v -0.00813180 0.00346252 -0.00118197
v -0.00789044 0.00349317 -0.00137505
v -0.00801238 0.00311635 -0.00142111
v -0.00810026 0.00268506 -0.00149041
v -0.00791146 0.00171748 -0.00192623
v -0.00808008 0.00159661 -0.00182168
v -0.00803508 0.00027151 -0.00217819
v -0.00786310 0.00138153 -0.00204721
v -0.00803382 0.00047297 -0.00214415
v -0.00838956 0.00326617 -0.00069327
v -0.00546126 0.00027208 -0.00223988
v -0.00790389 0.00027151 -0.00220463
v -0.00546126 0.00415657 -0.00231759
v -0.00511351 0.00415657 -0.00234283
v -0.00506432 0.00450388 -0.00231038
v -0.00506432 0.00479613 -0.00221144
v -0.00511351 0.00478138 -0.00220623
v -0.00533890 0.00471215 -0.00217218
v -0.00511351 0.00450388 -0.00230758
v -0.00582877 0.00417870 -0.00223548
v -0.00608106 0.00407769 -0.00219662
v -0.00599192 0.00503278 -0.00181287
v -0.00580817 0.00510201 -0.00184332
v -0.00615465 0.00519735 -0.00164543
v -0.00650282 0.00511847 -0.00152847
v -0.00664074 0.00506740 -0.00149402
v -0.00670087 0.00504470 -0.00147839
v -0.00676142 0.00509350 -0.00128732
v -0.00650408 0.00528134 -0.00131216
v -0.00683963 0.00518884 -0.00091879
v -0.00694055 0.00569845 0.00050644
v -0.00704189 0.00505605 -0.00083267
v -0.00699605 0.00499873 -0.00106020
v -0.00705030 0.00505037 -0.00082827
v -0.00706711 0.00541527 0.00010106
v -0.00726895 0.00491190 -0.00059313
v -0.00742579 0.00473882 -0.00059313
v -0.00768145 0.00428369 -0.00101013
v -0.00740897 0.00506967 0.00016515
v -0.00772098 0.00433419 -0.00077779
v -0.00745565 0.00512755 0.00044756
v -0.00774579 0.00436824 -0.00059313
v -0.00823061 0.00346252 -0.00094083
v -0.00766589 0.00380926 -0.00141911
v -0.00771173 0.00432284 -0.00083267
v -0.00776639 0.00405272 -0.00117676
v -0.00734842 0.00429787 -0.00144475
v -0.00777396 0.00339840 -0.00150083
v -0.00771425 0.00362937 -0.00145837
v -0.00783871 0.00311635 -0.00155250
v -0.00767010 0.00283544 -0.00177442
v -0.00772098 0.00260334 -0.00181127
v -0.00788749 0.00275940 -0.00163261
v -0.00782021 0.00207387 -0.00189379
v -0.00785848 0.00192405 -0.00190781
v -0.00737407 0.00225887 -0.00215817
v -0.00772855 0.00126746 -0.00216137
v -0.00684720 0.00309479 -0.00218340
v -0.00651879 0.00347217 -0.00220744
v -0.00618030 0.00383310 -0.00222586
v -0.00641409 0.00373379 -0.00219261
v -0.00634387 0.00469285 -0.00181568
v -0.00622319 0.00492439 -0.00176480
v -0.00668531 0.00502937 -0.00149362
v -0.00675175 0.00495674 -0.00149402
v -0.00703348 0.00468774 -0.00146798
v -0.00694055 0.00492042 -0.00128812
v -0.00694055 0.00493233 -0.00126930
v -0.00705576 0.00504243 -0.00083267
v -0.00745018 0.00441137 -0.00121322
v -0.00742033 0.00406691 -0.00149402
v -0.00710117 0.00450388 -0.00150523
v -0.00707721 0.00371619 -0.00184091
v -0.00696157 0.00319637 -0.00212051
v -0.00759693 0.00311635 -0.00172595
v -0.00749265 0.00380926 -0.00154369
v -0.00742327 0.00311635 -0.00184572
v -0.00754984 0.00273897 -0.00189178
v -0.00751157 0.00239337 -0.00202477
v -0.00703642 0.00296540 -0.00216297
v -0.00694055 0.00303123 -0.00217339
v -0.00672988 0.00336378 -0.00217980
v -0.00664578 0.00359418 -0.00213053
v -0.00667522 0.00432852 -0.00180726
v -0.00659995 0.00450388 -0.00177201
v -0.00647717 0.00482564 -0.00169510
v -0.00682996 0.00482224 -0.00151685
v -0.00694055 0.00474960 -0.00149041
v -0.00694055 0.00459411 -0.00155691
v -0.00717013 0.00309479 -0.00202558
f 1492 1493 1498
f 1492 1498 1507
f 1492 1507 1545
f 1492 1545 1592
f 1492 1592 1601
f 1492 1601 1600
f 1492 1600 1644
f 1492 1644 1649
f 1492 1649 1605
f 1492 1605 1561
f 1492 1561 1515
f 1492 1515 1501
f 1492 1501 1494
f 1492 1494 1495
f 1492 1495 1496
f 1492 1496 1497
f 1492 1497 1493
f 1493 1497 1499
f 1493 1499 1500
f 1493 1500 1498
f 1494 1501 1502
f 1494 1502 1495
f 1495 1502 1496
f 1496 1502 1503
f 1496 1503 1497
f 1497 1503 1504
f 1497 1504 1505
f 1497 1505 1506
f 1497 1506 1499
f 1498 1500 1508
f 1498 1508 1507
f 1499 1506 1509
f 1499 1509 1510
f 1499 1510 1511
f 1499 1511 1512
f 1499 1512 1513
f 1499 1513 1500
f 1500 1514 1508
f 1500 1513 1514
f 1501 1515 1516
f 1501 1516 1502
f 1502 1517 1518
f 1502 1518 1519
f 1502 1519 1520
f 1502 1520 1521
f 1502 1521 1522
f 1502 1522 1523
f 1502 1523 1524
f 1502 1524 1525
f 1502 1525 1526
f 1502 1526 1527
f 1502 1527 1528
f 1502 1528 1529
f 1502 1529 1530
f 1502 1530 1531
f 1502 1531 1532
f 1502 1532 1533
f 1502 1533 1534
f 1502 1534 1535
f 1502 1535 1536
f 1502 1536 1537
f 1502 1537 1538
f 1502 1538 1539
f 1502 1539 1503
f 1502 1516 1540
f 1502 1540 1541
f 1502 1541 1542
f 1502 1542 1517
f 1503 1539 1504
f 1504 1539 1505
f 1505 1539 1538
f 1505 1538 1506
f 1506 1538 1543
f 1506 1543 1537
f 1506 1537 1536
f 1506 1536 1544
f 1506 1544 1509
f 1507 1508 1545
f 1508 1514 1546
f 1508 1546 1547
f 1508 1547 1548
f 1508 1548 1549
f 1508 1549 1550
f 1508 1550 1551
f 1508 1551 1545
f 1509 1544 1552
f 1509 1552 1553
f 1509 1553 1510
f 1510 1554 1511
f 1510 1553 1554
f 1511 1554 1512
f 1512 1555 1514
f 1512 1514 1513
f 1512 1554 1556
f 1512 1556 1557
f 1512 1557 1558
f 1512 1558 1559
f 1512 1559 1560
f 1512 1560 1555
f 1514 1555 1560
f 1514 1560 1546
f 1515 1561 1562
f 1515 1562 1516
f 1516 1562 1607
f 1516 1607 1652
f 1516 1652 1653
f 1516 1653 1608
f 1516 1608 1564
f 1516 1564 1563
f 1516 1563 1517
f 1516 1517 1542
f 1516 1542 1541
f 1516 1541 1540
f 1517 1563 1518
f 1518 1563 1564
f 1518 1564 1565
f 1518 1565 1566
f 1518 1566 1567
f 1518 1567 1568
f 1518 1568 1569
f 1518 1569 1570
f 1518 1570 1571
f 1518 1571 1572
f 1518 1572 1573
f 1518 1573 1574
f 1518 1574 1575
f 1518 1575 1519
f 1519 1575 1520
f 1520 1575 1576
f 1520 1576 1577
f 1520 1577 1521
f 1521 1577 1522
f 1522 1577 1578
f 1522 1578 1523
f 1523 1578 1524
f 1524 1579 1525
f 1524 1578 1579
f 1525 1579 1580
f 1525 1580 1526
f 1526 1580 1581
f 1526 1581 1582
f 1526 1582 1583
f 1526 1583 1527
f 1527 1583 1584
f 1527 1584 1528
f 1528 1584 1585
f 1528 1585 1529
f 1529 1585 1586
f 1529 1586 1530
f 1530 1586 1587
f 1530 1587 1588
f 1530 1588 1589
f 1530 1589 1590
f 1530 1590 1531
f 1531 1590 1557
f 1531 1557 1532
f 1532 1557 1591
f 1532 1591 1533
f 1533 1591 1556
f 1533 1556 1554
f 1533 1554 1553
f 1533 1553 1534
f 1534 1553 1535
f 1535 1553 1536
f 1536 1553 1552
f 1536 1552 1544
f 1537 1543 1538
f 1545 1551 1592
f 1546 1560 1593
f 1546 1593 1594
f 1546 1594 1595
f 1546 1595 1596
f 1546 1596 1597
f 1546 1597 1598
f 1546 1598 1599
f 1546 1599 1600
f 1546 1600 1547
f 1547 1600 1548
f 1548 1600 1549
f 1549 1600 1550
f 1550 1600 1601
f 1550 1601 1602
f 1550 1602 1551
f 1551 1602 1592
f 1556 1591 1557
f 1557 1590 1603
f 1557 1603 1558
f 1558 1603 1604
f 1558 1604 1593
f 1558 1593 1560
f 1558 1560 1559
f 1561 1605 1606
f 1561 1606 1562
f 1562 1606 1607
f 1564 1608 1565
f 1565 1608 1609
f 1565 1609 1610
f 1565 1610 1611
f 1565 1611 1612
f 1565 1612 1613
f 1565 1613 1566
f 1566 1614 1567
f 1566 1613 1614
f 1567 1614 1568
f 1568 1614 1615
f 1568 1615 1616
f 1568 1616 1569
f 1569 1616 1615
f 1569 1615 1617
f 1569 1617 1570
f 1570 1617 1571
f 1571 1617 1618
f 1571 1618 1572
f 1572 1618 1573
f 1573 1619 1574
f 1573 1618 1620
f 1573 1620 1621
f 1573 1621 1619
f 1574 1622 1623
f 1574 1623 1624
f 1574 1624 1575
f 1574 1619 1622
f 1575 1624 1576
f 1576 1624 1625
f 1576 1625 1577
f 1577 1625 1626
f 1577 1626 1627
f 1577 1627 1578
f 1578 1627 1628
f 1578 1628 1579
f 1579 1628 1629
f 1579 1629 1580
f 1580 1629 1581
f 1581 1629 1630
f 1581 1630 1582
f 1582 1630 1631
f 1582 1631 1583
f 1583 1631 1632
f 1583 1632 1633
f 1583 1633 1584
f 1584 1633 1585
f 1585 1633 1587
f 1585 1587 1586
f 1587 1633 1634
f 1587 1634 1603
f 1587 1603 1588
f 1588 1603 1635
f 1588 1635 1589
f 1589 1635 1603
f 1589 1603 1590
f 1592 1602 1601
f 1593 1604 1636
f 1593 1636 1637
f 1593 1637 1638
f 1593 1638 1639
f 1593 1639 1640
f 1593 1640 1641
f 1593 1641 1594
f 1594 1597 1596
f 1594 1596 1595
f 1594 1641 1642
f 1594 1642 1643
f 1594 1643 1597
f 1597 1643 1598
f 1598 1643 1642
f 1598 1642 1599
f 1599 1642 1600
f 1600 1642 1645
f 1600 1645 1646
f 1600 1646 1644
f 1603 1634 1604
f 1604 1634 1633
f 1604 1633 1647
f 1604 1647 1636
f 1605 1648 1606
f 1605 1649 1650
f 1605 1650 1651
f 1605 1651 1648
f 1606 1648 1651
f 1606 1651 1607
f 1607 1651 1652
f 1608 1653 1654
f 1608 1654 1655
f 1608 1655 1609
f 1609 1655 1654
f 1609 1654 1656
f 1609 1656 1657
f 1609 1657 1610
f 1610 1657 1658
f 1610 1658 1659
f 1610 1659 1660
f 1610 1660 1611
f 1611 1660 1612
f 1612 1660 1613
f 1613 1660 1659
f 1613 1659 1661
f 1613 1661 1614
f 1614 1661 1662
f 1614 1662 1663
f 1614 1663 1664
f 1614 1664 1615
f 1615 1664 1665
f 1615 1665 1666
f 1615 1666 1617
f 1617 1666 1665
f 1617 1665 1618
f 1618 1665 1667
f 1618 1667 1620
f 1619 1668 1622
f 1619 1621 1669
f 1619 1669 1623
f 1619 1623 1668
f 1620 1667 1621
f 1621 1667 1665
f 1621 1665 1670
f 1621 1670 1669
f 1622 1668 1623
f 1623 1669 1671
f 1623 1671 1672
f 1623 1672 1624
f 1624 1672 1625
f 1625 1673 1674
f 1625 1674 1675
f 1625 1675 1676
f 1625 1676 1626
f 1625 1672 1673
f 1626 1676 1677
f 1626 1677 1678
f 1626 1678 1627
f 1627 1678 1677
f 1627 1677 1628
f 1628 1677 1679
f 1628 1679 1629
f 1629 1679 1677
f 1629 1677 1637
f 1629 1637 1680
f 1629 1680 1632
f 1629 1632 1631
f 1629 1631 1630
f 1632 1680 1647
f 1632 1647 1633
f 1636 1647 1680
f 1636 1680 1637
f 1637 1681 1638
f 1637 1677 1682
f 1637 1682 1675
f 1637 1675 1683
f 1637 1683 1684
f 1637 1684 1681
f 1638 1681 1639
f 1639 1685 1640
f 1639 1681 1686
f 1639 1686 1685
f 1640 1687 1688
f 1640 1688 1689
f 1640 1689 1690
f 1640 1690 1641
f 1640 1685 1687
f 1641 1690 1689
f 1641 1689 1691
f 1641 1691 1692
f 1641 1692 1642
f 1642 1692 1693
f 1642 1693 1645
f 1644 1646 1694
f 1644 1694 1693
f 1644 1693 1649
f 1645 1693 1694
f 1645 1694 1646
f 1649 1693 1695
f 1649 1695 1650
f 1650 1657 1656
f 1650 1656 1651
f 1650 1695 1696
f 1650 1696 1697
f 1650 1697 1657
f 1651 1656 1652
f 1652 1656 1653
f 1653 1656 1654
f 1657 1697 1698
f 1657 1698 1658
f 1658 1699 1700
f 1658 1700 1659
f 1658 1698 1699
f 1659 1700 1663
f 1659 1663 1661
f 1661 1663 1662
f 1663 1700 1664
f 1664 1700 1701
f 1664 1701 1702
f 1664 1702 1703
f 1664 1703 1704
f 1664 1704 1705
f 1664 1705 1670
f 1664 1670 1665
f 1669 1670 1671
f 1670 1706 1671
f 1670 1705 1675
f 1670 1675 1706
f 1671 1706 1675
f 1671 1675 1673
f 1671 1673 1672
f 1673 1675 1674
f 1675 1682 1676
f 1675 1705 1707
f 1675 1707 1683
f 1676 1682 1677
f 1681 1708 1686
f 1681 1684 1708
f 1683 1707 1703
f 1683 1703 1684
f 1684 1703 1709
f 1684 1709 1710
f 1684 1710 1711
f 1684 1711 1708
f 1685 1686 1712
f 1685 1712 1688
f 1685 1688 1687
f 1686 1708 1713
f 1686 1713 1714
f 1686 1714 1712
f 1688 1715 1689
f 1688 1712 1715
f 1689 1715 1716
f 1689 1716 1691
f 1691 1716 1692
f 1692 1716 1693
f 1693 1716 1715
f 1693 1715 1717
f 1693 1717 1718
f 1693 1718 1695
f 1695 1718 1696
f 1696 1719 1698
f 1696 1698 1697
f 1696 1718 1717
f 1696 1717 1719
f 1698 1719 1720
f 1698 1720 1721
f 1698 1721 1722
f 1698 1722 1723
f 1698 1723 1699
f 1699 1723 1700
f 1700 1723 1701
f 1701 1723 1702
f 1702 1723 1724
f 1702 1724 1725
f 1702 1725 1703
f 1703 1725 1726
f 1703 1726 1720
f 1703 1720 1719
f 1703 1719 1711
f 1703 1711 1709
f 1703 1707 1704
f 1704 1707 1705
f 1708 1711 1717
f 1708 1717 1713
f 1709 1711 1710
f 1711 1719 1717
f 1712 1714 1715
f 1713 1717 1727
f 1713 1727 1714
f 1714 1727 1717
f 1714 1717 1715
f 1720 1726 1721
f 1721 1726 1722
f 1722 1726 1724
f 1722 1724 1723
f 1724 1726 1725

o geometry_13
v -0.00659967 0.00780404 0.02531352
v -0.00659967 0.00477824 0.02624957
v -0.00659967 0.00780404 0.02673773
v -0.00361324 0.00780451 0.02914479
v -0.00021566 0.00780451 0.02910747
v 0.00374600 0.00720235 0.02833019
v 0.00374600 0.00430541 0.02909680
v 0.00374600 0.00301721 0.02944219
v -0.00659967 0.00465453 0.02632481
v -0.00659967 0.00679419 0.02775020
v -0.00631713 0.00727217 0.02770073
v -0.00597889 0.00780404 0.02754640
v -0.00021566 0.00780451 0.02958971
v 0.00374600 0.00720235 0.02930889
v 0.00374600 0.00301721 0.02989718
v -0.00021566 0.00301721 0.03026034
v -0.00659967 0.00308141 0.02735742
v -0.00639510 0.00658847 0.02813647
v -0.00602446 0.00716252 0.02810566
v -0.00427959 0.00747836 0.02912406
v -0.00542900 0.00780404 0.02805886
v 0.00027044 0.00683519 0.03054264
v 0.00104920 0.00677966 0.03050620
v 0.00322244 0.00720235 0.02955120
v -0.00059744 0.00684621 0.03055064
v 0.00374600 0.00689026 0.02953461
v -0.00021566 0.00301721 0.03066675
v -0.00659967 0.00308141 0.02799251
v -0.00659967 0.00606644 0.02820660
v -0.00565685 0.00611190 0.02912702
v -0.00535102 0.00649241 0.02914835
v -0.00502291 0.00684433 0.02916197
v -0.00466948 0.00717329 0.02915249
v 0.00044462 0.00620187 0.03090847
v 0.00128110 0.00675295 0.03048014
v 0.00205278 0.00643571 0.03050857
v -0.00033768 0.00631223 0.03087766
v -0.00077112 0.00644063 0.03079575
v 0.00313788 0.00313471 0.03017666
v 0.00218139 0.00301721 0.03040667
v 0.00009625 0.00301721 0.03067031
v -0.00025110 0.00392771 0.03123075
v -0.00148658 0.00397926 0.03119224
v -0.00129316 0.00308094 0.03061758
v -0.00269422 0.00308094 0.03034654
v -0.00407857 0.00308094 0.02985630
v -0.00444668 0.00308141 0.02966317
v -0.00533279 0.00308141 0.02913353
v -0.00572470 0.00308141 0.02883732
v -0.00604573 0.00457908 0.02916612
v -0.00637890 0.00460907 0.02881481
v -0.00659967 0.00485228 0.02862878
v -0.00495404 0.00574310 0.02980950
v -0.00612674 0.00564727 0.02890486
v -0.00451808 0.00682418 0.02949670
v -0.00400414 0.00717657 0.02950795
v -0.00337526 0.00751304 0.02950143
v 0.00079096 0.00616344 0.03089010
v 0.00151807 0.00603141 0.03082760
v 0.00245583 0.00614001 0.03053049
v -0.00192964 0.00780451 0.02955416
v 0.00374600 0.00641602 0.02980002
v 0.00345536 0.00427917 0.03052279
v 0.00272520 0.00430682 0.03085159
v 0.00237076 0.00328010 0.03049732
v 0.00027044 0.00394294 0.03121890
v -0.00042427 0.00415733 0.03131665
v -0.00192711 0.00426558 0.03121001
v -0.00287296 0.00397692 0.03084804
v -0.00398692 0.00425246 0.03053819
v -0.00465125 0.00427870 0.03018392
v -0.00526393 0.00438414 0.02977988
v -0.00568926 0.00457439 0.02949966
v -0.00584344 0.00485228 0.02939584
v -0.00565584 0.00525692 0.02946885
v -0.00468872 0.00617375 0.02975174
v -0.00459859 0.00538462 0.03015074
v -0.00659967 0.00519952 0.02859560
v -0.00322031 0.00608519 0.03050680
v -0.00259447 0.00645023 0.03051627
v 0.00200923 0.00572202 0.03084152
v 0.00266495 0.00587291 0.03056545
v -0.00111898 0.00619133 0.03090432
v -0.00182077 0.00676326 0.03049495
v -0.00129316 0.00634995 0.03080716
v 0.00374600 0.00537571 0.03025738
v 0.00374600 0.00450504 0.03040312
v 0.00349485 0.00450504 0.03053938
v 0.00235405 0.00450504 0.03097037
v 0.00137832 0.00428948 0.03120172
v 0.00215860 0.00403198 0.03090462
v 0.00044462 0.00415733 0.03128940
v 0.00126819 0.00301721 0.03057493
v 0.00094793 0.00399098 0.03118513
v -0.00025110 0.00450504 0.03136582
v -0.00146582 0.00450504 0.03128940
v -0.00325677 0.00428339 0.03086048
v -0.00404060 0.00450504 0.03056071
v -0.00470492 0.00450457 0.03021473
v -0.00531152 0.00469670 0.02981661
v -0.00401021 0.00485228 0.03054590
v -0.00389375 0.00537009 0.03049258
v -0.00254181 0.00574873 0.03085159
v -0.00233218 0.00611190 0.03074614
v -0.00258029 0.00780451 0.02947715
v 0.00067146 0.00540149 0.03119698
v -0.00042427 0.00547131 0.03121979
v 0.00241532 0.00539499 0.03080805
v -0.00120202 0.00540852 0.03119876
v 0.00318345 0.00531573 0.03054560
v 0.00346447 0.00485228 0.03052516
v 0.00272520 0.00472669 0.03084922
v 0.00218037 0.00485228 0.03099022
v 0.00135301 0.00475059 0.03119520
v 0.00079096 0.00450504 0.03130362
v 0.00044462 0.00485228 0.03131606
v -0.00051111 0.00485228 0.03133354
v -0.00129316 0.00485228 0.03129058
v -0.00195951 0.00450504 0.03121535
v -0.00315601 0.00450504 0.03091024
v -0.00325778 0.00478714 0.03085811
v -0.00469783 0.00485228 0.03020880
v -0.00313208 0.00552169 0.03073310
v -0.00025110 0.00519952 0.03128644
v 0.00144415 0.00514820 0.03111108
v -0.00094479 0.00519952 0.03126629
v -0.00163849 0.00589399 0.03096475
v -0.00182077 0.00503222 0.03118987
v -0.00268055 0.00502590 0.03098785
f 1728 1729 1736
f 1728 1736 1744
f 1728 1744 1755
f 1728 1755 1779
f 1728 1779 1805
f 1728 1805 1756
f 1728 1756 1737
f 1728 1737 1730
f 1728 1730 1731
f 1728 1731 1732
f 1728 1732 1733
f 1728 1733 1734
f 1728 1734 1735
f 1728 1735 1729
f 1729 1735 1736
f 1730 1737 1738
f 1730 1738 1739
f 1730 1739 1731
f 1731 1832 1788
f 1731 1788 1740
f 1731 1740 1732
f 1732 1740 1741
f 1732 1741 1733
f 1733 1741 1753
f 1733 1753 1789
f 1733 1789 1813
f 1733 1813 1814
f 1733 1814 1742
f 1733 1742 1735
f 1733 1735 1734
f 1735 1742 1767
f 1735 1767 1820
f 1735 1820 1768
f 1735 1768 1754
f 1735 1754 1743
f 1735 1743 1744
f 1735 1744 1736
f 1737 1745 1738
f 1738 1745 1746
f 1738 1746 1739
f 1731 1739 1748
f 1731 1748 1747
f 1740 1749 1750
f 1740 1750 1751
f 1740 1751 1741
f 1740 1752 1749
f 1743 1754 1755
f 1743 1755 1744
f 1737 1756 1745
f 1745 1757 1746
f 1746 1757 1758
f 1746 1758 1759
f 1746 1759 1748
f 1748 1760 1747
f 1749 1761 1750
f 1750 1762 1751
f 1751 1762 1763
f 1751 1753 1741
f 1751 1763 1753
f 1752 1764 1749
f 1752 1765 1764
f 1742 1766 1767
f 1754 1768 1769
f 1754 1769 1770
f 1754 1770 1771
f 1754 1771 1772
f 1754 1772 1773
f 1754 1773 1774
f 1754 1774 1775
f 1754 1775 1776
f 1754 1776 1755
f 1755 1777 1778
f 1755 1778 1779
f 1757 1745 1781
f 1746 1748 1739
f 1759 1782 1760
f 1759 1760 1748
f 1747 1760 1783
f 1747 1783 1784
f 1731 1747 1784
f 1760 1782 1783
f 1749 1764 1761
f 1750 1761 1785
f 1750 1785 1762
f 1762 1785 1786
f 1763 1787 1753
f 1752 1740 1788
f 1753 1787 1789
f 1742 1790 1791
f 1742 1791 1766
f 1766 1791 1792
f 1766 1792 1767
f 1768 1793 1769
f 1769 1794 1770
f 1770 1794 1795
f 1771 1770 1772
f 1772 1770 1796
f 1772 1796 1773
f 1773 1796 1797
f 1773 1797 1774
f 1775 1774 1798
f 1776 1775 1799
f 1776 1799 1800
f 1755 1776 1777
f 1777 1801 1779
f 1777 1779 1778
f 1777 1776 1800
f 1777 1800 1801
f 1745 1756 1781
f 1757 1802 1780
f 1757 1781 1802
f 1780 1803 1758
f 1780 1758 1757
f 1780 1804 1803
f 1781 1756 1805
f 1758 1803 1782
f 1758 1782 1759
f 1783 1806 1807
f 1783 1807 1784
f 1783 1782 1806
f 1786 1763 1762
f 1763 1786 1787
f 1787 1786 1808
f 1787 1808 1809
f 1765 1810 1764
f 1752 1788 1811
f 1752 1811 1765
f 1765 1811 1812
f 1789 1787 1809
f 1789 1809 1813
f 1742 1814 1790
f 1790 1814 1815
f 1790 1815 1791
f 1791 1816 1817
f 1791 1817 1818
f 1793 1768 1820
f 1793 1820 1821
f 1793 1821 1819
f 1793 1819 1794
f 1793 1794 1769
f 1794 1819 1822
f 1794 1822 1795
f 1795 1822 1823
f 1796 1770 1795
f 1796 1795 1824
f 1796 1824 1797
f 1797 1824 1825
f 1797 1825 1826
f 1797 1826 1798
f 1797 1798 1774
f 1798 1826 1799
f 1798 1799 1775
f 1799 1826 1827
f 1799 1827 1800
f 1800 1827 1801
f 1801 1802 1805
f 1801 1805 1779
f 1803 1804 1806
f 1780 1802 1804
f 1804 1828 1829
f 1804 1829 1806
f 1781 1805 1802
f 1803 1806 1782
f 1806 1830 1807
f 1807 1831 1811
f 1807 1811 1784
f 1784 1832 1731
f 1761 1764 1834
f 1761 1834 1833
f 1761 1833 1785
f 1809 1808 1835
f 1764 1810 1834
f 1765 1812 1810
f 1810 1836 1834
f 1788 1832 1811
f 1813 1809 1837
f 1809 1835 1837
f 1815 1814 1838
f 1815 1838 1839
f 1815 1839 1791
f 1816 1791 1839
f 1816 1839 1840
f 1816 1840 1841
f 1816 1841 1817
f 1817 1821 1818
f 1791 1818 1792
f 1792 1818 1821
f 1792 1821 1767
f 1767 1821 1820
f 1819 1842 1822
f 1822 1842 1843
f 1822 1843 1844
f 1822 1844 1845
f 1822 1845 1823
f 1795 1846 1847
f 1795 1847 1824
f 1795 1823 1846
f 1824 1847 1825
f 1825 1847 1848
f 1825 1848 1828
f 1825 1828 1849
f 1825 1849 1826
f 1826 1849 1827
f 1801 1827 1802
f 1802 1827 1804
f 1804 1827 1849
f 1804 1849 1828
f 1829 1850 1806
f 1806 1850 1830
f 1830 1831 1807
f 1811 1832 1784
f 1833 1834 1851
f 1833 1852 1808
f 1833 1808 1786
f 1833 1786 1785
f 1834 1836 1853
f 1834 1853 1851
f 1810 1812 1854
f 1813 1838 1814
f 1813 1837 1838
f 1839 1838 1837
f 1839 1837 1835
f 1840 1835 1852
f 1840 1852 1841
f 1840 1839 1835
f 1841 1843 1842
f 1841 1842 1817
f 1842 1819 1817
f 1817 1819 1821
f 1843 1851 1844
f 1844 1851 1853
f 1844 1853 1845
f 1845 1836 1855
f 1845 1855 1823
f 1845 1853 1836
f 1823 1855 1846
f 1846 1855 1856
f 1846 1856 1847
f 1847 1856 1848
f 1848 1829 1828
f 1829 1848 1850
f 1830 1854 1831
f 1831 1854 1812
f 1831 1812 1811
f 1851 1843 1833
f 1833 1843 1852
f 1852 1843 1841
f 1808 1852 1835
f 1810 1854 1836
f 1836 1854 1830
f 1836 1830 1855
f 1855 1830 1856
f 1850 1848 1856
f 1850 1856 1830

o geometry_14
v -0.00367654 0.00208769 0.00257779
v -0.00367654 0.00271935 0.00257779
v -0.00367654 0.00248931 0.00228244
v -0.00339413 0.00208877 0.00257779
v -0.00245243 0.00275561 0.00455883
v -0.00245243 0.00279188 0.00462416
v -0.00245243 0.00292232 0.00483241
v -0.00245243 0.00298619 0.00492564
v -0.00245243 0.00431067 0.00681550
v -0.00248242 0.00435452 0.00684408
v -0.00257462 0.00458564 0.00694071
v -0.00284123 0.00470093 0.00649905
v -0.00287831 0.00493205 0.00659092
v -0.00289797 0.00519835 0.00660317
v -0.00295101 0.00693528 0.00669980
v -0.00296358 0.00728277 0.00669980
v -0.00296551 0.00761728 0.00669980
v -0.00367654 0.00298944 0.00239404
v -0.00367654 0.00290175 0.00198164
v -0.00233444 0.00531581 0.00023198
v -0.00202995 0.00532014 0.00023130
v -0.00337607 0.00208931 0.00257779
v -0.00310075 0.00215210 0.00257779
v -0.00302338 0.00218078 0.00257779
v -0.00289362 0.00227226 0.00257779
v -0.00245243 0.00275561 0.00350400
v -0.00202995 0.00497264 0.00080363
v -0.00202995 0.00497535 0.00106427
v -0.00245243 0.00438374 0.00686517
v -0.00245243 0.00455208 0.00694684
v -0.00291038 0.00761728 0.00696453
v -0.00290813 0.00728277 0.00694071
v -0.00289572 0.00693528 0.00691622
v -0.00291248 0.00761728 0.00695501
v -0.00296567 0.00761728 0.00668687
v -0.00367654 0.00562216 0.00047901
v -0.00367654 0.00416237 0.00154201
v -0.00367654 0.00531202 0.00022993
v -0.00268165 0.00531256 0.00023198
v -0.00202995 0.00562216 0.00001284
v -0.00202995 0.00512907 0.00045791
v -0.00278578 0.00244222 0.00257779
v -0.00202995 0.00505437 0.00055591
v -0.00202995 0.00500620 0.00067705
v -0.00202995 0.00522000 0.00114049
v -0.00275242 0.00761728 0.00696453
v -0.00202995 0.00523029 0.00114117
v -0.00245243 0.00477454 0.00694071
v -0.00292328 0.00761728 0.00631258
v -0.00367654 0.00562216 0.00001216
v -0.00202995 0.00562216 0.00050964
v -0.00274500 0.00761728 0.00625882
v -0.00272582 0.00761728 0.00633912
v -0.00264990 0.00761728 0.00669980
v -0.00202995 0.00541378 0.00107176
v -0.00291425 0.00761728 0.00625882
f 1857 1858 1874
f 1857 1874 1893
f 1857 1893 1892
f 1857 1892 1906
f 1857 1906 1894
f 1857 1894 1875
f 1857 1875 1859
f 1857 1859 1860
f 1857 1860 1861
f 1857 1861 1862
f 1857 1862 1863
f 1857 1863 1864
f 1857 1864 1865
f 1857 1865 1866
f 1857 1866 1867
f 1857 1867 1868
f 1857 1868 1869
f 1857 1869 1870
f 1857 1870 1871
f 1857 1871 1872
f 1857 1872 1873
f 1857 1873 1858
f 1858 1873 1874
f 1859 1875 1876
f 1859 1876 1877
f 1859 1877 1860
f 1860 1877 1878
f 1860 1878 1861
f 1861 1878 1879
f 1861 1879 1880
f 1861 1880 1881
f 1861 1881 1882
f 1861 1882 1883
f 1861 1883 1884
f 1861 1884 1862
f 1862 1884 1863
f 1863 1884 1864
f 1864 1884 1865
f 1865 1885 1866
f 1865 1884 1885
f 1866 1885 1867
f 1867 1885 1886
f 1867 1886 1887
f 1867 1887 1888
f 1867 1888 1889
f 1867 1889 1869
f 1867 1869 1868
f 1869 1889 1870
f 1870 1889 1888
f 1870 1888 1871
f 1871 1888 1872
f 1872 1888 1887
f 1872 1887 1890
f 1872 1890 1873
f 1873 1890 1887
f 1873 1887 1902
f 1873 1902 1910
f 1873 1910 1909
f 1873 1909 1908
f 1873 1908 1912
f 1873 1912 1905
f 1873 1905 1891
f 1873 1891 1892
f 1873 1892 1893
f 1873 1893 1874
f 1875 1894 1895
f 1875 1895 1876
f 1876 1895 1896
f 1876 1896 1877
f 1877 1896 1907
f 1877 1907 1911
f 1877 1911 1903
f 1877 1903 1901
f 1877 1901 1884
f 1877 1884 1883
f 1877 1883 1900
f 1877 1900 1899
f 1877 1899 1897
f 1877 1897 1881
f 1877 1881 1880
f 1877 1880 1879
f 1877 1879 1878
f 1881 1898 1882
f 1881 1897 1899
f 1881 1899 1898
f 1882 1898 1899
f 1882 1899 1900
f 1882 1900 1883
f 1884 1901 1886
f 1884 1886 1885
f 1886 1902 1887
f 1886 1901 1903
f 1886 1903 1904
f 1886 1904 1902
f 1891 1905 1906
f 1891 1906 1892
f 1894 1906 1896
f 1894 1896 1895
f 1896 1906 1908
f 1896 1908 1909
f 1896 1909 1910
f 1896 1910 1907
f 1902 1904 1910
f 1903 1911 1904
f 1904 1911 1910
f 1905 1912 1906
f 1906 1912 1908
f 1907 1910 1911

o geometry_15
v -0.00234792 -0.01389696 0.00112822
v -0.00234792 -0.01367866 0.00126195
v 0.00332044 -0.01382540 0.00074692
v 0.00200347 -0.01389696 0.00113816
v -0.00234792 -0.01389696 0.00163693
v -0.00234919 -0.00987571 0.00713150
v -0.00234919 -0.00940224 0.00713150
v 0.00403763 -0.01109083 0.00307179
v 0.00332044 -0.01364686 0.00087703
v 0.00332044 -0.01368589 0.00084721
v -0.00234919 -0.00711873 0.00925940
v 0.00403763 -0.01193585 0.00307179
v 0.00332044 -0.01382540 0.00137670
v 0.00200347 -0.01389696 0.00164596
v -0.00234157 -0.01389696 0.00163874
v -0.00234919 -0.00793773 0.00980425
v -0.00234919 -0.00794495 0.00979431
v -0.00234919 -0.00926272 0.00797995
v -0.00234919 -0.00947452 0.00768720
v 0.00406492 -0.00651225 0.00866034
v 0.00413474 -0.00651225 0.00865040
v 0.00413474 -0.00791098 0.00716223
v -0.00234919 -0.00711873 0.00972925
v 0.00332044 -0.00651225 0.00881665
v 0.00399003 -0.01199151 0.00307179
v 0.00413474 -0.00791098 0.00836577
v 0.00403763 -0.01124480 0.00402505
v 0.00307799 -0.00992558 0.00689206
v 0.00319350 -0.01382540 0.00146706
v 0.00387515 -0.01212452 0.00307179
v 0.00374124 -0.01226547 0.00307179
v 0.00369300 -0.01230812 0.00307179
v 0.00351719 -0.01244763 0.00307179
v 0.00348736 -0.01241221 0.00315311
v 0.00341945 -0.01201103 0.00377386
v 0.00340168 -0.01026027 0.00618547
v 0.00334265 -0.00779388 0.00960727
v 0.00331981 -0.00780038 0.00961631
v 0.00311036 -0.00785966 0.00969672
v 0.00305133 -0.00817627 0.00930639
v -0.00198551 -0.01389696 0.00164687
v 0.00298723 -0.01382540 0.00158814
v 0.00288251 -0.01382540 0.00161976
v 0.00275684 -0.01382540 0.00164958
v 0.00252836 -0.01382540 0.00169837
v 0.00237032 -0.00956632 0.00757064
v 0.00218055 -0.00794206 0.00980967
v -0.00233269 -0.01389696 0.00163964
v -0.00233332 -0.00793845 0.00980606
v -0.00234919 -0.00765364 0.00997141
v 0.00413474 -0.00651225 0.00921512
v -0.00234919 -0.00730595 0.00986298
v 0.00332044 -0.00707174 0.00969582
v 0.00332044 -0.00683175 0.00952143
v 0.00332044 -0.00665899 0.00939584
v 0.00332044 -0.00651225 0.00928108
v 0.00413474 -0.00739992 0.00905881
v 0.00410491 -0.00750473 0.00899285
v 0.00408714 -0.00782279 0.00860432
v 0.00403763 -0.00918682 0.00684056
v 0.00402875 -0.01052194 0.00503072
v 0.00381676 -0.01137202 0.00419673
v 0.00305832 -0.01095638 0.00548973
v 0.00381994 -0.01207319 0.00322811
v 0.00375583 -0.01200452 0.00341695
v 0.00368983 -0.01160334 0.00403860
v 0.00369363 -0.00778737 0.00925036
v 0.00342326 -0.00819579 0.00898562
v 0.00346197 -0.00787845 0.00937596
v 0.00359716 -0.00767461 0.00950788
v 0.00373235 -0.00745558 0.00963980
v 0.00350132 -0.00756256 0.00972925
v 0.00332044 -0.00763196 0.00976991
v 0.00322460 -0.00766810 0.00979070
v 0.00287489 -0.00765364 0.00990997
v 0.00287489 -0.00789508 0.00974552
v 0.00287553 -0.00980487 0.00713150
v -0.00198615 -0.00794206 0.00980967
v 0.00274034 -0.01026750 0.00653696
v 0.00269464 -0.01129757 0.00513643
v 0.00252772 -0.00810254 0.00955306
v 0.00244077 -0.00853481 0.00897568
v 0.00252772 -0.00792761 0.00979160
v 0.00252772 -0.00765364 0.00995785
v 0.00218055 -0.00765364 0.00997773
v -0.00233332 -0.00765364 0.00997231
v 0.00391768 -0.00651225 0.00928289
v 0.00413474 -0.00669586 0.00936873
v -0.00198615 -0.00765364 0.00997773
v 0.00252772 -0.00730595 0.00986298
v 0.00287489 -0.00730595 0.00986117
v 0.00357051 -0.00707174 0.00969401
v 0.00391768 -0.00665899 0.00939493
v 0.00357051 -0.00665899 0.00939584
v 0.00386309 -0.00651225 0.00928289
v 0.00413474 -0.00722860 0.00928108
v 0.00412078 -0.00718885 0.00936602
v 0.00405286 -0.00742016 0.00922506
v 0.00403763 -0.00846107 0.00783177
v 0.00379391 -0.00787195 0.00901905
v 0.00381422 -0.00858902 0.00800706
v 0.00378820 -0.01168791 0.00380639
v 0.00377487 -0.00993787 0.00621890
v 0.00376028 -0.00818784 0.00862871
v 0.00375012 -0.00922152 0.00722728
v 0.00382121 -0.00755533 0.00940849
v 0.00348990 -0.00791098 0.00930187
v 0.00380343 -0.00722427 0.00967956
v 0.00392847 -0.00732185 0.00950336
v 0.00359843 -0.00732619 0.00973196
v 0.00322270 -0.00730595 0.00983587
v 0.00278096 -0.00923453 0.00793929
v 0.00380343 -0.00709198 0.00967956
v 0.00413474 -0.00673923 0.00939042
v 0.00413474 -0.00717367 0.00934976
v 0.00413474 -0.00712668 0.00937415
v 0.00413474 -0.00701464 0.00941120
v 0.00413474 -0.00696042 0.00941752
f 1913 1914 1915
f 1913 1915 1916
f 1913 1916 1926
f 1913 1926 1953
f 1913 1953 1960
f 1913 1960 1927
f 1913 1927 1917
f 1913 1917 1918
f 1913 1918 1919
f 1913 1919 1914
f 1914 1920 1921
f 1914 1921 1922
f 1914 1922 1915
f 1914 1919 1923
f 1914 1923 1920
f 1915 1922 1920
f 1915 1920 1924
f 1915 1924 1925
f 1915 1925 1926
f 1915 1926 1916
f 1917 1927 1928
f 1917 1928 1929
f 1917 1929 1930
f 1917 1930 1931
f 1917 1931 1918
f 1918 1931 1930
f 1918 1930 1929
f 1918 1929 1928
f 1918 1928 1962
f 1918 1962 1964
f 1918 1964 1935
f 1918 1935 1923
f 1918 1923 1919
f 1920 1922 1921
f 1920 1923 1932
f 1920 1932 1933
f 1920 1933 1934
f 1920 1934 1924
f 1923 1935 1968
f 1923 1968 1936
f 1923 1936 1932
f 1924 1937 1925
f 1924 1934 1938
f 1924 1938 1939
f 1924 1939 1937
f 1925 1940 1941
f 1925 1941 1926
f 1925 1937 1942
f 1925 1942 1943
f 1925 1943 1944
f 1925 1944 1945
f 1925 1945 1946
f 1925 1946 1947
f 1925 1947 1948
f 1925 1948 1949
f 1925 1949 1950
f 1925 1950 1951
f 1925 1951 1952
f 1925 1952 1940
f 1926 1941 1954
f 1926 1954 1955
f 1926 1955 1956
f 1926 1956 1957
f 1926 1957 1958
f 1926 1958 1959
f 1926 1959 1953
f 1927 1960 1961
f 1927 1961 1928
f 1928 1961 1962
f 1932 1936 1968
f 1932 1968 2007
f 1932 2007 1999
f 1932 1999 1963
f 1932 1963 1933
f 1933 1963 2000
f 1933 2000 2026
f 1933 2026 2030
f 1933 2030 2029
f 1933 2029 2028
f 1933 2028 2027
f 1933 2027 2008
f 1933 2008 1969
f 1933 1969 1938
f 1933 1938 1934
f 1935 1964 1965
f 1935 1965 1966
f 1935 1966 1967
f 1935 1967 1968
f 1937 1939 1942
f 1938 1969 1970
f 1938 1970 1971
f 1938 1971 1939
f 1939 1972 1973
f 1939 1973 1974
f 1939 1974 1942
f 1939 1971 1972
f 1940 1975 1941
f 1940 1952 1975
f 1941 1975 1954
f 1942 1976 1943
f 1942 1974 1976
f 1943 1976 1977
f 1943 1977 1944
f 1944 1978 1946
f 1944 1946 1945
f 1944 1977 1979
f 1944 1979 1978
f 1946 1978 1979
f 1946 1979 1980
f 1946 1980 1947
f 1947 1980 1948
f 1948 1980 1949
f 1949 1980 1981
f 1949 1981 1982
f 1949 1982 1983
f 1949 1983 1984
f 1949 1984 1950
f 1950 1984 1951
f 1951 1984 1985
f 1951 1985 1986
f 1951 1986 1987
f 1951 1987 1988
f 1951 1988 1952
f 1952 1988 1989
f 1952 1989 1954
f 1952 1954 1975
f 1953 1959 1990
f 1953 1990 1960
f 1954 1989 1955
f 1955 1989 1991
f 1955 1991 1992
f 1955 1992 1956
f 1956 1992 1957
f 1957 1992 1993
f 1957 1993 1994
f 1957 1994 1958
f 1958 1994 1959
f 1959 1994 1995
f 1959 1995 1996
f 1959 1996 1997
f 1959 1997 2001
f 1959 2001 1990
f 1960 1990 1961
f 1961 1990 1998
f 1961 1998 1962
f 1962 1998 1964
f 1963 1999 2000
f 1964 1998 2001
f 1964 2001 1997
f 1964 1997 2002
f 1964 2002 1965
f 1965 2002 2003
f 1965 2003 2004
f 1965 2004 2005
f 1965 2005 2006
f 1965 2006 1966
f 1966 2006 1967
f 1967 2006 1999
f 1967 1999 2007
f 1967 2007 1968
f 1969 2008 2009
f 1969 2009 1970
f 1970 2009 2010
f 1970 2010 1971
f 1971 2010 1972
f 1972 2011 2012
f 1972 2012 1973
f 1972 2010 2011
f 1973 2012 2013
f 1973 2013 1974
f 1974 2013 2012
f 1974 2012 2014
f 1974 2014 1976
f 1976 2014 1977
f 1977 2014 2015
f 1977 2015 2016
f 1977 2016 2017
f 1977 2017 1979
f 1979 2017 2016
f 1979 2016 2012
f 1979 2012 2018
f 1979 2018 1982
f 1979 1982 2019
f 1979 2019 1980
f 1980 2019 1981
f 1981 2019 1982
f 1982 2018 1983
f 1983 2020 1984
f 1983 2018 2010
f 1983 2010 2021
f 1983 2021 2020
f 1984 2020 2022
f 1984 2022 1987
f 1984 1987 1985
f 1985 1987 1986
f 1987 2023 1996
f 1987 1996 1995
f 1987 1995 1988
f 1987 2022 2023
f 1988 1995 1993
f 1988 1993 2024
f 1988 2024 1989
f 1989 2024 1991
f 1990 2001 1998
f 1991 2024 1993
f 1991 1993 1992
f 1993 1995 1994
f 1996 2023 2003
f 1996 2003 1997
f 1997 2003 2002
f 1999 2006 2005
f 1999 2005 2000
f 2000 2005 2025
f 2000 2025 2026
f 2003 2023 2004
f 2004 2023 2025
f 2004 2025 2005
f 2008 2027 2009
f 2009 2027 2028
f 2009 2028 2020
f 2009 2020 2021
f 2009 2021 2010
f 2010 2018 2011
f 2011 2018 2012
f 2012 2016 2015
f 2012 2015 2014
f 2020 2028 2029
f 2020 2029 2030
f 2020 2030 2025
f 2020 2025 2023
f 2020 2023 2022
f 2025 2030 2026

o geometry_16
v -0.00897828 -0.00783828 -0.00291124
v -0.00897828 -0.00783828 -0.00236619
v -0.00897828 -0.00730333 -0.00282571
v -0.00855294 -0.00783828 -0.00333200
v -0.00835002 -0.00903793 -0.00362950
v -0.00835002 -0.00960912 -0.00364951
v -0.00835002 -0.01043039 -0.00361356
v -0.00835002 -0.01100883 -0.00351799
v -0.00835002 -0.01192941 -0.00316926
v -0.00835049 -0.01258179 -0.00277777
v -0.00835049 -0.01297902 -0.00244914
v -0.00835049 -0.01346468 -0.00189462
v -0.00835049 -0.01367561 -0.00154418
v -0.00835049 -0.01383001 -0.00123535
v -0.00835049 -0.01397063 -0.00080080
v -0.00897828 -0.00301213 -0.00145032
v -0.00865324 -0.00695684 -0.00309091
v -0.00835002 -0.00822246 -0.00354985
v -0.00823812 -0.00886831 -0.00364628
v -0.00823812 -0.00938949 -0.00368934
v -0.00823812 -0.00991066 -0.00368862
v -0.00823812 -0.01043039 -0.00365633
v -0.00806863 -0.01130168 -0.00354698
v -0.00813643 -0.01207728 -0.00323585
v -0.00811646 -0.01274851 -0.00289028
v -0.00813596 -0.01312689 -0.00257514
v -0.00812667 -0.01345888 -0.00224536
v -0.00809742 -0.01376477 -0.00186707
v -0.00804309 -0.01405761 -0.00141043
v -0.00835049 -0.01345018 -0.00080080
v -0.00897828 -0.00243804 -0.00135676
v -0.00789079 -0.00886831 -0.00366925
v -0.00789079 -0.00938949 -0.00372148
v -0.00789079 -0.00973742 -0.00373124
v -0.00789079 -0.01008391 -0.00372608
v -0.00789079 -0.01043039 -0.00370369
v -0.00789079 -0.01077688 -0.00365863
v -0.00789079 -0.01112336 -0.00359032
v -0.00789079 -0.01212078 -0.00325451
v -0.00789079 -0.01277895 -0.00291038
v -0.00789125 -0.01306963 -0.00270286
v -0.00789125 -0.01335885 -0.00247669
v -0.00796323 -0.01369083 -0.00209869
v -0.00781138 -0.01414025 -0.00155968
v -0.00772362 -0.01442875 -0.00112370
v -0.00604687 -0.01415910 -0.00080080
v -0.00472860 0.00027151 -0.00135676
v -0.00895460 0.00027151 -0.00135676
v -0.00897828 0.00017003 -0.00135676
v -0.00897828 -0.00315130 -0.00204782
v -0.00842339 -0.00639000 -0.00320686
v -0.00820213 -0.00822898 -0.00356406
v -0.00808535 0.00023817 -0.00217274
v -0.00790332 0.00027151 -0.00220546
v -0.00511400 -0.00904155 -0.00368934
v -0.00511400 -0.00973597 -0.00373268
v -0.00511400 -0.01008391 -0.00372292
v -0.00511400 -0.01043039 -0.00369250
v -0.00511400 -0.01077688 -0.00365145
v -0.00511400 -0.01111322 -0.00358831
v -0.00649543 -0.01130132 -0.00354655
v -0.00754392 -0.01307687 -0.00270846
v -0.00754392 -0.01337334 -0.00248990
v -0.00773152 -0.01373433 -0.00216126
v -0.00754392 -0.01417214 -0.00160818
v -0.00754392 -0.01434611 -0.00130251
v -0.00719659 -0.01453893 -0.00080080
v -0.00754392 -0.01451863 -0.00080080
v -0.00776681 -0.01446209 -0.00080080
v -0.00604687 -0.01453168 -0.00080080
v -0.00482240 -0.01393729 -0.00100344
v -0.00423454 -0.00783973 -0.00232831
v -0.00842896 -0.00114778 -0.00217389
v -0.00897828 -0.00097816 -0.00160732
v -0.00841225 -0.00261490 -0.00250425
v -0.00754392 0.00027151 -0.00223302
v -0.00812296 0.00027151 -0.00212998
v -0.00789079 -0.00834713 -0.00359663
v -0.00511400 -0.00869362 -0.00364456
v -0.00491248 -0.00813112 -0.00355214
v -0.00476668 -0.00904155 -0.00363911
v -0.00476668 -0.00956201 -0.00367111
v -0.00476668 -0.01025715 -0.00365547
v -0.00484747 -0.01105813 -0.00357424
v -0.00511354 -0.01211788 -0.00324877
v -0.00554770 -0.01307506 -0.00270889
v -0.00754392 -0.01404747 -0.00178211
v -0.00604687 -0.01417069 -0.00161019
v -0.00604687 -0.01405037 -0.00178384
v -0.00604687 -0.01442730 -0.00111939
v -0.00604687 -0.01448674 -0.00096354
v -0.00482240 -0.01393729 -0.00185473
v -0.00423732 -0.01204974 -0.00232831
v -0.00472767 0.00027151 -0.00218767
v -0.00423779 -0.00783828 -0.00268162
v -0.00511400 0.00027151 -0.00224191
v -0.00458001 -0.00879945 -0.00355530
v -0.00454518 -0.00990994 -0.00358357
v -0.00457467 -0.01054347 -0.00355961
v -0.00459115 -0.01199610 -0.00319969
v -0.00475669 -0.01204974 -0.00322408
v -0.00461576 -0.01088706 -0.00353521
v -0.00511354 -0.01337044 -0.00248875
v -0.00511354 -0.01393729 -0.00190840
v -0.00482240 -0.01369808 -0.00212309
v -0.00428469 -0.01204974 -0.00268449
v -0.00424220 -0.01204974 -0.00253309
v -0.00424336 -0.00783828 -0.00286043
v -0.00430047 -0.00799920 -0.00304125
v -0.00447948 -0.00791874 -0.00331033
v -0.00461576 -0.00856749 -0.00353693
v -0.00423523 -0.01095012 -0.00267761
v -0.00423964 -0.00938804 -0.00291267
v -0.00441099 -0.00904155 -0.00337218
v -0.00438823 -0.00973597 -0.00337218
v -0.00440100 -0.01025715 -0.00337218
v -0.00446206 -0.01112336 -0.00333746
v -0.00447228 -0.01204974 -0.00302690
v -0.00482240 -0.01333855 -0.00246464
v -0.00482983 -0.01275286 -0.00287593
v -0.00450014 -0.01147130 -0.00328838
v -0.00511354 -0.01277316 -0.00290062
v -0.00511354 -0.01307180 -0.00270702
v -0.00511354 -0.01372128 -0.00214720
v -0.00428840 -0.01112336 -0.00304671
v -0.00424429 -0.01132923 -0.00285756
v -0.00427029 -0.00869362 -0.00306680
v -0.00426333 -0.01008391 -0.00309148
v -0.00440495 -0.01181923 -0.00302489
f 2031 2032 2046
f 2031 2046 2061
f 2031 2061 2079
f 2031 2079 2104
f 2031 2104 2080
f 2031 2080 2033
f 2031 2033 2034
f 2031 2034 2035
f 2031 2035 2036
f 2031 2036 2037
f 2031 2037 2038
f 2031 2038 2039
f 2031 2039 2040
f 2031 2040 2041
f 2031 2041 2042
f 2031 2042 2043
f 2031 2043 2044
f 2031 2044 2045
f 2031 2045 2032
f 2032 2045 2046
f 2033 2047 2034
f 2035 2034 2048
f 2035 2048 2049
f 2035 2049 2050
f 2035 2050 2036
f 2036 2050 2051
f 2036 2051 2037
f 2037 2051 2052
f 2037 2052 2053
f 2037 2053 2038
f 2039 2038 2054
f 2039 2054 2055
f 2039 2055 2040
f 2040 2055 2056
f 2040 2056 2041
f 2041 2056 2057
f 2041 2057 2042
f 2042 2058 2043
f 2043 2058 2059
f 2043 2059 2044
f 2044 2059 2045
f 2045 2099 2098
f 2045 2098 2097
f 2045 2097 2100
f 2045 2100 2076
f 2045 2076 2060
f 2045 2060 2079
f 2045 2079 2061
f 2045 2061 2046
f 2049 2062 2063
f 2049 2063 2050
f 2050 2063 2064
f 2050 2064 2051
f 2051 2064 2065
f 2051 2065 2066
f 2051 2066 2052
f 2052 2066 2067
f 2052 2067 2053
f 2053 2067 2068
f 2053 2069 2054
f 2053 2054 2038
f 2054 2069 2055
f 2055 2070 2071
f 2055 2071 2072
f 2055 2072 2056
f 2055 2069 2070
f 2056 2072 2057
f 2057 2073 2058
f 2057 2058 2042
f 2057 2072 2073
f 2058 2073 2074
f 2058 2074 2059
f 2059 2074 2075
f 2059 2075 2045
f 2060 2076 2077
f 2060 2077 2078
f 2060 2078 2079
f 2033 2080 2047
f 2047 2081 2034
f 2034 2081 2048
f 2048 2082 2049
f 2048 2081 2083
f 2048 2083 2084
f 2048 2084 2082
f 2049 2082 2062
f 2062 2085 2063
f 2063 2086 2064
f 2064 2086 2065
f 2065 2086 2087
f 2065 2087 2066
f 2066 2087 2088
f 2066 2088 2089
f 2066 2089 2067
f 2067 2090 2068
f 2068 2091 2053
f 2053 2091 2069
f 2070 2092 2071
f 2071 2092 2093
f 2071 2093 2072
f 2072 2093 2094
f 2073 2094 2074
f 2073 2072 2094
f 2074 2095 2075
f 2074 2094 2095
f 2075 2095 2096
f 2075 2098 2099
f 2076 2100 2101
f 2076 2101 2077
f 2077 2124 2126
f 2077 2126 2106
f 2077 2106 2084
f 2077 2084 2107
f 2077 2107 2078
f 2079 2078 2103
f 2079 2103 2104
f 2047 2080 2105
f 2047 2105 2081
f 2081 2105 2083
f 2082 2084 2106
f 2083 2103 2107
f 2083 2107 2084
f 2083 2105 2103
f 2062 2082 2108
f 2062 2108 2109
f 2062 2109 2085
f 2085 2109 2110
f 2085 2110 2111
f 2086 2112 2113
f 2086 2113 2087
f 2086 2063 2085
f 2086 2085 2112
f 2087 2113 2088
f 2089 2114 2090
f 2089 2088 2113
f 2089 2113 2114
f 2089 2090 2067
f 2090 2091 2068
f 2091 2115 2069
f 2092 2116 2093
f 2094 2117 2095
f 2095 2118 2096
f 2095 2117 2119
f 2095 2119 2118
f 2075 2099 2045
f 2096 2120 2075
f 2096 2118 2120
f 2075 2120 2121
f 2075 2121 2097
f 2075 2097 2098
f 2100 2097 2121
f 2100 2121 2122
f 2100 2122 2101
f 2101 2122 2123
f 2101 2123 2102
f 2101 2102 2077
f 2077 2102 2124
f 2102 2123 2142
f 2102 2142 2125
f 2102 2125 2124
f 2078 2107 2103
f 2103 2105 2104
f 2106 2126 2108
f 2106 2108 2082
f 2110 2109 2126
f 2110 2126 2124
f 2111 2112 2085
f 2111 2127 2112
f 2112 2128 2113
f 2113 2128 2129
f 2114 2130 2131
f 2114 2131 2115
f 2114 2115 2090
f 2114 2113 2132
f 2090 2115 2091
f 2069 2115 2070
f 2070 2116 2092
f 2094 2093 2133
f 2094 2134 2119
f 2094 2119 2117
f 2118 2119 2134
f 2120 2118 2134
f 2120 2134 2122
f 2120 2122 2121
f 2122 2134 2135
f 2122 2135 2136
f 2122 2136 2137
f 2122 2137 2123
f 2124 2125 2138
f 2124 2138 2139
f 2124 2139 2140
f 2124 2140 2127
f 2124 2127 2141
f 2125 2142 2143
f 2125 2143 2138
f 2104 2105 2080
f 2126 2109 2108
f 2110 2124 2141
f 2110 2141 2111
f 2112 2127 2128
f 2111 2141 2127
f 2128 2127 2144
f 2128 2144 2145
f 2128 2145 2146
f 2128 2146 2129
f 2129 2146 2147
f 2114 2132 2130
f 2130 2149 2150
f 2130 2150 2131
f 2113 2129 2132
f 2132 2129 2147
f 2132 2147 2151
f 2132 2151 2130
f 2115 2131 2150
f 2115 2152 2070
f 2116 2070 2152
f 2116 2152 2153
f 2093 2116 2133
f 2133 2116 2153
f 2133 2153 2149
f 2133 2149 2135
f 2133 2135 2154
f 2133 2154 2094
f 2134 2094 2154
f 2134 2154 2135
f 2137 2136 2156
f 2137 2156 2142
f 2137 2142 2123
f 2138 2157 2139
f 2139 2157 2144
f 2139 2144 2140
f 2142 2156 2143
f 2143 2158 2157
f 2143 2157 2138
f 2127 2140 2144
f 2144 2157 2145
f 2146 2158 2155
f 2146 2145 2158
f 2145 2157 2158
f 2146 2155 2147
f 2147 2155 2159
f 2147 2159 2151
f 2130 2151 2148
f 2148 2149 2130
f 2149 2153 2150
f 2151 2159 2148
f 2150 2153 2152
f 2150 2152 2115
f 2149 2148 2136
f 2149 2136 2135
f 2136 2148 2159
f 2136 2159 2155
f 2136 2155 2156
f 2156 2155 2158
f 2156 2158 2143

o geometry_17
v -0.00021442 0.01176979 0.01305983
v -0.00021442 0.01135034 0.01305983
v -0.00693884 0.00896002 0.01305983
v -0.00021442 0.01117401 0.01288137
v -0.00021442 0.01157240 0.01190932
v -0.00693884 0.00984165 0.01305983
v -0.00693950 0.00814339 0.00635119
v -0.00693950 0.00583070 0.00540089
v -0.00693884 0.00893775 0.01302936
v -0.00021442 0.01104764 0.01260427
v -0.00021442 0.01131062 0.01054699
v -0.00129269 0.01174451 0.01305983
v -0.00163961 0.01146829 0.01156257
v -0.00680060 0.00997885 0.01305983
v -0.00693884 0.00967736 0.01189626
v -0.00021442 0.00765353 0.00476978
v -0.00275278 0.00761862 0.00696344
v -0.00693950 0.00562368 0.00175205
v -0.00529246 0.00562368 -0.00107852
v -0.00021442 0.00692355 -0.00012097
v -0.00021442 0.01094714 0.00906569
v -0.00094545 0.01093992 0.00909434
v -0.00152943 0.01127421 0.01058018
v -0.00668540 0.00989611 0.01186724
v -0.00693884 0.00936924 0.01052087
v -0.00693884 0.00899793 0.00911357
v -0.00693950 0.00562368 0.00032879
v -0.00529246 0.00562368 -0.00176186
v -0.00021442 0.00692355 -0.00058233
v -0.00198785 0.01144482 0.01156257
v -0.00598893 0.01058847 0.01305983
v -0.00619827 0.01026049 0.01190932
v -0.00667355 0.00919231 0.00896268
v -0.00666829 0.00883966 0.00775994
v -0.00693950 0.00751271 0.00454925
v -0.00021442 0.00718774 -0.00048368
v -0.00021442 0.01060231 0.00785135
v -0.00059820 0.01054815 0.00768160
v -0.00148162 0.01058365 0.00791228
v -0.00188845 0.01093570 0.00928332
v -0.00233477 0.01111203 0.01017413
v -0.00650701 0.00971858 0.01050709
v -0.00672556 0.00784670 0.00496274
v -0.00634178 0.00781541 0.00407628
v -0.00666302 0.00562368 -0.00023849
v -0.00529246 0.00575096 -0.00164144
v -0.00021442 0.00736166 -0.00026460
v -0.00258426 0.01163499 0.01305983
v -0.00250823 0.01078195 0.00895905
v -0.00285547 0.01137953 0.01173595
v -0.00548337 0.01066249 0.01190642
v -0.00564004 0.01023883 0.01033227
v -0.00633256 0.00954436 0.00929202
v -0.00532077 0.01094654 0.01305983
v -0.00616470 0.00919833 0.00774253
v -0.00642275 0.00857186 0.00635119
v -0.00603008 0.00818310 0.00451516
v -0.00549225 0.00816625 0.00372373
v -0.00569336 0.00680079 0.00088591
v -0.00633421 0.00572568 -0.00060845
v -0.00608175 0.00562368 -0.00117572
v -0.00564333 0.00572659 -0.00146879
v -0.00247827 0.00710529 -0.00041404
v -0.00111989 0.00717149 -0.00046917
v -0.00021442 0.00746878 -0.00008905
v -0.00021442 0.01012268 0.00635119
v -0.00059820 0.01011907 0.00635119
v -0.00146648 0.01008236 0.00635119
v -0.00251267 0.01040432 0.00764859
v -0.00285547 0.01104643 0.01017413
v -0.00558606 0.00995899 0.00915999
v -0.00485437 0.01095135 0.01200870
v -0.00602448 0.00887276 0.00644549
v -0.00567526 0.00852252 0.00486844
v -0.00532735 0.00852011 0.00439257
v -0.00533426 0.00661333 0.00004660
v -0.00564333 0.00607442 -0.00077820
v -0.00529839 0.00607833 -0.00113292
v -0.00341239 0.00714983 -0.00012387
v -0.00268300 0.00720940 -0.00021817
v -0.00021442 0.00962079 0.00496274
v -0.00372244 0.01144302 0.01305983
v -0.00129335 0.00953292 0.00480750
v -0.00222417 0.00999796 0.00629787
v -0.00321622 0.01058546 0.00860723
v -0.00331200 0.01098926 0.01025465
v -0.00384686 0.01123299 0.01195720
v -0.00511077 0.01053310 0.01050201
v -0.00499821 0.01025869 0.00922818
v -0.00496266 0.00989821 0.00788616
v -0.00565650 0.00955459 0.00787746
v -0.00433399 0.01129919 0.01305983
v -0.00459007 0.01092908 0.01138992
v -0.00532110 0.00921006 0.00626921
v -0.00487214 0.00891910 0.00491740
v -0.00494291 0.00850085 0.00390799
v -0.00501071 0.00714682 0.00089606
v -0.00466050 0.00713779 0.00056817
v -0.00439982 0.00718654 0.00048403
v -0.00371191 0.00752414 0.00078435
v -0.00320305 0.00750729 0.00052320
v -0.00261125 0.00747178 0.00024899
v -0.00137992 0.00748337 0.00003935
v -0.00021442 0.00805703 0.00113980
v -0.00021442 0.00868560 0.00253695
v -0.00094643 0.00866273 0.00253695
v -0.00253752 0.00954436 0.00512669
v -0.00302926 0.01035919 0.00774253
v -0.00391137 0.01024003 0.00790357
v -0.00396469 0.01059870 0.00923979
v -0.00395482 0.01094413 0.01062969
v -0.00468091 0.01061375 0.01017413
v -0.00441760 0.01043321 0.00913243
v -0.00464273 0.00955760 0.00647161
v -0.00449873 0.00852658 0.00358228
v -0.00425039 0.00746095 0.00096715
v -0.00397391 0.00782985 0.00161132
v -0.00302926 0.00785693 0.00120654
v -0.00163961 0.00802754 0.00121379
v -0.00129335 0.00803928 0.00118841
v -0.00233411 0.00856043 0.00257032
v -0.00329982 0.00990724 0.00646580
v -0.00389623 0.00973513 0.00635119
v -0.00416514 0.00921157 0.00508534
v -0.00331002 0.00819003 0.00208284
v -0.00294566 0.00851469 0.00267188
v -0.00320305 0.00937947 0.00496129
v -0.00374153 0.00926573 0.00493663
v -0.00396667 0.00886433 0.00404437
f 2160 2171 2207
f 2160 2207 2241
f 2160 2241 2251
f 2160 2251 2213
f 2160 2213 2190
f 2160 2190 2173
f 2160 2173 2165
f 2160 2165 2162
f 2160 2162 2161
f 2160 2161 2163
f 2160 2163 2169
f 2160 2169 2175
f 2160 2175 2179
f 2160 2179 2188
f 2160 2188 2195
f 2160 2195 2206
f 2160 2206 2224
f 2160 2224 2263
f 2160 2263 2264
f 2160 2264 2240
f 2160 2240 2225
f 2160 2225 2196
f 2160 2196 2180
f 2160 2180 2170
f 2160 2170 2164
f 2161 2162 2163
f 2162 2165 2166
f 2162 2166 2167
f 2162 2167 2168
f 2162 2168 2163
f 2163 2168 2169
f 2160 2164 2171
f 2164 2172 2171
f 2165 2173 2174
f 2165 2174 2166
f 2166 2194 2186
f 2166 2186 2177
f 2166 2177 2167
f 2167 2175 2176
f 2167 2176 2168
f 2167 2177 2178
f 2167 2178 2179
f 2167 2179 2175
f 2168 2176 2169
f 2169 2176 2175
f 2170 2180 2181
f 2170 2182 2164
f 2170 2181 2182
f 2164 2182 2172
f 2173 2183 2174
f 2174 2184 2166
f 2166 2184 2185
f 2177 2186 2204
f 2177 2204 2220
f 2177 2220 2187
f 2177 2187 2178
f 2178 2187 2188
f 2178 2188 2179
f 2172 2182 2189
f 2172 2189 2171
f 2183 2173 2190
f 2183 2190 2191
f 2174 2183 2184
f 2184 2192 2185
f 2185 2193 2166
f 2187 2195 2188
f 2180 2196 2197
f 2180 2197 2181
f 2181 2197 2198
f 2181 2199 2182
f 2182 2199 2200
f 2191 2201 2183
f 2183 2201 2184
f 2184 2201 2192
f 2185 2192 2193
f 2166 2202 2194
f 2194 2202 2203
f 2194 2204 2186
f 2187 2205 2195
f 2189 2207 2171
f 2181 2198 2199
f 2182 2200 2189
f 2199 2208 2200
f 2189 2200 2209
f 2189 2209 2207
f 2191 2210 2211
f 2191 2211 2201
f 2191 2190 2210
f 2190 2213 2210
f 2201 2212 2192
f 2192 2212 2193
f 2193 2212 2214
f 2193 2214 2215
f 2193 2215 2166
f 2166 2215 2202
f 2202 2215 2203
f 2203 2215 2216
f 2203 2216 2217
f 2203 2217 2218
f 2203 2218 2219
f 2203 2219 2204
f 2203 2204 2194
f 2187 2220 2221
f 2187 2221 2205
f 2205 2222 2223
f 2205 2223 2195
f 2195 2223 2206
f 2196 2225 2197
f 2197 2225 2226
f 2197 2226 2227
f 2197 2227 2198
f 2198 2228 2208
f 2198 2208 2199
f 2200 2208 2229
f 2200 2229 2209
f 2211 2230 2212
f 2211 2212 2201
f 2213 2231 2210
f 2214 2232 2215
f 2215 2232 2216
f 2216 2232 2233
f 2216 2233 2217
f 2217 2233 2234
f 2217 2235 2218
f 2218 2235 2236
f 2218 2220 2219
f 2219 2220 2204
f 2220 2236 2221
f 2221 2237 2205
f 2205 2237 2238
f 2205 2238 2239
f 2205 2239 2222
f 2223 2222 2206
f 2225 2240 2226
f 2207 2209 2241
f 2226 2240 2242
f 2226 2242 2227
f 2227 2242 2243
f 2227 2243 2198
f 2198 2243 2228
f 2208 2228 2244
f 2208 2244 2229
f 2229 2245 2209
f 2209 2246 2241
f 2211 2247 2248
f 2211 2248 2230
f 2211 2210 2247
f 2230 2248 2249
f 2230 2249 2250
f 2230 2250 2212
f 2212 2250 2214
f 2213 2251 2231
f 2231 2252 2247
f 2231 2247 2210
f 2214 2250 2232
f 2233 2232 2253
f 2234 2254 2255
f 2234 2255 2217
f 2217 2256 2235
f 2218 2236 2220
f 2221 2236 2237
f 2237 2236 2235
f 2237 2235 2257
f 2237 2257 2258
f 2238 2237 2258
f 2238 2258 2259
f 2238 2259 2260
f 2238 2260 2261
f 2238 2261 2239
f 2239 2261 2262
f 2239 2262 2222
f 2222 2262 2206
f 2206 2262 2224
f 2243 2242 2266
f 2228 2267 2244
f 2229 2244 2245
f 2244 2268 2269
f 2244 2267 2268
f 2245 2246 2209
f 2246 2245 2270
f 2246 2251 2241
f 2247 2271 2248
f 2249 2248 2272
f 2249 2272 2268
f 2249 2273 2253
f 2250 2249 2253
f 2250 2253 2232
f 2231 2251 2252
f 2252 2270 2271
f 2252 2271 2247
f 2253 2254 2234
f 2253 2234 2233
f 2254 2253 2273
f 2255 2254 2274
f 2255 2274 2257
f 2255 2257 2256
f 2255 2256 2217
f 2256 2257 2235
f 2257 2275 2258
f 2258 2275 2259
f 2259 2275 2276
f 2259 2276 2277
f 2259 2277 2260
f 2260 2277 2261
f 2262 2278 2279
f 2262 2279 2224
f 2224 2279 2263
f 2240 2264 2265
f 2240 2265 2242
f 2242 2265 2280
f 2242 2280 2266
f 2228 2281 2267
f 2228 2243 2281
f 2245 2244 2269
f 2268 2267 2281
f 2268 2272 2269
f 2268 2281 2282
f 2268 2282 2273
f 2270 2252 2246
f 2251 2246 2252
f 2248 2271 2272
f 2268 2273 2249
f 2270 2269 2271
f 2274 2254 2283
f 2257 2274 2275
f 2275 2274 2276
f 2276 2284 2277
f 2261 2277 2278
f 2277 2285 2280
f 2261 2278 2262
f 2263 2279 2265
f 2263 2265 2264
f 2280 2265 2278
f 2280 2285 2266
f 2265 2279 2278
f 2266 2281 2243
f 2266 2285 2286
f 2266 2286 2281
f 2281 2286 2287
f 2281 2287 2282
f 2245 2269 2270
f 2269 2272 2271
f 2282 2287 2283
f 2282 2283 2273
f 2254 2273 2283
f 2274 2283 2288
f 2274 2288 2276
f 2276 2288 2284
f 2284 2288 2285
f 2284 2285 2277
f 2277 2280 2278
f 2286 2285 2287
f 2283 2287 2288
f 2288 2287 2285

o geometry_18
v -0.00367686 0.00208752 0.00257763
v -0.00367686 0.00271920 0.00257763
v -0.00339392 0.00208875 0.00257763
v -0.00337543 0.00190253 0.00271162
v -0.00364548 0.00167299 0.00287625
v -0.00367686 0.00167299 0.00287625
v -0.00367686 0.00240676 0.00281589
v -0.00245210 0.00477389 0.00694074
v -0.00245210 0.00483328 0.00668968
v -0.00245210 0.00477420 0.00641896
v -0.00245210 0.00475378 0.00637368
v -0.00334350 0.00275478 0.00257763
v -0.00337543 0.00208906 0.00257763
v -0.00329811 0.00167299 0.00287762
v -0.00367686 0.00167299 0.00334727
v -0.00367686 0.00219703 0.00296817
v -0.00245210 0.00455085 0.00694760
v -0.00187109 0.00435751 0.00723295
v -0.00163858 0.00437699 0.00724347
v -0.00129177 0.00438256 0.00724941
v -0.00239383 0.00477389 0.00694074
v 0.00204691 0.00460653 0.00672260
v 0.00204691 0.00460715 0.00669928
v -0.00271487 0.00275478 0.00257763
v 0.00204691 0.00448094 0.00645691
v -0.00310034 0.00215186 0.00257763
v -0.00021492 0.00167299 0.00324483
v -0.00294682 0.00167299 0.00289683
v -0.00206551 0.00167299 0.00363628
v -0.00187109 0.00431543 0.00723295
v -0.00224984 0.00426192 0.00696772
v -0.00245210 0.00430956 0.00681544
v -0.00245210 0.00438349 0.00686482
v -0.00163858 0.00430151 0.00724347
v -0.00129177 0.00429533 0.00724941
v -0.00021436 0.00438256 0.00724941
v 0.00113870 0.00438225 0.00724896
v 0.00148607 0.00437699 0.00724393
v 0.00204691 0.00448929 0.00699790
v -0.00271151 0.00268765 0.00257763
v 0.00204691 0.00378738 0.00544308
v 0.00204691 0.00307743 0.00442193
v 0.00204691 0.00299607 0.00437071
v -0.00021492 0.00172589 0.00324941
v -0.00302302 0.00218032 0.00257763
v 0.00204691 0.00242625 0.00437071
v 0.00185809 0.00233685 0.00437071
v 0.00183232 0.00232664 0.00437071
v -0.00021492 0.00167299 0.00365778
v -0.00289360 0.00227158 0.00257763
v -0.00278546 0.00244172 0.00257763
v -0.00276473 0.00250514 0.00257763
v -0.00199660 0.00167299 0.00364040
v -0.00163858 0.00387616 0.00667916
v -0.00129177 0.00413911 0.00704729
v -0.00021436 0.00413880 0.00704774
v -0.00021436 0.00429533 0.00724941
v 0.00113870 0.00429533 0.00724896
v 0.00148607 0.00430120 0.00724393
v 0.00171971 0.00435781 0.00723295
v 0.00204691 0.00440638 0.00699790
v 0.00204691 0.00250421 0.00450104
v 0.00192645 0.00261836 0.00475896
v 0.00169449 0.00258588 0.00480286
v 0.00148607 0.00227220 0.00437071
v 0.00139419 0.00328283 0.00584047
v 0.00148607 0.00387585 0.00668008
v 0.00113870 0.00386936 0.00668922
v -0.00129177 0.00167299 0.00365778
v 0.00148607 0.00257505 0.00481886
v -0.00163914 0.00167299 0.00365092
v -0.00129177 0.00386936 0.00668922
v 0.00113870 0.00413880 0.00704774
v 0.00171971 0.00431513 0.00723295
v 0.00204691 0.00425387 0.00698875
v 0.00204691 0.00292059 0.00512160
v 0.00202618 0.00292894 0.00515681
v 0.00183344 0.00289955 0.00519842
v 0.00200993 0.00363394 0.00618208
v 0.00162670 0.00329490 0.00582812
v 0.00183344 0.00361012 0.00621592
v 0.00183344 0.00390710 0.00663663
v 0.00183456 0.00422387 0.00706969
v 0.00204691 0.00394762 0.00657901
v 0.00204691 0.00295926 0.00517693
v 0.00204691 0.00364446 0.00615692
v 0.00204691 0.00368715 0.00621729
f 2289 2290 2300
f 2289 2300 2312
f 2289 2312 2328
f 2289 2328 2340
f 2289 2340 2339
f 2289 2339 2338
f 2289 2338 2333
f 2289 2333 2314
f 2289 2314 2301
f 2289 2301 2291
f 2289 2291 2292
f 2289 2292 2293
f 2289 2293 2294
f 2289 2294 2303
f 2289 2303 2304
f 2289 2304 2295
f 2289 2295 2290
f 2290 2295 2296
f 2290 2296 2297
f 2290 2297 2298
f 2290 2298 2299
f 2290 2299 2300
f 2291 2301 2292
f 2292 2301 2302
f 2292 2302 2293
f 2293 2302 2316
f 2293 2316 2315
f 2293 2315 2337
f 2293 2337 2357
f 2293 2357 2359
f 2293 2359 2341
f 2293 2341 2317
f 2293 2317 2303
f 2293 2303 2294
f 2295 2304 2296
f 2296 2305 2306
f 2296 2306 2307
f 2296 2307 2308
f 2296 2308 2324
f 2296 2324 2309
f 2296 2309 2297
f 2296 2304 2303
f 2296 2303 2305
f 2297 2309 2310
f 2297 2310 2311
f 2297 2311 2298
f 2298 2311 2299
f 2299 2312 2300
f 2299 2311 2313
f 2299 2313 2312
f 2301 2314 2315
f 2301 2315 2316
f 2301 2316 2302
f 2303 2317 2318
f 2303 2318 2319
f 2303 2319 2320
f 2303 2320 2321
f 2303 2321 2305
f 2305 2321 2319
f 2305 2319 2318
f 2305 2318 2306
f 2306 2318 2322
f 2306 2322 2307
f 2307 2322 2323
f 2307 2323 2308
f 2308 2323 2345
f 2308 2345 2324
f 2309 2324 2325
f 2309 2325 2326
f 2309 2326 2327
f 2309 2327 2310
f 2310 2327 2349
f 2310 2349 2363
f 2310 2363 2372
f 2310 2372 2375
f 2310 2375 2374
f 2310 2374 2373
f 2310 2373 2364
f 2310 2364 2350
f 2310 2350 2334
f 2310 2334 2331
f 2310 2331 2330
f 2310 2330 2329
f 2310 2329 2313
f 2310 2313 2311
f 2312 2313 2329
f 2312 2329 2330
f 2312 2330 2331
f 2312 2331 2332
f 2312 2332 2315
f 2312 2315 2328
f 2314 2333 2315
f 2315 2332 2331
f 2315 2331 2334
f 2315 2334 2335
f 2315 2335 2336
f 2315 2336 2337
f 2315 2333 2338
f 2315 2338 2339
f 2315 2339 2340
f 2315 2340 2328
f 2317 2341 2342
f 2317 2342 2318
f 2318 2342 2322
f 2319 2321 2320
f 2322 2342 2343
f 2322 2343 2323
f 2323 2343 2344
f 2323 2344 2361
f 2323 2361 2345
f 2324 2345 2346
f 2324 2346 2325
f 2325 2346 2347
f 2325 2347 2326
f 2326 2347 2362
f 2326 2362 2348
f 2326 2348 2327
f 2327 2348 2362
f 2327 2362 2349
f 2334 2350 2335
f 2335 2351 2336
f 2335 2350 2351
f 2336 2351 2352
f 2336 2352 2353
f 2336 2353 2337
f 2337 2354 2355
f 2337 2355 2356
f 2337 2356 2360
f 2337 2360 2357
f 2337 2353 2358
f 2337 2358 2354
f 2341 2359 2360
f 2341 2360 2342
f 2342 2360 2343
f 2343 2360 2344
f 2344 2360 2356
f 2344 2356 2361
f 2345 2361 2346
f 2346 2361 2347
f 2347 2361 2355
f 2347 2355 2362
f 2349 2362 2363
f 2350 2364 2365
f 2350 2365 2351
f 2351 2366 2352
f 2351 2365 2367
f 2351 2367 2366
f 2352 2368 2358
f 2352 2358 2353
f 2352 2366 2367
f 2352 2367 2369
f 2352 2369 2368
f 2354 2358 2355
f 2355 2358 2368
f 2355 2368 2370
f 2355 2370 2362
f 2355 2361 2356
f 2357 2360 2359
f 2362 2370 2371
f 2362 2371 2363
f 2363 2371 2367
f 2363 2367 2372
f 2364 2373 2365
f 2365 2373 2374
f 2365 2374 2367
f 2367 2374 2375
f 2367 2375 2372
f 2367 2371 2370
f 2367 2370 2369
f 2368 2369 2370

o geometry_19
v 0.00670805 0.00945933 0.01306217
v 0.00670805 0.00854431 0.01306217
v 0.00670805 0.00931809 0.01192278
v 0.00652712 0.00954433 0.01205880
v 0.00302229 0.01145936 0.01306217
v -0.00021353 0.01135093 0.01306070
v -0.00021353 0.01117422 0.01287934
v 0.00670805 0.00846332 0.01295247
v 0.00587257 0.01026858 0.01306217
v -0.00021353 0.01177062 0.01306070
v -0.00296909 0.00562324 0.00048062
v -0.00202847 0.00497731 0.00106568
v 0.00670805 0.00584413 0.00529706
v 0.00670805 0.00864740 0.00917011
v 0.00653849 0.00920765 0.01062689
v 0.00618422 0.00954835 0.01066053
v 0.00570207 0.01018374 0.01190961
v 0.00173023 0.01166017 0.01306070
v -0.00296909 0.00667011 -0.00049641
v -0.00296909 0.00666945 -0.00005470
v -0.00296909 0.00562324 0.00001404
v -0.00202847 0.00497396 0.00080533
v 0.00195852 0.00493246 0.00095013
v 0.00195852 0.00493916 0.00109347
v 0.00670805 0.00580397 0.00495627
v 0.00650250 0.00882477 0.00902823
v 0.00617664 0.00919493 0.00929736
v 0.00539089 0.01058217 0.01306217
v 0.00378198 0.01128533 0.01306217
v 0.00333441 0.01121806 0.01196885
v 0.00264338 0.01132917 0.01179114
v 0.00096580 0.01171071 0.01295101
v 0.00061863 0.01150354 0.01164817
v -0.00021353 0.01157249 0.01190815
v -0.00258546 0.00692246 -0.00048325
v 0.00464020 0.00555564 -0.00188006
v -0.00296909 0.00658979 -0.00050811
v -0.00021353 0.01131010 0.01054644
v -0.00021353 0.01094664 0.00906334
v -0.00202847 0.00505629 0.00055668
v -0.00296909 0.00602887 -0.00027702
v 0.00195852 0.00494719 0.00080533
v 0.00590123 0.00555497 -0.00134510
v 0.00611223 0.00555497 -0.00107269
v 0.00670805 0.00555497 0.00003306
v 0.00670805 0.00555497 0.00136405
v 0.00670805 0.00707407 0.00388051
v 0.00566749 0.00989541 0.01051865
v 0.00574280 0.00948208 0.00913062
v 0.00491679 0.01065078 0.01190961
v 0.00506599 0.01028163 0.01058155
v 0.00148679 0.01143661 0.01156151
v -0.00021353 0.00746665 -0.00008834
v -0.00021353 0.00736089 -0.00026385
v -0.00021353 0.00718820 -0.00048325
v 0.00479365 0.00573168 -0.00181717
v -0.00021353 0.01054904 0.00767676
v -0.00021353 0.01012333 0.00635308
v -0.00021353 0.00958450 0.00486924
v -0.00021353 0.00868287 0.00253562
v -0.00021353 0.00822503 0.00150154
v -0.00296909 0.00633008 -0.00046131
v 0.00503709 0.00555497 -0.00183399
v 0.00057529 0.01093459 0.00911014
v 0.00539942 0.00575209 -0.00150197
v 0.00549462 0.00607640 -0.00078309
v 0.00623632 0.00646395 0.00120901
v 0.00655744 0.00714670 0.00365307
v 0.00602745 0.00886293 0.00773819
v 0.00554103 0.00923308 0.00779962
v 0.00470934 0.01094864 0.01306217
v 0.00515645 0.00990177 0.00926372
v 0.00397096 0.01100403 0.01176664
v 0.00342582 0.01093660 0.01065907
v 0.00270306 0.01093057 0.00999796
v 0.00200683 0.01107683 0.01017201
v 0.00106052 0.01128533 0.01065760
v 0.00009811 0.00746665 -0.00008834
v 0.00009811 0.00805970 0.00115051
v 0.00515266 0.00607706 -0.00113119
v 0.00113820 0.00716611 -0.00046716
v 0.00231753 0.00710319 -0.00041158
v 0.00270211 0.00719590 -0.00019950
v 0.00370336 0.00709783 -0.00005324
v 0.00501839 0.00696564 0.00064480
v 0.00569354 0.00678859 0.00108761
v 0.00670805 0.00605631 0.00121340
v 0.00619559 0.00747401 0.00370572
v 0.00489501 0.00960190 0.00773819
v 0.00446969 0.01024783 0.00926372
v 0.00446022 0.01058920 0.01065907
v 0.00443819 0.01085996 0.01190815
v 0.00343245 0.01059054 0.00926372
v 0.00200683 0.01074432 0.00887064
v 0.00113915 0.01089577 0.00908820
v 0.00082371 0.01054235 0.00776891
v 0.00079245 0.00959454 0.00499137
v 0.00096485 0.00864873 0.00253562
v 0.00131249 0.00819792 0.00156297
v 0.00148679 0.00752020 0.00014568
v 0.00264481 0.00749543 0.00036654
v 0.00337348 0.00758529 0.00082891
v 0.00432192 0.00712996 0.00040603
v 0.00551167 0.00712929 0.00161855
v 0.00585079 0.00747535 0.00301244
v 0.00551546 0.00782610 0.00334884
v 0.00473208 0.00924881 0.00639404
v 0.00419404 0.00992654 0.00780694
v 0.00319753 0.01022674 0.00778646
v 0.00268033 0.01057648 0.00862308
v 0.00096580 0.01007513 0.00635308
v 0.00183348 0.00784350 0.00088870
v 0.00297303 0.00801000 0.00159551
v 0.00410594 0.00746330 0.00096037
v 0.00479081 0.00780802 0.00235425
v 0.00526159 0.00787027 0.00309434
v 0.00411068 0.00954768 0.00650520
v 0.00366595 0.00960458 0.00625947
v 0.00322405 0.00975250 0.00635308
v 0.00274758 0.01024448 0.00753928
v 0.00200683 0.01039375 0.00765555
v 0.00162177 0.00956174 0.00508425
v 0.00218018 0.00855837 0.00257365
v 0.00279116 0.00851486 0.00267603
v 0.00391839 0.00833949 0.00288519
v 0.00451137 0.00818018 0.00299196
v 0.00275800 0.00990043 0.00648911
v 0.00166014 0.00999297 0.00629312
v 0.00218160 0.00988738 0.00618049
f 2376 2384 2403
f 2376 2403 2446
f 2376 2446 2404
f 2376 2404 2380
f 2376 2380 2377
f 2376 2377 2383
f 2376 2383 2388
f 2376 2388 2400
f 2376 2400 2421
f 2376 2421 2420
f 2376 2420 2462
f 2376 2462 2422
f 2376 2422 2389
f 2376 2389 2378
f 2376 2378 2379
f 2377 2380 2381
f 2377 2381 2382
f 2377 2382 2383
f 2379 2384 2376
f 2380 2385 2381
f 2381 2385 2386
f 2381 2386 2382
f 2382 2386 2387
f 2382 2387 2383
f 2383 2387 2388
f 2378 2389 2390
f 2378 2390 2379
f 2379 2390 2391
f 2379 2392 2384
f 2379 2391 2392
f 2380 2393 2385
f 2385 2394 2395
f 2385 2395 2386
f 2386 2395 2394
f 2386 2394 2412
f 2386 2412 2437
f 2386 2437 2416
f 2386 2416 2396
f 2386 2396 2397
f 2386 2397 2387
f 2387 2397 2398
f 2387 2398 2399
f 2387 2399 2388
f 2388 2399 2400
f 2390 2389 2401
f 2390 2401 2391
f 2391 2401 2402
f 2384 2392 2403
f 2380 2405 2406
f 2380 2406 2393
f 2393 2407 2385
f 2385 2408 2409
f 2385 2409 2394
f 2394 2410 2411
f 2394 2411 2412
f 2394 2409 2413
f 2394 2413 2414
f 2394 2414 2410
f 2396 2415 2397
f 2396 2416 2411
f 2396 2411 2415
f 2397 2415 2411
f 2397 2411 2417
f 2397 2417 2398
f 2398 2417 2418
f 2398 2418 2419
f 2398 2419 2420
f 2398 2420 2421
f 2398 2421 2399
f 2399 2421 2400
f 2389 2422 2401
f 2391 2423 2392
f 2391 2402 2424
f 2391 2424 2423
f 2392 2425 2403
f 2392 2423 2426
f 2392 2426 2425
f 2404 2405 2380
f 2393 2406 2427
f 2393 2427 2407
f 2407 2427 2408
f 2407 2408 2385
f 2409 2408 2413
f 2410 2428 2429
f 2410 2429 2430
f 2410 2430 2431
f 2410 2431 2411
f 2410 2414 2432
f 2410 2432 2433
f 2410 2433 2434
f 2410 2434 2435
f 2410 2435 2436
f 2410 2436 2428
f 2411 2416 2437
f 2411 2437 2412
f 2411 2431 2438
f 2413 2439 2414
f 2417 2411 2438
f 2417 2438 2418
f 2418 2440 2441
f 2418 2441 2419
f 2420 2419 2442
f 2422 2443 2401
f 2401 2444 2402
f 2401 2443 2444
f 2402 2444 2424
f 2424 2444 2445
f 2403 2425 2446
f 2423 2447 2426
f 2423 2424 2447
f 2404 2448 2405
f 2405 2449 2406
f 2406 2449 2450
f 2406 2450 2451
f 2406 2451 2427
f 2427 2451 2452
f 2427 2452 2408
f 2428 2453 2429
f 2436 2435 2454
f 2436 2454 2428
f 2428 2454 2453
f 2431 2455 2440
f 2431 2430 2456
f 2431 2456 2457
f 2431 2457 2458
f 2431 2458 2459
f 2431 2459 2455
f 2438 2431 2418
f 2418 2431 2440
f 2440 2455 2441
f 2441 2455 2460
f 2441 2460 2461
f 2441 2461 2419
f 2419 2461 2442
f 2442 2462 2420
f 2443 2422 2462
f 2443 2463 2444
f 2444 2463 2445
f 2424 2445 2447
f 2445 2464 2447
f 2426 2447 2465
f 2426 2465 2466
f 2426 2466 2425
f 2404 2446 2467
f 2404 2467 2448
f 2405 2448 2449
f 2451 2450 2469
f 2452 2470 2439
f 2451 2469 2470
f 2408 2452 2413
f 2429 2456 2430
f 2414 2439 2432
f 2432 2439 2471
f 2434 2433 2472
f 2454 2435 2473
f 2454 2473 2474
f 2454 2475 2453
f 2454 2474 2475
f 2457 2456 2458
f 2458 2475 2476
f 2458 2476 2459
f 2459 2476 2477
f 2413 2452 2439
f 2460 2479 2461
f 2461 2479 2480
f 2442 2443 2462
f 2463 2480 2481
f 2463 2481 2445
f 2445 2481 2464
f 2446 2425 2467
f 2464 2465 2447
f 2464 2481 2482
f 2465 2464 2483
f 2448 2467 2466
f 2448 2466 2449
f 2449 2466 2465
f 2468 2450 2449
f 2450 2468 2485
f 2450 2485 2469
f 2452 2451 2470
f 2429 2453 2456
f 2432 2471 2433
f 2433 2471 2486
f 2433 2486 2472
f 2434 2472 2473
f 2434 2473 2435
f 2455 2459 2478
f 2456 2453 2475
f 2456 2475 2458
f 2476 2487 2488
f 2476 2488 2477
f 2439 2470 2471
f 2478 2460 2455
f 2460 2478 2489
f 2460 2490 2479
f 2479 2491 2481
f 2479 2481 2480
f 2480 2442 2461
f 2442 2480 2463
f 2443 2442 2463
f 2481 2491 2482
f 2467 2425 2466
f 2464 2482 2492
f 2464 2492 2483
f 2483 2484 2468
f 2483 2468 2465
f 2465 2468 2449
f 2484 2493 2494
f 2484 2495 2485
f 2484 2485 2468
f 2485 2495 2496
f 2485 2496 2469
f 2469 2496 2471
f 2470 2469 2471
f 2472 2486 2497
f 2473 2498 2474
f 2473 2472 2497
f 2474 2498 2487
f 2474 2487 2475
f 2478 2459 2489
f 2477 2489 2459
f 2475 2487 2476
f 2488 2487 2498
f 2488 2498 2499
f 2489 2500 2501
f 2489 2501 2490
f 2460 2489 2490
f 2479 2490 2491
f 2482 2501 2492
f 2492 2484 2483
f 2492 2501 2493
f 2482 2491 2501
f 2484 2492 2493
f 2484 2494 2502
f 2484 2502 2495
f 2493 2500 2494
f 2471 2496 2503
f 2471 2503 2486
f 2486 2503 2497
f 2473 2497 2498
f 2477 2488 2500
f 2477 2500 2489
f 2498 2497 2499
f 2501 2500 2493
f 2501 2491 2490
f 2500 2499 2494
f 2494 2499 2502
f 2495 2502 2496
f 2502 2504 2496
f 2496 2504 2503
f 2503 2504 2497
f 2497 2504 2499
f 2488 2499 2500
f 2499 2504 2502

