# https://github.com/mikedh/trimesh

o geometry_0
v 0.01710688 0.02247614 0.05734047
v 0.01787810 0.02228286 0.05734047
v 0.02074152 0.01893098 0.02864373
v 0.01981566 0.01902254 0.02864373
v 0.01651061 0.02226761 0.05734047
v 0.01842457 0.02210993 0.05734047
v 0.02074938 0.01891572 0.02864373
v 0.02046631 0.00424679 0.02313208
v 0.01985104 0.02151992 0.05734047
v 0.02064585 0.02101637 0.05734047
v 0.01539342 0.00424679 0.02313208
v 0.01980190 0.01901236 0.02864373
v 0.01578787 0.02196243 0.05734047
v 0.02096233 0.02011101 0.05734047
v 0.02113597 0.01747630 0.02987933
v 0.02109076 0.01747630 0.02864373
v 0.02053315 0.00424679 0.02341336
v 0.02046762 0.00352962 0.02313208
v 0.01509987 0.02111810 0.05734047
v 0.01584947 0.01351914 0.02864373
v 0.01598641 0.01483650 0.02864373
v 0.01628520 0.01563505 0.02864373
v 0.01453963 -0.02948566 0.02313208
v 0.01566403 0.02185053 0.05734047
v 0.02106586 0.01879365 0.05097495
v 0.02106979 0.01879365 0.04965564
v 0.02117725 0.01747630 0.03383727
v 0.02117136 0.01747630 0.03251461
v 0.02115956 0.01747630 0.03119865
v 0.02016032 0.00424679 0.05734047
v 0.02012035 -0.01680547 0.05733712
v 0.02029726 -0.01153605 0.05733712
v 0.02061505 -0.01153605 0.05361358
v 0.02115825 -0.01548812 0.04174311
v 0.02116873 0.01088443 0.03119865
v 0.02107831 -0.01944527 0.02987933
v 0.02079131 -0.00493910 0.02460208
v 0.02079131 -0.00362174 0.02460208
v 0.02078869 0.00164768 0.02460208
v 0.02078738 0.00296504 0.02460208
v 0.02078607 0.00424679 0.02460208
v 0.02054101 0.00424679 0.02344684
v 0.02078214 -0.01416568 0.02460208
v 0.02078411 -0.01284832 0.02460208
v 0.02078542 -0.01153605 0.02460208
v 0.02078804 -0.00889625 0.02460208
v 0.02053905 0.00164768 0.02342005
v 0.02056132 -0.01944527 0.02342675
v 0.02056067 -0.02208507 0.02341336
v 0.02048007 -0.02340242 0.02313208
v 0.01508742 0.02011101 0.05734047
v 0.01973572 -0.02948566 0.02313208
v 0.01459467 -0.02948566 0.05733712
v 0.02115170 0.01747630 0.03911118
v 0.02117595 0.01747630 0.03515324
v 0.02123229 -0.00230947 0.03647590
v 0.02123295 -0.00098703 0.03647590
v 0.02123295 0.00033033 0.03647590
v 0.02123229 0.00164768 0.03647590
v 0.02123033 0.00296504 0.03647590
v 0.02122705 0.00428748 0.03647255
v 0.02122247 0.00560992 0.03647255
v 0.02121198 0.00824463 0.03647255
v 0.01511232 0.00424679 0.05734047
v 0.01891666 -0.02948566 0.05733712
v 0.01903002 -0.02868711 0.05733712
v 0.02004958 -0.01812791 0.05733712
v 0.02013869 -0.01812791 0.05625220
v 0.02040800 -0.01758368 0.05301420
v 0.02058098 -0.01284832 0.05361358
v 0.02038572 -0.01845852 0.05270948
v 0.02057705 -0.01812791 0.04965564
v 0.02086667 -0.02735449 0.03647590
v 0.02091319 -0.02603714 0.03647590
v 0.02118643 -0.01812791 0.03647590
v 0.02119822 -0.01680547 0.03647590
v 0.02121591 -0.01153605 0.03647590
v 0.02107373 -0.02076263 0.02987933
v 0.02077821 -0.01548812 0.02460208
v 0.02055936 -0.02340242 0.02341001
v 0.02039489 -0.02471978 0.02313208
v 0.01508676 0.01972445 0.05734047
v 0.02026253 -0.02603205 0.02313208
v 0.02037327 -0.02646439 0.02416008
v 0.02042766 -0.02688655 0.02503739
v 0.02041455 -0.02810727 0.02647055
v 0.02042045 -0.02946531 0.02897858
v 0.02041258 -0.02948566 0.02895849
v 0.01510904 0.00560992 0.05734047
v 0.01510380 0.00802592 0.05734047
v 0.01510118 0.00956199 0.05734047
v 0.01895663 -0.02948566 0.05683485
v 0.02088305 -0.02735449 0.03515659
v 0.02076576 -0.02867693 0.03515659
v 0.02092892 -0.02603714 0.03515659
v 0.02093612 -0.02603714 0.03383727
v 0.02074021 -0.02340242 0.02460208
v 0.02074873 -0.02208507 0.02460208
v 0.02075593 -0.02076263 0.02460208
v 0.02076248 -0.01944527 0.02460208
v 0.02076838 -0.01812791 0.02460208
v 0.02077363 -0.01680547 0.02460208
v 0.02091647 -0.02603714 0.03251796
v 0.02087060 -0.02603714 0.03119865
v 0.02049842 -0.02471978 0.02358079
v 0.02064192 -0.02471978 0.02460208
v 0.02046500 -0.02733415 0.02598836
v 0.02044469 -0.02833615 0.02724071
v 0.02056526 -0.02735449 0.02724071
v 0.02048532 -0.02874305 0.02854997
v 0.02057377 -0.02867693 0.02987933
v 0.02046697 -0.02948566 0.02987933
v 0.02042241 -0.02948566 0.02906899
v 0.02063144 -0.02948566 0.03516998
v 0.02086929 -0.02735449 0.03383727
v 0.02062095 -0.02948566 0.03383727
v 0.02073103 -0.02867693 0.03383727
v 0.02081294 -0.02603714 0.02987933
v 0.02073103 -0.02735449 0.02987933
v 0.02083456 -0.02735449 0.03251796
v 0.02078673 -0.02735449 0.03119865
v 0.02065502 -0.02735449 0.02856337
v 0.02063340 -0.02867693 0.03119865
v 0.02052660 -0.02948566 0.03119865
v 0.02057640 -0.02948566 0.03245434
v 0.02068648 -0.02867693 0.03251796
f 1 2 3
f 1 3 4
f 1 4 5
f 1 5 13
f 1 13 24
f 1 24 19
f 1 19 51
f 1 51 82
f 1 82 91
f 1 91 90
f 1 90 89
f 1 89 64
f 1 64 30
f 1 30 14
f 1 14 10
f 1 10 9
f 1 9 6
f 1 6 2
f 2 6 3
f 3 7 8
f 3 8 4
f 3 6 9
f 3 9 10
f 3 10 7
f 4 8 11
f 4 11 12
f 4 12 13
f 4 13 5
f 7 10 14
f 7 14 15
f 7 15 16
f 7 16 8
f 8 17 18
f 8 18 50
f 8 50 81
f 8 81 83
f 8 83 52
f 8 52 23
f 8 23 11
f 8 16 17
f 11 19 20
f 11 20 21
f 11 21 22
f 11 22 12
f 11 23 19
f 12 24 13
f 12 22 24
f 14 25 26
f 14 26 27
f 14 27 28
f 14 28 29
f 14 29 15
f 14 30 31
f 14 31 32
f 14 32 33
f 14 33 34
f 14 34 25
f 15 29 35
f 15 35 36
f 15 36 16
f 16 37 38
f 16 38 39
f 16 39 40
f 16 40 41
f 16 41 42
f 16 42 17
f 16 36 43
f 16 43 44
f 16 44 45
f 16 45 46
f 16 46 37
f 17 42 47
f 17 47 18
f 18 47 48
f 18 48 49
f 18 49 50
f 19 24 22
f 19 22 21
f 19 21 20
f 19 23 51
f 23 52 88
f 23 88 113
f 23 113 112
f 23 112 124
f 23 124 125
f 23 125 116
f 23 116 114
f 23 114 92
f 23 92 65
f 23 65 53
f 23 53 51
f 25 54 55
f 25 55 26
f 25 34 56
f 25 56 57
f 25 57 58
f 25 58 59
f 25 59 60
f 25 60 61
f 25 61 62
f 25 62 63
f 25 63 54
f 26 55 27
f 27 55 63
f 27 63 62
f 27 62 61
f 27 61 28
f 28 61 60
f 28 60 29
f 29 60 59
f 29 59 35
f 30 64 53
f 30 53 65
f 30 65 66
f 30 66 67
f 30 67 31
f 31 67 68
f 31 68 69
f 31 69 70
f 31 70 32
f 32 70 33
f 33 70 34
f 34 70 69
f 34 69 71
f 34 71 72
f 34 72 73
f 34 73 74
f 34 74 75
f 34 75 76
f 34 76 77
f 34 77 56
f 35 59 58
f 35 58 57
f 35 57 56
f 35 56 77
f 35 77 36
f 36 77 76
f 36 76 78
f 36 78 102
f 36 102 79
f 36 79 43
f 37 46 80
f 37 80 49
f 37 49 38
f 38 49 39
f 39 47 40
f 39 49 48
f 39 48 47
f 40 47 41
f 41 47 42
f 43 79 80
f 43 80 44
f 44 80 45
f 45 80 46
f 49 80 50
f 50 80 81
f 51 53 82
f 52 83 84
f 52 84 85
f 52 85 86
f 52 86 87
f 52 87 88
f 53 64 89
f 53 89 90
f 53 90 91
f 53 91 82
f 54 63 55
f 65 92 66
f 66 92 73
f 66 73 68
f 66 68 67
f 68 73 71
f 68 71 69
f 71 73 72
f 73 93 74
f 73 92 94
f 73 94 93
f 74 93 95
f 74 95 75
f 75 78 76
f 75 95 96
f 75 96 78
f 78 97 98
f 78 98 99
f 78 99 100
f 78 100 101
f 78 101 102
f 78 96 103
f 78 103 104
f 78 104 97
f 79 102 80
f 80 102 101
f 80 101 100
f 80 100 99
f 80 99 98
f 80 98 97
f 80 97 105
f 80 105 81
f 81 105 83
f 83 105 84
f 84 105 106
f 84 106 85
f 85 106 107
f 85 107 86
f 86 108 87
f 86 107 109
f 86 109 108
f 87 108 110
f 87 110 111
f 87 111 112
f 87 112 113
f 87 113 88
f 92 114 94
f 93 94 115
f 93 115 96
f 93 96 95
f 94 114 116
f 94 116 117
f 94 117 120
f 94 120 115
f 96 115 103
f 97 104 118
f 97 118 119
f 97 119 106
f 97 106 105
f 103 115 120
f 103 120 104
f 104 120 121
f 104 121 119
f 104 119 118
f 106 119 122
f 106 122 109
f 106 109 107
f 108 109 110
f 109 122 110
f 110 122 111
f 111 123 124
f 111 124 112
f 111 122 119
f 111 119 123
f 116 125 117
f 117 125 126
f 117 126 120
f 119 121 123
f 120 126 121
f 121 126 123
f 123 126 124
f 124 126 125

o geometry_1
v 0.01315176 0.00560593 0.11255474
v 0.01211202 0.00456835 0.11254934
v 0.01376384 0.00233451 0.11230073
v 0.01512864 0.00493456 0.11230073
v 0.01446987 0.00758649 0.11247367
v 0.01446930 0.01088537 0.11241423
v 0.01376960 0.01315584 0.11232775
v 0.00920144 0.02143205 0.11137111
v 0.01516956 0.00758649 0.11233316
v 0.01513210 0.01160557 0.11230073
v 0.01405086 0.01315584 0.11232775
v 0.01315060 0.02011371 0.11144138
v 0.01373272 0.02207291 0.11097658
v 0.00920144 0.02022357 0.11125222
v 0.01211202 0.00126947 0.11227641
v 0.01447045 -0.00098574 0.11177647
v 0.01519665 -0.00462337 0.11103062
v 0.01576148 0.00560593 0.11164135
v 0.01549290 -0.00098574 0.11131708
v 0.01567502 0.00296926 0.11156029
v 0.01579029 0.00739118 0.11164135
v 0.01575802 0.01088537 0.11163595
v 0.01567848 0.01352204 0.11154947
v 0.01550903 0.01681788 0.11134680
v 0.01516438 0.02091936 0.11101441
v 0.01446930 0.01813621 0.11163054
v 0.01446930 0.02185929 0.11092253
v 0.00920144 0.01959492 0.11032261
v 0.01211202 -0.01917387 0.10736085
v 0.01211202 -0.01756868 0.10837693
v 0.01211202 -0.01520666 0.10904711
v 0.01211202 -0.01416908 0.10927951
v 0.01395058 -0.00584405 0.11103062
v 0.01503527 -0.00550836 0.11096036
v 0.01521740 -0.01119673 0.10973891
v 0.01557647 -0.00757741 0.11009561
v 0.01644964 -0.00433651 0.10966864
v 0.01639028 0.00494677 0.11047664
v 0.01640699 0.00692427 0.11050097
v 0.01640123 0.01088537 0.11047394
v 0.01644849 0.01952168 0.10966864
v 0.01560240 0.02138932 0.11040908
v 0.01514593 0.02610115 0.10967945
v 0.01446930 0.02628425 0.10973891
v 0.01315060 0.02647346 0.10980376
v 0.00920144 0.02407482 0.11071175
v 0.00920144 0.01949117 0.10900386
v 0.01213392 -0.02990975 0.08649335
v 0.01281171 -0.02990975 0.10241555
v 0.01285782 -0.02990975 0.10261013
v 0.01335002 -0.02990975 0.10352892
v 0.01368776 -0.02832287 0.10449096
v 0.01447045 -0.02841442 0.10453960
v 0.01391600 -0.02149316 0.10705277
v 0.01406182 -0.01703768 0.10840935
v 0.01403242 -0.01228924 0.10969026
v 0.01491193 -0.01206951 0.10963081
v 0.01521279 -0.01639682 0.10841475
v 0.01645771 -0.01097701 0.10836612
v 0.01645771 -0.00296019 0.10969026
v 0.02069735 0.02670539 0.06812823
v 0.02056133 0.02934206 0.06944697
v 0.01645886 0.02492319 0.10836612
v 0.01600815 0.02537485 0.10888497
v 0.01516438 0.03009888 0.10837152
v 0.01446930 0.03027588 0.10843638
v 0.01449235 0.03244258 0.10763648
v 0.01307568 0.03244258 0.10738786
v 0.00920144 0.02520700 0.11009832
v 0.01212816 -0.02990975 0.08521784
v 0.01447045 -0.02990975 0.10386401
v 0.01524737 -0.02824352 0.10448015
v 0.01493729 -0.02135278 0.10699333
v 0.01646462 -0.01627476 0.10705277
v 0.01526927 -0.02048000 0.10714465
v 0.01662946 -0.02141992 0.10438827
v 0.02075383 0.02538705 0.06680948
v 0.02097746 0.02011371 0.05757288
v 0.01880922 -0.00625908 0.08263440
v 0.01956540 -0.00889575 0.07076031
v 0.02041033 0.03137449 0.07004689
v 0.02044837 0.03066649 0.07017660
v 0.01644157 0.02994629 0.10698251
v 0.01540760 0.03244258 0.10727977
v 0.01242786 0.03244258 0.10710682
v 0.01446238 -0.02990975 0.05734048
v 0.00920144 0.02068133 0.10546920
v 0.01547906 -0.02990975 0.10340461
v 0.01649344 -0.02820690 0.10313979
v 0.01563122 -0.02608597 0.10485037
v 0.01648998 -0.02037624 0.10578268
v 0.02082645 0.02275038 0.06417200
v 0.02089907 0.02143205 0.06152911
v 0.02028929 -0.01152631 0.05889162
v 0.02096247 0.02011371 0.05734048
v 0.02029621 -0.01152631 0.05734048
v 0.01650151 -0.02436787 0.10448015
v 0.01666635 -0.02735853 0.10241015
v 0.02004262 0.03244258 0.07069005
v 0.01648192 0.03244258 0.10579348
v 0.01229415 0.03244258 0.10637719
v 0.00920144 0.02564950 0.10900386
v 0.01885418 -0.02990975 0.05734048
v 0.00920144 0.02359265 0.10540164
v 0.01465719 0.03244258 0.06152911
v 0.01509867 0.02111467 0.05734048
v 0.01635742 -0.02908579 0.10276145
v 0.01647385 -0.02942759 0.10188590
v 0.01977980 -0.01680575 0.06284785
v 0.02004953 -0.01812409 0.05734048
v 0.02064548 0.02101702 0.05734048
v 0.01816947 0.03244258 0.06056707
v 0.01859597 0.03244258 0.06152911
v 0.01662600 -0.02867687 0.10109141
v 0.01225265 0.03244258 0.10506385
v 0.01637990 -0.02990975 0.10124004
v 0.00920144 0.02505137 0.10672309
v 0.00920144 0.02550302 0.10767432
v 0.01491885 0.03244258 0.06064814
v 0.01572401 0.02190506 0.05734048
v 0.01612343 -0.02990975 0.10236692
v 0.01984896 0.02151750 0.05734048
v 0.01710438 0.03244258 0.06025901
v 0.01902939 -0.02868907 0.05734048
v 0.01366701 0.03244258 0.07740808
v 0.01406902 0.03244258 0.07051710
v 0.01578684 0.03244258 0.06033467
v 0.01842422 0.02210953 0.05734048
v 0.01710438 0.02246963 0.05734048
f 127 129 130
f 127 130 131
f 127 131 132
f 127 132 133
f 127 133 128
f 128 133 134
f 128 129 127
f 131 130 135
f 131 135 136
f 131 136 132
f 132 136 137
f 132 137 133
f 133 137 134
f 134 137 138
f 134 172 195
f 134 195 228
f 134 228 244
f 134 244 243
f 134 243 230
f 134 230 213
f 134 213 173
f 134 173 154
f 134 154 140
f 134 140 141
f 134 141 128
f 128 141 129
f 129 142 130
f 130 142 143
f 130 143 145
f 130 145 146
f 130 146 144
f 130 144 135
f 135 144 147
f 135 148 136
f 135 147 148
f 136 149 150
f 136 150 151
f 136 148 149
f 137 152 138
f 138 152 153
f 138 153 139
f 138 139 134
f 140 154 155
f 140 155 156
f 140 156 157
f 140 157 158
f 140 158 141
f 141 142 129
f 141 159 142
f 142 160 143
f 143 160 161
f 143 161 162
f 143 162 145
f 144 146 163
f 144 163 164
f 144 164 147
f 145 162 163
f 145 163 146
f 147 164 165
f 148 166 149
f 148 147 166
f 149 166 167
f 150 149 167
f 150 167 151
f 151 167 168
f 151 153 152
f 151 152 136
f 151 168 169
f 151 169 153
f 136 152 137
f 139 153 170
f 139 170 171
f 139 171 172
f 139 172 134
f 154 173 174
f 154 174 155
f 155 174 175
f 155 175 176
f 155 176 156
f 156 176 177
f 156 177 178
f 156 178 179
f 156 179 180
f 156 181 157
f 156 180 181
f 157 182 158
f 158 182 159
f 158 159 141
f 159 160 142
f 159 182 183
f 159 183 160
f 160 183 161
f 161 183 184
f 162 161 185
f 162 185 163
f 163 186 164
f 163 185 187
f 163 187 186
f 164 186 165
f 165 186 187
f 165 187 188
f 147 165 166
f 166 165 188
f 166 188 167
f 167 188 189
f 167 189 190
f 167 190 168
f 168 190 169
f 169 191 192
f 169 192 170
f 169 170 153
f 172 171 192
f 172 192 193
f 172 193 194
f 172 194 195
f 173 196 174
f 174 196 212
f 174 212 229
f 174 229 242
f 174 242 247
f 174 247 214
f 174 214 197
f 174 197 177
f 174 177 176
f 174 176 175
f 178 177 197
f 178 197 179
f 179 198 199
f 180 199 181
f 180 179 199
f 157 181 182
f 182 181 183
f 183 181 184
f 161 200 185
f 184 201 200
f 184 181 199
f 184 199 201
f 184 200 161
f 185 200 202
f 185 202 187
f 187 203 204
f 187 204 188
f 187 202 205
f 187 205 206
f 187 206 203
f 188 207 208
f 188 208 189
f 188 204 207
f 189 208 209
f 189 209 190
f 190 209 169
f 169 209 191
f 191 210 193
f 191 193 192
f 192 171 170
f 193 210 226
f 193 226 225
f 193 225 239
f 193 239 238
f 193 238 249
f 193 249 253
f 193 253 245
f 193 245 231
f 193 231 252
f 193 252 251
f 193 251 241
f 193 241 227
f 193 227 211
f 193 211 194
f 194 211 195
f 196 173 213
f 196 213 212
f 197 214 198
f 197 198 179
f 198 215 216
f 198 216 201
f 198 201 199
f 200 201 217
f 200 217 202
f 203 218 219
f 203 219 204
f 203 206 220
f 203 220 218
f 204 221 207
f 204 219 220
f 204 220 222
f 204 222 221
f 202 217 223
f 202 223 224
f 202 224 205
f 206 205 224
f 206 224 220
f 207 225 226
f 207 226 208
f 208 226 209
f 209 210 191
f 209 226 210
f 211 227 228
f 211 228 195
f 212 213 230
f 212 230 231
f 212 231 232
f 212 232 246
f 212 246 255
f 212 255 254
f 212 254 248
f 212 248 237
f 212 237 221
f 212 221 222
f 212 222 236
f 212 236 250
f 212 250 229
f 214 233 215
f 214 215 198
f 215 233 234
f 215 234 224
f 215 223 216
f 217 201 223
f 201 216 223
f 218 220 219
f 220 224 235
f 220 235 236
f 220 236 222
f 221 237 238
f 221 238 239
f 221 239 207
f 223 215 224
f 224 234 240
f 224 240 236
f 224 236 235
f 207 239 225
f 227 241 228
f 229 234 242
f 231 230 243
f 231 243 244
f 231 245 232
f 232 245 246
f 214 247 233
f 233 247 234
f 234 247 242
f 237 248 249
f 237 249 238
f 240 234 229
f 240 229 250
f 240 250 236
f 241 251 244
f 241 244 228
f 244 251 252
f 244 252 231
f 245 253 246
f 248 254 249
f 249 254 255
f 246 253 255
f 253 249 255

o geometry_2
v 0.01051269 0.02250366 0.00458402
v 0.01076810 0.02250366 0.00460072
v 0.00684551 0.02250366 0.00461557
v 0.00684551 0.02378574 0.00449679
v 0.00684551 0.02510481 0.00439286
v 0.01051269 0.02275637 0.00457659
v 0.01051269 0.02407544 0.00473063
v 0.01191264 0.02250366 0.00494776
v 0.00684551 0.02250366 0.01149709
v 0.00684551 0.02539451 0.00438915
v 0.00787533 0.02539451 0.00450236
v 0.00919469 0.02539451 0.00474733
v 0.01047582 0.02537294 0.00519088
v 0.01131442 0.02491989 0.00538203
v 0.01156710 0.02407544 0.00519645
v 0.01193723 0.02283496 0.00502014
v 0.01216122 0.02250366 0.00505540
v 0.01554842 0.02250366 0.01978351
v 0.00725389 0.02606175 0.02253946
v 0.00684551 0.02635299 0.02219613
v 0.00742051 0.02584910 0.00456360
v 0.00684551 0.02642234 0.00464155
v 0.00787533 0.02671204 0.00490322
v 0.00873988 0.02584910 0.00480115
v 0.00910318 0.02665965 0.00524841
v 0.00996774 0.02584910 0.00521130
v 0.00968229 0.02980476 0.00683888
v 0.01188396 0.02941027 0.00770000
v 0.01275535 0.02901116 0.00793570
v 0.01732533 0.03824618 0.01436997
v 0.01266930 0.02250366 0.00533749
v 0.01257642 0.02250366 0.00527996
v 0.01753156 0.03824618 0.01449802
v 0.01782794 0.03804124 0.01460380
v 0.01801096 0.03725997 0.01442564
v 0.02002416 0.02250366 0.02214045
v 0.00813346 0.02598778 0.02270092
v 0.00684551 0.02673515 0.02303498
v 0.00684551 0.02671204 0.00472877
v 0.00879998 0.03010371 0.00675351
v 0.00886280 0.03017922 0.00681290
v 0.00946376 0.03017922 0.00698921
v 0.01712728 0.03824618 0.01431058
v 0.00922201 0.03059374 0.00715809
v 0.01275398 0.02250366 0.00540430
v 0.01771595 0.03824618 0.01483764
v 0.01772004 0.03824618 0.01536656
v 0.01782931 0.03804586 0.01536656
v 0.01908585 0.03529061 0.01470588
v 0.02051858 0.02250366 0.02207921
v 0.01183206 0.03066770 0.02320943
v 0.01051269 0.02803111 0.02331336
v 0.00776743 0.02658568 0.02302570
v 0.00684551 0.02812665 0.02310365
v 0.00684551 0.03091734 0.00685930
v 0.00684551 0.03106219 0.00693353
v 0.00871530 0.03017922 0.00677950
v 0.00787669 0.03090193 0.00703746
v 0.00787669 0.03185271 0.00769815
v 0.00684551 0.03204379 0.00765918
v 0.00684551 0.03240437 0.00795611
v 0.00684551 0.03262319 0.00813799
v 0.01612205 0.03824618 0.01420480
v 0.01400779 0.02250366 0.00657350
v 0.01741274 0.03824618 0.01617015
v 0.01778833 0.03796727 0.01604766
v 0.01908039 0.03527674 0.01584723
v 0.01908585 0.03529061 0.01496755
v 0.01924292 0.03475127 0.01539069
v 0.01953929 0.03330584 0.01536656
v 0.01917326 0.03462337 0.01461494
v 0.01134584 0.03414259 0.02276588
v 0.01180338 0.03319489 0.02289579
v 0.01051269 0.03330584 0.02334862
v 0.02055682 0.02250366 0.02199941
v 0.02043526 0.02745479 0.01870154
v 0.01922926 0.03439839 0.01621283
v 0.00684551 0.03462337 0.02334119
v 0.00684551 0.03296375 0.00844977
v 0.00684551 0.03331509 0.00877269
v 0.00684551 0.03399619 0.00940740
v 0.00684551 0.03455094 0.00999199
v 0.00684551 0.03463415 0.01008107
v 0.00684551 0.03527366 0.01076774
v 0.00684551 0.03547245 0.01103127
v 0.00684551 0.03571283 0.01135234
v 0.00684551 0.03627991 0.01211881
v 0.00684551 0.03642476 0.01231924
v 0.00684551 0.03688397 0.01297993
v 0.00684551 0.03759744 0.01410643
v 0.00684551 0.03773613 0.01433656
v 0.00684551 0.03793799 0.01467804
v 0.00684551 0.03824618 0.01524222
v 0.01639795 0.02407544 0.00947978
v 0.01697568 0.02250366 0.01009035
v 0.01709997 0.03824618 0.01632047
v 0.00993496 0.03532605 0.02266937
v 0.02044209 0.02897264 0.01744884
v 0.02044209 0.02897264 0.01709066
v 0.02028776 0.02938562 0.01666381
v 0.01923745 0.03330584 0.01457225
v 0.01765175 0.02250366 0.01099787
v 0.01764492 0.02275637 0.01101828
v 0.01689237 0.02407544 0.01013860
v 0.01042938 0.03459717 0.02291620
v 0.00919469 0.03462337 0.02322984
v 0.00787669 0.03462337 0.02333563
v 0.02079857 0.02250366 0.02089146
v 0.00684551 0.03554641 0.02290321
v 0.00684551 0.03824618 0.02023634
v 0.01711909 0.02250366 0.01027037
v 0.01698661 0.02275637 0.01012190
v 0.01578743 0.03824618 0.01689393
v 0.00919469 0.03542930 0.02278443
v 0.01389716 0.03824618 0.01765298
v 0.01060557 0.03824618 0.01892981
v 0.02062784 0.02671204 0.01800374
v 0.02049263 0.02802957 0.01702941
v 0.02051994 0.02671204 0.01714819
v 0.01770775 0.02250366 0.01112221
v 0.00787669 0.03553100 0.02288836
v 0.02077398 0.02250366 0.02062978
v 0.02074667 0.02407544 0.01932140
v 0.02061009 0.02671204 0.01786084
v 0.02057048 0.02584910 0.01769567
v 0.02047760 0.02585680 0.01725026
v 0.01793174 0.02250366 0.01165484
v 0.02064833 0.02250366 0.01959792
v 0.02063194 0.02281493 0.01932326
v 0.02059506 0.02540838 0.01797590
v 0.02055682 0.02407544 0.01839533
v 0.01881405 0.02250366 0.01404519
v 0.01834831 0.02250366 0.01273495
v 0.02060872 0.02250366 0.01945688
v 0.02047214 0.02329109 0.01856607
f 256 257 263
f 256 263 272
f 256 272 287
f 256 287 286
f 256 286 300
f 256 300 319
f 256 319 350
f 256 350 366
f 256 366 357
f 256 357 375
f 256 375 382
f 256 382 388
f 256 388 387
f 256 387 389
f 256 389 383
f 256 383 377
f 256 377 363
f 256 363 330
f 256 330 305
f 256 305 291
f 256 291 273
f 256 273 264
f 256 264 258
f 256 258 259
f 256 259 260
f 256 260 261
f 256 261 257
f 257 261 262
f 257 262 263
f 258 264 275
f 258 275 293
f 258 293 309
f 258 309 333
f 258 333 364
f 258 364 365
f 258 365 348
f 258 348 347
f 258 347 346
f 258 346 345
f 258 345 344
f 258 344 343
f 258 343 342
f 258 342 341
f 258 341 340
f 258 340 339
f 258 339 338
f 258 338 337
f 258 337 336
f 258 336 335
f 258 335 334
f 258 334 317
f 258 317 316
f 258 316 315
f 258 315 311
f 258 311 310
f 258 310 294
f 258 294 277
f 258 277 265
f 258 265 260
f 258 260 259
f 260 265 261
f 261 265 266
f 261 266 262
f 262 266 267
f 262 267 268
f 262 268 269
f 262 269 270
f 262 270 271
f 262 271 263
f 263 271 272
f 264 273 274
f 264 274 275
f 265 276 266
f 265 277 276
f 266 276 278
f 266 278 279
f 266 279 267
f 267 279 280
f 267 280 281
f 267 281 268
f 268 281 282
f 268 282 283
f 268 283 269
f 269 283 284
f 269 284 285
f 269 285 270
f 270 286 287
f 270 287 271
f 270 285 288
f 270 288 289
f 270 289 290
f 270 290 286
f 271 287 272
f 273 291 274
f 274 291 292
f 274 292 293
f 274 293 275
f 276 277 294
f 276 294 278
f 278 280 279
f 278 294 295
f 278 295 282
f 278 282 280
f 280 282 281
f 282 295 296
f 282 296 297
f 282 297 285
f 282 285 283
f 283 285 284
f 285 298 318
f 285 318 348
f 285 348 365
f 285 365 371
f 285 371 370
f 285 370 368
f 285 368 351
f 285 351 320
f 285 320 302
f 285 302 301
f 285 301 288
f 285 297 299
f 285 299 298
f 286 290 300
f 288 301 289
f 289 301 302
f 289 302 303
f 289 303 304
f 289 304 290
f 290 304 300
f 291 305 306
f 291 306 307
f 291 307 308
f 291 308 293
f 291 293 292
f 293 308 307
f 293 307 309
f 294 310 295
f 295 310 311
f 295 311 312
f 295 312 296
f 296 313 299
f 296 299 297
f 296 312 313
f 298 299 313
f 298 313 314
f 298 314 315
f 298 315 316
f 298 316 317
f 298 317 318
f 300 304 319
f 302 320 321
f 302 321 303
f 303 321 322
f 303 322 323
f 303 323 304
f 304 323 324
f 304 324 325
f 304 325 326
f 304 326 319
f 305 327 328
f 305 328 329
f 305 329 306
f 305 330 331
f 305 331 332
f 305 332 321
f 305 321 327
f 306 329 307
f 307 329 333
f 307 333 309
f 311 315 314
f 311 314 313
f 311 313 312
f 317 334 318
f 318 334 335
f 318 335 336
f 318 336 337
f 318 337 338
f 318 338 339
f 318 339 340
f 318 340 341
f 318 341 342
f 318 342 343
f 318 343 344
f 318 344 345
f 318 345 346
f 318 346 347
f 318 347 348
f 319 349 350
f 319 326 349
f 320 351 352
f 320 352 327
f 320 327 321
f 321 332 322
f 322 332 353
f 322 353 324
f 322 324 323
f 324 353 354
f 324 354 325
f 325 354 355
f 325 355 326
f 326 355 356
f 326 356 357
f 326 357 358
f 326 358 359
f 326 359 349
f 327 352 360
f 327 360 329
f 327 329 328
f 329 360 361
f 329 361 362
f 329 362 333
f 330 363 331
f 331 353 332
f 331 363 353
f 333 362 364
f 349 359 366
f 349 366 367
f 349 367 350
f 350 367 366
f 351 368 352
f 352 365 369
f 352 369 361
f 352 361 360
f 352 368 370
f 352 370 371
f 352 371 365
f 353 363 372
f 353 372 354
f 354 372 373
f 354 373 355
f 355 373 356
f 356 373 357
f 357 366 359
f 357 359 358
f 357 373 374
f 357 374 375
f 361 369 376
f 361 376 362
f 362 376 364
f 363 377 378
f 363 378 372
f 364 376 365
f 365 376 369
f 372 379 373
f 372 378 379
f 373 379 374
f 374 379 378
f 374 378 380
f 374 380 381
f 374 381 382
f 374 382 375
f 377 383 378
f 378 383 384
f 378 384 385
f 378 385 380
f 380 385 381
f 381 385 386
f 381 386 387
f 381 387 388
f 381 388 382
f 383 389 384
f 384 389 387
f 384 387 390
f 384 390 386
f 384 386 385
f 386 390 387

o geometry_3
v -0.00621196 -0.02984383 0.11871975
v -0.00968857 -0.02499714 0.10728576
v -0.01175090 -0.02499714 0.10721258
v -0.01205047 -0.02499714 0.10715160
v -0.01291135 -0.02499714 0.10682840
v -0.00670073 -0.02984383 0.11850631
v -0.00621196 -0.03142214 0.11775624
v -0.00621196 -0.02984383 0.09655915
v -0.00968857 -0.02499714 0.10523069
v -0.01348526 -0.02499714 0.10648690
v -0.00700030 -0.02984383 0.11808554
v -0.00718162 -0.03044797 0.11691470
v -0.00658090 -0.03131793 0.11691470
v -0.00957505 -0.03525539 0.09983385
v -0.00621196 -0.03180275 0.11691470
v -0.00621196 -0.03432200 0.09100376
v -0.00957505 -0.03913245 0.05642738
v -0.01832257 -0.02499714 0.05642128
v -0.01413486 -0.02499714 0.10596856
v -0.01462206 -0.02499714 0.10501725
v -0.01415536 -0.02578252 0.10504165
v -0.01385579 -0.02665549 0.10427938
v -0.01021519 -0.03372391 0.10108396
v -0.00989985 -0.03456667 0.10031560
v -0.00957505 -0.03580969 0.09844347
v -0.00957505 -0.03637154 0.09695553
v -0.00957505 -0.03675063 0.09587616
v -0.00957505 -0.03716900 0.09449188
v -0.00957505 -0.03761758 0.09275392
v -0.00957505 -0.03841352 0.08884502
v -0.00621196 -0.03432200 0.10329758
v -0.00957505 -0.04041624 0.05642738
v -0.02231950 -0.02499714 0.05642128
v -0.01507300 -0.02499714 0.10372446
v -0.01523146 -0.02541852 0.10248958
v -0.01545456 -0.02647803 0.09958077
v -0.01462364 -0.02813790 0.09866606
v -0.01490587 -0.02888929 0.09581518
v -0.00995819 -0.03596979 0.09657745
v -0.00997396 -0.03730040 0.09269294
v -0.01022781 -0.03758284 0.09053420
v -0.00989039 -0.03855550 0.08716194
v -0.00957505 -0.03866424 0.08685704
v -0.00957505 -0.03887078 0.08452145
v -0.00957505 -0.03918833 0.08035338
v -0.00957505 -0.03931822 0.07838064
v -0.00957505 -0.03991631 0.06758085
v -0.00957505 -0.04010058 0.06387319
v -0.01059202 -0.04042530 0.05642738
v -0.02112910 -0.02868238 0.05642128
v -0.02228324 -0.02604531 0.05642128
v -0.01645576 -0.02522520 0.09886424
v -0.01657402 -0.02546987 0.09799221
v -0.01652671 -0.02671289 0.09516878
v -0.01389205 -0.03066546 0.09516268
v -0.01088687 -0.03671590 0.09053420
v -0.01103192 -0.03693036 0.08921701
v -0.01123847 -0.03723244 0.08718633
v -0.01123216 -0.03855701 0.08191145
v -0.01006541 -0.03864763 0.08577157
v -0.01059202 -0.03915963 0.07867944
v -0.01128735 -0.03989819 0.06762964
v -0.01059202 -0.03990423 0.06775770
v -0.01059202 -0.04014891 0.06285480
v -0.01191014 -0.04038754 0.05642738
v -0.01303118 -0.04011568 0.05642738
v -0.01369181 -0.03973658 0.05642738
v -0.01427361 -0.03907656 0.05642738
v -0.01493267 -0.03815525 0.05642738
v -0.02214922 -0.02499714 0.06021431
v -0.02210665 -0.02604531 0.06021431
v -0.01649597 -0.02499714 0.09900145
v -0.01780226 -0.02524634 0.09368084
v -0.01791263 -0.02550461 0.09280270
v -0.01678687 -0.02709198 0.09317470
v -0.01760518 -0.02634134 0.09185750
v -0.01796900 -0.02689073 0.08865140
v -0.01820117 -0.02722036 0.08658872
v -0.01918030 -0.02673252 0.08339330
v -0.01255344 -0.03722489 0.08055157
v -0.01149389 -0.03756924 0.08460377
v -0.01136933 -0.03866273 0.08051803
v -0.01251717 -0.03851170 0.07510594
v -0.01059202 -0.03904032 0.08000274
v -0.01257709 -0.03989215 0.06356218
v -0.01393620 -0.03863101 0.06391588
v -0.01488379 -0.03808578 0.05757993
v -0.02099981 -0.02868238 0.05889102
v -0.02201678 -0.02715391 0.05642128
v -0.02192375 -0.02696512 0.06021431
v -0.01792051 -0.02499714 0.09343691
v -0.01916611 -0.02539738 0.08727781
v -0.01899740 -0.02643045 0.08526542
v -0.01935058 -0.02577194 0.08526542
v -0.02044008 -0.02659961 0.07642923
v -0.01943336 -0.02710860 0.08066133
v -0.01904628 -0.02785622 0.08000274
v -0.01276708 -0.03753375 0.07802390
v -0.01262517 -0.03862724 0.07381314
v -0.01292711 -0.03775502 0.07603896
v -0.01279309 -0.03879489 0.07142877
v -0.02167779 -0.02781242 0.05642128
v -0.01388417 -0.03856305 0.06480011
v -0.01452588 -0.03790907 0.06285480
v -0.02083268 -0.02879112 0.06018383
v -0.02156899 -0.02762363 0.06021431
v -0.02179919 -0.02670836 0.06353779
v -0.02181811 -0.02556351 0.06515989
v -0.01914798 -0.02499714 0.08757661
v -0.02045585 -0.02499714 0.07940512
v -0.02052680 -0.02553784 0.07839893
v -0.02019727 -0.02602493 0.07938988
v -0.02081849 -0.02604531 0.07472786
v -0.02050157 -0.02674007 0.07555111
v -0.01392792 -0.03596488 0.07750555
v -0.01390782 -0.03727775 0.07158122
v -0.01349472 -0.03801177 0.07077017
v -0.01386131 -0.03655051 0.07538341
v -0.01423262 -0.03643950 0.07340457
v -0.02054099 -0.02811600 0.06812968
v -0.02061194 -0.02822172 0.06681249
v -0.02181102 -0.02499714 0.06548310
v -0.02107076 -0.02736384 0.06747109
v -0.02151854 -0.02604531 0.06812968
v -0.02157373 -0.02499714 0.06851692
v -0.02100138 -0.02499714 0.07444734
v -0.01978575 -0.02797101 0.07472786
v -0.01980940 -0.02736384 0.07736225
v -0.01849641 -0.02966561 0.07574929
f 391 392 393
f 391 393 394
f 391 394 395
f 391 395 396
f 391 396 397
f 391 397 405
f 391 405 421
f 391 421 406
f 391 406 398
f 391 398 399
f 391 399 392
f 392 399 408
f 392 408 423
f 392 423 460
f 392 460 512
f 392 512 515
f 392 515 516
f 392 516 500
f 392 500 499
f 392 499 481
f 392 481 462
f 392 462 424
f 392 424 410
f 392 410 409
f 392 409 400
f 392 400 395
f 392 395 394
f 392 394 393
f 395 400 396
f 397 401 402
f 397 402 403
f 397 403 404
f 397 404 405
f 397 396 401
f 398 406 407
f 398 407 408
f 398 408 399
f 396 400 409
f 396 409 401
f 401 409 410
f 401 410 402
f 402 410 411
f 402 411 412
f 402 412 413
f 402 413 414
f 402 414 403
f 403 414 404
f 404 415 405
f 405 415 416
f 405 416 417
f 405 417 418
f 405 418 419
f 405 419 420
f 405 420 421
f 406 421 422
f 406 422 407
f 407 422 408
f 408 440 492
f 408 492 479
f 408 479 441
f 408 441 423
f 410 424 411
f 411 424 425
f 411 425 412
f 412 425 413
f 414 413 426
f 414 426 427
f 414 427 404
f 404 427 428
f 404 428 415
f 415 428 429
f 415 429 416
f 416 429 417
f 417 429 430
f 417 430 418
f 418 430 419
f 419 430 431
f 419 431 432
f 419 432 420
f 421 420 433
f 421 433 434
f 421 434 435
f 421 435 436
f 421 436 437
f 421 437 438
f 421 438 422
f 422 439 408
f 408 439 440
f 424 442 425
f 425 442 443
f 425 443 426
f 425 426 413
f 426 443 427
f 428 444 445
f 428 445 429
f 430 429 446
f 430 446 447
f 430 447 431
f 431 447 448
f 431 448 449
f 431 449 432
f 432 449 450
f 432 450 433
f 432 433 420
f 433 450 434
f 434 450 451
f 434 451 452
f 434 452 435
f 435 452 436
f 436 452 453
f 436 453 437
f 437 453 454
f 437 454 438
f 438 439 422
f 438 454 439
f 439 455 440
f 440 455 456
f 440 456 457
f 440 457 458
f 440 458 459
f 423 441 461
f 423 461 460
f 424 462 442
f 442 462 463
f 442 463 443
f 443 463 464
f 443 464 444
f 443 444 427
f 427 444 428
f 444 464 465
f 444 465 445
f 445 465 466
f 445 466 446
f 445 446 429
f 446 467 447
f 447 467 468
f 447 468 448
f 448 468 469
f 448 469 470
f 448 470 471
f 448 471 449
f 449 472 450
f 449 473 472
f 450 472 474
f 450 474 451
f 451 475 452
f 451 474 475
f 452 454 453
f 452 455 454
f 454 455 439
f 455 475 456
f 457 456 475
f 457 476 458
f 459 458 477
f 459 478 440
f 441 479 480
f 441 480 461
f 462 481 463
f 463 481 482
f 463 482 464
f 464 466 465
f 466 467 446
f 467 483 468
f 468 483 469
f 469 483 484
f 469 484 485
f 469 485 486
f 469 486 470
f 470 486 487
f 470 488 449
f 470 449 471
f 472 473 489
f 473 449 488
f 473 488 490
f 473 490 489
f 474 472 475
f 475 455 452
f 475 472 489
f 475 489 491
f 475 491 457
f 457 491 476
f 476 491 493
f 476 494 477
f 476 477 458
f 477 495 459
f 459 495 478
f 479 492 480
f 480 492 496
f 480 496 497
f 480 497 461
f 461 498 460
f 481 499 482
f 482 499 500
f 482 500 501
f 482 483 464
f 464 483 467
f 464 467 466
f 483 482 484
f 484 482 502
f 484 502 485
f 485 502 501
f 485 501 503
f 485 503 504
f 485 504 486
f 470 505 488
f 470 487 505
f 489 490 506
f 489 506 507
f 489 507 493
f 489 493 491
f 488 505 508
f 488 508 490
f 490 508 509
f 490 509 506
f 440 478 492
f 493 507 506
f 493 506 510
f 493 510 476
f 476 510 511
f 476 511 494
f 494 495 477
f 495 494 511
f 478 496 492
f 478 495 496
f 460 498 512
f 496 495 511
f 496 511 513
f 497 498 461
f 497 496 513
f 497 513 504
f 497 504 514
f 497 514 498
f 498 514 515
f 498 515 512
f 500 516 501
f 501 502 482
f 501 516 514
f 501 514 503
f 504 510 517
f 504 518 486
f 504 503 514
f 486 518 487
f 487 518 505
f 508 505 519
f 509 519 517
f 509 517 506
f 510 504 513
f 510 513 511
f 514 516 515
f 510 506 517
f 517 519 504
f 504 519 518
f 518 519 505
f 508 519 509

o geometry_4
v 0.02063264 -0.02948678 0.03518933
v 0.02042396 -0.03072938 0.03476638
v 0.01891480 -0.02948678 0.05735186
v 0.01636829 -0.02991294 0.10136675
v 0.01964065 -0.03263813 0.03385469
v 0.01587229 -0.03132039 0.10107538
v 0.02039371 -0.03065424 0.03189973
v 0.01458996 -0.02948678 0.05735186
v -0.00531033 -0.02984341 0.11915880
v -0.00399171 -0.02984341 0.11903661
v -0.00363181 -0.02984341 0.11887684
v 0.01547610 -0.02991294 0.10338750
v 0.01612029 -0.02991294 0.10235363
v 0.01921119 -0.03352073 0.03385469
v 0.01922933 -0.03359250 0.03252945
v 0.01525835 -0.03218842 0.10191188
v 0.01534908 -0.03235664 0.10107538
v 0.01911441 -0.03336597 0.02889209
v 0.01964065 -0.03132039 0.02594085
v 0.02041186 -0.02948678 0.02897668
v 0.01453553 -0.02948678 0.02313998
v -0.00621159 -0.02984341 0.11871705
v -0.00599384 -0.03200113 0.11759859
v -0.00356830 -0.03338840 0.11766438
v -0.00034433 -0.03337382 0.11763619
v 0.00452338 -0.03263701 0.11668690
v 0.00496947 -0.03180487 0.11642373
v 0.00616107 -0.03174095 0.11534286
v 0.00578303 -0.03263701 0.11615116
v 0.00609756 -0.03345681 0.11527707
v 0.01886943 -0.03425081 0.03252945
v 0.01411363 -0.03362054 0.10149363
v 0.01504211 -0.03320279 0.09806304
v 0.01965879 -0.03000154 0.02313998
v 0.01973138 -0.02948678 0.02313998
v 0.00020005 -0.03874345 0.02313998
v -0.01026423 -0.03914157 0.02760445
v -0.00607852 -0.03695245 0.02760445
v -0.00621159 -0.02984341 0.09656393
v -0.00956863 -0.03432371 0.10142314
v -0.00621159 -0.03142245 0.11775837
v -0.00956863 -0.03525566 0.09982534
v -0.00837703 -0.03697937 0.09975954
v -0.00751207 -0.03742908 0.10064304
v -0.00267309 -0.03374166 0.11691247
v -0.00662593 -0.03798870 0.09975954
v -0.00135447 -0.03382017 0.11691247
v 0.00326071 -0.03361382 0.11661641
v 0.00491806 -0.03345793 0.11641433
v 0.01352539 -0.03441231 0.10107538
v 0.00860173 -0.03726758 0.10043626
v 0.01147185 -0.03609676 0.10067123
v 0.01795305 -0.03553939 0.03252945
v 0.01815720 -0.03514743 0.03055099
v 0.01642878 -0.03459511 0.06461718
v 0.01378246 -0.03459174 0.10018249
v 0.01784569 -0.03472520 0.02548500
v 0.01884524 -0.03279289 0.02462501
v 0.00020005 -0.04043127 0.02313998
v -0.01026423 -0.03913485 0.05643077
v -0.00956863 -0.03432371 0.08070804
v -0.01026423 -0.04049968 0.02760445
v -0.01026423 -0.04042567 0.05643077
v -0.00865225 -0.03729787 0.09794556
v -0.00772075 -0.03756926 0.09975954
v -0.00530731 -0.03807729 0.09975954
v -0.00851615 -0.03856402 0.09111258
v -0.00662593 -0.03816028 0.09844370
v 0.00260140 -0.03399848 0.11559663
v 0.00392002 -0.03390316 0.11559663
v 0.00655726 -0.03757263 0.09975015
v 0.01166238 -0.03620667 0.09975954
v 0.01512830 -0.03593527 0.06752143
v 0.01249711 -0.03593864 0.09656393
v 0.01807705 -0.03376073 0.02313998
v 0.00020005 -0.04061968 0.02462501
v -0.00135749 -0.04057762 0.05164675
v -0.00267309 -0.04008586 0.06417543
v -0.00926619 -0.03933559 0.07865909
v -0.00956863 -0.03931989 0.07835832
v -0.00956863 -0.03841374 0.08883806
v -0.00956863 -0.03726633 0.09406970
v -0.00530731 -0.03823094 0.09844370
v -0.00729129 -0.03857074 0.09251302
v 0.00787588 -0.03759954 0.09844370
v 0.00900699 -0.03739095 0.09844370
v 0.00985684 -0.03724964 0.09647934
v 0.01646809 -0.03727656 0.03192792
v 0.01644087 -0.03724628 0.03059329
v 0.01382782 -0.03726983 0.06379948
v 0.01270125 -0.03738702 0.07315135
v 0.00128882 -0.04090229 0.02858193
v -0.01026423 -0.04063426 0.02988837
v 0.00523864 -0.04045931 0.02313998
v 0.00655726 -0.04059277 0.02462501
v -0.01026423 -0.04059108 0.05164675
v 0.00655726 -0.04091239 0.02988837
v 0.00760974 -0.03998381 0.05341843
v -0.00063769 -0.03858084 0.09135696
v 0.00655726 -0.03770272 0.09843430
v 0.00732545 -0.03857859 0.08213667
v 0.00860173 -0.03858757 0.07965536
v 0.01117244 -0.03857186 0.06751204
v 0.01489845 -0.03841934 0.03121361
v 0.01431777 -0.03764440 0.05229527
v 0.01423611 -0.03887691 0.02988837
v 0.01676599 -0.03631433 0.02659877
v 0.01339837 -0.03834196 0.05097943
v 0.01644390 -0.03593864 0.02313998
v 0.00523864 -0.04094379 0.02988837
v -0.00530731 -0.04082379 0.04307498
v -0.01026423 -0.04069594 0.03450321
v 0.00919450 -0.04074416 0.02988837
v 0.00907655 -0.03986717 0.05209319
v -0.00100969 -0.03997932 0.06558292
v -0.00135749 -0.03924026 0.07997493
v 0.00787588 -0.03922232 0.06944820
v 0.00919450 -0.03908326 0.06812296
v 0.01050708 -0.03959465 0.05097943
v 0.01250316 -0.03989633 0.03053689
v 0.01613541 -0.03697376 0.02659877
v 0.01504664 -0.03718123 0.02313998
v -0.01026423 -0.04069931 0.04240766
v 0.00996572 -0.03993109 0.02313998
v 0.00919450 -0.04039931 0.02528292
v 0.01050708 -0.04052099 0.02988837
v 0.01126619 -0.03992997 0.02631680
v 0.01381573 -0.03857523 0.02524533
v 0.01279954 -0.03873336 0.02313998
f 520 539 554
f 520 554 540
f 520 540 527
f 520 527 522
f 520 522 523
f 520 523 521
f 521 523 525
f 521 525 524
f 521 524 526
f 521 526 520
f 522 527 528
f 522 528 529
f 522 529 530
f 522 530 531
f 522 531 532
f 522 532 523
f 523 532 525
f 524 533 534
f 524 525 533
f 524 534 526
f 525 532 535
f 525 535 536
f 525 536 533
f 526 534 537
f 526 537 538
f 526 538 539
f 527 540 541
f 527 541 528
f 528 541 542
f 528 542 543
f 528 543 544
f 528 544 529
f 529 544 545
f 529 545 546
f 529 546 530
f 530 546 547
f 530 547 531
f 531 547 548
f 531 548 549
f 531 549 535
f 531 535 532
f 533 550 534
f 533 536 550
f 534 550 537
f 535 551 536
f 535 549 551
f 536 552 550
f 538 553 539
f 539 553 554
f 526 539 520
f 540 554 553
f 540 553 594
f 540 594 628
f 540 628 641
f 540 641 648
f 540 648 643
f 540 643 613
f 540 613 578
f 540 578 555
f 540 555 556
f 540 556 557
f 540 557 558
f 540 558 541
f 541 559 560
f 541 560 542
f 541 558 580
f 541 580 559
f 542 560 559
f 542 559 561
f 542 561 562
f 542 562 563
f 542 563 543
f 543 563 565
f 543 565 564
f 543 564 566
f 543 566 544
f 544 566 567
f 544 567 568
f 544 568 545
f 545 568 548
f 545 548 546
f 546 548 547
f 548 568 549
f 549 569 551
f 549 568 570
f 549 570 571
f 549 571 569
f 550 572 573
f 550 573 537
f 550 552 574
f 550 574 572
f 551 569 575
f 551 575 536
f 536 575 552
f 537 576 577
f 537 577 538
f 538 577 553
f 555 578 581
f 555 581 556
f 556 579 580
f 556 580 558
f 556 558 557
f 556 581 612
f 556 612 631
f 556 631 642
f 556 642 615
f 556 615 582
f 556 582 579
f 559 580 579
f 559 579 582
f 559 582 561
f 562 584 563
f 563 584 565
f 564 565 585
f 564 585 566
f 565 584 586
f 565 586 587
f 565 587 585
f 566 588 567
f 566 585 588
f 567 588 589
f 567 589 568
f 569 571 575
f 568 589 570
f 570 591 571
f 571 591 575
f 552 575 574
f 574 575 592
f 537 573 576
f 575 591 593
f 575 593 592
f 576 594 577
f 577 594 553
f 581 578 595
f 582 596 597
f 582 598 599
f 582 599 600
f 582 600 601
f 582 601 561
f 561 601 583
f 561 583 562
f 583 584 562
f 584 583 600
f 585 587 602
f 586 603 587
f 586 584 600
f 588 585 590
f 588 590 570
f 588 570 589
f 585 602 590
f 590 604 570
f 570 604 605
f 570 605 591
f 591 605 606
f 572 607 573
f 572 574 592
f 572 592 607
f 573 607 608
f 592 609 607
f 593 591 610
f 593 610 609
f 593 609 592
f 581 611 612
f 581 595 611
f 595 578 613
f 595 613 614
f 582 615 596
f 596 616 617
f 582 597 598
f 599 598 586
f 599 586 600
f 600 583 601
f 602 587 603
f 603 586 598
f 590 602 619
f 590 619 604
f 602 618 619
f 604 619 620
f 604 620 621
f 604 621 605
f 605 621 622
f 605 622 606
f 606 622 591
f 591 622 610
f 607 624 623
f 607 623 625
f 607 625 608
f 573 608 626
f 573 626 576
f 609 610 627
f 609 627 624
f 609 624 607
f 610 622 627
f 576 626 628
f 594 576 628
f 611 629 630
f 611 630 631
f 611 631 612
f 611 595 614
f 611 614 629
f 614 616 629
f 615 630 596
f 596 630 629
f 596 629 616
f 616 632 617
f 616 614 632
f 617 632 633
f 597 596 634
f 596 617 634
f 598 635 603
f 598 597 635
f 603 635 602
f 619 618 620
f 620 618 635
f 620 635 634
f 620 634 636
f 620 636 621
f 621 636 637
f 621 637 622
f 622 637 638
f 622 638 639
f 622 639 627
f 623 624 627
f 625 623 639
f 625 640 608
f 608 640 626
f 627 639 623
f 626 640 628
f 628 640 641
f 630 642 631
f 613 643 644
f 613 644 614
f 617 633 636
f 617 636 634
f 630 615 642
f 614 644 632
f 632 645 633
f 632 644 645
f 633 637 636
f 597 634 635
f 602 635 618
f 637 633 638
f 638 633 645
f 638 645 639
f 639 646 647
f 639 647 625
f 644 643 645
f 645 643 646
f 645 646 639
f 646 643 648
f 646 648 647
f 625 647 640
f 640 647 641
f 641 647 648

o geometry_5
v 0.01772034 0.03824663 0.01537061
v 0.01745957 0.03870900 0.01537061
v 0.01665495 0.03963710 0.01619352
v 0.01741325 0.03824663 0.01617523
v 0.00684506 0.03607659 0.02041411
v 0.00684506 0.03607659 0.01184126
v 0.01771520 0.03824663 0.01484030
v 0.01680077 0.03983590 0.01537061
v 0.01520525 0.04196797 0.01618986
v 0.01389109 0.04328026 0.01744434
v 0.00606274 0.04728081 0.03025790
v 0.00624974 0.04649343 0.03025790
v 0.00605931 0.04532745 0.03025790
v 0.00578653 0.04475115 0.03025790
v 0.00531645 0.04389006 0.03025790
v 0.00473142 0.04299882 0.03025790
v 0.00420130 0.04236668 0.03025790
v 0.00398170 0.04212432 0.03025790
v 0.00351333 0.04164520 0.03025790
v 0.00253887 0.04099854 0.03025790
v 0.00128132 0.04066014 0.03025790
v 0.00655512 0.03607659 0.02043423
v 0.00657742 0.03607659 0.01177360
v 0.01712503 0.03824663 0.01431181
v 0.01732404 0.03824663 0.01437398
v 0.01753163 0.03824663 0.01450017
v 0.01670985 0.03964045 0.01445628
v 0.01637530 0.04049484 0.01537061
v 0.01393227 0.04331153 0.01668909
v 0.01520525 0.04196797 0.01567783
v 0.01245169 0.04439934 0.01800757
v 0.00990743 0.04587805 0.02139977
v 0.00607132 0.04727969 0.02987571
v 0.00583113 0.04735676 0.03025790
v 0.00996233 0.04589704 0.02064453
v 0.00019362 0.04062775 0.03025790
v 0.00024166 0.03607659 0.02044337
v 0.00523753 0.03607659 0.01158342
v 0.01549862 0.04095610 0.01456965
v 0.01713189 0.03852360 0.01435753
v 0.01564617 0.04132689 0.01529015
v 0.01389109 0.04326798 0.01593202
v 0.01179633 0.04481258 0.01800757
v 0.00614852 0.04723614 0.02723692
v 0.00523753 0.04748631 0.03025790
v 0.00994175 0.04587359 0.01978688
v 0.00019362 0.04315629 0.03025790
v 0.00019362 0.03607659 0.02044337
v 0.00391822 0.03607659 0.01157610
v 0.01314823 0.04336179 0.01589362
v 0.01159217 0.04464840 0.01721392
v 0.00608333 0.04720040 0.02614154
v 0.00523753 0.04746062 0.02987571
v 0.00495617 0.04744722 0.03025790
v 0.00919374 0.04590374 0.01978688
v 0.00919374 0.04609472 0.02064453
v 0.00435227 0.04735676 0.03025790
v 0.00438487 0.04733331 0.02987571
v 0.00019362 0.04306247 0.02964529
v 0.00019362 0.03607659 0.01160719
v 0.00363686 0.03607659 0.01157793
v 0.01235905 0.04334616 0.01594665
v 0.01099856 0.04464840 0.01721392
v 0.00578996 0.04720040 0.02614154
v 0.00847318 0.04588810 0.01991854
v 0.00449467 0.04723614 0.02891565
v 0.00019362 0.04230748 0.02591844
v 0.00019362 0.04258558 0.02723692
v 0.00019362 0.04285698 0.02855723
v 0.00019362 0.03652110 0.01219054
v 0.00696515 0.04611594 0.02224280
v 0.00019362 0.03932997 0.01716272
v 0.00019362 0.03969853 0.01800757
v 0.00019362 0.04024355 0.01932605
v 0.00019362 0.04053505 0.02005569
v 0.00019362 0.03689189 0.01273549
v 0.00019362 0.03697119 0.01285252
v 0.00019362 0.03751397 0.01370286
v 0.00019362 0.03763013 0.01388573
v 0.00019362 0.03801655 0.01454588
v 0.00019362 0.03837172 0.01522432
v 0.00019362 0.03844654 0.01536879
v 0.00019362 0.04077517 0.02071585
v 0.00019362 0.04112586 0.02173991
v 0.00019362 0.04120069 0.02196118
v 0.00019362 0.04160945 0.02327966
v 0.00019362 0.04184176 0.02407330
v 0.00019362 0.04201599 0.02473346
v 0.00019362 0.03901390 0.01650257
f 649 650 651
f 649 651 652
f 649 652 653
f 649 653 654
f 649 654 655
f 649 655 650
f 650 655 656
f 650 656 651
f 651 656 657
f 651 657 658
f 651 658 659
f 651 659 652
f 652 659 660
f 652 660 661
f 652 661 662
f 652 662 663
f 652 663 664
f 652 664 665
f 652 665 666
f 652 666 667
f 652 667 668
f 652 668 653
f 653 668 669
f 653 669 670
f 653 670 685
f 653 685 696
f 653 696 708
f 653 708 709
f 653 709 697
f 653 697 686
f 653 686 671
f 653 671 654
f 654 671 672
f 654 672 673
f 654 673 674
f 654 674 655
f 655 674 675
f 655 675 676
f 655 676 656
f 656 676 657
f 657 677 658
f 657 676 678
f 657 678 677
f 658 677 679
f 658 679 680
f 658 680 659
f 659 681 682
f 659 682 693
f 659 693 702
f 659 702 705
f 659 705 695
f 659 695 684
f 659 684 669
f 659 669 668
f 659 668 667
f 659 667 666
f 659 666 665
f 659 665 664
f 659 664 663
f 659 663 662
f 659 662 661
f 659 661 660
f 659 680 683
f 659 683 681
f 669 684 670
f 670 684 685
f 671 686 687
f 671 687 675
f 671 675 688
f 671 688 672
f 672 688 673
f 673 688 675
f 673 675 674
f 675 687 689
f 675 689 676
f 676 689 678
f 677 678 690
f 677 690 679
f 678 689 690
f 679 690 691
f 679 691 683
f 679 683 680
f 681 692 682
f 681 683 692
f 682 692 693
f 683 691 694
f 683 694 692
f 684 695 707
f 684 707 717
f 684 717 716
f 684 716 715
f 684 715 736
f 684 736 735
f 684 735 734
f 684 734 733
f 684 733 732
f 684 732 731
f 684 731 723
f 684 723 722
f 684 722 721
f 684 721 720
f 684 720 737
f 684 737 730
f 684 730 729
f 684 729 728
f 684 728 727
f 684 727 726
f 684 726 725
f 684 725 724
f 684 724 718
f 684 718 708
f 684 708 696
f 684 696 685
f 686 697 698
f 686 698 687
f 687 698 690
f 687 690 689
f 690 698 699
f 690 699 691
f 691 699 694
f 692 694 700
f 692 700 693
f 693 700 701
f 693 701 702
f 694 699 703
f 694 703 704
f 694 704 700
f 695 705 706
f 695 706 707
f 697 709 698
f 698 710 711
f 698 711 699
f 698 709 708
f 698 708 710
f 699 711 703
f 700 704 712
f 700 712 701
f 701 706 702
f 701 712 706
f 702 706 705
f 703 713 712
f 703 712 704
f 703 711 713
f 706 712 714
f 706 714 715
f 706 715 716
f 706 716 717
f 706 717 707
f 708 718 713
f 708 713 711
f 708 711 710
f 712 719 720
f 712 720 721
f 712 721 722
f 712 722 723
f 712 723 714
f 712 713 719
f 713 718 724
f 713 724 725
f 713 725 726
f 713 726 727
f 713 727 728
f 713 728 729
f 713 729 730
f 713 730 719
f 714 731 732
f 714 732 733
f 714 733 734
f 714 734 735
f 714 735 736
f 714 736 715
f 714 723 731
f 719 730 737
f 719 737 720

o geometry_6
v 0.00019297 0.03601541 0.01153011
v 0.00019297 0.03534681 0.01066902
v -0.00023953 0.03601541 0.01153011
v 0.00019297 0.03282411 0.01153011
v 0.00019297 0.03524568 0.01055285
v -0.00795072 0.03534681 0.01067039
v -0.00399660 0.03591428 0.01140983
v -0.00399660 0.03600418 0.01153011
v -0.00533856 0.03015532 0.01153011
v 0.00019297 0.02012068 0.01150688
v 0.00019297 0.03475687 0.01001022
v 0.00019297 0.03409389 0.00929128
v -0.00795072 0.03473439 0.01001022
v -0.00870961 0.03532434 0.01069636
v -0.00795072 0.03598732 0.01153011
v -0.01013039 0.02902600 0.01153011
v -0.00795072 0.02012068 0.01150688
v -0.00544567 -0.02138318 0.00957421
v 0.00019297 -0.01812445 0.00960975
v 0.00019297 0.03339157 0.00860105
v -0.00135917 0.03342529 0.00863521
v -0.00662999 0.03337472 0.00860105
v -0.00795072 0.03407703 0.00930632
v -0.01013039 0.03550413 0.01153011
v -0.00975145 0.03561088 0.01153011
v -0.00934927 0.03571201 0.01153011
v -0.00920779 0.03574573 0.01153011
v -0.00811139 0.03595923 0.01153011
v -0.00877732 0.03403770 0.00935142
v -0.01013039 0.03441976 0.01026308
v -0.01013039 0.03486362 0.01076334
v -0.01013039 0.02143541 0.01117338
v -0.00926842 0.02143541 0.01149868
v -0.00860048 -0.01812445 0.00961112
v -0.00608330 -0.02138318 0.00957421
v -0.00509502 -0.02138318 0.00947717
v 0.00019297 -0.01891666 0.00952911
v 0.00019297 0.03276230 0.00800648
v -0.00135917 0.03276230 0.00800512
v -0.00662999 0.03275668 0.00800922
v -0.00764656 0.03271735 0.00804475
v -0.00852469 0.03261060 0.00812813
v -0.01013039 0.03238025 0.00832768
v -0.01013039 0.03316122 0.00900972
v -0.01013039 0.03359946 0.00942387
v -0.01013039 0.02030047 0.01099569
v -0.00860048 -0.01892228 0.00953048
v -0.00860048 -0.02138318 0.00731624
v -0.00478783 -0.02138318 0.00937466
v 0.00019297 -0.02138318 0.00729711
v 0.00019297 0.03198133 0.00736682
v -0.00135917 0.03198133 0.00736682
v -0.00267688 0.03198133 0.00736819
v -0.00531329 0.03198133 0.00737228
v -0.00531329 0.03125654 0.00681736
v -0.00662999 0.03198133 0.00742286
v -0.01013039 0.02985754 0.00649069
v -0.01013039 0.03014970 0.00668615
v -0.01013039 0.03172288 0.00783153
v -0.01013039 0.02012629 0.01093829
v -0.01013039 0.01968805 0.01055285
v -0.01013039 0.01488985 0.00544372
v -0.00860048 -0.02138318 0.00603281
v 0.00019297 -0.02138318 0.00603281
v 0.00019297 0.03127340 0.00681326
v -0.00135917 0.03127340 0.00681326
v -0.00399660 0.03126778 0.00681599
v -0.00135917 0.01700241 -0.00121264
v -0.00267688 0.01696308 -0.00120170
v -0.00926842 0.02793601 0.00514302
v -0.00662999 0.03113856 0.00686793
v -0.01013039 0.02908218 0.00598361
v -0.01013039 0.01488985 -0.00040485
v -0.00135917 -0.01802894 0.00086218
v -0.00004046 -0.01808512 0.00086218
v -0.00531329 -0.02138318 0.00586196
v -0.00860048 -0.01532082 0.00019791
v -0.00795072 -0.01591638 0.00041934
v -0.00721810 -0.01609056 0.00023071
v -0.00633896 -0.01627596 0.00010770
v -0.00531329 -0.01707379 0.00059019
v -0.00399660 -0.01720302 0.00038653
v -0.00206855 -0.01747271 0.00019518
v -0.00399660 -0.02138318 0.00587973
v 0.00019297 -0.01805703 0.00084304
v 0.00019297 0.01700803 -0.00121264
v -0.00003945 0.01701365 -0.00121264
v -0.00648043 0.01087824 -0.00186187
v -0.00399660 0.01687880 -0.00115386
v -0.01013039 0.02776184 0.00525647
v -0.01013039 0.02819446 0.00546422
v -0.00465545 0.01681700 -0.00111559
v -0.00743738 0.01557531 -0.00115796
v -0.01012230 0.01488985 -0.00041032
v -0.00860048 -0.00824151 -0.00243319
v -0.00860048 -0.00826960 -0.00243319
v -0.00860048 -0.01021360 -0.00228148
v -0.00860048 -0.01156204 -0.00203682
v -0.00860048 -0.01212951 -0.00176072
v -0.00860048 -0.01253404 -0.00155434
v -0.00135917 -0.01748956 0.00018014
v -0.00004046 -0.01751765 0.00015827
v 0.00019297 -0.01751203 0.00016101
v -0.00469789 -0.02138318 0.00586743
v -0.00531329 -0.01641643 0.00004073
v 0.00019297 0.01686195 -0.00122630
v 0.00019297 0.01615964 -0.00128781
v -0.00648043 0.00955790 -0.00194388
v -0.00926842 0.01488985 -0.00080396
v -0.00784361 0.01488985 -0.00118393
v -0.00955137 0.01488985 -0.00068095
v -0.00795072 -0.01021360 -0.00227191
v 0.00019297 -0.01682658 -0.00001258
v 0.00019297 -0.01695580 0.00001886
v 0.00019297 0.01592928 -0.00128098
v 0.00019297 -0.01548376 -0.00018343
v 0.00019297 0.01488985 -0.00124544
f 738 739 740
f 738 740 745
f 738 745 752
f 738 752 765
f 738 765 764
f 738 764 763
f 738 763 762
f 738 762 761
f 738 761 753
f 738 753 746
f 738 746 741
f 738 741 747
f 738 747 756
f 738 756 774
f 738 774 787
f 738 787 801
f 738 801 822
f 738 822 840
f 738 840 851
f 738 851 850
f 738 850 853
f 738 853 854
f 738 854 852
f 738 852 844
f 738 844 843
f 738 843 823
f 738 823 802
f 738 802 788
f 738 788 775
f 738 775 757
f 738 757 749
f 738 749 748
f 738 748 742
f 738 742 739
f 739 742 743
f 739 743 740
f 740 744 745
f 740 743 744
f 741 746 747
f 742 748 743
f 743 748 749
f 743 749 750
f 743 750 751
f 743 751 752
f 743 752 745
f 743 745 744
f 746 753 747
f 747 753 754
f 747 754 772
f 747 772 755
f 747 755 756
f 749 757 758
f 749 758 759
f 749 759 760
f 749 760 750
f 750 760 751
f 751 761 762
f 751 762 763
f 751 763 764
f 751 764 765
f 751 765 752
f 751 760 766
f 751 766 767
f 751 767 768
f 751 768 761
f 753 769 770
f 753 770 754
f 753 761 768
f 753 768 767
f 753 767 782
f 753 782 781
f 753 781 780
f 753 780 796
f 753 796 795
f 753 795 794
f 753 794 809
f 753 809 828
f 753 828 827
f 753 827 810
f 753 810 799
f 753 799 798
f 753 798 797
f 753 797 783
f 753 783 769
f 754 770 771
f 754 771 772
f 755 772 785
f 755 785 800
f 755 800 813
f 755 813 841
f 755 841 821
f 755 821 801
f 755 801 787
f 755 787 786
f 755 786 773
f 755 773 774
f 755 774 756
f 757 775 776
f 757 776 758
f 758 776 777
f 758 777 759
f 759 777 760
f 760 777 778
f 760 778 766
f 766 778 779
f 766 779 780
f 766 780 781
f 766 781 782
f 766 782 767
f 769 783 784
f 769 784 771
f 769 771 770
f 771 784 772
f 772 784 785
f 773 786 774
f 774 786 787
f 775 788 776
f 776 788 789
f 776 789 790
f 776 790 791
f 776 791 777
f 777 791 792
f 777 792 793
f 777 793 778
f 778 793 794
f 778 794 795
f 778 795 779
f 779 795 796
f 779 796 780
f 783 797 784
f 784 797 798
f 784 798 785
f 785 798 799
f 785 799 810
f 785 810 800
f 788 802 803
f 788 803 789
f 789 803 790
f 790 803 791
f 791 803 804
f 791 804 792
f 792 804 805
f 792 805 806
f 792 806 807
f 792 807 808
f 792 808 793
f 793 808 794
f 794 808 809
f 800 811 812
f 800 812 813
f 800 810 814
f 800 814 815
f 800 815 816
f 800 816 817
f 800 817 818
f 800 818 819
f 800 819 820
f 800 820 811
f 801 821 812
f 801 812 822
f 802 823 824
f 802 824 803
f 803 824 804
f 804 824 805
f 805 824 825
f 805 825 806
f 806 826 807
f 806 825 826
f 807 827 828
f 807 828 809
f 807 809 808
f 807 826 829
f 807 829 830
f 807 830 827
f 810 831 832
f 810 832 833
f 810 833 834
f 810 834 835
f 810 835 836
f 810 836 837
f 810 837 814
f 810 827 831
f 811 820 812
f 812 820 838
f 812 838 839
f 812 839 840
f 812 840 822
f 812 821 841
f 812 841 813
f 814 837 816
f 814 816 815
f 816 837 817
f 817 842 820
f 817 820 819
f 817 819 818
f 817 837 842
f 820 842 837
f 820 837 836
f 820 836 835
f 820 835 838
f 823 843 825
f 823 825 824
f 825 843 844
f 825 844 845
f 825 845 846
f 825 846 847
f 825 847 830
f 825 830 826
f 826 830 829
f 827 830 846
f 827 846 848
f 827 848 831
f 830 847 846
f 831 848 832
f 832 848 846
f 832 846 845
f 832 845 844
f 832 844 833
f 833 849 834
f 833 844 849
f 834 849 835
f 835 849 850
f 835 850 851
f 835 851 840
f 835 840 839
f 835 839 838
f 844 852 849
f 849 853 850
f 849 852 854
f 849 854 853

o geometry_7
v -0.01771860 0.03775203 0.05642128
v -0.00860303 -0.01974935 0.00762531
v -0.01026605 -0.03913218 0.05642128
v -0.00860303 -0.01974935 0.00593716
v -0.00860303 -0.03563464 0.01535208
v -0.01026605 -0.04041871 0.05642128
v -0.00860303 -0.02471831 0.00610321
v -0.01771860 0.00055794 -0.00012359
v -0.01771860 0.00391681 0.00007013
v -0.01320215 0.00055024 0.00569362
v -0.01771860 0.03200690 0.02175323
v -0.01771860 0.03412352 0.02558064
v -0.01771860 0.03633837 0.03316626
v -0.01771860 0.03743617 0.04074774
v -0.01771860 0.03783677 0.04701743
v -0.02150895 0.03158896 0.05426819
v -0.00860303 -0.03740652 0.01535208
v -0.01800519 0.00055794 0.00004246
v -0.00927265 -0.02538084 0.00628586
v -0.01088606 -0.02650560 0.00685596
v -0.01156945 -0.02839304 0.00792974
v -0.01778474 0.00467949 0.00038562
v -0.01771860 0.00489520 0.00047141
v -0.01771860 0.02396218 0.01346467
v -0.01771860 0.02602680 0.01497570
v -0.01771860 0.02949930 0.01841567
v -0.02090409 0.02579183 0.02154844
v -0.02185065 0.02616547 0.02505482
v -0.02182274 0.02872699 0.03103946
v -0.02190059 0.03085999 0.04751142
v -0.01059121 -0.03752208 0.01553473
v -0.01026605 -0.04060361 0.05096937
v -0.01026605 -0.04069605 0.03563761
v -0.01026536 -0.04051309 0.02819728
v -0.01026467 -0.03998730 0.02341648
v -0.01026467 -0.03890876 0.01877543
v -0.02199807 0.03048732 0.05642128
v -0.01190977 -0.04038019 0.05642128
v -0.01190977 -0.04059591 0.05096937
v -0.01934993 -0.01944890 0.01437240
v -0.01838960 0.00055794 0.00086716
v -0.01244849 -0.02773822 0.00822308
v -0.01267721 -0.02957173 0.00931347
v -0.01369265 -0.02998774 0.01110125
v -0.00860303 -0.02604337 0.00646298
v -0.01029842 -0.02800015 0.00747310
v -0.01153638 -0.03089678 0.00928579
v -0.01829453 0.00231057 0.00086716
v -0.02050315 0.02085753 0.01597753
v -0.02056929 0.02231356 0.01715647
v -0.02060097 0.02496367 0.01973575
v -0.02190679 0.02758105 0.02820143
v -0.02198584 0.02966975 0.03632740
v -0.02198981 0.03033324 0.04107568
v -0.01190977 -0.04081161 0.03910248
v -0.02245895 0.02933945 0.04899340
v -0.01303130 -0.04011057 0.05642128
v -0.01322971 -0.04040331 0.04767332
v -0.02055137 -0.02160597 0.01849592
v -0.02050177 -0.02017306 0.01729484
v -0.02176247 0.02304542 0.02235654
v -0.02129022 0.02242333 0.01966241
v -0.02125647 -0.02141722 0.02098526
v -0.02157508 -0.02075855 0.02263605
v -0.01261590 -0.03206391 0.01069443
v -0.01376568 -0.03165176 0.01232447
v -0.00860303 -0.03109709 0.00916956
v -0.01126909 -0.03330038 0.01074702
v -0.02229912 0.02670474 0.02921709
v -0.02246412 0.02802209 0.03448496
v -0.01258903 -0.03726785 0.01599967
v -0.01133522 -0.03596590 0.01334843
v -0.01253943 -0.03855439 0.01868965
v -0.01322971 -0.04053428 0.03778516
v -0.01190908 -0.04043990 0.02770328
v -0.01261107 -0.03990256 0.02383160
v -0.02241417 0.02933945 0.04107568
v -0.02265115 0.02802209 0.04305995
v -0.02256435 0.02802209 0.04833474
v -0.02223712 0.02868077 0.05642128
v -0.01369265 -0.03973307 0.05642128
v -0.01405915 -0.04003353 0.04701189
v -0.02181620 0.02464396 0.02317847
v -0.02193056 -0.02207590 0.02533986
v -0.01139309 -0.03468707 0.01199791
v -0.02262222 0.02670474 0.03514223
v -0.01272819 -0.03610457 0.01448863
v -0.00860303 -0.03405536 0.01132265
v -0.01412253 -0.04009901 0.03842998
v -0.01400094 -0.03998923 0.03233602
v -0.01307884 -0.04017412 0.02822633
v -0.02267733 0.02275267 0.04041426
v -0.02254231 -0.02471831 0.05096937
v -0.01558989 -0.03783793 0.04832921
v -0.01398406 -0.03418632 0.01512238
v -0.02080213 -0.02377845 0.02158441
v -0.02179278 -0.02403267 0.02529836
v -0.02208694 0.02407003 0.02527068
v -0.02242932 0.02538738 0.02987574
v -0.01329171 -0.03854283 0.02064901
v -0.01522649 -0.03859484 0.04206505
v -0.01377222 -0.03978700 0.02808381
v -0.01388830 -0.03856980 0.02261945
v -0.02266080 -0.02471831 0.04437727
v -0.02249959 -0.02603567 0.05096937
v -0.02179278 -0.02537314 0.02793298
v -0.02210141 -0.02340096 0.02724665
v -0.02236595 -0.02340096 0.03053717
v -0.01389450 -0.03726785 0.01926251
v -0.01385179 -0.03585420 0.01679116
v -0.01522684 -0.03859676 0.03842998
v -0.01553616 -0.03779171 0.03382492
v -0.01406190 -0.03880862 0.02461756
v -0.02259948 -0.02471831 0.03613022
v -0.02265666 -0.02471831 0.03908587
v -0.02260982 -0.02603567 0.04437727
v -0.02232461 -0.02471831 0.05642128
v -0.02213310 -0.02735302 0.05096937
v -0.02214756 -0.02659035 0.05642128
v -0.02228259 -0.02471831 0.03053717
v -0.02180036 -0.02802326 0.05130700
v -0.02176798 -0.02796548 0.04014027
v -0.01573594 -0.03700978 0.03022444
v -0.02253955 -0.02603567 0.03908587
v -0.02221025 -0.02735302 0.04437727
v -0.02140217 -0.02823511 0.05642128
v -0.02229774 -0.02603567 0.03448357
v -0.02206834 -0.02719124 0.03777409
v -0.02190025 -0.02687539 0.03382215
f 855 891 934
f 855 934 971
f 855 971 973
f 855 973 980
f 855 980 935
f 855 935 911
f 855 911 892
f 855 892 860
f 855 860 857
f 855 857 856
f 856 858 869
f 856 869 855
f 856 857 859
f 856 859 871
f 856 871 942
f 856 942 921
f 856 921 899
f 856 899 861
f 856 861 858
f 857 860 871
f 857 871 859
f 858 861 862
f 858 862 863
f 858 863 864
f 858 864 865
f 858 865 866
f 858 866 867
f 858 867 868
f 858 868 869
f 855 869 870
f 862 861 873
f 862 873 874
f 862 874 875
f 862 875 872
f 862 872 863
f 863 872 876
f 863 877 864
f 863 876 877
f 864 877 878
f 864 878 879
f 864 879 880
f 864 880 865
f 865 882 866
f 866 883 867
f 869 868 884
f 871 860 886
f 871 886 887
f 871 887 888
f 871 888 889
f 871 889 890
f 871 890 885
f 870 884 891
f 870 891 855
f 860 892 893
f 860 893 886
f 872 894 895
f 872 875 896
f 872 896 897
f 872 897 898
f 872 898 894
f 861 899 873
f 873 899 900
f 873 900 874
f 874 900 875
f 875 900 901
f 872 895 902
f 872 902 876
f 876 902 903
f 876 903 878
f 876 878 877
f 879 905 880
f 880 905 881
f 880 881 865
f 865 881 882
f 882 906 866
f 866 906 883
f 867 883 907
f 867 907 868
f 868 907 908
f 868 908 884
f 884 870 869
f 886 893 909
f 886 909 887
f 887 909 888
f 884 910 891
f 892 911 912
f 892 912 893
f 894 913 914
f 894 914 895
f 895 915 916
f 895 916 902
f 895 914 917
f 895 917 918
f 896 875 901
f 896 901 897
f 898 897 920
f 898 920 894
f 901 900 922
f 901 922 919
f 901 919 897
f 902 916 903
f 903 916 904
f 903 904 879
f 903 879 878
f 879 904 905
f 906 882 923
f 906 923 924
f 906 924 883
f 883 924 907
f 885 925 926
f 885 927 925
f 871 885 926
f 885 890 927
f 893 912 909
f 909 912 928
f 888 909 929
f 888 929 889
f 889 930 890
f 889 929 930
f 890 930 927
f 884 931 910
f 910 931 932
f 910 932 933
f 891 910 934
f 911 935 936
f 912 911 936
f 914 913 917
f 895 918 915
f 916 915 937
f 918 917 938
f 919 920 897
f 900 899 921
f 921 922 900
f 922 939 919
f 916 937 904
f 904 937 905
f 905 937 881
f 881 937 882
f 882 937 923
f 924 923 940
f 908 907 931
f 908 931 884
f 926 925 941
f 926 941 939
f 871 926 942
f 912 936 928
f 928 936 943
f 928 943 944
f 909 928 929
f 929 928 945
f 932 940 946
f 910 933 934
f 894 920 913
f 913 920 949
f 917 913 950
f 917 950 951
f 918 938 915
f 915 952 937
f 917 951 938
f 919 941 920
f 921 942 922
f 922 942 939
f 939 942 926
f 939 941 919
f 923 937 953
f 923 953 940
f 924 931 907
f 931 924 932
f 927 954 925
f 936 948 955
f 928 944 945
f 929 945 930
f 930 945 956
f 930 956 957
f 930 957 954
f 930 954 927
f 932 924 940
f 946 958 932
f 932 958 933
f 933 947 934
f 936 935 948
f 915 938 952
f 951 961 938
f 941 949 920
f 937 952 953
f 925 954 963
f 925 963 941
f 941 963 964
f 941 964 949
f 936 955 943
f 943 955 965
f 943 965 944
f 944 966 956
f 944 956 945
f 956 967 957
f 940 969 946
f 946 969 958
f 933 958 947
f 947 958 959
f 934 947 971
f 947 959 971
f 959 958 970
f 959 970 972
f 959 973 971
f 959 972 973
f 913 949 950
f 949 964 950
f 950 964 951
f 951 964 963
f 951 963 960
f 951 974 961
f 938 961 952
f 952 961 962
f 952 962 953
f 961 974 962
f 965 976 966
f 944 965 966
f 966 976 977
f 956 966 977
f 956 977 967
f 957 963 954
f 940 953 968
f 968 953 962
f 940 968 969
f 969 968 978
f 969 978 970
f 969 970 958
f 970 979 972
f 972 975 973
f 973 975 980
f 935 980 948
f 948 980 975
f 960 974 951
f 960 963 957
f 974 960 981
f 962 974 968
f 974 981 978
f 974 978 968
f 955 975 965
f 955 948 975
f 975 972 979
f 965 975 976
f 976 979 982
f 976 982 977
f 977 982 983
f 977 983 967
f 967 983 960
f 967 960 957
f 978 979 970
f 979 976 975
f 960 983 981
f 981 983 982
f 981 982 978
f 979 978 982

o geometry_8
v 0.00684486 0.02803097 0.03257505
v 0.00684486 0.02694800 0.03222839
v 0.00684486 0.03330564 0.03251618
v 0.00019334 0.03607547 0.03380689
v 0.00523640 0.02803097 0.03262737
v -0.01013039 0.02702481 0.03222185
v 0.00684486 0.02638635 0.03088100
v 0.00684486 0.03359463 0.03249438
v -0.01013039 0.03559832 0.03146966
v -0.01013039 0.03536886 0.03194060
v -0.01013039 0.03462383 0.03232214
v -0.01013039 0.03330468 0.03260557
v -0.01013039 0.02803193 0.03259249
v 0.00684486 0.03462479 0.03234830
v 0.00684486 0.03536502 0.03193624
v 0.00684486 0.03544374 0.03177708
v 0.00684486 0.03573272 0.03119277
v 0.00684486 0.03601691 0.02987372
v 0.00071842 0.03607547 0.03345369
v 0.00019334 0.03607547 0.01557346
v -0.01013039 0.02685199 0.02299285
v 0.00684486 0.02626731 0.02989334
v -0.01013039 0.03559832 0.02857429
v 0.00684486 0.03607547 0.02041580
v 0.00655407 0.03602363 0.02987372
v 0.00111389 0.03607547 0.03307651
v 0.00684486 0.03607547 0.01557346
v -0.00981468 0.03559735 0.01153346
v -0.01004564 0.03559735 0.01160323
v -0.01013039 0.03559735 0.01162939
v -0.01013039 0.02685199 0.02234096
v 0.00684486 0.02631339 0.02184168
v 0.00684486 0.02971783 0.01557346
v 0.00019168 0.03559735 0.01153346
v -0.01013039 0.03550711 0.01153346
v 0.00684486 0.02631723 0.02140127
v -0.01013039 0.02903233 0.01153346
v 0.00684486 0.02683759 0.01984893
v -0.00533824 0.03015947 0.01153346
v 0.00019168 0.03282849 0.01153346
v 0.00684486 0.02651885 0.02045068
f 984 985 990
f 984 990 1005
f 984 1005 1015
f 984 1015 1019
f 984 1019 1024
f 984 1024 1021
f 984 1021 1016
f 984 1016 1010
f 984 1010 1007
f 984 1007 1001
f 984 1001 1000
f 984 1000 999
f 984 999 998
f 984 998 997
f 984 997 991
f 984 991 986
f 984 986 987
f 984 987 988
f 984 988 985
f 985 988 989
f 985 989 990
f 986 991 987
f 987 992 993
f 987 993 994
f 987 994 995
f 987 995 996
f 987 996 988
f 987 991 997
f 987 997 998
f 987 998 999
f 987 999 1000
f 987 1000 1001
f 987 1001 1002
f 987 1002 1009
f 987 1009 1007
f 987 1007 1010
f 987 1010 1003
f 987 1003 1006
f 987 1006 992
f 988 996 989
f 989 996 995
f 989 995 994
f 989 994 993
f 989 993 992
f 989 992 1006
f 989 1006 1013
f 989 1013 1018
f 989 1018 1020
f 989 1020 1014
f 989 1014 1004
f 989 1004 1005
f 989 1005 990
f 1001 1007 1008
f 1001 1008 1009
f 1001 1009 1002
f 1003 1010 1017
f 1003 1017 1011
f 1003 1011 1012
f 1003 1012 1013
f 1003 1013 1006
f 1004 1014 1005
f 1005 1014 1015
f 1007 1009 1008
f 1010 1016 1023
f 1010 1023 1017
f 1011 1018 1012
f 1011 1017 1023
f 1011 1023 1022
f 1011 1022 1020
f 1011 1020 1018
f 1012 1018 1013
f 1014 1019 1015
f 1014 1020 1019
f 1016 1021 1020
f 1016 1020 1022
f 1016 1022 1023
f 1019 1020 1024
f 1020 1021 1024

o geometry_9
v 0.00920144 0.03848159 0.10532882
v 0.00920144 0.03759520 0.10498413
v 0.00920144 0.03990179 0.10493190
v 0.00649669 0.03990179 0.11558606
v 0.00606262 0.03907580 0.11643212
v 0.00627202 0.03889582 0.11558606
v 0.00523593 0.03847419 0.11558606
v 0.00523593 0.03828434 0.11426996
v 0.00523593 0.03789970 0.10993518
v 0.00019287 0.03748671 0.10503635
v 0.00920144 0.03754465 0.10403360
v 0.00599064 0.04064518 0.11636946
v 0.00609316 0.03990179 0.11647391
v 0.00920144 0.04150938 0.10417984
v 0.00920144 0.04234770 0.10351134
v 0.00523593 0.03990179 0.11707973
v 0.00436561 0.03990179 0.11749754
v 0.00360435 0.03916704 0.11763334
v 0.00523593 0.03892417 0.11670370
v 0.00292871 0.03840115 0.11558606
v 0.00193896 0.03864309 0.11691261
v 0.00019287 0.03816352 0.11295386
v -0.01077229 0.03810681 0.08011396
v -0.01012882 0.03559927 0.03148084
v -0.00531261 0.03559927 0.03274472
v 0.00019287 0.03559927 0.03266115
v 0.00920144 0.03747685 0.07076024
v 0.00523593 0.04078325 0.11662014
v 0.00351274 0.04061683 0.11761244
v 0.00920144 0.04299246 0.10245637
v 0.00877174 0.04329203 0.10204900
v 0.00019287 0.03990179 0.11823916
v 0.00019287 0.03858884 0.11691261
v 0.00019287 0.03894883 0.11789446
v -0.00820713 0.04192977 0.10242504
v -0.00859976 0.04192977 0.10108804
v -0.00992487 0.04192977 0.09605604
v -0.01146156 0.04192977 0.08921178
v -0.01173204 0.04192977 0.08790612
v -0.01308223 0.04192977 0.08011396
v -0.01012882 0.03559927 0.01164529
v 0.00019287 0.03559927 0.01153040
v 0.00259879 0.04106434 0.11691261
v 0.00787306 0.04364955 0.10108805
v 0.00920144 0.04321436 0.10108805
v 0.00920144 0.04742936 0.06558461
v -0.00768581 0.04192977 0.10348000
v -0.00720594 0.04312683 0.10292640
v -0.00876444 0.04339682 0.09683160
v -0.00982126 0.04302759 0.09349956
v -0.01132905 0.04331484 0.08518513
v -0.01242131 0.04297027 0.08011396
v -0.01077229 0.04509811 0.06020530
v -0.01077229 0.04496742 0.05644501
v -0.01012882 0.04324580 0.03162185
v -0.01012882 0.04195689 0.02492122
v -0.01012882 0.04066614 0.02083712
v -0.01012882 0.03930881 0.01755731
v -0.01012882 0.03800942 0.01516535
v -0.01012882 0.03675072 0.01320164
v -0.00981472 0.03559927 0.01153040
v 0.00019287 0.03601966 0.01153040
v 0.00624585 0.04649242 0.03025874
v 0.00605608 0.04532864 0.03025874
v 0.00920144 0.04013418 0.06032542
v 0.00920144 0.03968851 0.06153185
v 0.00920144 0.03748917 0.06943891
v 0.00655340 0.04389118 0.10108805
v 0.00127913 0.04117899 0.11691261
v 0.00019287 0.04087941 0.11789446
v 0.00655340 0.04528673 0.08921178
v 0.00920144 0.04750456 0.06377758
v 0.00787306 0.04791139 0.06284795
v -0.00671298 0.04364955 0.10245637
v -0.00739571 0.04332285 0.10204900
v -0.01029241 0.04369023 0.08921178
v -0.00991396 0.04450635 0.08788002
v -0.01170150 0.04398364 0.08011396
v -0.01077229 0.04516961 0.06613299
v -0.01058470 0.04518718 0.06251892
v 0.00422273 0.04743306 0.03186731
v -0.01012882 0.04470299 0.04769188
v -0.01007756 0.04456984 0.04510668
v -0.01012882 0.04384033 0.03702988
v 0.00435034 0.04735539 0.03025874
v -0.00996522 0.03925703 0.01732752
v -0.00886369 0.03798230 0.01462220
v -0.00794756 0.03599254 0.01153040
v 0.00019287 0.03674640 0.01252792
v 0.00606044 0.04728018 0.03025874
v 0.00920144 0.04712485 0.06320309
v 0.00920144 0.04350407 0.06019486
v 0.00920144 0.04267686 0.05969348
v 0.00920144 0.04122460 0.05970393
v -0.00136018 0.04446444 0.10147452
v 0.00019287 0.04123200 0.11691261
v 0.00523593 0.04532124 0.09053833
v 0.00523593 0.04754401 0.03120927
v 0.00523593 0.04819370 0.05362479
v 0.00655340 0.04809754 0.06021575
v -0.00399513 0.04555671 0.08921178
v -0.00399513 0.04450142 0.10161030
v 0.00259879 0.04557767 0.08921178
v 0.00391845 0.04555424 0.08921178
v -0.00531479 0.04448046 0.10138051
v -0.00651012 0.04418459 0.10098359
v -0.00853214 0.04447677 0.09360924
v -0.01124344 0.04451252 0.08062578
v 0.00391845 0.04766605 0.04044287
v 0.00523593 0.04748237 0.03025874
v -0.00794756 0.03781402 0.01424094
v -0.00267548 0.04449279 0.10162075
v 0.00523593 0.04817274 0.05494089
v -0.00663009 0.04568985 0.08262082
v -0.00531479 0.04552589 0.08921178
v -0.00599316 0.04452115 0.10048222
v -0.00724738 0.04450512 0.09772467
v -0.00747750 0.04460251 0.09632500
v -0.00917343 0.04483305 0.08789046
v -0.01040584 0.04479329 0.08228919
v -0.01058470 0.04500133 0.07799880
v -0.01077229 0.04508701 0.07337677
v -0.00926504 0.04545500 0.07403482
v -0.00794975 0.04569479 0.07469288
v 0.00019287 0.03763095 0.01390147
v -0.00794975 0.04537795 0.08426856
v -0.00794975 0.04496003 0.09053833
v -0.00926940 0.04509410 0.08361051
v -0.00926504 0.04541494 0.07600898
f 1025 1026 1035
f 1025 1035 1051
f 1025 1051 1091
f 1025 1091 1090
f 1025 1090 1089
f 1025 1089 1118
f 1025 1118 1117
f 1025 1117 1116
f 1025 1116 1115
f 1025 1115 1096
f 1025 1096 1070
f 1025 1070 1069
f 1025 1069 1054
f 1025 1054 1039
f 1025 1039 1038
f 1025 1038 1027
f 1025 1027 1028
f 1025 1028 1026
f 1026 1028 1029
f 1026 1029 1030
f 1026 1030 1031
f 1026 1031 1032
f 1026 1032 1033
f 1026 1034 1035
f 1028 1036 1037
f 1028 1037 1029
f 1028 1027 1038
f 1028 1038 1039
f 1028 1039 1036
f 1029 1031 1030
f 1029 1037 1040
f 1029 1040 1041
f 1029 1041 1042
f 1029 1042 1043
f 1029 1043 1031
f 1031 1044 1032
f 1031 1043 1045
f 1031 1045 1044
f 1033 1046 1034
f 1033 1032 1046
f 1033 1034 1026
f 1034 1047 1048
f 1034 1048 1049
f 1034 1049 1050
f 1034 1050 1035
f 1035 1050 1051
f 1036 1052 1053
f 1036 1053 1040
f 1036 1040 1037
f 1036 1039 1054
f 1036 1054 1055
f 1036 1055 1052
f 1040 1053 1041
f 1042 1041 1056
f 1044 1045 1057
f 1043 1042 1045
f 1045 1042 1058
f 1045 1058 1057
f 1032 1044 1046
f 1046 1047 1034
f 1047 1046 1057
f 1047 1057 1059
f 1047 1059 1060
f 1047 1060 1061
f 1047 1061 1062
f 1047 1062 1063
f 1047 1063 1064
f 1047 1064 1048
f 1048 1065 1085
f 1048 1085 1066
f 1048 1066 1050
f 1048 1050 1049
f 1048 1064 1065
f 1050 1066 1051
f 1052 1067 1053
f 1053 1056 1041
f 1055 1054 1069
f 1055 1069 1070
f 1055 1070 1068
f 1056 1058 1042
f 1056 1071 1058
f 1057 1058 1059
f 1058 1071 1059
f 1046 1044 1057
f 1061 1060 1073
f 1061 1074 1062
f 1063 1062 1075
f 1063 1075 1064
f 1064 1076 1077
f 1064 1077 1078
f 1064 1078 1079
f 1064 1079 1080
f 1064 1080 1081
f 1064 1081 1082
f 1064 1082 1083
f 1064 1083 1084
f 1064 1084 1065
f 1065 1084 1085
f 1066 1085 1112
f 1066 1112 1086
f 1066 1086 1087
f 1066 1087 1088
f 1066 1088 1089
f 1066 1089 1090
f 1066 1090 1091
f 1066 1091 1051
f 1052 1055 1092
f 1052 1092 1067
f 1067 1092 1093
f 1067 1093 1094
f 1067 1094 1053
f 1053 1094 1056
f 1068 1092 1055
f 1068 1070 1095
f 1068 1095 1092
f 1070 1096 1097
f 1070 1097 1095
f 1056 1094 1071
f 1071 1094 1072
f 1071 1072 1059
f 1072 1098 1099
f 1072 1099 1059
f 1072 1094 1098
f 1059 1099 1060
f 1060 1099 1073
f 1061 1073 1074
f 1062 1074 1100
f 1062 1100 1075
f 1075 1100 1101
f 1075 1076 1064
f 1076 1075 1102
f 1076 1103 1077
f 1078 1077 1105
f 1078 1105 1106
f 1078 1106 1107
f 1078 1107 1108
f 1078 1108 1079
f 1079 1108 1109
f 1080 1079 1109
f 1080 1109 1081
f 1081 1109 1110
f 1081 1110 1082
f 1082 1110 1083
f 1083 1110 1111
f 1083 1111 1084
f 1086 1112 1113
f 1086 1113 1114
f 1086 1114 1087
f 1087 1114 1096
f 1087 1096 1115
f 1087 1115 1116
f 1087 1116 1117
f 1087 1117 1118
f 1087 1118 1089
f 1087 1089 1088
f 1092 1119 1093
f 1093 1120 1094
f 1093 1119 1120
f 1094 1120 1098
f 1092 1095 1121
f 1095 1097 1121
f 1097 1096 1114
f 1097 1114 1122
f 1097 1122 1123
f 1097 1123 1124
f 1097 1124 1125
f 1097 1125 1126
f 1097 1126 1127
f 1097 1127 1128
f 1097 1128 1121
f 1098 1129 1130
f 1098 1130 1099
f 1098 1120 1129
f 1073 1131 1101
f 1073 1101 1100
f 1073 1100 1074
f 1073 1099 1131
f 1101 1132 1075
f 1075 1132 1102
f 1076 1102 1103
f 1103 1104 1077
f 1104 1123 1133
f 1104 1133 1077
f 1077 1133 1105
f 1105 1133 1122
f 1105 1122 1134
f 1105 1134 1109
f 1105 1109 1107
f 1105 1107 1106
f 1108 1107 1109
f 1109 1134 1110
f 1111 1135 1112
f 1111 1112 1084
f 1111 1110 1134
f 1111 1134 1135
f 1084 1112 1085
f 1119 1136 1120
f 1120 1136 1126
f 1120 1126 1129
f 1092 1121 1119
f 1121 1128 1119
f 1114 1134 1122
f 1114 1113 1134
f 1122 1133 1123
f 1124 1123 1137
f 1124 1137 1138
f 1124 1138 1139
f 1124 1139 1125
f 1125 1139 1126
f 1126 1136 1127
f 1126 1139 1129
f 1127 1136 1128
f 1128 1136 1119
f 1129 1140 1130
f 1130 1140 1141
f 1130 1141 1099
f 1099 1141 1131
f 1131 1141 1142
f 1101 1131 1143
f 1132 1101 1144
f 1132 1144 1145
f 1132 1145 1146
f 1132 1146 1103
f 1132 1103 1102
f 1104 1103 1123
f 1123 1103 1147
f 1123 1147 1148
f 1123 1148 1137
f 1134 1113 1149
f 1134 1149 1135
f 1135 1113 1112
f 1113 1135 1149
f 1129 1139 1140
f 1137 1148 1138
f 1138 1148 1150
f 1139 1138 1150
f 1139 1142 1140
f 1140 1142 1141
f 1143 1131 1142
f 1143 1142 1151
f 1101 1143 1144
f 1144 1143 1152
f 1144 1152 1145
f 1103 1146 1147
f 1148 1147 1153
f 1148 1153 1150
f 1150 1153 1152
f 1139 1150 1151
f 1139 1151 1142
f 1151 1150 1143
f 1143 1150 1152
f 1145 1153 1146
f 1145 1152 1153
f 1146 1153 1147

o geometry_10
v 0.00019425 -0.02138318 0.00730087
v 0.00019425 -0.02138318 0.00603485
v -0.00478620 -0.02138318 0.00937823
v 0.02044011 -0.02388762 0.02313039
v -0.00531210 -0.02138318 0.00586413
v 0.01952191 -0.02388762 0.01848380
v 0.01911185 -0.02388762 0.01692747
v 0.01852412 -0.02388762 0.01536691
v 0.01802380 -0.02388762 0.01439500
v 0.01526636 -0.02388762 0.01056819
v 0.01399566 -0.02388762 0.00927343
v 0.01241795 -0.02388762 0.00798713
v 0.01092695 -0.02388762 0.00703972
v 0.01017505 -0.02388762 0.00667209
v 0.00916872 -0.02388762 0.00634248
v 0.00787244 -0.02388575 0.00614472
v 0.00655342 -0.02388575 0.00608894
v 0.01527205 -0.02388762 0.02313039
v 0.00019425 -0.03874240 0.02313208
v 0.00996753 -0.03993019 0.02312870
v 0.01986873 -0.02604655 0.02064060
v 0.01964273 -0.02538636 0.01932049
v -0.00608248 -0.02138318 0.00957769
v 0.01910119 -0.02562447 0.01728031
v 0.01835640 -0.02604655 0.01536691
v 0.01784187 -0.02701022 0.01461474
v 0.01508443 -0.02526776 0.01079638
v 0.01260557 -0.02693365 0.00934105
v 0.01231562 -0.02781329 0.00953374
v 0.00787244 -0.02472617 0.00629346
v 0.00523724 -0.02472617 0.00610584
v 0.01280172 -0.03873120 0.02312870
v 0.01505031 -0.03717923 0.02313039
v 0.01644609 -0.03593729 0.02313039
v 0.01807781 -0.03375595 0.02313039
v 0.01926038 -0.03127393 0.02313039
v 0.01967258 -0.02992740 0.02313039
v 0.02026102 -0.02603721 0.02313039
v 0.01955318 -0.02868171 0.02064060
v -0.00531210 -0.02340765 0.00593005
v 0.01913246 -0.02828392 0.01845337
v 0.01771679 -0.02788986 0.01477700
v 0.01672183 -0.03000210 0.01440514
v 0.01265390 -0.02956508 0.01062904
v 0.01010398 -0.02957629 0.00931231
v 0.00863713 -0.02548254 0.00675491
v 0.00655342 -0.02588033 0.00653517
v 0.00392106 -0.02604655 0.00645235
v -0.00465259 -0.02472430 0.00604330
v -0.00860113 -0.02138318 0.00731946
v -0.00860113 -0.03563848 0.01534494
v 0.00019425 -0.04043070 0.02313208
v 0.00984245 -0.03987977 0.02262669
v 0.01263116 -0.03864156 0.02230384
v 0.01381373 -0.03725207 0.01997294
v 0.01524078 -0.03603067 0.01973123
v 0.01783902 -0.03340111 0.02102599
v 0.01807781 -0.03271383 0.02060848
v 0.01910972 -0.03072672 0.02119163
v 0.00699404 -0.03994233 0.02105979
v 0.00589533 -0.04042977 0.02313208
v -0.00860113 -0.02472430 0.00609908
v -0.00860113 -0.02138318 0.00603654
v 0.01916942 -0.02957442 0.01966869
v 0.01784755 -0.03087613 0.01712988
v 0.01809060 -0.02909632 0.01629910
v 0.01653706 -0.03080890 0.01458938
v 0.01376825 -0.02795149 0.01078793
v 0.01223886 -0.03044472 0.01088428
v 0.01373129 -0.03321248 0.01343323
v 0.00869399 -0.02813825 0.00805981
v 0.00589533 -0.02856032 0.00784514
v 0.00431335 -0.02673195 0.00678449
v -0.00860113 -0.02604468 0.00645742
v -0.00860113 -0.03741082 0.01534494
v 0.00019425 -0.03998622 0.02087217
v 0.00919431 -0.03911032 0.01932049
v 0.01001870 -0.03863782 0.01847873
v 0.01126381 -0.03860607 0.01986645
v 0.01270222 -0.03738841 0.01831139
v 0.01607369 -0.03551335 0.02064060
v 0.01650294 -0.03468974 0.01982588
v 0.00523724 -0.04000302 0.02079273
v 0.01782197 -0.03208259 0.01848042
v 0.01752064 -0.03018139 0.01583935
v 0.01653990 -0.03211994 0.01587400
v 0.01510433 -0.03326664 0.01473306
v 0.00995900 -0.03205831 0.01070003
v 0.00950132 -0.03045779 0.00954895
v 0.01238100 -0.03451606 0.01345013
v 0.00862008 -0.03070244 0.00941204
v 0.00655342 -0.03098445 0.00923963
v 0.00523724 -0.03108904 0.00917878
v 0.00392106 -0.02865743 0.00778429
v -0.00860113 -0.02673569 0.00678026
v 0.00019425 -0.03874240 0.01696254
v 0.00019425 -0.03913086 0.01800376
v 0.00128301 -0.03743323 0.01446261
v 0.00655342 -0.03907483 0.01800376
v 0.01014378 -0.03737720 0.01580639
v 0.01240374 -0.03719231 0.01743075
v 0.00857175 -0.03857993 0.01732257
v 0.00523724 -0.03914020 0.01800376
v 0.01765709 -0.03175389 0.01759978
v 0.01647167 -0.03333388 0.01728708
v 0.01499346 -0.03448431 0.01620529
v 0.01329351 -0.03473270 0.01456234
v 0.01225876 -0.03580096 0.01488349
v 0.00988225 -0.03594289 0.01338252
v 0.00787244 -0.03244677 0.01042114
v 0.00603320 -0.03332267 0.01073046
v -0.00860113 -0.03110398 0.00916695
v -0.00860113 -0.03600639 0.01329462
v 0.00326155 -0.03692431 0.01375945
v 0.00655342 -0.03870879 0.01701663
v 0.00854048 -0.03725020 0.01470432
v 0.01271075 -0.03609417 0.01576244
v 0.01389048 -0.03599519 0.01722454
v 0.01526920 -0.03476258 0.01708424
v 0.00523724 -0.03875361 0.01691690
v 0.00523724 -0.03334695 0.01071356
v 0.00721293 -0.03621463 0.01316532
v -0.00531210 -0.03174269 0.00957599
v -0.00860113 -0.03476818 0.01192718
v 0.00523724 -0.03694766 0.01377974
v 0.00523724 -0.03742015 0.01443894
v 0.00721293 -0.03687295 0.01391158
v 0.00457915 -0.03628840 0.01311883
v -0.00860113 -0.03334881 0.01071018
f 1154 1155 1158
f 1154 1158 1216
f 1154 1216 1203
f 1154 1203 1176
f 1154 1176 1156
f 1154 1156 1157
f 1154 1157 1155
f 1155 1157 1159
f 1155 1159 1160
f 1155 1160 1161
f 1155 1161 1162
f 1155 1162 1163
f 1155 1163 1164
f 1155 1164 1165
f 1155 1165 1166
f 1155 1166 1167
f 1155 1167 1168
f 1155 1168 1169
f 1155 1169 1170
f 1155 1170 1158
f 1157 1171 1172
f 1157 1172 1173
f 1157 1174 1175
f 1157 1175 1159
f 1157 1156 1176
f 1157 1176 1171
f 1159 1175 1160
f 1160 1175 1177
f 1160 1177 1178
f 1160 1178 1161
f 1161 1178 1162
f 1163 1162 1179
f 1163 1180 1164
f 1165 1181 1166
f 1166 1181 1182
f 1168 1183 1169
f 1169 1183 1184
f 1169 1184 1170
f 1171 1176 1172
f 1172 1205 1214
f 1172 1214 1173
f 1173 1185 1186
f 1173 1186 1187
f 1173 1187 1188
f 1173 1188 1189
f 1173 1189 1190
f 1173 1190 1191
f 1173 1191 1157
f 1157 1191 1174
f 1174 1191 1192
f 1174 1192 1175
f 1158 1170 1193
f 1177 1194 1178
f 1178 1179 1162
f 1179 1178 1195
f 1179 1195 1180
f 1179 1180 1163
f 1180 1195 1196
f 1164 1180 1181
f 1164 1181 1165
f 1182 1181 1197
f 1166 1182 1198
f 1166 1198 1167
f 1167 1198 1199
f 1167 1199 1168
f 1168 1199 1183
f 1183 1199 1200
f 1183 1200 1184
f 1184 1200 1201
f 1184 1201 1202
f 1184 1202 1193
f 1184 1193 1170
f 1176 1203 1204
f 1176 1204 1172
f 1172 1204 1228
f 1172 1228 1205
f 1173 1206 1207
f 1173 1207 1185
f 1185 1207 1208
f 1185 1208 1186
f 1186 1209 1187
f 1188 1187 1210
f 1188 1210 1189
f 1189 1210 1211
f 1189 1211 1212
f 1189 1212 1190
f 1190 1192 1191
f 1173 1213 1206
f 1173 1214 1213
f 1175 1192 1194
f 1175 1194 1177
f 1158 1193 1215
f 1158 1215 1216
f 1194 1217 1218
f 1194 1218 1219
f 1194 1219 1178
f 1178 1219 1195
f 1180 1196 1220
f 1180 1220 1221
f 1196 1195 1220
f 1180 1221 1181
f 1181 1221 1197
f 1182 1222 1198
f 1182 1197 1222
f 1197 1223 1222
f 1199 1224 1200
f 1200 1224 1225
f 1200 1225 1226
f 1200 1226 1201
f 1201 1226 1227
f 1201 1227 1202
f 1203 1216 1215
f 1203 1215 1227
f 1203 1227 1248
f 1203 1248 1265
f 1203 1265 1282
f 1203 1282 1277
f 1203 1277 1266
f 1203 1266 1228
f 1203 1228 1204
f 1205 1228 1229
f 1206 1230 1231
f 1206 1231 1232
f 1206 1232 1207
f 1206 1213 1230
f 1207 1233 1208
f 1208 1209 1186
f 1187 1209 1234
f 1187 1235 1210
f 1190 1212 1217
f 1190 1217 1192
f 1192 1217 1194
f 1213 1214 1236
f 1193 1202 1215
f 1217 1212 1237
f 1217 1237 1218
f 1218 1238 1219
f 1195 1238 1220
f 1195 1219 1238
f 1220 1240 1223
f 1220 1223 1197
f 1220 1197 1221
f 1198 1241 1242
f 1198 1242 1224
f 1198 1224 1199
f 1223 1240 1243
f 1223 1243 1222
f 1224 1242 1244
f 1224 1244 1225
f 1225 1244 1245
f 1225 1246 1247
f 1225 1247 1226
f 1225 1245 1246
f 1226 1248 1227
f 1202 1227 1215
f 1228 1249 1250
f 1228 1250 1229
f 1228 1251 1249
f 1205 1229 1236
f 1230 1213 1252
f 1231 1253 1254
f 1231 1254 1232
f 1231 1230 1255
f 1231 1255 1253
f 1232 1254 1233
f 1232 1233 1207
f 1187 1234 1235
f 1211 1210 1237
f 1211 1237 1212
f 1236 1256 1252
f 1236 1252 1213
f 1236 1250 1256
f 1218 1237 1257
f 1218 1257 1238
f 1238 1257 1220
f 1220 1257 1239
f 1239 1257 1258
f 1239 1258 1240
f 1239 1240 1220
f 1240 1258 1259
f 1240 1259 1260
f 1198 1222 1241
f 1241 1222 1243
f 1242 1241 1244
f 1240 1260 1243
f 1243 1260 1261
f 1243 1262 1241
f 1244 1241 1263
f 1244 1263 1245
f 1246 1245 1264
f 1247 1246 1265
f 1247 1265 1248
f 1247 1248 1226
f 1250 1236 1229
f 1228 1266 1251
f 1251 1266 1267
f 1205 1236 1214
f 1252 1268 1255
f 1252 1255 1230
f 1253 1255 1269
f 1253 1269 1262
f 1253 1262 1261
f 1253 1261 1254
f 1254 1270 1271
f 1254 1271 1233
f 1255 1268 1269
f 1209 1272 1235
f 1209 1235 1234
f 1208 1233 1271
f 1208 1271 1209
f 1256 1273 1252
f 1256 1250 1273
f 1252 1273 1268
f 1250 1249 1273
f 1257 1237 1258
f 1210 1235 1258
f 1210 1258 1237
f 1259 1272 1270
f 1260 1259 1270
f 1260 1270 1261
f 1261 1262 1243
f 1262 1263 1241
f 1263 1264 1245
f 1263 1262 1264
f 1264 1274 1246
f 1264 1262 1275
f 1264 1275 1274
f 1246 1274 1276
f 1246 1276 1265
f 1249 1251 1273
f 1266 1277 1267
f 1251 1267 1278
f 1251 1278 1279
f 1251 1279 1273
f 1261 1270 1254
f 1271 1270 1272
f 1269 1280 1262
f 1209 1271 1272
f 1235 1272 1258
f 1273 1279 1268
f 1258 1272 1259
f 1274 1275 1281
f 1262 1280 1275
f 1275 1280 1278
f 1275 1278 1281
f 1274 1281 1282
f 1274 1282 1276
f 1276 1282 1265
f 1267 1277 1281
f 1267 1281 1278
f 1278 1280 1279
f 1268 1279 1269
f 1269 1279 1280
f 1281 1277 1282

o geometry_11
v -0.00916887 0.01101759 0.11402083
v -0.01004718 0.01219458 0.11366563
v -0.01017685 0.00692143 0.11371637
v -0.00996563 0.00348952 0.11362052
v -0.00866889 0.00387990 0.11354722
v -0.01080383 0.01087775 0.11340063
v -0.01083725 0.00692143 0.11342882
v -0.00866889 0.00387990 0.11111717
v -0.00916754 0.03452826 0.10817405
v -0.00916754 0.03362512 0.10874350
v -0.00916754 0.03050202 0.10989933
v -0.00916887 0.02547359 0.11132579
v -0.00916887 0.01931770 0.11273533
v -0.00916887 0.01346480 0.11383477
v -0.00866889 -0.00279165 0.11306798
v -0.01163267 0.01087775 0.11274096
v -0.01151035 0.01615090 0.11253235
v -0.01059261 0.01615673 0.11305670
v -0.01165272 0.00296512 0.11270150
v -0.01157853 -0.00064888 0.11255632
v -0.01120622 -0.00554184 0.11228991
v -0.00866889 -0.00279165 0.11128631
v -0.00916754 0.03452826 0.09835799
v -0.00988275 0.03393976 0.10832628
v -0.01144284 0.03026312 0.10976965
v -0.01059261 0.02633011 0.11106079
v -0.01017284 0.02108027 0.11236320
v -0.01248023 0.02274088 0.11090292
v -0.01290468 0.02339929 0.11018123
v -0.01126504 0.01950707 0.11231247
v -0.01229508 0.00539776 0.11164152
v -0.01262060 -0.00560011 0.11104669
v -0.01256980 -0.00823377 0.11098186
v -0.00968757 -0.00625852 0.11236320
v -0.01132252 -0.01232410 0.11101004
v -0.00968757 -0.01186962 0.11108334
v -0.00968757 -0.01548799 0.11015304
v -0.00968757 -0.02499713 0.10727194
v -0.00968757 -0.02499713 0.10522529
v -0.01506301 0.03452826 0.05642692
v -0.01121290 0.03452826 0.10696184
v -0.01264600 0.03141681 0.10840521
v -0.01130114 0.02618445 0.11101004
v -0.01280508 0.02604461 0.10989369
v -0.01348687 0.02405771 0.10900286
v -0.01389327 -0.01748654 0.10834319
v -0.01257448 -0.01556665 0.10967944
v -0.01259787 -0.02148947 0.10834883
v -0.01126638 -0.01747489 0.10966816
v -0.01175165 -0.02499713 0.10720992
v -0.01832223 -0.02499713 0.05642128
v -0.01968714 0.03452826 0.05642692
v -0.01297352 0.03000384 0.10871531
v -0.01232516 0.02934251 0.10949901
v -0.01373820 0.02934251 0.10795980
v -0.01377697 0.02801402 0.10801054
v -0.01478294 -0.01878298 0.10636420
v -0.01506568 -0.02339480 0.10534932
v -0.01417936 -0.02076114 0.10730577
v -0.01378900 -0.02374440 0.10693929
v -0.01291069 -0.02440864 0.10720992
v -0.02231671 -0.02499713 0.05642128
v -0.02222447 0.02934251 0.05642128
v -0.02171781 0.03115461 0.05642692
v -0.02084284 0.03203443 0.06489263
v -0.01259386 0.03268120 0.10706896
v -0.01393806 0.03012620 0.10718173
v -0.01530498 -0.02207797 0.10474040
v -0.01506167 0.02801402 0.10390031
v -0.01413524 -0.02499713 0.10595825
v -0.02199988 0.03049619 0.05642692
v -0.01919118 0.03452826 0.06680679
v -0.01389461 0.03133523 0.10572708
v -0.01251231 0.03452826 0.10372553
v -0.01522477 0.03004754 0.10312225
v -0.01699073 -0.02207797 0.09845384
v -0.01683165 -0.02339480 0.09905712
v -0.01589853 0.02405771 0.10109250
v -0.01525284 -0.02415809 0.10454871
v -0.01484844 -0.02499713 0.10436828
v -0.02219172 -0.02471745 0.05956174
v -0.02179802 0.03000675 0.06353101
v -0.02138527 0.03066516 0.06647837
v -0.01661976 0.02867827 0.09816629
v -0.01658032 0.03018738 0.09800278
v -0.01517397 0.03124783 0.10163376
v -0.01662043 -0.02433872 0.09945180
v -0.01640252 -0.02499713 0.09935031
v -0.02207207 -0.01746323 0.06153510
v -0.02224853 0.02801402 0.05642128
v -0.02078937 0.03183924 0.06746928
v -0.01653888 0.03135271 0.09653686
v -0.01786503 0.03012328 0.09267472
v -0.01719126 0.02934251 0.09581517
v -0.01819523 -0.02339480 0.09317087
v -0.01765180 0.02538182 0.09399123
v -0.01791316 -0.02435620 0.09415191
v -0.01791984 -0.02499713 0.09343587
v -0.02175724 -0.02471745 0.06640084
v -0.02176192 0.02472195 0.06471785
v -0.02158412 0.02934251 0.06682371
v -0.02050930 0.03012037 0.07693576
v -0.01782091 0.03127114 0.09109603
v -0.01917246 0.03004754 0.08600476
v -0.01896659 0.02934251 0.08729590
v -0.01808427 0.02934251 0.09185155
v -0.01914706 -0.02499713 0.08756372
v -0.02091570 0.02934251 0.07373893
v -0.02049460 0.03135271 0.07418152
v -0.01436250 0.03452826 0.09712887
v -0.01546540 0.03452826 0.09248584
v -0.01919251 0.03138185 0.08348450
v -0.02005210 0.02934251 0.08066823
v -0.01985692 0.03066516 0.08065696
v -0.01862703 0.02801402 0.08922416
v -0.01921925 -0.01812165 0.08756653
v -0.02125793 -0.02499713 0.07181913
v -0.02157209 -0.02471745 0.06878579
v -0.02103368 -0.01977060 0.07439577
v -0.01901070 0.03240734 0.08065696
v -0.01844121 0.03452826 0.07472278
v -0.02046251 0.02274088 0.07790835
v -0.02021921 -0.02339480 0.08133072
v -0.01963367 -0.02339480 0.08526053
v -0.02101062 -0.02471745 0.07473406
v -0.02056278 -0.02379392 0.07869769
v -0.01656528 0.03452826 0.08716904
v -0.01766584 0.03452826 0.08069924
v -0.02045583 -0.02499713 0.07941374
f 1283 1284 1285
f 1283 1285 1286
f 1284 1288 1289
f 1284 1289 1285
f 1285 1289 1286
f 1286 1287 1283
f 1287 1290 1305
f 1287 1305 1291
f 1287 1291 1292
f 1287 1292 1293
f 1287 1293 1294
f 1287 1294 1295
f 1287 1295 1296
f 1287 1296 1283
f 1287 1297 1304
f 1287 1304 1290
f 1283 1296 1284
f 1288 1298 1289
f 1288 1299 1298
f 1284 1300 1288
f 1289 1298 1301
f 1289 1301 1302
f 1289 1302 1286
f 1286 1303 1297
f 1286 1297 1287
f 1290 1304 1305
f 1291 1305 1322
f 1291 1322 1334
f 1291 1334 1354
f 1291 1354 1403
f 1291 1403 1410
f 1291 1410 1409
f 1291 1409 1393
f 1291 1393 1392
f 1291 1392 1356
f 1291 1356 1323
f 1291 1306 1292
f 1292 1306 1307
f 1292 1307 1293
f 1293 1307 1308
f 1293 1308 1294
f 1295 1309 1296
f 1296 1300 1284
f 1296 1309 1300
f 1298 1310 1311
f 1288 1300 1299
f 1299 1310 1298
f 1300 1312 1299
f 1298 1311 1313
f 1298 1313 1301
f 1301 1313 1314
f 1301 1314 1315
f 1301 1315 1302
f 1302 1303 1286
f 1302 1315 1303
f 1303 1316 1297
f 1303 1315 1317
f 1303 1317 1316
f 1297 1316 1318
f 1297 1318 1319
f 1297 1319 1320
f 1297 1320 1321
f 1297 1321 1304
f 1304 1321 1305
f 1305 1321 1322
f 1291 1323 1306
f 1306 1324 1307
f 1307 1325 1308
f 1294 1309 1295
f 1294 1308 1309
f 1309 1312 1300
f 1310 1299 1312
f 1310 1312 1325
f 1310 1326 1311
f 1311 1327 1313
f 1313 1327 1314
f 1314 1328 1315
f 1315 1328 1329
f 1315 1329 1317
f 1317 1318 1316
f 1317 1329 1330
f 1317 1330 1331
f 1317 1331 1318
f 1319 1318 1331
f 1319 1331 1320
f 1320 1331 1330
f 1320 1330 1332
f 1320 1332 1352
f 1320 1352 1362
f 1320 1362 1370
f 1320 1370 1380
f 1320 1380 1389
f 1320 1389 1411
f 1320 1411 1399
f 1320 1399 1344
f 1320 1344 1333
f 1320 1333 1321
f 1321 1333 1322
f 1322 1345 1334
f 1323 1324 1306
f 1307 1324 1335
f 1307 1335 1336
f 1325 1312 1309
f 1325 1309 1308
f 1325 1307 1336
f 1325 1336 1310
f 1326 1335 1337
f 1326 1337 1311
f 1311 1337 1327
f 1327 1338 1339
f 1327 1339 1328
f 1327 1328 1314
f 1328 1341 1342
f 1328 1342 1330
f 1329 1328 1330
f 1330 1342 1343
f 1330 1343 1332
f 1333 1344 1372
f 1333 1372 1345
f 1333 1345 1322
f 1334 1345 1346
f 1334 1346 1347
f 1324 1323 1348
f 1324 1348 1349
f 1324 1349 1335
f 1310 1336 1326
f 1336 1335 1326
f 1337 1338 1327
f 1337 1335 1349
f 1339 1338 1351
f 1339 1351 1350
f 1339 1350 1340
f 1339 1340 1328
f 1328 1340 1341
f 1341 1340 1342
f 1342 1352 1343
f 1343 1352 1332
f 1345 1353 1346
f 1334 1347 1354
f 1348 1323 1356
f 1348 1355 1349
f 1337 1357 1351
f 1337 1351 1338
f 1337 1349 1357
f 1349 1355 1357
f 1350 1358 1359
f 1350 1359 1340
f 1350 1351 1360
f 1350 1360 1358
f 1340 1361 1352
f 1340 1352 1342
f 1352 1361 1362
f 1345 1364 1353
f 1346 1365 1347
f 1346 1353 1365
f 1355 1348 1356
f 1357 1367 1366
f 1357 1355 1368
f 1358 1360 1366
f 1359 1369 1361
f 1359 1361 1340
f 1351 1357 1360
f 1361 1369 1370
f 1361 1370 1362
f 1363 1371 1372
f 1363 1372 1344
f 1364 1365 1353
f 1347 1373 1354
f 1347 1365 1373
f 1356 1368 1355
f 1366 1360 1357
f 1357 1368 1374
f 1357 1374 1367
f 1367 1374 1375
f 1367 1375 1376
f 1367 1376 1366
f 1358 1377 1359
f 1358 1376 1378
f 1359 1377 1379
f 1359 1379 1369
f 1358 1366 1376
f 1369 1379 1380
f 1369 1380 1370
f 1363 1344 1381
f 1363 1381 1371
f 1371 1382 1372
f 1372 1382 1364
f 1372 1364 1345
f 1364 1383 1384
f 1364 1384 1365
f 1375 1386 1387
f 1375 1387 1388
f 1375 1388 1376
f 1358 1378 1377
f 1379 1377 1389
f 1381 1382 1371
f 1364 1382 1383
f 1383 1390 1384
f 1384 1391 1365
f 1365 1391 1373
f 1373 1391 1354
f 1374 1385 1375
f 1385 1374 1393
f 1385 1394 1386
f 1385 1386 1375
f 1386 1384 1395
f 1386 1395 1387
f 1386 1396 1384
f 1387 1397 1388
f 1388 1378 1376
f 1389 1380 1379
f 1377 1378 1388
f 1377 1388 1397
f 1344 1399 1400
f 1344 1400 1381
f 1382 1381 1400
f 1382 1400 1383
f 1383 1400 1401
f 1390 1383 1401
f 1384 1396 1391
f 1391 1394 1402
f 1391 1402 1403
f 1368 1356 1374
f 1374 1356 1392
f 1392 1393 1374
f 1394 1396 1386
f 1384 1390 1395
f 1395 1405 1406
f 1395 1406 1387
f 1387 1406 1398
f 1387 1398 1397
f 1377 1397 1398
f 1377 1406 1389
f 1377 1398 1406
f 1401 1400 1407
f 1396 1394 1391
f 1390 1401 1408
f 1390 1408 1404
f 1394 1385 1409
f 1394 1409 1402
f 1402 1410 1403
f 1391 1403 1354
f 1385 1393 1409
f 1404 1405 1395
f 1406 1405 1411
f 1406 1411 1389
f 1399 1407 1400
f 1401 1407 1408
f 1390 1404 1395
f 1402 1409 1410
f 1404 1408 1405
f 1405 1408 1411
f 1411 1408 1407
f 1407 1399 1411

o geometry_12
v -0.00968529 -0.02984234 0.09424572
v -0.00738622 -0.01871844 0.09108604
v -0.00738622 -0.01909629 0.09108604
v -0.00511228 -0.02867929 0.09080888
v -0.00495626 -0.02945623 0.09092283
v -0.00507955 -0.02959910 0.09186518
v -0.00441441 -0.02959910 0.09186518
v -0.00396389 -0.02984234 0.09529587
v -0.00968529 -0.02984234 0.10510750
v -0.00968529 -0.02297152 0.10623464
v -0.00741362 -0.01870073 0.09186518
v -0.00399965 -0.01777974 0.10122719
v -0.00663205 -0.01861454 0.09186518
v -0.00663205 -0.01868420 0.09102753
v -0.00669445 -0.01950128 0.09099057
v -0.00452705 -0.02867929 0.09080888
v -0.00456662 -0.02945623 0.09092283
v -0.00309479 -0.02984234 0.09578244
v -0.00317851 -0.02984234 0.09569930
v -0.00745852 -0.02984234 0.11691472
v -0.00741134 -0.02961327 0.11782321
v -0.00739231 -0.02822352 0.12041624
v -0.00968529 -0.02907957 0.10556021
v -0.00968529 -0.02297152 0.10784835
v -0.00737024 -0.01873615 0.09318326
v -0.00264426 -0.01834296 0.10122719
v -0.00399585 -0.01779627 0.10109477
v -0.00575915 -0.01872081 0.09108912
v -0.00732839 -0.01876567 0.09420261
v -0.00528198 -0.01832761 0.10122719
v -0.00726522 -0.02297152 0.11889799
v -0.00672261 -0.02297152 0.11971408
v -0.00548975 -0.02297152 0.12087510
v -0.00540223 -0.02297152 0.12095209
v -0.00531547 -0.02297152 0.12100136
v -0.00399585 -0.02297152 0.12095209
v -0.00389844 -0.02297152 0.12086894
v -0.00273254 -0.02297152 0.11958166
v -0.00531775 -0.01946114 0.09099673
v -0.00456205 -0.02076705 0.09103369
v -0.00314959 -0.01979175 0.09480313
v -0.00314959 -0.02038567 0.09480313
v -0.00268764 -0.02984234 0.09691574
v -0.00699886 -0.02984234 0.11808497
v -0.00665640 -0.02858011 0.12086278
v -0.00623251 -0.02833451 0.12171583
v -0.00635351 -0.02472376 0.12182054
v -0.00701332 -0.02472376 0.12107219
v -0.00740525 -0.02384410 0.12047167
v -0.00780327 -0.02736039 0.11823587
v -0.00968529 -0.02842071 0.10589280
v -0.00968529 -0.02472376 0.10738333
v -0.00780859 -0.02472376 0.11823587
v -0.00756202 -0.02297152 0.11815272
v -0.00262372 -0.01836894 0.10122719
v -0.00322493 -0.01871018 0.09713747
v -0.00306207 -0.01857085 0.09845863
v -0.00268384 -0.02297152 0.11948004
v -0.00195401 -0.02393384 0.12035772
v -0.00498366 -0.01904787 0.09186518
v -0.00459478 -0.01990864 0.09109836
v -0.00332691 -0.01878338 0.09644456
v -0.00594027 -0.01881763 0.10122719
v -0.00587483 -0.01876803 0.10122719
v -0.00669521 -0.02347925 0.12089358
v -0.00629796 -0.02373311 0.12177742
v -0.00531547 -0.02353002 0.12196836
v -0.00399585 -0.02355127 0.12194680
v -0.00307196 -0.02376145 0.12174662
v -0.00265035 -0.02355600 0.12082890
v -0.00304304 -0.01939147 0.09593026
v -0.00277364 -0.01944933 0.09713747
v -0.00264274 -0.02984234 0.09714055
v -0.00669902 -0.02984234 0.11850688
v -0.00531547 -0.02856358 0.12187597
v -0.00531547 -0.02736039 0.12206998
v -0.00531547 -0.02472376 0.12227016
v -0.00531547 -0.02919292 0.12087202
v -0.00968529 -0.02495755 0.10730018
v -0.00968529 -0.02549362 0.10710001
v -0.00191672 -0.02384882 0.11955395
v -0.00226223 -0.01931945 0.10122719
v -0.00195401 -0.02433411 0.12035772
v -0.00191063 -0.02759418 0.11955395
v -0.00304228 -0.02472376 0.12177126
v -0.00399585 -0.02472376 0.12221473
v -0.00259784 -0.01944933 0.09845863
v -0.00225995 -0.01933362 0.10122719
v -0.00212829 -0.02984234 0.10242824
v -0.00655062 -0.02984234 0.11858695
v -0.00399585 -0.02853524 0.12185749
v -0.00399585 -0.02916458 0.12087202
v -0.00399585 -0.02736039 0.12203919
v -0.00531547 -0.02984234 0.11915360
v -0.00204457 -0.02984234 0.10373399
v -0.00196314 -0.02813024 0.12032077
v -0.00191063 -0.02822942 0.11955395
v -0.00312828 -0.02829909 0.12169120
v -0.00268384 -0.02850218 0.12080734
v -0.00399585 -0.02984234 0.11904273
v -0.00363588 -0.02984234 0.11887643
v -0.00309936 -0.02984234 0.11839294
v -0.00285202 -0.02984234 0.11691472
v -0.00304000 -0.02984234 0.11823896
f 1412 1413 1414
f 1412 1414 1415
f 1412 1415 1416
f 1412 1416 1417
f 1412 1417 1418
f 1412 1418 1419
f 1412 1419 1430
f 1412 1430 1429
f 1412 1429 1454
f 1412 1454 1484
f 1412 1484 1500
f 1412 1500 1506
f 1412 1506 1514
f 1412 1514 1515
f 1412 1515 1513
f 1412 1513 1512
f 1412 1512 1511
f 1412 1511 1505
f 1412 1505 1501
f 1412 1501 1485
f 1412 1485 1455
f 1412 1455 1431
f 1412 1431 1420
f 1412 1420 1434
f 1412 1434 1462
f 1412 1462 1491
f 1412 1491 1490
f 1412 1490 1463
f 1412 1463 1435
f 1412 1435 1421
f 1412 1421 1413
f 1413 1422 1423
f 1413 1423 1424
f 1413 1424 1425
f 1413 1425 1426
f 1413 1426 1414
f 1413 1421 1422
f 1414 1426 1415
f 1415 1427 1428
f 1415 1428 1416
f 1415 1426 1427
f 1416 1428 1418
f 1416 1418 1417
f 1418 1428 1429
f 1418 1429 1430
f 1418 1430 1419
f 1420 1431 1432
f 1420 1432 1433
f 1420 1433 1434
f 1421 1435 1422
f 1422 1436 1423
f 1422 1435 1436
f 1423 1437 1438
f 1423 1438 1439
f 1423 1439 1425
f 1423 1425 1424
f 1423 1436 1440
f 1423 1440 1441
f 1423 1441 1442
f 1423 1442 1443
f 1423 1443 1444
f 1423 1444 1445
f 1423 1445 1446
f 1423 1446 1447
f 1423 1447 1448
f 1423 1448 1449
f 1423 1449 1437
f 1425 1439 1450
f 1425 1450 1426
f 1426 1450 1427
f 1427 1450 1451
f 1427 1451 1452
f 1427 1452 1453
f 1427 1453 1454
f 1427 1454 1428
f 1428 1454 1429
f 1431 1455 1432
f 1432 1455 1433
f 1433 1456 1457
f 1433 1457 1458
f 1433 1458 1459
f 1433 1459 1460
f 1433 1460 1461
f 1433 1461 1462
f 1433 1462 1434
f 1433 1455 1456
f 1435 1463 1461
f 1435 1461 1464
f 1435 1464 1460
f 1435 1460 1465
f 1435 1465 1440
f 1435 1440 1436
f 1437 1466 1467
f 1437 1467 1468
f 1437 1468 1438
f 1437 1449 1469
f 1437 1469 1470
f 1437 1470 1466
f 1438 1468 1467
f 1438 1467 1439
f 1439 1471 1472
f 1439 1472 1450
f 1439 1467 1473
f 1439 1473 1471
f 1440 1465 1474
f 1440 1474 1475
f 1440 1475 1441
f 1441 1475 1465
f 1441 1465 1442
f 1442 1465 1460
f 1442 1460 1476
f 1442 1476 1443
f 1443 1476 1444
f 1444 1476 1445
f 1445 1476 1477
f 1445 1477 1446
f 1446 1477 1478
f 1446 1478 1447
f 1447 1478 1479
f 1447 1479 1480
f 1447 1480 1448
f 1448 1481 1449
f 1448 1480 1481
f 1449 1481 1470
f 1449 1470 1469
f 1450 1472 1451
f 1451 1472 1452
f 1452 1472 1471
f 1452 1471 1473
f 1452 1473 1482
f 1452 1482 1483
f 1452 1483 1484
f 1452 1484 1454
f 1452 1454 1453
f 1455 1485 1456
f 1456 1485 1457
f 1457 1486 1487
f 1457 1487 1488
f 1457 1488 1458
f 1457 1485 1489
f 1457 1489 1486
f 1458 1488 1477
f 1458 1477 1459
f 1459 1477 1460
f 1460 1477 1476
f 1460 1464 1461
f 1461 1463 1490
f 1461 1490 1491
f 1461 1491 1462
f 1465 1475 1474
f 1466 1470 1492
f 1466 1492 1493
f 1466 1493 1483
f 1466 1483 1482
f 1466 1482 1467
f 1467 1482 1473
f 1470 1494 1508
f 1470 1508 1495
f 1470 1495 1492
f 1470 1481 1480
f 1470 1480 1496
f 1470 1496 1494
f 1477 1488 1478
f 1478 1488 1479
f 1479 1488 1497
f 1479 1497 1480
f 1480 1497 1496
f 1483 1493 1498
f 1483 1498 1484
f 1484 1498 1499
f 1484 1499 1500
f 1485 1501 1489
f 1486 1502 1487
f 1486 1489 1503
f 1486 1503 1502
f 1487 1502 1504
f 1487 1504 1488
f 1488 1504 1497
f 1489 1501 1505
f 1489 1505 1503
f 1492 1495 1506
f 1492 1506 1499
f 1492 1499 1493
f 1493 1499 1498
f 1494 1507 1508
f 1494 1496 1507
f 1495 1508 1506
f 1496 1509 1507
f 1496 1497 1509
f 1497 1504 1509
f 1499 1506 1500
f 1502 1503 1509
f 1502 1509 1504
f 1503 1510 1509
f 1503 1505 1511
f 1503 1511 1512
f 1503 1512 1513
f 1503 1513 1510
f 1506 1508 1514
f 1507 1509 1510
f 1507 1510 1513
f 1507 1513 1515
f 1507 1515 1508
f 1508 1515 1514

o geometry_13
v -0.01013113 0.02576141 0.00479298
v -0.01059096 0.02576141 0.00490383
v -0.01013113 0.02671456 0.00490099
v -0.01013113 0.02576141 0.01062283
v -0.01059096 0.02671456 0.00502606
v -0.01147422 0.02576141 0.00531598
v -0.01013113 0.02734363 0.00508859
v -0.01013113 0.02702476 0.03222257
v -0.01772018 0.02576141 0.02597203
v -0.01136279 0.02671456 0.00539557
v -0.01126696 0.02740949 0.00546664
v -0.01059096 0.02767983 0.00531883
v -0.01213388 0.02576141 0.00589300
v -0.01013113 0.02777169 0.00525914
v -0.01013113 0.02803163 0.03259208
v -0.01772018 0.02846142 0.03383139
v -0.01586377 0.02702476 0.03222257
v -0.01772018 0.02599710 0.02844496
v -0.01772018 0.02576141 0.01475006
v -0.01202245 0.02671456 0.00600386
v -0.01259445 0.02746668 0.00676848
v -0.01185976 0.02787740 0.00620283
v -0.01152473 0.02935218 0.00656382
v -0.01129222 0.03005057 0.00677132
v -0.01059096 0.02834184 0.00564287
v -0.01013113 0.02820146 0.00546948
v -0.01279799 0.02576141 0.00655245
v -0.01013113 0.04102042 0.03383139
v -0.01716229 0.02935218 0.03383139
v -0.01768007 0.02851860 0.03383139
v -0.01772018 0.03648171 0.03383139
v -0.01772018 0.02773876 0.03252386
v -0.01687703 0.02714087 0.03209750
v -0.01772018 0.02705076 0.03113391
v -0.01772018 0.02603696 0.01496893
v -0.01363817 0.03201925 0.01141303
v -0.01295845 0.03202445 0.01003729
v -0.01269102 0.03160680 0.00923572
v -0.01282102 0.03058606 0.00878661
v -0.01260039 0.03008869 0.00807031
v -0.01588160 0.02576141 0.01147556
v -0.01268582 0.02671456 0.00666331
v -0.01348440 0.02576141 0.00748477
v -0.01373251 0.02576141 0.00786566
v -0.01406606 0.02576141 0.00838014
v -0.01285668 0.02795711 0.00742224
v -0.01245405 0.02834530 0.00695608
v -0.01218439 0.02935218 0.00721190
v -0.01234485 0.03096906 0.00835456
v -0.01059096 0.03167439 0.00785429
v -0.01059096 0.03079922 0.00719484
v -0.01059096 0.03014069 0.00670310
v -0.01059096 0.02935218 0.00620567
v -0.01146530 0.03152362 0.00796799
v -0.01013113 0.02909222 0.00598680
v -0.01013113 0.04346394 0.03383139
v -0.01527023 0.04067035 0.03383139
v -0.01522566 0.04059410 0.03299855
v -0.01663041 0.03810206 0.03251249
v -0.01711698 0.03726156 0.03251249
v -0.01772018 0.03638813 0.03336807
v -0.01772018 0.02663137 0.01547488
v -0.01302902 0.03339871 0.01132207
v -0.01275491 0.03302265 0.01043807
v -0.01245257 0.03248716 0.00955975
v -0.01271405 0.02935218 0.00787134
v -0.01496417 0.02576141 0.00988379
v -0.01428817 0.02576141 0.00874397
v -0.01013113 0.03172984 0.00783439
v -0.01059096 0.03233119 0.00838299
v -0.01013113 0.03238838 0.00833466
v -0.01013113 0.03015801 0.00668888
v -0.01013113 0.02986514 0.00649560
v -0.01157376 0.03291174 0.00920445
v -0.01013113 0.04327158 0.03177630
v -0.01027747 0.04332010 0.03251249
v -0.01064296 0.04337729 0.03383139
v -0.01486166 0.04132889 0.03383139
v -0.01511720 0.04040867 0.03119360
v -0.01656801 0.03799635 0.03156312
v -0.01550349 0.03975014 0.03119360
v -0.01772018 0.03624082 0.03265177
v -0.01766966 0.03629801 0.03251249
v -0.01772018 0.02709235 0.01589840
v -0.01367383 0.03334499 0.01269781
v -0.01366640 0.03466207 0.01400818
v -0.01303720 0.03470019 0.01266086
v -0.01277348 0.03431200 0.01170012
v -0.01250679 0.03389955 0.01081896
v -0.01059096 0.03307291 0.00904243
v -0.01013113 0.03316996 0.00901400
v -0.01162799 0.03421149 0.01048923
v -0.01059096 0.03373145 0.00967061
v -0.01013113 0.04321959 0.03143521
v -0.01202096 0.04312601 0.03383139
v -0.01200239 0.04312947 0.03383139
v -0.01420200 0.04220232 0.03383139
v -0.01411360 0.04210181 0.03251249
v -0.01401628 0.04200129 0.03119360
v -0.01393977 0.04192678 0.03021580
v -0.01458829 0.04121798 0.03119360
v -0.01484011 0.04110707 0.03253808
v -0.01503251 0.04025617 0.02987471
v -0.01772018 0.03620963 0.03251249
v -0.01540840 0.03959590 0.02987471
v -0.01650040 0.03787850 0.03068196
v -0.01772018 0.02754466 0.01632762
v -0.01772018 0.02797791 0.01674546
v -0.01382314 0.03512824 0.01490071
v -0.01772018 0.02839210 0.01716614
v -0.01772018 0.02884961 0.01764367
v -0.01276308 0.03553376 0.01305028
v -0.01245776 0.03519063 0.01217480
v -0.01013113 0.03360494 0.00942900
v -0.01157822 0.03544885 0.01185929
v -0.01013113 0.03442638 0.01026752
v -0.01013113 0.04241375 0.02723692
v -0.01059022 0.04233056 0.02723692
v -0.01059022 0.04258358 0.02855581
v -0.01252462 0.04189385 0.02694983
v -0.01275639 0.04195623 0.02752969
v -0.01301119 0.04206715 0.02855581
v -0.01322811 0.04281407 0.03383139
v -0.01384988 0.04185052 0.02933748
v -0.01430823 0.04133409 0.02981501
v -0.01427703 0.04108454 0.02855581
v -0.01493669 0.04007594 0.02855581
v -0.01772018 0.03596181 0.03160860
v -0.01377708 0.03636213 0.01632762
v -0.01358840 0.03593062 0.01535266
v -0.01772018 0.02924473 0.01808425
v -0.01772018 0.02973343 0.01866695
v -0.01772018 0.02997085 0.01895119
v -0.01772018 0.03042836 0.01952537
v -0.01297925 0.03596008 0.01407071
v -0.01268508 0.03671740 0.01452550
v -0.01222451 0.03641239 0.01364719
v -0.01134422 0.03663768 0.01333737
v -0.01013113 0.03559095 0.01162337
v -0.01013113 0.03486829 0.01076779
v -0.01014153 0.04195623 0.02491180
v -0.01013113 0.04195623 0.02491180
v -0.01240428 0.04185919 0.02664853
v -0.01269028 0.04062183 0.02243887
v -0.01367011 0.04174481 0.02855581
v -0.01291165 0.04075527 0.02328024
v -0.01333731 0.04215726 0.02981501
v -0.01329794 0.04090257 0.02462756
v -0.01393160 0.04060797 0.02508803
v -0.01402223 0.04071715 0.02591803
v -0.01412920 0.04085925 0.02694983
v -0.01415891 0.04089738 0.02723692
v -0.01479703 0.03982292 0.02694983
v -0.01486909 0.03980039 0.02725966
v -0.01523606 0.03929609 0.02771161
v -0.01772018 0.03584397 0.03119360
v -0.01290348 0.03698255 0.01537256
v -0.01772018 0.03064499 0.01980677
v -0.01772018 0.03105744 0.02034683
v -0.01393160 0.03668967 0.01720878
v -0.01386103 0.03787157 0.01874085
v -0.01369537 0.03761855 0.01800466
v -0.01277794 0.03810899 0.01698706
v -0.01245331 0.03787157 0.01610875
v -0.01157451 0.03802407 0.01583303
v -0.01059096 0.03816618 0.01560848
v -0.01059096 0.03777625 0.01494903
v -0.01013113 0.03782651 0.01486091
v -0.01013113 0.03733261 0.01407640
v -0.01013113 0.03674512 0.01318956
v -0.01013113 0.03627375 0.01253011
v -0.01013113 0.03603286 0.01220892
v -0.01013113 0.04195450 0.02490327
v -0.01013113 0.04069462 0.02090964
v -0.01026336 0.04068422 0.02093806
v -0.01245182 0.03921118 0.01871811
v -0.01279725 0.03940354 0.01959643
v -0.01357131 0.04027003 0.02328024
v -0.01378228 0.04045026 0.02420972
v -0.01399326 0.03940180 0.02224559
v -0.01412697 0.03960976 0.02328024
v -0.01422874 0.03996503 0.02462756
v -0.01455337 0.03989744 0.02591803
v -0.01491663 0.03961843 0.02694983
v -0.01507634 0.03900495 0.02591803
v -0.01508080 0.03933595 0.02694983
v -0.01516103 0.03915919 0.02683045
v -0.01772018 0.03468459 0.02723692
v -0.01772018 0.03508319 0.02857855
v -0.01772018 0.03156694 0.02104323
v -0.01399251 0.03810206 0.01961917
v -0.01386325 0.03920251 0.02136727
v -0.01371171 0.03901708 0.02064244
v -0.01303645 0.03837067 0.01800466
v -0.01772018 0.03217002 0.02196134
v -0.01772018 0.03241784 0.02235928
v -0.01772018 0.03275924 0.02293346
v -0.01013113 0.03911759 0.01715477
v -0.01013113 0.03819911 0.01549478
v -0.01013113 0.03800675 0.01516221
v -0.01013113 0.04066342 0.02082436
v -0.01013113 0.03930129 0.01754987
v -0.01059096 0.03994250 0.01932355
v -0.01428223 0.03868954 0.02186754
v -0.01772018 0.03413350 0.02557409
v -0.01480743 0.03845213 0.02339962
v -0.01493891 0.03874326 0.02459913
v -0.01652938 0.03661168 0.02654621
v -0.01644395 0.03645745 0.02566505
v -0.01772018 0.03459275 0.02694983
v -0.01772018 0.03365346 0.02459913
v -0.01772018 0.03374185 0.02476399
v -0.01772018 0.03431027 0.02608289
f 1516 1517 1518
f 1516 1518 1522
f 1516 1522 1529
f 1516 1529 1541
f 1516 1541 1570
f 1516 1570 1588
f 1516 1588 1587
f 1516 1587 1584
f 1516 1584 1586
f 1516 1586 1606
f 1516 1606 1629
f 1516 1629 1631
f 1516 1631 1655
f 1516 1655 1654
f 1516 1654 1687
f 1516 1687 1686
f 1516 1686 1685
f 1516 1685 1684
f 1516 1684 1683
f 1516 1683 1715
f 1516 1715 1714
f 1516 1714 1713
f 1516 1713 1717
f 1516 1717 1716
f 1516 1716 1689
f 1516 1689 1688
f 1516 1688 1657
f 1516 1657 1632
f 1516 1632 1609
f 1516 1609 1590
f 1516 1590 1571
f 1516 1571 1543
f 1516 1543 1530
f 1516 1530 1523
f 1516 1523 1519
f 1516 1519 1524
f 1516 1524 1534
f 1516 1534 1556
f 1516 1556 1582
f 1516 1582 1583
f 1516 1583 1560
f 1516 1560 1559
f 1516 1559 1558
f 1516 1558 1542
f 1516 1542 1528
f 1516 1528 1521
f 1516 1521 1517
f 1517 1520 1518
f 1517 1521 1520
f 1518 1520 1522
f 1519 1523 1524
f 1520 1521 1525
f 1520 1525 1526
f 1520 1526 1527
f 1520 1527 1522
f 1521 1528 1525
f 1522 1527 1529
f 1523 1530 1531
f 1523 1531 1532
f 1523 1532 1533
f 1523 1533 1524
f 1524 1533 1549
f 1524 1549 1547
f 1524 1547 1531
f 1524 1531 1546
f 1524 1546 1576
f 1524 1576 1597
f 1524 1597 1619
f 1524 1619 1643
f 1524 1643 1671
f 1524 1671 1704
f 1524 1704 1703
f 1524 1703 1725
f 1524 1725 1728
f 1524 1728 1720
f 1524 1720 1727
f 1524 1727 1726
f 1524 1726 1712
f 1524 1712 1711
f 1524 1711 1710
f 1524 1710 1705
f 1524 1705 1674
f 1524 1674 1673
f 1524 1673 1649
f 1524 1649 1648
f 1524 1648 1647
f 1524 1647 1646
f 1524 1646 1626
f 1524 1626 1625
f 1524 1625 1623
f 1524 1623 1622
f 1524 1622 1599
f 1524 1599 1577
f 1524 1577 1550
f 1524 1550 1534
f 1525 1528 1535
f 1525 1535 1526
f 1526 1535 1536
f 1526 1536 1537
f 1526 1537 1538
f 1526 1538 1539
f 1526 1539 1540
f 1526 1540 1527
f 1527 1540 1541
f 1527 1541 1529
f 1528 1542 1535
f 1530 1543 1544
f 1530 1544 1545
f 1530 1545 1531
f 1531 1545 1544
f 1531 1544 1543
f 1531 1543 1571
f 1531 1571 1592
f 1531 1592 1611
f 1531 1611 1610
f 1531 1610 1638
f 1531 1638 1612
f 1531 1612 1593
f 1531 1593 1572
f 1531 1572 1546
f 1531 1547 1548
f 1531 1548 1532
f 1532 1548 1533
f 1533 1548 1549
f 1534 1550 1551
f 1534 1551 1552
f 1534 1552 1553
f 1534 1553 1554
f 1534 1554 1555
f 1534 1555 1556
f 1535 1542 1557
f 1535 1557 1536
f 1536 1557 1558
f 1536 1558 1559
f 1536 1559 1560
f 1536 1560 1561
f 1536 1561 1562
f 1536 1562 1537
f 1537 1562 1538
f 1538 1562 1563
f 1538 1563 1564
f 1538 1564 1539
f 1539 1565 1566
f 1539 1566 1567
f 1539 1567 1568
f 1539 1568 1540
f 1539 1564 1569
f 1539 1569 1565
f 1540 1568 1541
f 1541 1568 1570
f 1542 1558 1557
f 1546 1572 1573
f 1546 1573 1574
f 1546 1574 1575
f 1546 1575 1576
f 1547 1549 1548
f 1550 1577 1551
f 1551 1578 1579
f 1551 1579 1552
f 1551 1577 1578
f 1552 1579 1553
f 1553 1580 1564
f 1553 1564 1555
f 1553 1555 1554
f 1553 1579 1580
f 1555 1581 1556
f 1555 1564 1563
f 1555 1563 1562
f 1555 1562 1581
f 1556 1581 1582
f 1560 1583 1561
f 1561 1583 1581
f 1561 1581 1562
f 1564 1580 1569
f 1565 1584 1566
f 1565 1569 1585
f 1565 1585 1586
f 1565 1586 1584
f 1566 1584 1567
f 1567 1587 1588
f 1567 1588 1570
f 1567 1570 1568
f 1567 1584 1587
f 1569 1580 1589
f 1569 1589 1585
f 1571 1590 1591
f 1571 1591 1592
f 1572 1593 1573
f 1573 1593 1594
f 1573 1594 1574
f 1574 1595 1575
f 1574 1594 1596
f 1574 1596 1595
f 1575 1597 1576
f 1575 1595 1598
f 1575 1598 1597
f 1577 1599 1600
f 1577 1600 1578
f 1578 1600 1601
f 1578 1601 1602
f 1578 1602 1603
f 1578 1603 1579
f 1579 1603 1604
f 1579 1604 1580
f 1580 1604 1589
f 1581 1583 1582
f 1585 1589 1605
f 1585 1605 1606
f 1585 1606 1586
f 1589 1604 1607
f 1589 1607 1608
f 1589 1608 1605
f 1590 1609 1610
f 1590 1610 1591
f 1591 1610 1611
f 1591 1611 1592
f 1593 1612 1613
f 1593 1613 1614
f 1593 1614 1615
f 1593 1615 1616
f 1593 1616 1617
f 1593 1617 1594
f 1594 1616 1618
f 1594 1618 1596
f 1594 1617 1616
f 1595 1619 1598
f 1595 1596 1618
f 1595 1618 1620
f 1595 1620 1621
f 1595 1621 1619
f 1597 1598 1619
f 1599 1622 1600
f 1600 1622 1623
f 1600 1623 1601
f 1601 1624 1602
f 1601 1623 1625
f 1601 1625 1626
f 1601 1626 1624
f 1602 1624 1627
f 1602 1627 1603
f 1603 1628 1604
f 1603 1627 1628
f 1604 1628 1607
f 1605 1608 1606
f 1606 1608 1629
f 1607 1628 1630
f 1607 1630 1631
f 1607 1631 1608
f 1608 1631 1629
f 1609 1632 1633
f 1609 1633 1634
f 1609 1634 1635
f 1609 1635 1636
f 1609 1636 1637
f 1609 1637 1610
f 1610 1637 1638
f 1612 1638 1613
f 1613 1638 1614
f 1614 1638 1615
f 1615 1639 1640
f 1615 1640 1616
f 1615 1638 1639
f 1616 1640 1618
f 1618 1640 1641
f 1618 1641 1642
f 1618 1642 1620
f 1619 1621 1643
f 1620 1642 1621
f 1621 1642 1643
f 1624 1644 1645
f 1624 1645 1627
f 1624 1626 1646
f 1624 1646 1647
f 1624 1647 1648
f 1624 1648 1649
f 1624 1649 1644
f 1627 1645 1650
f 1627 1650 1651
f 1627 1651 1628
f 1628 1651 1652
f 1628 1652 1630
f 1630 1652 1653
f 1630 1653 1654
f 1630 1654 1655
f 1630 1655 1631
f 1632 1656 1633
f 1632 1657 1656
f 1633 1656 1658
f 1633 1658 1635
f 1633 1635 1634
f 1635 1658 1659
f 1635 1659 1636
f 1636 1660 1639
f 1636 1639 1637
f 1636 1659 1661
f 1636 1661 1660
f 1637 1639 1662
f 1637 1662 1638
f 1638 1662 1639
f 1639 1660 1663
f 1639 1663 1664
f 1639 1664 1665
f 1639 1665 1666
f 1639 1666 1667
f 1639 1667 1641
f 1639 1641 1640
f 1641 1667 1642
f 1642 1667 1668
f 1642 1668 1669
f 1642 1669 1670
f 1642 1670 1671
f 1642 1671 1643
f 1644 1672 1651
f 1644 1651 1650
f 1644 1650 1645
f 1644 1649 1673
f 1644 1673 1674
f 1644 1674 1675
f 1644 1675 1676
f 1644 1676 1677
f 1644 1677 1672
f 1651 1672 1678
f 1651 1678 1679
f 1651 1679 1652
f 1652 1679 1653
f 1653 1679 1680
f 1653 1680 1681
f 1653 1681 1682
f 1653 1682 1683
f 1653 1683 1684
f 1653 1684 1685
f 1653 1685 1686
f 1653 1686 1687
f 1653 1687 1654
f 1656 1657 1688
f 1656 1688 1689
f 1656 1689 1690
f 1656 1690 1659
f 1656 1659 1658
f 1659 1690 1691
f 1659 1691 1692
f 1659 1692 1693
f 1659 1693 1694
f 1659 1694 1661
f 1660 1661 1663
f 1661 1694 1663
f 1663 1694 1664
f 1664 1694 1695
f 1664 1695 1696
f 1664 1696 1697
f 1664 1697 1698
f 1664 1698 1665
f 1665 1698 1666
f 1666 1698 1668
f 1666 1668 1667
f 1668 1699 1669
f 1668 1698 1700
f 1668 1700 1699
f 1669 1699 1701
f 1669 1701 1670
f 1670 1701 1702
f 1670 1702 1703
f 1670 1703 1704
f 1670 1704 1671
f 1672 1677 1676
f 1672 1676 1678
f 1674 1705 1675
f 1675 1705 1676
f 1676 1706 1707
f 1676 1707 1708
f 1676 1708 1709
f 1676 1709 1678
f 1676 1705 1710
f 1676 1710 1711
f 1676 1711 1712
f 1676 1712 1706
f 1678 1709 1692
f 1678 1692 1691
f 1678 1691 1679
f 1679 1691 1680
f 1680 1691 1713
f 1680 1713 1681
f 1681 1714 1715
f 1681 1715 1682
f 1681 1713 1714
f 1682 1715 1683
f 1689 1716 1690
f 1690 1716 1717
f 1690 1717 1718
f 1690 1718 1691
f 1691 1718 1717
f 1691 1717 1713
f 1692 1709 1708
f 1692 1708 1707
f 1692 1707 1693
f 1693 1707 1694
f 1694 1707 1695
f 1695 1707 1706
f 1695 1706 1719
f 1695 1719 1720
f 1695 1720 1721
f 1695 1721 1722
f 1695 1722 1696
f 1696 1722 1697
f 1697 1722 1698
f 1698 1722 1700
f 1699 1700 1702
f 1699 1702 1701
f 1700 1723 1702
f 1700 1722 1724
f 1700 1724 1720
f 1700 1720 1723
f 1702 1723 1703
f 1703 1723 1725
f 1706 1712 1726
f 1706 1726 1727
f 1706 1727 1719
f 1719 1727 1720
f 1720 1722 1721
f 1720 1728 1723
f 1720 1724 1722
f 1723 1728 1725

o geometry_14
v 0.02046661 0.00424763 0.02313208
v 0.01986725 0.00424763 0.01932451
v 0.01539205 0.00424763 0.02313208
v 0.02046764 0.00352882 0.02313208
v 0.01866034 0.00033414 0.01007025
v 0.01861322 0.00165332 0.01007025
v 0.01827306 0.00424763 0.01007025
v 0.01861116 0.00167536 0.01007025
v 0.01848002 0.00296975 0.01007025
v 0.01539103 0.00410442 0.02313208
v 0.01180103 0.00424763 0.01007025
v 0.01001422 -0.01806008 0.01007025
v 0.02047993 -0.02340291 0.02313208
v 0.01862346 -0.00096301 0.01007025
v 0.01086664 -0.02388487 0.01226299
v 0.01527525 -0.02361498 0.02313208
v 0.01009414 -0.01834650 0.01007025
v 0.01060026 -0.02388487 0.01140507
v 0.01082874 -0.02388487 0.01215815
v 0.02043997 -0.02388487 0.02313208
v 0.01969718 -0.02388487 0.01932451
v 0.01862244 -0.00098505 0.01007025
v 0.01952506 -0.02388487 0.01848578
v 0.01527423 -0.02388487 0.02313208
v 0.01244751 -0.02388487 0.01007025
v 0.01849642 -0.00230423 0.01007025
v 0.01941236 -0.02388487 0.01800503
v 0.01925355 -0.02388487 0.01736958
v 0.01918388 -0.02340291 0.01700520
v 0.01916749 -0.02388487 0.01706529
v 0.01901893 -0.02388487 0.01664592
v 0.01894926 -0.02340291 0.01634673
v 0.01852715 -0.02388487 0.01536863
v 0.01481831 -0.02388487 0.01007025
v 0.01802615 -0.02388487 0.01439181
v 0.01609181 -0.01809313 0.01007025
v 0.01497814 -0.02388487 0.01022879
v 0.01489002 -0.02369484 0.01007025
v 0.01526911 -0.02388487 0.01056506
v 0.01651085 -0.02298705 0.01198299
v 0.01660511 -0.02208373 0.01184106
v 0.01625984 -0.02076455 0.01098954
v 0.01607337 -0.01819778 0.01007025
v 0.01513796 -0.02275296 0.01007025
v 0.01532648 -0.02340291 0.01048834
v 0.01612665 -0.02208373 0.01118132
v 0.01546684 -0.02208373 0.01030039
v 0.01551500 -0.02100966 0.01007025
v 0.01557237 -0.02073150 0.01007025
v 0.01583670 -0.01944812 0.01007025
v 0.01584285 -0.01941782 0.01007025
v 0.01534390 -0.02180833 0.01007025
f 1729 1730 1735
f 1729 1735 1739
f 1729 1739 1731
f 1729 1731 1738
f 1729 1738 1744
f 1729 1744 1752
f 1729 1752 1748
f 1729 1748 1741
f 1729 1741 1732
f 1729 1732 1733
f 1729 1733 1734
f 1729 1734 1730
f 1730 1734 1736
f 1730 1736 1737
f 1730 1737 1735
f 1731 1739 1740
f 1731 1740 1738
f 1732 1741 1733
f 1733 1742 1750
f 1733 1750 1754
f 1733 1754 1764
f 1733 1764 1771
f 1733 1771 1779
f 1733 1779 1778
f 1733 1778 1777
f 1733 1777 1776
f 1733 1776 1780
f 1733 1780 1772
f 1733 1772 1766
f 1733 1766 1762
f 1733 1762 1753
f 1733 1753 1745
f 1733 1745 1740
f 1733 1740 1739
f 1733 1739 1735
f 1733 1735 1737
f 1733 1737 1736
f 1733 1736 1734
f 1733 1741 1742
f 1738 1740 1743
f 1738 1743 1744
f 1740 1745 1746
f 1740 1746 1747
f 1740 1747 1743
f 1741 1748 1749
f 1741 1749 1742
f 1742 1749 1751
f 1742 1751 1750
f 1743 1747 1746
f 1743 1746 1753
f 1743 1753 1762
f 1743 1762 1765
f 1743 1765 1767
f 1743 1767 1763
f 1743 1763 1761
f 1743 1761 1759
f 1743 1759 1758
f 1743 1758 1756
f 1743 1756 1755
f 1743 1755 1751
f 1743 1751 1749
f 1743 1749 1748
f 1743 1748 1752
f 1743 1752 1744
f 1745 1753 1746
f 1750 1751 1755
f 1750 1755 1756
f 1750 1756 1757
f 1750 1757 1758
f 1750 1758 1759
f 1750 1759 1760
f 1750 1760 1761
f 1750 1761 1754
f 1754 1761 1763
f 1754 1763 1764
f 1756 1758 1757
f 1759 1761 1760
f 1762 1766 1765
f 1763 1767 1768
f 1763 1768 1769
f 1763 1769 1770
f 1763 1770 1764
f 1764 1770 1771
f 1765 1766 1772
f 1765 1772 1767
f 1767 1772 1773
f 1767 1773 1768
f 1768 1774 1769
f 1768 1773 1774
f 1769 1774 1770
f 1770 1774 1775
f 1770 1775 1776
f 1770 1776 1777
f 1770 1777 1778
f 1770 1778 1779
f 1770 1779 1771
f 1772 1780 1775
f 1772 1775 1773
f 1773 1775 1774
f 1775 1780 1776

o geometry_15
v 0.00019478 -0.02388487 0.00606414
v 0.00391900 -0.02388487 0.00606414
v 0.00019478 -0.02388487 0.00742074
v 0.00019478 -0.01752029 0.00015905
v 0.00523706 -0.02388487 0.00606781
v 0.01244653 -0.02388487 0.01006903
v 0.00019478 -0.01892210 0.00953153
v 0.00019478 -0.01696122 0.00001702
v 0.00919484 -0.01153301 -0.00227009
v 0.01051109 -0.01153301 -0.00226886
v 0.00102942 -0.01751203 0.00016517
v 0.00655692 -0.02388487 0.00608618
v 0.01481649 -0.02388487 0.01006903
v 0.01009286 -0.01834650 0.01006903
v 0.00019478 -0.01812893 0.00961112
v 0.00019478 -0.01682903 -0.00001481
v 0.00787498 -0.01021383 -0.00220519
v 0.00853220 -0.00826948 -0.00243660
v 0.00919484 -0.00826397 -0.00243782
v 0.01051109 -0.00826397 -0.00243782
v 0.01183095 -0.01021383 -0.00233620
v 0.01195045 -0.01165419 -0.00180605
v 0.01051109 -0.01266768 -0.00168117
v 0.00190752 -0.01745970 0.00020558
v 0.00787498 -0.02388487 0.00614128
v 0.01488891 -0.02369484 0.01006903
v 0.01423713 -0.02388487 0.00949603
v 0.01247006 -0.01217195 -0.00108490
v 0.01271448 -0.01129341 -0.00149751
v 0.01512609 -0.00955837 0.00020190
v 0.01625404 -0.00789217 0.00046024
v 0.01649484 -0.00701364 0.00015782
v 0.01671391 -0.00750385 0.00088510
v 0.01730957 -0.00614611 0.00097937
v 0.01777487 -0.00562835 0.00149728
v 0.01001320 -0.01806008 0.01006903
v 0.00019478 -0.01680975 0.00956949
v 0.01180017 0.00424763 0.01006903
v 0.00019478 -0.01549056 -0.00018377
v 0.00019478 -0.00230423 -0.00064536
v 0.00019478 -0.00121639 -0.00068331
v 0.00019478 0.00141923 -0.00077514
v 0.00019478 0.00405760 -0.00086697
v 0.00019478 0.00424763 -0.00087309
v 0.00853220 -0.00823643 -0.00243660
v 0.00019478 -0.01285220 -0.00027682
v 0.00919484 -0.00823367 -0.00243782
v 0.01051109 -0.00823367 -0.00243782
v 0.01117736 -0.00826948 -0.00243660
v 0.01117736 -0.00823643 -0.00243660
v 0.01578693 0.00424763 -0.00085350
v 0.01582676 0.00424763 -0.00084125
v 0.01710498 0.00165332 -0.00048864
v 0.01710498 0.00033414 -0.00048619
v 0.01710498 -0.00098505 -0.00042865
v 0.01710498 -0.00230423 -0.00031233
v 0.01719550 -0.00354630 -0.00012745
v 0.01688048 -0.00494260 -0.00012011
v 0.01285027 -0.01021383 -0.00171423
v 0.01159015 -0.01245286 -0.00147792
v 0.00627267 -0.01629750 0.00009538
v 0.00259914 -0.01737984 0.00024843
v 0.01017433 -0.02388487 0.00666898
v 0.00916769 -0.02388487 0.00633840
v 0.01513695 -0.02275296 0.01006903
v 0.01399633 -0.02388487 0.00926830
v 0.01364509 -0.02388487 0.00897200
v 0.01254248 -0.02388487 0.00807209
v 0.01229625 -0.02388487 0.00789456
v 0.01663968 -0.00626178 0.00003906
v 0.01769521 -0.00393737 0.00031087
v 0.01754131 -0.00494260 0.00059615
v 0.01788169 -0.00494260 0.00125485
v 0.01830897 -0.00362341 0.00218047
v 0.00019478 -0.01525923 0.00951562
v 0.01827276 0.00424763 0.01006903
v 0.00019478 0.00424763 0.00883365
v 0.00019478 0.00296975 0.00887895
v 0.00019478 -0.00098505 0.00901730
v 0.00019478 -0.01417138 0.00947766
v 0.01450870 0.00424763 -0.00087309
v 0.01721361 0.00424763 -0.00026091
v 0.01710498 0.00296975 -0.00044334
v 0.01795954 0.00165332 0.00000356
v 0.01798308 0.00033414 -0.00001726
v 0.01795049 -0.00098505 0.00001825
v 0.01785634 -0.00230423 0.00011130
v 0.01778211 -0.00305608 0.00018354
v 0.01176939 -0.02388487 0.00755052
v 0.01103795 -0.02388487 0.00709628
v 0.01081706 -0.02388487 0.00697507
v 0.01528360 -0.02208373 0.01006903
v 0.01823836 -0.00230423 0.00086183
v 0.01799575 -0.00354630 0.00079449
v 0.01852080 -0.00230423 0.00218047
v 0.01609109 -0.01809313 0.01006903
v 0.01607299 -0.01819778 0.01006903
v 0.01584305 -0.01941782 0.01006903
v 0.01551535 -0.02100966 0.01006903
v 0.01534335 -0.02180833 0.01006903
v 0.01822931 0.00424763 0.00485815
v 0.01847554 0.00299454 0.01006903
v 0.01847011 0.00296975 0.00613516
v 0.01845925 0.00296975 0.00481652
v 0.01726793 0.00424763 -0.00022540
v 0.01788893 0.00296975 0.00007089
v 0.01838501 0.00165332 0.00086183
v 0.01845019 0.00033414 0.00086183
v 0.01840312 -0.00098505 0.00086183
v 0.01851356 -0.00230423 0.00613516
v 0.01866564 -0.00098505 0.00218047
v 0.01850813 -0.00230423 0.00745502
v 0.01849546 -0.00230423 0.01006903
v 0.01816051 0.00424763 0.00218047
v 0.01840312 0.00296975 0.00218047
v 0.01847916 0.00296975 0.01006903
v 0.01862762 0.00165332 0.00613516
v 0.01859503 0.00165332 0.00218047
v 0.01736388 0.00424763 -0.00015561
v 0.01782013 0.00394193 0.00014191
v 0.01868918 0.00033414 0.00218047
v 0.01822388 0.00296975 0.00086183
v 0.01865116 -0.00098505 0.00613516
v 0.01867107 0.00033414 0.00745502
v 0.01864211 -0.00098505 0.00745502
v 0.01862219 -0.00098505 0.01006903
v 0.01799756 0.00424763 0.00087040
v 0.01861133 0.00167536 0.01006903
v 0.01862400 0.00165332 0.00745502
v 0.01779117 0.00424763 0.00018843
v 0.01798489 0.00424763 0.00077980
v 0.01866564 0.00033414 0.00877365
v 0.01866021 0.00033414 0.01006903
v 0.01861314 0.00165332 0.01006903
f 1781 1782 1785
f 1781 1785 1792
f 1781 1792 1805
f 1781 1805 1844
f 1781 1844 1843
f 1781 1843 1871
f 1781 1871 1870
f 1781 1870 1869
f 1781 1869 1849
f 1781 1849 1848
f 1781 1848 1847
f 1781 1847 1846
f 1781 1846 1807
f 1781 1807 1793
f 1781 1793 1786
f 1781 1786 1783
f 1781 1783 1787
f 1781 1787 1795
f 1781 1795 1817
f 1781 1817 1855
f 1781 1855 1860
f 1781 1860 1859
f 1781 1859 1858
f 1781 1858 1857
f 1781 1857 1824
f 1781 1824 1823
f 1781 1823 1822
f 1781 1822 1821
f 1781 1821 1820
f 1781 1820 1826
f 1781 1826 1819
f 1781 1819 1796
f 1781 1796 1788
f 1781 1788 1784
f 1781 1784 1782
f 1782 1784 1785
f 1783 1786 1787
f 1784 1788 1789
f 1784 1789 1790
f 1784 1790 1791
f 1784 1791 1792
f 1784 1792 1785
f 1786 1793 1806
f 1786 1806 1845
f 1786 1845 1872
f 1786 1872 1880
f 1786 1880 1879
f 1786 1879 1878
f 1786 1878 1877
f 1786 1877 1876
f 1786 1876 1893
f 1786 1893 1906
f 1786 1906 1913
f 1786 1913 1914
f 1786 1914 1908
f 1786 1908 1896
f 1786 1896 1882
f 1786 1882 1856
f 1786 1856 1818
f 1786 1818 1816
f 1786 1816 1794
f 1786 1794 1795
f 1786 1795 1787
f 1788 1796 1789
f 1789 1796 1797
f 1789 1797 1798
f 1789 1798 1799
f 1789 1799 1800
f 1789 1800 1801
f 1789 1801 1790
f 1790 1802 1803
f 1790 1803 1791
f 1790 1801 1802
f 1791 1803 1804
f 1791 1804 1805
f 1791 1805 1792
f 1793 1807 1808
f 1793 1808 1809
f 1793 1809 1810
f 1793 1810 1811
f 1793 1811 1812
f 1793 1812 1813
f 1793 1813 1814
f 1793 1814 1815
f 1793 1815 1806
f 1794 1816 1795
f 1795 1816 1818
f 1795 1818 1817
f 1796 1819 1797
f 1797 1819 1798
f 1798 1820 1821
f 1798 1821 1822
f 1798 1822 1823
f 1798 1823 1824
f 1798 1824 1825
f 1798 1825 1827
f 1798 1827 1799
f 1798 1819 1826
f 1798 1826 1820
f 1799 1827 1828
f 1799 1828 1800
f 1800 1828 1830
f 1800 1830 1829
f 1800 1829 1801
f 1801 1829 1830
f 1801 1830 1831
f 1801 1831 1832
f 1801 1832 1833
f 1801 1833 1834
f 1801 1834 1835
f 1801 1835 1836
f 1801 1836 1837
f 1801 1837 1838
f 1801 1838 1839
f 1801 1839 1809
f 1801 1809 1802
f 1802 1808 1840
f 1802 1840 1803
f 1802 1809 1808
f 1803 1841 1842
f 1803 1842 1804
f 1803 1840 1843
f 1803 1843 1844
f 1803 1844 1841
f 1804 1842 1805
f 1805 1842 1844
f 1806 1815 1845
f 1807 1846 1808
f 1808 1846 1847
f 1808 1847 1848
f 1808 1848 1849
f 1808 1849 1840
f 1809 1839 1850
f 1809 1850 1812
f 1809 1812 1810
f 1810 1812 1811
f 1812 1850 1851
f 1812 1851 1852
f 1812 1852 1814
f 1812 1814 1813
f 1814 1852 1815
f 1815 1852 1853
f 1815 1853 1854
f 1815 1854 1845
f 1817 1818 1855
f 1818 1856 1881
f 1818 1881 1894
f 1818 1894 1907
f 1818 1907 1911
f 1818 1911 1910
f 1818 1910 1899
f 1818 1899 1885
f 1818 1885 1862
f 1818 1862 1832
f 1818 1832 1831
f 1818 1831 1861
f 1818 1861 1824
f 1818 1824 1857
f 1818 1857 1858
f 1818 1858 1859
f 1818 1859 1860
f 1818 1860 1855
f 1824 1861 1828
f 1824 1828 1827
f 1824 1827 1825
f 1828 1861 1830
f 1830 1861 1831
f 1832 1862 1863
f 1832 1863 1833
f 1833 1863 1864
f 1833 1864 1865
f 1833 1865 1834
f 1834 1865 1866
f 1834 1866 1835
f 1835 1866 1836
f 1836 1866 1837
f 1837 1866 1867
f 1837 1867 1838
f 1838 1851 1850
f 1838 1850 1839
f 1838 1867 1868
f 1838 1868 1851
f 1840 1849 1869
f 1840 1869 1870
f 1840 1870 1871
f 1840 1871 1843
f 1841 1844 1842
f 1845 1854 1872
f 1851 1853 1852
f 1851 1868 1873
f 1851 1873 1874
f 1851 1874 1853
f 1853 1874 1873
f 1853 1873 1854
f 1854 1873 1875
f 1854 1875 1876
f 1854 1876 1877
f 1854 1877 1878
f 1854 1878 1879
f 1854 1879 1880
f 1854 1880 1872
f 1856 1882 1883
f 1856 1883 1884
f 1856 1884 1881
f 1862 1885 1863
f 1863 1886 1864
f 1863 1885 1886
f 1864 1887 1888
f 1864 1888 1865
f 1864 1886 1887
f 1865 1888 1889
f 1865 1889 1866
f 1866 1889 1867
f 1867 1873 1868
f 1867 1889 1873
f 1873 1889 1875
f 1875 1890 1876
f 1875 1889 1891
f 1875 1891 1890
f 1876 1890 1892
f 1876 1892 1893
f 1881 1884 1895
f 1881 1895 1894
f 1882 1896 1883
f 1883 1896 1897
f 1883 1897 1884
f 1884 1897 1898
f 1884 1898 1895
f 1885 1899 1886
f 1886 1899 1900
f 1886 1900 1887
f 1887 1898 1901
f 1887 1901 1888
f 1887 1900 1902
f 1887 1902 1898
f 1888 1901 1891
f 1888 1891 1889
f 1890 1891 1903
f 1890 1903 1892
f 1891 1901 1904
f 1891 1904 1903
f 1892 1903 1893
f 1893 1903 1905
f 1893 1905 1906
f 1894 1895 1907
f 1895 1898 1902
f 1895 1902 1907
f 1896 1908 1909
f 1896 1909 1897
f 1897 1909 1901
f 1897 1901 1898
f 1899 1910 1900
f 1900 1910 1902
f 1901 1909 1904
f 1902 1910 1911
f 1902 1911 1907
f 1903 1904 1912
f 1903 1912 1913
f 1903 1913 1905
f 1904 1909 1912
f 1905 1913 1906
f 1908 1914 1909
f 1909 1914 1912
f 1912 1914 1913

o geometry_16
v -0.00358455 0.00387915 0.10647315
v -0.00226429 0.00387915 0.10649151
v -0.00399592 0.00387915 0.10647926
v -0.00663276 0.00661577 0.09977931
v 0.00019297 0.00387915 0.10661088
v -0.00478661 0.00387915 0.10665373
v -0.00739596 0.00730206 0.09888864
v -0.00663276 0.00709327 0.09868663
v -0.00523830 0.00387915 0.10676085
v -0.00916699 0.00387915 0.10864934
v -0.00531343 0.00720280 0.09869274
v -0.00457588 0.00744583 0.09889781
v -0.00453923 0.00824850 0.09877232
v 0.00019297 0.02073185 0.10567430
v 0.00019297 0.00387915 0.11334451
v -0.00916699 0.01046654 0.10805248
v -0.00916699 0.01186480 0.10797903
v -0.00916699 0.01220538 0.10796679
v -0.00916699 0.01352320 0.10793312
v -0.00739596 0.00767858 0.09888864
v -0.00663276 0.00797809 0.09868663
v -0.00515859 0.01616056 0.09849685
v -0.00542612 0.00837515 0.09863153
v -0.00916699 0.00387915 0.11361691
v -0.00451908 0.01616056 0.09849685
v 0.00019297 0.02089273 0.10567430
v 0.00019297 0.00503438 0.12351228
v -0.00265643 0.00387915 0.11344245
v -0.00916699 0.01835806 0.10804331
v -0.00916699 0.01974092 0.10808922
v -0.00916699 0.02011573 0.10819634
v -0.00916699 0.02067538 0.10845038
v -0.00500008 0.01706420 0.09868663
v -0.00916699 0.00445078 0.11366282
v -0.00135817 0.00520553 0.12483145
v -0.00267750 0.00533047 0.12483145
v -0.00475546 0.00619989 0.12558746
v -0.00611877 0.00743385 0.12564868
v -0.00728327 0.00892452 0.12540382
v -0.00738680 0.01131885 0.12829621
v -0.00794660 0.01220538 0.12483145
v -0.00456122 0.01706420 0.09868663
v 0.00019297 0.02136338 0.10578448
v 0.00019297 0.00529795 0.12483145
v -0.00003883 0.00527057 0.12483145
v -0.00916699 0.02136338 0.10921557
v -0.00474813 0.01817494 0.10028739
v -0.00916699 0.00703165 0.11382810
v -0.00135817 0.00579941 0.12583537
v -0.00267750 0.00583363 0.12588128
v -0.00399592 0.00602703 0.12575580
v -0.00531343 0.01035359 0.12916853
v -0.00618107 0.01125553 0.12959091
v -0.00658787 0.01084649 0.12873390
v -0.00738680 0.01186994 0.12829621
v -0.00775695 0.01484102 0.12614757
v -0.00791087 0.01484102 0.12482840
v -0.00916699 0.01347186 0.11384340
v -0.00916699 0.01234743 0.11397502
v -0.00916699 0.01220538 0.11398420
v -0.00916699 0.01102961 0.11402399
v -0.00916699 0.01088585 0.11402399
v -0.00916699 0.00970666 0.11396583
v -0.00459237 0.01817494 0.10028739
v -0.00003883 0.02136338 0.10578448
v 0.00019297 0.02136338 0.11277214
v 0.00019297 0.00591578 0.12570377
v -0.00003883 0.00588669 0.12572519
v -0.00534000 0.02136338 0.10634460
v -0.00916699 0.02136338 0.11233140
v -0.00399592 0.02136338 0.10579366
v -0.00135817 0.02136338 0.10578754
v -0.00399592 0.01104159 0.12971640
v -0.00531343 0.01101250 0.12973477
v -0.00544169 0.01233374 0.12975007
v -0.00618107 0.01197947 0.12959091
v -0.00736939 0.01563343 0.12825948
v -0.00916699 0.02117341 0.11238649
v -0.00916699 0.01879791 0.11285479
v -0.00916699 0.01747838 0.11311189
v -0.00003883 0.02136338 0.11278745
v 0.00019297 0.02134798 0.12350922
v 0.00019297 0.00602532 0.12570377
v -0.00197661 0.01143352 0.12820439
v -0.00317225 0.01129318 0.12956949
v -0.00642203 0.01872432 0.12482840
v -0.00589430 0.01938494 0.12482840
v -0.00523555 0.01989838 0.12482840
v -0.00419749 0.02055729 0.12482840
v -0.00335641 0.02078320 0.12549564
v -0.00353690 0.02085850 0.12482840
v -0.00267750 0.02104163 0.12482840
v -0.00267750 0.02120764 0.12350922
v -0.00135817 0.02129321 0.12350922
v -0.00272881 0.02136338 0.11271399
v -0.00390064 0.01229780 0.12973782
v -0.00531343 0.01484102 0.12975925
v -0.00613068 0.01566594 0.12954806
v -0.00499459 0.01969471 0.12564868
v -0.00135817 0.02136338 0.11279051
v -0.00130503 0.02105361 0.12494470
v 0.00019297 0.02116143 0.12450702
v 0.00019297 0.00697689 0.12568541
v -0.00199493 0.01554443 0.12816766
v -0.00197661 0.01167654 0.12820439
v -0.00317225 0.01192128 0.12956949
v -0.00267750 0.02081229 0.12552318
v -0.00531343 0.01584052 0.12966743
v -0.00323272 0.01562658 0.12951745
v -0.00390613 0.01477257 0.12967661
v -0.00399592 0.01581142 0.12964600
v -0.00003883 0.02110666 0.12472127
v -0.00170907 0.02081743 0.12552625
v 0.00019297 0.02110324 0.12469678
v 0.00019297 0.02010717 0.12529057
v 0.00019297 0.02032795 0.12518038
v -0.00082952 0.02053504 0.12546197
f 1915 1916 1919
f 1915 1919 1929
f 1915 1929 1942
f 1915 1942 1938
f 1915 1938 1924
f 1915 1924 1923
f 1915 1923 1920
f 1915 1920 1917
f 1915 1917 1918
f 1915 1918 1916
f 1916 1918 1919
f 1917 1920 1918
f 1918 1921 1922
f 1918 1922 1919
f 1918 1920 1923
f 1918 1923 1924
f 1918 1924 1921
f 1919 1922 1925
f 1919 1925 1926
f 1919 1926 1927
f 1919 1927 1928
f 1919 1928 1940
f 1919 1940 1957
f 1919 1957 1980
f 1919 1980 1996
f 1919 1996 2016
f 1919 2016 2028
f 1919 2028 2030
f 1919 2030 2029
f 1919 2029 2017
f 1919 2017 1997
f 1919 1997 1981
f 1919 1981 1958
f 1919 1958 1941
f 1919 1941 1929
f 1921 1930 1931
f 1921 1931 1932
f 1921 1932 1933
f 1921 1933 1934
f 1921 1934 1935
f 1921 1935 1922
f 1921 1924 1930
f 1922 1935 1936
f 1922 1936 1937
f 1922 1937 1925
f 1924 1938 1948
f 1924 1948 1962
f 1924 1962 1977
f 1924 1977 1976
f 1924 1976 1975
f 1924 1975 1974
f 1924 1974 1973
f 1924 1973 1972
f 1924 1972 1994
f 1924 1994 1993
f 1924 1993 1992
f 1924 1992 1984
f 1924 1984 1960
f 1924 1960 1946
f 1924 1946 1945
f 1924 1945 1944
f 1924 1944 1943
f 1924 1943 1933
f 1924 1933 1932
f 1924 1932 1931
f 1924 1931 1930
f 1925 1937 1927
f 1925 1927 1926
f 1927 1937 1939
f 1927 1939 1928
f 1928 1939 1940
f 1929 1941 1942
f 1933 1943 1934
f 1934 1936 1935
f 1934 1943 1944
f 1934 1944 1945
f 1934 1945 1946
f 1934 1946 1936
f 1936 1947 1956
f 1936 1956 1939
f 1936 1939 1937
f 1936 1946 1947
f 1938 1942 1941
f 1938 1941 1949
f 1938 1949 1950
f 1938 1950 1951
f 1938 1951 1952
f 1938 1952 1953
f 1938 1953 1954
f 1938 1954 1955
f 1938 1955 1948
f 1939 1956 1957
f 1939 1957 1940
f 1941 1958 1959
f 1941 1959 1949
f 1946 1960 1947
f 1947 1961 1978
f 1947 1978 1956
f 1947 1960 1961
f 1948 1955 1962
f 1949 1959 1963
f 1949 1963 1964
f 1949 1964 1950
f 1950 1964 1965
f 1950 1965 1951
f 1951 1965 1966
f 1951 1966 1967
f 1951 1967 1952
f 1952 1967 1968
f 1952 1968 1954
f 1952 1954 1953
f 1954 1968 1967
f 1954 1967 1990
f 1954 1990 1969
f 1954 1969 1970
f 1954 1970 1955
f 1955 1970 1971
f 1955 1971 1972
f 1955 1972 1973
f 1955 1973 1974
f 1955 1974 1975
f 1955 1975 1976
f 1955 1976 1977
f 1955 1977 1962
f 1956 1978 1957
f 1957 1978 1961
f 1957 1961 1979
f 1957 1979 1986
f 1957 1986 1985
f 1957 1985 1983
f 1957 1983 1960
f 1957 1960 1984
f 1957 1984 2009
f 1957 2009 2014
f 1957 2014 1995
f 1957 1995 1980
f 1958 1981 1982
f 1958 1982 1963
f 1958 1963 1959
f 1960 1983 1961
f 1961 1983 1985
f 1961 1985 1986
f 1961 1986 1979
f 1963 1982 1987
f 1963 1987 1988
f 1963 1988 1964
f 1964 1988 1965
f 1965 1988 1966
f 1966 1988 1967
f 1967 1988 1989
f 1967 1989 1990
f 1969 1990 1991
f 1969 1991 1970
f 1970 1991 1984
f 1970 1984 1992
f 1970 1992 1971
f 1971 1992 1993
f 1971 1993 1994
f 1971 1994 1972
f 1980 1995 1996
f 1981 1997 2019
f 1981 2019 1998
f 1981 1998 1999
f 1981 1999 1987
f 1981 1987 1982
f 1984 1991 2000
f 1984 2000 2001
f 1984 2001 2002
f 1984 2002 2003
f 1984 2003 2004
f 1984 2004 2005
f 1984 2005 2006
f 1984 2006 2007
f 1984 2007 2008
f 1984 2008 1996
f 1984 1996 2009
f 1987 1999 2010
f 1987 2010 1988
f 1988 2010 1989
f 1989 2010 2011
f 1989 2011 1990
f 1990 2012 1991
f 1990 2011 2012
f 1991 2012 2013
f 1991 2013 2001
f 1991 2001 2000
f 1995 2014 1996
f 1996 2014 2009
f 1996 2008 2006
f 1996 2006 2015
f 1996 2015 2016
f 1997 2017 2018
f 1997 2018 2019
f 1998 2019 2020
f 1998 2020 1999
f 1999 2020 2010
f 2001 2013 2002
f 2002 2013 2003
f 2003 2013 2004
f 2004 2021 2006
f 2004 2006 2005
f 2004 2013 2012
f 2004 2012 2022
f 2004 2022 2021
f 2006 2021 2015
f 2006 2008 2007
f 2010 2020 2023
f 2010 2023 2024
f 2010 2024 2011
f 2011 2024 2025
f 2011 2025 2022
f 2011 2022 2012
f 2015 2026 2016
f 2015 2021 2027
f 2015 2027 2026
f 2016 2026 2028
f 2017 2029 2018
f 2018 2023 2020
f 2018 2020 2019
f 2018 2029 2023
f 2021 2022 2027
f 2022 2025 2027
f 2023 2025 2024
f 2023 2029 2030
f 2023 2030 2028
f 2023 2028 2031
f 2023 2031 2025
f 2025 2031 2027
f 2026 2027 2028
f 2027 2031 2028

o geometry_17
v 0.00787705 -0.01681080 0.10886408
v 0.00787705 -0.01786743 0.10852721
v 0.00787705 -0.01680598 0.10541024
v 0.00787361 -0.01680598 0.10886602
v 0.00608231 -0.01856380 0.11648615
v 0.00643128 -0.01944845 0.11559945
v 0.00787705 -0.01846906 0.10768893
v 0.00787705 -0.01680598 0.10343939
v 0.00519697 -0.01680598 0.10973915
v 0.00391796 -0.01767192 0.11559945
v 0.00523479 -0.01781795 0.11559945
v 0.00512649 -0.01842743 0.11692175
v 0.00461420 -0.01876113 0.11759354
v 0.00461420 -0.01885828 0.11759354
v 0.00607027 -0.01944845 0.11646873
v 0.00603761 -0.02020215 0.11559945
v 0.00660835 -0.01944845 0.11428104
v 0.00594134 -0.02014301 0.11631384
v 0.00787705 -0.01860604 0.10637050
v 0.00787705 -0.01709563 0.10359233
v 0.00787361 -0.01680598 0.10328451
v 0.00459700 -0.01680598 0.10985725
v 0.00259769 -0.01761942 0.11559945
v 0.00127914 -0.01779622 0.11691982
v 0.00259769 -0.01793260 0.11691982
v 0.00391796 -0.01812027 0.11691982
v 0.00391796 -0.01866156 0.11765356
v -0.00399506 -0.02297013 0.12095252
v 0.00512649 -0.01935793 0.11711341
v 0.00609606 -0.02023051 0.11428104
v -0.00268339 -0.02297013 0.11948309
v -0.00252007 -0.02297013 0.11826534
v -0.00389707 -0.02297013 0.12087121
v -0.00273152 -0.02297013 0.11958183
v 0.00787705 -0.01812329 0.10505208
v 0.00605480 -0.02020154 0.11296068
v 0.00600151 -0.02016715 0.11164419
v 0.00594306 -0.02013336 0.11032771
v 0.00590696 -0.02011344 0.10955330
v -0.00408102 -0.02297013 0.10122459
v 0.00787705 -0.01758985 0.10425251
v 0.00019267 -0.01680598 0.10296700
v -0.00276419 -0.02076636 0.10122459
v -0.00225877 -0.01933319 0.10122459
v -0.00226049 -0.01931991 0.10122459
v -0.00262322 -0.01836829 0.10122459
v -0.00264385 -0.01834234 0.10122459
v -0.00399850 -0.01778053 0.10122459
v -0.00267651 -0.01696830 0.10236297
v 0.00391796 -0.01680598 0.10997729
v -0.00003941 -0.01774554 0.11691788
v 0.00019267 -0.01775459 0.11691982
v -0.00135796 -0.01828803 0.11811240
v 0.00019267 -0.01821682 0.11781812
v 0.00019267 -0.01831941 0.11798849
v 0.00127914 -0.01837794 0.11789169
v 0.00259769 -0.01850165 0.11776972
v -0.00409477 -0.02297013 0.12095639
v -0.00003941 -0.01830674 0.11800785
v -0.00248054 -0.02297013 0.11777553
v -0.00791461 -0.02297013 0.10122459
v -0.00380940 -0.01696830 0.10256044
v -0.00403116 -0.01696830 0.10260303
v -0.00968529 -0.01696830 0.10768893
v 0.00019267 -0.01680598 0.11023671
v -0.00527923 -0.01832786 0.10122459
v 0.00301027 -0.01680598 0.11005473
v -0.00135796 -0.01775338 0.11691788
v 0.00259769 -0.01680598 0.11008958
v 0.00127914 -0.01680598 0.11018444
v -0.00267651 -0.01836467 0.11815112
v -0.00531361 -0.02297013 0.12100286
v -0.00968529 -0.02297013 0.10623498
v -0.00778568 -0.02208549 0.10122459
v -0.00968529 -0.01696830 0.10971786
v -0.00587404 -0.01876776 0.10122459
v -0.00593937 -0.01881725 0.10122459
v -0.00599438 -0.01888302 0.10122459
v -0.00648948 -0.01947681 0.10122459
v -0.00708257 -0.02029809 0.10122459
v -0.00714789 -0.02038982 0.10122459
v -0.00718056 -0.02045499 0.10122459
v -0.00746249 -0.02104938 0.10122459
v -0.00267651 -0.01790665 0.11691788
v -0.00399506 -0.01857949 0.11793235
v -0.00469302 -0.02007241 0.11890810
v -0.00539957 -0.02297013 0.12095445
v -0.00968529 -0.02297013 0.10785542
v -0.00756048 -0.02297013 0.11815499
v -0.00726479 -0.02297013 0.11890035
v -0.00672328 -0.02297013 0.11971541
v -0.00608721 -0.01997586 0.11776391
v -0.00472396 -0.01874483 0.11767486
v -0.00968529 -0.02076636 0.10862014
v -0.00514686 -0.01958543 0.11815886
v -0.00548724 -0.02297013 0.12087702
v -0.00968529 -0.02152731 0.10838589
f 2032 2033 2038
f 2032 2038 2050
f 2032 2050 2066
f 2032 2066 2072
f 2032 2072 2051
f 2032 2051 2039
f 2032 2039 2034
f 2032 2034 2035
f 2032 2035 2036
f 2032 2036 2037
f 2032 2037 2033
f 2033 2037 2038
f 2034 2039 2052
f 2034 2052 2073
f 2034 2073 2096
f 2034 2096 2101
f 2034 2101 2100
f 2034 2100 2098
f 2034 2098 2081
f 2034 2081 2053
f 2034 2053 2040
f 2034 2040 2035
f 2035 2040 2041
f 2035 2041 2042
f 2035 2042 2036
f 2036 2042 2043
f 2036 2043 2044
f 2036 2044 2045
f 2036 2045 2046
f 2036 2046 2037
f 2037 2047 2048
f 2037 2048 2038
f 2037 2046 2049
f 2037 2049 2047
f 2038 2048 2047
f 2038 2047 2050
f 2039 2051 2052
f 2040 2053 2054
f 2040 2054 2041
f 2041 2054 2055
f 2041 2055 2056
f 2041 2056 2042
f 2042 2056 2057
f 2042 2057 2043
f 2043 2057 2044
f 2044 2058 2059
f 2044 2059 2045
f 2044 2057 2058
f 2045 2059 2060
f 2045 2060 2046
f 2046 2060 2049
f 2047 2061 2050
f 2047 2049 2062
f 2047 2062 2063
f 2047 2063 2061
f 2049 2060 2059
f 2049 2059 2064
f 2049 2064 2065
f 2049 2065 2062
f 2050 2061 2067
f 2050 2067 2068
f 2050 2068 2069
f 2050 2069 2070
f 2050 2070 2071
f 2050 2071 2066
f 2051 2072 2071
f 2051 2071 2052
f 2052 2071 2074
f 2052 2074 2075
f 2052 2075 2076
f 2052 2076 2077
f 2052 2077 2078
f 2052 2078 2079
f 2052 2079 2080
f 2052 2080 2073
f 2053 2081 2082
f 2053 2082 2054
f 2054 2082 2083
f 2054 2083 2055
f 2055 2083 2084
f 2055 2084 2085
f 2055 2085 2056
f 2056 2085 2086
f 2056 2086 2087
f 2056 2087 2057
f 2057 2087 2088
f 2057 2088 2058
f 2058 2088 2059
f 2059 2084 2089
f 2059 2089 2103
f 2059 2103 2118
f 2059 2118 2127
f 2059 2127 2122
f 2059 2122 2121
f 2059 2121 2120
f 2059 2120 2119
f 2059 2119 2104
f 2059 2104 2092
f 2059 2092 2071
f 2059 2071 2091
f 2059 2091 2063
f 2059 2063 2062
f 2059 2062 2065
f 2059 2065 2064
f 2059 2088 2087
f 2059 2087 2086
f 2059 2086 2090
f 2059 2090 2084
f 2061 2063 2091
f 2061 2091 2071
f 2061 2071 2067
f 2066 2071 2072
f 2067 2071 2068
f 2068 2071 2069
f 2069 2071 2070
f 2071 2092 2105
f 2071 2105 2114
f 2071 2114 2113
f 2071 2113 2112
f 2071 2112 2111
f 2071 2111 2110
f 2071 2110 2109
f 2071 2109 2108
f 2071 2108 2107
f 2071 2107 2097
f 2071 2097 2079
f 2071 2079 2078
f 2071 2078 2077
f 2071 2077 2076
f 2071 2076 2075
f 2071 2075 2074
f 2073 2080 2093
f 2073 2093 2094
f 2073 2094 2095
f 2073 2095 2106
f 2073 2106 2096
f 2079 2097 2094
f 2079 2094 2093
f 2079 2093 2080
f 2081 2098 2082
f 2082 2099 2084
f 2082 2084 2083
f 2082 2098 2100
f 2082 2100 2101
f 2082 2101 2096
f 2082 2096 2099
f 2084 2102 2103
f 2084 2103 2089
f 2084 2090 2085
f 2084 2099 2102
f 2085 2090 2086
f 2092 2104 2095
f 2092 2095 2105
f 2094 2097 2095
f 2095 2104 2119
f 2095 2119 2128
f 2095 2128 2125
f 2095 2125 2106
f 2095 2097 2107
f 2095 2107 2108
f 2095 2108 2109
f 2095 2109 2110
f 2095 2110 2111
f 2095 2111 2112
f 2095 2112 2113
f 2095 2113 2114
f 2095 2114 2105
f 2096 2106 2099
f 2099 2115 2102
f 2099 2106 2115
f 2102 2116 2117
f 2102 2117 2103
f 2102 2115 2116
f 2103 2117 2118
f 2106 2120 2121
f 2106 2121 2122
f 2106 2122 2123
f 2106 2123 2124
f 2106 2124 2116
f 2106 2116 2115
f 2106 2125 2120
f 2116 2124 2117
f 2117 2124 2126
f 2117 2126 2118
f 2118 2126 2123
f 2118 2123 2127
f 2119 2120 2128
f 2120 2125 2128
f 2122 2127 2123
f 2123 2126 2124

o geometry_18
v 0.01346563 0.00425038 0.01388753
v 0.01580443 0.00425038 0.01388753
v 0.01583056 0.00425038 0.02855521
v 0.00996724 0.00425395 0.00893109
v 0.00996724 0.00425395 -0.00087011
v 0.01847640 0.00425038 0.01404881
v 0.01450981 0.00425395 -0.00087011
v 0.01578592 0.00425395 -0.00085150
v 0.01714042 0.00425038 0.02864206
v 0.01583274 0.00425395 0.02864206
v 0.00996832 0.02011658 0.01150856
v 0.00996724 0.00427718 0.00893109
v 0.00996724 0.00726817 -0.00269699
v 0.01051383 0.00725567 -0.00270939
v 0.01915474 0.00425038 0.01586017
v 0.01582620 0.00425395 -0.00083909
v 0.01721337 0.00425395 -0.00025908
v 0.01726781 0.00425395 -0.00022187
v 0.01736363 0.00425395 -0.00015363
v 0.01779153 0.00425395 0.00019065
v 0.01149595 0.00738967 -0.00261323
v 0.01189446 0.00819192 -0.00276832
v 0.01267732 0.00859393 -0.00261323
v 0.02084024 0.00425038 0.02864206
v 0.01583274 0.00429147 0.02864206
v 0.00996832 0.02250366 0.01149305
v 0.01584689 0.01229247 0.02864206
v 0.01584907 0.01352174 0.02864206
v 0.00996724 0.01429540 0.00862403
v 0.00996724 0.00766662 -0.00281485
v 0.00996724 0.00825088 -0.00298233
v 0.01051383 0.00825088 -0.00299164
v 0.01916128 0.00425038 0.01588499
v 0.01798426 0.00425395 0.00077997
v 0.01280363 0.00956770 -0.00272800
v 0.01722208 0.00434865 -0.00024668
v 0.01274156 0.01088810 -0.00269078
v 0.01696185 0.00561187 -0.00024668
v 0.01773818 0.00482392 0.00027750
v 0.01183239 0.00956770 -0.00304127
v 0.02082827 0.00425038 0.02591571
v 0.02109067 0.01747936 0.02864206
v 0.00996832 0.02250366 0.00458879
v 0.00996724 0.01478496 0.00860542
v 0.01598626 0.01484035 0.02864206
v 0.01600368 0.01488859 0.02864206
v 0.01628460 0.01563724 0.02864206
v 0.01499108 0.02250366 0.01914792
v 0.00996724 0.01224959 -0.00285827
v 0.01051383 0.01220492 -0.00290169
v 0.01183239 0.01088810 -0.00302576
v 0.01936706 0.00425038 0.01668831
v 0.01799732 0.00425395 0.00087301
v 0.02078689 0.00425038 0.02459751
v 0.01986683 0.00425038 0.01932471
v 0.01964036 0.00425038 0.01804684
v 0.01963274 0.00425038 0.01800651
v 0.01937578 0.00425038 0.01672863
v 0.02060941 0.02250366 0.01946119
v 0.02064752 0.02250366 0.01960076
v 0.01259566 0.01168319 -0.00256051
v 0.01673973 0.00693227 -0.00007919
v 0.01765543 0.02250366 0.01099369
v 0.01771096 0.02250366 0.01111776
v 0.01792981 0.02250366 0.01165124
v 0.01801692 0.02250366 0.01187456
v 0.01834575 0.02250366 0.01273061
v 0.01875623 0.02250366 0.01388443
v 0.01881394 0.02250366 0.01404881
v 0.01656116 0.00784886 0.00008830
v 0.02105474 0.01879797 0.02591571
v 0.02074878 0.01891768 0.02864206
v 0.02097853 0.01879797 0.02723391
v 0.01051383 0.02250366 0.00458258
v 0.00996724 0.01296607 -0.00256051
v 0.00996724 0.01478496 -0.00056305
v 0.01980259 0.01901238 0.02864206
v 0.01555073 0.02250366 0.01978686
v 0.00996724 0.01261408 -0.00271869
v 0.01051383 0.01296071 -0.00255431
v 0.01121176 0.01288745 -0.00246435
v 0.01172460 0.01215668 -0.00266597
v 0.01815956 0.00425395 0.00218191
v 0.02077274 0.02250366 0.02063361
v 0.02079778 0.02250366 0.02089415
v 0.02093388 0.02011658 0.02327931
v 0.01257606 0.02250366 0.00527736
v 0.01266970 0.02250366 0.00533629
v 0.01275027 0.02250366 0.00540452
v 0.01401004 0.02250366 0.00657074
v 0.01697600 0.02250366 0.01008491
v 0.01712191 0.02250366 0.01026790
v 0.02074225 0.01893197 0.02864206
v 0.02055715 0.02250366 0.02200144
v 0.01076426 0.02250366 0.00460120
v 0.01981566 0.01902488 0.02864206
v 0.02028494 0.01952160 0.02827297
v 0.02002363 0.02250366 0.02214101
v 0.01190861 0.02250366 0.00494548
v 0.01216122 0.02250366 0.00505094
v 0.02049182 0.01952160 0.02827297
v 0.02051795 0.02250366 0.02207898
f 2129 2130 2134
f 2129 2134 2143
f 2129 2143 2161
f 2129 2161 2180
f 2129 2180 2186
f 2129 2186 2185
f 2129 2185 2184
f 2129 2184 2183
f 2129 2183 2182
f 2129 2182 2169
f 2129 2169 2152
f 2129 2152 2137
f 2129 2137 2131
f 2129 2131 2132
f 2129 2132 2133
f 2129 2133 2135
f 2129 2135 2130
f 2130 2135 2136
f 2130 2136 2134
f 2131 2137 2138
f 2131 2138 2132
f 2132 2139 2140
f 2132 2140 2157
f 2132 2157 2172
f 2132 2172 2204
f 2132 2204 2203
f 2132 2203 2207
f 2132 2207 2177
f 2132 2177 2159
f 2132 2159 2158
f 2132 2158 2141
f 2132 2141 2133
f 2132 2138 2139
f 2133 2141 2142
f 2133 2142 2135
f 2134 2136 2144
f 2134 2144 2145
f 2134 2145 2146
f 2134 2146 2147
f 2134 2147 2148
f 2134 2148 2143
f 2135 2142 2136
f 2136 2142 2149
f 2136 2149 2150
f 2136 2150 2151
f 2136 2151 2144
f 2137 2152 2170
f 2137 2170 2200
f 2137 2200 2221
f 2137 2221 2224
f 2137 2224 2205
f 2137 2205 2175
f 2137 2175 2174
f 2137 2174 2173
f 2137 2173 2156
f 2137 2156 2155
f 2137 2155 2153
f 2137 2153 2138
f 2138 2153 2139
f 2139 2154 2140
f 2139 2153 2155
f 2139 2155 2156
f 2139 2156 2154
f 2140 2154 2157
f 2141 2158 2142
f 2142 2158 2159
f 2142 2159 2160
f 2142 2160 2149
f 2143 2148 2162
f 2143 2162 2161
f 2144 2151 2163
f 2144 2163 2145
f 2145 2164 2146
f 2145 2163 2165
f 2145 2165 2164
f 2146 2164 2147
f 2147 2164 2165
f 2147 2165 2166
f 2147 2166 2148
f 2148 2167 2162
f 2148 2166 2167
f 2149 2160 2150
f 2150 2160 2168
f 2150 2168 2151
f 2151 2168 2163
f 2152 2169 2170
f 2154 2171 2204
f 2154 2204 2172
f 2154 2172 2157
f 2154 2156 2173
f 2154 2173 2174
f 2154 2174 2175
f 2154 2175 2176
f 2154 2176 2206
f 2154 2206 2226
f 2154 2226 2230
f 2154 2230 2222
f 2154 2222 2213
f 2154 2213 2212
f 2154 2212 2188
f 2154 2188 2187
f 2154 2187 2197
f 2154 2197 2196
f 2154 2196 2195
f 2154 2195 2194
f 2154 2194 2193
f 2154 2193 2192
f 2154 2192 2191
f 2154 2191 2220
f 2154 2220 2219
f 2154 2219 2218
f 2154 2218 2217
f 2154 2217 2216
f 2154 2216 2215
f 2154 2215 2228
f 2154 2228 2227
f 2154 2227 2223
f 2154 2223 2202
f 2154 2202 2171
f 2159 2177 2178
f 2159 2178 2179
f 2159 2179 2168
f 2159 2168 2160
f 2161 2162 2180
f 2162 2181 2182
f 2162 2182 2183
f 2162 2183 2184
f 2162 2184 2185
f 2162 2185 2186
f 2162 2186 2180
f 2162 2167 2187
f 2162 2187 2188
f 2162 2188 2181
f 2163 2168 2179
f 2163 2179 2165
f 2165 2179 2189
f 2165 2189 2190
f 2165 2190 2166
f 2166 2190 2167
f 2167 2191 2192
f 2167 2192 2193
f 2167 2193 2194
f 2167 2194 2195
f 2167 2195 2196
f 2167 2196 2197
f 2167 2197 2187
f 2167 2190 2198
f 2167 2198 2191
f 2169 2182 2199
f 2169 2199 2170
f 2170 2199 2201
f 2170 2201 2200
f 2171 2202 2203
f 2171 2203 2204
f 2175 2205 2206
f 2175 2206 2176
f 2177 2207 2178
f 2178 2207 2203
f 2178 2203 2208
f 2178 2208 2209
f 2178 2209 2210
f 2178 2210 2179
f 2179 2210 2189
f 2181 2211 2182
f 2181 2188 2211
f 2182 2212 2213
f 2182 2213 2214
f 2182 2214 2199
f 2182 2211 2212
f 2188 2212 2211
f 2189 2198 2190
f 2189 2210 2209
f 2189 2209 2215
f 2189 2215 2216
f 2189 2216 2217
f 2189 2217 2218
f 2189 2218 2219
f 2189 2219 2220
f 2189 2220 2198
f 2191 2198 2220
f 2199 2214 2213
f 2199 2213 2201
f 2200 2201 2213
f 2200 2213 2222
f 2200 2222 2221
f 2202 2223 2208
f 2202 2208 2203
f 2205 2224 2206
f 2206 2224 2225
f 2206 2225 2226
f 2208 2223 2209
f 2209 2223 2227
f 2209 2227 2228
f 2209 2228 2215
f 2221 2222 2229
f 2221 2229 2224
f 2222 2230 2229
f 2224 2229 2225
f 2225 2229 2226
f 2226 2229 2230

o geometry_19
v 0.01710483 0.03244258 0.06025493
v 0.01664960 0.03244258 0.06026902
v 0.00920356 0.04121966 0.05970088
v 0.01710483 0.03330730 0.06022676
v 0.01781156 0.03244258 0.06045213
v 0.01578690 0.03244258 0.06033475
v 0.00920356 0.04111342 0.05973375
v 0.00920144 0.03940021 0.07733168
v 0.00920356 0.04253446 0.05968210
v 0.01710483 0.03462800 0.06024084
v 0.01814051 0.03330730 0.06055073
v 0.01578690 0.03594721 0.06013285
v 0.01816916 0.03244258 0.06056482
v 0.01546219 0.03244258 0.06044744
v 0.01491676 0.03244258 0.06063994
v 0.00920356 0.04013360 0.06031597
v 0.00920144 0.03938250 0.07735515
v 0.00920144 0.04485711 0.07733168
v 0.00920356 0.04267759 0.05968680
v 0.01447002 0.03858418 0.06005303
v 0.01578690 0.03726496 0.06014694
v 0.01720246 0.03601510 0.06048030
v 0.01803227 0.03462800 0.06058829
v 0.01859574 0.03244258 0.06153205
v 0.01846628 0.03244258 0.06119398
v 0.01480215 0.03244258 0.06096861
v 0.00920356 0.04012917 0.06032536
v 0.00920356 0.03968648 0.06153205
v 0.00920356 0.03772093 0.06858906
v 0.00920356 0.03748778 0.06944360
v 0.00920144 0.03754533 0.10404316
v 0.00920356 0.04751768 0.06411445
v 0.00920356 0.04750440 0.06377640
v 0.00920356 0.04712516 0.06319887
v 0.00920356 0.04350395 0.06018919
v 0.00920356 0.04347591 0.06017042
v 0.00920144 0.04479808 0.08007842
v 0.01315208 0.03990192 0.06000608
v 0.01183202 0.04234853 0.06045213
v 0.01277219 0.04206668 0.06063055
v 0.01318709 0.04127721 0.06038170
v 0.01455809 0.03998603 0.06037231
v 0.01583889 0.03860188 0.06043804
v 0.01685122 0.03726496 0.06054134
v 0.01789220 0.03562258 0.06071507
v 0.01851403 0.03330730 0.06153205
v 0.01987760 0.03244258 0.06946238
v 0.01465359 0.03244258 0.06153205
v 0.00920356 0.03747745 0.07076298
v 0.01455279 0.03244258 0.06285142
v 0.01451883 0.03244258 0.06330686
v 0.01445516 0.03244258 0.06417080
v 0.01436921 0.03244258 0.06549017
v 0.01426309 0.03244258 0.06726499
v 0.01382166 0.03244258 0.07465537
v 0.01366991 0.03244258 0.07732698
v 0.01366567 0.03244258 0.07740211
v 0.01225117 0.03244258 0.10506673
v 0.00920144 0.03759550 0.10500100
v 0.00920356 0.03747745 0.07077236
v 0.00929376 0.04751030 0.06410976
v 0.00920144 0.04473758 0.08263265
v 0.00920144 0.04469921 0.08394734
v 0.00920144 0.04469184 0.08418679
v 0.00920144 0.04464757 0.08561416
v 0.00920144 0.04461510 0.08658609
v 0.00920144 0.04457083 0.08790546
v 0.00920144 0.04452214 0.08922014
v 0.00920356 0.04747636 0.06484222
v 0.01019043 0.04732880 0.06549017
v 0.00999412 0.04725354 0.06451355
v 0.01417714 0.04087732 0.06059299
v 0.01029124 0.04337114 0.06057421
v 0.01543566 0.03960532 0.06060708
v 0.01660397 0.03817690 0.06068690
v 0.01792828 0.03956695 0.06987557
v 0.01915390 0.03680456 0.06998826
v 0.01826785 0.03462800 0.06153205
v 0.01970888 0.03462800 0.07076298
v 0.01992535 0.03330730 0.07076298
v 0.02004208 0.03244258 0.07068785
v 0.01229361 0.03244258 0.10637671
v 0.01242732 0.03244258 0.10710917
v 0.00920144 0.03848236 0.10534375
v 0.01016284 0.04728748 0.06650435
v 0.00920144 0.04321472 0.10108982
v 0.00920356 0.04743062 0.06558408
v 0.01275309 0.04603762 0.06812892
v 0.01263530 0.04595941 0.06730255
v 0.01407527 0.04476414 0.06850454
v 0.01486688 0.04418422 0.06944360
v 0.01538684 0.04352461 0.06944360
v 0.01656153 0.04204160 0.06985209
v 0.01800150 0.03972042 0.07076298
v 0.01849811 0.03858418 0.07076298
v 0.01892045 0.03754976 0.07076298
v 0.01918255 0.03689310 0.07076298
v 0.01943723 0.03594721 0.07076298
v 0.01776805 0.03397872 0.09121563
v 0.01647452 0.03282182 0.10576163
v 0.01648194 0.03244258 0.10579450
v 0.01307461 0.03244258 0.10739090
v 0.01240079 0.03330730 0.10712796
v 0.00978189 0.03783455 0.10572407
v 0.00920144 0.03977059 0.10497751
v 0.00978189 0.03796737 0.10572407
v 0.01269579 0.04597712 0.06901164
v 0.00920144 0.04299781 0.10244676
v 0.00920569 0.04299486 0.10246085
v 0.00955480 0.04307011 0.10108982
v 0.01420898 0.04486301 0.06944360
v 0.01283586 0.04088175 0.10240920
v 0.01349483 0.04020000 0.10240920
v 0.01536456 0.04347591 0.07044839
v 0.01656684 0.04204307 0.07076298
v 0.01763010 0.04037560 0.07076298
v 0.01504197 0.03783308 0.10372857
v 0.01540913 0.03717495 0.10372857
v 0.01591742 0.03594427 0.10372857
v 0.01914541 0.03678685 0.07150014
v 0.01638963 0.03367621 0.10504325
v 0.01610099 0.03462652 0.10504325
v 0.01553540 0.03596050 0.10509489
v 0.01553116 0.03462652 0.10614195
v 0.01584101 0.03337076 0.10638610
v 0.01560650 0.03244258 0.10704344
v 0.01632808 0.03244258 0.10609499
v 0.01449018 0.03244258 0.10764444
v 0.01315102 0.03330730 0.10732047
v 0.01242944 0.03410858 0.10707631
v 0.00920144 0.03990045 0.10493526
v 0.01019149 0.03796737 0.10572407
v 0.01315102 0.03416022 0.10709509
v 0.01051408 0.04242969 0.10240920
v 0.01133646 0.04198404 0.10240920
v 0.01199649 0.04154135 0.10240920
v 0.00920144 0.04299338 0.10246554
v 0.01051408 0.04208291 0.10331538
v 0.01123353 0.04191322 0.10311818
v 0.01272125 0.04076960 0.10335295
v 0.01396703 0.03944595 0.10341398
v 0.01404131 0.03954187 0.10240920
v 0.01531256 0.03695360 0.10468172
v 0.01627927 0.03462652 0.10372857
v 0.01528497 0.03553109 0.10586962
v 0.01501969 0.03392117 0.10700588
v 0.01529665 0.03304316 0.10717491
v 0.01540701 0.03244258 0.10728290
v 0.01482656 0.03244258 0.10753645
v 0.01414212 0.03408349 0.10707162
v 0.00920144 0.04085075 0.10451268
v 0.01051408 0.03990045 0.10486013
v 0.01315102 0.03481983 0.10685093
v 0.01315102 0.03594427 0.10640489
v 0.01183202 0.03719856 0.10595413
v 0.01315102 0.03709821 0.10591657
v 0.00920144 0.04279712 0.10278951
v 0.00920144 0.04234705 0.10352198
v 0.01132373 0.04063679 0.10443756
v 0.01220341 0.04042577 0.10423097
v 0.01374844 0.03918476 0.10429670
v 0.01417502 0.03830676 0.10473336
v 0.01456127 0.03736383 0.10514655
v 0.01494541 0.03641057 0.10555973
v 0.01406678 0.03689605 0.10583676
v 0.01051408 0.04074008 0.10447982
v 0.00920144 0.04150594 0.10418871
v 0.01315102 0.03775782 0.10557851
v 0.01286875 0.03954777 0.10460659
f 2231 2232 2233
f 2231 2233 2234
f 2231 2234 2235
f 2231 2235 2243
f 2231 2243 2255
f 2231 2255 2254
f 2231 2254 2277
f 2231 2277 2311
f 2231 2311 2331
f 2231 2331 2357
f 2231 2357 2356
f 2231 2356 2378
f 2231 2378 2379
f 2231 2379 2358
f 2231 2358 2332
f 2231 2332 2313
f 2231 2313 2312
f 2231 2312 2288
f 2231 2288 2287
f 2231 2287 2286
f 2231 2286 2285
f 2231 2285 2284
f 2231 2284 2283
f 2231 2283 2282
f 2231 2282 2281
f 2231 2281 2280
f 2231 2280 2278
f 2231 2278 2256
f 2231 2256 2245
f 2231 2245 2244
f 2231 2244 2236
f 2231 2236 2232
f 2232 2236 2233
f 2233 2237 2238
f 2233 2238 2239
f 2233 2239 2234
f 2233 2236 2237
f 2234 2240 2241
f 2234 2241 2235
f 2234 2239 2242
f 2234 2242 2240
f 2235 2241 2243
f 2236 2244 2237
f 2237 2244 2245
f 2237 2245 2246
f 2237 2246 2238
f 2238 2247 2261
f 2238 2261 2289
f 2238 2289 2314
f 2238 2314 2335
f 2238 2335 2361
f 2238 2361 2381
f 2238 2381 2397
f 2238 2397 2388
f 2238 2388 2387
f 2238 2387 2367
f 2238 2367 2338
f 2238 2338 2316
f 2238 2316 2298
f 2238 2298 2297
f 2238 2297 2296
f 2238 2296 2295
f 2238 2295 2294
f 2238 2294 2293
f 2238 2293 2292
f 2238 2292 2267
f 2238 2267 2248
f 2238 2248 2239
f 2238 2246 2247
f 2239 2248 2249
f 2239 2249 2250
f 2239 2250 2242
f 2240 2242 2251
f 2240 2251 2252
f 2240 2252 2253
f 2240 2253 2241
f 2241 2253 2254
f 2241 2254 2255
f 2241 2255 2243
f 2242 2250 2251
f 2245 2256 2257
f 2245 2257 2246
f 2246 2257 2247
f 2247 2257 2258
f 2247 2258 2259
f 2247 2259 2260
f 2247 2260 2261
f 2248 2262 2263
f 2248 2263 2264
f 2248 2264 2265
f 2248 2265 2266
f 2248 2266 2249
f 2248 2267 2262
f 2249 2268 2250
f 2249 2266 2269
f 2249 2269 2270
f 2249 2270 2271
f 2249 2271 2272
f 2249 2272 2268
f 2250 2268 2272
f 2250 2272 2273
f 2250 2273 2251
f 2251 2273 2274
f 2251 2274 2252
f 2252 2274 2253
f 2253 2274 2275
f 2253 2275 2276
f 2253 2276 2254
f 2254 2276 2277
f 2256 2278 2258
f 2256 2258 2257
f 2258 2278 2259
f 2259 2278 2260
f 2260 2279 2261
f 2260 2278 2280
f 2260 2280 2281
f 2260 2281 2282
f 2260 2282 2283
f 2260 2283 2284
f 2260 2284 2285
f 2260 2285 2286
f 2260 2286 2287
f 2260 2287 2288
f 2260 2288 2279
f 2261 2288 2289
f 2261 2279 2290
f 2261 2290 2288
f 2262 2291 2263
f 2262 2267 2292
f 2262 2292 2293
f 2262 2293 2294
f 2262 2294 2295
f 2262 2295 2296
f 2262 2296 2297
f 2262 2297 2298
f 2262 2298 2299
f 2262 2299 2291
f 2263 2291 2300
f 2263 2300 2301
f 2263 2301 2302
f 2263 2302 2264
f 2264 2302 2270
f 2264 2270 2303
f 2264 2303 2265
f 2265 2303 2270
f 2265 2270 2266
f 2266 2270 2269
f 2270 2302 2271
f 2271 2302 2272
f 2272 2302 2304
f 2272 2304 2273
f 2273 2304 2305
f 2273 2305 2274
f 2274 2305 2275
f 2275 2305 2306
f 2275 2306 2307
f 2275 2307 2308
f 2275 2308 2276
f 2276 2308 2309
f 2276 2309 2277
f 2277 2309 2310
f 2277 2310 2311
f 2279 2288 2290
f 2288 2312 2289
f 2289 2312 2313
f 2289 2313 2314
f 2291 2299 2315
f 2291 2315 2300
f 2298 2316 2317
f 2298 2317 2299
f 2299 2317 2315
f 2300 2315 2318
f 2300 2318 2319
f 2300 2319 2301
f 2301 2319 2304
f 2301 2304 2302
f 2304 2319 2320
f 2304 2320 2321
f 2304 2321 2305
f 2305 2321 2322
f 2305 2322 2323
f 2305 2323 2306
f 2306 2323 2324
f 2306 2324 2307
f 2307 2324 2325
f 2307 2325 2326
f 2307 2326 2327
f 2307 2327 2328
f 2307 2328 2309
f 2307 2309 2308
f 2309 2328 2329
f 2309 2329 2310
f 2310 2329 2330
f 2310 2330 2311
f 2311 2330 2331
f 2313 2332 2333
f 2313 2333 2334
f 2313 2334 2314
f 2314 2334 2336
f 2314 2336 2335
f 2315 2337 2318
f 2315 2317 2316
f 2315 2316 2337
f 2316 2338 2339
f 2316 2339 2340
f 2316 2340 2337
f 2318 2337 2341
f 2318 2341 2319
f 2319 2341 2321
f 2319 2321 2320
f 2321 2341 2342
f 2321 2342 2343
f 2321 2343 2344
f 2321 2344 2345
f 2321 2345 2323
f 2321 2323 2322
f 2323 2345 2346
f 2323 2346 2324
f 2324 2346 2347
f 2324 2347 2348
f 2324 2348 2325
f 2325 2348 2349
f 2325 2349 2326
f 2326 2349 2350
f 2326 2350 2327
f 2327 2350 2328
f 2328 2350 2351
f 2328 2351 2329
f 2329 2351 2330
f 2330 2351 2352
f 2330 2352 2353
f 2330 2353 2354
f 2330 2354 2355
f 2330 2355 2356
f 2330 2356 2357
f 2330 2357 2331
f 2332 2358 2359
f 2332 2359 2360
f 2332 2360 2333
f 2333 2360 2336
f 2333 2336 2334
f 2335 2336 2361
f 2336 2362 2361
f 2336 2360 2363
f 2336 2363 2362
f 2337 2340 2364
f 2337 2364 2365
f 2337 2365 2366
f 2337 2366 2341
f 2338 2367 2339
f 2339 2367 2368
f 2339 2368 2369
f 2339 2369 2364
f 2339 2364 2340
f 2341 2366 2342
f 2342 2366 2370
f 2342 2370 2343
f 2343 2370 2371
f 2343 2371 2372
f 2343 2372 2345
f 2343 2345 2344
f 2345 2372 2347
f 2345 2347 2346
f 2347 2372 2371
f 2347 2371 2373
f 2347 2373 2348
f 2348 2373 2349
f 2349 2373 2352
f 2349 2352 2351
f 2349 2351 2374
f 2349 2374 2350
f 2350 2374 2351
f 2352 2373 2353
f 2353 2375 2354
f 2353 2373 2375
f 2354 2376 2377
f 2354 2377 2355
f 2354 2375 2376
f 2355 2377 2356
f 2356 2377 2378
f 2358 2363 2360
f 2358 2360 2359
f 2358 2379 2376
f 2358 2376 2380
f 2358 2380 2363
f 2361 2362 2382
f 2361 2382 2381
f 2362 2363 2383
f 2362 2383 2384
f 2362 2384 2385
f 2362 2385 2386
f 2362 2386 2382
f 2363 2380 2383
f 2364 2369 2365
f 2365 2369 2366
f 2366 2369 2370
f 2367 2387 2368
f 2368 2387 2388
f 2368 2388 2389
f 2368 2389 2390
f 2368 2390 2369
f 2369 2390 2370
f 2370 2390 2391
f 2370 2391 2371
f 2371 2391 2373
f 2373 2391 2392
f 2373 2392 2393
f 2373 2393 2394
f 2373 2394 2375
f 2375 2394 2395
f 2375 2395 2376
f 2376 2379 2377
f 2376 2395 2386
f 2376 2386 2380
f 2377 2379 2378
f 2380 2386 2384
f 2380 2384 2383
f 2381 2396 2397
f 2381 2382 2396
f 2382 2386 2396
f 2384 2386 2385
f 2386 2395 2398
f 2386 2398 2389
f 2386 2389 2396
f 2388 2397 2389
f 2389 2397 2396
f 2389 2398 2395
f 2389 2395 2399
f 2389 2399 2390
f 2390 2399 2391
f 2391 2399 2392
f 2392 2399 2395
f 2392 2395 2393
f 2393 2395 2394

o geometry_20
v -0.01260525 -0.01975396 0.01164695
v -0.01260525 -0.01975396 0.00639411
v -0.01081873 -0.01975396 0.00996632
v -0.00860113 -0.01892687 0.00953065
v -0.00860113 -0.01852327 0.00957201
v -0.00860113 -0.01812762 0.00961061
v -0.00860113 -0.01745760 0.00958994
v -0.00860113 -0.01680945 0.00956788
v -0.00860113 -0.01548929 0.00952238
v -0.00860113 -0.01481927 0.00949894
v -0.00860113 -0.01417112 0.00947550
v -0.00860113 -0.01326252 0.00944242
v -0.00860113 -0.01260442 0.00935969
v -0.01260525 -0.00758026 0.00906189
v -0.01866519 0.00055740 0.00569236
v -0.01867900 0.00033274 0.00569236
v -0.01865927 -0.00011063 0.00569236
v -0.01861389 -0.00098543 0.00569236
v -0.01856851 -0.00143079 0.00569236
v -0.01846888 -0.00230559 0.00569236
v -0.01840772 -0.00274896 0.00569236
v -0.01828046 -0.00362376 0.00569236
v -0.01800228 -0.00483060 0.00569236
v -0.01787502 -0.00526800 0.00569236
v -0.01780892 -0.00549068 0.00569236
v -0.01783457 -0.00557020 0.00218081
v -0.01660246 -0.00838548 0.00136462
v -0.01547492 -0.00998001 0.00113162
v -0.01275914 -0.01123257 -0.00148101
v -0.01260525 -0.01176739 -0.00118597
v -0.01250463 -0.01211533 -0.00099433
v -0.01162567 -0.01247320 -0.00148515
v -0.00860113 -0.01572986 0.00059807
v -0.01190879 -0.01975396 0.00612251
v -0.01756823 -0.00626209 0.00218081
v -0.00860113 -0.01975396 0.00762116
v -0.00860113 -0.01160039 0.00876409
v -0.01320009 0.00055740 0.00569236
v -0.01859811 0.00055740 0.00218081
v -0.01860699 0.00033274 0.00218081
v -0.01858233 -0.00098543 0.00218081
v -0.01850735 -0.00230559 0.00218081
v -0.01830907 -0.00362376 0.00218081
v -0.01800622 -0.00483457 0.00481688
v -0.01799734 -0.00491211 0.00218081
v -0.01794703 -0.00470932 0.00127225
v -0.01631835 -0.00780891 0.00048501
v -0.01589614 -0.00893422 0.00080763
v -0.01720421 -0.00626209 0.00086278
v -0.01673268 -0.00745302 0.00089862
v -0.01514938 -0.00948495 0.00025201
v -0.01652848 -0.00693211 0.00019824
v -0.01667743 -0.00626209 0.00007278
v -0.01287653 -0.01021462 -0.00169195
v -0.01260525 -0.01021462 -0.00186704
v -0.01190879 -0.01021462 -0.00231374
v -0.01260525 -0.01131409 -0.00154581
v -0.01200251 -0.01161828 -0.00179949
v -0.01058987 -0.01153478 -0.00227238
v -0.01058987 -0.01268793 -0.00168643
v -0.00860113 -0.01532825 0.00019824
v -0.00860113 -0.01633427 0.00127225
v -0.01160299 -0.01975396 0.00607150
v -0.00860113 -0.01975396 0.00593363
v -0.00860113 -0.00780891 0.00582885
v -0.01271869 0.00055740 0.00481688
v -0.01838897 0.00055740 0.00086278
v -0.01839588 0.00033274 0.00086278
v -0.01835050 -0.00098543 0.00086278
v -0.01823607 -0.00230559 0.00086278
v -0.01803779 -0.00351441 0.00084486
v -0.01785233 -0.00300345 0.00019135
v -0.01773001 -0.00388223 0.00039264
v -0.01762840 -0.00506719 0.00084486
v -0.01691813 -0.00494193 -0.00010645
v -0.01125476 -0.00823637 -0.00243507
v -0.01125476 -0.00826818 -0.00243507
v -0.01724663 -0.00351441 -0.00011334
v -0.01718350 -0.00230559 -0.00027740
v -0.01718350 -0.00098543 -0.00037805
v -0.01718350 0.00033274 -0.00043733
v -0.01718350 0.00055740 -0.00043871
v -0.00927095 -0.01153478 -0.00227238
v -0.01058987 -0.00826420 -0.00243645
v -0.00927095 -0.01267799 -0.00168643
v -0.00860113 -0.01253484 -0.00155546
v -0.01028406 -0.01975396 0.00592536
v -0.01058987 -0.01975396 0.00592536
v -0.00860113 -0.00757828 0.00531459
v -0.01270488 0.00055740 0.00459491
v -0.00860113 -0.00735560 0.00481551
v -0.01800524 0.00055740 0.00003418
v -0.01800918 0.00033274 0.00003142
v -0.01797465 -0.00098543 0.00006865
v -0.01789771 -0.00230559 0.00014586
v -0.01058987 -0.00823239 -0.00243645
v -0.01586458 0.00055740 -0.00074478
v -0.00927095 -0.00826420 -0.00243645
v -0.00860705 -0.00826818 -0.00243507
v -0.00860113 -0.01021462 -0.00228203
v -0.00860113 -0.01156858 -0.00203800
v -0.00860113 -0.01213322 -0.00176227
v -0.01264471 0.00055740 0.00349885
v -0.00860113 -0.00719853 0.00346714
v -0.00927095 -0.00823239 -0.00243645
v -0.01454565 0.00055740 -0.00074478
v -0.00860705 -0.00823637 -0.00243507
v -0.00860113 -0.00827414 -0.00243231
v -0.01264471 0.00055740 0.00218081
v -0.00860113 -0.00708719 0.00218081
v -0.01349111 0.00055740 -0.00035324
v -0.00860113 -0.00823438 -0.00242679
v -0.00860113 -0.00824233 -0.00243231
v -0.01327605 0.00055740 -0.00027051
v -0.01264569 0.00055740 0.00195746
v -0.00860113 -0.00711503 0.00086278
v -0.01265359 0.00055740 0.00086278
v -0.01275815 0.00055740 0.00066700
v -0.00860113 -0.00779698 -0.00170022
v -0.00860113 -0.00722438 -0.00045664
f 2400 2401 2433
f 2400 2433 2462
f 2400 2462 2487
f 2400 2487 2486
f 2400 2486 2463
f 2400 2463 2435
f 2400 2435 2402
f 2400 2402 2403
f 2400 2403 2404
f 2400 2404 2405
f 2400 2405 2406
f 2400 2406 2407
f 2400 2407 2408
f 2400 2408 2409
f 2400 2409 2410
f 2400 2410 2411
f 2400 2411 2412
f 2400 2412 2413
f 2400 2413 2414
f 2400 2414 2415
f 2400 2415 2416
f 2400 2416 2417
f 2400 2417 2418
f 2400 2418 2419
f 2400 2419 2420
f 2400 2420 2421
f 2400 2421 2422
f 2400 2422 2423
f 2400 2423 2424
f 2400 2424 2425
f 2400 2425 2401
f 2401 2426 2427
f 2401 2427 2428
f 2401 2428 2429
f 2401 2429 2430
f 2401 2430 2431
f 2401 2431 2432
f 2401 2432 2433
f 2401 2425 2434
f 2401 2434 2426
f 2402 2435 2403
f 2403 2435 2463
f 2403 2463 2461
f 2403 2461 2432
f 2403 2432 2460
f 2403 2460 2485
f 2403 2485 2501
f 2403 2501 2500
f 2403 2500 2499
f 2403 2499 2507
f 2403 2507 2512
f 2403 2512 2511
f 2403 2511 2518
f 2403 2518 2519
f 2403 2519 2515
f 2403 2515 2509
f 2403 2509 2503
f 2403 2503 2490
f 2403 2490 2488
f 2403 2488 2464
f 2403 2464 2436
f 2403 2436 2412
f 2403 2412 2411
f 2403 2411 2410
f 2403 2410 2409
f 2403 2409 2408
f 2403 2408 2407
f 2403 2407 2406
f 2403 2406 2405
f 2403 2405 2404
f 2412 2436 2437
f 2412 2437 2413
f 2413 2437 2414
f 2414 2437 2465
f 2414 2465 2489
f 2414 2489 2502
f 2414 2502 2508
f 2414 2508 2514
f 2414 2514 2516
f 2414 2516 2517
f 2414 2517 2513
f 2414 2513 2510
f 2414 2510 2505
f 2414 2505 2496
f 2414 2496 2481
f 2414 2481 2491
f 2414 2491 2466
f 2414 2466 2438
f 2414 2438 2415
f 2415 2438 2439
f 2415 2439 2440
f 2415 2440 2416
f 2416 2440 2417
f 2417 2440 2441
f 2417 2441 2418
f 2418 2441 2419
f 2419 2441 2420
f 2420 2441 2421
f 2421 2441 2442
f 2421 2442 2422
f 2422 2442 2443
f 2422 2443 2425
f 2422 2425 2423
f 2423 2425 2424
f 2425 2443 2444
f 2425 2444 2445
f 2425 2445 2426
f 2425 2426 2434
f 2426 2446 2447
f 2426 2447 2427
f 2426 2445 2448
f 2426 2448 2449
f 2426 2449 2446
f 2427 2447 2450
f 2427 2450 2428
f 2428 2450 2446
f 2428 2446 2451
f 2428 2451 2452
f 2428 2452 2453
f 2428 2453 2454
f 2428 2454 2455
f 2428 2455 2456
f 2428 2456 2431
f 2428 2431 2429
f 2429 2431 2430
f 2431 2456 2457
f 2431 2457 2458
f 2431 2458 2459
f 2431 2459 2432
f 2432 2461 2433
f 2432 2459 2460
f 2433 2461 2462
f 2436 2464 2437
f 2437 2464 2465
f 2438 2466 2439
f 2439 2467 2440
f 2439 2466 2467
f 2440 2468 2441
f 2440 2467 2468
f 2441 2469 2442
f 2441 2468 2469
f 2442 2469 2445
f 2442 2445 2444
f 2442 2444 2443
f 2445 2469 2470
f 2445 2470 2471
f 2445 2471 2472
f 2445 2472 2473
f 2445 2473 2448
f 2446 2450 2447
f 2446 2449 2451
f 2448 2451 2449
f 2448 2473 2451
f 2451 2473 2452
f 2452 2473 2472
f 2452 2472 2471
f 2452 2471 2474
f 2452 2474 2453
f 2453 2474 2454
f 2454 2474 2455
f 2455 2475 2476
f 2455 2476 2458
f 2455 2458 2457
f 2455 2457 2456
f 2455 2474 2477
f 2455 2477 2478
f 2455 2478 2479
f 2455 2479 2480
f 2455 2480 2481
f 2455 2481 2475
f 2458 2482 2459
f 2458 2476 2483
f 2458 2483 2497
f 2458 2497 2482
f 2459 2482 2484
f 2459 2484 2460
f 2460 2484 2485
f 2461 2463 2486
f 2461 2486 2487
f 2461 2487 2462
f 2464 2488 2465
f 2465 2488 2490
f 2465 2490 2489
f 2466 2491 2467
f 2467 2491 2492
f 2467 2492 2468
f 2468 2492 2493
f 2468 2493 2494
f 2468 2494 2469
f 2469 2494 2471
f 2469 2471 2470
f 2471 2477 2474
f 2471 2494 2478
f 2471 2478 2477
f 2475 2495 2483
f 2475 2483 2476
f 2475 2481 2496
f 2475 2496 2495
f 2478 2494 2493
f 2478 2493 2479
f 2479 2493 2480
f 2480 2493 2492
f 2480 2492 2481
f 2481 2492 2491
f 2482 2497 2498
f 2482 2498 2499
f 2482 2499 2500
f 2482 2500 2501
f 2482 2501 2484
f 2483 2495 2504
f 2483 2504 2497
f 2484 2501 2485
f 2489 2490 2503
f 2489 2503 2502
f 2495 2496 2505
f 2495 2505 2504
f 2497 2504 2506
f 2497 2506 2498
f 2498 2506 2512
f 2498 2512 2507
f 2498 2507 2499
f 2502 2503 2509
f 2502 2509 2508
f 2504 2505 2506
f 2505 2510 2506
f 2506 2511 2512
f 2506 2510 2513
f 2506 2513 2511
f 2508 2509 2514
f 2509 2515 2516
f 2509 2516 2514
f 2511 2513 2517
f 2511 2517 2516
f 2511 2516 2518
f 2515 2519 2516
f 2516 2519 2518

o geometry_21
v -0.01771903 0.02846272 0.03383206
v -0.00642847 0.03453079 0.09721240
v -0.01968797 0.03452915 0.05642454
v -0.01771903 0.03648585 0.03383206
v -0.01716223 0.02935109 0.03383206
v -0.00642847 0.03900372 0.09372596
v -0.00642847 0.03453079 0.12230263
v -0.01013142 0.04102096 0.03383206
v -0.01771903 0.03010694 0.05642454
v -0.01917919 0.03531772 0.05725712
v -0.01771903 0.03787567 0.05295544
v -0.01771903 0.03787976 0.04834155
v -0.01771903 0.03784050 0.04702329
v -0.01771903 0.03754437 0.04175027
v -0.01771903 0.03742658 0.04043201
v -0.01771903 0.03725643 0.03911376
v -0.01526987 0.04067085 0.03383206
v -0.01532827 0.04076901 0.03515899
v -0.00642847 0.03484982 0.12243272
v -0.00662575 0.03453079 0.12218988
v -0.01013142 0.04346193 0.03383206
v -0.00642847 0.04193060 0.09232099
v -0.00743954 0.03453079 0.12085427
v -0.01262471 0.03453079 0.10334403
v -0.01435743 0.03453079 0.09712568
v -0.01536332 0.03453079 0.09293675
v -0.01562160 0.03453079 0.09179194
v -0.01644059 0.03453079 0.08790656
v -0.01670471 0.03453079 0.08648857
v -0.01755420 0.03453079 0.08144537
v -0.01777095 0.03452915 0.07998835
v -0.01844197 0.03452915 0.07472400
v -0.01858993 0.03452915 0.07340575
v -0.01907925 0.03452915 0.06813273
v -0.01919087 0.03452915 0.06681447
v -0.01931417 0.03452915 0.06474385
v -0.01520367 0.04187661 0.05690154
v -0.01485973 0.04249749 0.05566134
v -0.01524521 0.04194369 0.05361457
v -0.01525624 0.04196332 0.04900068
v -0.01523742 0.04193223 0.04636417
v -0.01516214 0.04180462 0.04175027
v -0.01512839 0.04175227 0.04043201
v -0.01486102 0.04133017 0.03383206
v -0.01492981 0.04142997 0.03515899
v -0.00734090 0.03510667 0.12160014
v -0.01253775 0.04319526 0.03451721
v -0.00642847 0.04193060 0.10447148
v -0.01013142 0.04385130 0.03713638
v -0.01013142 0.04459080 0.04556628
v -0.01013142 0.04470368 0.04768242
v -0.01013142 0.04492128 0.05229631
v -0.01013142 0.04509470 0.05642454
v -0.00734090 0.03540771 0.12160014
v -0.00743954 0.03561712 0.12087163
v -0.00732662 0.03667564 0.11903300
v -0.00702551 0.03754110 0.11822644
v -0.01322370 0.03660202 0.09644053
v -0.01005744 0.04193060 0.09554724
v -0.01039490 0.04193060 0.09406420
v -0.01270908 0.04011868 0.08882154
v -0.01173564 0.04193060 0.08791523
v -0.01279279 0.04193060 0.08192671
v -0.01242743 0.04296948 0.08012712
v -0.01389797 0.04189460 0.07415161
v -0.01388240 0.04319198 0.06612065
v -0.01792021 0.03672963 0.06548754
v -0.01476628 0.04253593 0.05757801
v -0.01412510 0.04351265 0.05757801
v -0.01415236 0.04353718 0.05625108
v -0.01483961 0.04260955 0.05295544
v -0.01483312 0.04262264 0.04900068
v -0.01481170 0.04260628 0.04702329
v -0.01462999 0.04253593 0.04175027
v -0.01454044 0.04253593 0.04043201
v -0.01420168 0.04220218 0.03383206
v -0.01427047 0.04228889 0.03515899
v -0.00642847 0.03575945 0.12224191
v -0.01202118 0.04312654 0.03383206
v -0.01322695 0.04281406 0.03383206
v -0.01190956 0.04382677 0.04043201
v -0.01058958 0.04384640 0.03779551
v -0.01077648 0.04508815 0.07340575
v -0.01077648 0.04495563 0.07736052
v -0.01077648 0.04488692 0.07867010
v -0.01077648 0.04479039 0.08007509
v -0.00642847 0.03874032 0.11708164
v -0.01322695 0.04364680 0.04175027
v -0.01258837 0.04452372 0.05277332
v -0.01077648 0.04509961 0.06021452
v -0.01077648 0.04515360 0.06304183
v -0.01077648 0.04517077 0.06615101
v -0.00642847 0.03603922 0.12199041
v -0.00642847 0.03651203 0.12136597
v -0.00642847 0.03839511 0.11817440
v -0.00850124 0.04193060 0.10147072
v -0.00982511 0.04193060 0.09647522
v -0.01130733 0.04456298 0.07974552
v -0.01146827 0.04193060 0.08922482
v -0.01257410 0.04320507 0.07806300
v -0.01356051 0.04267500 0.07274228
v -0.01290442 0.04367134 0.07274228
v -0.01391225 0.04323452 0.06523603
v -0.01259097 0.04453354 0.06906071
v -0.01268117 0.04460143 0.06615101
v -0.01342942 0.04417197 0.05757801
v -0.01418027 0.04352737 0.05295544
v -0.01417053 0.04347829 0.04834155
v -0.01415236 0.04344884 0.04702329
v -0.01401349 0.04330324 0.04175027
v -0.01391095 0.04321489 0.03958209
v -0.01381880 0.04316417 0.03870614
v -0.01322695 0.04354700 0.04043201
v -0.01190956 0.04489020 0.06681447
v -0.01168632 0.04479039 0.07340575
v -0.01141246 0.04464397 0.07801531
v -0.00821180 0.04193060 0.10241605
v -0.00769004 0.04193060 0.10348279
v -0.00698657 0.04193060 0.10412457
v -0.01322695 0.04397238 0.04702329
v -0.01322695 0.04407217 0.04900068
v -0.01274802 0.04459734 0.05625108
v -0.01190956 0.04490164 0.06548754
v -0.01234826 0.04428649 0.07340575
v -0.01279085 0.04352083 0.07472400
v -0.01169411 0.04399855 0.08012712
v -0.01271687 0.04462025 0.06416929
v -0.01340606 0.04419651 0.05625108
v -0.01277397 0.04462515 0.05889627
f 2520 2521 2526
f 2520 2522 2523
f 2520 2523 2536
f 2520 2536 2563
f 2520 2563 2595
f 2520 2595 2599
f 2520 2599 2598
f 2520 2598 2540
f 2520 2540 2527
f 2520 2527 2524
f 2520 2524 2521
f 2521 2525 2541
f 2521 2541 2567
f 2521 2567 2606
f 2521 2606 2614
f 2521 2614 2613
f 2521 2613 2612
f 2521 2612 2597
f 2521 2597 2538
f 2521 2538 2526
f 2521 2524 2527
f 2521 2527 2525
f 2520 2528 2522
f 2520 2526 2528
f 2522 2530 2531
f 2522 2531 2532
f 2522 2532 2533
f 2522 2533 2534
f 2522 2534 2535
f 2522 2535 2523
f 2523 2537 2536
f 2526 2538 2539
f 2526 2539 2528
f 2527 2540 2541
f 2527 2541 2525
f 2528 2539 2542
f 2528 2542 2543
f 2528 2543 2544
f 2528 2544 2545
f 2528 2545 2546
f 2528 2546 2547
f 2528 2547 2548
f 2528 2548 2549
f 2528 2549 2550
f 2528 2550 2551
f 2528 2551 2552
f 2528 2552 2553
f 2528 2553 2554
f 2528 2554 2555
f 2528 2555 2522
f 2522 2555 2529
f 2529 2556 2522
f 2529 2555 2556
f 2522 2556 2557
f 2522 2557 2558
f 2522 2558 2530
f 2530 2559 2531
f 2531 2559 2560
f 2531 2560 2532
f 2532 2560 2561
f 2532 2561 2533
f 2533 2561 2562
f 2533 2562 2534
f 2534 2562 2537
f 2534 2537 2535
f 2535 2537 2523
f 2536 2537 2564
f 2536 2564 2563
f 2537 2562 2564
f 2538 2573 2565
f 2538 2565 2539
f 2541 2540 2568
f 2541 2568 2569
f 2541 2569 2570
f 2541 2570 2571
f 2541 2571 2572
f 2541 2572 2567
f 2539 2565 2542
f 2542 2565 2543
f 2543 2565 2573
f 2543 2573 2544
f 2544 2573 2574
f 2544 2574 2575
f 2544 2575 2576
f 2544 2576 2577
f 2544 2577 2545
f 2545 2577 2578
f 2545 2578 2579
f 2545 2579 2546
f 2546 2580 2547
f 2547 2580 2581
f 2547 2581 2548
f 2548 2581 2582
f 2548 2582 2549
f 2549 2582 2583
f 2549 2583 2550
f 2551 2584 2552
f 2551 2550 2584
f 2552 2585 2553
f 2554 2553 2585
f 2554 2585 2586
f 2554 2586 2555
f 2555 2586 2587
f 2555 2587 2556
f 2556 2587 2557
f 2557 2587 2588
f 2557 2588 2589
f 2557 2589 2590
f 2557 2590 2558
f 2558 2590 2559
f 2558 2559 2530
f 2559 2590 2591
f 2559 2591 2560
f 2560 2591 2592
f 2560 2592 2561
f 2561 2592 2593
f 2561 2593 2562
f 2562 2593 2594
f 2563 2564 2595
f 2564 2594 2596
f 2564 2596 2595
f 2562 2594 2564
f 2538 2597 2573
f 2566 2540 2598
f 2566 2598 2599
f 2566 2600 2601
f 2566 2601 2568
f 2566 2568 2540
f 2567 2602 2603
f 2567 2603 2604
f 2567 2604 2605
f 2567 2572 2602
f 2568 2601 2569
f 2569 2601 2600
f 2569 2600 2607
f 2571 2570 2608
f 2571 2608 2572
f 2572 2608 2609
f 2572 2609 2610
f 2572 2610 2611
f 2572 2611 2602
f 2573 2612 2613
f 2573 2613 2614
f 2573 2614 2576
f 2573 2576 2574
f 2573 2597 2612
f 2574 2576 2575
f 2576 2614 2615
f 2576 2615 2616
f 2576 2616 2577
f 2577 2616 2578
f 2578 2617 2579
f 2546 2618 2580
f 2546 2579 2618
f 2580 2618 2581
f 2581 2583 2582
f 2583 2619 2550
f 2550 2619 2584
f 2584 2620 2552
f 2552 2620 2585
f 2585 2620 2621
f 2585 2622 2586
f 2585 2621 2623
f 2585 2623 2622
f 2586 2622 2587
f 2587 2622 2588
f 2588 2623 2624
f 2588 2624 2589
f 2589 2624 2625
f 2590 2589 2626
f 2590 2626 2591
f 2591 2626 2627
f 2591 2627 2592
f 2592 2627 2628
f 2592 2628 2593
f 2593 2628 2629
f 2593 2629 2594
f 2594 2629 2630
f 2594 2630 2596
f 2595 2596 2630
f 2595 2630 2631
f 2595 2631 2599
f 2599 2631 2566
f 2566 2632 2600
f 2566 2631 2632
f 2600 2632 2607
f 2602 2611 2633
f 2602 2633 2634
f 2602 2634 2603
f 2603 2634 2604
f 2604 2634 2635
f 2604 2635 2605
f 2605 2635 2617
f 2605 2617 2636
f 2605 2636 2637
f 2605 2637 2638
f 2605 2638 2567
f 2567 2638 2606
f 2606 2638 2637
f 2606 2637 2636
f 2606 2636 2614
f 2569 2607 2608
f 2569 2608 2570
f 2607 2632 2630
f 2607 2630 2639
f 2607 2639 2608
f 2608 2639 2640
f 2609 2608 2641
f 2609 2641 2610
f 2610 2641 2642
f 2610 2642 2611
f 2611 2642 2633
f 2614 2636 2615
f 2615 2636 2617
f 2615 2617 2616
f 2616 2617 2578
f 2617 2635 2623
f 2617 2623 2643
f 2617 2643 2644
f 2617 2644 2645
f 2617 2645 2618
f 2617 2618 2579
f 2618 2645 2581
f 2581 2645 2583
f 2619 2583 2645
f 2584 2644 2620
f 2584 2619 2644
f 2620 2644 2621
f 2621 2644 2643
f 2621 2643 2623
f 2623 2588 2622
f 2623 2635 2634
f 2623 2634 2624
f 2624 2634 2633
f 2624 2633 2646
f 2624 2646 2625
f 2589 2625 2647
f 2589 2647 2626
f 2625 2646 2648
f 2625 2648 2647
f 2626 2647 2627
f 2627 2647 2628
f 2628 2647 2640
f 2628 2640 2629
f 2629 2640 2639
f 2629 2639 2630
f 2630 2632 2631
f 2633 2642 2646
f 2608 2640 2641
f 2641 2640 2647
f 2642 2641 2648
f 2641 2647 2648
f 2642 2648 2646
f 2645 2644 2619

o geometry_22
v 0.00019297 0.02136418 0.10578548
v 0.00019297 0.02136418 0.11276518
v -0.00399592 0.02136418 0.10579493
v -0.00663276 0.02516504 0.09318614
v -0.00531343 0.02574684 0.09222908
v -0.00458504 0.02594413 0.09238648
v 0.00019297 0.03870357 0.09271076
v -0.00003883 0.02136418 0.11278092
v 0.00019297 0.02564820 0.11922541
v -0.00003883 0.02563411 0.11924745
v -0.00135817 0.02559988 0.11934504
v -0.00533908 0.02136418 0.10634273
v -0.00759020 0.02577503 0.09227944
v -0.00663276 0.02562203 0.09214722
v -0.00916699 0.02136418 0.10920765
v -0.00531343 0.02671316 0.09199295
v -0.00464093 0.03245471 0.09119645
v 0.00019297 0.03984503 0.09257223
v -0.00135817 0.02136418 0.11278407
v 0.00019297 0.02671316 0.11939541
v -0.00318691 0.03117434 0.12295610
v -0.00399592 0.03100925 0.12309777
v -0.00531343 0.03098711 0.12311351
v -0.00267750 0.02567034 0.11936393
v -0.00916699 0.02136418 0.11232442
v -0.00272973 0.02136418 0.11270536
v -0.00759020 0.02626221 0.09227944
v -0.00500833 0.03462490 0.09112404
v -0.00499734 0.03452625 0.09112718
v -0.00485349 0.03330426 0.09117126
v -0.00472522 0.03245471 0.09119645
v -0.00777802 0.02561196 0.09318614
v -0.00916699 0.03452625 0.09837448
v -0.00459054 0.03452625 0.09112718
v -0.00642845 0.04193067 0.09232352
v 0.00019297 0.04021344 0.09324281
v -0.00458871 0.03462490 0.09112404
v -0.00460153 0.03540802 0.09113977
v 0.00019297 0.03989939 0.11823371
v -0.00201600 0.03528924 0.12153623
v -0.00319149 0.03198363 0.12295295
v -0.00399592 0.03198363 0.12324888
v -0.00531343 0.03198363 0.12328666
v -0.00616916 0.03114414 0.12298129
v -0.00399592 0.02588575 0.11913411
v -0.00916699 0.02407592 0.11167273
v -0.00738497 0.03118037 0.12169365
v -0.00753797 0.03198363 0.12086880
v -0.00776794 0.03198363 0.11954968
v -0.00772763 0.03452625 0.11945209
v -0.00789896 0.03452625 0.11823056
v -0.00493137 0.03540802 0.09113977
v -0.00916699 0.03452625 0.10817187
v -0.00523738 0.04193067 0.09315781
v -0.00642845 0.04193067 0.10448525
v -0.00499275 0.04193067 0.09356079
v 0.00019297 0.04193067 0.10227203
v -0.00520531 0.04193067 0.09320818
v 0.00019297 0.04005843 0.11819593
v -0.00332068 0.03531340 0.12286165
v -0.00399501 0.03556102 0.12295610
v -0.00531343 0.03562745 0.12297814
v -0.00603998 0.03540198 0.12289313
v -0.00619023 0.03198363 0.12299388
v -0.00684990 0.03198363 0.12232330
v -0.00916699 0.02548916 0.11132643
v -0.00736664 0.03198363 0.12166531
v -0.00743719 0.03452625 0.12085935
v -0.00746284 0.03452625 0.12073973
v -0.00771022 0.03452625 0.11954968
v -0.00642845 0.03839354 0.11818019
v -0.00916699 0.03409946 0.10845206
v -0.00916699 0.03363643 0.10873855
v -0.00916699 0.03050194 0.10989396
v -0.00916699 0.02950341 0.11020564
v -0.00642845 0.03873980 0.11709089
v -0.00601524 0.03928538 0.11767961
v -0.00448518 0.04047717 0.11691459
v -0.00370457 0.04071472 0.11787481
v -0.00267659 0.04111132 0.11691459
v -0.00135817 0.04125626 0.11691459
v -0.00627636 0.04193067 0.10457655
v 0.00019297 0.04193067 0.10458285
v 0.00019297 0.04087577 0.11790943
v -0.00399501 0.03622134 0.12249646
v -0.00531343 0.03628777 0.12251219
v -0.00612427 0.03666222 0.12169050
v -0.00642845 0.03575831 0.12224459
v -0.00642845 0.03490271 0.12243034
v -0.00737397 0.03452625 0.12098214
v -0.00642845 0.03603613 0.12199273
v -0.00642845 0.03650922 0.12137252
v -0.00525937 0.03956319 0.11816759
v -0.00267659 0.04086168 0.11805426
v -0.00445036 0.04193067 0.10479378
v -0.00531343 0.04193067 0.10477489
v -0.00135817 0.04092610 0.11803851
v -0.00003975 0.04124217 0.11691459
v 0.00001064 0.04193067 0.10459545
v -0.00003975 0.04193067 0.10459859
v -0.00135817 0.04193067 0.10466785
v -0.00399501 0.04193067 0.10478119
v 0.00019297 0.04123009 0.11691459
v 0.00019297 0.04094020 0.11775202
v -0.00003975 0.04088986 0.11792833
f 2649 2650 2656
f 2649 2656 2667
f 2649 2667 2674
f 2649 2674 2673
f 2649 2673 2663
f 2649 2663 2660
f 2649 2660 2651
f 2649 2651 2652
f 2649 2652 2653
f 2649 2653 2654
f 2649 2654 2655
f 2649 2655 2666
f 2649 2666 2684
f 2649 2684 2705
f 2649 2705 2731
f 2649 2731 2751
f 2649 2751 2752
f 2649 2752 2732
f 2649 2732 2707
f 2649 2707 2687
f 2649 2687 2668
f 2649 2668 2657
f 2649 2657 2650
f 2650 2657 2658
f 2650 2658 2659
f 2650 2659 2656
f 2651 2660 2652
f 2652 2661 2662
f 2652 2662 2653
f 2652 2660 2663
f 2652 2663 2661
f 2653 2662 2664
f 2653 2664 2654
f 2654 2664 2665
f 2654 2665 2655
f 2655 2665 2666
f 2656 2659 2667
f 2657 2668 2669
f 2657 2669 2670
f 2657 2670 2658
f 2658 2670 2659
f 2659 2670 2671
f 2659 2671 2672
f 2659 2672 2673
f 2659 2673 2674
f 2659 2674 2667
f 2661 2675 2676
f 2661 2676 2677
f 2661 2677 2678
f 2661 2678 2679
f 2661 2679 2662
f 2661 2663 2680
f 2661 2680 2681
f 2661 2681 2675
f 2662 2679 2664
f 2663 2673 2694
f 2663 2694 2714
f 2663 2714 2723
f 2663 2723 2722
f 2663 2722 2721
f 2663 2721 2720
f 2663 2720 2701
f 2663 2701 2681
f 2663 2681 2680
f 2664 2679 2665
f 2665 2679 2677
f 2665 2677 2682
f 2665 2682 2666
f 2666 2683 2684
f 2666 2682 2685
f 2666 2685 2686
f 2666 2686 2683
f 2668 2687 2688
f 2668 2688 2689
f 2668 2689 2669
f 2669 2689 2690
f 2669 2690 2670
f 2670 2690 2691
f 2670 2691 2671
f 2671 2691 2692
f 2671 2692 2672
f 2672 2693 2673
f 2672 2692 2693
f 2673 2693 2692
f 2673 2692 2695
f 2673 2695 2696
f 2673 2696 2697
f 2673 2697 2698
f 2673 2698 2699
f 2673 2699 2694
f 2675 2681 2683
f 2675 2683 2676
f 2676 2700 2686
f 2676 2686 2685
f 2676 2685 2682
f 2676 2682 2677
f 2676 2683 2700
f 2677 2679 2678
f 2681 2701 2703
f 2681 2703 2683
f 2683 2702 2684
f 2683 2686 2700
f 2683 2703 2730
f 2683 2730 2744
f 2683 2744 2743
f 2683 2743 2750
f 2683 2750 2749
f 2683 2749 2748
f 2683 2748 2747
f 2683 2747 2731
f 2683 2731 2705
f 2683 2705 2704
f 2683 2704 2706
f 2683 2706 2702
f 2684 2704 2705
f 2684 2702 2706
f 2684 2706 2704
f 2687 2707 2708
f 2687 2708 2688
f 2688 2708 2689
f 2689 2708 2690
f 2690 2708 2709
f 2690 2709 2691
f 2691 2709 2710
f 2691 2710 2711
f 2691 2711 2712
f 2691 2712 2692
f 2692 2712 2713
f 2692 2713 2695
f 2694 2699 2714
f 2695 2713 2715
f 2695 2715 2696
f 2696 2716 2717
f 2696 2717 2718
f 2696 2718 2698
f 2696 2698 2697
f 2696 2715 2716
f 2698 2718 2719
f 2698 2719 2699
f 2699 2719 2701
f 2699 2701 2720
f 2699 2720 2721
f 2699 2721 2722
f 2699 2722 2723
f 2699 2723 2714
f 2701 2719 2724
f 2701 2724 2703
f 2703 2724 2725
f 2703 2725 2726
f 2703 2726 2727
f 2703 2727 2728
f 2703 2728 2729
f 2703 2729 2730
f 2707 2732 2708
f 2708 2732 2709
f 2709 2732 2733
f 2709 2733 2710
f 2710 2734 2711
f 2710 2733 2734
f 2711 2734 2735
f 2711 2735 2736
f 2711 2736 2737
f 2711 2737 2715
f 2711 2715 2713
f 2711 2713 2712
f 2715 2737 2736
f 2715 2736 2738
f 2715 2738 2716
f 2716 2738 2736
f 2716 2736 2739
f 2716 2739 2740
f 2716 2740 2719
f 2716 2719 2717
f 2717 2719 2718
f 2719 2725 2724
f 2719 2740 2725
f 2725 2727 2726
f 2725 2740 2735
f 2725 2735 2741
f 2725 2741 2727
f 2727 2741 2735
f 2727 2735 2734
f 2727 2734 2742
f 2727 2742 2728
f 2728 2742 2729
f 2729 2743 2744
f 2729 2744 2730
f 2729 2742 2745
f 2729 2745 2746
f 2729 2746 2731
f 2729 2731 2747
f 2729 2747 2748
f 2729 2748 2749
f 2729 2749 2750
f 2729 2750 2743
f 2731 2746 2751
f 2732 2752 2753
f 2732 2753 2733
f 2733 2753 2745
f 2733 2745 2734
f 2734 2745 2742
f 2735 2739 2736
f 2735 2740 2739
f 2745 2753 2752
f 2745 2752 2751
f 2745 2751 2746

o geometry_23
v -0.01586452 0.00055740 -0.00074188
v -0.01586452 0.00165506 -0.00078060
v -0.01454594 0.00055740 -0.00074188
v -0.01718309 0.00055740 -0.00043493
v -0.01454594 0.00165506 -0.00078060
v -0.01586452 0.00297471 -0.00082208
v -0.01436171 0.00835693 -0.00101566
v -0.01454594 0.00693121 -0.00096588
v -0.01436171 0.00055740 -0.00067275
v -0.01772018 0.00055740 -0.00012520
v -0.01718309 0.00165506 -0.00044046
v -0.01586452 0.00429437 -0.00083868
v -0.01586452 0.00561155 -0.00078337
v -0.01436171 0.00965932 -0.00090504
v -0.01013113 0.01592952 0.00348640
v -0.01436171 0.00055740 0.00956749
v -0.01772018 0.00165506 -0.00011414
v -0.01772018 0.00055740 0.02704751
v -0.01718309 0.00297471 -0.00040174
v -0.01700406 0.00561155 -0.00022199
v -0.01586452 0.00693121 -0.00062021
v -0.01677823 0.00693121 -0.00003948
v -0.01593360 0.00824593 -0.00025241
v -0.01550794 0.00956805 -0.00006160
v -0.01436171 0.01064597 -0.00044322
v -0.01059096 0.02575417 0.00490227
v -0.01013113 0.02575417 0.00479442
v -0.01013113 0.01592952 0.00583697
v -0.01441668 0.00055740 0.00987444
v -0.01772018 0.00297471 -0.00003671
v -0.01769789 0.00055740 0.02701156
v -0.01772018 0.00056233 0.02723555
v -0.01728115 0.00426230 -0.00022199
v -0.01772018 0.00392437 0.00006837
v -0.01772018 0.00462736 0.00030343
v -0.01660515 0.00780440 0.00011815
v -0.01527394 0.01034258 0.00013474
v -0.01436171 0.01083591 -0.00034367
v -0.01147496 0.02575417 0.00531708
v -0.01436097 0.02575663 0.00887061
v -0.01013113 0.02575417 0.01062110
v -0.01013113 0.01968376 0.01055749
v -0.01772018 0.00846299 0.02701985
v -0.01013113 0.02012775 0.01093912
v -0.01013113 0.02029548 0.01099996
v -0.01013113 0.02143261 0.01117694
v -0.01013113 0.02403492 0.01127373
v -0.01772018 0.00516756 0.00062145
v -0.01772018 0.02396585 0.01345839
v -0.01588160 0.02575663 0.01147560
v -0.01496566 0.02575663 0.00988274
v -0.01428891 0.02575417 0.00874340
v -0.01406531 0.02575417 0.00838113
v -0.01348440 0.02575417 0.00748238
v -0.01279725 0.02575417 0.00655321
v -0.01213388 0.02575417 0.00589228
v -0.01436097 0.02575663 0.01759264
v -0.01638823 0.02575663 0.02265607
v -0.01772018 0.02575663 0.02597453
v -0.01013113 0.02559877 0.01089487
v -0.01772018 0.00956805 0.02695625
v -0.01013113 0.02540884 0.01117694
v -0.01772018 0.02517697 0.01431842
v -0.01772018 0.02575663 0.01474706
f 2754 2755 2758
f 2754 2758 2756
f 2754 2756 2762
f 2754 2762 2769
f 2754 2769 2782
f 2754 2782 2784
f 2754 2784 2771
f 2754 2771 2763
f 2754 2763 2757
f 2754 2757 2755
f 2755 2757 2759
f 2755 2759 2760
f 2755 2760 2761
f 2755 2761 2758
f 2756 2758 2760
f 2756 2760 2762
f 2757 2763 2764
f 2757 2764 2765
f 2757 2765 2759
f 2758 2761 2760
f 2759 2765 2760
f 2760 2765 2766
f 2760 2766 2767
f 2760 2767 2768
f 2760 2768 2762
f 2762 2768 2781
f 2762 2781 2769
f 2763 2770 2764
f 2763 2771 2785
f 2763 2785 2796
f 2763 2796 2814
f 2763 2814 2812
f 2763 2812 2817
f 2763 2817 2816
f 2763 2816 2802
f 2763 2802 2801
f 2763 2801 2788
f 2763 2788 2787
f 2763 2787 2783
f 2763 2783 2770
f 2764 2770 2772
f 2764 2772 2765
f 2765 2772 2766
f 2766 2772 2773
f 2766 2773 2774
f 2766 2774 2767
f 2767 2774 2773
f 2767 2773 2775
f 2767 2775 2776
f 2767 2776 2777
f 2767 2777 2778
f 2767 2778 2779
f 2767 2779 2780
f 2767 2780 2768
f 2768 2780 2794
f 2768 2794 2813
f 2768 2813 2815
f 2768 2815 2800
f 2768 2800 2799
f 2768 2799 2798
f 2768 2798 2797
f 2768 2797 2795
f 2768 2795 2781
f 2769 2781 2782
f 2770 2783 2772
f 2771 2784 2785
f 2772 2783 2786
f 2772 2786 2773
f 2773 2786 2787
f 2773 2787 2788
f 2773 2788 2775
f 2775 2788 2789
f 2775 2789 2776
f 2776 2789 2777
f 2777 2789 2790
f 2777 2790 2778
f 2778 2790 2791
f 2778 2791 2792
f 2778 2792 2779
f 2779 2792 2793
f 2779 2793 2780
f 2780 2793 2810
f 2780 2810 2794
f 2781 2795 2782
f 2782 2795 2785
f 2782 2785 2784
f 2783 2787 2786
f 2785 2795 2797
f 2785 2797 2798
f 2785 2798 2799
f 2785 2799 2800
f 2785 2800 2796
f 2788 2801 2789
f 2789 2801 2802
f 2789 2802 2803
f 2789 2803 2804
f 2789 2804 2805
f 2789 2805 2806
f 2789 2806 2807
f 2789 2807 2808
f 2789 2808 2790
f 2790 2808 2809
f 2790 2809 2792
f 2790 2792 2791
f 2792 2809 2793
f 2793 2809 2808
f 2793 2808 2807
f 2793 2807 2806
f 2793 2806 2805
f 2793 2805 2804
f 2793 2804 2803
f 2793 2803 2817
f 2793 2817 2812
f 2793 2812 2811
f 2793 2811 2810
f 2794 2810 2811
f 2794 2811 2812
f 2794 2812 2813
f 2796 2800 2814
f 2800 2815 2812
f 2800 2812 2814
f 2802 2816 2803
f 2803 2816 2817
f 2812 2815 2813

o geometry_24
v -0.00267788 -0.01696718 0.10236495
v -0.00663169 -0.01190863 0.09450366
v -0.00531279 -0.01121280 0.09370691
v -0.00012612 -0.01696718 0.10291175
v -0.00403159 -0.01696718 0.10260242
v -0.00968529 -0.01696718 0.10768913
v -0.00736560 -0.01116587 0.09377252
v -0.00663169 -0.01134544 0.09370691
v -0.00535630 -0.01013947 0.09369129
v -0.00457695 -0.01021701 0.09374128
v -0.00460209 -0.01098834 0.09377252
v 0.00019297 -0.01696718 0.10306797
v -0.00968529 -0.01696718 0.10971070
v -0.00968529 -0.01595098 0.10743292
v -0.00760153 -0.00098554 0.09450679
v -0.00739461 -0.00168749 0.09380377
v -0.00736560 -0.01081286 0.09377252
v -0.00968529 -0.01501844 0.10733607
v -0.00968529 -0.00758061 0.10659243
v -0.00663169 -0.01056799 0.09370691
v -0.00459145 -0.00643586 0.09376315
v -0.00663266 -0.00098554 0.09378815
v -0.00460982 -0.00279755 0.09378815
v -0.00460499 -0.00362193 0.09378190
v 0.00019297 -0.01548777 0.10275865
v 0.00019297 -0.01671415 0.10291175
v 0.00019297 -0.01696718 0.11055744
v -0.00134640 -0.01696718 0.11054495
v -0.00003910 -0.01477766 0.11955606
v -0.00135897 -0.01474501 0.11955606
v -0.00267691 -0.01415733 0.12087148
v -0.00405383 -0.01381656 0.12095897
v -0.00452957 -0.01343701 0.12145577
v -0.00598481 -0.01220656 0.12154326
v -0.00708229 -0.00920490 0.12376167
v -0.00731725 -0.00832542 0.12420847
v -0.00968529 -0.01672231 0.10981069
v -0.00731725 -0.00031215 0.09382877
v -0.00738881 -0.00098554 0.09380377
v -0.00968529 -0.00718067 0.10657681
v -0.00968529 -0.00643790 0.10655806
v -0.00968529 -0.00626037 0.10655493
v -0.00968529 -0.00623997 0.10655493
v -0.00968529 -0.00562576 0.10655806
v -0.00968529 -0.00494217 0.10656743
v -0.00968529 -0.00382803 0.10676116
v -0.00968529 -0.00362193 0.10680802
v -0.00968529 -0.00279755 0.10703924
v -0.00866710 0.00387915 0.11111986
v -0.00663266 -0.00030603 0.09382252
v -0.00593260 -0.00031419 0.09383189
v -0.00462916 -0.00156097 0.09381314
v -0.00461079 -0.00230169 0.09379440
v 0.00019297 -0.01443484 0.10293362
v -0.00003910 -0.01696718 0.11057932
v 0.00019297 -0.01477154 0.11955606
v -0.00003910 -0.01414509 0.12074963
v -0.00138411 -0.01404918 0.12097771
v -0.00267691 -0.01362066 0.12159325
v -0.00365158 -0.01359413 0.12158700
v -0.00531375 -0.00914776 0.12523644
v -0.00620334 -0.00965790 0.12438032
v -0.00653306 -0.00873353 0.12473340
v -0.00598384 -0.00826216 0.12549578
v -0.00731725 -0.00813973 0.12420847
v -0.00748743 -0.00494217 0.12350858
v -0.00968529 -0.00279755 0.11284772
v -0.00968529 -0.00362193 0.11276648
v -0.00968529 -0.00497074 0.11261963
v -0.00968529 -0.00528499 0.11256026
v -0.00968529 -0.00625833 0.11236654
v -0.00968529 -0.01063125 0.11136982
v -0.00968529 -0.01186782 0.11108549
v -0.00968529 -0.01224737 0.11099800
v -0.00968529 -0.01548777 0.11015438
v -0.00523833 0.00387915 0.10676116
v -0.00478677 0.00387915 0.10665492
v -0.00399678 0.00387915 0.10647995
v -0.00866710 0.00387915 0.11354449
v -0.00358487 0.00387915 0.10647370
v -0.00226596 0.00387915 0.10648932
v 0.00019297 0.00387915 0.10660806
v 0.00019297 0.00297110 0.10633310
v 0.00019297 -0.01413488 0.12072776
v -0.00184051 -0.01357373 0.12156200
v -0.00391943 -0.00895187 0.12525518
v -0.00430717 -0.00854784 0.12557702
v -0.00531375 -0.00848866 0.12555827
v -0.00542108 -0.00482382 0.12558639
v -0.00598384 -0.00821115 0.12549578
v -0.00597224 -0.00428103 0.12549265
v -0.00730952 -0.00425655 0.12419910
v -0.00267691 0.00387915 0.11343201
v -0.00492021 -0.00013666 0.12166199
v -0.00305982 0.00092443 0.12140890
v -0.00218087 0.00101217 0.12154638
v -0.00139861 0.00122643 0.12096835
v 0.00019297 0.00387915 0.11333202
v 0.00019297 -0.01285137 0.12087148
v -0.00288770 -0.00889677 0.12462091
v -0.00417470 -0.00494217 0.12560825
v -0.00351525 -0.00494217 0.12543017
v -0.00431684 -0.00416880 0.12557389
v -0.00531375 -0.00419533 0.12555514
v -0.00186371 0.00101217 0.12154638
v -0.00004006 0.00128560 0.12072150
v 0.00019297 0.00128560 0.12070277
v 0.00019297 0.00031430 0.12132142
v -0.00275136 -0.00494217 0.12476464
v -0.00283065 -0.00757857 0.12468652
v 0.00019297 0.00051223 0.12121206
v -0.00098573 0.00073057 0.12147140
f 2818 2819 2820
f 2818 2820 2821
f 2818 2821 2829
f 2818 2829 2844
f 2818 2844 2872
f 2818 2872 2845
f 2818 2845 2830
f 2818 2830 2823
f 2818 2823 2822
f 2818 2822 2819
f 2819 2822 2823
f 2819 2823 2824
f 2819 2824 2825
f 2819 2825 2820
f 2820 2825 2826
f 2820 2826 2827
f 2820 2827 2828
f 2820 2828 2821
f 2821 2828 2829
f 2823 2830 2854
f 2823 2854 2892
f 2823 2892 2891
f 2823 2891 2890
f 2823 2890 2889
f 2823 2889 2888
f 2823 2888 2887
f 2823 2887 2886
f 2823 2886 2885
f 2823 2885 2884
f 2823 2884 2865
f 2823 2865 2864
f 2823 2864 2863
f 2823 2863 2862
f 2823 2862 2861
f 2823 2861 2860
f 2823 2860 2859
f 2823 2859 2858
f 2823 2858 2857
f 2823 2857 2836
f 2823 2836 2835
f 2823 2835 2831
f 2823 2831 2824
f 2824 2832 2833
f 2824 2833 2834
f 2824 2834 2837
f 2824 2837 2825
f 2824 2831 2835
f 2824 2835 2836
f 2824 2836 2832
f 2825 2837 2826
f 2826 2838 2827
f 2826 2837 2839
f 2826 2839 2840
f 2826 2840 2841
f 2826 2841 2838
f 2827 2838 2842
f 2827 2842 2828
f 2828 2842 2843
f 2828 2843 2829
f 2829 2843 2842
f 2829 2842 2871
f 2829 2871 2900
f 2829 2900 2899
f 2829 2899 2915
f 2829 2915 2924
f 2829 2924 2928
f 2829 2928 2925
f 2829 2925 2916
f 2829 2916 2901
f 2829 2901 2873
f 2829 2873 2844
f 2830 2845 2846
f 2830 2846 2847
f 2830 2847 2848
f 2830 2848 2849
f 2830 2849 2850
f 2830 2850 2851
f 2830 2851 2852
f 2830 2852 2853
f 2830 2853 2854
f 2832 2855 2856
f 2832 2856 2833
f 2832 2836 2857
f 2832 2857 2858
f 2832 2858 2859
f 2832 2859 2860
f 2832 2860 2861
f 2832 2861 2862
f 2832 2862 2863
f 2832 2863 2864
f 2832 2864 2865
f 2832 2865 2866
f 2832 2866 2855
f 2833 2856 2834
f 2834 2856 2837
f 2837 2856 2839
f 2838 2841 2842
f 2839 2856 2855
f 2839 2855 2867
f 2839 2867 2868
f 2839 2868 2869
f 2839 2869 2870
f 2839 2870 2840
f 2840 2870 2841
f 2841 2870 2842
f 2842 2870 2869
f 2842 2869 2871
f 2844 2873 2846
f 2844 2846 2872
f 2845 2872 2846
f 2846 2873 2848
f 2846 2848 2847
f 2848 2873 2874
f 2848 2874 2875
f 2848 2875 2876
f 2848 2876 2877
f 2848 2877 2849
f 2849 2877 2850
f 2850 2877 2878
f 2850 2878 2879
f 2850 2879 2851
f 2851 2879 2852
f 2852 2879 2853
f 2853 2879 2880
f 2853 2880 2881
f 2853 2881 2907
f 2853 2907 2882
f 2853 2882 2883
f 2853 2883 2884
f 2853 2884 2885
f 2853 2885 2886
f 2853 2886 2887
f 2853 2887 2888
f 2853 2888 2889
f 2853 2889 2890
f 2853 2890 2891
f 2853 2891 2892
f 2853 2892 2854
f 2855 2866 2893
f 2855 2893 2894
f 2855 2894 2895
f 2855 2895 2867
f 2865 2884 2896
f 2865 2896 2866
f 2866 2896 2910
f 2866 2910 2915
f 2866 2915 2899
f 2866 2899 2898
f 2866 2898 2897
f 2866 2897 2895
f 2866 2895 2894
f 2866 2894 2893
f 2867 2895 2897
f 2867 2897 2898
f 2867 2898 2868
f 2868 2898 2899
f 2868 2899 2869
f 2869 2899 2900
f 2869 2900 2871
f 2873 2901 2874
f 2874 2901 2902
f 2874 2902 2876
f 2874 2876 2875
f 2876 2902 2878
f 2876 2878 2877
f 2878 2903 2904
f 2878 2904 2905
f 2878 2905 2881
f 2878 2881 2879
f 2878 2902 2903
f 2879 2881 2880
f 2881 2905 2906
f 2881 2906 2907
f 2882 2907 2908
f 2882 2908 2909
f 2882 2909 2883
f 2883 2909 2884
f 2884 2909 2896
f 2896 2909 2908
f 2896 2908 2911
f 2896 2911 2912
f 2896 2912 2913
f 2896 2913 2914
f 2896 2914 2910
f 2901 2916 2917
f 2901 2917 2903
f 2901 2903 2902
f 2903 2917 2904
f 2904 2918 2906
f 2904 2906 2905
f 2904 2917 2919
f 2904 2919 2918
f 2906 2918 2920
f 2906 2920 2921
f 2906 2921 2908
f 2906 2908 2907
f 2908 2921 2913
f 2908 2913 2912
f 2908 2912 2911
f 2910 2914 2915
f 2913 2922 2914
f 2913 2921 2920
f 2913 2920 2922
f 2914 2922 2923
f 2914 2923 2915
f 2915 2923 2924
f 2916 2925 2926
f 2916 2926 2927
f 2916 2927 2917
f 2917 2927 2919
f 2918 2919 2920
f 2919 2927 2926
f 2919 2926 2925
f 2919 2925 2920
f 2920 2925 2928
f 2920 2928 2929
f 2920 2929 2922
f 2922 2929 2924
f 2922 2924 2923
f 2924 2929 2928

o geometry_25
v 0.00019297 0.01822824 0.11187810
v 0.00019297 0.01823753 0.11164717
v 0.00391946 0.01830074 0.11296675
v 0.00259940 0.01826542 0.11296675
v 0.00523599 0.01834350 0.11559975
v 0.00019297 0.01825705 0.11296675
v 0.00128111 0.01831376 0.11164717
v 0.00019297 0.01854336 0.11055850
v 0.00920144 0.01949338 0.10900798
v 0.00523599 0.01834722 0.11428428
v 0.00523599 0.01838440 0.11691728
v 0.00391946 0.01837604 0.11691728
v 0.00019297 0.01843274 0.11846780
v 0.00019297 0.01864004 0.11032757
v 0.00920144 0.02068694 0.10547395
v 0.00920144 0.01989402 0.10769045
v 0.00920144 0.01949431 0.10902242
v 0.00634617 0.01904904 0.12219359
v 0.00523599 0.01854057 0.12087605
v 0.00391946 0.01842066 0.11823687
v 0.00019297 0.01846807 0.11955440
v 0.00019297 0.02073342 0.10567189
v 0.00019297 0.02522137 0.10431725
v 0.00019297 0.02555043 0.10423271
v 0.00920144 0.02136738 0.10537498
v 0.00920144 0.01959656 0.11032757
v 0.00615747 0.01920707 0.12321626
v 0.00523599 0.01861029 0.12219359
v 0.00920144 0.02022681 0.11125953
v 0.00391946 0.01857683 0.12219359
v 0.00259940 0.01856753 0.12219359
v 0.00259940 0.01851640 0.12087605
v 0.00259940 0.01846714 0.11955440
v 0.00019297 0.01847736 0.11978740
v 0.00019297 0.02617510 0.10425746
v 0.00920144 0.02280821 0.10532343
v 0.00662041 0.02011805 0.12219359
v 0.00620508 0.02011805 0.12329668
v 0.00561869 0.02011805 0.12395647
v 0.00489561 0.01929538 0.12430699
v 0.00529507 0.01903882 0.12359978
v 0.00391946 0.01874415 0.12351317
v 0.00259940 0.01867443 0.12351317
v 0.00920144 0.02023517 0.11126160
v 0.00128111 0.01866142 0.12351317
v 0.00019297 0.01854894 0.12110492
v 0.00073704 0.02610074 0.10434818
v 0.00920144 0.02359091 0.10540591
v 0.00019297 0.02650324 0.10504509
v 0.00259940 0.02632662 0.10538529
v 0.00363199 0.02620113 0.10556880
v 0.00640525 0.02671146 0.11691728
v 0.00604636 0.02089516 0.12308019
v 0.00920144 0.02143710 0.11137912
v 0.00920144 0.02252562 0.11111520
v 0.00920144 0.02321722 0.11093789
v 0.00920144 0.02408265 0.11071520
v 0.00920144 0.02520928 0.11010902
v 0.00476775 0.02087471 0.12426575
v 0.00495998 0.02011805 0.12434205
v 0.00391946 0.02011805 0.12462039
v 0.00019297 0.02010875 0.12529463
v 0.00391946 0.01917268 0.12443070
v 0.00259940 0.01910761 0.12454823
v 0.00128111 0.01907786 0.12465957
v 0.00019297 0.01913085 0.12485544
v 0.00019297 0.01876367 0.12351317
v 0.00920144 0.02360206 0.10541003
v 0.00019297 0.02677467 0.10637086
v 0.00128111 0.02677003 0.10637086
v 0.00259940 0.02671611 0.10637086
v 0.00401028 0.02645118 0.10625952
v 0.00523599 0.02636752 0.10659561
v 0.00920144 0.02505498 0.10672963
v 0.00591762 0.02738819 0.11760182
v 0.00920144 0.02565548 0.10901004
v 0.00391946 0.02096302 0.12436266
v 0.00523599 0.02747557 0.11776470
v 0.00204916 0.02739005 0.11891523
v 0.00019297 0.02032906 0.12518328
v 0.00391946 0.02688715 0.10769045
v 0.00019297 0.02746720 0.11411934
v 0.00523599 0.02678397 0.10769045
v 0.00606929 0.02621415 0.10685540
v 0.00920144 0.02550582 0.10768427
v 0.00601638 0.02744768 0.11691728
v 0.00523599 0.02760663 0.11691728
v 0.00920144 0.02565548 0.10899974
v 0.00606929 0.02747278 0.11559975
v 0.00259940 0.02103832 0.12446988
v 0.00128111 0.02109130 0.12459153
v 0.00128111 0.02744861 0.11898120
v 0.00019297 0.02751554 0.11906574
v 0.00391946 0.02755644 0.11797914
v 0.00019297 0.02110525 0.12470081
v 0.00391946 0.02733334 0.11272964
v 0.00523599 0.02738912 0.11341418
v 0.00523599 0.02711304 0.11032757
v 0.00523599 0.02696988 0.10901004
v 0.00019297 0.02748114 0.11428222
v 0.00128111 0.02759269 0.11559975
v 0.00259940 0.02758897 0.11559975
v 0.00591762 0.02738168 0.11349253
v 0.00391946 0.02769123 0.11691728
v 0.00523599 0.02757689 0.11559975
v 0.00598023 0.02741607 0.11428222
v 0.00019297 0.02754900 0.11893378
v 0.00019297 0.02771168 0.11823687
v 0.00523599 0.02746441 0.11428222
v 0.00019297 0.02768658 0.11691728
v 0.00128111 0.02770238 0.11691728
v 0.00391946 0.02758340 0.11559975
v 0.00019297 0.02772376 0.11800595
f 2930 2931 2932
f 2930 2932 2933
f 2930 2933 2934
f 2930 2934 2935
f 2930 2935 2942
f 2930 2942 2950
f 2930 2950 2963
f 2930 2963 2975
f 2930 2975 2996
f 2930 2996 2995
f 2930 2995 2991
f 2930 2991 3009
f 2930 3009 3024
f 2930 3024 3022
f 2930 3022 3036
f 2930 3036 3037
f 2930 3037 3042
f 2930 3042 3039
f 2930 3039 3029
f 2930 3029 3011
f 2930 3011 2998
f 2930 2998 2978
f 2930 2978 2964
f 2930 2964 2953
f 2930 2953 2952
f 2930 2952 2951
f 2930 2951 2943
f 2930 2943 2937
f 2930 2937 2931
f 2931 2936 2932
f 2931 2937 2938
f 2931 2938 2936
f 2932 2939 2934
f 2932 2934 2933
f 2932 2936 2938
f 2932 2938 2939
f 2934 2939 2938
f 2934 2938 2940
f 2934 2940 2941
f 2934 2941 2935
f 2935 2941 2942
f 2937 2943 2944
f 2937 2944 2945
f 2937 2945 2938
f 2938 2945 2944
f 2938 2944 2954
f 2938 2954 2965
f 2938 2965 2977
f 2938 2977 2997
f 2938 2997 3003
f 2938 3003 3014
f 2938 3014 3017
f 2938 3017 3005
f 2938 3005 2987
f 2938 2987 2986
f 2938 2986 2985
f 2938 2985 2984
f 2938 2984 2983
f 2938 2983 2973
f 2938 2973 2958
f 2938 2958 2955
f 2938 2955 2946
f 2938 2946 2947
f 2938 2947 2948
f 2938 2948 2940
f 2940 2948 2949
f 2940 2949 2941
f 2941 2949 2950
f 2941 2950 2942
f 2943 2951 2944
f 2944 2951 2952
f 2944 2952 2953
f 2944 2953 2954
f 2946 2955 2947
f 2947 2956 2957
f 2947 2957 2948
f 2947 2955 2958
f 2947 2958 2956
f 2948 2957 2959
f 2948 2959 2949
f 2949 2959 2960
f 2949 2960 2961
f 2949 2961 2962
f 2949 2962 2950
f 2950 2962 2961
f 2950 2961 2960
f 2950 2960 2963
f 2953 2964 2965
f 2953 2965 2954
f 2956 2958 2966
f 2956 2966 2967
f 2956 2967 2968
f 2956 2968 2969
f 2956 2969 2970
f 2956 2970 2957
f 2957 2970 2971
f 2957 2971 2972
f 2957 2972 2959
f 2958 2973 2966
f 2959 2972 2974
f 2959 2974 2960
f 2960 2974 2963
f 2963 2974 2975
f 2964 2976 2977
f 2964 2977 2965
f 2964 2978 2979
f 2964 2979 2980
f 2964 2980 2976
f 2966 2981 2982
f 2966 2982 2967
f 2966 2973 2983
f 2966 2983 2984
f 2966 2984 2985
f 2966 2985 2986
f 2966 2986 2987
f 2966 2987 2981
f 2967 2982 2968
f 2968 2988 2989
f 2968 2989 2969
f 2968 2982 2988
f 2969 2989 2990
f 2969 2990 2991
f 2969 2991 2992
f 2969 2992 2970
f 2970 2992 2971
f 2971 2992 2993
f 2971 2993 2994
f 2971 2994 2972
f 2972 2994 2995
f 2972 2995 2974
f 2974 2995 2996
f 2974 2996 2975
f 2976 2980 2997
f 2976 2997 2977
f 2978 2998 2999
f 2978 2999 3000
f 2978 3000 2979
f 2979 3000 3001
f 2979 3001 3002
f 2979 3002 2980
f 2980 3002 3003
f 2980 3003 2997
f 2981 3004 2982
f 2981 2987 3004
f 2982 3004 2988
f 2987 3005 3004
f 2988 3006 2991
f 2988 2991 2990
f 2988 2990 2989
f 2988 3004 3007
f 2988 3007 3008
f 2988 3008 3006
f 2991 2995 2992
f 2991 3006 3009
f 2992 2995 2993
f 2993 2995 2994
f 2998 3010 2999
f 2998 3011 3010
f 2999 3010 3000
f 3000 3010 3012
f 3000 3012 3001
f 3001 3012 3002
f 3002 3013 3003
f 3002 3012 3013
f 3003 3013 3014
f 3004 3005 3015
f 3004 3015 3016
f 3004 3016 3007
f 3005 3017 3018
f 3005 3018 3015
f 3006 3019 3020
f 3006 3020 3009
f 3006 3008 3021
f 3006 3021 3022
f 3006 3022 3019
f 3007 3016 3023
f 3007 3023 3008
f 3008 3023 3021
f 3009 3020 3024
f 3010 3011 3025
f 3010 3025 3026
f 3010 3026 3027
f 3010 3027 3028
f 3010 3028 3012
f 3011 3026 3025
f 3011 3029 3030
f 3011 3030 3031
f 3011 3031 3026
f 3012 3028 3014
f 3012 3014 3013
f 3014 3028 3032
f 3014 3032 3017
f 3015 3018 3016
f 3016 3033 3023
f 3016 3018 3034
f 3016 3034 3033
f 3017 3032 3035
f 3017 3035 3018
f 3018 3035 3034
f 3019 3022 3020
f 3020 3022 3024
f 3021 3023 3022
f 3022 3023 3036
f 3023 3033 3037
f 3023 3037 3036
f 3026 3038 3032
f 3026 3032 3027
f 3026 3031 3038
f 3027 3032 3028
f 3029 3039 3040
f 3029 3040 3030
f 3030 3040 3031
f 3031 3041 3038
f 3031 3040 3041
f 3032 3038 3034
f 3032 3034 3035
f 3033 3034 3041
f 3033 3041 3040
f 3033 3040 3042
f 3033 3042 3037
f 3034 3038 3041
f 3039 3042 3040

o geometry_26
v 0.00684551 0.02626739 0.02989486
v 0.00684551 0.02638538 0.03088447
v 0.00684551 0.02627539 0.02941921
v 0.00712250 0.02600841 0.02910243
v 0.00712310 0.02599541 0.02987617
v 0.00718499 0.02602141 0.03062890
v 0.00684551 0.02694633 0.03222872
v 0.00684551 0.02630439 0.02883049
v 0.00787477 0.02592342 0.02895898
v 0.00787477 0.02580343 0.02987617
v 0.00684551 0.02701932 0.02792966
v 0.00787477 0.02593342 0.03084850
v 0.00787477 0.02620340 0.03150777
v 0.00787477 0.02686234 0.03224601
v 0.00684551 0.02803123 0.03257728
v 0.00787477 0.02651137 0.02829971
v 0.00919365 0.02595142 0.02903468
v 0.00919365 0.02585043 0.02987617
v 0.00919365 0.02595142 0.03079336
v 0.00684551 0.02716431 0.02782546
v 0.00919365 0.02625539 0.03145264
v 0.00919365 0.02691533 0.03220489
v 0.00919365 0.02803123 0.03257775
v 0.01051192 0.02935011 0.03258196
v 0.01051192 0.03198688 0.03258522
v 0.00919365 0.03330576 0.03255485
v 0.00684551 0.03330576 0.03251934
v 0.00919365 0.02655736 0.02837540
v 0.00787477 0.02717131 0.02782546
v 0.00919365 0.02721631 0.02782826
v 0.00997596 0.02729330 0.02785303
v 0.00986600 0.02604641 0.02920288
v 0.00987261 0.02604241 0.02987617
v 0.00986600 0.02604641 0.03055554
v 0.00684551 0.02779725 0.02781565
v 0.01019647 0.02713731 0.03204603
v 0.01058642 0.02795424 0.03225863
v 0.01165835 0.02935011 0.03221377
v 0.01178633 0.03066899 0.03227638
v 0.01171002 0.03198688 0.03223760
v 0.01051192 0.03330576 0.03242262
v 0.00787477 0.03462464 0.03234553
v 0.00684551 0.03462464 0.03234927
v 0.00684551 0.03359573 0.03249551
v 0.00922008 0.02800523 0.02781331
v 0.01045424 0.02808722 0.02781425
v 0.01085561 0.02768426 0.02810020
v 0.01036050 0.02680834 0.02865154
v 0.01125638 0.02856318 0.02785163
v 0.01053115 0.02645737 0.02987617
v 0.01134831 0.02720230 0.02897954
v 0.01143663 0.02711731 0.02987617
v 0.01134831 0.02720230 0.03086952
v 0.01047046 0.02673035 0.03115220
v 0.00684551 0.02790724 0.02781565
v 0.01107552 0.02746428 0.03174886
v 0.01141981 0.02834320 0.03205304
v 0.01231749 0.02935011 0.03152506
v 0.01244607 0.03066899 0.03178017
v 0.01236916 0.03198688 0.03164047
v 0.01139998 0.03330576 0.03202874
v 0.01117767 0.03397170 0.03185867
v 0.01051192 0.03421767 0.03203902
v 0.00912635 0.03469063 0.03218760
v 0.00864206 0.03531358 0.03188483
v 0.00787477 0.03534957 0.03192081
v 0.00684551 0.03536557 0.03193716
v 0.01054977 0.02931212 0.02781238
v 0.01134350 0.02935011 0.02782687
v 0.01174187 0.02816522 0.02863612
v 0.01251396 0.02864718 0.02917204
v 0.01205852 0.03066899 0.02813618
v 0.01200324 0.02935011 0.02832307
v 0.01262572 0.02935011 0.02898235
v 0.01209637 0.02796524 0.02987617
v 0.01251396 0.02864718 0.03060226
v 0.01182358 0.02805523 0.03117556
v 0.00684551 0.03436266 0.02782546
v 0.00927536 0.03337075 0.02781892
v 0.01262572 0.02935011 0.03086578
v 0.01273688 0.03066899 0.03112090
v 0.01267079 0.03198688 0.03098119
v 0.01255903 0.03278780 0.03072281
v 0.01203629 0.03325876 0.03117510
v 0.01136874 0.03416668 0.03119425
v 0.01049089 0.03485262 0.03121715
v 0.00952111 0.03517459 0.03167177
v 0.00912635 0.03549756 0.03121715
v 0.00787477 0.03570554 0.03119425
v 0.00684551 0.03573254 0.03119425
v 0.01048969 0.03328276 0.02781892
v 0.01136693 0.03198688 0.02782546
v 0.01139878 0.03066899 0.02782546
v 0.01276152 0.02935011 0.02987617
v 0.01252598 0.02862518 0.02987617
v 0.01273688 0.03066899 0.02879545
v 0.01202607 0.03198688 0.02824084
v 0.01298383 0.03066899 0.02987617
v 0.00684551 0.03487661 0.02793854
v 0.00787477 0.03433067 0.02782546
v 0.01285104 0.03198688 0.02987617
v 0.01259328 0.03285880 0.02987617
v 0.01221654 0.03351774 0.02987617
v 0.01155680 0.03435866 0.02987617
v 0.01078891 0.03501860 0.02987617
v 0.01003725 0.03538657 0.03079290
v 0.00919365 0.03577253 0.02987617
v 0.00787477 0.03599551 0.02987617
v 0.00684551 0.03579653 0.03090457
v 0.00919365 0.03421267 0.02782546
v 0.01003484 0.03407869 0.02784929
v 0.01127320 0.03282880 0.02784929
v 0.01267079 0.03198688 0.02890011
v 0.01255903 0.03278780 0.02908841
v 0.00684551 0.03502160 0.02797545
v 0.01142822 0.03422767 0.02889030
v 0.01003725 0.03538657 0.02903748
v 0.01012978 0.03543757 0.02987617
v 0.00919365 0.03552856 0.02881274
v 0.00684551 0.03601851 0.02987617
v 0.00787477 0.03563955 0.02865247
v 0.00787477 0.03499060 0.02799320
v 0.00919365 0.03487162 0.02815300
v 0.01047587 0.03459264 0.02852398
v 0.01091389 0.03370772 0.02801096
v 0.01179054 0.03324776 0.02854968
v 0.00684551 0.03565055 0.02863519
v 0.00684551 0.03593952 0.02960704
f 3043 3044 3049
f 3043 3049 3057
f 3043 3057 3069
f 3043 3069 3086
f 3043 3086 3085
f 3043 3085 3109
f 3043 3109 3132
f 3043 3132 3151
f 3043 3151 3162
f 3043 3162 3170
f 3043 3170 3169
f 3043 3169 3157
f 3043 3157 3141
f 3043 3141 3120
f 3043 3120 3097
f 3043 3097 3077
f 3043 3077 3062
f 3043 3062 3053
f 3043 3053 3050
f 3043 3050 3045
f 3043 3045 3046
f 3043 3046 3047
f 3043 3047 3048
f 3043 3048 3044
f 3044 3048 3049
f 3045 3050 3046
f 3046 3051 3052
f 3046 3052 3047
f 3046 3050 3053
f 3046 3053 3051
f 3047 3052 3048
f 3048 3052 3054
f 3048 3054 3055
f 3048 3055 3049
f 3049 3056 3057
f 3049 3055 3056
f 3051 3058 3059
f 3051 3059 3052
f 3051 3053 3058
f 3052 3059 3060
f 3052 3060 3061
f 3052 3061 3054
f 3053 3062 3058
f 3054 3061 3055
f 3055 3061 3063
f 3055 3063 3064
f 3055 3064 3056
f 3056 3064 3065
f 3056 3065 3057
f 3057 3065 3066
f 3057 3066 3067
f 3057 3067 3068
f 3057 3068 3069
f 3058 3070 3059
f 3058 3062 3071
f 3058 3071 3072
f 3058 3072 3070
f 3059 3070 3073
f 3059 3073 3074
f 3059 3074 3060
f 3060 3074 3075
f 3060 3075 3076
f 3060 3076 3061
f 3061 3076 3063
f 3062 3077 3071
f 3063 3076 3078
f 3063 3078 3064
f 3064 3078 3079
f 3064 3079 3065
f 3065 3079 3066
f 3066 3079 3080
f 3066 3080 3081
f 3066 3081 3067
f 3067 3081 3082
f 3067 3082 3083
f 3067 3083 3068
f 3068 3083 3084
f 3068 3084 3085
f 3068 3085 3086
f 3068 3086 3069
f 3070 3072 3073
f 3071 3077 3087
f 3071 3087 3088
f 3071 3088 3072
f 3072 3088 3073
f 3073 3089 3090
f 3073 3090 3074
f 3073 3088 3091
f 3073 3091 3089
f 3074 3092 3075
f 3074 3090 3093
f 3074 3093 3094
f 3074 3094 3092
f 3075 3092 3076
f 3076 3092 3094
f 3076 3094 3095
f 3076 3095 3096
f 3076 3096 3078
f 3077 3097 3087
f 3078 3096 3098
f 3078 3098 3099
f 3078 3099 3079
f 3079 3099 3080
f 3080 3099 3100
f 3080 3100 3101
f 3080 3101 3081
f 3081 3101 3082
f 3082 3101 3102
f 3082 3102 3103
f 3082 3103 3083
f 3083 3103 3104
f 3083 3104 3105
f 3083 3105 3106
f 3083 3106 3084
f 3084 3106 3107
f 3084 3107 3108
f 3084 3108 3109
f 3084 3109 3085
f 3087 3097 3110
f 3087 3110 3088
f 3088 3110 3111
f 3088 3111 3091
f 3089 3093 3090
f 3089 3091 3112
f 3089 3112 3093
f 3091 3113 3112
f 3091 3111 3114
f 3091 3114 3115
f 3091 3115 3116
f 3091 3116 3113
f 3093 3112 3113
f 3093 3113 3094
f 3094 3113 3117
f 3094 3117 3095
f 3095 3117 3118
f 3095 3118 3119
f 3095 3119 3098
f 3095 3098 3096
f 3097 3120 3121
f 3097 3121 3110
f 3098 3119 3099
f 3099 3119 3100
f 3100 3119 3118
f 3100 3118 3122
f 3100 3122 3101
f 3101 3122 3123
f 3101 3123 3124
f 3101 3124 3102
f 3102 3124 3125
f 3102 3125 3126
f 3102 3126 3104
f 3102 3104 3103
f 3104 3127 3128
f 3104 3128 3129
f 3104 3129 3105
f 3104 3126 3127
f 3105 3129 3106
f 3106 3129 3107
f 3107 3129 3130
f 3107 3130 3131
f 3107 3131 3108
f 3108 3131 3132
f 3108 3132 3109
f 3110 3121 3133
f 3110 3133 3134
f 3110 3134 3135
f 3110 3135 3111
f 3111 3135 3114
f 3113 3116 3136
f 3113 3136 3137
f 3113 3137 3117
f 3114 3138 3115
f 3114 3135 3134
f 3114 3134 3139
f 3114 3139 3138
f 3115 3138 3116
f 3116 3138 3140
f 3116 3140 3136
f 3117 3137 3118
f 3118 3137 3136
f 3118 3136 3122
f 3120 3141 3142
f 3120 3142 3121
f 3121 3142 3133
f 3122 3136 3140
f 3122 3140 3123
f 3123 3140 3124
f 3124 3140 3143
f 3124 3143 3125
f 3125 3144 3145
f 3125 3145 3127
f 3125 3127 3126
f 3125 3143 3144
f 3127 3145 3146
f 3127 3146 3147
f 3127 3147 3148
f 3127 3148 3128
f 3128 3148 3129
f 3129 3148 3130
f 3130 3149 3150
f 3130 3150 3131
f 3130 3148 3149
f 3131 3150 3151
f 3131 3151 3132
f 3133 3142 3152
f 3133 3152 3153
f 3133 3153 3154
f 3133 3154 3134
f 3134 3154 3139
f 3138 3139 3155
f 3138 3155 3140
f 3139 3154 3156
f 3139 3156 3155
f 3140 3155 3143
f 3141 3157 3152
f 3141 3152 3142
f 3143 3155 3156
f 3143 3156 3144
f 3144 3156 3145
f 3145 3156 3158
f 3145 3158 3146
f 3146 3158 3147
f 3147 3158 3159
f 3147 3159 3160
f 3147 3160 3148
f 3148 3160 3149
f 3149 3161 3150
f 3149 3160 3159
f 3149 3159 3161
f 3150 3162 3151
f 3150 3161 3163
f 3150 3163 3162
f 3152 3157 3164
f 3152 3164 3153
f 3153 3164 3165
f 3153 3165 3166
f 3153 3166 3167
f 3153 3167 3154
f 3154 3167 3168
f 3154 3168 3156
f 3156 3168 3158
f 3157 3169 3163
f 3157 3163 3164
f 3158 3166 3159
f 3158 3168 3167
f 3158 3167 3166
f 3159 3166 3165
f 3159 3165 3161
f 3161 3165 3164
f 3161 3164 3163
f 3162 3163 3170
f 3163 3169 3170

o geometry_27
v -0.01436140 0.01592991 0.01158703
v -0.00648152 0.01210635 0.00823663
v -0.00648152 0.01227488 0.00825094
v -0.00648152 0.01355392 0.00830390
v -0.00648152 0.01375706 0.00829388
v -0.00648152 0.01415281 0.00825094
v -0.00648152 0.01462831 0.00802052
v -0.00648152 0.01489164 0.00768419
v -0.01310645 0.01592991 0.01003420
v -0.01436140 0.01592991 0.00575067
v -0.01436140 0.00307786 0.01002131
v -0.01436140 0.00055740 0.00956333
v -0.00648152 0.00834297 0.00611562
v -0.01013067 0.01592991 0.00583367
v -0.00648152 0.01489164 0.00199954
v -0.01402356 0.01592991 0.00546014
v -0.01013067 0.01562896 0.00050395
v -0.01013067 0.01545291 0.00002307
v -0.01150132 0.01438604 0.00001449
v -0.01127995 0.01288129 -0.00246146
v -0.01264057 0.01164439 -0.00252300
v -0.01409066 0.01178433 0.00002880
v -0.01436140 0.01120049 -0.00011002
v -0.01436140 0.00055740 -0.00067678
v -0.01271770 0.00055740 0.00481467
v -0.00648152 0.00832792 0.00610131
v -0.01013067 0.01592991 0.00427941
v -0.00648152 0.01488562 -0.00123637
v -0.01013221 0.01592991 0.00348510
v -0.01391094 0.01592991 0.00539001
v -0.01013067 0.01569367 0.00086174
v -0.00663347 0.01489164 -0.00123493
v -0.00784523 0.01489164 -0.00118341
v -0.00801646 0.01489164 -0.00113905
v -0.01058961 0.01296104 -0.00255878
v -0.01058961 0.01220265 -0.00290513
v -0.01179519 0.01213193 -0.00264179
v -0.01190781 0.01088299 -0.00299386
v -0.01278403 0.01088299 -0.00265896
v -0.01436140 0.00965812 -0.00090576
v -0.01436140 0.01064524 -0.00044492
v -0.01436140 0.01083483 -0.00034760
v -0.01058961 0.00725203 -0.00270476
v -0.00927064 0.00726708 -0.00270190
v -0.00835199 0.00740852 -0.00260458
v -0.01348980 0.00055740 -0.00035333
v -0.01436140 0.00835501 -0.00101740
v -0.01285500 0.00956483 -0.00272051
v -0.01273467 0.00861533 -0.00260601
v -0.01190781 0.00956483 -0.00303393
v -0.01195331 0.00820905 -0.00276057
v -0.01058961 0.00824516 -0.00298527
v -0.01270382 0.00055740 0.00459284
v -0.00648152 0.00631908 0.00086174
v -0.00648152 0.01088449 -0.00186179
v -0.00713483 0.01088449 -0.00260601
v -0.00725748 0.01158871 -0.00247863
v -0.00795244 0.01088449 -0.00294234
v -0.00795244 0.01190321 -0.00264179
v -0.00914414 0.01233206 -0.00279493
v -0.00950049 0.01297459 -0.00257309
v -0.01013067 0.01224478 -0.00287078
v -0.00927064 0.00824667 -0.00298241
v -0.00792853 0.00825269 -0.00273481
v -0.00717340 0.00869508 -0.00256307
v -0.00648152 0.00849946 -0.00156124
v -0.00648152 0.00655232 0.00056836
v -0.01327460 0.00055740 -0.00027032
v -0.00795244 0.00956633 -0.00298241
v -0.01264365 0.00055740 0.00350085
v -0.01264365 0.00055740 0.00217987
v -0.01264442 0.00055740 0.00195803
v -0.01265214 0.00055740 0.00086174
v -0.01275704 0.00055740 0.00066854
v -0.00648152 0.00956633 -0.00194337
v -0.00707158 0.00956633 -0.00267042
f 3171 3172 3173
f 3171 3173 3174
f 3171 3174 3175
f 3171 3175 3176
f 3171 3176 3177
f 3171 3177 3178
f 3171 3178 3179
f 3171 3179 3184
f 3171 3184 3197
f 3171 3197 3199
f 3171 3199 3200
f 3171 3200 3186
f 3171 3186 3180
f 3171 3180 3193
f 3171 3193 3212
f 3171 3212 3211
f 3171 3211 3210
f 3171 3210 3217
f 3171 3217 3194
f 3171 3194 3182
f 3171 3182 3181
f 3171 3181 3172
f 3172 3181 3182
f 3172 3182 3183
f 3172 3183 3196
f 3172 3196 3224
f 3172 3224 3237
f 3172 3237 3236
f 3172 3236 3245
f 3172 3245 3225
f 3172 3225 3198
f 3172 3198 3185
f 3172 3185 3178
f 3172 3178 3177
f 3172 3177 3176
f 3172 3176 3175
f 3172 3175 3174
f 3172 3174 3173
f 3178 3184 3179
f 3178 3185 3197
f 3178 3197 3184
f 3180 3186 3187
f 3180 3187 3188
f 3180 3188 3189
f 3180 3189 3190
f 3180 3190 3191
f 3180 3191 3192
f 3180 3192 3193
f 3182 3194 3216
f 3182 3216 3238
f 3182 3238 3244
f 3182 3244 3243
f 3182 3243 3242
f 3182 3242 3241
f 3182 3241 3240
f 3182 3240 3223
f 3182 3223 3195
f 3182 3195 3196
f 3182 3196 3183
f 3185 3198 3199
f 3185 3199 3197
f 3186 3200 3201
f 3186 3201 3187
f 3187 3201 3198
f 3187 3198 3202
f 3187 3202 3188
f 3188 3202 3203
f 3188 3203 3204
f 3188 3204 3205
f 3188 3205 3190
f 3188 3190 3189
f 3190 3205 3206
f 3190 3206 3207
f 3190 3207 3191
f 3191 3208 3209
f 3191 3209 3210
f 3191 3210 3211
f 3191 3211 3212
f 3191 3212 3193
f 3191 3193 3192
f 3191 3207 3208
f 3194 3213 3214
f 3194 3214 3215
f 3194 3215 3216
f 3194 3217 3218
f 3194 3218 3219
f 3194 3219 3220
f 3194 3220 3221
f 3194 3221 3222
f 3194 3222 3213
f 3195 3223 3224
f 3195 3224 3196
f 3198 3201 3199
f 3198 3225 3226
f 3198 3226 3227
f 3198 3227 3228
f 3198 3228 3229
f 3198 3229 3230
f 3198 3230 3231
f 3198 3231 3202
f 3199 3201 3200
f 3202 3231 3205
f 3202 3205 3203
f 3203 3205 3204
f 3205 3231 3206
f 3206 3231 3232
f 3206 3232 3228
f 3206 3228 3208
f 3206 3208 3207
f 3208 3228 3239
f 3208 3239 3220
f 3208 3220 3218
f 3208 3218 3209
f 3209 3218 3210
f 3210 3218 3217
f 3213 3222 3233
f 3213 3233 3214
f 3214 3233 3215
f 3215 3233 3234
f 3215 3234 3235
f 3215 3235 3236
f 3215 3236 3237
f 3215 3237 3238
f 3215 3238 3216
f 3218 3220 3219
f 3220 3239 3233
f 3220 3233 3222
f 3220 3222 3221
f 3223 3240 3224
f 3224 3240 3241
f 3224 3241 3242
f 3224 3242 3243
f 3224 3243 3244
f 3224 3244 3238
f 3224 3238 3237
f 3225 3245 3246
f 3225 3246 3226
f 3226 3228 3227
f 3226 3246 3228
f 3228 3232 3230
f 3228 3230 3229
f 3228 3246 3239
f 3230 3232 3231
f 3233 3239 3234
f 3234 3239 3235
f 3235 3239 3246
f 3235 3246 3245
f 3235 3245 3236

o geometry_28
v 0.01211194 -0.01388804 0.10932104
v 0.01211194 -0.01417360 0.10927900
v 0.01211194 -0.01259269 0.10894971
v 0.00611045 -0.01285452 0.11916022
v 0.00614429 -0.01382143 0.11919759
v 0.01211194 -0.01521095 0.10905013
v 0.00593428 -0.01216856 0.11894536
v 0.01211194 -0.01248015 0.10878155
v 0.00476875 -0.01329012 0.12029291
v 0.01211194 -0.01549268 0.10897540
v 0.00476875 -0.01367215 0.12029291
v 0.00521910 -0.01403120 0.11960395
v 0.01211194 -0.01917890 0.10736395
v 0.01211194 -0.01820892 0.10802487
v 0.01211194 -0.01757427 0.10838220
v 0.01211194 -0.01683319 0.10859939
v 0.00602062 -0.01212186 0.11823539
v 0.00523660 -0.01200932 0.11823539
v 0.00523660 -0.01211803 0.11910184
v 0.00310621 -0.01223211 0.12014344
v 0.00391940 -0.01238522 0.12000098
v 0.01211194 -0.01222062 0.10829578
v 0.01211194 -0.01213258 0.10768858
v 0.00391940 -0.01304438 0.12039333
v 0.00019297 -0.01285452 0.12087677
v 0.00391940 -0.01444614 0.11955725
v 0.00391940 -0.01383751 0.12039333
v 0.01211194 -0.01958236 0.10637139
v 0.00259986 -0.01462299 0.11955725
v 0.00128150 -0.01474165 0.11955725
v 0.00523660 -0.01196645 0.11691821
v 0.00391940 -0.01196798 0.11823539
v 0.00391940 -0.01208052 0.11934005
v 0.01211194 -0.01183784 0.10109564
v 0.00222652 -0.01216703 0.12025554
v 0.00263953 -0.01274504 0.12047741
v 0.00128150 -0.01285452 0.12072496
v 0.00019297 -0.01272820 0.12080203
v 0.00019297 -0.01413838 0.12072963
v 0.00128150 -0.01409398 0.12063155
v 0.00259986 -0.01398833 0.12051244
v 0.00787683 -0.01860472 0.10637139
v 0.00019297 -0.01680486 0.10296866
v 0.01211194 -0.01951499 0.10509624
v 0.00019297 -0.01477304 0.11955725
v 0.00019297 -0.01680486 0.11023419
v 0.00523660 -0.01183860 0.11032528
v 0.00391940 -0.01181640 0.11032528
v 0.00019297 -0.01192358 0.11668700
v 0.00019297 -0.01192894 0.11691821
v 0.00128150 -0.01196569 0.11823539
v 0.00019297 -0.01200397 0.11932370
v 0.00019297 -0.01201392 0.11955725
v 0.00128150 -0.01202617 0.11955725
v 0.00128150 -0.01213488 0.12030692
v 0.01211194 -0.01183937 0.10095318
v 0.00019297 -0.01176204 0.10769091
v 0.00259986 -0.01179037 0.10900576
v 0.00019297 -0.01211421 0.12035830
v 0.00019297 -0.01671759 0.10291027
v 0.01211194 -0.01733847 0.09733559
v 0.01125092 -0.01740890 0.09783538
v 0.01211194 -0.01766231 0.09761818
v 0.01211194 -0.01857180 0.09843325
v 0.01211194 -0.01886961 0.09916424
v 0.01211194 -0.01911536 0.09977612
v 0.00019297 -0.01177965 0.10900576
v 0.00019297 -0.01189832 0.11536748
v 0.00019297 -0.01196875 0.11823539
v 0.00019297 -0.01209507 0.12022752
v 0.01211194 -0.01186080 0.09977612
v 0.00019297 -0.01199095 0.10642510
v 0.00019297 -0.01549191 0.10275847
v 0.01070957 -0.01549268 0.09754345
v 0.01086824 -0.01653079 0.09763219
v 0.01211194 -0.01686994 0.09720014
v 0.01211194 -0.01189143 0.09966169
v 0.00019297 -0.01229259 0.10585292
v 0.01211194 -0.01231938 0.09875321
v 0.00019297 -0.01443695 0.10293363
v 0.01085891 -0.01442777 0.09762285
v 0.01211194 -0.01410546 0.09717678
v 0.01211194 -0.01549268 0.09701797
v 0.01211194 -0.01589996 0.09703900
v 0.00019297 -0.01375176 0.10377672
v 0.01211194 -0.01282542 0.09795448
v 0.00019297 -0.01385895 0.10363893
v 0.01121708 -0.01354889 0.09781903
v 0.01211194 -0.01329319 0.09759250
f 3247 3248 3252
f 3247 3252 3256
f 3247 3256 3262
f 3247 3262 3261
f 3247 3261 3260
f 3247 3260 3259
f 3247 3259 3274
f 3247 3274 3290
f 3247 3290 3312
f 3247 3312 3311
f 3247 3311 3310
f 3247 3310 3309
f 3247 3309 3307
f 3247 3307 3322
f 3247 3322 3330
f 3247 3330 3329
f 3247 3329 3328
f 3247 3328 3335
f 3247 3335 3332
f 3247 3332 3325
f 3247 3325 3323
f 3247 3323 3317
f 3247 3317 3302
f 3247 3302 3280
f 3247 3280 3269
f 3247 3269 3268
f 3247 3268 3254
f 3247 3254 3249
f 3247 3249 3250
f 3247 3250 3251
f 3247 3251 3248
f 3248 3251 3252
f 3249 3253 3250
f 3249 3254 3253
f 3250 3253 3255
f 3250 3255 3251
f 3251 3256 3252
f 3251 3255 3257
f 3251 3257 3258
f 3251 3258 3259
f 3251 3259 3260
f 3251 3260 3261
f 3251 3261 3262
f 3251 3262 3256
f 3253 3263 3264
f 3253 3264 3265
f 3253 3265 3266
f 3253 3266 3267
f 3253 3267 3255
f 3253 3254 3268
f 3253 3268 3269
f 3253 3269 3263
f 3255 3267 3270
f 3255 3270 3271
f 3255 3271 3257
f 3257 3272 3258
f 3257 3271 3273
f 3257 3273 3272
f 3258 3272 3259
f 3259 3272 3275
f 3259 3275 3276
f 3259 3276 3274
f 3263 3269 3264
f 3264 3277 3278
f 3264 3278 3279
f 3264 3279 3265
f 3264 3269 3280
f 3264 3280 3277
f 3265 3279 3281
f 3265 3281 3266
f 3266 3281 3282
f 3266 3282 3270
f 3266 3270 3267
f 3270 3282 3283
f 3270 3283 3271
f 3271 3284 3305
f 3271 3305 3316
f 3271 3316 3299
f 3271 3299 3298
f 3271 3298 3315
f 3271 3315 3296
f 3271 3296 3295
f 3271 3295 3314
f 3271 3314 3313
f 3271 3313 3303
f 3271 3303 3318
f 3271 3318 3324
f 3271 3324 3331
f 3271 3331 3333
f 3271 3333 3326
f 3271 3326 3319
f 3271 3319 3306
f 3271 3306 3289
f 3271 3289 3292
f 3271 3292 3291
f 3271 3291 3285
f 3271 3285 3286
f 3271 3286 3287
f 3271 3287 3273
f 3271 3283 3281
f 3271 3281 3284
f 3272 3273 3287
f 3272 3287 3286
f 3272 3286 3275
f 3274 3288 3289
f 3274 3289 3290
f 3274 3276 3291
f 3274 3291 3292
f 3274 3292 3288
f 3275 3286 3285
f 3275 3285 3276
f 3276 3285 3291
f 3277 3293 3278
f 3277 3280 3293
f 3278 3293 3294
f 3278 3294 3295
f 3278 3295 3296
f 3278 3296 3297
f 3278 3297 3298
f 3278 3298 3299
f 3278 3299 3300
f 3278 3300 3279
f 3279 3300 3301
f 3279 3301 3281
f 3280 3302 3303
f 3280 3303 3304
f 3280 3304 3294
f 3280 3294 3293
f 3281 3301 3284
f 3281 3283 3282
f 3284 3301 3305
f 3288 3292 3289
f 3289 3306 3307
f 3289 3307 3308
f 3289 3308 3309
f 3289 3309 3310
f 3289 3310 3311
f 3289 3311 3312
f 3289 3312 3290
f 3294 3304 3313
f 3294 3313 3314
f 3294 3314 3295
f 3296 3315 3297
f 3297 3315 3298
f 3299 3316 3300
f 3300 3316 3301
f 3301 3316 3305
f 3302 3317 3303
f 3303 3313 3304
f 3303 3317 3318
f 3306 3319 3320
f 3306 3320 3321
f 3306 3321 3307
f 3307 3309 3308
f 3307 3321 3322
f 3317 3323 3318
f 3318 3323 3325
f 3318 3325 3324
f 3319 3326 3327
f 3319 3327 3320
f 3320 3327 3328
f 3320 3328 3329
f 3320 3329 3330
f 3320 3330 3321
f 3321 3330 3322
f 3324 3325 3332
f 3324 3332 3331
f 3326 3333 3332
f 3326 3332 3334
f 3326 3334 3327
f 3327 3334 3328
f 3328 3334 3335
f 3331 3332 3333
f 3332 3335 3334

o geometry_29
v 0.00684437 0.03607547 0.01557006
v 0.00684437 0.03607547 0.01183705
v 0.00019392 0.03607547 0.01557006
v 0.00684437 0.02971731 0.01557006
v 0.00996723 0.02011932 0.01150825
v 0.00996723 0.02250246 0.01149190
v 0.00996723 0.02250246 0.00458718
v 0.00684437 0.03571410 0.01134839
v 0.00657647 0.03607547 0.01176983
v 0.00019392 0.03607547 0.01160634
v 0.00019297 0.02250246 0.01149190
v 0.00019297 0.02011932 0.01150825
v 0.00019392 0.02972665 0.01557006
v 0.00655447 0.02971731 0.01557006
v 0.00996723 0.00425038 0.00893056
v 0.00996723 0.01296677 -0.00256095
v 0.00684437 0.03204126 0.00765534
v 0.00684437 0.03240263 0.00795144
v 0.00684437 0.03262069 0.00813309
v 0.00684437 0.03296337 0.00844736
v 0.00684437 0.03331227 0.00876889
v 0.00684437 0.03399451 0.00940286
v 0.00684437 0.03463313 0.01007499
v 0.00684437 0.03527175 0.01076346
v 0.00684437 0.03547112 0.01102686
v 0.00618420 0.03533405 0.01068717
v 0.00523605 0.03607547 0.01158091
v 0.00363539 0.03607547 0.01157546
v 0.00019392 0.03592594 0.01141016
v 0.00019297 0.02250246 0.00462170
v 0.00019297 0.00425038 0.00883428
v 0.00996723 0.00425038 -0.00087156
v 0.00996723 0.01261475 -0.00272263
v 0.00367079 0.01691064 -0.00117129
v 0.00655447 0.03110670 0.00689965
v 0.00684437 0.03105997 0.00693054
v 0.00657073 0.03209111 0.00764444
v 0.00614211 0.03269546 0.00806952
v 0.00630954 0.03405058 0.00934837
v 0.00523605 0.03536832 0.01064720
v 0.00523605 0.03594775 0.01141016
v 0.00523605 0.03476708 0.00998779
v 0.00494711 0.03607547 0.01157910
v 0.00391859 0.03607547 0.01157364
v 0.00391859 0.03536832 0.01064539
v 0.00019392 0.03534963 0.01066900
v 0.00019297 0.01839348 -0.00012859
v 0.00019297 0.00425038 -0.00087156
v 0.00996723 0.00726903 -0.00270082
v 0.00996723 0.01225027 -0.00285887
v 0.00259922 0.01697294 -0.00120762
v 0.00523605 0.03124688 0.00682518
v 0.00523605 0.03198519 0.00739921
v 0.00523605 0.03274530 0.00802955
v 0.00523605 0.03340261 0.00863083
v 0.00523605 0.03410665 0.00929205
v 0.00391859 0.03477643 0.00998598
v 0.00391859 0.03411600 0.00927934
v 0.00019392 0.03476085 0.01000959
v 0.00019392 0.03524682 0.01055274
v 0.00019297 0.01826887 -0.00024303
v 0.00019392 0.03464559 0.00988425
v 0.00019392 0.03410042 0.00929205
v 0.00019392 0.03398205 0.00917580
v 0.00019392 0.03342754 0.00863265
v 0.00019392 0.03276711 0.00800775
v 0.00019297 0.00561485 -0.00092060
v 0.00787289 0.00956806 -0.00295514
v 0.00919322 0.00825032 -0.00297149
v 0.00919322 0.00728461 -0.00268811
v 0.00996723 0.00766778 -0.00281709
v 0.00910806 0.01231880 -0.00278984
v 0.00019297 0.01701344 -0.00121307
v 0.00128080 0.01700410 -0.00121307
v 0.00996723 0.00825032 -0.00298603
v 0.00787289 0.01088892 -0.00289883
v 0.00391859 0.03127492 0.00681428
v 0.00391859 0.03198519 0.00737014
v 0.00391859 0.03276711 0.00800957
v 0.00391859 0.03342442 0.00861993
v 0.00259922 0.03411288 0.00928479
v 0.00019297 0.01767075 -0.00078800
v 0.00019392 0.03263004 0.00789512
v 0.00019297 0.01592934 -0.00128028
v 0.00019297 0.01616298 -0.00128755
v 0.00019297 0.01686391 -0.00122760
v 0.00019297 0.01755549 -0.00086611
v 0.00019392 0.03127492 0.00681428
v 0.00019392 0.03198519 0.00736833
f 3336 3337 3344
f 3336 3344 3362
f 3336 3362 3378
f 3336 3378 3379
f 3336 3379 3363
f 3336 3363 3345
f 3336 3345 3338
f 3336 3338 3348
f 3336 3348 3349
f 3336 3349 3339
f 3336 3339 3340
f 3336 3340 3341
f 3336 3341 3342
f 3336 3342 3337
f 3337 3342 3343
f 3337 3343 3344
f 3338 3345 3365
f 3338 3365 3346
f 3338 3346 3347
f 3338 3347 3348
f 3339 3349 3350
f 3339 3350 3340
f 3340 3350 3367
f 3340 3367 3384
f 3340 3384 3406
f 3340 3406 3410
f 3340 3410 3385
f 3340 3385 3368
f 3340 3368 3351
f 3340 3351 3342
f 3340 3342 3341
f 3342 3351 3352
f 3342 3352 3353
f 3342 3353 3354
f 3342 3354 3355
f 3342 3355 3356
f 3342 3356 3357
f 3342 3357 3358
f 3342 3358 3359
f 3342 3359 3360
f 3342 3360 3343
f 3343 3360 3361
f 3343 3361 3344
f 3344 3361 3362
f 3345 3363 3364
f 3345 3364 3365
f 3346 3365 3382
f 3346 3382 3396
f 3346 3396 3417
f 3346 3417 3422
f 3346 3422 3408
f 3346 3408 3421
f 3346 3421 3420
f 3346 3420 3419
f 3346 3419 3402
f 3346 3402 3383
f 3346 3383 3366
f 3346 3366 3347
f 3347 3366 3348
f 3348 3366 3350
f 3348 3350 3349
f 3350 3366 3383
f 3350 3383 3367
f 3351 3368 3369
f 3351 3369 3370
f 3351 3370 3371
f 3351 3371 3352
f 3352 3372 3353
f 3352 3371 3370
f 3352 3370 3372
f 3353 3372 3373
f 3353 3373 3354
f 3354 3373 3355
f 3355 3373 3374
f 3355 3374 3356
f 3356 3374 3357
f 3357 3374 3358
f 3358 3361 3359
f 3358 3374 3361
f 3359 3361 3360
f 3361 3375 3376
f 3361 3376 3362
f 3361 3374 3377
f 3361 3377 3375
f 3362 3376 3378
f 3363 3379 3380
f 3363 3380 3364
f 3364 3380 3381
f 3364 3381 3365
f 3365 3381 3382
f 3367 3383 3384
f 3368 3385 3386
f 3368 3386 3369
f 3369 3386 3387
f 3369 3387 3370
f 3370 3387 3372
f 3372 3387 3388
f 3372 3388 3373
f 3373 3389 3390
f 3373 3390 3374
f 3373 3388 3389
f 3374 3390 3391
f 3374 3391 3377
f 3375 3377 3392
f 3375 3392 3380
f 3375 3380 3379
f 3375 3379 3376
f 3376 3379 3378
f 3377 3393 3392
f 3377 3391 3393
f 3380 3392 3394
f 3380 3394 3395
f 3380 3395 3381
f 3381 3395 3382
f 3382 3395 3394
f 3382 3394 3397
f 3382 3397 3398
f 3382 3398 3399
f 3382 3399 3400
f 3382 3400 3401
f 3382 3401 3396
f 3383 3402 3403
f 3383 3403 3404
f 3383 3404 3405
f 3383 3405 3384
f 3384 3405 3404
f 3384 3404 3406
f 3385 3407 3408
f 3385 3408 3409
f 3385 3409 3386
f 3385 3410 3403
f 3385 3403 3411
f 3385 3411 3407
f 3386 3409 3412
f 3386 3412 3387
f 3387 3412 3388
f 3388 3412 3413
f 3388 3413 3414
f 3388 3414 3389
f 3389 3414 3390
f 3390 3414 3415
f 3390 3415 3391
f 3391 3415 3393
f 3392 3393 3416
f 3392 3416 3398
f 3392 3398 3397
f 3392 3397 3394
f 3393 3415 3400
f 3393 3400 3416
f 3396 3401 3417
f 3398 3416 3399
f 3399 3416 3400
f 3400 3415 3401
f 3401 3415 3414
f 3401 3414 3418
f 3401 3418 3417
f 3402 3419 3403
f 3403 3410 3404
f 3403 3419 3420
f 3403 3420 3411
f 3404 3410 3406
f 3407 3411 3408
f 3408 3412 3409
f 3408 3411 3421
f 3408 3422 3423
f 3408 3423 3412
f 3411 3420 3421
f 3412 3423 3424
f 3412 3424 3413
f 3413 3418 3414
f 3413 3424 3418
f 3417 3418 3424
f 3417 3424 3423
f 3417 3423 3422

o geometry_30
v 0.00019297 -0.03899324 0.02758881
v -0.00527004 -0.03699340 0.02758881
v 0.00019297 -0.04080797 0.02758881
v 0.00019297 -0.03550934 0.01534634
v -0.00526390 -0.03274217 0.01534634
v -0.00607972 -0.03695384 0.02758881
v -0.01026423 -0.04050023 0.02758881
v 0.00019297 -0.04080876 0.02746895
v 0.00019297 -0.03778289 0.01534634
v -0.00608381 -0.03272713 0.01534634
v -0.01026423 -0.03803129 0.02451082
v -0.01026423 -0.03914275 0.02758881
v -0.01026423 -0.04049866 0.02756245
v -0.00003939 -0.04072411 0.02591797
v 0.00019297 -0.04073123 0.02615050
v -0.01026423 -0.03740871 0.01534634
v 0.00019297 -0.03840468 0.01630401
v -0.00003939 -0.03840547 0.01631001
v -0.01026423 -0.03517947 0.01534634
v -0.01026423 -0.03545159 0.01641309
v -0.01026423 -0.04047334 0.02723762
v -0.00003939 -0.04062285 0.02459951
v 0.00019297 -0.04062127 0.02459951
v -0.01026423 -0.03743640 0.01538948
v 0.00019297 -0.03846638 0.01642028
v -0.01026423 -0.03752500 0.01552852
v 0.00019297 -0.03874484 0.01696325
v -0.00003939 -0.03874326 0.01697043
v -0.01026423 -0.04034598 0.02591797
v -0.01026423 -0.04018302 0.02459951
v -0.00003939 -0.04045673 0.02328105
v 0.00019297 -0.04045910 0.02328105
v -0.01026423 -0.04022336 0.02492553
v -0.01026423 -0.03851068 0.01772795
v 0.00019297 -0.03913247 0.01800602
v -0.00003939 -0.03913088 0.01800602
v -0.01026423 -0.03873298 0.01822417
v -0.01026423 -0.04003904 0.02369817
v -0.01026423 -0.03999158 0.02341410
v -0.00003939 -0.04021940 0.02196140
v 0.00019297 -0.04026370 0.02219392
v 0.00019297 -0.03998841 0.02087667
v -0.01026423 -0.03909608 0.01932568
v -0.01026423 -0.03882237 0.01849265
v -0.00003939 -0.03998683 0.02088146
v 0.00019297 -0.04022178 0.02196140
f 3425 3426 3430
f 3425 3430 3436
f 3425 3436 3431
f 3425 3431 3427
f 3425 3427 3432
f 3425 3432 3439
f 3425 3439 3447
f 3425 3447 3456
f 3425 3456 3465
f 3425 3465 3470
f 3425 3470 3466
f 3425 3466 3459
f 3425 3459 3451
f 3425 3451 3449
f 3425 3449 3441
f 3425 3441 3433
f 3425 3433 3428
f 3425 3428 3429
f 3425 3429 3426
f 3426 3429 3430
f 3427 3431 3432
f 3428 3433 3440
f 3428 3440 3443
f 3428 3443 3434
f 3428 3434 3429
f 3429 3434 3430
f 3430 3435 3436
f 3430 3434 3435
f 3431 3436 3435
f 3431 3435 3444
f 3431 3444 3443
f 3431 3443 3440
f 3431 3440 3448
f 3431 3448 3450
f 3431 3450 3458
f 3431 3458 3461
f 3431 3461 3468
f 3431 3468 3467
f 3431 3467 3463
f 3431 3463 3462
f 3431 3462 3454
f 3431 3454 3457
f 3431 3457 3453
f 3431 3453 3445
f 3431 3445 3437
f 3431 3437 3438
f 3431 3438 3432
f 3432 3438 3439
f 3433 3441 3442
f 3433 3442 3440
f 3434 3443 3444
f 3434 3444 3435
f 3437 3445 3446
f 3437 3446 3438
f 3438 3446 3447
f 3438 3447 3439
f 3440 3442 3448
f 3441 3449 3442
f 3442 3450 3448
f 3442 3449 3451
f 3442 3451 3452
f 3442 3452 3450
f 3445 3453 3446
f 3446 3454 3455
f 3446 3455 3456
f 3446 3456 3447
f 3446 3453 3457
f 3446 3457 3454
f 3450 3452 3458
f 3451 3459 3460
f 3451 3460 3452
f 3452 3460 3461
f 3452 3461 3458
f 3454 3462 3455
f 3455 3462 3463
f 3455 3463 3464
f 3455 3464 3465
f 3455 3465 3456
f 3459 3466 3460
f 3460 3467 3468
f 3460 3468 3461
f 3460 3466 3469
f 3460 3469 3467
f 3463 3469 3464
f 3463 3467 3469
f 3464 3469 3466
f 3464 3466 3470
f 3464 3470 3465

o geometry_31
v 0.01211194 0.00457100 0.11255133
v 0.01211194 0.00429006 0.11253607
v 0.01211194 0.00566913 0.11250302
v 0.00600195 0.00649869 0.12427478
v 0.00600195 0.00612323 0.12427478
v 0.01211194 0.00295075 0.11243691
v 0.01211194 0.00601103 0.11248268
v 0.00621429 0.00693423 0.12350187
v 0.00567177 0.00737861 0.12393155
v 0.00523426 0.00693423 0.12449089
v 0.00215068 0.00641476 0.12552823
v 0.01211194 0.00644480 0.11241657
v 0.01211194 0.00648809 0.11239623
v 0.00215068 0.00618948 0.12552823
v 0.00523660 0.00588381 0.12448581
v 0.00489825 -0.00049736 0.12035680
v 0.00615362 -0.00056892 0.11925589
v 0.01211194 -0.00032421 0.11138432
v 0.01211194 0.00038520 0.11184706
v 0.01211194 0.00125099 0.11227928
v 0.01211194 0.00181905 0.11233776
v 0.00599145 0.00764983 0.12305184
v 0.00479209 0.00765955 0.12428495
v 0.00391823 0.00692805 0.12491041
v 0.00047181 0.00753410 0.12541890
v 0.00128150 0.00666832 0.12560706
v 0.00019413 0.00602340 0.12570621
v 0.01211194 0.00689536 0.11158518
v 0.00019413 0.00591473 0.12570621
v 0.00128150 0.00605078 0.12560706
v 0.00391823 -0.00063518 0.12048646
v 0.00391823 -0.00107602 0.11955591
v 0.00529726 -0.00075091 0.11963727
v 0.00523660 -0.00115642 0.11823636
v 0.01211194 -0.00068201 0.11032919
v 0.00603578 0.00767103 0.12219248
v 0.00523660 0.00775938 0.12219248
v 0.00523426 0.00770814 0.12350187
v 0.01211194 0.00695809 0.11103600
v 0.01211194 0.00700668 0.11037495
v 0.00391823 0.00770107 0.12437394
v 0.00391823 0.00780355 0.12351204
v 0.00019413 0.00764188 0.12512398
v 0.00019413 0.00723372 0.12558925
v 0.00019413 0.00697487 0.12569095
v 0.00019413 -0.00070232 0.12091614
v 0.00259986 -0.00071734 0.12060342
v 0.00128150 -0.00075975 0.12072037
v 0.00259986 -0.00115819 0.11955591
v 0.00391823 -0.00119882 0.11823636
v 0.00523660 -0.00117055 0.11691680
v 0.01211194 -0.00061486 0.10373395
v 0.00590861 0.00759417 0.11739224
v 0.00523660 0.00763128 0.11823636
v 0.00391823 0.00776998 0.12219248
v 0.00259986 0.00781680 0.12351204
v 0.01211194 0.00683529 0.10373395
v 0.00019413 0.00771521 0.12487736
v 0.00019413 0.00773111 0.12471209
v 0.00019413 -0.00109281 0.11955591
v 0.00128150 -0.00118204 0.11955591
v 0.00259986 -0.00119971 0.11823636
v 0.00391823 -0.00118027 0.11691680
v 0.00523660 -0.00112373 0.11428022
v 0.01211194 -0.00042669 0.10241693
v 0.00523660 -0.00109899 0.11296321
v 0.00523660 -0.00106631 0.11164366
v 0.00523660 -0.00101860 0.11032919
v 0.00259986 -0.00101418 0.10901217
v 0.00019413 -0.00100447 0.10792398
v 0.00019413 -0.00098591 0.10769007
v 0.00523660 0.00757650 0.11657356
v 0.00523660 0.00759859 0.11723461
v 0.00128150 0.00778765 0.12219248
v 0.00128150 0.00782564 0.12351204
v 0.01211194 0.00682027 0.10341868
v 0.00391823 0.00749964 0.11428277
v 0.00523660 0.00753233 0.11560232
v 0.00019413 0.00776115 0.12341797
v 0.00019413 -0.00115465 0.11715071
v 0.00019413 -0.00115465 0.11582861
v 0.00019413 -0.00115200 0.11559978
v 0.00259986 -0.00118027 0.11691680
v 0.00391823 -0.00113345 0.11428022
v 0.00019413 -0.00067935 0.10663240
v 0.00019413 -0.00060426 0.10642137
v 0.01211194 -0.00024911 0.10195420
v 0.00391823 -0.00110518 0.11296321
v 0.00019413 -0.00103009 0.10901217
v 0.00391823 0.00758004 0.11648712
v 0.00391823 0.00760301 0.11714308
v 0.00019413 0.00775054 0.12087546
v 0.01211194 0.00671425 0.10241693
v 0.00019413 0.00746342 0.11296321
v 0.00128150 0.00745989 0.11296321
v 0.00259986 -0.00115642 0.11559978
v 0.00019413 0.00009102 0.10616457
v 0.01211194 0.00129428 0.10001428
v 0.01211194 0.00089231 0.10031429
v 0.01211194 0.00006539 0.10115331
v 0.00019413 0.00774259 0.12064410
v 0.01211194 0.00666125 0.10223896
v 0.00019413 0.00730175 0.11164621
v 0.00019413 0.00029068 0.10612644
v 0.01211194 0.00171038 0.09988970
v 0.01211194 0.00615680 0.10133637
v 0.00019413 0.00491378 0.10731124
v 0.00019413 0.00671602 0.11054530
v 0.00019413 0.00297195 0.10633238
v 0.01103975 0.00377766 0.10038294
v 0.01211194 0.00297284 0.09973206
v 0.01211194 0.00252758 0.09975749
v 0.01211194 0.00565411 0.10061430
v 0.00019413 0.00425384 0.10672393
v 0.00019413 0.00373437 0.10656375
v 0.01211194 0.00426179 0.09983376
v 0.01211194 0.00493675 0.10016174
f 3471 3472 3476
f 3471 3476 3491
f 3471 3491 3490
f 3471 3490 3489
f 3471 3489 3488
f 3471 3488 3505
f 3471 3505 3522
f 3471 3522 3535
f 3471 3535 3557
f 3471 3557 3570
f 3471 3570 3569
f 3471 3569 3568
f 3471 3568 3575
f 3471 3575 3582
f 3471 3582 3581
f 3471 3581 3586
f 3471 3586 3587
f 3471 3587 3583
f 3471 3583 3576
f 3471 3576 3572
f 3471 3572 3563
f 3471 3563 3546
f 3471 3546 3527
f 3471 3527 3510
f 3471 3510 3509
f 3471 3509 3498
f 3471 3498 3483
f 3471 3483 3482
f 3471 3482 3477
f 3471 3477 3473
f 3471 3473 3474
f 3471 3474 3475
f 3471 3475 3472
f 3472 3475 3476
f 3473 3477 3474
f 3474 3478 3479
f 3474 3479 3480
f 3474 3480 3481
f 3474 3481 3484
f 3474 3484 3475
f 3474 3477 3482
f 3474 3482 3483
f 3474 3483 3478
f 3475 3484 3485
f 3475 3485 3486
f 3475 3486 3487
f 3475 3487 3488
f 3475 3488 3489
f 3475 3489 3490
f 3475 3490 3491
f 3475 3491 3476
f 3478 3492 3479
f 3478 3483 3492
f 3479 3492 3493
f 3479 3493 3480
f 3480 3493 3494
f 3480 3494 3481
f 3481 3494 3495
f 3481 3495 3496
f 3481 3496 3497
f 3481 3497 3499
f 3481 3499 3484
f 3483 3498 3492
f 3484 3499 3500
f 3484 3500 3501
f 3484 3501 3486
f 3484 3486 3485
f 3486 3501 3502
f 3486 3502 3503
f 3486 3503 3487
f 3487 3503 3504
f 3487 3504 3505
f 3487 3505 3488
f 3492 3506 3507
f 3492 3507 3508
f 3492 3508 3493
f 3492 3498 3509
f 3492 3509 3510
f 3492 3510 3506
f 3493 3511 3495
f 3493 3495 3494
f 3493 3508 3512
f 3493 3512 3511
f 3495 3511 3513
f 3495 3513 3514
f 3495 3514 3496
f 3496 3515 3497
f 3496 3514 3515
f 3497 3515 3514
f 3497 3514 3513
f 3497 3513 3528
f 3497 3528 3529
f 3497 3529 3549
f 3497 3549 3562
f 3497 3562 3571
f 3497 3571 3564
f 3497 3564 3573
f 3497 3573 3578
f 3497 3578 3577
f 3497 3577 3584
f 3497 3584 3585
f 3497 3585 3579
f 3497 3579 3574
f 3497 3574 3567
f 3497 3567 3556
f 3497 3556 3555
f 3497 3555 3541
f 3497 3541 3540
f 3497 3540 3559
f 3497 3559 3552
f 3497 3552 3551
f 3497 3551 3550
f 3497 3550 3530
f 3497 3530 3516
f 3497 3516 3499
f 3499 3516 3517
f 3499 3517 3501
f 3499 3501 3500
f 3501 3517 3502
f 3502 3517 3518
f 3502 3518 3519
f 3502 3519 3504
f 3502 3504 3503
f 3504 3519 3520
f 3504 3520 3521
f 3504 3521 3505
f 3505 3521 3522
f 3506 3510 3507
f 3507 3523 3524
f 3507 3524 3525
f 3507 3525 3526
f 3507 3526 3512
f 3507 3512 3508
f 3507 3510 3523
f 3510 3527 3523
f 3511 3528 3513
f 3511 3512 3528
f 3512 3526 3529
f 3512 3529 3528
f 3516 3530 3531
f 3516 3531 3518
f 3516 3518 3517
f 3518 3531 3519
f 3519 3531 3520
f 3520 3532 3533
f 3520 3533 3521
f 3520 3531 3532
f 3521 3533 3554
f 3521 3554 3534
f 3521 3534 3522
f 3522 3534 3536
f 3522 3536 3537
f 3522 3537 3538
f 3522 3538 3539
f 3522 3539 3540
f 3522 3540 3541
f 3522 3541 3535
f 3523 3542 3543
f 3523 3543 3524
f 3523 3527 3542
f 3524 3543 3525
f 3525 3544 3545
f 3525 3545 3526
f 3525 3543 3544
f 3526 3545 3529
f 3527 3546 3547
f 3527 3547 3548
f 3527 3548 3542
f 3529 3545 3549
f 3530 3550 3531
f 3531 3550 3551
f 3531 3551 3532
f 3532 3551 3552
f 3532 3552 3553
f 3532 3553 3533
f 3533 3553 3554
f 3534 3554 3536
f 3535 3541 3555
f 3535 3555 3556
f 3535 3556 3557
f 3536 3554 3558
f 3536 3558 3559
f 3536 3559 3540
f 3536 3540 3537
f 3537 3540 3539
f 3537 3539 3538
f 3542 3548 3547
f 3542 3547 3560
f 3542 3560 3561
f 3542 3561 3562
f 3542 3562 3543
f 3543 3562 3544
f 3544 3562 3545
f 3545 3562 3549
f 3546 3563 3564
f 3546 3564 3565
f 3546 3565 3547
f 3547 3565 3564
f 3547 3564 3560
f 3552 3566 3553
f 3552 3559 3566
f 3553 3566 3554
f 3554 3559 3558
f 3554 3566 3559
f 3556 3567 3568
f 3556 3568 3569
f 3556 3569 3570
f 3556 3570 3557
f 3560 3564 3571
f 3560 3571 3561
f 3561 3571 3562
f 3563 3572 3573
f 3563 3573 3564
f 3567 3574 3575
f 3567 3575 3568
f 3572 3576 3577
f 3572 3577 3578
f 3572 3578 3573
f 3574 3579 3580
f 3574 3580 3581
f 3574 3581 3582
f 3574 3582 3575
f 3576 3583 3577
f 3577 3583 3584
f 3579 3585 3586
f 3579 3586 3580
f 3580 3586 3581
f 3583 3587 3584
f 3584 3587 3586
f 3584 3586 3585

