# https://github.com/mikedh/trimesh

o geometry_0
v -0.00646578 0.00004829 0.02910747
v -0.00569242 -0.00413534 0.02959232
v -0.00581308 -0.00399190 0.02959232
v -0.00610966 -0.00327562 0.02959232
v -0.00620890 -0.00274417 0.02959232
v -0.00643037 -0.00105048 0.02959232
v -0.00646345 0.00004829 0.02943932
v -0.00308705 -0.00413534 0.02959232
v -0.00614741 0.00005013 0.02910747
v -0.00485367 -0.00516240 0.02986564
v -0.00580724 -0.00397903 0.02965833
v -0.00610888 -0.00327287 0.02962354
v -0.00509537 -0.00486081 0.02986564
v -0.00617465 -0.00274417 0.02971231
v -0.00642998 -0.00103853 0.02961297
v -0.00644155 0.00046068 0.02963114
v -0.00644126 -0.00044455 0.02963118
v -0.00642647 0.00139073 0.02910747
v -0.00249000 -0.00463645 0.02986564
v -0.00249000 -0.00502448 0.02986564
v -0.00417723 -0.00516240 0.02986564
v -0.00537055 0.00423101 0.02910747
v -0.00309016 0.00423101 0.02977491
v -0.00538923 -0.00440475 0.02986564
v -0.00546220 -0.00410591 0.02995327
v -0.00571383 -0.00373077 0.02988011
v -0.00579556 -0.00331148 0.02995799
v -0.00591505 -0.00307334 0.02991076
v -0.00507552 -0.00483322 0.02990563
v -0.00604115 -0.00274417 0.02987669
v -0.00607190 -0.00241591 0.02990937
v -0.00620073 -0.00241591 0.02974499
v -0.00610460 -0.00198560 0.02994059
v -0.00630767 -0.00052592 0.02979255
v -0.00645430 0.00070756 0.02943932
v -0.00642414 0.00135763 0.02955590
v -0.00308705 0.00423101 0.03042544
v -0.00249000 -0.00516240 0.03033065
v -0.00576482 0.00423101 0.02910747
v -0.00456585 -0.00516240 0.03009367
v -0.00514986 -0.00461347 0.02996531
v -0.00508097 -0.00384616 0.03040121
v -0.00507436 -0.00347239 0.03055746
v -0.00540324 -0.00307334 0.03039414
v -0.00444422 -0.00453991 0.03058023
v -0.00544177 -0.00194054 0.03059275
v -0.00613437 -0.00101830 0.02996945
v -0.00614780 -0.00011537 0.02998319
v -0.00630767 0.00062527 0.02979263
v -0.00643075 0.00113880 0.02961281
v -0.00311857 0.00423101 0.03058527
v -0.00249000 -0.00474955 0.03067014
v -0.00249000 -0.00463645 0.03042560
v -0.00249000 -0.00516240 0.03074591
v -0.00582904 0.00412435 0.02910747
v -0.00576053 0.00423101 0.02946891
v -0.00479880 -0.00392478 0.03060429
v -0.00484978 -0.00373077 0.03064038
v -0.00514947 -0.00307334 0.03062217
v -0.00536626 -0.00274417 0.03052251
v -0.00451273 -0.00432107 0.03063258
v -0.00412896 -0.00488655 0.03059323
v -0.00420291 -0.00471737 0.03063388
v -0.00520124 -0.00274417 0.03065990
v -0.00523588 -0.00241591 0.03067615
v -0.00545967 -0.00142931 0.03060982
v -0.00548381 -0.00011537 0.03063112
v -0.00614644 0.00037839 0.02998116
v -0.00613437 0.00111857 0.02996921
v -0.00610966 0.00197185 0.02994506
v -0.00620073 0.00251526 0.02974483
v -0.00617465 0.00284351 0.02971231
v -0.00629687 0.00251526 0.02943932
v -0.00625288 0.00284351 0.02943932
v -0.00625366 0.00284167 0.02910747
v -0.00316878 0.00423101 0.03064591
v -0.00249000 -0.00504654 0.03074591
v -0.00264491 -0.00516240 0.03075111
v -0.00582787 0.00412251 0.02943932
v -0.00580724 0.00407929 0.02965817
v -0.00461664 -0.00373077 0.03072786
v -0.00431617 -0.00441394 0.03068315
v -0.00384523 -0.00516240 0.03060787
v -0.00396005 -0.00471737 0.03071875
v -0.00494553 -0.00274417 0.03074835
v -0.00494553 -0.00307334 0.03071079
v -0.00494553 -0.00241591 0.03076493
v -0.00527441 -0.00159390 0.03069494
v -0.00548419 0.00021380 0.03063096
v -0.00546006 0.00152958 0.03060965
v -0.00544177 0.00204081 0.03059258
v -0.00607229 0.00251526 0.02990937
v -0.00604154 0.00284351 0.02987653
v -0.00610888 0.00337313 0.02962354
v -0.00611549 0.00339152 0.02943932
v -0.00611627 0.00339428 0.02910747
v -0.00322794 0.00423101 0.03067713
v -0.00356072 0.00423101 0.03075518
v -0.00363116 0.00423101 0.03075859
v -0.00363077 -0.00471737 0.03075859
v -0.00330228 -0.00504654 0.03075501
v -0.00561069 0.00423101 0.02978450
v -0.00545617 0.00423101 0.02994742
v -0.00571344 0.00383103 0.02988027
v -0.00461664 -0.00340159 0.03076119
v -0.00428893 -0.00405994 0.03075160
v -0.00363077 -0.00516240 0.03068201
v -0.00363077 -0.00504654 0.03072152
v -0.00494553 -0.00208674 0.03076834
v -0.00527441 0.00004921 0.03072087
v -0.00536587 0.00284351 0.03052234
v -0.00579556 0.00341175 0.02995783
v -0.00599756 0.00317269 0.02982678
v -0.00461703 0.00317269 0.03076591
v -0.00331007 -0.00516240 0.03073160
v -0.00527441 0.00169416 0.03069494
v -0.00523588 0.00251526 0.03067599
v -0.00520163 0.00284351 0.03065990
v -0.00514986 0.00317269 0.03062217
v -0.00507475 0.00357266 0.03055746
v -0.00421770 0.00423101 0.03075322
v -0.00461703 0.00350186 0.03076119
v -0.00494553 0.00251526 0.03076493
v -0.00473691 0.00423101 0.03055275
v -0.00479957 0.00402504 0.03060429
v -0.00494553 0.00284351 0.03074851
v -0.00485017 0.00383103 0.03064022
v -0.00461703 0.00383103 0.03072786
v -0.00458706 0.00423101 0.03065079
f 1 18 75
f 1 75 96
f 1 96 55
f 1 55 39
f 1 39 22
f 1 22 9
f 1 8 2
f 1 2 3
f 1 3 4
f 1 4 5
f 1 5 6
f 1 6 7
f 1 9 8
f 2 8 21
f 2 21 10
f 2 10 3
f 3 11 12
f 3 12 4
f 3 10 13
f 3 13 11
f 4 12 5
f 5 12 14
f 5 14 15
f 5 15 6
f 7 6 17
f 7 17 16
f 1 7 35
f 6 15 17
f 8 19 20
f 8 20 21
f 8 9 22
f 8 22 23
f 8 23 19
f 10 21 38
f 10 38 54
f 10 54 78
f 10 78 115
f 10 115 107
f 10 107 83
f 10 83 40
f 11 13 24
f 11 24 25
f 11 25 26
f 12 11 26
f 12 26 27
f 12 27 28
f 13 10 29
f 12 28 30
f 12 30 14
f 14 30 31
f 14 31 32
f 14 32 15
f 16 17 34
f 7 16 35
f 17 15 34
f 1 35 18
f 18 35 36
f 19 53 52
f 19 52 77
f 19 77 54
f 19 54 38
f 19 38 20
f 19 23 37
f 20 38 21
f 22 39 56
f 22 56 102
f 22 102 103
f 22 103 124
f 22 124 129
f 22 129 121
f 22 121 99
f 22 99 98
f 22 98 97
f 22 97 76
f 22 76 51
f 22 51 37
f 22 37 23
f 10 40 29
f 13 29 24
f 25 24 41
f 25 41 42
f 25 42 43
f 25 43 26
f 27 26 43
f 27 43 44
f 27 44 28
f 29 41 24
f 29 45 41
f 31 46 33
f 31 33 32
f 31 30 46
f 15 32 33
f 33 47 34
f 33 34 15
f 34 48 49
f 34 49 16
f 35 16 50
f 34 47 48
f 35 50 36
f 37 51 52
f 37 52 53
f 37 53 19
f 39 55 56
f 41 45 57
f 41 57 42
f 42 57 58
f 42 58 43
f 43 58 59
f 43 59 44
f 44 59 60
f 44 60 28
f 28 60 30
f 29 40 45
f 45 61 57
f 45 62 63
f 45 63 61
f 46 30 60
f 46 60 64
f 46 64 65
f 46 66 47
f 46 47 33
f 48 47 67
f 49 48 68
f 49 68 69
f 49 69 70
f 49 70 50
f 49 50 16
f 50 71 72
f 50 72 36
f 36 72 74
f 36 74 73
f 36 73 18
f 18 73 75
f 51 76 77
f 51 77 52
f 54 77 78
f 56 55 79
f 56 79 80
f 57 61 58
f 58 61 81
f 59 64 60
f 59 58 64
f 61 63 82
f 40 62 45
f 62 83 63
f 63 83 84
f 63 84 82
f 64 85 65
f 64 58 86
f 64 86 85
f 65 87 88
f 65 85 87
f 46 65 88
f 46 88 66
f 67 89 48
f 48 89 68
f 68 89 69
f 69 90 70
f 70 91 92
f 70 92 71
f 70 71 50
f 71 92 72
f 72 93 94
f 72 94 74
f 72 92 93
f 47 66 67
f 73 74 75
f 74 94 95
f 74 95 96
f 74 96 75
f 76 97 77
f 77 97 98
f 77 98 99
f 77 99 78
f 78 100 101
f 55 96 95
f 55 95 79
f 56 80 102
f 79 95 94
f 79 94 80
f 80 103 102
f 80 104 103
f 40 83 62
f 81 105 85
f 81 85 86
f 81 86 58
f 81 61 82
f 81 82 84
f 81 84 106
f 81 106 105
f 83 107 108
f 83 108 84
f 84 108 100
f 84 100 106
f 85 105 87
f 87 109 110
f 87 110 88
f 87 105 109
f 67 88 110
f 67 110 89
f 69 89 90
f 90 91 70
f 92 91 111
f 92 111 93
f 93 112 113
f 93 113 94
f 94 112 104
f 94 104 80
f 94 113 112
f 78 99 100
f 99 114 109
f 99 109 100
f 78 101 115
f 101 100 108
f 101 108 115
f 105 106 100
f 105 100 109
f 107 115 108
f 88 67 66
f 89 110 116
f 90 116 91
f 89 116 90
f 91 116 117
f 91 117 118
f 91 118 111
f 93 111 112
f 112 111 119
f 112 119 120
f 112 120 104
f 99 121 114
f 114 121 122
f 114 122 123
f 114 123 109
f 109 123 110
f 103 104 120
f 103 120 125
f 103 125 124
f 110 123 116
f 116 123 117
f 117 123 126
f 117 126 118
f 118 126 127
f 118 127 119
f 118 119 111
f 120 119 127
f 122 126 123
f 122 121 128
f 122 128 126
f 120 127 125
f 125 127 129
f 125 129 124
f 126 128 127
f 127 128 129
f 128 121 129

o geometry_1
v 0.00586987 -0.00523279 0.02555403
v 0.00586987 -0.00612990 0.00744925
v 0.00586987 -0.00504338 0.02548584
v 0.00577167 -0.00512376 0.02569365
v 0.00577740 -0.00523279 0.02570014
v 0.00311229 -0.00523279 0.02927499
v 0.00308774 -0.00523279 0.02930421
v 0.00280134 -0.00523279 0.02962565
v 0.00248794 -0.00523279 0.02996334
v 0.00240284 -0.00523279 0.03001528
v 0.00189470 -0.00523279 0.03031400
v 0.00173022 -0.00523279 0.03039193
v 0.00120162 -0.00523279 0.03059973
v 0.00112634 -0.00523279 0.03061272
v 0.00082276 -0.00523279 0.03065493
v 0.00064110 -0.00523279 0.03067441
v 0.00044553 -0.00523279 0.03069064
v 0.00031625 -0.00523279 0.03069714
v -0.00052739 -0.00523279 0.03070688
v -0.00076387 -0.00523279 0.03070688
v 0.00022051 -0.00612990 0.00743951
v 0.00586987 -0.00612990 0.00682909
v 0.00586987 -0.00503534 0.02547935
v 0.00541245 -0.00488231 0.02598587
v 0.00343387 -0.00488333 0.02860937
v 0.00311229 -0.00520137 0.02927499
v 0.00279725 -0.00516176 0.02961916
v 0.00248140 -0.00513399 0.02995684
v 0.00185705 -0.00504703 0.03029452
v 0.00119098 -0.00517170 0.03059648
v 0.00097414 -0.00511134 0.03061596
v 0.00063619 -0.00502379 0.03063544
v 0.00031625 -0.00504703 0.03066142
v -0.00034164 -0.00504703 0.03066791
v -0.00076387 -0.00504703 0.03066791
v -0.00248961 -0.00463677 0.02976527
v -0.00248961 -0.00502043 0.02976527
v -0.00231532 -0.00507509 0.02976527
v -0.00178181 -0.00519260 0.02976527
v -0.00161815 -0.00522169 0.02976527
v -0.00248961 -0.00610067 0.00703365
v -0.00076387 -0.00612990 0.00740379
v -0.00067059 -0.00612990 0.00741029
v -0.00043738 -0.00612990 0.00742003
v -0.00010926 -0.00612990 0.00743302
v -0.00001270 -0.00612990 0.00743626
v -0.00076387 -0.00612990 0.00682260
v -0.00001270 -0.00609585 -0.00114208
v 0.00097414 -0.00609643 -0.00081089
v 0.00557611 -0.00607363 -0.00179795
v 0.00586987 -0.00607232 -0.00179795
v 0.00586987 -0.00502934 0.02547286
v 0.00312047 -0.00487822 0.02896329
v 0.00567839 -0.00490467 0.02559299
v 0.00576676 -0.00487822 0.02537220
v 0.00586987 -0.00487515 0.02518063
v 0.00238075 -0.00491476 0.02985619
v 0.00258859 -0.00503841 0.02973930
v 0.00179650 -0.00488246 0.03025880
v 0.00052000 -0.00488012 0.03059323
v -0.00067059 -0.00487763 0.03059648
v -0.00076387 -0.00487763 0.03059648
v -0.00248961 -0.00463896 0.02811909
v 0.00031625 -0.00487851 0.03059323
v 0.00216227 -0.00487822 0.02994385
v 0.00247976 -0.00487822 0.02963864
v 0.00586987 -0.00487471 0.02516440
v 0.00586987 -0.00486930 0.02486893
v 0.00586987 -0.00486360 0.01599187
v 0.00586987 -0.00486141 -0.00143430
v 0.00586987 -0.00486141 -0.00179795
v 0.00586987 -0.00486170 -0.00212589
v -0.00248961 -0.00610067 0.00627387
v -0.00099954 -0.00609687 -0.00047971
v -0.00099954 -0.00609380 -0.00081089
v -0.00034164 -0.00609307 -0.00114208
v -0.00001270 -0.00606983 -0.00179795
v 0.00031625 -0.00607042 -0.00179795
v 0.00097414 -0.00607115 -0.00179795
v 0.00327430 -0.00607363 -0.00179795
v 0.00557611 -0.00599018 -0.00212589
v 0.00586987 -0.00606311 -0.00183367
v -0.00248961 -0.00463911 0.02802493
v 0.00586987 -0.00487237 -0.00230772
v 0.00031625 -0.00487851 -0.00229798
v 0.00031625 -0.00487179 -0.00212589
v -0.00248961 -0.00472665 0.00330944
v -0.00248961 -0.00472344 0.00346529
v -0.00248961 -0.00471292 0.00525434
v -0.00248961 -0.00471233 0.00542318
v -0.00248961 -0.00467579 0.01628085
v -0.00248961 -0.00463998 0.02769699
v -0.00248961 -0.00606896 0.00346529
v -0.00165743 -0.00607173 -0.00047971
v -0.00132848 -0.00609205 -0.00015177
v -0.00165743 -0.00606443 -0.00081089
v -0.00132848 -0.00607086 -0.00113883
v -0.00099954 -0.00606852 -0.00146677
v -0.00132848 -0.00608620 -0.00047971
v -0.00034164 -0.00606559 -0.00179795
v -0.00001270 -0.00597147 -0.00210966
v 0.00031625 -0.00597205 -0.00211615
v 0.00586987 -0.00598506 -0.00212589
v 0.00557611 -0.00588363 -0.00230447
v 0.00586987 -0.00504718 -0.00239214
v -0.00018126 -0.00488260 -0.00229148
v -0.00001270 -0.00488056 -0.00229148
v -0.00001270 -0.00487383 -0.00212589
v 0.00031625 -0.00504718 -0.00236616
v -0.00248961 -0.00473425 0.00313735
v -0.00099954 -0.00487193 -0.00179795
v -0.00129821 -0.00487676 -0.00177198
v -0.00163206 -0.00487471 -0.00144404
v -0.00183090 -0.00487836 -0.00131416
v -0.00216721 -0.00487296 -0.00071673
v -0.00248961 -0.00597191 0.00313410
v -0.00230795 -0.00570444 -0.00015177
v -0.00220403 -0.00592207 -0.00015177
v -0.00198637 -0.00599997 -0.00047971
v -0.00198637 -0.00602540 -0.00015177
v -0.00165743 -0.00601751 -0.00113883
v -0.00132848 -0.00603183 -0.00146677
v -0.00067059 -0.00604630 -0.00179795
v -0.00034164 -0.00596694 -0.00209342
v -0.00001270 -0.00584271 -0.00227200
v 0.00031625 -0.00585367 -0.00227850
v 0.00130390 -0.00586083 -0.00228499
v 0.00241921 -0.00586916 -0.00229148
v 0.00586987 -0.00587998 -0.00230122
v 0.00557611 -0.00570444 -0.00238565
v 0.00586987 -0.00537603 -0.00245383
v 0.00557611 -0.00537603 -0.00246357
v -0.00001270 -0.00504718 -0.00235642
v -0.00031137 -0.00502891 -0.00233045
v -0.00057485 -0.00512625 -0.00231421
v -0.00116728 -0.00488158 -0.00196355
v -0.00099954 -0.00487851 -0.00197329
v -0.00067059 -0.00487603 -0.00200576
v 0.00031625 -0.00537603 -0.00242461
v -0.00248961 -0.00475135 0.00299124
v -0.00150523 -0.00487836 -0.00164210
v -0.00173271 -0.00504718 -0.00154469
v -0.00188245 -0.00504718 -0.00137910
v -0.00217294 -0.00512595 -0.00101870
v -0.00208784 -0.00490672 -0.00093103
v -0.00221058 -0.00502861 -0.00082063
v -0.00228422 -0.00504718 -0.00047971
v -0.00248961 -0.00590950 0.00305293
v -0.00237996 -0.00537588 -0.00015177
v -0.00234396 -0.00537588 -0.00047971
v -0.00226622 -0.00570444 -0.00047971
v -0.00217621 -0.00589532 -0.00047971
v -0.00199456 -0.00594750 -0.00078167
v -0.00187673 -0.00591505 -0.00113883
v -0.00163779 -0.00592324 -0.00144079
v -0.00132848 -0.00593025 -0.00172652
v -0.00102490 -0.00597220 -0.00182393
v -0.00067059 -0.00594487 -0.00205446
v -0.00034164 -0.00581187 -0.00225577
v -0.00034164 -0.00564744 -0.00233694
v -0.00001270 -0.00567828 -0.00234993
v 0.00031625 -0.00568924 -0.00235318
v 0.00586987 -0.00570444 -0.00237915
v -0.00001270 -0.00537603 -0.00241162
v -0.00034164 -0.00537603 -0.00238240
v -0.00060677 -0.00537603 -0.00232720
v -0.00099954 -0.00537588 -0.00215836
v -0.00128102 -0.00537588 -0.00203173
v -0.00122702 -0.00504718 -0.00199926
v -0.00139149 -0.00504718 -0.00187263
v -0.00156905 -0.00504718 -0.00170704
v -0.00231777 -0.00504718 -0.00015177
v -0.00248961 -0.00481289 0.00286136
v -0.00179162 -0.00537588 -0.00160314
v -0.00192582 -0.00537588 -0.00143755
v -0.00217703 -0.00537588 -0.00102844
v -0.00226377 -0.00537588 -0.00081089
v -0.00209029 -0.00537588 -0.00119403
v -0.00248961 -0.00585601 0.00298475
v -0.00248961 -0.00571190 0.00282565
v -0.00239306 -0.00537588 0.00017617
v -0.00248961 -0.00495349 0.00277370
v -0.00219258 -0.00569202 -0.00078167
v -0.00215412 -0.00587281 -0.00065504
v -0.00182681 -0.00587325 -0.00131092
v -0.00151587 -0.00588641 -0.00165184
v -0.00115174 -0.00585908 -0.00195381
v -0.00093244 -0.00590775 -0.00200251
v -0.00067632 -0.00570605 -0.00221356
v -0.00057158 -0.00559760 -0.00231421
v -0.00123929 -0.00563984 -0.00200900
v -0.00144550 -0.00537588 -0.00192458
v -0.00162715 -0.00537588 -0.00175899
v -0.00174253 -0.00570444 -0.00154145
v -0.00157806 -0.00570444 -0.00171029
v -0.00187591 -0.00570444 -0.00137261
v -0.00216394 -0.00557422 -0.00100246
v -0.00248961 -0.00537588 0.00271201
v -0.00248961 -0.00528906 0.00271850
v -0.00248961 -0.00504718 0.00273798
v -0.00210993 -0.00579345 -0.00087583
v -0.00203792 -0.00569202 -0.00112260
v -0.00134076 -0.00573163 -0.00188887
v -0.00102490 -0.00573163 -0.00206420
f 130 131 151
f 130 151 180
f 130 180 211
f 130 211 232
f 130 232 258
f 130 258 292
f 130 292 260
f 130 260 234
f 130 234 213
f 130 213 201
f 130 201 200
f 130 200 199
f 130 199 198
f 130 198 197
f 130 197 196
f 130 196 185
f 130 185 181
f 130 181 152
f 130 152 132
f 130 132 133
f 130 133 134
f 130 134 131
f 131 134 135
f 131 135 136
f 131 136 137
f 131 137 138
f 131 138 139
f 131 139 140
f 131 140 141
f 131 141 142
f 131 142 143
f 131 143 144
f 131 144 145
f 131 145 146
f 131 146 147
f 131 147 148
f 131 148 149
f 131 149 150
f 131 150 175
f 131 175 174
f 131 174 173
f 131 173 172
f 131 172 171
f 131 171 176
f 131 176 151
f 132 152 133
f 133 152 153
f 133 153 154
f 133 154 155
f 133 155 134
f 134 155 135
f 135 155 136
f 136 155 137
f 137 155 156
f 137 156 157
f 137 157 138
f 138 157 139
f 139 157 140
f 140 158 141
f 140 157 158
f 141 158 159
f 141 159 142
f 142 159 143
f 143 159 144
f 144 159 160
f 144 160 145
f 145 160 161
f 145 161 146
f 146 161 162
f 146 162 147
f 147 162 148
f 148 162 163
f 148 163 164
f 148 164 149
f 149 164 165
f 149 165 166
f 149 166 167
f 149 167 168
f 149 168 169
f 149 169 170
f 149 170 171
f 149 171 172
f 149 172 173
f 149 173 174
f 149 174 175
f 149 175 150
f 151 176 177
f 151 177 178
f 151 178 179
f 151 179 180
f 152 181 153
f 153 182 154
f 153 181 183
f 153 183 184
f 153 184 185
f 153 185 182
f 154 182 186
f 154 186 187
f 154 187 156
f 154 156 155
f 156 187 157
f 157 187 186
f 157 186 188
f 157 188 158
f 158 188 159
f 159 188 189
f 159 189 160
f 160 189 161
f 161 189 162
f 162 189 163
f 163 189 190
f 163 190 191
f 163 191 164
f 164 191 165
f 165 192 212
f 165 212 221
f 165 221 220
f 165 220 219
f 165 219 218
f 165 218 217
f 165 217 216
f 165 216 239
f 165 239 269
f 165 269 302
f 165 302 311
f 165 311 329
f 165 329 328
f 165 328 327
f 165 327 309
f 165 309 308
f 165 308 277
f 165 277 245
f 165 245 222
f 165 222 202
f 165 202 170
f 165 170 166
f 165 191 190
f 165 190 193
f 165 193 189
f 165 189 188
f 165 188 194
f 165 194 195
f 165 195 182
f 165 182 185
f 165 185 196
f 165 196 197
f 165 197 198
f 165 198 199
f 165 199 200
f 165 200 201
f 165 201 192
f 166 170 167
f 167 170 168
f 168 170 169
f 170 202 176
f 170 176 171
f 176 202 203
f 176 203 177
f 177 203 204
f 177 204 205
f 177 205 206
f 177 206 207
f 177 207 208
f 177 208 209
f 177 209 179
f 177 179 178
f 179 209 210
f 179 210 180
f 180 210 211
f 181 185 183
f 182 195 186
f 183 185 184
f 186 194 188
f 186 195 194
f 189 193 190
f 192 201 212
f 201 213 214
f 201 214 215
f 201 215 216
f 201 216 217
f 201 217 218
f 201 218 219
f 201 219 220
f 201 220 221
f 201 221 212
f 202 222 223
f 202 223 224
f 202 224 203
f 203 224 204
f 204 225 226
f 204 226 227
f 204 227 205
f 204 224 228
f 204 228 223
f 204 223 225
f 205 227 229
f 205 229 206
f 206 229 230
f 206 230 231
f 206 231 210
f 206 210 207
f 207 210 208
f 208 210 209
f 210 232 211
f 210 231 233
f 210 233 232
f 213 234 214
f 214 235 236
f 214 236 237
f 214 237 215
f 214 234 238
f 214 238 235
f 215 237 216
f 216 237 240
f 216 240 241
f 216 241 242
f 216 242 243
f 216 243 244
f 216 244 239
f 222 245 246
f 222 246 247
f 222 247 248
f 222 248 249
f 222 249 225
f 222 225 223
f 223 228 224
f 225 250 251
f 225 251 226
f 225 249 248
f 225 248 250
f 226 251 227
f 227 251 252
f 227 252 229
f 229 252 253
f 229 253 230
f 230 253 254
f 230 254 255
f 230 255 231
f 231 255 256
f 231 256 257
f 231 257 233
f 232 233 258
f 233 257 259
f 233 259 258
f 234 260 261
f 234 261 238
f 235 238 262
f 235 262 263
f 235 263 264
f 235 264 265
f 235 265 266
f 235 266 236
f 236 266 267
f 236 267 237
f 237 267 240
f 238 261 268
f 238 268 262
f 239 244 269
f 240 267 266
f 240 266 241
f 241 270 242
f 241 266 265
f 241 265 270
f 242 270 243
f 243 270 271
f 243 271 272
f 243 272 273
f 243 273 274
f 243 274 244
f 244 274 275
f 244 275 276
f 244 276 269
f 245 277 278
f 245 278 246
f 246 278 279
f 246 279 280
f 246 280 281
f 246 281 247
f 247 281 248
f 248 281 282
f 248 282 250
f 250 282 283
f 250 283 284
f 250 284 251
f 251 285 286
f 251 286 252
f 251 284 285
f 252 286 287
f 252 287 253
f 253 287 288
f 253 288 254
f 254 288 289
f 254 289 290
f 254 290 255
f 255 290 291
f 255 291 256
f 256 291 257
f 257 291 259
f 258 259 292
f 259 261 292
f 259 291 261
f 260 292 261
f 261 291 268
f 262 268 293
f 262 293 263
f 263 293 294
f 263 294 264
f 264 294 295
f 264 295 296
f 264 296 297
f 264 297 298
f 264 298 265
f 265 298 299
f 265 299 300
f 265 300 270
f 268 291 290
f 268 290 293
f 269 276 301
f 269 301 278
f 269 278 302
f 270 300 271
f 271 300 303
f 271 303 272
f 272 304 273
f 272 303 304
f 273 305 306
f 273 306 275
f 273 275 274
f 273 304 307
f 273 307 305
f 275 306 279
f 275 279 276
f 276 279 278
f 276 278 301
f 277 308 278
f 278 308 309
f 278 309 310
f 278 310 311
f 278 311 302
f 279 306 280
f 280 306 312
f 280 312 313
f 280 313 281
f 281 313 282
f 282 313 283
f 283 314 284
f 283 313 314
f 284 314 315
f 284 315 285
f 285 315 316
f 285 316 317
f 285 317 286
f 286 317 287
f 287 317 288
f 288 318 319
f 288 319 289
f 288 317 318
f 289 319 294
f 289 294 293
f 289 293 290
f 294 319 295
f 295 319 296
f 296 320 297
f 296 319 320
f 297 320 321
f 297 321 298
f 298 321 299
f 299 321 322
f 299 322 300
f 300 322 303
f 303 323 304
f 303 322 324
f 303 324 323
f 304 325 326
f 304 326 307
f 304 323 325
f 305 326 306
f 305 307 326
f 306 326 312
f 309 327 310
f 310 327 328
f 310 328 329
f 310 329 311
f 312 326 330
f 312 330 313
f 313 330 314
f 314 325 323
f 314 323 315
f 314 330 331
f 314 331 325
f 315 323 324
f 315 324 332
f 315 332 316
f 316 332 320
f 316 320 333
f 316 333 319
f 316 319 318
f 316 318 317
f 319 333 320
f 320 332 324
f 320 324 321
f 321 324 322
f 325 331 326
f 326 331 330

o geometry_2
v 0.00807933 0.00481863 0.00641896
v 0.00804208 0.00465204 -0.00032287
v 0.00804208 0.00499097 -0.00032397
v 0.00804622 0.00532107 0.00641896
v 0.00586833 0.00532641 0.00774336
v 0.00586833 0.00496447 0.00774336
v 0.00806071 0.00458487 0.00641896
v 0.00801829 0.00516825 -0.00015471
v 0.00804208 0.00531142 0.00457138
v -0.00076363 0.00533073 0.00876332
v 0.00733854 0.00608049 0.00674868
v 0.00586833 0.00622962 0.00744771
v -0.00076363 0.00496920 0.00876332
v 0.00733854 0.00429667 0.00674868
v 0.00801001 0.00442054 0.00641896
v 0.00799760 0.00448421 -0.00015471
v 0.00795104 0.00481863 -0.00081197
v 0.00789258 0.00514709 -0.00097683
v 0.00786930 0.00547534 -0.00081197
v 0.00791483 0.00547534 -0.00015471
v 0.00795931 0.00548561 0.00641896
v -0.00165652 0.00533073 0.00876332
v 0.00779481 0.00571855 0.00641896
v 0.00744304 0.00601455 0.00641896
v 0.00741717 0.00599607 -0.00114170
v 0.00722059 0.00610247 -0.00114170
v 0.00721956 0.00613729 0.00674814
v 0.00031652 0.00622962 0.00743782
v 0.00689054 0.00619922 0.00674868
v 0.00586833 0.00622962 0.00682452
v -0.00249043 0.00479501 0.00876332
v 0.00754857 0.00415206 0.00641896
v 0.00784551 0.00419335 0.00641896
v 0.00783309 0.00419910 -0.00015471
v 0.00780826 0.00422108 -0.00064711
v 0.00791586 0.00448935 -0.00081197
v 0.00775032 0.00481863 -0.00136591
v 0.00770790 0.00562899 -0.00129447
v 0.00775032 0.00568271 -0.00094386
v 0.00777101 0.00569883 -0.00048224
v -0.00189448 0.00532107 0.00876332
v -0.00076363 0.00622962 0.00740155
v 0.00689158 0.00616923 -0.00147033
v -0.00001249 0.00619594 -0.00114170
v -0.00249043 0.00516147 0.00876332
v 0.00754857 0.00413111 -0.00015471
v 0.00754857 0.00414877 0.00608923
v 0.00754857 0.00413912 -0.00048224
v 0.00754857 0.00417075 -0.00081197
v 0.00771928 0.00431783 -0.00117247
v 0.00773687 0.00457603 -0.00134503
v 0.00774566 0.00527855 -0.00135767
v 0.00737371 0.00595457 -0.00160222
v -0.00163169 0.00619984 0.00727075
v -0.00249043 0.00619984 0.00702236
v 0.00703229 0.00605061 -0.00177587
v 0.00656360 0.00614828 -0.00179785
v 0.00572193 0.00617293 -0.00179895
v -0.00249043 0.00619984 0.00621013
v -0.00099953 0.00619532 -0.00064820
v -0.00017700 0.00616759 -0.00179895
v -0.00249043 0.00480589 0.00526491
v -0.00249043 0.00482151 0.00346020
v -0.00249043 0.00483362 0.00313377
v -0.00216659 0.00497290 -0.00071635
v -0.00183137 0.00497824 -0.00131865
v -0.00116714 0.00498152 -0.00196492
v 0.00740786 0.00429277 -0.00141097
v 0.00744510 0.00454707 -0.00170443
v 0.00747718 0.00481863 -0.00173850
v 0.00746890 0.00547534 -0.00173521
v 0.00743476 0.00573540 -0.00169564
v 0.00703332 0.00594759 -0.00194733
v 0.00656360 0.00604701 -0.00206603
v 0.00574056 0.00608748 -0.00212703
v -0.00249043 0.00616348 0.00346020
v -0.00165652 0.00616451 -0.00081307
v -0.00066948 0.00614643 -0.00179895
v 0.00015201 0.00607187 -0.00211329
v -0.00229954 0.00514709 -0.00031903
v -0.00217280 0.00522556 -0.00102300
v -0.00152305 0.00514709 -0.00175197
v -0.00122922 0.00514709 -0.00200229
v -0.00058775 0.00522576 -0.00231663
v -0.00018114 0.00498235 -0.00229245
v 0.00709747 0.00463499 -0.00198360
v 0.00721800 0.00481863 -0.00195832
v 0.00723663 0.00514729 -0.00196986
v 0.00722938 0.00547534 -0.00196492
v 0.00711299 0.00572841 -0.00200338
v 0.00648911 0.00571260 -0.00231992
v 0.00608664 0.00597224 -0.00229465
v 0.00557553 0.00598415 -0.00230564
v -0.00198553 0.00612589 -0.00015471
v -0.00220487 0.00602318 -0.00015471
v -0.00228816 0.00580442 -0.00031903
v -0.00050549 0.00605595 -0.00207318
v -0.00132854 0.00613185 -0.00147033
v -0.00165652 0.00611747 -0.00114170
v -0.00198967 0.00607392 -0.00063447
v 0.00015201 0.00594862 -0.00227706
v -0.00249043 0.00531142 0.00272381
v -0.00237662 0.00547575 -0.00015471
v -0.00230264 0.00547575 -0.00064820
v -0.00213400 0.00547575 -0.00111642
v -0.00185827 0.00547575 -0.00152143
v -0.00144856 0.00547575 -0.00192755
v -0.00128405 0.00547575 -0.00203746
v -0.00057016 0.00569739 -0.00231443
v -0.00017700 0.00547575 -0.00239796
v 0.00031652 0.00514709 -0.00236718
v 0.00650566 0.00496160 -0.00231333
v 0.00672500 0.00514729 -0.00229025
v 0.00671155 0.00547534 -0.00227926
v 0.00557553 0.00580442 -0.00238587
v -0.00215417 0.00597286 -0.00065810
v -0.00034150 0.00591185 -0.00225728
v -0.00151581 0.00598621 -0.00165497
v -0.00182620 0.00597347 -0.00131316
v 0.00048102 0.00579158 -0.00235510
v -0.00017700 0.00576292 -0.00234246
v -0.00216452 0.00567439 -0.00100761
v -0.00187482 0.00580442 -0.00137580
v -0.00124060 0.00573992 -0.00201328
v 0.00031652 0.00547575 -0.00242434
v 0.00557553 0.00547575 -0.00246391
v 0.00605094 0.00514719 -0.00238972
v 0.00623356 0.00547534 -0.00241555
v -0.00115162 0.00595909 -0.00195613
f 334 335 336
f 334 336 337
f 334 337 338
f 334 338 339
f 334 339 340
f 334 340 335
f 336 341 342
f 336 342 337
f 338 343 346
f 338 346 339
f 338 337 344
f 338 344 345
f 338 345 343
f 339 346 347
f 339 347 348
f 339 348 340
f 340 348 349
f 340 349 335
f 336 335 350
f 336 350 351
f 341 336 352
f 341 352 353
f 342 354 337
f 342 341 353
f 342 353 354
f 337 354 344
f 343 355 374
f 343 374 378
f 343 378 364
f 343 364 346
f 343 345 355
f 344 354 356
f 344 356 357
f 344 357 358
f 344 358 359
f 344 359 360
f 344 360 345
f 345 361 355
f 345 360 362
f 345 362 363
f 345 363 375
f 345 375 361
f 346 364 347
f 347 364 365
f 347 365 366
f 347 366 348
f 348 366 367
f 348 367 349
f 349 367 368
f 349 368 369
f 349 369 335
f 335 369 350
f 350 369 370
f 350 370 351
f 351 371 352
f 351 352 336
f 352 371 372
f 352 372 353
f 353 372 373
f 353 373 354
f 354 373 356
f 355 361 375
f 355 375 374
f 356 373 357
f 357 373 358
f 359 376 360
f 360 376 362
f 362 376 363
f 363 376 377
f 363 377 375
f 364 378 388
f 364 388 392
f 364 392 409
f 364 409 435
f 364 435 397
f 364 397 396
f 364 396 395
f 364 379 380
f 364 380 365
f 365 380 366
f 366 380 379
f 367 366 379
f 367 379 381
f 367 381 368
f 368 381 382
f 369 368 383
f 369 383 384
f 369 384 370
f 370 385 351
f 351 385 371
f 372 371 386
f 372 386 358
f 372 358 373
f 374 375 387
f 374 387 388
f 374 388 378
f 358 386 359
f 359 386 389
f 359 389 376
f 376 389 390
f 376 390 391
f 376 391 377
f 375 392 388
f 375 377 393
f 375 393 392
f 377 391 394
f 364 395 379
f 379 395 396
f 379 396 381
f 381 396 397
f 381 397 398
f 381 398 399
f 381 399 400
f 381 400 382
f 382 401 383
f 382 383 368
f 382 400 401
f 384 383 402
f 384 402 403
f 384 403 370
f 371 385 405
f 371 405 386
f 386 405 406
f 386 406 389
f 375 388 387
f 389 406 407
f 389 407 390
f 390 407 408
f 390 408 391
f 392 393 410
f 392 410 409
f 377 394 411
f 377 411 393
f 393 411 410
f 391 408 394
f 394 408 412
f 397 413 398
f 398 413 414
f 399 398 414
f 399 414 415
f 399 415 400
f 400 415 416
f 400 416 417
f 400 417 418
f 400 418 401
f 401 418 419
f 401 419 402
f 401 402 383
f 402 419 420
f 402 420 403
f 403 404 385
f 403 385 370
f 403 420 421
f 403 421 404
f 404 405 385
f 404 422 405
f 405 422 423
f 405 423 406
f 406 423 424
f 406 424 425
f 406 425 407
f 407 425 408
f 408 425 426
f 409 410 427
f 409 427 428
f 409 428 429
f 394 412 430
f 394 430 411
f 411 431 410
f 410 431 432
f 410 432 433
f 410 433 427
f 408 426 412
f 412 426 434
f 412 434 430
f 397 435 436
f 397 436 413
f 413 437 414
f 413 436 437
f 414 437 438
f 414 438 439
f 414 439 415
f 415 439 440
f 415 440 416
f 416 440 441
f 416 441 417
f 417 441 442
f 417 442 443
f 417 443 444
f 417 444 418
f 419 418 445
f 419 445 446
f 419 446 420
f 404 421 422
f 423 422 447
f 423 447 424
f 425 424 448
f 426 425 448
f 427 433 428
f 428 433 449
f 428 449 429
f 429 437 436
f 429 436 409
f 411 430 431
f 430 434 450
f 431 451 432
f 432 452 433
f 432 451 452
f 426 448 453
f 426 453 434
f 434 453 454
f 434 454 450
f 436 435 409
f 437 429 455
f 437 455 438
f 438 455 439
f 439 455 456
f 439 456 457
f 439 457 440
f 440 457 441
f 441 457 442
f 443 442 454
f 444 443 458
f 444 458 459
f 418 444 445
f 445 444 460
f 445 460 446
f 420 446 421
f 422 421 446
f 422 446 447
f 424 447 461
f 424 461 448
f 448 461 459
f 429 449 455
f 431 430 462
f 450 462 430
f 450 454 442
f 450 442 462
f 431 462 451
f 451 462 457
f 451 457 456
f 451 456 452
f 452 449 433
f 448 459 453
f 453 459 458
f 453 458 454
f 454 458 443
f 456 455 452
f 457 462 442
f 459 460 444
f 460 459 461
f 460 461 446
f 446 461 447
f 452 455 449

o geometry_3
v -0.00076559 0.00765888 0.02909353
v -0.00076559 0.00733048 0.02909353
v -0.00076559 0.00765956 0.02844501
v -0.00100073 0.00763699 0.02909353
v -0.00485689 0.00526001 0.02986164
v -0.00418436 0.00526001 0.02986164
v -0.00495397 0.00423101 0.02986164
v -0.00249091 0.00526035 0.00353045
v -0.00249091 0.00526035 0.00273310
v -0.00076559 0.00736820 0.00856971
v -0.00076559 0.00766225 0.02483036
v -0.00100073 0.00765316 0.00856971
v -0.00119338 0.00761813 0.02713204
v -0.00118782 0.00761712 0.02909353
v -0.00486953 0.00524485 0.02986164
v -0.00198727 0.00742647 0.02909353
v -0.00229420 0.00733216 0.02909353
v -0.00249141 0.00724459 0.02910947
v -0.00297482 0.00704115 0.02910947
v -0.00314624 0.00695963 0.02910947
v -0.00331007 0.00686633 0.02910947
v -0.00358111 0.00670129 0.02910947
v -0.00495246 0.00526001 0.02977127
v -0.00497976 0.00519029 0.02980051
v -0.00553599 0.00423101 0.02986164
v -0.00555672 0.00423101 0.00379092
v -0.00593040 0.00423101 0.00379092
v -0.00428751 0.00526035 0.00287928
v -0.00249091 0.00547625 0.00270918
v -0.00076559 0.00767202 0.00856971
v -0.00249091 0.00727591 0.00726737
v -0.00124193 0.00762554 0.00856971
v -0.00198727 0.00745544 0.00856971
v -0.00503690 0.00503737 0.02986164
v -0.00229825 0.00733351 0.02812076
v -0.00231595 0.00737662 0.00856971
v -0.00231595 0.00737629 0.00872652
v -0.00248029 0.00728400 0.02338981
v -0.00247978 0.00728332 0.02361041
v -0.00249141 0.00727928 0.02340044
v -0.00322411 0.00700005 0.00740824
v -0.00335710 0.00689631 0.01563424
v -0.00358161 0.00670129 0.02910681
v -0.00374646 0.00658340 0.02910947
v -0.00511427 0.00526001 0.02948157
v -0.00518455 0.00508486 0.02968091
v -0.00412773 0.00630181 0.02910947
v -0.00429257 0.00616035 0.02910947
v -0.00448068 0.00599631 0.02910947
v -0.00552132 0.00426098 0.02986164
v -0.00561083 0.00423101 0.02978190
v -0.00593040 0.00423101 0.00379358
v -0.00583231 0.00445095 0.00379358
v -0.00583332 0.00444860 0.00379092
v -0.00517242 0.00526035 0.00325404
v -0.00498431 0.00526035 0.00308394
v -0.00481694 0.00526035 0.00295902
v -0.00460911 0.00526035 0.00291649
v -0.00428751 0.00547625 0.00289257
v -0.00428751 0.00571776 0.00294041
v -0.00395884 0.00575919 0.00292181
v -0.00249091 0.00581308 0.00282613
v -0.00249091 0.00587270 0.00286599
v -0.00249091 0.00606806 0.00313178
v -0.00249091 0.00611656 0.00328327
v -0.00395884 0.00616708 0.00346135
v -0.00428751 0.00615698 0.00346135
v -0.00249091 0.00728804 0.00734445
v -0.00249141 0.00729848 0.00742418
v -0.00249141 0.00730320 0.00746405
v -0.00249141 0.00731802 0.00774047
v -0.00514107 0.00489759 0.02986164
v -0.00252984 0.00730454 0.00774047
v -0.00251467 0.00729781 0.00747734
v -0.00319529 0.00698490 0.00713980
v -0.00454692 0.00605761 0.00346135
v -0.00457321 0.00607580 0.00379358
v -0.00381978 0.00664268 0.00708132
v -0.00382332 0.00664571 0.00740824
v -0.00337328 0.00690035 0.01135778
v -0.00398766 0.00652917 0.00742418
v -0.00512893 0.00526001 0.02943639
v -0.00522248 0.00513673 0.02943639
v -0.00547581 0.00471267 0.02964901
v -0.00420964 0.00636615 0.00708132
v -0.00437449 0.00623377 0.00708132
v -0.00465412 0.00583935 0.02680513
v -0.00464552 0.00583059 0.02910947
v -0.00456209 0.00606940 0.00708132
v -0.00473098 0.00591615 0.00576569
v -0.00539946 0.00448935 0.02986164
v -0.00553498 0.00448935 0.02971546
v -0.00575443 0.00423101 0.02949486
v -0.00582523 0.00423101 0.02154527
v -0.00547076 0.00502491 0.00774047
v -0.00547784 0.00503400 0.00576569
v -0.00548391 0.00504107 0.00412315
v -0.00548492 0.00504276 0.00379358
v -0.00583231 0.00445062 0.00379092
v -0.00581815 0.00423101 0.02267219
v -0.00581511 0.00423101 0.02314263
v -0.00576758 0.00432532 0.02306024
v -0.00549452 0.00474298 0.02943639
v -0.00554206 0.00481809 0.01562892
v -0.00526091 0.00526035 0.00346135
v -0.00512994 0.00533411 0.00327264
v -0.00469154 0.00554126 0.00304141
v -0.00479014 0.00532232 0.00296699
v -0.00447309 0.00566487 0.00296168
v -0.00459597 0.00544964 0.00294307
v -0.00428751 0.00588179 0.00302812
v -0.00395884 0.00592356 0.00299889
v -0.00395884 0.00606873 0.00316367
v -0.00428751 0.00605424 0.00319025
v -0.00449736 0.00601551 0.00324607
v -0.00250506 0.00729410 0.00742418
v -0.00536457 0.00454762 0.02986164
v -0.00471126 0.00589223 0.00346135
v -0.00473755 0.00592322 0.00379358
v -0.00398412 0.00653052 0.00708132
v -0.00398766 0.00652917 0.00740824
v -0.00480379 0.00566656 0.02910947
v -0.00509758 0.00530346 0.02910681
v -0.00510921 0.00531188 0.02728885
v -0.00538682 0.00490702 0.02943639
v -0.00543941 0.00498314 0.01617910
v -0.00576657 0.00423101 0.02943639
v -0.00480480 0.00566791 0.02877724
v -0.00546216 0.00501413 0.01004215
v -0.00535041 0.00520713 0.00379358
v -0.00548492 0.00504242 0.00379092
v -0.00511579 0.00531963 0.02548950
v -0.00514815 0.00535769 0.01596116
v -0.00544143 0.00498617 0.01562892
v -0.00545104 0.00499964 0.01299767
v -0.00485537 0.00572752 0.00346135
v -0.00527760 0.00526035 0.00357829
v -0.00488167 0.00575885 0.00379358
v -0.00481289 0.00567767 0.00326201
v -0.00459496 0.00578108 0.00314507
v -0.00487155 0.00574706 0.00708132
v -0.00497572 0.00547827 0.02680513
v -0.00501111 0.00552475 0.01530467
v -0.00530490 0.00526035 0.00388395
v -0.00530591 0.00525934 0.00379092
v -0.00516686 0.00537891 0.01004481
v -0.00504499 0.00556450 0.00412049
v -0.00517899 0.00539306 0.00609261
f 463 464 472
f 463 472 492
f 463 492 473
f 463 473 465
f 463 465 466
f 463 466 467
f 463 467 468
f 463 468 464
f 464 468 469
f 464 469 470
f 464 470 471
f 464 471 472
f 465 473 474
f 465 474 466
f 466 475 476
f 466 476 467
f 466 474 475
f 467 477 496
f 467 496 534
f 467 534 579
f 467 579 553
f 467 553 512
f 467 512 487
f 467 487 469
f 467 469 468
f 467 476 478
f 467 478 479
f 467 479 480
f 467 480 481
f 467 481 482
f 467 482 483
f 467 483 484
f 467 484 485
f 467 485 486
f 467 486 477
f 469 487 513
f 469 513 555
f 469 555 589
f 469 589 563
f 469 563 562
f 469 562 556
f 469 556 514
f 469 514 489
f 469 489 488
f 469 488 471
f 469 471 470
f 471 488 489
f 471 489 490
f 471 490 491
f 471 491 472
f 472 491 492
f 473 492 474
f 474 493 494
f 474 494 475
f 474 492 493
f 475 494 495
f 475 495 476
f 476 495 478
f 477 486 496
f 478 497 479
f 478 495 498
f 478 498 499
f 478 499 497
f 479 497 500
f 479 500 501
f 479 501 481
f 479 481 480
f 481 501 502
f 481 502 503
f 481 503 482
f 482 504 483
f 482 503 504
f 483 504 505
f 483 505 484
f 484 505 506
f 484 506 485
f 485 507 508
f 485 508 486
f 485 506 509
f 485 509 510
f 485 510 511
f 485 511 507
f 486 508 496
f 487 512 513
f 489 514 515
f 489 515 516
f 489 516 517
f 489 517 518
f 489 518 519
f 489 519 520
f 489 520 490
f 490 520 521
f 490 521 491
f 491 521 522
f 491 522 523
f 491 523 524
f 491 524 492
f 492 524 525
f 492 525 526
f 492 526 527
f 492 527 528
f 492 528 493
f 493 528 529
f 493 529 530
f 493 530 494
f 494 530 531
f 494 531 532
f 494 532 533
f 494 533 495
f 495 533 498
f 496 508 534
f 497 499 500
f 498 533 499
f 499 533 500
f 500 502 501
f 500 533 535
f 500 535 502
f 502 535 503
f 503 535 536
f 503 536 537
f 503 537 538
f 503 538 539
f 503 539 540
f 503 540 541
f 503 541 542
f 503 542 504
f 504 542 541
f 504 541 505
f 505 541 543
f 505 543 506
f 506 543 509
f 507 544 508
f 507 511 544
f 508 544 545
f 508 545 546
f 508 546 534
f 509 543 547
f 509 547 548
f 509 548 510
f 510 548 511
f 511 549 550
f 511 550 544
f 511 548 551
f 511 551 552
f 511 552 549
f 512 553 554
f 512 554 513
f 513 554 546
f 513 546 555
f 514 556 515
f 515 557 558
f 515 558 559
f 515 559 560
f 515 560 593
f 515 593 561
f 515 561 516
f 515 556 562
f 515 562 563
f 515 563 564
f 515 564 565
f 515 565 566
f 515 566 557
f 516 561 517
f 517 561 567
f 517 567 568
f 517 568 518
f 518 568 569
f 518 569 570
f 518 570 519
f 519 570 571
f 519 571 572
f 519 572 520
f 520 572 521
f 521 572 571
f 521 571 522
f 522 571 573
f 522 573 574
f 522 574 523
f 523 574 524
f 524 574 525
f 525 574 575
f 525 575 526
f 526 575 528
f 526 528 527
f 528 575 529
f 529 575 576
f 529 576 577
f 529 577 538
f 529 538 536
f 529 536 578
f 529 578 530
f 530 578 531
f 531 578 536
f 531 536 532
f 532 536 533
f 533 536 535
f 534 546 579
f 536 538 537
f 538 577 580
f 538 580 581
f 538 581 539
f 539 581 551
f 539 551 548
f 539 548 547
f 539 547 582
f 539 582 541
f 539 541 540
f 541 582 583
f 541 583 543
f 543 583 547
f 544 550 584
f 544 584 585
f 544 585 586
f 544 586 545
f 545 587 546
f 545 586 588
f 545 588 587
f 546 587 565
f 546 565 589
f 546 589 555
f 546 554 553
f 546 553 579
f 547 583 582
f 549 584 550
f 549 552 584
f 551 581 552
f 552 581 590
f 552 590 584
f 557 566 591
f 557 591 586
f 557 586 558
f 558 560 559
f 558 586 560
f 560 592 593
f 560 586 594
f 560 594 595
f 560 595 592
f 561 593 567
f 563 589 564
f 564 589 565
f 565 587 588
f 565 588 596
f 565 596 597
f 565 597 566
f 566 597 591
f 567 598 568
f 567 593 599
f 567 599 600
f 567 600 598
f 568 601 577
f 568 577 602
f 568 602 569
f 568 598 580
f 568 580 601
f 569 571 570
f 569 602 571
f 571 602 577
f 571 577 573
f 573 577 576
f 573 576 574
f 574 576 575
f 577 601 580
f 580 598 600
f 580 600 581
f 581 600 603
f 581 603 590
f 584 590 595
f 584 595 604
f 584 604 586
f 584 586 585
f 586 604 594
f 586 591 597
f 586 597 596
f 586 596 588
f 590 605 595
f 590 603 605
f 592 606 600
f 592 600 607
f 592 607 599
f 592 599 593
f 592 595 608
f 592 608 606
f 594 604 595
f 595 605 608
f 599 607 600
f 600 606 609
f 600 609 610
f 600 610 605
f 600 605 603
f 605 610 608
f 606 608 610
f 606 610 609

o geometry_4
v -0.00248930 -0.00463720 0.02976746
v -0.00512853 -0.00516246 0.02927479
v -0.00512698 -0.00516246 0.02943928
v -0.00248930 -0.00463749 0.03042558
v 0.00275737 -0.00523312 0.02967374
v -0.00462660 -0.00516246 0.02927479
v -0.00248930 -0.00676568 0.02911191
v -0.00248930 -0.00714561 0.02911191
v -0.00479417 -0.00555611 0.02962127
v -0.00495088 -0.00516246 0.02977484
v -0.00076394 -0.00487780 0.03059713
v 0.00248662 -0.00523312 0.02996421
v 0.00277289 -0.00537616 0.02967374
v -0.00076471 -0.00723057 0.02911191
v -0.00480270 -0.00556584 0.02927479
v -0.00229147 -0.00723286 0.02911191
v -0.00297261 -0.00694020 0.02927479
v -0.00314561 -0.00685981 0.02927479
v -0.00358006 -0.00660061 0.02927479
v -0.00412699 -0.00620095 0.02927479
v -0.00447997 -0.00589627 0.02927479
v -0.00447997 -0.00589570 0.02943928
v -0.00446989 -0.00588654 0.02962415
v -0.00445049 -0.00553923 0.02993131
v -0.00476701 -0.00519593 0.02992056
v -0.00473288 -0.00516246 0.02996790
v -0.00424336 -0.00516246 0.03032986
v -0.00248930 -0.00475106 0.03066999
v 0.00073101 -0.00523312 0.03066766
v 0.00119958 -0.00523312 0.03060163
v 0.00172867 -0.00523312 0.03039284
v 0.00189236 -0.00523312 0.03031630
v 0.00249515 -0.00537616 0.02997223
v 0.00279306 -0.00612971 0.02967374
v -0.00076471 -0.00755929 0.02911191
v -0.00198658 -0.00732670 0.02911191
v -0.00228914 -0.00723029 0.02943928
v -0.00357850 -0.00659947 0.02943928
v -0.00412466 -0.00619895 0.02960522
v -0.00411380 -0.00586137 0.02992553
v -0.00380736 -0.00522339 0.03059842
v -0.00384382 -0.00516246 0.03060788
v -0.00362971 -0.00516246 0.03068203
v -0.00330853 -0.00516246 0.03073145
v -0.00297261 -0.00516246 0.03075103
v -0.00248930 -0.00504716 0.03074574
v 0.00031441 -0.00523312 0.03070129
v 0.00064412 -0.00537616 0.03070449
v 0.00097228 -0.00537616 0.03065250
v 0.00138810 -0.00537616 0.03056071
v 0.00162937 -0.00537616 0.03046763
v 0.00192184 -0.00537616 0.03033218
v 0.00249748 -0.00603330 0.02997287
v 0.00210571 -0.00603330 0.03023846
v 0.00266738 -0.00636230 0.02979811
v 0.00236172 -0.00673479 0.02979811
v -0.00076471 -0.00755500 0.02943928
v -0.00116813 -0.00751351 0.02960490
v -0.00118752 -0.00751695 0.02911191
v 0.00256653 -0.00659489 0.02979811
v -0.00198658 -0.00732298 0.02943928
v -0.00224027 -0.00721370 0.02964405
v -0.00314096 -0.00685752 0.02960715
v -0.00353971 -0.00657429 0.02966074
v -0.00364212 -0.00620538 0.02993966
v -0.00349239 -0.00588997 0.03027730
v -0.00307502 -0.00583276 0.03056103
v -0.00323095 -0.00561361 0.03063549
v -0.00362971 -0.00529348 0.03063725
v -0.00332482 -0.00540162 0.03068283
v -0.00297261 -0.00537616 0.03074654
v -0.00264445 -0.00516246 0.03075103
v 0.00031441 -0.00537616 0.03072889
v 0.00097228 -0.00603330 0.03066983
v 0.00124303 -0.00603330 0.03061591
v 0.00163015 -0.00636230 0.03046041
v 0.00194046 -0.00603330 0.03033940
v 0.00210028 -0.00636230 0.03024264
v 0.00249050 -0.00636230 0.02996645
v 0.00247343 -0.00654597 0.02995073
v -0.00076471 -0.00753182 0.02963170
v -0.00198658 -0.00725175 0.02969027
v -0.00198658 -0.00710298 0.02985476
v -0.00256028 -0.00683463 0.02991374
v -0.00314251 -0.00652995 0.02993516
v -0.00297261 -0.00673736 0.02981817
v -0.00336206 -0.00646444 0.02987996
v -0.00285702 -0.00589512 0.03061045
v -0.00296873 -0.00571575 0.03066213
v -0.00264445 -0.00570516 0.03072488
v -0.00231397 -0.00570459 0.03074766
v -0.00132716 -0.00603330 0.03074124
v 0.00031441 -0.00603330 0.03072889
v 0.00064412 -0.00603330 0.03071268
v 0.00122441 -0.00636230 0.03061206
v 0.00193659 -0.00636230 0.03033154
v 0.00188306 -0.00657315 0.03030217
v 0.00216855 -0.00673479 0.02995314
v 0.00196063 -0.00673479 0.03008649
v 0.00169764 -0.00673479 0.03022274
v 0.00129229 -0.00673479 0.03037359
v 0.00097228 -0.00673479 0.03044837
v 0.00064412 -0.00673479 0.03048769
v 0.00031518 -0.00673479 0.03049684
v -0.00076471 -0.00738449 0.02979603
v -0.00122398 -0.00719539 0.02994302
v -0.00165765 -0.00714732 0.02989857
v -0.00220536 -0.00622326 0.03061142
v -0.00242490 -0.00617062 0.03056552
v -0.00264445 -0.00595062 0.03064447
v -0.00198503 -0.00603330 0.03071637
v -0.00165610 -0.00603330 0.03073723
v -0.00034269 -0.00636230 0.03070369
v 0.00031518 -0.00636230 0.03070690
v 0.00064412 -0.00636230 0.03069422
v 0.00097228 -0.00636230 0.03065795
v 0.00118174 -0.00654082 0.03060083
v 0.00163015 -0.00662922 0.03035834
v 0.00064412 -0.00658001 0.03063260
v 0.00031518 -0.00658459 0.03063741
v -0.00076471 -0.00721999 0.02996790
v -0.00119295 -0.00653338 0.03059601
v -0.00198658 -0.00642438 0.03049363
v -0.00198658 -0.00626017 0.03063822
v -0.00165765 -0.00630623 0.03066020
v -0.00083570 -0.00636216 0.03068829
v -0.00034269 -0.00657572 0.03063164
v -0.00034269 -0.00673479 0.03048046
v -0.00067084 -0.00656342 0.03062185
f 611 612 613
f 611 613 614
f 611 614 615
f 612 611 616
f 612 616 617
f 612 617 618
f 613 619 620
f 613 620 614
f 615 621 622
f 615 622 623
f 615 623 624
f 615 624 616
f 615 616 611
f 615 614 621
f 612 625 613
f 612 618 625
f 613 625 619
f 616 624 617
f 617 624 645
f 617 645 669
f 617 669 646
f 617 646 626
f 617 626 618
f 618 626 627
f 618 627 628
f 618 628 629
f 618 629 630
f 618 630 631
f 618 631 625
f 619 625 632
f 619 632 633
f 619 633 634
f 619 634 635
f 619 635 620
f 620 635 636
f 620 636 614
f 614 636 637
f 614 637 638
f 614 638 621
f 621 639 640
f 621 640 641
f 621 641 642
f 621 642 622
f 621 638 639
f 622 643 623
f 623 643 644
f 624 623 644
f 624 644 645
f 626 646 647
f 626 647 627
f 628 648 629
f 629 648 649
f 629 649 630
f 631 632 625
f 633 632 649
f 633 649 650
f 633 650 634
f 634 650 651
f 634 651 637
f 634 637 635
f 636 635 637
f 637 651 652
f 637 652 638
f 638 652 653
f 638 653 654
f 638 654 655
f 638 655 656
f 638 656 657
f 638 657 639
f 639 657 658
f 639 658 640
f 640 658 659
f 640 660 661
f 640 661 641
f 641 661 662
f 641 662 642
f 642 662 622
f 622 662 643
f 643 663 644
f 644 663 665
f 645 666 667
f 645 667 668
f 645 668 669
f 645 644 670
f 645 670 666
f 646 669 668
f 646 668 671
f 646 671 647
f 647 671 672
f 647 672 673
f 647 673 627
f 627 673 628
f 628 673 648
f 648 673 649
f 630 649 631
f 631 649 632
f 649 673 674
f 650 675 676
f 650 676 651
f 651 676 677
f 651 677 678
f 651 678 679
f 651 679 652
f 652 679 653
f 653 679 680
f 653 680 681
f 653 681 654
f 654 681 655
f 655 681 682
f 655 682 656
f 656 682 683
f 656 683 657
f 657 683 658
f 658 684 659
f 640 659 684
f 640 684 685
f 640 685 660
f 660 685 661
f 661 685 686
f 661 686 687
f 661 687 662
f 643 662 664
f 643 664 663
f 664 662 687
f 664 687 688
f 664 688 663
f 644 665 670
f 665 663 689
f 665 689 690
f 665 690 670
f 666 691 667
f 667 691 668
f 670 690 666
f 671 668 672
f 672 668 692
f 672 692 693
f 672 693 694
f 673 696 695
f 674 673 697
f 649 674 675
f 649 675 650
f 675 674 697
f 676 675 677
f 678 680 679
f 678 677 698
f 678 698 699
f 678 699 680
f 680 699 700
f 680 700 681
f 681 700 701
f 681 701 682
f 682 701 702
f 682 702 703
f 682 703 683
f 683 703 704
f 683 704 658
f 658 704 684
f 684 705 685
f 685 705 686
f 663 688 689
f 688 687 706
f 688 706 707
f 688 707 690
f 689 688 690
f 690 708 666
f 666 708 691
f 691 708 709
f 691 709 710
f 691 710 711
f 691 711 712
f 691 712 713
f 691 713 714
f 691 714 715
f 691 715 668
f 668 716 717
f 668 717 692
f 692 717 693
f 694 693 718
f 672 694 673
f 673 694 696
f 695 698 677
f 695 677 697
f 695 697 673
f 695 719 698
f 696 694 695
f 697 677 675
f 698 719 718
f 698 718 720
f 698 720 699
f 699 720 700
f 700 720 721
f 700 721 701
f 701 721 722
f 701 722 702
f 702 723 724
f 702 724 703
f 702 722 723
f 703 725 704
f 704 725 726
f 704 726 684
f 684 726 705
f 705 726 727
f 705 727 686
f 687 686 706
f 706 686 707
f 707 686 727
f 707 727 728
f 707 728 710
f 707 710 709
f 707 709 690
f 690 709 708
f 710 728 711
f 711 728 727
f 711 727 712
f 713 712 727
f 713 727 729
f 713 729 714
f 714 729 730
f 668 731 716
f 668 715 731
f 715 714 731
f 716 731 732
f 716 732 717
f 693 717 733
f 693 733 718
f 718 719 694
f 718 733 734
f 718 734 720
f 694 719 695
f 720 734 721
f 721 735 722
f 722 736 723
f 723 736 737
f 723 737 730
f 723 730 724
f 724 730 729
f 724 729 725
f 724 725 703
f 725 729 727
f 725 727 726
f 730 737 714
f 714 737 738
f 714 738 731
f 731 739 732
f 731 738 739
f 732 735 734
f 717 732 733
f 733 732 734
f 734 735 721
f 735 736 722
f 736 735 739
f 736 739 737
f 737 739 738
f 732 739 735

o geometry_5
v -0.00360745 -0.00413560 0.01852461
v -0.00317081 -0.00413560 0.01852461
v -0.00352645 -0.00413560 0.02959117
v -0.00357356 -0.00405943 0.02959117
v -0.00365158 -0.00405943 0.01852461
v -0.00395043 -0.00328632 0.01168485
v -0.00361303 -0.00328714 0.01168485
v -0.00361033 -0.00328714 0.01168485
v -0.00317742 0.00423101 0.01852461
v -0.00316690 -0.00413560 0.01891788
v -0.00308646 -0.00413560 0.02959117
v -0.00386021 0.00004852 0.02977364
v -0.00368370 -0.00373102 0.02959117
v -0.00374924 -0.00373840 0.02450520
v -0.00376218 -0.00382684 0.02023411
v -0.00376953 -0.00385141 0.01852461
v -0.00382549 -0.00368762 0.01852461
v -0.00394996 -0.00328714 0.01179822
v -0.00397091 -0.00307257 0.01168485
v -0.00403757 0.00118689 0.01167776
v -0.00396532 0.00118607 0.01167776
v -0.00396076 0.00118607 0.01167776
v -0.00371647 0.00127534 0.01167776
v -0.00371507 0.00127944 0.01167776
v -0.00363491 0.00152922 0.01167776
v -0.00363482 0.00153496 0.01167776
v -0.00363184 0.00185763 0.01167776
v -0.00362365 0.00307953 0.01167776
v -0.00361164 0.00423101 0.01852461
v -0.00317528 0.00423101 0.01876376
v -0.00315433 -0.00413560 0.02023411
v -0.00315740 -0.00413560 0.01990461
v -0.00309344 -0.00413560 0.02848222
v -0.00308972 0.00423101 0.02977364
v -0.00357198 0.00004852 0.02977364
v -0.00385984 -0.00274498 0.02959117
v -0.00385081 -0.00292024 0.02959117
v -0.00384271 -0.00307339 0.02959117
v -0.00382521 -0.00320361 0.02959117
v -0.00381031 -0.00331417 0.02959117
v -0.00386021 0.00251608 0.02977364
v -0.00403757 0.00004771 0.01283101
v -0.00375678 -0.00369990 0.02485241
v -0.00381869 -0.00366223 0.02023411
v -0.00382027 -0.00366796 0.01990461
v -0.00382158 -0.00367288 0.01957688
v -0.00388423 -0.00340180 0.01852461
v -0.00395890 -0.00307257 0.01431376
v -0.00396104 -0.00307257 0.01398603
v -0.00396253 -0.00307257 0.01365653
v -0.00388377 -0.00340180 0.01859016
v -0.00387641 -0.00340180 0.01957688
v -0.00386785 -0.00307339 0.02647865
v -0.00391952 -0.00307339 0.01957688
v -0.00397547 -0.00274417 0.01398603
v -0.00397612 -0.00274417 0.01365653
v -0.00403757 0.00004771 0.01235093
v -0.00397780 -0.00274417 0.01168485
v -0.00403757 0.00168155 0.01167776
v -0.00399744 -0.00171062 0.01168485
v -0.00397287 0.00307953 0.01167776
v -0.00365260 0.00415976 0.01852461
v -0.00357132 0.00416385 0.02977364
v -0.00352952 0.00423101 0.02977364
v -0.00316159 0.00423101 0.02042897
v -0.00314027 -0.00413560 0.02187629
v -0.00314306 -0.00413560 0.02154679
v -0.00314865 -0.00413560 0.02088956
v -0.00309996 -0.00413560 0.02746360
v -0.00310424 -0.00413560 0.02680638
v -0.00310647 -0.00413560 0.02647865
v -0.00311327 -0.00413560 0.02549192
v -0.00312267 -0.00413560 0.02417570
v -0.00312509 -0.00413560 0.02384974
v -0.00313003 -0.00413560 0.02319252
v -0.00312267 0.00423101 0.02541221
v -0.00386533 -0.00307339 0.02680638
v -0.00386273 -0.00307339 0.02713588
v -0.00397138 -0.00274417 0.01464325
v -0.00395155 -0.00307257 0.01529871
v -0.00382130 -0.00336331 0.02713588
v -0.00379551 -0.00356969 0.02475498
v -0.00387390 -0.00340180 0.01990461
v -0.00386012 0.00284449 0.02977364
v -0.00403757 0.00030486 0.01282924
v -0.00403757 0.00021396 0.01283101
v -0.00397370 -0.00274417 0.01431376
v -0.00403757 0.00168155 0.01168308
v -0.00397287 0.00307953 0.01168308
v -0.00382539 0.00378712 0.01852461
v -0.00381459 0.00381906 0.01852461
v -0.00376916 0.00395174 0.01852461
v -0.00367494 0.00412045 0.01852461
v -0.00357337 0.00415976 0.02977364
v -0.00315088 0.00423101 0.02175760
v -0.00313506 -0.00413560 0.02253352
v -0.00314055 0.00423101 0.02308622
v -0.00385984 0.00285104 0.02977364
v -0.00397370 0.00284367 0.01431376
v -0.00403757 0.00165043 0.01207635
v -0.00403757 0.00151448 0.01232613
v -0.00403757 0.00138099 0.01252277
v -0.00403757 0.00118526 0.01265386
v -0.00403757 0.00093711 0.01279026
v -0.00403757 0.00062262 0.01282038
v -0.00403757 0.00167909 0.01176102
v -0.00397184 0.00307953 0.01201258
v -0.00388423 0.00350212 0.01852461
v -0.00383694 0.00373143 0.01852461
v -0.00382521 0.00378631 0.01859016
v -0.00382400 0.00378221 0.01891788
v -0.00382018 0.00376747 0.01990461
v -0.00374607 0.00383626 0.02549192
v -0.00368397 0.00383053 0.02977364
v -0.00384355 0.00317290 0.02977364
v -0.00392687 0.00317290 0.01859016
v -0.00396318 0.00307953 0.01431376
v -0.00396514 0.00307953 0.01398426
v -0.00397547 0.00284367 0.01398426
v -0.00396635 0.00307953 0.01365653
v -0.00392725 0.00317290 0.01852461
v -0.00381096 0.00341531 0.02977364
v -0.00387381 0.00350212 0.01990461
v -0.00381329 0.00374208 0.02154679
v -0.00381608 0.00375273 0.02088956
v -0.00381888 0.00376256 0.02023411
v -0.00380892 0.00372570 0.02253352
v -0.00380752 0.00371997 0.02286302
v -0.00380463 0.00370850 0.02352024
v -0.00380035 0.00369049 0.02450520
v -0.00379746 0.00367820 0.02516242
v -0.00379514 0.00366756 0.02568324
v -0.00386608 0.00350212 0.02088956
v -0.00387129 0.00350212 0.02023411
f 740 741 749
f 740 749 771
f 740 771 770
f 740 770 807
f 740 807 806
f 740 806 805
f 740 805 835
f 740 835 814
f 740 814 813
f 740 813 812
f 740 812 811
f 740 811 810
f 740 810 809
f 740 809 808
f 740 808 772
f 740 772 750
f 740 750 742
f 740 742 743
f 740 743 744
f 740 744 745
f 740 745 746
f 740 746 747
f 740 747 741
f 741 747 748
f 741 748 749
f 742 750 774
f 742 774 751
f 742 751 743
f 743 751 752
f 743 752 753
f 743 753 754
f 743 754 755
f 743 755 744
f 744 755 745
f 745 755 756
f 745 756 757
f 745 757 758
f 745 758 759
f 745 759 760
f 745 760 746
f 746 760 761
f 746 761 747
f 747 761 762
f 747 762 763
f 747 763 764
f 747 764 765
f 747 765 766
f 747 766 767
f 747 767 748
f 748 768 803
f 748 803 773
f 748 773 815
f 748 815 836
f 748 836 834
f 748 834 804
f 748 804 769
f 748 769 770
f 748 770 771
f 748 771 749
f 748 767 800
f 748 800 768
f 750 772 773
f 750 773 774
f 751 775 776
f 751 776 777
f 751 777 778
f 751 778 779
f 751 779 752
f 751 774 773
f 751 773 803
f 751 803 802
f 751 802 833
f 751 833 853
f 751 853 861
f 751 861 854
f 751 854 837
f 751 837 823
f 751 823 780
f 751 780 825
f 751 825 781
f 751 781 775
f 752 779 782
f 752 782 753
f 753 782 783
f 753 783 784
f 753 784 754
f 754 784 755
f 755 784 785
f 755 785 756
f 756 785 786
f 756 786 757
f 757 787 788
f 757 788 789
f 757 789 758
f 757 786 790
f 757 790 791
f 757 791 792
f 757 792 793
f 757 793 787
f 758 789 794
f 758 794 795
f 758 795 781
f 758 781 796
f 758 796 797
f 758 797 759
f 759 798 800
f 759 800 767
f 759 767 766
f 759 766 765
f 759 765 764
f 759 764 763
f 759 763 762
f 759 762 761
f 759 761 760
f 759 797 799
f 759 799 796
f 759 796 781
f 759 781 825
f 759 825 824
f 759 824 844
f 759 844 843
f 759 843 842
f 759 842 841
f 759 841 840
f 759 840 839
f 759 839 845
f 759 845 827
f 759 827 798
f 768 800 801
f 768 801 802
f 768 802 803
f 769 804 805
f 769 805 806
f 769 806 807
f 769 807 770
f 772 808 773
f 773 808 809
f 773 809 810
f 773 810 811
f 773 811 812
f 773 812 813
f 773 813 814
f 773 814 815
f 775 793 792
f 775 792 816
f 775 816 817
f 775 817 776
f 775 781 818
f 775 818 787
f 775 787 819
f 775 819 793
f 776 817 777
f 777 817 778
f 778 817 779
f 779 820 783
f 779 783 821
f 779 821 782
f 779 817 816
f 779 816 822
f 779 822 820
f 780 823 824
f 780 824 825
f 781 795 794
f 781 794 826
f 781 826 818
f 782 821 783
f 783 822 784
f 783 820 822
f 784 791 790
f 784 790 786
f 784 786 785
f 784 822 791
f 787 818 826
f 787 826 788
f 787 793 819
f 788 826 794
f 788 794 789
f 791 822 816
f 791 816 792
f 796 799 797
f 798 827 828
f 798 828 800
f 800 828 829
f 800 829 830
f 800 830 831
f 800 831 832
f 800 832 801
f 801 832 802
f 802 832 831
f 802 831 833
f 804 834 805
f 805 834 835
f 814 835 815
f 815 835 836
f 823 837 838
f 823 838 839
f 823 839 840
f 823 840 841
f 823 841 842
f 823 842 843
f 823 843 844
f 823 844 824
f 827 845 828
f 828 845 846
f 828 846 847
f 828 847 848
f 828 848 829
f 829 848 849
f 829 849 830
f 830 849 850
f 830 850 831
f 831 850 851
f 831 851 852
f 831 852 833
f 833 852 853
f 834 836 835
f 837 854 855
f 837 855 856
f 837 856 838
f 838 856 857
f 838 857 858
f 838 858 839
f 839 858 857
f 839 857 845
f 845 857 859
f 845 859 846
f 846 859 847
f 847 860 855
f 847 855 854
f 847 854 861
f 847 861 862
f 847 862 863
f 847 863 864
f 847 864 865
f 847 865 851
f 847 851 850
f 847 850 848
f 847 859 857
f 847 857 860
f 848 850 849
f 851 865 852
f 852 865 864
f 852 864 863
f 852 863 866
f 852 866 867
f 852 867 868
f 852 868 869
f 852 869 870
f 852 870 871
f 852 871 853
f 853 871 861
f 855 860 857
f 855 857 856
f 861 871 870
f 861 870 872
f 861 872 873
f 861 873 862
f 862 873 863
f 863 873 867
f 863 867 866
f 867 873 868
f 868 873 869
f 869 873 872
f 869 872 870

o geometry_6
v 0.00985112 0.00171723 0.00844902
v 0.00820787 0.00171723 0.00846029
v 0.00755048 0.00415251 0.00642219
v 0.00784724 0.00419378 0.00642219
v 0.00795433 0.00171723 0.00851100
v 0.00734567 0.00428996 0.00642219
v 0.01035533 0.00171723 0.00855233
v 0.00806141 0.00458520 0.00642219
v 0.00970850 0.00396439 0.00723179
v 0.00586978 0.00496387 0.00675091
v 0.00783092 0.00171723 0.00872515
v 0.00972218 0.00429664 0.00721677
v 0.01002351 0.00396682 0.00755864
v 0.00586978 0.00620184 0.00675091
v 0.00782323 0.00171723 0.00905387
v 0.00586978 0.00496933 0.02483459
v 0.00734063 0.00606348 0.00642219
v 0.00804797 0.00532252 0.00642219
v 0.01065449 0.00171723 0.00898813
v 0.01053252 0.00171723 0.00877399
v 0.00586978 0.00746075 0.00725152
v 0.00590628 0.00738337 0.00719798
v 0.00786405 0.00171723 0.01924249
v 0.00744532 0.00601432 0.00642219
v 0.00623473 0.00756967 0.00728815
v 0.00676343 0.00729963 0.00723179
v 0.00968545 0.00465195 0.00724682
v 0.01000910 0.00429694 0.00759245
v 0.01067370 0.00202733 0.00921354
v 0.00586978 0.00501060 0.02531171
v 0.00788086 0.00171723 0.02154545
v 0.00741410 0.00697132 0.00723367
v 0.00836634 0.00629287 0.00724870
v 0.00586978 0.00769893 0.00745533
v 0.00635454 0.00766525 0.00748162
v 0.00779682 0.00571879 0.00642219
v 0.00935339 0.00514714 0.00725621
v 0.00939349 0.00535771 0.00751168
v 0.00967921 0.00497661 0.00761499
v 0.01003071 0.00435702 0.00781035
v 0.01047250 0.00317427 0.00905199
v 0.01035725 0.00340609 0.00853167
v 0.01056133 0.00284536 0.01102623
v 0.01069243 0.00171723 0.00938072
v 0.00791351 0.00171723 0.02187418
v 0.00774544 0.00697739 0.00753610
v 0.00877355 0.00605013 0.00747223
v 0.00869287 0.00595910 0.00725246
v 0.00845470 0.00636812 0.00746847
v 0.00586978 0.00783881 0.00775587
v 0.00623473 0.00778086 0.00773709
v 0.00670149 0.00759941 0.00773709
v 0.00712838 0.00732087 0.00750980
v 0.00867079 0.00626495 0.00773897
v 0.00999542 0.00445230 0.00806770
v 0.01020526 0.00399686 0.00971132
v 0.01038750 0.00347952 0.00905199
v 0.01069483 0.00249643 0.02088612
v 0.01073564 0.00218815 0.02055740
v 0.01077550 0.00171723 0.02055740
v 0.00799466 0.00171723 0.02210898
v 0.00777569 0.00699924 0.00773897
v 0.00586978 0.00789221 0.00823206
v 0.00590628 0.00789343 0.00823206
v 0.00623473 0.00780513 0.00806770
v 0.00672694 0.00761215 0.00806770
v 0.00868183 0.00627527 0.00806770
v 0.00942758 0.00540323 0.00806770
v 0.00969697 0.00499967 0.00806770
v 0.01008401 0.00446565 0.02121673
v 0.01015124 0.00416101 0.01102623
v 0.01037982 0.00376838 0.02088612
v 0.01046721 0.00350319 0.02088612
v 0.01053588 0.00317427 0.01792759
v 0.01068618 0.00244242 0.02108336
v 0.01074021 0.00171723 0.02101104
v 0.00586978 0.00513621 0.02548171
v 0.00832744 0.00171723 0.02238887
v 0.00736272 0.00727111 0.00806770
v 0.00779106 0.00701016 0.00806770
v 0.00819167 0.00669566 0.00806770
v 0.00656415 0.00772321 0.02351593
v 0.00934931 0.00562898 0.01956934
v 0.00974691 0.00507674 0.02121673
v 0.00972050 0.00504215 0.02178026
v 0.01002063 0.00434306 0.02171639
v 0.01035293 0.00369859 0.02139706
v 0.01041679 0.00300982 0.02146280
v 0.00853633 0.00171723 0.02242832
v 0.00886527 0.00171723 0.02244147
v 0.00834041 0.00659993 0.01004193
v 0.00907175 0.00586079 0.00938260
v 0.00873081 0.00632564 0.02220103
v 0.00905014 0.00599187 0.02121673
v 0.00623473 0.00784276 0.02351593
v 0.00674518 0.00762126 0.02403062
v 0.00686139 0.00759729 0.02351593
v 0.00742659 0.00730812 0.02318720
v 0.00934979 0.00562594 0.02187230
v 0.01061896 0.00171723 0.02130126
v 0.01006433 0.00381086 0.02175302
v 0.00586978 0.00541870 0.02560381
v 0.00912890 0.00171723 0.02240390
v 0.00771879 0.00712698 0.02269411
v 0.00801195 0.00693248 0.02252975
v 0.00837162 0.00662603 0.01851930
v 0.00590628 0.00791285 0.02335157
v 0.00623473 0.00782091 0.02384653
v 0.00888087 0.00614965 0.02226959
v 0.00885422 0.00611081 0.02248842
v 0.00968737 0.00465741 0.02203760
v 0.01044440 0.00235230 0.02147219
v 0.00586978 0.00613266 0.02559911
v 0.01045473 0.00171723 0.02147219
v 0.00929264 0.00171723 0.02232876
v 0.00586978 0.00790648 0.02335157
v 0.00586978 0.00784579 0.02385029
v 0.00634758 0.00760730 0.02433305
v 0.00677880 0.00732876 0.02437249
v 0.00710677 0.00733300 0.02407194
v 0.00738433 0.00728142 0.02367184
v 0.00890800 0.00589204 0.02257953
v 0.00804412 0.00662785 0.02335438
v 0.00738097 0.00688879 0.02400244
v 0.00586978 0.00647613 0.02550895
v 0.00837642 0.00663027 0.02270632
v 0.00586978 0.00769165 0.02416962
v 0.00605274 0.00761762 0.02434432
v 0.00700305 0.00711939 0.02429736
f 874 880 893
f 874 893 892
f 874 892 917
f 874 917 933
f 874 933 949
f 874 949 973
f 874 973 987
f 874 987 988
f 874 988 976
f 874 976 963
f 874 963 962
f 874 962 951
f 874 951 934
f 874 934 918
f 874 918 904
f 874 904 896
f 874 896 888
f 874 888 884
f 874 884 878
f 874 878 875
f 874 875 876
f 874 876 877
f 875 878 876
f 876 879 890
f 876 890 897
f 876 897 909
f 876 909 891
f 876 891 881
f 876 881 877
f 876 878 879
f 874 877 880
f 877 881 882
f 877 882 880
f 879 878 883
f 878 884 883
f 882 881 885
f 882 885 886
f 882 886 880
f 883 887 890
f 883 890 879
f 883 884 888
f 883 888 889
f 883 889 903
f 883 903 950
f 883 950 975
f 883 975 986
f 883 986 998
f 883 998 1000
f 883 1000 990
f 883 990 989
f 883 989 936
f 883 936 923
f 883 923 907
f 883 907 894
f 883 894 887
f 885 881 891
f 886 892 893
f 886 893 880
f 887 894 895
f 887 895 890
f 888 896 889
f 890 895 898
f 890 898 899
f 890 899 897
f 885 900 901
f 885 901 886
f 885 891 900
f 886 901 892
f 895 894 898
f 889 896 904
f 889 904 903
f 897 899 905
f 897 905 906
f 898 894 907
f 898 907 908
f 898 908 899
f 891 909 900
f 900 909 910
f 900 910 911
f 900 911 912
f 900 912 901
f 901 912 913
f 901 913 914
f 901 914 915
f 901 915 892
f 892 915 902
f 902 915 914
f 902 914 916
f 902 917 892
f 904 918 903
f 897 906 909
f 906 920 921
f 906 921 909
f 906 905 919
f 906 919 922
f 906 922 920
f 907 923 908
f 908 923 924
f 908 924 925
f 908 925 926
f 908 926 899
f 899 926 905
f 910 921 911
f 911 920 927
f 913 912 928
f 913 928 929
f 913 929 930
f 913 930 914
f 902 916 931
f 902 931 932
f 902 932 933
f 902 933 917
f 918 934 903
f 909 921 910
f 905 926 919
f 919 926 935
f 919 935 927
f 919 927 922
f 922 927 920
f 923 936 937
f 923 937 924
f 924 937 938
f 924 938 925
f 925 938 939
f 926 925 935
f 921 920 911
f 927 940 911
f 911 940 941
f 911 941 942
f 911 942 912
f 912 942 928
f 928 942 943
f 928 943 944
f 928 944 929
f 930 945 946
f 930 946 914
f 914 946 947
f 914 947 916
f 916 947 931
f 932 931 933
f 933 931 949
f 903 934 951
f 903 951 950
f 935 952 953
f 935 953 954
f 927 935 954
f 927 954 940
f 938 955 939
f 939 935 925
f 941 956 957
f 941 957 942
f 943 942 957
f 943 957 958
f 943 958 959
f 943 959 960
f 943 960 945
f 943 945 944
f 944 945 929
f 929 945 930
f 945 960 946
f 947 946 931
f 931 946 960
f 931 960 948
f 948 949 931
f 948 960 961
f 950 951 962
f 950 962 963
f 935 939 952
f 953 964 954
f 940 954 964
f 940 964 966
f 940 966 967
f 940 967 965
f 937 968 938
f 938 968 955
f 955 968 969
f 955 969 970
f 955 970 939
f 939 970 971
f 939 971 952
f 940 965 941
f 941 965 956
f 956 965 967
f 956 967 972
f 957 972 958
f 948 961 973
f 948 973 949
f 960 959 961
f 961 959 974
f 950 963 976
f 950 976 975
f 952 971 977
f 952 977 953
f 953 977 978
f 953 978 964
f 964 979 966
f 936 980 937
f 937 980 968
f 968 980 981
f 968 981 969
f 956 972 957
f 972 967 982
f 972 982 983
f 972 983 958
f 959 958 984
f 959 984 974
f 961 985 973
f 961 974 986
f 961 986 985
f 974 984 986
f 973 985 987
f 975 976 988
f 975 988 987
f 971 978 977
f 978 979 964
f 980 936 989
f 980 989 990
f 980 990 981
f 981 990 991
f 981 991 969
f 969 991 992
f 969 992 993
f 969 993 994
f 969 994 971
f 969 971 970
f 966 982 967
f 983 995 958
f 958 995 984
f 984 995 996
f 984 996 997
f 984 997 986
f 986 997 998
f 985 986 975
f 985 975 987
f 971 994 978
f 978 994 999
f 979 978 999
f 979 999 966
f 990 1000 1001
f 990 1001 991
f 993 992 1002
f 993 1002 997
f 993 997 996
f 993 996 994
f 966 999 982
f 982 999 983
f 983 996 995
f 997 1002 998
f 999 994 983
f 1001 1000 998
f 1001 998 991
f 991 998 992
f 992 998 1002
f 996 983 994

o geometry_7
v -0.00362963 0.00290605 0.01167485
v -0.00403834 0.00168194 0.01167562
v -0.00403806 0.00165096 0.01167562
v -0.00403806 0.00118750 0.01167562
v -0.00363190 0.00185894 0.01167485
v -0.00362991 0.00290605 0.01162001
v -0.00403806 0.00356561 0.00379017
v -0.00403834 0.00356608 0.00378631
v -0.00403806 0.00355583 0.00444819
v -0.00403806 0.00353021 0.00583761
v -0.00397666 0.00290605 0.01167485
v -0.00534634 0.00153824 0.01167562
v -0.00429357 0.00118843 0.01167562
v -0.00396558 0.00118680 0.01167485
v -0.00396131 0.00118703 0.01167485
v -0.00371660 0.00127600 0.01167485
v -0.00363531 0.00152986 0.01167485
v -0.00364611 0.00290605 0.00931848
v -0.00363900 0.00290605 0.01030474
v -0.00366402 0.00185894 0.00740775
v -0.00366373 0.00290605 0.00701772
v -0.00403806 0.00355909 0.00378631
v -0.00534691 0.00323653 0.00378631
v -0.00534691 0.00323653 0.00576269
v -0.00534691 0.00323350 0.00609170
v -0.00637068 0.00279216 0.01138136
v -0.00534634 0.00119495 0.01167562
v -0.00641445 0.00267082 0.01138136
v -0.00641843 0.00265568 0.01138136
v -0.00645055 0.00250639 0.01138136
v -0.00649915 0.00218733 0.01138136
v -0.00650910 0.00185894 0.01138136
v -0.00560328 0.00121964 0.00806499
v -0.00560328 0.00122220 0.00773676
v -0.00534634 0.00122173 0.00773676
v -0.00428874 0.00122104 0.00773676
v -0.00395989 0.00122849 0.00773598
v -0.00373280 0.00130069 0.00773598
v -0.00366316 0.00152986 0.00806499
v -0.00369159 0.00152986 0.00740775
v -0.00403806 0.00292840 0.00378631
v -0.00366572 0.00152986 0.00773598
v -0.00534691 0.00292584 0.00378631
v -0.00642724 0.00204875 0.00724092
v -0.00646675 0.00216986 0.00738844
v -0.00640820 0.00251594 0.00729499
v -0.00645453 0.00251594 0.00745872
v -0.00643691 0.00273207 0.00750969
v -0.00640252 0.00279216 0.00745177
v -0.00642554 0.00279216 0.00773676
v -0.00638717 0.00279216 0.01069399
v -0.00638603 0.00279216 0.01077663
v -0.00638205 0.00279216 0.01101219
v -0.00637466 0.00279216 0.01128637
v -0.00642213 0.00267781 0.01114426
v -0.00646078 0.00162814 0.01138136
v -0.00645055 0.00161323 0.01138136
v -0.00633885 0.00146395 0.01138136
v -0.00617428 0.00131582 0.01138136
v -0.00615069 0.00130814 0.01138136
v -0.00593184 0.00124153 0.01138136
v -0.00593184 0.00124083 0.00806499
v -0.00642582 0.00268340 0.01092492
v -0.00648068 0.00251594 0.00806499
v -0.00648352 0.00251594 0.00773676
v -0.00652701 0.00218733 0.00806499
v -0.00653326 0.00185894 0.00806499
v -0.00593184 0.00124339 0.00773676
v -0.00560328 0.00128252 0.00740852
v -0.00527471 0.00128112 0.00740852
v -0.00461787 0.00127856 0.00740852
v -0.00428874 0.00127740 0.00740852
v -0.00403777 0.00128112 0.00740775
v -0.00395989 0.00128252 0.00740775
v -0.00375696 0.00132677 0.00740775
v -0.00378538 0.00135658 0.00723165
v -0.00428874 0.00291909 0.00378631
v -0.00395989 0.00135053 0.00722393
v -0.00527528 0.00291932 0.00378631
v -0.00582810 0.00135751 0.00723397
v -0.00604724 0.00137568 0.00726023
v -0.00628286 0.00150796 0.00737299
v -0.00645567 0.00164048 0.00748575
v -0.00641189 0.00178162 0.00726718
v -0.00646817 0.00187850 0.00738921
v -0.00642724 0.00200054 0.00724092
v -0.00653155 0.00185894 0.00773676
v -0.00652701 0.00218733 0.00773676
v -0.00644117 0.00275443 0.00773676
v -0.00643975 0.00274768 0.00806499
v -0.00643378 0.00271856 0.00937949
v -0.00647215 0.00161067 0.00806499
v -0.00634908 0.00144625 0.00806499
v -0.00618366 0.00131396 0.00839478
v -0.00618452 0.00131373 0.00806499
v -0.00618338 0.00131489 0.00773676
v -0.00647187 0.00161160 0.00773676
v -0.00615297 0.00133283 0.00747957
v -0.00593554 0.00131303 0.00738535
v -0.00560328 0.00135309 0.00722779
v -0.00428874 0.00134890 0.00722239
v -0.00494956 0.00291909 0.00378631
v -0.00634766 0.00144718 0.00773676
f 1003 1004 1005
f 1003 1005 1006
f 1003 1006 1007
f 1003 1007 1008
f 1003 1008 1009
f 1003 1009 1010
f 1003 1010 1011
f 1003 1011 1012
f 1003 1012 1013
f 1003 1013 1004
f 1004 1013 1014
f 1004 1014 1029
f 1004 1029 1015
f 1004 1015 1006
f 1004 1006 1005
f 1006 1015 1016
f 1006 1016 1017
f 1006 1017 1018
f 1006 1018 1019
f 1006 1019 1007
f 1007 1020 1021
f 1007 1021 1008
f 1007 1019 1022
f 1007 1022 1020
f 1008 1021 1009
f 1009 1023 1010
f 1009 1021 1020
f 1009 1020 1023
f 1010 1024 1043
f 1010 1043 1079
f 1010 1079 1104
f 1010 1104 1081
f 1010 1081 1045
f 1010 1045 1025
f 1010 1025 1026
f 1010 1026 1027
f 1010 1027 1011
f 1010 1023 1024
f 1011 1027 1012
f 1012 1027 1028
f 1012 1028 1013
f 1013 1028 1014
f 1014 1028 1030
f 1014 1030 1031
f 1014 1031 1032
f 1014 1032 1033
f 1014 1033 1034
f 1014 1034 1029
f 1015 1029 1035
f 1015 1035 1016
f 1016 1035 1036
f 1016 1036 1037
f 1016 1037 1038
f 1016 1038 1039
f 1016 1039 1017
f 1017 1039 1040
f 1017 1040 1018
f 1018 1040 1019
f 1019 1040 1041
f 1019 1041 1022
f 1020 1022 1023
f 1022 1042 1043
f 1022 1043 1023
f 1022 1041 1044
f 1022 1044 1042
f 1023 1043 1024
f 1025 1045 1088
f 1025 1088 1046
f 1025 1046 1047
f 1025 1047 1048
f 1025 1048 1049
f 1025 1049 1050
f 1025 1050 1051
f 1025 1051 1052
f 1025 1052 1026
f 1026 1052 1053
f 1026 1053 1054
f 1026 1054 1055
f 1026 1055 1027
f 1027 1055 1056
f 1027 1056 1028
f 1028 1056 1057
f 1028 1057 1030
f 1029 1034 1058
f 1029 1058 1059
f 1029 1059 1060
f 1029 1060 1061
f 1029 1061 1062
f 1029 1062 1063
f 1029 1063 1064
f 1029 1064 1035
f 1030 1057 1031
f 1031 1057 1032
f 1032 1057 1065
f 1032 1065 1066
f 1032 1066 1033
f 1033 1066 1067
f 1033 1067 1068
f 1033 1068 1034
f 1034 1068 1069
f 1034 1069 1058
f 1035 1064 1070
f 1035 1070 1036
f 1036 1070 1071
f 1036 1071 1072
f 1036 1072 1073
f 1036 1073 1074
f 1036 1074 1037
f 1037 1074 1038
f 1038 1074 1075
f 1038 1075 1076
f 1038 1076 1039
f 1039 1076 1077
f 1039 1077 1040
f 1040 1044 1041
f 1040 1077 1042
f 1040 1042 1044
f 1042 1077 1078
f 1042 1078 1043
f 1043 1078 1080
f 1043 1080 1079
f 1045 1081 1082
f 1045 1082 1083
f 1045 1083 1084
f 1045 1084 1085
f 1045 1085 1086
f 1045 1086 1087
f 1045 1087 1088
f 1046 1088 1087
f 1046 1087 1047
f 1047 1087 1089
f 1047 1089 1090
f 1047 1090 1049
f 1047 1049 1048
f 1049 1090 1050
f 1050 1090 1067
f 1050 1067 1091
f 1050 1091 1052
f 1050 1052 1051
f 1052 1091 1092
f 1052 1092 1053
f 1053 1092 1093
f 1053 1093 1054
f 1054 1093 1065
f 1054 1065 1055
f 1055 1065 1057
f 1055 1057 1056
f 1058 1069 1094
f 1058 1094 1059
f 1059 1094 1060
f 1060 1094 1095
f 1060 1095 1061
f 1061 1095 1096
f 1061 1096 1062
f 1062 1096 1097
f 1062 1097 1063
f 1063 1097 1064
f 1064 1097 1098
f 1064 1098 1070
f 1065 1093 1066
f 1066 1093 1067
f 1067 1090 1068
f 1067 1093 1092
f 1067 1092 1091
f 1068 1090 1069
f 1069 1090 1089
f 1069 1089 1099
f 1069 1099 1094
f 1070 1098 1100
f 1070 1100 1101
f 1070 1101 1071
f 1071 1101 1082
f 1071 1082 1102
f 1071 1102 1103
f 1071 1103 1072
f 1072 1103 1073
f 1073 1103 1074
f 1074 1103 1080
f 1074 1080 1075
f 1075 1080 1076
f 1076 1080 1078
f 1076 1078 1077
f 1079 1080 1103
f 1079 1103 1104
f 1081 1104 1103
f 1081 1103 1102
f 1081 1102 1082
f 1082 1101 1083
f 1083 1101 1100
f 1083 1100 1084
f 1084 1100 1085
f 1085 1100 1105
f 1085 1105 1099
f 1085 1099 1089
f 1085 1089 1087
f 1085 1087 1086
f 1094 1099 1095
f 1095 1097 1096
f 1095 1099 1105
f 1095 1105 1097
f 1097 1105 1098
f 1098 1105 1100

o geometry_8
v 0.00586848 0.00676460 0.02518909
v 0.00586848 0.00622962 0.02518909
v 0.00586848 0.00757085 0.02431441
v 0.00536593 0.00724674 0.02518909
v 0.00568343 0.00622962 0.02518909
v 0.00586848 0.00622962 0.02500227
v 0.00586848 0.00767637 0.02419042
v 0.00521919 0.00736559 0.02518909
v -0.00076335 0.00734007 0.02518909
v -0.00076335 0.00730764 0.00783804
v 0.00586848 0.00646699 0.00783804
v 0.00574901 0.00622962 0.02511097
v 0.00586848 0.00769168 0.02416834
v 0.00498155 0.00753958 0.02518909
v 0.00519582 0.00738320 0.02518909
v -0.00076335 0.00766205 0.02518909
v -0.00076335 0.00766007 0.00783804
v 0.00586848 0.00785447 0.00783804
v 0.00586848 0.00783324 0.02387961
v 0.00481664 0.00762880 0.02518909
v -0.00066985 0.00767044 0.02518909
v -0.00066985 0.00767061 0.02516192
v -0.00076335 0.00766238 0.02483412
v -0.00076335 0.00767225 0.00806563
v -0.00076010 0.00766040 0.00783804
v 0.00586848 0.00788921 0.00806563
v -0.00034131 0.00768279 0.00783804
v 0.00586848 0.00784608 0.02384904
v 0.00480365 0.00763093 0.02518909
v -0.00034131 0.00769151 0.02518909
v -0.00066985 0.00767275 0.02187378
v -0.00076335 0.00766435 0.02187378
v -0.00066985 0.00767324 0.02088870
v -0.00066985 0.00767966 0.00806563
v -0.00066985 0.00766748 0.00783804
v -0.00034131 0.00769645 0.00806563
v 0.00586848 0.00789118 0.00810129
v 0.00586848 0.00790270 0.02351785
v 0.00423487 0.00768822 0.02518909
v 0.00425890 0.00768707 0.02518909
v 0.00456406 0.00766600 0.02518909
v 0.00458809 0.00766303 0.02518909
v -0.00001212 0.00770139 0.02518909
v 0.00586848 0.00791126 0.02319005
v -0.00034131 0.00769168 0.02483412
v -0.00034131 0.00769316 0.02088870
v 0.00557565 0.00788986 0.00839512
v 0.00586848 0.00789579 0.00839512
v 0.00031642 0.00771044 0.02518909
v 0.00064496 0.00771719 0.02518909
v 0.00094818 0.00772213 0.02518909
v 0.00130269 0.00772690 0.02518909
v 0.00163188 0.00772674 0.02518909
v 0.00195977 0.00772328 0.02518909
v 0.00226299 0.00771966 0.02518909
v 0.00228896 0.00771933 0.02518909
v 0.00360312 0.00769941 0.02518909
v 0.00393166 0.00769431 0.02518909
v 0.00586848 0.00790995 0.02187378
v 0.00586848 0.00789678 0.00905241
v 0.00586848 0.00790665 0.01858734
f 1106 1107 1111
f 1106 1111 1116
f 1106 1116 1123
f 1106 1123 1131
f 1106 1131 1142
f 1106 1142 1153
f 1106 1153 1165
f 1106 1165 1166
f 1106 1166 1164
f 1106 1164 1149
f 1106 1149 1143
f 1106 1143 1133
f 1106 1133 1124
f 1106 1124 1118
f 1106 1118 1112
f 1106 1112 1108
f 1106 1108 1109
f 1106 1109 1113
f 1106 1113 1120
f 1106 1120 1119
f 1106 1119 1125
f 1106 1125 1134
f 1106 1134 1147
f 1106 1147 1146
f 1106 1146 1145
f 1106 1145 1144
f 1106 1144 1163
f 1106 1163 1162
f 1106 1162 1161
f 1106 1161 1160
f 1106 1160 1159
f 1106 1159 1158
f 1106 1158 1157
f 1106 1157 1156
f 1106 1156 1155
f 1106 1155 1154
f 1106 1154 1148
f 1106 1148 1135
f 1106 1135 1126
f 1106 1126 1121
f 1106 1121 1114
f 1106 1114 1110
f 1106 1110 1107
f 1107 1110 1117
f 1107 1117 1111
f 1108 1112 1109
f 1109 1112 1113
f 1110 1114 1115
f 1110 1115 1116
f 1110 1116 1117
f 1111 1117 1116
f 1112 1118 1119
f 1112 1119 1120
f 1112 1120 1113
f 1114 1121 1128
f 1114 1128 1137
f 1114 1137 1129
f 1114 1129 1122
f 1114 1122 1115
f 1115 1122 1130
f 1115 1130 1140
f 1115 1140 1132
f 1115 1132 1123
f 1115 1123 1116
f 1118 1124 1125
f 1118 1125 1119
f 1121 1126 1127
f 1121 1127 1128
f 1122 1129 1130
f 1123 1132 1131
f 1124 1133 1125
f 1125 1133 1134
f 1126 1135 1127
f 1127 1135 1136
f 1127 1136 1137
f 1127 1137 1128
f 1129 1137 1136
f 1129 1136 1138
f 1129 1138 1139
f 1129 1139 1130
f 1130 1139 1140
f 1131 1132 1141
f 1131 1141 1142
f 1132 1140 1141
f 1133 1143 1144
f 1133 1144 1145
f 1133 1145 1146
f 1133 1146 1147
f 1133 1147 1134
f 1135 1148 1149
f 1135 1149 1150
f 1135 1150 1139
f 1135 1139 1138
f 1135 1138 1136
f 1139 1141 1140
f 1139 1150 1151
f 1139 1151 1141
f 1141 1152 1142
f 1141 1151 1149
f 1141 1149 1152
f 1142 1152 1153
f 1143 1149 1154
f 1143 1154 1155
f 1143 1155 1156
f 1143 1156 1157
f 1143 1157 1158
f 1143 1158 1159
f 1143 1159 1160
f 1143 1160 1161
f 1143 1161 1162
f 1143 1162 1163
f 1143 1163 1144
f 1148 1154 1149
f 1149 1164 1152
f 1149 1151 1150
f 1152 1165 1153
f 1152 1164 1166
f 1152 1166 1165

o geometry_9
v -0.00249043 0.00619994 0.00621248
v -0.00249043 0.00700187 0.00687479
v -0.00231450 0.00700560 0.00687709
v 0.00586913 0.00756084 0.00730587
v -0.00248143 0.00619994 0.00621248
v -0.00249043 0.00619994 0.00702371
v -0.00249043 0.00716044 0.00708433
v -0.00225476 0.00730784 0.00720697
v -0.00198555 0.00733132 0.00718277
v -0.00165742 0.00734866 0.00717539
v 0.00586913 0.00769949 0.00745203
v 0.00586913 0.00753654 0.00728766
v -0.00217130 0.00619994 0.00628187
v 0.00586913 0.00737392 0.00720121
v 0.00586913 0.00622991 0.00682568
v -0.00249043 0.00692364 0.00856754
v -0.00231450 0.00619994 0.00707903
v -0.00249043 0.00727609 0.00726484
v -0.00247324 0.00728128 0.00725170
v -0.00198555 0.00741831 0.00740684
v -0.00116563 0.00761348 0.00757052
v -0.00099952 0.00761883 0.00755899
v -0.00076385 0.00762595 0.00754585
v -0.00066975 0.00762871 0.00754078
v -0.00034162 0.00763470 0.00753087
v -0.00001267 0.00763843 0.00752556
v 0.00586913 0.00771261 0.00747623
v -0.00083341 0.00619994 0.00659193
v 0.00586913 0.00622991 0.00744926
v -0.00076385 0.00619994 0.00668760
v -0.00249043 0.00731513 0.00856754
v -0.00179161 0.00619994 0.00722795
v -0.00163205 0.00619994 0.00727221
v -0.00156004 0.00619994 0.00728835
v -0.00132847 0.00619994 0.00733838
v -0.00126219 0.00619994 0.00734898
v -0.00099952 0.00619994 0.00738702
v -0.00093324 0.00619994 0.00739117
v -0.00076385 0.00619994 0.00740154
v 0.00586913 0.00646704 0.00783793
v -0.00076385 0.00736874 0.00856754
v -0.00249043 0.00728824 0.00734229
v -0.00234477 0.00733683 0.00737964
v -0.00198555 0.00745734 0.00773557
v -0.00120491 0.00761996 0.00773557
v -0.00099952 0.00763924 0.00773557
v -0.00076385 0.00765560 0.00773580
v -0.00066975 0.00766191 0.00773580
v -0.00034162 0.00767665 0.00773580
v 0.00586913 0.00784446 0.00777154
v 0.00586913 0.00783441 0.00773580
v -0.00249043 0.00731821 0.00773557
v -0.00242578 0.00733797 0.00856754
v 0.00586913 0.00785466 0.00783793
v -0.00076385 0.00767196 0.00856754
v -0.00249043 0.00730330 0.00745779
v -0.00231450 0.00737959 0.00773557
v -0.00198555 0.00745540 0.00856754
v -0.00124091 0.00762595 0.00856754
v -0.00124255 0.00762628 0.00806430
v -0.00099952 0.00765365 0.00806430
v -0.00076385 0.00767228 0.00806430
v -0.00066975 0.00766758 0.00783793
v -0.00034162 0.00768281 0.00783793
v -0.00231450 0.00737684 0.00856754
v -0.00076385 0.00767228 0.00815790
v -0.00076385 0.00767212 0.00839327
v -0.00084486 0.00766564 0.00856754
v -0.00099952 0.00765333 0.00856754
v -0.00099952 0.00765349 0.00839327
f 1167 1168 1169
f 1167 1169 1170
f 1167 1170 1171
f 1167 1171 1179
f 1167 1179 1194
f 1167 1194 1196
f 1167 1196 1205
f 1167 1205 1204
f 1167 1204 1203
f 1167 1203 1202
f 1167 1202 1201
f 1167 1201 1200
f 1167 1200 1199
f 1167 1199 1198
f 1167 1198 1183
f 1167 1183 1172
f 1167 1172 1182
f 1167 1182 1197
f 1167 1197 1218
f 1167 1218 1222
f 1167 1222 1208
f 1167 1208 1184
f 1167 1184 1173
f 1167 1173 1168
f 1168 1173 1174
f 1168 1174 1175
f 1168 1175 1176
f 1168 1176 1170
f 1168 1170 1169
f 1170 1177 1193
f 1170 1193 1217
f 1170 1217 1216
f 1170 1216 1220
f 1170 1220 1206
f 1170 1206 1195
f 1170 1195 1181
f 1170 1181 1180
f 1170 1180 1178
f 1170 1178 1171
f 1170 1176 1177
f 1171 1178 1180
f 1171 1180 1181
f 1171 1181 1179
f 1172 1183 1182
f 1173 1184 1185
f 1173 1185 1174
f 1174 1186 1187
f 1174 1187 1175
f 1174 1185 1186
f 1175 1187 1188
f 1175 1188 1176
f 1176 1188 1189
f 1176 1189 1190
f 1176 1190 1191
f 1176 1191 1192
f 1176 1192 1177
f 1177 1192 1193
f 1179 1181 1194
f 1181 1195 1205
f 1181 1205 1196
f 1181 1196 1194
f 1182 1183 1198
f 1182 1198 1199
f 1182 1199 1200
f 1182 1200 1201
f 1182 1201 1202
f 1182 1202 1203
f 1182 1203 1204
f 1182 1204 1205
f 1182 1205 1206
f 1182 1206 1207
f 1182 1207 1221
f 1182 1221 1234
f 1182 1234 1235
f 1182 1235 1225
f 1182 1225 1224
f 1182 1224 1231
f 1182 1231 1219
f 1182 1219 1197
f 1184 1208 1185
f 1185 1208 1209
f 1185 1209 1186
f 1186 1209 1210
f 1186 1210 1187
f 1187 1211 1212
f 1187 1212 1213
f 1187 1213 1214
f 1187 1214 1215
f 1187 1215 1188
f 1187 1210 1211
f 1188 1215 1189
f 1189 1215 1190
f 1190 1215 1216
f 1190 1216 1191
f 1191 1216 1217
f 1191 1217 1192
f 1192 1217 1193
f 1195 1206 1205
f 1197 1219 1218
f 1206 1220 1221
f 1206 1221 1207
f 1208 1222 1209
f 1209 1223 1210
f 1209 1222 1223
f 1210 1224 1225
f 1210 1225 1226
f 1210 1226 1211
f 1210 1223 1224
f 1211 1226 1227
f 1211 1227 1212
f 1212 1227 1228
f 1212 1228 1229
f 1212 1229 1213
f 1213 1229 1214
f 1214 1229 1230
f 1214 1230 1215
f 1215 1230 1220
f 1215 1220 1216
f 1218 1219 1231
f 1218 1231 1223
f 1218 1223 1222
f 1220 1230 1228
f 1220 1228 1232
f 1220 1232 1233
f 1220 1233 1221
f 1221 1233 1234
f 1223 1231 1224
f 1225 1235 1226
f 1226 1235 1236
f 1226 1236 1227
f 1227 1236 1232
f 1227 1232 1228
f 1228 1230 1229
f 1232 1236 1234
f 1232 1234 1233
f 1234 1236 1235

o geometry_10
v -0.00403757 0.00290609 0.00609836
v -0.00403757 0.00292831 0.00379127
v -0.00395942 0.00290609 0.00610628
v -0.00403757 0.00290609 0.00721622
v -0.00403757 0.00295389 0.00346357
v -0.00395942 0.00295658 0.00346357
v -0.00395942 0.00293122 0.00379127
v -0.00373377 0.00290609 0.00648419
v -0.00397639 0.00290609 0.01167712
v -0.00393156 0.00308024 0.01852175
v -0.00403757 0.00292000 0.00721622
v -0.00395942 0.00299563 0.00327329
v -0.00403757 0.00299429 0.00327065
v -0.00377300 0.00298890 0.00346357
v -0.00378814 0.00300371 0.00328915
v -0.00376043 0.00297656 0.00379127
v -0.00370621 0.00290609 0.00666918
v -0.00362958 0.00290609 0.01167712
v -0.00403757 0.00316328 0.00707352
v -0.00360596 0.00308024 0.01852175
v -0.00353932 0.00423109 0.02986164
v -0.00393020 0.00311054 0.01852175
v -0.00403757 0.00423086 0.00322573
v -0.00403757 0.00328985 0.00681189
v -0.00395927 0.00314061 0.00310945
v -0.00403757 0.00313971 0.00310680
v -0.00249043 0.00481930 0.00379127
v -0.00378163 0.00331970 0.00295881
v -0.00366351 0.00290609 0.00702066
v -0.00362989 0.00290609 0.01159520
v -0.00249043 0.00480561 0.00526854
v -0.00249043 0.00479417 0.00887321
v -0.00249043 0.00479237 0.00952596
v -0.00249058 0.00474030 0.02844779
v -0.00249058 0.00473694 0.02976386
v -0.00249058 0.00473671 0.02986164
v -0.00308893 0.00423109 0.02986164
v -0.00388416 0.00350305 0.01852175
v -0.00392732 0.00317427 0.01852175
v -0.00347435 0.00433432 0.02986164
v -0.00329005 0.00476342 0.00379127
v -0.00306061 0.00492747 0.00379127
v -0.00403757 0.00423086 0.00286632
v -0.00339273 0.00445057 0.02986164
v -0.00335517 0.00449860 0.02986164
v -0.00319085 0.00470552 0.02986164
v -0.00296868 0.00486486 0.02986164
v -0.00395927 0.00330511 0.00294824
v -0.00403757 0.00330399 0.00294824
v -0.00249043 0.00519880 0.00379127
v -0.00249043 0.00480673 0.00509941
v -0.00363897 0.00290609 0.01028177
v -0.00364124 0.00290609 0.00995408
v -0.00364367 0.00290609 0.00962638
v -0.00365336 0.00290609 0.00833409
v -0.00365790 0.00290609 0.00773684
v -0.00346693 0.00399679 0.00297467
v -0.00340211 0.00423086 0.00293238
v -0.00395927 0.00350305 0.00289803
v -0.00375180 0.00350305 0.00293503
v -0.00249043 0.00477531 0.01628866
v -0.00249043 0.00477464 0.01661371
v -0.00249058 0.00512474 0.02986164
v -0.00289796 0.00504126 0.00379127
v -0.00283890 0.00500355 0.02022895
v -0.00395927 0.00423086 0.00286367
v -0.00403757 0.00383161 0.00286632
v -0.00289372 0.00504395 0.00379127
v -0.00264444 0.00514404 0.00379127
v -0.00285010 0.00494431 0.02986164
v -0.00283663 0.00500176 0.02088698
v -0.00283784 0.00500266 0.02055929
v -0.00403757 0.00350305 0.00289803
v -0.00264763 0.00507559 0.02986164
v -0.00249043 0.00519162 0.00576537
v -0.00360747 0.00423086 0.00289539
v -0.00368001 0.00383161 0.00291653
v -0.00395927 0.00383161 0.00286632
v -0.00249043 0.00514090 0.01661371
v -0.00249043 0.00519027 0.00609571
v -0.00395927 0.00416017 0.00286367
v -0.00282633 0.00499435 0.02351648
f 1237 1238 1239
f 1237 1239 1244
f 1237 1244 1253
f 1237 1253 1265
f 1237 1265 1292
f 1237 1292 1291
f 1237 1291 1290
f 1237 1290 1289
f 1237 1289 1288
f 1237 1288 1266
f 1237 1266 1254
f 1237 1254 1245
f 1237 1245 1240
f 1237 1240 1247
f 1237 1247 1255
f 1237 1255 1260
f 1237 1260 1259
f 1237 1259 1279
f 1237 1279 1303
f 1237 1303 1309
f 1237 1309 1285
f 1237 1285 1262
f 1237 1262 1249
f 1237 1249 1241
f 1237 1241 1238
f 1238 1241 1242
f 1238 1242 1243
f 1238 1243 1244
f 1238 1244 1239
f 1240 1245 1246
f 1240 1246 1247
f 1241 1248 1242
f 1241 1249 1248
f 1242 1250 1243
f 1242 1248 1251
f 1242 1251 1250
f 1243 1252 1253
f 1243 1253 1244
f 1243 1250 1252
f 1245 1254 1256
f 1245 1256 1246
f 1246 1255 1247
f 1246 1256 1273
f 1246 1273 1257
f 1246 1257 1258
f 1246 1258 1259
f 1246 1259 1260
f 1246 1260 1255
f 1248 1249 1261
f 1248 1261 1251
f 1249 1262 1261
f 1250 1251 1263
f 1250 1263 1252
f 1251 1261 1264
f 1251 1264 1263
f 1252 1263 1265
f 1252 1265 1253
f 1254 1266 1267
f 1254 1267 1268
f 1254 1268 1269
f 1254 1269 1270
f 1254 1270 1271
f 1254 1271 1272
f 1254 1272 1256
f 1256 1272 1273
f 1257 1274 1275
f 1257 1275 1258
f 1257 1273 1272
f 1257 1272 1299
f 1257 1299 1310
f 1257 1310 1306
f 1257 1306 1283
f 1257 1283 1282
f 1257 1282 1281
f 1257 1281 1280
f 1257 1280 1276
f 1257 1276 1259
f 1257 1259 1274
f 1258 1275 1259
f 1259 1277 1278
f 1259 1278 1279
f 1259 1275 1274
f 1259 1276 1280
f 1259 1280 1281
f 1259 1281 1282
f 1259 1282 1283
f 1259 1283 1277
f 1261 1262 1284
f 1261 1284 1264
f 1262 1285 1284
f 1263 1286 1311
f 1263 1311 1316
f 1263 1316 1315
f 1263 1315 1298
f 1263 1298 1297
f 1263 1297 1269
f 1263 1269 1268
f 1263 1268 1267
f 1263 1267 1287
f 1263 1287 1266
f 1263 1266 1288
f 1263 1288 1289
f 1263 1289 1290
f 1263 1290 1291
f 1263 1291 1292
f 1263 1292 1265
f 1263 1264 1293
f 1263 1293 1294
f 1263 1294 1286
f 1264 1284 1295
f 1264 1295 1296
f 1264 1296 1294
f 1264 1294 1293
f 1266 1287 1267
f 1269 1297 1271
f 1269 1271 1270
f 1271 1297 1272
f 1272 1297 1298
f 1272 1298 1315
f 1272 1315 1299
f 1277 1283 1278
f 1278 1300 1279
f 1278 1283 1301
f 1278 1301 1300
f 1279 1302 1317
f 1279 1317 1303
f 1279 1300 1304
f 1279 1304 1305
f 1279 1305 1286
f 1279 1286 1302
f 1283 1306 1307
f 1283 1307 1308
f 1283 1308 1301
f 1284 1285 1295
f 1285 1309 1295
f 1286 1305 1310
f 1286 1310 1299
f 1286 1299 1311
f 1286 1294 1312
f 1286 1312 1302
f 1294 1296 1313
f 1294 1313 1312
f 1295 1309 1303
f 1295 1303 1314
f 1295 1314 1296
f 1296 1314 1313
f 1299 1315 1316
f 1299 1316 1311
f 1300 1301 1304
f 1301 1308 1310
f 1301 1310 1304
f 1302 1312 1317
f 1303 1317 1314
f 1304 1310 1305
f 1306 1310 1318
f 1306 1318 1307
f 1307 1318 1310
f 1307 1310 1308
f 1312 1314 1317
f 1312 1313 1314

o geometry_11
v 0.00586987 -0.00537635 0.02561096
v 0.00586987 -0.00603388 0.02559768
v 0.00586987 -0.00523298 0.02555560
v 0.00577700 -0.00523298 0.02570176
v 0.00311308 -0.00523298 0.02927617
v 0.00311438 -0.00537635 0.02927839
v 0.00311438 -0.00603388 0.02927839
v 0.00311373 -0.00613005 0.02927839
v 0.00586987 -0.00613005 0.02558217
v 0.00311308 -0.00624161 0.02927617
v 0.00310464 -0.00646096 0.02926510
v 0.00586987 -0.00523298 0.02418696
v 0.00287475 -0.00523273 0.02949985
v 0.00280136 -0.00523273 0.02962387
v 0.00308776 -0.00523298 0.02930718
v 0.00282085 -0.00603363 0.02964601
v 0.00287540 -0.00603388 0.02957957
v 0.00298580 -0.00603388 0.02944227
v 0.00586922 -0.00634106 0.02552238
v 0.00586922 -0.00637615 0.02550688
v 0.00586922 -0.00654274 0.02536514
v 0.00586922 -0.00751275 0.02426226
v 0.00586922 -0.00759125 0.02416703
v 0.00586922 -0.00774598 0.02384591
v 0.00586922 -0.00775683 0.02380826
v 0.00586987 -0.00780302 0.01595077
v 0.00287475 -0.00612979 0.02957957
v 0.00281825 -0.00636277 0.02964380
v 0.00300463 -0.00635595 0.02940683
v 0.00280331 -0.00654955 0.02962608
v 0.00559191 -0.00523298 0.02419139
v 0.00066413 -0.00523273 0.02616905
v 0.00098754 -0.00523273 0.02616462
v 0.00130186 -0.00523273 0.02616241
v 0.00163111 -0.00523273 0.02618677
v 0.00228897 -0.00523273 0.02651896
v 0.00257731 -0.00523273 0.02680686
v 0.00287475 -0.00523273 0.02713241
v 0.00586987 -0.00637110 0.00787181
v 0.00275785 -0.00523273 0.02967259
v 0.00277344 -0.00537610 0.02967259
v 0.00287475 -0.00537610 0.02955743
v 0.00287540 -0.00558131 0.02956629
v 0.00278578 -0.00570473 0.02967259
v 0.00279617 -0.00603363 0.02967259
v 0.00282020 -0.00613005 0.02964601
v 0.00572375 -0.00648948 0.02563090
v 0.00542177 -0.00653567 0.02599853
v 0.00275590 -0.00683478 0.02923852
v 0.00239353 -0.00714196 0.02920309
v 0.00212662 -0.00751452 0.02894398
v 0.00218506 -0.00754354 0.02877788
v 0.00586922 -0.00780277 0.02351593
v 0.00196037 -0.00754329 0.02902592
v 0.00166293 -0.00758267 0.02913886
v 0.00586922 -0.00780428 0.02347828
v 0.00586922 -0.00781135 0.02315052
v 0.00586987 -0.00780327 0.01592198
v 0.00267473 -0.00613005 0.02979661
v 0.00266693 -0.00636277 0.02979661
v 0.00256757 -0.00659499 0.02979661
v 0.00256043 -0.00666364 0.02971245
v 0.00243769 -0.00684336 0.02958622
v 0.00038812 -0.00523273 0.02622220
v 0.00586987 -0.00775506 0.00787181
v -0.00076459 -0.00722525 0.00787181
v -0.00032883 -0.00523273 0.02682015
v -0.00000153 -0.00523273 0.02649017
v 0.00063360 -0.00523273 0.02967259
v 0.00031604 -0.00673507 0.03049643
v 0.00064529 -0.00673507 0.03048536
v 0.00081090 -0.00673507 0.03046543
v 0.00095701 -0.00673507 0.03044771
v 0.00097390 -0.00673507 0.03044549
v 0.00126224 -0.00673507 0.03037906
v 0.00132523 -0.00673507 0.03036134
v 0.00151292 -0.00673507 0.03029490
v 0.00217467 -0.00721945 0.02932046
v 0.00196037 -0.00745646 0.02918980
v 0.00179411 -0.00751174 0.02926953
v 0.00130250 -0.00762532 0.02910786
v 0.00157461 -0.00755137 0.02933597
v 0.00127653 -0.00756096 0.02944227
v 0.00064529 -0.00761775 0.02910786
v 0.00031604 -0.00760993 0.02910786
v -0.00001257 -0.00760084 0.02910786
v -0.00034182 -0.00758948 0.02910786
v -0.00034182 -0.00759074 0.02713241
v -0.00034182 -0.00759125 0.02614691
v -0.00034182 -0.00759302 0.02187046
v -0.00034182 -0.00759579 0.00806891
v 0.00557633 -0.00778964 0.00839889
v 0.00586922 -0.00781034 0.02216279
v 0.00586987 -0.00779570 0.00839889
v 0.00163176 -0.00673507 0.03024839
v 0.00169930 -0.00673507 0.03021960
v 0.00196166 -0.00673507 0.03008229
v 0.00200712 -0.00673507 0.03005572
v 0.00217013 -0.00673507 0.02994942
v 0.00236301 -0.00673482 0.02979661
v 0.00221883 -0.00692034 0.02968145
v 0.00586987 -0.00778889 0.00806891
v -0.00020804 -0.00758822 0.00787181
v -0.00076459 -0.00673507 0.02993391
v -0.00064445 -0.00523273 0.02782116
v -0.00063731 -0.00523273 0.02749783
v -0.00076459 -0.00756247 0.00787181
v 0.00031604 -0.00523273 0.02952864
v 0.00055632 -0.00523323 0.02967259
v -0.00001257 -0.00673507 0.03048979
v -0.00001257 -0.00707457 0.03014873
v 0.00031604 -0.00724191 0.02998707
v 0.00064529 -0.00723636 0.02998264
v 0.00064529 -0.00707305 0.03014652
v 0.00097390 -0.00705235 0.03012437
v 0.00118041 -0.00686708 0.03027054
v 0.00139992 -0.00683604 0.03023732
v 0.00163176 -0.00679414 0.03019081
v 0.00204869 -0.00713944 0.02953971
v 0.00208116 -0.00683175 0.02990070
v 0.00182918 -0.00720380 0.02962387
v 0.00166293 -0.00743677 0.02944227
v 0.00136940 -0.00747691 0.02955521
v 0.00097390 -0.00758721 0.02943563
v 0.00064529 -0.00760362 0.02943563
v 0.00031604 -0.00760311 0.02943563
v 0.00114989 -0.00751704 0.02960394
v 0.00097390 -0.00753269 0.02962608
v -0.00001257 -0.00759478 0.02943563
v -0.00034182 -0.00758469 0.02943563
v -0.00067043 -0.00756777 0.02910786
v -0.00067043 -0.00757257 0.02220044
v -0.00067043 -0.00756374 0.02943563
v -0.00067108 -0.00757939 0.00806891
v -0.00053730 -0.00757560 0.00787181
v -0.00034182 -0.00758418 0.00787181
v 0.00186230 -0.00689031 0.02996935
v -0.00076459 -0.00673507 0.03044328
v -0.00064445 -0.00523273 0.02812235
v -0.00067108 -0.00756878 0.00787181
v -0.00076459 -0.00756777 0.00797590
v -0.00001257 -0.00523273 0.02932711
v -0.00067497 -0.00673507 0.03045435
v -0.00048599 -0.00673507 0.03046764
v -0.00034182 -0.00673507 0.03047650
v -0.00034182 -0.00674012 0.03047207
v -0.00034182 -0.00690520 0.03030819
v -0.00034182 -0.00723434 0.02997821
v -0.00001257 -0.00740346 0.02981654
v 0.00031604 -0.00740623 0.02982097
v 0.00064529 -0.00740093 0.02981433
v 0.00097390 -0.00737821 0.02978997
v 0.00116613 -0.00719320 0.02993835
v 0.00138563 -0.00715736 0.02990070
v 0.00163176 -0.00694382 0.03002471
v 0.00163176 -0.00725403 0.02967702
v 0.00163176 -0.00710788 0.02984090
v 0.00064529 -0.00755112 0.02965044
v 0.00031604 -0.00755465 0.02965709
v -0.00001257 -0.00755112 0.02965266
v -0.00034182 -0.00754632 0.02964601
v -0.00067043 -0.00753648 0.02963273
v -0.00076459 -0.00753219 0.02962830
v -0.00076459 -0.00755919 0.02910786
v -0.00076459 -0.00756424 0.02144968
v -0.00076459 -0.00757181 0.00839889
v -0.00076459 -0.00756146 0.02580807
v -0.00076459 -0.00755515 0.02943563
v -0.00076459 -0.00757181 0.00806891
v -0.00076459 -0.00677041 0.03041006
v -0.00023142 -0.00523273 0.02911007
v -0.00058535 -0.00523273 0.02845012
v -0.00076459 -0.00688980 0.03029268
v -0.00067043 -0.00689434 0.03029711
v -0.00067043 -0.00722450 0.02996935
v -0.00034182 -0.00739866 0.02981211
v -0.00067043 -0.00738882 0.02979882
v -0.00076459 -0.00742668 0.02974567
v -0.00076459 -0.00721995 0.02996492
v -0.00076459 -0.00738453 0.02979218
f 1319 1320 1327
f 1319 1327 1344
f 1319 1344 1376
f 1319 1376 1412
f 1319 1412 1420
f 1319 1420 1383
f 1319 1383 1357
f 1319 1357 1330
f 1319 1330 1321
f 1319 1321 1322
f 1319 1322 1323
f 1319 1323 1324
f 1319 1324 1325
f 1319 1325 1326
f 1319 1326 1320
f 1320 1326 1328
f 1320 1328 1329
f 1320 1329 1327
f 1321 1330 1356
f 1321 1356 1331
f 1321 1331 1332
f 1321 1332 1322
f 1322 1332 1323
f 1323 1333 1324
f 1323 1332 1333
f 1324 1333 1334
f 1324 1334 1335
f 1324 1335 1336
f 1324 1336 1325
f 1325 1336 1326
f 1326 1336 1328
f 1327 1337 1338
f 1327 1338 1339
f 1327 1339 1340
f 1327 1340 1341
f 1327 1341 1342
f 1327 1342 1343
f 1327 1343 1344
f 1327 1329 1337
f 1328 1336 1345
f 1328 1345 1346
f 1328 1346 1347
f 1328 1347 1329
f 1329 1338 1337
f 1329 1347 1346
f 1329 1346 1348
f 1329 1348 1338
f 1330 1349 1350
f 1330 1350 1351
f 1330 1351 1352
f 1330 1352 1353
f 1330 1353 1354
f 1330 1354 1355
f 1330 1355 1356
f 1330 1357 1349
f 1331 1356 1355
f 1331 1355 1354
f 1331 1354 1353
f 1331 1353 1352
f 1331 1352 1351
f 1331 1351 1350
f 1331 1350 1382
f 1331 1382 1386
f 1331 1386 1385
f 1331 1385 1424
f 1331 1424 1423
f 1331 1423 1457
f 1331 1457 1490
f 1331 1490 1489
f 1331 1489 1460
f 1331 1460 1426
f 1331 1426 1387
f 1331 1387 1358
f 1331 1358 1332
f 1332 1358 1333
f 1333 1358 1359
f 1333 1359 1360
f 1333 1360 1361
f 1333 1361 1334
f 1334 1361 1362
f 1334 1362 1363
f 1334 1363 1364
f 1334 1364 1335
f 1335 1364 1345
f 1335 1345 1336
f 1338 1365 1339
f 1338 1348 1365
f 1339 1365 1340
f 1340 1365 1366
f 1340 1366 1348
f 1340 1348 1341
f 1341 1367 1368
f 1341 1368 1369
f 1341 1369 1342
f 1341 1348 1367
f 1342 1369 1370
f 1342 1370 1343
f 1343 1371 1344
f 1343 1370 1372
f 1343 1372 1373
f 1343 1373 1371
f 1344 1371 1374
f 1344 1374 1375
f 1344 1375 1376
f 1345 1364 1346
f 1346 1364 1377
f 1346 1377 1378
f 1346 1378 1348
f 1348 1378 1379
f 1348 1379 1380
f 1348 1380 1381
f 1348 1381 1368
f 1348 1368 1367
f 1348 1366 1365
f 1349 1382 1350
f 1349 1357 1382
f 1357 1383 1421
f 1357 1421 1454
f 1357 1454 1453
f 1357 1453 1458
f 1357 1458 1425
f 1357 1425 1384
f 1357 1384 1385
f 1357 1385 1386
f 1357 1386 1382
f 1358 1387 1388
f 1358 1388 1389
f 1358 1389 1390
f 1358 1390 1391
f 1358 1391 1392
f 1358 1392 1393
f 1358 1393 1394
f 1358 1394 1395
f 1358 1395 1377
f 1358 1377 1359
f 1359 1377 1362
f 1359 1362 1361
f 1359 1361 1360
f 1362 1377 1363
f 1363 1377 1364
f 1368 1381 1396
f 1368 1396 1369
f 1369 1396 1397
f 1369 1397 1398
f 1369 1398 1372
f 1369 1372 1370
f 1371 1373 1399
f 1371 1399 1374
f 1372 1398 1400
f 1372 1400 1373
f 1373 1400 1401
f 1373 1401 1399
f 1374 1399 1402
f 1374 1402 1375
f 1375 1402 1403
f 1375 1403 1404
f 1375 1404 1405
f 1375 1405 1406
f 1375 1406 1407
f 1375 1407 1408
f 1375 1408 1409
f 1375 1409 1410
f 1375 1410 1411
f 1375 1411 1412
f 1375 1412 1376
f 1377 1395 1413
f 1377 1413 1414
f 1377 1414 1378
f 1378 1414 1379
f 1379 1414 1415
f 1379 1415 1416
f 1379 1416 1417
f 1379 1417 1418
f 1379 1418 1381
f 1379 1381 1380
f 1381 1418 1419
f 1381 1419 1396
f 1383 1420 1421
f 1384 1422 1423
f 1384 1423 1424
f 1384 1424 1385
f 1384 1425 1459
f 1384 1459 1487
f 1384 1487 1484
f 1384 1484 1483
f 1384 1483 1485
f 1384 1485 1482
f 1384 1482 1486
f 1384 1486 1481
f 1384 1481 1496
f 1384 1496 1498
f 1384 1498 1497
f 1384 1497 1491
f 1384 1491 1488
f 1384 1488 1456
f 1384 1456 1422
f 1387 1426 1427
f 1387 1427 1388
f 1388 1428 1429
f 1388 1429 1430
f 1388 1430 1431
f 1388 1431 1432
f 1388 1432 1389
f 1388 1427 1428
f 1389 1432 1390
f 1390 1432 1391
f 1391 1432 1431
f 1391 1431 1392
f 1392 1431 1433
f 1392 1433 1434
f 1392 1434 1393
f 1393 1434 1394
f 1394 1434 1435
f 1394 1435 1395
f 1395 1435 1436
f 1395 1436 1413
f 1396 1398 1397
f 1396 1419 1398
f 1398 1419 1437
f 1398 1437 1438
f 1398 1438 1439
f 1398 1439 1440
f 1398 1440 1441
f 1398 1441 1400
f 1399 1401 1442
f 1399 1442 1443
f 1399 1443 1444
f 1399 1444 1402
f 1400 1441 1445
f 1400 1445 1401
f 1401 1445 1446
f 1401 1446 1442
f 1402 1444 1403
f 1403 1444 1447
f 1403 1447 1404
f 1404 1447 1448
f 1404 1448 1405
f 1405 1449 1450
f 1405 1450 1406
f 1405 1448 1451
f 1405 1451 1449
f 1406 1450 1407
f 1407 1450 1452
f 1407 1452 1408
f 1408 1452 1409
f 1409 1452 1453
f 1409 1453 1454
f 1409 1454 1420
f 1409 1420 1410
f 1410 1420 1412
f 1410 1412 1411
f 1413 1436 1414
f 1414 1436 1455
f 1414 1455 1415
f 1415 1455 1416
f 1416 1455 1438
f 1416 1438 1417
f 1417 1438 1418
f 1418 1438 1419
f 1419 1438 1437
f 1420 1454 1421
f 1422 1456 1457
f 1422 1457 1423
f 1425 1458 1452
f 1425 1452 1459
f 1426 1456 1427
f 1426 1460 1456
f 1427 1456 1461
f 1427 1461 1462
f 1427 1462 1463
f 1427 1463 1428
f 1428 1463 1464
f 1428 1464 1465
f 1428 1465 1466
f 1428 1466 1429
f 1429 1466 1467
f 1429 1467 1430
f 1430 1467 1468
f 1430 1468 1431
f 1431 1468 1469
f 1431 1469 1433
f 1433 1469 1470
f 1433 1470 1434
f 1434 1470 1471
f 1434 1471 1435
f 1435 1471 1445
f 1435 1445 1472
f 1435 1472 1436
f 1436 1472 1441
f 1436 1441 1473
f 1436 1473 1455
f 1438 1455 1439
f 1439 1455 1474
f 1439 1474 1440
f 1440 1474 1441
f 1441 1474 1475
f 1441 1475 1473
f 1441 1472 1445
f 1442 1446 1476
f 1442 1476 1443
f 1443 1476 1477
f 1443 1477 1444
f 1444 1477 1478
f 1444 1478 1479
f 1444 1479 1447
f 1445 1470 1446
f 1445 1471 1470
f 1446 1470 1469
f 1446 1469 1476
f 1447 1479 1448
f 1448 1479 1480
f 1448 1480 1481
f 1448 1481 1451
f 1449 1482 1450
f 1449 1451 1486
f 1449 1486 1482
f 1450 1483 1484
f 1450 1484 1452
f 1450 1482 1485
f 1450 1485 1483
f 1451 1481 1486
f 1452 1484 1487
f 1452 1487 1459
f 1452 1458 1453
f 1455 1475 1474
f 1455 1473 1475
f 1456 1488 1461
f 1456 1460 1489
f 1456 1489 1490
f 1456 1490 1457
f 1461 1488 1491
f 1461 1491 1492
f 1461 1492 1462
f 1462 1492 1493
f 1462 1493 1465
f 1462 1465 1464
f 1462 1464 1463
f 1465 1493 1466
f 1466 1493 1494
f 1466 1494 1467
f 1467 1494 1478
f 1467 1478 1477
f 1467 1477 1468
f 1468 1477 1476
f 1468 1476 1469
f 1478 1494 1479
f 1479 1494 1495
f 1479 1495 1480
f 1480 1495 1481
f 1481 1495 1496
f 1491 1497 1493
f 1491 1493 1492
f 1493 1497 1495
f 1493 1495 1494
f 1495 1498 1496
f 1495 1497 1498

o geometry_12
v 0.00590636 -0.00781275 0.02335390
v 0.00623533 -0.00774221 0.02351794
v 0.00586987 -0.00780667 0.02335390
v 0.00586987 -0.00779177 0.00823073
v 0.00590636 -0.00779360 0.00823073
v 0.00674439 -0.00752083 0.02403078
v 0.00623533 -0.00772153 0.02384600
v 0.00588812 -0.00775452 0.02383799
v 0.00623533 -0.00770511 0.00806670
v 0.00686181 -0.00749681 0.02351794
v 0.00634771 -0.00750745 0.02433434
v 0.00605380 -0.00751718 0.02434565
v 0.00586987 -0.00759138 0.02416653
v 0.00586987 -0.00773369 0.00773863
v 0.00623533 -0.00768139 0.00773863
v 0.00672710 -0.00751232 0.00806670
v 0.00661785 -0.00753512 0.00773863
v 0.00741338 -0.00720093 0.02345195
v 0.00710650 -0.00723256 0.02407037
v 0.00738360 -0.00718147 0.02367443
v 0.00586987 -0.00759929 0.00745393
v 0.00635419 -0.00756584 0.00748126
v 0.00722128 -0.00731953 0.02318987
v 0.00750822 -0.00715897 0.02302301
v 0.00738072 -0.00678920 0.02400438
v 0.00700421 -0.00701909 0.02429474
v 0.00677993 -0.00723013 0.02437204
v 0.00804442 -0.00652647 0.02335013
v 0.00586987 -0.00637504 0.02550708
v 0.00623533 -0.00746975 0.00728801
v 0.00712427 -0.00721857 0.00751049
v 0.00676360 -0.00719972 0.00723144
v 0.00744627 -0.00710089 0.00774051
v 0.00736247 -0.00717113 0.00806858
v 0.00801224 -0.00683238 0.02252996
v 0.00586987 -0.00603324 0.02559759
v 0.00837627 -0.00653073 0.02270531
v 0.00868555 -0.00616643 0.02264686
v 0.00586987 -0.00735115 0.00724134
v 0.00726594 -0.00599858 0.00642070
v 0.00774426 -0.00687739 0.00753500
v 0.00741386 -0.00687130 0.00723333
v 0.00779133 -0.00691023 0.00806858
v 0.00968734 -0.00455660 0.02203598
v 0.00873069 -0.00622543 0.02220189
v 0.00902220 -0.00585505 0.02232822
v 0.00940832 -0.00530526 0.02210951
v 0.00586987 -0.00610136 0.00675065
v 0.00744603 -0.00591344 0.00642070
v 0.00807900 -0.00471838 0.00634905
v 0.00726594 -0.00425799 0.00642070
v 0.00836666 -0.00619259 0.00725030
v 0.00845407 -0.00626617 0.00746901
v 0.00867018 -0.00616461 0.00773863
v 0.00834025 -0.00650032 0.01004076
v 0.00837147 -0.00652586 0.01851962
v 0.00586987 -0.00537642 0.02561078
v 0.01006385 -0.00373192 0.02175316
v 0.01042692 -0.00274547 0.02146845
v 0.01045429 -0.00160332 0.02147223
v 0.01002063 -0.00424218 0.02171545
v 0.00904861 -0.00589093 0.02187383
v 0.00934925 -0.00552603 0.02187383
v 0.00586987 -0.00486373 0.00675065
v 0.00805114 -0.00522803 0.00642070
v 0.00779565 -0.00561847 0.00642070
v 0.00755025 -0.00404878 0.00642070
v 0.00784752 -0.00409379 0.00642070
v 0.00970751 -0.00386450 0.00723144
v 0.00971760 -0.00433280 0.00721824
v 0.00868171 -0.00617556 0.00806670
v 0.00929258 -0.00160332 0.02233011
v 0.00586987 -0.00503615 0.02547974
v 0.01066704 -0.00160332 0.02122052
v 0.00972048 -0.00494158 0.02178144
v 0.01005329 -0.00431029 0.02154576
v 0.01035296 -0.00359813 0.02139681
v 0.00935405 -0.00553576 0.02154576
v 0.00974161 -0.00497320 0.02154576
v 0.00586987 -0.00486920 0.02486792
v 0.00782303 -0.00160332 0.00905279
v 0.00783119 -0.00160332 0.00872472
v 0.00795413 -0.00160332 0.00851166
v 0.00968542 -0.00455174 0.00724653
v 0.00931659 -0.00515687 0.00728989
v 0.00820818 -0.00160332 0.00846075
v 0.00985110 -0.00160332 0.00844756
v 0.01018007 -0.00160332 0.00849658
v 0.01035488 -0.00160332 0.00855314
v 0.01002303 -0.00386815 0.00755951
v 0.01000910 -0.00419353 0.00759156
v 0.00877055 -0.00594993 0.00747089
v 0.00903517 -0.00587512 0.01693961
v 0.00912881 -0.00160332 0.02240364
v 0.00886516 -0.00160332 0.02244135
v 0.00853667 -0.00160332 0.02242815
v 0.01068577 -0.00234164 0.02108382
v 0.01008162 -0.00436564 0.02121203
v 0.00786385 -0.00160332 0.01924174
v 0.00939343 -0.00525722 0.00751237
v 0.01049944 -0.00160332 0.00872472
v 0.01065407 -0.00160332 0.00898491
v 0.01003120 -0.00425678 0.00781028
v 0.00832728 -0.00160332 0.02238855
v 0.00586987 -0.00487529 0.02517902
v 0.00799447 -0.00160332 0.02210951
v 0.01067665 -0.00247635 0.02088774
v 0.01073091 -0.00208804 0.02088774
v 0.01076645 -0.00160332 0.02088774
v 0.00999542 -0.00435195 0.00806670
v 0.01016855 -0.00406155 0.01381920
v 0.01037793 -0.00366685 0.02088585
v 0.01046246 -0.00340290 0.02088585
v 0.00907190 -0.00576109 0.00938274
v 0.00942801 -0.00530405 0.00806670
v 0.00972480 -0.00494371 0.01529927
v 0.00788113 -0.00160332 0.02154576
v 0.00970295 -0.00484640 0.00770799
v 0.01067377 -0.00192809 0.00921305
v 0.01035728 -0.00330620 0.00853240
v 0.00791379 -0.00160332 0.02187383
v 0.01077606 -0.00160332 0.02055778
v 0.00974809 -0.00480900 0.00806670
v 0.01020504 -0.00389674 0.00971175
v 0.01038994 -0.00338101 0.00905467
v 0.01053545 -0.00307388 0.01792759
v 0.01069393 -0.00160332 0.00938274
v 0.01047446 -0.00307388 0.00905467
v 0.01056139 -0.00274547 0.01102685
f 1499 1501 1502
f 1499 1502 1503
f 1499 1503 1500
f 1500 1504 1505
f 1500 1505 1499
f 1499 1505 1506
f 1499 1506 1501
f 1501 1506 1511
f 1501 1511 1527
f 1501 1527 1534
f 1501 1534 1555
f 1501 1555 1571
f 1501 1571 1603
f 1501 1603 1578
f 1501 1578 1562
f 1501 1562 1546
f 1501 1546 1537
f 1501 1537 1519
f 1501 1519 1512
f 1501 1512 1502
f 1503 1507 1500
f 1500 1508 1504
f 1505 1504 1509
f 1505 1509 1506
f 1506 1509 1510
f 1506 1510 1511
f 1503 1502 1512
f 1503 1512 1513
f 1503 1513 1507
f 1507 1514 1500
f 1507 1513 1515
f 1507 1515 1514
f 1500 1514 1508
f 1504 1508 1516
f 1504 1516 1518
f 1504 1518 1517
f 1512 1519 1520
f 1512 1520 1513
f 1513 1520 1515
f 1508 1514 1521
f 1508 1521 1522
f 1508 1522 1516
f 1517 1523 1524
f 1517 1524 1525
f 1517 1525 1504
f 1517 1518 1526
f 1517 1526 1523
f 1504 1525 1509
f 1509 1525 1527
f 1509 1527 1510
f 1510 1527 1511
f 1519 1528 1520
f 1520 1529 1515
f 1520 1530 1529
f 1514 1515 1531
f 1514 1531 1532
f 1514 1532 1521
f 1521 1532 1522
f 1522 1533 1516
f 1524 1523 1534
f 1524 1534 1527
f 1524 1527 1525
f 1518 1535 1536
f 1518 1536 1526
f 1518 1516 1533
f 1518 1533 1535
f 1519 1537 1528
f 1528 1530 1520
f 1528 1538 1530
f 1529 1539 1531
f 1529 1531 1515
f 1530 1540 1529
f 1522 1532 1541
f 1522 1541 1533
f 1532 1531 1541
f 1523 1526 1542
f 1523 1542 1534
f 1535 1543 1544
f 1535 1544 1536
f 1536 1544 1545
f 1536 1545 1526
f 1537 1546 1538
f 1537 1538 1528
f 1530 1538 1547
f 1530 1547 1540
f 1538 1548 1547
f 1538 1546 1562
f 1538 1562 1549
f 1538 1549 1548
f 1539 1540 1550
f 1539 1550 1551
f 1539 1551 1552
f 1529 1540 1539
f 1540 1547 1550
f 1531 1539 1541
f 1533 1541 1553
f 1533 1553 1554
f 1533 1554 1535
f 1534 1542 1556
f 1534 1556 1557
f 1534 1557 1558
f 1534 1558 1555
f 1542 1559 1556
f 1535 1554 1543
f 1543 1560 1544
f 1526 1545 1542
f 1544 1561 1545
f 1548 1563 1564
f 1548 1564 1547
f 1548 1549 1565
f 1548 1565 1566
f 1548 1566 1567
f 1548 1567 1568
f 1548 1568 1563
f 1549 1562 1565
f 1550 1547 1564
f 1552 1569 1541
f 1552 1541 1539
f 1554 1553 1543
f 1555 1570 1571
f 1555 1558 1570
f 1556 1559 1557
f 1557 1572 1558
f 1542 1545 1559
f 1559 1545 1573
f 1559 1573 1574
f 1559 1574 1575
f 1559 1575 1557
f 1560 1561 1544
f 1560 1576 1561
f 1545 1561 1573
f 1561 1576 1577
f 1561 1577 1573
f 1562 1578 1579
f 1562 1579 1580
f 1562 1580 1581
f 1562 1581 1565
f 1563 1568 1582
f 1563 1582 1583
f 1563 1583 1564
f 1564 1583 1550
f 1565 1581 1584
f 1565 1584 1585
f 1565 1585 1566
f 1566 1585 1586
f 1566 1586 1587
f 1566 1587 1567
f 1567 1587 1588
f 1567 1588 1568
f 1568 1588 1589
f 1568 1589 1582
f 1550 1583 1590
f 1550 1590 1551
f 1551 1590 1552
f 1543 1591 1560
f 1541 1569 1553
f 1570 1558 1572
f 1570 1572 1607
f 1570 1607 1620
f 1570 1620 1625
f 1570 1625 1600
f 1570 1600 1599
f 1570 1599 1587
f 1570 1587 1586
f 1570 1586 1585
f 1570 1585 1584
f 1570 1584 1581
f 1570 1581 1580
f 1570 1580 1579
f 1570 1579 1597
f 1570 1597 1615
f 1570 1615 1619
f 1570 1619 1604
f 1570 1604 1602
f 1570 1602 1594
f 1570 1594 1593
f 1570 1593 1592
f 1570 1592 1571
f 1571 1593 1594
f 1571 1592 1593
f 1557 1575 1595
f 1557 1595 1572
f 1574 1573 1596
f 1574 1596 1575
f 1560 1591 1576
f 1577 1596 1573
f 1579 1578 1597
f 1582 1598 1583
f 1583 1598 1590
f 1587 1599 1588
f 1588 1599 1600
f 1588 1600 1589
f 1590 1598 1552
f 1553 1569 1543
f 1591 1543 1569
f 1594 1602 1571
f 1571 1602 1604
f 1571 1604 1603
f 1595 1575 1605
f 1595 1605 1606
f 1595 1606 1607
f 1595 1607 1572
f 1596 1608 1609
f 1596 1609 1610
f 1596 1610 1575
f 1575 1610 1611
f 1575 1611 1605
f 1576 1591 1612
f 1576 1612 1613
f 1576 1613 1614
f 1576 1614 1577
f 1578 1603 1615
f 1578 1615 1597
f 1582 1589 1616
f 1582 1616 1598
f 1600 1618 1589
f 1600 1617 1618
f 1589 1618 1601
f 1601 1616 1589
f 1601 1608 1616
f 1552 1613 1569
f 1569 1613 1612
f 1569 1612 1591
f 1603 1604 1619
f 1603 1619 1615
f 1606 1620 1607
f 1577 1614 1596
f 1608 1621 1616
f 1608 1596 1621
f 1608 1601 1622
f 1608 1622 1609
f 1609 1622 1610
f 1610 1622 1623
f 1610 1623 1611
f 1611 1623 1624
f 1598 1616 1613
f 1598 1613 1552
f 1600 1625 1617
f 1617 1626 1618
f 1617 1627 1626
f 1618 1626 1601
f 1601 1626 1623
f 1601 1623 1622
f 1611 1624 1605
f 1605 1624 1627
f 1605 1627 1617
f 1605 1617 1606
f 1606 1617 1620
f 1620 1617 1625
f 1596 1614 1621
f 1623 1626 1624
f 1624 1626 1627
f 1613 1616 1621
f 1613 1621 1614

o geometry_13
v 0.00807863 -0.00473297 0.00641793
v 0.00807863 -0.00473684 0.00641793
v 0.00807863 -0.00471095 0.00640892
v 0.00807842 -0.00470932 0.00641793
v 0.00726526 -0.00425998 0.00674862
v 0.00806847 -0.00504694 0.00641793
v 0.00804426 -0.00489974 -0.00015528
v 0.00807863 -0.00471829 0.00634585
v 0.00726526 -0.00601779 0.00674862
v 0.00804426 -0.00454846 -0.00015528
v 0.00804534 -0.00454438 0.00017360
v 0.00806112 -0.00448465 0.00641793
v 0.00586987 -0.00486406 0.00674862
v 0.00801118 -0.00432114 0.00641793
v 0.00801010 -0.00431910 0.00641793
v 0.00784665 -0.00409300 0.00641793
v 0.00754979 -0.00404795 0.00641793
v 0.00805031 -0.00522757 0.00641793
v 0.00804923 -0.00522553 0.00609085
v 0.00804815 -0.00522329 0.00576196
v 0.00804599 -0.00521799 0.00510419
v 0.00804361 -0.00521289 0.00444642
v 0.00804296 -0.00521146 0.00427252
v 0.00801161 -0.00506406 -0.00015528
v 0.00804361 -0.00489056 -0.00032558
v 0.00804750 -0.00471829 0.00017360
v 0.00743326 -0.00590688 0.00280199
v 0.00743434 -0.00590770 0.00313178
v 0.00744342 -0.00591524 0.00641793
v 0.00744515 -0.00591422 0.00641793
v 0.00760882 -0.00578334 0.00641793
v 0.00779454 -0.00561901 0.00641793
v 0.00795907 -0.00539189 0.00641793
v 0.00722073 -0.00603961 0.00674862
v 0.00722073 -0.00600230 -0.00114194
v 0.00726548 -0.00597906 -0.00106805
v 0.00742180 -0.00589730 -0.00081305
v 0.00804339 -0.00455193 -0.00032468
v 0.00799799 -0.00438414 -0.00015528
v 0.00799885 -0.00438026 0.00017360
v 0.00799972 -0.00437680 0.00050159
v 0.00800664 -0.00434764 0.00345976
v 0.00800902 -0.00433847 0.00444642
v 0.00801291 -0.00432318 0.00609085
v 0.00800123 -0.00437007 0.00116026
v 0.00800361 -0.00436049 0.00214602
v 0.00754979 -0.00404407 0.00609085
v 0.00754979 -0.00403775 0.00411844
v 0.00754979 -0.00403001 0.00148915
v 0.00754979 -0.00402715 0.00050159
v 0.00754979 -0.00402572 -0.00015528
v 0.00586987 -0.00486386 0.00645488
v 0.00586987 -0.00610179 0.00674862
v 0.00784837 -0.00409076 0.00609085
v 0.00795821 -0.00539006 0.00609085
v 0.00795626 -0.00538517 0.00543308
v 0.00795302 -0.00537722 0.00444642
v 0.00790632 -0.00537579 -0.00015528
v 0.00789702 -0.00537579 -0.00048417
v 0.00786913 -0.00537579 -0.00081305
v 0.00793378 -0.00504694 -0.00081305
v 0.00795021 -0.00471829 -0.00081305
v 0.00801485 -0.00471829 -0.00049138
v 0.00804383 -0.00471829 -0.00032829
v 0.00804556 -0.00471829 -0.00015528
v 0.00758720 -0.00576336 -0.00048417
v 0.00779194 -0.00561616 0.00543308
v 0.00777227 -0.00559883 -0.00048417
v 0.00689209 -0.00610220 0.00674862
v 0.00689209 -0.00607406 -0.00114194
v 0.00689209 -0.00606856 -0.00146993
v 0.00724689 -0.00595785 -0.00148344
v 0.00726548 -0.00594949 -0.00147173
v 0.00740493 -0.00588609 -0.00138252
v 0.00726548 -0.00597824 -0.00114194
v 0.00741791 -0.00589567 -0.00114194
v 0.00791734 -0.00438944 -0.00081305
v 0.00799237 -0.00442124 -0.00045443
v 0.00782481 -0.00410666 -0.00048417
v 0.00783346 -0.00409892 -0.00015528
v 0.00783454 -0.00409810 0.00017360
v 0.00783540 -0.00409749 0.00050159
v 0.00784232 -0.00409341 0.00345976
v 0.00784773 -0.00409096 0.00576196
v 0.00784448 -0.00409219 0.00444642
v 0.00784146 -0.00409382 0.00313178
v 0.00754979 -0.00403306 -0.00048417
v 0.00586987 -0.00486161 -0.00212770
v 0.00586987 -0.00486121 -0.00179881
v 0.00586987 -0.00486121 -0.00176367
v 0.00586987 -0.00486182 0.00020965
v 0.00586987 -0.00486345 0.00546822
v 0.00656346 -0.00610831 0.00674862
v 0.00586987 -0.00607223 -0.00179881
v 0.00776232 -0.00559312 -0.00081305
v 0.00774027 -0.00557192 -0.00107436
v 0.00778459 -0.00540148 -0.00116717
v 0.00784989 -0.00504694 -0.00114194
v 0.00784946 -0.00471829 -0.00114194
v 0.00758612 -0.00575744 -0.00081305
v 0.00590597 -0.00607202 -0.00179881
v 0.00623461 -0.00606733 -0.00179881
v 0.00656346 -0.00604837 -0.00179881
v 0.00691069 -0.00597029 -0.00182224
v 0.00715478 -0.00592890 -0.00172853
v 0.00726548 -0.00594277 -0.00150146
v 0.00737402 -0.00585449 -0.00160148
v 0.00779173 -0.00437231 -0.00116357
v 0.00775238 -0.00417945 -0.00106805
v 0.00779389 -0.00413521 -0.00081305
v 0.00754979 -0.00406670 -0.00081305
v 0.00732559 -0.00416925 -0.00114194
v 0.00586987 -0.00487222 -0.00230791
v 0.00586987 -0.00606326 -0.00183485
v 0.00770806 -0.00552829 -0.00129332
v 0.00774027 -0.00530912 -0.00134918
v 0.00775173 -0.00504694 -0.00136630
v 0.00774957 -0.00471829 -0.00136450
v 0.00773768 -0.00447038 -0.00134648
v 0.00590597 -0.00598456 -0.00212770
v 0.00621234 -0.00595092 -0.00214842
v 0.00656346 -0.00594705 -0.00206643
v 0.00681339 -0.00590872 -0.00201146
v 0.00703241 -0.00584633 -0.00194749
v 0.00743520 -0.00563532 -0.00169699
v 0.00724364 -0.00574093 -0.00182224
v 0.00769292 -0.00425121 -0.00128791
v 0.00747369 -0.00419270 -0.00141046
v 0.00756990 -0.00415294 -0.00116357
v 0.00734634 -0.00419270 -0.00141046
v 0.00701879 -0.00453480 -0.00198443
v 0.00623461 -0.00485917 -0.00231962
v 0.00586987 -0.00502859 -0.00238450
v 0.00586987 -0.00598497 -0.00212770
v 0.00764622 -0.00540148 -0.00146362
v 0.00746936 -0.00537579 -0.00173484
v 0.00764103 -0.00504694 -0.00153030
v 0.00764082 -0.00471829 -0.00152850
v 0.00747650 -0.00471829 -0.00174114
v 0.00744753 -0.00444775 -0.00170600
v 0.00586987 -0.00597355 -0.00214752
v 0.00590597 -0.00587957 -0.00230160
v 0.00608780 -0.00587243 -0.00229529
v 0.00630704 -0.00583165 -0.00227187
v 0.00658443 -0.00571504 -0.00223402
v 0.00691069 -0.00572380 -0.00207454
v 0.00711327 -0.00562717 -0.00200515
v 0.00731326 -0.00537579 -0.00189793
v 0.00709792 -0.00453480 -0.00198443
v 0.00650097 -0.00486141 -0.00231422
v 0.00590597 -0.00504714 -0.00239441
v 0.00586987 -0.00504714 -0.00239351
v 0.00747650 -0.00504694 -0.00174204
v 0.00732018 -0.00504694 -0.00190604
v 0.00730159 -0.00471829 -0.00190604
v 0.00586987 -0.00587997 -0.00230250
v 0.00590597 -0.00570444 -0.00237819
v 0.00621234 -0.00571504 -0.00234035
v 0.00648908 -0.00561228 -0.00232142
v 0.00671113 -0.00537579 -0.00227998
v 0.00689209 -0.00537579 -0.00218266
v 0.00714873 -0.00537579 -0.00203129
v 0.00726548 -0.00537579 -0.00193758
v 0.00726548 -0.00471829 -0.00193037
v 0.00713705 -0.00471849 -0.00201597
v 0.00671999 -0.00504714 -0.00228809
v 0.00655546 -0.00504714 -0.00233494
v 0.00623461 -0.00504714 -0.00238630
v 0.00586987 -0.00537579 -0.00245658
v 0.00715565 -0.00504714 -0.00203669
v 0.00586987 -0.00570444 -0.00237909
v 0.00590597 -0.00537579 -0.00245478
v 0.00623461 -0.00537579 -0.00241694
v 0.00654659 -0.00537579 -0.00234035
v 0.00689209 -0.00504714 -0.00219708
f 1628 1629 1635
f 1628 1635 1630
f 1628 1630 1631
f 1628 1631 1632
f 1628 1632 1636
f 1628 1636 1629
f 1629 1633 1634
f 1629 1634 1635
f 1629 1636 1633
f 1630 1635 1637
f 1630 1637 1638
f 1630 1638 1639
f 1630 1639 1631
f 1631 1639 1632
f 1632 1640 1680
f 1632 1680 1720
f 1632 1720 1696
f 1632 1696 1661
f 1632 1661 1636
f 1632 1639 1641
f 1632 1641 1642
f 1632 1642 1643
f 1632 1643 1644
f 1632 1644 1640
f 1633 1636 1645
f 1633 1645 1646
f 1633 1646 1647
f 1633 1647 1648
f 1633 1648 1649
f 1633 1649 1650
f 1633 1650 1634
f 1634 1651 1652
f 1634 1652 1635
f 1634 1650 1651
f 1635 1652 1653
f 1635 1653 1637
f 1636 1654 1655
f 1636 1655 1656
f 1636 1656 1657
f 1636 1657 1658
f 1636 1658 1659
f 1636 1659 1660
f 1636 1660 1645
f 1636 1661 1662
f 1636 1662 1663
f 1636 1663 1664
f 1636 1664 1654
f 1637 1653 1665
f 1637 1665 1666
f 1637 1666 1638
f 1638 1666 1667
f 1638 1667 1668
f 1638 1668 1639
f 1639 1669 1670
f 1639 1670 1671
f 1639 1671 1641
f 1639 1668 1672
f 1639 1672 1673
f 1639 1673 1669
f 1640 1644 1674
f 1640 1674 1675
f 1640 1675 1676
f 1640 1676 1677
f 1640 1677 1678
f 1640 1678 1679
f 1640 1679 1719
f 1640 1719 1718
f 1640 1718 1717
f 1640 1717 1716
f 1640 1716 1715
f 1640 1715 1740
f 1640 1740 1760
f 1640 1760 1779
f 1640 1779 1796
f 1640 1796 1798
f 1640 1798 1783
f 1640 1783 1768
f 1640 1768 1761
f 1640 1761 1741
f 1640 1741 1721
f 1640 1721 1680
f 1641 1671 1642
f 1642 1671 1681
f 1642 1681 1643
f 1643 1681 1674
f 1643 1674 1644
f 1645 1660 1682
f 1645 1682 1646
f 1646 1682 1647
f 1647 1682 1683
f 1647 1683 1684
f 1647 1684 1648
f 1648 1684 1649
f 1649 1684 1650
f 1650 1684 1685
f 1650 1685 1651
f 1651 1685 1686
f 1651 1686 1687
f 1651 1687 1652
f 1652 1687 1688
f 1652 1688 1689
f 1652 1689 1690
f 1652 1690 1691
f 1652 1691 1692
f 1652 1692 1653
f 1653 1692 1665
f 1654 1658 1655
f 1654 1664 1658
f 1655 1658 1657
f 1655 1657 1656
f 1658 1693 1694
f 1658 1694 1659
f 1658 1664 1693
f 1659 1694 1660
f 1660 1694 1695
f 1660 1695 1682
f 1661 1696 1697
f 1661 1697 1662
f 1662 1697 1698
f 1662 1698 1699
f 1662 1699 1700
f 1662 1700 1701
f 1662 1701 1702
f 1662 1702 1663
f 1663 1702 1664
f 1664 1702 1703
f 1664 1703 1693
f 1665 1691 1690
f 1665 1690 1689
f 1665 1689 1704
f 1665 1704 1705
f 1665 1705 1666
f 1665 1692 1691
f 1666 1705 1706
f 1666 1706 1707
f 1666 1707 1667
f 1667 1707 1668
f 1668 1707 1672
f 1669 1673 1707
f 1669 1707 1670
f 1670 1707 1671
f 1671 1707 1708
f 1671 1708 1709
f 1671 1709 1710
f 1671 1710 1711
f 1671 1711 1681
f 1672 1707 1673
f 1674 1681 1675
f 1675 1681 1676
f 1676 1681 1677
f 1677 1681 1678
f 1678 1681 1711
f 1678 1711 1712
f 1678 1712 1710
f 1678 1710 1713
f 1678 1713 1709
f 1678 1709 1708
f 1678 1708 1707
f 1678 1707 1714
f 1678 1714 1715
f 1678 1715 1716
f 1678 1716 1717
f 1678 1717 1718
f 1678 1718 1719
f 1678 1719 1679
f 1680 1721 1720
f 1682 1695 1683
f 1683 1695 1684
f 1684 1695 1685
f 1685 1695 1686
f 1686 1695 1722
f 1686 1722 1687
f 1687 1722 1723
f 1687 1723 1724
f 1687 1724 1688
f 1688 1724 1725
f 1688 1725 1689
f 1689 1725 1726
f 1689 1726 1704
f 1693 1695 1694
f 1693 1703 1727
f 1693 1727 1695
f 1695 1727 1722
f 1696 1720 1697
f 1697 1721 1728
f 1697 1728 1698
f 1697 1720 1721
f 1698 1729 1730
f 1698 1730 1731
f 1698 1731 1732
f 1698 1732 1699
f 1698 1728 1729
f 1699 1733 1700
f 1699 1732 1733
f 1700 1733 1701
f 1701 1733 1734
f 1701 1734 1723
f 1701 1723 1722
f 1701 1722 1703
f 1701 1703 1702
f 1703 1722 1727
f 1704 1726 1735
f 1704 1735 1736
f 1704 1736 1737
f 1704 1737 1705
f 1705 1737 1706
f 1706 1737 1738
f 1706 1738 1714
f 1706 1714 1707
f 1709 1713 1710
f 1710 1712 1711
f 1714 1738 1739
f 1714 1739 1715
f 1715 1739 1740
f 1721 1741 1728
f 1723 1742 1724
f 1723 1734 1742
f 1724 1742 1743
f 1724 1743 1725
f 1725 1743 1744
f 1725 1744 1726
f 1726 1744 1745
f 1726 1745 1746
f 1726 1746 1735
f 1728 1741 1729
f 1729 1741 1747
f 1729 1747 1730
f 1730 1747 1748
f 1730 1748 1749
f 1730 1749 1731
f 1731 1749 1750
f 1731 1750 1732
f 1732 1734 1733
f 1732 1750 1751
f 1732 1751 1734
f 1734 1752 1742
f 1734 1751 1753
f 1734 1753 1752
f 1735 1746 1754
f 1735 1754 1736
f 1736 1754 1755
f 1736 1755 1756
f 1736 1756 1738
f 1736 1738 1737
f 1738 1756 1755
f 1738 1755 1757
f 1738 1757 1739
f 1739 1757 1740
f 1740 1758 1759
f 1740 1759 1760
f 1740 1757 1758
f 1741 1761 1747
f 1742 1752 1762
f 1742 1762 1743
f 1743 1762 1763
f 1743 1763 1764
f 1743 1764 1744
f 1744 1764 1765
f 1744 1765 1745
f 1745 1765 1746
f 1746 1765 1766
f 1746 1766 1767
f 1746 1767 1754
f 1747 1761 1768
f 1747 1768 1769
f 1747 1769 1770
f 1747 1770 1748
f 1748 1770 1749
f 1749 1770 1771
f 1749 1771 1750
f 1750 1771 1772
f 1750 1772 1751
f 1751 1772 1773
f 1751 1773 1774
f 1751 1774 1753
f 1752 1763 1762
f 1752 1753 1774
f 1752 1774 1775
f 1752 1775 1763
f 1754 1767 1755
f 1755 1767 1776
f 1755 1776 1758
f 1755 1758 1757
f 1758 1776 1759
f 1759 1777 1778
f 1759 1778 1779
f 1759 1779 1760
f 1759 1776 1777
f 1763 1780 1764
f 1763 1775 1781
f 1763 1781 1780
f 1764 1780 1766
f 1764 1766 1765
f 1766 1780 1781
f 1766 1781 1782
f 1766 1782 1767
f 1767 1782 1776
f 1768 1783 1769
f 1769 1783 1784
f 1769 1784 1770
f 1770 1784 1785
f 1770 1785 1771
f 1771 1785 1786
f 1771 1786 1772
f 1772 1786 1773
f 1773 1786 1774
f 1774 1786 1787
f 1774 1787 1788
f 1774 1788 1789
f 1774 1789 1790
f 1774 1790 1775
f 1775 1790 1781
f 1776 1782 1791
f 1776 1791 1792
f 1776 1792 1793
f 1776 1793 1777
f 1777 1793 1794
f 1777 1794 1795
f 1777 1795 1778
f 1778 1795 1796
f 1778 1796 1779
f 1781 1790 1789
f 1781 1789 1797
f 1781 1797 1782
f 1782 1797 1791
f 1783 1798 1784
f 1784 1798 1796
f 1784 1796 1799
f 1784 1799 1800
f 1784 1800 1785
f 1785 1800 1786
f 1786 1800 1801
f 1786 1801 1787
f 1787 1801 1793
f 1787 1793 1802
f 1787 1802 1788
f 1788 1802 1789
f 1789 1802 1797
f 1791 1797 1792
f 1792 1797 1802
f 1792 1802 1793
f 1793 1801 1794
f 1794 1801 1800
f 1794 1800 1795
f 1795 1800 1799
f 1795 1799 1796

o geometry_14
v -0.00399770 -0.00229163 0.00764886
v -0.00606792 -0.00215015 0.01852345
v -0.00542359 -0.00413560 0.01852345
v -0.00399770 -0.00241640 0.00764886
v -0.00399770 -0.00229163 0.00680976
v -0.00518273 -0.00215015 0.00726606
v -0.00643957 -0.00215015 0.01852345
v -0.00399770 -0.00326570 0.00707313
v -0.00399770 -0.00306960 0.00731353
v -0.00583299 -0.00413560 0.01852345
v -0.00518273 -0.00413560 0.00327269
v -0.00399770 -0.00355994 0.00379942
v -0.00399770 -0.00355100 0.00444865
v -0.00399770 -0.00354556 0.00477786
v -0.00399770 -0.00353001 0.00563686
v -0.00399770 -0.00352729 0.00578233
v -0.00518273 -0.00215015 0.00688632
v -0.00399770 -0.00282978 0.00379942
v -0.00643883 -0.00215656 0.01852345
v -0.00651829 -0.00215015 0.00800410
v -0.00587099 -0.00406019 0.01852345
v -0.00583348 -0.00413560 0.01845302
v -0.00518273 -0.00413560 0.00289754
v -0.00518273 -0.00382386 0.00288223
v -0.00518273 -0.00373155 0.00288070
v -0.00527478 -0.00215015 0.00688785
v -0.00518273 -0.00284630 0.00346256
v -0.00518273 -0.00349503 0.00289601
v -0.00518273 -0.00340271 0.00290367
v -0.00518273 -0.00320701 0.00294960
v -0.00518273 -0.00304278 0.00310273
v -0.00518273 -0.00293356 0.00322063
v -0.00518273 -0.00289178 0.00326656
v -0.00518273 -0.00285893 0.00340743
v -0.00642649 -0.00225568 0.01852345
v -0.00651879 -0.00215015 0.00773767
v -0.00648325 -0.00241660 0.00773767
v -0.00584212 -0.00413560 0.01714231
v -0.00603584 -0.00370745 0.01852345
v -0.00602622 -0.00373505 0.01825702
v -0.00614097 -0.00366858 0.00707925
v -0.00592874 -0.00413560 0.00379023
v -0.00520000 -0.00413560 0.00289907
v -0.00527478 -0.00373155 0.00288529
v -0.00527478 -0.00340271 0.00290520
v -0.00560373 -0.00215015 0.00689704
v -0.00527478 -0.00284688 0.00346256
v -0.00527478 -0.00320759 0.00294960
v -0.00527478 -0.00304337 0.00310273
v -0.00527478 -0.00289178 0.00326810
v -0.00624807 -0.00307407 0.01852345
v -0.00644179 -0.00265487 0.00773767
v -0.00651336 -0.00215015 0.00768408
v -0.00612073 -0.00340679 0.00346409
v -0.00612049 -0.00364506 0.00346256
v -0.00613332 -0.00368704 0.00379023
v -0.00608298 -0.00360036 0.01852345
v -0.00609729 -0.00356810 0.01849589
v -0.00620538 -0.00340271 0.01200972
v -0.00622117 -0.00340271 0.00971139
v -0.00622537 -0.00340271 0.00905297
v -0.00623499 -0.00340271 0.00740693
v -0.00606200 -0.00385146 0.00379023
v -0.00605509 -0.00380948 0.00346256
v -0.00593491 -0.00406019 0.00346256
v -0.00589765 -0.00413560 0.00346256
v -0.00527478 -0.00406019 0.00290214
v -0.00527355 -0.00413560 0.00291133
v -0.00560645 -0.00372067 0.00293429
v -0.00578265 -0.00351660 0.00296032
v -0.00560595 -0.00340524 0.00293889
v -0.00549787 -0.00321828 0.00295726
v -0.00585125 -0.00215015 0.00692460
v -0.00550749 -0.00289819 0.00327728
v -0.00592479 -0.00215015 0.00694145
v -0.00623030 -0.00313821 0.01852345
v -0.00650447 -0.00215015 0.00763202
v -0.00610494 -0.00322469 0.00357434
v -0.00608199 -0.00330010 0.00335537
v -0.00610371 -0.00351913 0.00328494
v -0.00610371 -0.00358987 0.00328494
v -0.00609704 -0.00356810 0.01852345
v -0.00610864 -0.00353584 0.01852345
v -0.00620044 -0.00340271 0.01266661
v -0.00587470 -0.00413560 0.00338906
v -0.00547442 -0.00413560 0.00295420
v -0.00578265 -0.00360386 0.00296032
v -0.00593220 -0.00340835 0.00313488
v -0.00571701 -0.00329738 0.00298482
v -0.00561237 -0.00307019 0.00313182
v -0.00572688 -0.00292170 0.00334159
v -0.00627398 -0.00215015 0.00712060
v -0.00620612 -0.00215015 0.00707313
v -0.00595515 -0.00215015 0.00695370
v -0.00614664 -0.00342778 0.01852345
v -0.00615775 -0.00340271 0.01825702
v -0.00646425 -0.00215015 0.00740234
v -0.00593318 -0.00307330 0.00345796
v -0.00645388 -0.00215015 0.00736559
v -0.00586260 -0.00314132 0.00320532
v -0.00592306 -0.00370628 0.00313947
v -0.00583719 -0.00406019 0.00321757
v -0.00581596 -0.00413560 0.00324053
v -0.00557190 -0.00413560 0.00301698
v -0.00571775 -0.00382309 0.00299248
v -0.00641761 -0.00215015 0.00726147
v -0.00565580 -0.00406019 0.00305373
v -0.00563779 -0.00413560 0.00307516
v -0.00577327 -0.00413560 0.00319766
f 1803 1804 1805
f 1803 1805 1806
f 1803 1806 1811
f 1803 1811 1810
f 1803 1810 1818
f 1803 1818 1817
f 1803 1817 1816
f 1803 1816 1815
f 1803 1815 1814
f 1803 1814 1820
f 1803 1820 1807
f 1803 1807 1819
f 1803 1819 1808
f 1803 1808 1804
f 1804 1809 1821
f 1804 1821 1837
f 1804 1837 1853
f 1804 1853 1878
f 1804 1878 1897
f 1804 1897 1885
f 1804 1885 1884
f 1804 1884 1859
f 1804 1859 1841
f 1804 1841 1823
f 1804 1823 1812
f 1804 1812 1805
f 1804 1808 1819
f 1804 1819 1828
f 1804 1828 1848
f 1804 1848 1875
f 1804 1875 1877
f 1804 1877 1896
f 1804 1896 1895
f 1804 1895 1894
f 1804 1894 1908
f 1804 1908 1901
f 1804 1901 1899
f 1804 1899 1879
f 1804 1879 1855
f 1804 1855 1838
f 1804 1838 1822
f 1804 1822 1809
f 1805 1810 1811
f 1805 1811 1806
f 1805 1812 1824
f 1805 1824 1840
f 1805 1840 1844
f 1805 1844 1868
f 1805 1868 1887
f 1805 1887 1905
f 1805 1905 1911
f 1805 1911 1910
f 1805 1910 1906
f 1805 1906 1888
f 1805 1888 1870
f 1805 1870 1845
f 1805 1845 1825
f 1805 1825 1813
f 1805 1813 1814
f 1805 1814 1815
f 1805 1815 1816
f 1805 1816 1817
f 1805 1817 1818
f 1805 1818 1810
f 1807 1820 1819
f 1809 1822 1821
f 1812 1823 1824
f 1813 1825 1814
f 1814 1825 1826
f 1814 1826 1827
f 1814 1827 1820
f 1819 1820 1829
f 1819 1829 1828
f 1820 1827 1830
f 1820 1830 1831
f 1820 1831 1832
f 1820 1832 1833
f 1820 1833 1834
f 1820 1834 1835
f 1820 1835 1836
f 1820 1836 1829
f 1821 1822 1837
f 1822 1838 1839
f 1822 1839 1837
f 1823 1840 1824
f 1823 1841 1842
f 1823 1842 1843
f 1823 1843 1844
f 1823 1844 1840
f 1825 1845 1846
f 1825 1846 1826
f 1826 1846 1827
f 1827 1846 1847
f 1827 1847 1830
f 1828 1829 1848
f 1829 1836 1849
f 1829 1849 1848
f 1830 1847 1831
f 1831 1847 1850
f 1831 1850 1832
f 1832 1850 1851
f 1832 1851 1833
f 1833 1851 1834
f 1834 1852 1835
f 1834 1851 1852
f 1835 1852 1836
f 1836 1852 1849
f 1837 1839 1854
f 1837 1854 1853
f 1838 1855 1856
f 1838 1856 1857
f 1838 1857 1858
f 1838 1858 1839
f 1839 1858 1854
f 1841 1859 1842
f 1842 1859 1860
f 1842 1860 1843
f 1843 1860 1861
f 1843 1861 1862
f 1843 1862 1863
f 1843 1863 1864
f 1843 1864 1858
f 1843 1858 1865
f 1843 1865 1844
f 1844 1865 1866
f 1844 1866 1867
f 1844 1867 1868
f 1845 1869 1846
f 1845 1870 1869
f 1846 1869 1871
f 1846 1871 1889
f 1846 1889 1872
f 1846 1872 1873
f 1846 1873 1847
f 1847 1873 1874
f 1847 1874 1850
f 1848 1849 1875
f 1849 1852 1876
f 1849 1876 1877
f 1849 1877 1875
f 1850 1874 1851
f 1851 1874 1876
f 1851 1876 1852
f 1853 1854 1861
f 1853 1861 1878
f 1854 1864 1863
f 1854 1863 1862
f 1854 1862 1861
f 1854 1858 1864
f 1855 1879 1880
f 1855 1880 1856
f 1856 1880 1881
f 1856 1881 1882
f 1856 1882 1883
f 1856 1883 1857
f 1857 1883 1866
f 1857 1866 1858
f 1858 1866 1865
f 1859 1884 1860
f 1860 1884 1885
f 1860 1885 1886
f 1860 1886 1861
f 1861 1886 1878
f 1866 1883 1867
f 1867 1883 1887
f 1867 1887 1868
f 1869 1870 1888
f 1869 1888 1871
f 1871 1888 1889
f 1872 1890 1891
f 1872 1891 1873
f 1872 1889 1883
f 1872 1883 1882
f 1872 1882 1890
f 1873 1891 1874
f 1874 1891 1892
f 1874 1892 1876
f 1876 1893 1894
f 1876 1894 1895
f 1876 1895 1896
f 1876 1896 1877
f 1876 1892 1893
f 1878 1886 1898
f 1878 1898 1897
f 1879 1899 1880
f 1880 1900 1881
f 1880 1899 1901
f 1880 1901 1900
f 1881 1900 1902
f 1881 1902 1890
f 1881 1890 1882
f 1883 1889 1903
f 1883 1903 1904
f 1883 1904 1905
f 1883 1905 1887
f 1885 1897 1898
f 1885 1898 1886
f 1888 1906 1907
f 1888 1907 1889
f 1889 1907 1903
f 1890 1902 1891
f 1891 1902 1892
f 1892 1902 1893
f 1893 1902 1900
f 1893 1900 1908
f 1893 1908 1894
f 1900 1901 1908
f 1903 1907 1904
f 1904 1907 1909
f 1904 1909 1910
f 1904 1910 1911
f 1904 1911 1905
f 1906 1910 1909
f 1906 1909 1907

o geometry_15
v -0.00076459 -0.00723032 0.02910516
v -0.00495180 -0.00413580 0.02986544
v -0.00417735 -0.00516248 0.02986544
v -0.00076459 -0.00755898 0.02910516
v -0.00076459 -0.00726900 0.00806982
v -0.00248993 -0.00516248 0.00272658
v -0.00248993 -0.00516248 0.00354269
v -0.00552961 -0.00413580 0.02986544
v -0.00555135 -0.00413580 0.00378460
v -0.00485424 -0.00516248 0.02986544
v -0.00249043 -0.00714622 0.02926997
v -0.00100067 -0.00753678 0.02910516
v -0.00100067 -0.00753913 0.02647607
v -0.00100067 -0.00755360 0.00806982
v -0.00076459 -0.00756436 0.02177615
v -0.00076459 -0.00757243 0.00806982
v -0.00248993 -0.00537643 0.00270797
v -0.00248993 -0.00528930 0.00271329
v -0.00450088 -0.00516248 0.00289672
v -0.00592745 -0.00413580 0.00378460
v -0.00560948 -0.00413580 0.02978037
v -0.00551950 -0.00416237 0.02986544
v -0.00503825 -0.00493407 0.02986544
v -0.00518485 -0.00498486 0.02968201
v -0.00495180 -0.00516248 0.02976974
v -0.00412680 -0.00620061 0.02926997
v -0.00374463 -0.00648452 0.02926997
v -0.00366223 -0.00654339 0.02926997
v -0.00358033 -0.00660025 0.02926997
v -0.00330988 -0.00676474 0.02926997
v -0.00314559 -0.00685961 0.02926997
v -0.00297421 -0.00694001 0.02926997
v -0.00229429 -0.00723200 0.02910516
v -0.00198694 -0.00732686 0.02910516
v -0.00118771 -0.00751693 0.02910516
v -0.00119075 -0.00751794 0.02811892
v -0.00124231 -0.00752635 0.00806982
v -0.00428755 -0.00605764 0.00346294
v -0.00395846 -0.00606806 0.00346294
v -0.00248993 -0.00597219 0.00313065
v -0.00248993 -0.00585613 0.00298178
v -0.00248993 -0.00571249 0.00282760
v -0.00395846 -0.00565968 0.00292330
v -0.00428755 -0.00561830 0.00293925
v -0.00428755 -0.00537643 0.00289140
v -0.00460957 -0.00516248 0.00291532
v -0.00592594 -0.00413950 0.00378460
v -0.00592897 -0.00413580 0.00379257
v -0.00477993 -0.00516248 0.00294722
v -0.00483351 -0.00516248 0.00295786
v -0.00491136 -0.00516248 0.00300571
v -0.00499073 -0.00516248 0.00306951
v -0.00515957 -0.00516248 0.00322103
v -0.00553517 -0.00438978 0.02971657
v -0.00550939 -0.00418222 0.02986544
v -0.00576367 -0.00413580 0.02943479
v -0.00509588 -0.00486107 0.02986544
v -0.00547552 -0.00461281 0.02964745
v -0.00522226 -0.00503701 0.02943479
v -0.00512722 -0.00516248 0.02943479
v -0.00464394 -0.00573066 0.02926997
v -0.00448015 -0.00589617 0.02926997
v -0.00429109 -0.00606033 0.02926997
v -0.00420920 -0.00613097 0.02926997
v -0.00412730 -0.00620128 0.02910516
v -0.00398778 -0.00642936 0.00741055
v -0.00358286 -0.00660193 0.02877818
v -0.00358134 -0.00660125 0.02910516
v -0.00382349 -0.00654575 0.00741055
v -0.00331089 -0.00676575 0.02910516
v -0.00314660 -0.00685994 0.02910516
v -0.00297421 -0.00694169 0.02910516
v -0.00248032 -0.00718423 0.02338975
v -0.00229530 -0.00723267 0.02877818
v -0.00231401 -0.00727876 0.00806982
v -0.00198694 -0.00735613 0.00806982
v -0.00248993 -0.00720744 0.00750625
v -0.00248993 -0.00720341 0.00746372
v -0.00248993 -0.00717515 0.00726700
v -0.00454890 -0.00595806 0.00346294
v -0.00449987 -0.00591635 0.00324496
v -0.00428755 -0.00595503 0.00319179
v -0.00395846 -0.00596984 0.00316521
v -0.00251419 -0.00719802 0.00747435
v -0.00395846 -0.00582418 0.00299773
v -0.00428755 -0.00578280 0.00302697
v -0.00447459 -0.00556650 0.00295786
v -0.00459743 -0.00535255 0.00294191
v -0.00583191 -0.00435008 0.00378460
v -0.00522832 -0.00516248 0.00333268
v -0.00583242 -0.00435109 0.00379257
v -0.00479459 -0.00522741 0.00296317
v -0.00469399 -0.00544674 0.00303761
v -0.00491743 -0.00534649 0.00314926
v -0.00514036 -0.00524591 0.00326357
v -0.00538958 -0.00440592 0.02986544
v -0.00546389 -0.00426800 0.02986544
v -0.00549473 -0.00464275 0.02943479
v -0.00513885 -0.00479884 0.02986544
v -0.00538655 -0.00480725 0.02943479
v -0.00536582 -0.00444360 0.02986544
v -0.00543912 -0.00488327 0.01586137
v -0.00544266 -0.00488798 0.01497083
v -0.00511003 -0.00521261 0.02736395
v -0.00509689 -0.00520251 0.02926997
v -0.00480267 -0.00556582 0.02926997
v -0.00472432 -0.00564824 0.02926997
v -0.00464495 -0.00573167 0.02910516
v -0.00465153 -0.00573806 0.02746231
v -0.00472280 -0.00581139 0.00773753
v -0.00473797 -0.00582485 0.00379257
v -0.00455952 -0.00596714 0.00773487
v -0.00437400 -0.00613366 0.00708092
v -0.00420970 -0.00626620 0.00708092
v -0.00398374 -0.00643036 0.00708092
v -0.00358943 -0.00660664 0.02680305
v -0.00457317 -0.00597589 0.00379257
v -0.00381894 -0.00654239 0.00708092
v -0.00322344 -0.00689998 0.00741055
v -0.00322293 -0.00689964 0.00773487
v -0.00338065 -0.00680208 0.00938569
v -0.00337105 -0.00679973 0.01201478
v -0.00335790 -0.00679603 0.01563276
v -0.00230845 -0.00723671 0.02548717
v -0.00252986 -0.00720442 0.00773487
v -0.00249043 -0.00721854 0.00773753
v -0.00231603 -0.00727809 0.00806982
v -0.00471320 -0.00579726 0.00346294
v -0.00319513 -0.00688517 0.00713940
v -0.00482087 -0.00558332 0.00325559
v -0.00459693 -0.00568457 0.00314128
v -0.00548260 -0.00494517 0.00378460
v -0.00526775 -0.00516248 0.00344965
v -0.00517625 -0.00528661 0.00346294
v -0.00548260 -0.00494584 0.00379257
v -0.00554124 -0.00471810 0.01563010
v -0.00486384 -0.00563310 0.00346294
v -0.00502864 -0.00545111 0.00346294
v -0.00547704 -0.00493710 0.00543542
v -0.00533397 -0.00506930 0.01168248
v -0.00532791 -0.00506089 0.01332799
v -0.00511104 -0.00521361 0.02713002
v -0.00480520 -0.00556818 0.02877818
v -0.00480874 -0.00557221 0.02778928
v -0.00488507 -0.00565766 0.00445184
v -0.00488659 -0.00566035 0.00379257
v -0.00456154 -0.00596916 0.00708092
v -0.00536431 -0.00510529 0.00378460
v -0.00519647 -0.00531016 0.00379257
v -0.00531780 -0.00516248 0.00378460
v -0.00536127 -0.00511000 0.00379257
v -0.00501247 -0.00533674 0.02671798
v -0.00513733 -0.00524524 0.02022635
v -0.00514693 -0.00525701 0.01759726
v -0.00517069 -0.00528291 0.01135817
v -0.00502814 -0.00544842 0.01103385
v -0.00504330 -0.00546490 0.00642166
v -0.00519344 -0.00530680 0.00477881
v -0.00531830 -0.00516248 0.00379257
f 1912 1913 1914
f 1912 1914 1915
f 1912 1915 1926
f 1912 1926 1927
f 1912 1927 1916
f 1912 1916 1917
f 1912 1917 1918
f 1912 1918 1913
f 1913 1919 1933
f 1913 1933 1966
f 1913 1966 2008
f 1913 2008 2007
f 1913 2007 2012
f 1913 2012 2010
f 1913 2010 1968
f 1913 1968 1934
f 1913 1934 1921
f 1913 1921 1914
f 1913 1918 1917
f 1913 1917 1920
f 1913 1920 1931
f 1913 1931 1959
f 1913 1959 1967
f 1913 1967 1932
f 1913 1932 1919
f 1914 1921 1922
f 1914 1922 1915
f 1915 1923 1924
f 1915 1924 1925
f 1915 1925 1926
f 1915 1922 1923
f 1916 1927 1928
f 1916 1928 1929
f 1916 1929 1917
f 1917 1929 1930
f 1917 1930 1931
f 1917 1931 1920
f 1919 1932 1933
f 1921 1934 1935
f 1921 1935 1936
f 1921 1936 1937
f 1921 1937 1938
f 1921 1938 1939
f 1921 1939 1940
f 1921 1940 1941
f 1921 1941 1942
f 1921 1942 1943
f 1921 1943 1922
f 1922 1943 1944
f 1922 1944 1945
f 1922 1945 1946
f 1922 1946 1923
f 1923 1946 1947
f 1923 1947 1924
f 1924 1947 1925
f 1925 1927 1926
f 1925 1947 1948
f 1925 1948 1949
f 1925 1949 1927
f 1927 1949 1950
f 1927 1950 1951
f 1927 1951 1952
f 1927 1952 1953
f 1927 1953 1928
f 1928 1953 1954
f 1928 1954 1955
f 1928 1955 1956
f 1928 1956 1930
f 1928 1930 1929
f 1930 1956 1957
f 1930 1957 1931
f 1931 1958 1959
f 1931 1957 1960
f 1931 1960 1961
f 1931 1961 1962
f 1931 1962 1963
f 1931 1963 1964
f 1931 1964 1958
f 1932 1965 1966
f 1932 1966 1933
f 1932 1967 1965
f 1934 1968 1935
f 1935 1969 1970
f 1935 1970 1971
f 1935 1971 1972
f 1935 1972 1973
f 1935 1973 1936
f 1935 1968 1969
f 1936 1973 1974
f 1936 1974 1975
f 1936 1975 1937
f 1937 1975 1976
f 1937 1976 1938
f 1938 1976 1977
f 1938 1977 1939
f 1939 1978 1979
f 1939 1979 1940
f 1939 1977 1980
f 1939 1980 1978
f 1940 1979 1981
f 1940 1981 1941
f 1941 1981 1942
f 1942 1981 1982
f 1942 1982 1983
f 1942 1983 1943
f 1943 1983 1944
f 1944 1983 1984
f 1944 1984 1985
f 1944 1985 1945
f 1945 1947 1946
f 1945 1985 1986
f 1945 1986 1947
f 1947 1986 1987
f 1947 1987 1948
f 1948 1987 1988
f 1948 1988 1989
f 1948 1989 1990
f 1948 1990 1949
f 1949 1991 1992
f 1949 1992 1993
f 1949 1993 1994
f 1949 1994 1950
f 1949 1990 1995
f 1949 1995 1991
f 1950 1994 1951
f 1951 1994 1952
f 1952 1994 1996
f 1952 1996 1953
f 1953 1996 1954
f 1954 1996 1955
f 1955 1996 1997
f 1955 1997 1998
f 1955 1998 1956
f 1956 1998 1999
f 1956 1999 1957
f 1957 1999 1960
f 1958 2000 1959
f 1958 1964 2001
f 1958 2001 2000
f 1959 2000 2002
f 1959 2002 1967
f 1960 1999 1961
f 1961 1999 1998
f 1961 1998 2003
f 1961 2003 1962
f 1962 2003 2004
f 1962 2004 1963
f 1963 2004 2005
f 1963 2005 2006
f 1963 2006 1964
f 1964 2006 2001
f 1965 1967 1969
f 1965 1969 2007
f 1965 2007 2008
f 1965 2008 1966
f 1967 2009 1969
f 1967 2002 2009
f 1968 2010 1969
f 1969 2011 1970
f 1969 2010 2012
f 1969 2012 2007
f 1969 2009 2011
f 1970 2011 2013
f 1970 2013 2014
f 1970 2014 2015
f 1970 2015 1971
f 1971 2016 2017
f 1971 2017 2018
f 1971 2018 1972
f 1971 2015 2016
f 1972 2018 2019
f 1972 2019 1973
f 1973 2019 2020
f 1973 2020 2021
f 1973 2021 2022
f 1973 2022 2023
f 1973 2023 2024
f 1973 2024 1974
f 1974 2024 1975
f 1975 2024 1976
f 1976 2024 2025
f 1976 2025 1977
f 1977 2025 2026
f 1977 2026 1980
f 1978 2027 1981
f 1978 1981 1979
f 1978 1980 2027
f 1980 2026 2028
f 1980 2028 2029
f 1980 2029 2030
f 1980 2030 2031
f 1980 2031 2032
f 1980 2032 2033
f 1980 2033 2034
f 1980 2034 2027
f 1981 2027 2034
f 1981 2034 1982
f 1982 2034 2031
f 1982 2031 1983
f 1983 2031 1984
f 1984 2035 1985
f 1984 2031 2036
f 1984 2036 2037
f 1984 2037 2038
f 1984 2038 2035
f 1985 2035 1986
f 1986 2038 2037
f 1986 2037 1988
f 1986 1988 1987
f 1986 2035 2038
f 1988 1995 1989
f 1988 2037 1995
f 1989 1995 1990
f 1991 2039 1992
f 1991 1995 2040
f 1991 2040 2030
f 1991 2030 2028
f 1991 2028 2022
f 1991 2022 2039
f 1992 2039 2041
f 1992 2041 2042
f 1992 2042 1998
f 1992 1998 1997
f 1992 1997 1993
f 1993 1997 1996
f 1993 1996 1994
f 1995 2037 2036
f 1995 2036 2030
f 1995 2030 2040
f 1998 2042 2004
f 1998 2004 2003
f 2000 2043 2002
f 2000 2001 2044
f 2000 2044 2043
f 2001 2006 2045
f 2001 2045 2044
f 2002 2043 2046
f 2002 2046 2047
f 2002 2047 2009
f 2004 2042 2005
f 2005 2042 2041
f 2005 2041 2006
f 2006 2041 2039
f 2006 2039 2048
f 2006 2048 2049
f 2006 2049 2045
f 2009 2047 2050
f 2009 2050 2014
f 2009 2014 2013
f 2009 2013 2011
f 2014 2051 2052
f 2014 2052 2015
f 2014 2050 2051
f 2015 2052 2053
f 2015 2053 2054
f 2015 2054 2017
f 2015 2017 2016
f 2017 2054 2018
f 2018 2054 2020
f 2018 2020 2019
f 2020 2054 2055
f 2020 2055 2021
f 2021 2055 2022
f 2022 2056 2057
f 2022 2057 2049
f 2022 2049 2048
f 2022 2048 2039
f 2022 2028 2058
f 2022 2058 2023
f 2022 2055 2056
f 2023 2058 2024
f 2024 2058 2028
f 2024 2028 2025
f 2025 2028 2026
f 2028 2030 2029
f 2030 2036 2031
f 2031 2034 2033
f 2031 2033 2032
f 2043 2059 2046
f 2043 2044 2059
f 2044 2045 2059
f 2045 2049 2057
f 2045 2057 2060
f 2045 2060 2061
f 2045 2061 2059
f 2046 2062 2051
f 2046 2051 2050
f 2046 2050 2047
f 2046 2059 2062
f 2051 2053 2052
f 2051 2062 2053
f 2053 2063 2054
f 2053 2062 2064
f 2053 2064 2063
f 2054 2063 2064
f 2054 2064 2065
f 2054 2065 2066
f 2054 2066 2055
f 2055 2066 2067
f 2055 2067 2056
f 2056 2068 2069
f 2056 2069 2060
f 2056 2060 2057
f 2056 2067 2068
f 2059 2061 2062
f 2060 2069 2070
f 2060 2070 2061
f 2061 2070 2062
f 2062 2070 2066
f 2062 2066 2065
f 2062 2065 2064
f 2066 2070 2069
f 2066 2069 2067
f 2067 2069 2068

o geometry_16
v -0.00534696 0.00279257 0.00651509
v -0.00534696 0.00279257 0.00703833
v -0.00560369 0.00279257 0.00653957
v -0.00534696 0.00292578 0.00379022
v -0.00534696 0.00282904 0.00701691
v -0.00543254 0.00423101 0.01852377
v -0.00596542 0.00279257 0.01852377
v -0.00594852 0.00279257 0.00670786
v -0.00560369 0.00294902 0.00379022
v -0.00534696 0.00295324 0.00345975
v -0.00613551 0.00279257 0.00685627
v -0.00534696 0.00295747 0.00691135
v -0.00584118 0.00423101 0.01852377
v -0.00534696 0.00298577 0.00688687
v -0.00534696 0.00310687 0.00672622
v -0.00534696 0.00321361 0.00642176
v -0.00534696 0.00423101 0.00340773
v -0.00630328 0.00279257 0.01852377
v -0.00578487 0.00299929 0.00356073
v -0.00561182 0.00297831 0.00345516
v -0.00626166 0.00279257 0.00707505
v -0.00534696 0.00296226 0.00340467
v -0.00584498 0.00423101 0.01792861
v -0.00587858 0.00416046 0.01852377
v -0.00534696 0.00423101 0.00292426
v -0.00624824 0.00317404 0.01852377
v -0.00642615 0.00279257 0.00773600
v -0.00593341 0.00317334 0.00345822
v -0.00572687 0.00302168 0.00334194
v -0.00637903 0.00279257 0.00738564
v -0.00640270 0.00279257 0.00745142
v -0.00550765 0.00299788 0.00327768
v -0.00534696 0.00299352 0.00327003
v -0.00593098 0.00423101 0.00379022
v -0.00588228 0.00416046 0.01792861
v -0.00588027 0.00416046 0.01825756
v -0.00603304 0.00384109 0.01792861
v -0.00603219 0.00383799 0.01825756
v -0.00603135 0.00383545 0.01852377
v -0.00614196 0.00376955 0.00707964
v -0.00534696 0.00416046 0.00291661
v -0.00560802 0.00382165 0.00293344
v -0.00549540 0.00416046 0.00294721
v -0.00547955 0.00423101 0.00295333
v -0.00615696 0.00350285 0.01852377
v -0.00616393 0.00350285 0.01759967
v -0.00619119 0.00350285 0.01398284
v -0.00620355 0.00350285 0.01233813
v -0.00621095 0.00350285 0.01135283
v -0.00621581 0.00350285 0.01069648
v -0.00622796 0.00350285 0.00905177
v -0.00623017 0.00350285 0.00872282
v -0.00623186 0.00350285 0.00839388
v -0.00623662 0.00350285 0.00740705
v -0.00613351 0.00378730 0.00379022
v -0.00612072 0.00374519 0.00346128
v -0.00614534 0.00350285 0.00379022
v -0.00612094 0.00350707 0.00346281
v -0.00608206 0.00340019 0.00335418
v -0.00586295 0.00324093 0.00320424
v -0.00610519 0.00332500 0.00357450
v -0.00561235 0.00317024 0.00313081
v -0.00549783 0.00331880 0.00295639
v -0.00534696 0.00320009 0.00305584
v -0.00591218 0.00423101 0.00354237
v -0.00606220 0.00395163 0.00379022
v -0.00612960 0.00374392 0.01036753
v -0.00612833 0.00374139 0.01069648
v -0.00612706 0.00373886 0.01102389
v -0.00610688 0.00369225 0.01628543
v -0.00610065 0.00367676 0.01792861
v -0.00608533 0.00370295 0.01852377
v -0.00612453 0.00373350 0.01168177
v -0.00612199 0.00372801 0.01233813
v -0.00611692 0.00371675 0.01365390
v -0.00611565 0.00371379 0.01398284
v -0.00534696 0.00382940 0.00289366
v -0.00578276 0.00370548 0.00295945
v -0.00572043 0.00392473 0.00299158
v -0.00565979 0.00416046 0.00304819
v -0.00564352 0.00423101 0.00306808
v -0.00610995 0.00363789 0.01852377
v -0.00609833 0.00367098 0.01852377
v -0.00605533 0.00390966 0.00346128
v -0.00610393 0.00368999 0.00328533
v -0.00610393 0.00361930 0.00328533
v -0.00593235 0.00350848 0.00313540
v -0.00571705 0.00339766 0.00298546
v -0.00560591 0.00350552 0.00293803
v -0.00534696 0.00350341 0.00291202
v -0.00534696 0.00331134 0.00295180
v -0.00590351 0.00423101 0.00346128
v -0.00593764 0.00416046 0.00346128
v -0.00578276 0.00361677 0.00295945
v -0.00592338 0.00380729 0.00313846
v -0.00583981 0.00416046 0.00321342
v -0.00582100 0.00423101 0.00323331
f 2071 2072 2077
f 2071 2077 2088
f 2071 2088 2097
f 2071 2097 2101
f 2071 2101 2100
f 2071 2100 2091
f 2071 2091 2081
f 2071 2081 2078
f 2071 2078 2073
f 2071 2073 2074
f 2071 2074 2080
f 2071 2080 2092
f 2071 2092 2103
f 2071 2103 2134
f 2071 2134 2161
f 2071 2161 2160
f 2071 2160 2147
f 2071 2147 2111
f 2071 2111 2095
f 2071 2095 2087
f 2071 2087 2086
f 2071 2086 2085
f 2071 2085 2084
f 2071 2084 2082
f 2071 2082 2075
f 2071 2075 2072
f 2072 2075 2076
f 2072 2076 2077
f 2073 2078 2074
f 2074 2079 2080
f 2074 2078 2081
f 2074 2081 2079
f 2075 2082 2076
f 2076 2083 2094
f 2076 2094 2109
f 2076 2109 2142
f 2076 2142 2153
f 2076 2153 2152
f 2076 2152 2115
f 2076 2115 2096
f 2076 2096 2088
f 2076 2088 2077
f 2076 2082 2084
f 2076 2084 2085
f 2076 2085 2086
f 2076 2086 2087
f 2076 2087 2095
f 2076 2095 2114
f 2076 2114 2151
f 2076 2151 2167
f 2076 2167 2162
f 2076 2162 2135
f 2076 2135 2104
f 2076 2104 2093
f 2076 2093 2083
f 2079 2089 2090
f 2079 2090 2080
f 2079 2081 2091
f 2079 2091 2089
f 2080 2090 2092
f 2083 2093 2094
f 2088 2096 2097
f 2089 2098 2099
f 2089 2099 2090
f 2089 2091 2100
f 2089 2100 2101
f 2089 2101 2098
f 2090 2099 2102
f 2090 2102 2092
f 2092 2102 2103
f 2093 2104 2105
f 2093 2105 2106
f 2093 2106 2094
f 2094 2107 2108
f 2094 2108 2109
f 2094 2106 2110
f 2094 2110 2107
f 2095 2111 2112
f 2095 2112 2113
f 2095 2113 2114
f 2096 2115 2116
f 2096 2116 2117
f 2096 2117 2118
f 2096 2118 2119
f 2096 2119 2120
f 2096 2120 2121
f 2096 2121 2097
f 2097 2121 2122
f 2097 2122 2123
f 2097 2123 2124
f 2097 2124 2125
f 2097 2125 2126
f 2097 2126 2127
f 2097 2127 2128
f 2097 2128 2101
f 2098 2129 2130
f 2098 2130 2099
f 2098 2101 2131
f 2098 2131 2129
f 2099 2130 2132
f 2099 2132 2102
f 2101 2128 2131
f 2102 2132 2133
f 2102 2133 2134
f 2102 2134 2103
f 2104 2135 2136
f 2104 2136 2110
f 2104 2110 2105
f 2105 2110 2106
f 2107 2110 2108
f 2108 2110 2137
f 2108 2137 2138
f 2108 2138 2139
f 2108 2139 2109
f 2109 2140 2141
f 2109 2141 2142
f 2109 2139 2143
f 2109 2143 2144
f 2109 2144 2145
f 2109 2145 2146
f 2109 2146 2140
f 2110 2136 2125
f 2110 2125 2124
f 2110 2124 2123
f 2110 2123 2122
f 2110 2122 2137
f 2111 2147 2112
f 2112 2147 2148
f 2112 2148 2113
f 2113 2148 2114
f 2114 2148 2149
f 2114 2149 2150
f 2114 2150 2151
f 2115 2152 2116
f 2116 2152 2117
f 2117 2152 2118
f 2118 2152 2119
f 2119 2152 2153
f 2119 2153 2120
f 2120 2153 2121
f 2121 2153 2141
f 2121 2141 2140
f 2121 2140 2146
f 2121 2146 2145
f 2121 2145 2144
f 2121 2144 2143
f 2121 2143 2139
f 2121 2139 2138
f 2121 2138 2122
f 2122 2138 2137
f 2125 2136 2154
f 2125 2154 2126
f 2126 2154 2155
f 2126 2155 2128
f 2126 2128 2127
f 2128 2155 2156
f 2128 2156 2129
f 2128 2129 2131
f 2129 2156 2157
f 2129 2157 2130
f 2130 2157 2158
f 2130 2158 2132
f 2132 2158 2133
f 2133 2159 2160
f 2133 2160 2161
f 2133 2161 2134
f 2133 2158 2159
f 2135 2162 2163
f 2135 2163 2154
f 2135 2154 2136
f 2141 2153 2142
f 2147 2160 2159
f 2147 2159 2164
f 2147 2164 2148
f 2148 2165 2149
f 2148 2164 2156
f 2148 2156 2155
f 2148 2155 2165
f 2149 2165 2166
f 2149 2166 2150
f 2150 2166 2151
f 2151 2166 2167
f 2154 2163 2155
f 2155 2163 2162
f 2155 2162 2167
f 2155 2167 2166
f 2155 2166 2165
f 2156 2164 2157
f 2157 2164 2158
f 2158 2164 2159

o geometry_17
v 0.00782255 -0.00160332 0.00905107
v 0.00783052 -0.00160332 0.00872251
v 0.00782910 -0.00160332 0.00912841
v 0.00782255 0.00171713 0.00905107
v 0.00789575 -0.00160332 0.00860964
v 0.00783052 0.00004878 0.00872251
v 0.00795385 0.00004878 0.00850869
v 0.01026094 -0.00160332 0.00918350
v 0.00782910 0.00171713 0.00912841
v 0.00783081 0.00171713 0.00872251
v 0.00795414 -0.00160332 0.00850869
v 0.00795385 0.00171713 0.00850869
v 0.00820792 -0.00160332 0.00845807
v 0.00808800 -0.00160332 0.00848197
v 0.01068447 -0.00160332 0.00918350
v 0.01027660 -0.00141416 0.00918350
v 0.01040278 0.00004878 0.00918350
v 0.00821304 0.00171713 0.00912841
v 0.00820792 0.00171713 0.00845807
v 0.00853632 -0.00160332 0.00845561
v 0.01068333 -0.00160332 0.00914646
v 0.01069245 -0.00142943 0.00918350
v 0.01073204 0.00004878 0.00918350
v 0.01065827 0.00171713 0.00900875
v 0.00919398 0.00171713 0.00845070
v 0.00936772 -0.00160332 0.00844940
v 0.01068817 -0.00142943 0.00911259
v 0.01071523 -0.00090419 0.00918350
v 0.01066994 -0.00160332 0.00906891
v 0.01066852 -0.00120712 0.00890722
v 0.01073175 -0.00011438 0.00918350
v 0.01072178 0.00004878 0.00905107
v 0.01071096 0.00054314 0.00900875
v 0.01070925 0.00062245 0.00900875
v 0.01070270 0.00087207 0.00900875
v 0.01070099 0.00092440 0.00900875
v 0.01069017 0.00117694 0.00900875
v 0.01068846 0.00121302 0.00900875
v 0.01067080 0.00152959 0.00900875
v 0.01066112 0.00152959 0.00894802
v 0.01065428 0.00171713 0.00898442
v 0.00966451 0.00171713 0.00844724
v 0.00985164 0.00120067 0.00844579
v 0.00985164 -0.00110083 0.00844586
v 0.00952295 -0.00160332 0.00844832
v 0.00985164 0.00004878 0.00844579
v 0.01069416 -0.00109921 0.00903049
v 0.01071068 -0.00077191 0.00905107
v 0.01072036 -0.00077191 0.00918350
v 0.01065399 -0.00160332 0.00898211
v 0.01067650 -0.00098838 0.00888166
v 0.01065998 -0.00142943 0.00894817
v 0.01050019 -0.00160332 0.00872243
v 0.01072720 -0.00044331 0.00918350
v 0.01071780 -0.00044331 0.00905107
v 0.01072121 -0.00011438 0.00905107
v 0.01068590 0.00021422 0.00886491
v 0.01071381 0.00021422 0.00900875
v 0.01071352 0.00028995 0.00900875
v 0.01068419 -0.00044331 0.00886707
v 0.01068476 0.00054314 0.00886628
v 0.01068020 0.00087207 0.00887473
v 0.01067564 0.00108008 0.00888303
v 0.01066852 0.00129948 0.00890787
v 0.01056484 0.00171713 0.00881934
v 0.00985164 0.00171713 0.00844637
v 0.00985164 0.00152959 0.00844586
v 0.01018033 0.00021422 0.00847857
v 0.00985164 -0.00142943 0.00844601
v 0.00985164 -0.00160332 0.00844644
v 0.01068077 -0.00077191 0.00887336
v 0.01072463 -0.00057559 0.00918350
v 0.01053950 -0.00077191 0.00870915
v 0.01035521 -0.00160332 0.00855064
v 0.01054291 -0.00044331 0.00870286
v 0.01054405 0.00004878 0.00870120
v 0.01054434 0.00021422 0.00870070
v 0.01054348 0.00054314 0.00870207
v 0.01053864 0.00087207 0.00871045
v 0.01042101 0.00171713 0.00862581
v 0.01050076 0.00171713 0.00872243
v 0.00999292 0.00171713 0.00846558
v 0.01018033 0.00087207 0.00848182
v 0.01018033 0.00054314 0.00847908
v 0.01037999 0.00021422 0.00853533
v 0.01018033 0.00004878 0.00847872
v 0.01018033 -0.00044331 0.00847930
v 0.01018033 -0.00077191 0.00848132
v 0.01018033 -0.00110083 0.00848580
v 0.01018033 -0.00142943 0.00849107
v 0.01018033 -0.00160332 0.00849446
v 0.01035949 -0.00142943 0.00854768
v 0.01036775 -0.00110083 0.00854255
v 0.01037487 -0.00077191 0.00853808
v 0.01037857 -0.00044331 0.00853598
v 0.01037942 -0.00011438 0.00853569
v 0.01037914 0.00054314 0.00853577
v 0.01037430 0.00087207 0.00853851
v 0.01036718 0.00120067 0.00854277
v 0.01036005 0.00152959 0.00854725
v 0.01035550 0.00171713 0.00855043
v 0.01018033 0.00171713 0.00849417
v 0.01018033 0.00152959 0.00849049
v 0.01018033 0.00120067 0.00848601
v 0.01025752 0.00171713 0.00851851
f 2168 2169 2172
f 2168 2172 2178
f 2168 2178 2181
f 2168 2181 2180
f 2168 2180 2187
f 2168 2187 2193
f 2168 2193 2212
f 2168 2212 2237
f 2168 2237 2258
f 2168 2258 2241
f 2168 2241 2220
f 2168 2220 2217
f 2168 2217 2196
f 2168 2196 2188
f 2168 2188 2182
f 2168 2182 2175
f 2168 2175 2170
f 2168 2170 2176
f 2168 2176 2171
f 2168 2171 2173
f 2168 2173 2169
f 2169 2173 2179
f 2169 2179 2174
f 2169 2174 2172
f 2170 2175 2176
f 2171 2176 2185
f 2171 2185 2191
f 2171 2191 2208
f 2171 2208 2232
f 2171 2232 2248
f 2171 2248 2247
f 2171 2247 2268
f 2171 2268 2272
f 2171 2272 2269
f 2171 2269 2249
f 2171 2249 2233
f 2171 2233 2209
f 2171 2209 2192
f 2171 2192 2186
f 2171 2186 2179
f 2171 2179 2177
f 2171 2177 2173
f 2172 2174 2178
f 2173 2177 2179
f 2174 2180 2181
f 2174 2181 2178
f 2174 2179 2186
f 2174 2186 2180
f 2175 2182 2189
f 2175 2189 2195
f 2175 2195 2216
f 2175 2216 2239
f 2175 2239 2221
f 2175 2221 2198
f 2175 2198 2190
f 2175 2190 2184
f 2175 2184 2183
f 2175 2183 2176
f 2176 2184 2190
f 2176 2190 2185
f 2176 2183 2184
f 2180 2186 2187
f 2182 2188 2189
f 2185 2190 2191
f 2186 2192 2187
f 2187 2192 2193
f 2188 2194 2195
f 2188 2195 2189
f 2188 2196 2197
f 2188 2197 2194
f 2190 2198 2199
f 2190 2199 2200
f 2190 2200 2201
f 2190 2201 2202
f 2190 2202 2203
f 2190 2203 2204
f 2190 2204 2205
f 2190 2205 2206
f 2190 2206 2191
f 2191 2206 2207
f 2191 2207 2208
f 2192 2209 2210
f 2192 2210 2193
f 2193 2211 2212
f 2193 2210 2213
f 2193 2213 2211
f 2194 2197 2214
f 2194 2214 2215
f 2194 2215 2195
f 2195 2215 2216
f 2196 2217 2197
f 2197 2218 2214
f 2197 2217 2219
f 2197 2219 2220
f 2197 2220 2218
f 2198 2221 2222
f 2198 2222 2223
f 2198 2223 2199
f 2199 2224 2225
f 2199 2225 2226
f 2199 2226 2200
f 2199 2223 2227
f 2199 2227 2224
f 2200 2228 2229
f 2200 2229 2201
f 2200 2226 2228
f 2201 2229 2202
f 2202 2229 2230
f 2202 2230 2203
f 2203 2230 2204
f 2204 2230 2205
f 2205 2230 2231
f 2205 2231 2206
f 2206 2231 2207
f 2207 2232 2208
f 2207 2231 2232
f 2209 2233 2234
f 2209 2234 2210
f 2210 2235 2213
f 2210 2234 2235
f 2211 2236 2212
f 2211 2213 2235
f 2211 2235 2236
f 2212 2236 2237
f 2214 2218 2215
f 2215 2218 2238
f 2215 2238 2222
f 2215 2222 2239
f 2215 2239 2216
f 2217 2220 2219
f 2218 2240 2238
f 2218 2220 2241
f 2218 2241 2240
f 2221 2239 2222
f 2222 2227 2223
f 2222 2238 2227
f 2224 2226 2225
f 2224 2227 2242
f 2224 2242 2243
f 2224 2243 2244
f 2224 2244 2245
f 2224 2245 2228
f 2224 2228 2226
f 2227 2238 2240
f 2227 2240 2242
f 2228 2245 2229
f 2229 2245 2246
f 2229 2246 2247
f 2229 2247 2230
f 2230 2247 2248
f 2230 2248 2231
f 2231 2248 2232
f 2233 2249 2250
f 2233 2250 2251
f 2233 2251 2234
f 2234 2251 2235
f 2235 2251 2252
f 2235 2252 2253
f 2235 2253 2236
f 2236 2253 2254
f 2236 2254 2237
f 2237 2254 2255
f 2237 2255 2256
f 2237 2256 2257
f 2237 2257 2258
f 2240 2241 2259
f 2240 2259 2260
f 2240 2260 2261
f 2240 2261 2242
f 2241 2258 2259
f 2242 2261 2262
f 2242 2262 2243
f 2243 2262 2244
f 2244 2262 2263
f 2244 2263 2252
f 2244 2252 2264
f 2244 2264 2245
f 2245 2265 2266
f 2245 2266 2267
f 2245 2267 2246
f 2245 2264 2265
f 2246 2267 2268
f 2246 2268 2247
f 2249 2269 2270
f 2249 2270 2271
f 2249 2271 2250
f 2250 2271 2265
f 2250 2265 2264
f 2250 2264 2251
f 2251 2264 2252
f 2252 2263 2254
f 2252 2254 2253
f 2254 2263 2262
f 2254 2262 2255
f 2255 2262 2261
f 2255 2261 2256
f 2256 2261 2257
f 2257 2261 2258
f 2258 2261 2260
f 2258 2260 2259
f 2265 2271 2270
f 2265 2270 2269
f 2265 2269 2266
f 2266 2269 2272
f 2266 2272 2267
f 2267 2272 2268

o geometry_18
v -0.00648349 -0.00215015 0.01167535
v -0.00618264 -0.00215015 0.01167535
v -0.00648349 -0.00215015 0.01168234
v -0.00649286 -0.00208677 0.01168234
v -0.00649260 -0.00208822 0.01167535
v -0.00650956 0.00185820 0.01138394
v -0.00646097 0.00162742 0.01138394
v -0.00645085 0.00161243 0.01138394
v -0.00633901 0.00146293 0.01138394
v -0.00617454 0.00131537 0.01138394
v -0.00615101 0.00130714 0.01138394
v -0.00593264 0.00124086 0.01138394
v -0.00560345 0.00121570 0.01138394
v -0.00614595 -0.00214821 0.01167535
v -0.00614519 -0.00215015 0.01168234
v -0.00534687 0.00121570 0.01138394
v -0.00644377 -0.00215015 0.01792838
v -0.00652347 -0.00175778 0.01266837
v -0.00652221 -0.00175778 0.01233993
v -0.00650854 -0.00176552 0.01167535
v -0.00645187 -0.00208725 0.01792838
v -0.00655713 0.00120071 0.01299821
v -0.00649918 0.00218719 0.01138394
v -0.00650880 -0.00175778 0.01167535
v -0.00658243 -0.00012057 0.01332037
v -0.00658294 0.00004876 0.01332736
v -0.00658268 0.00021519 0.01332386
v -0.00657863 0.00054273 0.01332805
v -0.00399796 -0.00171085 0.01168164
v -0.00614190 -0.00215015 0.01176550
v -0.00534687 0.00154953 0.01138394
v -0.00644149 -0.00215015 0.01825752
v -0.00652120 -0.00175778 0.01299751
v -0.00654346 -0.00142927 0.01299751
v -0.00651892 -0.00175826 0.01332037
v -0.00655713 -0.00110077 0.01299751
v -0.00644959 -0.00208725 0.01825752
v -0.00654321 0.00152921 0.01299821
v -0.00652347 0.00185820 0.01234062
v -0.00657003 0.00087123 0.01332805
v -0.00655738 0.00120071 0.01332316
v -0.00645060 0.00250650 0.01138394
v -0.00652474 0.00185820 0.01266907
v -0.00649741 0.00218719 0.01168304
v -0.00644807 0.00248812 0.01234062
v -0.00657787 -0.00044908 0.01332037
v -0.00658268 -0.00011428 0.01332736
v -0.00657787 -0.00011428 0.01398494
v -0.00654878 0.00021519 0.01792838
v -0.00656826 0.00021519 0.01529872
v -0.00658041 0.00021519 0.01365650
v -0.00658268 0.00021519 0.01332805
v -0.00656168 0.00054273 0.01562787
v -0.00399796 -0.00108480 0.01168164
v -0.00399796 -0.00169295 0.01201148
v -0.00606802 -0.00215015 0.01852307
v -0.00608041 -0.00215015 0.01662997
v -0.00609585 -0.00215015 0.01503038
v -0.00609914 -0.00215015 0.01471381
v -0.00610698 -0.00215015 0.01398494
v -0.00611078 -0.00215015 0.01365580
v -0.00611559 -0.00215015 0.01332037
v -0.00613608 -0.00215015 0.01198632
v -0.00602778 0.00279195 0.01138394
v -0.00403819 0.00168113 0.01167745
v -0.00403793 0.00165016 0.01167745
v -0.00643947 -0.00215015 0.01852307
v -0.00644453 -0.00211096 0.01852307
v -0.00648248 -0.00175826 0.01825752
v -0.00648046 -0.00175826 0.01852307
v -0.00653840 -0.00142927 0.01365580
v -0.00655713 -0.00110706 0.01332037
v -0.00655738 -0.00110077 0.01332037
v -0.00656978 -0.00077178 0.01332736
v -0.00657813 -0.00044279 0.01332736
v -0.00647413 -0.00182213 0.01852307
v -0.00652246 0.00185820 0.01299821
v -0.00654119 0.00152534 0.01332386
v -0.00655738 0.00119974 0.01332805
v -0.00654017 0.00054273 0.01852307
v -0.00653157 0.00080737 0.01852307
v -0.00652929 0.00087123 0.01852307
v -0.00655207 0.00119974 0.01398494
v -0.00650374 0.00146535 0.01852307
v -0.00650095 0.00152873 0.01852307
v -0.00641847 0.00265600 0.01138394
v -0.00647363 0.00218719 0.01529872
v -0.00649539 0.00218719 0.01201148
v -0.00643694 0.00240587 0.01595561
v -0.00654397 -0.00011428 0.01852307
v -0.00654422 0.00021519 0.01852307
v -0.00403793 0.00168209 0.01168234
v -0.00399796 0.00004876 0.01234971
v -0.00399796 -0.00164021 0.01233503
v -0.00596528 0.00279243 0.01852307
v -0.00399796 -0.00142395 0.01255237
v -0.00399796 -0.00131268 0.01266348
v -0.00399796 -0.00109496 0.01287802
v -0.00399796 -0.00077178 0.01293113
v -0.00399796 -0.00044279 0.01294999
v -0.00637089 0.00279195 0.01138394
v -0.00601058 0.00279243 0.01332386
v -0.00602120 0.00279195 0.01206180
v -0.00650095 -0.00142927 0.01852307
v -0.00655738 -0.00110077 0.01332736
v -0.00654675 -0.00110077 0.01464183
v -0.00652752 -0.00110077 0.01694164
v -0.00652474 -0.00110077 0.01727079
v -0.00653688 -0.00044279 0.01852307
v -0.00649589 0.00185772 0.01661320
v -0.00646907 0.00218719 0.01595561
v -0.00647135 0.00218719 0.01562787
v -0.00648147 0.00185772 0.01852307
v -0.00648349 0.00185772 0.01825752
v -0.00641467 0.00267100 0.01138394
v -0.00642656 0.00235604 0.01852307
v -0.00403793 0.00167919 0.01176061
v -0.00399796 0.00004876 0.01295698
v -0.00630308 0.00279243 0.01852307
v -0.00399796 -0.00011428 0.01295698
v -0.00403793 0.00093703 0.01278857
v -0.00403793 0.00118522 0.01265300
v -0.00403793 0.00138068 0.01252092
v -0.00403793 0.00151470 0.01232595
v -0.00403793 0.00165016 0.01207647
v -0.00640885 0.00268745 0.01138394
v -0.00633674 0.00279243 0.01332805
v -0.00602297 0.00279243 0.01332386
v -0.00651360 -0.00110077 0.01852307
v -0.00644883 0.00218719 0.01852307
f 2273 2274 2287
f 2273 2287 2302
f 2273 2302 2335
f 2273 2335 2334
f 2273 2334 2333
f 2273 2333 2332
f 2273 2332 2331
f 2273 2331 2330
f 2273 2330 2329
f 2273 2329 2328
f 2273 2328 2339
f 2273 2339 2304
f 2273 2304 2289
f 2273 2289 2275
f 2273 2275 2276
f 2273 2276 2277
f 2273 2277 2278
f 2273 2278 2279
f 2273 2279 2280
f 2273 2280 2281
f 2273 2281 2282
f 2273 2282 2283
f 2273 2283 2284
f 2273 2284 2285
f 2273 2285 2288
f 2273 2288 2274
f 2274 2286 2287
f 2274 2288 2286
f 2275 2289 2276
f 2276 2290 2291
f 2276 2291 2292
f 2276 2292 2277
f 2276 2289 2293
f 2276 2293 2290
f 2277 2292 2278
f 2278 2294 2295
f 2278 2295 2314
f 2278 2314 2358
f 2278 2358 2387
f 2278 2387 2398
f 2278 2398 2373
f 2278 2373 2336
f 2278 2336 2303
f 2278 2303 2288
f 2278 2288 2285
f 2278 2285 2284
f 2278 2284 2283
f 2278 2283 2282
f 2278 2282 2281
f 2278 2281 2280
f 2278 2280 2279
f 2278 2292 2296
f 2278 2296 2297
f 2278 2297 2298
f 2278 2298 2299
f 2278 2299 2300
f 2278 2300 2294
f 2286 2288 2301
f 2286 2301 2287
f 2287 2301 2302
f 2288 2303 2326
f 2288 2326 2301
f 2289 2304 2309
f 2289 2309 2293
f 2290 2305 2306
f 2290 2306 2291
f 2290 2293 2307
f 2290 2307 2305
f 2291 2306 2308
f 2291 2308 2292
f 2292 2308 2296
f 2293 2309 2307
f 2294 2310 2311
f 2294 2311 2295
f 2294 2300 2312
f 2294 2312 2313
f 2294 2313 2310
f 2295 2311 2315
f 2295 2315 2316
f 2295 2316 2317
f 2295 2317 2314
f 2296 2308 2318
f 2296 2318 2297
f 2297 2318 2347
f 2297 2347 2319
f 2297 2319 2298
f 2298 2319 2320
f 2298 2320 2321
f 2298 2321 2322
f 2298 2322 2323
f 2298 2323 2324
f 2298 2324 2299
f 2299 2324 2300
f 2300 2324 2323
f 2300 2323 2325
f 2300 2325 2312
f 2301 2326 2365
f 2301 2365 2390
f 2301 2390 2392
f 2301 2392 2372
f 2301 2372 2371
f 2301 2371 2370
f 2301 2370 2369
f 2301 2369 2368
f 2301 2368 2366
f 2301 2366 2327
f 2301 2327 2328
f 2301 2328 2329
f 2301 2329 2330
f 2301 2330 2331
f 2301 2331 2332
f 2301 2332 2333
f 2301 2333 2334
f 2301 2334 2335
f 2301 2335 2302
f 2303 2336 2337
f 2303 2337 2338
f 2303 2338 2326
f 2304 2339 2340
f 2304 2340 2309
f 2305 2307 2306
f 2306 2307 2341
f 2306 2341 2342
f 2306 2342 2343
f 2306 2343 2344
f 2306 2344 2308
f 2307 2309 2341
f 2308 2344 2345
f 2308 2345 2346
f 2308 2346 2347
f 2308 2347 2318
f 2309 2340 2348
f 2309 2348 2341
f 2310 2349 2315
f 2310 2315 2311
f 2310 2313 2350
f 2310 2350 2349
f 2312 2351 2313
f 2312 2325 2352
f 2312 2352 2353
f 2312 2353 2354
f 2312 2354 2351
f 2313 2351 2354
f 2313 2354 2355
f 2313 2355 2356
f 2313 2356 2357
f 2313 2357 2350
f 2314 2317 2358
f 2315 2349 2384
f 2315 2384 2359
f 2315 2359 2360
f 2315 2360 2316
f 2316 2360 2317
f 2317 2360 2361
f 2317 2361 2358
f 2319 2347 2320
f 2320 2347 2362
f 2320 2362 2321
f 2321 2325 2322
f 2321 2362 2363
f 2321 2363 2352
f 2321 2352 2325
f 2322 2325 2323
f 2326 2338 2337
f 2326 2337 2364
f 2326 2364 2365
f 2327 2366 2328
f 2328 2367 2391
f 2328 2391 2388
f 2328 2388 2402
f 2328 2402 2385
f 2328 2385 2357
f 2328 2357 2356
f 2328 2356 2354
f 2328 2354 2353
f 2328 2353 2352
f 2328 2352 2363
f 2328 2363 2362
f 2328 2362 2381
f 2328 2381 2401
f 2328 2401 2376
f 2328 2376 2342
f 2328 2342 2348
f 2328 2348 2340
f 2328 2340 2339
f 2328 2366 2368
f 2328 2368 2369
f 2328 2369 2370
f 2328 2370 2371
f 2328 2371 2372
f 2328 2372 2367
f 2336 2364 2337
f 2336 2373 2400
f 2336 2400 2374
f 2336 2374 2375
f 2336 2375 2364
f 2341 2348 2342
f 2342 2376 2343
f 2343 2376 2344
f 2344 2376 2377
f 2344 2377 2345
f 2345 2377 2346
f 2346 2377 2378
f 2346 2378 2379
f 2346 2379 2380
f 2346 2380 2381
f 2346 2381 2347
f 2347 2381 2362
f 2349 2350 2382
f 2349 2382 2383
f 2349 2383 2384
f 2350 2357 2385
f 2350 2385 2386
f 2350 2386 2382
f 2354 2356 2355
f 2358 2361 2388
f 2358 2388 2387
f 2359 2384 2388
f 2359 2388 2361
f 2359 2361 2360
f 2364 2389 2390
f 2364 2390 2365
f 2364 2375 2374
f 2364 2374 2367
f 2364 2367 2389
f 2367 2374 2400
f 2367 2400 2399
f 2367 2399 2391
f 2367 2372 2392
f 2367 2392 2390
f 2367 2390 2393
f 2367 2393 2394
f 2367 2394 2395
f 2367 2395 2396
f 2367 2396 2397
f 2367 2397 2389
f 2373 2398 2391
f 2373 2391 2399
f 2373 2399 2400
f 2376 2401 2380
f 2376 2380 2379
f 2376 2379 2378
f 2376 2378 2377
f 2380 2401 2381
f 2382 2386 2383
f 2383 2386 2385
f 2383 2385 2402
f 2383 2402 2388
f 2383 2388 2384
f 2387 2388 2391
f 2387 2391 2398
f 2389 2397 2390
f 2390 2397 2396
f 2390 2396 2395
f 2390 2395 2394
f 2390 2394 2393

o geometry_19
v -0.00248961 -0.00510317 0.00378541
v -0.00263678 -0.00505011 0.00378541
v -0.00399744 -0.00413533 0.00286559
v -0.00388422 -0.00413533 0.00286294
v -0.00360775 -0.00413533 0.00289466
v -0.00350870 -0.00413533 0.00290788
v -0.00340021 -0.00413533 0.00293167
v -0.00248961 -0.00472220 0.00378541
v -0.00248961 -0.00509382 0.00675367
v -0.00248976 -0.00502464 0.02986544
v -0.00264682 -0.00497532 0.02986544
v -0.00264445 -0.00504731 0.00378541
v -0.00399744 -0.00373170 0.00286559
v -0.00289731 -0.00494283 0.00378541
v -0.00306558 -0.00482527 0.00378541
v -0.00329039 -0.00466447 0.00378541
v -0.00345114 -0.00454574 0.00378541
v -0.00399744 -0.00413533 0.00324092
v -0.00395936 -0.00373170 0.00286559
v -0.00375182 -0.00340309 0.00293431
v -0.00378178 -0.00321961 0.00295810
v -0.00346693 -0.00389670 0.00297396
v -0.00248961 -0.00471262 0.00525500
v -0.00378828 -0.00290386 0.00328849
v -0.00377293 -0.00288890 0.00346294
v -0.00376038 -0.00287651 0.00379069
v -0.00366783 -0.00271571 0.00708142
v -0.00366355 -0.00271571 0.00740917
v -0.00363432 -0.00271571 0.01132369
v -0.00363166 -0.00271571 0.01168052
v -0.00248961 -0.00504076 0.01663379
v -0.00248976 -0.00463643 0.02986544
v -0.00296860 -0.00476310 0.02986544
v -0.00285140 -0.00491269 0.01595715
v -0.00285627 -0.00491619 0.01464614
v -0.00399744 -0.00369360 0.00286823
v -0.00311533 -0.00466167 0.02986544
v -0.00319061 -0.00460511 0.02986544
v -0.00323932 -0.00454644 0.02986544
v -0.00335475 -0.00439803 0.02986544
v -0.00347402 -0.00423373 0.02986544
v -0.00353158 -0.00413556 0.02986544
v -0.00382547 -0.00368822 0.01852101
v -0.00388422 -0.00340309 0.01852101
v -0.00389928 -0.00328786 0.01852101
v -0.00397102 -0.00307424 0.01168316
v -0.00399744 -0.00326589 0.00707614
v -0.00395936 -0.00340309 0.00289995
v -0.00395936 -0.00328786 0.00292638
v -0.00395936 -0.00320489 0.00295017
v -0.00395936 -0.00304058 0.00310876
v -0.00248961 -0.00467429 0.01663379
v -0.00395936 -0.00289568 0.00327528
v -0.00395936 -0.00285665 0.00346294
v -0.00395936 -0.00283117 0.00379069
v -0.00372052 -0.00271571 0.00674310
v -0.00394651 -0.00271571 0.01168316
v -0.00308462 -0.00413556 0.02986544
v -0.00248976 -0.00463643 0.02976500
v -0.00248976 -0.00463736 0.02901698
v -0.00248976 -0.00463853 0.02812096
v -0.00248976 -0.00463876 0.02802580
v -0.00248976 -0.00463970 0.02769541
v -0.00399744 -0.00340309 0.00289995
v -0.00397781 -0.00271571 0.01168052
v -0.00397781 -0.00274540 0.01168316
v -0.00399744 -0.00306980 0.00731402
v -0.00399744 -0.00337971 0.00290259
v -0.00399744 -0.00328786 0.00292638
v -0.00399744 -0.00320466 0.00295017
v -0.00399744 -0.00318549 0.00296603
v -0.00399744 -0.00304012 0.00310876
v -0.00399744 -0.00302306 0.00312726
v -0.00399744 -0.00289498 0.00327263
v -0.00399744 -0.00288983 0.00329642
v -0.00399744 -0.00285524 0.00346294
v -0.00399744 -0.00283000 0.00379069
v -0.00395936 -0.00271571 0.00644178
v -0.00385588 -0.00271571 0.00653165
v -0.00399744 -0.00271571 0.00737481
v -0.00399744 -0.00271571 0.00644178
f 2403 2404 2405
f 2403 2405 2406
f 2403 2406 2407
f 2403 2407 2408
f 2403 2408 2409
f 2403 2409 2410
f 2403 2410 2425
f 2403 2425 2454
f 2403 2454 2433
f 2403 2433 2411
f 2403 2411 2412
f 2403 2412 2413
f 2403 2413 2404
f 2404 2414 2405
f 2404 2413 2414
f 2405 2415 2406
f 2405 2414 2416
f 2405 2416 2417
f 2405 2417 2418
f 2405 2418 2419
f 2405 2419 2420
f 2405 2420 2449
f 2405 2449 2469
f 2405 2469 2482
f 2405 2482 2483
f 2405 2483 2479
f 2405 2479 2478
f 2405 2478 2477
f 2405 2477 2476
f 2405 2476 2475
f 2405 2475 2474
f 2405 2474 2473
f 2405 2473 2472
f 2405 2472 2471
f 2405 2471 2470
f 2405 2470 2466
f 2405 2466 2438
f 2405 2438 2415
f 2406 2415 2421
f 2406 2421 2407
f 2407 2421 2408
f 2408 2422 2409
f 2408 2421 2422
f 2409 2422 2423
f 2409 2423 2424
f 2409 2424 2410
f 2410 2424 2423
f 2410 2423 2426
f 2410 2426 2427
f 2410 2427 2428
f 2410 2428 2429
f 2410 2429 2430
f 2410 2430 2431
f 2410 2431 2432
f 2410 2432 2425
f 2411 2433 2412
f 2412 2434 2460
f 2412 2460 2444
f 2412 2444 2443
f 2412 2443 2442
f 2412 2442 2441
f 2412 2441 2440
f 2412 2440 2439
f 2412 2439 2435
f 2412 2435 2413
f 2412 2433 2454
f 2412 2454 2434
f 2413 2435 2436
f 2413 2436 2437
f 2413 2437 2416
f 2413 2416 2414
f 2415 2438 2421
f 2416 2437 2435
f 2416 2435 2439
f 2416 2439 2417
f 2417 2439 2418
f 2418 2439 2419
f 2419 2439 2440
f 2419 2440 2420
f 2420 2440 2441
f 2420 2441 2442
f 2420 2442 2443
f 2420 2443 2444
f 2420 2444 2445
f 2420 2445 2446
f 2420 2446 2447
f 2420 2447 2448
f 2420 2448 2449
f 2421 2438 2450
f 2421 2450 2422
f 2422 2450 2423
f 2423 2450 2451
f 2423 2451 2452
f 2423 2452 2453
f 2423 2453 2426
f 2425 2432 2454
f 2426 2455 2456
f 2426 2456 2427
f 2426 2453 2455
f 2427 2456 2457
f 2427 2457 2458
f 2427 2458 2429
f 2427 2429 2428
f 2429 2458 2481
f 2429 2481 2480
f 2429 2480 2483
f 2429 2483 2482
f 2429 2482 2467
f 2429 2467 2459
f 2429 2459 2432
f 2429 2432 2431
f 2429 2431 2430
f 2432 2459 2460
f 2432 2460 2434
f 2432 2434 2461
f 2432 2461 2462
f 2432 2462 2463
f 2432 2463 2464
f 2432 2464 2465
f 2432 2465 2454
f 2434 2454 2461
f 2435 2437 2436
f 2438 2466 2450
f 2444 2460 2459
f 2444 2459 2467
f 2444 2467 2447
f 2444 2447 2446
f 2444 2446 2445
f 2447 2467 2468
f 2447 2468 2448
f 2448 2468 2449
f 2449 2468 2469
f 2450 2470 2451
f 2450 2466 2470
f 2451 2470 2471
f 2451 2471 2472
f 2451 2472 2452
f 2452 2472 2473
f 2452 2473 2453
f 2453 2474 2475
f 2453 2475 2476
f 2453 2476 2455
f 2453 2473 2474
f 2454 2465 2464
f 2454 2464 2463
f 2454 2463 2462
f 2454 2462 2461
f 2455 2477 2456
f 2455 2476 2477
f 2456 2477 2478
f 2456 2478 2457
f 2457 2479 2480
f 2457 2480 2481
f 2457 2481 2458
f 2457 2478 2479
f 2467 2482 2468
f 2468 2482 2469
f 2479 2483 2480

o geometry_20
v -0.00583310 -0.00413560 0.01852345
v -0.00587132 -0.00405943 0.01852345
v -0.00542359 -0.00413560 0.01852345
v -0.00583271 -0.00413560 0.01858954
v -0.00583752 -0.00403486 0.02680768
v -0.00603617 -0.00370646 0.01852345
v -0.00623468 0.00004852 0.01852345
v -0.00543256 0.00423101 0.01852454
v -0.00521650 -0.00413560 0.02959220
v -0.00576511 -0.00413560 0.02933542
v -0.00582972 -0.00402340 0.02911006
v -0.00583310 -0.00402831 0.02812301
v -0.00609714 -0.00356805 0.01852345
v -0.00582842 -0.00402176 0.02943835
v -0.00654422 0.00004852 0.01852345
v -0.00584129 0.00423101 0.01852454
v -0.00541280 0.00423101 0.02150408
v -0.00537094 0.00423101 0.02910681
v -0.00595219 0.00004852 0.02959220
v -0.00569296 -0.00413560 0.02959220
v -0.00576433 -0.00413560 0.02943835
v -0.00614693 -0.00342719 0.01852345
v -0.00611547 -0.00329124 0.02943835
v -0.00614420 -0.00337313 0.02154850
v -0.00614381 -0.00343456 0.01860038
v -0.00581412 -0.00399146 0.02959220
v -0.00611014 -0.00327568 0.02959220
v -0.00654422 0.00001740 0.01852345
v -0.00654461 0.00021396 0.01852454
v -0.00654032 0.00054318 0.01852454
v -0.00652953 0.00087241 0.01852454
v -0.00650106 0.00152922 0.01852454
v -0.00648546 0.00179457 0.01852454
v -0.00648169 0.00185845 0.01852454
v -0.00644893 0.00218686 0.01852454
v -0.00642670 0.00235556 0.01852454
v -0.00624820 0.00317290 0.01852454
v -0.00615681 0.00350212 0.01852454
v -0.00609831 0.00367083 0.01852454
v -0.00608531 0.00370277 0.01852454
v -0.00603123 0.00383463 0.01852454
v -0.00590798 0.00409751 0.01852454
v -0.00587873 0.00415976 0.01852454
v -0.00582842 0.00423101 0.02102302
v -0.00576550 0.00423101 0.02910681
v -0.00644841 0.00004852 0.02959220
v -0.00623039 -0.00313727 0.01852345
v -0.00615395 -0.00339934 0.01891675
v -0.00617631 -0.00307339 0.02943835
v -0.00624313 -0.00307339 0.01957442
v -0.00614875 -0.00307339 0.02959220
v -0.00625327 -0.00274498 0.02943835
v -0.00654409 -0.00011445 0.01852345
v -0.00646622 -0.00011445 0.02911006
v -0.00647116 0.00021396 0.02845239
v -0.00651549 0.00054318 0.02187680
v -0.00645231 0.00086913 0.02910681
v -0.00648117 0.00087241 0.02516297
v -0.00645647 0.00185845 0.02187680
v -0.00645218 0.00087241 0.02910681
v -0.00643671 0.00119754 0.02910681
v -0.00642696 0.00138836 0.02910681
v -0.00642683 0.00139082 0.02910681
v -0.00642605 0.00170121 0.02703304
v -0.00644854 0.00218686 0.01858846
v -0.00642592 0.00202552 0.02438720
v -0.00642930 0.00205091 0.02352042
v -0.00642578 0.00235147 0.01876290
v -0.00624105 0.00317290 0.02023317
v -0.00624300 0.00317290 0.01990379
v -0.00624456 0.00317290 0.01957442
v -0.00625366 0.00284449 0.02910681
v -0.00615642 0.00350212 0.01858846
v -0.00611651 0.00339484 0.02910681
v -0.00609727 0.00366756 0.01881165
v -0.00583076 0.00412208 0.02910681
v -0.00603110 0.00383463 0.01858846
v -0.00586365 0.00415976 0.02121913
v -0.00582660 0.00423101 0.02135348
v -0.00581347 0.00423101 0.02341641
v -0.00582972 0.00412454 0.02910681
v -0.00617839 0.00317290 0.02910681
v -0.00617904 0.00317044 0.02910681
v -0.00646375 0.00004852 0.02943835
v -0.00644841 -0.00011445 0.02959220
v -0.00624820 -0.00307339 0.01852345
v -0.00624482 -0.00307339 0.01924721
v -0.00624794 -0.00307339 0.01858954
v -0.00642656 -0.00225524 0.01852670
v -0.00620946 -0.00274498 0.02959220
v -0.00642475 -0.00125855 0.02954995
v -0.00629721 -0.00241576 0.02943835
v -0.00642500 -0.00192192 0.02433194
v -0.00642644 -0.00192847 0.02411308
v -0.00653707 -0.00044286 0.01852345
v -0.00648572 -0.00044286 0.02582064
v -0.00647870 -0.00044286 0.02680768
v -0.00647142 -0.00044286 0.02779472
v -0.00646167 -0.00044286 0.02911006
v -0.00646375 -0.00011445 0.02943835
v -0.00646505 0.00004852 0.02927257
v -0.00646622 0.00021396 0.02910681
v -0.00646180 0.00053991 0.02910681
v -0.00647896 0.00054318 0.02680659
v -0.00647155 0.00054318 0.02779472
v -0.00644633 0.00185845 0.02319213
v -0.00643436 0.00188711 0.02449988
v -0.00643866 0.00185845 0.02417701
v -0.00623884 0.00317290 0.02056254
v -0.00623663 0.00317290 0.02089084
v -0.00586170 0.00415976 0.02154850
v -0.00583934 0.00414092 0.02647830
v -0.00584428 0.00414829 0.02516297
v -0.00582465 0.00423101 0.02168394
v -0.00581555 0.00423101 0.02314663
v -0.00644529 -0.00044286 0.02959220
v -0.00642656 -0.00225524 0.01852345
v -0.00644477 -0.00211110 0.01852345
v -0.00643112 -0.00104972 0.02959220
v -0.00644971 -0.00077208 0.02943835
v -0.00643254 -0.00112916 0.02943943
v -0.00642605 -0.00127329 0.02933108
v -0.00642514 -0.00159269 0.02696586
v -0.00642644 -0.00160743 0.02674484
v -0.00642917 -0.00165084 0.02615001
v -0.00643059 -0.00167213 0.02582064
v -0.00643203 -0.00169261 0.02549234
v -0.00643346 -0.00171226 0.02516297
v -0.00643489 -0.00173028 0.02483468
v -0.00643567 -0.00179088 0.02420409
v -0.00644568 -0.00175812 0.02319321
v -0.00646050 -0.00175812 0.02121913
v -0.00648013 -0.00175812 0.01858954
v -0.00647415 -0.00182282 0.01852345
v -0.00644542 -0.00207998 0.01891675
v -0.00653486 -0.00050674 0.01852345
v -0.00646830 -0.00077208 0.02680768
v -0.00645205 -0.00077208 0.02911006
v -0.00645920 -0.00044286 0.02943835
v -0.00585962 0.00415976 0.02187680
v -0.00581685 0.00423101 0.02294943
v -0.00582062 0.00423101 0.02234377
v -0.00584779 0.00415402 0.02417701
v -0.00643918 -0.00077208 0.02959220
v -0.00650106 -0.00142972 0.01852345
v -0.00644061 -0.00175812 0.02385088
v -0.00648052 -0.00175812 0.01852345
v -0.00651393 -0.00110049 0.01852345
f 2484 2485 2489
f 2484 2489 2496
f 2484 2496 2505
f 2484 2505 2530
f 2484 2530 2569
f 2484 2569 2600
f 2484 2600 2601
f 2484 2601 2617
f 2484 2617 2630
f 2484 2630 2628
f 2484 2628 2631
f 2484 2631 2619
f 2484 2619 2578
f 2484 2578 2536
f 2484 2536 2511
f 2484 2511 2498
f 2484 2498 2490
f 2484 2490 2486
f 2484 2486 2492
f 2484 2492 2503
f 2484 2503 2504
f 2484 2504 2493
f 2484 2493 2487
f 2484 2487 2488
f 2484 2488 2485
f 2485 2488 2489
f 2486 2490 2491
f 2486 2491 2492
f 2487 2493 2494
f 2487 2494 2495
f 2487 2495 2488
f 2488 2495 2489
f 2489 2495 2494
f 2489 2494 2497
f 2489 2497 2496
f 2490 2498 2499
f 2490 2499 2491
f 2491 2499 2527
f 2491 2527 2562
f 2491 2562 2597
f 2491 2597 2625
f 2491 2625 2624
f 2491 2624 2598
f 2491 2598 2563
f 2491 2563 2528
f 2491 2528 2501
f 2491 2501 2500
f 2491 2500 2492
f 2492 2501 2502
f 2492 2502 2529
f 2492 2529 2568
f 2492 2568 2599
f 2492 2599 2627
f 2492 2627 2602
f 2492 2602 2573
f 2492 2573 2534
f 2492 2534 2510
f 2492 2510 2509
f 2492 2509 2503
f 2492 2500 2501
f 2493 2504 2497
f 2493 2497 2494
f 2496 2497 2506
f 2496 2506 2507
f 2496 2507 2508
f 2496 2508 2505
f 2497 2504 2509
f 2497 2509 2510
f 2497 2510 2506
f 2498 2511 2512
f 2498 2512 2513
f 2498 2513 2514
f 2498 2514 2515
f 2498 2515 2516
f 2498 2516 2517
f 2498 2517 2518
f 2498 2518 2519
f 2498 2519 2520
f 2498 2520 2521
f 2498 2521 2522
f 2498 2522 2523
f 2498 2523 2524
f 2498 2524 2525
f 2498 2525 2526
f 2498 2526 2499
f 2499 2526 2527
f 2501 2528 2529
f 2501 2529 2502
f 2503 2509 2504
f 2505 2508 2531
f 2505 2531 2530
f 2506 2510 2532
f 2506 2532 2533
f 2506 2533 2507
f 2507 2533 2531
f 2507 2531 2508
f 2510 2534 2535
f 2510 2535 2532
f 2511 2536 2512
f 2512 2536 2537
f 2512 2537 2538
f 2512 2538 2513
f 2513 2538 2539
f 2513 2539 2540
f 2513 2540 2541
f 2513 2541 2514
f 2514 2541 2515
f 2515 2542 2516
f 2515 2541 2543
f 2515 2543 2544
f 2515 2544 2545
f 2515 2545 2546
f 2515 2546 2547
f 2515 2547 2542
f 2516 2542 2517
f 2517 2548 2518
f 2517 2542 2549
f 2517 2549 2550
f 2517 2550 2548
f 2518 2548 2551
f 2518 2551 2519
f 2519 2552 2553
f 2519 2553 2554
f 2519 2554 2520
f 2519 2551 2555
f 2519 2555 2552
f 2520 2554 2521
f 2521 2554 2553
f 2521 2553 2552
f 2521 2552 2556
f 2521 2556 2522
f 2522 2556 2557
f 2522 2557 2558
f 2522 2558 2559
f 2522 2559 2523
f 2523 2560 2524
f 2523 2559 2560
f 2524 2560 2525
f 2525 2560 2561
f 2525 2561 2526
f 2526 2561 2562
f 2526 2562 2527
f 2528 2563 2564
f 2528 2564 2529
f 2529 2564 2559
f 2529 2559 2557
f 2529 2557 2565
f 2529 2565 2566
f 2529 2566 2555
f 2529 2555 2546
f 2529 2546 2545
f 2529 2545 2567
f 2529 2567 2583
f 2529 2583 2568
f 2530 2531 2570
f 2530 2570 2571
f 2530 2571 2569
f 2531 2533 2570
f 2532 2535 2533
f 2533 2535 2572
f 2533 2572 2570
f 2534 2573 2535
f 2535 2573 2574
f 2535 2574 2575
f 2535 2575 2576
f 2535 2576 2577
f 2535 2577 2572
f 2536 2578 2579
f 2536 2579 2580
f 2536 2580 2537
f 2537 2580 2581
f 2537 2581 2582
f 2537 2582 2622
f 2537 2622 2583
f 2537 2583 2584
f 2537 2584 2538
f 2538 2584 2585
f 2538 2585 2586
f 2538 2586 2587
f 2538 2587 2539
f 2539 2587 2540
f 2540 2587 2588
f 2540 2588 2586
f 2540 2586 2567
f 2540 2567 2543
f 2540 2543 2541
f 2542 2547 2589
f 2542 2589 2590
f 2542 2590 2549
f 2543 2567 2544
f 2544 2567 2545
f 2546 2555 2547
f 2547 2555 2549
f 2547 2549 2590
f 2547 2590 2591
f 2547 2591 2589
f 2548 2550 2551
f 2549 2555 2551
f 2549 2551 2550
f 2552 2592 2556
f 2552 2555 2592
f 2555 2566 2593
f 2555 2593 2592
f 2556 2592 2593
f 2556 2593 2557
f 2557 2559 2558
f 2557 2593 2565
f 2559 2564 2560
f 2560 2594 2561
f 2560 2564 2595
f 2560 2595 2596
f 2560 2596 2594
f 2561 2594 2597
f 2561 2597 2562
f 2563 2598 2564
f 2564 2598 2595
f 2565 2593 2566
f 2567 2586 2585
f 2567 2585 2584
f 2567 2584 2583
f 2568 2583 2599
f 2569 2572 2600
f 2569 2571 2572
f 2570 2572 2571
f 2572 2601 2600
f 2572 2577 2601
f 2573 2602 2574
f 2574 2603 2604
f 2574 2604 2605
f 2574 2605 2606
f 2574 2606 2575
f 2574 2602 2603
f 2575 2606 2576
f 2576 2606 2607
f 2576 2607 2608
f 2576 2608 2609
f 2576 2609 2610
f 2576 2610 2611
f 2576 2611 2577
f 2577 2611 2612
f 2577 2612 2613
f 2577 2613 2614
f 2577 2614 2615
f 2577 2615 2616
f 2577 2616 2617
f 2577 2617 2618
f 2577 2618 2601
f 2578 2619 2620
f 2578 2620 2579
f 2579 2620 2621
f 2579 2621 2580
f 2580 2621 2603
f 2580 2603 2581
f 2581 2603 2582
f 2582 2603 2622
f 2583 2622 2599
f 2586 2588 2587
f 2589 2591 2590
f 2594 2623 2624
f 2594 2624 2625
f 2594 2625 2597
f 2594 2596 2626
f 2594 2626 2623
f 2595 2598 2596
f 2596 2598 2624
f 2596 2624 2626
f 2599 2622 2627
f 2601 2618 2617
f 2602 2627 2603
f 2603 2627 2622
f 2603 2621 2628
f 2603 2628 2604
f 2604 2628 2605
f 2605 2610 2609
f 2605 2609 2608
f 2605 2608 2607
f 2605 2607 2606
f 2605 2628 2610
f 2610 2628 2611
f 2611 2628 2612
f 2612 2628 2614
f 2612 2614 2629
f 2612 2629 2613
f 2613 2629 2614
f 2614 2628 2615
f 2615 2628 2616
f 2616 2628 2630
f 2616 2630 2617
f 2619 2631 2620
f 2620 2631 2628
f 2620 2628 2621
f 2623 2626 2624

o geometry_21
v -0.00363169 -0.00271552 0.01168132
v -0.00363198 -0.00175983 0.01168234
v -0.00363198 -0.00241696 0.01168234
v -0.00394662 -0.00271552 0.01168234
v -0.00366151 -0.00271552 0.00770702
v -0.00366151 -0.00175887 0.00773628
v -0.00363482 -0.00142999 0.01168132
v -0.00363482 -0.00143079 0.01168234
v -0.00397786 -0.00241616 0.01168234
v -0.00518248 -0.00143861 0.01168080
v -0.00648337 -0.00214999 0.01167413
v -0.00397786 -0.00271552 0.01168132
v -0.00366378 -0.00271552 0.00740774
v -0.00366293 -0.00142999 0.00806533
v -0.00366407 -0.00175887 0.00740774
v -0.00371632 -0.00117643 0.01168234
v -0.00373250 -0.00120052 0.00773628
v -0.00399774 -0.00171132 0.01168234
v -0.00518248 -0.00109217 0.01168080
v -0.00650893 -0.00175855 0.01167413
v -0.00650864 -0.00176573 0.01167413
v -0.00649274 -0.00208871 0.01167413
v -0.00648678 -0.00214999 0.01135227
v -0.00651773 -0.00214999 0.00806533
v -0.00651830 -0.00214999 0.00800271
v -0.00399774 -0.00271552 0.00737438
v -0.00366804 -0.00271552 0.00707869
v -0.00366577 -0.00142999 0.00773628
v -0.00372058 -0.00271552 0.00674142
v -0.00369133 -0.00142999 0.00740774
v -0.00371660 -0.00117595 0.01168132
v -0.00396082 -0.00108531 0.01168234
v -0.00395968 -0.00112840 0.00773628
v -0.00375693 -0.00122669 0.00740774
v -0.00399774 -0.00108547 0.01168234
v -0.00494621 -0.00109026 0.01168080
v -0.00560333 -0.00111930 0.00806533
v -0.00560333 -0.00109584 0.01167413
v -0.00592479 -0.00111579 0.01167413
v -0.00593217 -0.00111643 0.01167413
v -0.00618832 -0.00120084 0.01167413
v -0.00619201 -0.00120403 0.01167413
v -0.00635274 -0.00135515 0.01167413
v -0.00646236 -0.00151951 0.01167413
v -0.00646349 -0.00152446 0.01167413
v -0.00653278 -0.00175855 0.00806533
v -0.00652653 -0.00208728 0.00806533
v -0.00649586 -0.00208728 0.01135227
v -0.00651887 -0.00214999 0.00773628
v -0.00399774 -0.00271552 0.00643804
v -0.00385632 -0.00271552 0.00652993
v -0.00375522 -0.00142999 0.00717315
v -0.00373023 -0.00175887 0.00710384
v -0.00378532 -0.00125669 0.00723218
v -0.00428881 -0.00108611 0.01168080
v -0.00399774 -0.00112728 0.00773628
v -0.00428881 -0.00112090 0.00773680
v -0.00518248 -0.00112153 0.00773680
v -0.00560333 -0.00112185 0.00773628
v -0.00395968 -0.00118249 0.00740774
v -0.00461737 -0.00108770 0.01168080
v -0.00593217 -0.00114052 0.00806533
v -0.00618321 -0.00121504 0.00773628
v -0.00618463 -0.00121361 0.00806533
v -0.00634905 -0.00134605 0.00806533
v -0.00647229 -0.00151042 0.00806533
v -0.00647173 -0.00151137 0.00773628
v -0.00653165 -0.00175855 0.00773628
v -0.00652682 -0.00208728 0.00773628
v -0.00651319 -0.00214999 0.00768341
v -0.00627380 -0.00214999 0.00712130
v -0.00620593 -0.00214999 0.00707407
v -0.00595489 -0.00214999 0.00695446
v -0.00592479 -0.00214999 0.00694111
v -0.00585152 -0.00214999 0.00692520
v -0.00593217 -0.00175855 0.00700631
v -0.00593530 -0.00140302 0.00714337
v -0.00560333 -0.00142999 0.00710282
v -0.00518248 -0.00142999 0.00709820
v -0.00428881 -0.00142983 0.00708947
v -0.00395968 -0.00142999 0.00709512
v -0.00395968 -0.00271552 0.00644112
v -0.00646406 -0.00214999 0.00740261
v -0.00645384 -0.00214999 0.00736514
v -0.00641749 -0.00214999 0.00726093
v -0.00395968 -0.00125015 0.00722397
v -0.00399774 -0.00117531 0.00744573
v -0.00399774 -0.00118185 0.00740723
v -0.00428881 -0.00117738 0.00740723
v -0.00593217 -0.00114308 0.00773628
v -0.00518248 -0.00118089 0.00740723
v -0.00560333 -0.00118249 0.00740774
v -0.00634763 -0.00134701 0.00773628
v -0.00615311 -0.00123276 0.00747910
v -0.00645554 -0.00154042 0.00748577
v -0.00646832 -0.00177786 0.00738875
v -0.00646690 -0.00207116 0.00738670
v -0.00642771 -0.00190041 0.00724039
v -0.00642771 -0.00195084 0.00724039
v -0.00628601 -0.00177786 0.00715005
v -0.00619286 -0.00149462 0.00716955
v -0.00604690 -0.00127552 0.00725990
v -0.00582795 -0.00125749 0.00723372
v -0.00560333 -0.00125302 0.00722807
v -0.00518248 -0.00125175 0.00722602
v -0.00494621 -0.00125111 0.00722499
v -0.00428881 -0.00124903 0.00722243
v -0.00399774 -0.00124169 0.00724501
v -0.00593530 -0.00121281 0.00738516
v -0.00628260 -0.00140797 0.00737232
v -0.00641209 -0.00168132 0.00726606
f 2632 2633 2634
f 2632 2634 2635
f 2632 2635 2643
f 2632 2643 2657
f 2632 2657 2681
f 2632 2681 2713
f 2632 2713 2682
f 2632 2682 2660
f 2632 2660 2658
f 2632 2658 2644
f 2632 2644 2636
f 2632 2636 2637
f 2632 2637 2633
f 2633 2637 2638
f 2633 2638 2639
f 2633 2639 2647
f 2633 2647 2663
f 2633 2663 2666
f 2633 2666 2649
f 2633 2649 2640
f 2633 2640 2635
f 2633 2635 2634
f 2635 2640 2641
f 2635 2641 2642
f 2635 2642 2643
f 2636 2644 2637
f 2637 2645 2638
f 2637 2644 2646
f 2637 2646 2645
f 2638 2647 2639
f 2638 2645 2648
f 2638 2648 2647
f 2640 2649 2641
f 2641 2650 2651
f 2641 2651 2652
f 2641 2652 2653
f 2641 2653 2642
f 2641 2649 2666
f 2641 2666 2650
f 2642 2653 2654
f 2642 2654 2643
f 2643 2654 2655
f 2643 2655 2656
f 2643 2656 2657
f 2644 2658 2646
f 2645 2646 2659
f 2645 2659 2648
f 2646 2658 2660
f 2646 2660 2661
f 2646 2661 2659
f 2647 2648 2662
f 2647 2662 2663
f 2648 2664 2663
f 2648 2663 2662
f 2648 2659 2661
f 2648 2661 2665
f 2648 2665 2664
f 2650 2666 2667
f 2650 2667 2668
f 2650 2668 2669
f 2650 2669 2670
f 2650 2670 2671
f 2650 2671 2672
f 2650 2672 2673
f 2650 2673 2674
f 2650 2674 2675
f 2650 2675 2676
f 2650 2676 2651
f 2651 2676 2677
f 2651 2677 2678
f 2651 2678 2652
f 2652 2678 2679
f 2652 2679 2653
f 2653 2679 2678
f 2653 2678 2655
f 2653 2655 2654
f 2655 2678 2656
f 2656 2678 2680
f 2656 2680 2657
f 2657 2680 2681
f 2660 2682 2683
f 2660 2683 2684
f 2660 2684 2661
f 2661 2684 2683
f 2661 2683 2685
f 2661 2685 2665
f 2663 2686 2666
f 2663 2664 2687
f 2663 2687 2688
f 2663 2688 2689
f 2663 2689 2690
f 2663 2690 2686
f 2664 2665 2691
f 2664 2691 2687
f 2665 2685 2691
f 2666 2686 2692
f 2666 2692 2667
f 2667 2692 2668
f 2668 2690 2721
f 2668 2721 2693
f 2668 2693 2670
f 2668 2670 2669
f 2668 2692 2686
f 2668 2686 2690
f 2670 2693 2671
f 2671 2693 2694
f 2671 2694 2695
f 2671 2695 2672
f 2672 2695 2696
f 2672 2696 2673
f 2673 2696 2674
f 2674 2696 2697
f 2674 2697 2675
f 2675 2697 2677
f 2675 2677 2676
f 2677 2697 2698
f 2677 2698 2699
f 2677 2699 2700
f 2677 2700 2678
f 2678 2700 2680
f 2680 2700 2701
f 2680 2701 2681
f 2681 2702 2703
f 2681 2703 2704
f 2681 2704 2705
f 2681 2705 2706
f 2681 2706 2707
f 2681 2707 2708
f 2681 2708 2709
f 2681 2709 2710
f 2681 2710 2711
f 2681 2711 2712
f 2681 2712 2713
f 2681 2701 2714
f 2681 2714 2715
f 2681 2715 2716
f 2681 2716 2702
f 2682 2713 2683
f 2683 2713 2685
f 2685 2713 2712
f 2685 2712 2717
f 2685 2717 2691
f 2687 2691 2718
f 2687 2718 2688
f 2688 2718 2719
f 2688 2719 2720
f 2688 2720 2690
f 2688 2690 2689
f 2690 2720 2722
f 2690 2722 2723
f 2690 2723 2721
f 2691 2717 2719
f 2691 2719 2718
f 2693 2721 2694
f 2694 2724 2695
f 2694 2721 2725
f 2694 2725 2724
f 2695 2724 2696
f 2696 2724 2698
f 2696 2698 2697
f 2698 2724 2726
f 2698 2726 2699
f 2699 2726 2727
f 2699 2727 2728
f 2699 2728 2700
f 2700 2728 2701
f 2701 2728 2714
f 2702 2729 2703
f 2702 2716 2730
f 2702 2730 2729
f 2703 2729 2731
f 2703 2731 2704
f 2704 2731 2705
f 2705 2731 2707
f 2705 2707 2706
f 2707 2731 2732
f 2707 2732 2708
f 2708 2732 2733
f 2708 2733 2734
f 2708 2734 2709
f 2709 2734 2735
f 2709 2735 2710
f 2710 2735 2711
f 2711 2735 2736
f 2711 2736 2737
f 2711 2737 2738
f 2711 2738 2717
f 2711 2717 2712
f 2714 2728 2715
f 2715 2728 2730
f 2715 2730 2716
f 2717 2738 2739
f 2717 2739 2719
f 2719 2739 2720
f 2720 2739 2738
f 2720 2738 2722
f 2721 2723 2740
f 2721 2740 2725
f 2722 2738 2723
f 2723 2738 2736
f 2723 2736 2735
f 2723 2735 2734
f 2723 2734 2740
f 2724 2725 2726
f 2725 2740 2733
f 2725 2733 2741
f 2725 2741 2726
f 2726 2741 2742
f 2726 2742 2727
f 2727 2742 2729
f 2727 2729 2730
f 2727 2730 2728
f 2729 2742 2731
f 2731 2742 2732
f 2732 2742 2741
f 2732 2741 2733
f 2733 2740 2734
f 2736 2738 2737

o geometry_22
v -0.00076464 0.00533173 0.02976122
v -0.00132887 0.00533167 0.02976122
v -0.00076464 0.00496915 0.02976122
v -0.00076464 0.00533085 0.00876647
v -0.00165744 0.00533085 0.00876647
v -0.00162061 0.00532154 0.02976122
v -0.00165744 0.00533085 0.01036754
v -0.00165744 0.00533079 0.01102523
v -0.00165744 0.00533062 0.01201177
v -0.00165744 0.00533021 0.01332715
v -0.00165744 0.00532969 0.01497138
v -0.00165744 0.00532957 0.01530023
v -0.00249043 0.00473726 0.02976122
v -0.00076464 0.00496915 0.00876647
v -0.00189461 0.00532108 0.00876647
v -0.00182248 0.00531148 0.02572875
v -0.00182096 0.00531095 0.02594866
v -0.00178481 0.00529355 0.02976122
v -0.00186218 0.00531985 0.01530023
v -0.00249043 0.00512067 0.02976122
v -0.00249043 0.00474064 0.02845200
v -0.00249043 0.00479359 0.00919808
v -0.00249043 0.00479452 0.00886924
v -0.00249043 0.00479498 0.00876647
v -0.00249043 0.00516135 0.00876647
v -0.00231525 0.00517601 0.02943854
v -0.00231525 0.00517543 0.02976122
v -0.00231525 0.00517764 0.02845200
v -0.00231525 0.00517712 0.02878085
v -0.00232319 0.00517298 0.02976122
v -0.00249043 0.00512213 0.02910969
v -0.00249043 0.00512358 0.02845200
f 2743 2744 2748
f 2743 2748 2760
f 2743 2760 2769
f 2743 2769 2772
f 2743 2772 2762
f 2743 2762 2755
f 2743 2755 2745
f 2743 2745 2756
f 2743 2756 2746
f 2743 2746 2747
f 2743 2747 2744
f 2744 2747 2749
f 2744 2749 2750
f 2744 2750 2751
f 2744 2751 2752
f 2744 2752 2753
f 2744 2753 2754
f 2744 2754 2748
f 2745 2755 2756
f 2746 2756 2766
f 2746 2766 2767
f 2746 2767 2757
f 2746 2757 2747
f 2747 2757 2749
f 2748 2758 2759
f 2748 2759 2760
f 2748 2754 2761
f 2748 2761 2758
f 2749 2757 2750
f 2750 2757 2751
f 2751 2757 2752
f 2752 2757 2753
f 2753 2757 2754
f 2754 2757 2761
f 2755 2762 2773
f 2755 2773 2774
f 2755 2774 2767
f 2755 2767 2766
f 2755 2766 2765
f 2755 2765 2764
f 2755 2764 2763
f 2755 2763 2756
f 2756 2764 2765
f 2756 2765 2766
f 2756 2763 2764
f 2757 2767 2761
f 2758 2768 2769
f 2758 2769 2759
f 2758 2761 2768
f 2759 2769 2760
f 2761 2767 2770
f 2761 2770 2771
f 2761 2771 2768
f 2762 2772 2773
f 2767 2774 2772
f 2767 2772 2769
f 2767 2769 2768
f 2767 2768 2771
f 2767 2771 2770
f 2772 2774 2773

o geometry_23
v -0.00248961 -0.00610082 0.00627000
v -0.00231450 -0.00690561 0.00687682
v -0.00248961 -0.00690189 0.00687489
v -0.00248961 -0.00610082 0.00703213
v -0.00231368 -0.00610082 0.00628636
v 0.00586987 -0.00612996 0.00682634
v 0.00586987 -0.00727676 0.00719888
v 0.00586987 -0.00741359 0.00727046
v 0.00586987 -0.00743901 0.00728682
v -0.00165743 -0.00724858 0.00717478
v -0.00198637 -0.00723126 0.00718217
v -0.00248961 -0.00699727 0.00698447
v -0.00248961 -0.00682627 0.00806689
v -0.00238242 -0.00610082 0.00706625
v -0.00099463 -0.00610082 0.00659628
v 0.00586987 -0.00612996 0.00744776
v -0.00076387 -0.00610082 0.00672872
v 0.00586987 -0.00759997 0.00745180
v -0.00099954 -0.00751885 0.00755945
v -0.00001270 -0.00753844 0.00752568
v -0.00034164 -0.00753488 0.00753095
v -0.00067059 -0.00752840 0.00754098
v -0.00076387 -0.00752581 0.00754626
v -0.00225313 -0.00720794 0.00720661
v -0.00116565 -0.00751334 0.00757088
v -0.00248961 -0.00716584 0.00723599
v -0.00099954 -0.00610082 0.00738655
v -0.00132848 -0.00610082 0.00733871
v -0.00169098 -0.00610082 0.00726096
v -0.00248961 -0.00721717 0.00806689
v -0.00076387 -0.00726931 0.00806689
v 0.00586987 -0.00637059 0.00786937
v -0.00076387 -0.00610082 0.00740115
v 0.00586987 -0.00773486 0.00773569
v -0.00034164 -0.00757649 0.00773569
v -0.00198637 -0.00731821 0.00740695
v -0.00247243 -0.00718073 0.00725270
v -0.00067059 -0.00756192 0.00773569
v -0.00099954 -0.00753909 0.00773587
v -0.00120492 -0.00751982 0.00773587
v -0.00198637 -0.00735724 0.00773587
v -0.00248961 -0.00717555 0.00726624
v -0.00248961 -0.00721863 0.00773587
v -0.00231450 -0.00727838 0.00806689
v -0.00076387 -0.00757228 0.00806689
v 0.00586987 -0.00775494 0.00786937
v -0.00034164 -0.00758459 0.00786937
v -0.00234396 -0.00723692 0.00738004
v -0.00248961 -0.00720357 0.00745919
v -0.00053721 -0.00757584 0.00786937
v -0.00067059 -0.00756921 0.00786937
v -0.00076387 -0.00756273 0.00786937
v -0.00099708 -0.00755398 0.00806689
v -0.00099954 -0.00755366 0.00806460
v -0.00076387 -0.00756823 0.00797103
v -0.00124093 -0.00752646 0.00806689
v -0.00124256 -0.00752613 0.00806460
v -0.00231450 -0.00727967 0.00773587
v -0.00198637 -0.00735627 0.00806689
v -0.00248961 -0.00720794 0.00750387
v -0.00231286 -0.00727886 0.00806689
v -0.00076387 -0.00757228 0.00806460
f 2775 2776 2777
f 2775 2777 2786
f 2775 2786 2800
f 2775 2800 2816
f 2775 2816 2823
f 2775 2823 2834
f 2775 2834 2817
f 2775 2817 2804
f 2775 2804 2787
f 2775 2787 2778
f 2775 2778 2788
f 2775 2788 2803
f 2775 2803 2802
f 2775 2802 2801
f 2775 2801 2807
f 2775 2807 2791
f 2775 2791 2789
f 2775 2789 2779
f 2775 2779 2780
f 2775 2780 2781
f 2775 2781 2782
f 2775 2782 2783
f 2775 2783 2776
f 2776 2784 2777
f 2776 2783 2784
f 2777 2784 2785
f 2777 2785 2786
f 2778 2787 2788
f 2779 2789 2780
f 2780 2790 2806
f 2780 2806 2820
f 2780 2820 2808
f 2780 2808 2792
f 2780 2792 2783
f 2780 2783 2782
f 2780 2782 2781
f 2780 2789 2791
f 2780 2791 2807
f 2780 2807 2790
f 2783 2792 2784
f 2784 2793 2785
f 2784 2792 2794
f 2784 2794 2795
f 2784 2795 2796
f 2784 2796 2797
f 2784 2797 2793
f 2785 2798 2786
f 2785 2793 2799
f 2785 2799 2798
f 2786 2798 2800
f 2787 2801 2802
f 2787 2802 2803
f 2787 2803 2788
f 2787 2804 2818
f 2787 2818 2835
f 2787 2835 2833
f 2787 2833 2830
f 2787 2830 2827
f 2787 2827 2819
f 2787 2819 2805
f 2787 2805 2806
f 2787 2806 2807
f 2787 2807 2801
f 2790 2807 2806
f 2792 2808 2794
f 2793 2797 2809
f 2793 2809 2799
f 2794 2808 2795
f 2795 2808 2809
f 2795 2809 2796
f 2796 2809 2797
f 2798 2799 2810
f 2798 2810 2811
f 2798 2811 2800
f 2799 2809 2812
f 2799 2812 2813
f 2799 2813 2814
f 2799 2814 2815
f 2799 2815 2810
f 2800 2811 2816
f 2804 2817 2818
f 2805 2819 2820
f 2805 2820 2806
f 2808 2820 2809
f 2809 2820 2821
f 2809 2821 2812
f 2810 2815 2822
f 2810 2822 2811
f 2811 2822 2823
f 2811 2823 2816
f 2812 2821 2824
f 2812 2824 2825
f 2812 2825 2826
f 2812 2826 2813
f 2813 2827 2828
f 2813 2828 2814
f 2813 2826 2829
f 2813 2829 2827
f 2814 2828 2830
f 2814 2830 2831
f 2814 2831 2815
f 2815 2832 2822
f 2815 2831 2833
f 2815 2833 2832
f 2817 2834 2832
f 2817 2832 2818
f 2818 2832 2835
f 2819 2827 2836
f 2819 2836 2821
f 2819 2821 2820
f 2821 2836 2824
f 2822 2832 2834
f 2822 2834 2823
f 2824 2836 2825
f 2825 2836 2829
f 2825 2829 2826
f 2827 2830 2828
f 2827 2829 2836
f 2830 2833 2831
f 2832 2833 2835

o geometry_24
v 0.00586913 0.00545396 0.02560717
v 0.00586913 0.00536139 0.02559592
v 0.00586913 0.00545396 0.02473414
v 0.00311366 0.00545396 0.02927933
v 0.00311301 0.00530123 0.02927708
v 0.00577172 0.00522345 0.02569268
v 0.00586913 0.00514331 0.02548792
v 0.00063484 0.00545396 0.02696848
v 0.00586913 0.00532677 0.00774594
v 0.00586069 0.00532692 0.00774594
v 0.00557624 0.00533100 0.00774594
v -0.00076400 0.00533100 0.00774594
v 0.00280779 0.00545396 0.02963259
v 0.00279740 0.00526172 0.02962134
v 0.00343447 0.00498319 0.02861105
v 0.00541259 0.00498218 0.02598519
v 0.00586913 0.00512896 0.02547442
v 0.00043353 0.00545396 0.02713499
v 0.00586913 0.00496403 0.00774594
v -0.00076400 0.00545396 0.03016136
v 0.00016532 0.00545396 0.02745450
v 0.00031533 0.00545396 0.02726099
v -0.00076400 0.00496917 0.00774594
v 0.00264414 0.00545396 0.02981260
v 0.00248113 0.00523387 0.02995661
v 0.00238047 0.00501468 0.02985985
v 0.00312081 0.00497810 0.02896431
v 0.00521972 0.00497728 0.02611795
v 0.00586913 0.00497507 0.02518191
v 0.00576717 0.00497810 0.02537541
v 0.00586913 0.00501036 0.02531466
v 0.00586913 0.00496345 0.01592278
v -0.00076400 0.00545396 0.03073289
v -0.00076400 0.00496917 0.03009611
v 0.00249542 0.00545396 0.02997011
v 0.00207200 0.00545396 0.03023337
v 0.00191874 0.00545396 0.03032787
v 0.00185704 0.00514701 0.03029412
v 0.00179600 0.00498232 0.03026037
v 0.00216162 0.00497810 0.02994310
v 0.00247918 0.00497810 0.02963934
v 0.00292468 0.00497455 0.02908807
v 0.00319679 0.00497589 0.02877980
v 0.00586913 0.00497421 0.02514591
v 0.00586913 0.00496345 0.01595878
v -0.00076400 0.00514701 0.03066988
v -0.00067048 0.00514701 0.03066988
v 0.00031598 0.00514701 0.03066538
v 0.00031598 0.00545396 0.03072389
v 0.00130244 0.00496917 0.03009611
v -0.00076400 0.00497080 0.03042462
v 0.00586913 0.00496355 0.01661580
v 0.00163105 0.00545396 0.03046063
v 0.00119074 0.00527151 0.03059788
v 0.00097319 0.00521116 0.03061813
v 0.00051925 0.00497992 0.03059338
v 0.00163105 0.00497906 0.03027162
v 0.00192783 0.00497709 0.03007136
v 0.00227851 0.00497455 0.02975635
v 0.00294611 0.00496917 0.02877980
v 0.00491904 0.00496955 0.02614945
v 0.00586913 0.00496917 0.02483539
v -0.00076400 0.00509876 0.03064963
v 0.00031598 0.00497839 0.03059563
v 0.00063484 0.00512363 0.03063613
v 0.00062251 0.00545396 0.03070139
v 0.00195965 0.00496917 0.02976760
v 0.00163105 0.00497234 0.03009611
v 0.00130244 0.00497589 0.03028737
v 0.00031598 0.00497171 0.03042462
v -0.00001327 0.00497138 0.03042462
v -0.00067048 0.00497085 0.03042462
v -0.00076400 0.00497560 0.03054838
v 0.00228891 0.00496917 0.02943908
v 0.00136803 0.00545396 0.03056413
v 0.00122127 0.00545396 0.03060463
v 0.00097319 0.00545396 0.03064963
v 0.00064394 0.00545396 0.03069914
v -0.00076400 0.00497752 0.03059563
v -0.00067048 0.00497757 0.03059563
v -0.00001327 0.00497810 0.03059563
f 2837 2838 2843
f 2837 2843 2853
f 2837 2853 2867
f 2837 2867 2865
f 2837 2865 2880
f 2837 2880 2898
f 2837 2898 2888
f 2837 2888 2881
f 2837 2881 2868
f 2837 2868 2855
f 2837 2855 2845
f 2837 2845 2839
f 2837 2839 2844
f 2837 2844 2854
f 2837 2854 2858
f 2837 2858 2857
f 2837 2857 2856
f 2837 2856 2869
f 2837 2869 2885
f 2837 2885 2902
f 2837 2902 2914
f 2837 2914 2913
f 2837 2913 2912
f 2837 2912 2911
f 2837 2911 2889
f 2837 2889 2873
f 2837 2873 2872
f 2837 2872 2871
f 2837 2871 2860
f 2837 2860 2849
f 2837 2849 2840
f 2837 2840 2841
f 2837 2841 2838
f 2838 2842 2843
f 2838 2841 2842
f 2839 2845 2846
f 2839 2846 2847
f 2839 2847 2848
f 2839 2848 2844
f 2840 2849 2841
f 2841 2849 2850
f 2841 2850 2851
f 2841 2851 2842
f 2842 2852 2843
f 2842 2851 2852
f 2843 2852 2853
f 2844 2848 2854
f 2845 2855 2859
f 2845 2859 2848
f 2845 2848 2847
f 2845 2847 2846
f 2848 2856 2857
f 2848 2857 2858
f 2848 2858 2854
f 2848 2859 2870
f 2848 2870 2887
f 2848 2887 2909
f 2848 2909 2915
f 2848 2915 2899
f 2848 2899 2882
f 2848 2882 2869
f 2848 2869 2856
f 2849 2860 2850
f 2850 2860 2861
f 2850 2861 2862
f 2850 2862 2851
f 2851 2862 2863
f 2851 2863 2852
f 2852 2864 2865
f 2852 2865 2866
f 2852 2866 2867
f 2852 2867 2853
f 2852 2863 2864
f 2855 2868 2859
f 2859 2868 2881
f 2859 2881 2870
f 2860 2871 2861
f 2861 2871 2872
f 2861 2872 2873
f 2861 2873 2874
f 2861 2874 2875
f 2861 2875 2862
f 2862 2875 2876
f 2862 2876 2877
f 2862 2877 2863
f 2863 2877 2878
f 2863 2878 2879
f 2863 2879 2865
f 2863 2865 2864
f 2865 2867 2866
f 2865 2879 2878
f 2865 2878 2880
f 2869 2882 2883
f 2869 2883 2884
f 2869 2884 2885
f 2870 2886 2887
f 2870 2881 2888
f 2870 2888 2886
f 2873 2889 2874
f 2874 2889 2890
f 2874 2890 2875
f 2875 2890 2891
f 2875 2891 2892
f 2875 2892 2893
f 2875 2893 2894
f 2875 2894 2876
f 2876 2894 2895
f 2876 2895 2877
f 2877 2895 2878
f 2878 2895 2896
f 2878 2896 2880
f 2880 2897 2898
f 2880 2896 2897
f 2882 2899 2883
f 2883 2899 2900
f 2883 2900 2884
f 2884 2901 2902
f 2884 2902 2885
f 2884 2900 2892
f 2884 2892 2901
f 2886 2903 2904
f 2886 2904 2905
f 2886 2905 2906
f 2886 2906 2907
f 2886 2907 2908
f 2886 2908 2887
f 2886 2888 2903
f 2887 2908 2909
f 2888 2898 2896
f 2888 2896 2910
f 2888 2910 2903
f 2889 2911 2890
f 2890 2911 2912
f 2890 2912 2913
f 2890 2913 2914
f 2890 2914 2891
f 2891 2901 2892
f 2891 2914 2902
f 2891 2902 2901
f 2892 2900 2906
f 2892 2906 2905
f 2892 2905 2893
f 2893 2905 2904
f 2893 2904 2894
f 2894 2904 2895
f 2895 2904 2903
f 2895 2903 2910
f 2895 2910 2896
f 2896 2898 2897
f 2899 2915 2916
f 2899 2916 2917
f 2899 2917 2900
f 2900 2917 2907
f 2900 2907 2906
f 2907 2917 2909
f 2907 2909 2908
f 2909 2917 2916
f 2909 2916 2915

o geometry_25
v 0.01026140 -0.00160332 0.00918574
v 0.01022774 0.00004878 0.00900876
v 0.01068461 -0.00160332 0.00918574
v 0.00988554 -0.00160332 0.01003920
v 0.01018651 0.00171713 0.00900876
v 0.01071367 0.00004878 0.00900876
v 0.01069249 -0.00142943 0.00918574
v 0.01072216 -0.00110051 0.00938135
v 0.01070415 -0.00142943 0.00938135
v 0.01069433 -0.00160332 0.00938135
v 0.00986017 -0.00160332 0.01016029
v 0.00986928 0.00171713 0.01003920
v 0.01065843 0.00171713 0.00900876
v 0.01071397 0.00021422 0.00900876
v 0.01072226 0.00021422 0.00905184
v 0.01072185 0.00004878 0.00905184
v 0.01072052 -0.00077191 0.00918574
v 0.01071551 -0.00090419 0.00918574
v 0.01073474 -0.00077191 0.00938135
v 0.01073433 -0.00110051 0.01102539
v 0.01077535 -0.00110051 0.01661304
v 0.01073546 -0.00142943 0.01365679
v 0.01078589 -0.00142943 0.02055897
v 0.01077597 -0.00160332 0.02055897
v 0.00984473 -0.00160332 0.01036754
v 0.00983173 0.00171713 0.01036754
v 0.01067080 0.00152959 0.00900876
v 0.01068247 0.00171713 0.00914964
v 0.01071377 0.00028995 0.00900876
v 0.01071868 0.00054314 0.00905184
v 0.01074732 0.00021422 0.00938135
v 0.01073484 0.00004878 0.00921717
v 0.01074722 -0.00011438 0.00938135
v 0.01073178 -0.00011438 0.00918574
v 0.01072748 -0.00044331 0.00918574
v 0.01072482 -0.00057559 0.00918574
v 0.01074139 -0.00044331 0.00938135
v 0.01081648 -0.00077191 0.02055897
v 0.01080420 -0.00110051 0.02055897
v 0.01077198 -0.00160332 0.02073246
v 0.00980002 -0.00160332 0.01168324
v 0.00978386 0.00171713 0.01168324
v 0.01068871 0.00121302 0.00900876
v 0.01068738 0.00152959 0.00911355
v 0.01068932 0.00171713 0.00926608
v 0.01072134 0.00120067 0.00938135
v 0.01071009 0.00087207 0.00905184
v 0.01071101 0.00054314 0.00900876
v 0.01070947 0.00062245 0.00900876
v 0.01073454 0.00087207 0.00938135
v 0.01074160 0.00054314 0.00938135
v 0.01074732 0.00004878 0.00938135
v 0.01081924 0.00021422 0.01924444
v 0.01082886 -0.00011438 0.02055897
v 0.01082272 -0.00044331 0.02055897
v 0.01079919 -0.00077191 0.02088848
v 0.01078917 -0.00110051 0.02088848
v 0.01077505 -0.00142943 0.02088848
v 0.01076697 -0.00160332 0.02088848
v 0.00982519 -0.00160332 0.01299777
v 0.00980861 0.00171713 0.01299777
v 0.01069045 0.00117694 0.00900876
v 0.01069300 0.00119417 0.00903204
v 0.01069290 0.00171713 0.00938135
v 0.01070323 0.00152959 0.00938135
v 0.01073188 0.00120067 0.01069588
v 0.01070293 0.00087207 0.00900876
v 0.01070139 0.00092440 0.00900876
v 0.01073443 0.00120067 0.01102539
v 0.01074681 0.00087207 0.01102539
v 0.01076605 0.00087207 0.01365679
v 0.01080686 0.00087207 0.01924444
v 0.01081321 0.00054314 0.01924444
v 0.01082875 0.00004878 0.02055897
v 0.01081945 0.00004878 0.02072547
v 0.01081034 -0.00011438 0.02088848
v 0.01080482 -0.00044331 0.02088848
v 0.01079469 -0.00079109 0.02090362
v 0.01078477 -0.00112066 0.02090362
v 0.01077106 -0.00144991 0.02090362
v 0.01076400 -0.00160332 0.02090362
v 0.00989230 -0.00160332 0.01593423
v 0.00988074 0.00171713 0.01594471
v 0.01070538 0.00171713 0.01102539
v 0.01071612 0.00152959 0.01102539
v 0.01075715 0.00152959 0.01661420
v 0.01077535 0.00120067 0.01661420
v 0.01078497 0.00120067 0.01792874
v 0.01079459 0.00120067 0.01924444
v 0.01075602 0.00171713 0.01943539
v 0.01077638 0.00152959 0.01924444
v 0.01076553 0.00171713 0.01924444
v 0.01081014 0.00004878 0.02088848
v 0.01080574 0.00004878 0.02090362
v 0.01080584 -0.00011438 0.02090362
v 0.01080564 -0.00013323 0.02090362
v 0.01080032 -0.00046248 0.02090362
v 0.01039296 -0.00160332 0.02090362
v 0.00992493 -0.00160332 0.01724294
v 0.00995153 0.00171713 0.01717541
v 0.01073433 0.00171713 0.01497016
v 0.01076676 0.00152959 0.01792874
v 0.01038426 0.00171713 0.01943539
v 0.01042794 0.00004878 0.02090362
v 0.01014825 -0.00160332 0.02036569
v 0.01010140 -0.00160332 0.02024460
v 0.01009843 0.00171713 0.01893123
v 0.01024165 0.00171713 0.01921183
v 0.01025587 0.00004878 0.02049493
v 0.01016544 0.00004878 0.02023063
f 2918 2919 2923
f 2918 2923 2920
f 2918 2920 2927
f 2918 2927 2941
f 2918 2941 2957
f 2918 2957 2976
f 2918 2976 2998
f 2918 2998 3015
f 2918 3015 3022
f 2918 3022 3023
f 2918 3023 3016
f 2918 3016 2999
f 2918 2999 2977
f 2918 2977 2958
f 2918 2958 2942
f 2918 2942 2928
f 2918 2928 2921
f 2918 2921 2919
f 2919 2922 2930
f 2919 2930 2944
f 2919 2944 2960
f 2919 2960 2979
f 2919 2979 2985
f 2919 2985 2984
f 2919 2984 2966
f 2919 2966 2965
f 2919 2965 2946
f 2919 2946 2931
f 2919 2931 2923
f 2919 2921 2922
f 2920 2923 2924
f 2920 2924 2925
f 2920 2925 2926
f 2920 2926 2927
f 2921 2928 2929
f 2921 2929 2922
f 2922 2929 2943
f 2922 2943 2959
f 2922 2959 2978
f 2922 2978 3000
f 2922 3000 3017
f 2922 3017 3024
f 2922 3024 3025
f 2922 3025 3020
f 2922 3020 3007
f 2922 3007 3009
f 2922 3009 3018
f 2922 3018 3001
f 2922 3001 2981
f 2922 2981 2962
f 2922 2962 2945
f 2922 2945 2930
f 2923 2931 2932
f 2923 2932 2933
f 2923 2933 2934
f 2923 2934 2935
f 2923 2935 2924
f 2924 2935 2925
f 2925 2935 2936
f 2925 2936 2937
f 2925 2937 2926
f 2926 2937 2938
f 2926 2938 2939
f 2926 2939 2927
f 2927 2939 2940
f 2927 2940 2941
f 2928 2942 2943
f 2928 2943 2929
f 2930 2945 2944
f 2931 2946 2932
f 2932 2947 2948
f 2932 2948 2949
f 2932 2949 2933
f 2932 2946 2947
f 2933 2949 2950
f 2933 2950 2951
f 2933 2951 2952
f 2933 2952 2953
f 2933 2953 2934
f 2934 2953 2936
f 2934 2936 2935
f 2936 2953 2954
f 2936 2954 2955
f 2936 2955 2938
f 2936 2938 2937
f 2938 2955 2956
f 2938 2956 2939
f 2939 2956 2940
f 2940 2956 2957
f 2940 2957 2941
f 2942 2958 2959
f 2942 2959 2943
f 2944 2945 2961
f 2944 2961 2960
f 2945 2962 2963
f 2945 2963 2964
f 2945 2964 2961
f 2946 2965 2947
f 2947 2965 2966
f 2947 2966 2964
f 2947 2964 2967
f 2947 2967 2968
f 2947 2968 2948
f 2948 2969 2949
f 2948 2968 2970
f 2948 2970 2971
f 2948 2971 2969
f 2949 2969 2950
f 2950 2954 2952
f 2950 2952 2951
f 2950 2969 2971
f 2950 2971 2954
f 2952 2954 2953
f 2954 2971 2972
f 2954 2972 2955
f 2955 2972 2973
f 2955 2973 2974
f 2955 2974 2956
f 2956 2974 2975
f 2956 2975 2976
f 2956 2976 2957
f 2958 2977 2978
f 2958 2978 2959
f 2960 2961 2980
f 2960 2980 2979
f 2961 2964 2980
f 2962 2981 2982
f 2962 2982 2963
f 2963 2967 2964
f 2963 2982 2983
f 2963 2983 2967
f 2964 2966 2984
f 2964 2984 2985
f 2964 2985 2979
f 2964 2979 2980
f 2967 2983 2986
f 2967 2986 2987
f 2967 2987 2968
f 2968 2987 2988
f 2968 2988 2989
f 2968 2989 2990
f 2968 2990 2970
f 2970 2990 2991
f 2970 2991 2971
f 2971 2991 2992
f 2971 2992 2993
f 2971 2993 2994
f 2971 2994 2973
f 2971 2973 2972
f 2973 2994 3014
f 2973 3014 2995
f 2973 2995 2996
f 2973 2996 2974
f 2974 2996 2997
f 2974 2997 2975
f 2975 2997 2998
f 2975 2998 2976
f 2977 2999 2978
f 2978 2999 3000
f 2981 3001 3002
f 2981 3002 2983
f 2981 2983 2982
f 2983 3002 2986
f 2986 3002 3003
f 2986 3003 3004
f 2986 3004 2987
f 2987 3004 3005
f 2987 3005 3006
f 2987 3006 2988
f 2988 3006 2989
f 2989 3006 2991
f 2989 2991 2990
f 2991 3007 2992
f 2991 3006 3008
f 2991 3008 3009
f 2991 3009 3007
f 2992 3007 3010
f 2992 3010 2993
f 2993 3010 3011
f 2993 3011 3012
f 2993 3012 3013
f 2993 3013 3014
f 2993 3014 2994
f 2995 3014 3013
f 2995 3013 3012
f 2995 3012 3011
f 2995 3011 3021
f 2995 3021 3015
f 2995 3015 2998
f 2995 2998 2997
f 2995 2997 2996
f 2999 3016 3000
f 3000 3016 3017
f 3001 3018 3003
f 3001 3003 3002
f 3003 3019 3005
f 3003 3005 3004
f 3003 3018 3019
f 3005 3019 3008
f 3005 3008 3006
f 3007 3020 3021
f 3007 3021 3011
f 3007 3011 3010
f 3008 3019 3018
f 3008 3018 3009
f 3015 3021 3022
f 3016 3023 3017
f 3017 3023 3024
f 3020 3025 3021
f 3021 3025 3024
f 3021 3024 3026
f 3021 3026 3022
f 3022 3026 3023
f 3023 3026 3027
f 3023 3027 3024
f 3024 3027 3026

o geometry_26
v -0.00428812 -0.00281948 0.00379803
v -0.00399802 -0.00282980 0.00379803
v -0.00428812 -0.00281948 0.00378962
v -0.00518233 -0.00281948 0.00379803
v -0.00249028 -0.00472225 0.00378269
v -0.00399802 -0.00282980 0.00378962
v -0.00399802 -0.00356031 0.00379803
v -0.00399802 -0.00285228 0.00349899
v -0.00428812 -0.00284517 0.00346083
v -0.00518233 -0.00281948 0.00378962
v -0.00592778 -0.00413555 0.00378269
v -0.00518233 -0.00311237 0.00379803
v -0.00249028 -0.00510322 0.00378269
v -0.00249028 -0.00472294 0.00346094
v -0.00249028 -0.00472638 0.00330643
v -0.00249028 -0.00473395 0.00313225
v -0.00484713 -0.00516217 0.00378269
v -0.00531728 -0.00516217 0.00378269
v -0.00399802 -0.00285526 0.00346083
v -0.00428812 -0.00289035 0.00326291
v -0.00461693 -0.00284540 0.00346083
v -0.00518233 -0.00282682 0.00369744
v -0.00399802 -0.00288966 0.00329360
v -0.00589716 -0.00413555 0.00346094
v -0.00583187 -0.00434977 0.00378269
v -0.00518233 -0.00284632 0.00346083
v -0.00548219 -0.00494496 0.00378269
v -0.00536406 -0.00510506 0.00378269
v -0.00536137 -0.00510850 0.00378269
v -0.00535733 -0.00511354 0.00378269
v -0.00249028 -0.00513717 0.00364646
v -0.00249028 -0.00475092 0.00298510
v -0.00249028 -0.00516217 0.00353704
v -0.00530651 -0.00516217 0.00369208
v -0.00428812 -0.00303668 0.00309862
v -0.00461693 -0.00289058 0.00326364
v -0.00399802 -0.00289494 0.00327058
v -0.00399802 -0.00302315 0.00312542
v -0.00399802 -0.00304012 0.00310629
v -0.00494574 -0.00284586 0.00346083
v -0.00587461 -0.00413555 0.00338768
v -0.00578307 -0.00425023 0.00327563
v -0.00581167 -0.00430734 0.00346094
v -0.00518233 -0.00285893 0.00340586
v -0.00518233 -0.00289150 0.00326585
v -0.00546839 -0.00492501 0.00352348
v -0.00249028 -0.00481239 0.00285644
v -0.00249028 -0.00516217 0.00272432
v -0.00526781 -0.00516217 0.00344664
v -0.00428812 -0.00320091 0.00294516
v -0.00461693 -0.00303875 0.00309925
v -0.00494574 -0.00289104 0.00326480
v -0.00399802 -0.00318554 0.00296492
v -0.00581537 -0.00413555 0.00324010
v -0.00549936 -0.00465918 0.00322297
v -0.00543575 -0.00487845 0.00330432
v -0.00518233 -0.00293370 0.00321981
v -0.00535868 -0.00503946 0.00343266
v -0.00249028 -0.00495322 0.00276993
v -0.00399802 -0.00320458 0.00294715
v -0.00428812 -0.00340297 0.00289460
v -0.00249028 -0.00504680 0.00273556
v -0.00450149 -0.00516217 0.00289260
v -0.00461693 -0.00471813 0.00287399
v -0.00494574 -0.00438922 0.00288324
v -0.00518233 -0.00382408 0.00288083
v -0.00518233 -0.00373165 0.00288083
v -0.00494574 -0.00373165 0.00287336
v -0.00518233 -0.00349518 0.00289523
v -0.00518233 -0.00340297 0.00290301
v -0.00522844 -0.00516217 0.00333050
v -0.00399802 -0.00337958 0.00290132
v -0.00399802 -0.00340297 0.00289544
v -0.00518233 -0.00320733 0.00294904
v -0.00494574 -0.00304104 0.00310041
v -0.00577263 -0.00413555 0.00319732
v -0.00518233 -0.00304288 0.00310156
v -0.00518233 -0.00308898 0.00305878
v -0.00511233 -0.00488579 0.00296628
v -0.00519343 -0.00501584 0.00314413
v -0.00515944 -0.00516217 0.00321918
v -0.00518233 -0.00326260 0.00293580
v -0.00460952 -0.00516217 0.00291162
v -0.00461693 -0.00504680 0.00289502
v -0.00494574 -0.00471813 0.00290910
v -0.00519916 -0.00413555 0.00289765
v -0.00527286 -0.00413555 0.00291005
v -0.00543676 -0.00413555 0.00294505
v -0.00547411 -0.00413555 0.00295388
v -0.00557138 -0.00413555 0.00301569
v -0.00563734 -0.00413555 0.00307444
v -0.00492117 -0.00501584 0.00294652
v -0.00483366 -0.00516217 0.00295640
v -0.00491141 -0.00516217 0.00300402
v -0.00501439 -0.00510506 0.00304238
v -0.00544921 -0.00424496 0.00296218
v -0.00526882 -0.00436835 0.00293517
v -0.00499117 -0.00516217 0.00306740
v -0.00478015 -0.00516217 0.00294316
f 3028 3029 3033
f 3028 3033 3030
f 3028 3030 3037
f 3028 3037 3031
f 3028 3031 3039
f 3028 3039 3034
f 3028 3034 3029
f 3029 3032 3033
f 3029 3034 3040
f 3029 3040 3032
f 3030 3033 3035
f 3030 3035 3036
f 3030 3036 3037
f 3031 3037 3038
f 3031 3038 3039
f 3032 3040 3058
f 3032 3058 3060
f 3032 3060 3075
f 3032 3075 3089
f 3032 3089 3086
f 3032 3086 3074
f 3032 3074 3059
f 3032 3059 3043
f 3032 3043 3042
f 3032 3042 3041
f 3032 3041 3033
f 3033 3041 3042
f 3033 3042 3043
f 3033 3043 3035
f 3034 3044 3040
f 3034 3039 3045
f 3034 3045 3044
f 3035 3046 3036
f 3035 3043 3046
f 3036 3047 3048
f 3036 3048 3049
f 3036 3049 3037
f 3036 3046 3050
f 3036 3050 3047
f 3037 3049 3038
f 3038 3051 3052
f 3038 3052 3039
f 3038 3049 3053
f 3038 3053 3051
f 3039 3052 3054
f 3039 3054 3055
f 3039 3055 3056
f 3039 3056 3057
f 3039 3057 3045
f 3040 3044 3058
f 3043 3059 3046
f 3044 3060 3058
f 3044 3045 3061
f 3044 3061 3076
f 3044 3076 3098
f 3044 3098 3108
f 3044 3108 3125
f 3044 3125 3121
f 3044 3121 3120
f 3044 3120 3126
f 3044 3126 3110
f 3044 3110 3090
f 3044 3090 3075
f 3044 3075 3060
f 3045 3057 3061
f 3046 3059 3050
f 3047 3062 3063
f 3047 3063 3048
f 3047 3050 3064
f 3047 3064 3065
f 3047 3065 3066
f 3047 3066 3062
f 3048 3063 3067
f 3048 3067 3049
f 3049 3067 3053
f 3050 3059 3064
f 3051 3068 3069
f 3051 3069 3070
f 3051 3070 3052
f 3051 3053 3071
f 3051 3071 3072
f 3051 3072 3068
f 3052 3070 3073
f 3052 3073 3054
f 3053 3067 3071
f 3054 3073 3055
f 3055 3073 3056
f 3056 3073 3061
f 3056 3061 3057
f 3059 3074 3064
f 3061 3073 3076
f 3062 3077 3078
f 3062 3078 3072
f 3062 3072 3079
f 3062 3079 3063
f 3062 3066 3080
f 3062 3080 3077
f 3063 3079 3071
f 3063 3071 3067
f 3064 3074 3065
f 3065 3074 3066
f 3066 3074 3080
f 3068 3081 3069
f 3068 3072 3081
f 3069 3081 3082
f 3069 3082 3083
f 3069 3083 3070
f 3070 3083 3073
f 3071 3079 3072
f 3072 3084 3081
f 3072 3078 3084
f 3073 3083 3085
f 3073 3085 3076
f 3074 3086 3087
f 3074 3087 3080
f 3075 3088 3089
f 3075 3090 3091
f 3075 3091 3092
f 3075 3092 3093
f 3075 3093 3094
f 3075 3094 3095
f 3075 3095 3096
f 3075 3096 3097
f 3075 3097 3088
f 3076 3085 3098
f 3077 3080 3087
f 3077 3087 3099
f 3077 3099 3100
f 3077 3100 3088
f 3077 3088 3101
f 3077 3101 3102
f 3077 3102 3078
f 3078 3102 3084
f 3081 3103 3082
f 3081 3084 3104
f 3081 3104 3105
f 3081 3105 3101
f 3081 3101 3103
f 3082 3103 3106
f 3082 3106 3083
f 3083 3107 3108
f 3083 3108 3098
f 3083 3098 3085
f 3083 3106 3107
f 3084 3102 3104
f 3086 3089 3087
f 3087 3089 3099
f 3088 3100 3089
f 3088 3097 3109
f 3088 3109 3101
f 3089 3100 3099
f 3090 3110 3111
f 3090 3111 3091
f 3091 3111 3092
f 3092 3112 3113
f 3092 3113 3093
f 3092 3111 3112
f 3093 3113 3114
f 3093 3114 3115
f 3093 3115 3116
f 3093 3116 3094
f 3094 3096 3095
f 3094 3116 3096
f 3096 3116 3097
f 3097 3116 3117
f 3097 3117 3109
f 3101 3109 3117
f 3101 3117 3118
f 3101 3118 3103
f 3101 3105 3102
f 3102 3105 3104
f 3103 3118 3106
f 3106 3112 3119
f 3106 3119 3120
f 3106 3120 3121
f 3106 3121 3122
f 3106 3122 3108
f 3106 3108 3107
f 3106 3118 3117
f 3106 3117 3123
f 3106 3123 3124
f 3106 3124 3112
f 3108 3122 3125
f 3110 3126 3111
f 3111 3126 3119
f 3111 3119 3112
f 3112 3124 3114
f 3112 3114 3113
f 3114 3124 3115
f 3115 3124 3116
f 3116 3124 3123
f 3116 3123 3117
f 3119 3126 3120
f 3121 3125 3122

o geometry_27
v 0.00782885 -0.00160332 0.00913105
v 0.00782881 0.00004878 0.00912847
v 0.00821258 -0.00160332 0.00913105
v 0.00786220 -0.00160332 0.01891574
v 0.00786216 0.00004878 0.01891445
v 0.00821258 0.00004878 0.00912847
v 0.00782881 0.00171713 0.00912847
v 0.00822676 -0.00160332 0.02154884
v 0.00786278 0.00004878 0.01907845
v 0.00786348 -0.00160332 0.01924504
v 0.00786216 0.00171713 0.01891445
v 0.00821258 0.00171713 0.00912847
v 0.00822676 0.00004878 0.02154755
v 0.00822676 -0.00160332 0.02231978
v 0.00786344 0.00004878 0.01924504
v 0.00786344 0.00171713 0.01924504
v 0.00786707 -0.00160332 0.01972930
v 0.00822676 0.00171713 0.02154755
v 0.00822676 0.00004878 0.02232108
v 0.00816299 -0.00160332 0.02227588
v 0.00786711 0.00004878 0.01973705
v 0.00787957 0.00171713 0.02140550
v 0.00787938 -0.00160332 0.02137321
v 0.00787817 0.00004878 0.02121696
v 0.00787447 0.00004878 0.02072236
v 0.00822676 0.00171713 0.02231849
v 0.00822676 0.00099948 0.02232108
v 0.00807370 -0.00160332 0.02218936
v 0.00816299 0.00171713 0.02227588
v 0.00788066 0.00004878 0.02154626
v 0.00788066 0.00171713 0.02154626
v 0.00788070 -0.00160332 0.02154626
v 0.00799387 0.00171713 0.02211187
v 0.00799387 0.00004878 0.02211187
v 0.00799391 -0.00160332 0.02211187
v 0.00791323 -0.00160332 0.02187555
v 0.00791323 0.00004878 0.02187555
v 0.00791323 0.00171713 0.02187426
v 0.00795328 0.00004878 0.02199307
f 3127 3128 3132
f 3127 3132 3129
f 3127 3129 3134
f 3127 3134 3140
f 3127 3140 3146
f 3127 3146 3154
f 3127 3154 3161
f 3127 3161 3162
f 3127 3162 3158
f 3127 3158 3149
f 3127 3149 3143
f 3127 3143 3136
f 3127 3136 3130
f 3127 3130 3131
f 3127 3131 3128
f 3128 3131 3137
f 3128 3137 3133
f 3128 3133 3138
f 3128 3138 3132
f 3129 3132 3134
f 3130 3135 3131
f 3130 3136 3135
f 3131 3135 3137
f 3132 3138 3144
f 3132 3144 3139
f 3132 3139 3134
f 3133 3137 3142
f 3133 3142 3148
f 3133 3148 3157
f 3133 3157 3164
f 3133 3164 3159
f 3133 3159 3155
f 3133 3155 3152
f 3133 3152 3144
f 3133 3144 3138
f 3134 3139 3144
f 3134 3144 3152
f 3134 3152 3153
f 3134 3153 3145
f 3134 3145 3140
f 3135 3136 3141
f 3135 3141 3142
f 3135 3142 3137
f 3136 3143 3141
f 3140 3145 3146
f 3141 3143 3147
f 3141 3147 3142
f 3142 3147 3148
f 3143 3149 3150
f 3143 3150 3151
f 3143 3151 3147
f 3145 3153 3155
f 3145 3155 3146
f 3146 3155 3154
f 3147 3151 3148
f 3148 3151 3150
f 3148 3150 3149
f 3148 3149 3156
f 3148 3156 3157
f 3149 3158 3156
f 3152 3155 3153
f 3154 3155 3159
f 3154 3159 3160
f 3154 3160 3161
f 3156 3158 3162
f 3156 3162 3163
f 3156 3163 3157
f 3157 3163 3164
f 3159 3164 3163
f 3159 3163 3165
f 3159 3165 3160
f 3160 3165 3161
f 3161 3165 3162
f 3162 3165 3163

o geometry_28
v 0.00586913 0.00545418 0.02473548
v 0.00270453 0.00771284 0.02519029
v 0.00292014 0.00770972 0.02519029
v 0.00390725 0.00769458 0.02519029
v 0.00393257 0.00769414 0.02519029
v 0.00423520 0.00768790 0.02519029
v 0.00426118 0.00768679 0.02519029
v 0.00456446 0.00766587 0.02519029
v 0.00458783 0.00766253 0.02519029
v 0.00480344 0.00763069 0.02519029
v 0.00481643 0.00762847 0.02519029
v 0.00498138 0.00753964 0.02519029
v 0.00519569 0.00738337 0.02519029
v 0.00521907 0.00736534 0.02519029
v 0.00528401 0.00731302 0.02519029
v 0.00536583 0.00724646 0.02519029
v 0.00586913 0.00676405 0.02519029
v 0.00586913 0.00545418 0.02561083
v 0.00577172 0.00545418 0.02483672
v 0.00043418 0.00545441 0.02713566
v 0.00063549 0.00545441 0.02697056
v -0.00076400 0.00733996 0.02519081
v -0.00076400 0.00766186 0.02519081
v -0.00067048 0.00767076 0.02519081
v -0.00034123 0.00769124 0.02519081
v -0.00003860 0.00770059 0.02519081
v 0.00029065 0.00770972 0.02519081
v 0.00031598 0.00771039 0.02519081
v 0.00064524 0.00771707 0.02519081
v 0.00097319 0.00772263 0.02519081
v 0.00130179 0.00772686 0.02519081
v 0.00163105 0.00772642 0.02519081
v 0.00195965 0.00772330 0.02519081
v 0.00226293 0.00771974 0.02519081
v 0.00261686 0.00772419 0.02746638
v 0.00393257 0.00769369 0.02582213
v 0.00270453 0.00772219 0.02737968
v 0.00426118 0.00768011 0.02549349
v 0.00457095 0.00763960 0.02547013
v 0.00228891 0.00772286 0.02812315
v 0.00476707 0.00762068 0.02534396
v 0.00212590 0.00761422 0.02894709
v 0.00249217 0.00729521 0.02899330
v 0.00275583 0.00693413 0.02923939
v 0.00580419 0.00668636 0.02541821
v 0.00586913 0.00676294 0.02519236
v 0.00287598 0.00671018 0.02943824
v 0.00586913 0.00547600 0.02561342
v 0.00311431 0.00545418 0.02927885
v 0.00547364 0.00545418 0.02516952
v 0.00031598 0.00545441 0.02726234
v 0.00016597 0.00545441 0.02745600
v 0.00005232 0.00545441 0.02779450
v 0.00004712 0.00545441 0.02812315
v -0.00076400 0.00729521 0.02930792
v -0.00076400 0.00766186 0.02558746
v -0.00067048 0.00766809 0.02910960
v -0.00034123 0.00768969 0.02910960
v -0.00034123 0.00768991 0.02878043
v -0.00034123 0.00769124 0.02582317
v -0.00001327 0.00770126 0.02713826
v 0.00031598 0.00771039 0.02746638
v 0.00064524 0.00771774 0.02713826
v 0.00097319 0.00772286 0.02549401
v 0.00130179 0.00772708 0.02549401
v 0.00163105 0.00772708 0.02549401
v 0.00228891 0.00772820 0.02779450
v 0.00294611 0.00771551 0.02713774
v 0.00130179 0.00772708 0.02910960
v 0.00195965 0.00770193 0.02878043
v 0.00230319 0.00767833 0.02846166
v 0.00250061 0.00764316 0.02835834
v 0.00217526 0.00732126 0.02932402
v 0.00280324 0.00664940 0.02962722
v 0.00235515 0.00729521 0.02916567
v 0.00218500 0.00764316 0.02878043
v 0.00195965 0.00764316 0.02902756
v 0.00179470 0.00761244 0.02927314
v 0.00195965 0.00755834 0.02919266
v 0.00572496 0.00658974 0.02563678
v 0.00586913 0.00652140 0.02547064
v 0.00311431 0.00580480 0.02927937
v 0.00586913 0.00564652 0.02561134
v 0.00311431 0.00613361 0.02927937
v 0.00298573 0.00613361 0.02944395
v 0.00282143 0.00613361 0.02964747
v 0.00281558 0.00580480 0.02964124
v 0.00280909 0.00547600 0.02963397
v 0.00280779 0.00545418 0.02963241
v 0.00518660 0.00545418 0.02550855
v 0.00489890 0.00545418 0.02585069
v 0.00439041 0.00545418 0.02647215
v 0.00411961 0.00545418 0.02680546
v 0.00386049 0.00545418 0.02714864
v 0.00240060 0.00545418 0.02921395
v 0.00240060 0.00545418 0.03002595
v 0.00008674 0.00545441 0.02831213
v -0.00076400 0.00729521 0.02999116
v -0.00076400 0.00766119 0.02648045
v -0.00076400 0.00765896 0.02910960
v -0.00076400 0.00765830 0.02920305
v -0.00076400 0.00765518 0.02943824
v -0.00067048 0.00766364 0.02943824
v -0.00034123 0.00768457 0.02943824
v -0.00001327 0.00769993 0.02910960
v -0.00001327 0.00770059 0.02878043
v -0.00001327 0.00770104 0.02812315
v 0.00031598 0.00770994 0.02845179
v 0.00064524 0.00771684 0.02910960
v 0.00097319 0.00772286 0.02910960
v 0.00097319 0.00772330 0.02680962
v 0.00163105 0.00772731 0.02582317
v 0.00031598 0.00770260 0.02943824
v 0.00064524 0.00770349 0.02943824
v 0.00097319 0.00768768 0.02943824
v 0.00127647 0.00766097 0.02944499
v 0.00157520 0.00765162 0.02933959
v 0.00166352 0.00768256 0.02914178
v 0.00213499 0.00729521 0.02939359
v 0.00219344 0.00729521 0.02934167
v 0.00270453 0.00667901 0.02968485
v 0.00270453 0.00652496 0.02974819
v 0.00270453 0.00646263 0.02975961
v 0.00281883 0.00646263 0.02964435
v 0.00310457 0.00656103 0.02926639
v 0.00586913 0.00647732 0.02551166
v 0.00166352 0.00753742 0.02944499
v 0.00182977 0.00730456 0.02962618
v 0.00200966 0.00729521 0.02950106
v 0.00136868 0.00757704 0.02955869
v 0.00586913 0.00598156 0.02560459
v 0.00311301 0.00634175 0.02927729
v 0.00304482 0.00622978 0.02936711
v 0.00282078 0.00622978 0.02964643
v 0.00270908 0.00622978 0.02976324
v 0.00266362 0.00613361 0.02981153
v 0.00249672 0.00547600 0.02997144
v 0.00266037 0.00547600 0.02979751
v 0.00264414 0.00545418 0.02981205
v 0.00249542 0.00545418 0.02996988
v 0.00240060 0.00547600 0.03003270
v 0.00046275 0.00545441 0.02895540
v 0.00016856 0.00545441 0.02861533
v -0.00068672 0.00729521 0.02999895
v -0.00076400 0.00731992 0.02996728
v -0.00076400 0.00765184 0.02948860
v -0.00034123 0.00764650 0.02965006
v -0.00001327 0.00769436 0.02943824
v -0.00076400 0.00763225 0.02963034
v -0.00067048 0.00763648 0.02963656
v 0.00031598 0.00770861 0.02910960
v -0.00001327 0.00765117 0.02965526
v 0.00031598 0.00765473 0.02965993
v 0.00064524 0.00765117 0.02965370
v 0.00097319 0.00763247 0.02962774
v 0.00114983 0.00761711 0.02960697
v 0.00240060 0.00622978 0.03003530
v 0.00183561 0.00729521 0.02963293
v 0.00163105 0.00729521 0.02974767
v 0.00136024 0.00729521 0.02987071
v 0.00249737 0.00622978 0.02996988
v 0.00254542 0.00622978 0.02992419
v 0.00266102 0.00622978 0.02981101
v 0.00300521 0.00645595 0.02940813
v 0.00586913 0.00613361 0.02560148
v 0.00576522 0.00637069 0.02568766
v 0.00586913 0.00644081 0.02552879
v 0.00586913 0.00645929 0.02552048
v 0.00163105 0.00735465 0.02968070
v 0.00249932 0.00613361 0.02997196
v 0.00249867 0.00580480 0.02997196
v 0.00240060 0.00613361 0.03003945
v 0.00031598 0.00729521 0.03003685
v -0.00001327 0.00729521 0.03003011
v -0.00034123 0.00729521 0.03002024
v -0.00041461 0.00729521 0.03001609
v -0.00067048 0.00729521 0.03000051
v -0.00076400 0.00743791 0.02984476
v -0.00067048 0.00732460 0.02997144
v -0.00034123 0.00749890 0.02981413
v -0.00001327 0.00750336 0.02982035
v -0.00076400 0.00748466 0.02979491
v -0.00067048 0.00748889 0.02980063
v 0.00031598 0.00750670 0.02982399
v 0.00064524 0.00750158 0.02981776
v 0.00097319 0.00747887 0.02979232
v 0.00116737 0.00729521 0.02993925
v 0.00115113 0.00729521 0.02994288
v 0.00097319 0.00729521 0.02998182
v 0.00092903 0.00729521 0.02998805
v 0.00064524 0.00729521 0.03002699
v 0.00064524 0.00733706 0.02998494
v -0.00001327 0.00733907 0.02998598
v -0.00034123 0.00733461 0.02998130
v 0.00097319 0.00731458 0.02996261
f 3166 3167 3168
f 3166 3168 3169
f 3166 3169 3170
f 3166 3170 3171
f 3166 3171 3172
f 3166 3172 3173
f 3166 3173 3174
f 3166 3174 3175
f 3166 3175 3176
f 3166 3176 3177
f 3166 3177 3178
f 3166 3178 3179
f 3166 3179 3180
f 3166 3180 3181
f 3166 3181 3182
f 3166 3182 3211
f 3166 3211 3246
f 3166 3246 3291
f 3166 3291 3333
f 3166 3333 3332
f 3166 3332 3330
f 3166 3330 3296
f 3166 3296 3248
f 3166 3248 3213
f 3166 3213 3183
f 3166 3183 3214
f 3166 3214 3254
f 3166 3254 3304
f 3166 3304 3305
f 3166 3305 3261
f 3166 3261 3260
f 3166 3260 3259
f 3166 3259 3258
f 3166 3258 3257
f 3166 3257 3256
f 3166 3256 3255
f 3166 3255 3215
f 3166 3215 3184
f 3166 3184 3185
f 3166 3185 3186
f 3166 3186 3187
f 3166 3187 3188
f 3166 3188 3189
f 3166 3189 3190
f 3166 3190 3191
f 3166 3191 3192
f 3166 3192 3193
f 3166 3193 3194
f 3166 3194 3195
f 3166 3195 3196
f 3166 3196 3197
f 3166 3197 3198
f 3166 3198 3167
f 3167 3198 3199
f 3167 3199 3168
f 3168 3200 3169
f 3168 3199 3200
f 3169 3200 3170
f 3170 3200 3171
f 3171 3201 3172
f 3171 3200 3202
f 3171 3202 3201
f 3172 3203 3173
f 3172 3201 3203
f 3173 3204 3174
f 3173 3203 3205
f 3173 3205 3204
f 3174 3204 3175
f 3175 3204 3206
f 3175 3206 3176
f 3176 3206 3177
f 3177 3206 3178
f 3178 3206 3207
f 3178 3207 3179
f 3179 3208 3180
f 3179 3207 3208
f 3180 3208 3209
f 3180 3209 3181
f 3181 3210 3211
f 3181 3211 3182
f 3181 3209 3212
f 3181 3212 3210
f 3183 3213 3214
f 3184 3215 3216
f 3184 3216 3185
f 3185 3216 3187
f 3185 3187 3186
f 3187 3216 3217
f 3187 3217 3218
f 3187 3218 3219
f 3187 3219 3220
f 3187 3220 3263
f 3187 3263 3310
f 3187 3310 3343
f 3187 3343 3347
f 3187 3347 3314
f 3187 3314 3311
f 3187 3311 3267
f 3187 3267 3266
f 3187 3266 3265
f 3187 3265 3264
f 3187 3264 3221
f 3187 3221 3188
f 3188 3221 3189
f 3189 3222 3223
f 3189 3223 3224
f 3189 3224 3225
f 3189 3225 3190
f 3189 3221 3222
f 3190 3225 3191
f 3191 3226 3227
f 3191 3227 3192
f 3191 3225 3226
f 3192 3227 3193
f 3193 3227 3228
f 3193 3228 3194
f 3194 3228 3229
f 3194 3229 3195
f 3195 3229 3230
f 3195 3230 3196
f 3196 3230 3231
f 3196 3231 3197
f 3197 3231 3232
f 3197 3232 3200
f 3197 3200 3198
f 3198 3200 3199
f 3200 3232 3205
f 3200 3205 3202
f 3201 3202 3233
f 3201 3233 3203
f 3202 3205 3233
f 3203 3233 3205
f 3204 3205 3206
f 3205 3232 3234
f 3205 3234 3235
f 3205 3235 3206
f 3206 3235 3236
f 3206 3236 3237
f 3206 3237 3207
f 3207 3238 3239
f 3207 3239 3240
f 3207 3240 3209
f 3207 3209 3208
f 3207 3237 3241
f 3207 3241 3242
f 3207 3242 3243
f 3207 3243 3244
f 3207 3244 3238
f 3209 3239 3212
f 3209 3240 3239
f 3210 3245 3246
f 3210 3246 3211
f 3210 3212 3239
f 3210 3239 3245
f 3213 3247 3214
f 3213 3248 3249
f 3213 3249 3247
f 3214 3247 3250
f 3214 3250 3251
f 3214 3251 3252
f 3214 3252 3253
f 3214 3253 3254
f 3215 3255 3216
f 3216 3255 3256
f 3216 3256 3257
f 3216 3257 3258
f 3216 3258 3217
f 3217 3258 3259
f 3217 3259 3260
f 3217 3260 3218
f 3218 3260 3219
f 3219 3260 3261
f 3219 3261 3262
f 3219 3262 3263
f 3219 3263 3220
f 3221 3264 3222
f 3222 3264 3265
f 3222 3265 3266
f 3222 3266 3267
f 3222 3267 3268
f 3222 3268 3223
f 3223 3268 3269
f 3223 3269 3270
f 3223 3270 3271
f 3223 3271 3272
f 3223 3272 3224
f 3224 3272 3225
f 3225 3272 3226
f 3226 3272 3227
f 3227 3272 3273
f 3227 3273 3274
f 3227 3274 3228
f 3228 3274 3275
f 3228 3275 3276
f 3228 3276 3229
f 3229 3276 3230
f 3230 3276 3234
f 3230 3234 3232
f 3230 3232 3277
f 3230 3277 3231
f 3231 3277 3232
f 3234 3276 3275
f 3234 3275 3278
f 3234 3278 3279
f 3234 3279 3280
f 3234 3280 3281
f 3234 3281 3282
f 3234 3282 3283
f 3234 3283 3235
f 3235 3283 3242
f 3235 3242 3241
f 3235 3241 3236
f 3236 3241 3237
f 3238 3244 3243
f 3238 3243 3284
f 3238 3284 3285
f 3238 3285 3286
f 3238 3286 3239
f 3239 3286 3287
f 3239 3287 3288
f 3239 3288 3289
f 3239 3289 3290
f 3239 3290 3291
f 3239 3291 3245
f 3242 3283 3282
f 3242 3282 3243
f 3243 3292 3293
f 3243 3293 3294
f 3243 3294 3284
f 3243 3282 3295
f 3243 3295 3292
f 3245 3291 3246
f 3247 3249 3250
f 3248 3296 3297
f 3248 3297 3249
f 3249 3297 3298
f 3249 3298 3250
f 3250 3298 3289
f 3250 3289 3299
f 3250 3299 3251
f 3251 3299 3289
f 3251 3289 3300
f 3251 3300 3301
f 3251 3301 3302
f 3251 3302 3303
f 3251 3303 3252
f 3252 3303 3253
f 3253 3303 3254
f 3254 3303 3304
f 3261 3305 3306
f 3261 3306 3263
f 3261 3263 3307
f 3261 3307 3308
f 3261 3308 3262
f 3262 3308 3263
f 3263 3309 3310
f 3263 3308 3307
f 3263 3306 3309
f 3267 3311 3268
f 3268 3311 3269
f 3269 3312 3313
f 3269 3313 3270
f 3269 3311 3314
f 3269 3314 3315
f 3269 3315 3312
f 3270 3313 3316
f 3270 3316 3273
f 3270 3273 3271
f 3271 3273 3272
f 3273 3316 3274
f 3274 3316 3313
f 3274 3313 3278
f 3274 3278 3275
f 3278 3313 3312
f 3278 3312 3317
f 3278 3317 3318
f 3278 3318 3279
f 3279 3319 3280
f 3279 3318 3319
f 3280 3319 3320
f 3280 3320 3281
f 3281 3321 3282
f 3281 3320 3321
f 3282 3321 3295
f 3284 3294 3286
f 3284 3286 3285
f 3286 3322 3287
f 3286 3294 3323
f 3286 3323 3324
f 3286 3324 3325
f 3286 3325 3322
f 3287 3322 3326
f 3287 3326 3288
f 3288 3300 3289
f 3288 3326 3327
f 3288 3327 3328
f 3288 3328 3300
f 3289 3298 3297
f 3289 3297 3329
f 3289 3329 3290
f 3290 3329 3297
f 3290 3297 3330
f 3290 3330 3331
f 3290 3331 3332
f 3290 3332 3333
f 3290 3333 3291
f 3292 3334 3293
f 3292 3295 3334
f 3293 3323 3294
f 3293 3334 3324
f 3293 3324 3323
f 3295 3325 3324
f 3295 3324 3334
f 3295 3321 3325
f 3296 3330 3297
f 3300 3328 3301
f 3301 3328 3327
f 3301 3327 3335
f 3301 3335 3336
f 3301 3336 3302
f 3302 3337 3306
f 3302 3306 3305
f 3302 3305 3304
f 3302 3304 3303
f 3302 3336 3337
f 3306 3337 3338
f 3306 3338 3339
f 3306 3339 3340
f 3306 3340 3341
f 3306 3341 3342
f 3306 3342 3309
f 3309 3342 3310
f 3310 3342 3344
f 3310 3344 3343
f 3312 3315 3348
f 3312 3348 3345
f 3312 3345 3346
f 3312 3346 3317
f 3314 3347 3315
f 3315 3347 3348
f 3317 3346 3318
f 3318 3346 3349
f 3318 3349 3319
f 3319 3349 3350
f 3319 3350 3320
f 3320 3351 3321
f 3320 3350 3351
f 3321 3352 3325
f 3321 3351 3352
f 3322 3337 3326
f 3322 3325 3352
f 3322 3352 3353
f 3322 3353 3354
f 3322 3354 3355
f 3322 3355 3356
f 3322 3356 3338
f 3322 3338 3337
f 3326 3337 3335
f 3326 3335 3327
f 3330 3332 3331
f 3335 3337 3336
f 3338 3356 3357
f 3338 3357 3349
f 3338 3349 3358
f 3338 3358 3339
f 3339 3358 3359
f 3339 3359 3340
f 3340 3359 3341
f 3341 3359 3344
f 3341 3344 3342
f 3343 3344 3348
f 3343 3348 3347
f 3344 3359 3345
f 3344 3345 3348
f 3345 3359 3346
f 3346 3358 3349
f 3346 3359 3358
f 3349 3357 3350
f 3350 3357 3360
f 3350 3360 3351
f 3351 3360 3353
f 3351 3353 3352
f 3353 3360 3354
f 3354 3360 3355
f 3355 3360 3356
f 3356 3360 3357

o geometry_29
v 0.00886534 0.00171713 0.02244424
v 0.00912870 0.00171713 0.02240596
v 0.00853652 0.00171713 0.02242952
v 0.00886534 -0.00160332 0.02244424
v 0.00920511 0.00168236 0.02237150
v 0.00920511 0.00171713 0.02237150
v 0.00912845 -0.00160332 0.02240596
v 0.00832766 0.00171713 0.02239123
v 0.00832766 -0.00160332 0.02239123
v 0.00853677 -0.00160332 0.02242952
v 0.00929324 -0.00160332 0.02233056
v 0.00929324 0.00171713 0.02233056
v 0.00822705 0.00171713 0.02232084
v 0.00822705 -0.00160332 0.02232084
v 0.00952324 -0.00160332 0.02217181
v 0.00952324 0.00171713 0.02217181
v 0.00822705 0.00171713 0.02154949
v 0.00822705 -0.00160332 0.02154949
v 0.00960423 -0.00160332 0.02211320
v 0.00969542 0.00120067 0.02204605
v 0.00969542 0.00171713 0.02204576
v 0.01038413 0.00171713 0.01943542
v 0.01041088 0.00004878 0.01943542
v 0.01039279 -0.00160332 0.02090479
v 0.01024583 -0.00160332 0.02163873
v 0.01024608 -0.00110083 0.02163902
v 0.01024634 -0.00011438 0.02163932
v 0.00969542 0.00004878 0.02204605
v 0.01024634 0.00021422 0.02163932
v 0.01024659 0.00152959 0.02163902
v 0.01024634 0.00171713 0.02163873
v 0.01075574 0.00171713 0.01943542
v 0.01080490 0.00004878 0.01943542
v 0.01076390 -0.00160332 0.02090479
v 0.01034491 -0.00160332 0.02156127
v 0.01045825 0.00004878 0.02147527
v 0.01035153 0.00004878 0.02155803
v 0.01045571 0.00152959 0.02147468
v 0.01045494 0.00171713 0.02147439
v 0.01077536 0.00171713 0.02056108
v 0.01078605 0.00152959 0.02056108
v 0.01076619 0.00152959 0.01943542
v 0.01080490 0.00021422 0.01943542
v 0.01082885 0.00004878 0.02056108
v 0.01077103 -0.00144991 0.02090479
v 0.01074174 -0.00160332 0.02101965
v 0.01045494 -0.00160332 0.02147468
v 0.01045571 -0.00142943 0.02147468
v 0.01062279 0.00004878 0.02132153
v 0.01062279 0.00021422 0.02132124
v 0.01045825 -0.00011438 0.02147498
v 0.01062279 -0.00011438 0.02132153
v 0.01062101 0.00087207 0.02131564
v 0.01062050 0.00120067 0.02131211
v 0.01062024 0.00152959 0.02130769
v 0.01061922 0.00171713 0.02130356
v 0.01076644 0.00171713 0.02088976
v 0.01080414 0.00120067 0.02056108
v 0.01078249 0.00120067 0.01943542
v 0.01079955 0.00054314 0.01943542
v 0.01082834 0.00021422 0.02056108
v 0.01081000 0.00021422 0.02088976
v 0.01081000 0.00004878 0.02088976
v 0.01080032 -0.00046216 0.02090479
v 0.01079446 -0.00079141 0.02090479
v 0.01078478 -0.00112066 0.02090479
v 0.01071499 -0.00160332 0.02113981
v 0.01053263 -0.00160332 0.02139575
v 0.01062101 -0.00077191 0.02131594
v 0.01073206 0.00004878 0.02115719
v 0.01073206 0.00021422 0.02115689
v 0.01073206 -0.00011438 0.02115719
v 0.01072671 0.00087207 0.02115130
v 0.01072314 0.00120067 0.02114776
v 0.01071474 0.00171713 0.02113922
v 0.01071805 0.00152959 0.02114335
v 0.01077510 0.00152959 0.02088976
v 0.01078886 0.00120067 0.02088976
v 0.01081586 0.00087207 0.02056108
v 0.01079370 0.00087207 0.01943542
v 0.01079828 0.00087207 0.02088976
v 0.01080592 -0.00011438 0.02090479
v 0.01072314 -0.00110083 0.02114776
v 0.01071805 -0.00142943 0.02114364
v 0.01066558 -0.00160332 0.02122669
v 0.01061922 -0.00160332 0.02130415
v 0.01062024 -0.00142943 0.02130798
v 0.01062024 -0.00110083 0.02131240
v 0.01072951 -0.00044331 0.02115454
v 0.01072696 -0.00077191 0.02115159
f 3361 3362 3366
f 3361 3366 3372
f 3361 3372 3376
f 3361 3376 3381
f 3361 3381 3391
f 3361 3391 3399
f 3361 3399 3416
f 3361 3416 3435
f 3361 3435 3417
f 3361 3417 3400
f 3361 3400 3392
f 3361 3392 3382
f 3361 3382 3377
f 3361 3377 3373
f 3361 3373 3368
f 3361 3368 3363
f 3361 3363 3364
f 3361 3364 3362
f 3362 3365 3366
f 3362 3364 3367
f 3362 3367 3365
f 3363 3368 3369
f 3363 3369 3370
f 3363 3370 3364
f 3364 3370 3369
f 3364 3369 3374
f 3364 3374 3378
f 3364 3378 3384
f 3364 3384 3394
f 3364 3394 3406
f 3364 3406 3427
f 3364 3427 3445
f 3364 3445 3446
f 3364 3446 3428
f 3364 3428 3407
f 3364 3407 3395
f 3364 3395 3385
f 3364 3385 3379
f 3364 3379 3375
f 3364 3375 3371
f 3364 3371 3367
f 3365 3367 3371
f 3365 3371 3372
f 3365 3372 3366
f 3368 3373 3374
f 3368 3374 3369
f 3371 3375 3376
f 3371 3376 3372
f 3373 3377 3378
f 3373 3378 3374
f 3375 3379 3376
f 3376 3380 3381
f 3376 3379 3380
f 3377 3382 3378
f 3378 3383 3384
f 3378 3382 3383
f 3379 3385 3386
f 3379 3386 3387
f 3379 3387 3388
f 3379 3388 3380
f 3380 3389 3390
f 3380 3390 3381
f 3380 3388 3387
f 3380 3387 3389
f 3381 3390 3391
f 3382 3392 3402
f 3382 3402 3419
f 3382 3419 3440
f 3382 3440 3420
f 3382 3420 3403
f 3382 3403 3393
f 3382 3393 3383
f 3383 3393 3394
f 3383 3394 3384
f 3385 3395 3396
f 3385 3396 3386
f 3386 3396 3397
f 3386 3397 3387
f 3387 3397 3389
f 3389 3397 3390
f 3390 3398 3391
f 3390 3397 3396
f 3390 3396 3398
f 3391 3398 3399
f 3392 3400 3401
f 3392 3401 3402
f 3393 3403 3404
f 3393 3404 3405
f 3393 3405 3394
f 3394 3405 3406
f 3395 3407 3408
f 3395 3408 3396
f 3396 3409 3410
f 3396 3410 3398
f 3396 3408 3411
f 3396 3411 3412
f 3396 3412 3409
f 3398 3410 3399
f 3399 3410 3413
f 3399 3413 3414
f 3399 3414 3415
f 3399 3415 3416
f 3400 3417 3401
f 3401 3418 3402
f 3401 3417 3418
f 3402 3418 3419
f 3403 3420 3421
f 3403 3421 3404
f 3404 3421 3422
f 3404 3422 3423
f 3404 3423 3424
f 3404 3424 3425
f 3404 3425 3426
f 3404 3426 3405
f 3405 3426 3406
f 3406 3426 3427
f 3407 3428 3429
f 3407 3429 3412
f 3407 3412 3408
f 3408 3412 3411
f 3409 3430 3431
f 3409 3431 3410
f 3409 3412 3432
f 3409 3432 3430
f 3410 3431 3413
f 3412 3429 3432
f 3413 3431 3414
f 3414 3431 3415
f 3415 3431 3433
f 3415 3433 3434
f 3415 3434 3416
f 3416 3434 3436
f 3416 3436 3435
f 3417 3435 3437
f 3417 3437 3418
f 3418 3437 3438
f 3418 3438 3439
f 3418 3439 3419
f 3419 3439 3440
f 3420 3440 3421
f 3421 3440 3439
f 3421 3439 3441
f 3421 3441 3422
f 3422 3441 3434
f 3422 3434 3433
f 3422 3433 3431
f 3422 3431 3442
f 3422 3442 3423
f 3423 3442 3424
f 3424 3442 3443
f 3424 3443 3425
f 3425 3443 3444
f 3425 3444 3427
f 3425 3427 3426
f 3427 3444 3445
f 3428 3446 3447
f 3428 3447 3448
f 3428 3448 3429
f 3429 3448 3447
f 3429 3447 3432
f 3430 3432 3442
f 3430 3442 3431
f 3432 3447 3449
f 3432 3449 3442
f 3434 3441 3436
f 3435 3436 3441
f 3435 3441 3438
f 3435 3438 3437
f 3438 3441 3439
f 3442 3449 3450
f 3442 3450 3443
f 3443 3450 3447
f 3443 3447 3446
f 3443 3446 3445
f 3443 3445 3444
f 3447 3450 3449

o geometry_30
v -0.00076459 0.00765909 0.02909884
v -0.00076459 0.00765322 0.02946476
v 0.00247353 0.00729501 0.02901618
v 0.00059471 0.00729501 0.02901618
v -0.00118649 0.00761681 0.02909884
v -0.00116875 0.00761345 0.02960524
v -0.00513048 0.00526017 0.02911165
v -0.00480376 0.00566653 0.02911165
v -0.00448027 0.00599572 0.02911165
v -0.00412774 0.00630108 0.02911165
v -0.00229571 0.00733074 0.02909884
v -0.00198513 0.00742655 0.02909884
v -0.00198513 0.00742286 0.02943957
v -0.00223925 0.00731346 0.02964401
v -0.00198513 0.00735205 0.02969046
v -0.00165680 0.00724736 0.02989798
v -0.00122360 0.00729501 0.02994307
v -0.00076459 0.00763191 0.02963154
v 0.00219199 0.00729501 0.02934308
v 0.00270505 0.00710642 0.02901618
v -0.00466823 0.00526017 0.02911165
v -0.00553625 0.00423101 0.02986433
v -0.00512886 0.00526017 0.02943940
v 0.00117554 0.00691582 0.02901618
v 0.00270505 0.00652959 0.02901618
v -0.00480215 0.00566519 0.02943940
v -0.00447947 0.00599505 0.02943940
v -0.00412452 0.00629873 0.02960541
v -0.00357918 0.00669972 0.02943940
v -0.00358160 0.00670140 0.02911165
v -0.00314598 0.00696012 0.02911165
v -0.00228845 0.00733024 0.02943957
v -0.00198513 0.00720273 0.02985494
v -0.00314114 0.00695743 0.02960712
v -0.00119214 0.00663328 0.03059600
v -0.00050644 0.00729501 0.03001112
v 0.00031478 0.00729501 0.03003683
v 0.00064392 0.00729501 0.03002726
v 0.00106946 0.00729501 0.02996100
v 0.00149459 0.00729501 0.02981036
v 0.00183462 0.00729501 0.02963410
v 0.00270505 0.00667892 0.02968620
v -0.00308871 0.00423101 0.02986433
v 0.00239931 0.00545446 0.02940251
v -0.00545558 0.00423101 0.02994751
v -0.00479489 0.00565647 0.02962112
v 0.00270505 0.00622960 0.02917041
v -0.00446978 0.00598599 0.02962420
v -0.00255991 0.00693445 0.02991352
v -0.00314356 0.00662959 0.02993538
v -0.00354046 0.00667389 0.02966075
v -0.00220456 0.00632289 0.03061120
v -0.00165680 0.00640611 0.03066005
v -0.00034187 0.00683999 0.03047491
v 0.00031478 0.00684871 0.03048345
v 0.00097225 0.00682489 0.03045903
v 0.00118119 0.00664066 0.03060078
v 0.00151476 0.00691482 0.03021727
v 0.00192214 0.00689653 0.03004101
v 0.00208066 0.00693160 0.02990361
v 0.00247353 0.00664570 0.02995041
v 0.00239931 0.00545446 0.03002675
v -0.00308629 0.00423101 0.03042538
v -0.00514984 0.00471455 0.02996527
v -0.00538177 0.00451858 0.02986433
v -0.00510789 0.00491589 0.02988491
v -0.00476746 0.00529607 0.02992069
v -0.00445042 0.00563935 0.02993111
v 0.00270505 0.00622960 0.02976783
v -0.00411403 0.00596082 0.02992530
v -0.00198513 0.00652423 0.03049335
v -0.00336218 0.00656449 0.02988021
v -0.00307580 0.00593263 0.03056116
v -0.00285637 0.00599438 0.03061052
v -0.00242398 0.00627054 0.03056543
v -0.00050644 0.00666936 0.03062657
v -0.00264421 0.00605008 0.03064433
v -0.00198513 0.00613363 0.03071641
v -0.00165680 0.00613363 0.03073725
v -0.00083517 0.00646215 0.03068806
v 0.00031478 0.00668429 0.03063716
v 0.00064392 0.00684435 0.03047901
v 0.00162971 0.00672925 0.03035792
v 0.00188302 0.00667288 0.03030207
v 0.00210083 0.00646215 0.03024229
v 0.00249127 0.00646215 0.02996612
v 0.00270505 0.00649319 0.02975520
v -0.00322746 0.00423101 0.03067696
v -0.00311855 0.00423101 0.03058524
v -0.00473600 0.00423101 0.03055279
v -0.00444316 0.00464140 0.03058029
v -0.00444800 0.00514390 0.03025894
v -0.00380748 0.00532326 0.03059839
v -0.00349287 0.00598968 0.03027713
v -0.00364251 0.00630510 0.02993948
v -0.00323149 0.00571351 0.03063528
v -0.00264421 0.00580478 0.03072512
v -0.00132847 0.00613363 0.03074134
v -0.00034187 0.00646215 0.03070326
v 0.00080808 0.00667053 0.03062444
v 0.00031478 0.00646215 0.03070667
v 0.00122394 0.00646215 0.03061171
v 0.00162971 0.00646215 0.03046022
v 0.00064392 0.00646215 0.03069421
v 0.00097225 0.00646215 0.03065766
v 0.00193626 0.00646215 0.03033127
v 0.00194110 0.00613363 0.03033913
v 0.00249611 0.00622960 0.02997039
v 0.00191690 0.00545446 0.03032957
v -0.00406805 0.00496806 0.03063246
v -0.00363081 0.00539339 0.03063699
v -0.00363081 0.00514709 0.03072136
v -0.00346624 0.00498283 0.03075672
v 0.00031478 0.00613363 0.03072871
v 0.00097225 0.00613363 0.03066978
v 0.00124330 0.00613363 0.03061581
v 0.00064392 0.00613363 0.03071265
v 0.00162971 0.00545446 0.03046176
v 0.00136673 0.00545446 0.03056457
v 0.00121991 0.00545446 0.03060574
v -0.00456780 0.00423101 0.03065774
v -0.00451254 0.00442194 0.03063255
v -0.00395995 0.00481857 0.03071880
v -0.00395995 0.00448939 0.03075927
v -0.00379538 0.00423101 0.03075962
v 0.00031478 0.00547627 0.03072871
v 0.00064352 0.00546537 0.03070232
v -0.00355982 0.00423101 0.03075501
v -0.00425480 0.00423101 0.03074561
f 3451 3452 3453
f 3451 3453 3454
f 3451 3454 3455
f 3451 3455 3452
f 3453 3470 3475
f 3453 3475 3474
f 3453 3474 3454
f 3454 3457 3458
f 3454 3458 3459
f 3454 3459 3460
f 3454 3460 3461
f 3454 3461 3462
f 3454 3462 3455
f 3455 3456 3452
f 3456 3463 3464
f 3456 3464 3465
f 3456 3465 3466
f 3456 3466 3467
f 3456 3467 3468
f 3452 3456 3468
f 3452 3468 3469
f 3452 3469 3453
f 3457 3471 3493
f 3457 3493 3472
f 3457 3472 3473
f 3457 3454 3474
f 3457 3474 3475
f 3457 3475 3471
f 3457 3473 3458
f 3458 3473 3476
f 3458 3476 3459
f 3459 3476 3477
f 3459 3477 3460
f 3460 3477 3478
f 3460 3478 3479
f 3460 3479 3480
f 3460 3480 3461
f 3461 3480 3481
f 3461 3481 3482
f 3455 3462 3456
f 3456 3462 3463
f 3463 3462 3482
f 3463 3482 3464
f 3464 3483 3465
f 3464 3482 3484
f 3465 3483 3466
f 3466 3485 3467
f 3468 3486 3487
f 3468 3487 3488
f 3468 3488 3489
f 3468 3489 3490
f 3468 3490 3491
f 3468 3491 3469
f 3453 3469 3492
f 3453 3492 3470
f 3470 3492 3537
f 3470 3537 3519
f 3470 3519 3497
f 3470 3497 3475
f 3471 3475 3494
f 3471 3494 3493
f 3472 3493 3513
f 3472 3513 3539
f 3472 3539 3538
f 3472 3538 3578
f 3472 3578 3575
f 3472 3575 3579
f 3472 3579 3571
f 3472 3571 3540
f 3472 3540 3495
f 3475 3497 3494
f 3473 3496 3476
f 3476 3496 3498
f 3476 3498 3477
f 3477 3498 3478
f 3480 3479 3481
f 3481 3479 3484
f 3481 3484 3482
f 3482 3462 3461
f 3483 3464 3499
f 3484 3479 3478
f 3484 3478 3501
f 3484 3500 3499
f 3484 3499 3464
f 3485 3502 3503
f 3467 3485 3504
f 3467 3504 3486
f 3467 3486 3468
f 3486 3504 3487
f 3487 3504 3505
f 3487 3505 3488
f 3488 3506 3489
f 3489 3506 3507
f 3489 3508 3490
f 3490 3509 3491
f 3491 3509 3510
f 3469 3491 3511
f 3469 3511 3492
f 3494 3497 3519
f 3494 3519 3512
f 3494 3512 3513
f 3494 3513 3493
f 3495 3514 3515
f 3495 3515 3472
f 3472 3515 3473
f 3473 3515 3496
f 3496 3515 3516
f 3496 3517 3518
f 3498 3518 3520
f 3498 3496 3518
f 3478 3498 3520
f 3499 3502 3483
f 3483 3502 3521
f 3483 3521 3466
f 3484 3522 3500
f 3484 3501 3522
f 3500 3522 3523
f 3500 3523 3524
f 3500 3524 3525
f 3499 3500 3525
f 3499 3525 3502
f 3466 3521 3485
f 3485 3503 3526
f 3485 3526 3504
f 3485 3521 3502
f 3502 3527 3528
f 3502 3528 3503
f 3503 3528 3529
f 3503 3529 3530
f 3504 3526 3531
f 3504 3531 3505
f 3505 3532 3488
f 3505 3531 3532
f 3488 3532 3506
f 3507 3508 3489
f 3508 3507 3533
f 3508 3509 3490
f 3509 3508 3534
f 3510 3509 3511
f 3510 3511 3491
f 3511 3535 3536
f 3511 3536 3537
f 3511 3537 3492
f 3511 3534 3535
f 3512 3538 3539
f 3512 3539 3513
f 3495 3540 3514
f 3514 3516 3515
f 3514 3540 3541
f 3514 3541 3516
f 3496 3516 3517
f 3517 3542 3518
f 3518 3542 3543
f 3518 3543 3520
f 3520 3543 3544
f 3520 3544 3545
f 3520 3545 3478
f 3478 3545 3501
f 3502 3525 3524
f 3502 3524 3527
f 3522 3501 3545
f 3522 3545 3523
f 3523 3545 3544
f 3523 3546 3524
f 3503 3530 3526
f 3527 3547 3528
f 3528 3547 3529
f 3529 3548 3549
f 3529 3549 3530
f 3526 3549 3531
f 3526 3530 3549
f 3532 3531 3550
f 3532 3550 3506
f 3531 3549 3551
f 3531 3551 3550
f 3506 3550 3507
f 3507 3552 3553
f 3507 3553 3534
f 3507 3534 3533
f 3507 3550 3554
f 3507 3554 3555
f 3507 3555 3552
f 3533 3534 3508
f 3534 3553 3556
f 3534 3556 3535
f 3534 3511 3509
f 3535 3556 3557
f 3535 3558 3536
f 3536 3558 3537
f 3537 3558 3519
f 3512 3519 3558
f 3512 3558 3535
f 3512 3559 3538
f 3516 3541 3517
f 3517 3541 3542
f 3543 3542 3541
f 3543 3541 3560
f 3543 3560 3561
f 3543 3561 3546
f 3543 3546 3523
f 3543 3523 3544
f 3524 3546 3527
f 3527 3546 3547
f 3546 3561 3562
f 3547 3546 3562
f 3529 3547 3563
f 3529 3563 3548
f 3548 3551 3549
f 3550 3551 3554
f 3551 3564 3554
f 3551 3548 3564
f 3552 3555 3565
f 3552 3565 3566
f 3552 3566 3553
f 3553 3557 3556
f 3554 3564 3567
f 3554 3567 3555
f 3555 3567 3565
f 3535 3557 3559
f 3535 3559 3512
f 3559 3568 3538
f 3538 3568 3569
f 3538 3569 3570
f 3540 3571 3572
f 3540 3572 3541
f 3541 3572 3560
f 3560 3573 3562
f 3560 3562 3561
f 3562 3563 3547
f 3562 3573 3574
f 3562 3574 3563
f 3563 3576 3548
f 3548 3576 3564
f 3564 3576 3567
f 3565 3567 3577
f 3566 3569 3568
f 3566 3568 3553
f 3553 3568 3557
f 3557 3568 3559
f 3538 3570 3578
f 3572 3571 3573
f 3572 3573 3560
f 3573 3579 3574
f 3563 3574 3575
f 3574 3579 3575
f 3575 3576 3563
f 3576 3577 3567
f 3576 3575 3578
f 3565 3570 3566
f 3565 3577 3570
f 3566 3570 3569
f 3578 3570 3577
f 3578 3577 3576
f 3571 3579 3573

o geometry_31
v -0.00249076 0.00525990 0.00352754
v -0.00249076 0.00519873 0.00378701
v -0.00249076 0.00525990 0.00273053
v -0.00483307 0.00525990 0.00378701
v -0.00249076 0.00481936 0.00378701
v -0.00494554 0.00448925 0.00288172
v -0.00461689 0.00481799 0.00287511
v -0.00428790 0.00525990 0.00287655
v -0.00249076 0.00514673 0.00273602
v -0.00527452 0.00383176 0.00288317
v -0.00529372 0.00525990 0.00378701
v -0.00249076 0.00482119 0.00346084
v -0.00329387 0.00423221 0.00378701
v -0.00403771 0.00292870 0.00378628
v -0.00461689 0.00514673 0.00289827
v -0.00527452 0.00416028 0.00290044
v -0.00497584 0.00484754 0.00292144
v -0.00460914 0.00525990 0.00291430
v -0.00249076 0.00491214 0.00285670
v -0.00403771 0.00330394 0.00294688
v -0.00403771 0.00350302 0.00289538
v -0.00428824 0.00350302 0.00289476
v -0.00461689 0.00350302 0.00289765
v -0.00527452 0.00350302 0.00290386
v -0.00494587 0.00383176 0.00287335
v -0.00534692 0.00350348 0.00291120
v -0.00534692 0.00382947 0.00289372
v -0.00527789 0.00525990 0.00357635
v -0.00530550 0.00525898 0.00378701
v -0.00249076 0.00483334 0.00313230
v -0.00371175 0.00423083 0.00378701
v -0.00428824 0.00291953 0.00378628
v -0.00403771 0.00295390 0.00346084
v -0.00486674 0.00514673 0.00294512
v -0.00527452 0.00423083 0.00290779
v -0.00534692 0.00416028 0.00291554
v -0.00527351 0.00447275 0.00293322
v -0.00516306 0.00475774 0.00294801
v -0.00510582 0.00497697 0.00296963
v -0.00481724 0.00525990 0.00295670
v -0.00403771 0.00299445 0.00326953
v -0.00403771 0.00313969 0.00310520
v -0.00428824 0.00313671 0.00309869
v -0.00428824 0.00330097 0.00294512
v -0.00461689 0.00330326 0.00294646
v -0.00527452 0.00330784 0.00294946
v -0.00534692 0.00331150 0.00295163
v -0.00582036 0.00423083 0.00323292
v -0.00564291 0.00423083 0.00306766
v -0.00547892 0.00423083 0.00295205
v -0.00532773 0.00518361 0.00346084
v -0.00535029 0.00520652 0.00378701
v -0.00526139 0.00525990 0.00346084
v -0.00593047 0.00423083 0.00378701
v -0.00428824 0.00294519 0.00346084
v -0.00527553 0.00291953 0.00378628
v -0.00545164 0.00435202 0.00296094
v -0.00527351 0.00484754 0.00304677
v -0.00549441 0.00481799 0.00322961
v -0.00544524 0.00499095 0.00328721
v -0.00525364 0.00511901 0.00321182
v -0.00503107 0.00514673 0.00303312
v -0.00538228 0.00457126 0.00299724
v -0.00498460 0.00525990 0.00308069
v -0.00428824 0.00299032 0.00326301
v -0.00461689 0.00299055 0.00326363
v -0.00494587 0.00299101 0.00326467
v -0.00527452 0.00299170 0.00326622
v -0.00461689 0.00313877 0.00309931
v -0.00494587 0.00314106 0.00310034
v -0.00527452 0.00314335 0.00310189
v -0.00534692 0.00320017 0.00305474
v -0.00590320 0.00423083 0.00346084
v -0.00578635 0.00435912 0.00327046
v -0.00558869 0.00446519 0.00313395
v -0.00534692 0.00299353 0.00326953
v -0.00546713 0.00501913 0.00346084
v -0.00548498 0.00504204 0.00378701
v -0.00517249 0.00525990 0.00325143
v -0.00583316 0.00444824 0.00378701
v -0.00591162 0.00423083 0.00354078
v -0.00534692 0.00296237 0.00340386
v -0.00534692 0.00295321 0.00345950
v -0.00534692 0.00292618 0.00378628
v -0.00494587 0.00294565 0.00346084
v -0.00527452 0.00294657 0.00346084
v -0.00581430 0.00441388 0.00346084
v -0.00583215 0.00445030 0.00378701
v -0.00548599 0.00504043 0.00378701
f 3580 3581 3584
f 3580 3584 3591
f 3580 3591 3609
f 3580 3609 3598
f 3580 3598 3588
f 3580 3588 3582
f 3580 3582 3587
f 3580 3587 3597
f 3580 3597 3619
f 3580 3619 3643
f 3580 3643 3658
f 3580 3658 3632
f 3580 3632 3607
f 3580 3607 3590
f 3580 3590 3583
f 3580 3583 3581
f 3581 3583 3590
f 3581 3590 3608
f 3581 3608 3631
f 3581 3631 3657
f 3581 3657 3668
f 3581 3668 3667
f 3581 3667 3659
f 3581 3659 3633
f 3581 3633 3610
f 3581 3610 3592
f 3581 3592 3584
f 3582 3585 3586
f 3582 3586 3587
f 3582 3588 3589
f 3582 3589 3585
f 3584 3592 3593
f 3584 3593 3591
f 3585 3594 3586
f 3585 3589 3595
f 3585 3595 3596
f 3585 3596 3594
f 3586 3594 3587
f 3587 3594 3597
f 3588 3598 3599
f 3588 3599 3600
f 3588 3600 3601
f 3588 3601 3602
f 3588 3602 3603
f 3588 3603 3604
f 3588 3604 3589
f 3589 3603 3605
f 3589 3605 3606
f 3589 3606 3595
f 3589 3604 3603
f 3590 3607 3608
f 3591 3593 3609
f 3592 3610 3611
f 3592 3611 3593
f 3593 3612 3609
f 3593 3611 3612
f 3594 3596 3613
f 3594 3613 3597
f 3595 3614 3596
f 3595 3606 3615
f 3595 3615 3614
f 3596 3614 3616
f 3596 3616 3617
f 3596 3617 3618
f 3596 3618 3613
f 3597 3613 3619
f 3598 3609 3620
f 3598 3620 3621
f 3598 3621 3599
f 3599 3621 3622
f 3599 3622 3623
f 3599 3623 3600
f 3600 3623 3601
f 3601 3623 3624
f 3601 3624 3625
f 3601 3625 3602
f 3602 3625 3603
f 3603 3625 3626
f 3603 3626 3605
f 3605 3626 3627
f 3605 3627 3628
f 3605 3628 3629
f 3605 3629 3606
f 3606 3629 3615
f 3607 3630 3631
f 3607 3631 3608
f 3607 3632 3630
f 3609 3612 3620
f 3610 3633 3635
f 3610 3635 3611
f 3611 3634 3612
f 3611 3635 3634
f 3612 3634 3620
f 3613 3618 3619
f 3614 3615 3616
f 3615 3629 3616
f 3616 3629 3636
f 3616 3636 3617
f 3617 3636 3618
f 3618 3637 3638
f 3618 3638 3639
f 3618 3639 3640
f 3618 3640 3641
f 3618 3641 3619
f 3618 3636 3642
f 3618 3642 3637
f 3619 3641 3643
f 3620 3634 3644
f 3620 3644 3621
f 3621 3644 3622
f 3622 3644 3645
f 3622 3645 3646
f 3622 3646 3647
f 3622 3647 3648
f 3622 3648 3623
f 3623 3648 3649
f 3623 3649 3624
f 3624 3649 3625
f 3625 3649 3650
f 3625 3650 3651
f 3625 3651 3626
f 3626 3651 3627
f 3627 3652 3653
f 3627 3653 3638
f 3627 3638 3654
f 3627 3654 3628
f 3627 3651 3655
f 3627 3655 3652
f 3628 3654 3642
f 3628 3642 3636
f 3628 3636 3629
f 3630 3632 3639
f 3630 3639 3656
f 3630 3656 3631
f 3631 3656 3657
f 3632 3658 3639
f 3633 3659 3660
f 3633 3660 3661
f 3633 3661 3662
f 3633 3662 3663
f 3633 3663 3635
f 3634 3635 3664
f 3634 3664 3644
f 3635 3663 3662
f 3635 3662 3665
f 3635 3665 3664
f 3637 3642 3638
f 3638 3653 3639
f 3638 3642 3654
f 3639 3653 3666
f 3639 3666 3656
f 3639 3658 3640
f 3640 3658 3643
f 3640 3643 3641
f 3644 3664 3645
f 3645 3664 3646
f 3646 3664 3665
f 3646 3665 3647
f 3647 3650 3649
f 3647 3649 3648
f 3647 3665 3661
f 3647 3661 3655
f 3647 3655 3650
f 3650 3655 3651
f 3652 3660 3659
f 3652 3659 3666
f 3652 3666 3653
f 3652 3655 3660
f 3655 3661 3660
f 3656 3666 3667
f 3656 3667 3668
f 3656 3668 3657
f 3659 3667 3666
f 3661 3665 3662

