# https://github.com/mikedh/trimesh

o geometry_0
v 0.01997340 0.00520005 0.03436369
v 0.01997340 0.00520005 0.03373979
v 0.01716795 0.00520005 0.03265234
v 0.00381143 0.00398675 0.02276322
v 0.00447153 0.00398675 0.02276613
v 0.01899382 0.00562182 0.01989153
v 0.01997340 0.00646776 0.02294981
v 0.00809364 0.00515603 0.02627630
v 0.00682632 0.00515603 0.02510285
v 0.00389288 0.00426367 0.02267430
v 0.01386955 0.00515603 0.03051824
v 0.01261916 0.00515603 0.02967277
v 0.00969524 0.00515603 0.02756784
v 0.00235581 0.00398675 0.01989444
v 0.00881721 0.00638333 0.00647183
v 0.00909014 0.00638333 0.00683334
v 0.01997340 0.00725328 0.02294981
v 0.01997340 0.00626568 0.03348323
v 0.01865001 0.00585491 0.03306779
v 0.01613972 0.00543294 0.03179957
v 0.01007184 0.00542214 0.02759699
v 0.00841946 0.00540413 0.02632295
v 0.00422611 0.00486051 0.02252634
v 0.00552727 0.00515603 0.02375155
v 0.00298841 0.00472866 0.02102708
v 0.00246795 0.00398675 0.02096440
v 0.01299999 0.00542294 0.02969610
v 0.00175072 0.00398675 0.01989444
v 0.00576212 0.00646536 0.00457972
v 0.00738805 0.00642255 0.00534502
v 0.00827347 0.00638333 0.00598787
v 0.01485547 0.00562182 0.01610439
v 0.00848928 0.00672147 0.00651848
v 0.01997340 0.00770907 0.02402268
v 0.00761549 0.00711363 0.00614239
v 0.00885212 0.00581340 0.02620232
v 0.00715638 0.00582510 0.02464658
v 0.00504330 0.00541594 0.02287546
v 0.01414406 0.00584971 0.03002189
v 0.00193478 0.00433410 0.01989444
v 0.00008565 0.00638493 0.01320937
v -0.00133400 0.00659662 0.00966130
v -0.00164078 0.00674228 0.00847181
v 0.00409705 0.00646536 0.00457972
v 0.00556536 0.00676228 0.00457972
v 0.00635452 0.00669906 0.00489459
v 0.00700404 0.00713163 0.00571819
v 0.00631644 0.00751139 0.00575464
v 0.01759215 0.00626328 0.03190745
v 0.00923824 0.00625328 0.02591479
v 0.00591657 0.00581150 0.02336380
v 0.01007818 0.00583511 0.02717134
v 0.00236110 0.00491703 0.01989444
v 0.00021259 0.00676028 0.01224437
v -0.00065485 0.00751499 0.00598787
v -0.00065485 0.00704320 0.00598787
v 0.00084942 0.00722847 0.00457972
v 0.00550823 0.00752059 0.00532607
v 0.00567749 0.00762543 0.00597038
v 0.01997340 0.00802240 0.02527631
v 0.01997340 0.00789374 0.02467574
v 0.01028658 0.00625048 0.02675006
v 0.00627835 0.00626888 0.02300811
v 0.00335443 0.00542494 0.02068452
v 0.00460905 0.00584591 0.02173699
v 0.01383147 0.00626288 0.02928211
v 0.01887745 0.00667665 0.03221211
v 0.00278319 0.00539263 0.01989444
v 0.00123660 0.00638493 0.01535367
v 0.00159310 0.00672607 0.01493968
v 0.00083249 0.00709602 0.01209860
v -0.00099707 0.00706571 0.00847691
v -0.00001168 0.00751259 0.00750389
v 0.00084942 0.00767746 0.00471092
v 0.00084942 0.00765024 0.00457972
v 0.00483755 0.00766705 0.00555056
v 0.01996070 0.00807342 0.02569905
v 0.01059495 0.00672337 0.02612324
v 0.00934720 0.00669566 0.02512180
v 0.00773079 0.00627629 0.02449206
v 0.01668134 0.00671346 0.03060279
v 0.00247429 0.00710682 0.01508982
v -0.00062523 0.00723137 0.00828085
v 0.00022317 0.00763944 0.00598787
v 0.00064208 0.00767145 0.00598787
v 0.00324864 0.00748698 0.00457972
v 0.00420918 0.00758402 0.00500975
v 0.01997340 0.00805641 0.02611887
v 0.01997340 0.00689154 0.03252551
v 0.00831791 0.00681350 0.02390533
v 0.00661264 0.00672587 0.02234048
v 0.00508509 0.00622246 0.02166702
v 0.01802482 0.00709842 0.03075877
v 0.00323701 0.00581630 0.01989444
v 0.00341367 0.00668965 0.01810729
v 0.00106311 0.00721767 0.01184787
v 0.00442075 0.00767746 0.00555056
v 0.00211145 0.00763124 0.00457972
v 0.00274087 0.00766705 0.01058841
v 0.00504859 0.00766985 0.01468094
v 0.00736160 0.00765985 0.01856501
v 0.00840994 0.00765024 0.02003584
v 0.01997340 0.00753220 0.03040455
v 0.01088427 0.00709842 0.02551829
v 0.00597898 0.00701158 0.02078365
v 0.00552912 0.00671516 0.02104640
v 0.00398121 0.00622066 0.02019692
v 0.00418802 0.00709682 0.01797901
v 0.00274087 0.00724688 0.01478370
v 0.00185439 0.00751519 0.01131872
v 0.00609852 0.00762343 0.01730555
v 0.01008665 0.00764414 0.02191920
v 0.01238855 0.00761183 0.02444250
v 0.01512100 0.00760403 0.02653869
v 0.01113393 0.00722567 0.02527923
v 0.00871566 0.00711803 0.02349791
v 0.00747373 0.00711443 0.02223261
v 0.00441229 0.00676669 0.01939882
v 0.01997340 0.00720406 0.03178062
v 0.01826601 0.00730370 0.03031417
v 0.00484178 0.00722267 0.01835801
v 0.00335232 0.00751139 0.01419479
v 0.00714368 0.00750899 0.02003730
v 0.00885424 0.00751679 0.02190025
v 0.01634282 0.00751259 0.02803431
v 0.01175383 0.00750899 0.02465824
v 0.00651954 0.00722367 0.02066411
v 0.00502796 0.00709602 0.01922973
v 0.00547226 0.00750559 0.01772391
f 1 2 7
f 1 7 17
f 1 17 34
f 1 34 61
f 1 61 60
f 1 60 77
f 1 77 88
f 1 88 103
f 1 103 119
f 1 119 89
f 1 89 18
f 1 3 4
f 1 4 5
f 1 5 2
f 2 5 6
f 2 6 7
f 4 8 9
f 4 9 10
f 4 26 28
f 4 28 14
f 4 14 5
f 4 3 11
f 4 11 12
f 4 12 13
f 4 13 8
f 5 14 6
f 6 15 16
f 6 16 17
f 6 17 7
f 1 18 19
f 1 19 3
f 3 19 20
f 8 13 21
f 8 21 22
f 8 22 9
f 10 9 24
f 10 25 26
f 11 3 20
f 11 20 27
f 11 27 12
f 12 27 21
f 12 21 13
f 14 28 44
f 14 44 29
f 14 29 30
f 14 30 31
f 14 31 32
f 14 32 6
f 15 33 16
f 16 33 17
f 17 33 35
f 17 35 34
f 22 21 36
f 22 37 24
f 22 24 9
f 22 36 37
f 10 24 23
f 23 25 10
f 10 26 4
f 20 19 27
f 28 40 41
f 28 41 42
f 28 42 43
f 28 43 44
f 29 44 57
f 29 57 75
f 29 75 98
f 29 98 86
f 29 86 45
f 29 45 46
f 30 29 46
f 31 30 15
f 31 15 32
f 32 15 6
f 15 35 33
f 35 47 48
f 35 48 34
f 19 18 49
f 19 49 39
f 36 50 37
f 37 51 24
f 24 51 38
f 26 25 40
f 26 40 28
f 19 39 27
f 39 52 27
f 27 52 21
f 21 52 36
f 41 40 53
f 41 54 42
f 42 54 43
f 43 55 56
f 43 56 44
f 44 56 57
f 46 47 30
f 15 30 35
f 35 30 47
f 48 59 60
f 48 60 61
f 48 61 34
f 36 52 62
f 36 62 50
f 37 63 51
f 24 38 23
f 23 38 64
f 25 23 64
f 38 51 65
f 38 65 64
f 39 49 66
f 39 66 52
f 49 67 66
f 52 66 62
f 25 53 40
f 53 25 68
f 53 68 69
f 53 69 41
f 41 69 70
f 41 70 54
f 54 70 71
f 43 54 72
f 43 72 55
f 55 74 75
f 55 75 57
f 55 57 56
f 47 46 48
f 48 46 58
f 58 46 45
f 48 76 59
f 48 58 76
f 59 77 60
f 18 67 49
f 50 62 78
f 50 78 79
f 50 79 80
f 50 80 37
f 37 80 63
f 25 64 68
f 63 65 51
f 67 81 66
f 70 82 71
f 55 72 83
f 55 83 73
f 74 55 84
f 74 84 85
f 58 45 86
f 58 87 76
f 59 76 77
f 18 89 67
f 79 90 80
f 62 66 81
f 62 81 78
f 63 92 65
f 67 89 93
f 67 93 81
f 64 94 68
f 69 68 94
f 71 72 54
f 83 96 73
f 55 73 84
f 74 98 75
f 74 77 97
f 85 77 74
f 77 76 97
f 77 85 99
f 77 99 100
f 77 100 101
f 77 101 88
f 58 86 87
f 87 98 76
f 76 98 97
f 88 101 102
f 78 104 79
f 79 104 90
f 80 91 63
f 91 105 106
f 91 106 63
f 63 106 92
f 92 107 65
f 65 107 94
f 65 94 64
f 93 104 78
f 93 78 81
f 69 95 70
f 69 94 107
f 69 107 95
f 70 95 108
f 82 70 108
f 71 82 96
f 96 82 109
f 71 96 83
f 71 83 72
f 96 110 73
f 73 110 84
f 97 98 74
f 85 84 99
f 101 100 111
f 87 86 98
f 88 113 114
f 88 114 103
f 88 102 112
f 88 112 113
f 90 104 116
f 80 90 91
f 91 117 105
f 92 106 107
f 107 106 118
f 89 119 93
f 104 93 120
f 95 118 108
f 82 108 109
f 108 121 109
f 109 122 96
f 96 122 110
f 110 122 84
f 99 84 122
f 100 99 111
f 101 111 102
f 102 123 124
f 102 124 112
f 103 114 125
f 115 104 120
f 115 120 126
f 104 115 116
f 90 116 117
f 91 90 117
f 117 127 105
f 105 118 106
f 105 128 118
f 107 118 95
f 119 120 93
f 108 118 128
f 109 121 129
f 99 122 111
f 102 111 123
f 124 123 127
f 124 127 116
f 114 113 126
f 113 112 124
f 113 124 126
f 103 120 119
f 103 125 120
f 126 120 125
f 115 126 116
f 117 116 127
f 105 127 128
f 128 121 108
f 122 109 129
f 111 122 129
f 111 129 123
f 126 125 114
f 126 124 116
f 123 129 121
f 123 121 127
f 127 121 128

o geometry_1
v 0.03381916 -0.00025799 0.03799427
v 0.03443627 0.00041719 0.03640976
v 0.03378348 0.00073737 0.03798325
v 0.03362992 0.00177549 0.03798325
v 0.03337255 0.00258391 0.03798325
v 0.03308902 0.00317456 0.03798325
v 0.03272670 0.00369462 0.03798325
v 0.03250937 0.00391934 0.03798325
v 0.03245383 -0.00313966 0.03799427
v 0.03443724 -0.00051752 0.03641045
v 0.03402260 0.00209170 0.03683601
v 0.03359989 0.00290211 0.03725744
v 0.03318687 0.00332869 0.03768577
v 0.03204177 0.00456469 0.03577485
v 0.03245383 -0.00406343 0.03799427
v 0.03449117 -0.00025799 0.03577485
v 0.03449246 0.00016263 0.03577416
v 0.03443854 0.00082985 0.03604548
v 0.03397562 0.00246757 0.03660894
v 0.03423832 0.00184112 0.03619491
v 0.03355581 0.00324119 0.03690556
v 0.03315878 0.00371351 0.03721544
v 0.03282616 0.00422859 0.03703364
v 0.03250937 0.00455574 0.03703364
v 0.03250937 0.00500122 0.03577554
v 0.03119344 0.00456469 0.03095934
v 0.03138332 -0.00434384 0.03096072
v 0.03245383 -0.00426180 0.03776117
v 0.03373746 -0.00123843 0.03799427
v 0.03402325 -0.00219004 0.03683601
v 0.03443918 -0.00092521 0.03604961
v 0.03446453 -0.00004768 0.03538062
v 0.03444112 0.00085570 0.03552695
v 0.03408235 0.00239747 0.03619491
v 0.03427158 0.00184112 0.03577520
v 0.03361959 0.00335653 0.03649721
v 0.03327116 0.00384676 0.03661428
v 0.03304172 0.00451050 0.03535479
v 0.03300119 0.00456469 0.03493474
v 0.03292175 0.00456469 0.03366561
v 0.03284295 0.00456469 0.03315776
v 0.03239409 0.00456469 0.03166655
v 0.03203596 0.00456469 0.03095934
v 0.03317977 -0.00003127 0.03095934
v 0.03216707 -0.00434384 0.03096072
v 0.03245383 -0.00515723 0.03568602
v 0.03245383 -0.00507271 0.03606820
v 0.03245383 -0.00470480 0.03703433
v 0.03282681 -0.00432296 0.03703433
v 0.03275253 -0.00374225 0.03799427
v 0.03423768 -0.00193747 0.03619491
v 0.03360409 -0.00199117 0.03799427
v 0.03360054 -0.00299846 0.03725814
v 0.03443918 -0.00093714 0.03553177
v 0.03425996 -0.00109723 0.03409669
v 0.03430226 0.00016263 0.03409738
v 0.03423525 0.00121168 0.03409738
v 0.03412368 0.00205143 0.03430637
v 0.03415953 0.00226074 0.03577554
v 0.03379559 0.00309999 0.03619491
v 0.03284037 0.00466412 0.03577554
v 0.03325016 0.00426041 0.03493474
v 0.03317751 0.00415600 0.03345076
v 0.03317686 0.00373539 0.03262373
v 0.03246222 0.00437974 0.03156671
v 0.03268795 -0.00327191 0.03096072
v 0.03239731 -0.00434384 0.03130434
v 0.03252778 -0.00434384 0.03156602
v 0.03309322 -0.00434384 0.03336538
v 0.03284005 -0.00475849 0.03577485
v 0.03318687 -0.00342405 0.03768646
v 0.03380769 -0.00298355 0.03661152
v 0.03408315 -0.00249382 0.03619491
v 0.03410689 -0.00250575 0.03577485
v 0.03427061 -0.00193747 0.03577485
v 0.03320560 -0.00306707 0.03799427
v 0.03355743 -0.00333953 0.03690901
v 0.03416873 -0.00088742 0.03367732
v 0.03421120 -0.00025799 0.03367732
v 0.03419892 0.00037244 0.03367732
v 0.03378235 0.00100187 0.03241784
v 0.03375942 0.00205143 0.03283789
v 0.03403068 0.00212252 0.03385361
v 0.03400759 0.00244520 0.03413043
v 0.03403649 0.00254115 0.03451537
v 0.03358472 0.00371550 0.03493474
v 0.03324080 0.00424550 0.03535479
v 0.03324532 0.00394719 0.03328963
v 0.03367611 0.00348282 0.03451537
v 0.03360571 0.00292498 0.03300867
v 0.03279677 0.00382090 0.03168790
v 0.03273316 0.00368666 0.03140764
v 0.03278208 0.00292150 0.03095934
v 0.03287718 -0.00256243 0.03096072
v 0.03279161 -0.00350460 0.03129333
v 0.03282810 -0.00377457 0.03162180
v 0.03317654 -0.00382975 0.03262442
v 0.03325759 -0.00434384 0.03493543
v 0.03323660 -0.00434384 0.03535479
v 0.03326857 -0.00394013 0.03661497
v 0.03379526 -0.00319535 0.03619491
v 0.03403843 -0.00263850 0.03451537
v 0.03410527 -0.00235610 0.03451537
v 0.03421442 -0.00151686 0.03409669
v 0.03375748 -0.00130705 0.03241784
v 0.03382255 -0.00046780 0.03241784
v 0.03382255 0.00037244 0.03241784
v 0.03358116 0.00198033 0.03224293
v 0.03281292 0.00324367 0.03122481
v 0.03320907 0.00068716 0.03108261
v 0.03326696 -0.00067761 0.03118246
v 0.03313286 -0.00120214 0.03101633
v 0.03313020 -0.00215623 0.03125149
v 0.03294726 -0.00277572 0.03115836
v 0.03360700 -0.00302034 0.03300798
v 0.03324403 -0.00404255 0.03329651
v 0.03367481 -0.00357818 0.03451537
v 0.03358633 -0.00381384 0.03493543
v 0.03361991 -0.00345289 0.03650341
v 0.03400807 -0.00254155 0.03412561
v 0.03408558 -0.00207569 0.03397549
v 0.03376087 -0.00214629 0.03283789
v 0.03357987 -0.00207470 0.03224431
v 0.03324080 -0.00130705 0.03123445
v 0.03324225 0.00121168 0.03123169
v 0.03318041 0.00208176 0.03135530
v 0.03295437 0.00208076 0.03095934
v 0.03357987 -0.00272551 0.03266987
v 0.03309355 0.00184112 0.03110258
f 130 138 144
f 130 144 179
f 130 179 205
f 130 205 181
f 130 181 158
f 130 139 131
f 130 132 133
f 130 133 134
f 130 134 135
f 130 135 136
f 130 136 137
f 130 137 138
f 130 131 132
f 132 131 133
f 133 131 140
f 133 140 141
f 133 141 134
f 134 141 142
f 134 142 135
f 135 142 136
f 137 143 138
f 138 143 144
f 139 145 131
f 131 146 147
f 131 145 146
f 140 148 141
f 140 149 148
f 142 151 136
f 136 152 137
f 136 151 152
f 143 137 153
f 143 153 154
f 143 154 155
f 143 155 144
f 144 156 157
f 144 155 156
f 130 158 139
f 139 158 159
f 139 160 145
f 146 145 161
f 146 161 162
f 131 147 149
f 131 149 140
f 148 149 163
f 149 164 163
f 149 147 164
f 141 165 150
f 141 148 165
f 150 151 142
f 150 142 141
f 151 166 152
f 152 153 137
f 154 167 168
f 154 168 169
f 154 169 170
f 154 170 171
f 154 171 172
f 154 172 155
f 155 172 222
f 155 222 256
f 155 256 173
f 155 173 156
f 156 173 174
f 156 174 175
f 156 175 176
f 156 176 177
f 156 177 157
f 157 178 179
f 157 179 144
f 159 158 181
f 159 181 182
f 139 159 180
f 139 180 160
f 145 183 161
f 161 183 184
f 161 184 185
f 161 185 162
f 162 185 186
f 162 186 187
f 162 187 164
f 162 164 147
f 162 147 146
f 163 164 188
f 148 163 189
f 148 189 165
f 150 165 151
f 151 165 166
f 152 166 190
f 152 190 153
f 153 190 154
f 154 190 167
f 169 168 191
f 169 191 192
f 169 192 170
f 170 192 171
f 171 192 193
f 171 193 194
f 174 195 196
f 174 196 175
f 174 173 195
f 175 196 197
f 175 197 198
f 175 199 176
f 176 199 178
f 176 178 177
f 177 178 157
f 179 178 200
f 159 201 202
f 159 182 201
f 159 202 180
f 180 202 203
f 180 203 204
f 180 204 160
f 181 205 182
f 145 160 183
f 184 207 208
f 184 208 185
f 185 208 209
f 185 209 186
f 186 210 211
f 186 211 212
f 186 212 187
f 187 212 213
f 187 213 214
f 187 214 164
f 164 214 188
f 163 188 189
f 189 188 215
f 189 215 165
f 165 216 166
f 166 216 167
f 166 167 190
f 167 216 191
f 167 191 168
f 191 216 215
f 191 215 192
f 192 215 218
f 192 218 217
f 192 217 193
f 193 219 220
f 193 220 194
f 194 220 221
f 194 172 171
f 172 194 221
f 172 221 222
f 173 223 195
f 195 224 196
f 196 224 197
f 197 225 226
f 197 226 198
f 198 227 175
f 175 227 199
f 199 228 229
f 199 229 178
f 200 205 179
f 200 182 205
f 201 230 202
f 182 206 201
f 203 231 204
f 204 231 232
f 204 232 183
f 204 183 160
f 182 200 206
f 183 232 233
f 183 233 184
f 184 233 207
f 207 234 235
f 207 235 208
f 208 235 236
f 209 208 236
f 209 236 210
f 209 210 186
f 210 237 211
f 212 211 219
f 212 219 213
f 213 218 214
f 214 218 188
f 188 218 215
f 215 216 165
f 217 219 193
f 220 238 221
f 220 219 238
f 221 238 222
f 173 236 235
f 173 235 240
f 173 240 241
f 173 241 223
f 223 241 242
f 223 243 195
f 223 242 243
f 195 243 224
f 224 225 197
f 226 225 244
f 198 226 245
f 198 245 246
f 198 246 247
f 198 247 227
f 227 247 228
f 227 228 199
f 228 248 229
f 229 248 206
f 229 206 200
f 229 200 178
f 201 206 248
f 201 248 230
f 230 247 203
f 230 203 202
f 203 247 231
f 231 249 232
f 231 247 246
f 231 246 249
f 232 249 250
f 232 250 233
f 233 250 251
f 233 251 234
f 233 234 207
f 234 252 253
f 234 253 235
f 235 253 240
f 236 173 239
f 236 239 254
f 236 254 210
f 210 254 237
f 237 254 255
f 211 237 219
f 219 217 218
f 219 218 213
f 219 237 238
f 238 237 255
f 173 256 239
f 240 253 241
f 241 253 242
f 243 242 252
f 243 252 257
f 243 257 224
f 225 224 257
f 225 257 244
f 244 246 245
f 244 245 226
f 244 249 246
f 247 230 248
f 247 248 228
f 250 249 244
f 250 244 251
f 251 252 234
f 252 242 253
f 254 239 258
f 254 258 255
f 238 255 222
f 257 251 244
f 251 257 252
f 239 256 258
f 258 256 222
f 258 222 255

o geometry_2
v 0.00558834 0.00661277 0.01988990
v 0.00448756 0.00661277 0.01989262
v 0.00235384 0.00398620 0.01989262
v -0.00065744 0.00704262 0.00598445
v -0.00065744 0.00751505 0.00598445
v 0.00174765 0.00398620 0.01989262
v -0.00394446 0.00366673 0.00847174
v -0.00506712 0.00366673 0.00598445
v -0.00065744 0.00749433 0.00618593
v 0.00399954 0.00635433 0.01989262
v 0.00193366 0.00433354 0.01989262
v 0.00166886 0.00418247 0.01964213
v -0.00446093 0.00366673 0.00847174
v -0.00559016 0.00366673 0.00598445
v -0.00145950 0.00724342 0.00639015
v -0.00145950 0.00729353 0.00598445
v -0.00065744 0.00725133 0.00806877
v 0.00408380 0.00661277 0.01932900
v 0.00166777 0.00459952 0.01922417
v 0.00128151 0.00398620 0.01917244
v 0.00121695 0.00423296 0.01885659
v -0.00333826 0.00398582 0.01064456
v -0.00468086 0.00366673 0.00802248
v 0.00002317 0.00398620 0.01707314
v -0.00042984 0.00398620 0.01629578
v -0.00165864 0.00398582 0.01400860
v -0.00205803 0.00398582 0.01325438
v -0.00550262 0.00389691 0.00598445
v -0.00546213 0.00376543 0.00621316
v -0.00190375 0.00715677 0.00598445
v -0.00065744 0.00719445 0.00847174
v 0.00335286 0.00625827 0.01921328
v 0.00368441 0.00615919 0.01989262
v 0.00224825 0.00477790 0.01989262
v 0.00203761 0.00466356 0.01971700
v -0.00004030 0.00423333 0.01675866
v -0.00336343 0.00417946 0.01041312
v -0.00505728 0.00380386 0.00708583
v -0.00372288 0.00400127 0.00981886
v -0.00039373 0.00413350 0.01623860
v -0.00083032 0.00415347 0.01541630
v -0.00505837 0.00420470 0.00667060
v -0.00228016 0.00699855 0.00598445
v -0.00148412 0.00709612 0.00728323
v -0.00090145 0.00711025 0.00847174
v 0.00175421 0.00661277 0.01555108
v 0.00245560 0.00661277 0.01674912
v 0.00325110 0.00661277 0.01806561
v 0.00252564 0.00625036 0.01793491
v 0.00330472 0.00587702 0.01989262
v 0.00251688 0.00583784 0.01878852
v 0.00205403 0.00505536 0.01927318
v 0.00172248 0.00494724 0.01887565
v -0.00003592 0.00463719 0.01633389
v 0.00004614 0.00451325 0.01661435
v -0.00334811 0.00457277 0.00996113
v -0.00377267 0.00416213 0.00955407
v -0.00293231 0.00457880 0.01081065
v -0.00047470 0.00426196 0.01595815
v -0.00168928 0.00418587 0.01377444
v -0.00211165 0.00419302 0.01294534
v -0.00528050 0.00433392 0.00598445
v -0.00273426 0.00677213 0.00598445
v -0.00110607 0.00701964 0.00847174
v 0.00126729 0.00625036 0.01583698
v 0.00316028 0.00575382 0.01989262
v 0.00089416 0.00578848 0.01617733
v 0.00209233 0.00542569 0.01879805
v 0.00245779 0.00547580 0.01929360
v 0.00081209 0.00586006 0.01589824
v 0.00246874 0.00505574 0.01989262
v 0.00034705 0.00508776 0.01639107
v 0.00006803 0.00491748 0.01615010
v -0.00296732 0.00504406 0.01004418
v -0.00324635 0.00485268 0.00974875
v -0.00463710 0.00461383 0.00708310
v -0.00465351 0.00423107 0.00754054
v -0.00209742 0.00458708 0.01250016
v -0.00503758 0.00458595 0.00620363
v -0.00346847 0.00632985 0.00598445
v -0.00144527 0.00674162 0.00892373
v -0.00019240 0.00658226 0.01202911
v 0.00028031 0.00655061 0.01304881
v 0.00113817 0.00638447 0.01518759
v 0.00083288 0.00625940 0.01502286
v 0.00068954 0.00597892 0.01540950
v 0.00279426 0.00540798 0.01989262
v 0.00083288 0.00542607 0.01670148
v 0.00217877 0.00533490 0.01907850
v 0.00045429 0.00580581 0.01536457
v 0.00038973 0.00545093 0.01590641
v -0.00125050 0.00457390 0.01415972
v -0.00421801 0.00502937 0.00733973
v -0.00168053 0.00458784 0.01333743
v -0.00171664 0.00505348 0.01257776
v -0.00382245 0.00605596 0.00598445
v -0.00293450 0.00625299 0.00745205
v -0.00109075 0.00674162 0.00965890
v -0.00044954 0.00627560 0.01255598
v -0.00037732 0.00622059 0.01283643
v -0.00083251 0.00583181 0.01290178
v 0.00046960 0.00536692 0.01618550
v 0.00132200 0.00535129 0.01763336
v -0.00004194 0.00505480 0.01574713
v -0.00057811 0.00493801 0.01491803
v -0.00244867 0.00534356 0.01058874
v -0.00286009 0.00533565 0.00974875
v -0.00465898 0.00505762 0.00629893
v -0.00508463 0.00465414 0.00598445
v -0.00129646 0.00505122 0.01340686
v -0.00125269 0.00541364 0.01290450
v -0.00334045 0.00624056 0.00658483
v -0.00378689 0.00584688 0.00664473
v -0.00256137 0.00587702 0.00924366
v -0.00204818 0.00621758 0.00946013
v -0.00190703 0.00626938 0.00960376
v -0.00079202 0.00621570 0.01202911
v -0.00125926 0.00583821 0.01202911
v 0.00005818 0.00535486 0.01545851
v -0.00257122 0.00547655 0.01009182
v -0.00414142 0.00535750 0.00691701
v -0.00454956 0.00535976 0.00598445
v -0.00492488 0.00487754 0.00598445
v -0.00423224 0.00569317 0.00598445
v -0.00372452 0.00578773 0.00692518
v -0.00248259 0.00580412 0.00959083
v -0.00208429 0.00582503 0.01037227
v -0.00298155 0.00546638 0.00923686
v -0.00420488 0.00542795 0.00663792
f 259 261 262
f 259 262 263
f 259 263 260
f 260 268 291
f 260 291 308
f 260 308 324
f 260 324 345
f 260 345 329
f 260 329 292
f 260 292 269
f 260 269 264
f 260 264 261
f 260 261 259
f 261 264 271
f 261 271 265
f 261 265 266
f 261 266 262
f 262 266 272
f 262 272 286
f 262 286 320
f 262 320 367
f 262 367 381
f 262 381 380
f 262 380 382
f 262 382 354
f 262 354 338
f 262 338 321
f 262 321 301
f 262 301 288
f 262 288 274
f 262 274 263
f 263 267 260
f 264 269 270
f 265 271 281
f 265 281 272
f 265 272 266
f 267 263 274
f 267 274 273
f 267 273 275
f 267 275 260
f 260 275 276
f 260 276 268
f 269 277 270
f 270 278 264
f 270 279 278
f 264 278 271
f 271 280 281
f 271 278 282
f 271 282 283
f 271 283 284
f 271 284 285
f 271 285 280
f 272 287 286
f 273 274 288
f 273 288 289
f 273 289 275
f 275 289 276
f 276 290 268
f 268 290 291
f 269 292 293
f 269 293 277
f 278 279 294
f 278 294 282
f 270 277 279
f 281 280 297
f 281 297 296
f 283 282 298
f 283 298 299
f 283 299 284
f 287 272 281
f 287 281 296
f 287 296 300
f 287 300 286
f 288 301 302
f 288 302 289
f 289 302 303
f 289 303 304
f 289 304 305
f 289 305 306
f 289 306 276
f 290 276 306
f 290 306 307
f 290 308 291
f 293 292 310
f 293 310 277
f 282 294 298
f 277 312 313
f 277 313 279
f 279 313 294
f 280 285 295
f 295 315 297
f 295 297 280
f 296 297 315
f 298 294 313
f 298 313 317
f 298 317 299
f 299 318 284
f 299 317 318
f 284 318 285
f 285 319 295
f 285 318 319
f 286 300 320
f 296 315 300
f 301 321 322
f 301 322 302
f 304 323 305
f 305 307 306
f 305 323 307
f 290 309 308
f 290 307 309
f 309 325 326
f 309 326 327
f 309 324 308
f 309 307 323
f 309 323 328
f 309 328 325
f 292 329 310
f 277 310 311
f 311 330 331
f 311 331 312
f 311 312 277
f 295 316 314
f 314 315 295
f 314 316 332
f 314 332 333
f 314 334 335
f 314 335 315
f 315 335 300
f 295 319 336
f 295 336 316
f 313 312 317
f 300 337 320
f 300 335 334
f 300 334 337
f 321 339 322
f 302 322 303
f 303 322 304
f 304 340 341
f 304 341 342
f 304 322 340
f 304 342 323
f 323 344 328
f 324 309 327
f 324 327 345
f 325 346 326
f 327 326 347
f 327 347 345
f 325 328 348
f 325 348 349
f 325 349 346
f 329 345 310
f 310 347 311
f 311 347 330
f 312 331 350
f 316 336 332
f 314 333 334
f 334 333 351
f 336 319 352
f 336 353 332
f 317 312 350
f 317 350 318
f 318 350 352
f 318 352 319
f 321 338 355
f 321 355 339
f 322 339 356
f 322 356 340
f 341 340 357
f 341 357 343
f 341 343 342
f 342 343 323
f 343 344 323
f 343 357 358
f 343 358 359
f 343 359 344
f 344 359 348
f 344 348 328
f 346 349 360
f 326 346 361
f 326 361 347
f 347 310 345
f 347 361 330
f 330 360 331
f 330 361 360
f 331 360 362
f 331 362 363
f 331 363 350
f 350 363 352
f 332 364 365
f 333 332 351
f 351 366 334
f 334 367 337
f 337 367 320
f 352 368 353
f 352 353 336
f 353 369 332
f 353 368 369
f 354 370 338
f 338 370 355
f 355 370 371
f 355 372 373
f 339 374 356
f 339 355 374
f 357 375 358
f 359 369 348
f 348 369 349
f 346 360 361
f 349 377 360
f 360 377 362
f 362 368 363
f 364 332 369
f 365 364 378
f 365 379 332
f 351 332 379
f 351 379 366
f 366 380 381
f 366 381 334
f 366 379 380
f 334 381 367
f 352 363 368
f 369 377 349
f 368 362 377
f 368 377 369
f 354 382 371
f 354 371 370
f 371 382 383
f 371 383 384
f 371 384 372
f 371 372 355
f 373 372 385
f 373 374 355
f 373 375 374
f 340 356 357
f 356 374 357
f 357 374 375
f 375 376 359
f 375 359 358
f 376 375 373
f 376 373 385
f 376 385 369
f 376 369 359
f 369 385 378
f 364 369 378
f 378 385 384
f 378 384 386
f 378 386 365
f 365 386 379
f 379 386 387
f 379 387 380
f 382 387 383
f 384 383 386
f 372 384 385
f 386 383 387
f 380 387 382

o geometry_3
v 0.00323260 0.00248843 0.02276709
v 0.00310377 -0.00130715 0.02276832
v 0.00332676 0.00124481 0.02306052
v 0.00331354 -0.00130715 0.02304394
v 0.00332345 0.00184123 0.02302982
v 0.00340934 0.00309991 0.02276709
v 0.00402628 0.00434856 0.02276709
v 0.00469443 0.00515420 0.02276709
v 0.00320452 -0.00237335 0.02276587
v 0.00507599 0.00410307 0.02420474
v 0.01406828 0.00519884 0.03060847
v 0.01406993 0.00519884 0.02990131
v 0.00545920 0.00515420 0.02276709
v 0.00681366 -0.00620074 0.02276587
v 0.00463910 -0.00214739 0.02453914
v 0.00465974 -0.00151749 0.02462830
v 0.00460110 0.00226079 0.02447913
v 0.00439876 0.00293700 0.02404698
v 0.00545755 0.00458289 0.02424526
v 0.00608440 0.00515420 0.02434040
v 0.00809049 0.00515420 0.02628202
v 0.00977778 0.00515420 0.02762821
v 0.01262297 0.00515420 0.02967173
v 0.01642372 0.00519884 0.03217748
v 0.01997340 0.00519884 0.03374526
v 0.00582755 -0.00620074 0.02276587
v 0.01406498 -0.00620074 0.02875094
v 0.00464983 -0.00334638 0.02421211
v 0.00465644 0.00100099 0.02462953
v 0.00799964 0.00455611 0.02674119
v 0.00917736 0.00463310 0.02764724
v 0.01134450 0.00457061 0.02926781
v 0.01997340 0.00519884 0.03436280
v 0.01997175 -0.00014834 0.03530752
v 0.01997175 -0.00502239 0.03390978
v 0.00523126 -0.00573877 0.02276587
v 0.01406498 -0.00620074 0.02963490
v 0.00350597 -0.00344346 0.02276587
v 0.00506856 0.00173188 0.02505309
v 0.00624545 0.00301957 0.02597141
v 0.00631648 0.00413654 0.02548401
v 0.01385520 0.00457619 0.03095100
v 0.01997175 -0.00502239 0.03450153
v 0.00591675 -0.00590280 0.02336376
v 0.00405024 -0.00445442 0.02276587
v 0.00508590 -0.00418215 0.02419369
v 0.00588536 -0.00176186 0.02591617
v 0.00545920 -0.00004791 0.02550243
v 0.00600388 0.00247057 0.02589929
v 0.00804919 0.00405062 0.02711932
v 0.00923517 0.00416332 0.02801923
v 0.01182310 0.00378756 0.03003237
v 0.01799787 0.00463533 0.03350341
v 0.01997340 0.00453993 0.03468446
v 0.01997175 -0.00193705 0.03523570
v 0.01997175 -0.00299991 0.03510741
v 0.01997175 -0.00435400 0.03477009
v 0.01676894 -0.00502239 0.03258876
v 0.01324817 -0.00549272 0.02988658
v 0.00984798 -0.00594130 0.02698305
v 0.01785912 -0.00464300 0.03345706
v 0.00596465 -0.00256640 0.02583637
v 0.00588082 0.00130506 0.02591954
v 0.00885361 0.00368127 0.02798608
v 0.01010360 0.00359340 0.02894032
v 0.01435693 0.00398032 0.03159432
v 0.01829354 -0.00025881 0.03440577
v 0.01929121 -0.00306072 0.03473848
v 0.01850496 -0.00414784 0.03403531
v 0.00547572 -0.00549775 0.02338709
v 0.00744795 -0.00620074 0.02450062
v 0.00715723 -0.00591508 0.02464303
v 0.00712585 -0.00552453 0.02509360
v 0.00976127 -0.00620074 0.02652358
v 0.00525769 -0.00466699 0.02402488
v 0.00630161 -0.00341779 0.02591985
v 0.00752930 -0.00172727 0.02741858
v 0.00749957 0.00205101 0.02735228
v 0.00754045 0.00294481 0.02719544
v 0.01801521 0.00421354 0.03370107
v 0.01586273 -0.00046245 0.03307079
v 0.01567546 -0.00206231 0.03287973
v 0.01505109 -0.00351822 0.03224623
v 0.01316971 -0.00513286 0.03014808
v 0.01506844 -0.00410460 0.03202954
v 0.01334150 -0.00444996 0.03073185
v 0.00959031 -0.00556023 0.02723227
v 0.00670630 -0.00468875 0.02551471
v 0.00759826 -0.00331848 0.02714510
v 0.00805622 -0.00255050 0.02774085
v 0.01256103 0.00317802 0.03076316
v 0.01514937 0.00322071 0.03235764
v 0.01964056 0.00368518 0.03477961
v 0.01997340 0.00312837 0.03508101
v 0.01997340 0.00180106 0.03524184
v 0.01590176 0.00100099 0.03307862
v 0.01546734 -0.00277618 0.03266734
v 0.00842250 -0.00549105 0.02631886
v 0.00800129 -0.00464858 0.02673996
v 0.00881232 -0.00220040 0.02844034
v 0.00776261 0.00124481 0.02763496
v 0.00856496 0.00286698 0.02806021
v 0.01014324 0.00298303 0.02919660
v 0.01339518 0.00281258 0.03139543
v 0.01532281 -0.00129544 0.03273302
v 0.01269937 -0.00183244 0.03111705
v 0.01134284 -0.00466643 0.02926781
v 0.01341748 -0.00304287 0.03138192
v 0.01131311 -0.00386190 0.02970733
v 0.00917571 -0.00473004 0.02764601
v 0.00900392 -0.00345294 0.02824329
v 0.00877928 -0.00151749 0.02846366
v 0.01042569 0.00242678 0.02953085
v 0.01269483 -0.00004959 0.03119455
v 0.01188050 -0.00208379 0.03058453
v 0.00924013 -0.00425803 0.02801678
v 0.00931900 -0.00290283 0.02866009
v 0.01049218 -0.00180315 0.02969383
v 0.00877928 0.00142167 0.02846489
v 0.00880819 0.00196397 0.02844341
v 0.01184333 0.00177316 0.03058575
v 0.01251561 0.00184123 0.03099888
v 0.01546734 0.00268035 0.03266856
v 0.01566142 0.00179269 0.03288955
v 0.01170871 -0.00046859 0.03056120
v 0.01088200 -0.00306407 0.02971470
v 0.01049218 0.00170844 0.02969505
v 0.01046410 -0.00004959 0.02971531
v 0.01171284 0.00079065 0.03055813
f 388 401 413
f 388 413 423
f 388 423 432
f 388 432 425
f 388 425 396
f 388 396 389
f 388 389 390
f 389 391 390
f 388 390 392
f 388 393 394
f 388 394 395
f 388 395 400
f 389 396 391
f 395 398 399
f 395 399 400
f 388 400 401
f 391 396 402
f 391 402 403
f 391 403 390
f 392 404 388
f 388 405 393
f 393 405 397
f 393 397 394
f 397 406 394
f 394 406 395
f 395 407 398
f 398 407 408
f 398 408 409
f 398 409 410
f 398 411 420
f 398 420 412
f 398 412 399
f 399 412 400
f 400 412 401
f 401 412 414
f 401 414 424
f 401 424 461
f 401 461 458
f 401 458 413
f 403 416 390
f 388 404 405
f 406 407 395
f 408 417 409
f 409 417 418
f 410 409 419
f 412 420 441
f 412 441 481
f 412 481 482
f 412 482 421
f 412 421 422
f 412 422 414
f 414 422 430
f 414 430 424
f 396 425 415
f 396 415 402
f 390 416 426
f 390 426 392
f 392 426 404
f 405 404 427
f 405 427 397
f 407 428 408
f 408 428 417
f 409 418 419
f 410 419 398
f 421 430 422
f 413 431 423
f 425 432 433
f 425 433 415
f 402 434 403
f 403 434 435
f 403 435 416
f 427 404 436
f 397 428 406
f 406 428 407
f 417 437 418
f 418 437 438
f 418 438 419
f 398 419 429
f 419 438 439
f 398 429 411
f 421 442 443
f 421 443 444
f 421 444 430
f 424 430 445
f 424 445 446
f 430 444 448
f 430 448 445
f 402 415 449
f 402 449 434
f 435 434 450
f 416 435 426
f 426 436 404
f 427 428 397
f 417 428 437
f 437 451 438
f 438 451 452
f 438 452 439
f 419 439 429
f 429 439 453
f 411 440 420
f 411 429 440
f 420 440 441
f 421 454 442
f 442 455 443
f 443 455 444
f 444 456 448
f 423 431 457
f 413 458 431
f 431 459 460
f 431 460 457
f 424 446 447
f 424 447 461
f 432 462 433
f 449 415 463
f 434 449 464
f 426 435 450
f 426 450 436
f 436 450 465
f 428 466 437
f 437 466 451
f 429 453 440
f 441 440 467
f 442 454 468
f 442 468 469
f 442 469 455
f 455 456 444
f 431 458 459
f 457 460 462
f 446 445 471
f 445 448 472
f 445 473 471
f 447 446 474
f 448 456 472
f 462 432 457
f 462 475 433
f 433 463 415
f 449 463 476
f 464 449 477
f 434 464 450
f 427 466 428
f 427 436 466
f 452 478 439
f 439 478 453
f 441 480 481
f 453 467 440
f 421 483 454
f 455 469 484
f 456 455 470
f 462 460 475
f 457 432 423
f 472 456 470
f 472 473 445
f 474 485 447
f 433 475 463
f 463 475 486
f 463 486 476
f 449 476 477
f 464 477 487
f 464 488 450
f 450 488 465
f 465 466 436
f 466 489 451
f 451 489 452
f 452 489 490
f 452 490 478
f 478 491 479
f 453 478 479
f 467 453 479
f 467 480 441
f 482 483 421
f 454 483 468
f 468 492 469
f 469 492 493
f 469 493 484
f 484 470 455
f 475 460 485
f 475 485 486
f 460 459 485
f 471 473 494
f 471 494 474
f 471 474 446
f 472 470 495
f 473 496 494
f 474 497 485
f 447 485 459
f 447 459 461
f 476 498 477
f 464 487 499
f 464 499 488
f 489 466 465
f 490 489 500
f 490 500 478
f 467 479 480
f 480 479 481
f 492 468 501
f 492 501 493
f 493 502 495
f 493 495 484
f 458 461 459
f 495 496 472
f 472 496 473
f 497 486 485
f 498 476 503
f 498 504 477
f 477 504 487
f 488 499 506
f 488 506 465
f 489 507 500
f 478 500 508
f 478 508 491
f 491 508 509
f 491 510 479
f 491 509 510
f 481 479 510
f 482 511 483
f 468 483 501
f 493 501 512
f 493 512 502
f 502 512 505
f 484 495 470
f 494 496 503
f 494 503 497
f 494 497 474
f 495 513 496
f 496 513 504
f 496 504 498
f 496 498 503
f 486 497 503
f 486 503 476
f 487 504 505
f 487 505 499
f 506 507 465
f 465 507 489
f 507 514 500
f 500 514 508
f 509 511 510
f 481 510 482
f 482 510 511
f 501 483 509
f 502 505 513
f 502 513 495
f 505 504 513
f 505 515 499
f 499 515 506
f 507 506 514
f 511 509 483
f 509 508 516
f 509 516 501
f 501 516 512
f 512 515 505
f 506 515 514
f 514 515 516
f 516 508 514
f 516 515 512

o geometry_4
v 0.01997576 -0.00640737 0.02141514
v 0.02050169 -0.00640737 0.02164736
v 0.01407028 -0.00777554 0.02370256
v 0.01407028 -0.00736482 0.02370256
v 0.01407028 -0.00502336 0.03014352
v 0.03171534 -0.00260544 0.03799276
v 0.03216238 -0.00434501 0.03095797
v 0.01798660 -0.00806392 0.02370256
v 0.01407028 -0.00502336 0.03080868
v 0.02758864 -0.00379993 0.03836101
v 0.03087948 -0.00349625 0.03836101
v 0.03244977 -0.00314124 0.03799276
v 0.03309028 -0.00434501 0.03336317
v 0.03252302 -0.00434501 0.03156508
v 0.02753605 -0.00640737 0.02660539
v 0.02667108 -0.00640737 0.02570054
v 0.02552435 -0.00640737 0.02474095
v 0.02449878 -0.00640737 0.02399119
v 0.02313136 -0.00640737 0.02310707
v 0.01997576 -0.00710702 0.02235068
v 0.02400290 -0.00679024 0.02419024
v 0.01407028 -0.00775779 0.02506689
v 0.02758864 -0.00486169 0.03836101
v 0.01681828 -0.00502336 0.03261590
v 0.01980483 -0.00502336 0.03441317
v 0.03087948 -0.00426199 0.03836101
v 0.03244977 -0.00406482 0.03799276
v 0.03321143 -0.00434501 0.03546067
v 0.03325745 -0.00434501 0.03493401
v 0.03278646 -0.00481977 0.03346602
v 0.03227321 -0.00500534 0.03199635
v 0.03197455 -0.00475464 0.03095797
v 0.02846394 -0.00640737 0.02768358
v 0.02683731 -0.00679802 0.02657346
v 0.02354835 -0.00719277 0.02463313
v 0.01953247 -0.00815623 0.02528170
v 0.01653653 -0.00554960 0.03203451
v 0.02758864 -0.00513587 0.03817108
v 0.02468474 -0.00557828 0.03683164
v 0.02566758 -0.00557828 0.03726996
v 0.03214078 -0.00432289 0.03799276
v 0.03244977 -0.00470658 0.03703400
v 0.03233519 -0.00508945 0.03641363
v 0.03192853 -0.00551983 0.03234967
v 0.03147116 -0.00548051 0.03095797
v 0.02474250 -0.00719305 0.02552720
v 0.01859894 -0.00798582 0.02370256
v 0.02268431 -0.00760459 0.02507104
v 0.02060875 -0.00761060 0.02379545
v 0.02101635 -0.00802678 0.02547744
v 0.01407028 -0.00588850 0.02998428
v 0.01614020 -0.00594585 0.03138925
v 0.02006592 -0.00591622 0.03398396
v 0.02057072 -0.00558975 0.03453135
v 0.02686924 -0.00592510 0.03724300
v 0.02393998 -0.00592428 0.03619218
v 0.02971022 -0.00477813 0.03836101
v 0.03197643 -0.00471368 0.03771741
v 0.03266766 -0.00501080 0.03535368
v 0.03237182 -0.00533850 0.03388568
v 0.03151342 -0.00594094 0.03270630
v 0.03104478 -0.00590216 0.03100939
v 0.02931859 -0.00640737 0.02892931
v 0.02805071 -0.00683503 0.02809413
v 0.02688051 -0.00718513 0.02758406
v 0.02586997 -0.00719168 0.02649508
v 0.02310036 -0.00780995 0.02612103
v 0.01407028 -0.00771219 0.02569639
v 0.02121170 -0.00818463 0.02696037
v 0.02056931 -0.00635111 0.03389397
v 0.02845033 -0.00529440 0.03802241
v 0.03145050 -0.00529536 0.03722310
v 0.03169468 -0.00528716 0.03702156
v 0.03192196 -0.00551000 0.03600557
v 0.03185716 -0.00575797 0.03441068
v 0.03090672 -0.00636149 0.03325535
v 0.03067662 -0.00635822 0.03170773
v 0.03007509 -0.00641597 0.03033801
v 0.02897109 -0.00676239 0.02927599
v 0.02466924 -0.00760363 0.02666220
v 0.02750975 -0.00724575 0.02865727
v 0.02205132 -0.00815841 0.02779970
v 0.01431634 -0.00632435 0.02966580
v 0.02268807 -0.00634019 0.03513970
v 0.02454245 -0.00635152 0.03600640
v 0.02578169 -0.00634675 0.03640948
v 0.03115560 -0.00596579 0.03592264
v 0.03151436 -0.00593739 0.03505676
v 0.02982762 -0.00683434 0.03220619
v 0.02952333 -0.00682793 0.03073404
v 0.02609912 -0.00762261 0.02833382
v 0.02824982 -0.00722827 0.02989803
v 0.02310694 -0.00802405 0.02716605
v 0.02509328 -0.00779957 0.02811486
v 0.01417171 -0.00761824 0.02640800
v 0.01887693 -0.00677440 0.03222195
v 0.01407028 -0.00683885 0.02862576
v 0.02222037 -0.00677822 0.03432691
v 0.02672226 -0.00640969 0.03631078
v 0.02772013 -0.00592455 0.03724300
v 0.02918522 -0.00512604 0.03813210
v 0.03075551 -0.00596169 0.03646505
v 0.03044371 -0.00658706 0.03367668
v 0.02869686 -0.00722882 0.03157503
v 0.02689366 -0.00761060 0.02963262
v 0.02396534 -0.00802678 0.02838026
v 0.01967804 -0.00760978 0.03035004
v 0.01407028 -0.00728262 0.02756332
v 0.02430156 -0.00677058 0.03515961
v 0.03002484 -0.00642102 0.03573686
v 0.03038830 -0.00639099 0.03549882
v 0.02973839 -0.00682929 0.03409468
v 0.02726181 -0.00759257 0.03115536
v 0.02624563 -0.00776407 0.02989803
v 0.01869098 -0.00736864 0.03073736
v 0.02068765 -0.00734502 0.03210127
v 0.02391274 -0.00802678 0.02970561
v 0.02012039 -0.00719496 0.03223522
v 0.02131031 -0.00720533 0.03289209
v 0.02498903 -0.00689401 0.03493401
v 0.02295479 -0.00705787 0.03400594
v 0.02933831 -0.00681400 0.03486767
v 0.02852405 -0.00727948 0.03252094
v 0.02205319 -0.00737028 0.03262585
v 0.02582864 -0.00781869 0.03115536
v 0.02666450 -0.00763244 0.03232479
v 0.02818689 -0.00719987 0.03392052
v 0.02392214 -0.00718403 0.03388900
v 0.02855598 -0.00718349 0.03388568
f 517 519 520
f 517 520 521
f 517 521 522
f 517 522 523
f 517 523 518
f 517 524 519
f 519 538 584
f 519 584 624
f 519 624 613
f 519 613 567
f 519 567 525
f 519 525 521
f 519 521 520
f 521 525 522
f 522 526 527
f 522 527 528
f 522 528 529
f 522 529 530
f 522 530 523
f 522 525 526
f 523 531 532
f 523 532 533
f 523 533 534
f 523 534 535
f 523 535 518
f 518 536 517
f 518 537 536
f 517 536 524
f 524 538 519
f 526 539 573
f 526 573 542
f 526 542 527
f 526 525 540
f 526 540 541
f 526 541 539
f 527 542 543
f 527 543 528
f 528 543 544
f 528 544 545
f 528 545 529
f 529 545 546
f 529 547 530
f 530 548 523
f 523 548 549
f 523 549 531
f 531 549 550
f 531 550 532
f 532 550 533
f 534 533 537
f 534 537 535
f 535 537 518
f 536 537 551
f 524 552 538
f 525 553 540
f 539 541 555
f 539 555 556
f 539 556 554
f 542 557 543
f 544 543 558
f 544 558 559
f 546 560 547
f 529 546 547
f 530 547 548
f 548 561 549
f 533 562 537
f 533 550 562
f 536 563 524
f 551 564 565
f 537 562 551
f 524 563 566
f 524 566 552
f 553 525 568
f 553 569 540
f 540 570 541
f 541 570 555
f 555 570 572
f 542 573 557
f 557 574 543
f 543 574 558
f 559 575 544
f 544 575 545
f 546 545 576
f 546 576 560
f 560 576 577
f 560 577 578
f 560 578 561
f 560 561 547
f 547 561 548
f 561 578 579
f 561 579 549
f 549 579 580
f 549 580 550
f 550 581 582
f 550 580 581
f 550 582 562
f 551 565 536
f 536 565 563
f 551 562 564
f 565 564 563
f 563 583 566
f 538 585 584
f 567 568 525
f 568 569 553
f 540 569 570
f 556 571 554
f 554 587 539
f 572 556 555
f 570 569 572
f 557 573 574
f 574 588 589
f 574 589 558
f 558 589 559
f 575 576 545
f 577 576 591
f 577 591 592
f 577 593 578
f 578 593 594
f 578 594 579
f 579 595 580
f 579 594 595
f 581 580 597
f 580 595 597
f 563 564 583
f 583 564 596
f 562 582 596
f 562 596 564
f 566 585 552
f 552 585 538
f 584 585 598
f 568 599 586
f 568 567 599
f 568 586 569
f 569 586 600
f 569 600 572
f 556 601 571
f 571 601 602
f 554 571 587
f 572 600 601
f 572 601 556
f 574 573 588
f 559 589 590
f 590 603 604
f 590 604 575
f 590 575 559
f 575 591 576
f 592 593 577
f 593 605 606
f 593 606 594
f 595 594 606
f 581 597 607
f 596 582 581
f 595 606 608
f 595 608 597
f 583 609 566
f 583 596 610
f 583 610 609
f 566 609 585
f 599 612 586
f 567 613 599
f 586 612 614
f 571 602 615
f 571 616 587
f 587 617 573
f 587 573 539
f 573 617 588
f 589 588 618
f 589 618 603
f 588 617 618
f 589 603 590
f 604 591 575
f 592 619 605
f 592 605 593
f 592 591 619
f 591 604 619
f 606 605 620
f 606 620 608
f 607 610 596
f 607 596 581
f 608 621 597
f 597 621 607
f 609 610 622
f 585 609 598
f 584 598 623
f 584 623 611
f 611 624 584
f 598 609 622
f 613 612 599
f 586 614 600
f 600 614 601
f 615 616 571
f 601 614 625
f 601 625 602
f 616 615 626
f 616 626 618
f 616 618 617
f 616 617 587
f 618 626 627
f 603 618 627
f 603 627 604
f 604 627 619
f 619 628 605
f 608 629 621
f 608 620 629
f 621 629 630
f 607 621 610
f 621 630 610
f 623 631 611
f 623 632 631
f 611 631 624
f 598 633 623
f 614 634 635
f 602 625 636
f 602 636 615
f 614 637 625
f 615 638 626
f 626 638 627
f 619 627 628
f 628 639 605
f 605 639 620
f 629 620 639
f 630 622 610
f 623 633 640
f 623 640 632
f 631 634 624
f 622 630 641
f 598 622 633
f 633 622 641
f 633 641 642
f 633 642 640
f 612 613 634
f 612 634 614
f 635 637 614
f 615 643 638
f 615 636 643
f 637 644 636
f 637 636 625
f 638 643 645
f 638 645 628
f 638 628 627
f 628 645 639
f 639 645 629
f 632 640 635
f 631 632 634
f 632 635 634
f 624 634 613
f 642 644 640
f 640 644 637
f 643 636 644
f 643 642 645
f 637 635 640
f 629 645 642
f 629 642 641
f 629 641 630
f 643 644 642

o geometry_5
v 0.02792714 0.00525360 0.03798391
v 0.02771701 0.00507177 0.03816035
v 0.02834740 0.00524618 0.03798391
v 0.01997340 0.00511259 0.03379985
v 0.01997340 0.00511259 0.03441297
v 0.02471453 0.00511259 0.03704628
v 0.02681955 0.00505268 0.03801636
v 0.02853041 0.00415626 0.03892848
v 0.02877714 0.00519953 0.03798391
v 0.01997340 -0.00557776 0.03353204
v 0.02966782 0.00502035 0.03798391
v 0.03206737 0.00428136 0.03798328
v 0.03225987 0.00416845 0.03798328
v 0.03272487 0.00369399 0.03798328
v 0.03321969 0.00293910 0.03798328
v 0.03362910 0.00177497 0.03798328
v 0.03379856 0.00058220 0.03798328
v 0.01997340 0.00430999 0.03477970
v 0.02179203 0.00484488 0.03559257
v 0.02619120 0.00482208 0.03789947
v 0.02950107 0.00460049 0.03853527
v 0.01997340 -0.00557776 0.03417477
v 0.03382025 -0.00004016 0.03798328
v 0.03373620 -0.00123716 0.03799399
v 0.03360199 -0.00199099 0.03799399
v 0.03320478 -0.00306607 0.03799399
v 0.03274927 -0.00373826 0.03799399
v 0.03222733 -0.00427262 0.03799399
v 0.02758957 -0.00557776 0.03691584
v 0.03279943 0.00296455 0.03854851
v 0.03363317 0.00176755 0.03815468
v 0.03375518 0.00058220 0.03829394
v 0.02514529 0.00463707 0.03748075
v 0.02771430 0.00373322 0.03892532
v 0.02861785 0.00298416 0.03937713
v 0.02939669 0.00309284 0.03942502
v 0.02940618 0.00415095 0.03892532
v 0.01997340 -0.00505719 0.03448543
v 0.03376602 -0.00046743 0.03829456
v 0.03363181 -0.00186376 0.03815594
v 0.03279943 -0.00305759 0.03854851
v 0.03240493 -0.00346896 0.03853969
v 0.03174471 -0.00447194 0.03799399
v 0.02758957 -0.00557776 0.03769846
v 0.03240899 0.00337592 0.03854094
v 0.03021602 0.00385767 0.03893800
v 0.03315597 0.00243655 0.03848297
v 0.03360876 0.00087907 0.03852708
v 0.03364401 0.00016235 0.03857434
v 0.02218586 0.00426758 0.03602673
v 0.02553234 0.00383712 0.03791869
v 0.02679786 0.00384455 0.03854031
v 0.03002572 0.00306845 0.03942187
v 0.02098337 -0.00531165 0.03494731
v 0.03361148 -0.00097740 0.03853023
v 0.03315733 -0.00253065 0.03848486
v 0.03198874 -0.00428852 0.03811498
v 0.02919944 -0.00491777 0.03836073
v 0.02885950 -0.00484382 0.03845998
v 0.03272893 0.00228759 0.03892942
v 0.03056392 0.00294123 0.03936893
v 0.03315326 0.00157140 0.03890579
v 0.01997340 0.00309920 0.03508846
v 0.02811151 0.00253516 0.03935318
v 0.02914250 0.00147227 0.03977190
v 0.02981627 0.00176648 0.03979207
v 0.02427292 -0.00557776 0.03661464
v 0.03326578 -0.00046743 0.03901669
v 0.03315190 -0.00166444 0.03890453
v 0.03272351 -0.00238010 0.03892848
v 0.03056324 -0.00303532 0.03936893
v 0.03028465 -0.00393679 0.03892556
v 0.02949836 -0.00469565 0.03853527
v 0.03292280 0.00142085 0.03905450
v 0.03068458 0.00166364 0.03977159
v 0.03326578 0.00037228 0.03901606
v 0.02257697 0.00330913 0.03646089
v 0.02725065 0.00297091 0.03894423
v 0.02960682 0.00121145 0.03986359
v 0.02179407 -0.00493738 0.03559099
v 0.03292144 -0.00151653 0.03905261
v 0.03068187 -0.00175880 0.03977159
v 0.03002572 -0.00316255 0.03942187
v 0.02940347 -0.00424611 0.03892532
v 0.02750688 -0.00515791 0.03814711
v 0.03111975 0.00088225 0.03977663
v 0.03296347 0.00037228 0.03916761
v 0.03296347 -0.00025750 0.03918305
v 0.02634913 0.00267935 0.03855922
v 0.02788003 0.00138268 0.03940359
v 0.03044598 0.00079160 0.03991400
v 0.02586922 -0.00557776 0.03734748
v 0.02596276 -0.00513565 0.03769846
v 0.02533983 -0.00494799 0.03748989
v 0.02178119 -0.00433729 0.03580933
v 0.01997340 -0.00405315 0.03487611
v 0.03111975 -0.00097422 0.03977663
v 0.02939533 -0.00318799 0.03942502
v 0.02853177 -0.00425035 0.03892848
v 0.03086454 0.00026731 0.03989383
v 0.03122956 -0.00004758 0.03980751
v 0.02225364 0.00249381 0.03640921
v 0.02881646 -0.00004758 0.03980530
v 0.02950107 -0.00004758 0.03992959
v 0.02686971 -0.00508688 0.03808599
v 0.02512360 -0.00396303 0.03770287
v 0.03044598 -0.00088728 0.03991841
v 0.02960546 -0.00130661 0.03986611
v 0.02981559 -0.00186164 0.03979238
v 0.03044598 -0.00004758 0.03996630
v 0.01997340 0.00100099 0.03528947
v 0.02620543 0.00145690 0.03860207
v 0.02679786 -0.00452124 0.03832449
v 0.02679650 -0.00394182 0.03854031
v 0.02237260 -0.00338361 0.03635329
v 0.02861718 -0.00308091 0.03937713
v 0.02765736 -0.00025750 0.03937272
v 0.02771294 -0.00382944 0.03892532
v 0.01997340 -0.00277556 0.03514517
v 0.02914114 -0.00156849 0.03977222
v 0.02722286 -0.00292241 0.03895683
v 0.02635184 -0.00277556 0.03855922
v 0.02306094 -0.00250573 0.03684527
v 0.02810880 -0.00263243 0.03935381
v 0.02435222 0.00008495 0.03766758
v 0.02770481 -0.00137075 0.03934877
v 0.01997340 -0.00188497 0.03524284
v 0.02624152 -0.00128805 0.03863121
v 0.01997340 -0.00109509 0.03528695
f 646 647 648
f 646 648 649
f 646 649 650
f 646 650 651
f 646 651 652
f 646 652 647
f 647 653 648
f 648 654 649
f 649 655 667
f 649 667 683
f 649 683 741
f 649 741 764
f 649 764 772
f 649 772 774
f 649 774 756
f 649 756 708
f 649 708 663
f 649 663 650
f 649 654 656
f 649 656 657
f 649 657 658
f 649 658 659
f 649 659 660
f 649 660 661
f 649 661 662
f 649 662 655
f 650 664 651
f 651 665 652
f 647 652 653
f 648 653 666
f 648 666 656
f 648 656 654
f 655 662 668
f 655 668 669
f 655 669 670
f 655 670 671
f 655 671 672
f 655 672 673
f 655 673 674
f 655 674 689
f 655 689 737
f 655 737 712
f 655 712 667
f 659 675 660
f 660 676 661
f 661 676 662
f 662 676 677
f 663 664 650
f 651 678 665
f 652 679 653
f 653 680 681
f 653 682 666
f 662 677 668
f 668 677 684
f 669 668 684
f 669 684 685
f 669 685 670
f 670 685 671
f 671 686 672
f 672 687 673
f 673 688 674
f 674 688 689
f 656 666 657
f 658 657 690
f 657 691 690
f 657 666 691
f 658 675 659
f 658 690 675
f 675 692 660
f 660 692 676
f 677 676 693
f 677 693 694
f 664 663 695
f 664 695 678
f 664 678 651
f 678 695 696
f 678 696 697
f 678 697 665
f 665 697 679
f 665 679 652
f 679 680 653
f 681 682 653
f 681 698 682
f 682 691 666
f 667 699 683
f 677 694 684
f 684 694 700
f 684 700 685
f 685 701 671
f 671 701 686
f 686 687 672
f 673 687 702
f 673 702 688
f 689 688 703
f 689 703 704
f 688 702 703
f 690 705 675
f 690 691 706
f 690 706 705
f 692 675 707
f 676 692 707
f 676 707 693
f 695 663 708
f 679 709 680
f 680 709 710
f 680 710 681
f 681 710 711
f 681 711 698
f 682 698 691
f 667 712 699
f 700 694 713
f 700 713 714
f 700 714 685
f 685 714 701
f 701 714 686
f 686 715 687
f 687 715 716
f 687 716 717
f 687 717 702
f 702 717 718
f 702 718 703
f 703 718 704
f 706 691 698
f 705 719 707
f 705 707 675
f 705 720 719
f 707 719 721
f 707 721 693
f 693 721 694
f 695 708 722
f 695 722 696
f 697 723 679
f 709 679 723
f 710 724 711
f 711 724 720
f 711 720 698
f 698 720 706
f 699 712 725
f 699 725 683
f 714 713 726
f 714 715 686
f 715 714 726
f 715 726 727
f 716 727 728
f 716 728 717
f 718 729 704
f 718 717 729
f 704 730 689
f 706 720 705
f 719 720 731
f 719 732 721
f 719 731 732
f 721 732 733
f 721 733 713
f 721 713 694
f 713 733 726
f 696 734 697
f 697 734 723
f 696 722 734
f 709 735 710
f 724 736 720
f 712 737 738
f 712 738 739
f 725 740 741
f 725 741 683
f 726 733 742
f 726 742 727
f 715 727 716
f 728 743 729
f 728 729 717
f 729 744 704
f 720 736 745
f 731 720 745
f 732 731 746
f 731 745 746
f 732 746 733
f 733 746 742
f 722 708 747
f 722 747 734
f 723 735 709
f 735 748 710
f 710 748 749
f 710 749 724
f 724 749 736
f 712 739 725
f 737 750 738
f 725 739 740
f 740 739 751
f 727 742 752
f 727 752 753
f 727 753 754
f 727 754 728
f 728 754 743
f 743 744 729
f 704 744 730
f 730 750 689
f 730 744 750
f 745 736 755
f 746 745 742
f 723 734 757
f 723 757 735
f 749 755 736
f 738 750 758
f 738 758 739
f 750 744 758
f 739 758 759
f 739 759 751
f 740 760 741
f 743 761 744
f 750 737 689
f 745 755 742
f 708 756 747
f 747 756 757
f 747 757 734
f 748 735 762
f 755 749 753
f 758 744 763
f 758 763 759
f 751 760 740
f 741 760 764
f 742 755 752
f 752 755 753
f 753 765 754
f 754 765 743
f 743 765 761
f 761 763 744
f 753 749 765
f 759 763 766
f 751 759 767
f 751 767 760
f 759 766 767
f 760 767 768
f 760 768 764
f 765 769 761
f 761 769 763
f 757 762 735
f 757 770 762
f 748 762 771
f 749 748 765
f 766 763 769
f 764 768 772
f 756 770 757
f 762 773 771
f 748 771 765
f 765 771 769
f 768 767 773
f 768 773 772
f 756 774 770
f 770 773 762
f 771 767 766
f 771 766 769
f 767 771 773
f 770 774 772
f 772 773 770

o geometry_6
v 0.00629846 0.00142046 0.00965420
v 0.00623822 0.00184070 0.00965420
v 0.00629846 -0.00124612 0.00965420
v -0.00179312 -0.00304727 -0.00086875
v -0.00179397 -0.00004812 -0.00086875
v 0.00604391 0.00222089 0.00965420
v -0.00195773 0.00321556 0.00015933
v 0.00565782 -0.00124612 0.00965420
v 0.00501209 -0.00206544 0.00846850
v 0.00502143 -0.00205183 0.00846850
v -0.00086482 -0.00450602 0.00280166
v -0.00225047 -0.00304727 -0.00086875
v -0.00225047 -0.00004812 -0.00086875
v 0.00593529 0.00235164 0.00965420
v -0.00236418 0.00321556 0.00015933
v -0.00108375 0.00321556 0.00261109
v 0.00483560 0.00278020 0.00965420
v 0.00525732 0.00270537 0.00965420
v 0.00564255 0.00257008 0.00965420
v 0.00576644 0.00248543 0.00965420
v 0.00582753 0.00240833 0.00959343
v 0.00398877 0.00241438 0.00965420
v -0.00184912 -0.00288249 0.00457970
v 0.00422890 -0.00206544 0.00846850
v -0.00145880 -0.00450602 0.00336412
v -0.00107102 -0.00450602 0.00331365
v -0.00088604 -0.00450602 0.00308907
v -0.00085125 -0.00450602 0.00302417
v -0.00085125 -0.00450602 0.00296030
v -0.00184912 -0.00450602 0.00280166
v -0.00229120 -0.00304727 -0.00074720
v -0.00229120 -0.00004812 -0.00074720
v -0.00232939 -0.00004812 -0.00053705
v -0.00236672 -0.00004812 -0.00032690
v -0.00236927 -0.00004812 0.00009237
v -0.00236927 -0.00304727 0.00009237
v -0.00233278 0.00184070 0.00051267
v -0.00233278 0.00321556 0.00051267
v -0.00102520 0.00321556 0.00280166
v 0.00441558 0.00281043 0.00965420
v 0.00398877 0.00282328 0.00965420
v -0.00184912 -0.00238213 0.00457970
v -0.00233193 -0.00304727 0.00051267
v -0.00184912 -0.00450602 0.00333425
v -0.00236672 -0.00304727 -0.00032690
v -0.00231836 -0.00304727 -0.00059886
v -0.00203834 0.00309992 0.00280166
v -0.00203495 0.00321556 0.00280166
v 0.00399640 0.00282404 0.00965420
v 0.00292725 0.00281950 0.00846850
f 775 776 780
f 775 780 788
f 775 788 794
f 775 794 793
f 775 793 792
f 775 792 791
f 775 791 814
f 775 814 823
f 775 823 815
f 775 815 796
f 775 796 782
f 775 782 777
f 775 777 778
f 775 778 779
f 775 779 776
f 776 779 781
f 776 781 780
f 777 782 798
f 777 798 783
f 777 783 784
f 777 784 778
f 778 785 804
f 778 804 786
f 778 786 787
f 778 787 779
f 778 784 783
f 778 783 785
f 779 787 789
f 779 789 781
f 780 781 788
f 781 789 812
f 781 812 822
f 781 822 813
f 781 813 790
f 781 790 791
f 781 791 792
f 781 792 793
f 781 793 794
f 781 794 795
f 781 795 788
f 782 796 797
f 782 797 798
f 783 798 799
f 783 799 800
f 783 800 801
f 783 801 802
f 783 802 803
f 783 803 785
f 785 803 802
f 785 802 801
f 785 801 800
f 785 800 799
f 785 799 818
f 785 818 804
f 786 804 805
f 786 805 806
f 786 806 787
f 787 806 789
f 788 795 794
f 789 806 807
f 789 807 808
f 789 808 809
f 789 809 810
f 789 810 811
f 789 811 812
f 790 813 791
f 791 813 814
f 796 815 816
f 796 816 797
f 797 816 812
f 797 812 811
f 797 811 817
f 797 817 818
f 797 818 798
f 798 818 799
f 804 818 810
f 804 810 819
f 804 819 820
f 804 820 805
f 805 820 806
f 806 820 807
f 807 820 819
f 807 819 808
f 808 819 810
f 808 810 809
f 810 817 811
f 810 818 817
f 812 821 822
f 812 816 821
f 813 822 823
f 813 823 814
f 815 823 822
f 815 822 824
f 815 824 816
f 816 824 822
f 816 822 821

o geometry_7
v -0.00394546 0.00366574 0.00847004
v -0.00377038 0.00546664 0.00598376
v -0.00446267 0.00366574 0.00847004
v -0.00382359 -0.00400287 0.00847004
v -0.00378726 0.00571183 0.00530334
v -0.00444866 0.00546664 0.00598376
v -0.00455936 0.00534827 0.00598376
v -0.00492611 0.00487585 0.00598376
v -0.00508545 0.00465179 0.00598376
v -0.00526968 0.00435006 0.00598376
v -0.00468180 0.00366574 0.00802174
v -0.00469525 0.00308763 0.00847004
v -0.00435654 -0.00400287 0.00847004
v -0.00449900 -0.00508510 0.00530334
v -0.00407934 0.00571183 0.00458000
v -0.00451045 0.00571183 0.00530334
v -0.00476019 -0.00003752 0.00285116
v -0.00476019 0.00183948 0.00285226
v -0.00508716 0.00544339 0.00458000
v -0.00544790 0.00500267 0.00458000
v -0.00592135 0.00424067 0.00462786
v -0.00545991 0.00417092 0.00578849
v -0.00508058 0.00366574 0.00715044
v -0.00488663 -0.00397962 0.00734792
v -0.00536808 -0.00434424 0.00588228
v -0.00512064 -0.00468984 0.00598376
v -0.00512721 -0.00508510 0.00530334
v -0.00462116 -0.00342583 0.00847004
v -0.00479423 -0.00508510 0.00458000
v -0.00499820 -0.00321128 0.00288086
v -0.00481854 0.00571183 0.00458000
v -0.00476019 0.00311511 0.00286656
v -0.00523821 -0.00321128 0.00290066
v -0.00565787 -0.00235522 0.00294027
v -0.00565787 0.00183948 0.00293642
v -0.00523821 0.00311511 0.00290177
v -0.00592707 0.00425018 0.00458000
v -0.00631827 0.00339360 0.00458000
v -0.00592564 0.00385809 0.00505526
v -0.00549081 0.00309926 0.00669939
v -0.00503481 0.00290797 0.00787268
v -0.00480052 0.00267968 0.00847004
v -0.00592192 -0.00434213 0.00462621
v -0.00550225 -0.00474268 0.00504481
v -0.00546306 -0.00508510 0.00458000
v -0.00469725 -0.00318169 0.00847004
v -0.00505655 -0.00346599 0.00750028
v -0.00570551 0.00311511 0.00307008
v -0.00570050 -0.00321128 0.00306541
v -0.00565787 -0.00277480 0.00296612
v -0.00599086 -0.00235522 0.00308769
v -0.00601675 -0.00109650 0.00307696
v -0.00600888 0.00183948 0.00307833
v -0.00565787 0.00225905 0.00294082
v -0.00565787 0.00267968 0.00296447
v -0.00600316 0.00311511 0.00338857
v -0.00637419 0.00311511 0.00394248
v -0.00645315 0.00310719 0.00429012
v -0.00635789 0.00308446 0.00471422
v -0.00554287 0.00270293 0.00684186
v -0.00509975 0.00226011 0.00801459
v -0.00493040 0.00184159 0.00847004
v -0.00592363 -0.00395214 0.00505086
v -0.00632099 -0.00348924 0.00458000
v -0.00592478 -0.00435692 0.00458000
v -0.00509689 -0.00319543 0.00758884
v -0.00545963 -0.00343217 0.00662679
v -0.00637620 -0.00321128 0.00394083
v -0.00588988 -0.00321128 0.00320815
v -0.00595195 0.00267968 0.00312564
v -0.00590676 0.00300837 0.00318285
v -0.00595110 -0.00277480 0.00312839
v -0.00621886 -0.00193565 0.00334291
v -0.00622673 -0.00130575 0.00332504
v -0.00622658 0.00121064 0.00332504
v -0.00621886 0.00183948 0.00334291
v -0.00599057 0.00225905 0.00308824
v -0.00654612 0.00267968 0.00429012
v -0.00645572 0.00268074 0.00471037
v -0.00633100 0.00268074 0.00502335
v -0.00587128 0.00248839 0.00618839
v -0.00549767 0.00226011 0.00713284
v -0.00552113 0.00183948 0.00718565
v -0.00506886 0.00176021 0.00819391
v -0.00636161 -0.00318380 0.00471587
v -0.00645794 -0.00320336 0.00428682
v -0.00481997 -0.00256607 0.00847004
v -0.00509288 -0.00235522 0.00799919
v -0.00553257 -0.00277797 0.00683196
v -0.00626649 0.00225905 0.00348263
v -0.00635803 0.00262843 0.00373236
v -0.00635889 -0.00272882 0.00373098
v -0.00620084 -0.00235522 0.00337702
v -0.00636361 -0.00151607 0.00353599
v -0.00636361 0.00142096 0.00353599
v -0.00649406 0.00225905 0.00387042
v -0.00664882 0.00183948 0.00429012
v -0.00654455 0.00205085 0.00471037
v -0.00632342 0.00216235 0.00525136
v -0.00552943 0.00141990 0.00720545
v -0.00645887 -0.00277480 0.00471037
v -0.00655013 -0.00277480 0.00429012
v -0.00492954 -0.00192402 0.00847004
v -0.00510547 -0.00192402 0.00810150
v -0.00552085 -0.00193565 0.00718455
v -0.00549195 -0.00235522 0.00711909
v -0.00633214 -0.00277480 0.00502335
v -0.00649749 -0.00235522 0.00387042
v -0.00654126 -0.00193565 0.00387042
v -0.00656500 -0.00130575 0.00387042
v -0.00656357 0.00142096 0.00387042
v -0.00653840 0.00183948 0.00387042
v -0.00640795 0.00184159 0.00513007
v -0.00495586 0.00121011 0.00847004
v -0.00642883 0.00142096 0.00513007
v -0.00553200 0.00100032 0.00721150
v -0.00632528 -0.00226116 0.00525190
v -0.00654913 -0.00214649 0.00471037
v -0.00665340 -0.00193565 0.00429012
v -0.00495300 -0.00153562 0.00847004
v -0.00553000 -0.00151607 0.00720655
v -0.00668458 -0.00151607 0.00429012
v -0.00669259 0.00100032 0.00429012
v -0.00668572 0.00142096 0.00429012
v -0.00660191 0.00142096 0.00471037
v -0.00641131 -0.00130628 0.00517297
v -0.00553172 -0.00109650 0.00721095
v -0.00641081 -0.00193670 0.00512952
v -0.00660448 -0.00130628 0.00471037
f 825 826 830
f 825 830 827
f 825 827 836
f 825 836 866
f 825 866 886
f 825 886 938
f 825 938 944
f 825 944 927
f 825 927 911
f 825 911 870
f 825 870 852
f 825 852 837
f 825 837 828
f 825 828 826
f 826 829 840
f 826 840 830
f 826 828 829
f 827 830 831
f 827 831 832
f 827 832 833
f 827 833 834
f 827 834 835
f 827 835 836
f 828 837 851
f 828 851 838
f 828 838 829
f 829 839 855
f 829 855 840
f 829 838 841
f 829 841 842
f 829 842 839
f 831 830 843
f 831 843 844
f 831 844 832
f 832 844 833
f 833 845 834
f 834 845 846
f 835 847 836
f 835 834 846
f 835 846 847
f 837 848 849
f 837 849 850
f 837 850 851
f 837 852 848
f 838 851 869
f 838 869 853
f 838 853 854
f 838 854 841
f 839 842 856
f 839 856 855
f 840 843 830
f 841 854 857
f 841 857 858
f 841 858 859
f 841 859 842
f 842 859 860
f 842 860 856
f 833 844 845
f 845 861 862
f 845 844 861
f 846 845 863
f 847 864 865
f 847 865 836
f 836 865 866
f 849 867 868
f 849 868 850
f 850 868 869
f 850 869 851
f 852 870 871
f 852 871 848
f 853 869 854
f 854 869 857
f 855 856 860
f 855 860 872
f 855 872 843
f 843 840 855
f 857 873 874
f 857 874 858
f 857 869 873
f 858 875 876
f 858 876 859
f 859 876 877
f 859 877 878
f 859 878 860
f 860 878 879
f 860 879 872
f 844 843 880
f 844 880 881
f 844 881 861
f 861 881 882
f 861 882 862
f 862 863 845
f 847 862 864
f 847 846 863
f 847 863 862
f 865 883 884
f 865 864 883
f 866 865 885
f 866 885 886
f 848 887 849
f 849 887 867
f 867 888 889
f 867 889 869
f 867 869 868
f 871 870 890
f 871 890 891
f 848 871 887
f 869 892 893
f 869 893 873
f 872 879 894
f 872 894 895
f 872 895 843
f 843 895 880
f 874 873 896
f 874 896 875
f 874 875 858
f 875 897 898
f 875 898 876
f 876 898 899
f 877 876 899
f 877 900 901
f 877 901 878
f 877 899 900
f 878 901 879
f 879 901 894
f 880 895 881
f 881 902 882
f 862 882 903
f 862 903 883
f 862 883 864
f 883 904 884
f 884 904 905
f 884 905 906
f 884 906 885
f 884 885 865
f 885 906 907
f 885 907 908
f 885 908 886
f 887 871 891
f 887 888 867
f 887 891 888
f 888 891 909
f 888 909 910
f 888 910 889
f 889 910 892
f 889 892 869
f 870 911 912
f 870 912 890
f 891 890 909
f 873 893 896
f 894 901 914
f 894 914 915
f 894 915 895
f 895 915 881
f 896 893 916
f 896 916 917
f 896 917 875
f 875 917 897
f 897 918 898
f 898 918 919
f 898 919 899
f 900 914 901
f 900 899 919
f 881 915 920
f 881 920 902
f 902 920 921
f 902 921 922
f 902 922 903
f 902 903 882
f 903 922 923
f 903 923 904
f 903 904 883
f 904 923 905
f 905 923 906
f 906 923 907
f 907 924 908
f 909 925 910
f 910 925 926
f 910 926 892
f 912 911 927
f 912 927 928
f 912 928 929
f 912 929 930
f 912 930 913
f 912 913 890
f 890 913 909
f 909 913 931
f 909 931 925
f 892 926 932
f 892 932 916
f 892 916 893
f 915 914 920
f 916 932 917
f 917 932 897
f 897 932 933
f 897 933 934
f 897 934 918
f 918 934 919
f 919 934 935
f 919 935 900
f 900 936 914
f 900 935 936
f 920 914 936
f 920 936 921
f 923 922 937
f 923 937 907
f 908 924 938
f 908 938 886
f 907 937 939
f 907 939 924
f 924 939 940
f 924 940 938
f 925 931 941
f 925 941 942
f 926 925 942
f 926 942 943
f 926 943 932
f 927 944 928
f 929 941 930
f 929 928 945
f 913 930 931
f 931 930 941
f 932 943 933
f 933 943 946
f 933 946 934
f 934 946 947
f 934 947 935
f 935 948 936
f 935 947 948
f 936 948 921
f 921 948 922
f 922 948 949
f 922 949 937
f 937 949 939
f 940 950 951
f 940 939 950
f 940 951 938
f 941 952 942
f 928 944 945
f 929 952 941
f 929 945 952
f 945 944 951
f 943 942 946
f 946 942 953
f 946 953 947
f 947 953 949
f 947 949 948
f 949 953 939
f 951 950 945
f 952 950 953
f 952 953 942
f 945 950 952
f 951 944 938
f 953 950 939

o geometry_8
v 0.00242210 -0.00706711 0.01555020
v 0.00242210 -0.00661906 0.01555020
v 0.00280267 -0.00724001 0.01555020
v 0.00282524 -0.00723277 0.01562543
v 0.00290909 -0.00720135 0.01590342
v 0.00242210 -0.00702084 0.01572405
v 0.00242210 -0.00661906 0.01702601
v 0.01280547 -0.00583168 0.01555020
v 0.00307358 -0.00732665 0.01555020
v 0.00357831 -0.00731522 0.01646451
v 0.00328644 -0.00721716 0.01646451
v 0.00396694 -0.00727104 0.01733163
v 0.00408628 -0.00723201 0.01772311
v 0.00372022 -0.00721240 0.01720964
v 0.00335578 -0.00718974 0.01669701
v 0.00273171 -0.00685251 0.01687001
v 0.00242210 -0.00689916 0.01617589
v 0.00242210 -0.00693210 0.01605432
v 0.00242210 -0.00664191 0.01696608
v 0.00285104 -0.00661906 0.01774394
v 0.01379720 -0.00583168 0.01762067
v 0.01361821 -0.00583168 0.01555020
v 0.00315904 -0.00734969 0.01555020
v 0.00315904 -0.00733959 0.01562543
v 0.00441847 -0.00733750 0.01772311
v 0.00417013 -0.00720021 0.01799303
v 0.00440879 -0.00724972 0.01813670
v 0.00322355 -0.00684222 0.01772311
v 0.00242210 -0.00682166 0.01645685
v 0.00242210 -0.00670379 0.01679605
v 0.00301391 -0.00672797 0.01772311
v 0.00310260 -0.00661906 0.01815370
v 0.01415036 -0.00583168 0.01814265
v 0.00361379 -0.00661906 0.01895324
v 0.00362669 -0.00661906 0.01897237
v 0.01361176 -0.00583796 0.01555020
v 0.01478733 -0.00583168 0.01617291
v 0.00416529 -0.00761227 0.01555020
v 0.00459907 -0.00761132 0.01630298
v 0.00504737 -0.00760427 0.01709572
v 0.00541987 -0.00761608 0.01758709
v 0.00588752 -0.00760427 0.01835433
v 0.00525862 -0.00733598 0.01898299
v 0.00480226 -0.00727580 0.01859746
v 0.00400403 -0.00683613 0.01895494
v 0.00369442 -0.00681385 0.01856303
v 0.00355574 -0.00687174 0.01815582
v 0.00454263 -0.00721754 0.01848057
v 0.00501189 -0.00719907 0.01924568
v 0.00492159 -0.00723144 0.01898299
v 0.00331385 -0.00679481 0.01802533
v 0.00286556 -0.00680985 0.01723302
v 0.00242210 -0.00681918 0.01646451
v 0.00250273 -0.00677958 0.01671997
v 0.00295102 -0.00676377 0.01751356
v 0.00316872 -0.00665790 0.01815582
v 0.00348478 -0.00669160 0.01856303
v 0.01728198 -0.00583168 0.01989263
v 0.00426366 -0.00661906 0.01989263
v 0.00377344 -0.00677310 0.01879639
v 0.00386696 -0.00672093 0.01907608
v 0.01347791 -0.00595164 0.01555020
v 0.01868976 -0.00583168 0.01970347
v 0.01883005 -0.00590194 0.01989263
v 0.01867363 -0.00601810 0.01989263
v 0.01471960 -0.00593603 0.01623880
v 0.01222333 -0.00678681 0.01555020
v 0.01237653 -0.00669389 0.01555020
v 0.01273452 -0.00647377 0.01555020
v 0.01279096 -0.00643835 0.01555020
v 0.01297963 -0.00631305 0.01555020
v 0.01309090 -0.00623422 0.01555020
v 0.01319733 -0.00615786 0.01555020
v 0.00422818 -0.00762712 0.01555020
v 0.00498448 -0.00762008 0.01688446
v 0.00527152 -0.00762731 0.01726319
v 0.00566337 -0.00764274 0.01772481
v 0.00581657 -0.00762103 0.01814307
v 0.00626486 -0.00761418 0.01883040
v 0.00567789 -0.00736225 0.01940295
v 0.00570853 -0.00727257 0.01989263
v 0.00565209 -0.00726666 0.01984247
v 0.00525378 -0.00724572 0.01939190
v 0.00439589 -0.00687212 0.01941528
v 0.00454263 -0.00680928 0.01982249
v 0.00414755 -0.00679691 0.01928351
v 0.00484096 -0.00691649 0.01989263
v 0.00539246 -0.00721335 0.01971537
v 0.01889617 -0.00583168 0.01989263
v 0.00435557 -0.00667351 0.01989263
v 0.00456844 -0.00679633 0.01989263
v 0.01836079 -0.00621728 0.01989263
v 0.01508565 -0.00631934 0.01712888
v 0.01480506 -0.00640008 0.01700561
v 0.01200725 -0.00688964 0.01555020
v 0.01514371 -0.00677748 0.01791056
v 0.00432171 -0.00764293 0.01555020
v 0.00452490 -0.00762789 0.01604497
v 0.00482967 -0.00763855 0.01645133
v 0.00525862 -0.00766483 0.01688446
v 0.00609716 -0.00766578 0.01814307
v 0.00611328 -0.00762598 0.01852180
v 0.00664866 -0.00762255 0.01929839
v 0.00708244 -0.00761798 0.01989263
v 0.00609716 -0.00737349 0.01989263
v 0.00566982 -0.00726057 0.01989263
v 0.00460069 -0.00681176 0.01989263
v 0.00490869 -0.00694524 0.01989263
v 0.00545696 -0.00717717 0.01989263
v 0.01822211 -0.00630030 0.01989263
v 0.01702719 -0.00666038 0.01939318
v 0.01689980 -0.00681595 0.01952750
v 0.01136705 -0.00718726 0.01555020
v 0.01531464 -0.00705473 0.01858173
v 0.01516467 -0.00720097 0.01873476
v 0.01665953 -0.00712442 0.01989263
v 0.00439911 -0.00765454 0.01555020
v 0.00439428 -0.00764617 0.01563989
v 0.00525862 -0.00769682 0.01646451
v 0.00567789 -0.00768349 0.01730443
v 0.00483935 -0.00767644 0.01604497
v 0.00651643 -0.00768082 0.01856303
v 0.00691151 -0.00764845 0.01942421
v 0.00651159 -0.00763855 0.01897534
v 0.00609716 -0.00769910 0.01772311
v 0.00705664 -0.00762351 0.01982249
v 0.00711469 -0.00762389 0.01989263
v 0.01115903 -0.00727333 0.01555020
v 0.01645312 -0.00720935 0.01989263
v 0.01636120 -0.00724439 0.01989263
v 0.01626283 -0.00728152 0.01989263
v 0.01574036 -0.00747593 0.01989263
v 0.01568069 -0.00749707 0.01989263
v 0.00476356 -0.00770139 0.01555020
v 0.00483935 -0.00770462 0.01562543
v 0.00525862 -0.00771814 0.01604497
v 0.00567789 -0.00771015 0.01688446
v 0.00693731 -0.00769282 0.01898299
v 0.00735658 -0.00766883 0.01982249
v 0.00609716 -0.00772100 0.01730443
v 0.00651643 -0.00773166 0.01772311
v 0.00651643 -0.00770957 0.01814307
v 0.00736142 -0.00766083 0.01989263
v 0.01111872 -0.00728666 0.01555020
v 0.01539688 -0.00754715 0.01989263
v 0.00981253 -0.00764350 0.01555020
v 0.00987058 -0.00763322 0.01555020
v 0.01071396 -0.00740243 0.01555020
v 0.00483935 -0.00770824 0.01555020
v 0.00518444 -0.00773604 0.01555020
v 0.00525862 -0.00773833 0.01562543
v 0.00567789 -0.00773109 0.01646451
v 0.00609716 -0.00774233 0.01688446
v 0.00735658 -0.00770291 0.01940295
v 0.00777746 -0.00770386 0.01989263
v 0.00742753 -0.00766997 0.01989263
v 0.00651643 -0.00775242 0.01730443
v 0.00693731 -0.00774137 0.01814307
v 0.00693731 -0.00771833 0.01856303
v 0.01162345 -0.00775775 0.01989263
v 0.00896270 -0.00774785 0.01555020
v 0.00903688 -0.00774271 0.01555020
v 0.00938197 -0.00770919 0.01555020
v 0.00945615 -0.00769986 0.01555020
v 0.00525862 -0.00774156 0.01555020
v 0.00567789 -0.00775128 0.01604497
v 0.00735658 -0.00774918 0.01856303
v 0.00777746 -0.00773376 0.01940295
v 0.00777746 -0.00770938 0.01982249
v 0.00784680 -0.00771015 0.01989263
v 0.00693731 -0.00776023 0.01772311
v 0.00609716 -0.00776023 0.01646451
v 0.01155411 -0.00776023 0.01989263
v 0.00854182 -0.00776803 0.01555020
v 0.00861600 -0.00776537 0.01555020
v 0.00560371 -0.00776422 0.01555020
v 0.00567789 -0.00776594 0.01562543
v 0.00735658 -0.00776670 0.01814307
v 0.00777746 -0.00775527 0.01898299
v 0.00819673 -0.00773928 0.01982249
v 0.00819673 -0.00773509 0.01989263
v 0.00651643 -0.00776765 0.01688446
v 0.01120418 -0.00777203 0.01989263
v 0.00819673 -0.00777584 0.01555020
v 0.00567789 -0.00776746 0.01555020
v 0.00609716 -0.00777203 0.01604497
v 0.00777746 -0.00777070 0.01856303
v 0.00819673 -0.00776042 0.01940295
v 0.00693731 -0.00777222 0.01730443
v 0.00861600 -0.00776061 0.01989263
v 0.00826607 -0.00773985 0.01989263
v 0.01113484 -0.00777298 0.01989263
v 0.00819673 -0.00777641 0.01562543
v 0.00812255 -0.00777660 0.01555020
v 0.00602298 -0.00777641 0.01555020
v 0.00609716 -0.00777698 0.01562543
v 0.00651643 -0.00777489 0.01646451
v 0.00819673 -0.00777260 0.01898299
v 0.00868534 -0.00776460 0.01989263
v 0.00861600 -0.00776403 0.01982249
v 0.00735658 -0.00777470 0.01772311
v 0.01078491 -0.00777622 0.01989263
v 0.01029630 -0.00777641 0.01940295
v 0.00871920 -0.00777660 0.01698733
v 0.00609716 -0.00777698 0.01555020
v 0.01036564 -0.00777641 0.01989263
v 0.00871920 -0.00777660 0.01908543
v 0.00819673 -0.00777660 0.01856303
v 0.00693731 -0.00777679 0.01688446
v 0.00777746 -0.00777660 0.01814307
v 0.00861600 -0.00777413 0.01940295
v 0.00903688 -0.00777374 0.01989263
v 0.00945615 -0.00777641 0.01989263
v 0.00910622 -0.00777527 0.01989263
f 954 955 961
f 954 961 975
f 954 975 989
f 954 989 1015
f 954 1015 1026
f 954 1026 1025
f 954 1025 1024
f 954 1024 1023
f 954 1023 1022
f 954 1022 1021
f 954 1021 1020
f 954 1020 1048
f 954 1048 1066
f 954 1066 1081
f 954 1081 1097
f 954 1097 1101
f 954 1101 1100
f 954 1100 1099
f 954 1099 1117
f 954 1117 1116
f 954 1116 1115
f 954 1115 1114
f 954 1114 1128
f 954 1128 1127
f 954 1127 1137
f 954 1137 1147
f 954 1147 1158
f 954 1158 1148
f 954 1148 1138
f 954 1138 1129
f 954 1129 1118
f 954 1118 1103
f 954 1103 1102
f 954 1102 1087
f 954 1087 1070
f 954 1070 1050
f 954 1050 1027
f 954 1027 991
f 954 991 976
f 954 976 962
f 954 962 956
f 954 956 957
f 954 957 958
f 954 958 959
f 954 959 971
f 954 971 970
f 954 970 982
f 954 982 1006
f 954 1006 983
f 954 983 972
f 954 972 960
f 954 960 955
f 955 960 961
f 956 962 963
f 956 963 957
f 957 964 958
f 957 963 965
f 957 965 966
f 957 966 967
f 957 967 964
f 958 964 967
f 958 967 968
f 958 968 969
f 958 969 970
f 958 970 971
f 958 971 959
f 960 972 973
f 960 973 974
f 960 974 961
f 961 974 986
f 961 986 1011
f 961 1011 1042
f 961 1042 1016
f 961 1016 990
f 961 990 975
f 962 976 977
f 962 977 963
f 963 978 965
f 963 977 978
f 965 978 966
f 966 979 967
f 966 978 980
f 966 980 979
f 967 979 968
f 968 981 969
f 968 979 981
f 969 982 970
f 969 981 982
f 972 983 984
f 972 984 973
f 973 984 985
f 973 985 974
f 974 985 987
f 974 987 988
f 974 988 986
f 975 990 989
f 976 991 977
f 977 991 992
f 977 992 993
f 977 993 978
f 978 993 994
f 978 994 995
f 978 995 996
f 978 996 997
f 978 997 980
f 979 998 999
f 979 999 1000
f 979 1000 981
f 979 980 1001
f 979 1001 1002
f 979 1002 998
f 980 997 1003
f 980 1003 1001
f 981 1000 1004
f 981 1004 1005
f 981 1005 982
f 982 1005 1006
f 983 1006 1007
f 983 1007 984
f 984 1007 1008
f 984 1008 1004
f 984 1004 985
f 985 1004 1009
f 985 1009 1010
f 985 1010 987
f 986 988 1012
f 986 1012 1011
f 987 1010 1013
f 987 1013 1014
f 987 1014 988
f 988 1014 1012
f 989 990 1015
f 990 1016 1017
f 990 1017 1018
f 990 1018 1019
f 990 1019 1020
f 990 1020 1021
f 990 1021 1022
f 990 1022 1023
f 990 1023 1024
f 990 1024 1025
f 990 1025 1026
f 990 1026 1015
f 991 1027 992
f 992 1027 1028
f 992 1028 993
f 993 1028 994
f 994 1028 1029
f 994 1029 1030
f 994 1030 1031
f 994 1031 995
f 995 1031 1032
f 995 1032 996
f 996 1032 1033
f 996 1033 1034
f 996 1034 1035
f 996 1035 1036
f 996 1036 1003
f 996 1003 997
f 998 1002 1037
f 998 1037 1038
f 998 1038 1039
f 998 1039 999
f 999 1039 1013
f 999 1013 1004
f 999 1004 1000
f 1001 1003 1002
f 1002 1040 1038
f 1002 1038 1037
f 1002 1003 1036
f 1002 1036 1041
f 1002 1041 1040
f 1004 1008 1007
f 1004 1007 1005
f 1004 1013 1010
f 1004 1010 1009
f 1005 1007 1006
f 1011 1012 1043
f 1011 1043 1044
f 1011 1044 1060
f 1011 1060 1040
f 1011 1040 1061
f 1011 1061 1062
f 1011 1062 1059
f 1011 1059 1034
f 1011 1034 1058
f 1011 1058 1057
f 1011 1057 1080
f 1011 1080 1096
f 1011 1096 1109
f 1011 1109 1108
f 1011 1108 1123
f 1011 1123 1134
f 1011 1134 1144
f 1011 1144 1143
f 1011 1143 1152
f 1011 1152 1165
f 1011 1165 1167
f 1011 1167 1166
f 1011 1166 1159
f 1011 1159 1155
f 1011 1155 1145
f 1011 1145 1136
f 1011 1136 1126
f 1011 1126 1113
f 1011 1113 1098
f 1011 1098 1086
f 1011 1086 1085
f 1011 1085 1084
f 1011 1084 1083
f 1011 1083 1082
f 1011 1082 1069
f 1011 1069 1063
f 1011 1063 1045
f 1011 1045 1018
f 1011 1018 1017
f 1011 1017 1042
f 1012 1014 1043
f 1013 1039 1014
f 1014 1039 1038
f 1014 1038 1044
f 1014 1044 1043
f 1016 1042 1017
f 1018 1045 1019
f 1019 1045 1046
f 1019 1046 1047
f 1019 1047 1020
f 1020 1047 1049
f 1020 1049 1048
f 1027 1050 1051
f 1027 1051 1028
f 1028 1052 1053
f 1028 1053 1029
f 1028 1051 1052
f 1029 1053 1030
f 1030 1053 1054
f 1030 1054 1031
f 1031 1054 1055
f 1031 1055 1032
f 1032 1055 1056
f 1032 1056 1033
f 1033 1056 1057
f 1033 1057 1058
f 1033 1058 1034
f 1034 1059 1035
f 1035 1059 1036
f 1036 1059 1041
f 1038 1060 1044
f 1038 1040 1060
f 1040 1041 1061
f 1041 1059 1062
f 1041 1062 1061
f 1045 1063 1046
f 1046 1063 1047
f 1047 1063 1064
f 1047 1064 1065
f 1047 1065 1049
f 1048 1049 1066
f 1049 1067 1068
f 1049 1068 1066
f 1049 1065 1069
f 1049 1069 1067
f 1050 1070 1071
f 1050 1071 1052
f 1050 1052 1051
f 1052 1071 1053
f 1053 1072 1073
f 1053 1073 1054
f 1053 1071 1074
f 1053 1074 1072
f 1054 1075 1076
f 1054 1076 1077
f 1054 1077 1055
f 1054 1073 1078
f 1054 1078 1075
f 1055 1077 1056
f 1056 1077 1076
f 1056 1076 1079
f 1056 1079 1057
f 1057 1079 1080
f 1063 1069 1065
f 1063 1065 1064
f 1066 1068 1081
f 1067 1069 1068
f 1068 1069 1082
f 1068 1082 1083
f 1068 1083 1084
f 1068 1084 1085
f 1068 1085 1086
f 1068 1086 1081
f 1070 1087 1074
f 1070 1074 1071
f 1072 1074 1087
f 1072 1087 1088
f 1072 1088 1089
f 1072 1089 1090
f 1072 1090 1078
f 1072 1078 1073
f 1075 1078 1091
f 1075 1091 1092
f 1075 1092 1076
f 1076 1092 1079
f 1078 1090 1093
f 1078 1093 1094
f 1078 1094 1095
f 1078 1095 1091
f 1079 1092 1080
f 1080 1092 1096
f 1081 1086 1097
f 1086 1098 1099
f 1086 1099 1100
f 1086 1100 1101
f 1086 1101 1097
f 1087 1102 1088
f 1088 1102 1103
f 1088 1103 1089
f 1089 1103 1104
f 1089 1104 1119
f 1089 1119 1105
f 1089 1105 1090
f 1090 1105 1106
f 1090 1106 1093
f 1091 1107 1092
f 1091 1095 1107
f 1092 1107 1108
f 1092 1108 1109
f 1092 1109 1096
f 1093 1106 1094
f 1094 1106 1110
f 1094 1110 1111
f 1094 1111 1095
f 1095 1111 1112
f 1095 1112 1107
f 1098 1113 1114
f 1098 1114 1115
f 1098 1115 1116
f 1098 1116 1117
f 1098 1117 1099
f 1103 1118 1104
f 1104 1118 1119
f 1105 1119 1106
f 1106 1119 1110
f 1107 1112 1120
f 1107 1120 1121
f 1107 1121 1122
f 1107 1122 1108
f 1108 1122 1123
f 1110 1124 1120
f 1110 1120 1111
f 1110 1119 1125
f 1110 1125 1124
f 1111 1120 1112
f 1113 1126 1127
f 1113 1127 1128
f 1113 1128 1114
f 1118 1129 1119
f 1119 1129 1130
f 1119 1130 1125
f 1120 1124 1131
f 1120 1131 1132
f 1120 1132 1121
f 1121 1132 1133
f 1121 1133 1122
f 1122 1133 1123
f 1123 1133 1134
f 1124 1125 1135
f 1124 1135 1131
f 1125 1130 1135
f 1126 1136 1127
f 1127 1136 1137
f 1129 1138 1130
f 1130 1138 1139
f 1130 1139 1135
f 1131 1140 1141
f 1131 1141 1132
f 1131 1135 1142
f 1131 1142 1140
f 1132 1141 1133
f 1133 1141 1143
f 1133 1143 1144
f 1133 1144 1134
f 1135 1139 1142
f 1136 1145 1137
f 1137 1146 1147
f 1137 1145 1146
f 1138 1148 1139
f 1139 1148 1149
f 1139 1149 1150
f 1139 1150 1142
f 1140 1151 1152
f 1140 1152 1153
f 1140 1153 1141
f 1140 1142 1154
f 1140 1154 1151
f 1141 1153 1152
f 1141 1152 1143
f 1142 1150 1154
f 1145 1155 1146
f 1146 1155 1147
f 1147 1155 1156
f 1147 1156 1157
f 1147 1157 1158
f 1148 1158 1149
f 1149 1158 1159
f 1149 1159 1160
f 1149 1160 1161
f 1149 1161 1162
f 1149 1162 1150
f 1150 1162 1163
f 1150 1163 1154
f 1151 1154 1163
f 1151 1163 1164
f 1151 1164 1152
f 1152 1164 1165
f 1155 1159 1156
f 1156 1159 1158
f 1156 1158 1157
f 1159 1166 1160
f 1160 1166 1161
f 1161 1163 1162
f 1161 1166 1163
f 1163 1166 1167
f 1163 1167 1164
f 1164 1167 1165

o geometry_9
v 0.00824035 -0.00682806 0.02276447
v 0.00401991 -0.00318014 0.02276587
v 0.00500246 -0.00554449 0.02276447
v 0.00694314 -0.00682806 0.02276447
v 0.00242087 -0.00706674 0.01555098
v 0.00002809 -0.00684152 0.01202889
v 0.00002809 -0.00629042 0.01202889
v -0.00281935 -0.00537607 0.00847182
v -0.00439528 -0.00222094 0.00847043
v -0.00387511 -0.00197629 0.00965845
v 0.00339956 -0.00318014 0.02276587
v -0.00331127 -0.00197629 0.01085766
v 0.00183648 -0.00282735 0.01989167
v 0.00545198 -0.00593464 0.02276447
v 0.00596059 -0.00629440 0.02276447
v 0.00635682 -0.00652785 0.02276447
v 0.00480723 -0.00690280 0.01989167
v 0.00196235 -0.00684102 0.01562514
v 0.00070303 -0.00685659 0.01325330
v 0.00242087 -0.00682059 0.01645634
v -0.00002842 -0.00678471 0.01213104
v -0.00128967 -0.00637263 0.01085906
v -0.00281935 -0.00605224 0.00847043
v -0.00488077 -0.00222094 0.00847043
v -0.00438115 -0.00197629 0.00965845
v 0.00127778 -0.00282735 0.01989167
v -0.00382630 -0.00197629 0.01085766
v 0.00456063 -0.00556791 0.02220894
v 0.00499860 -0.00596055 0.02218655
v 0.00508209 -0.00631682 0.02166740
v 0.00516814 -0.00639979 0.02161073
v 0.00640499 -0.00671396 0.02243143
v 0.00557528 -0.00681336 0.02118744
v 0.00459788 -0.00681112 0.01989167
v 0.00173117 -0.00673937 0.01555098
v 0.00029845 -0.00653233 0.01350552
v -0.00045226 -0.00637363 0.01255644
v -0.00175461 -0.00599792 0.01085906
v -0.00463160 -0.00222094 0.00906933
v 0.00227494 -0.00318219 0.02124533
v 0.00118017 -0.00282735 0.01975174
v 0.00334433 -0.00345070 0.02257976
v -0.00420519 -0.00223290 0.00999708
v -0.00379291 -0.00226977 0.01085067
v -0.00253679 -0.00273019 0.01320852
v -0.00217845 -0.00273019 0.01390818
v -0.00130894 -0.00273019 0.01553559
v 0.00015203 -0.00282735 0.01804946
v 0.00411496 -0.00455515 0.02276587
v 0.00413807 -0.00473976 0.02263153
v 0.00428064 -0.00542191 0.02203262
v 0.00460687 -0.00593962 0.02173597
v 0.00360635 -0.00661729 0.01894573
v 0.00297508 -0.00661729 0.01794871
v 0.00119173 -0.00639904 0.01555378
v 0.00048019 -0.00630636 0.01447910
v -0.00335879 -0.00551658 0.00847043
v -0.00088509 -0.00597251 0.01268657
v -0.00469582 -0.00318462 0.00847043
v 0.00357681 -0.00361613 0.02276587
v 0.00122512 -0.00319758 0.01968177
v 0.00209721 -0.00342778 0.02088658
v 0.00247353 -0.00351199 0.02136515
v 0.00377074 -0.00427486 0.02256996
v -0.00384171 -0.00277703 0.01053162
v -0.00209369 -0.00342131 0.01374866
v -0.00379419 -0.00319708 0.01043227
v -0.00086454 -0.00282735 0.01632340
v -0.00049464 -0.00319758 0.01682016
v 0.00375276 -0.00470538 0.02217815
v 0.00417404 -0.00553701 0.02175276
v 0.00364745 -0.00586413 0.02056194
v 0.00373478 -0.00596603 0.02051996
v 0.00412780 -0.00639555 0.02024150
v 0.00458889 -0.00665840 0.02026319
v 0.00327883 -0.00640203 0.01898351
v 0.00284857 -0.00641100 0.01829155
v -0.00291311 -0.00570294 0.00906723
v -0.00149806 -0.00586015 0.01168746
v 0.00125980 -0.00343127 0.01962859
v 0.00251977 -0.00426191 0.02088238
v 0.00298471 -0.00460921 0.02124061
v -0.00088060 -0.00311511 0.01616948
v -0.00376722 -0.00340686 0.01037770
v -0.00044712 -0.00348857 0.01674040
v -0.00000016 -0.00343177 0.01753381
v 0.00288196 -0.00474275 0.02096075
v 0.00330580 -0.00556691 0.02053535
v 0.00362914 -0.00630511 0.01971150
v 0.00254546 -0.00612860 0.01841678
v 0.00130411 -0.00631832 0.01593859
v -0.00079390 -0.00589005 0.01303920
v 0.00056111 -0.00599194 0.01535437
v -0.00215148 -0.00557389 0.01092623
v -0.00296128 -0.00533272 0.00965845
v 0.00167979 -0.00426789 0.01962719
v 0.00250821 -0.00468943 0.02048078
v -0.00232230 -0.00359521 0.01314345
v -0.00203589 -0.00413634 0.01320992
v -0.00168140 -0.00427187 0.01375985
v -0.00423858 -0.00372924 0.00902246
v -0.00335622 -0.00426340 0.01039589
v -0.00461876 -0.00342778 0.00847043
v -0.00002970 -0.00432619 0.01674460
v -0.00045868 -0.00393254 0.01634439
v 0.00127072 -0.00424372 0.01898281
v 0.00246454 -0.00556990 0.01928576
v 0.00251849 -0.00593165 0.01878620
v -0.00124857 -0.00550263 0.01289647
v 0.00048822 -0.00586825 0.01547472
v 0.00085651 -0.00591870 0.01603654
v -0.00386740 -0.00486632 0.00847043
v 0.00167209 -0.00468894 0.01922139
v 0.00213446 -0.00462665 0.01999382
v -0.00206671 -0.00441961 0.01285309
v -0.00167883 -0.00467797 0.01333586
v -0.00046639 -0.00435558 0.01594419
v -0.00421546 -0.00430725 0.00847043
v -0.00334723 -0.00466402 0.00995790
v 0.00004864 -0.00460522 0.01661306
v 0.00218455 -0.00541543 0.01907167
v 0.00209721 -0.00551608 0.01879040
v 0.00039542 -0.00554449 0.01589801
v -0.00251432 -0.00467324 0.01165108
v -0.00269927 -0.00516131 0.01048754
v -0.00124985 -0.00466651 0.01415726
v -0.00003356 -0.00472282 0.01633180
v 0.00083981 -0.00551708 0.01669282
v -0.00004576 -0.00524427 0.01553594
f 1168 1169 1170
f 1168 1170 1171
f 1168 1171 1172
f 1168 1172 1173
f 1168 1173 1174
f 1168 1174 1175
f 1168 1175 1176
f 1168 1176 1177
f 1168 1177 1169
f 1169 1178 1227
f 1169 1227 1216
f 1169 1216 1170
f 1169 1177 1179
f 1169 1179 1180
f 1169 1180 1193
f 1169 1193 1178
f 1170 1181 1182
f 1170 1182 1183
f 1170 1183 1171
f 1171 1184 1172
f 1172 1185 1186
f 1172 1186 1173
f 1172 1184 1187
f 1172 1187 1185
f 1173 1186 1188
f 1173 1189 1190
f 1173 1190 1175
f 1173 1175 1174
f 1176 1175 1190
f 1176 1190 1224
f 1176 1224 1279
f 1176 1279 1285
f 1176 1285 1270
f 1176 1270 1226
f 1176 1226 1191
f 1176 1191 1192
f 1176 1192 1177
f 1177 1192 1194
f 1177 1194 1179
f 1179 1194 1193
f 1179 1193 1180
f 1181 1170 1196
f 1182 1181 1196
f 1182 1196 1197
f 1183 1182 1198
f 1183 1198 1199
f 1183 1199 1171
f 1184 1171 1200
f 1184 1200 1201
f 1184 1201 1187
f 1185 1202 1186
f 1185 1187 1202
f 1188 1203 1204
f 1188 1204 1189
f 1188 1189 1173
f 1190 1189 1205
f 1191 1206 1192
f 1193 1207 1178
f 1193 1194 1208
f 1193 1208 1207
f 1178 1207 1209
f 1194 1192 1210
f 1194 1210 1211
f 1194 1211 1212
f 1194 1212 1213
f 1194 1213 1214
f 1194 1214 1215
f 1194 1215 1208
f 1170 1216 1217
f 1170 1217 1195
f 1195 1217 1218
f 1170 1195 1196
f 1196 1219 1197
f 1197 1198 1182
f 1198 1200 1199
f 1187 1201 1220
f 1187 1220 1221
f 1187 1221 1202
f 1202 1222 1203
f 1202 1203 1188
f 1202 1188 1186
f 1205 1189 1204
f 1205 1204 1225
f 1191 1226 1206
f 1206 1226 1210
f 1206 1210 1192
f 1178 1209 1227
f 1208 1215 1228
f 1208 1228 1207
f 1209 1207 1230
f 1209 1231 1227
f 1209 1230 1231
f 1207 1229 1230
f 1210 1232 1211
f 1212 1233 1213
f 1212 1211 1232
f 1212 1232 1234
f 1212 1234 1233
f 1214 1235 1215
f 1215 1235 1236
f 1215 1236 1228
f 1216 1237 1217
f 1217 1237 1218
f 1218 1238 1195
f 1195 1238 1196
f 1196 1238 1219
f 1219 1238 1239
f 1219 1239 1240
f 1197 1219 1241
f 1197 1241 1198
f 1198 1242 1200
f 1198 1241 1242
f 1200 1171 1199
f 1200 1242 1201
f 1201 1242 1220
f 1220 1242 1241
f 1220 1241 1243
f 1220 1243 1244
f 1220 1244 1221
f 1221 1244 1202
f 1202 1244 1222
f 1203 1223 1204
f 1203 1222 1223
f 1223 1225 1204
f 1224 1190 1245
f 1190 1205 1245
f 1225 1246 1205
f 1205 1246 1245
f 1210 1234 1232
f 1210 1226 1234
f 1207 1228 1229
f 1229 1248 1230
f 1229 1228 1247
f 1231 1237 1216
f 1231 1216 1227
f 1231 1230 1248
f 1231 1248 1249
f 1231 1249 1237
f 1233 1250 1213
f 1213 1250 1214
f 1234 1251 1233
f 1214 1250 1235
f 1235 1250 1236
f 1236 1250 1252
f 1236 1252 1253
f 1236 1253 1228
f 1237 1254 1238
f 1237 1238 1218
f 1238 1254 1255
f 1239 1238 1255
f 1240 1241 1219
f 1241 1240 1256
f 1241 1256 1243
f 1244 1243 1257
f 1244 1258 1222
f 1225 1223 1260
f 1225 1260 1259
f 1222 1260 1223
f 1245 1261 1262
f 1245 1262 1224
f 1225 1259 1246
f 1226 1251 1234
f 1228 1253 1247
f 1248 1264 1249
f 1248 1229 1263
f 1248 1263 1281
f 1248 1281 1264
f 1247 1263 1229
f 1249 1264 1254
f 1249 1254 1237
f 1233 1266 1267
f 1233 1251 1265
f 1251 1268 1269
f 1251 1226 1270
f 1251 1270 1268
f 1250 1233 1252
f 1252 1271 1253
f 1252 1272 1271
f 1253 1271 1273
f 1255 1274 1239
f 1239 1274 1275
f 1239 1275 1240
f 1240 1275 1256
f 1243 1275 1257
f 1257 1258 1244
f 1259 1276 1246
f 1259 1260 1277
f 1260 1278 1277
f 1222 1258 1278
f 1222 1278 1260
f 1245 1246 1261
f 1261 1246 1276
f 1224 1262 1279
f 1253 1273 1247
f 1247 1273 1263
f 1263 1280 1281
f 1265 1266 1233
f 1267 1266 1282
f 1267 1282 1283
f 1267 1283 1284
f 1267 1284 1272
f 1267 1272 1233
f 1233 1272 1252
f 1251 1269 1266
f 1251 1266 1265
f 1268 1285 1269
f 1270 1285 1268
f 1271 1272 1284
f 1271 1284 1287
f 1271 1287 1273
f 1264 1288 1255
f 1264 1255 1254
f 1255 1288 1274
f 1275 1243 1256
f 1258 1257 1278
f 1259 1277 1290
f 1259 1290 1276
f 1276 1283 1291
f 1276 1291 1292
f 1276 1292 1261
f 1261 1292 1262
f 1262 1292 1286
f 1262 1286 1279
f 1273 1287 1280
f 1273 1280 1263
f 1281 1280 1264
f 1264 1280 1288
f 1266 1269 1282
f 1283 1293 1284
f 1284 1293 1287
f 1285 1286 1269
f 1286 1292 1291
f 1286 1291 1282
f 1286 1282 1269
f 1287 1294 1280
f 1274 1288 1289
f 1274 1289 1275
f 1275 1289 1278
f 1275 1278 1257
f 1277 1278 1290
f 1278 1289 1295
f 1278 1295 1290
f 1290 1296 1276
f 1276 1296 1293
f 1276 1293 1283
f 1283 1282 1291
f 1279 1286 1285
f 1287 1293 1294
f 1294 1293 1296
f 1288 1280 1289
f 1289 1280 1295
f 1290 1294 1296
f 1290 1295 1294
f 1294 1295 1280

o geometry_10
v 0.01997340 0.00623239 0.02131901
v 0.01997340 0.00623239 0.02249386
v 0.01997340 0.00639019 0.02150208
v 0.02037052 0.00634438 0.02161815
v 0.02064669 0.00628111 0.02167382
v 0.02067794 0.00623239 0.02163796
v 0.01997340 0.00695341 0.03095934
v 0.02903666 0.00623239 0.03095934
v 0.02441533 0.00659890 0.03095934
v 0.01997340 0.00676870 0.02199372
v 0.02028686 0.00671998 0.02205506
v 0.02040479 0.00657345 0.02191823
v 0.02227046 0.00625820 0.02254104
v 0.02204972 0.00623239 0.02239477
v 0.01997340 0.00738428 0.03095934
v 0.02991557 0.00623239 0.03095934
v 0.01997340 0.00677507 0.02200221
v 0.01997944 0.00700414 0.02234193
v 0.02271395 0.00668198 0.02337334
v 0.02204972 0.00630565 0.02248064
v 0.02307680 0.00624221 0.02298078
v 0.02308587 0.00623239 0.02297512
v 0.02006713 0.00751755 0.03057150
v 0.01997340 0.00750700 0.03054791
v 0.02098737 0.00750373 0.03095934
v 0.02099846 0.00750882 0.03094802
v 0.03015647 0.00623239 0.03095745
v 0.03003451 0.00639565 0.03095934
v 0.01997340 0.00695778 0.02227115
v 0.01997340 0.00700650 0.02234381
v 0.01997340 0.00701014 0.02234948
v 0.01997340 0.00710795 0.02252877
v 0.02225534 0.00708795 0.02381402
v 0.02299415 0.00662817 0.02346487
v 0.02370272 0.00695814 0.02447269
v 0.02400308 0.00669526 0.02418960
v 0.02330963 0.00634492 0.02326293
v 0.02437501 0.00625820 0.02379987
v 0.02311712 0.00623239 0.02299305
v 0.02247003 0.00803786 0.02821804
v 0.01997340 0.00753318 0.03040825
v 0.02390834 0.00793242 0.02970523
v 0.02109421 0.00751027 0.03095934
v 0.02540712 0.00774007 0.03095934
v 0.03026936 0.00623239 0.03057056
v 0.03024617 0.00625911 0.03054980
v 0.02973818 0.00661217 0.03095934
v 0.01997340 0.00770426 0.02400558
v 0.02037052 0.00754482 0.02373570
v 0.02061343 0.00751700 0.02379137
v 0.02076865 0.00740374 0.02363190
v 0.02121012 0.00713558 0.02330256
v 0.02208903 0.00720539 0.02398105
v 0.02330963 0.00726230 0.02486053
v 0.02354548 0.00709740 0.02463405
v 0.02414520 0.00652963 0.02403861
v 0.02498883 0.00690106 0.02528046
v 0.02522570 0.00668217 0.02504926
v 0.02541015 0.00646528 0.02485959
v 0.02559460 0.00623548 0.02466897
v 0.02439113 0.00623239 0.02378194
v 0.02330963 0.00799314 0.02863796
v 0.02288933 0.00802041 0.02821804
v 0.02204972 0.00806368 0.02779906
v 0.02402425 0.00793242 0.02970523
v 0.02079082 0.00805404 0.02695921
v 0.01997340 0.00754154 0.03034125
v 0.02163043 0.00808022 0.02737913
v 0.02582743 0.00772589 0.03095934
v 0.03026936 0.00623239 0.03052432
v 0.03024617 0.00625911 0.03049695
v 0.02973314 0.00661872 0.03073758
v 0.02952853 0.00674434 0.03095934
v 0.01997340 0.00770989 0.02402163
v 0.02037052 0.00764972 0.02402163
v 0.02189551 0.00752427 0.02460952
v 0.02288933 0.00748155 0.02515023
v 0.02460885 0.00720394 0.02566075
v 0.02477515 0.00708704 0.02549372
v 0.02625076 0.00677616 0.02611559
v 0.02611368 0.00670671 0.02585325
v 0.02639388 0.00663617 0.02597215
v 0.02649064 0.00627057 0.02546447
v 0.02559661 0.00623239 0.02466708
v 0.02408069 0.00793714 0.02947781
v 0.02372893 0.00796369 0.02905789
v 0.02407061 0.00793896 0.02905789
v 0.02372893 0.00796060 0.02863796
v 0.02247003 0.00804568 0.02779906
v 0.02330963 0.00798623 0.02821804
v 0.02121012 0.00808913 0.02695921
v 0.02037052 0.00805586 0.02653928
v 0.01997340 0.00805750 0.02612030
v 0.02204972 0.00806095 0.02737913
v 0.02582743 0.00772862 0.03073758
v 0.02624673 0.00767626 0.03095934
v 0.03026331 0.00623239 0.03047619
v 0.03016050 0.00623239 0.03023651
v 0.03003552 0.00634511 0.03034125
v 0.02945193 0.00669871 0.03044411
v 0.02952349 0.00673180 0.03073758
v 0.02902759 0.00670598 0.02956180
v 0.02934509 0.00683615 0.03095934
v 0.01997340 0.00783043 0.02441796
v 0.02053380 0.00791987 0.02510399
v 0.02247003 0.00773625 0.02570038
v 0.02288933 0.00755227 0.02535972
v 0.02163043 0.00755354 0.02453214
v 0.02313526 0.00752173 0.02545126
v 0.02418854 0.00747373 0.02609482
v 0.02580626 0.00714176 0.02656004
v 0.02565205 0.00710122 0.02630337
v 0.02593124 0.00704995 0.02643360
v 0.02735343 0.00670144 0.02709887
v 0.02664486 0.00634147 0.02572020
v 0.02721736 0.00663272 0.02681955
v 0.02690288 0.00627475 0.02587307
v 0.02659950 0.00623239 0.02551448
v 0.02582743 0.00773171 0.03031766
v 0.02401619 0.00793605 0.02863796
v 0.02428127 0.00791315 0.02905789
v 0.02288933 0.00800841 0.02779906
v 0.02396982 0.00793224 0.02837185
v 0.02079082 0.00808949 0.02653928
v 0.02163043 0.00806695 0.02695921
v 0.01997340 0.00807368 0.02570038
v 0.02037052 0.00808404 0.02612030
v 0.02247003 0.00802296 0.02737913
v 0.02701577 0.00753609 0.03095934
v 0.02624673 0.00767717 0.03073758
v 0.02939750 0.00623239 0.02885123
v 0.02938843 0.00624421 0.02885972
v 0.02945898 0.00630329 0.02913904
v 0.02922313 0.00641601 0.02902297
v 0.02896813 0.00666489 0.02928247
v 0.02880282 0.00679397 0.02944478
v 0.02846114 0.00704813 0.02989774
v 0.02918584 0.00690087 0.03095934
v 0.01997340 0.00790697 0.02472181
v 0.02025360 0.00794096 0.02501246
v 0.02101458 0.00793151 0.02547768
v 0.02177254 0.00791515 0.02596460
v 0.02372893 0.00769826 0.02653928
v 0.02407565 0.00754154 0.02621750
v 0.02520655 0.00751118 0.02716021
v 0.02537084 0.00741483 0.02699601
v 0.02605623 0.00710213 0.02671386
v 0.02663175 0.00712740 0.02741405
v 0.02688575 0.00709304 0.02757730
v 0.02674867 0.00704195 0.02729798
v 0.02813961 0.00667108 0.02800383
v 0.02833817 0.00645691 0.02780849
v 0.02853774 0.00623621 0.02761316
v 0.02773846 0.00626493 0.02672424
v 0.02672549 0.00623239 0.02563810
v 0.02776063 0.00623239 0.02670254
v 0.02582743 0.00772771 0.02989774
v 0.02624673 0.00767553 0.03031766
v 0.02422583 0.00790933 0.02863796
v 0.02374505 0.00794696 0.02822653
v 0.02540712 0.00774989 0.02905789
v 0.02412504 0.00789733 0.02822653
v 0.02389524 0.00792006 0.02809159
v 0.02121012 0.00806422 0.02653928
v 0.02204972 0.00802823 0.02695921
v 0.01997340 0.00802314 0.02527951
v 0.02079082 0.00805513 0.02612030
v 0.02037052 0.00804277 0.02570038
v 0.02292863 0.00796860 0.02733950
v 0.02737963 0.00746301 0.03095934
v 0.02624673 0.00766699 0.02989774
v 0.02854076 0.00623239 0.02761033
v 0.02863047 0.00630620 0.02789248
v 0.02820210 0.00671089 0.02821804
v 0.02792593 0.00684833 0.02821804
v 0.02774249 0.00710213 0.02880027
v 0.02818194 0.00710667 0.02964672
v 0.02825149 0.00713176 0.02989774
v 0.02900340 0.00696596 0.03095934
v 0.02792593 0.00728866 0.03031766
v 0.01997340 0.00795932 0.02493036
v 0.01997340 0.00801986 0.02526064
v 0.02079082 0.00794569 0.02540030
v 0.02079082 0.00799605 0.02570038
v 0.02163244 0.00796205 0.02611087
v 0.02149335 0.00793860 0.02587307
v 0.02194288 0.00794351 0.02624298
v 0.02222208 0.00792078 0.02636093
v 0.02456853 0.00776625 0.02779906
v 0.02498883 0.00761208 0.02737913
v 0.02309494 0.00792678 0.02717342
v 0.02584658 0.00756663 0.02820200
v 0.02610058 0.00752918 0.02833128
v 0.02599978 0.00749573 0.02805101
v 0.02666703 0.00722394 0.02779906
v 0.02751167 0.00715340 0.02865117
v 0.02765580 0.00706031 0.02852001
v 0.02540712 0.00772062 0.02863796
v 0.02163043 0.00802277 0.02653928
v 0.02206988 0.00796878 0.02651664
v 0.02121012 0.00801187 0.02612030
v 0.02750663 0.00742355 0.03073758
v 0.02688877 0.00751318 0.02964861
v 0.02668215 0.00754809 0.02949574
v 0.02708633 0.00736374 0.02905789
v 0.02582743 0.00763208 0.02863796
v 0.02683233 0.00748700 0.02936835
f 1297 1298 1303
f 1297 1303 1311
f 1297 1311 1320
f 1297 1320 1337
f 1297 1337 1363
f 1297 1363 1389
f 1297 1389 1422
f 1297 1422 1462
f 1297 1462 1478
f 1297 1478 1477
f 1297 1477 1435
f 1297 1435 1400
f 1297 1400 1370
f 1297 1370 1344
f 1297 1344 1328
f 1297 1328 1327
f 1297 1327 1326
f 1297 1326 1325
f 1297 1325 1313
f 1297 1313 1306
f 1297 1306 1299
f 1297 1299 1300
f 1297 1300 1301
f 1297 1301 1302
f 1297 1302 1310
f 1297 1310 1318
f 1297 1318 1335
f 1297 1335 1357
f 1297 1357 1380
f 1297 1380 1414
f 1297 1414 1451
f 1297 1451 1452
f 1297 1452 1468
f 1297 1468 1427
f 1297 1427 1394
f 1297 1394 1393
f 1297 1393 1366
f 1297 1366 1341
f 1297 1341 1323
f 1297 1323 1312
f 1297 1312 1304
f 1297 1304 1298
f 1298 1304 1305
f 1298 1305 1303
f 1299 1306 1307
f 1299 1307 1308
f 1299 1308 1300
f 1300 1308 1301
f 1301 1308 1309
f 1301 1309 1302
f 1302 1309 1310
f 1303 1305 1304
f 1303 1304 1312
f 1303 1312 1324
f 1303 1324 1343
f 1303 1343 1369
f 1303 1369 1399
f 1303 1399 1434
f 1303 1434 1475
f 1303 1475 1466
f 1303 1466 1425
f 1303 1425 1392
f 1303 1392 1365
f 1303 1365 1340
f 1303 1340 1339
f 1303 1339 1321
f 1303 1321 1311
f 1306 1313 1307
f 1307 1313 1314
f 1307 1314 1315
f 1307 1315 1308
f 1308 1315 1316
f 1308 1316 1309
f 1309 1316 1315
f 1309 1315 1317
f 1309 1317 1318
f 1309 1318 1310
f 1311 1319 1320
f 1311 1321 1322
f 1311 1322 1319
f 1312 1323 1324
f 1313 1325 1314
f 1314 1325 1326
f 1314 1326 1327
f 1314 1327 1328
f 1314 1328 1329
f 1314 1329 1315
f 1315 1330 1317
f 1315 1329 1331
f 1315 1331 1332
f 1315 1332 1330
f 1317 1330 1333
f 1317 1333 1334
f 1317 1334 1335
f 1317 1335 1318
f 1319 1336 1337
f 1319 1337 1320
f 1319 1322 1338
f 1319 1338 1336
f 1321 1339 1322
f 1322 1339 1340
f 1322 1340 1338
f 1323 1341 1324
f 1324 1341 1342
f 1324 1342 1343
f 1328 1344 1345
f 1328 1345 1346
f 1328 1346 1347
f 1328 1347 1348
f 1328 1348 1329
f 1329 1348 1347
f 1329 1347 1346
f 1329 1346 1349
f 1329 1349 1350
f 1329 1350 1351
f 1329 1351 1331
f 1330 1332 1352
f 1330 1352 1334
f 1330 1334 1333
f 1331 1351 1353
f 1331 1353 1332
f 1332 1353 1354
f 1332 1354 1352
f 1334 1352 1354
f 1334 1354 1355
f 1334 1355 1356
f 1334 1356 1357
f 1334 1357 1335
f 1336 1358 1359
f 1336 1359 1360
f 1336 1360 1337
f 1336 1338 1361
f 1336 1361 1358
f 1337 1362 1363
f 1337 1360 1364
f 1337 1364 1362
f 1338 1340 1361
f 1340 1365 1361
f 1341 1366 1367
f 1341 1367 1342
f 1342 1367 1368
f 1342 1368 1343
f 1343 1368 1369
f 1344 1370 1371
f 1344 1371 1345
f 1345 1371 1346
f 1346 1371 1372
f 1346 1372 1350
f 1346 1350 1349
f 1350 1372 1373
f 1350 1373 1374
f 1350 1374 1375
f 1350 1375 1351
f 1351 1375 1353
f 1353 1375 1376
f 1353 1376 1377
f 1353 1377 1354
f 1354 1377 1378
f 1354 1378 1379
f 1354 1379 1355
f 1355 1379 1356
f 1356 1380 1357
f 1356 1379 1380
f 1358 1361 1381
f 1358 1381 1382
f 1358 1382 1383
f 1358 1383 1384
f 1358 1384 1359
f 1359 1385 1360
f 1359 1384 1386
f 1359 1386 1385
f 1360 1385 1364
f 1361 1365 1381
f 1362 1387 1388
f 1362 1388 1363
f 1362 1364 1387
f 1363 1388 1389
f 1364 1385 1390
f 1364 1390 1387
f 1365 1391 1381
f 1365 1392 1391
f 1366 1393 1367
f 1367 1393 1394
f 1367 1394 1395
f 1367 1395 1368
f 1368 1396 1397
f 1368 1397 1369
f 1368 1395 1398
f 1368 1398 1396
f 1369 1397 1399
f 1370 1400 1371
f 1371 1400 1401
f 1371 1401 1402
f 1371 1402 1403
f 1371 1403 1404
f 1371 1404 1372
f 1372 1404 1403
f 1372 1403 1373
f 1373 1403 1405
f 1373 1405 1406
f 1373 1406 1374
f 1374 1406 1407
f 1374 1407 1408
f 1374 1408 1375
f 1375 1408 1409
f 1375 1409 1376
f 1376 1410 1378
f 1376 1378 1377
f 1376 1409 1410
f 1378 1411 1379
f 1378 1410 1412
f 1378 1412 1411
f 1379 1411 1413
f 1379 1413 1414
f 1379 1414 1380
f 1381 1383 1382
f 1381 1391 1415
f 1381 1415 1383
f 1383 1416 1384
f 1383 1415 1417
f 1383 1417 1416
f 1384 1416 1386
f 1385 1386 1418
f 1385 1418 1390
f 1386 1416 1419
f 1386 1419 1418
f 1387 1420 1388
f 1387 1390 1421
f 1387 1421 1420
f 1388 1420 1389
f 1389 1420 1423
f 1389 1423 1422
f 1390 1418 1424
f 1390 1424 1421
f 1391 1392 1415
f 1392 1425 1426
f 1392 1426 1415
f 1394 1427 1428
f 1394 1428 1429
f 1394 1429 1430
f 1394 1430 1431
f 1394 1431 1395
f 1395 1431 1398
f 1396 1398 1432
f 1396 1432 1397
f 1397 1432 1433
f 1397 1433 1399
f 1398 1431 1432
f 1399 1433 1434
f 1400 1435 1436
f 1400 1436 1401
f 1401 1436 1437
f 1401 1437 1402
f 1402 1437 1438
f 1402 1438 1439
f 1402 1439 1440
f 1402 1440 1403
f 1403 1440 1406
f 1403 1406 1405
f 1406 1440 1441
f 1406 1441 1442
f 1406 1442 1407
f 1407 1443 1409
f 1407 1409 1408
f 1407 1442 1444
f 1407 1444 1445
f 1407 1445 1443
f 1409 1443 1445
f 1409 1445 1446
f 1409 1446 1410
f 1410 1446 1445
f 1410 1445 1447
f 1410 1447 1448
f 1410 1448 1449
f 1410 1449 1450
f 1410 1450 1412
f 1411 1412 1450
f 1411 1450 1413
f 1413 1451 1414
f 1413 1450 1452
f 1413 1452 1451
f 1415 1453 1417
f 1415 1426 1454
f 1415 1454 1453
f 1416 1417 1455
f 1416 1455 1419
f 1417 1453 1455
f 1418 1419 1456
f 1418 1456 1424
f 1419 1455 1457
f 1419 1457 1458
f 1419 1458 1459
f 1419 1459 1456
f 1420 1421 1460
f 1420 1460 1423
f 1421 1424 1461
f 1421 1461 1460
f 1422 1423 1460
f 1422 1460 1463
f 1422 1463 1464
f 1422 1464 1462
f 1424 1456 1459
f 1424 1459 1465
f 1424 1465 1461
f 1425 1466 1467
f 1425 1467 1454
f 1425 1454 1426
f 1427 1468 1428
f 1428 1468 1449
f 1428 1449 1469
f 1428 1469 1447
f 1428 1447 1430
f 1428 1430 1429
f 1430 1447 1431
f 1431 1447 1470
f 1431 1470 1471
f 1431 1471 1432
f 1432 1471 1472
f 1432 1472 1433
f 1433 1472 1473
f 1433 1473 1474
f 1433 1474 1434
f 1434 1474 1476
f 1434 1476 1475
f 1435 1477 1436
f 1436 1477 1478
f 1436 1478 1479
f 1436 1479 1437
f 1437 1479 1480
f 1437 1480 1481
f 1437 1481 1482
f 1437 1482 1438
f 1438 1482 1483
f 1438 1483 1484
f 1438 1484 1439
f 1439 1485 1486
f 1439 1486 1441
f 1439 1441 1440
f 1439 1484 1487
f 1439 1487 1485
f 1441 1486 1488
f 1441 1488 1489
f 1441 1489 1490
f 1441 1490 1491
f 1441 1491 1442
f 1442 1491 1445
f 1442 1445 1444
f 1445 1492 1493
f 1445 1493 1471
f 1445 1471 1447
f 1445 1491 1492
f 1447 1471 1470
f 1447 1469 1448
f 1448 1469 1449
f 1449 1468 1450
f 1450 1468 1452
f 1453 1454 1467
f 1453 1467 1455
f 1455 1467 1457
f 1457 1494 1458
f 1457 1467 1494
f 1458 1485 1459
f 1458 1494 1485
f 1459 1485 1487
f 1459 1487 1465
f 1460 1461 1495
f 1460 1495 1463
f 1461 1496 1495
f 1461 1465 1487
f 1461 1487 1496
f 1462 1464 1480
f 1462 1480 1479
f 1462 1479 1478
f 1463 1495 1497
f 1463 1497 1464
f 1464 1497 1480
f 1466 1498 1499
f 1466 1499 1467
f 1466 1475 1498
f 1467 1499 1500
f 1467 1500 1494
f 1471 1493 1472
f 1472 1474 1473
f 1472 1493 1492
f 1472 1492 1474
f 1474 1492 1501
f 1474 1501 1499
f 1474 1499 1476
f 1475 1476 1498
f 1476 1499 1498
f 1480 1497 1481
f 1481 1497 1495
f 1481 1495 1496
f 1481 1496 1483
f 1481 1483 1482
f 1483 1496 1487
f 1483 1487 1484
f 1485 1494 1488
f 1485 1488 1486
f 1488 1494 1502
f 1488 1502 1489
f 1489 1502 1500
f 1489 1500 1503
f 1489 1503 1501
f 1489 1501 1492
f 1489 1492 1491
f 1489 1491 1490
f 1494 1500 1502
f 1499 1501 1503
f 1499 1503 1500

o geometry_11
v -0.00019889 -0.00445588 -0.00243346
v -0.00019889 -0.00304852 -0.00243346
v 0.00022124 -0.00445588 -0.00241452
v 0.00022124 -0.00487549 -0.00237287
v -0.00019889 -0.00487549 -0.00238802
v -0.00061902 -0.00487549 -0.00232364
v -0.00040844 -0.00445588 -0.00239711
v -0.00040844 -0.00304852 -0.00239711
v 0.00183401 -0.00302304 -0.00192982
v 0.00022124 -0.00304852 -0.00241452
v 0.00049230 -0.00304852 -0.00238272
v 0.00064033 -0.00361665 -0.00236530
v 0.00064033 -0.00403675 -0.00236302
v 0.00064033 -0.00445588 -0.00235772
v 0.00064033 -0.00487549 -0.00231986
v 0.00064033 -0.00511437 -0.00225018
v 0.00022124 -0.00513120 -0.00227366
v -0.00061902 -0.00511245 -0.00225169
v -0.00019889 -0.00513264 -0.00227972
v -0.00084004 -0.00508986 -0.00222064
v -0.00087444 -0.00487549 -0.00223503
v -0.00061902 -0.00445588 -0.00235999
v -0.00061902 -0.00304852 -0.00235999
v 0.00190177 -0.00302304 -0.00190862
v 0.00099270 -0.00304852 -0.00227139
v 0.00064033 -0.00304852 -0.00236530
v 0.00707993 -0.00286010 0.00457957
v 0.00767208 -0.00286010 0.00457957
v 0.00099270 -0.00319656 -0.00227139
v 0.00097394 -0.00361665 -0.00227139
v 0.00094058 -0.00445588 -0.00226457
v 0.00090617 -0.00487549 -0.00224563
v 0.00086760 -0.00509419 -0.00222594
v 0.00022124 -0.00766761 0.00399565
v 0.00231982 -0.00767001 0.00440992
v -0.00019889 -0.00768203 0.00396839
v -0.00061798 -0.00767482 0.00397066
v -0.00103811 -0.00765271 0.00399565
v -0.00138110 -0.00762772 0.00403503
v -0.00108398 -0.00487549 -0.00212219
v -0.00133836 -0.00511678 -0.00185484
v -0.00141342 -0.00487549 -0.00191165
v -0.00090363 -0.00445588 -0.00224791
v -0.00111422 -0.00445588 -0.00214870
v -0.00071910 -0.00304852 -0.00232061
v 0.00190177 -0.00319704 -0.00190862
v 0.00632411 -0.00302304 -0.00012507
v 0.00707993 -0.00286010 0.00460607
v -0.00090363 -0.00304852 -0.00224791
v -0.00111422 -0.00304852 -0.00214870
v -0.00144261 -0.00304852 -0.00193891
v -0.00165215 -0.00304852 -0.00177987
v -0.00183355 -0.00304852 -0.00156933
v -0.00204309 -0.00304852 -0.00132243
v -0.00216715 -0.00304852 -0.00111189
v -0.00229017 -0.00304852 -0.00074685
v -0.00231727 -0.00304852 -0.00059841
v -0.00236523 -0.00304852 -0.00032652
v -0.00236836 -0.00304852 0.00009305
v 0.00786703 -0.00286010 0.00530283
v 0.00818395 -0.00302304 0.00176981
v 0.00806510 -0.00302304 0.00141613
v 0.00759284 -0.00302304 0.00069059
v 0.00735411 -0.00302304 0.00050732
v 0.00711954 -0.00302304 0.00033085
v 0.00703302 -0.00302304 0.00026724
v 0.00691000 -0.00302304 0.00018090
v 0.00653365 -0.00302304 -0.00002964
v 0.00632411 -0.00319704 -0.00012507
v 0.00631577 -0.00342151 -0.00012128
v 0.00684849 -0.00352052 0.00022104
v 0.00137635 -0.00511678 -0.00184954
v 0.00483540 -0.00714177 0.00457881
v 0.00434125 -0.00728741 0.00457881
v 0.00399618 -0.00738739 0.00457881
v 0.00388880 -0.00741815 0.00457881
v 0.00348118 -0.00753062 0.00457881
v 0.00328206 -0.00758157 0.00457881
v 0.00302456 -0.00763396 0.00457881
v 0.00293073 -0.00765271 0.00457881
v 0.00022124 -0.00775269 0.00428950
v 0.00189969 -0.00768636 0.00437205
v 0.00255647 -0.00769693 0.00457881
v 0.00231982 -0.00771856 0.00457881
v 0.00222078 -0.00772529 0.00457881
v -0.00019889 -0.00775894 0.00428950
v -0.00061798 -0.00773586 0.00428950
v -0.00139674 -0.00763396 0.00428950
v -0.00184710 -0.00749361 0.00428950
v -0.00184710 -0.00741719 0.00391537
v -0.00184710 -0.00740710 0.00387069
v -0.00103811 -0.00769212 0.00428950
v -0.00144261 -0.00445588 -0.00193891
v -0.00174181 -0.00511678 -0.00146708
v -0.00162296 -0.00487549 -0.00175185
v -0.00165215 -0.00445588 -0.00177987
v 0.00736662 -0.00286010 0.00530283
v -0.00233083 -0.00304852 0.00051186
v -0.00226619 -0.00304852 0.00093143
v -0.00195969 -0.00304852 0.00279980
v -0.00183563 -0.00445588 -0.00157008
v -0.00204518 -0.00445588 -0.00132167
v -0.00216715 -0.00445588 -0.00111189
v -0.00229434 -0.00445588 -0.00074685
v -0.00238817 -0.00445588 -0.00032652
v -0.00239963 -0.00445588 0.00009305
v 0.00787328 -0.00319704 0.00530283
v 0.00823399 -0.00319704 0.00279980
v 0.00822878 -0.00302304 0.00279980
v 0.00823503 -0.00302304 0.00272028
v 0.00824337 -0.00302304 0.00260895
v 0.00824024 -0.00302304 0.00243628
v 0.00823295 -0.00302304 0.00218938
v 0.00821418 -0.00302304 0.00201671
v 0.00823607 -0.00319704 0.00218938
v 0.00818395 -0.00319704 0.00176981
v 0.00806510 -0.00319704 0.00141613
v 0.00759284 -0.00319704 0.00069059
v 0.00735411 -0.00319704 0.00050656
v 0.00711954 -0.00319704 0.00032934
v 0.00691000 -0.00319704 0.00018090
v 0.00653365 -0.00319704 -0.00002964
v 0.00758346 -0.00345131 0.00070120
v 0.00735411 -0.00352869 0.00061183
v 0.00713935 -0.00665920 0.00530283
v 0.00525553 -0.00699325 0.00457881
v 0.00494174 -0.00710621 0.00457881
v 0.00486251 -0.00713312 0.00457881
v 0.00051002 -0.00776999 0.00457881
v 0.00215719 -0.00772913 0.00457881
v 0.00189969 -0.00773971 0.00457881
v 0.00175373 -0.00774404 0.00457881
v 0.00009093 -0.00776615 0.00457881
v -0.00032920 -0.00774355 0.00457881
v -0.00061798 -0.00772048 0.00457881
v -0.00074725 -0.00770751 0.00457881
v -0.00114966 -0.00765415 0.00457881
v -0.00132793 -0.00762147 0.00457881
v -0.00184710 -0.00745372 0.00457881
v -0.00236627 -0.00487549 0.00009305
v -0.00235063 -0.00487549 -0.00032652
v -0.00211816 -0.00511101 -0.00102252
v -0.00103811 -0.00767194 0.00457881
v -0.00180853 -0.00487549 -0.00154206
v -0.00201807 -0.00487549 -0.00129365
v 0.00664520 -0.00338450 0.00530283
v -0.00184710 -0.00699421 0.00457881
v -0.00203684 -0.00319704 0.00279980
v -0.00215047 -0.00487549 -0.00108311
v -0.00225472 -0.00487549 -0.00074685
v 0.00785764 -0.00345467 0.00530283
v 0.00824963 -0.00319704 0.00260895
v 0.00751674 -0.00629438 0.00530283
v 0.00808387 -0.00357147 0.00176981
v 0.00803904 -0.00351091 0.00146384
v 0.00745106 -0.00640878 0.00530283
v 0.00600197 -0.00665920 0.00530283
v 0.00652323 -0.00352485 0.00530283
v 0.00641793 -0.00396897 0.00530283
v 0.00648153 -0.00361665 0.00530283
f 1504 1505 1513
f 1504 1513 1506
f 1504 1506 1507
f 1504 1507 1508
f 1504 1508 1509
f 1504 1509 1510
f 1504 1510 1511
f 1504 1511 1505
f 1505 1511 1512
f 1505 1512 1513
f 1506 1513 1514
f 1506 1514 1515
f 1506 1515 1516
f 1506 1516 1517
f 1506 1517 1518
f 1506 1518 1507
f 1507 1518 1519
f 1507 1519 1520
f 1507 1520 1508
f 1508 1521 1509
f 1508 1520 1522
f 1508 1522 1521
f 1509 1521 1523
f 1509 1523 1524
f 1509 1524 1525
f 1509 1525 1510
f 1510 1525 1526
f 1510 1526 1511
f 1511 1526 1512
f 1512 1527 1528
f 1512 1528 1529
f 1512 1529 1514
f 1512 1514 1513
f 1512 1526 1530
f 1512 1530 1531
f 1512 1531 1527
f 1514 1529 1515
f 1515 1529 1528
f 1515 1528 1532
f 1515 1532 1516
f 1516 1532 1517
f 1517 1532 1533
f 1517 1533 1534
f 1517 1534 1535
f 1517 1535 1518
f 1518 1535 1536
f 1518 1536 1519
f 1519 1537 1520
f 1519 1536 1538
f 1519 1538 1537
f 1520 1537 1539
f 1520 1539 1522
f 1521 1522 1540
f 1521 1540 1541
f 1521 1541 1542
f 1521 1542 1523
f 1522 1539 1540
f 1523 1543 1524
f 1523 1542 1544
f 1523 1544 1545
f 1523 1545 1543
f 1524 1546 1525
f 1524 1543 1547
f 1524 1547 1546
f 1525 1546 1548
f 1525 1548 1526
f 1526 1548 1530
f 1527 1549 1532
f 1527 1532 1528
f 1527 1531 1550
f 1527 1550 1572
f 1527 1572 1549
f 1530 1551 1600
f 1530 1600 1563
f 1530 1563 1531
f 1530 1548 1552
f 1530 1552 1553
f 1530 1553 1554
f 1530 1554 1555
f 1530 1555 1556
f 1530 1556 1557
f 1530 1557 1558
f 1530 1558 1559
f 1530 1559 1560
f 1530 1560 1561
f 1530 1561 1562
f 1530 1562 1551
f 1531 1563 1564
f 1531 1564 1565
f 1531 1565 1566
f 1531 1566 1567
f 1531 1567 1568
f 1531 1568 1569
f 1531 1569 1570
f 1531 1570 1571
f 1531 1571 1550
f 1532 1549 1533
f 1533 1549 1534
f 1534 1549 1572
f 1534 1572 1573
f 1534 1573 1535
f 1535 1573 1536
f 1536 1573 1574
f 1536 1574 1575
f 1536 1575 1576
f 1536 1576 1577
f 1536 1577 1578
f 1536 1578 1579
f 1536 1579 1580
f 1536 1580 1581
f 1536 1581 1582
f 1536 1582 1583
f 1536 1583 1538
f 1537 1584 1539
f 1537 1538 1585
f 1537 1585 1584
f 1538 1583 1586
f 1538 1586 1587
f 1538 1587 1588
f 1538 1588 1585
f 1539 1589 1540
f 1539 1584 1589
f 1540 1590 1541
f 1540 1589 1590
f 1541 1590 1542
f 1542 1591 1592
f 1542 1592 1593
f 1542 1593 1594
f 1542 1594 1544
f 1542 1590 1595
f 1542 1595 1591
f 1543 1545 1596
f 1543 1596 1547
f 1544 1594 1597
f 1544 1597 1598
f 1544 1598 1545
f 1545 1598 1599
f 1545 1599 1596
f 1546 1552 1548
f 1546 1547 1553
f 1546 1553 1552
f 1547 1596 1554
f 1547 1554 1553
f 1550 1571 1625
f 1550 1625 1572
f 1551 1562 1601
f 1551 1601 1602
f 1551 1602 1603
f 1551 1603 1600
f 1554 1596 1599
f 1554 1599 1555
f 1555 1599 1604
f 1555 1604 1556
f 1556 1604 1557
f 1557 1605 1558
f 1557 1604 1605
f 1558 1606 1607
f 1558 1607 1559
f 1558 1605 1606
f 1559 1607 1608
f 1559 1608 1560
f 1560 1608 1561
f 1561 1608 1609
f 1561 1609 1562
f 1562 1609 1601
f 1563 1600 1649
f 1563 1649 1661
f 1563 1661 1663
f 1563 1663 1662
f 1563 1662 1660
f 1563 1660 1628
f 1563 1628 1659
f 1563 1659 1656
f 1563 1656 1654
f 1563 1654 1610
f 1563 1610 1611
f 1563 1611 1612
f 1563 1612 1613
f 1563 1613 1614
f 1563 1614 1615
f 1563 1615 1616
f 1563 1616 1617
f 1563 1617 1564
f 1564 1617 1618
f 1564 1618 1619
f 1564 1619 1620
f 1564 1620 1565
f 1565 1620 1621
f 1565 1621 1566
f 1566 1621 1622
f 1566 1622 1567
f 1567 1622 1623
f 1567 1623 1568
f 1568 1623 1569
f 1569 1623 1624
f 1569 1624 1570
f 1570 1624 1625
f 1570 1625 1571
f 1572 1625 1573
f 1573 1625 1624
f 1573 1624 1574
f 1574 1624 1626
f 1574 1626 1627
f 1574 1627 1575
f 1575 1627 1628
f 1575 1628 1629
f 1575 1629 1630
f 1575 1630 1631
f 1575 1631 1576
f 1576 1631 1628
f 1576 1628 1577
f 1577 1628 1578
f 1578 1628 1579
f 1579 1628 1580
f 1580 1628 1581
f 1581 1628 1582
f 1582 1628 1583
f 1583 1628 1586
f 1584 1632 1589
f 1584 1585 1633
f 1584 1633 1634
f 1584 1634 1635
f 1584 1635 1632
f 1585 1588 1633
f 1586 1628 1587
f 1587 1628 1588
f 1588 1628 1633
f 1589 1632 1636
f 1589 1636 1637
f 1589 1637 1590
f 1590 1637 1638
f 1590 1638 1639
f 1590 1639 1595
f 1591 1595 1640
f 1591 1640 1641
f 1591 1641 1592
f 1592 1642 1643
f 1592 1643 1644
f 1592 1644 1593
f 1592 1641 1642
f 1593 1644 1594
f 1594 1644 1645
f 1594 1645 1597
f 1595 1639 1646
f 1595 1646 1640
f 1597 1647 1598
f 1597 1645 1648
f 1597 1648 1647
f 1598 1647 1599
f 1599 1647 1604
f 1600 1603 1650
f 1600 1650 1649
f 1601 1609 1650
f 1601 1650 1651
f 1601 1651 1602
f 1602 1651 1603
f 1603 1651 1650
f 1604 1647 1648
f 1604 1648 1605
f 1605 1648 1652
f 1605 1652 1606
f 1606 1652 1607
f 1607 1652 1653
f 1607 1653 1644
f 1607 1644 1608
f 1608 1643 1609
f 1608 1644 1643
f 1609 1643 1642
f 1609 1642 1650
f 1610 1654 1611
f 1611 1655 1612
f 1611 1654 1656
f 1611 1656 1655
f 1612 1655 1613
f 1613 1655 1614
f 1614 1655 1615
f 1615 1655 1616
f 1616 1655 1618
f 1616 1618 1617
f 1618 1657 1619
f 1618 1655 1656
f 1618 1656 1657
f 1619 1657 1658
f 1619 1658 1620
f 1620 1658 1626
f 1620 1626 1621
f 1621 1626 1622
f 1622 1626 1623
f 1623 1626 1624
f 1626 1659 1628
f 1626 1628 1627
f 1626 1658 1659
f 1628 1660 1632
f 1628 1632 1635
f 1628 1635 1634
f 1628 1634 1633
f 1628 1631 1630
f 1628 1630 1629
f 1632 1660 1636
f 1636 1660 1637
f 1637 1660 1638
f 1638 1660 1639
f 1639 1660 1646
f 1640 1646 1660
f 1640 1660 1641
f 1641 1660 1642
f 1642 1660 1650
f 1644 1653 1645
f 1645 1653 1652
f 1645 1652 1648
f 1649 1650 1661
f 1650 1660 1662
f 1650 1662 1663
f 1650 1663 1661
f 1656 1659 1658
f 1656 1658 1657

o geometry_12
v 0.00142764 0.00767732 0.00598389
v 0.00231887 0.00762062 0.00457935
v 0.00142764 0.00767732 0.00530281
v 0.00084603 0.00767732 0.00470959
v 0.00063719 0.00767107 0.00598389
v 0.00595300 0.00409486 0.00457935
v 0.00576844 0.00645906 0.00457935
v 0.00556445 0.00676217 0.00457935
v 0.00483593 0.00704207 0.00457935
v 0.00416750 0.00724073 0.00457935
v 0.00346873 0.00743670 0.00457935
v 0.00302068 0.00753714 0.00457935
v 0.00231887 0.00757330 0.00441266
v 0.00021828 0.00765455 0.00429022
v -0.00020183 0.00766035 0.00429022
v 0.00021828 0.00767553 0.00470959
v 0.00142764 0.00726840 0.00598202
v -0.00184952 0.00311721 0.00350009
v -0.00184952 0.00311721 0.00280155
v 0.00394470 0.00409486 0.00280093
v -0.00376918 0.00546713 0.00598389
v -0.00584548 0.00311721 0.00457935
v 0.00376742 0.00499527 0.00280093
v 0.00550739 0.00668941 0.00448401
v 0.00285737 0.00711328 0.00405483
v 0.00284523 0.00752219 0.00448230
v 0.00231887 0.00738894 0.00420298
v 0.00092131 0.00752063 0.00406620
v 0.00000823 0.00757621 0.00398691
v -0.00082958 0.00756571 0.00398800
v -0.00082958 0.00760857 0.00429022
v -0.00020183 0.00765589 0.00470959
v 0.00021707 0.00763982 0.00598389
v -0.00444671 0.00546713 0.00598389
v 0.00295147 0.00667066 0.00365930
v 0.00425311 0.00668851 0.00406620
v 0.00357315 0.00504081 0.00280093
v -0.00020183 0.00678271 0.00314989
v 0.00021828 0.00675280 0.00317824
v 0.00086789 0.00667423 0.00323712
v 0.00378746 0.00697779 0.00419285
v 0.00021828 0.00738224 0.00378860
v -0.00041068 0.00740947 0.00376648
v -0.00103964 0.00740545 0.00378953
v -0.00137597 0.00753179 0.00403847
v -0.00061224 0.00752732 0.00598389
v -0.00139297 0.00530173 0.00280124
v -0.00397681 0.00311721 0.00280716
v -0.00397681 0.00478144 0.00280560
v -0.00546301 0.00501313 0.00453822
v -0.00592684 0.00425289 0.00457935
v -0.00631538 0.00340247 0.00457935
v -0.00638217 0.00311721 0.00457873
v 0.00231887 0.00696886 0.00377925
v -0.00061952 0.00645906 0.00301778
v -0.00296173 0.00583319 0.00281963
v -0.00020183 0.00699252 0.00333932
v 0.00021828 0.00696306 0.00336580
v -0.00061952 0.00699966 0.00333246
v -0.00103964 0.00709564 0.00344260
v -0.00145976 0.00717243 0.00357050
v -0.00137840 0.00753090 0.00429022
v -0.00240441 0.00706038 0.00369544
v -0.00271768 0.00713761 0.00399298
v -0.00293988 0.00709296 0.00406901
v -0.00229999 0.00729072 0.00428991
v -0.00083444 0.00750857 0.00577203
v -0.00378983 0.00542249 0.00281526
v -0.00461063 0.00457698 0.00282025
v -0.00507264 0.00545642 0.00457935
v -0.00522563 0.00539035 0.00428991
v -0.00549701 0.00505911 0.00428991
v -0.00589891 0.00442654 0.00428991
v -0.00626894 0.00364108 0.00428991
v -0.00645016 0.00311721 0.00428991
v -0.00419051 0.00583185 0.00576611
v -0.00124970 0.00645906 0.00300797
v -0.00124970 0.00677556 0.00313742
v -0.00187987 0.00672110 0.00318478
v -0.00271768 0.00638540 0.00310128
v -0.00287917 0.00675793 0.00356520
v -0.00293988 0.00709296 0.00411200
v -0.00377404 0.00667200 0.00407274
v -0.00190294 0.00715725 0.00598389
v -0.00446796 0.00311721 0.00282336
v -0.00448557 0.00485688 0.00286916
v -0.00483769 0.00394129 0.00283894
v -0.00523595 0.00352166 0.00290313
v -0.00523595 0.00394129 0.00297665
v -0.00508296 0.00464796 0.00317325
v -0.00549701 0.00506045 0.00401230
v -0.00593776 0.00428771 0.00398114
v -0.00632631 0.00343595 0.00401448
v -0.00381775 0.00605952 0.00598389
v -0.00380318 0.00627648 0.00542369
v -0.00464949 0.00587694 0.00458558
v -0.00492026 0.00572203 0.00428991
v -0.00324100 0.00575105 0.00283084
v -0.00229999 0.00648808 0.00308601
v -0.00187987 0.00645861 0.00302121
v -0.00319850 0.00627804 0.00321002
v -0.00331993 0.00665102 0.00367768
v -0.00253797 0.00710100 0.00499093
v -0.00377404 0.00667200 0.00409642
v -0.00356641 0.00674655 0.00425781
v -0.00397074 0.00624188 0.00366864
v -0.00426094 0.00630371 0.00399953
v -0.00407031 0.00528812 0.00287322
v -0.00383597 0.00587649 0.00319008
v -0.00355791 0.00596533 0.00310502
v -0.00469441 0.00508857 0.00314926
v -0.00523595 0.00311721 0.00290157
v -0.00570403 0.00311721 0.00306997
v -0.00560264 0.00352166 0.00307760
v -0.00550308 0.00394129 0.00316920
v -0.00510967 0.00550061 0.00397928
v -0.00552675 0.00469394 0.00374669
v -0.00590377 0.00381049 0.00360758
v -0.00637245 0.00311721 0.00394220
v -0.00585520 0.00329087 0.00325146
v -0.00600212 0.00311721 0.00338855
v -0.00425487 0.00630014 0.00428991
v -0.00458756 0.00602715 0.00428991
v -0.00470048 0.00591399 0.00397460
v -0.00273346 0.00677155 0.00598389
v -0.00346806 0.00633004 0.00598389
v -0.00428401 0.00549481 0.00315331
v -0.00498825 0.00536535 0.00369918
v -0.00456692 0.00579301 0.00369481
f 1664 1665 1666
f 1664 1666 1667
f 1664 1667 1668
f 1664 1669 1670
f 1664 1670 1671
f 1664 1671 1672
f 1664 1672 1673
f 1664 1673 1674
f 1664 1674 1675
f 1664 1675 1665
f 1664 1668 1696
f 1664 1696 1709
f 1664 1709 1747
f 1664 1747 1788
f 1664 1788 1789
f 1664 1789 1757
f 1664 1757 1697
f 1664 1697 1684
f 1664 1684 1680
f 1665 1676 1677
f 1665 1675 1676
f 1666 1665 1667
f 1667 1677 1678
f 1667 1665 1677
f 1667 1679 1668
f 1667 1678 1679
f 1664 1680 1669
f 1669 1681 1682
f 1669 1682 1683
f 1669 1683 1670
f 1669 1680 1684
f 1669 1684 1685
f 1669 1685 1681
f 1670 1683 1686
f 1670 1686 1687
f 1670 1687 1671
f 1671 1687 1672
f 1673 1689 1674
f 1674 1689 1675
f 1675 1689 1676
f 1676 1689 1690
f 1676 1690 1691
f 1676 1691 1692
f 1676 1692 1677
f 1677 1692 1678
f 1678 1692 1693
f 1678 1693 1694
f 1678 1694 1695
f 1678 1695 1679
f 1679 1695 1668
f 1668 1695 1696
f 1681 1685 1716
f 1681 1716 1738
f 1681 1738 1782
f 1681 1782 1784
f 1681 1784 1776
f 1681 1776 1775
f 1681 1775 1748
f 1681 1748 1711
f 1681 1711 1682
f 1683 1700 1686
f 1684 1697 1685
f 1686 1698 1699
f 1686 1699 1687
f 1686 1700 1701
f 1686 1701 1702
f 1686 1702 1703
f 1686 1703 1698
f 1687 1699 1672
f 1672 1699 1704
f 1672 1704 1673
f 1673 1704 1688
f 1688 1689 1673
f 1688 1704 1698
f 1689 1688 1690
f 1691 1690 1705
f 1691 1705 1692
f 1692 1705 1706
f 1692 1706 1693
f 1693 1706 1707
f 1693 1707 1708
f 1693 1708 1694
f 1694 1696 1695
f 1696 1694 1709
f 1682 1711 1712
f 1682 1712 1710
f 1683 1682 1700
f 1697 1713 1714
f 1697 1714 1715
f 1697 1715 1716
f 1697 1716 1685
f 1698 1703 1717
f 1698 1704 1699
f 1700 1718 1701
f 1700 1719 1718
f 1701 1720 1721
f 1701 1721 1702
f 1702 1721 1717
f 1702 1717 1703
f 1698 1717 1688
f 1688 1717 1690
f 1690 1717 1721
f 1690 1721 1705
f 1705 1721 1720
f 1705 1720 1706
f 1706 1720 1722
f 1706 1722 1723
f 1706 1723 1707
f 1707 1723 1724
f 1707 1724 1708
f 1708 1725 1694
f 1708 1726 1727
f 1708 1727 1728
f 1708 1728 1729
f 1708 1729 1725
f 1694 1725 1730
f 1694 1730 1709
f 1710 1700 1682
f 1710 1712 1731
f 1712 1732 1731
f 1697 1733 1713
f 1713 1733 1734
f 1713 1734 1735
f 1713 1735 1736
f 1713 1736 1714
f 1714 1736 1737
f 1714 1737 1715
f 1715 1738 1716
f 1697 1739 1733
f 1718 1740 1701
f 1718 1719 1740
f 1700 1710 1719
f 1701 1722 1720
f 1701 1740 1741
f 1701 1741 1722
f 1722 1741 1723
f 1708 1724 1726
f 1725 1729 1730
f 1726 1743 1744
f 1726 1744 1727
f 1728 1745 1729
f 1728 1746 1767
f 1728 1767 1745
f 1729 1747 1730
f 1730 1747 1709
f 1731 1719 1710
f 1711 1748 1712
f 1712 1748 1732
f 1732 1749 1731
f 1732 1750 1751
f 1732 1751 1752
f 1732 1753 1749
f 1734 1754 1735
f 1735 1754 1736
f 1736 1755 1737
f 1736 1754 1755
f 1737 1755 1756
f 1715 1737 1738
f 1697 1757 1739
f 1739 1757 1758
f 1739 1758 1759
f 1733 1760 1734
f 1733 1739 1759
f 1733 1759 1760
f 1719 1731 1761
f 1719 1761 1743
f 1719 1743 1762
f 1719 1762 1763
f 1719 1763 1740
f 1740 1763 1741
f 1723 1741 1724
f 1724 1741 1742
f 1742 1741 1762
f 1724 1742 1726
f 1743 1726 1742
f 1744 1764 1765
f 1744 1765 1727
f 1727 1765 1728
f 1745 1767 1768
f 1745 1768 1766
f 1728 1765 1746
f 1746 1765 1769
f 1746 1769 1770
f 1746 1770 1767
f 1731 1771 1772
f 1731 1772 1773
f 1731 1773 1761
f 1731 1749 1771
f 1748 1750 1732
f 1749 1753 1774
f 1749 1774 1771
f 1750 1775 1751
f 1750 1748 1775
f 1751 1775 1776
f 1751 1776 1777
f 1751 1777 1752
f 1752 1753 1732
f 1752 1777 1778
f 1752 1778 1753
f 1734 1760 1779
f 1734 1779 1754
f 1754 1780 1755
f 1755 1778 1781
f 1756 1782 1738
f 1756 1738 1737
f 1756 1783 1784
f 1756 1784 1782
f 1759 1785 1786
f 1760 1759 1786
f 1760 1786 1787
f 1760 1787 1779
f 1743 1742 1762
f 1743 1761 1764
f 1743 1764 1744
f 1762 1741 1763
f 1764 1761 1773
f 1764 1773 1772
f 1764 1769 1765
f 1766 1788 1747
f 1766 1747 1729
f 1766 1729 1745
f 1766 1768 1788
f 1767 1770 1785
f 1767 1758 1789
f 1770 1787 1786
f 1770 1786 1785
f 1771 1774 1790
f 1771 1790 1772
f 1774 1753 1791
f 1777 1776 1783
f 1777 1783 1778
f 1778 1783 1781
f 1753 1778 1780
f 1753 1780 1754
f 1753 1754 1791
f 1779 1791 1754
f 1781 1783 1756
f 1781 1756 1755
f 1755 1780 1778
f 1783 1776 1784
f 1757 1789 1758
f 1758 1785 1759
f 1787 1770 1792
f 1787 1792 1779
f 1772 1790 1769
f 1772 1769 1764
f 1768 1767 1788
f 1767 1785 1758
f 1789 1788 1767
f 1769 1790 1792
f 1769 1792 1770
f 1790 1774 1792
f 1774 1791 1792
f 1791 1779 1792

o geometry_13
v 0.01338070 0.00327657 0.01320785
v 0.01351578 -0.00298969 0.01320785
v 0.01381310 -0.00298969 0.01474244
v 0.01382241 0.00327657 0.01508142
v 0.01392488 0.00327657 0.01320785
v 0.01403822 -0.00298969 0.01320785
v 0.01531057 -0.00298969 0.01555063
v 0.02001180 -0.00293939 0.01989197
v 0.01981462 -0.00293939 0.01977483
v 0.01965471 -0.00293939 0.01967667
v 0.01849260 -0.00293939 0.01876050
v 0.01757191 -0.00293939 0.01799288
v 0.01525079 0.00327657 0.01555063
v 0.01965471 0.00283432 0.01967929
v 0.01995669 0.00283432 0.01986187
v 0.02001491 0.00283432 0.01989197
v 0.01399087 0.00308519 0.01320785
v 0.01503731 0.00327657 0.01424902
v 0.01506681 0.00317229 0.01421629
v 0.01512348 0.00289259 0.01415478
v 0.01499462 0.00226020 0.01384394
v 0.01409023 -0.00277500 0.01320785
v 0.01499462 -0.00235607 0.01384525
v 0.01512736 -0.00298969 0.01415020
v 0.01586484 -0.00298969 0.01555063
v 0.02117547 -0.00293939 0.01989197
v 0.01582913 0.00327657 0.01555063
v 0.02116615 0.00283432 0.01989197
v 0.01403046 0.00294166 0.01320785
v 0.01519257 0.00327657 0.01443683
v 0.02112345 0.00283432 0.01984027
v 0.02095577 0.00283432 0.01965180
v 0.01515143 0.00268037 0.01411683
v 0.02096509 0.00278096 0.01964395
v 0.01504197 0.00184065 0.01381253
v 0.01409412 0.00268037 0.01320785
v 0.02100779 0.00250126 0.01960534
v 0.01426335 -0.00197455 0.01320785
v 0.01504430 -0.00193590 0.01381187
v 0.02100468 -0.00258608 0.01960796
v 0.02096432 -0.00286701 0.01964395
v 0.01553725 -0.00298969 0.01478759
v 0.02095189 -0.00293939 0.01965442
v 0.02099847 -0.00293939 0.01970088
v 0.01560090 -0.00298969 0.01489033
v 0.02118866 -0.00288541 0.01989197
v 0.01555898 0.00327657 0.01496952
v 0.02120341 0.00266442 0.01989197
v 0.01505517 0.00142110 0.01380206
v 0.01427033 0.00142110 0.01320785
v 0.01424239 0.00181551 0.01320785
v 0.01422686 0.00193327 0.01320785
v 0.01419348 0.00215041 0.01320785
v 0.01417330 0.00226020 0.01320785
v 0.02102564 0.00226082 0.01959029
v 0.02105126 0.00184065 0.01956935
v 0.02106368 0.00142049 0.01955757
v 0.02120264 0.00226082 0.01982195
v 0.01427654 -0.00109681 0.01320785
v 0.01505983 -0.00109681 0.01379813
v 0.01505672 -0.00151636 0.01380140
v 0.02105204 -0.00193590 0.01956935
v 0.02102487 -0.00235545 0.01959094
v 0.02124533 -0.00246770 0.01989197
v 0.02125310 0.00226082 0.01989197
v 0.01505983 0.00100155 0.01379813
v 0.01427499 0.00113834 0.01320785
v 0.02123679 0.00184065 0.01982195
v 0.02125542 0.00142049 0.01982195
v 0.02126396 0.00100094 0.01982195
v 0.02106834 0.00100094 0.01955430
v 0.01427654 0.00100155 0.01320785
v 0.02107144 -0.00025709 0.01954972
v 0.02107222 -0.00067664 0.01955233
v 0.02106989 -0.00109681 0.01955364
v 0.02106446 -0.00151636 0.01955888
v 0.02123835 -0.00193590 0.01982195
v 0.02127949 -0.00205306 0.01989197
v 0.02128259 0.00184065 0.01989197
v 0.02106989 0.00058139 0.01955168
v 0.02129890 0.00142049 0.01989197
v 0.02130666 0.00100094 0.01989197
v 0.02126940 -0.00067664 0.01982195
v 0.02126474 -0.00109681 0.01982195
v 0.02125620 -0.00151636 0.01982195
v 0.02129657 -0.00163842 0.01989197
v 0.02131132 -0.00067664 0.01989197
v 0.02130511 -0.00122316 0.01989197
v 0.02129967 -0.00151636 0.01989197
f 1793 1794 1795
f 1793 1795 1796
f 1793 1796 1805
f 1793 1805 1819
f 1793 1819 1839
f 1793 1839 1822
f 1793 1822 1810
f 1793 1810 1797
f 1793 1797 1809
f 1793 1809 1821
f 1793 1821 1828
f 1793 1828 1846
f 1793 1846 1845
f 1793 1845 1844
f 1793 1844 1843
f 1793 1843 1842
f 1793 1842 1859
f 1793 1859 1864
f 1793 1864 1851
f 1793 1851 1830
f 1793 1830 1814
f 1793 1814 1798
f 1793 1798 1794
f 1794 1798 1816
f 1794 1816 1834
f 1794 1834 1837
f 1794 1837 1817
f 1794 1817 1799
f 1794 1799 1795
f 1795 1799 1800
f 1795 1800 1801
f 1795 1801 1802
f 1795 1802 1803
f 1795 1803 1804
f 1795 1804 1796
f 1796 1804 1803
f 1796 1803 1806
f 1796 1806 1807
f 1796 1807 1808
f 1796 1808 1805
f 1797 1810 1811
f 1797 1811 1812
f 1797 1812 1813
f 1797 1813 1809
f 1798 1814 1815
f 1798 1815 1816
f 1799 1817 1818
f 1799 1818 1800
f 1800 1808 1807
f 1800 1807 1801
f 1800 1818 1838
f 1800 1838 1856
f 1800 1856 1870
f 1800 1870 1878
f 1800 1878 1881
f 1800 1881 1880
f 1800 1880 1879
f 1800 1879 1874
f 1800 1874 1873
f 1800 1873 1871
f 1800 1871 1857
f 1800 1857 1840
f 1800 1840 1820
f 1800 1820 1808
f 1801 1807 1806
f 1801 1806 1802
f 1802 1806 1803
f 1805 1808 1820
f 1805 1820 1819
f 1809 1813 1821
f 1810 1822 1823
f 1810 1823 1824
f 1810 1824 1811
f 1811 1824 1812
f 1812 1825 1813
f 1812 1824 1826
f 1812 1826 1825
f 1813 1827 1828
f 1813 1828 1821
f 1813 1825 1826
f 1813 1826 1829
f 1813 1829 1827
f 1814 1830 1831
f 1814 1831 1815
f 1815 1831 1832
f 1815 1832 1833
f 1815 1833 1816
f 1816 1833 1835
f 1816 1835 1836
f 1816 1836 1818
f 1816 1818 1834
f 1817 1837 1818
f 1818 1837 1834
f 1818 1836 1832
f 1818 1832 1838
f 1819 1820 1839
f 1820 1840 1829
f 1820 1829 1823
f 1820 1823 1822
f 1820 1822 1839
f 1823 1829 1826
f 1823 1826 1824
f 1827 1841 1842
f 1827 1842 1843
f 1827 1843 1844
f 1827 1844 1845
f 1827 1845 1846
f 1827 1846 1828
f 1827 1829 1847
f 1827 1847 1848
f 1827 1848 1849
f 1827 1849 1841
f 1829 1840 1850
f 1829 1850 1847
f 1830 1851 1852
f 1830 1852 1853
f 1830 1853 1831
f 1831 1853 1868
f 1831 1868 1854
f 1831 1854 1855
f 1831 1855 1832
f 1832 1855 1838
f 1832 1836 1833
f 1833 1836 1835
f 1838 1855 1856
f 1840 1857 1850
f 1841 1858 1842
f 1841 1849 1858
f 1842 1858 1859
f 1847 1850 1848
f 1848 1850 1860
f 1848 1860 1849
f 1849 1860 1861
f 1849 1861 1862
f 1849 1862 1863
f 1849 1863 1858
f 1850 1857 1860
f 1851 1864 1858
f 1851 1858 1852
f 1852 1858 1865
f 1852 1865 1866
f 1852 1866 1867
f 1852 1867 1853
f 1853 1867 1868
f 1854 1868 1869
f 1854 1869 1856
f 1854 1856 1855
f 1856 1869 1870
f 1857 1871 1860
f 1858 1864 1859
f 1858 1863 1872
f 1858 1872 1865
f 1860 1871 1861
f 1861 1871 1873
f 1861 1873 1862
f 1862 1873 1874
f 1862 1874 1875
f 1862 1875 1865
f 1862 1865 1872
f 1862 1872 1863
f 1865 1875 1866
f 1866 1875 1867
f 1867 1875 1876
f 1867 1876 1877
f 1867 1877 1868
f 1868 1877 1869
f 1869 1877 1870
f 1870 1877 1878
f 1874 1879 1875
f 1875 1879 1876
f 1876 1879 1880
f 1876 1880 1881
f 1876 1881 1877
f 1877 1881 1878

o geometry_14
v 0.00636652 -0.00762006 0.00598398
v 0.00637117 -0.00761889 0.00598526
v 0.01108615 -0.00605539 0.01085460
v 0.01200747 -0.00561966 0.01202555
v 0.00636652 -0.00761190 0.00598526
v 0.00636652 -0.00761773 0.00596478
v 0.00659182 -0.00753268 0.00598526
v 0.01108615 -0.00603442 0.01079574
v 0.01129210 -0.00587015 0.01085460
v 0.00731494 -0.00724724 0.00598526
v 0.00751082 -0.00712841 0.00598526
v 0.01108615 -0.00577811 0.01008293
v 0.01108615 -0.00567791 0.00982187
v 0.01090576 -0.00533073 0.00847048
v 0.01215148 -0.00546821 0.01202555
v 0.01361939 -0.00408296 0.01320674
v 0.01306583 -0.00408296 0.01320674
v 0.00636652 -0.00704569 0.00598526
v 0.00636652 -0.00754666 0.00570244
v 0.01108615 -0.00595986 0.01058714
v 0.00693712 -0.00725540 0.00568708
v 0.00715390 -0.00718899 0.00575619
v 0.00760450 -0.00302159 0.00070640
v 0.00772373 -0.00696064 0.00598526
v 0.01074705 -0.00511403 0.00763098
v 0.01088176 -0.00511403 0.00792404
v 0.01223509 -0.00536685 0.01202555
v 0.01363333 -0.00405499 0.01320674
v 0.01233265 -0.00524801 0.01202555
v 0.01253317 -0.00498820 0.01202555
v 0.01090576 -0.00506859 0.00788948
v 0.01107377 -0.00490781 0.00804561
v 0.01129287 -0.00458509 0.00806737
v 0.01136642 -0.00428684 0.00782422
v 0.01317422 0.00376601 0.01320674
v 0.00673118 0.00374271 0.00458012
v 0.00640910 -0.00403519 0.00530316
v 0.00636652 -0.00639675 0.00530444
v 0.00636652 -0.00741850 0.00554375
v 0.00648498 -0.00738472 0.00556935
v 0.00840504 -0.00633384 0.00598526
v 0.00820142 -0.00654122 0.00598526
v 0.00797302 -0.00675093 0.00598526
v 0.00636807 -0.00721113 0.00530316
v 0.00679621 -0.00302159 0.00070640
v 0.00682873 -0.00003789 0.00013436
v 0.00691234 -0.00003789 0.00018171
v 0.00701222 -0.00003789 0.00025338
v 0.00712216 -0.00003789 0.00033400
v 0.00759443 -0.00003789 0.00069104
v 0.00760450 -0.00280140 0.00070640
v 0.00806748 -0.00302159 0.00141792
v 0.01058833 -0.00511403 0.00732769
v 0.01100873 -0.00478898 0.00772056
v 0.01379669 -0.00369616 0.01320674
v 0.01141674 -0.00403286 0.00776407
v 0.01181005 -0.00353771 0.00818766
v 0.01175585 -0.00381732 0.00828364
v 0.01387024 -0.00352956 0.01320674
v 0.01092047 -0.00465966 0.00744030
v 0.01372159 0.00376601 0.01320674
v 0.01141907 0.00428213 0.00965550
v 0.00789405 0.00398388 0.00598526
v 0.00673118 0.00358310 0.00280130
v 0.00682873 0.00293183 0.00013436
v 0.00636652 -0.00643753 0.00530316
v 0.00636652 -0.00721113 0.00530316
v 0.00691234 0.00293183 0.00018171
v 0.00712216 0.00293183 0.00033144
v 0.00745197 0.00293183 0.00058098
v 0.00759443 0.00293183 0.00069104
v 0.00806748 -0.00151634 0.00141792
v 0.01219638 -0.00109809 0.00825677
v 0.01219406 -0.00151634 0.00826060
v 0.01218787 -0.00181809 0.00826828
v 0.01217548 -0.00209770 0.00828620
v 0.01176282 -0.00298315 0.00785749
v 0.01184256 -0.00315208 0.00805585
v 0.01172876 -0.00326276 0.00790740
v 0.01211432 -0.00277460 0.00842953
v 0.01212593 -0.00280606 0.00847048
v 0.01218399 -0.00298781 0.00869699
v 0.01399257 -0.00318237 0.01320674
v 0.01389037 -0.00348062 0.01320674
v 0.01386405 0.00343630 0.01320674
v 0.01175276 0.00371941 0.00828748
v 0.01152436 0.00398388 0.00802513
v 0.01153443 0.00428213 0.00847048
v 0.01177134 0.00428213 0.00909626
v 0.01181237 0.00428213 0.00920888
v 0.01189521 0.00428213 0.00944819
v 0.01196489 0.00428213 0.00965550
v 0.01125261 0.00428213 0.00921912
v 0.00777637 0.00363552 0.00280130
v 0.01110241 0.00428213 0.00880577
v 0.01099402 0.00428213 0.00847048
v 0.00806748 0.00293183 0.00141920
v 0.01140358 0.00398388 0.00777943
v 0.01219638 0.00099901 0.00825677
v 0.01427593 -0.00109809 0.01320674
v 0.01425967 -0.00197304 0.01320674
v 0.01224051 -0.00235518 0.00854214
v 0.01221032 -0.00235518 0.00847048
v 0.01214916 -0.00235402 0.00833099
v 0.01213212 -0.00277577 0.00847048
v 0.01220335 -0.00277577 0.00863940
v 0.01408780 -0.00277460 0.01320674
v 0.01390740 0.00331979 0.01320674
v 0.01181160 0.00343979 0.00818638
v 0.01186269 0.00309960 0.00810576
v 0.01215070 0.00225960 0.00832843
v 0.01217470 0.00200095 0.00828620
v 0.01218787 0.00172251 0.00826956
v 0.01219406 0.00141959 0.00826060
v 0.01427438 0.00099784 0.01320674
v 0.01427593 0.00029066 0.01320674
v 0.01398870 0.00308329 0.01320674
v 0.01202063 0.00311941 0.00847048
v 0.01211819 0.00273028 0.00847048
v 0.01221187 0.00260329 0.00862021
v 0.01221342 0.00225960 0.00847048
v 0.01224361 0.00225960 0.00854086
v 0.01422483 0.00193105 0.01320674
v 0.01423954 0.00181338 0.01320674
v 0.01426819 0.00141843 0.01320674
v 0.01402896 0.00293999 0.01320674
v 0.01217780 0.00288290 0.00870211
v 0.01409167 0.00267785 0.01320674
v 0.01417141 0.00225727 0.01320674
v 0.01419154 0.00214775 0.01320674
f 1882 1883 1884
f 1882 1884 1885
f 1882 1885 1886
f 1882 1886 1899
f 1882 1899 1919
f 1882 1919 1947
f 1882 1947 1948
f 1882 1948 1920
f 1882 1920 1900
f 1882 1900 1887
f 1882 1887 1883
f 1883 1887 1888
f 1883 1888 1884
f 1884 1889 1890
f 1884 1890 1885
f 1884 1888 1891
f 1884 1891 1892
f 1884 1892 1889
f 1885 1890 1893
f 1885 1893 1894
f 1885 1894 1895
f 1885 1895 1896
f 1885 1896 1897
f 1885 1897 1898
f 1885 1898 1886
f 1886 1898 1899
f 1887 1900 1891
f 1887 1891 1888
f 1889 1901 1890
f 1889 1892 1901
f 1890 1901 1893
f 1891 1900 1902
f 1891 1902 1903
f 1891 1903 1892
f 1892 1903 1904
f 1892 1904 1905
f 1892 1905 1901
f 1893 1901 1905
f 1893 1905 1895
f 1893 1895 1894
f 1895 1906 1907
f 1895 1907 1896
f 1895 1905 1906
f 1896 1908 1897
f 1896 1907 1908
f 1897 1909 1936
f 1897 1936 1940
f 1897 1940 1965
f 1897 1965 1964
f 1897 1964 1988
f 1897 1988 1982
f 1897 1982 1981
f 1897 1981 1997
f 1897 1997 1996
f 1897 1996 2006
f 1897 2006 2005
f 1897 2005 2004
f 1897 2004 2011
f 1897 2011 2010
f 1897 2010 2009
f 1897 2009 2007
f 1897 2007 1998
f 1897 1998 1989
f 1897 1989 1966
f 1897 1966 1942
f 1897 1942 1916
f 1897 1916 1898
f 1897 1908 1910
f 1897 1910 1911
f 1897 1911 1912
f 1897 1912 1913
f 1897 1913 1914
f 1897 1914 1915
f 1897 1915 1909
f 1898 1916 1899
f 1899 1917 1918
f 1899 1918 1919
f 1899 1916 1917
f 1900 1920 1904
f 1900 1904 1921
f 1900 1921 1902
f 1902 1921 1904
f 1902 1904 1903
f 1904 1922 1923
f 1904 1923 1924
f 1904 1924 1905
f 1904 1920 1925
f 1904 1925 1948
f 1904 1948 1926
f 1904 1926 1927
f 1904 1927 1928
f 1904 1928 1929
f 1904 1929 1930
f 1904 1930 1931
f 1904 1931 1952
f 1904 1952 1932
f 1904 1932 1953
f 1904 1953 1933
f 1904 1933 1934
f 1904 1934 1922
f 1905 1924 1906
f 1906 1934 1935
f 1906 1935 1912
f 1906 1912 1907
f 1906 1924 1934
f 1907 1912 1910
f 1907 1910 1908
f 1909 1915 1936
f 1910 1912 1911
f 1912 1914 1913
f 1912 1935 1914
f 1914 1935 1915
f 1915 1937 1938
f 1915 1938 1939
f 1915 1939 1940
f 1915 1940 1936
f 1915 1935 1934
f 1915 1934 1941
f 1915 1941 1933
f 1915 1933 1937
f 1916 1942 1973
f 1916 1973 1943
f 1916 1943 1944
f 1916 1944 1917
f 1917 1945 1918
f 1917 1944 1945
f 1918 1945 1946
f 1918 1946 1919
f 1919 1946 1947
f 1920 1948 1925
f 1922 1934 1923
f 1923 1934 1924
f 1926 1948 1927
f 1927 1946 1949
f 1927 1949 1928
f 1927 1948 1947
f 1927 1947 1946
f 1928 1949 1950
f 1928 1950 1929
f 1929 1950 1930
f 1930 1950 1931
f 1931 1951 1952
f 1931 1950 1951
f 1932 1952 1953
f 1933 1953 1980
f 1933 1980 1954
f 1933 1954 1955
f 1933 1955 1956
f 1933 1956 1957
f 1933 1957 1958
f 1933 1958 1959
f 1933 1959 1960
f 1933 1960 1938
f 1933 1938 1937
f 1933 1941 1934
f 1938 1960 1959
f 1938 1959 1961
f 1938 1961 1962
f 1938 1962 1963
f 1938 1963 1964
f 1938 1964 1939
f 1939 1964 1965
f 1939 1965 1940
f 1942 1966 1967
f 1942 1967 1968
f 1942 1968 1969
f 1942 1969 1970
f 1942 1970 1971
f 1942 1971 1972
f 1942 1972 1973
f 1943 1973 1972
f 1943 1972 1971
f 1943 1971 1970
f 1943 1970 1969
f 1943 1969 1977
f 1943 1977 1976
f 1943 1976 1974
f 1943 1974 1944
f 1944 1975 1945
f 1944 1974 1976
f 1944 1976 1977
f 1944 1977 1975
f 1945 1975 1946
f 1946 1975 1949
f 1949 1975 1950
f 1950 1975 1951
f 1951 1975 1952
f 1952 1978 1953
f 1952 1975 1969
f 1952 1969 1979
f 1952 1979 1978
f 1953 1978 1980
f 1954 1980 1997
f 1954 1997 1981
f 1954 1981 1955
f 1955 1981 1982
f 1955 1982 1956
f 1956 1982 1957
f 1957 1982 1983
f 1957 1983 1984
f 1957 1984 1985
f 1957 1985 1959
f 1957 1959 1958
f 1959 1985 1961
f 1961 1985 1986
f 1961 1986 1962
f 1962 1986 1987
f 1962 1987 1963
f 1963 1987 1982
f 1963 1982 1988
f 1963 1988 1964
f 1966 1989 1967
f 1967 1989 1990
f 1967 1990 1968
f 1968 1990 1979
f 1968 1979 1969
f 1969 1975 1977
f 1978 1979 1990
f 1978 1990 1991
f 1978 1991 1992
f 1978 1992 1993
f 1978 1993 1994
f 1978 1994 1995
f 1978 1995 1980
f 1980 1995 1996
f 1980 1996 1997
f 1982 1987 1983
f 1983 1987 1984
f 1984 1986 1985
f 1984 1987 1986
f 1989 1998 1990
f 1990 1998 1999
f 1990 1999 1991
f 1991 1999 2000
f 1991 2000 1992
f 1992 2000 2001
f 1992 2001 2002
f 1992 2002 1993
f 1993 2002 2003
f 1993 2003 2004
f 1993 2004 2005
f 1993 2005 2006
f 1993 2006 1994
f 1994 2006 1995
f 1995 2006 1996
f 1998 2007 1999
f 1999 2007 2008
f 1999 2008 2000
f 2000 2008 2001
f 2001 2003 2002
f 2001 2008 2007
f 2001 2007 2009
f 2001 2009 2010
f 2001 2010 2003
f 2003 2010 2011
f 2003 2011 2004

o geometry_15
v 0.01406840 -0.00739873 0.01989263
v 0.01406840 -0.00690737 0.01989263
v 0.01539783 -0.00754706 0.01989263
v 0.01553424 -0.00760411 0.02003207
v 0.01525448 -0.00759449 0.02011261
v 0.01406840 -0.00758415 0.02067635
v 0.01406840 -0.00736485 0.02360582
v 0.01406955 -0.00736485 0.02370164
v 0.01461347 -0.00630013 0.01989263
v 0.01568279 -0.00749678 0.01989263
v 0.01554407 -0.00760411 0.02003207
v 0.01575273 -0.00771786 0.02066293
v 0.01537009 -0.00762765 0.02024869
v 0.01406840 -0.00763941 0.02093287
v 0.01406840 -0.00746113 0.02370164
v 0.01466260 -0.00631582 0.02011223
v 0.01708852 -0.00674692 0.02370164
v 0.01997340 -0.00442172 0.02052199
v 0.01925030 -0.00442172 0.02008725
v 0.01907979 -0.00442172 0.01989486
v 0.01905724 -0.00444133 0.01989263
v 0.01574175 -0.00747575 0.01989263
v 0.01986126 -0.00722365 0.02247795
v 0.01617237 -0.00776778 0.02108238
v 0.01949364 -0.00748288 0.02279972
v 0.01932949 -0.00760625 0.02296527
v 0.01911042 -0.00773248 0.02318077
v 0.01911042 -0.00785870 0.02360060
v 0.01575273 -0.00777848 0.02108238
v 0.01725326 -0.00802736 0.02294923
v 0.01617237 -0.00783731 0.02150221
v 0.01406840 -0.00764868 0.02100222
v 0.01406840 -0.00777562 0.02370164
v 0.01717292 -0.00674763 0.02370164
v 0.01997340 -0.00691201 0.02370164
v 0.01997340 -0.00442172 0.01989263
v 0.01911504 -0.00442172 0.01989263
v 0.01626485 -0.00728142 0.01989263
v 0.01997340 -0.00710741 0.02234858
v 0.01997340 -0.00727428 0.02272478
v 0.01997340 -0.00766651 0.02368561
v 0.01636370 -0.00724433 0.01989263
v 0.01645502 -0.00720903 0.01989263
v 0.01774515 -0.00803770 0.02331313
v 0.01859714 -0.00798600 0.02370164
v 0.01826305 -0.00804341 0.02370164
v 0.01997282 -0.00767257 0.02370164
v 0.01921157 -0.00786334 0.02370164
v 0.01911100 -0.00788509 0.02370164
v 0.01406840 -0.00770324 0.02149736
v 0.01406840 -0.00765403 0.02104734
v 0.01720124 -0.00802736 0.02294923
v 0.01798618 -0.00806445 0.02370164
v 0.01406840 -0.00777598 0.02317593
v 0.01720124 -0.00802736 0.02305177
v 0.01752377 -0.00804519 0.02360060
v 0.01760411 -0.00804911 0.02370164
v 0.01997340 -0.00763727 0.02370164
v 0.01997340 -0.00484996 0.01989263
v 0.01997340 -0.00709992 0.02233702
v 0.01666195 -0.00712417 0.01989263
v 0.01997340 -0.00767222 0.02370127
v 0.01824513 -0.00804555 0.02370164
v 0.01406840 -0.00770360 0.02150221
v 0.01406840 -0.00777241 0.02275647
v 0.01406840 -0.00775744 0.02234149
v 0.01406840 -0.00773212 0.02192204
v 0.01997340 -0.00488954 0.01991350
v 0.01962717 -0.00519512 0.01989263
v 0.01930059 -0.00675512 0.02131243
v 0.01997340 -0.00704144 0.02225201
v 0.01822259 -0.00629978 0.01989263
v 0.01815959 -0.00639890 0.01996347
v 0.01808387 -0.00677580 0.02043549
v 0.01997340 -0.00490416 0.01992208
v 0.01983178 -0.00516552 0.01998733
v 0.01883182 -0.00590220 0.01989263
v 0.01937457 -0.00637466 0.02083444
v 0.01997340 -0.00686958 0.02200294
v 0.01836074 -0.00621741 0.01989263
v 0.01843935 -0.00631903 0.02006675
v 0.01997340 -0.00531279 0.02018382
v 0.01867402 -0.00601809 0.01989263
v 0.01997340 -0.00532776 0.02019538
v 0.01997340 -0.00537590 0.02023341
v 0.01987282 -0.00560518 0.02035757
v 0.01967976 -0.00588473 0.02049328
v 0.01952717 -0.00613468 0.02066367
v 0.01965433 -0.00629336 0.02095226
v 0.01997340 -0.00650124 0.02152123
v 0.01985721 -0.00601416 0.02077329
v 0.01997340 -0.00571857 0.02055443
v 0.01997340 -0.00576706 0.02060477
v 0.01997340 -0.00581021 0.02065025
v 0.01997340 -0.00614645 0.02106747
f 2012 2013 2020
f 2012 2020 2032
f 2012 2032 2048
f 2012 2048 2047
f 2012 2047 2070
f 2012 2070 2080
f 2012 2080 2088
f 2012 2088 2094
f 2012 2094 2091
f 2012 2091 2083
f 2012 2083 2072
f 2012 2072 2054
f 2012 2054 2053
f 2012 2053 2049
f 2012 2049 2033
f 2012 2033 2021
f 2012 2021 2014
f 2012 2014 2015
f 2012 2015 2016
f 2012 2016 2017
f 2012 2017 2025
f 2012 2025 2043
f 2012 2043 2062
f 2012 2062 2061
f 2012 2061 2075
f 2012 2075 2078
f 2012 2078 2077
f 2012 2077 2076
f 2012 2076 2065
f 2012 2065 2044
f 2012 2044 2026
f 2012 2026 2018
f 2012 2018 2013
f 2013 2018 2019
f 2013 2019 2020
f 2014 2021 2022
f 2014 2022 2015
f 2015 2022 2023
f 2015 2023 2024
f 2015 2024 2025
f 2015 2025 2016
f 2016 2025 2017
f 2018 2026 2019
f 2019 2027 2020
f 2019 2026 2044
f 2019 2044 2068
f 2019 2068 2064
f 2019 2064 2074
f 2019 2074 2057
f 2019 2057 2056
f 2019 2056 2060
f 2019 2060 2059
f 2019 2059 2058
f 2019 2058 2069
f 2019 2069 2046
f 2019 2046 2045
f 2019 2045 2028
f 2019 2028 2029
f 2019 2029 2030
f 2019 2030 2031
f 2019 2031 2027
f 2020 2027 2031
f 2020 2031 2032
f 2021 2033 2034
f 2021 2034 2022
f 2022 2035 2023
f 2022 2034 2036
f 2022 2036 2037
f 2022 2037 2038
f 2022 2038 2039
f 2022 2039 2035
f 2023 2040 2025
f 2023 2025 2024
f 2023 2035 2041
f 2023 2041 2042
f 2023 2042 2040
f 2025 2040 2043
f 2028 2045 2029
f 2029 2046 2069
f 2029 2069 2073
f 2029 2073 2052
f 2029 2052 2051
f 2029 2051 2050
f 2029 2050 2071
f 2029 2071 2082
f 2029 2082 2090
f 2029 2090 2101
f 2029 2101 2106
f 2029 2106 2105
f 2029 2105 2104
f 2029 2104 2103
f 2029 2103 2096
f 2029 2096 2095
f 2029 2095 2093
f 2029 2093 2086
f 2029 2086 2079
f 2029 2079 2070
f 2029 2070 2047
f 2029 2047 2048
f 2029 2048 2031
f 2029 2031 2030
f 2029 2045 2046
f 2031 2048 2032
f 2033 2049 2034
f 2034 2050 2051
f 2034 2051 2052
f 2034 2052 2036
f 2034 2049 2053
f 2034 2053 2054
f 2034 2054 2050
f 2035 2055 2041
f 2035 2039 2056
f 2035 2056 2057
f 2035 2057 2055
f 2036 2052 2037
f 2037 2052 2058
f 2037 2058 2038
f 2038 2058 2039
f 2039 2058 2059
f 2039 2059 2060
f 2039 2060 2056
f 2040 2061 2062
f 2040 2062 2043
f 2040 2042 2063
f 2040 2063 2061
f 2041 2063 2042
f 2041 2055 2064
f 2041 2064 2063
f 2044 2065 2066
f 2044 2066 2067
f 2044 2067 2068
f 2050 2054 2072
f 2050 2072 2071
f 2052 2073 2058
f 2055 2057 2074
f 2055 2074 2064
f 2058 2073 2069
f 2061 2063 2075
f 2063 2067 2066
f 2063 2066 2065
f 2063 2065 2076
f 2063 2076 2077
f 2063 2077 2078
f 2063 2078 2075
f 2063 2064 2067
f 2064 2068 2067
f 2070 2079 2080
f 2071 2081 2082
f 2071 2072 2081
f 2072 2083 2084
f 2072 2084 2085
f 2072 2085 2081
f 2079 2086 2087
f 2079 2087 2080
f 2080 2087 2088
f 2081 2085 2084
f 2081 2084 2089
f 2081 2089 2090
f 2081 2090 2082
f 2083 2091 2084
f 2084 2091 2092
f 2084 2092 2089
f 2086 2093 2087
f 2087 2093 2088
f 2088 2093 2095
f 2088 2095 2096
f 2088 2096 2097
f 2088 2097 2098
f 2088 2098 2094
f 2089 2099 2100
f 2089 2100 2090
f 2089 2092 2099
f 2090 2100 2102
f 2090 2102 2101
f 2091 2094 2092
f 2092 2094 2099
f 2094 2098 2102
f 2094 2102 2099
f 2096 2103 2097
f 2097 2103 2098
f 2098 2103 2104
f 2098 2104 2105
f 2098 2105 2102
f 2099 2102 2100
f 2101 2102 2106
f 2102 2105 2106

o geometry_16
v 0.00105862 0.00508100 -0.00132984
v 0.00682647 0.00293258 0.00075968
v 0.00148631 0.00506668 -0.00132984
v 0.00105862 0.00508021 -0.00158720
v -0.00020001 0.00507941 -0.00200686
v -0.00051052 0.00508021 -0.00169571
v -0.00051052 0.00508021 -0.00132984
v 0.00679424 -0.00302254 0.00070402
v 0.00760469 -0.00302254 0.00070402
v 0.00760371 -0.00003702 0.00070402
v 0.00682647 0.00293258 0.00013208
v 0.00181537 0.00502928 -0.00132984
v -0.00236380 0.00321665 0.00015897
v -0.00236380 -0.00004737 0.00015897
v 0.00149802 0.00504360 -0.00160690
v 0.00063973 0.00506190 -0.00200686
v 0.00021986 0.00507861 -0.00200686
v -0.00020001 0.00503405 -0.00227735
v -0.00051052 0.00506509 -0.00200686
v -0.00236771 0.00321665 -0.00032855
v -0.00237064 0.00321665 0.00009111
v -0.00225054 -0.00304800 -0.00086922
v 0.00759395 -0.00302254 0.00068870
v 0.00759395 -0.00067678 0.00068870
v 0.00759395 -0.00003702 0.00068901
v -0.00179259 -0.00304800 -0.00086922
v 0.00183294 -0.00304800 -0.00138238
v 0.00183294 -0.00304800 -0.00193087
v 0.00653451 0.00293258 -0.00003085
v 0.00086431 0.00499666 -0.00222482
v 0.00137206 0.00501973 -0.00184863
v 0.00174897 0.00501973 -0.00147994
v 0.00712037 -0.00003702 0.00033221
v 0.00691142 -0.00003702 0.00017898
v -0.00236966 -0.00004737 0.00009111
v 0.00102640 0.00503008 -0.00199560
v 0.00063973 0.00501655 -0.00224921
v 0.00021986 0.00503326 -0.00227204
v -0.00020001 0.00477943 -0.00238618
v -0.00051052 0.00501973 -0.00225765
v -0.00051052 0.00505315 -0.00207659
v -0.00236771 0.00310047 -0.00032855
v -0.00229155 0.00321665 -0.00074789
v -0.00236673 -0.00004737 -0.00032855
v -0.00229155 -0.00004737 -0.00074789
v -0.00216852 -0.00304800 -0.00111313
v 0.00735472 -0.00302254 0.00050670
v 0.00712037 -0.00302254 0.00032940
v 0.00099223 -0.00304800 -0.00227235
v 0.00632457 -0.00302254 -0.00012622
v 0.00653451 -0.00302254 -0.00003085
v 0.00691142 -0.00302254 0.00017898
v 0.00703445 -0.00302254 0.00026592
v 0.00632457 0.00016270 -0.00012622
v 0.00632360 0.00293258 -0.00012622
v 0.00089849 0.00477943 -0.00224389
v 0.00063973 0.00477943 -0.00231707
v 0.00021986 0.00477943 -0.00237148
v -0.00020001 0.00436008 -0.00243496
v -0.00051052 0.00467121 -0.00235209
v -0.00051052 0.00477943 -0.00233927
v -0.00051052 0.00495369 -0.00228580
v -0.00165393 0.00321665 -0.00178046
v -0.00183457 0.00321665 -0.00157063
v -0.00204451 0.00321665 -0.00132296
v -0.00216852 0.00321665 -0.00111345
v -0.00220269 0.00321665 -0.00101244
v -0.00216852 -0.00004737 -0.00111345
v -0.00204451 0.00184086 -0.00132296
v -0.00204451 -0.00004737 -0.00132265
v -0.00204353 -0.00277587 -0.00132296
v -0.00204353 -0.00304800 -0.00132265
v 0.00099223 -0.00004737 -0.00227235
v 0.00190032 -0.00302254 -0.00190929
v 0.00063973 -0.00304800 -0.00236585
v 0.00609609 0.00293258 -0.00021847
v 0.00092973 0.00436008 -0.00226234
v 0.00063973 0.00436008 -0.00235647
v 0.00021986 0.00436008 -0.00241495
v 0.00021986 0.00393995 -0.00241557
v 0.00000993 -0.00004737 -0.00242527
v -0.00020001 -0.00304800 -0.00243465
v -0.00061890 -0.00304800 -0.00236116
v -0.00061890 -0.00004737 -0.00236116
v -0.00051052 0.00436008 -0.00238024
v -0.00111494 0.00321665 -0.00214946
v -0.00144400 0.00321665 -0.00193994
v -0.00165393 -0.00004737 -0.00178046
v -0.00183457 0.00100218 -0.00157063
v -0.00183360 -0.00304800 -0.00157032
v 0.00063973 0.00351981 -0.00236585
v 0.00099125 0.00310047 -0.00227204
v 0.00190032 0.00293258 -0.00190898
v 0.00190032 0.00100218 -0.00190929
v 0.00049131 -0.00304800 -0.00238336
v 0.00021986 -0.00004737 -0.00241557
v 0.00199796 0.00293258 -0.00186989
v 0.00096977 0.00351981 -0.00227204
v 0.00063973 0.00393995 -0.00236272
v 0.00007144 -0.00304800 -0.00242214
v -0.00090500 -0.00304800 -0.00224827
v -0.00069800 0.00321665 -0.00233020
v -0.00061890 0.00321665 -0.00236085
v -0.00090500 0.00321665 -0.00224827
v -0.00096359 0.00321665 -0.00222106
v -0.00111494 -0.00004737 -0.00214946
v -0.00144400 -0.00304800 -0.00193994
v -0.00165296 -0.00277587 -0.00178046
v -0.00165296 -0.00304800 -0.00178015
v 0.00021986 -0.00304800 -0.00241526
v -0.00111396 -0.00304800 -0.00214977
f 2107 2108 2109
f 2107 2109 2110
f 2107 2110 2111
f 2107 2111 2112
f 2107 2112 2113
f 2107 2113 2108
f 2108 2114 2115
f 2108 2115 2116
f 2108 2116 2117
f 2108 2117 2118
f 2108 2118 2109
f 2108 2113 2119
f 2108 2119 2120
f 2108 2120 2114
f 2109 2118 2121
f 2109 2121 2110
f 2110 2122 2123
f 2110 2123 2111
f 2110 2121 2122
f 2111 2124 2125
f 2111 2125 2112
f 2111 2123 2124
f 2112 2125 2126
f 2112 2126 2127
f 2112 2127 2113
f 2113 2127 2119
f 2114 2120 2128
f 2114 2128 2132
f 2114 2132 2115
f 2115 2129 2130
f 2115 2130 2131
f 2115 2131 2116
f 2115 2132 2133
f 2115 2133 2134
f 2115 2134 2129
f 2116 2131 2117
f 2117 2135 2136
f 2117 2136 2137
f 2117 2137 2138
f 2117 2138 2118
f 2117 2131 2139
f 2117 2139 2140
f 2117 2140 2135
f 2118 2138 2121
f 2119 2127 2120
f 2120 2127 2141
f 2120 2141 2128
f 2121 2138 2137
f 2121 2137 2142
f 2121 2142 2122
f 2122 2142 2143
f 2122 2143 2144
f 2122 2144 2123
f 2123 2144 2124
f 2124 2145 2146
f 2124 2146 2147
f 2124 2147 2125
f 2124 2144 2145
f 2125 2147 2126
f 2126 2148 2127
f 2126 2147 2146
f 2126 2146 2149
f 2126 2149 2151
f 2126 2151 2148
f 2127 2148 2141
f 2128 2141 2150
f 2128 2150 2151
f 2128 2151 2152
f 2128 2152 2178
f 2128 2178 2196
f 2128 2196 2215
f 2128 2215 2213
f 2128 2213 2217
f 2128 2217 2207
f 2128 2207 2189
f 2128 2189 2188
f 2128 2188 2206
f 2128 2206 2216
f 2128 2216 2201
f 2128 2201 2181
f 2128 2181 2155
f 2128 2155 2134
f 2128 2134 2133
f 2128 2133 2132
f 2129 2134 2153
f 2129 2153 2130
f 2130 2153 2154
f 2130 2154 2131
f 2131 2154 2139
f 2134 2155 2156
f 2134 2156 2157
f 2134 2157 2158
f 2134 2158 2159
f 2134 2159 2154
f 2134 2154 2153
f 2135 2157 2156
f 2135 2156 2160
f 2135 2160 2161
f 2135 2161 2136
f 2135 2140 2158
f 2135 2158 2157
f 2136 2162 2163
f 2136 2163 2143
f 2136 2143 2142
f 2136 2142 2137
f 2136 2161 2162
f 2139 2154 2159
f 2139 2159 2140
f 2140 2159 2158
f 2141 2148 2150
f 2143 2163 2164
f 2143 2164 2144
f 2144 2164 2145
f 2145 2164 2165
f 2145 2165 2166
f 2145 2166 2167
f 2145 2167 2168
f 2145 2168 2146
f 2146 2168 2169
f 2146 2169 2170
f 2146 2170 2171
f 2146 2171 2172
f 2146 2172 2173
f 2146 2173 2149
f 2148 2151 2150
f 2149 2173 2151
f 2151 2173 2152
f 2152 2173 2174
f 2152 2174 2175
f 2152 2175 2176
f 2152 2176 2177
f 2152 2177 2178
f 2155 2179 2200
f 2155 2200 2180
f 2155 2180 2156
f 2155 2181 2197
f 2155 2197 2179
f 2156 2180 2182
f 2156 2182 2160
f 2160 2182 2161
f 2161 2182 2183
f 2161 2183 2162
f 2162 2183 2184
f 2162 2184 2163
f 2163 2184 2185
f 2163 2185 2164
f 2164 2185 2165
f 2165 2185 2186
f 2165 2186 2202
f 2165 2202 2187
f 2165 2187 2188
f 2165 2188 2189
f 2165 2189 2190
f 2165 2190 2191
f 2165 2191 2166
f 2166 2191 2192
f 2166 2192 2167
f 2167 2192 2193
f 2167 2193 2169
f 2167 2169 2168
f 2169 2193 2213
f 2169 2213 2194
f 2169 2194 2195
f 2169 2195 2170
f 2170 2195 2175
f 2170 2175 2171
f 2171 2175 2174
f 2171 2174 2172
f 2172 2174 2173
f 2175 2195 2176
f 2176 2195 2177
f 2177 2195 2196
f 2177 2196 2178
f 2179 2197 2198
f 2179 2198 2199
f 2179 2199 2200
f 2180 2200 2182
f 2181 2201 2202
f 2181 2202 2186
f 2181 2186 2197
f 2182 2200 2203
f 2182 2203 2204
f 2182 2204 2183
f 2183 2204 2184
f 2184 2204 2198
f 2184 2198 2205
f 2184 2205 2185
f 2185 2205 2197
f 2185 2197 2186
f 2187 2202 2206
f 2187 2206 2188
f 2189 2207 2208
f 2189 2208 2190
f 2190 2209 2191
f 2190 2208 2209
f 2191 2209 2208
f 2191 2208 2210
f 2191 2210 2211
f 2191 2211 2192
f 2192 2211 2212
f 2192 2212 2213
f 2192 2213 2193
f 2194 2196 2195
f 2194 2213 2214
f 2194 2214 2196
f 2196 2214 2215
f 2197 2205 2198
f 2198 2204 2203
f 2198 2203 2199
f 2199 2203 2200
f 2201 2216 2202
f 2202 2216 2206
f 2207 2217 2211
f 2207 2211 2210
f 2207 2210 2208
f 2211 2217 2212
f 2212 2217 2213
f 2213 2215 2214

o geometry_17
v -0.00320703 -0.00198926 0.00457972
v -0.00248504 -0.00198926 0.00457972
v -0.00305408 -0.00229677 0.00457972
v -0.00303609 -0.00228025 0.00461449
v -0.00289889 -0.00203197 0.00489444
v -0.00296637 -0.00198926 0.00483589
v 0.00871598 -0.00122904 0.01663802
v 0.01531064 -0.00003405 0.01935708
v 0.01531064 -0.00003405 0.01871116
v 0.00448074 -0.00124727 0.00847168
v 0.00512176 -0.00124727 0.00847168
v 0.00260041 -0.00191239 0.00598683
v 0.00018252 -0.00226687 0.00457972
v -0.00286740 -0.00251458 0.00457972
v -0.00249853 -0.00256042 0.00491640
v -0.00065419 -0.00243372 0.00687976
v -0.00052148 -0.00228481 0.00713776
v 0.01512171 -0.00214472 0.02296908
v 0.01176590 -0.00212536 0.01960410
v 0.00296928 -0.00207269 0.01078087
v 0.01172991 -0.00184576 0.01964070
v 0.01047486 -0.00183864 0.01837997
v 0.00880145 -0.00182925 0.01669657
v 0.00871598 -0.00151719 0.01663802
v 0.01195258 -0.00122904 0.01989138
v 0.01555130 -0.00003405 0.01960044
v 0.01587294 -0.00003405 0.01927840
v 0.01943792 -0.00254989 0.02081725
v 0.00259816 -0.00193687 0.00598683
v 0.00018252 -0.00281411 0.00457972
v 0.01943792 -0.00268798 0.02081725
v -0.00265822 -0.00265324 0.00457972
v -0.00263798 -0.00264043 0.00463644
v 0.00043443 -0.00256583 0.00786053
v 0.00338538 -0.00252996 0.01085772
v 0.01225847 -0.00238902 0.01989138
v 0.01223148 -0.00235627 0.01989138
v 0.01565477 -0.00242803 0.02327099
v 0.01549282 -0.00223043 0.02327099
v 0.01537587 -0.00195965 0.02327099
v 0.01195258 -0.00151719 0.01989138
v 0.01520493 -0.00193744 0.02310448
v 0.01537362 -0.00193744 0.02327099
v 0.01576048 -0.00003405 0.01973036
v 0.01595841 -0.00003405 0.01937538
v 0.01977080 -0.00255103 0.02117406
v 0.00253068 -0.00209547 0.00598683
v 0.00009480 -0.00284316 0.00457972
v 0.00237324 -0.00235030 0.00598683
v 0.00234175 -0.00238475 0.00598683
v 0.00214607 -0.00258149 0.00598683
v 0.01955713 -0.00278109 0.02105329
v 0.01910054 -0.00278507 0.02067087
v 0.01868894 -0.00293142 0.02066172
v 0.01977080 -0.00268143 0.02117406
v 0.00260266 -0.00223185 0.00611308
v -0.00250078 -0.00271332 0.00457972
v 0.00106195 -0.00275404 0.00807095
v -0.00054398 -0.00264186 0.00674070
v 0.00336514 -0.00256925 0.01080283
v 0.01216176 -0.00257979 0.01962972
v 0.01551757 -0.00258377 0.02299470
v 0.01585270 -0.00261424 0.02327099
v 0.01604838 -0.00193744 0.02327099
v 0.01605288 -0.00003405 0.01973036
v 0.01605288 -0.00003405 0.01948882
v 0.01977080 -0.00255103 0.02132410
v -0.00032580 -0.00289697 0.00457972
v 0.01977080 -0.00268143 0.02132410
v 0.01950765 -0.00277710 0.02147963
v 0.01910954 -0.00292601 0.02150159
v 0.01910954 -0.00293114 0.02108257
v 0.01491253 -0.00293427 0.02066172
v 0.00631834 -0.00293996 0.01206721
v 0.00484061 -0.00294082 0.01058874
v 0.00023875 -0.00294253 0.00598683
v -0.00061595 -0.00294281 0.00513415
v -0.00116475 -0.00294281 0.00457972
v -0.00074640 -0.00292943 0.00457972
v -0.00061595 -0.00291946 0.00457972
v -0.00200596 -0.00286053 0.00457972
v -0.00145715 -0.00286081 0.00513415
v 0.00490584 -0.00276173 0.01191717
v 0.01252163 -0.00263445 0.01989138
v 0.01577847 -0.00264015 0.02315206
v 0.01575148 -0.00278308 0.02276048
v 0.01617208 -0.00272500 0.02317951
v 0.01617208 -0.00267318 0.02327099
v 0.01784774 -0.00253878 0.02327099
v 0.01809290 -0.00255131 0.02303312
v 0.01809290 -0.00267944 0.02303312
v 0.01784774 -0.00277368 0.02327099
v 0.01868894 -0.00292573 0.02192061
v 0.01826834 -0.00293171 0.02192061
v 0.01659044 -0.00293313 0.02233963
v 0.01617208 -0.00291462 0.02233963
v 0.00567731 -0.00292060 0.01184946
v 0.00390944 -0.00294110 0.00965921
v -0.00103655 -0.00294281 0.00471330
v 0.00315821 -0.00292146 0.00932802
v -0.00145715 -0.00292715 0.00457972
v -0.00158535 -0.00292003 0.00457972
v 0.01287925 -0.00277767 0.01989138
v -0.00086336 -0.00292032 0.00530432
v 0.00306824 -0.00286394 0.00965921
v 0.01449193 -0.00286850 0.02108257
v 0.01575148 -0.00286907 0.02233963
v 0.01617208 -0.00286565 0.02276048
v 0.00661748 -0.00286594 0.01320717
v 0.01745188 -0.00279162 0.02327099
v 0.01826834 -0.00291178 0.02233963
v 0.01491253 -0.00291519 0.02108257
v 0.00232151 -0.00292146 0.00848998
f 2218 2219 2230
f 2218 2230 2247
f 2218 2247 2265
f 2218 2265 2285
f 2218 2285 2297
f 2218 2297 2296
f 2218 2296 2295
f 2218 2295 2318
f 2218 2318 2319
f 2218 2319 2298
f 2218 2298 2274
f 2218 2274 2249
f 2218 2249 2231
f 2218 2231 2220
f 2218 2220 2221
f 2218 2221 2222
f 2218 2222 2223
f 2218 2223 2224
f 2218 2224 2225
f 2218 2225 2226
f 2218 2226 2227
f 2218 2227 2228
f 2218 2228 2219
f 2219 2228 2229
f 2219 2229 2230
f 2220 2231 2221
f 2221 2231 2232
f 2221 2232 2233
f 2221 2233 2234
f 2221 2234 2235
f 2221 2235 2236
f 2221 2236 2237
f 2221 2237 2222
f 2222 2237 2238
f 2222 2238 2223
f 2223 2238 2239
f 2223 2239 2240
f 2223 2240 2241
f 2223 2241 2224
f 2224 2241 2258
f 2224 2258 2242
f 2224 2242 2243
f 2224 2243 2225
f 2225 2243 2261
f 2225 2261 2282
f 2225 2282 2283
f 2225 2283 2262
f 2225 2262 2244
f 2225 2244 2226
f 2226 2244 2245
f 2226 2245 2228
f 2226 2228 2227
f 2228 2245 2229
f 2229 2246 2247
f 2229 2247 2230
f 2229 2245 2248
f 2229 2248 2246
f 2231 2249 2250
f 2231 2250 2232
f 2232 2250 2251
f 2232 2251 2233
f 2233 2251 2252
f 2233 2252 2253
f 2233 2253 2234
f 2234 2253 2254
f 2234 2254 2235
f 2235 2255 2256
f 2235 2256 2257
f 2235 2257 2238
f 2235 2238 2236
f 2235 2254 2255
f 2236 2238 2237
f 2238 2258 2239
f 2238 2257 2259
f 2238 2259 2258
f 2239 2258 2241
f 2239 2241 2240
f 2242 2258 2259
f 2242 2259 2260
f 2242 2260 2261
f 2242 2261 2243
f 2244 2262 2263
f 2244 2263 2245
f 2245 2263 2272
f 2245 2272 2248
f 2246 2264 2247
f 2246 2248 2264
f 2247 2264 2266
f 2247 2266 2267
f 2247 2267 2268
f 2247 2268 2248
f 2247 2248 2269
f 2247 2269 2270
f 2247 2270 2271
f 2247 2271 2265
f 2248 2272 2269
f 2248 2268 2267
f 2248 2267 2266
f 2248 2266 2273
f 2248 2273 2264
f 2249 2274 2250
f 2250 2274 2275
f 2250 2275 2276
f 2250 2276 2251
f 2251 2277 2252
f 2251 2276 2277
f 2252 2277 2278
f 2252 2278 2255
f 2252 2255 2253
f 2253 2255 2254
f 2255 2279 2280
f 2255 2280 2305
f 2255 2305 2327
f 2255 2327 2309
f 2255 2309 2306
f 2255 2306 2281
f 2255 2281 2260
f 2255 2260 2257
f 2255 2257 2256
f 2255 2278 2279
f 2257 2260 2259
f 2260 2281 2282
f 2260 2282 2261
f 2262 2283 2263
f 2263 2283 2282
f 2263 2282 2284
f 2263 2284 2286
f 2263 2286 2272
f 2264 2273 2266
f 2265 2271 2285
f 2269 2272 2286
f 2269 2286 2287
f 2269 2287 2288
f 2269 2288 2289
f 2269 2289 2271
f 2269 2271 2270
f 2271 2289 2290
f 2271 2290 2291
f 2271 2291 2292
f 2271 2292 2293
f 2271 2293 2294
f 2271 2294 2295
f 2271 2295 2296
f 2271 2296 2297
f 2271 2297 2285
f 2274 2298 2275
f 2275 2298 2299
f 2275 2299 2300
f 2275 2300 2276
f 2276 2301 2278
f 2276 2278 2277
f 2276 2300 2302
f 2276 2302 2301
f 2278 2301 2279
f 2279 2302 2280
f 2279 2301 2302
f 2280 2302 2303
f 2280 2303 2304
f 2280 2304 2305
f 2281 2306 2282
f 2282 2306 2284
f 2284 2307 2308
f 2284 2308 2286
f 2284 2306 2307
f 2286 2308 2309
f 2286 2309 2287
f 2287 2309 2288
f 2288 2310 2311
f 2288 2311 2289
f 2288 2309 2310
f 2289 2311 2312
f 2289 2312 2290
f 2290 2312 2313
f 2290 2313 2291
f 2291 2314 2292
f 2291 2313 2314
f 2292 2314 2315
f 2292 2315 2294
f 2292 2294 2293
f 2294 2316 2295
f 2294 2315 2314
f 2294 2314 2317
f 2294 2317 2316
f 2295 2316 2318
f 2298 2319 2299
f 2299 2320 2300
f 2299 2319 2321
f 2299 2321 2322
f 2299 2322 2303
f 2299 2303 2320
f 2300 2320 2302
f 2302 2320 2303
f 2303 2323 2324
f 2303 2324 2325
f 2303 2325 2304
f 2303 2322 2326
f 2303 2326 2323
f 2304 2325 2327
f 2304 2327 2305
f 2306 2309 2308
f 2306 2308 2307
f 2309 2327 2328
f 2309 2328 2310
f 2310 2328 2311
f 2311 2328 2312
f 2312 2328 2327
f 2312 2327 2325
f 2312 2325 2313
f 2313 2325 2324
f 2313 2324 2329
f 2313 2329 2314
f 2314 2329 2324
f 2314 2324 2317
f 2316 2321 2318
f 2316 2317 2330
f 2316 2330 2321
f 2317 2324 2323
f 2317 2323 2330
f 2318 2321 2319
f 2321 2330 2326
f 2321 2326 2322
f 2323 2326 2330

o geometry_18
v 0.01822028 0.00283457 0.01838754
v 0.01989305 0.00310891 0.01989279
v 0.01838328 0.00283457 0.01838754
v 0.01822201 0.00281539 0.01838754
v 0.01406840 0.00241453 0.01989279
v 0.01406840 0.00282717 0.01989279
v 0.01407360 0.00282755 0.01989279
v 0.01989652 0.00310891 0.01989494
v 0.01997340 0.00310891 0.01989279
v 0.01407360 0.00281178 0.02024319
v 0.01617237 0.00281216 0.02234134
v 0.01659317 0.00283211 0.02234134
v 0.01838328 0.00116807 0.01838754
v 0.01406898 0.00184288 0.02124755
v 0.01406840 0.00184288 0.02125056
v 0.01406840 0.00281102 0.02024319
v 0.01996993 0.00310891 0.01993879
v 0.01997340 0.00310891 0.01993535
v 0.01997340 0.00292273 0.01989279
v 0.01407360 0.00276390 0.02066239
v 0.01449324 0.00276390 0.02108245
v 0.01575273 0.00276371 0.02234134
v 0.01617237 0.00276219 0.02276097
v 0.01827114 0.00281292 0.02234134
v 0.01997282 0.00310891 0.01993965
v 0.01977051 0.00245557 0.02117403
v 0.01977051 0.00245557 0.02132537
v 0.01935434 0.00245557 0.02174457
v 0.01851391 0.00245576 0.02258426
v 0.01824918 0.00244398 0.02277989
v 0.01559667 0.00184288 0.02277989
v 0.01490479 0.00184288 0.02277989
v 0.01484525 0.00184288 0.02272528
v 0.01426839 0.00184288 0.02214614
v 0.01410712 0.00184288 0.02198405
v 0.01406840 0.00184288 0.02194106
v 0.01406840 0.00276276 0.02066239
v 0.01997340 0.00310492 0.01993836
v 0.01997340 0.00310245 0.01993836
v 0.01575273 0.00267024 0.02276097
v 0.01617237 0.00275573 0.02277989
v 0.01821276 0.00268164 0.02277989
v 0.01824918 0.00266910 0.02277989
v 0.01950867 0.00267993 0.02147973
v 0.01977051 0.00258513 0.02132537
v 0.01935434 0.00258456 0.02174457
v 0.01851391 0.00258323 0.02258426
v 0.01490941 0.00187252 0.02277989
v 0.01406840 0.00187157 0.02193590
v 0.01406840 0.00266777 0.02108159
v 0.01407360 0.00266948 0.02108245
v 0.01575447 0.00266340 0.02277989
v 0.01491346 0.00188373 0.02277989
v 0.01471751 0.00201671 0.02253654
v 0.01429845 0.00201538 0.02211648
v 0.01406840 0.00187727 0.02193375
v 0.01406840 0.00251731 0.02143458
v 0.01411233 0.00252624 0.02146296
v 0.01495103 0.00252681 0.02230308
v 0.01537067 0.00252719 0.02272270
v 0.01540766 0.00251579 0.02277989
v 0.01515275 0.00226122 0.02277989
v 0.01406840 0.00226122 0.02169255
v 0.01406840 0.00216680 0.02176650
v 0.01406840 0.00232714 0.02163580
v 0.01427764 0.00247513 0.02171749
v 0.01469728 0.00247551 0.02213755
v 0.01511692 0.00247570 0.02255761
f 2331 2332 2339
f 2331 2339 2333
f 2331 2333 2343
f 2331 2343 2334
f 2331 2334 2335
f 2331 2335 2336
f 2331 2336 2337
f 2331 2337 2332
f 2332 2338 2347
f 2332 2347 2355
f 2332 2355 2348
f 2332 2348 2339
f 2332 2337 2340
f 2332 2340 2341
f 2332 2341 2342
f 2332 2342 2338
f 2333 2339 2349
f 2333 2349 2343
f 2334 2343 2335
f 2335 2344 2345
f 2335 2345 2366
f 2335 2366 2379
f 2335 2379 2386
f 2335 2386 2394
f 2335 2394 2393
f 2335 2393 2395
f 2335 2395 2387
f 2335 2387 2380
f 2335 2380 2367
f 2335 2367 2346
f 2335 2346 2336
f 2335 2343 2344
f 2336 2346 2340
f 2336 2340 2337
f 2338 2342 2347
f 2339 2348 2368
f 2339 2368 2369
f 2339 2369 2349
f 2340 2346 2350
f 2340 2350 2341
f 2341 2350 2351
f 2341 2351 2352
f 2341 2352 2353
f 2341 2353 2342
f 2342 2353 2354
f 2342 2354 2355
f 2342 2355 2347
f 2343 2349 2356
f 2343 2356 2357
f 2343 2357 2358
f 2343 2358 2359
f 2343 2359 2360
f 2343 2360 2361
f 2343 2361 2362
f 2343 2362 2363
f 2343 2363 2364
f 2343 2364 2365
f 2343 2365 2366
f 2343 2366 2345
f 2343 2345 2344
f 2346 2367 2350
f 2348 2355 2368
f 2349 2369 2357
f 2349 2357 2356
f 2350 2367 2351
f 2351 2370 2352
f 2351 2367 2370
f 2352 2370 2353
f 2353 2371 2372
f 2353 2372 2354
f 2353 2370 2371
f 2354 2372 2355
f 2355 2372 2373
f 2355 2373 2374
f 2355 2374 2375
f 2355 2375 2368
f 2357 2375 2376
f 2357 2376 2358
f 2357 2369 2368
f 2357 2368 2375
f 2358 2376 2377
f 2358 2377 2359
f 2359 2377 2373
f 2359 2373 2360
f 2360 2373 2372
f 2360 2372 2371
f 2360 2371 2382
f 2360 2382 2391
f 2360 2391 2392
f 2360 2392 2383
f 2360 2383 2378
f 2360 2378 2362
f 2360 2362 2361
f 2362 2378 2363
f 2363 2378 2379
f 2363 2379 2364
f 2364 2379 2365
f 2365 2379 2366
f 2367 2380 2381
f 2367 2381 2370
f 2370 2381 2380
f 2370 2380 2382
f 2370 2382 2371
f 2373 2377 2376
f 2373 2376 2375
f 2373 2375 2374
f 2378 2383 2384
f 2378 2384 2385
f 2378 2385 2379
f 2379 2385 2386
f 2380 2387 2388
f 2380 2388 2389
f 2380 2389 2390
f 2380 2390 2382
f 2382 2390 2391
f 2383 2392 2384
f 2384 2392 2393
f 2384 2393 2385
f 2385 2393 2394
f 2385 2394 2386
f 2387 2395 2396
f 2387 2396 2389
f 2387 2389 2388
f 2389 2397 2391
f 2389 2391 2390
f 2389 2396 2397
f 2391 2397 2398
f 2391 2398 2392
f 2392 2398 2397
f 2392 2397 2396
f 2392 2396 2395
f 2392 2395 2393

o geometry_19
v -0.00203438 0.00309956 0.00280172
v -0.00203438 0.00311568 0.00280172
v -0.00201923 0.00302518 0.00280172
v -0.00398846 0.00311568 0.00280901
v -0.00184503 0.00337355 0.00280172
v -0.00185512 0.00265760 0.00280172
v -0.00462720 -0.00003636 0.00282358
v -0.00462720 0.00141972 0.00282358
v -0.00461963 0.00183937 0.00282358
v -0.00461206 0.00210157 0.00282358
v -0.00437221 0.00311568 0.00281873
v -0.00145370 0.00207244 0.00280172
v -0.00124921 0.00182573 0.00280172
v -0.00456914 0.00311568 0.00283330
v -0.00475849 0.00311568 0.00286974
v -0.00184503 0.00337355 0.00339931
v -0.00102199 0.00337355 0.00280172
v -0.00459943 -0.00003636 0.00282358
v -0.00320329 -0.00198709 0.00458235
v -0.00475849 -0.00003636 0.00285274
v -0.00475849 0.00141972 0.00285274
v -0.00475849 0.00183937 0.00285516
v -0.00057007 0.00182573 0.00280172
v -0.00475849 0.00311568 0.00329729
v -0.00160771 0.00337355 0.00342118
v 0.01952877 0.00284232 0.02695806
v 0.01952877 0.00286153 0.02653780
v -0.00096139 0.00337355 0.00303493
v 0.02036949 0.00283302 0.02611754
v 0.02036949 0.00282496 0.02569971
v 0.01824624 0.00266875 0.02277977
v 0.01574935 0.00258383 0.01982096
v 0.01587054 0.00255098 0.01988898
v 0.01560545 0.00251565 0.01954160
v 0.01588568 0.00238919 0.01968249
v 0.01599677 0.00210963 0.01956589
v 0.01584529 0.00183999 0.01930596
v -0.00248629 -0.00198709 0.00458235
v -0.00296345 -0.00198709 0.00483742
v -0.00322097 -0.00196043 0.00458235
v -0.00475849 -0.00003636 0.00334587
v -0.00065339 -0.00284561 0.00598888
v -0.00110025 -0.00271296 0.00598888
v -0.00114317 -0.00269746 0.00598888
v -0.00133757 -0.00261564 0.00598888
v -0.00124163 -0.00256171 0.00617836
v -0.00153197 -0.00244145 0.00598888
v -0.00157994 -0.00238442 0.00598888
v 0.00630206 0.00141972 0.00965946
v 0.00630206 -0.00152157 0.00965946
v 0.01587306 0.00142034 0.01927681
v -0.00475849 0.00183565 0.00333615
v 0.01925611 0.00226088 0.02723013
v 0.01927631 0.00256152 0.02720827
v 0.01912482 0.00266132 0.02694105
v -0.00145370 0.00337355 0.00342361
v 0.01955149 0.00264768 0.02735888
v 0.01970802 0.00253734 0.02760666
v 0.01977114 0.00253734 0.02760666
v 0.01994787 0.00281690 0.02695806
v 0.01994787 0.00284046 0.02653780
v -0.00100431 0.00337355 0.00316611
v -0.00109268 0.00337355 0.00335559
v -0.00122648 0.00337355 0.00338960
v 0.02078858 0.00278715 0.02611754
v 0.02076586 0.00267433 0.02572157
v 0.02102590 0.00257949 0.02587705
v 0.01603211 0.00183999 0.01951730
v -0.00312251 -0.00188915 0.00470139
v -0.00172384 -0.00218483 0.00598888
v 0.01676427 -0.00264973 0.02468672
v -0.00326136 -0.00180175 0.00458235
v -0.00475849 0.00141972 0.00334587
v -0.00293063 -0.00174968 0.00492973
v 0.01674407 -0.00235529 0.02470372
v 0.01925611 -0.00235529 0.02722770
v 0.00745331 -0.00190093 0.01086193
v 0.00631469 -0.00293735 0.01203039
v 0.00490592 -0.00292991 0.01086193
v 0.00468880 -0.00291937 0.01086193
v 0.01701168 -0.00293363 0.02443894
v 0.01661026 -0.00274519 0.02441707
v -0.00135777 -0.00228153 0.00629739
v 0.01530753 -0.00038348 0.01870594
v 0.01530753 -0.00122651 0.01870594
v 0.01215928 -0.00151537 0.01554793
v 0.01211889 -0.00189101 0.01554793
v 0.01605231 0.00142034 0.01948572
v 0.01605484 0.00016386 0.01948572
v 0.01587306 -0.00003264 0.01927681
v 0.01948080 -0.00235529 0.02743904
v 0.01948080 0.00184123 0.02743904
v 0.01948333 0.00226088 0.02743904
v 0.01969287 0.00226088 0.02761881
v 0.01978629 0.00226088 0.02761881
v 0.02101327 0.00254230 0.02634589
v 0.01992514 0.00263652 0.02734673
v 0.02075576 0.00262784 0.02650622
v 0.02103347 0.00260615 0.02611754
v 0.02102590 0.00245552 0.02587705
v 0.01702935 -0.00275015 0.02483976
v 0.01927631 -0.00265655 0.02720827
v 0.00861465 -0.00190093 0.01203039
v 0.00631469 -0.00293921 0.01206683
v 0.00627682 -0.00293921 0.01203039
v 0.01784735 -0.00277246 0.02327290
v 0.01406793 -0.00293053 0.01989141
v 0.01743078 -0.00295904 0.02443894
v 0.01743078 -0.00293487 0.02485920
v 0.01605484 -0.00003264 0.01948572
v 0.02063457 -0.00268630 0.02626329
v 0.01970550 -0.00263237 0.02760666
v 0.01969035 -0.00235529 0.02761638
v 0.01978629 -0.00235529 0.02761638
v 0.02101327 0.00246110 0.02634589
v 0.02103347 0.00245242 0.02611754
v 0.01912482 -0.00275635 0.02693862
v 0.01955149 -0.00274271 0.02735888
v 0.01952877 -0.00295780 0.02653537
v 0.01910715 -0.00295842 0.02611511
v 0.01784735 -0.00295904 0.02485920
v 0.02036191 -0.00278362 0.02611997
v 0.01994787 -0.00292991 0.02611511
v 0.01952877 -0.00293797 0.02695563
v 0.02062953 -0.00270924 0.02653537
v 0.02036696 -0.00289086 0.02653537
v 0.01976861 -0.00263237 0.02760666
v 0.02059418 -0.00263547 0.02676372
v 0.01994787 -0.00293735 0.02653537
v 0.01997059 -0.00292805 0.02613940
v 0.01997059 -0.00293549 0.02653537
v 0.01994787 -0.00291317 0.02695563
v 0.02033666 -0.00272473 0.02692405
v 0.01997059 -0.00290264 0.02695320
v 0.01992514 -0.00273217 0.02734673
f 2399 2400 2403
f 2399 2403 2415
f 2399 2415 2421
f 2399 2421 2411
f 2399 2411 2410
f 2399 2410 2404
f 2399 2404 2401
f 2399 2401 2402
f 2399 2402 2400
f 2400 2402 2403
f 2401 2404 2402
f 2402 2405 2406
f 2402 2406 2407
f 2402 2407 2408
f 2402 2408 2409
f 2402 2409 2403
f 2402 2404 2410
f 2402 2410 2411
f 2402 2411 2405
f 2403 2409 2412
f 2403 2412 2413
f 2403 2413 2422
f 2403 2422 2414
f 2403 2414 2423
f 2403 2423 2454
f 2403 2454 2462
f 2403 2462 2461
f 2403 2461 2460
f 2403 2460 2426
f 2403 2426 2415
f 2405 2416 2436
f 2405 2436 2417
f 2405 2417 2418
f 2405 2418 2419
f 2405 2419 2406
f 2405 2411 2421
f 2405 2421 2416
f 2406 2419 2407
f 2407 2419 2420
f 2407 2420 2408
f 2408 2420 2413
f 2408 2413 2412
f 2408 2412 2409
f 2413 2420 2419
f 2413 2419 2418
f 2413 2418 2439
f 2413 2439 2471
f 2413 2471 2450
f 2413 2450 2422
f 2414 2422 2424
f 2414 2424 2425
f 2414 2425 2423
f 2415 2426 2427
f 2415 2427 2428
f 2415 2428 2429
f 2415 2429 2430
f 2415 2430 2431
f 2415 2431 2432
f 2415 2432 2433
f 2415 2433 2434
f 2415 2434 2435
f 2415 2435 2421
f 2416 2421 2436
f 2417 2437 2438
f 2417 2438 2439
f 2417 2439 2418
f 2417 2436 2440
f 2417 2440 2441
f 2417 2441 2442
f 2417 2442 2443
f 2417 2443 2444
f 2417 2444 2445
f 2417 2445 2446
f 2417 2446 2437
f 2421 2447 2448
f 2421 2448 2440
f 2421 2440 2436
f 2421 2435 2449
f 2421 2449 2447
f 2422 2450 2451
f 2422 2451 2452
f 2422 2452 2453
f 2422 2453 2424
f 2423 2425 2454
f 2424 2453 2455
f 2424 2455 2456
f 2424 2456 2457
f 2424 2457 2458
f 2424 2458 2459
f 2424 2459 2425
f 2425 2459 2427
f 2425 2427 2426
f 2425 2426 2460
f 2425 2460 2461
f 2425 2461 2462
f 2425 2462 2454
f 2427 2459 2458
f 2427 2458 2463
f 2427 2463 2428
f 2428 2463 2464
f 2428 2464 2429
f 2429 2464 2465
f 2429 2465 2433
f 2429 2433 2431
f 2429 2431 2430
f 2431 2433 2432
f 2433 2465 2434
f 2434 2465 2466
f 2434 2466 2435
f 2435 2466 2449
f 2437 2467 2438
f 2437 2446 2468
f 2437 2468 2469
f 2437 2469 2467
f 2438 2467 2470
f 2438 2470 2439
f 2439 2470 2472
f 2439 2472 2469
f 2439 2469 2473
f 2439 2473 2474
f 2439 2474 2451
f 2439 2451 2471
f 2440 2448 2475
f 2440 2475 2476
f 2440 2476 2477
f 2440 2477 2478
f 2440 2478 2479
f 2440 2479 2441
f 2441 2479 2442
f 2442 2479 2443
f 2443 2479 2480
f 2443 2480 2444
f 2444 2480 2469
f 2444 2469 2445
f 2445 2469 2446
f 2446 2481 2468
f 2446 2469 2481
f 2447 2449 2482
f 2447 2482 2483
f 2447 2483 2448
f 2448 2483 2484
f 2448 2484 2485
f 2448 2485 2475
f 2449 2466 2486
f 2449 2486 2487
f 2449 2487 2508
f 2449 2508 2488
f 2449 2488 2483
f 2449 2483 2482
f 2450 2471 2451
f 2451 2474 2489
f 2451 2489 2490
f 2451 2490 2491
f 2451 2491 2452
f 2452 2491 2456
f 2452 2456 2455
f 2452 2455 2453
f 2456 2491 2492
f 2456 2492 2493
f 2456 2493 2457
f 2457 2493 2494
f 2457 2494 2495
f 2457 2495 2458
f 2458 2495 2496
f 2458 2496 2463
f 2463 2496 2494
f 2463 2494 2497
f 2463 2497 2465
f 2463 2465 2464
f 2465 2497 2514
f 2465 2514 2498
f 2465 2498 2508
f 2465 2508 2487
f 2465 2487 2486
f 2465 2486 2466
f 2467 2469 2470
f 2468 2481 2469
f 2469 2480 2499
f 2469 2499 2500
f 2469 2500 2474
f 2469 2474 2473
f 2469 2472 2470
f 2474 2500 2489
f 2475 2485 2501
f 2475 2501 2476
f 2476 2502 2503
f 2476 2503 2477
f 2476 2501 2504
f 2476 2504 2505
f 2476 2505 2502
f 2477 2503 2506
f 2477 2506 2478
f 2478 2506 2479
f 2479 2506 2507
f 2479 2507 2499
f 2479 2499 2480
f 2483 2488 2508
f 2483 2508 2509
f 2483 2509 2485
f 2483 2485 2484
f 2485 2509 2504
f 2485 2504 2501
f 2489 2500 2510
f 2489 2510 2511
f 2489 2511 2492
f 2489 2492 2490
f 2490 2492 2491
f 2492 2511 2512
f 2492 2512 2493
f 2493 2512 2513
f 2493 2513 2494
f 2494 2513 2514
f 2494 2514 2497
f 2494 2496 2495
f 2498 2514 2509
f 2498 2509 2508
f 2499 2507 2515
f 2499 2515 2500
f 2500 2515 2516
f 2500 2516 2510
f 2502 2505 2517
f 2502 2517 2518
f 2502 2518 2519
f 2502 2519 2506
f 2502 2506 2503
f 2504 2509 2520
f 2504 2520 2521
f 2504 2521 2505
f 2505 2521 2517
f 2506 2519 2522
f 2506 2522 2507
f 2507 2522 2515
f 2509 2514 2523
f 2509 2523 2524
f 2509 2524 2520
f 2510 2525 2512
f 2510 2512 2511
f 2510 2516 2522
f 2510 2522 2525
f 2512 2526 2513
f 2512 2525 2526
f 2513 2526 2523
f 2513 2523 2514
f 2515 2522 2516
f 2517 2522 2518
f 2517 2521 2527
f 2517 2527 2522
f 2518 2522 2519
f 2520 2524 2521
f 2521 2524 2528
f 2521 2528 2529
f 2521 2529 2527
f 2522 2527 2530
f 2522 2530 2525
f 2523 2526 2524
f 2524 2531 2532
f 2524 2532 2530
f 2524 2530 2529
f 2524 2529 2528
f 2524 2526 2531
f 2525 2530 2533
f 2525 2533 2526
f 2526 2533 2531
f 2527 2529 2530
f 2530 2532 2533
f 2531 2533 2532

o geometry_20
v 0.01406759 -0.00620074 0.02963760
v 0.01406759 -0.00625874 0.02956892
v 0.01406759 -0.00620074 0.02875048
v 0.01068474 -0.00620074 0.02723761
v 0.01406759 -0.00777277 0.02276671
v 0.01406668 -0.00690770 0.01989358
v 0.00681253 -0.00620074 0.02276671
v 0.01384467 -0.00635407 0.02928085
v 0.01406759 -0.00640574 0.02936384
v 0.01406668 -0.00739870 0.01989358
v 0.00581571 -0.00682872 0.01989358
v 0.00582658 -0.00620074 0.02276671
v 0.01301277 -0.00676902 0.02801598
v 0.01397153 -0.00672321 0.02877528
v 0.01165981 -0.00639109 0.02766114
v 0.00986281 -0.00620074 0.02661948
v 0.01406668 -0.00775735 0.02233745
v 0.01406668 -0.00770336 0.02149707
v 0.01406668 -0.00764906 0.02100296
v 0.01406759 -0.00777601 0.02317688
v 0.01310067 -0.00761034 0.01989358
v 0.01399600 -0.00762330 0.02075113
v 0.00480982 -0.00682872 0.01989358
v 0.00596251 -0.00629545 0.02276671
v 0.00480982 -0.00682872 0.02012824
v 0.01085691 -0.00679355 0.02637910
v 0.01349895 -0.00680496 0.02829595
v 0.01406759 -0.00683967 0.02862457
v 0.01067295 -0.00636255 0.02698864
v 0.01006670 -0.00635121 0.02655319
v 0.01078442 -0.00777632 0.01989358
v 0.01120399 -0.00777216 0.01989358
v 0.01162356 -0.00775781 0.01989358
v 0.01204313 -0.00773436 0.01989358
v 0.01246271 -0.00769703 0.01989358
v 0.00480982 -0.00690307 0.01989358
v 0.00614194 -0.00640759 0.02276671
v 0.00627515 -0.00636517 0.02300804
v 0.00532273 -0.00682872 0.02081981
v 0.00622712 -0.00620074 0.02322935
v 0.01039113 -0.00681252 0.02599564
v 0.01239927 -0.00685911 0.02738546
v 0.01406759 -0.00704452 0.02818673
v 0.00924478 -0.00634589 0.02591169
v 0.01113421 -0.00777617 0.02192251
v 0.01406759 -0.00777524 0.02443697
v 0.00583882 -0.00720264 0.02035383
v 0.00571512 -0.00706412 0.02062808
v 0.00575499 -0.00682872 0.02137402
v 0.00654429 -0.00663204 0.02276671
v 0.00653523 -0.00642965 0.02316162
v 0.01113421 -0.00700982 0.02611964
v 0.00951483 -0.00673979 0.02543952
v 0.00949036 -0.00681885 0.02525732
v 0.01089226 -0.00719415 0.02551583
v 0.01380026 -0.00720202 0.02763443
v 0.00907124 -0.00620074 0.02597895
v 0.00910613 -0.00777540 0.01989358
v 0.00626790 -0.00719955 0.02092187
v 0.00681616 -0.00672151 0.02287831
v 0.00751303 -0.00637628 0.02428626
v 0.00723890 -0.00620074 0.02428769
v 0.00654158 -0.00682872 0.02231361
v 0.00907215 -0.00674843 0.02503697
v 0.01113421 -0.00722763 0.02560740
v 0.00999330 -0.00721236 0.02472791
v 0.01029779 -0.00724984 0.02486432
v 0.01406759 -0.00722223 0.02776511
v 0.01151935 -0.00727977 0.02573618
v 0.00880255 -0.00635823 0.02551201
v 0.00905810 -0.00662757 0.02525732
v 0.01071373 -0.00776969 0.02192251
v 0.00945411 -0.00776938 0.02066337
v 0.01406759 -0.00776784 0.02485573
v 0.00568975 -0.00726673 0.01989358
v 0.00652164 -0.00724151 0.02106973
v 0.00609844 -0.00731262 0.02024366
v 0.00696749 -0.00683952 0.02276671
v 0.00792354 -0.00679370 0.02387513
v 0.00765802 -0.00629283 0.02456575
v 0.00706174 -0.00721544 0.02181472
v 0.00820355 -0.00684893 0.02401726
v 0.00905810 -0.00683165 0.02484429
v 0.01113421 -0.00733083 0.02528022
v 0.01281341 -0.00732203 0.02653936
v 0.00857691 -0.00620074 0.02554826
v 0.00793803 -0.00637165 0.02469643
v 0.00820355 -0.00664669 0.02443220
v 0.01029416 -0.00774994 0.02192251
v 0.00903635 -0.00774794 0.02066337
v 0.00868656 -0.00776444 0.01989358
v 0.01239293 -0.00774331 0.02402108
v 0.01406759 -0.00774825 0.02527783
v 0.00651801 -0.00733700 0.02066337
v 0.00609844 -0.00737356 0.01989358
v 0.00713876 -0.00760618 0.02004429
v 0.00778035 -0.00684939 0.02359564
v 0.00733450 -0.00726527 0.02194159
v 0.00745956 -0.00722099 0.02224683
v 0.00819721 -0.00700920 0.02360136
v 0.00956014 -0.00721776 0.02432919
v 0.01342328 -0.00760726 0.02592314
v 0.01173865 -0.00760834 0.02467163
v 0.01406759 -0.00733900 0.02737401
v 0.01197336 -0.00771693 0.02402108
v 0.01239293 -0.00771292 0.02444079
v 0.00813196 -0.00761844 0.02115558
v 0.00735716 -0.00736631 0.02150280
v 0.00709889 -0.00762099 0.01989358
v 0.00777673 -0.00737680 0.02192251
v 0.00900735 -0.00727267 0.02363189
v 0.00869924 -0.00722470 0.02351170
v 0.01029416 -0.00736260 0.02444079
v 0.01197336 -0.00762422 0.02476225
v 0.01406759 -0.00764196 0.02619214
v 0.01108165 -0.00761435 0.02407116
v 0.00987459 -0.00769364 0.02234222
v 0.01155378 -0.00768084 0.02402108
v 0.00861678 -0.00768994 0.02108308
v 0.00784651 -0.00771015 0.01989358
v 0.01406759 -0.00771246 0.02569516
v 0.01197336 -0.00767436 0.02444079
v 0.00819358 -0.00763888 0.02107927
v 0.00742694 -0.00767004 0.01989358
v 0.00915597 -0.00762299 0.02222585
v 0.00858234 -0.00727591 0.02321599
v 0.00943961 -0.00764520 0.02235653
v 0.01344276 -0.00767976 0.02549007
v 0.00957011 -0.00762299 0.02263984
f 2534 2535 2542
f 2534 2542 2561
f 2534 2561 2576
f 2534 2576 2601
f 2534 2601 2637
f 2534 2637 2648
f 2534 2648 2654
f 2534 2654 2626
f 2534 2626 2607
f 2534 2607 2579
f 2534 2579 2553
f 2534 2553 2538
f 2534 2538 2536
f 2534 2536 2540
f 2534 2540 2545
f 2534 2545 2573
f 2534 2573 2595
f 2534 2595 2619
f 2534 2619 2590
f 2534 2590 2549
f 2534 2549 2537
f 2534 2537 2535
f 2536 2538 2539
f 2536 2539 2540
f 2535 2537 2541
f 2535 2541 2542
f 2538 2543 2539
f 2539 2543 2554
f 2539 2554 2568
f 2539 2568 2567
f 2539 2567 2566
f 2539 2566 2565
f 2539 2565 2564
f 2539 2564 2591
f 2539 2591 2624
f 2539 2624 2653
f 2539 2653 2657
f 2539 2657 2642
f 2539 2642 2628
f 2539 2628 2608
f 2539 2608 2569
f 2539 2569 2556
f 2539 2556 2544
f 2539 2544 2540
f 2540 2544 2556
f 2540 2556 2545
f 2542 2546 2547
f 2542 2541 2548
f 2542 2548 2546
f 2541 2537 2548
f 2538 2550 2551
f 2538 2551 2552
f 2538 2552 2543
f 2543 2555 2554
f 2545 2556 2558
f 2545 2558 2557
f 2546 2559 2560
f 2546 2560 2547
f 2547 2561 2542
f 2547 2560 2561
f 2548 2537 2562
f 2548 2562 2546
f 2537 2549 2563
f 2537 2563 2562
f 2538 2553 2564
f 2538 2564 2565
f 2538 2565 2566
f 2538 2566 2550
f 2550 2566 2567
f 2550 2567 2551
f 2552 2551 2568
f 2552 2568 2555
f 2552 2555 2543
f 2555 2568 2554
f 2556 2569 2558
f 2557 2570 2571
f 2557 2558 2572
f 2557 2572 2570
f 2545 2557 2573
f 2546 2562 2559
f 2559 2562 2563
f 2559 2563 2574
f 2559 2575 2560
f 2560 2575 2576
f 2560 2576 2561
f 2563 2549 2577
f 2553 2578 2564
f 2567 2568 2551
f 2553 2579 2578
f 2569 2580 2581
f 2569 2581 2558
f 2570 2572 2582
f 2570 2582 2583
f 2570 2583 2571
f 2571 2573 2557
f 2571 2583 2584
f 2558 2581 2572
f 2572 2581 2582
f 2559 2574 2585
f 2559 2585 2575
f 2563 2577 2586
f 2563 2586 2574
f 2574 2586 2587
f 2574 2587 2588
f 2574 2588 2585
f 2575 2585 2576
f 2576 2585 2589
f 2549 2590 2577
f 2564 2578 2591
f 2580 2592 2581
f 2581 2592 2582
f 2584 2583 2593
f 2571 2594 2573
f 2573 2594 2595
f 2583 2582 2596
f 2583 2596 2593
f 2586 2597 2587
f 2588 2598 2589
f 2588 2589 2585
f 2588 2587 2599
f 2588 2599 2600
f 2588 2600 2598
f 2576 2589 2601
f 2589 2598 2602
f 2589 2602 2601
f 2577 2590 2603
f 2577 2603 2604
f 2577 2604 2586
f 2578 2605 2606
f 2578 2606 2591
f 2579 2607 2578
f 2569 2608 2580
f 2592 2580 2610
f 2592 2610 2609
f 2592 2596 2582
f 2580 2608 2610
f 2593 2611 2612
f 2593 2612 2594
f 2593 2594 2584
f 2584 2594 2571
f 2594 2613 2595
f 2596 2614 2611
f 2596 2592 2614
f 2593 2596 2611
f 2586 2604 2597
f 2597 2615 2616
f 2597 2616 2587
f 2587 2616 2599
f 2598 2600 2617
f 2598 2617 2602
f 2601 2602 2618
f 2590 2619 2603
f 2604 2603 2620
f 2604 2620 2621
f 2604 2621 2597
f 2605 2622 2606
f 2606 2622 2623
f 2606 2623 2624
f 2606 2624 2591
f 2605 2578 2607
f 2605 2625 2622
f 2607 2626 2605
f 2609 2614 2592
f 2609 2610 2627
f 2610 2608 2628
f 2610 2628 2629
f 2610 2629 2627
f 2611 2630 2612
f 2612 2615 2621
f 2612 2630 2615
f 2594 2612 2621
f 2594 2620 2613
f 2613 2620 2603
f 2613 2603 2619
f 2613 2619 2595
f 2614 2631 2632
f 2614 2609 2631
f 2614 2632 2611
f 2611 2632 2633
f 2611 2633 2630
f 2615 2597 2621
f 2616 2634 2599
f 2599 2634 2600
f 2617 2635 2618
f 2617 2618 2602
f 2617 2636 2635
f 2601 2618 2637
f 2618 2635 2637
f 2620 2594 2621
f 2622 2625 2638
f 2605 2626 2625
f 2625 2626 2639
f 2625 2639 2638
f 2609 2627 2631
f 2627 2640 2641
f 2627 2641 2631
f 2627 2629 2640
f 2628 2642 2629
f 2629 2642 2640
f 2630 2633 2615
f 2631 2641 2643
f 2616 2615 2634
f 2634 2644 2600
f 2634 2615 2645
f 2634 2645 2644
f 2600 2644 2646
f 2600 2646 2617
f 2635 2636 2647
f 2635 2648 2637
f 2617 2646 2636
f 2636 2646 2649
f 2622 2638 2650
f 2622 2650 2623
f 2638 2651 2650
f 2638 2639 2651
f 2623 2650 2652
f 2623 2652 2653
f 2623 2653 2624
f 2639 2655 2651
f 2626 2654 2639
f 2640 2642 2656
f 2642 2657 2656
f 2633 2645 2615
f 2633 2632 2645
f 2643 2659 2631
f 2643 2641 2640
f 2643 2640 2658
f 2631 2659 2645
f 2631 2645 2632
f 2647 2648 2635
f 2647 2636 2655
f 2636 2649 2655
f 2650 2651 2660
f 2650 2660 2652
f 2651 2655 2649
f 2651 2649 2660
f 2652 2660 2656
f 2654 2661 2639
f 2639 2661 2655
f 2655 2661 2647
f 2656 2657 2652
f 2640 2656 2658
f 2645 2659 2644
f 2643 2658 2659
f 2644 2659 2646
f 2646 2662 2649
f 2647 2661 2648
f 2649 2662 2660
f 2660 2662 2658
f 2660 2658 2656
f 2652 2657 2653
f 2654 2648 2661
f 2658 2662 2659
f 2646 2659 2662

o geometry_21
v -0.00051038 0.00425145 -0.00238068
v -0.00051038 0.00436001 -0.00238068
v 0.00183349 0.00293273 -0.00193034
v -0.00051038 0.00321781 -0.00237932
v -0.00061986 0.00321781 -0.00236092
v -0.00051038 0.00467107 -0.00235070
v 0.00183349 0.00316725 -0.00192420
v 0.00183349 0.00310137 -0.00193034
v -0.00061986 0.00436001 -0.00236092
v -0.00061986 0.00477986 -0.00232277
v -0.00111512 0.00321781 -0.00214972
v -0.00090555 0.00321781 -0.00224782
v 0.00190022 0.00293273 -0.00190853
v 0.00183349 0.00293273 -0.00136281
v -0.00236317 0.00321596 0.00015991
v -0.00236734 0.00321781 -0.00032790
v -0.00229226 0.00321781 -0.00074691
v -0.00220260 0.00321781 -0.00101193
v -0.00216819 0.00321781 -0.00111277
v -0.00204412 0.00321781 -0.00132261
v -0.00183454 0.00321781 -0.00157061
v -0.00165417 0.00321781 -0.00178045
v -0.00144459 0.00321781 -0.00193987
v -0.00051038 0.00477986 -0.00233912
v 0.00183349 0.00354488 -0.00186221
v 0.00213273 0.00333635 -0.00180566
v 0.00190022 0.00310137 -0.00190853
v -0.00090555 0.00436001 -0.00224782
v -0.00087427 0.00477986 -0.00223488
v -0.00061986 0.00501484 -0.00225055
v -0.00083777 0.00499304 -0.00221989
v -0.00111512 0.00436001 -0.00214972
v 0.00632521 0.00293273 -0.00012487
v -0.00203473 0.00321596 0.00279929
v -0.00233189 0.00321596 0.00051147
v -0.00235482 0.00321596 0.00025530
v 0.00187623 0.00293273 -0.00129604
v -0.00236421 0.00321781 0.00015991
v -0.00236942 0.00321781 0.00009246
v -0.00240070 0.00436001 0.00009246
v -0.00238923 0.00436001 -0.00032790
v -0.00229539 0.00436001 -0.00074691
v -0.00216819 0.00436001 -0.00111277
v -0.00204724 0.00436001 -0.00132261
v -0.00183663 0.00436001 -0.00157129
v -0.00165417 0.00436001 -0.00178113
v -0.00144459 0.00436001 -0.00193987
v -0.00051038 0.00495430 -0.00228530
v 0.00183349 0.00475759 -0.00153722
v 0.00631895 0.00332545 -0.00012215
v 0.00632521 0.00310137 -0.00012487
v -0.00108384 0.00477986 -0.00212042
v -0.00100251 0.00502783 -0.00199915
v -0.00061986 0.00506008 -0.00200664
v -0.00051038 0.00501995 -0.00225736
v -0.00141227 0.00477986 -0.00191058
v -0.00133720 0.00501971 -0.00185403
v 0.00653478 0.00293273 -0.00002949
v -0.00203160 0.00435978 0.00279929
v -0.00234544 0.00435978 0.00051147
v 0.00770567 0.00293273 0.00280066
v 0.00672975 0.00313060 0.00457955
v 0.00483735 0.00327279 0.00455570
v 0.00455062 0.00329065 0.00452232
v 0.00467053 0.00338692 0.00457955
v 0.00456939 0.00352099 0.00457955
v 0.00454228 0.00360102 0.00457955
v 0.00446825 0.00394085 0.00457955
v -0.00202431 0.00477499 0.00279929
v -0.00236525 0.00477986 0.00009246
v -0.00234857 0.00477986 -0.00032790
v -0.00225369 0.00477986 -0.00074691
v -0.00215046 0.00477986 -0.00108279
v -0.00201701 0.00477986 -0.00129263
v -0.00180743 0.00477986 -0.00154063
v -0.00162184 0.00477986 -0.00175047
v 0.00183349 0.00494456 -0.00141390
v 0.00684861 0.00342333 0.00022123
v 0.00691013 0.00310137 0.00018035
v 0.00653478 0.00310137 -0.00002949
v -0.00146962 0.00504407 -0.00159718
v -0.00103900 0.00508049 -0.00158627
v -0.00051038 0.00506518 -0.00200664
v -0.00051038 0.00505335 -0.00207613
v 0.00148629 0.00506727 -0.00132874
v 0.00181576 0.00502946 -0.00132874
v -0.00174071 0.00501971 -0.00146500
v 0.00691013 0.00293273 0.00018035
v -0.00202848 0.00467594 0.00279929
v 0.00823221 0.00293273 0.00280066
v 0.00823429 0.00310137 0.00280066
v 0.00672975 0.00374345 0.00457955
v 0.00499479 0.00327001 0.00457955
v 0.00487801 0.00329668 0.00457955
v 0.00447034 0.00409441 0.00457955
v -0.00186374 0.00517699 0.00279929
v -0.00213587 0.00502482 0.00093115
v -0.00216506 0.00503479 0.00051147
v -0.00218904 0.00503479 0.00015991
v -0.00219321 0.00503479 0.00009246
v -0.00218696 0.00503479 -0.00032790
v -0.00214838 0.00503085 -0.00074691
v -0.00211814 0.00501415 -0.00102079
v 0.00735534 0.00343122 0.00061162
v 0.00758472 0.00335467 0.00070019
v 0.00712075 0.00310137 0.00032888
v -0.00187938 0.00504059 -0.00116318
v -0.00187833 0.00507585 -0.00074691
v -0.00145919 0.00508049 -0.00116659
v -0.00132052 0.00530248 0.00279929
v -0.00146440 0.00529877 0.00279929
v -0.00051038 0.00508049 -0.00169528
v 0.00105880 0.00508072 -0.00132874
v 0.00147899 0.00508072 -0.00116659
v 0.00190022 0.00507585 -0.00074691
v 0.00189396 0.00504036 -0.00115501
v 0.00183349 0.00503201 -0.00128991
v 0.00214002 0.00501345 -0.00100716
v 0.00735534 0.00359986 0.00093183
v 0.00712075 0.00293273 0.00033092
v 0.00823429 0.00293273 0.00277817
v 0.00824889 0.00310137 0.00260989
v 0.00811335 0.00348040 0.00280066
v 0.00595194 0.00409441 0.00457955
v 0.00796529 0.00355393 0.00280066
v -0.00179075 0.00520529 0.00279929
v 0.00759411 0.00310137 0.00068929
v 0.00735534 0.00310137 0.00050602
v 0.00765667 0.00342913 0.00093183
v 0.00803932 0.00341359 0.00146393
v 0.00806643 0.00310137 0.00141692
v 0.00745126 0.00293273 0.00058028
v 0.00315869 0.00508281 0.00280066
v 0.00315869 0.00508072 0.00260989
v 0.00273955 0.00507956 0.00135015
v 0.00315869 0.00507214 0.00218952
v 0.00231936 0.00506820 0.00009314
v 0.00218486 0.00503039 -0.00074691
v 0.00258002 0.00502273 0.00009314
v 0.00254457 0.00500348 -0.00015689
v 0.00777553 0.00364672 0.00177052
v 0.00779638 0.00351357 0.00133517
v 0.00824472 0.00293273 0.00260989
v 0.00823429 0.00293273 0.00218952
v 0.00823742 0.00310137 0.00218952
v 0.00811543 0.00348272 0.00218952
v 0.00812273 0.00348109 0.00260989
v 0.00777553 0.00363721 0.00280066
v 0.00376864 0.00499443 0.00280066
v 0.00357262 0.00504013 0.00280066
v 0.00759411 0.00293273 0.00068929
v 0.00808519 0.00347413 0.00177052
v 0.00818424 0.00310137 0.00177052
v 0.00806643 0.00293273 0.00141692
v 0.00342769 0.00502644 0.00218952
v 0.00298770 0.00501809 0.00102245
v 0.00338911 0.00500835 0.00192245
v 0.00818424 0.00293273 0.00177052
f 2663 2664 2670
f 2663 2670 2665
f 2663 2665 2666
f 2663 2666 2667
f 2663 2667 2671
f 2663 2671 2664
f 2664 2668 2669
f 2664 2669 2670
f 2664 2671 2672
f 2664 2672 2668
f 2665 2673 2674
f 2665 2674 2667
f 2665 2667 2666
f 2665 2670 2689
f 2665 2689 2675
f 2665 2675 2695
f 2665 2695 2720
f 2665 2720 2750
f 2665 2750 2782
f 2665 2782 2794
f 2665 2794 2813
f 2665 2813 2816
f 2665 2816 2820
f 2665 2820 2806
f 2665 2806 2805
f 2665 2805 2783
f 2665 2783 2752
f 2665 2752 2723
f 2665 2723 2699
f 2665 2699 2676
f 2665 2676 2677
f 2665 2677 2678
f 2665 2678 2679
f 2665 2679 2680
f 2665 2680 2681
f 2665 2681 2682
f 2665 2682 2683
f 2665 2683 2684
f 2665 2684 2685
f 2665 2685 2673
f 2667 2674 2690
f 2667 2690 2671
f 2668 2686 2669
f 2668 2672 2686
f 2669 2687 2688
f 2669 2688 2689
f 2669 2689 2670
f 2669 2686 2687
f 2671 2690 2691
f 2671 2691 2672
f 2672 2692 2686
f 2672 2691 2693
f 2672 2693 2692
f 2673 2694 2690
f 2673 2690 2674
f 2673 2685 2709
f 2673 2709 2694
f 2675 2689 2713
f 2675 2713 2695
f 2676 2696 2697
f 2676 2697 2698
f 2676 2698 2677
f 2676 2699 2696
f 2677 2698 2700
f 2677 2700 2701
f 2677 2701 2678
f 2678 2701 2702
f 2678 2702 2703
f 2678 2703 2679
f 2679 2703 2704
f 2679 2704 2680
f 2680 2704 2681
f 2681 2704 2705
f 2681 2705 2706
f 2681 2706 2682
f 2682 2706 2683
f 2683 2706 2707
f 2683 2707 2684
f 2684 2707 2708
f 2684 2708 2685
f 2685 2708 2709
f 2686 2692 2710
f 2686 2710 2711
f 2686 2711 2687
f 2687 2711 2688
f 2688 2712 2689
f 2688 2711 2712
f 2689 2712 2713
f 2690 2694 2691
f 2691 2694 2714
f 2691 2714 2693
f 2692 2693 2715
f 2692 2715 2716
f 2692 2716 2717
f 2692 2717 2710
f 2693 2714 2718
f 2693 2718 2719
f 2693 2719 2715
f 2694 2709 2714
f 2695 2713 2742
f 2695 2742 2720
f 2696 2721 2722
f 2696 2722 2702
f 2696 2702 2697
f 2696 2699 2723
f 2696 2723 2724
f 2696 2724 2725
f 2696 2725 2726
f 2696 2726 2727
f 2696 2727 2728
f 2696 2728 2729
f 2696 2729 2730
f 2696 2730 2721
f 2697 2702 2700
f 2697 2700 2698
f 2700 2702 2701
f 2702 2722 2731
f 2702 2731 2732
f 2702 2732 2703
f 2703 2732 2733
f 2703 2733 2704
f 2704 2733 2734
f 2704 2734 2735
f 2704 2735 2705
f 2705 2735 2706
f 2706 2736 2737
f 2706 2737 2707
f 2706 2735 2736
f 2707 2737 2708
f 2708 2737 2738
f 2708 2738 2718
f 2708 2718 2709
f 2709 2718 2714
f 2710 2717 2711
f 2711 2739 2712
f 2711 2717 2739
f 2712 2740 2741
f 2712 2741 2742
f 2712 2742 2713
f 2712 2739 2740
f 2715 2719 2716
f 2716 2719 2743
f 2716 2743 2744
f 2716 2744 2745
f 2716 2745 2746
f 2716 2746 2717
f 2717 2746 2747
f 2717 2747 2748
f 2717 2748 2739
f 2718 2738 2719
f 2719 2738 2749
f 2719 2749 2743
f 2720 2742 2741
f 2720 2741 2750
f 2721 2751 2722
f 2721 2730 2751
f 2722 2751 2731
f 2723 2752 2724
f 2724 2752 2753
f 2724 2753 2754
f 2724 2754 2786
f 2724 2786 2757
f 2724 2757 2730
f 2724 2730 2729
f 2724 2729 2728
f 2724 2728 2727
f 2724 2727 2756
f 2724 2756 2755
f 2724 2755 2725
f 2725 2755 2726
f 2726 2755 2756
f 2726 2756 2727
f 2730 2757 2751
f 2731 2758 2732
f 2731 2751 2757
f 2731 2757 2758
f 2732 2759 2760
f 2732 2760 2761
f 2732 2761 2762
f 2732 2762 2763
f 2732 2763 2733
f 2732 2758 2759
f 2733 2763 2764
f 2733 2764 2765
f 2733 2765 2734
f 2734 2765 2735
f 2735 2765 2736
f 2736 2765 2749
f 2736 2749 2737
f 2737 2749 2738
f 2739 2748 2740
f 2740 2766 2767
f 2740 2767 2741
f 2740 2748 2766
f 2741 2767 2768
f 2741 2768 2750
f 2743 2749 2769
f 2743 2769 2770
f 2743 2770 2771
f 2743 2771 2744
f 2744 2772 2745
f 2744 2771 2773
f 2744 2773 2772
f 2745 2774 2775
f 2745 2775 2747
f 2745 2747 2746
f 2745 2772 2774
f 2747 2775 2776
f 2747 2776 2777
f 2747 2777 2778
f 2747 2778 2779
f 2747 2779 2748
f 2748 2779 2780
f 2748 2780 2781
f 2748 2781 2766
f 2749 2765 2769
f 2750 2768 2782
f 2752 2783 2753
f 2753 2783 2784
f 2753 2784 2785
f 2753 2785 2754
f 2754 2785 2787
f 2754 2787 2786
f 2757 2786 2772
f 2757 2772 2773
f 2757 2773 2788
f 2757 2788 2758
f 2758 2788 2762
f 2758 2762 2761
f 2758 2761 2760
f 2758 2760 2759
f 2762 2788 2763
f 2763 2788 2773
f 2763 2773 2764
f 2764 2773 2770
f 2764 2770 2765
f 2765 2770 2769
f 2766 2781 2767
f 2767 2789 2790
f 2767 2790 2768
f 2767 2781 2791
f 2767 2791 2792
f 2767 2792 2793
f 2767 2793 2789
f 2768 2790 2794
f 2768 2794 2782
f 2770 2773 2771
f 2772 2776 2775
f 2772 2775 2774
f 2772 2786 2795
f 2772 2795 2796
f 2772 2796 2797
f 2772 2797 2777
f 2772 2777 2776
f 2777 2797 2798
f 2777 2798 2799
f 2777 2799 2800
f 2777 2800 2778
f 2778 2800 2780
f 2778 2780 2779
f 2780 2800 2801
f 2780 2801 2802
f 2780 2802 2803
f 2780 2803 2781
f 2781 2803 2804
f 2781 2804 2791
f 2783 2805 2784
f 2784 2805 2806
f 2784 2806 2807
f 2784 2807 2808
f 2784 2808 2809
f 2784 2809 2785
f 2785 2809 2787
f 2786 2787 2810
f 2786 2810 2811
f 2786 2811 2812
f 2786 2812 2795
f 2787 2803 2810
f 2787 2809 2803
f 2789 2813 2790
f 2789 2793 2816
f 2789 2816 2813
f 2790 2813 2794
f 2791 2804 2792
f 2792 2804 2814
f 2792 2814 2815
f 2792 2815 2793
f 2793 2815 2820
f 2793 2820 2816
f 2795 2812 2796
f 2796 2812 2798
f 2796 2798 2797
f 2798 2812 2817
f 2798 2817 2799
f 2799 2817 2801
f 2799 2801 2800
f 2801 2818 2802
f 2801 2817 2818
f 2802 2818 2803
f 2803 2809 2808
f 2803 2808 2814
f 2803 2814 2804
f 2803 2818 2819
f 2803 2819 2811
f 2803 2811 2810
f 2806 2820 2807
f 2807 2820 2815
f 2807 2815 2814
f 2807 2814 2808
f 2811 2819 2817
f 2811 2817 2812
f 2817 2819 2818

o geometry_22
v -0.00546054 -0.00508590 0.00457972
v -0.00503740 -0.00468328 0.00620983
v -0.00541697 -0.00469215 0.00530457
v -0.00548807 -0.00400363 0.00598539
v -0.00479085 -0.00508590 0.00457972
v -0.00506836 -0.00555390 0.00457972
v -0.00419913 -0.00552103 0.00662756
v -0.00442962 -0.00471006 0.00751295
v -0.00456952 -0.00460313 0.00735993
v -0.00527707 -0.00442767 0.00598539
v -0.00490036 -0.00400363 0.00728744
v -0.00493648 -0.00400363 0.00598539
v 0.00084426 -0.00732101 0.00457972
v -0.00465553 -0.00596982 0.00457972
v -0.00372208 -0.00588302 0.00692072
v -0.00365213 -0.00561060 0.00764933
v -0.00358160 -0.00553470 0.00795511
v -0.00304665 -0.00522627 0.00965797
v -0.00484761 -0.00431021 0.00708931
v -0.00415784 -0.00462492 0.00822545
v -0.00423582 -0.00434530 0.00838868
v -0.00416816 -0.00400363 0.00768530
v 0.00622708 -0.00736459 0.01320705
v 0.00292675 -0.00736422 0.00598539
v 0.00084426 -0.00776020 0.00457972
v -0.00419913 -0.00635287 0.00457972
v -0.00381267 -0.00596631 0.00651588
v -0.00319228 -0.00496770 0.00977824
v -0.00435394 -0.00400363 0.00847029
v -0.00267281 -0.00496770 0.01085317
v -0.00382185 -0.00400363 0.00847029
v 0.00622708 -0.00736459 0.01555020
v 0.00622708 -0.00777645 0.01320705
v 0.00071583 -0.00535001 0.01555020
v 0.00292675 -0.00777645 0.00598539
v 0.00084426 -0.00777645 0.00471180
v -0.00367736 -0.00670119 0.00457972
v -0.00327198 -0.00644115 0.00639775
v -0.00339984 -0.00638279 0.00630111
v -0.00318999 -0.00621767 0.00722999
v -0.00256157 -0.00597462 0.00923809
v -0.00246983 -0.00588819 0.00963327
v -0.00256731 -0.00557274 0.01007892
v -0.00295720 -0.00512469 0.01001986
v -0.00236204 -0.00535776 0.01085532
v 0.00071583 -0.00603409 0.01555020
v 0.00622708 -0.00777645 0.01555020
v 0.00440290 -0.00777691 0.01256623
v 0.00008741 -0.00776611 0.00457972
v -0.00317565 -0.00678578 0.00542860
v -0.00253577 -0.00667349 0.00724771
v -0.00267883 -0.00631381 0.00808800
v -0.00197788 -0.00625794 0.00974817
v -0.00215104 -0.00598164 0.01008751
v -0.00202719 -0.00586861 0.01058578
v -0.00216480 -0.00559195 0.01085532
v -0.00121873 -0.00596280 0.01202581
v 0.00602182 -0.00777608 0.01555020
v 0.00116220 -0.00777469 0.00639373
v 0.00095263 -0.00776426 0.00660340
v -0.00033115 -0.00774320 0.00457972
v -0.00347668 -0.00682604 0.00457972
v -0.00264643 -0.00684229 0.00639024
v -0.00189187 -0.00677193 0.00831028
v -0.00217397 -0.00640790 0.00890842
v -0.00208109 -0.00633791 0.00931702
v -0.00079100 -0.00631076 0.01202581
v 0.00081330 -0.00623836 0.01525972
v 0.00118943 -0.00640089 0.01555020
v 0.00483608 -0.00777202 0.01394479
v 0.00147726 -0.00775613 0.00806867
v -0.00062013 -0.00772067 0.00457972
v -0.00262923 -0.00722423 0.00457972
v -0.00213613 -0.00720465 0.00587264
v -0.00176802 -0.00641677 0.00974817
v -0.00090338 -0.00639756 0.01157050
v 0.00077316 -0.00639904 0.01478454
v 0.00560096 -0.00776389 0.01555020
v 0.00368188 -0.00776657 0.01205561
v 0.00294682 -0.00774930 0.01121559
v 0.00105641 -0.00770590 0.00848854
v 0.00063785 -0.00768226 0.00806867
v -0.00181160 -0.00724122 0.00639024
v -0.00146471 -0.00718489 0.00745120
v -0.00147331 -0.00685633 0.00889339
v -0.00127607 -0.00678024 0.00959783
v 0.00002893 -0.00646183 0.01320705
v 0.00147497 -0.00668863 0.01524522
v 0.00173070 -0.00673998 0.01555020
v -0.00109546 -0.00766305 0.00457972
v 0.00231783 -0.00768558 0.01142553
v -0.00229782 -0.00734502 0.00457972
v -0.00187811 -0.00734428 0.00555048
v -0.00061899 -0.00732322 0.00847029
v -0.00070671 -0.00722054 0.00890842
v -0.00085063 -0.00719357 0.00874734
v -0.00105704 -0.00686150 0.00974066
v 0.00005129 -0.00684543 0.01205696
v -0.00005249 -0.00679945 0.01202581
v 0.00039818 -0.00678171 0.01295362
v 0.00476154 -0.00770110 0.01555020
v 0.00441637 -0.00775022 0.01394479
v 0.00315667 -0.00770350 0.01268570
v 0.00197381 -0.00763387 0.01142553
v 0.00031332 -0.00763128 0.00806867
v -0.00132882 -0.00762131 0.00457972
v -0.00127435 -0.00760912 0.00481704
v 0.00039474 -0.00719837 0.01128378
v 0.00147497 -0.00684266 0.01475555
v 0.00194170 -0.00685153 0.01555020
v 0.00184193 -0.00761799 0.01132351
v 0.00357696 -0.00767450 0.01394479
v 0.00038212 -0.00761577 0.00837472
v 0.00021986 -0.00732987 0.01016698
v 0.00074449 -0.00722681 0.01184541
v 0.00081445 -0.00719874 0.01212139
v 0.00210339 -0.00718618 0.01458480
v 0.00246003 -0.00721241 0.01510992
v 0.00280176 -0.00723937 0.01555020
v 0.00399667 -0.00769629 0.01436467
v 0.00105870 -0.00733320 0.01184541
v 0.00342100 -0.00763221 0.01414721
v 0.00334302 -0.00761060 0.01420037
v 0.00062409 -0.00686002 0.01309859
v 0.00307239 -0.00732618 0.01555020
v 0.00414918 -0.00761799 0.01550832
v 0.00429195 -0.00763756 0.01555020
v 0.00231783 -0.00730586 0.01436467
v 0.00273869 -0.00735868 0.01478454
f 2821 2822 2823
f 2821 2823 2824
f 2821 2824 2832
f 2821 2832 2825
f 2821 2825 2833
f 2821 2833 2845
f 2821 2845 2869
f 2821 2869 2881
f 2821 2881 2892
f 2821 2892 2910
f 2821 2910 2926
f 2821 2926 2912
f 2821 2912 2893
f 2821 2893 2882
f 2821 2882 2857
f 2821 2857 2846
f 2821 2846 2834
f 2821 2834 2826
f 2821 2826 2827
f 2821 2827 2828
f 2821 2828 2822
f 2822 2828 2829
f 2822 2830 2823
f 2823 2830 2824
f 2824 2831 2849
f 2824 2849 2851
f 2824 2851 2842
f 2824 2842 2832
f 2825 2832 2833
f 2826 2834 2835
f 2826 2835 2827
f 2827 2836 2837
f 2827 2837 2838
f 2829 2839 2822
f 2829 2828 2840
f 2829 2840 2841
f 2829 2841 2839
f 2830 2822 2839
f 2830 2839 2824
f 2824 2839 2831
f 2832 2842 2843
f 2832 2843 2844
f 2832 2844 2833
f 2833 2844 2855
f 2833 2855 2845
f 2834 2846 2847
f 2834 2847 2835
f 2827 2835 2836
f 2827 2838 2828
f 2828 2838 2848
f 2828 2848 2840
f 2839 2841 2849
f 2839 2849 2831
f 2840 2848 2850
f 2840 2850 2841
f 2842 2851 2843
f 2843 2852 2867
f 2843 2867 2853
f 2843 2853 2855
f 2843 2855 2844
f 2843 2851 2854
f 2843 2854 2852
f 2845 2855 2856
f 2846 2858 2859
f 2846 2859 2860
f 2846 2860 2847
f 2847 2861 2835
f 2835 2861 2862
f 2835 2862 2836
f 2836 2862 2863
f 2836 2863 2837
f 2837 2863 2838
f 2838 2864 2848
f 2849 2841 2850
f 2848 2864 2850
f 2850 2864 2865
f 2850 2865 2866
f 2850 2866 2854
f 2850 2854 2849
f 2849 2854 2851
f 2852 2854 2866
f 2852 2866 2889
f 2852 2889 2909
f 2852 2909 2930
f 2852 2930 2939
f 2852 2939 2945
f 2852 2945 2947
f 2852 2947 2921
f 2852 2921 2898
f 2852 2898 2878
f 2852 2878 2867
f 2855 2853 2868
f 2855 2868 2856
f 2845 2856 2869
f 2857 2870 2858
f 2857 2858 2846
f 2858 2870 2871
f 2859 2872 2860
f 2860 2861 2847
f 2860 2872 2861
f 2861 2873 2874
f 2861 2874 2862
f 2863 2864 2838
f 2863 2862 2875
f 2863 2875 2876
f 2864 2863 2865
f 2866 2865 2876
f 2866 2876 2877
f 2867 2878 2868
f 2867 2868 2853
f 2868 2879 2856
f 2856 2879 2869
f 2869 2880 2881
f 2857 2882 2870
f 2870 2882 2883
f 2871 2870 2884
f 2858 2871 2885
f 2858 2885 2859
f 2859 2885 2872
f 2861 2872 2886
f 2861 2886 2873
f 2874 2877 2875
f 2874 2875 2862
f 2874 2873 2887
f 2874 2887 2877
f 2876 2875 2877
f 2876 2865 2863
f 2877 2888 2866
f 2866 2888 2889
f 2868 2890 2879
f 2869 2879 2880
f 2880 2891 2881
f 2881 2891 2892
f 2882 2893 2894
f 2870 2883 2884
f 2885 2886 2872
f 2886 2895 2873
f 2873 2895 2896
f 2873 2896 2887
f 2877 2887 2888
f 2888 2887 2897
f 2888 2897 2889
f 2878 2890 2868
f 2890 2899 2879
f 2879 2899 2880
f 2892 2891 2901
f 2892 2901 2902
f 2894 2904 2883
f 2894 2883 2882
f 2884 2905 2906
f 2884 2883 2905
f 2884 2906 2871
f 2871 2906 2885
f 2885 2906 2895
f 2885 2895 2886
f 2895 2906 2896
f 2896 2907 2887
f 2887 2907 2897
f 2889 2908 2909
f 2898 2890 2878
f 2899 2891 2880
f 2899 2900 2891
f 2900 2901 2891
f 2892 2902 2910
f 2901 2911 2902
f 2893 2912 2894
f 2894 2912 2903
f 2903 2913 2914
f 2903 2915 2894
f 2894 2915 2904
f 2883 2904 2905
f 2905 2904 2916
f 2905 2916 2917
f 2905 2917 2906
f 2906 2917 2918
f 2906 2918 2919
f 2906 2919 2896
f 2896 2919 2907
f 2897 2908 2889
f 2897 2907 2908
f 2908 2920 2909
f 2890 2898 2899
f 2899 2922 2900
f 2899 2898 2922
f 2900 2923 2901
f 2911 2924 2925
f 2911 2925 2902
f 2912 2926 2927
f 2912 2927 2913
f 2912 2913 2903
f 2903 2914 2915
f 2915 2916 2904
f 2917 2916 2928
f 2917 2928 2918
f 2919 2920 2907
f 2907 2920 2908
f 2920 2929 2909
f 2898 2921 2922
f 2900 2922 2923
f 2901 2923 2911
f 2902 2925 2910
f 2910 2925 2926
f 2924 2911 2932
f 2925 2924 2931
f 2925 2931 2933
f 2926 2925 2927
f 2927 2925 2933
f 2927 2933 2913
f 2913 2933 2914
f 2914 2933 2934
f 2914 2934 2915
f 2915 2934 2935
f 2915 2935 2928
f 2915 2928 2916
f 2928 2935 2936
f 2928 2936 2918
f 2919 2918 2920
f 2909 2929 2930
f 2930 2929 2937
f 2930 2937 2938
f 2930 2938 2939
f 2922 2940 2923
f 2923 2932 2911
f 2923 2940 2932
f 2931 2924 2942
f 2931 2942 2943
f 2931 2943 2941
f 2931 2941 2934
f 2931 2934 2933
f 2932 2942 2924
f 2936 2935 2937
f 2936 2937 2944
f 2936 2944 2918
f 2918 2944 2920
f 2920 2944 2929
f 2929 2944 2937
f 2921 2940 2922
f 2940 2921 2932
f 2941 2935 2934
f 2942 2946 2943
f 2942 2932 2947
f 2942 2947 2946
f 2932 2921 2947
f 2935 2938 2937
f 2939 2938 2948
f 2939 2948 2945
f 2938 2935 2948
f 2945 2948 2949
f 2943 2946 2949
f 2943 2949 2948
f 2943 2948 2941
f 2941 2948 2935
f 2949 2946 2945
f 2945 2946 2947

o geometry_23
v 0.01997379 0.00695259 0.03096004
v 0.02540879 0.00773991 0.03095934
v 0.01997379 0.00511449 0.03380062
v 0.01997379 0.00738407 0.03096004
v 0.03119320 0.00456575 0.03096004
v 0.01997379 0.00511449 0.03441166
v 0.03171349 0.00255405 0.03798353
v 0.01997379 0.00726732 0.03157878
v 0.02100098 0.00726782 0.03220835
v 0.02098887 0.00750336 0.03096004
v 0.03203358 0.00456575 0.03096004
v 0.03145781 0.00262664 0.03798353
v 0.02758942 0.00511449 0.03810168
v 0.01997379 0.00714244 0.03199686
v 0.02163158 0.00729016 0.03241773
v 0.02737901 0.00746275 0.03095934
v 0.03239319 0.00456575 0.03166687
v 0.01997379 0.00547744 0.03418654
v 0.02092638 0.00547034 0.03476752
v 0.02759070 0.00447184 0.03798353
v 0.02134848 0.00511449 0.03521637
v 0.03250796 0.00302614 0.03798353
v 0.03250796 0.00392107 0.03798353
v 0.03225993 0.00417057 0.03798353
v 0.03206801 0.00428250 0.03798353
v 0.02966676 0.00502211 0.03798353
v 0.02898069 0.00516525 0.03798353
v 0.02813713 0.00526094 0.03797270
v 0.02089705 0.00711198 0.03268271
v 0.02172595 0.00710843 0.03310218
v 0.02247068 0.00726021 0.03283861
v 0.02540879 0.00772621 0.03115860
v 0.02603748 0.00770032 0.03095934
v 0.03149543 0.00535967 0.03096004
v 0.03234983 0.00480789 0.03199825
v 0.02952904 0.00674345 0.03096004
v 0.03107716 0.00576171 0.03096004
v 0.02708698 0.00544343 0.03770038
v 0.02676818 0.00511449 0.03794578
v 0.02606298 0.00511449 0.03768430
v 0.02514865 0.00511449 0.03727112
v 0.02428277 0.00511449 0.03682227
v 0.02415525 0.00539800 0.03660939
v 0.03281529 0.00456575 0.03304975
v 0.03286885 0.00456575 0.03326578
v 0.03291985 0.00456575 0.03366499
v 0.03300019 0.00456575 0.03493461
v 0.03299509 0.00456575 0.03535479
v 0.03289945 0.00456575 0.03577008
v 0.03197874 0.00461905 0.03771856
v 0.03170329 0.00467946 0.03776400
v 0.03162423 0.00506728 0.03733893
v 0.03128374 0.00533632 0.03711311
v 0.02865423 0.00542516 0.03769059
v 0.01997379 0.00676376 0.03278058
v 0.02259820 0.00709828 0.03349789
v 0.02392060 0.00708965 0.03389081
v 0.02582706 0.00766681 0.03157947
v 0.02670378 0.00757138 0.03204649
v 0.02900364 0.00696528 0.03096004
v 0.02901321 0.00699092 0.03115860
v 0.02999704 0.00665233 0.03199825
v 0.03067674 0.00626324 0.03170742
v 0.03063465 0.00623634 0.03142706
v 0.01997379 0.00585308 0.03391108
v 0.02352146 0.00582821 0.03598261
v 0.02686765 0.00583075 0.03724595
v 0.02556564 0.00543988 0.03726762
v 0.02470614 0.00546221 0.03686072
v 0.03247225 0.00513277 0.03367687
v 0.03227459 0.00535460 0.03409705
v 0.03267119 0.00491652 0.03535479
v 0.03283951 0.00466575 0.03577427
v 0.03250796 0.00455712 0.03703411
v 0.03230583 0.00454596 0.03741584
v 0.03190350 0.00497997 0.03723057
v 0.03149926 0.00541196 0.03683066
v 0.03075835 0.00586679 0.03646641
v 0.02772460 0.00582973 0.03724525
v 0.02221818 0.00668355 0.03432916
v 0.02269320 0.00673507 0.03446095
v 0.02330977 0.00682670 0.03451723
v 0.02456969 0.00678609 0.03493531
v 0.02498797 0.00679929 0.03493531
v 0.02666616 0.00753737 0.03232754
v 0.02701175 0.00753433 0.03199755
v 0.02705638 0.00754245 0.03115860
v 0.03191498 0.00540993 0.03220590
v 0.02834691 0.00724194 0.03199825
v 0.02870014 0.00713533 0.03157808
v 0.02976495 0.00677924 0.03241773
v 0.03091010 0.00626705 0.03325739
v 0.03151583 0.00584521 0.03270927
v 0.03110266 0.00585156 0.03128793
v 0.02268236 0.00624750 0.03514226
v 0.02446258 0.00585790 0.03643285
v 0.02645702 0.00626756 0.03643810
v 0.02578052 0.00625233 0.03641153
v 0.02603748 0.00583785 0.03705019
v 0.02551208 0.00586577 0.03686702
v 0.03233708 0.00499266 0.03641188
v 0.03032350 0.00628456 0.03567709
v 0.03002637 0.00632923 0.03573931
v 0.03112179 0.00585410 0.03607700
v 0.02699389 0.00626172 0.03642866
v 0.02350743 0.00625410 0.03557082
v 0.02372932 0.00673888 0.03486400
v 0.02423240 0.00670995 0.03506115
v 0.02818750 0.00710538 0.03392332
v 0.02792608 0.00727645 0.03325739
v 0.02870524 0.00713077 0.03283791
v 0.03044465 0.00649218 0.03367687
v 0.03166503 0.00580283 0.03451583
v 0.02056932 0.00625613 0.03389430
v 0.02645702 0.00636933 0.03619445
v 0.02482346 0.00629522 0.03606721
v 0.02498797 0.00617644 0.03630771
v 0.03205780 0.00552643 0.03430644
v 0.03243145 0.00507591 0.03577427
v 0.03192263 0.00541551 0.03600499
v 0.03056006 0.00628101 0.03524643
v 0.02948823 0.00669929 0.03484583
v 0.02918600 0.00673533 0.03489546
v 0.02855859 0.00708914 0.03389011
v 0.02834691 0.00722518 0.03283791
v 0.02973945 0.00673507 0.03409705
v 0.03081000 0.00622390 0.03493461
v 0.03150563 0.00583735 0.03519119
v 0.01997379 0.00626527 0.03348741
f 2950 2953 2951
f 2950 2951 2982
f 2950 2982 2965
f 2950 2952 2955
f 2950 2955 2967
f 2950 2967 3014
f 2950 3014 3078
f 2950 3078 3004
f 2950 3004 2963
f 2950 2963 2957
f 2950 2957 2953
f 2950 2954 2952
f 2952 2954 2956
f 2952 2956 2955
f 2953 2957 2958
f 2953 2958 2959
f 2953 2959 2951
f 2954 2960 2956
f 2954 2950 2960
f 2955 2956 2961
f 2956 2962 2961
f 2958 2964 2959
f 2950 2965 2960
f 2960 2966 2956
f 2955 2968 2967
f 2961 2962 2969
f 2961 2969 2970
f 2961 2970 2955
f 2956 2966 2971
f 2956 2971 2962
f 2962 2971 2972
f 2962 2972 2973
f 2962 2973 2974
f 2962 2974 2975
f 2962 2975 2976
f 2962 2976 2977
f 2957 2963 2978
f 2957 2978 2958
f 2958 2978 2979
f 2958 2979 2964
f 2964 2980 2981
f 2964 2981 2959
f 2959 2981 2951
f 2960 2965 2983
f 2960 2983 2966
f 2965 2985 2986
f 2965 2986 2983
f 2968 2955 2970
f 2962 2977 2987
f 2969 2962 2988
f 2969 2988 2989
f 2969 2989 2990
f 2969 2990 2991
f 2969 2991 2970
f 2970 2992 2968
f 2971 2966 2993
f 2971 2993 2994
f 2971 2994 2995
f 2971 2995 2996
f 2971 2996 2997
f 2971 2997 2972
f 2972 2997 2998
f 2973 2999 2974
f 2974 2999 3000
f 2975 2974 3000
f 2975 3000 3001
f 2975 3001 3002
f 2975 3002 2976
f 2976 3002 3003
f 2976 3003 2977
f 2963 3004 2978
f 2964 2979 3005
f 2964 3005 2980
f 2980 3005 3006
f 2980 3006 3007
f 2980 3007 2981
f 2981 3007 2951
f 2951 3007 3008
f 2951 3008 2982
f 2966 2983 2984
f 2984 2993 2966
f 2985 2965 3009
f 2985 3009 3010
f 2985 3010 3011
f 2985 3011 3012
f 2985 3012 3013
f 2985 3013 2986
f 2968 3014 2967
f 2987 2977 3016
f 2962 2987 2988
f 2988 3017 2989
f 2989 3017 3018
f 2989 3018 2990
f 2990 3018 2992
f 2990 2992 2991
f 2991 2992 2970
f 2992 3015 2968
f 2996 2995 3019
f 2996 3019 3020
f 2996 3020 3021
f 2996 3021 2997
f 2997 3021 3022
f 2997 3022 2998
f 2998 3022 3023
f 2998 3023 2972
f 2973 3024 2999
f 2973 2972 3023
f 2973 3023 3024
f 2999 3024 3025
f 2999 3025 3001
f 2999 3001 3000
f 3002 3026 3027
f 3002 3001 3026
f 3003 3002 3027
f 3003 3027 3028
f 3003 3028 2977
f 2977 3028 3016
f 2978 3004 3029
f 2978 3029 3030
f 2978 3030 2979
f 2979 3031 3005
f 3005 3031 3006
f 3006 3031 3032
f 3006 3032 3033
f 3006 3034 3007
f 3007 3034 3008
f 3008 3035 2982
f 2982 3035 3036
f 2982 3036 2965
f 2984 3037 2994
f 2984 2994 2993
f 2984 2983 3037
f 2983 2986 3037
f 2965 3036 3038
f 2965 3038 3039
f 2965 3039 3010
f 2965 3010 3009
f 3010 3039 3040
f 3010 3040 3011
f 3011 3040 3041
f 3011 3041 3012
f 3013 3012 3042
f 3013 3042 3043
f 3013 3043 2986
f 2986 3043 3037
f 2968 3015 3014
f 3016 3046 3047
f 2988 3048 3049
f 2988 3049 3017
f 2988 2987 3048
f 3018 3045 3015
f 3018 3015 2992
f 3018 3017 3045
f 2995 2994 3019
f 2994 3037 3019
f 3022 3050 3023
f 3023 3050 3024
f 3025 3026 3001
f 3027 3051 3052
f 3027 3026 3053
f 3027 3053 3051
f 3028 3027 3052
f 3028 3052 3054
f 3028 3054 3046
f 3016 3028 3046
f 3029 3044 3055
f 3029 3055 3030
f 2979 3030 3031
f 3031 3030 3056
f 3031 3056 3057
f 3031 3057 3032
f 3033 3058 3006
f 3034 3059 3008
f 3037 3043 3042
f 3036 3035 3038
f 3038 3060 3039
f 3039 3060 3040
f 3040 3061 3041
f 3012 3041 3042
f 3041 3061 3062
f 3014 3015 3044
f 3014 3044 3063
f 3015 3055 3044
f 3015 3045 3055
f 3044 3029 3063
f 3046 3064 3047
f 3047 3048 3016
f 3016 3048 2987
f 3049 3066 3045
f 3049 3045 3017
f 3019 3037 3042
f 3019 3042 3020
f 3020 3067 3021
f 3020 3042 3067
f 3021 3068 3022
f 3021 3067 3068
f 3022 3068 3050
f 3050 3068 3069
f 3050 3025 3024
f 3026 3025 3069
f 3025 3050 3069
f 3051 3070 3071
f 3051 3071 3052
f 3051 3053 3070
f 3052 3071 3072
f 3052 3072 3054
f 3054 3064 3046
f 3054 3072 3064
f 3004 3063 3029
f 3030 3055 3065
f 3030 3065 3056
f 3056 3065 3057
f 3057 3047 3032
f 3032 3047 3064
f 3032 3064 3033
f 3006 3058 3034
f 3033 3064 3058
f 3034 3058 3059
f 3059 3058 3073
f 3059 3073 3074
f 3059 3074 3035
f 3059 3035 3008
f 3035 3074 3038
f 3038 3074 3060
f 3060 3075 3040
f 3061 3040 3075
f 3061 3075 3076
f 3041 3062 3067
f 3041 3067 3042
f 3061 3076 3062
f 3062 3076 3077
f 3063 3004 3078
f 3063 3078 3014
f 3045 3066 3055
f 3047 3057 3065
f 3048 3047 3066
f 3048 3066 3049
f 3065 3066 3047
f 3067 3062 3068
f 3069 3068 3077
f 3026 3069 3053
f 3053 3069 3077
f 3071 3073 3072
f 3072 3073 3058
f 3064 3072 3058
f 3055 3066 3065
f 3074 3073 3060
f 3060 3073 3075
f 3075 3073 3071
f 3075 3070 3076
f 3076 3070 3077
f 3062 3077 3068
f 3053 3077 3070
f 3070 3075 3071

o geometry_24
v 0.00924535 -0.00721427 0.01085794
v 0.00924535 -0.00722212 0.01090775
v 0.00924535 -0.00670006 0.01085794
v 0.00928306 -0.00719977 0.01085794
v 0.02676131 -0.00640761 0.02578591
v 0.00924535 -0.00727409 0.01125788
v 0.00924535 -0.00676109 0.01122272
v 0.01351827 -0.00299124 0.01320921
v 0.01200973 -0.00413869 0.01085794
v 0.00988270 -0.00689583 0.01085794
v 0.02657840 -0.00640761 0.02561011
v 0.02688200 -0.00635504 0.02582400
v 0.02682543 -0.00639129 0.02582400
v 0.02678771 -0.00640761 0.02582400
v 0.00924535 -0.00737077 0.01202845
v 0.00924535 -0.00732061 0.01161533
v 0.00924535 -0.00678949 0.01138973
v 0.01403871 -0.00299124 0.01320921
v 0.00924535 -0.00690188 0.01202845
v 0.01381432 -0.00299124 0.01474449
v 0.02033307 -0.00119785 0.01989236
v 0.01200973 -0.00503840 0.01085794
v 0.02204903 -0.00119785 0.02026740
v 0.02545266 -0.00119785 0.02266407
v 0.02649355 -0.00119785 0.02343904
v 0.02666326 -0.00119785 0.02357089
v 0.02691217 -0.00119785 0.02377305
v 0.02783992 -0.00119785 0.02454069
v 0.01004110 -0.00681487 0.01085794
v 0.02648789 -0.00636531 0.02546215
v 0.01010521 -0.00677559 0.01085794
v 0.02676886 -0.00626622 0.02558814
v 0.02695365 -0.00598706 0.02541674
v 0.02761364 -0.00567648 0.02582400
v 0.02501330 -0.00640761 0.02582400
v 0.02051033 -0.00640761 0.02303910
v 0.02028027 -0.00640761 0.02289407
v 0.00988836 -0.00684327 0.01320921
v 0.00986385 -0.00684327 0.01316526
v 0.02130608 -0.00119785 0.01989236
v 0.01385957 -0.00549581 0.01752938
v 0.02100625 -0.00119785 0.02044759
v 0.01415374 -0.00583116 0.01814320
v 0.01185700 -0.00524445 0.01085794
v 0.02782860 -0.00151871 0.02454801
v 0.02781163 -0.00193805 0.02456266
v 0.02779089 -0.00235799 0.02458171
v 0.02776072 -0.00277794 0.02460808
v 0.02773432 -0.00308187 0.02463152
v 0.02770603 -0.00336164 0.02465789
v 0.02767209 -0.00361602 0.02468719
v 0.02760609 -0.00403536 0.02474725
v 0.02733644 -0.00433205 0.02461394
v 0.02751747 -0.00448371 0.02484394
v 0.02757404 -0.00453024 0.02491572
v 0.02770038 -0.00463598 0.02508273
v 0.02742130 -0.00487526 0.02495234
v 0.02733833 -0.00514052 0.02502852
v 0.02850933 -0.00119785 0.02516769
v 0.01031075 -0.00664266 0.01085794
v 0.01062377 -0.00643057 0.01085794
v 0.02708942 -0.00572059 0.02527464
v 0.02735341 -0.00558645 0.02541234
v 0.02769849 -0.00559370 0.02582400
v 0.01083496 -0.00626561 0.01085794
v 0.01101033 -0.00612120 0.01085794
v 0.01110461 -0.00604023 0.01085794
v 0.01129318 -0.00587225 0.01085794
v 0.02735341 -0.00453024 0.02582400
v 0.02751935 -0.00119785 0.02516769
v 0.02683108 -0.00119785 0.02468426
v 0.01170614 -0.00543418 0.01085794
v 0.02847161 -0.00156463 0.02516769
v 0.02840939 -0.00195436 0.02516769
v 0.02846784 -0.00457978 0.02582400
v 0.02840939 -0.00453024 0.02574489
v 0.02775883 -0.00435561 0.02501680
v 0.02826985 -0.00487526 0.02578444
v 0.02822648 -0.00501000 0.02582400
v 0.02815294 -0.00511454 0.02582400
v 0.02722519 -0.00542028 0.02513254
v 0.02847161 -0.00453024 0.02582400
v 0.01141763 -0.00574597 0.01085794
v 0.01149872 -0.00566016 0.01085794
v 0.02830568 -0.00487526 0.02582400
f 3079 3080 3084
f 3079 3084 3094
f 3079 3094 3093
f 3079 3093 3097
f 3079 3097 3095
f 3079 3095 3085
f 3079 3085 3081
f 3079 3081 3087
f 3079 3087 3100
f 3079 3100 3122
f 3079 3122 3150
f 3079 3150 3162
f 3079 3162 3161
f 3079 3161 3146
f 3079 3146 3145
f 3079 3145 3144
f 3079 3144 3143
f 3079 3143 3139
f 3079 3139 3138
f 3079 3138 3109
f 3079 3109 3107
f 3079 3107 3088
f 3079 3088 3082
f 3079 3082 3083
f 3079 3083 3080
f 3080 3083 3084
f 3081 3085 3086
f 3081 3086 3087
f 3082 3088 3089
f 3082 3089 3083
f 3083 3089 3090
f 3083 3090 3091
f 3083 3091 3092
f 3083 3092 3093
f 3083 3093 3094
f 3083 3094 3084
f 3085 3095 3086
f 3086 3096 3087
f 3086 3095 3097
f 3086 3097 3098
f 3086 3098 3099
f 3086 3099 3118
f 3086 3118 3096
f 3087 3096 3101
f 3087 3101 3102
f 3087 3102 3103
f 3087 3103 3104
f 3087 3104 3105
f 3087 3105 3106
f 3087 3106 3100
f 3088 3107 3089
f 3089 3108 3090
f 3089 3107 3109
f 3089 3109 3108
f 3090 3108 3110
f 3090 3110 3111
f 3090 3111 3112
f 3090 3112 3142
f 3090 3142 3158
f 3090 3158 3157
f 3090 3157 3163
f 3090 3163 3153
f 3090 3153 3160
f 3090 3160 3147
f 3090 3147 3113
f 3090 3113 3092
f 3090 3092 3091
f 3092 3113 3093
f 3093 3114 3115
f 3093 3115 3116
f 3093 3116 3117
f 3093 3117 3097
f 3093 3113 3114
f 3096 3118 3101
f 3097 3117 3098
f 3098 3117 3116
f 3098 3116 3119
f 3098 3119 3099
f 3099 3120 3149
f 3099 3149 3148
f 3099 3148 3137
f 3099 3137 3106
f 3099 3106 3105
f 3099 3105 3104
f 3099 3104 3103
f 3099 3103 3102
f 3099 3102 3101
f 3099 3101 3118
f 3099 3119 3121
f 3099 3121 3120
f 3100 3106 3123
f 3100 3123 3124
f 3100 3124 3125
f 3100 3125 3126
f 3100 3126 3127
f 3100 3127 3128
f 3100 3128 3129
f 3100 3129 3130
f 3100 3130 3131
f 3100 3131 3132
f 3100 3132 3133
f 3100 3133 3134
f 3100 3134 3135
f 3100 3135 3136
f 3100 3136 3122
f 3106 3137 3123
f 3108 3109 3138
f 3108 3138 3139
f 3108 3139 3110
f 3110 3139 3111
f 3111 3140 3141
f 3111 3141 3142
f 3111 3142 3112
f 3111 3139 3143
f 3111 3143 3144
f 3111 3144 3145
f 3111 3145 3146
f 3111 3146 3140
f 3113 3147 3148
f 3113 3148 3114
f 3114 3148 3115
f 3115 3121 3116
f 3115 3148 3149
f 3115 3149 3121
f 3116 3121 3119
f 3120 3121 3149
f 3122 3136 3150
f 3123 3137 3124
f 3124 3137 3125
f 3125 3137 3151
f 3125 3151 3126
f 3126 3151 3127
f 3127 3151 3152
f 3127 3152 3128
f 3128 3152 3153
f 3128 3153 3154
f 3128 3154 3129
f 3129 3154 3130
f 3130 3154 3155
f 3130 3155 3131
f 3131 3155 3132
f 3132 3155 3133
f 3133 3155 3134
f 3134 3155 3153
f 3134 3153 3156
f 3134 3156 3136
f 3134 3136 3135
f 3136 3156 3157
f 3136 3157 3158
f 3136 3158 3159
f 3136 3159 3150
f 3137 3160 3153
f 3137 3153 3151
f 3137 3148 3147
f 3137 3147 3160
f 3140 3159 3141
f 3140 3146 3161
f 3140 3161 3159
f 3141 3158 3142
f 3141 3159 3158
f 3150 3159 3162
f 3151 3153 3152
f 3153 3163 3156
f 3153 3155 3154
f 3156 3163 3157
f 3159 3161 3162

o geometry_25
v 0.02500784 0.00623221 0.02560825
v 0.02510699 0.00623221 0.02578477
v 0.02669643 0.00623221 0.02560825
v 0.02769479 0.00284674 0.02560825
v 0.02517258 0.00623221 0.02588010
v 0.02672694 0.00623221 0.02563811
v 0.02675593 0.00619244 0.02560825
v 0.02882129 0.00623221 0.03069064
v 0.02879383 0.00284674 0.02560825
v 0.03193153 0.00284674 0.03095934
v 0.02776191 0.00623221 0.02670299
v 0.02759717 0.00617355 0.02644476
v 0.02680016 0.00615566 0.02560825
v 0.02779166 0.00589386 0.02625619
v 0.02903637 0.00623221 0.03095934
v 0.02874426 0.00310092 0.02560825
v 0.02880451 0.00310092 0.02566954
v 0.02957559 0.00284674 0.02640966
v 0.03279871 0.00284674 0.03095934
v 0.02790530 0.00602409 0.02656732
v 0.02854138 0.00623221 0.02761125
v 0.02874883 0.00593296 0.02741168
v 0.02699236 0.00598201 0.02560825
v 0.02859629 0.00586370 0.02713774
v 0.02807156 0.00576329 0.02641018
v 0.02820808 0.00548360 0.02625357
v 0.02792589 0.00561682 0.02611529
v 0.02991575 0.00623221 0.03095934
v 0.02872748 0.00318045 0.02560825
v 0.02939712 0.00331499 0.02632900
v 0.02942229 0.00310092 0.02630752
v 0.02967169 0.00284674 0.02650971
v 0.03234567 0.00284674 0.03008880
v 0.03278803 0.00289844 0.03095934
v 0.02939788 0.00623221 0.02885107
v 0.02960762 0.00596246 0.02865674
v 0.02898831 0.00584084 0.02757353
v 0.02806089 0.00533481 0.02597386
v 0.02744692 0.00554060 0.02560825
v 0.02887620 0.00572717 0.02729383
v 0.02901120 0.00544715 0.02712831
v 0.02914467 0.00514691 0.02700731
v 0.02899899 0.00502032 0.02673022
v 0.02833698 0.00518469 0.02613414
v 0.02818597 0.00505478 0.02586334
v 0.03015752 0.00623121 0.03095934
v 0.03015676 0.00623221 0.03095777
v 0.02867104 0.00341739 0.02560825
v 0.02875646 0.00347638 0.02571301
v 0.02868095 0.00394066 0.02578373
v 0.02952830 0.00348135 0.02652385
v 0.02980744 0.00327688 0.02676375
v 0.02966406 0.00312246 0.02656470
v 0.02984024 0.00299686 0.02672079
v 0.02985473 0.00284674 0.02670456
v 0.03233881 0.00290573 0.03010084
v 0.03152655 0.00284674 0.02880340
v 0.03151358 0.00295975 0.02882226
v 0.03276592 0.00292826 0.03093211
v 0.03277431 0.00294682 0.03095934
v 0.03016057 0.00623221 0.03023651
v 0.03018269 0.00621199 0.03021765
v 0.03037184 0.00594025 0.02989813
v 0.02983795 0.00585244 0.02880917
v 0.02974872 0.00576395 0.02852893
v 0.02988524 0.00548426 0.02832885
v 0.02977465 0.00537524 0.02804966
v 0.02800673 0.00479862 0.02560825
v 0.02939864 0.00499348 0.02716654
v 0.03003015 0.00520987 0.02820994
v 0.02928195 0.00478006 0.02687950
v 0.02848036 0.00478006 0.02600162
v 0.02854596 0.00454776 0.02592725
v 0.02826986 0.00478006 0.02578425
v 0.02825995 0.00444569 0.02560825
v 0.03045421 0.00612285 0.03095934
v 0.03026963 0.00623221 0.03057069
v 0.02862451 0.00355757 0.02560825
v 0.02848952 0.00394066 0.02560825
v 0.02861384 0.00426840 0.02585077
v 0.02948940 0.00394066 0.02664641
v 0.03054725 0.00352079 0.02772962
v 0.03060598 0.00310092 0.02765105
v 0.03063649 0.00284674 0.02761282
v 0.03229839 0.00318542 0.03018360
v 0.03147545 0.00323944 0.02887831
v 0.03143121 0.00352079 0.02894378
v 0.03152044 0.00379617 0.02922611
v 0.03070360 0.00352079 0.02793966
v 0.03274761 0.00302172 0.03095934
v 0.03225186 0.00353702 0.03032136
v 0.03026353 0.00623221 0.03047640
v 0.03107732 0.00576164 0.03095934
v 0.03058157 0.00575799 0.02989813
v 0.03028794 0.00587464 0.02962314
v 0.03071123 0.00546637 0.02959224
v 0.03062123 0.00537988 0.02931201
v 0.03027345 0.00504484 0.02837023
v 0.03017582 0.00489605 0.02809104
v 0.03026353 0.00461602 0.02797214
v 0.02945890 0.00478006 0.02708902
v 0.02936127 0.00450832 0.02678575
v 0.02943296 0.00422830 0.02670875
v 0.03080962 0.00592633 0.03095934
v 0.03026963 0.00623221 0.03052512
v 0.03022997 0.00413452 0.02759763
v 0.03028107 0.00385449 0.02754577
v 0.03066623 0.00376436 0.02799309
v 0.03196814 0.00385748 0.03002804
v 0.03109334 0.00418688 0.02882697
v 0.03136333 0.00393800 0.02907473
v 0.03190637 0.00413717 0.03011865
v 0.03268659 0.00317979 0.03095934
v 0.03206272 0.00397479 0.03028208
v 0.03095529 0.00584282 0.03095934
v 0.03144646 0.00541202 0.03095934
v 0.03147316 0.00538617 0.03095934
v 0.03141748 0.00532950 0.03073778
v 0.03160129 0.00511940 0.03073778
v 0.03153265 0.00503821 0.03046540
v 0.03109944 0.00502761 0.02963938
v 0.03086606 0.00520358 0.02947596
v 0.03102165 0.00490500 0.02935967
v 0.03110935 0.00462530 0.02921458
v 0.03033141 0.00436052 0.02788257
v 0.03117113 0.00434031 0.02906792
v 0.03185145 0.00439598 0.03028208
v 0.03190789 0.00455936 0.03054607
v 0.03198340 0.00427967 0.03039836
v 0.03265456 0.00325601 0.03095934
v 0.03149604 0.00535966 0.03095934
v 0.03182781 0.00478371 0.03070635
v 0.03194984 0.00464651 0.03082578
v 0.03204975 0.00454113 0.03095934
v 0.03197653 0.00465778 0.03095934
f 3164 3165 3168
f 3164 3168 3171
f 3164 3171 3178
f 3164 3178 3191
f 3164 3191 3210
f 3164 3210 3240
f 3164 3240 3268
f 3164 3268 3255
f 3164 3255 3224
f 3164 3224 3198
f 3164 3198 3184
f 3164 3184 3174
f 3164 3174 3169
f 3164 3169 3166
f 3164 3166 3170
f 3164 3170 3176
f 3164 3176 3186
f 3164 3186 3202
f 3164 3202 3231
f 3164 3231 3238
f 3164 3238 3242
f 3164 3242 3241
f 3164 3241 3211
f 3164 3211 3192
f 3164 3192 3179
f 3164 3179 3172
f 3164 3172 3167
f 3164 3167 3165
f 3165 3167 3168
f 3166 3169 3170
f 3167 3171 3168
f 3167 3172 3181
f 3167 3181 3195
f 3167 3195 3218
f 3167 3218 3247
f 3167 3247 3220
f 3167 3220 3196
f 3167 3196 3182
f 3167 3182 3173
f 3167 3173 3171
f 3169 3174 3175
f 3169 3175 3170
f 3170 3175 3177
f 3170 3177 3176
f 3171 3173 3178
f 3172 3179 3180
f 3172 3180 3181
f 3173 3182 3197
f 3173 3197 3223
f 3173 3223 3253
f 3173 3253 3276
f 3173 3276 3293
f 3173 3293 3297
f 3173 3297 3298
f 3173 3298 3294
f 3173 3294 3280
f 3173 3280 3279
f 3173 3279 3256
f 3173 3256 3278
f 3173 3278 3267
f 3173 3267 3239
f 3173 3239 3209
f 3173 3209 3191
f 3173 3191 3178
f 3174 3183 3177
f 3174 3177 3175
f 3174 3184 3185
f 3174 3185 3183
f 3176 3177 3186
f 3177 3183 3187
f 3177 3187 3188
f 3177 3188 3189
f 3177 3189 3190
f 3177 3190 3186
f 3179 3192 3180
f 3180 3192 3193
f 3180 3193 3194
f 3180 3194 3181
f 3181 3194 3193
f 3181 3193 3195
f 3182 3196 3197
f 3183 3185 3187
f 3184 3198 3199
f 3184 3199 3200
f 3184 3200 3185
f 3185 3200 3187
f 3186 3190 3201
f 3186 3201 3202
f 3187 3200 3203
f 3187 3203 3188
f 3188 3203 3204
f 3188 3204 3189
f 3189 3204 3205
f 3189 3205 3206
f 3189 3206 3207
f 3189 3207 3208
f 3189 3208 3201
f 3189 3201 3190
f 3191 3209 3210
f 3192 3211 3193
f 3193 3211 3212
f 3193 3212 3213
f 3193 3213 3214
f 3193 3214 3215
f 3193 3215 3216
f 3193 3216 3195
f 3195 3216 3217
f 3195 3217 3218
f 3196 3219 3197
f 3196 3220 3221
f 3196 3221 3219
f 3197 3222 3223
f 3197 3219 3222
f 3198 3224 3225
f 3198 3225 3226
f 3198 3226 3227
f 3198 3227 3199
f 3199 3227 3228
f 3199 3228 3200
f 3200 3204 3203
f 3200 3228 3229
f 3200 3229 3230
f 3200 3230 3204
f 3201 3208 3202
f 3202 3208 3231
f 3204 3232 3205
f 3204 3230 3233
f 3204 3233 3232
f 3205 3232 3206
f 3206 3232 3234
f 3206 3234 3235
f 3206 3235 3208
f 3206 3208 3207
f 3208 3235 3236
f 3208 3236 3237
f 3208 3237 3238
f 3208 3238 3231
f 3209 3239 3210
f 3210 3239 3240
f 3211 3213 3212
f 3211 3241 3213
f 3213 3241 3242
f 3213 3242 3243
f 3213 3243 3244
f 3213 3244 3214
f 3214 3244 3215
f 3215 3217 3216
f 3215 3244 3245
f 3215 3245 3246
f 3215 3246 3247
f 3215 3247 3217
f 3217 3247 3218
f 3219 3248 3222
f 3219 3221 3249
f 3219 3249 3250
f 3219 3250 3251
f 3219 3251 3248
f 3220 3247 3246
f 3220 3246 3221
f 3221 3252 3249
f 3221 3246 3252
f 3222 3248 3223
f 3223 3248 3254
f 3223 3254 3253
f 3224 3255 3225
f 3225 3255 3256
f 3225 3256 3226
f 3226 3256 3257
f 3226 3257 3258
f 3226 3258 3227
f 3227 3258 3257
f 3227 3257 3259
f 3227 3259 3260
f 3227 3260 3228
f 3228 3260 3229
f 3229 3233 3230
f 3229 3260 3261
f 3229 3261 3233
f 3232 3233 3262
f 3232 3262 3263
f 3232 3263 3264
f 3232 3264 3234
f 3233 3261 3262
f 3234 3264 3265
f 3234 3265 3235
f 3235 3265 3236
f 3236 3243 3237
f 3236 3265 3266
f 3236 3266 3243
f 3237 3243 3238
f 3238 3243 3242
f 3239 3267 3240
f 3240 3267 3268
f 3243 3266 3244
f 3244 3266 3269
f 3244 3269 3270
f 3244 3270 3245
f 3245 3270 3269
f 3245 3269 3271
f 3245 3271 3252
f 3245 3252 3246
f 3248 3272 3254
f 3248 3251 3272
f 3249 3252 3271
f 3249 3271 3250
f 3250 3271 3273
f 3250 3273 3274
f 3250 3274 3251
f 3251 3275 3272
f 3251 3274 3275
f 3253 3254 3276
f 3254 3272 3277
f 3254 3277 3276
f 3255 3268 3278
f 3255 3278 3256
f 3256 3279 3257
f 3257 3279 3280
f 3257 3280 3281
f 3257 3281 3259
f 3259 3281 3282
f 3259 3282 3283
f 3259 3283 3284
f 3259 3284 3285
f 3259 3285 3260
f 3260 3285 3261
f 3261 3285 3286
f 3261 3286 3287
f 3261 3287 3262
f 3262 3287 3263
f 3263 3288 3269
f 3263 3269 3264
f 3263 3287 3289
f 3263 3289 3273
f 3263 3273 3288
f 3264 3269 3265
f 3265 3269 3266
f 3267 3278 3268
f 3269 3288 3273
f 3269 3273 3271
f 3272 3275 3277
f 3273 3289 3274
f 3274 3289 3275
f 3275 3290 3291
f 3275 3291 3292
f 3275 3292 3277
f 3275 3289 3287
f 3275 3287 3290
f 3276 3277 3293
f 3277 3292 3293
f 3280 3294 3282
f 3280 3282 3281
f 3282 3294 3295
f 3282 3295 3283
f 3283 3295 3291
f 3283 3291 3284
f 3284 3286 3285
f 3284 3291 3286
f 3286 3291 3287
f 3287 3291 3290
f 3291 3295 3296
f 3291 3296 3297
f 3291 3297 3293
f 3291 3293 3292
f 3294 3298 3295
f 3295 3298 3296
f 3296 3298 3297

o geometry_26
v 0.01725289 0.00793093 0.02294931
v 0.01827189 0.00773257 0.02294931
v 0.01720070 0.00767182 0.02190711
v 0.01720297 0.00793093 0.02294931
v 0.02669502 0.00623152 0.02560770
v 0.01934421 0.00749491 0.02294931
v 0.01785203 0.00765663 0.02234178
v 0.01720070 0.00756639 0.02155020
v 0.01720070 0.00793003 0.02294931
v 0.02500654 0.00623152 0.02560770
v 0.02675289 0.00619132 0.02560770
v 0.02676878 0.00617166 0.02559147
v 0.02659857 0.00623152 0.02551371
v 0.01949172 0.00738680 0.02280163
v 0.01720070 0.00748776 0.02134097
v 0.02559546 0.00623152 0.02466563
v 0.01720070 0.00731353 0.02294931
v 0.02733274 -0.00119688 0.02495261
v 0.02769245 0.00284702 0.02560770
v 0.02679828 0.00615469 0.02560770
v 0.02699119 0.00598046 0.02560770
v 0.02695488 0.00589111 0.02541917
v 0.02607092 0.00586341 0.02461304
v 0.01720070 0.00737071 0.02108196
v 0.02438924 0.00623152 0.02378118
v 0.02579064 0.00592953 0.02445976
v 0.02562723 0.00583661 0.02422312
v 0.01720070 0.00580801 0.01989262
v 0.02033597 -0.00119688 0.01989318
v 0.02100773 -0.00119688 0.02044869
v 0.02683119 -0.00119688 0.02468576
v 0.02733274 -0.00119688 0.02420690
v 0.02879314 0.00284702 0.02560770
v 0.02744622 0.00553908 0.02560770
v 0.02735203 0.00549172 0.02541469
v 0.02709218 0.00562485 0.02527652
v 0.02590751 0.00571152 0.02433221
v 0.02694693 0.00547743 0.02501471
v 0.01720070 0.00730996 0.02094994
v 0.02486129 0.00589736 0.02373586
v 0.02452314 0.00601441 0.02362790
v 0.02361989 0.00589111 0.02290512
v 0.01816636 0.00630658 0.01995976
v 0.01785203 0.00658981 0.02014716
v 0.01785203 0.00673277 0.02035695
v 0.01720070 0.00707050 0.02047946
v 0.01720070 0.00714109 0.02060533
v 0.01720070 0.00718844 0.02069260
v 0.02514611 0.00535681 0.02343825
v 0.02486583 0.00548011 0.02332860
v 0.02467406 0.00575977 0.02345615
v 0.01720070 0.00665504 0.01989262
v 0.01989342 0.00310970 0.01989262
v 0.02104518 -0.00119688 0.01989318
v 0.02733274 -0.00119509 0.02420298
v 0.02691176 -0.00119688 0.02377446
v 0.02874549 0.00284702 0.02555847
v 0.02874322 0.00310166 0.02560770
v 0.02733274 -0.00109591 0.02419795
v 0.02733274 -0.00067687 0.02418508
v 0.02800450 0.00479749 0.02560770
v 0.02733388 0.00504230 0.02503261
v 0.02722608 0.00532196 0.02513498
v 0.02825869 0.00444546 0.02560770
v 0.02606070 0.00543186 0.02421081
v 0.02375265 0.00563289 0.02274904
v 0.02360627 0.00546849 0.02250233
v 0.01836493 0.00612431 0.01989262
v 0.01822536 0.00621008 0.01989262
v 0.01785998 0.00637806 0.01989262
v 0.01720070 0.00689091 0.02021765
v 0.01720070 0.00706157 0.02046603
v 0.02526299 0.00507715 0.02333196
v 0.02497363 0.00518794 0.02319043
v 0.02621957 0.00516292 0.02414089
v 0.02388542 0.00536217 0.02259128
v 0.01997399 0.00310970 0.01989262
v 0.02104518 0.00284702 0.01989318
v 0.02131411 -0.00067687 0.01989374
v 0.02130730 -0.00119688 0.01989374
v 0.02666665 -0.00119688 0.02357195
v 0.02666665 -0.00109591 0.02356748
v 0.02691402 -0.00109591 0.02377223
v 0.02733274 -0.00025604 0.02417669
v 0.02692310 -0.00025604 0.02376384
v 0.02861726 0.00284702 0.02543204
v 0.02859230 0.00310166 0.02545497
v 0.02872620 0.00318029 0.02560770
v 0.02856506 0.00334558 0.02548015
v 0.02691970 -0.00067687 0.02376663
v 0.02770040 0.00453927 0.02508407
v 0.02741785 0.00477962 0.02495541
v 0.02646127 0.00499852 0.02422368
v 0.02848790 0.00393975 0.02560770
v 0.01869174 0.00590719 0.01989262
v 0.02510412 0.00477962 0.02303603
v 0.02480342 0.00501728 0.02295491
v 0.02599489 0.00496010 0.02382705
v 0.02274274 0.00503783 0.02167886
v 0.02403293 0.00508251 0.02249171
v 0.01997399 0.00475549 0.01989262
v 0.02095667 0.00352428 0.01989374
v 0.02110872 0.00310166 0.01989374
v 0.02112120 0.00305609 0.01989374
v 0.02120631 0.00266475 0.01989374
v 0.02125737 0.00226179 0.01989374
v 0.02128574 0.00184275 0.01989374
v 0.02130163 0.00142192 0.01989374
v 0.02130957 0.00100287 0.01989374
v 0.02205169 0.00016300 0.02026128
v 0.02205169 -0.00025604 0.02026184
v 0.02205169 -0.00067687 0.02026352
v 0.02205169 -0.00109591 0.02026744
v 0.02205169 -0.00119688 0.02026912
v 0.02649417 -0.00119688 0.02344049
v 0.02644197 -0.00109591 0.02339573
v 0.02666665 -0.00067687 0.02355853
v 0.02645105 -0.00067687 0.02339182
v 0.02662467 -0.00027838 0.02352160
v 0.02692310 0.00016300 0.02376384
v 0.02774692 0.00284702 0.02462143
v 0.02773557 0.00298551 0.02463206
v 0.02691970 0.00058383 0.02376663
v 0.02691402 0.00100287 0.02377167
v 0.02690608 0.00142192 0.02378006
v 0.02770607 0.00326606 0.02465891
v 0.02866833 0.00341706 0.02560770
v 0.02862293 0.00355734 0.02560770
v 0.02766976 0.00351981 0.02469192
v 0.02760281 0.00393975 0.02475234
v 0.02851400 0.00362435 0.02551986
v 0.02775713 0.00425961 0.02502030
v 0.02751884 0.00438738 0.02484688
v 0.02725898 0.00451515 0.02467458
v 0.02624680 0.00480374 0.02393558
v 0.01997399 0.00501192 0.02002297
v 0.01963130 0.00509948 0.01989262
v 0.02011696 0.00495117 0.02006213
v 0.02518696 0.00455535 0.02297617
v 0.02394783 0.00457859 0.02212696
v 0.02288458 0.00477604 0.02159998
v 0.02026334 0.00467151 0.01996535
v 0.02380258 0.00485914 0.02221199
v 0.02031441 0.00449281 0.01989374
v 0.02040519 0.00438917 0.01989374
v 0.02047554 0.00430161 0.01989374
v 0.02074561 0.00391384 0.01989374
v 0.02078759 0.00384325 0.01989374
v 0.02182361 0.00369493 0.02046547
v 0.02189282 0.00341438 0.02042016
v 0.02195410 0.00310166 0.02037932
v 0.02198814 0.00284702 0.02035471
v 0.02200970 0.00268083 0.02033904
v 0.02208346 0.00222694 0.02034016
v 0.02205169 0.00184275 0.02029037
v 0.02205169 0.00142192 0.02027527
v 0.02205169 0.00100287 0.02026688
v 0.02205169 0.00058383 0.02026352
v 0.02546383 0.00016300 0.02265841
v 0.02546383 -0.00025604 0.02265841
v 0.02546156 -0.00067687 0.02266009
v 0.02545702 -0.00109591 0.02266401
v 0.02545476 -0.00119688 0.02266569
v 0.02645559 -0.00043384 0.02339014
v 0.02662467 0.00019070 0.02352160
v 0.02645673 -0.00015329 0.02338902
v 0.02666665 0.00058383 0.02355797
v 0.02689360 0.00184275 0.02379237
v 0.02688339 0.00212151 0.02380299
v 0.02686750 0.00240207 0.02381698
v 0.02685048 0.00268083 0.02383208
v 0.02660765 0.00310166 0.02368719
v 0.02666665 0.00100287 0.02356748
v 0.02666665 0.00142192 0.02358370
v 0.02655658 0.00351981 0.02372803
v 0.02650212 0.00385755 0.02377167
v 0.02645219 0.00413721 0.02381418
v 0.02733615 0.00423459 0.02461695
v 0.02640112 0.00435968 0.02385670
v 0.02610723 0.00467955 0.02376104
v 0.02525958 0.00427569 0.02292414
v 0.02422584 0.00435968 0.02223046
v 0.02401478 0.00435968 0.02208333
v 0.02303437 0.00403088 0.02133314
v 0.02275409 0.00424532 0.02125202
v 0.02289253 0.00437487 0.02139244
v 0.02310926 0.00375122 0.02128615
v 0.02315238 0.00351981 0.02125762
v 0.02321252 0.00310166 0.02121790
v 0.02346216 0.00268083 0.02133034
v 0.02224573 0.00234399 0.02046212
v 0.02348486 0.00226179 0.02131412
v 0.02451179 0.00184275 0.02202011
v 0.02545702 0.00100287 0.02266401
v 0.02546156 0.00058383 0.02266009
v 0.02645559 0.00034885 0.02339014
v 0.02645673 0.00006919 0.02338902
v 0.02645219 0.00058383 0.02339182
v 0.02666665 0.00184275 0.02360664
v 0.02670296 0.00226179 0.02366985
v 0.02664169 0.00268083 0.02365978
v 0.02565220 0.00310166 0.02294092
v 0.02562951 0.00336256 0.02296050
v 0.02644197 0.00100287 0.02339573
v 0.02543887 0.00184275 0.02267799
v 0.02542525 0.00226179 0.02268974
v 0.02559319 0.00364132 0.02299407
v 0.02533107 0.00393975 0.02287100
v 0.02431094 0.00403535 0.02217228
v 0.02416229 0.00391294 0.02203410
v 0.02436768 0.00375480 0.02212584
v 0.02440172 0.00351981 0.02210123
v 0.02444825 0.00310166 0.02206598
v 0.02446754 0.00284702 0.02205256
v 0.02447775 0.00268083 0.02204361
v 0.02449704 0.00226179 0.02202906
v 0.02544908 0.00142192 0.02267016
v 0.02569986 0.00226179 0.02289897
v 0.02568057 0.00268083 0.02291575
v 0.02567036 0.00284702 0.02292582
v 0.02540710 0.00310166 0.02275408
v 0.02543320 0.00350909 0.02284302
v 0.02521533 0.00226179 0.02253982
v 0.02520284 0.00252626 0.02254765
v 0.02536852 0.00267190 0.02268023
v 0.02557277 0.00284702 0.02285198
v 0.02538440 0.00284702 0.02271044
f 3299 3300 3301
f 3299 3301 3302
f 3299 3302 3308
f 3299 3308 3303
f 3299 3303 3300
f 3300 3304 3305
f 3300 3305 3301
f 3300 3303 3304
f 3301 3306 3313
f 3301 3313 3322
f 3301 3322 3337
f 3301 3337 3346
f 3301 3346 3345
f 3301 3345 3344
f 3301 3344 3370
f 3301 3370 3369
f 3301 3369 3350
f 3301 3350 3326
f 3301 3326 3315
f 3301 3315 3307
f 3301 3307 3302
f 3301 3305 3306
f 3302 3307 3308
f 3303 3309 3310
f 3303 3310 3311
f 3303 3311 3304
f 3303 3308 3317
f 3303 3317 3331
f 3303 3331 3356
f 3303 3356 3386
f 3303 3386 3425
f 3303 3425 3426
f 3303 3426 3392
f 3303 3392 3362
f 3303 3362 3359
f 3303 3359 3332
f 3303 3332 3319
f 3303 3319 3318
f 3303 3318 3309
f 3304 3312 3313
f 3304 3313 3306
f 3304 3306 3305
f 3304 3311 3314
f 3304 3314 3312
f 3307 3315 3308
f 3308 3316 3317
f 3308 3315 3316
f 3309 3318 3310
f 3310 3318 3319
f 3310 3319 3320
f 3310 3320 3311
f 3311 3320 3321
f 3311 3321 3314
f 3312 3314 3313
f 3313 3314 3323
f 3313 3323 3322
f 3314 3321 3324
f 3314 3324 3325
f 3314 3325 3323
f 3315 3326 3327
f 3315 3327 3328
f 3315 3328 3329
f 3315 3329 3316
f 3316 3329 3328
f 3316 3328 3327
f 3316 3327 3352
f 3316 3352 3378
f 3316 3378 3412
f 3316 3412 3461
f 3316 3461 3413
f 3316 3413 3379
f 3316 3379 3354
f 3316 3354 3330
f 3316 3330 3331
f 3316 3331 3317
f 3319 3332 3320
f 3320 3332 3333
f 3320 3333 3334
f 3320 3334 3321
f 3321 3335 3325
f 3321 3325 3324
f 3321 3334 3336
f 3321 3336 3335
f 3322 3323 3337
f 3323 3325 3338
f 3323 3338 3339
f 3323 3339 3340
f 3323 3340 3341
f 3323 3341 3342
f 3323 3342 3343
f 3323 3343 3344
f 3323 3344 3345
f 3323 3345 3346
f 3323 3346 3337
f 3325 3335 3347
f 3325 3347 3348
f 3325 3348 3349
f 3325 3349 3338
f 3326 3350 3368
f 3326 3368 3367
f 3326 3367 3366
f 3326 3366 3393
f 3326 3393 3435
f 3326 3435 3399
f 3326 3399 3375
f 3326 3375 3351
f 3326 3351 3327
f 3327 3351 3375
f 3327 3375 3352
f 3330 3353 3331
f 3330 3354 3353
f 3331 3355 3356
f 3331 3353 3357
f 3331 3357 3358
f 3331 3358 3355
f 3332 3359 3333
f 3333 3360 3361
f 3333 3361 3334
f 3333 3359 3362
f 3333 3362 3360
f 3334 3361 3336
f 3335 3336 3363
f 3335 3363 3347
f 3336 3361 3363
f 3338 3349 3339
f 3339 3349 3340
f 3340 3364 3365
f 3340 3365 3366
f 3340 3366 3367
f 3340 3367 3341
f 3340 3349 3364
f 3341 3367 3368
f 3341 3368 3350
f 3341 3350 3342
f 3342 3350 3369
f 3342 3369 3370
f 3342 3370 3343
f 3343 3370 3344
f 3347 3371 3372
f 3347 3372 3348
f 3347 3363 3373
f 3347 3373 3371
f 3348 3372 3374
f 3348 3374 3365
f 3348 3365 3349
f 3349 3365 3364
f 3352 3376 3377
f 3352 3377 3378
f 3352 3375 3399
f 3352 3399 3376
f 3353 3354 3357
f 3354 3379 3380
f 3354 3380 3381
f 3354 3381 3357
f 3355 3358 3382
f 3355 3382 3383
f 3355 3383 3384
f 3355 3384 3385
f 3355 3385 3356
f 3356 3385 3387
f 3356 3387 3386
f 3357 3381 3358
f 3358 3381 3388
f 3358 3388 3382
f 3360 3362 3389
f 3360 3389 3390
f 3360 3390 3391
f 3360 3391 3361
f 3361 3391 3373
f 3361 3373 3363
f 3362 3392 3389
f 3365 3374 3393
f 3365 3393 3366
f 3371 3394 3395
f 3371 3395 3372
f 3371 3373 3396
f 3371 3396 3394
f 3372 3395 3374
f 3373 3391 3396
f 3374 3397 3393
f 3374 3395 3398
f 3374 3398 3397
f 3376 3400 3401
f 3376 3401 3402
f 3376 3402 3403
f 3376 3403 3404
f 3376 3404 3405
f 3376 3405 3406
f 3376 3406 3407
f 3376 3407 3377
f 3376 3399 3400
f 3377 3407 3408
f 3377 3408 3409
f 3377 3409 3410
f 3377 3410 3378
f 3378 3410 3411
f 3378 3411 3412
f 3379 3413 3414
f 3379 3414 3380
f 3380 3415 3388
f 3380 3388 3381
f 3380 3414 3416
f 3380 3416 3415
f 3382 3388 3383
f 3383 3388 3415
f 3383 3415 3417
f 3383 3417 3463
f 3383 3463 3418
f 3383 3418 3384
f 3384 3419 3420
f 3384 3420 3385
f 3384 3418 3421
f 3384 3421 3422
f 3384 3422 3423
f 3384 3423 3419
f 3385 3420 3424
f 3385 3424 3387
f 3386 3387 3425
f 3387 3426 3425
f 3387 3424 3427
f 3387 3427 3428
f 3387 3428 3429
f 3387 3429 3426
f 3389 3392 3430
f 3389 3430 3431
f 3389 3431 3432
f 3389 3432 3390
f 3390 3432 3391
f 3391 3433 3396
f 3391 3432 3433
f 3392 3429 3428
f 3392 3428 3430
f 3392 3426 3429
f 3393 3434 3435
f 3393 3397 3436
f 3393 3436 3434
f 3394 3396 3433
f 3394 3433 3437
f 3394 3437 3438
f 3394 3438 3395
f 3395 3438 3398
f 3397 3439 3440
f 3397 3440 3436
f 3397 3398 3439
f 3398 3438 3441
f 3398 3441 3439
f 3399 3435 3442
f 3399 3442 3443
f 3399 3443 3444
f 3399 3444 3445
f 3399 3445 3446
f 3399 3446 3400
f 3400 3447 3448
f 3400 3448 3449
f 3400 3449 3401
f 3400 3446 3447
f 3401 3449 3450
f 3401 3450 3451
f 3401 3451 3402
f 3402 3451 3403
f 3403 3451 3452
f 3403 3452 3453
f 3403 3453 3404
f 3404 3453 3454
f 3404 3454 3405
f 3405 3454 3455
f 3405 3455 3406
f 3406 3455 3407
f 3407 3455 3456
f 3407 3456 3408
f 3408 3456 3457
f 3408 3457 3458
f 3408 3458 3409
f 3409 3458 3410
f 3410 3458 3459
f 3410 3459 3411
f 3411 3459 3412
f 3412 3459 3460
f 3412 3460 3461
f 3413 3461 3414
f 3414 3461 3460
f 3414 3460 3416
f 3415 3416 3462
f 3415 3462 3417
f 3416 3460 3462
f 3417 3462 3464
f 3417 3464 3495
f 3417 3495 3463
f 3418 3463 3465
f 3418 3465 3421
f 3419 3423 3466
f 3419 3466 3467
f 3419 3467 3468
f 3419 3468 3469
f 3419 3469 3420
f 3420 3469 3470
f 3420 3470 3424
f 3421 3465 3471
f 3421 3471 3422
f 3422 3471 3423
f 3423 3471 3472
f 3423 3472 3466
f 3424 3470 3473
f 3424 3473 3427
f 3427 3473 3474
f 3427 3474 3428
f 3428 3474 3475
f 3428 3475 3476
f 3428 3476 3430
f 3430 3476 3431
f 3431 3476 3432
f 3432 3476 3477
f 3432 3477 3433
f 3433 3477 3478
f 3433 3478 3437
f 3434 3436 3440
f 3434 3440 3435
f 3435 3440 3442
f 3437 3478 3477
f 3437 3477 3479
f 3437 3479 3480
f 3437 3480 3481
f 3437 3481 3438
f 3438 3482 3483
f 3438 3483 3484
f 3438 3484 3444
f 3438 3444 3443
f 3438 3443 3442
f 3438 3442 3439
f 3438 3439 3441
f 3438 3481 3482
f 3439 3442 3440
f 3444 3484 3483
f 3444 3483 3445
f 3445 3483 3482
f 3445 3482 3447
f 3445 3447 3446
f 3447 3482 3485
f 3447 3485 3448
f 3448 3485 3449
f 3449 3485 3486
f 3449 3486 3487
f 3449 3487 3450
f 3450 3487 3451
f 3451 3487 3488
f 3451 3488 3489
f 3451 3489 3452
f 3452 3489 3488
f 3452 3488 3490
f 3452 3490 3453
f 3453 3490 3491
f 3453 3491 3454
f 3454 3491 3492
f 3454 3492 3455
f 3455 3492 3493
f 3455 3493 3456
f 3456 3493 3457
f 3457 3493 3494
f 3457 3494 3495
f 3457 3495 3464
f 3457 3464 3458
f 3458 3464 3462
f 3458 3462 3459
f 3459 3462 3460
f 3463 3495 3494
f 3463 3494 3465
f 3465 3494 3496
f 3465 3496 3471
f 3466 3472 3497
f 3466 3497 3467
f 3467 3497 3498
f 3467 3498 3499
f 3467 3499 3468
f 3468 3499 3469
f 3469 3499 3470
f 3470 3499 3500
f 3470 3500 3501
f 3470 3501 3473
f 3471 3496 3502
f 3471 3502 3472
f 3472 3502 3503
f 3472 3503 3504
f 3472 3504 3497
f 3473 3501 3505
f 3473 3505 3474
f 3474 3505 3506
f 3474 3506 3475
f 3475 3506 3479
f 3475 3479 3477
f 3475 3477 3476
f 3479 3506 3507
f 3479 3507 3480
f 3480 3507 3481
f 3481 3507 3485
f 3481 3485 3482
f 3485 3507 3508
f 3485 3508 3509
f 3485 3509 3486
f 3486 3509 3510
f 3486 3510 3487
f 3487 3510 3511
f 3487 3511 3488
f 3488 3511 3512
f 3488 3512 3513
f 3488 3513 3490
f 3490 3513 3514
f 3490 3514 3491
f 3491 3514 3503
f 3491 3503 3515
f 3491 3515 3492
f 3492 3515 3502
f 3492 3502 3496
f 3492 3496 3494
f 3492 3494 3493
f 3497 3504 3516
f 3497 3516 3517
f 3497 3517 3498
f 3498 3517 3499
f 3499 3517 3518
f 3499 3518 3500
f 3500 3518 3519
f 3500 3519 3501
f 3501 3519 3520
f 3501 3520 3505
f 3502 3515 3503
f 3503 3514 3521
f 3503 3521 3504
f 3504 3521 3522
f 3504 3522 3523
f 3504 3523 3517
f 3504 3517 3516
f 3505 3520 3506
f 3506 3520 3509
f 3506 3509 3507
f 3507 3509 3508
f 3509 3520 3510
f 3510 3520 3519
f 3510 3519 3511
f 3511 3519 3523
f 3511 3523 3512
f 3512 3523 3513
f 3513 3523 3522
f 3513 3522 3514
f 3514 3522 3521
f 3517 3523 3524
f 3517 3524 3518
f 3518 3524 3519
f 3519 3525 3523
f 3519 3524 3525
f 3523 3525 3524

o geometry_27
v 0.02501665 -0.00640809 0.02582400
v 0.02671478 -0.00452937 0.02517014
v 0.02678910 -0.00640809 0.02582400
v 0.02509896 -0.00640809 0.02600854
v 0.02733570 0.00284602 0.02502741
v 0.02733570 0.00284602 0.02432442
v 0.02733570 0.00221329 0.02426966
v 0.02733570 0.00100081 0.02419896
v 0.02733570 -0.00004861 0.02417805
v 0.02733570 -0.00119586 0.02420494
v 0.02782316 -0.00452937 0.02517014
v 0.02871538 -0.00640809 0.03087902
v 0.02764016 0.00284602 0.02556378
v 0.02746595 0.00284602 0.02528166
v 0.02780558 0.00205024 0.02457502
v 0.02754347 0.00121097 0.02433538
v 0.02756305 0.00005647 0.02432127
v 0.02754747 -0.00119676 0.02433239
v 0.02864785 -0.00419964 0.02581836
v 0.02854716 -0.00464531 0.02592557
v 0.02818596 -0.00514987 0.02586449
v 0.02765814 -0.00563495 0.02582400
v 0.02688499 -0.00635464 0.02582400
v 0.02846885 -0.00640809 0.02768337
v 0.02773925 -0.00635917 0.02672614
v 0.03193144 0.00284602 0.03095934
v 0.02774964 0.00284602 0.02462248
v 0.02866783 0.00225994 0.02539119
v 0.02869260 0.00184053 0.02536862
v 0.02784714 0.00100081 0.02454083
v 0.02785912 -0.00025831 0.02453021
v 0.02784314 -0.00119676 0.02454216
v 0.02798618 -0.00403478 0.02517014
v 0.02854117 -0.00357415 0.02550238
v 0.02946336 -0.00417881 0.02667668
v 0.02935987 -0.00460274 0.02678721
v 0.02939583 -0.00508646 0.02716891
v 0.02813402 -0.00550496 0.02611509
v 0.02779359 -0.00598687 0.02625615
v 0.02853758 -0.00633019 0.02761433
v 0.02898748 -0.00593524 0.02757318
v 0.02877971 -0.00640809 0.03095934
v 0.03279849 0.00284602 0.03095934
v 0.02861989 0.00284602 0.02543367
v 0.02872457 0.00100081 0.02534273
v 0.02806889 -0.00004861 0.02471342
v 0.02882606 -0.00120220 0.02544728
v 0.02870180 -0.00172668 0.02536331
v 0.02866783 -0.00235625 0.02539119
v 0.02861389 -0.00298535 0.02543865
v 0.02939823 -0.00340974 0.02632984
v 0.03022931 -0.00422772 0.02759774
v 0.02982456 -0.00323084 0.02674340
v 0.03054577 -0.00361537 0.02773050
v 0.02901145 -0.00554301 0.02712842
v 0.02932151 -0.00640809 0.02892672
v 0.02984094 -0.00594973 0.02880391
v 0.03009986 -0.00640809 0.03095934
v 0.03234538 0.00284602 0.03008907
v 0.02978980 0.00247009 0.02656300
v 0.02973626 0.00184053 0.02640883
v 0.02976143 0.00121097 0.02637896
v 0.02889498 -0.00004861 0.02548280
v 0.02977461 -0.00277565 0.02658109
v 0.03066563 -0.00385542 0.02799338
v 0.03109157 -0.00428026 0.02882714
v 0.03026448 -0.00471325 0.02797081
v 0.03062208 -0.00305375 0.02762993
v 0.03022412 -0.00506608 0.02823036
v 0.02988330 -0.00557924 0.02832927
v 0.03047784 -0.00594475 0.02989723
v 0.03024610 -0.00635464 0.03049533
v 0.03101725 -0.00588904 0.03095934
v 0.03295352 0.00207968 0.03095934
v 0.03241091 0.00225994 0.02997954
v 0.03152629 0.00284602 0.02880258
v 0.02978101 0.00037125 0.02635772
v 0.02978260 -0.00025831 0.02635572
v 0.02976063 -0.00130728 0.02637929
v 0.02981297 -0.00225117 0.02653629
v 0.03068002 -0.00249439 0.02755857
v 0.03143119 -0.00361537 0.02894331
v 0.03151989 -0.00388984 0.02922411
v 0.03110995 -0.00472141 0.02921282
v 0.03151430 -0.00305556 0.02881918
v 0.03158702 -0.00235625 0.02871827
v 0.03066563 -0.00551810 0.02945280
v 0.03009666 -0.00640809 0.03035427
v 0.03309096 0.00109049 0.03095934
v 0.03238215 0.00184053 0.02981823
v 0.03063606 0.00284602 0.02761234
v 0.02985533 0.00284602 0.02670622
v 0.03066803 0.00253622 0.02757251
v 0.03074475 0.00142113 0.02748423
v 0.03077911 0.00016110 0.02744307
v 0.03059691 0.00016110 0.02723330
v 0.03155426 -0.00178919 0.02855630
v 0.03233899 -0.00300302 0.03009903
v 0.03198298 -0.00414755 0.03020192
v 0.03190667 -0.00465256 0.03054777
v 0.03106040 -0.00506155 0.02949959
v 0.03242849 -0.00214609 0.02995199
v 0.03233340 -0.00172487 0.02968746
v 0.03160140 -0.00521509 0.03073763
v 0.03147275 -0.00548141 0.03095934
v 0.03244108 0.00108461 0.02977658
v 0.03160460 0.00205024 0.02869504
v 0.03148873 0.00155881 0.02843748
v 0.03151190 0.00100081 0.02840893
v 0.03076233 -0.00109712 0.02746365
v 0.03073236 -0.00172668 0.02749783
v 0.03287600 -0.00256187 0.03095934
v 0.03272896 -0.00315520 0.03095934
v 0.03225109 -0.00363077 0.03032141
v 0.03197539 -0.00475311 0.03095934
v 0.03298149 -0.00193593 0.03095934
v 0.03168451 -0.00109712 0.02863729
v 0.03237176 -0.00088742 0.02963535
v 0.03252439 -0.00109712 0.02989723
v 0.03314371 0.00060768 0.03095934
v 0.03255835 0.00037125 0.02989723
v 0.03168451 0.00100081 0.02863729
v 0.03172047 0.00016110 0.02863729
v 0.03171408 -0.00046801 0.02863729
v 0.03315330 -0.00055226 0.03095934
v 0.03255875 -0.00046801 0.02989723
v 0.03237895 0.00058141 0.02962572
v 0.03317967 -0.00004861 0.03095934
v 0.03238494 -0.00004861 0.02961709
f 3526 3527 3536
f 3526 3536 3528
f 3526 3528 3549
f 3526 3549 3581
f 3526 3581 3613
f 3526 3613 3583
f 3526 3583 3567
f 3526 3567 3537
f 3526 3537 3529
f 3526 3529 3530
f 3526 3530 3531
f 3526 3531 3532
f 3526 3532 3533
f 3526 3533 3534
f 3526 3534 3535
f 3526 3535 3527
f 3527 3535 3536
f 3529 3537 3538
f 3529 3538 3539
f 3529 3539 3530
f 3530 3539 3538
f 3530 3538 3551
f 3530 3551 3568
f 3530 3568 3584
f 3530 3584 3601
f 3530 3601 3616
f 3530 3616 3617
f 3530 3617 3569
f 3530 3569 3552
f 3530 3552 3531
f 3531 3540 3532
f 3532 3541 3533
f 3533 3541 3534
f 3534 3541 3542
f 3534 3542 3543
f 3534 3543 3535
f 3535 3543 3536
f 3536 3544 3545
f 3536 3545 3546
f 3536 3546 3547
f 3536 3547 3548
f 3536 3548 3528
f 3528 3548 3550
f 3528 3550 3549
f 3538 3537 3551
f 3531 3552 3540
f 3540 3552 3553
f 3540 3553 3554
f 3532 3540 3541
f 3541 3540 3555
f 3541 3555 3542
f 3542 3555 3556
f 3542 3556 3543
f 3543 3556 3557
f 3543 3558 3536
f 3536 3559 3544
f 3544 3560 3545
f 3545 3560 3561
f 3546 3545 3562
f 3546 3563 3547
f 3547 3563 3548
f 3548 3563 3564
f 3548 3564 3550
f 3549 3550 3565
f 3550 3564 3566
f 3550 3566 3565
f 3537 3567 3551
f 3551 3567 3583
f 3551 3583 3598
f 3551 3598 3630
f 3551 3630 3640
f 3551 3640 3638
f 3551 3638 3637
f 3551 3637 3641
f 3551 3641 3650
f 3551 3650 3653
f 3551 3653 3645
f 3551 3645 3614
f 3551 3614 3599
f 3551 3599 3568
f 3552 3569 3553
f 3540 3554 3555
f 3555 3554 3570
f 3555 3570 3571
f 3555 3571 3556
f 3556 3571 3557
f 3557 3571 3572
f 3557 3572 3573
f 3557 3573 3574
f 3557 3574 3575
f 3557 3575 3558
f 3557 3558 3543
f 3558 3575 3559
f 3558 3559 3536
f 3559 3575 3576
f 3544 3559 3576
f 3544 3576 3560
f 3560 3576 3578
f 3560 3578 3579
f 3560 3579 3577
f 3560 3577 3561
f 3545 3561 3562
f 3562 3580 3563
f 3562 3563 3546
f 3563 3580 3564
f 3549 3565 3581
f 3565 3566 3582
f 3565 3582 3581
f 3553 3569 3585
f 3553 3585 3586
f 3553 3586 3554
f 3554 3586 3587
f 3554 3587 3570
f 3570 3588 3571
f 3571 3588 3572
f 3573 3572 3574
f 3575 3589 3576
f 3576 3589 3578
f 3577 3579 3590
f 3577 3590 3591
f 3577 3591 3592
f 3577 3592 3561
f 3578 3593 3579
f 3561 3592 3562
f 3562 3594 3580
f 3562 3592 3594
f 3580 3594 3595
f 3580 3595 3566
f 3580 3566 3564
f 3581 3582 3596
f 3581 3596 3597
f 3566 3595 3582
f 3568 3599 3600
f 3568 3600 3584
f 3587 3602 3570
f 3570 3602 3588
f 3588 3602 3603
f 3588 3603 3572
f 3572 3603 3604
f 3572 3604 3574
f 3574 3604 3605
f 3574 3605 3575
f 3575 3605 3589
f 3578 3589 3606
f 3578 3606 3593
f 3590 3579 3607
f 3590 3607 3591
f 3591 3607 3608
f 3592 3609 3594
f 3592 3591 3609
f 3593 3606 3611
f 3593 3611 3610
f 3593 3610 3579
f 3579 3610 3607
f 3594 3612 3595
f 3581 3597 3613
f 3582 3612 3596
f 3596 3598 3597
f 3595 3612 3582
f 3583 3613 3597
f 3583 3597 3598
f 3599 3614 3615
f 3599 3615 3600
f 3600 3601 3584
f 3569 3617 3585
f 3585 3617 3618
f 3585 3618 3619
f 3585 3619 3586
f 3586 3619 3587
f 3587 3619 3620
f 3587 3620 3621
f 3587 3621 3602
f 3602 3621 3603
f 3603 3621 3604
f 3589 3605 3606
f 3606 3622 3611
f 3607 3610 3623
f 3607 3623 3608
f 3591 3608 3624
f 3591 3624 3609
f 3609 3625 3626
f 3609 3626 3594
f 3609 3624 3625
f 3610 3611 3627
f 3610 3627 3623
f 3611 3622 3628
f 3611 3628 3627
f 3612 3594 3626
f 3612 3626 3629
f 3612 3629 3630
f 3612 3630 3596
f 3596 3630 3598
f 3615 3614 3631
f 3600 3615 3601
f 3601 3615 3632
f 3601 3632 3616
f 3617 3616 3618
f 3618 3632 3633
f 3618 3616 3632
f 3618 3633 3619
f 3619 3633 3634
f 3619 3634 3620
f 3621 3620 3635
f 3621 3635 3604
f 3604 3636 3605
f 3604 3635 3636
f 3605 3636 3606
f 3606 3636 3622
f 3623 3637 3638
f 3623 3638 3639
f 3623 3639 3608
f 3608 3639 3624
f 3625 3640 3629
f 3625 3629 3626
f 3625 3638 3640
f 3625 3624 3638
f 3627 3641 3637
f 3627 3637 3623
f 3622 3642 3628
f 3628 3642 3643
f 3628 3643 3644
f 3628 3644 3627
f 3630 3629 3640
f 3614 3645 3631
f 3631 3645 3646
f 3615 3631 3632
f 3632 3631 3647
f 3632 3647 3633
f 3633 3647 3634
f 3634 3647 3648
f 3620 3648 3649
f 3620 3634 3648
f 3620 3649 3635
f 3635 3649 3642
f 3636 3635 3642
f 3636 3642 3622
f 3624 3639 3638
f 3627 3650 3641
f 3627 3644 3650
f 3642 3649 3643
f 3644 3643 3651
f 3644 3651 3650
f 3631 3646 3652
f 3631 3652 3647
f 3645 3653 3646
f 3647 3652 3648
f 3643 3649 3654
f 3643 3654 3651
f 3651 3653 3650
f 3652 3646 3654
f 3652 3654 3648
f 3653 3651 3646
f 3646 3651 3654
f 3648 3654 3649

o geometry_28
v 0.00409281 0.00646529 0.00457972
v 0.00447054 0.00394190 0.00457972
v 0.00690077 0.00722759 0.00965782
v 0.00690077 0.00761825 0.00965782
v 0.00690077 0.00760445 0.00932808
v 0.00690077 0.00758589 0.00890840
v 0.00690077 0.00756068 0.00847074
v 0.00576588 0.00646529 0.00457972
v 0.00454409 0.00360168 0.00457972
v 0.00457083 0.00352126 0.00457972
v 0.01385715 0.00539988 0.01752828
v 0.01384211 0.00562067 0.01758824
v 0.00693754 0.00761445 0.00965782
v 0.01409282 0.00562067 0.01780108
v 0.01746070 0.00562067 0.01989047
v 0.01899504 0.00562067 0.01989047
v 0.00693754 0.00760017 0.00932808
v 0.00693754 0.00758066 0.00890840
v 0.00643779 0.00646529 0.00486300
v 0.00697264 0.00754926 0.00847074
v 0.00577257 0.00645863 0.00457972
v 0.00467278 0.00338707 0.00457972
v 0.01382038 0.00327858 0.01508066
v 0.01647122 0.00283510 0.01700669
v 0.01756934 0.00283510 0.01799143
v 0.01849195 0.00283510 0.01875884
v 0.01965358 0.00283510 0.01967764
v 0.00737879 0.00754545 0.00965782
v 0.01995610 0.00283510 0.01986049
v 0.02001293 0.00283510 0.01989047
v 0.01963018 0.00509962 0.01989047
v 0.00929756 0.00628828 0.00694491
v 0.00909031 0.00638249 0.00683099
v 0.00844180 0.00710434 0.00847074
v 0.00819778 0.00720142 0.00847074
v 0.00718156 0.00751452 0.00859514
v 0.00727182 0.00646529 0.00530367
v 0.00757768 0.00625877 0.00533514
v 0.00761780 0.00340182 0.00457972
v 0.00697765 0.00754830 0.00847074
v 0.00488004 0.00329761 0.00457972
v 0.01546504 0.00283510 0.01593201
v 0.01553022 0.00283510 0.01600845
v 0.01636091 0.00283510 0.01689127
v 0.00755596 0.00275706 0.00577131
v 0.00777825 0.00275706 0.00590470
v 0.00791865 0.00275706 0.00598564
v 0.02116787 0.00283510 0.01989047
v 0.02031044 0.00449388 0.01989047
v 0.00972210 0.00588524 0.00696139
v 0.00919560 0.00618930 0.00666612
v 0.00891648 0.00633729 0.00651923
v 0.00889475 0.00638249 0.00656570
v 0.00881787 0.00638249 0.00647127
v 0.00823956 0.00642151 0.00598564
v 0.00777825 0.00732180 0.00847074
v 0.00815933 0.00642151 0.00591669
v 0.00797715 0.00642151 0.00576831
v 0.00773480 0.00642008 0.00558095
v 0.00746069 0.00642151 0.00538460
v 0.00804066 0.00630065 0.00571735
v 0.00832146 0.00613506 0.00582976
v 0.00842509 0.00585478 0.00574882
v 0.00925076 0.00541701 0.00617749
v 0.01055780 0.00436112 0.00697938
v 0.00767128 0.00310157 0.00457972
v 0.00707292 0.00278466 0.00457972
v 0.00707292 0.00278466 0.00461569
v 0.00737377 0.00275706 0.00530367
v 0.00744731 0.00275706 0.00554948
v 0.00889642 0.00275706 0.00598564
v 0.02111773 0.00305636 0.01989047
v 0.01251501 0.00283510 0.00965782
v 0.01121132 0.00398616 0.00753545
v 0.01140353 0.00398616 0.00777976
v 0.02040070 0.00439015 0.01989047
v 0.01009649 0.00542653 0.00700786
v 0.00958504 0.00570965 0.00668261
v 0.00930425 0.00590951 0.00653872
v 0.02047257 0.00430307 0.01989047
v 0.00903849 0.00604179 0.00638883
v 0.00848191 0.00633205 0.00611005
v 0.00845684 0.00638249 0.00613253
v 0.00888138 0.00589380 0.00613103
v 0.00916218 0.00569585 0.00625993
v 0.00967864 0.00542938 0.00658518
v 0.00995609 0.00519908 0.00672757
v 0.01052103 0.00460618 0.00700336
v 0.01101409 0.00398616 0.00731812
v 0.01077174 0.00398616 0.00710378
v 0.00767295 0.00278466 0.00457972
v 0.00786851 0.00275706 0.00530367
v 0.02110603 0.00310109 0.01989047
v 0.01102913 0.00398616 0.00733461
v 0.01136509 0.00418791 0.00782923
v 0.01097565 0.00427690 0.00737807
v 0.02095226 0.00352554 0.01989047
v 0.01015833 0.00519908 0.00693741
v 0.02074166 0.00391478 0.01989047
v 0.01057451 0.00509106 0.00735709
v 0.01045250 0.00488550 0.00707680
v 0.00876104 0.00617312 0.00623895
v 0.01063468 0.00475940 0.00722219
v 0.01091548 0.00455669 0.00744702
v 0.02078345 0.00384483 0.01989047
f 3655 3656 3657
f 3655 3657 3658
f 3655 3658 3659
f 3655 3659 3660
f 3655 3660 3661
f 3655 3661 3662
f 3655 3662 3675
f 3655 3675 3693
f 3655 3693 3720
f 3655 3720 3745
f 3655 3745 3721
f 3655 3721 3695
f 3655 3695 3676
f 3655 3676 3664
f 3655 3664 3663
f 3655 3663 3656
f 3656 3663 3657
f 3657 3663 3664
f 3657 3664 3665
f 3657 3665 3666
f 3657 3666 3658
f 3658 3667 3659
f 3658 3666 3668
f 3658 3668 3669
f 3658 3669 3670
f 3658 3670 3667
f 3659 3667 3671
f 3659 3671 3660
f 3660 3671 3672
f 3660 3672 3661
f 3661 3673 3662
f 3661 3672 3674
f 3661 3674 3673
f 3662 3673 3675
f 3664 3676 3665
f 3665 3677 3678
f 3665 3678 3679
f 3665 3679 3680
f 3665 3680 3681
f 3665 3681 3668
f 3665 3668 3666
f 3665 3676 3677
f 3667 3682 3671
f 3667 3670 3682
f 3668 3681 3669
f 3669 3681 3683
f 3669 3683 3684
f 3669 3684 3702
f 3669 3702 3726
f 3669 3726 3747
f 3669 3747 3751
f 3669 3751 3759
f 3669 3759 3753
f 3669 3753 3734
f 3669 3734 3730
f 3669 3730 3703
f 3669 3703 3685
f 3669 3685 3670
f 3670 3685 3686
f 3670 3686 3687
f 3670 3687 3688
f 3670 3688 3689
f 3670 3689 3690
f 3670 3690 3682
f 3671 3682 3672
f 3672 3682 3674
f 3673 3674 3691
f 3673 3691 3692
f 3673 3692 3693
f 3673 3693 3675
f 3674 3682 3694
f 3674 3694 3691
f 3676 3695 3696
f 3676 3696 3677
f 3677 3696 3697
f 3677 3697 3698
f 3677 3698 3678
f 3678 3698 3699
f 3678 3699 3679
f 3679 3699 3680
f 3680 3699 3681
f 3681 3699 3683
f 3682 3690 3694
f 3683 3699 3700
f 3683 3700 3701
f 3683 3701 3684
f 3684 3701 3725
f 3684 3725 3702
f 3685 3703 3686
f 3686 3704 3705
f 3686 3705 3706
f 3686 3706 3707
f 3686 3707 3687
f 3686 3703 3704
f 3687 3707 3689
f 3687 3689 3688
f 3689 3707 3708
f 3689 3708 3709
f 3689 3709 3710
f 3689 3710 3690
f 3690 3710 3694
f 3691 3694 3711
f 3691 3711 3712
f 3691 3712 3713
f 3691 3713 3714
f 3691 3714 3692
f 3692 3714 3713
f 3692 3713 3715
f 3692 3715 3716
f 3692 3716 3717
f 3692 3717 3693
f 3693 3717 3718
f 3693 3718 3719
f 3693 3719 3720
f 3694 3710 3709
f 3694 3709 3711
f 3695 3721 3722
f 3695 3722 3723
f 3695 3723 3724
f 3695 3724 3699
f 3695 3699 3696
f 3696 3699 3697
f 3697 3699 3698
f 3699 3724 3723
f 3699 3723 3746
f 3699 3746 3725
f 3699 3725 3701
f 3699 3701 3700
f 3702 3725 3727
f 3702 3727 3728
f 3702 3728 3729
f 3702 3729 3726
f 3703 3730 3704
f 3704 3731 3732
f 3704 3732 3733
f 3704 3733 3705
f 3704 3730 3734
f 3704 3734 3731
f 3705 3733 3735
f 3705 3735 3706
f 3706 3736 3737
f 3706 3737 3708
f 3706 3708 3707
f 3706 3735 3736
f 3708 3737 3709
f 3709 3737 3711
f 3711 3715 3712
f 3711 3737 3736
f 3711 3736 3715
f 3712 3715 3713
f 3715 3736 3716
f 3716 3736 3738
f 3716 3738 3717
f 3717 3738 3718
f 3718 3738 3739
f 3718 3739 3740
f 3718 3740 3741
f 3718 3741 3742
f 3718 3742 3719
f 3719 3742 3743
f 3719 3743 3744
f 3719 3744 3720
f 3720 3744 3745
f 3721 3723 3722
f 3721 3745 3746
f 3721 3746 3723
f 3725 3746 3745
f 3725 3745 3727
f 3726 3729 3747
f 3727 3743 3748
f 3727 3748 3728
f 3727 3745 3743
f 3728 3749 3729
f 3728 3748 3750
f 3728 3750 3749
f 3729 3749 3751
f 3729 3751 3747
f 3731 3752 3741
f 3731 3741 3740
f 3731 3740 3732
f 3731 3734 3753
f 3731 3753 3754
f 3731 3754 3755
f 3731 3755 3752
f 3732 3740 3733
f 3733 3739 3738
f 3733 3738 3735
f 3733 3740 3739
f 3735 3738 3756
f 3735 3756 3736
f 3736 3756 3738
f 3741 3752 3755
f 3741 3755 3742
f 3742 3755 3757
f 3742 3757 3758
f 3742 3758 3750
f 3742 3750 3743
f 3743 3745 3744
f 3743 3750 3748
f 3749 3750 3758
f 3749 3758 3751
f 3751 3758 3754
f 3751 3754 3759
f 3753 3759 3754
f 3754 3758 3757
f 3754 3757 3755

o geometry_29
v 0.00084831 -0.00776172 0.00458141
v 0.00084831 -0.00732181 0.00458141
v 0.00093082 -0.00776172 0.00458141
v 0.00084831 -0.00777740 0.00471026
v 0.00084831 -0.00736429 0.00530407
v 0.00789586 -0.00511742 0.00598593
v 0.00388793 -0.00665952 0.00458141
v 0.00175473 -0.00774461 0.00458141
v 0.00190034 -0.00777426 0.00471026
v 0.00148050 -0.00777683 0.00471026
v 0.00084831 -0.00777740 0.00491858
v 0.00316109 -0.00777654 0.00513011
v 0.00441820 -0.00777654 0.00554997
v 0.00399956 -0.00777683 0.00554997
v 0.00123418 -0.00777740 0.00530407
v 0.00084831 -0.00777654 0.00530407
v 0.00622741 -0.00736486 0.01554912
v 0.01108595 -0.00486482 0.00965722
v 0.00889572 -0.00511742 0.00598593
v 0.00565953 -0.00665952 0.00458141
v 0.00190034 -0.00774090 0.00458141
v 0.00232019 -0.00775715 0.00471026
v 0.00357972 -0.00776713 0.00513011
v 0.00106187 -0.00777740 0.00530407
v 0.00622741 -0.00777654 0.01554912
v 0.00651863 -0.00777683 0.01184561
v 0.00483804 -0.00776656 0.00554997
v 0.00483804 -0.00777341 0.00596982
v 0.00484047 -0.00777569 0.00639075
v 0.00812156 -0.00777626 0.01554912
v 0.00777573 -0.00777654 0.01478458
v 0.00651863 -0.00777683 0.01202708
v 0.00622741 -0.00777683 0.01330490
v 0.01237824 -0.00612182 0.01554912
v 0.01324341 -0.00612182 0.01554912
v 0.01106896 -0.00511742 0.00847068
v 0.01096582 -0.00511742 0.00816143
v 0.01094398 -0.00511742 0.00809915
v 0.01087967 -0.00511742 0.00792305
v 0.01074619 -0.00511742 0.00763313
v 0.01058723 -0.00511742 0.00732924
v 0.01053020 -0.00511742 0.00726267
v 0.01042099 -0.00511742 0.00713811
v 0.01021471 -0.00511742 0.00691798
v 0.00998416 -0.00511742 0.00669785
v 0.00977545 -0.00511742 0.00652605
v 0.00945875 -0.00511742 0.00631558
v 0.00924883 -0.00511742 0.00617706
v 0.00915904 -0.00511742 0.00612767
v 0.00903405 -0.00511742 0.00606002
v 0.00903405 -0.00529589 0.00605895
v 0.00889572 -0.00529589 0.00598593
v 0.00640457 -0.00665952 0.00487348
v 0.00586459 -0.00665952 0.00465980
v 0.00556731 -0.00685881 0.00458141
v 0.00215880 -0.00773036 0.00458141
v 0.00232019 -0.00771952 0.00458141
v 0.00357972 -0.00768075 0.00480476
v 0.00399835 -0.00773463 0.00513011
v 0.00535617 -0.00777683 0.01320611
v 0.00777573 -0.00777654 0.01554912
v 0.00483804 -0.00768246 0.00520743
v 0.00495574 -0.00769472 0.00530407
v 0.00525788 -0.00772437 0.00554997
v 0.00567773 -0.00772551 0.00596982
v 0.00525788 -0.00775601 0.00596982
v 0.00525788 -0.00775630 0.00598485
v 0.00525910 -0.00776286 0.00639075
v 0.00861542 -0.00776514 0.01554912
v 0.00854140 -0.00776770 0.01554912
v 0.00819558 -0.00777341 0.01520444
v 0.00819558 -0.00777569 0.01554912
v 0.01319609 -0.00615803 0.01554912
v 0.00935804 -0.00643002 0.00722938
v 0.00929615 -0.00638526 0.00694697
v 0.00956674 -0.00626124 0.00722938
v 0.00979729 -0.00605112 0.00722938
v 0.01006061 -0.00590315 0.00749998
v 0.01047438 -0.00546866 0.00751930
v 0.01057388 -0.00518898 0.00735716
v 0.01015525 -0.00529589 0.00694053
v 0.00995504 -0.00529589 0.00673007
v 0.00974512 -0.00529589 0.00654001
v 0.00924883 -0.00551428 0.00617706
v 0.00925004 -0.00529589 0.00617706
v 0.00883748 -0.00569731 0.00598593
v 0.00635846 -0.00679665 0.00489281
v 0.00703919 -0.00665952 0.00524501
v 0.00552362 -0.00720805 0.00489496
v 0.00525788 -0.00705182 0.00463402
v 0.00525788 -0.00699394 0.00458141
v 0.00609636 -0.00686650 0.00482945
v 0.00580392 -0.00714818 0.00495723
v 0.00255802 -0.00769785 0.00458141
v 0.00293297 -0.00765338 0.00458141
v 0.00399835 -0.00764825 0.00486381
v 0.00525788 -0.00765053 0.00527508
v 0.00530278 -0.00765138 0.00530407
v 0.00609636 -0.00763114 0.00569493
v 0.00609636 -0.00767105 0.00596982
v 0.00567773 -0.00772608 0.00598485
v 0.00609636 -0.00767191 0.00598485
v 0.00609757 -0.00769187 0.00639075
v 0.00945511 -0.00769985 0.01554912
v 0.00938109 -0.00770926 0.01554912
v 0.00903648 -0.00774261 0.01554912
v 0.00896125 -0.00774775 0.01554912
v 0.01297889 -0.00631313 0.01554912
v 0.00877559 -0.00672082 0.00681060
v 0.00848923 -0.00681405 0.00651960
v 0.00891756 -0.00643714 0.00651209
v 0.00919665 -0.00628775 0.00666671
v 0.00972328 -0.00598697 0.00695556
v 0.01008973 -0.00551855 0.00701140
v 0.00967838 -0.00553110 0.00658510
v 0.00916146 -0.00579396 0.00625760
v 0.00888359 -0.00599866 0.00612767
v 0.00860086 -0.00611127 0.00598593
v 0.00713990 -0.00665952 0.00530407
v 0.00709379 -0.00671483 0.00530407
v 0.00685596 -0.00685510 0.00525468
v 0.00659386 -0.00707776 0.00530407
v 0.00636452 -0.00721689 0.00530729
v 0.00609636 -0.00707662 0.00502810
v 0.00565953 -0.00738767 0.00513978
v 0.00551513 -0.00761860 0.00532125
v 0.00525788 -0.00725737 0.00484341
v 0.00486473 -0.00713393 0.00458141
v 0.00494361 -0.00710656 0.00458141
v 0.00609636 -0.00728646 0.00523749
v 0.00302883 -0.00763456 0.00458141
v 0.00328607 -0.00758210 0.00458141
v 0.00426652 -0.00761860 0.00490355
v 0.00632205 -0.00760833 0.00575184
v 0.00636695 -0.00761831 0.00596445
v 0.00986767 -0.00763314 0.01554912
v 0.00981064 -0.00764340 0.01554912
v 0.01278959 -0.00643800 0.01554912
v 0.00856567 -0.00685995 0.00681060
v 0.00806210 -0.00683315 0.00612337
v 0.00834119 -0.00670485 0.00624042
v 0.00761192 -0.00720691 0.00614807
v 0.00904012 -0.00614321 0.00638431
v 0.00930586 -0.00600778 0.00653678
v 0.00848437 -0.00642517 0.00611586
v 0.00876346 -0.00627863 0.00623290
v 0.00984098 -0.00566424 0.00684389
v 0.00958616 -0.00581078 0.00667530
v 0.00840307 -0.00633394 0.00598593
v 0.00859237 -0.00612268 0.00598593
v 0.00818223 -0.00655774 0.00598593
v 0.00796988 -0.00675075 0.00598593
v 0.00784733 -0.00691440 0.00603640
v 0.00688387 -0.00688732 0.00530407
v 0.00750757 -0.00712937 0.00598593
v 0.00731099 -0.00724768 0.00598593
v 0.00636695 -0.00735545 0.00546943
v 0.00483804 -0.00753421 0.00499697
v 0.00525788 -0.00746721 0.00506461
v 0.00579543 -0.00756728 0.00540179
v 0.00483804 -0.00714248 0.00458141
v 0.00609636 -0.00749629 0.00548447
v 0.00636695 -0.00741903 0.00554353
v 0.00348386 -0.00753107 0.00458141
v 0.00389157 -0.00741846 0.00458141
v 0.00434296 -0.00728760 0.00458141
v 0.00483804 -0.00732409 0.00477362
v 0.00636695 -0.00754789 0.00570245
v 0.00735346 -0.00735716 0.00639075
v 0.01111750 -0.00728646 0.01554912
v 0.01071343 -0.00740249 0.01554912
v 0.01005697 -0.00758153 0.01554912
v 0.01273256 -0.00647364 0.01554912
v 0.01237582 -0.00669373 0.01554912
v 0.01222171 -0.00678668 0.01554912
v 0.00767623 -0.00723371 0.00639075
v 0.01115754 -0.00727334 0.01554912
v 0.01200572 -0.00688960 0.01554912
v 0.01136504 -0.00718724 0.01554912
f 3760 3761 3766
f 3760 3766 3779
f 3760 3779 3814
f 3760 3814 3850
f 3760 3850 3888
f 3760 3888 3887
f 3760 3887 3920
f 3760 3920 3925
f 3760 3925 3924
f 3760 3924 3923
f 3760 3923 3891
f 3760 3891 3890
f 3760 3890 3854
f 3760 3854 3853
f 3760 3853 3816
f 3760 3816 3815
f 3760 3815 3780
f 3760 3780 3767
f 3760 3767 3762
f 3760 3762 3763
f 3760 3763 3770
f 3760 3770 3775
f 3760 3775 3764
f 3760 3764 3761
f 3761 3764 3765
f 3761 3765 3766
f 3762 3767 3768
f 3762 3768 3769
f 3762 3769 3763
f 3763 3769 3771
f 3763 3771 3772
f 3763 3772 3773
f 3763 3773 3774
f 3763 3774 3783
f 3763 3783 3770
f 3764 3775 3784
f 3764 3784 3776
f 3764 3776 3765
f 3765 3777 3778
f 3765 3778 3779
f 3765 3779 3766
f 3765 3776 3777
f 3767 3780 3768
f 3768 3780 3781
f 3768 3781 3782
f 3768 3782 3771
f 3768 3771 3769
f 3770 3783 3784
f 3770 3784 3775
f 3771 3782 3772
f 3772 3785 3773
f 3772 3782 3786
f 3772 3786 3787
f 3772 3787 3788
f 3772 3788 3789
f 3772 3789 3790
f 3772 3790 3785
f 3773 3785 3774
f 3774 3785 3791
f 3774 3791 3792
f 3774 3792 3783
f 3776 3784 3820
f 3776 3820 3789
f 3776 3789 3831
f 3776 3831 3829
f 3776 3829 3828
f 3776 3828 3866
f 3776 3866 3865
f 3776 3865 3864
f 3776 3864 3863
f 3776 3863 3896
f 3776 3896 3895
f 3776 3895 3931
f 3776 3931 3930
f 3776 3930 3929
f 3776 3929 3936
f 3776 3936 3938
f 3776 3938 3937
f 3776 3937 3934
f 3776 3934 3933
f 3776 3933 3932
f 3776 3932 3897
f 3776 3897 3867
f 3776 3867 3832
f 3776 3832 3794
f 3776 3794 3793
f 3776 3793 3777
f 3777 3793 3794
f 3777 3794 3795
f 3777 3795 3796
f 3777 3796 3797
f 3777 3797 3798
f 3777 3798 3799
f 3777 3799 3800
f 3777 3800 3801
f 3777 3801 3802
f 3777 3802 3803
f 3777 3803 3804
f 3777 3804 3805
f 3777 3805 3806
f 3777 3806 3807
f 3777 3807 3808
f 3777 3808 3809
f 3777 3809 3778
f 3778 3809 3810
f 3778 3810 3811
f 3778 3811 3812
f 3778 3812 3813
f 3778 3813 3779
f 3779 3813 3814
f 3780 3815 3781
f 3781 3815 3816
f 3781 3816 3817
f 3781 3817 3818
f 3781 3818 3782
f 3782 3818 3786
f 3783 3792 3819
f 3783 3819 3784
f 3784 3819 3792
f 3784 3792 3820
f 3785 3790 3820
f 3785 3820 3791
f 3786 3818 3821
f 3786 3821 3822
f 3786 3822 3823
f 3786 3823 3824
f 3786 3824 3825
f 3786 3825 3826
f 3786 3826 3787
f 3787 3826 3827
f 3787 3827 3828
f 3787 3828 3829
f 3787 3829 3830
f 3787 3830 3831
f 3787 3831 3788
f 3788 3831 3789
f 3789 3820 3790
f 3791 3820 3792
f 3794 3798 3797
f 3794 3797 3796
f 3794 3796 3795
f 3794 3832 3833
f 3794 3833 3834
f 3794 3834 3835
f 3794 3835 3836
f 3794 3836 3837
f 3794 3837 3838
f 3794 3838 3798
f 3798 3838 3799
f 3799 3838 3839
f 3799 3839 3800
f 3800 3839 3801
f 3801 3839 3840
f 3801 3840 3802
f 3802 3840 3803
f 3803 3840 3841
f 3803 3841 3804
f 3804 3841 3842
f 3804 3842 3843
f 3804 3843 3805
f 3805 3843 3844
f 3805 3844 3806
f 3806 3844 3807
f 3807 3844 3808
f 3808 3810 3809
f 3808 3844 3810
f 3810 3844 3843
f 3810 3843 3811
f 3811 3843 3845
f 3811 3845 3812
f 3812 3846 3814
f 3812 3814 3813
f 3812 3845 3847
f 3812 3847 3846
f 3814 3848 3849
f 3814 3849 3850
f 3814 3846 3851
f 3814 3851 3852
f 3814 3852 3848
f 3816 3853 3817
f 3817 3854 3855
f 3817 3855 3821
f 3817 3821 3818
f 3817 3853 3854
f 3821 3856 3822
f 3821 3855 3856
f 3822 3856 3823
f 3823 3856 3857
f 3823 3857 3858
f 3823 3858 3859
f 3823 3859 3824
f 3824 3860 3825
f 3824 3859 3861
f 3824 3861 3862
f 3824 3862 3863
f 3824 3863 3864
f 3824 3864 3860
f 3825 3860 3865
f 3825 3865 3866
f 3825 3866 3826
f 3826 3866 3828
f 3826 3828 3827
f 3829 3831 3830
f 3832 3867 3833
f 3833 3868 3834
f 3833 3867 3868
f 3834 3868 3869
f 3834 3869 3870
f 3834 3870 3871
f 3834 3871 3872
f 3834 3872 3836
f 3834 3836 3835
f 3836 3872 3838
f 3836 3838 3837
f 3838 3872 3839
f 3839 3872 3873
f 3839 3873 3840
f 3840 3873 3874
f 3840 3874 3841
f 3841 3874 3843
f 3841 3843 3842
f 3843 3875 3876
f 3843 3876 3877
f 3843 3877 3845
f 3843 3874 3875
f 3845 3877 3878
f 3845 3878 3847
f 3846 3847 3878
f 3846 3878 3879
f 3846 3879 3880
f 3846 3880 3881
f 3846 3881 3882
f 3846 3882 3883
f 3846 3883 3851
f 3848 3852 3884
f 3848 3884 3885
f 3848 3885 3886
f 3848 3886 3849
f 3849 3886 3887
f 3849 3887 3888
f 3849 3888 3850
f 3851 3883 3852
f 3852 3883 3889
f 3852 3889 3884
f 3854 3890 3855
f 3855 3890 3891
f 3855 3891 3892
f 3855 3892 3856
f 3856 3885 3893
f 3856 3893 3858
f 3856 3858 3857
f 3856 3892 3885
f 3858 3893 3859
f 3859 3893 3894
f 3859 3894 3895
f 3859 3895 3896
f 3859 3896 3863
f 3859 3863 3861
f 3860 3864 3865
f 3861 3863 3862
f 3867 3897 3898
f 3867 3898 3868
f 3868 3898 3869
f 3869 3899 3900
f 3869 3900 3870
f 3869 3898 3901
f 3869 3901 3899
f 3870 3902 3903
f 3870 3903 3871
f 3870 3900 3904
f 3870 3904 3905
f 3870 3905 3902
f 3871 3903 3872
f 3872 3906 3873
f 3872 3903 3907
f 3872 3907 3906
f 3873 3906 3874
f 3874 3906 3907
f 3874 3907 3875
f 3875 3907 3903
f 3875 3903 3876
f 3876 3905 3904
f 3876 3904 3908
f 3876 3908 3909
f 3876 3909 3877
f 3876 3903 3902
f 3876 3902 3905
f 3877 3909 3878
f 3878 3909 3879
f 3879 3909 3908
f 3879 3908 3910
f 3879 3910 3911
f 3879 3911 3899
f 3879 3899 3912
f 3879 3912 3880
f 3880 3912 3913
f 3880 3913 3881
f 3881 3913 3914
f 3881 3914 3915
f 3881 3915 3882
f 3882 3916 3889
f 3882 3889 3883
f 3882 3915 3916
f 3884 3889 3885
f 3885 3892 3917
f 3885 3917 3918
f 3885 3918 3886
f 3885 3889 3919
f 3885 3919 3893
f 3886 3918 3920
f 3886 3920 3887
f 3889 3921 3919
f 3889 3916 3922
f 3889 3922 3921
f 3891 3923 3892
f 3892 3923 3924
f 3892 3924 3925
f 3892 3925 3920
f 3892 3920 3926
f 3892 3926 3917
f 3893 3927 3901
f 3893 3901 3928
f 3893 3928 3929
f 3893 3929 3930
f 3893 3930 3894
f 3893 3919 3921
f 3893 3921 3927
f 3894 3930 3931
f 3894 3931 3895
f 3897 3932 3898
f 3898 3932 3933
f 3898 3933 3934
f 3898 3934 3935
f 3898 3935 3901
f 3899 3911 3910
f 3899 3910 3904
f 3899 3904 3900
f 3899 3901 3914
f 3899 3914 3912
f 3901 3935 3928
f 3901 3927 3915
f 3901 3915 3914
f 3904 3910 3908
f 3912 3914 3913
f 3915 3927 3922
f 3915 3922 3916
f 3917 3926 3918
f 3918 3926 3920
f 3921 3922 3927
f 3928 3935 3936
f 3928 3936 3929
f 3934 3937 3935
f 3935 3937 3938
f 3935 3938 3936

o geometry_30
v -0.00645474 -0.00321324 0.00428982
v -0.00644437 -0.00321324 0.00433352
v -0.00499764 -0.00003793 0.00331632
v -0.00499764 -0.00003793 0.00289687
v -0.00645383 -0.00321324 0.00427606
v -0.00634383 -0.00355924 0.00428982
v -0.00632039 -0.00349063 0.00457955
v -0.00638486 -0.00321324 0.00457955
v -0.00328356 -0.00003793 0.00457937
v -0.00463065 -0.00003793 0.00281974
v -0.00523703 -0.00321324 0.00290053
v -0.00569418 -0.00321324 0.00306211
v -0.00570545 -0.00321324 0.00306855
v -0.00572754 -0.00321324 0.00308440
v -0.00588939 -0.00321324 0.00320767
v -0.00637133 -0.00321324 0.00393444
v -0.00637539 -0.00321324 0.00394071
v -0.00632850 -0.00352494 0.00401506
v -0.00586955 -0.00467097 0.00407530
v -0.00586955 -0.00467097 0.00409585
v -0.00613690 -0.00403591 0.00428982
v -0.00592410 -0.00435928 0.00457955
v -0.00585467 -0.00321324 0.00457955
v -0.00263255 -0.00003793 0.00457937
v -0.00463065 -0.00151755 0.00281974
v -0.00478078 -0.00404831 0.00283732
v -0.00460451 -0.00003793 0.00281974
v -0.00184945 -0.00274753 0.00280093
v -0.00185801 -0.00275483 0.00280093
v -0.00397830 -0.00277673 0.00280755
v -0.00397920 -0.00445563 0.00280581
v -0.00397920 -0.00487536 0.00280546
v -0.00439757 -0.00445563 0.00281364
v -0.00523703 -0.00361691 0.00290035
v -0.00560671 -0.00361691 0.00307534
v -0.00586099 -0.00339354 0.00324650
v -0.00596242 -0.00361691 0.00351865
v -0.00618739 -0.00364611 0.00387315
v -0.00600976 -0.00404467 0.00384982
v -0.00592410 -0.00445563 0.00399869
v -0.00545478 -0.00425927 0.00323031
v -0.00548093 -0.00471769 0.00361737
v -0.00562971 -0.00483448 0.00390345
v -0.00549851 -0.00515639 0.00401140
v -0.00583574 -0.00462279 0.00437566
v -0.00594529 -0.00447169 0.00425743
v -0.00549851 -0.00515420 0.00428982
v -0.00572123 -0.00483667 0.00425743
v -0.00548860 -0.00504690 0.00457955
v -0.00184945 -0.00699442 0.00457955
v -0.00184945 -0.00238328 0.00457937
v -0.00184945 -0.00252562 0.00314412
v -0.00273083 -0.00003793 0.00448047
v -0.00461082 -0.00467097 0.00281956
v -0.00461713 -0.00445563 0.00281974
v -0.00439442 -0.00003793 0.00291846
v -0.00184945 -0.00321324 0.00280093
v -0.00407658 -0.00003793 0.00312810
v -0.00203880 -0.00319645 0.00280093
v -0.00355947 -0.00321324 0.00280529
v -0.00355947 -0.00361691 0.00280494
v -0.00436737 -0.00483667 0.00281486
v -0.00203880 -0.00321324 0.00280093
v -0.00202572 -0.00487098 0.00280128
v -0.00355947 -0.00529508 0.00280476
v -0.00395079 -0.00526369 0.00281103
v -0.00523703 -0.00403591 0.00296669
v -0.00551159 -0.00403591 0.00315962
v -0.00581680 -0.00361691 0.00330883
v -0.00594619 -0.00369939 0.00354302
v -0.00590427 -0.00390962 0.00360553
v -0.00583619 -0.00418993 0.00369642
v -0.00522937 -0.00442132 0.00311574
v -0.00508465 -0.00474032 0.00317598
v -0.00536416 -0.00453885 0.00333739
v -0.00573295 -0.00404467 0.00345945
v -0.00538310 -0.00499726 0.00373142
v -0.00524740 -0.00530895 0.00385435
v -0.00511170 -0.00559802 0.00397745
v -0.00512161 -0.00560896 0.00428982
v -0.00533125 -0.00536370 0.00428982
v -0.00546425 -0.00510748 0.00453880
v -0.00545478 -0.00509507 0.00457955
v -0.00184945 -0.00745430 0.00457955
v -0.00420687 -0.00510310 0.00281625
v -0.00448639 -0.00495127 0.00286727
v -0.00479341 -0.00484616 0.00302171
v -0.00184945 -0.00527756 0.00280128
v -0.00186568 -0.00527318 0.00280128
v -0.00197794 -0.00499726 0.00280128
v -0.00297609 -0.00593015 0.00281887
v -0.00355947 -0.00557247 0.00281277
v -0.00379210 -0.00551845 0.00281486
v -0.00583123 -0.00396729 0.00354302
v -0.00469648 -0.00518340 0.00314725
v -0.00497600 -0.00502062 0.00329630
v -0.00510358 -0.00518194 0.00357628
v -0.00498952 -0.00546151 0.00369764
v -0.00484661 -0.00574328 0.00383537
v -0.00470324 -0.00601044 0.00397292
v -0.00492325 -0.00581846 0.00428982
v -0.00507067 -0.00555203 0.00457955
v -0.00540745 -0.00515274 0.00457955
v -0.00230028 -0.00734626 0.00457955
v -0.00184945 -0.00749518 0.00428982
v -0.00407162 -0.00538268 0.00287145
v -0.00438585 -0.00528340 0.00300935
v -0.00184945 -0.00616446 0.00294319
v -0.00288051 -0.00593015 0.00281887
v -0.00325606 -0.00586080 0.00282775
v -0.00184945 -0.00655426 0.00301092
v -0.00188010 -0.00655426 0.00301144
v -0.00230569 -0.00658273 0.00308144
v -0.00355947 -0.00578270 0.00288973
v -0.00395665 -0.00569510 0.00302851
v -0.00428441 -0.00559218 0.00315126
v -0.00456438 -0.00546297 0.00328063
v -0.00471000 -0.00560969 0.00356061
v -0.00456889 -0.00589000 0.00369311
v -0.00471361 -0.00601993 0.00428982
v -0.00441606 -0.00615059 0.00384529
v -0.00426277 -0.00640097 0.00399765
v -0.00465816 -0.00596956 0.00457955
v -0.00230028 -0.00738422 0.00428982
v -0.00242426 -0.00730393 0.00457955
v -0.00272993 -0.00724261 0.00425987
v -0.00272001 -0.00723166 0.00399817
v -0.00184945 -0.00741780 0.00391633
v -0.00229983 -0.00613380 0.00290053
v -0.00272001 -0.00648126 0.00309850
v -0.00316228 -0.00613672 0.00299908
v -0.00355947 -0.00606811 0.00309972
v -0.00184945 -0.00657616 0.00302067
v -0.00184945 -0.00682945 0.00317180
v -0.00188010 -0.00682653 0.00317424
v -0.00384124 -0.00597613 0.00318573
v -0.00412076 -0.00587102 0.00329421
v -0.00428937 -0.00601044 0.00357419
v -0.00411625 -0.00629074 0.00371766
v -0.00446880 -0.00623016 0.00428982
v -0.00425917 -0.00639805 0.00428982
v -0.00394899 -0.00653601 0.00389178
v -0.00378218 -0.00677179 0.00406573
v -0.00378218 -0.00677179 0.00411134
v -0.00420732 -0.00635936 0.00454594
v -0.00420011 -0.00635352 0.00457955
v -0.00293867 -0.00718786 0.00410003
v -0.00293867 -0.00718786 0.00407269
v -0.00263255 -0.00722436 0.00457955
v -0.00228586 -0.00728276 0.00385086
v -0.00188055 -0.00739955 0.00387002
v -0.00184945 -0.00740758 0.00387124
v -0.00272001 -0.00709589 0.00378818
v -0.00241615 -0.00715429 0.00369834
v -0.00216954 -0.00678858 0.00321377
v -0.00244951 -0.00674259 0.00326182
v -0.00272001 -0.00669149 0.00331841
v -0.00306851 -0.00640827 0.00317041
v -0.00334848 -0.00634330 0.00324128
v -0.00184945 -0.00684405 0.00318747
v -0.00184945 -0.00705282 0.00341296
v -0.00188010 -0.00703603 0.00340094
v -0.00213663 -0.00719735 0.00364540
v -0.00355947 -0.00627761 0.00331040
v -0.00383628 -0.00639002 0.00361284
v -0.00355947 -0.00668419 0.00376276
v -0.00332909 -0.00675208 0.00367152
v -0.00355947 -0.00683310 0.00397275
v -0.00357299 -0.00685062 0.00426666
v -0.00347967 -0.00682653 0.00457955
v -0.00367984 -0.00670244 0.00457955
v -0.00373755 -0.00666448 0.00457955
v -0.00415953 -0.00638126 0.00457955
v -0.00313388 -0.00697253 0.00387193
v -0.00184945 -0.00725064 0.00363252
v -0.00304957 -0.00681705 0.00360309
v -0.00269341 -0.00690975 0.00354302
v -0.00233770 -0.00703822 0.00354302
v -0.00222003 -0.00707764 0.00354302
v -0.00229307 -0.00697107 0.00345353
v -0.00272001 -0.00688639 0.00352840
v -0.00355947 -0.00647469 0.00352021
v -0.00362755 -0.00645426 0.00354302
v -0.00184945 -0.00717253 0.00354302
v -0.00188055 -0.00722947 0.00361110
v -0.00184945 -0.00723166 0.00360797
f 3939 3940 3941
f 3939 3941 3942
f 3939 3942 3943
f 3939 3943 3944
f 3939 3944 3945
f 3939 3945 3940
f 3940 3945 3946
f 3940 3946 3941
f 3941 3947 3962
f 3941 3962 3991
f 3941 3991 3996
f 3941 3996 3994
f 3941 3994 3965
f 3941 3965 3948
f 3941 3948 3942
f 3941 3946 3947
f 3942 3948 3949
f 3942 3949 3950
f 3942 3950 3951
f 3942 3951 3952
f 3942 3952 3953
f 3942 3953 3954
f 3942 3954 3955
f 3942 3955 3943
f 3943 3955 3956
f 3943 3956 3944
f 3944 3956 3957
f 3944 3957 3958
f 3944 3958 3959
f 3944 3959 3945
f 3945 3959 3960
f 3945 3960 3987
f 3945 3987 4021
f 3945 4021 4041
f 3945 4041 4040
f 3945 4040 4061
f 3945 4061 4084
f 3945 4084 4111
f 3945 4111 4110
f 3945 4110 4109
f 3945 4109 4108
f 3945 4108 4087
f 3945 4087 4063
f 3945 4063 4042
f 3945 4042 4022
f 3945 4022 3988
f 3945 3988 3961
f 3945 3961 3946
f 3946 3961 3962
f 3946 3962 3947
f 3948 3963 3964
f 3948 3964 3949
f 3948 3965 3966
f 3948 3966 3967
f 3948 3967 3968
f 3948 3968 3969
f 3948 3969 3970
f 3948 3970 3971
f 3948 3971 3963
f 3949 3964 3972
f 3949 3972 3950
f 3950 3972 3973
f 3950 3973 3951
f 3951 3973 3952
f 3952 3973 3953
f 3953 3973 3974
f 3953 3974 3954
f 3954 3974 3956
f 3954 3956 3955
f 3956 3974 3975
f 3956 3975 3976
f 3956 3976 3977
f 3956 3977 3978
f 3956 3978 3957
f 3957 3978 3979
f 3957 3979 3980
f 3957 3980 3981
f 3957 3981 3982
f 3957 3982 3958
f 3958 3983 3984
f 3958 3984 3959
f 3958 3982 3985
f 3958 3985 3986
f 3958 3986 3983
f 3959 3984 3960
f 3960 3984 3983
f 3960 3983 3987
f 3961 3988 3962
f 3962 3989 3990
f 3962 3990 3966
f 3962 3966 3991
f 3962 3988 3989
f 3963 3971 3992
f 3963 3992 3993
f 3963 3993 3964
f 3964 3993 3992
f 3964 3992 3972
f 3965 3994 3966
f 3966 3995 4001
f 3966 4001 3997
f 3966 3997 3967
f 3966 3994 3996
f 3966 3996 3991
f 3966 3990 3989
f 3966 3989 3988
f 3966 3988 4022
f 3966 4022 4043
f 3966 4043 4066
f 3966 4066 4090
f 3966 4090 4113
f 3966 4113 4124
f 3966 4124 4122
f 3966 4122 4099
f 3966 4099 4098
f 3966 4098 4072
f 3966 4072 4071
f 3966 4071 4049
f 3966 4049 4046
f 3966 4046 4026
f 3966 4026 3995
f 3967 3997 3998
f 3967 3998 3968
f 3968 3998 3969
f 3969 3999 3970
f 3969 3998 3999
f 3970 4000 3992
f 3970 3992 3971
f 3970 3999 3997
f 3970 3997 4001
f 3970 4001 4002
f 3970 4002 4003
f 3970 4003 4004
f 3970 4004 4000
f 3972 3992 4005
f 3972 4005 3973
f 3973 4005 4006
f 3973 4006 3974
f 3974 4006 4007
f 3974 4007 3975
f 3975 4007 4008
f 3975 4008 3976
f 3976 4008 4009
f 3976 4009 3977
f 3977 4009 3978
f 3978 4009 4010
f 3978 4010 3979
f 3979 4011 4012
f 3979 4012 4013
f 3979 4013 3980
f 3979 4010 4014
f 3979 4014 4006
f 3979 4006 4011
f 3980 4012 4015
f 3980 4015 3982
f 3980 3982 3981
f 3980 4013 4012
f 3982 4015 4016
f 3982 4016 4017
f 3982 4017 4018
f 3982 4018 4019
f 3982 4019 3985
f 3983 3986 3985
f 3983 3985 4020
f 3983 4020 3987
f 3985 4019 4020
f 3987 4020 4021
f 3992 4000 4023
f 3992 4023 4024
f 3992 4024 4025
f 3992 4025 4011
f 3992 4011 4005
f 3995 4026 4001
f 3997 3999 3998
f 4000 4004 4023
f 4001 4026 4027
f 4001 4027 4028
f 4001 4028 4002
f 4002 4028 4003
f 4003 4027 4026
f 4003 4026 4029
f 4003 4029 4030
f 4003 4030 4031
f 4003 4031 4004
f 4003 4028 4027
f 4004 4031 4023
f 4005 4011 4006
f 4006 4014 4007
f 4007 4014 4032
f 4007 4032 4009
f 4007 4009 4008
f 4009 4032 4010
f 4010 4032 4014
f 4011 4025 4012
f 4012 4025 4033
f 4012 4033 4034
f 4012 4034 4035
f 4012 4035 4015
f 4015 4035 4016
f 4016 4036 4017
f 4016 4035 4036
f 4017 4036 4037
f 4017 4037 4038
f 4017 4038 4039
f 4017 4039 4018
f 4018 4040 4019
f 4018 4039 4040
f 4019 4040 4020
f 4020 4040 4041
f 4020 4041 4021
f 4022 4042 4043
f 4023 4031 4044
f 4023 4044 4024
f 4024 4044 4045
f 4024 4045 4033
f 4024 4033 4025
f 4026 4046 4047
f 4026 4047 4029
f 4029 4048 4031
f 4029 4031 4030
f 4029 4047 4049
f 4029 4049 4050
f 4029 4050 4051
f 4029 4051 4048
f 4031 4048 4052
f 4031 4052 4053
f 4031 4053 4044
f 4033 4045 4054
f 4033 4054 4055
f 4033 4055 4056
f 4033 4056 4036
f 4033 4036 4034
f 4034 4036 4035
f 4036 4056 4057
f 4036 4057 4037
f 4037 4057 4038
f 4038 4058 4039
f 4038 4057 4059
f 4038 4059 4060
f 4038 4060 4058
f 4039 4058 4061
f 4039 4061 4040
f 4042 4062 4043
f 4042 4063 4064
f 4042 4064 4062
f 4043 4062 4065
f 4043 4065 4066
f 4044 4053 4054
f 4044 4054 4045
f 4046 4049 4067
f 4046 4067 4047
f 4047 4067 4049
f 4048 4051 4068
f 4048 4068 4069
f 4048 4069 4070
f 4048 4070 4052
f 4049 4071 4050
f 4050 4071 4051
f 4051 4071 4072
f 4051 4072 4073
f 4051 4073 4068
f 4052 4070 4053
f 4053 4070 4074
f 4053 4074 4054
f 4054 4074 4075
f 4054 4075 4076
f 4054 4076 4057
f 4054 4057 4055
f 4055 4057 4056
f 4057 4076 4077
f 4057 4077 4059
f 4058 4060 4078
f 4058 4078 4061
f 4059 4077 4060
f 4060 4079 4078
f 4060 4077 4080
f 4060 4080 4081
f 4060 4081 4082
f 4060 4082 4079
f 4061 4078 4083
f 4061 4083 4084
f 4062 4064 4085
f 4062 4085 4086
f 4062 4086 4065
f 4063 4087 4064
f 4064 4087 4085
f 4065 4088 4089
f 4065 4089 4090
f 4065 4090 4066
f 4065 4086 4091
f 4065 4091 4092
f 4065 4092 4088
f 4068 4073 4093
f 4068 4093 4094
f 4068 4094 4095
f 4068 4095 4096
f 4068 4096 4069
f 4069 4096 4070
f 4070 4096 4097
f 4070 4097 4074
f 4072 4098 4073
f 4073 4098 4099
f 4073 4099 4100
f 4073 4100 4101
f 4073 4101 4093
f 4074 4097 4102
f 4074 4102 4103
f 4074 4103 4077
f 4074 4077 4075
f 4075 4077 4076
f 4077 4103 4080
f 4078 4079 4083
f 4079 4082 4083
f 4080 4104 4081
f 4080 4103 4104
f 4081 4104 4105
f 4081 4105 4106
f 4081 4106 4086
f 4081 4086 4085
f 4081 4085 4082
f 4082 4085 4107
f 4082 4107 4108
f 4082 4108 4109
f 4082 4109 4110
f 4082 4110 4083
f 4083 4111 4084
f 4083 4110 4111
f 4085 4087 4108
f 4085 4108 4107
f 4086 4106 4112
f 4086 4112 4091
f 4088 4092 4101
f 4088 4101 4089
f 4089 4101 4090
f 4090 4101 4113
f 4091 4112 4105
f 4091 4105 4114
f 4091 4114 4092
f 4092 4114 4115
f 4092 4115 4094
f 4092 4094 4116
f 4092 4116 4117
f 4092 4117 4101
f 4093 4101 4117
f 4093 4117 4118
f 4093 4118 4094
f 4094 4118 4116
f 4094 4115 4119
f 4094 4119 4095
f 4095 4119 4096
f 4096 4119 4114
f 4096 4114 4105
f 4096 4105 4097
f 4097 4105 4120
f 4097 4120 4121
f 4097 4121 4102
f 4099 4122 4123
f 4099 4123 4100
f 4100 4123 4101
f 4101 4123 4113
f 4102 4121 4103
f 4103 4121 4105
f 4103 4105 4104
f 4105 4112 4106
f 4105 4121 4120
f 4113 4123 4124
f 4114 4119 4115
f 4116 4118 4117
f 4122 4124 4123

o geometry_31
v 0.00447018 0.00398635 0.02276587
v 0.00246299 0.00398635 0.02096215
v 0.00401983 -0.00317880 0.02276587
v -0.00379485 0.00398339 0.00847043
v 0.00380942 0.00398635 0.02276167
v 0.00339783 -0.00317880 0.02276587
v -0.00173413 -0.00359435 0.01320852
v -0.00231645 -0.00359435 0.01202889
v -0.00439655 -0.00221934 0.00847043
v -0.00433656 0.00398339 0.00847043
v -0.00350969 0.00398487 0.01028464
v -0.00043014 0.00398561 0.01629822
v 0.00128082 0.00398561 0.01917102
v 0.00157059 0.00396224 0.01965098
v 0.00340706 0.00310036 0.02276587
v 0.00324302 -0.00255901 0.02276587
v -0.00228968 -0.00359435 0.01320852
v -0.00287015 -0.00359435 0.01202889
v -0.00488012 -0.00221934 0.00847043
v -0.00424243 0.00385724 0.00881746
v -0.00207005 0.00398487 0.01323231
v -0.00046152 0.00385279 0.01634999
v -0.00002040 0.00379936 0.01714480
v 0.00207539 0.00366579 0.02060392
v 0.00316989 0.00369622 0.02211238
v 0.00271216 -0.00287420 0.02195426
v 0.00223873 -0.00317880 0.02119373
v 0.00135741 -0.00317880 0.01989027
v -0.00293383 -0.00341700 0.01206807
v -0.00463187 -0.00221934 0.00906933
v -0.00492811 -0.00192401 0.00847043
v -0.00469370 0.00308700 0.00847043
v -0.00376993 0.00373554 0.00996350
v -0.00335742 0.00375038 0.01081428
v -0.00210511 0.00376968 0.01334985
v -0.00084912 0.00294527 0.01629402
v -0.00043845 0.00338382 0.01672361
v 0.00129420 0.00345283 0.01956702
v 0.00248329 0.00341498 0.02134976
v 0.00326679 0.00267962 0.02276587
v 0.00208923 -0.00222602 0.02131617
v -0.00251578 -0.00342294 0.01291326
v -0.00086573 -0.00282633 0.01632480
v 0.00117423 -0.00280073 0.01975523
v -0.00014129 -0.00274990 0.01759154
v -0.00378839 -0.00227500 0.01085766
v -0.00495302 -0.00151589 0.00847043
v -0.00380961 0.00300315 0.01046445
v -0.00255916 0.00302467 0.01300142
v -0.00213741 0.00301947 0.01383122
v -0.00088326 0.00267962 0.01635699
v -0.00040892 0.00289184 0.01709583
v -0.00216971 0.00265365 0.01396275
v 0.00084800 0.00289184 0.01919201
v 0.00167672 0.00291781 0.02046819
v 0.00316020 0.00206780 0.02276587
v 0.00252943 0.00288665 0.02170938
v 0.00264156 0.00226036 0.02204802
v 0.00312559 -0.00190323 0.02276587
v 0.00214737 -0.00193514 0.02144771
v 0.00122729 -0.00193514 0.02009177
v 0.00124667 -0.00223938 0.02006238
v -0.00217802 -0.00272690 0.01391098
v 0.00080647 -0.00251431 0.01925987
v -0.00258130 -0.00274545 0.01311896
v -0.00381515 -0.00193588 0.01089545
v -0.00479983 0.00267962 0.00847043
v -0.00462541 0.00293933 0.00873909
v -0.00383822 0.00265068 0.01059739
v -0.00255685 0.00260096 0.01323441
v -0.00082789 0.00205185 0.01667463
v 0.00094859 0.00267962 0.01944249
v 0.00115900 0.00267962 0.01977972
v 0.00199787 0.00267962 0.02103351
v 0.00208739 0.00216464 0.02131897
v 0.00207078 0.00184037 0.02134276
v 0.00309883 -0.00129810 0.02276587
v 0.00206063 -0.00151589 0.02135815
v 0.00242054 -0.00151589 0.02185351
v 0.00075849 -0.00193588 0.01934033
v 0.00043364 -0.00212882 0.01876941
v -0.00082512 -0.00212882 0.01667183
v -0.00211527 -0.00227574 0.01420903
v -0.00253608 -0.00235514 0.01337504
v -0.00256654 -0.00193514 0.01343521
v -0.00382530 -0.00151663 0.01091923
v -0.00464895 0.00216909 0.00903225
v -0.00465771 0.00267962 0.00880906
v -0.00379208 0.00225962 0.01084507
v -0.00420644 0.00216761 0.00999988
v -0.00254347 0.00225962 0.01338903
v -0.00170506 0.00184000 0.01506612
v 0.00059422 0.00194611 0.01905627
v 0.00078248 0.00225962 0.01930115
v 0.00124575 0.00217948 0.02006658
v 0.00310621 0.00151164 0.02276587
v 0.00236816 0.00121112 0.02178250
v 0.00122637 0.00184037 0.02009317
v 0.00121345 -0.00109589 0.02011276
v 0.00074833 -0.00151589 0.01935713
v -0.00083804 -0.00184981 0.01669142
v -0.00192239 -0.00193514 0.01465961
v -0.00215033 -0.00151589 0.01427480
v -0.00257669 -0.00151589 0.01345480
v -0.00341464 -0.00109589 0.01177142
v -0.00257854 -0.00109663 0.01346040
v -0.00382623 -0.00109589 0.01092343
v -0.00495533 0.00121037 0.00847043
v -0.00492995 0.00183295 0.00847043
v -0.00256746 0.00183963 0.01343661
v -0.00257669 0.00142037 0.01345340
v -0.00128470 0.00142037 0.01590221
v -0.00084450 0.00142037 0.01670262
v 0.00205924 0.00121112 0.02135815
v 0.00121714 0.00142111 0.02010856
v 0.00121345 0.00100112 0.02011276
v 0.00309698 0.00100112 0.02276587
v 0.00074649 -0.00109663 0.01936132
v -0.00084589 -0.00130626 0.01670542
v -0.00128562 -0.00151589 0.01590361
v -0.00128932 -0.00109663 0.01591060
v -0.00341464 0.00100112 0.01177142
v -0.00382715 0.00100112 0.01092343
v -0.00382530 0.00142111 0.01091783
v -0.00381608 0.00184111 0.01089684
v -0.00257854 0.00100038 0.01346040
v -0.00128932 0.00100112 0.01591060
v -0.00084727 0.00100112 0.01670682
v 0.00074787 0.00121075 0.01935853
f 4125 4126 4129
f 4125 4129 4139
f 4125 4139 4164
f 4125 4164 4180
f 4125 4180 4220
f 4125 4220 4241
f 4125 4241 4201
f 4125 4201 4183
f 4125 4183 4140
f 4125 4140 4130
f 4125 4130 4127
f 4125 4127 4128
f 4125 4128 4126
f 4126 4128 4135
f 4127 4130 4141
f 4127 4141 4131
f 4127 4131 4132
f 4127 4132 4128
f 4128 4132 4133
f 4128 4133 4143
f 4128 4143 4155
f 4128 4155 4171
f 4128 4171 4232
f 4128 4232 4233
f 4128 4233 4191
f 4128 4191 4156
f 4128 4156 4134
f 4128 4134 4135
f 4126 4135 4136
f 4126 4136 4137
f 4126 4137 4138
f 4131 4141 4142
f 4131 4142 4132
f 4132 4142 4143
f 4132 4143 4133
f 4136 4135 4145
f 4136 4146 4147
f 4136 4147 4137
f 4126 4138 4148
f 4129 4149 4139
f 4130 4140 4150
f 4130 4150 4151
f 4130 4151 4141
f 4141 4151 4152
f 4142 4153 4143
f 4142 4141 4153
f 4143 4154 4155
f 4143 4153 4154
f 4134 4156 4144
f 4144 4157 4135
f 4144 4135 4134
f 4144 4156 4157
f 4135 4157 4158
f 4135 4158 4159
f 4135 4159 4145
f 4145 4159 4136
f 4136 4159 4146
f 4146 4160 4161
f 4146 4161 4147
f 4146 4159 4160
f 4137 4147 4162
f 4137 4162 4138
f 4138 4162 4148
f 4148 4163 4126
f 4129 4126 4149
f 4139 4149 4163
f 4140 4165 4150
f 4151 4150 4165
f 4141 4152 4167
f 4141 4167 4166
f 4141 4166 4153
f 4151 4165 4168
f 4151 4168 4152
f 4152 4168 4169
f 4152 4169 4167
f 4153 4170 4154
f 4157 4172 4158
f 4158 4173 4159
f 4160 4175 4176
f 4160 4176 4161
f 4160 4159 4174
f 4160 4174 4177
f 4160 4177 4175
f 4161 4176 4178
f 4161 4178 4147
f 4147 4178 4162
f 4148 4162 4179
f 4148 4179 4163
f 4126 4163 4149
f 4164 4139 4181
f 4164 4181 4182
f 4164 4182 4180
f 4163 4181 4139
f 4140 4183 4165
f 4165 4183 4184
f 4165 4184 4185
f 4165 4185 4186
f 4165 4186 4168
f 4167 4187 4166
f 4168 4186 4188
f 4168 4188 4169
f 4166 4187 4189
f 4166 4189 4153
f 4153 4189 4170
f 4154 4170 4190
f 4154 4190 4155
f 4155 4190 4171
f 4156 4191 4192
f 4156 4192 4157
f 4157 4192 4172
f 4172 4192 4193
f 4158 4172 4173
f 4173 4194 4174
f 4173 4174 4159
f 4173 4172 4194
f 4174 4194 4177
f 4175 4177 4195
f 4175 4195 4176
f 4176 4196 4178
f 4162 4178 4179
f 4179 4197 4198
f 4179 4198 4181
f 4179 4178 4197
f 4179 4181 4163
f 4181 4198 4199
f 4181 4199 4182
f 4182 4200 4180
f 4182 4199 4200
f 4184 4183 4203
f 4184 4203 4202
f 4184 4202 4185
f 4186 4185 4204
f 4186 4204 4205
f 4186 4205 4188
f 4167 4206 4207
f 4167 4207 4187
f 4167 4169 4206
f 4187 4207 4208
f 4187 4208 4189
f 4188 4205 4206
f 4188 4206 4169
f 4189 4208 4170
f 4170 4208 4209
f 4170 4209 4190
f 4190 4210 4171
f 4191 4211 4212
f 4191 4212 4192
f 4192 4212 4193
f 4193 4214 4213
f 4193 4213 4194
f 4193 4194 4172
f 4177 4194 4215
f 4177 4215 4195
f 4195 4215 4216
f 4195 4217 4218
f 4176 4195 4196
f 4196 4218 4219
f 4196 4219 4197
f 4196 4197 4178
f 4197 4219 4198
f 4198 4219 4199
f 4200 4221 4220
f 4200 4220 4180
f 4199 4219 4222
f 4199 4222 4200
f 4183 4201 4203
f 4202 4223 4185
f 4185 4223 4224
f 4185 4224 4204
f 4204 4225 4205
f 4205 4225 4206
f 4207 4206 4226
f 4207 4226 4209
f 4207 4209 4208
f 4206 4225 4226
f 4190 4209 4210
f 4209 4226 4227
f 4209 4227 4228
f 4209 4228 4210
f 4210 4228 4230
f 4210 4230 4229
f 4210 4229 4231
f 4210 4231 4171
f 4171 4231 4232
f 4191 4233 4211
f 4211 4214 4212
f 4212 4214 4193
f 4213 4215 4194
f 4215 4234 4216
f 4195 4218 4196
f 4216 4234 4235
f 4216 4235 4236
f 4216 4236 4195
f 4195 4236 4237
f 4195 4237 4217
f 4217 4219 4218
f 4221 4200 4238
f 4200 4222 4239
f 4200 4239 4238
f 4219 4217 4222
f 4203 4221 4238
f 4203 4238 4202
f 4202 4238 4240
f 4202 4240 4223
f 4201 4241 4221
f 4201 4221 4203
f 4223 4240 4253
f 4223 4253 4242
f 4223 4242 4224
f 4224 4242 4243
f 4224 4243 4225
f 4224 4225 4204
f 4225 4243 4244
f 4226 4225 4244
f 4226 4244 4227
f 4227 4230 4228
f 4229 4246 4247
f 4229 4247 4231
f 4229 4230 4246
f 4230 4250 4246
f 4231 4247 4232
f 4232 4247 4248
f 4211 4233 4249
f 4211 4249 4214
f 4214 4249 4213
f 4213 4249 4234
f 4213 4234 4215
f 4234 4248 4235
f 4234 4249 4248
f 4235 4250 4251
f 4235 4251 4236
f 4236 4251 4237
f 4237 4251 4252
f 4217 4237 4253
f 4217 4253 4239
f 4217 4239 4222
f 4220 4221 4241
f 4238 4239 4240
f 4240 4239 4253
f 4242 4253 4252
f 4242 4252 4243
f 4243 4252 4251
f 4243 4251 4245
f 4243 4245 4244
f 4244 4245 4227
f 4227 4245 4251
f 4227 4251 4250
f 4227 4250 4230
f 4246 4248 4247
f 4246 4250 4235
f 4246 4235 4248
f 4248 4249 4233
f 4248 4233 4232
f 4237 4252 4253

