# https://github.com/mikedh/trimesh

o geometry_0
v 0.00169503 0.00657964 0.01555019
v 0.00175764 0.00657964 0.01566160
v 0.00199559 0.00673423 0.01562568
v 0.00197233 0.00674472 0.01555019
v 0.01295901 0.00562489 0.01555019
v 0.01933168 0.00396709 0.01989197
v 0.00195802 0.00657964 0.01600387
v 0.00207610 0.00668956 0.01589173
v 0.00230868 0.00676919 0.01603685
v 0.00288655 0.00670549 0.01719778
v 0.00325510 0.00673462 0.01772401
v 0.00231941 0.00689115 0.01562568
v 0.00232120 0.00691213 0.01555019
v 0.01376231 0.00562489 0.01555019
v 0.01997217 0.00396709 0.01989197
v 0.01934599 0.00396709 0.01990736
v 0.00442694 0.00657964 0.01989197
v 0.00407091 0.00657964 0.01939506
v 0.00404944 0.00657964 0.01936501
v 0.00379003 0.00657964 0.01898316
v 0.00370594 0.00657964 0.01885490
v 0.00321574 0.00657964 0.01810220
v 0.00241960 0.00657964 0.01678735
v 0.00356818 0.00676725 0.01813518
v 0.00316028 0.00693699 0.01688483
v 0.00333560 0.00668956 0.01799006
v 0.00263608 0.00703720 0.01562568
v 0.00276489 0.00698826 0.01603099
v 0.00261461 0.00704497 0.01555019
v 0.01457096 0.00562489 0.01595183
v 0.01361023 0.00574647 0.01555019
v 0.01997217 0.00475676 0.01989197
v 0.01997217 0.00396709 0.02030314
v 0.01485900 0.00562489 0.01610061
v 0.01940503 0.00396709 0.01996893
v 0.00767947 0.00648719 0.02276426
v 0.00454323 0.00671675 0.01973146
v 0.00767947 0.00667286 0.02276573
v 0.00767947 0.00699758 0.02276573
v 0.00416931 0.00669189 0.01925141
v 0.00370236 0.00671830 0.01848405
v 0.00407986 0.00674083 0.01898316
v 0.00440905 0.00676802 0.01939506
v 0.00402619 0.00698554 0.01812492
v 0.00336960 0.00708964 0.01667448
v 0.00292233 0.00709935 0.01588147
v 0.00276310 0.00710712 0.01555019
v 0.01330251 0.00598612 0.01555019
v 0.01323453 0.00603701 0.01555019
v 0.01309677 0.00613994 0.01555019
v 0.01997217 0.00501351 0.02002243
v 0.01961793 0.00396709 0.02011624
v 0.01997217 0.00650428 0.02303764
v 0.01292144 0.00626152 0.01555019
v 0.01279442 0.00634270 0.01555019
v 0.01242587 0.00656565 0.01555019
v 0.01471230 0.00583891 0.01624500
v 0.01965014 0.00619743 0.02095396
v 0.01985230 0.00591854 0.02077660
v 0.01997217 0.00571151 0.02064980
v 0.01997217 0.00547263 0.02039255
v 0.01997217 0.00528813 0.02023644
v 0.01997217 0.00521704 0.02017854
v 0.01941935 0.00396709 0.01997992
v 0.01640655 0.00664916 0.02303764
v 0.01406645 0.00726987 0.02303764
v 0.00482053 0.00679094 0.01989197
v 0.00480622 0.00679832 0.01985166
v 0.00767947 0.00707643 0.02254732
v 0.00526064 0.00698476 0.01989197
v 0.01406645 0.00767810 0.02303764
v 0.00777608 0.00703409 0.02276573
v 0.00788700 0.00711722 0.02265579
v 0.00486705 0.00698360 0.01938040
v 0.00441799 0.00690048 0.01898316
v 0.00418362 0.00709857 0.01797247
v 0.00373457 0.00710828 0.01718752
v 0.00328551 0.00711760 0.01639451
v 0.00284540 0.00712421 0.01562568
v 0.00282214 0.00713081 0.01555019
v 0.01997217 0.00728424 0.02303764
v 0.01235252 0.00660838 0.01555019
v 0.01481070 0.00630735 0.01700649
v 0.01508979 0.00622889 0.01712302
v 0.01997217 0.00677618 0.02200056
v 0.01200544 0.00679327 0.01555019
v 0.01997217 0.00639047 0.02150145
v 0.01997217 0.00587037 0.02083010
v 0.00767947 0.00714751 0.02232158
v 0.00540556 0.00710945 0.01969628
v 0.00536620 0.00702788 0.01989197
v 0.01113595 0.00765790 0.02276573
v 0.01071731 0.00762333 0.02276573
v 0.00986213 0.00753400 0.02276573
v 0.00861336 0.00727686 0.02276573
v 0.00817683 0.00716771 0.02276573
v 0.00813747 0.00715722 0.02276573
v 0.01720090 0.00793213 0.02303764
v 0.00775997 0.00716111 0.02235823
v 0.00502628 0.00709780 0.01922649
v 0.00441799 0.00722442 0.01772401
v 0.00410669 0.00712382 0.01772401
v 0.00455754 0.00711294 0.01846059
v 0.00480980 0.00716616 0.01858519
v 0.00441799 0.00714013 0.01812492
v 0.00397430 0.00716111 0.01731871
v 0.00316028 0.00722675 0.01562568
v 0.00316028 0.00723879 0.01555019
v 0.01997217 0.00721510 0.02283315
v 0.01932273 0.00751030 0.02296874
v 0.01934599 0.00752351 0.02303764
v 0.01997217 0.00701040 0.02234796
v 0.01997217 0.00695990 0.02227174
v 0.01159574 0.00698010 0.01555019
v 0.00767947 0.00724345 0.02192288
v 0.00568465 0.00714984 0.01989197
v 0.00565961 0.00715684 0.01983041
v 0.00526243 0.00713664 0.01938040
v 0.01071731 0.00766101 0.02234063
v 0.01029867 0.00762722 0.02234063
v 0.00987823 0.00758371 0.02234063
v 0.00957767 0.00751924 0.02263600
v 0.00916261 0.00751924 0.02222117
v 0.00833785 0.00751768 0.02136806
v 0.00777966 0.00726909 0.02192068
v 0.00777608 0.00766684 0.01898316
v 0.00819651 0.00767033 0.01940239
v 0.00903737 0.00766062 0.02066226
v 0.00945959 0.00766218 0.02108222
v 0.00987823 0.00766295 0.02150145
v 0.01029867 0.00766295 0.02192068
v 0.01730287 0.00793524 0.02303764
v 0.00567750 0.00767383 0.01562568
v 0.00609793 0.00766994 0.01646487
v 0.00651657 0.00767538 0.01688483
v 0.00693700 0.00766994 0.01772401
v 0.00735743 0.00767499 0.01814397
v 0.00494398 0.00712382 0.01898316
v 0.00525885 0.00722248 0.01898316
v 0.00441799 0.00729511 0.01730406
v 0.00399935 0.00724889 0.01688483
v 0.00589219 0.00750525 0.01834626
v 0.00505311 0.00750486 0.01708638
v 0.00461121 0.00751302 0.01629337
v 0.00410312 0.00748894 0.01555019
v 0.01997217 0.00718519 0.02274594
v 0.01925475 0.00755186 0.02303764
v 0.01948912 0.00738834 0.02280164
v 0.01115742 0.00717626 0.01555019
v 0.01071731 0.00730521 0.01555019
v 0.00986392 0.00753633 0.01555019
v 0.01997217 0.00710828 0.02252826
v 0.00708907 0.00751729 0.01989197
v 0.00609077 0.00726404 0.01989197
v 0.00793888 0.00751535 0.02093124
v 0.00567750 0.00725239 0.01940239
v 0.00987823 0.00762877 0.02192068
v 0.00944528 0.00753594 0.02235310
v 0.00945959 0.00758371 0.02192068
v 0.00903737 0.00758216 0.02150145
v 0.00819830 0.00753128 0.02107563
v 0.00861873 0.00757944 0.02108222
v 0.00861873 0.00765557 0.02024231
v 0.00735743 0.00766101 0.01856320
v 0.00861873 0.00762178 0.02066226
v 0.00903737 0.00762605 0.02108222
v 0.00945959 0.00762761 0.02150145
v 0.01826897 0.00775851 0.02303764
v 0.01725994 0.00793135 0.02295408
v 0.01724920 0.00793213 0.02295115
v 0.00819651 0.00767810 0.01555019
v 0.00777608 0.00767888 0.01555019
v 0.00609793 0.00767849 0.01555019
v 0.00567750 0.00767422 0.01555019
v 0.00525885 0.00765013 0.01555019
v 0.00567750 0.00766101 0.01604491
v 0.00651657 0.00766373 0.01730406
v 0.00627147 0.00751458 0.01882412
v 0.00542703 0.00751574 0.01757963
v 0.00496903 0.00752040 0.01680641
v 0.00424982 0.00752467 0.01555019
v 0.01867867 0.00767538 0.02303764
v 0.00945780 0.00760197 0.01555019
v 0.00728766 0.00754138 0.01989197
v 0.00735743 0.00759537 0.01940239
v 0.00691374 0.00753943 0.01941924
v 0.00665433 0.00751924 0.01929172
v 0.00609793 0.00727997 0.01982235
v 0.00819830 0.00757284 0.02066226
v 0.00770451 0.00759109 0.01989197
v 0.00819651 0.00764936 0.01982235
v 0.00693700 0.00765169 0.01814397
v 0.00777608 0.00764237 0.01940239
v 0.00777608 0.00760624 0.01982235
v 0.00903737 0.00764508 0.01555019
v 0.00861515 0.00766761 0.01555019
v 0.00525885 0.00764664 0.01562568
v 0.00483842 0.00760236 0.01555019
v 0.00609793 0.00765324 0.01688483
v 0.00618023 0.00752662 0.01856320
v 0.00579737 0.00752157 0.01806702
v 0.00651657 0.00756895 0.01856320
v 0.00566497 0.00753438 0.01772108
v 0.00533578 0.00752739 0.01730406
v 0.00521950 0.00754410 0.01692148
v 0.00525885 0.00758566 0.01646487
v 0.00483842 0.00759653 0.01562568
v 0.00440189 0.00754487 0.01555019
v 0.00439652 0.00753749 0.01563448
v 0.00735743 0.00763227 0.01898316
v 0.00693700 0.00762061 0.01856320
v 0.00651657 0.00763887 0.01772401
v 0.00525885 0.00761867 0.01604491
v 0.00567750 0.00763771 0.01646487
v 0.00609793 0.00762450 0.01730406
v 0.00605857 0.00754487 0.01818135
v 0.00651657 0.00760624 0.01814397
v 0.00609793 0.00758915 0.01772401
v 0.00567750 0.00760702 0.01688483
f 1 2 3
f 1 3 4
f 1 4 13
f 1 13 29
f 1 29 47
f 1 47 80
f 1 80 108
f 1 108 145
f 1 145 181
f 1 181 208
f 1 208 198
f 1 198 175
f 1 175 174
f 1 174 173
f 1 173 172
f 1 172 171
f 1 171 196
f 1 196 195
f 1 195 183
f 1 183 151
f 1 151 150
f 1 150 149
f 1 149 114
f 1 114 86
f 1 86 82
f 1 82 56
f 1 56 55
f 1 55 54
f 1 54 50
f 1 50 49
f 1 49 48
f 1 48 31
f 1 31 14
f 1 14 5
f 1 5 6
f 1 6 2
f 2 7 8
f 2 8 3
f 2 6 7
f 3 9 4
f 3 8 10
f 3 10 11
f 3 11 9
f 4 9 12
f 4 12 13
f 5 14 15
f 5 15 6
f 6 15 33
f 6 33 52
f 6 52 64
f 6 64 35
f 6 35 16
f 6 16 17
f 6 17 18
f 6 18 19
f 6 19 20
f 6 20 21
f 6 21 22
f 6 22 23
f 6 23 7
f 7 23 8
f 8 23 10
f 9 11 24
f 9 24 25
f 9 25 12
f 10 26 11
f 10 23 26
f 11 26 24
f 12 27 13
f 12 25 28
f 12 28 27
f 13 27 29
f 14 30 15
f 14 31 30
f 15 32 51
f 15 51 63
f 15 63 62
f 15 62 61
f 15 61 60
f 15 60 88
f 15 88 87
f 15 87 85
f 15 85 113
f 15 113 112
f 15 112 152
f 15 152 146
f 15 146 109
f 15 109 81
f 15 81 53
f 15 53 33
f 15 30 34
f 15 34 32
f 16 35 36
f 16 36 17
f 17 37 18
f 17 36 38
f 17 38 39
f 17 39 37
f 18 37 19
f 19 37 40
f 19 40 20
f 20 40 41
f 20 41 21
f 21 41 22
f 22 41 26
f 22 26 23
f 24 26 41
f 24 41 42
f 24 42 43
f 24 43 44
f 24 44 25
f 25 45 28
f 25 44 45
f 27 28 46
f 27 46 47
f 27 47 29
f 28 45 46
f 30 31 48
f 30 48 49
f 30 49 50
f 30 50 34
f 32 34 51
f 33 53 36
f 33 36 52
f 34 50 54
f 34 54 55
f 34 55 56
f 34 56 57
f 34 57 58
f 34 58 59
f 34 59 60
f 34 60 61
f 34 61 62
f 34 62 63
f 34 63 51
f 35 64 36
f 36 64 52
f 36 53 65
f 36 65 66
f 36 66 38
f 37 39 67
f 37 67 68
f 37 68 43
f 37 43 40
f 38 66 71
f 38 71 39
f 39 69 70
f 39 70 67
f 39 71 72
f 39 72 73
f 39 73 69
f 40 43 42
f 40 42 41
f 43 68 74
f 43 74 75
f 43 75 44
f 44 75 74
f 44 74 76
f 44 76 45
f 45 77 78
f 45 78 46
f 45 76 77
f 46 79 47
f 46 78 79
f 47 79 80
f 53 81 111
f 53 111 147
f 53 147 182
f 53 182 168
f 53 168 132
f 53 132 98
f 53 98 71
f 53 71 66
f 53 66 65
f 56 82 57
f 57 83 84
f 57 84 85
f 57 85 58
f 57 82 86
f 57 86 83
f 58 85 59
f 59 85 87
f 59 87 88
f 59 88 60
f 67 70 68
f 68 70 74
f 69 89 90
f 69 90 91
f 69 91 70
f 69 73 89
f 70 91 90
f 70 90 74
f 71 92 93
f 71 93 94
f 71 94 95
f 71 95 96
f 71 96 97
f 71 97 72
f 71 98 92
f 72 97 73
f 73 97 99
f 73 99 89
f 74 100 76
f 74 90 100
f 76 101 102
f 76 102 77
f 76 100 103
f 76 103 104
f 76 104 105
f 76 105 101
f 77 102 106
f 77 106 78
f 78 106 107
f 78 107 79
f 79 107 80
f 80 107 108
f 81 109 110
f 81 110 111
f 83 86 112
f 83 112 113
f 83 113 84
f 84 113 85
f 86 114 112
f 89 115 116
f 89 116 90
f 89 99 115
f 90 117 118
f 90 118 100
f 90 116 117
f 92 119 120
f 92 120 93
f 92 98 119
f 93 120 121
f 93 121 122
f 93 122 94
f 94 122 95
f 95 123 124
f 95 124 125
f 95 125 99
f 95 99 96
f 95 122 123
f 96 99 97
f 98 126 127
f 98 127 128
f 98 128 129
f 98 129 130
f 98 130 131
f 98 131 119
f 98 132 133
f 98 133 134
f 98 134 135
f 98 135 136
f 98 136 137
f 98 137 126
f 99 125 115
f 100 138 103
f 100 118 139
f 100 139 138
f 101 140 141
f 101 141 107
f 101 107 106
f 101 106 102
f 101 105 104
f 101 104 139
f 101 139 142
f 101 142 143
f 101 143 140
f 103 138 104
f 104 138 139
f 107 141 140
f 107 140 143
f 107 143 144
f 107 144 108
f 108 144 145
f 109 146 110
f 110 147 111
f 110 146 148
f 110 148 149
f 110 149 150
f 110 150 151
f 110 151 147
f 112 114 149
f 112 149 152
f 115 153 154
f 115 154 116
f 115 125 155
f 115 155 153
f 116 154 117
f 117 139 118
f 117 154 156
f 117 156 139
f 119 131 120
f 120 131 157
f 120 157 121
f 121 157 158
f 121 158 122
f 122 158 123
f 123 158 159
f 123 159 160
f 123 160 124
f 124 161 155
f 124 155 125
f 124 160 162
f 124 162 161
f 126 163 128
f 126 128 127
f 126 137 136
f 126 136 164
f 126 164 163
f 128 163 165
f 128 165 166
f 128 166 129
f 129 166 167
f 129 167 157
f 129 157 130
f 130 157 131
f 132 168 169
f 132 169 170
f 132 170 171
f 132 171 172
f 132 172 173
f 132 173 174
f 132 174 133
f 133 174 175
f 133 175 176
f 133 176 134
f 134 176 177
f 134 177 136
f 134 136 135
f 136 177 164
f 139 156 178
f 139 178 142
f 142 178 179
f 142 179 143
f 143 180 144
f 143 179 180
f 144 180 181
f 144 181 145
f 146 152 148
f 147 151 182
f 148 152 149
f 151 169 168
f 151 168 182
f 151 183 169
f 153 184 185
f 153 185 186
f 153 186 187
f 153 187 178
f 153 178 188
f 153 188 154
f 153 155 184
f 154 188 156
f 155 161 189
f 155 189 190
f 155 190 184
f 156 188 178
f 157 167 159
f 157 159 158
f 159 167 166
f 159 166 160
f 160 166 162
f 161 162 165
f 161 165 189
f 162 166 165
f 163 164 191
f 163 191 165
f 164 177 192
f 164 192 193
f 164 193 191
f 165 191 193
f 165 193 194
f 165 194 190
f 165 190 189
f 169 183 170
f 170 183 195
f 170 195 196
f 170 196 171
f 175 197 176
f 175 198 197
f 176 197 199
f 176 199 177
f 177 199 192
f 178 200 201
f 178 201 179
f 178 187 202
f 178 202 200
f 179 201 203
f 179 203 204
f 179 204 180
f 180 204 205
f 180 205 206
f 180 206 207
f 180 207 208
f 180 208 209
f 180 209 181
f 181 209 208
f 184 190 194
f 184 194 185
f 185 210 211
f 185 211 186
f 185 194 210
f 186 211 187
f 187 211 202
f 192 199 212
f 192 212 211
f 192 211 210
f 192 210 193
f 193 210 194
f 197 198 213
f 197 213 214
f 197 214 199
f 198 208 207
f 198 207 213
f 199 214 215
f 199 215 212
f 200 216 201
f 200 202 217
f 200 217 216
f 201 216 217
f 201 217 218
f 201 218 203
f 202 211 217
f 203 218 219
f 203 219 204
f 204 219 205
f 205 219 206
f 206 219 213
f 206 213 207
f 211 212 217
f 212 215 217
f 213 219 214
f 214 219 215
f 215 219 218
f 215 218 217

o geometry_1
v 0.00767691 0.00699728 0.02276408
v 0.00716846 0.00680015 0.02276408
v 0.00767691 0.00648701 0.02276408
v 0.00727306 0.00711364 0.02201376
v 0.00661235 0.00672733 0.02234042
v 0.00446997 0.00398737 0.02276408
v 0.00689702 0.00711220 0.00847150
v 0.00767691 0.00717002 0.01989097
v 0.00767691 0.00724337 0.02192209
v 0.00613965 0.00630777 0.02276408
v 0.00628000 0.00709774 0.02090386
v 0.00128025 0.00398701 0.01917002
v -0.00379100 0.00398629 0.00847328
v -0.00524750 0.00436682 0.00458015
v 0.00084727 0.00722892 0.00458015
v 0.00689702 0.00756030 0.00847150
v 0.00767691 0.00758777 0.01989097
v 0.00587351 0.00625862 0.02256649
v 0.00560339 0.00670745 0.02117177
v 0.00651569 0.00722458 0.02066176
v 0.00567622 0.00692717 0.02066176
v 0.00381058 0.00398737 0.02276230
v -0.00433520 0.00398629 0.00847328
v -0.00584996 0.00436682 0.00458015
v 0.00084727 0.00764956 0.00458015
v 0.00651436 0.00762029 0.00847150
v 0.00292477 0.00767775 0.00598467
v 0.00689702 0.00761776 0.00966418
v 0.00651436 0.00765281 0.00966418
v 0.00622439 0.00767775 0.01554748
v 0.00567357 0.00767341 0.01554748
v 0.00504397 0.00763204 0.01546114
v 0.00714198 0.00751043 0.02003516
v 0.00767691 0.00752055 0.02056920
v 0.00512639 0.00626115 0.02163905
v 0.00460768 0.00584665 0.02173695
v 0.00568284 0.00714978 0.01989097
v 0.00481821 0.00679093 0.01989097
v 0.00531275 0.00700613 0.01989097
v 0.00376291 0.00418974 0.02258073
v 0.00246531 0.00398737 0.02096438
v -0.00205645 0.00398773 0.01325646
v -0.00333684 0.00398773 0.01064680
v -0.00042650 0.00398701 0.01629513
v -0.00554806 0.00436682 0.00530466
v -0.00544545 0.00500573 0.00458015
v 0.00084727 0.00767667 0.00471188
v 0.00567224 0.00767269 0.00847150
v 0.00357423 0.00765932 0.01237174
v 0.00335112 0.00751188 0.01418746
v 0.00415484 0.00751585 0.01549585
v 0.00522338 0.00565549 0.02276408
v 0.00420251 0.00625356 0.02045705
v 0.00315516 0.00723795 0.01554748
v 0.00247193 0.00710786 0.01508464
v 0.00261096 0.00704462 0.01554748
v 0.00321342 0.00657880 0.01810017
v 0.00404362 0.00657880 0.01936227
v 0.00298303 0.00451932 0.02124386
v 0.00251165 0.00417890 0.02089674
v 0.00166688 0.00418432 0.01963819
v -0.00336067 0.00418143 0.01041539
v -0.00397373 0.00415270 0.00912035
v -0.00043246 0.00419950 0.01609664
v -0.00526206 0.00469133 0.00550849
v 0.00001045 0.00766257 0.00458015
v 0.00022098 0.00767486 0.00471188
v 0.00461430 0.00542168 0.02235733
v 0.00383838 0.00578847 0.02080239
v 0.00335244 0.00625935 0.01921096
v 0.00335774 0.00583798 0.02004584
v 0.00273674 0.00724699 0.01478202
v 0.00252357 0.00625103 0.01793284
v 0.00197142 0.00674431 0.01554748
v 0.00438391 0.00481998 0.02276408
v 0.00380727 0.00475927 0.02210455
v 0.00166688 0.00460099 0.01922164
v -0.00189888 0.00419155 0.01336060
v -0.00334743 0.00457497 0.00996324
v -0.00167908 0.00458979 0.01333835
v -0.00003722 0.00423528 0.01675618
v -0.00003589 0.00463893 0.01633251
v -0.00424251 0.00506247 0.00723075
v -0.00507139 0.00545962 0.00458015
v 0.00231569 0.00761541 0.01079989
v 0.00185358 0.00751549 0.01131435
v 0.00106178 0.00721772 0.01184839
v 0.00421045 0.00520268 0.02212591
v 0.00251695 0.00583870 0.01878551
v 0.00083271 0.00709702 0.01209582
v 0.00154772 0.00675082 0.01478202
v 0.00126701 0.00625103 0.01583586
v 0.00172117 0.00494863 0.01887363
v -0.00296610 0.00504512 0.01004512
v -0.00413924 0.00535844 0.00691745
v -0.00375459 0.00581901 0.00678394
v -0.00466357 0.00586707 0.00458015
v 0.00001045 0.00766239 0.00492105
v -0.00061981 0.00761632 0.00458015
v 0.00330213 0.00547480 0.02054427
v 0.00021436 0.00676383 0.01223200
v 0.00045667 0.00580727 0.01536234
v 0.00089626 0.00579028 0.01617586
v 0.00299229 0.00493960 0.02080951
v 0.00209986 0.00500085 0.01941123
v 0.00035074 0.00508921 0.01638769
v -0.00000809 0.00501730 0.01586790
v -0.00275391 0.00545068 0.00975274
v -0.00129510 0.00505307 0.01340777
v -0.00414983 0.00628790 0.00458015
v -0.00356988 0.00625899 0.00600514
v 0.00105780 0.00762643 0.00807097
v 0.00217798 0.00533639 0.01907567
v 0.00039179 0.00545275 0.01590350
v -0.00044768 0.00627633 0.01255687
v -0.00125140 0.00541517 0.01290400
v -0.00252087 0.00584132 0.00941852
v -0.00293167 0.00625429 0.00745149
v -0.00129775 0.00751694 0.00458015
v -0.00083299 0.00750971 0.00576571
v 0.00039576 0.00751477 0.00836113
v -0.00083564 0.00709304 0.00872071
v -0.00040862 0.00723958 0.00869134
v -0.00122426 0.00676311 0.00930103
v -0.00083034 0.00583184 0.01290044
v -0.00211338 0.00626766 0.00917999
v -0.00346528 0.00672335 0.00458015
v -0.00229743 0.00724699 0.00458015
v -0.00263640 0.00713315 0.00458015
f 220 221 229
f 220 229 271
f 220 271 294
f 220 294 241
f 220 241 225
f 220 225 222
f 220 222 227
f 220 227 236
f 220 236 253
f 220 253 228
f 221 220 223
f 221 223 224
f 222 225 226
f 222 226 227
f 220 228 223
f 221 224 229
f 224 223 230
f 225 231 232
f 225 232 226
f 226 232 233
f 226 233 234
f 226 234 244
f 226 244 235
f 226 235 236
f 226 236 227
f 224 237 229
f 224 238 237
f 224 230 238
f 223 228 239
f 230 240 238
f 225 241 231
f 231 242 232
f 232 242 243
f 232 243 233
f 233 243 265
f 233 265 303
f 233 303 316
f 233 316 329
f 233 329 346
f 233 346 348
f 233 348 347
f 233 347 338
f 233 338 318
f 233 318 285
f 233 285 244
f 233 244 234
f 235 244 246
f 235 246 245
f 236 235 247
f 236 247 248
f 236 248 249
f 236 249 250
f 236 250 251
f 236 251 252
f 236 252 253
f 237 238 254
f 237 255 229
f 228 253 252
f 228 252 239
f 239 230 223
f 239 256 230
f 230 256 240
f 240 257 238
f 240 258 257
f 231 241 260
f 242 261 262
f 242 231 263
f 242 263 261
f 242 264 243
f 244 266 246
f 245 246 267
f 235 245 247
f 246 266 249
f 246 249 267
f 247 245 248
f 250 268 251
f 251 269 270
f 251 270 252
f 252 270 256
f 252 256 239
f 229 255 271
f 237 254 255
f 238 257 272
f 238 272 254
f 256 270 273
f 256 258 240
f 258 274 275
f 258 275 257
f 257 275 276
f 257 276 277
f 259 278 279
f 231 260 280
f 241 259 260
f 262 281 282
f 262 282 242
f 242 282 264
f 264 284 243
f 264 282 284
f 243 284 265
f 244 285 266
f 267 248 245
f 266 286 249
f 248 267 249
f 250 286 268
f 255 288 287
f 255 287 271
f 257 277 272
f 272 290 288
f 272 288 255
f 272 255 254
f 256 273 274
f 256 274 258
f 273 270 269
f 273 269 291
f 273 291 274
f 276 292 289
f 276 289 277
f 276 275 293
f 276 293 292
f 277 289 272
f 241 294 259
f 259 295 278
f 259 294 295
f 279 260 259
f 280 260 279
f 261 263 283
f 261 283 297
f 261 297 281
f 261 281 262
f 281 298 282
f 281 297 299
f 281 299 298
f 231 280 300
f 231 300 263
f 263 300 283
f 283 300 301
f 284 282 298
f 284 298 302
f 284 302 265
f 285 286 266
f 249 286 250
f 268 269 251
f 268 304 269
f 269 305 306
f 269 306 291
f 289 292 308
f 289 290 272
f 275 274 310
f 275 310 293
f 293 310 311
f 293 311 292
f 280 296 301
f 280 301 300
f 279 278 296
f 279 296 280
f 283 299 297
f 302 314 265
f 265 314 303
f 303 314 315
f 303 315 316
f 285 317 286
f 285 318 317
f 291 306 274
f 287 288 319
f 287 307 294
f 287 294 271
f 307 287 319
f 308 290 289
f 290 319 288
f 274 306 309
f 309 310 274
f 310 320 311
f 311 321 322
f 311 308 292
f 294 307 295
f 295 307 323
f 295 323 278
f 278 323 296
f 296 324 312
f 312 301 296
f 301 312 325
f 301 325 326
f 298 313 302
f 283 301 299
f 299 301 326
f 299 326 328
f 302 327 314
f 316 315 330
f 316 330 329
f 286 317 268
f 268 317 304
f 269 304 305
f 319 323 307
f 308 332 290
f 308 311 322
f 308 322 333
f 308 333 332
f 290 332 319
f 310 309 320
f 311 320 334
f 323 324 296
f 324 323 332
f 324 332 312
f 312 332 325
f 326 325 333
f 299 328 313
f 299 313 298
f 313 327 302
f 313 328 335
f 313 335 327
f 314 327 315
f 315 336 337
f 315 337 330
f 318 331 317
f 318 338 339
f 318 339 340
f 318 340 331
f 331 304 317
f 304 331 305
f 305 331 340
f 306 341 309
f 306 305 342
f 306 342 341
f 319 332 323
f 322 321 333
f 320 309 343
f 321 311 344
f 311 334 344
f 321 344 335
f 321 335 333
f 333 335 328
f 333 328 326
f 327 344 336
f 335 344 327
f 327 336 315
f 337 336 345
f 337 345 346
f 330 337 346
f 339 338 347
f 339 347 342
f 339 342 340
f 340 342 305
f 333 325 332
f 343 309 341
f 320 343 334
f 334 343 345
f 334 345 344
f 336 344 345
f 345 343 346
f 329 330 346
f 342 347 348
f 342 348 341
f 346 343 341
f 346 341 348

o geometry_2
v 0.01997289 -0.00666361 0.02174193
v 0.01406908 -0.00777178 0.02276623
v 0.01114077 -0.00774377 0.02276623
v 0.00985172 -0.00764098 0.02276623
v 0.00814044 -0.00727244 0.02276623
v 0.00686753 -0.00679139 0.02276623
v 0.00615098 -0.00640543 0.02276623
v 0.00523076 -0.00573940 0.02276623
v 0.00442976 -0.00493262 0.02276623
v 0.00517239 -0.00493262 0.02276623
v 0.02040754 -0.00666361 0.02191631
v 0.01997289 -0.00710631 0.02235148
v 0.01798591 -0.00806267 0.02370570
v 0.01973818 -0.00816244 0.02549195
v 0.02141966 -0.00817867 0.02717058
v 0.01239505 -0.00771163 0.02444251
v 0.01173935 -0.00760692 0.02467187
v 0.00933449 -0.00731994 0.02372573
v 0.00792435 -0.00679187 0.02387694
v 0.00591502 -0.00590298 0.02336322
v 0.00567783 -0.00550532 0.02360437
v 0.01406908 -0.00493262 0.03022070
v 0.01997289 -0.00502205 0.03390945
v 0.02532034 -0.00666361 0.02495309
v 0.02411077 -0.00666361 0.02407646
v 0.02287884 -0.00666361 0.02332316
v 0.02226040 -0.00718333 0.02381253
v 0.02060624 -0.00760915 0.02379682
v 0.01826906 -0.00804325 0.02371198
v 0.02204928 -0.00815687 0.02779977
v 0.00999578 -0.00721101 0.02472843
v 0.00751454 -0.00637495 0.02428698
v 0.00606653 -0.00493262 0.02460864
v 0.01383313 -0.00493262 0.03073128
v 0.02816172 -0.00550421 0.03692894
v 0.02629396 -0.00666361 0.02579358
v 0.02354697 -0.00719128 0.02463417
v 0.02268263 -0.00760311 0.02507091
v 0.02101357 -0.00802543 0.02547781
v 0.02310486 -0.00802320 0.02716665
v 0.01496477 -0.00768641 0.02654020
v 0.01113581 -0.00732940 0.02528300
v 0.00927550 -0.00682370 0.02505206
v 0.00935125 -0.00637018 0.02595697
v 0.00715688 -0.00591603 0.02464360
v 0.00712708 -0.00552489 0.02509448
v 0.01704458 -0.00502205 0.03275554
v 0.01996792 -0.00502205 0.03450172
v 0.02816172 -0.00550421 0.03777729
v 0.02979849 -0.00666361 0.03095751
v 0.02979601 -0.00666361 0.03072971
v 0.02916018 -0.00666361 0.02943205
v 0.02835545 -0.00666361 0.02812811
v 0.02743151 -0.00666361 0.02695063
v 0.02474163 -0.00719184 0.02552808
v 0.02309865 -0.00780838 0.02612192
v 0.02396423 -0.00802543 0.02838261
v 0.02006479 -0.00761106 0.03057261
v 0.01928490 -0.00760533 0.03012959
v 0.02053173 -0.00554303 0.03454179
v 0.02471928 -0.00550421 0.03689203
v 0.02559355 -0.00550421 0.03729813
v 0.02650259 -0.00550421 0.03761548
v 0.02739922 -0.00550421 0.03776865
v 0.02954888 -0.00681908 0.03084675
v 0.02896893 -0.00676132 0.02927809
v 0.02813440 -0.00676259 0.02801185
v 0.02688012 -0.00718428 0.02758611
v 0.02586800 -0.00719033 0.02649661
v 0.02413064 -0.00760008 0.02616120
v 0.02477765 -0.00778165 0.02759004
v 0.02540479 -0.00781475 0.02864026
v 0.02407103 -0.00803132 0.02926945
v 0.02391456 -0.00802543 0.02970384
v 0.01868881 -0.00736728 0.03073757
v 0.01845347 -0.00723162 0.03096929
v 0.01089489 -0.00719255 0.02551865
v 0.01039317 -0.00681065 0.02599781
v 0.00859123 -0.00594165 0.02593576
v 0.00813795 -0.00493262 0.02659323
v 0.01317246 -0.00513264 0.03015001
v 0.02009832 -0.00592840 0.03399311
v 0.02582454 -0.00599591 0.03691638
v 0.02687019 -0.00592494 0.03724315
v 0.02771962 -0.00592494 0.03724158
v 0.02816172 -0.00598827 0.03698707
v 0.02816172 -0.00720115 0.03392359
v 0.02816172 -0.00729758 0.03349156
v 0.02750850 -0.00724475 0.02865911
v 0.02520361 -0.00760470 0.02716194
v 0.02609775 -0.00762188 0.02833391
v 0.02689254 -0.00760915 0.02963157
v 0.02624429 -0.00776255 0.02989550
v 0.02582454 -0.00781697 0.03115703
v 0.02582454 -0.00776064 0.03157649
v 0.02204928 -0.00736919 0.03262515
v 0.02079003 -0.00733450 0.03220568
v 0.01007774 -0.00592908 0.02717764
v 0.02352461 -0.00591921 0.03597691
v 0.01003055 -0.00493262 0.02810769
v 0.01300605 -0.00551662 0.02970070
v 0.01653542 -0.00554892 0.03203444
v 0.02434921 -0.00592812 0.03640579
v 0.02572208 -0.00634122 0.03640226
v 0.02698940 -0.00635554 0.03642465
v 0.02645540 -0.00646279 0.03619214
v 0.02498752 -0.00689244 0.03493375
v 0.02666404 -0.00763111 0.03232430
v 0.02918253 -0.00699269 0.03095751
v 0.02824865 -0.00722661 0.02989550
v 0.02703846 -0.00763302 0.03147162
v 0.02392449 -0.00718333 0.03388746
v 0.02130789 -0.00720449 0.03289222
v 0.02011943 -0.00719415 0.03223475
v 0.01508741 -0.00677771 0.02950354
v 0.01076946 -0.00631862 0.02713051
v 0.00959093 -0.00556022 0.02723106
v 0.02056898 -0.00635013 0.03389217
v 0.02268760 -0.00633963 0.03513956
v 0.01778721 -0.00616984 0.03224810
v 0.02426228 -0.00631274 0.03594706
v 0.02490494 -0.00632984 0.03618468
v 0.02816172 -0.00737651 0.03199595
v 0.02792328 -0.00738446 0.03031654
v 0.02376926 -0.00686268 0.03478686
v 0.01302095 -0.00592526 0.02927024
v 0.02207784 -0.00675002 0.03428571
v 0.01887508 -0.00677246 0.03222061
v 0.01431497 -0.00632372 0.02966614
f 349 350 351
f 349 351 352
f 349 352 353
f 349 353 354
f 349 354 355
f 349 355 356
f 349 356 357
f 349 357 358
f 349 358 359
f 349 359 360
f 349 360 350
f 350 360 361
f 350 361 351
f 351 361 362
f 351 362 363
f 351 363 364
f 351 364 352
f 352 364 365
f 353 352 366
f 354 353 367
f 356 355 368
f 356 369 357
f 357 381 428
f 357 428 448
f 357 448 382
f 357 382 370
f 357 370 358
f 358 370 371
f 358 371 372
f 358 372 373
f 358 373 374
f 358 374 359
f 359 374 360
f 360 374 375
f 360 377 361
f 361 377 362
f 352 365 366
f 366 379 353
f 353 379 367
f 355 354 380
f 356 368 369
f 369 381 357
f 370 382 371
f 371 397 383
f 371 383 372
f 372 383 384
f 374 373 375
f 375 373 385
f 375 385 386
f 375 386 376
f 375 376 360
f 376 386 377
f 376 377 360
f 377 387 362
f 363 362 387
f 363 387 388
f 363 388 378
f 364 363 389
f 363 378 389
f 364 389 365
f 365 390 366
f 367 379 391
f 380 354 367
f 355 380 393
f 355 393 368
f 369 368 394
f 369 394 381
f 382 395 396
f 382 396 371
f 371 396 397
f 383 397 398
f 383 398 399
f 383 399 400
f 383 400 401
f 383 401 402
f 383 402 384
f 372 384 403
f 372 403 373
f 373 403 385
f 385 403 386
f 386 404 377
f 377 404 387
f 378 388 405
f 378 406 407
f 378 407 389
f 366 390 379
f 380 367 392
f 368 393 394
f 395 408 396
f 396 409 410
f 396 410 411
f 396 411 412
f 396 412 397
f 398 413 399
f 399 414 400
f 400 414 401
f 401 414 415
f 401 415 402
f 402 416 417
f 402 417 384
f 402 415 416
f 384 417 403
f 403 417 418
f 403 418 386
f 404 386 418
f 388 387 404
f 388 404 419
f 388 419 405
f 378 405 421
f 378 421 422
f 378 422 406
f 389 407 365
f 390 365 423
f 390 423 424
f 390 424 425
f 390 425 379
f 365 407 423
f 391 379 425
f 391 425 426
f 391 426 392
f 391 392 367
f 380 427 393
f 394 393 427
f 394 428 381
f 396 408 409
f 395 382 429
f 408 395 430
f 412 432 397
f 398 397 434
f 398 434 435
f 398 435 436
f 398 436 413
f 399 413 414
f 416 415 437
f 416 438 417
f 415 414 437
f 417 438 418
f 418 438 404
f 404 438 419
f 419 438 439
f 419 439 420
f 419 420 405
f 420 440 441
f 420 441 405
f 405 441 421
f 421 441 442
f 422 421 442
f 422 442 443
f 422 443 444
f 422 444 406
f 406 444 445
f 406 445 407
f 407 445 423
f 392 427 380
f 427 446 394
f 409 408 447
f 382 448 429
f 429 449 450
f 429 450 395
f 395 450 430
f 409 447 451
f 410 451 411
f 410 409 451
f 411 451 431
f 431 432 411
f 411 432 412
f 432 431 452
f 432 452 453
f 397 432 433
f 433 434 397
f 433 453 434
f 434 453 435
f 435 453 454
f 435 454 455
f 435 456 436
f 413 436 457
f 413 457 458
f 413 458 414
f 414 458 437
f 437 439 416
f 416 439 438
f 439 437 440
f 439 440 420
f 441 440 459
f 443 460 444
f 443 442 456
f 443 456 460
f 445 444 461
f 445 461 462
f 445 462 423
f 423 462 424
f 426 425 463
f 425 424 463
f 392 426 464
f 392 446 427
f 446 465 394
f 394 465 428
f 408 430 447
f 429 448 449
f 430 466 467
f 430 467 447
f 430 450 468
f 451 470 431
f 431 470 452
f 452 454 453
f 432 453 433
f 435 455 460
f 435 460 456
f 457 436 471
f 457 471 472
f 457 472 458
f 458 472 440
f 458 440 437
f 440 472 459
f 441 459 442
f 459 472 471
f 460 455 473
f 456 442 436
f 444 460 461
f 392 464 446
f 447 467 451
f 451 467 469
f 448 465 449
f 449 474 468
f 449 468 450
f 466 430 468
f 451 469 470
f 470 473 452
f 452 473 455
f 452 455 454
f 436 442 459
f 459 471 436
f 460 473 461
f 461 475 462
f 462 476 424
f 424 476 463
f 426 463 464
f 464 463 477
f 464 477 446
f 465 448 428
f 449 465 474
f 474 477 468
f 466 475 467
f 466 476 475
f 475 469 467
f 469 475 470
f 470 475 473
f 473 475 461
f 463 476 477
f 477 476 468
f 477 474 446
f 446 474 465
f 466 468 476
f 462 475 476

o geometry_3
v 0.02640551 0.00603194 0.03682547
v 0.02640551 0.00603194 0.03581570
v 0.02640551 0.00578917 0.03719956
v 0.02899086 0.00527538 0.03781600
v 0.03170394 0.00461367 0.03781600
v 0.01997694 0.00603194 0.03296335
v 0.03206775 0.00445784 0.03781600
v 0.03292695 0.00356296 0.03781600
v 0.02498704 0.00603194 0.03647541
v 0.02899086 0.00504954 0.03815259
v 0.02950174 0.00460238 0.03853533
v 0.03217225 0.00408577 0.03811171
v 0.01406894 0.00472321 0.03032450
v 0.01997694 0.00603194 0.03373655
v 0.03332075 0.00289786 0.03781600
v 0.03279924 0.00296618 0.03854784
v 0.02852643 0.00415748 0.03892770
v 0.02940498 0.00415296 0.03892482
v 0.03021630 0.00386008 0.03893744
v 0.03240833 0.00337833 0.03854110
v 0.01406894 -0.00502062 0.03014467
v 0.01406894 0.00472321 0.03098614
v 0.03362554 0.00179407 0.03781600
v 0.03382680 0.00037298 0.03781600
v 0.02640551 0.00536346 0.03762462
v 0.03056317 0.00294303 0.03936863
v 0.03272860 0.00228866 0.03892866
v 0.01997694 -0.00550392 0.03358556
v 0.01406894 -0.00502062 0.03081207
v 0.03382680 -0.00042931 0.03781600
v 0.03291534 -0.00378302 0.03767655
v 0.03234448 -0.00442667 0.03767655
v 0.03193616 -0.00475752 0.03767655
v 0.02816262 -0.00550392 0.03692933
v 0.03363328 0.00176923 0.03815451
v 0.03002617 0.00307006 0.03942201
v 0.02918631 0.00309152 0.03942104
v 0.01997694 -0.00550392 0.03422412
v 0.03370198 -0.00042931 0.03842907
v 0.02816262 -0.00550392 0.03777849
v 0.01696102 0.00470175 0.03283016
v 0.02046267 0.00542020 0.03452657
v 0.03376777 0.00037298 0.03829395
v 0.02340022 0.00603194 0.03572482
v 0.02688107 0.00447281 0.03832208
v 0.02771173 0.00373516 0.03892289
v 0.02828744 0.00274034 0.03935661
v 0.03292212 0.00142257 0.03905464
v 0.03315337 0.00157275 0.03890558
v 0.03068412 0.00166534 0.03977109
v 0.01686329 -0.00502062 0.03264888
v 0.02138960 -0.00512282 0.03526827
v 0.03291534 -0.00284297 0.03854784
v 0.03216838 -0.00417655 0.03811075
v 0.02934209 -0.00483318 0.03841801
v 0.01637225 0.00416651 0.03273616
v 0.03362554 0.00052203 0.03855024
v 0.02429232 0.00545944 0.03664611
v 0.02522990 0.00495243 0.03738252
v 0.02932371 0.00170712 0.03977783
v 0.03111953 0.00088281 0.03977687
v 0.01406894 -0.00448764 0.03118424
v 0.03289793 -0.00189416 0.03899550
v 0.03240446 -0.00346798 0.03853918
v 0.03025645 -0.00394337 0.03893131
v 0.02940305 -0.00424487 0.03892482
v 0.02792460 -0.00517532 0.03816989
v 0.01406894 0.00339894 0.03163071
v 0.02679447 0.00384582 0.03854014
v 0.03044609 0.00016351 0.03996535
v 0.03122983 -0.00004539 0.03980764
v 0.03296372 -0.00025429 0.03918351
v 0.01804180 -0.00448016 0.03363761
v 0.02386659 -0.00550392 0.03643887
v 0.03326754 -0.00042931 0.03901810
v 0.03272280 -0.00237943 0.03892770
v 0.03056124 -0.00303437 0.03936863
v 0.02184436 0.00498631 0.03556086
v 0.02722311 0.00282672 0.03895559
v 0.02895603 0.00124190 0.03976532
v 0.01523728 -0.00344229 0.03237168
v 0.02533634 -0.00494610 0.03748903
v 0.03068218 -0.00175612 0.03977109
v 0.02939628 -0.00318568 0.03942489
v 0.02853223 -0.00424825 0.03892770
v 0.01515214 0.00322138 0.03236086
v 0.02304028 0.00442792 0.03643454
v 0.02603396 0.00297521 0.03834853
v 0.02960624 -0.00004539 0.03993626
v 0.01406894 -0.00339289 0.03167855
v 0.01870603 -0.00378641 0.03425465
v 0.02214528 -0.00419405 0.03604699
v 0.02559274 -0.00550392 0.03729957
v 0.02599332 -0.00414606 0.03810450
v 0.03111953 -0.00097246 0.03977687
v 0.02861738 -0.00307954 0.03937681
v 0.02770980 -0.00382819 0.03892482
v 0.02674004 -0.00550392 0.03766513
v 0.01924255 0.00368547 0.03456215
v 0.01546998 0.00268162 0.03267293
v 0.02260681 0.00352061 0.03644175
v 0.02779397 0.00127775 0.03938041
v 0.02881283 -0.00004539 0.03980283
v 0.02932177 -0.00180016 0.03977783
v 0.03044416 -0.00109554 0.03989804
v 0.02686801 -0.00508612 0.03808527
v 0.01406894 0.00182004 0.03192810
v 0.02346311 0.00241047 0.03706204
v 0.02648448 0.00149469 0.03873729
v 0.02895990 -0.00133267 0.03976629
v 0.01547192 -0.00277352 0.03267100
v 0.01406894 -0.00230434 0.03189733
v 0.02237169 -0.00338160 0.03635232
v 0.02634745 -0.00277465 0.03855842
v 0.02810650 -0.00263237 0.03935276
v 0.01924304 0.00251280 0.03477084
v 0.02765658 -0.00004539 0.03937200
v 0.01925707 -0.00277352 0.03476266
v 0.02724923 -0.00306824 0.03894212
v 0.01569446 0.00100364 0.03296335
v 0.02075149 0.00131868 0.03569164
v 0.02782010 -0.00154581 0.03937681
v 0.01570656 -0.00181173 0.03291816
v 0.01406894 -0.00004539 0.03200456
v 0.02434844 -0.00004426 0.03766694
v 0.02651895 -0.00143232 0.03876758
v 0.01916321 -0.00172563 0.03481507
v 0.01708777 0.00016464 0.03375145
v 0.01579122 -0.00057046 0.03302683
f 478 479 483
f 478 483 491
f 478 491 521
f 478 521 486
f 478 480 481
f 478 481 482
f 478 482 479
f 479 482 484
f 479 484 485
f 479 485 483
f 478 486 480
f 480 487 481
f 482 481 487
f 482 487 488
f 482 488 489
f 482 489 484
f 483 490 499
f 483 499 491
f 483 485 492
f 483 492 490
f 485 484 493
f 488 494 495
f 488 495 496
f 489 488 496
f 489 496 497
f 490 498 506
f 490 506 539
f 490 539 567
f 490 567 589
f 490 589 601
f 490 601 584
f 490 584 545
f 490 545 499
f 490 492 500
f 490 500 501
f 490 501 498
f 484 489 493
f 480 486 502
f 480 502 487
f 487 494 488
f 487 502 494
f 496 503 497
f 497 504 493
f 497 493 489
f 497 503 504
f 498 505 515
f 498 515 506
f 498 501 507
f 498 507 508
f 498 508 509
f 498 509 510
f 498 510 511
f 498 511 505
f 492 512 500
f 485 493 492
f 495 513 496
f 495 494 514
f 495 514 513
f 496 513 503
f 505 511 517
f 505 517 575
f 505 575 570
f 505 570 551
f 505 551 515
f 508 507 516
f 511 510 517
f 499 518 491
f 491 518 519
f 512 492 493
f 500 512 520
f 500 520 501
f 501 520 507
f 502 522 494
f 494 522 523
f 494 523 524
f 494 524 514
f 504 525 526
f 504 526 493
f 504 503 527
f 504 527 525
f 503 513 527
f 506 515 528
f 515 529 528
f 507 520 516
f 516 530 508
f 509 531 510
f 510 531 532
f 510 532 517
f 499 533 518
f 512 526 534
f 512 534 520
f 493 526 512
f 520 534 516
f 486 535 502
f 502 535 536
f 502 536 522
f 513 514 537
f 513 537 527
f 525 527 538
f 528 539 506
f 516 540 530
f 508 530 531
f 508 531 509
f 531 530 541
f 531 542 532
f 531 541 542
f 532 542 543
f 532 543 544
f 532 544 517
f 499 545 533
f 491 519 521
f 486 521 535
f 522 546 523
f 524 537 514
f 537 547 527
f 538 527 548
f 525 549 526
f 525 538 549
f 529 550 528
f 529 515 551
f 528 550 539
f 516 534 552
f 516 552 540
f 540 553 530
f 530 553 541
f 541 553 554
f 541 554 542
f 518 533 555
f 518 555 519
f 519 555 535
f 519 535 521
f 534 526 552
f 535 555 536
f 522 536 546
f 546 556 523
f 523 556 524
f 537 524 557
f 547 548 527
f 538 548 549
f 526 549 552
f 539 550 558
f 552 549 540
f 553 540 560
f 542 554 543
f 543 554 561
f 543 561 562
f 543 562 544
f 533 545 563
f 536 564 546
f 546 564 565
f 546 565 556
f 539 558 567
f 550 568 558
f 550 529 569
f 550 569 568
f 551 559 529
f 551 570 559
f 559 569 529
f 559 571 569
f 549 548 572
f 540 549 572
f 540 572 560
f 554 553 560
f 562 561 573
f 517 544 575
f 533 563 576
f 533 576 564
f 533 564 555
f 555 564 536
f 556 579 524
f 524 579 557
f 557 580 566
f 557 566 537
f 557 579 580
f 537 566 547
f 566 582 547
f 547 572 548
f 559 570 583
f 560 572 582
f 560 582 581
f 560 581 554
f 554 581 561
f 573 574 562
f 574 583 562
f 562 583 544
f 544 583 575
f 545 577 563
f 545 584 577
f 564 576 578
f 564 578 565
f 565 586 556
f 556 586 579
f 566 580 581
f 581 580 587
f 581 582 566
f 582 572 547
f 558 588 589
f 558 589 567
f 558 568 588
f 569 590 568
f 559 583 571
f 571 591 590
f 571 590 569
f 561 581 573
f 573 581 592
f 573 592 574
f 574 571 583
f 583 570 575
f 563 577 576
f 565 578 585
f 579 594 580
f 588 568 595
f 568 590 595
f 571 574 596
f 571 596 591
f 581 587 592
f 592 596 574
f 577 593 576
f 577 584 597
f 576 593 578
f 578 593 585
f 585 586 565
f 586 594 579
f 580 594 599
f 580 599 587
f 588 600 589
f 595 600 588
f 590 591 595
f 577 597 598
f 577 598 593
f 584 601 597
f 585 598 586
f 585 593 598
f 586 602 594
f 587 599 592
f 595 604 600
f 595 591 604
f 591 596 603
f 596 592 599
f 586 598 602
f 599 594 603
f 599 603 596
f 594 602 603
f 600 606 601
f 600 601 589
f 591 603 604
f 597 605 598
f 597 601 606
f 597 606 605
f 598 605 602
f 600 604 606
f 606 604 605
f 602 605 604
f 604 603 602

o geometry_4
v 0.00183422 -0.00319544 -0.00193153
v 0.00183422 -0.00295645 -0.00192921
v 0.00190027 -0.00295645 -0.00190906
v 0.00190027 -0.00319544 -0.00190906
v 0.00213444 -0.00343140 -0.00180600
v 0.00183422 -0.00359191 -0.00187109
v -0.00051356 -0.00518083 -0.00118839
v -0.00051356 -0.00437877 -0.00118839
v 0.00183422 -0.00295645 -0.00142242
v 0.00711650 -0.00260454 0.00439717
v 0.00718941 -0.00260454 0.00418794
v 0.00779587 -0.00260454 0.00280008
v 0.00822562 -0.00260454 0.00280008
v -0.00051356 -0.00361520 -0.00103574
v -0.00051356 -0.00354077 -0.00101791
v -0.00047067 -0.00337823 -0.00099079
v -0.00051356 -0.00337114 -0.00091795
v -0.00051356 -0.00334684 -0.00074360
v -0.00051356 -0.00332000 -0.00043363
v 0.00409879 -0.00295645 -0.00102256
v 0.00632390 -0.00319544 -0.00012522
v 0.00631703 -0.00342026 -0.00012212
v 0.00422660 -0.00342583 -0.00096445
v 0.00183422 -0.00485474 -0.00154330
v 0.00183422 -0.00372052 -0.00184010
v 0.00084861 -0.00776117 0.00457927
v 0.00084861 -0.00777686 0.00470946
v -0.00051356 -0.00534438 0.00280008
v 0.00183422 -0.00512867 -0.00129766
v 0.00145850 -0.00518083 -0.00118839
v 0.00121318 -0.00768319 0.00428481
v -0.00051356 -0.00332000 0.00009331
v -0.00051356 -0.00332861 0.00051254
v 0.00711735 -0.00260454 0.00457927
v 0.00711650 -0.00260454 0.00457618
v 0.00822219 -0.00260454 0.00285974
v 0.00824964 -0.00319544 0.00260945
v 0.00824106 -0.00295645 0.00260945
v 0.00823677 -0.00295645 0.00237078
v 0.00823248 -0.00295645 0.00218945
v 0.00820675 -0.00295645 0.00195232
v 0.00818445 -0.00295645 0.00177099
v 0.00806607 -0.00295645 0.00141608
v 0.00759343 -0.00295645 0.00068922
v 0.00711993 -0.00295645 0.00033121
v 0.00700069 -0.00295645 0.00024442
v 0.00691063 -0.00295645 0.00018087
v 0.00653320 -0.00295645 -0.00002990
v 0.00632390 -0.00295645 -0.00012522
v 0.00653320 -0.00319544 -0.00002990
v 0.00691063 -0.00319544 0.00018087
v 0.00684801 -0.00351950 0.00022117
v 0.00093096 -0.00776117 0.00457927
v 0.00084861 -0.00777686 0.00530227
v 0.00148081 -0.00777686 0.00470946
v 0.00143020 -0.00777737 0.00530227
v -0.00051356 -0.00473625 0.00280008
v 0.00399671 -0.00764724 0.00486134
v 0.00357982 -0.00767914 0.00480245
v 0.00231973 -0.00766952 0.00440957
v 0.00190027 -0.00768673 0.00437160
v 0.00735496 -0.00352811 0.00061173
v 0.00604512 -0.00750698 0.00546887
v 0.00604512 -0.00761939 0.00564400
v 0.00551414 -0.00761737 0.00532009
v 0.00542150 -0.00762901 0.00530227
v 0.00525681 -0.00764977 0.00527205
v 0.00483649 -0.00768167 0.00520540
v 0.00148081 -0.00768927 0.00433440
v 0.00175444 -0.00774446 0.00457927
v -0.00051356 -0.00337266 0.00083025
v 0.00664557 -0.00338330 0.00530227
v 0.00674164 -0.00335848 0.00530227
v 0.00686002 -0.00333772 0.00530227
v 0.00767149 -0.00260454 0.00457927
v 0.00455427 -0.00338633 0.00452116
v 0.00821190 -0.00260454 0.00302868
v 0.00812269 -0.00357824 0.00260945
v 0.00811497 -0.00357925 0.00218945
v 0.00823677 -0.00319544 0.00218945
v 0.00821619 -0.00319544 0.00302868
v 0.00708047 -0.00672113 0.00530227
v 0.00818445 -0.00319544 0.00177099
v 0.00806607 -0.00319544 0.00141608
v 0.00759343 -0.00319544 0.00068922
v 0.00735496 -0.00319544 0.00050634
v 0.00711993 -0.00319544 0.00032888
v 0.00758314 -0.00345064 0.00070006
v 0.00190027 -0.00777332 0.00470946
v 0.00084861 -0.00736318 0.00530227
v 0.00143020 -0.00777686 0.00598187
v 0.00143020 -0.00740065 0.00598419
v 0.00315950 -0.00777686 0.00512946
v 0.00333278 -0.00777686 0.00530227
v 0.00443247 -0.00777636 0.00598419
v 0.00191485 -0.00777686 0.00598419
v 0.00148081 -0.00777686 0.00598419
v 0.00143020 -0.00736369 0.00598419
v 0.00399671 -0.00773433 0.00512946
v 0.00232058 -0.00775661 0.00470946
v 0.00231973 -0.00771914 0.00457850
v 0.00190027 -0.00774041 0.00457850
v 0.00215846 -0.00772977 0.00457927
v 0.00659496 -0.00707659 0.00530227
v 0.00636593 -0.00721127 0.00530227
v 0.00688489 -0.00688671 0.00530227
v 0.00604512 -0.00763357 0.00567500
v 0.00525681 -0.00765787 0.00530227
v 0.00495486 -0.00769382 0.00530227
v 0.00483649 -0.00770547 0.00530227
v 0.00604512 -0.00719052 0.00598419
v 0.00767149 -0.00306531 0.00457927
v 0.00803090 -0.00260454 0.00373230
v 0.00813384 -0.00260454 0.00344868
v 0.00808409 -0.00357115 0.00177099
v 0.00813384 -0.00319544 0.00344868
v 0.00766977 -0.00319544 0.00457927
v 0.00604512 -0.00758850 0.00598419
v 0.00604512 -0.00767762 0.00598187
v 0.00604512 -0.00767711 0.00596869
v 0.00803862 -0.00350988 0.00146335
v 0.00801632 -0.00347798 0.00370827
v 0.00803090 -0.00319544 0.00373230
v 0.00197061 -0.00777079 0.00470946
v 0.00357982 -0.00776623 0.00512946
v 0.00441617 -0.00777636 0.00554869
v 0.00485107 -0.00777281 0.00598419
v 0.00483649 -0.00776572 0.00554869
v 0.00525681 -0.00772370 0.00554869
v 0.00569171 -0.00772370 0.00598419
v 0.00567541 -0.00772471 0.00596869
v 0.00525681 -0.00775610 0.00598419
v 0.00525681 -0.00775560 0.00596869
v 0.00567541 -0.00772522 0.00598419
f 607 608 609
f 607 609 610
f 607 610 611
f 607 611 612
f 607 612 613
f 607 613 614
f 607 614 608
f 608 615 641
f 608 641 616
f 608 616 617
f 608 617 618
f 608 618 619
f 608 619 609
f 608 614 620
f 608 620 621
f 608 621 622
f 608 622 623
f 608 623 624
f 608 624 625
f 608 625 638
f 608 638 615
f 609 619 626
f 609 626 610
f 610 626 627
f 610 627 628
f 610 628 629
f 610 629 611
f 611 629 630
f 611 630 631
f 611 631 612
f 612 631 613
f 613 632 633
f 613 633 634
f 613 634 663
f 613 663 677
f 613 677 639
f 613 639 638
f 613 638 625
f 613 625 624
f 613 624 623
f 613 623 621
f 613 621 620
f 613 620 614
f 613 631 630
f 613 630 635
f 613 635 636
f 613 636 637
f 613 637 632
f 615 638 639
f 615 639 640
f 615 640 641
f 616 641 640
f 616 640 681
f 616 681 719
f 616 719 720
f 616 720 683
f 616 683 642
f 616 642 619
f 616 619 618
f 616 618 617
f 619 642 643
f 619 643 644
f 619 644 645
f 619 645 646
f 619 646 647
f 619 647 648
f 619 648 649
f 619 649 650
f 619 650 651
f 619 651 652
f 619 652 653
f 619 653 654
f 619 654 655
f 619 655 626
f 621 623 622
f 626 655 627
f 627 655 654
f 627 654 656
f 627 656 628
f 628 656 657
f 628 657 658
f 628 658 630
f 628 630 629
f 630 658 635
f 632 659 661
f 632 661 633
f 632 637 659
f 633 660 634
f 633 661 662
f 633 662 660
f 634 660 696
f 634 696 663
f 635 664 665
f 635 665 666
f 635 666 667
f 635 667 637
f 635 637 636
f 635 658 668
f 635 668 669
f 635 669 670
f 635 670 671
f 635 671 672
f 635 672 673
f 635 673 674
f 635 674 664
f 637 667 675
f 637 675 676
f 637 676 659
f 639 677 640
f 640 678 679
f 640 679 680
f 640 680 681
f 640 677 682
f 640 682 678
f 642 683 643
f 643 684 685
f 643 685 686
f 643 686 646
f 643 646 645
f 643 645 644
f 643 683 687
f 643 687 688
f 643 688 684
f 646 686 647
f 647 686 648
f 648 686 689
f 648 689 690
f 648 690 649
f 649 690 691
f 649 691 650
f 650 691 692
f 650 692 651
f 651 692 693
f 651 693 652
f 652 693 657
f 652 657 653
f 653 657 656
f 653 656 654
f 657 693 694
f 657 694 658
f 658 694 668
f 659 676 695
f 659 695 661
f 660 662 697
f 660 697 698
f 660 698 704
f 660 704 696
f 661 695 699
f 661 699 662
f 662 699 700
f 662 700 701
f 662 701 702
f 662 702 703
f 662 703 697
f 663 696 704
f 663 704 682
f 663 682 677
f 664 674 665
f 665 674 705
f 665 705 706
f 665 706 707
f 665 707 666
f 666 707 667
f 667 708 675
f 667 707 709
f 667 709 708
f 668 694 710
f 668 710 711
f 668 711 669
f 669 711 710
f 669 710 670
f 670 710 712
f 670 712 713
f 670 713 671
f 671 713 672
f 672 713 673
f 673 713 714
f 673 714 715
f 673 715 674
f 674 715 716
f 674 716 705
f 675 708 676
f 676 708 695
f 678 682 704
f 678 704 679
f 679 704 680
f 680 688 681
f 680 704 717
f 680 717 688
f 681 718 729
f 681 729 719
f 681 688 718
f 683 720 687
f 684 688 685
f 685 721 686
f 685 688 721
f 686 721 689
f 687 720 722
f 687 722 688
f 688 723 718
f 688 717 724
f 688 724 725
f 688 725 726
f 688 726 712
f 688 712 694
f 688 694 727
f 688 727 721
f 688 722 728
f 688 728 729
f 688 729 723
f 689 721 727
f 689 727 690
f 690 727 694
f 690 694 691
f 691 694 692
f 692 694 693
f 694 712 710
f 695 708 730
f 695 730 731
f 695 731 699
f 697 703 698
f 698 703 702
f 698 702 701
f 698 701 733
f 698 733 738
f 698 738 740
f 698 740 736
f 698 736 724
f 698 724 717
f 698 717 704
f 699 731 734
f 699 734 732
f 699 732 700
f 700 732 701
f 701 732 733
f 705 731 706
f 705 716 734
f 705 734 731
f 706 730 708
f 706 708 709
f 706 709 707
f 706 731 730
f 712 726 713
f 713 726 735
f 713 735 714
f 714 735 715
f 715 734 716
f 715 735 734
f 718 723 729
f 719 729 722
f 719 722 720
f 722 729 728
f 724 736 725
f 725 736 726
f 726 736 737
f 726 737 735
f 732 734 733
f 733 734 738
f 734 735 737
f 734 737 739
f 734 739 738
f 736 740 737
f 737 740 738
f 737 738 739

o geometry_5
v 0.00480976 -0.00690223 0.01989300
v 0.00480976 -0.00682593 0.01989300
v 0.00484093 -0.00691578 0.01989300
v 0.00587846 -0.00718640 0.02046457
v 0.00480976 -0.00682593 0.02013423
v 0.01907834 -0.00442108 0.01989486
v 0.01911545 -0.00442108 0.01989300
v 0.00490772 -0.00694431 0.01989300
v 0.00579682 -0.00721670 0.02024310
v 0.00611594 -0.00722490 0.02062788
v 0.00626734 -0.00719816 0.02092206
v 0.00571518 -0.00706303 0.02062788
v 0.00525208 -0.00685267 0.02065547
v 0.00545691 -0.00717641 0.01989300
v 0.00485280 -0.00682593 0.02019277
v 0.01924903 -0.00442108 0.02008762
v 0.00490327 -0.00682593 0.02026137
v 0.00532630 -0.00682593 0.02082922
v 0.00547176 -0.00682593 0.02101825
v 0.00575823 -0.00682593 0.02138178
v 0.00580572 -0.00682593 0.02143957
v 0.00653749 -0.00682593 0.02231241
v 0.00689223 -0.00682593 0.02271434
v 0.01997337 -0.00442108 0.01989300
v 0.00609813 -0.00731190 0.02024310
v 0.00567065 -0.00725984 0.01989300
v 0.00570776 -0.00727161 0.01989300
v 0.00652116 -0.00724023 0.02107045
v 0.00666365 -0.00720636 0.02136873
v 0.00565284 -0.00687549 0.02110401
v 0.01997337 -0.00442108 0.02052199
v 0.00693528 -0.00682593 0.02276020
v 0.00694121 -0.00682593 0.02276579
v 0.00706144 -0.00721421 0.02181503
v 0.00693825 -0.00697818 0.02234112
v 0.00694864 -0.00683806 0.02274678
v 0.01997337 -0.00484928 0.01989300
v 0.00609813 -0.00737287 0.01989300
v 0.00708074 -0.00761709 0.01989300
v 0.00713863 -0.00760497 0.02004512
v 0.00651819 -0.00733614 0.02066293
v 0.00692786 -0.00725307 0.02150594
v 0.01708789 -0.00674536 0.02370164
v 0.01717250 -0.00674607 0.02370164
v 0.01997337 -0.00691079 0.02370164
v 0.00695903 -0.00683449 0.02276579
v 0.01406883 -0.00777469 0.02370164
v 0.01406883 -0.00736324 0.02370164
v 0.00733455 -0.00726412 0.02194180
v 0.00745924 -0.00721955 0.02224641
v 0.00735682 -0.00699137 0.02276132
v 0.00736127 -0.00699137 0.02276579
v 0.00696793 -0.00683806 0.02276579
v 0.01997337 -0.00488850 0.01991388
v 0.01962605 -0.00519406 0.01989300
v 0.00711339 -0.00762280 0.01989300
v 0.00738057 -0.00762423 0.02020805
v 0.00793273 -0.00761496 0.02093846
v 0.00693825 -0.00735112 0.02108238
v 0.01997337 -0.00763528 0.02370164
v 0.00791640 -0.00720208 0.02276579
v 0.00810045 -0.00726163 0.02276579
v 0.00813904 -0.00727268 0.02276579
v 0.00862144 -0.00738356 0.02276579
v 0.00963819 -0.00759713 0.02276579
v 0.00985044 -0.00764098 0.02276579
v 0.00985935 -0.00764241 0.02276579
v 0.01030019 -0.00768912 0.02276579
v 0.01760294 -0.00804744 0.02370164
v 0.00735682 -0.00736538 0.02150221
v 0.00777688 -0.00737572 0.02192129
v 0.00775016 -0.00726983 0.02236871
v 0.00787187 -0.00722169 0.02267295
v 0.01997337 -0.00490312 0.01992245
v 0.01983088 -0.00516446 0.01998770
v 0.01883046 -0.00590107 0.01989300
v 0.00736127 -0.00766024 0.01989300
v 0.00778578 -0.00763136 0.02064391
v 0.00819248 -0.00763777 0.02108014
v 0.00833052 -0.00761923 0.02137432
v 0.01997189 -0.00767093 0.02370164
v 0.01997337 -0.00767058 0.02370127
v 0.00819693 -0.00738000 0.02234112
v 0.00915579 -0.00762173 0.02222665
v 0.00957139 -0.00762173 0.02264051
v 0.00944078 -0.00764419 0.02235640
v 0.00987568 -0.00769268 0.02234112
v 0.01071876 -0.00771800 0.02276579
v 0.01798589 -0.00806313 0.02370164
v 0.01114030 -0.00774402 0.02276579
v 0.01071431 -0.00774723 0.02234112
v 0.01029425 -0.00774937 0.02192129
v 0.00945562 -0.00774830 0.02108238
v 0.00903705 -0.00774723 0.02066293
v 0.00903705 -0.00776648 0.02024310
v 0.00868675 -0.00776363 0.01989300
v 0.00874167 -0.00762066 0.02180011
v 0.01997337 -0.00531136 0.02018382
v 0.01867313 -0.00601730 0.01989300
v 0.01997337 -0.00532669 0.02019538
v 0.01997337 -0.00537518 0.02023415
v 0.01987096 -0.00560408 0.02035794
v 0.00742658 -0.00766951 0.01989300
v 0.00777688 -0.00767592 0.02024310
v 0.00819693 -0.00768305 0.02066293
v 0.00861699 -0.00768912 0.02108238
v 0.00860808 -0.00764134 0.02150929
v 0.01921044 -0.00786204 0.02370164
v 0.01997337 -0.00766487 0.02368561
v 0.01910951 -0.00785740 0.02360022
v 0.01910951 -0.00773119 0.02318077
v 0.01932770 -0.00760462 0.02296526
v 0.00902369 -0.00764312 0.02193248
v 0.00903705 -0.00769125 0.02150221
v 0.00945562 -0.00769268 0.02192129
v 0.00987568 -0.00772227 0.02192129
v 0.01029425 -0.00772120 0.02234112
v 0.01719921 -0.00802569 0.02294848
v 0.01725413 -0.00802569 0.02294848
v 0.01774395 -0.00803603 0.02331238
v 0.01824565 -0.00804387 0.02370164
v 0.00903705 -0.00777326 0.01989300
v 0.00910681 -0.00777469 0.01989300
v 0.00903705 -0.00772049 0.02108238
v 0.00861699 -0.00771800 0.02066293
v 0.00826669 -0.00773939 0.01989300
v 0.00861699 -0.00776007 0.01989300
v 0.01843861 -0.00631751 0.02006674
v 0.01835994 -0.00621625 0.01989300
v 0.01967800 -0.00588360 0.02049365
v 0.01985611 -0.00601303 0.02077292
v 0.01952660 -0.00613354 0.02066405
v 0.01997337 -0.00571710 0.02055443
v 0.01997337 -0.00576630 0.02060476
v 0.00777688 -0.00770338 0.01989300
v 0.00784664 -0.00770944 0.01989300
v 0.00819693 -0.00771336 0.02024310
v 0.01910951 -0.00788379 0.02370164
v 0.01997337 -0.00727268 0.02272366
v 0.01949246 -0.00748125 0.02279935
v 0.01986057 -0.00722169 0.02247795
v 0.01859594 -0.00798469 0.02370164
v 0.01617208 -0.00776613 0.02108276
v 0.01554422 -0.00760283 0.02003207
v 0.00945562 -0.00777575 0.01989300
v 0.01617208 -0.00783565 0.02150221
v 0.01575202 -0.00771621 0.02066330
v 0.00994544 -0.00777575 0.01989300
v 0.01078555 -0.00777540 0.01989300
v 0.01113585 -0.00777219 0.01989300
v 0.01120561 -0.00777112 0.01989300
v 0.01155442 -0.00775935 0.01989300
v 0.01162418 -0.00775686 0.01989300
v 0.01826346 -0.00804173 0.02370164
v 0.01937371 -0.00637313 0.02083444
v 0.01815807 -0.00639773 0.01996384
v 0.01822190 -0.00629861 0.01989300
v 0.01965425 -0.00629184 0.02095226
v 0.01997337 -0.00580944 0.02065062
v 0.01997337 -0.00614887 0.02107194
v 0.01997337 -0.00649970 0.02152122
v 0.01997337 -0.00686801 0.02200294
v 0.01997337 -0.00710617 0.02234820
v 0.01568226 -0.00749552 0.01989300
v 0.01574163 -0.00747448 0.01989300
v 0.01636504 -0.00724273 0.01989300
v 0.01645558 -0.00720779 0.01989300
v 0.01539727 -0.00754579 0.01989300
v 0.01930098 -0.00675356 0.02131206
v 0.01808386 -0.00677424 0.02043549
v 0.01666041 -0.00712293 0.01989300
v 0.01997337 -0.00703915 0.02225051
v 0.01997337 -0.00709441 0.02233105
f 741 742 747
f 741 747 764
f 741 764 777
f 741 777 795
f 741 795 816
f 741 816 839
f 741 839 869
f 741 869 897
f 741 897 911
f 741 911 907
f 741 907 906
f 741 906 905
f 741 905 904
f 741 904 908
f 741 908 893
f 741 893 892
f 741 892 891
f 741 891 890
f 741 890 889
f 741 889 888
f 741 888 885
f 741 885 863
f 741 863 862
f 741 862 836
f 741 836 867
f 741 867 866
f 741 866 876
f 741 876 875
f 741 875 843
f 741 843 817
f 741 817 796
f 741 796 779
f 741 779 778
f 741 778 767
f 741 767 766
f 741 766 754
f 741 754 748
f 741 748 743
f 741 743 744
f 741 744 745
f 741 745 742
f 742 745 746
f 742 746 747
f 743 748 744
f 744 749 750
f 744 750 751
f 744 751 752
f 744 752 753
f 744 753 745
f 744 748 754
f 744 754 749
f 745 753 755
f 745 755 746
f 746 756 771
f 746 771 764
f 746 764 747
f 746 755 757
f 746 757 758
f 746 758 759
f 746 759 760
f 746 760 761
f 746 761 762
f 746 762 763
f 746 763 756
f 749 765 750
f 749 754 766
f 749 766 767
f 749 767 765
f 750 765 768
f 750 768 751
f 751 768 769
f 751 769 762
f 751 762 761
f 751 761 760
f 751 760 770
f 751 770 752
f 752 770 759
f 752 759 753
f 753 759 758
f 753 758 757
f 753 757 755
f 756 763 772
f 756 772 773
f 756 773 771
f 759 770 760
f 762 769 774
f 762 774 775
f 762 775 776
f 762 776 763
f 763 776 772
f 764 771 785
f 764 785 800
f 764 800 822
f 764 822 849
f 764 849 879
f 764 879 903
f 764 903 913
f 764 913 912
f 764 912 902
f 764 902 901
f 764 901 900
f 764 900 899
f 764 899 874
f 764 874 873
f 764 873 841
f 764 841 840
f 764 840 838
f 764 838 814
f 764 814 794
f 764 794 777
f 765 778 779
f 765 779 780
f 765 780 781
f 765 781 768
f 765 767 778
f 768 781 782
f 768 782 774
f 768 774 769
f 771 783 784
f 771 784 785
f 771 773 783
f 772 776 786
f 772 786 773
f 773 786 787
f 773 787 788
f 773 788 783
f 774 789 790
f 774 790 775
f 774 782 789
f 775 790 776
f 776 790 791
f 776 791 792
f 776 792 793
f 776 793 786
f 777 794 795
f 779 796 797
f 779 797 780
f 780 797 798
f 780 798 781
f 781 798 799
f 781 799 789
f 781 789 782
f 783 788 787
f 783 787 809
f 783 809 829
f 783 829 861
f 783 861 894
f 783 894 882
f 783 882 878
f 783 878 848
f 783 848 821
f 783 821 800
f 783 800 785
f 783 785 784
f 786 793 787
f 787 793 792
f 787 792 801
f 787 801 802
f 787 802 803
f 787 803 804
f 787 804 805
f 787 805 806
f 787 806 807
f 787 807 808
f 787 808 809
f 789 799 810
f 789 810 811
f 789 811 812
f 789 812 790
f 790 812 813
f 790 813 791
f 791 813 792
f 792 813 801
f 794 814 815
f 794 815 795
f 795 815 816
f 796 817 797
f 797 817 818
f 797 818 798
f 798 810 799
f 798 818 819
f 798 819 820
f 798 820 810
f 800 821 822
f 801 813 802
f 802 813 803
f 803 813 812
f 803 812 811
f 803 811 823
f 803 823 804
f 804 823 824
f 804 824 825
f 804 825 805
f 805 825 806
f 806 825 807
f 807 825 826
f 807 826 827
f 807 827 808
f 808 827 828
f 808 828 809
f 809 828 830
f 809 830 831
f 809 831 832
f 809 832 833
f 809 833 834
f 809 834 835
f 809 835 836
f 809 836 829
f 810 820 811
f 811 820 837
f 811 837 823
f 814 838 815
f 815 838 816
f 816 838 840
f 816 840 841
f 816 841 842
f 816 842 839
f 817 843 819
f 817 819 818
f 819 843 844
f 819 844 845
f 819 845 846
f 819 846 847
f 819 847 820
f 820 847 837
f 821 848 822
f 822 848 850
f 822 850 851
f 822 851 852
f 822 852 849
f 823 837 824
f 824 826 825
f 824 837 853
f 824 853 826
f 826 853 854
f 826 854 855
f 826 855 827
f 827 855 856
f 827 856 857
f 827 857 828
f 828 857 831
f 828 831 830
f 829 858 859
f 829 859 860
f 829 860 861
f 829 836 862
f 829 862 863
f 829 863 858
f 831 857 832
f 832 857 856
f 832 856 833
f 833 856 864
f 833 864 834
f 834 864 865
f 834 865 866
f 834 866 867
f 834 867 835
f 835 867 836
f 837 847 853
f 839 868 869
f 839 842 870
f 839 870 871
f 839 871 872
f 839 872 868
f 841 873 842
f 842 873 874
f 842 874 870
f 843 875 844
f 844 875 845
f 845 875 846
f 846 865 864
f 846 864 854
f 846 854 853
f 846 853 847
f 846 875 876
f 846 876 877
f 846 877 865
f 848 878 850
f 849 852 880
f 849 880 881
f 849 881 879
f 850 878 882
f 850 882 883
f 850 883 884
f 850 884 851
f 851 884 852
f 852 884 880
f 854 864 855
f 855 864 856
f 858 863 885
f 858 885 888
f 858 888 859
f 859 886 887
f 859 887 883
f 859 883 860
f 859 888 889
f 859 889 890
f 859 890 891
f 859 891 892
f 859 892 893
f 859 893 886
f 860 894 861
f 860 883 894
f 865 877 866
f 866 877 876
f 868 872 895
f 868 895 896
f 868 896 869
f 869 896 897
f 870 874 871
f 871 898 872
f 871 874 899
f 871 899 900
f 871 900 901
f 871 901 902
f 871 902 898
f 872 898 895
f 879 881 903
f 880 884 881
f 881 884 904
f 881 904 905
f 881 905 906
f 881 906 907
f 881 907 903
f 882 894 883
f 883 887 884
f 884 908 904
f 884 887 893
f 884 893 908
f 886 893 887
f 895 909 896
f 895 898 902
f 895 902 909
f 896 909 910
f 896 910 911
f 896 911 897
f 902 912 909
f 903 907 911
f 903 911 909
f 903 909 913
f 909 911 910
f 909 912 913

o geometry_6
v 0.00392346 0.00417810 0.02276586
v 0.00402715 0.00435119 0.02276586
v 0.00459588 0.00417810 0.02276586
v 0.00509076 0.00417810 0.02416530
v 0.00505148 0.00456932 0.02381052
v 0.01406777 0.00726928 0.02276586
v 0.01997337 0.00650517 0.02303949
v 0.01406777 0.00417810 0.03070336
v 0.00437200 0.00480405 0.02276586
v 0.00545682 0.00458573 0.02424414
v 0.00544896 0.00501206 0.02383370
v 0.01406777 0.00767690 0.02276586
v 0.01997337 0.00728493 0.02303949
v 0.01997337 0.00472466 0.03402978
v 0.01406777 0.00417810 0.03131554
v 0.00634917 0.00417810 0.02548590
v 0.00670109 0.00460176 0.02551720
v 0.00546781 0.00541129 0.02339196
v 0.00478755 0.00525442 0.02276586
v 0.00669009 0.00503114 0.02511024
v 0.00587315 0.00542350 0.02382791
v 0.01730258 0.00793492 0.02303949
v 0.01827035 0.00775858 0.02303949
v 0.01930017 0.00753740 0.02303949
v 0.01997337 0.00770801 0.02401458
v 0.01997337 0.00472466 0.03461066
v 0.01385568 0.00457924 0.03095148
v 0.01164049 0.00417810 0.02970276
v 0.01952876 0.00472466 0.03435906
v 0.01797499 0.00472466 0.03343904
v 0.01596404 0.00472466 0.03220251
v 0.00591242 0.00581205 0.02336529
v 0.00711899 0.00543495 0.02509981
v 0.00715355 0.00582579 0.02464647
v 0.01868982 0.00801736 0.02444241
v 0.01774090 0.00794331 0.02331660
v 0.01868982 0.00772805 0.02318210
v 0.01155408 0.00767500 0.02276586
v 0.01134356 0.00457390 0.02926914
v 0.01971258 0.00501817 0.03432079
v 0.01761679 0.00501473 0.03305933
v 0.00797993 0.00499985 0.02633924
v 0.00521959 0.00564965 0.02276586
v 0.00627533 0.00627006 0.02300934
v 0.00754632 0.00605708 0.02467140
v 0.01113461 0.00765820 0.02276586
v 0.01997337 0.00802423 0.02528068
v 0.01997337 0.00796049 0.02493169
v 0.01997337 0.00783110 0.02441922
v 0.01997337 0.00526778 0.03432253
v 0.01632695 0.00503916 0.03223961
v 0.01379912 0.00504412 0.03057002
v 0.01010871 0.00454680 0.02841000
v 0.01045120 0.00417810 0.02888304
v 0.01254699 0.00503725 0.02972595
v 0.01868903 0.00540442 0.03346339
v 0.00774270 0.00417810 0.02677403
v 0.00799878 0.00455901 0.02674157
v 0.00841511 0.00540480 0.02632417
v 0.00572468 0.00603647 0.02276586
v 0.00844653 0.00580441 0.02587547
v 0.00751490 0.00627922 0.02428472
v 0.01973850 0.00806926 0.02549112
v 0.01197198 0.00761851 0.02402269
v 0.01997337 0.00805858 0.02612127
v 0.01804726 0.00542160 0.03305353
v 0.01677470 0.00543266 0.03222338
v 0.00963739 0.00459565 0.02802854
v 0.00922106 0.00417810 0.02799955
v 0.01300574 0.00542389 0.02969929
v 0.00842611 0.00497542 0.02673577
v 0.00886601 0.00537923 0.02671954
v 0.00961697 0.00586014 0.02678910
v 0.00614180 0.00630784 0.02276586
v 0.00698545 0.00672234 0.02276586
v 0.00880159 0.00626433 0.02551488
v 0.00986048 0.00753454 0.02276586
v 0.01000502 0.00751813 0.02304645
v 0.01239303 0.00761355 0.02444241
v 0.01512274 0.00760610 0.02654099
v 0.01997337 0.00753416 0.03040770
v 0.01997337 0.00585518 0.03390919
v 0.01903938 0.00587750 0.03330049
v 0.01551157 0.00543495 0.03138742
v 0.00917393 0.00463535 0.02764477
v 0.01502454 0.00589067 0.03059321
v 0.01302145 0.00583151 0.02926798
v 0.01006944 0.00542274 0.02759955
v 0.01599389 0.00581128 0.03134453
v 0.00960283 0.00546167 0.02721810
v 0.00794851 0.00668837 0.02385109
v 0.00923835 0.00625403 0.02591721
v 0.00861778 0.00727767 0.02276586
v 0.00903568 0.00727806 0.02318210
v 0.01113461 0.00722729 0.02528184
v 0.01175675 0.00751088 0.02465690
v 0.01929153 0.00751278 0.03012712
v 0.01763250 0.00583571 0.03241932
v 0.01717139 0.00627712 0.03160946
v 0.01383526 0.00626395 0.02928537
v 0.01007886 0.00583571 0.02717404
v 0.01997337 0.00626700 0.03348484
v 0.01028624 0.00625154 0.02675316
v 0.00819831 0.00689486 0.02360298
v 0.01040407 0.00671547 0.02599837
v 0.00945672 0.00672081 0.02517169
v 0.00822030 0.00673913 0.02400298
v 0.00871518 0.00711966 0.02349747
v 0.00813704 0.00715783 0.02276586
v 0.01000816 0.00710974 0.02471951
v 0.01742983 0.00725248 0.02989871
v 0.01827035 0.00730554 0.03031727
v 0.01634580 0.00751507 0.02803666
v 0.01852957 0.00622196 0.03259324
v 0.01887992 0.00667845 0.03221874
v 0.01089895 0.00626280 0.02718795
v 0.01085339 0.00669906 0.02638214
v 0.01113461 0.00692348 0.02612127
v 0.01088796 0.00710020 0.02551952
v 0.01134670 0.00708684 0.02590793
v 0.01889955 0.00725306 0.03094684
v 0.01997337 0.00726890 0.03157641
v 0.01668515 0.00671509 0.03060712
v 0.01997337 0.00676547 0.03277759
v 0.01301359 0.00667425 0.02801579
v 0.01717218 0.00710439 0.03014103
v 0.01997337 0.00714371 0.03199497
v 0.01888149 0.00709638 0.03138047
v 0.01997180 0.00702081 0.03228135
f 914 915 922
f 914 922 932
f 914 932 956
f 914 956 973
f 914 973 987
f 914 987 988
f 914 988 1022
f 914 1022 1006
f 914 1006 990
f 914 990 959
f 914 959 951
f 914 951 925
f 914 925 919
f 914 919 916
f 914 916 921
f 914 921 928
f 914 928 941
f 914 941 967
f 914 967 982
f 914 982 970
f 914 970 929
f 914 929 917
f 914 917 915
f 915 917 918
f 916 919 920
f 916 920 921
f 915 918 922
f 918 917 923
f 918 923 924
f 918 924 922
f 919 925 926
f 919 926 920
f 920 926 938
f 920 938 962
f 920 962 961
f 920 961 960
f 920 960 978
f 920 978 994
f 920 994 1035
f 920 1035 1040
f 920 1040 1042
f 920 1042 1037
f 920 1037 1015
f 920 1015 995
f 920 995 963
f 920 963 939
f 920 939 927
f 920 927 921
f 921 927 939
f 921 939 928
f 923 929 930
f 923 930 924
f 924 931 932
f 924 932 922
f 924 930 933
f 924 933 934
f 925 935 936
f 925 936 937
f 925 937 926
f 926 937 938
f 928 940 941
f 928 939 942
f 928 942 943
f 928 943 944
f 928 944 940
f 917 929 923
f 931 924 934
f 934 933 946
f 934 946 947
f 934 947 945
f 934 945 931
f 935 948 949
f 935 949 950
f 935 950 936
f 935 925 951
f 936 950 937
f 937 950 938
f 941 940 952
f 942 939 953
f 942 953 943
f 943 953 954
f 943 954 944
f 930 955 933
f 933 955 946
f 931 945 956
f 931 956 932
f 948 935 959
f 949 948 960
f 949 960 961
f 950 949 962
f 950 962 938
f 951 959 935
f 939 963 953
f 940 944 964
f 944 954 964
f 952 966 967
f 952 940 965
f 952 965 968
f 953 963 969
f 953 969 954
f 954 969 964
f 930 970 971
f 930 929 970
f 930 971 955
f 956 945 973
f 945 947 957
f 945 957 973
f 946 974 947
f 947 958 975
f 947 975 957
f 947 974 958
f 948 976 960
f 948 959 976
f 959 977 978
f 959 978 976
f 949 961 962
f 964 979 980
f 964 980 965
f 964 965 940
f 952 968 966
f 966 981 982
f 966 982 967
f 967 941 952
f 968 965 983
f 969 979 964
f 955 971 984
f 955 984 972
f 972 984 985
f 972 985 986
f 972 946 955
f 957 987 973
f 957 988 987
f 946 972 974
f 974 972 986
f 958 974 989
f 959 990 977
f 977 990 991
f 977 991 992
f 977 992 978
f 978 992 993
f 976 978 960
f 979 969 995
f 979 995 996
f 979 996 980
f 980 997 965
f 965 997 983
f 981 998 982
f 983 999 1000
f 983 997 1002
f 983 1002 999
f 983 1001 968
f 963 995 969
f 971 998 984
f 984 998 985
f 985 998 1003
f 985 1003 986
f 957 975 1004
f 957 1004 988
f 974 986 1005
f 974 1005 989
f 958 989 975
f 991 1006 1007
f 991 1007 1008
f 991 1008 1009
f 991 1009 992
f 993 1010 978
f 978 1010 994
f 996 1011 980
f 980 1011 997
f 997 1011 1002
f 966 968 1001
f 966 1001 981
f 981 1001 1003
f 981 1003 998
f 998 971 982
f 982 971 970
f 1000 999 1012
f 1000 1012 1013
f 983 1000 1014
f 983 1014 1001
f 999 1002 1012
f 995 1015 996
f 1003 1014 986
f 986 1014 1016
f 986 1016 1005
f 1004 1017 988
f 1005 1016 1018
f 989 1005 1019
f 975 989 1020
f 975 1020 1004
f 991 990 1006
f 1006 1021 1007
f 1006 1022 1021
f 1007 1021 1008
f 1008 1021 1023
f 1009 1008 1024
f 1009 1024 1025
f 1009 1025 1026
f 1009 1026 993
f 1009 993 992
f 993 1026 1010
f 996 1027 1011
f 996 1015 1027
f 1011 1027 1002
f 1001 1014 1003
f 1012 1028 1013
f 1013 1014 1000
f 1012 1002 1027
f 988 1017 1021
f 1004 1020 1017
f 1005 1018 1019
f 1016 1030 1018
f 1018 1031 1032
f 1018 1030 1031
f 989 1019 1020
f 1023 1032 1008
f 1008 1032 1033
f 1008 1033 1024
f 1024 1034 1025
f 1025 1034 1010
f 1025 1010 1026
f 1010 1034 1035
f 1010 1035 994
f 1028 1036 1013
f 1013 1036 1029
f 1012 1027 1028
f 1013 1029 1014
f 1014 1029 1016
f 1029 1036 1038
f 1029 1038 1016
f 1021 1022 988
f 1030 1016 1038
f 1032 1019 1018
f 1020 1019 1017
f 1021 1017 1023
f 1023 1017 1019
f 1032 1023 1019
f 1024 1033 1039
f 1033 1032 1031
f 1033 1031 1039
f 1035 1034 1040
f 1027 1015 1028
f 1015 1037 1028
f 1028 1041 1036
f 1028 1037 1042
f 1028 1042 1041
f 1036 1041 1039
f 1036 1039 1038
f 1030 1038 1031
f 1038 1039 1031
f 1039 1041 1024
f 1024 1041 1034
f 1034 1041 1040
f 1040 1041 1042

o geometry_7
v -0.00098765 0.00282039 0.00280091
v -0.00193010 0.00282039 0.00280091
v -0.00066020 0.00203956 0.00280091
v -0.00051393 -0.00004800 -0.00237970
v -0.00179418 0.00282039 -0.00086888
v -0.00117418 -0.00004719 0.00280091
v -0.00226771 0.00282039 0.00093153
v -0.00203778 -0.00319382 0.00280041
v -0.00203833 -0.00327503 0.00280041
v -0.00203150 -0.00445391 0.00280041
v -0.00202485 -0.00486885 0.00280041
v -0.00057875 0.00184255 0.00280091
v -0.00062031 -0.00004800 -0.00236144
v -0.00225146 0.00282039 -0.00086888
v -0.00054329 0.00157477 0.00280091
v -0.00052335 0.00142278 0.00280091
v -0.00051393 -0.00004800 -0.00189993
v -0.00051356 -0.00331524 -0.00237919
v -0.00051356 -0.00445311 -0.00237919
v -0.00062031 -0.00277325 -0.00236144
v -0.00052335 -0.00004719 0.00280091
v -0.00197720 -0.00499510 0.00280041
v -0.00186454 -0.00527173 0.00280041
v -0.00146525 -0.00539476 0.00280041
v -0.00233309 0.00282039 0.00051161
v -0.00234546 -0.00445311 0.00051059
v -0.00240032 -0.00445311 0.00009269
v -0.00236910 -0.00487287 0.00009269
v -0.00090583 -0.00004800 -0.00224784
v -0.00229246 0.00282039 -0.00074767
v -0.00111582 -0.00004800 -0.00214894
v -0.00128001 -0.00004800 -0.00204447
v -0.00144475 -0.00004800 -0.00193949
v -0.00165400 -0.00004800 -0.00177922
v -0.00183499 -0.00004800 -0.00157028
v -0.00204461 -0.00004800 -0.00132278
v -0.00216890 -0.00004800 -0.00111231
v -0.00229541 -0.00445311 -0.00074767
v -0.00051356 -0.00473536 0.00280041
v -0.00051356 -0.00337153 0.00083010
v -0.00051356 -0.00332730 0.00051059
v -0.00051356 -0.00331846 0.00009269
v -0.00051356 -0.00331524 -0.00189993
v -0.00062031 -0.00445311 -0.00236043
v -0.00051356 -0.00487287 -0.00234116
v -0.00062031 -0.00487287 -0.00232543
v -0.00090546 -0.00445311 -0.00224784
v -0.00090583 -0.00235509 -0.00224784
v -0.00062031 -0.00535214 0.00280041
v -0.00051356 -0.00534410 0.00280041
v -0.00216927 -0.00513180 0.00052175
v -0.00219827 -0.00513180 0.00009269
v -0.00219199 -0.00513180 -0.00032723
v -0.00213935 -0.00512135 0.00093153
v -0.00051356 -0.00516478 -0.00200643
v -0.00215191 -0.00512698 -0.00074767
v -0.00187932 -0.00517523 -0.00074767
v -0.00145952 -0.00518005 -0.00116709
v -0.00104028 -0.00518005 -0.00158600
v -0.00237058 0.00282039 0.00009269
v -0.00238887 -0.00445311 -0.00032723
v -0.00236874 0.00282039 -0.00018979
v -0.00236781 0.00282039 -0.00032774
v -0.00235285 -0.00487287 -0.00032723
v -0.00105469 -0.00331524 -0.00217785
v -0.00111545 -0.00445311 -0.00214894
v -0.00144475 -0.00025708 -0.00193949
v -0.00165363 -0.00445311 -0.00178024
v -0.00183665 -0.00445311 -0.00157028
v -0.00204646 -0.00445311 -0.00132177
v -0.00216890 -0.00277325 -0.00111231
v -0.00216872 -0.00445311 -0.00111130
v -0.00215191 -0.00487287 -0.00108442
v -0.00225700 -0.00487287 -0.00074767
v -0.00087702 -0.00487287 -0.00223516
v -0.00051356 -0.00511572 -0.00226001
v -0.00062031 -0.00511090 -0.00225342
v -0.00084230 -0.00508758 -0.00222096
v -0.00062031 -0.00515915 -0.00200643
v -0.00212015 -0.00510929 -0.00102305
v -0.00188227 -0.00513743 -0.00116455
v -0.00147245 -0.00514145 -0.00159918
v -0.00144419 -0.00445311 -0.00193898
v -0.00144419 -0.00331524 -0.00193949
v -0.00144438 -0.00235509 -0.00193949
v -0.00108701 -0.00487287 -0.00212257
v -0.00141594 -0.00487287 -0.00191261
v -0.00162519 -0.00487287 -0.00175235
v -0.00181043 -0.00487287 -0.00154238
v -0.00202042 -0.00487287 -0.00129387
v -0.00100519 -0.00512457 -0.00200085
v -0.00134132 -0.00511572 -0.00185631
v -0.00174449 -0.00511572 -0.00146783
f 1043 1044 1048
f 1043 1048 1063
f 1043 1063 1058
f 1043 1058 1057
f 1043 1057 1054
f 1043 1054 1045
f 1043 1045 1046
f 1043 1046 1047
f 1043 1047 1056
f 1043 1056 1072
f 1043 1072 1105
f 1043 1105 1104
f 1043 1104 1102
f 1043 1102 1067
f 1043 1067 1049
f 1043 1049 1044
f 1044 1049 1050
f 1044 1050 1051
f 1044 1051 1052
f 1044 1052 1053
f 1044 1053 1048
f 1045 1054 1046
f 1046 1055 1056
f 1046 1056 1047
f 1046 1054 1057
f 1046 1057 1058
f 1046 1058 1059
f 1046 1059 1085
f 1046 1085 1060
f 1046 1060 1061
f 1046 1061 1062
f 1046 1062 1055
f 1048 1053 1064
f 1048 1064 1065
f 1048 1065 1066
f 1048 1066 1063
f 1049 1067 1050
f 1050 1067 1051
f 1051 1068 1052
f 1051 1067 1068
f 1052 1068 1053
f 1053 1068 1069
f 1053 1069 1070
f 1053 1070 1064
f 1055 1071 1056
f 1055 1062 1090
f 1055 1090 1071
f 1056 1071 1073
f 1056 1073 1074
f 1056 1074 1075
f 1056 1075 1076
f 1056 1076 1077
f 1056 1077 1078
f 1056 1078 1079
f 1056 1079 1080
f 1056 1080 1072
f 1058 1063 1092
f 1058 1092 1081
f 1058 1081 1059
f 1059 1081 1082
f 1059 1082 1083
f 1059 1083 1084
f 1059 1084 1085
f 1060 1085 1084
f 1060 1084 1083
f 1060 1083 1082
f 1060 1082 1081
f 1060 1081 1092
f 1060 1092 1097
f 1060 1097 1118
f 1060 1118 1087
f 1060 1087 1061
f 1061 1086 1062
f 1061 1087 1088
f 1061 1088 1086
f 1062 1086 1089
f 1062 1089 1090
f 1063 1066 1091
f 1063 1091 1092
f 1064 1070 1065
f 1065 1093 1094
f 1065 1094 1095
f 1065 1095 1066
f 1065 1070 1096
f 1065 1096 1093
f 1066 1097 1091
f 1066 1095 1098
f 1066 1098 1099
f 1066 1099 1100
f 1066 1100 1101
f 1066 1101 1097
f 1067 1102 1069
f 1067 1069 1068
f 1069 1103 1070
f 1069 1102 1104
f 1069 1104 1105
f 1069 1105 1103
f 1070 1103 1106
f 1070 1106 1095
f 1070 1095 1094
f 1070 1094 1093
f 1070 1093 1096
f 1071 1090 1107
f 1071 1107 1073
f 1072 1080 1103
f 1072 1103 1105
f 1073 1107 1108
f 1073 1108 1074
f 1074 1109 1075
f 1074 1108 1109
f 1075 1109 1110
f 1075 1110 1076
f 1076 1110 1111
f 1076 1111 1077
f 1077 1111 1078
f 1078 1111 1112
f 1078 1112 1079
f 1079 1112 1113
f 1079 1113 1080
f 1080 1113 1114
f 1080 1114 1115
f 1080 1115 1116
f 1080 1116 1106
f 1080 1106 1103
f 1086 1088 1117
f 1086 1117 1089
f 1087 1118 1119
f 1087 1119 1088
f 1088 1119 1120
f 1088 1120 1117
f 1089 1108 1107
f 1089 1107 1090
f 1089 1117 1108
f 1091 1097 1092
f 1095 1106 1098
f 1097 1101 1121
f 1097 1121 1118
f 1098 1106 1122
f 1098 1122 1099
f 1099 1122 1123
f 1099 1123 1124
f 1099 1124 1100
f 1100 1124 1101
f 1101 1124 1121
f 1106 1116 1122
f 1108 1125 1126
f 1108 1126 1127
f 1108 1127 1109
f 1108 1117 1128
f 1108 1128 1129
f 1108 1129 1125
f 1109 1127 1110
f 1110 1126 1125
f 1110 1125 1129
f 1110 1129 1130
f 1110 1130 1131
f 1110 1131 1111
f 1110 1127 1126
f 1111 1131 1132
f 1111 1132 1112
f 1112 1114 1113
f 1112 1132 1115
f 1112 1115 1114
f 1115 1132 1122
f 1115 1122 1116
f 1117 1120 1128
f 1118 1121 1119
f 1119 1121 1133
f 1119 1133 1134
f 1119 1134 1120
f 1120 1134 1129
f 1120 1129 1128
f 1121 1124 1134
f 1121 1134 1133
f 1122 1135 1123
f 1122 1132 1135
f 1123 1135 1124
f 1124 1135 1134
f 1129 1134 1130
f 1130 1134 1135
f 1130 1135 1131
f 1131 1135 1132

o geometry_8
v 0.00928652 -0.00703713 0.01320785
v 0.01054981 -0.00703713 0.01320785
v 0.00871828 -0.00775907 0.01555063
v 0.00871828 -0.00735668 0.01555063
v 0.01339466 -0.00335875 0.01320785
v 0.00987183 -0.00763173 0.01555063
v 0.00981452 -0.00764167 0.01555063
v 0.00945724 -0.00769848 0.01555063
v 0.00938163 -0.00770795 0.01555063
v 0.00903654 -0.00774156 0.01555063
v 0.00896216 -0.00774676 0.01555063
v 0.01080467 -0.00691262 0.01320785
v 0.01665898 -0.00712281 0.01989197
v 0.01645290 -0.00720755 0.01989197
v 0.01636266 -0.00724259 0.01989197
v 0.01572126 -0.00748118 0.01989197
v 0.01568102 -0.00749539 0.01989197
v 0.01539568 -0.00754557 0.01989197
v 0.00871828 -0.00776333 0.01572797
v 0.01162532 -0.00775623 0.01989197
v 0.00871828 -0.00735857 0.01989197
v 0.01382267 -0.00335875 0.01507487
v 0.01531520 -0.00293979 0.01555063
v 0.01393241 -0.00335875 0.01320785
v 0.01204479 -0.00773304 0.01989197
v 0.01100952 -0.00681131 0.01320785
v 0.01822102 -0.00629909 0.01989197
v 0.00871828 -0.00776996 0.01614745
v 0.01155581 -0.00775860 0.01989197
v 0.01120585 -0.00777043 0.01989197
v 0.00871828 -0.00776428 0.01989197
v 0.02001109 -0.00293979 0.01989197
v 0.01981355 -0.00293979 0.01977418
v 0.01965259 -0.00293979 0.01967667
v 0.01849172 -0.00293979 0.01876050
v 0.01757108 -0.00293979 0.01799222
v 0.01647119 -0.00293979 0.01700799
v 0.01546275 -0.00293979 0.01593411
v 0.01533471 -0.00293979 0.01562523
v 0.01586881 -0.00293979 0.01555063
v 0.01391046 -0.00343260 0.01320785
v 0.01639681 -0.00293979 0.01582024
v 0.02095124 -0.00293979 0.01965442
v 0.01504084 -0.00335875 0.01424377
v 0.01121926 -0.00668255 0.01320785
v 0.01836003 -0.00621577 0.01989197
v 0.00871828 -0.00777422 0.01656692
v 0.01113634 -0.00777138 0.01989197
v 0.00871828 -0.00777328 0.01950522
v 0.00903654 -0.00777280 0.01989197
v 0.02117561 -0.00293979 0.01989197
v 0.01389339 -0.00348326 0.01320785
v 0.02099636 -0.00293979 0.01969892
v 0.02101343 -0.00349320 0.01989197
v 0.02090491 -0.00319590 0.01969172
v 0.01128267 -0.00664183 0.01320785
v 0.01867220 -0.00601646 0.01989197
v 0.01078516 -0.00777470 0.01989197
v 0.00903654 -0.00777517 0.01730379
v 0.00871828 -0.00777517 0.01698640
v 0.00871828 -0.00777517 0.01908509
v 0.00910605 -0.00777422 0.01989197
v 0.02111098 -0.00318359 0.01989197
v 0.01387266 -0.00353249 0.01320785
v 0.02090247 -0.00374411 0.01989197
v 0.01160337 -0.00642833 0.01320785
v 0.01883072 -0.00590000 0.01989197
v 0.01164239 -0.00640134 0.01320785
v 0.01174604 -0.00632702 0.01320785
v 0.00994621 -0.00777517 0.01989197
v 0.00987671 -0.00777517 0.01898234
v 0.00871828 -0.00777564 0.01730379
v 0.00945724 -0.00777517 0.01989197
v 0.01379828 -0.00369819 0.01320785
v 0.02076346 -0.00398318 0.01989197
v 0.01349587 -0.00434107 0.01320785
v 0.01363488 -0.00405798 0.01320785
v 0.02030984 -0.00459009 0.01989197
v 0.01197528 -0.00614286 0.01320785
v 0.01214600 -0.00600510 0.01320785
v 0.01221429 -0.00594924 0.01320785
v 0.02058786 -0.00424592 0.01989197
v 0.01316054 -0.00487034 0.01320785
v 0.01337881 -0.00453612 0.01320785
v 0.02040130 -0.00448310 0.01989197
v 0.01242280 -0.00574236 0.01320785
v 0.01247524 -0.00568934 0.01320785
v 0.01257767 -0.00558424 0.01320785
v 0.01263010 -0.00553027 0.01320785
v 0.01282642 -0.00530304 0.01320785
v 0.02047568 -0.00439457 0.01989197
v 0.01301543 -0.00507296 0.01320785
v 0.01286178 -0.00526090 0.01320785
v 0.01291666 -0.00519415 0.01320785
f 1136 1137 1138
f 1136 1138 1139
f 1136 1139 1140
f 1136 1140 1159
f 1136 1159 1176
f 1136 1176 1187
f 1136 1187 1199
f 1136 1199 1209
f 1136 1209 1212
f 1136 1212 1211
f 1136 1211 1219
f 1136 1219 1218
f 1136 1218 1227
f 1136 1227 1229
f 1136 1229 1228
f 1136 1228 1225
f 1136 1225 1224
f 1136 1224 1223
f 1136 1223 1222
f 1136 1222 1221
f 1136 1221 1216
f 1136 1216 1215
f 1136 1215 1214
f 1136 1214 1204
f 1136 1204 1203
f 1136 1203 1201
f 1136 1201 1191
f 1136 1191 1180
f 1136 1180 1161
f 1136 1161 1147
f 1136 1147 1137
f 1137 1141 1142
f 1137 1142 1143
f 1137 1143 1144
f 1137 1144 1145
f 1137 1145 1146
f 1137 1146 1138
f 1137 1147 1148
f 1137 1148 1149
f 1137 1149 1150
f 1137 1150 1151
f 1137 1151 1152
f 1137 1152 1153
f 1137 1153 1141
f 1138 1154 1163
f 1138 1163 1182
f 1138 1182 1195
f 1138 1195 1207
f 1138 1207 1196
f 1138 1196 1184
f 1138 1184 1166
f 1138 1166 1156
f 1138 1156 1139
f 1138 1146 1155
f 1138 1155 1154
f 1139 1156 1140
f 1140 1157 1158
f 1140 1158 1175
f 1140 1175 1159
f 1140 1156 1157
f 1141 1153 1142
f 1142 1153 1143
f 1143 1153 1144
f 1144 1153 1145
f 1145 1153 1146
f 1146 1153 1160
f 1146 1160 1155
f 1147 1161 1148
f 1148 1162 1181
f 1148 1181 1192
f 1148 1192 1202
f 1148 1202 1213
f 1148 1213 1220
f 1148 1220 1226
f 1148 1226 1217
f 1148 1217 1210
f 1148 1210 1200
f 1148 1200 1189
f 1148 1189 1198
f 1148 1198 1186
f 1148 1186 1167
f 1148 1167 1156
f 1148 1156 1166
f 1148 1166 1185
f 1148 1185 1197
f 1148 1197 1208
f 1148 1208 1205
f 1148 1205 1193
f 1148 1193 1183
f 1148 1183 1165
f 1148 1165 1164
f 1148 1164 1155
f 1148 1155 1160
f 1148 1160 1153
f 1148 1153 1152
f 1148 1152 1151
f 1148 1151 1150
f 1148 1150 1149
f 1148 1161 1162
f 1154 1155 1164
f 1154 1164 1165
f 1154 1165 1163
f 1156 1167 1168
f 1156 1168 1169
f 1156 1169 1170
f 1156 1170 1171
f 1156 1171 1172
f 1156 1172 1173
f 1156 1173 1157
f 1157 1173 1174
f 1157 1174 1158
f 1158 1174 1173
f 1158 1173 1172
f 1158 1172 1171
f 1158 1171 1170
f 1158 1170 1169
f 1158 1169 1168
f 1158 1168 1167
f 1158 1167 1186
f 1158 1186 1188
f 1158 1188 1178
f 1158 1178 1177
f 1158 1177 1175
f 1159 1175 1177
f 1159 1177 1178
f 1159 1178 1179
f 1159 1179 1176
f 1161 1180 1181
f 1161 1181 1162
f 1163 1165 1182
f 1165 1183 1182
f 1166 1184 1185
f 1176 1179 1187
f 1178 1188 1189
f 1178 1189 1190
f 1178 1190 1179
f 1179 1190 1187
f 1180 1191 1192
f 1180 1192 1181
f 1182 1183 1193
f 1182 1193 1194
f 1182 1194 1195
f 1184 1196 1197
f 1184 1197 1185
f 1186 1198 1188
f 1187 1190 1189
f 1187 1189 1199
f 1188 1198 1189
f 1189 1200 1199
f 1191 1201 1192
f 1192 1201 1203
f 1192 1203 1204
f 1192 1204 1202
f 1193 1205 1206
f 1193 1206 1207
f 1193 1207 1194
f 1194 1207 1195
f 1196 1207 1208
f 1196 1208 1197
f 1199 1200 1209
f 1200 1210 1211
f 1200 1211 1212
f 1200 1212 1209
f 1202 1204 1214
f 1202 1214 1215
f 1202 1215 1216
f 1202 1216 1213
f 1205 1208 1207
f 1205 1207 1206
f 1210 1217 1218
f 1210 1218 1219
f 1210 1219 1211
f 1213 1216 1221
f 1213 1221 1222
f 1213 1222 1223
f 1213 1223 1224
f 1213 1224 1225
f 1213 1225 1220
f 1217 1226 1227
f 1217 1227 1218
f 1220 1225 1226
f 1225 1228 1226
f 1226 1228 1229
f 1226 1229 1227

o geometry_9
v -0.00303083 -0.00671963 0.00598419
v -0.00266218 -0.00671963 0.00680854
v -0.00217555 -0.00640769 0.00890832
v -0.00247232 -0.00631747 0.00853149
v -0.00274328 -0.00611638 0.00847069
v -0.00294850 -0.00594253 0.00847069
v -0.00315372 -0.00573429 0.00847069
v -0.00335894 -0.00551753 0.00847069
v -0.00379150 -0.00496709 0.00847069
v -0.00201948 -0.00671963 0.00598419
v -0.00275864 -0.00687341 0.00598419
v -0.00264743 -0.00684232 0.00639000
v -0.00189291 -0.00677163 0.00831197
v -0.00205021 -0.00631279 0.00945765
v -0.00155375 -0.00668635 0.00932757
v -0.00177002 -0.00641650 0.00974752
v -0.00238691 -0.00624870 0.00890832
v -0.00256264 -0.00597389 0.00923919
v -0.00284773 -0.00584570 0.00890832
v -0.00297676 -0.00556044 0.00922647
v -0.00287354 -0.00544051 0.00965985
v -0.00304558 -0.00522429 0.00965985
v -0.00324589 -0.00496709 0.00965985
v -0.00316847 -0.00496709 0.00847069
v 0.00762338 -0.00703845 0.00598419
v -0.00211288 -0.00718920 0.00598419
v -0.00169261 -0.00719332 0.00691495
v -0.00170244 -0.00636863 0.01002749
v -0.00127848 -0.00677933 0.00959764
v -0.00225051 -0.00606907 0.00965985
v -0.00130183 -0.00597141 0.01184588
v -0.00246310 -0.00588146 0.00965985
v -0.00133378 -0.00576015 0.01221705
v -0.00133378 -0.00501083 0.01221705
v -0.00262285 -0.00496709 0.00965985
v 0.00822798 -0.00703845 0.00682834
v 0.00799573 -0.00703845 0.00638718
v 0.00770080 -0.00703845 0.00604570
v 0.00750910 -0.00712896 0.00598419
v -0.00191995 -0.00726622 0.00598419
v -0.00181303 -0.00724146 0.00639000
v -0.00085207 -0.00719277 0.00874924
v -0.00140813 -0.00683641 0.00911087
v -0.00093932 -0.00642200 0.01142663
v -0.00135713 -0.00626231 0.01100703
v -0.00120966 -0.00588779 0.01221705
v 0.00009784 -0.00650425 0.01320685
v 0.00009784 -0.00591722 0.01320685
v 0.00538194 -0.00736360 0.01320685
v 0.00876253 -0.00703845 0.00847069
v 0.00799450 -0.00718700 0.00698812
v 0.00767745 -0.00723349 0.00639000
v 0.00761478 -0.00720653 0.00614609
v 0.00731125 -0.00724724 0.00598419
v -0.00145789 -0.00735590 0.00639000
v -0.00061490 -0.00763428 0.00598419
v -0.00061858 -0.00732151 0.00848836
v -0.00091842 -0.00721946 0.00847069
v -0.00111381 -0.00685250 0.00965985
v -0.00009755 -0.00682362 0.01184588
v -0.00075622 -0.00626644 0.01221705
v -0.00104008 -0.00603413 0.01221705
v -0.00053625 -0.00642970 0.01221705
v 0.00538194 -0.00777622 0.01320685
v 0.00841108 -0.00718562 0.00825788
v 0.00735303 -0.00735700 0.00639000
v 0.00636994 -0.00761805 0.00598419
v -0.00046313 -0.00761654 0.00652151
v -0.00050430 -0.00722221 0.00932757
v -0.00002750 -0.00678455 0.01213080
v 0.00036266 -0.00680065 0.01282012
v 0.00483633 -0.00777622 0.01320685
v 0.00567441 -0.00777595 0.00932757
v 0.00605105 -0.00777100 0.00965985
v 0.00651372 -0.00775119 0.00965985
v 0.00689835 -0.00771708 0.00965985
v 0.00844180 -0.00720103 0.00847069
v 0.00777330 -0.00730913 0.00722921
v 0.00777330 -0.00735425 0.00764845
v 0.00674106 -0.00760622 0.00696621
v 0.00609468 -0.00767142 0.00598419
v -0.00019708 -0.00767307 0.00639000
v 0.00031166 -0.00763098 0.00806770
v 0.00038171 -0.00761530 0.00837807
v 0.00032672 -0.00733073 0.01037710
v -0.00019708 -0.00769700 0.00598419
v 0.00074422 -0.00722661 0.01184588
v 0.00039646 -0.00719773 0.01128736
v 0.00019861 -0.00686543 0.01226866
v 0.00065943 -0.00684727 0.01320685
v 0.00446705 -0.00777223 0.01320685
v 0.00106004 -0.00777705 0.00598419
v 0.00443080 -0.00777677 0.00598419
v 0.00483510 -0.00777320 0.00598419
v 0.00527134 -0.00775504 0.00598419
v 0.00651372 -0.00773386 0.00890832
v 0.00609468 -0.00769150 0.00639000
v 0.00717915 -0.00761145 0.00847069
v 0.00819357 -0.00730116 0.00847069
v 0.00715396 -0.00760430 0.00824799
v 0.00197062 -0.00763318 0.01142663
v 0.00163269 -0.00761722 0.01091406
v 0.00063977 -0.00768269 0.00806770
v 0.00081550 -0.00719800 0.01212232
v 0.00124560 -0.00719360 0.01294384
v 0.00150489 -0.00723871 0.01320685
v 0.00227477 -0.00777388 0.00886378
v 0.00568301 -0.00772478 0.00598419
v 0.00689835 -0.00768489 0.00887156
v 0.00106004 -0.00733307 0.01184588
v 0.00210826 -0.00768613 0.01100703
v 0.00105144 -0.00770608 0.00847069
v 0.00409778 -0.00775559 0.01320685
v 0.00357674 -0.00776701 0.01184623
v 0.00205296 -0.00761722 0.01174054
v 0.00148031 -0.00732481 0.01268579
v 0.00228091 -0.00770896 0.01089427
v 0.00063977 -0.00776329 0.00598419
v 0.00063977 -0.00775201 0.00639000
v 0.00148031 -0.00774184 0.00847069
v 0.00294695 -0.00774968 0.01121666
v 0.00168983 -0.00776728 0.00806841
v 0.00106004 -0.00777320 0.00639000
v 0.00320563 -0.00767637 0.01320685
v 0.00286401 -0.00762218 0.01320685
v 0.00189935 -0.00736002 0.01320685
v 0.00315648 -0.00770360 0.01268579
v 0.00148031 -0.00775614 0.00806770
v 0.00357674 -0.00771488 0.01320685
f 1230 1231 1232
f 1230 1232 1233
f 1230 1233 1234
f 1230 1234 1235
f 1230 1235 1236
f 1230 1236 1237
f 1230 1237 1238
f 1230 1238 1253
f 1230 1253 1239
f 1230 1239 1254
f 1230 1254 1268
f 1230 1268 1283
f 1230 1283 1296
f 1230 1296 1310
f 1230 1310 1337
f 1230 1337 1324
f 1230 1324 1323
f 1230 1323 1322
f 1230 1322 1321
f 1230 1321 1347
f 1230 1347 1315
f 1230 1315 1285
f 1230 1285 1269
f 1230 1269 1255
f 1230 1255 1240
f 1230 1240 1241
f 1230 1241 1231
f 1231 1241 1242
f 1231 1242 1232
f 1232 1243 1233
f 1232 1244 1245
f 1232 1245 1243
f 1234 1233 1246
f 1234 1246 1247
f 1234 1247 1235
f 1236 1235 1248
f 1236 1248 1249
f 1236 1249 1237
f 1237 1249 1250
f 1237 1251 1238
f 1238 1251 1252
f 1238 1252 1264
f 1238 1264 1253
f 1239 1253 1254
f 1241 1240 1255
f 1241 1255 1256
f 1243 1245 1257
f 1233 1243 1246
f 1232 1242 1244
f 1244 1242 1258
f 1244 1258 1245
f 1246 1243 1259
f 1246 1259 1247
f 1235 1247 1248
f 1247 1259 1260
f 1247 1260 1261
f 1247 1261 1248
f 1248 1261 1249
f 1237 1250 1251
f 1250 1249 1262
f 1252 1251 1262
f 1252 1262 1263
f 1252 1263 1264
f 1253 1265 1266
f 1253 1266 1267
f 1253 1267 1254
f 1254 1267 1268
f 1255 1269 1270
f 1255 1270 1256
f 1256 1271 1241
f 1241 1271 1272
f 1241 1272 1242
f 1242 1272 1258
f 1245 1258 1273
f 1245 1273 1257
f 1257 1274 1243
f 1259 1243 1274
f 1259 1274 1260
f 1261 1260 1275
f 1261 1275 1262
f 1261 1262 1249
f 1250 1262 1251
f 1262 1275 1276
f 1262 1276 1277
f 1262 1277 1263
f 1263 1277 1278
f 1263 1278 1279
f 1263 1279 1265
f 1263 1265 1264
f 1264 1265 1253
f 1265 1281 1282
f 1265 1282 1266
f 1266 1282 1267
f 1267 1282 1268
f 1268 1282 1283
f 1269 1285 1284
f 1270 1269 1286
f 1270 1286 1287
f 1270 1287 1256
f 1271 1256 1287
f 1272 1271 1288
f 1272 1288 1289
f 1272 1289 1258
f 1257 1273 1274
f 1260 1274 1290
f 1260 1290 1291
f 1260 1291 1275
f 1275 1291 1276
f 1276 1291 1290
f 1276 1290 1292
f 1276 1319 1335
f 1276 1335 1355
f 1276 1355 1354
f 1276 1354 1353
f 1276 1353 1358
f 1276 1358 1342
f 1276 1342 1320
f 1276 1320 1301
f 1276 1301 1293
f 1276 1293 1278
f 1276 1278 1277
f 1278 1293 1279
f 1265 1279 1294
f 1265 1294 1280
f 1280 1281 1265
f 1281 1295 1282
f 1282 1295 1296
f 1282 1296 1283
f 1284 1285 1297
f 1284 1297 1286
f 1284 1286 1269
f 1286 1298 1287
f 1287 1298 1271
f 1289 1299 1258
f 1258 1299 1273
f 1273 1299 1292
f 1273 1292 1290
f 1273 1290 1274
f 1292 1299 1276
f 1276 1299 1300
f 1293 1302 1303
f 1293 1303 1304
f 1293 1304 1305
f 1293 1305 1306
f 1293 1306 1279
f 1279 1306 1294
f 1294 1306 1280
f 1280 1306 1281
f 1281 1306 1307
f 1281 1307 1295
f 1295 1307 1308
f 1295 1308 1309
f 1295 1309 1296
f 1296 1309 1310
f 1297 1285 1311
f 1297 1311 1312
f 1297 1312 1313
f 1297 1313 1286
f 1286 1313 1314
f 1286 1314 1298
f 1285 1315 1311
f 1298 1316 1317
f 1298 1317 1271
f 1271 1317 1288
f 1288 1317 1289
f 1289 1317 1318
f 1289 1318 1299
f 1299 1318 1300
f 1300 1319 1276
f 1293 1301 1321
f 1293 1321 1322
f 1293 1322 1302
f 1305 1304 1325
f 1305 1327 1328
f 1305 1328 1306
f 1306 1328 1307
f 1307 1328 1308
f 1308 1328 1329
f 1308 1329 1309
f 1309 1329 1310
f 1313 1312 1330
f 1313 1330 1331
f 1313 1331 1314
f 1315 1332 1311
f 1298 1314 1316
f 1317 1316 1333
f 1317 1333 1318
f 1318 1333 1319
f 1318 1319 1300
f 1319 1334 1335
f 1320 1336 1301
f 1301 1336 1321
f 1322 1323 1302
f 1302 1323 1303
f 1323 1324 1303
f 1303 1324 1304
f 1324 1337 1304
f 1304 1337 1325
f 1325 1337 1305
f 1305 1337 1326
f 1305 1326 1338
f 1305 1338 1327
f 1327 1338 1329
f 1327 1329 1328
f 1310 1326 1337
f 1310 1338 1326
f 1310 1329 1338
f 1311 1332 1312
f 1314 1331 1339
f 1314 1339 1316
f 1312 1332 1330
f 1330 1332 1340
f 1332 1315 1341
f 1332 1341 1340
f 1316 1335 1333
f 1333 1335 1334
f 1333 1334 1319
f 1320 1342 1343
f 1320 1343 1336
f 1331 1330 1344
f 1331 1344 1339
f 1339 1344 1345
f 1339 1345 1316
f 1340 1341 1346
f 1315 1347 1348
f 1315 1348 1349
f 1315 1349 1341
f 1316 1345 1335
f 1342 1350 1343
f 1343 1351 1336
f 1321 1352 1347
f 1321 1336 1352
f 1330 1340 1353
f 1330 1354 1344
f 1344 1354 1345
f 1345 1354 1355
f 1345 1355 1335
f 1346 1356 1340
f 1340 1356 1353
f 1347 1351 1357
f 1347 1357 1348
f 1341 1349 1346
f 1342 1358 1350
f 1350 1357 1343
f 1343 1357 1351
f 1351 1352 1336
f 1352 1351 1347
f 1353 1354 1330
f 1356 1350 1358
f 1356 1358 1353
f 1357 1349 1348
f 1349 1357 1350
f 1349 1350 1346
f 1346 1350 1356

o geometry_10
v 0.00672346 0.00300017 0.00076179
v 0.00684228 -0.00295551 0.00072331
v 0.00761702 -0.00295551 0.00072331
v 0.00761509 0.00020852 0.00072331
v 0.00672346 0.00300017 0.00007435
v 0.00194362 0.00300017 -0.00122513
v -0.00225081 0.00281999 -0.00086905
v -0.00225081 -0.00004774 -0.00086905
v -0.00051295 -0.00518019 -0.00118883
v 0.00759287 -0.00295551 0.00068826
v 0.00759287 -0.00235490 0.00068826
v 0.00759287 0.00020852 0.00068857
v 0.00145772 -0.00518019 -0.00118883
v 0.00183253 -0.00514094 -0.00118883
v 0.00183253 -0.00513774 -0.00122889
v 0.00183253 -0.00512733 -0.00129897
v 0.00175139 -0.00511532 -0.00148484
v 0.00756775 0.00020852 0.00066949
v 0.00712049 0.00020852 0.00033249
v 0.00691086 0.00020852 0.00017886
v 0.00653509 -0.00277453 -0.00003110
v 0.00653509 0.00142256 -0.00003079
v 0.00653412 0.00300017 -0.00003079
v 0.00188663 0.00300017 -0.00125423
v -0.00216870 0.00281999 -0.00111374
v 0.00183350 0.00300017 -0.00133777
v 0.00183350 0.00300017 -0.00193135
v -0.00216870 0.00268145 -0.00111374
v -0.00216870 -0.00004774 -0.00111342
v -0.00051295 -0.00511532 -0.00226052
v -0.00051295 -0.00516417 -0.00200676
v -0.00051295 -0.00518099 -0.00158716
v 0.00735523 -0.00295551 0.00050709
v 0.00137657 -0.00511532 -0.00185093
v 0.00105875 -0.00518019 -0.00158716
v 0.00150215 -0.00514094 -0.00160969
v 0.00712049 -0.00295551 0.00032999
v 0.00700070 -0.00295551 0.00024300
v 0.00691086 -0.00295551 0.00017886
v 0.00653509 -0.00295551 -0.00003110
v 0.00632449 -0.00109521 -0.00012653
v 0.00637569 0.00300017 -0.00010307
v -0.00204505 0.00281999 -0.00132369
v 0.00188083 0.00300017 -0.00191539
v 0.00099113 0.00281999 -0.00227210
v 0.00087618 0.00281999 -0.00230308
v 0.00063950 0.00281999 -0.00236597
v 0.00022025 0.00281999 -0.00241541
v -0.00019996 0.00281999 -0.00243481
v -0.00061921 0.00281999 -0.00236128
v -0.00071291 0.00281999 -0.00232435
v -0.00090515 0.00281999 -0.00224832
v -0.00097470 0.00281999 -0.00221609
v -0.00111478 0.00281999 -0.00214975
v -0.00122297 0.00281999 -0.00208092
v -0.00144322 0.00281999 -0.00193980
v -0.00151277 0.00281999 -0.00188754
v -0.00165381 0.00281999 -0.00178084
v -0.00183446 0.00281999 -0.00157120
v -0.00204505 0.00226182 -0.00132369
v -0.00204505 -0.00004774 -0.00132338
v -0.00051295 -0.00487267 -0.00234188
v -0.00019996 -0.00487267 -0.00238944
v -0.00019996 -0.00513133 -0.00228055
v -0.00019996 -0.00518019 -0.00200676
v 0.00102881 -0.00512653 -0.00199737
v 0.00086845 -0.00509210 -0.00222673
v 0.00022025 -0.00517858 -0.00200676
v 0.00063950 -0.00516097 -0.00200676
v 0.00632449 -0.00295551 -0.00012653
v 0.00609555 0.00020852 -0.00021884
v 0.00615158 0.00300017 -0.00019600
v 0.00632353 0.00300017 -0.00012622
v 0.00190015 0.00300017 -0.00190882
v 0.00190015 0.00020852 -0.00190945
v 0.00099210 -0.00109601 -0.00227241
v 0.00063950 -0.00193527 -0.00236628
v 0.00022025 -0.00445304 -0.00241541
v -0.00019996 -0.00004774 -0.00243481
v -0.00051295 -0.00004774 -0.00238005
v -0.00061921 -0.00004774 -0.00236128
v -0.00090515 -0.00004774 -0.00224832
v -0.00111478 -0.00004774 -0.00214975
v -0.00144322 -0.00004774 -0.00193980
v -0.00154852 -0.00004774 -0.00186032
v -0.00165381 0.00184139 -0.00178084
v -0.00183446 0.00268145 -0.00157120
v -0.00183446 -0.00004774 -0.00157089
v -0.00165381 -0.00004774 -0.00178053
v -0.00051295 -0.00445304 -0.00237974
v -0.00019996 -0.00445304 -0.00243449
v 0.00022025 -0.00487267 -0.00237473
v 0.00022025 -0.00512973 -0.00227523
v 0.00063950 -0.00511212 -0.00225207
v 0.00063950 -0.00487267 -0.00232154
v 0.00090516 -0.00487267 -0.00224707
v 0.00099210 -0.00319336 -0.00227241
v 0.00609555 -0.00295551 -0.00021884
v 0.00093993 -0.00445304 -0.00226521
v 0.00097278 -0.00361298 -0.00227241
v 0.00190015 -0.00277453 -0.00190976
v 0.00063950 -0.00319336 -0.00236628
v 0.00063950 -0.00361298 -0.00236597
v 0.00063950 -0.00403341 -0.00236378
v 0.00063950 -0.00445304 -0.00235877
v -0.00051295 -0.00120172 -0.00238005
v 0.00190015 -0.00295551 -0.00190976
f 1359 1360 1361
f 1359 1361 1362
f 1359 1362 1363
f 1359 1363 1381
f 1359 1381 1400
f 1359 1400 1431
f 1359 1431 1430
f 1359 1430 1432
f 1359 1432 1402
f 1359 1402 1385
f 1359 1385 1384
f 1359 1384 1382
f 1359 1382 1364
f 1359 1364 1365
f 1359 1365 1366
f 1359 1366 1360
f 1360 1366 1367
f 1360 1367 1371
f 1360 1371 1361
f 1361 1368 1369
f 1361 1369 1370
f 1361 1370 1362
f 1361 1371 1372
f 1361 1372 1373
f 1361 1373 1374
f 1361 1374 1375
f 1361 1375 1368
f 1362 1370 1363
f 1363 1370 1376
f 1363 1376 1377
f 1363 1377 1378
f 1363 1378 1379
f 1363 1379 1380
f 1363 1380 1381
f 1364 1382 1365
f 1365 1383 1386
f 1365 1386 1366
f 1365 1382 1384
f 1365 1384 1385
f 1365 1385 1383
f 1366 1386 1387
f 1366 1387 1388
f 1366 1388 1389
f 1366 1389 1390
f 1366 1390 1367
f 1367 1390 1371
f 1368 1391 1369
f 1368 1375 1392
f 1368 1392 1391
f 1369 1391 1370
f 1370 1391 1376
f 1371 1393 1394
f 1371 1394 1373
f 1371 1373 1372
f 1371 1390 1393
f 1373 1394 1375
f 1373 1375 1374
f 1375 1394 1392
f 1376 1391 1395
f 1376 1395 1377
f 1377 1395 1378
f 1378 1395 1396
f 1378 1396 1397
f 1378 1397 1398
f 1378 1398 1379
f 1379 1398 1428
f 1379 1428 1399
f 1379 1399 1400
f 1379 1400 1380
f 1380 1400 1381
f 1383 1385 1401
f 1383 1401 1418
f 1383 1418 1386
f 1385 1402 1403
f 1385 1403 1404
f 1385 1404 1405
f 1385 1405 1406
f 1385 1406 1407
f 1385 1407 1408
f 1385 1408 1409
f 1385 1409 1410
f 1385 1410 1411
f 1385 1411 1412
f 1385 1412 1413
f 1385 1413 1414
f 1385 1414 1415
f 1385 1415 1416
f 1385 1416 1417
f 1385 1417 1401
f 1386 1418 1387
f 1387 1418 1419
f 1387 1419 1420
f 1387 1420 1388
f 1388 1420 1421
f 1388 1421 1422
f 1388 1422 1389
f 1389 1422 1423
f 1389 1423 1390
f 1390 1423 1393
f 1391 1392 1395
f 1392 1397 1396
f 1392 1396 1395
f 1392 1394 1424
f 1392 1424 1425
f 1392 1425 1397
f 1393 1423 1426
f 1393 1426 1427
f 1393 1427 1394
f 1394 1427 1424
f 1397 1425 1398
f 1398 1425 1428
f 1399 1428 1456
f 1399 1456 1429
f 1399 1429 1430
f 1399 1430 1431
f 1399 1431 1400
f 1401 1417 1445
f 1401 1445 1418
f 1402 1432 1403
f 1403 1432 1433
f 1403 1433 1434
f 1403 1434 1404
f 1404 1435 1405
f 1404 1434 1435
f 1405 1435 1406
f 1406 1435 1460
f 1406 1460 1436
f 1406 1436 1437
f 1406 1437 1407
f 1407 1437 1464
f 1407 1464 1438
f 1407 1438 1408
f 1408 1439 1409
f 1408 1438 1464
f 1408 1464 1439
f 1409 1440 1410
f 1409 1439 1440
f 1410 1440 1411
f 1411 1440 1441
f 1411 1441 1412
f 1412 1441 1413
f 1413 1441 1442
f 1413 1442 1414
f 1414 1442 1415
f 1415 1442 1443
f 1415 1443 1444
f 1415 1444 1416
f 1416 1444 1445
f 1416 1445 1417
f 1418 1445 1446
f 1418 1446 1419
f 1419 1446 1420
f 1420 1446 1447
f 1420 1447 1448
f 1420 1448 1449
f 1420 1449 1421
f 1421 1449 1450
f 1421 1450 1451
f 1421 1451 1422
f 1422 1451 1426
f 1422 1426 1423
f 1424 1427 1452
f 1424 1452 1425
f 1425 1452 1453
f 1425 1453 1454
f 1425 1454 1428
f 1426 1451 1427
f 1427 1451 1452
f 1428 1455 1456
f 1428 1454 1457
f 1428 1457 1458
f 1428 1458 1455
f 1429 1456 1465
f 1429 1465 1459
f 1429 1459 1430
f 1430 1459 1433
f 1430 1433 1432
f 1433 1459 1434
f 1434 1459 1465
f 1434 1465 1455
f 1434 1455 1460
f 1434 1460 1435
f 1436 1460 1461
f 1436 1461 1462
f 1436 1462 1463
f 1436 1463 1453
f 1436 1453 1450
f 1436 1450 1449
f 1436 1449 1437
f 1437 1449 1464
f 1439 1464 1448
f 1439 1448 1440
f 1440 1448 1441
f 1441 1448 1442
f 1442 1448 1443
f 1443 1447 1444
f 1443 1448 1447
f 1444 1447 1446
f 1444 1446 1445
f 1448 1464 1449
f 1450 1453 1452
f 1450 1452 1451
f 1453 1463 1454
f 1454 1463 1457
f 1455 1465 1456
f 1455 1458 1463
f 1455 1463 1462
f 1455 1462 1461
f 1455 1461 1460
f 1457 1463 1458

o geometry_11
v -0.00019883 0.00282061 -0.00243310
v -0.00019883 0.00436131 -0.00243310
v 0.00022137 0.00282061 -0.00241456
v 0.00710997 0.00268791 0.00439143
v -0.00033697 0.00282061 -0.00240975
v -0.00019883 0.00478137 -0.00238435
v 0.00022137 0.00478137 -0.00236925
v 0.00022137 0.00436131 -0.00241456
v -0.00041036 0.00436180 -0.00239671
v -0.00041036 0.00457305 -0.00237680
v 0.00064012 0.00282061 -0.00236444
v 0.00759204 0.00300113 0.00069049
v 0.00806548 0.00300113 0.00141612
v 0.00809426 0.00300113 0.00150194
v 0.00818348 0.00300113 0.00176967
v 0.00823385 0.00300113 0.00218981
v 0.00710997 0.00268547 0.00457884
v -0.00090395 0.00282061 -0.00224774
v -0.00061758 0.00282061 -0.00236033
v 0.00087756 0.00282061 -0.00230197
v 0.00099125 0.00282061 -0.00227108
v 0.00183307 0.00282061 -0.00193058
v -0.00061758 0.00436180 -0.00236033
v -0.00019883 0.00503555 -0.00227520
v 0.00022137 0.00503457 -0.00226971
v -0.00061758 0.00478137 -0.00232119
v -0.00041036 0.00489943 -0.00231639
v 0.00064012 0.00501750 -0.00224705
v 0.00064012 0.00478137 -0.00231502
v 0.00064012 0.00436131 -0.00235484
v 0.00064012 0.00394272 -0.00236101
v 0.00064012 0.00352266 -0.00236444
v 0.00741217 0.00300113 0.00055113
v 0.00735461 0.00310309 0.00050651
v 0.00759204 0.00310309 0.00069049
v 0.00806548 0.00310309 0.00141612
v 0.00818348 0.00310309 0.00176967
v 0.00823673 0.00310309 0.00218981
v 0.00824968 0.00310309 0.00260927
v 0.00824536 0.00300113 0.00260927
v -0.00111405 0.00282061 -0.00214820
v 0.00824248 0.00300113 0.00265595
v 0.00823097 0.00300113 0.00279943
v 0.00823385 0.00310309 0.00279943
v 0.00710997 0.00365292 0.00457884
v 0.00577456 0.00436229 0.00457953
v -0.00584555 0.00311334 0.00457953
v -0.00602255 0.00311334 0.00457953
v -0.00638231 0.00311334 0.00457884
v -0.00192853 0.00282061 0.00279943
v -0.00226670 0.00282061 0.00093145
v -0.00233290 0.00282061 0.00051200
v -0.00236887 0.00282061 0.00009255
v -0.00236744 0.00282061 -0.00032690
v -0.00229117 0.00282061 -0.00074636
v -0.00216741 0.00282061 -0.00111158
v -0.00204365 0.00282061 -0.00132233
v -0.00190263 0.00282061 -0.00148847
v -0.00183356 0.00282061 -0.00156947
v -0.00165368 0.00282061 -0.00177954
v -0.00144358 0.00282061 -0.00193881
v -0.00090539 0.00394223 -0.00224774
v 0.00099125 0.00310309 -0.00227108
v 0.00189927 0.00300113 -0.00190792
v 0.00632427 0.00300113 -0.00012507
v 0.00653436 0.00300113 -0.00002896
v 0.00690851 0.00300113 0.00018042
v 0.00711861 0.00300113 0.00033076
v -0.00087229 0.00478137 -0.00223401
v -0.00090539 0.00436180 -0.00224774
v -0.00061758 0.00501603 -0.00224911
v -0.00103922 0.00755784 0.00399943
v -0.00061902 0.00757687 0.00397678
v -0.00020027 0.00758321 0.00397541
v 0.00021993 0.00757150 0.00399806
v -0.00083775 0.00499408 -0.00221891
v 0.00086605 0.00499847 -0.00222303
v 0.00221873 0.00757785 0.00440378
v 0.00231659 0.00757345 0.00441271
v 0.00089915 0.00478137 -0.00224225
v 0.00092937 0.00436131 -0.00226147
v 0.00096966 0.00352266 -0.00227039
v 0.00758341 0.00335630 0.00070148
v 0.00711861 0.00310309 0.00032939
v 0.00803814 0.00341435 0.00146418
v 0.00808419 0.00347485 0.00176967
v 0.00811441 0.00348363 0.00218981
v 0.00812161 0.00348217 0.00260927
v 0.00811297 0.00348119 0.00279943
v -0.00111405 0.00436180 -0.00214820
v 0.00576736 0.00645964 0.00457953
v 0.00577024 0.00643281 0.00457953
v 0.00577312 0.00604008 0.00457953
v -0.00631899 0.00339142 0.00457953
v -0.00631899 0.00339972 0.00457541
v -0.00644994 0.00311334 0.00429944
v -0.00645138 0.00311334 0.00428914
v -0.00637224 0.00311334 0.00394040
v -0.00204653 0.00436180 -0.00132233
v -0.00183644 0.00436180 -0.00157085
v -0.00599665 0.00311383 0.00337884
v -0.00165368 0.00436180 -0.00178092
v -0.00144358 0.00436180 -0.00193881
v 0.00189927 0.00310309 -0.00190792
v 0.00632427 0.00310309 -0.00012507
v 0.00653436 0.00310309 -0.00002896
v 0.00690851 0.00310309 0.00018042
v -0.00108239 0.00478137 -0.00211936
v -0.00137163 0.00753296 0.00403856
v -0.00061902 0.00763444 0.00428914
v -0.00020027 0.00766030 0.00428914
v 0.00021993 0.00765493 0.00428914
v 0.00189783 0.00759053 0.00437495
v -0.00141192 0.00478137 -0.00190929
v -0.00133566 0.00502091 -0.00185231
v 0.00136971 0.00502091 -0.00184614
v 0.00684807 0.00342460 0.00022161
v 0.00631851 0.00332703 -0.00012164
v 0.00273678 0.00753491 0.00446626
v 0.00301883 0.00753784 0.00457953
v 0.00346205 0.00743734 0.00457953
v 0.00357573 0.00740612 0.00457953
v 0.00399593 0.00729000 0.00457953
v 0.00433554 0.00719145 0.00457953
v 0.00479458 0.00705485 0.00457953
v 0.00483631 0.00704168 0.00457953
v 0.00231659 0.00762078 0.00457953
v 0.00273678 0.00757394 0.00457953
v 0.00765680 0.00342997 0.00093214
v 0.00735461 0.00343240 0.00061223
v 0.00556302 0.00676213 0.00457953
v -0.00631468 0.00340411 0.00457953
v -0.00634058 0.00347143 0.00428914
v -0.00592470 0.00425349 0.00457953
v -0.00613768 0.00394321 0.00428914
v -0.00625424 0.00368073 0.00428914
v -0.00632619 0.00343777 0.00401385
v -0.00201631 0.00478137 -0.00129144
v -0.00180622 0.00478137 -0.00153927
v -0.00585563 0.00329141 0.00325115
v -0.00162058 0.00478137 -0.00174865
v -0.00137307 0.00753150 0.00428914
v -0.00103922 0.00758419 0.00428914
v -0.00271712 0.00713827 0.00399326
v -0.00293873 0.00709437 0.00406946
v -0.00229836 0.00729000 0.00428914
v -0.00061902 0.00761590 0.00457884
v -0.00020027 0.00765737 0.00457884
v 0.00021993 0.00766957 0.00457884
v 0.00189783 0.00764176 0.00457953
v -0.00173858 0.00502091 -0.00146307
v 0.00491546 0.00701484 0.00457953
v 0.00525507 0.00688995 0.00457953
v 0.00535292 0.00685092 0.00457953
v -0.00590887 0.00428325 0.00457953
v -0.00595924 0.00432277 0.00428914
v -0.00593765 0.00428911 0.00398090
v -0.00600960 0.00394760 0.00385252
v -0.00618804 0.00355584 0.00387243
v -0.00211705 0.00501555 -0.00101890
v -0.00580958 0.00352315 0.00331362
v -0.00592326 0.00371439 0.00357929
v -0.00599665 0.00352852 0.00357929
v -0.00595924 0.00352315 0.00352369
v -0.00129824 0.00751686 0.00457884
v -0.00106080 0.00755589 0.00457884
v -0.00293873 0.00709437 0.00410859
v -0.00377336 0.00667236 0.00407289
v -0.00273151 0.00714998 0.00426442
v -0.00229836 0.00724707 0.00457953
v -0.00217461 0.00727780 0.00457953
v 0.00120998 0.00764761 0.00457953
v 0.00147763 0.00764810 0.00457953
v -0.00548580 0.00495115 0.00457953
v -0.00546134 0.00501360 0.00453696
v -0.00583692 0.00453207 0.00428914
v -0.00549731 0.00506092 0.00401179
v -0.00557646 0.00476966 0.00387106
v -0.00590312 0.00381099 0.00360675
v -0.00510878 0.00550147 0.00397884
v -0.00470009 0.00591469 0.00397403
v -0.00425975 0.00630450 0.00399943
v -0.00283656 0.00703533 0.00457953
v -0.00263653 0.00713291 0.00457953
v -0.00377336 0.00667236 0.00409349
v -0.00356614 0.00674700 0.00425619
v -0.00346541 0.00672310 0.00457953
v -0.00312724 0.00689190 0.00457953
v -0.00540521 0.00505994 0.00457953
v -0.00549731 0.00505946 0.00428914
v -0.00567575 0.00478283 0.00428914
v -0.00508287 0.00544487 0.00457953
v -0.00533038 0.00526875 0.00428914
v -0.00512029 0.00551220 0.00428914
v -0.00492026 0.00572247 0.00428914
v -0.00470873 0.00592347 0.00428914
v -0.00446409 0.00613277 0.00428914
v -0.00425543 0.00630060 0.00428914
v -0.00366399 0.00660308 0.00457953
v -0.00353592 0.00668114 0.00457953
v -0.00393885 0.00651868 0.00425619
v -0.00397914 0.00639964 0.00457953
v -0.00505985 0.00547024 0.00457953
v -0.00465548 0.00587371 0.00457953
v -0.00420507 0.00626303 0.00453971
v -0.00415039 0.00628743 0.00457953
v -0.00424824 0.00621327 0.00457953
f 1466 1467 1473
f 1466 1473 1468
f 1466 1468 1469
f 1466 1469 1470
f 1466 1470 1467
f 1467 1471 1472
f 1467 1472 1473
f 1467 1470 1474
f 1467 1474 1475
f 1467 1475 1471
f 1468 1473 1497
f 1468 1497 1476
f 1468 1476 1469
f 1469 1477 1478
f 1469 1478 1479
f 1469 1479 1480
f 1469 1480 1481
f 1469 1481 1482
f 1469 1482 1483
f 1469 1483 1484
f 1469 1484 1470
f 1469 1476 1485
f 1469 1485 1486
f 1469 1486 1487
f 1469 1487 1477
f 1470 1484 1488
f 1470 1488 1474
f 1471 1489 1490
f 1471 1490 1472
f 1471 1475 1491
f 1471 1491 1492
f 1471 1492 1489
f 1472 1490 1493
f 1472 1493 1494
f 1472 1494 1473
f 1473 1494 1495
f 1473 1495 1496
f 1473 1496 1497
f 1474 1488 1491
f 1474 1491 1475
f 1476 1497 1485
f 1477 1498 1499
f 1477 1499 1500
f 1477 1500 1501
f 1477 1501 1478
f 1477 1487 1498
f 1478 1501 1479
f 1479 1501 1502
f 1479 1502 1480
f 1480 1502 1503
f 1480 1503 1481
f 1481 1503 1504
f 1481 1504 1505
f 1481 1505 1482
f 1482 1506 1483
f 1482 1505 1507
f 1482 1507 1508
f 1482 1508 1509
f 1482 1509 1510
f 1482 1510 1511
f 1482 1511 1512
f 1482 1512 1513
f 1482 1513 1514
f 1482 1514 1515
f 1482 1515 1516
f 1482 1516 1517
f 1482 1517 1518
f 1482 1518 1519
f 1482 1519 1520
f 1482 1520 1521
f 1482 1521 1522
f 1482 1522 1523
f 1482 1523 1524
f 1482 1524 1525
f 1482 1525 1526
f 1482 1526 1506
f 1483 1506 1527
f 1483 1527 1484
f 1484 1527 1535
f 1484 1535 1488
f 1485 1528 1486
f 1485 1497 1528
f 1486 1528 1569
f 1486 1569 1529
f 1486 1529 1530
f 1486 1530 1487
f 1487 1530 1531
f 1487 1531 1532
f 1487 1532 1533
f 1487 1533 1498
f 1488 1534 1491
f 1488 1535 1534
f 1489 1492 1536
f 1489 1536 1537
f 1489 1537 1538
f 1489 1538 1539
f 1489 1539 1490
f 1490 1539 1540
f 1490 1540 1493
f 1491 1534 1541
f 1491 1541 1536
f 1491 1536 1492
f 1493 1542 1494
f 1493 1540 1543
f 1493 1543 1544
f 1493 1544 1542
f 1494 1542 1545
f 1494 1545 1495
f 1495 1545 1546
f 1495 1546 1547
f 1495 1547 1528
f 1495 1528 1496
f 1496 1528 1497
f 1498 1533 1499
f 1499 1548 1500
f 1499 1533 1549
f 1499 1549 1548
f 1500 1548 1501
f 1501 1548 1550
f 1501 1550 1502
f 1502 1550 1551
f 1502 1551 1503
f 1503 1551 1552
f 1503 1552 1504
f 1504 1552 1553
f 1504 1553 1554
f 1504 1554 1509
f 1504 1509 1508
f 1504 1508 1507
f 1504 1507 1505
f 1506 1555 1535
f 1506 1535 1527
f 1506 1526 1568
f 1506 1568 1555
f 1509 1554 1510
f 1510 1556 1557
f 1510 1557 1558
f 1510 1558 1511
f 1510 1554 1556
f 1511 1558 1557
f 1511 1557 1556
f 1511 1556 1596
f 1511 1596 1619
f 1511 1619 1618
f 1511 1618 1617
f 1511 1617 1591
f 1511 1591 1590
f 1511 1590 1589
f 1511 1589 1588
f 1511 1588 1587
f 1511 1587 1586
f 1511 1586 1585
f 1511 1585 1593
f 1511 1593 1592
f 1511 1592 1615
f 1511 1615 1638
f 1511 1638 1637
f 1511 1637 1636
f 1511 1636 1635
f 1511 1635 1649
f 1511 1649 1648
f 1511 1648 1653
f 1511 1653 1652
f 1511 1652 1665
f 1511 1665 1664
f 1511 1664 1667
f 1511 1667 1671
f 1511 1671 1672
f 1511 1672 1669
f 1511 1669 1668
f 1511 1668 1657
f 1511 1657 1654
f 1511 1654 1639
f 1511 1639 1620
f 1511 1620 1599
f 1511 1599 1597
f 1511 1597 1559
f 1511 1559 1513
f 1511 1513 1512
f 1513 1559 1514
f 1514 1560 1561
f 1514 1561 1515
f 1514 1559 1560
f 1515 1561 1516
f 1516 1561 1517
f 1517 1561 1562
f 1517 1562 1518
f 1518 1562 1519
f 1519 1562 1520
f 1520 1562 1563
f 1520 1563 1521
f 1521 1563 1522
f 1522 1564 1565
f 1522 1565 1523
f 1522 1563 1566
f 1522 1566 1564
f 1523 1565 1524
f 1524 1565 1525
f 1525 1567 1526
f 1525 1565 1567
f 1526 1567 1568
f 1528 1547 1569
f 1529 1569 1570
f 1529 1570 1530
f 1530 1570 1571
f 1530 1571 1531
f 1531 1571 1572
f 1531 1572 1532
f 1532 1572 1549
f 1532 1549 1533
f 1534 1535 1555
f 1534 1555 1573
f 1534 1573 1541
f 1536 1541 1574
f 1536 1574 1537
f 1537 1574 1575
f 1537 1575 1576
f 1537 1576 1538
f 1538 1576 1539
f 1539 1576 1577
f 1539 1577 1540
f 1540 1577 1578
f 1540 1578 1543
f 1541 1573 1579
f 1541 1579 1580
f 1541 1580 1574
f 1542 1581 1582
f 1542 1582 1583
f 1542 1583 1545
f 1542 1544 1584
f 1542 1584 1585
f 1542 1585 1586
f 1542 1586 1587
f 1542 1587 1588
f 1542 1588 1589
f 1542 1589 1590
f 1542 1590 1591
f 1542 1591 1581
f 1543 1592 1544
f 1543 1578 1592
f 1544 1592 1593
f 1544 1593 1585
f 1544 1585 1584
f 1545 1583 1546
f 1546 1583 1547
f 1547 1583 1569
f 1548 1594 1550
f 1548 1549 1572
f 1548 1572 1582
f 1548 1582 1595
f 1548 1595 1596
f 1548 1596 1594
f 1550 1594 1596
f 1550 1596 1551
f 1551 1596 1552
f 1552 1596 1553
f 1553 1596 1554
f 1554 1596 1556
f 1555 1568 1573
f 1559 1597 1560
f 1560 1598 1561
f 1560 1597 1599
f 1560 1599 1600
f 1560 1600 1601
f 1560 1601 1598
f 1561 1598 1562
f 1562 1598 1602
f 1562 1602 1563
f 1563 1602 1566
f 1564 1603 1565
f 1564 1566 1603
f 1565 1604 1567
f 1565 1603 1604
f 1566 1602 1605
f 1566 1605 1603
f 1567 1604 1606
f 1567 1606 1579
f 1567 1579 1568
f 1568 1579 1573
f 1569 1583 1570
f 1570 1583 1571
f 1571 1583 1572
f 1572 1583 1582
f 1574 1607 1608
f 1574 1608 1575
f 1574 1580 1609
f 1574 1609 1610
f 1574 1610 1611
f 1574 1611 1607
f 1575 1612 1613
f 1575 1613 1576
f 1575 1608 1612
f 1576 1613 1614
f 1576 1614 1577
f 1577 1614 1615
f 1577 1615 1592
f 1577 1592 1578
f 1579 1606 1580
f 1580 1606 1616
f 1580 1616 1610
f 1580 1610 1609
f 1581 1591 1617
f 1581 1617 1618
f 1581 1618 1619
f 1581 1619 1596
f 1581 1596 1595
f 1581 1595 1582
f 1598 1601 1602
f 1599 1620 1621
f 1599 1621 1600
f 1600 1602 1601
f 1600 1621 1622
f 1600 1622 1602
f 1602 1622 1623
f 1602 1623 1624
f 1602 1624 1605
f 1603 1625 1616
f 1603 1616 1604
f 1603 1605 1626
f 1603 1626 1627
f 1603 1627 1625
f 1604 1616 1606
f 1605 1624 1628
f 1605 1628 1629
f 1605 1629 1626
f 1607 1630 1631
f 1607 1631 1608
f 1607 1611 1630
f 1608 1631 1612
f 1610 1632 1611
f 1610 1616 1633
f 1610 1633 1650
f 1610 1650 1632
f 1611 1632 1634
f 1611 1634 1635
f 1611 1635 1630
f 1612 1631 1636
f 1612 1636 1637
f 1612 1637 1613
f 1613 1637 1614
f 1614 1637 1638
f 1614 1638 1615
f 1616 1625 1633
f 1620 1639 1640
f 1620 1640 1641
f 1620 1641 1621
f 1621 1641 1642
f 1621 1642 1622
f 1622 1642 1643
f 1622 1643 1625
f 1622 1625 1623
f 1623 1625 1644
f 1623 1644 1624
f 1624 1644 1627
f 1624 1627 1628
f 1625 1627 1644
f 1625 1643 1642
f 1625 1642 1645
f 1625 1645 1646
f 1625 1646 1647
f 1625 1647 1633
f 1626 1629 1627
f 1627 1629 1628
f 1630 1635 1636
f 1630 1636 1631
f 1632 1648 1649
f 1632 1649 1634
f 1632 1650 1651
f 1632 1651 1652
f 1632 1652 1653
f 1632 1653 1648
f 1633 1647 1650
f 1634 1649 1635
f 1639 1654 1640
f 1640 1655 1656
f 1640 1656 1641
f 1640 1654 1657
f 1640 1657 1658
f 1640 1658 1655
f 1641 1656 1642
f 1642 1656 1655
f 1642 1655 1658
f 1642 1658 1659
f 1642 1659 1645
f 1645 1659 1660
f 1645 1660 1646
f 1646 1660 1661
f 1646 1661 1647
f 1647 1661 1662
f 1647 1662 1663
f 1647 1663 1650
f 1650 1664 1665
f 1650 1665 1652
f 1650 1652 1651
f 1650 1663 1666
f 1650 1666 1667
f 1650 1667 1664
f 1657 1668 1659
f 1657 1659 1658
f 1659 1668 1660
f 1660 1668 1669
f 1660 1669 1661
f 1661 1669 1662
f 1662 1669 1670
f 1662 1670 1663
f 1663 1670 1666
f 1666 1670 1667
f 1667 1670 1671
f 1669 1672 1670
f 1670 1672 1671

o geometry_12
v 0.00310192 0.00122825 0.02276586
v 0.00310085 -0.00132670 0.02276632
v 0.00331453 0.00142263 0.02304159
v 0.00357868 -0.00361416 0.02276677
v 0.00343050 -0.00327178 0.02276677
v 0.00318809 -0.00223816 0.02276677
v 0.00443018 -0.00493198 0.02276677
v 0.00419609 -0.00466806 0.02276677
v 0.00331238 -0.00130530 0.02304340
v 0.00408228 0.00121265 0.02396369
v 0.00332419 0.00184169 0.02302893
v 0.00334567 -0.00224463 0.02300091
v 0.00332419 -0.00193523 0.02302713
v 0.00459661 0.00417686 0.02276586
v 0.00516893 -0.00493198 0.02276677
v 0.00540946 -0.00493198 0.02392210
v 0.00505189 -0.00465825 0.02380729
v 0.00508410 -0.00418124 0.02419150
v 0.00408120 -0.00132670 0.02396324
v 0.00316313 0.00206906 0.02276586
v 0.00464923 -0.00334578 0.02420958
v 0.00470077 -0.00235519 0.02457300
v 0.00392550 0.00417686 0.02276586
v 0.01406621 0.00417686 0.03070315
v 0.01406729 -0.00493198 0.03022041
v 0.00469433 0.00226165 0.02458204
v 0.00339721 0.00268160 0.02293763
v 0.00378699 0.00394147 0.02276586
v 0.01406621 0.00417686 0.03131517
v 0.01406729 -0.00151528 0.03194979
v 0.01406729 -0.00493198 0.03088034
v 0.00670335 -0.00468679 0.02551408
v 0.00632646 -0.00421333 0.02547250
v 0.00466748 -0.00193523 0.02461368
v 0.00465782 -0.00151528 0.02462634
v 0.00465728 0.00121265 0.02462679
v 0.00466856 0.00184169 0.02461368
v 0.00470077 0.00268160 0.02447943
v 0.00334030 0.00289158 0.02276586
v 0.00544972 -0.00293920 0.02519609
v 0.00630069 -0.00341622 0.02591727
v 0.00500142 0.00382467 0.02428281
v 0.00674953 -0.00493198 0.02531294
v 0.00459661 0.00296425 0.02426925
v 0.00590232 -0.00203955 0.02589648
v 0.01406621 0.00329593 0.03166684
v 0.01289043 0.00417686 0.03054314
v 0.01298063 0.00337886 0.03097345
v 0.01406621 -0.00004989 0.03200132
v 0.01406621 0.00245290 0.03186210
v 0.00799940 -0.00464755 0.02673903
v 0.00546744 -0.00173194 0.02549239
v 0.00545885 -0.00004632 0.02550143
v 0.00546959 0.00162324 0.02549058
v 0.00541590 0.00300348 0.02512626
v 0.00509162 0.00417686 0.02416529
v 0.01194390 0.00376894 0.03012593
v 0.01376609 -0.00004632 0.03184312
v 0.01406729 -0.00230392 0.03189510
v 0.01341873 0.00294642 0.03138116
v 0.01286305 0.00205167 0.03118748
v 0.01381388 0.00142263 0.03181510
v 0.01406729 -0.00448795 0.03118228
v 0.00777015 -0.00374367 0.02707171
v 0.00588084 -0.00142745 0.02591818
v 0.00588058 0.00127306 0.02591886
v 0.00592702 0.00226165 0.02587207
v 0.00608620 0.00268160 0.02592473
v 0.00641639 -0.00235519 0.02631843
v 0.00925142 0.00417686 0.02802183
v 0.01037915 0.00375066 0.02907027
v 0.01055390 0.00320699 0.02941018
v 0.01211409 0.00283095 0.03057162
v 0.01272319 -0.00004632 0.03121144
v 0.01249636 -0.00163096 0.03100984
v 0.01188431 0.00198302 0.03058427
v 0.01246736 0.00100267 0.03102770
v 0.01284211 -0.00463106 0.03029815
v 0.00883694 -0.00493198 0.02719058
v 0.00917518 -0.00472958 0.02764395
v 0.00923638 -0.00425435 0.02801370
v 0.00759781 -0.00331814 0.02714312
v 0.00758626 -0.00193523 0.02745569
v 0.00740345 -0.00132670 0.02731941
v 0.00754694 0.00121265 0.02744518
v 0.00753338 0.00184169 0.02741207
v 0.00753727 0.00226165 0.02735376
v 0.00624593 0.00302042 0.02596971
v 0.00734762 -0.00235519 0.02717748
v 0.00634901 0.00417686 0.02548606
v 0.01079013 0.00247163 0.02977563
v 0.01171519 -0.00088534 0.03055941
v 0.01175008 -0.00180773 0.03053500
v 0.01172646 0.00121265 0.03055128
v 0.01320880 -0.00427084 0.03075061
v 0.01133990 -0.00466539 0.02926938
v 0.01268427 -0.00493198 0.02997542
v 0.00900337 -0.00345144 0.02824196
v 0.00883533 -0.00319421 0.02821348
v 0.00841548 -0.00274260 0.02799787
v 0.00779323 -0.00132670 0.02765887
v 0.00753982 0.00294642 0.02719465
v 0.00709582 0.00382378 0.02637832
v 0.00885090 0.00368290 0.02798477
v 0.00937275 0.00280732 0.02869668
v 0.01005836 0.00238336 0.02928610
v 0.01049055 -0.00180060 0.02969608
v 0.01341765 -0.00304174 0.03138207
v 0.01406729 -0.00298467 0.03178481
v 0.01201531 -0.00235519 0.03063535
v 0.01049055 0.00170884 0.02969608
v 0.01170821 0.00005844 0.03056416
v 0.01406729 -0.00379026 0.03152852
v 0.01194390 -0.00385980 0.03012548
v 0.01064302 -0.00411971 0.02910620
v 0.01012332 -0.00493198 0.02817551
v 0.00899371 -0.00277514 0.02845350
v 0.00884070 0.00310156 0.02820987
v 0.00877896 -0.00151528 0.02846299
v 0.01040680 -0.00241738 0.02954329
v 0.00877896 0.00142263 0.02846299
v 0.01046317 -0.00004632 0.02971551
v 0.01003634 -0.00318150 0.02909106
v 0.01031016 -0.00379338 0.02904518
v 0.00881117 -0.00219826 0.02843768
v 0.00798544 0.00289649 0.02758971
v 0.00800638 0.00391205 0.02715442
v 0.00880687 0.00196429 0.02844175
v 0.01088140 -0.00306403 0.02971506
f 1673 1674 1675
f 1673 1692 1711
f 1673 1711 1700
f 1673 1700 1695
f 1673 1695 1686
f 1673 1686 1674
f 1674 1676 1677
f 1674 1677 1678
f 1674 1687 1679
f 1674 1679 1680
f 1674 1680 1676
f 1674 1681 1675
f 1675 1681 1682
f 1675 1683 1673
f 1678 1677 1684
f 1678 1684 1685
f 1678 1685 1674
f 1674 1685 1681
f 1674 1686 1687
f 1679 1687 1697
f 1679 1697 1703
f 1679 1703 1769
f 1679 1769 1788
f 1679 1788 1751
f 1679 1751 1715
f 1679 1715 1688
f 1679 1688 1689
f 1679 1689 1680
f 1680 1690 1676
f 1683 1692 1673
f 1676 1693 1677
f 1677 1693 1684
f 1684 1694 1685
f 1686 1695 1728
f 1686 1728 1762
f 1686 1762 1742
f 1686 1742 1719
f 1686 1719 1701
f 1686 1701 1696
f 1686 1696 1697
f 1686 1697 1687
f 1680 1689 1690
f 1681 1685 1691
f 1681 1691 1682
f 1675 1682 1683
f 1683 1699 1692
f 1676 1690 1693
f 1696 1701 1702
f 1696 1702 1697
f 1697 1702 1731
f 1697 1731 1781
f 1697 1781 1785
f 1697 1785 1735
f 1697 1735 1703
f 1689 1688 1704
f 1689 1704 1705
f 1691 1685 1706
f 1691 1706 1707
f 1691 1707 1708
f 1691 1708 1682
f 1682 1709 1683
f 1698 1710 1699
f 1698 1699 1683
f 1699 1711 1692
f 1693 1690 1713
f 1693 1713 1712
f 1693 1694 1684
f 1693 1712 1694
f 1690 1689 1705
f 1694 1706 1685
f 1700 1714 1695
f 1688 1715 1704
f 1682 1708 1709
f 1709 1698 1683
f 1710 1716 1699
f 1690 1705 1713
f 1694 1717 1706
f 1714 1700 1716
f 1701 1718 1702
f 1701 1720 1718
f 1702 1718 1722
f 1702 1722 1721
f 1704 1715 1723
f 1706 1724 1707
f 1707 1724 1725
f 1708 1707 1725
f 1708 1725 1726
f 1708 1726 1709
f 1709 1726 1698
f 1716 1710 1727
f 1716 1727 1714
f 1699 1716 1711
f 1711 1716 1700
f 1717 1724 1706
f 1714 1728 1695
f 1719 1729 1701
f 1701 1729 1720
f 1721 1730 1702
f 1718 1732 1722
f 1722 1732 1733
f 1722 1734 1721
f 1721 1734 1730
f 1704 1723 1705
f 1713 1705 1736
f 1724 1717 1737
f 1726 1725 1738
f 1698 1726 1739
f 1698 1739 1740
f 1698 1740 1710
f 1726 1738 1739
f 1727 1710 1740
f 1712 1717 1694
f 1712 1713 1741
f 1712 1741 1717
f 1719 1742 1743
f 1719 1743 1729
f 1729 1743 1744
f 1729 1744 1720
f 1720 1732 1718
f 1720 1744 1745
f 1720 1745 1732
f 1730 1746 1747
f 1730 1747 1702
f 1702 1747 1731
f 1732 1745 1748
f 1732 1748 1733
f 1734 1722 1733
f 1734 1733 1749
f 1730 1734 1749
f 1730 1749 1746
f 1735 1750 1703
f 1723 1751 1752
f 1715 1751 1723
f 1705 1723 1736
f 1736 1754 1713
f 1737 1717 1755
f 1737 1755 1756
f 1724 1737 1725
f 1738 1757 1758
f 1738 1758 1739
f 1739 1758 1759
f 1727 1740 1760
f 1741 1761 1717
f 1717 1761 1755
f 1728 1714 1762
f 1745 1744 1763
f 1747 1764 1765
f 1745 1763 1748
f 1733 1748 1749
f 1749 1748 1766
f 1749 1766 1746
f 1735 1767 1750
f 1750 1767 1768
f 1750 1769 1703
f 1750 1768 1769
f 1723 1752 1753
f 1723 1753 1736
f 1713 1754 1741
f 1741 1754 1761
f 1754 1736 1770
f 1754 1770 1771
f 1754 1771 1772
f 1756 1755 1773
f 1737 1738 1725
f 1738 1737 1756
f 1738 1756 1757
f 1759 1740 1739
f 1759 1774 1740
f 1760 1775 1762
f 1760 1762 1714
f 1760 1714 1727
f 1743 1742 1776
f 1743 1776 1744
f 1744 1776 1777
f 1744 1777 1763
f 1747 1746 1764
f 1764 1779 1765
f 1731 1780 1781
f 1731 1747 1782
f 1731 1782 1780
f 1747 1765 1782
f 1748 1783 1766
f 1748 1763 1783
f 1766 1784 1746
f 1735 1785 1767
f 1767 1785 1786
f 1752 1751 1788
f 1753 1770 1736
f 1771 1789 1772
f 1756 1773 1757
f 1740 1774 1760
f 1775 1760 1774
f 1776 1790 1777
f 1763 1777 1778
f 1763 1778 1783
f 1746 1784 1764
f 1779 1792 1765
f 1784 1766 1783
f 1786 1795 1796
f 1786 1796 1787
f 1786 1787 1767
f 1767 1787 1768
f 1768 1788 1769
f 1787 1796 1753
f 1787 1753 1768
f 1752 1788 1768
f 1752 1768 1753
f 1753 1796 1770
f 1772 1761 1754
f 1770 1796 1795
f 1770 1795 1771
f 1789 1797 1772
f 1772 1797 1761
f 1757 1773 1793
f 1757 1793 1758
f 1774 1798 1776
f 1774 1776 1799
f 1774 1759 1798
f 1775 1774 1799
f 1775 1799 1762
f 1742 1799 1776
f 1776 1798 1790
f 1777 1800 1778
f 1778 1800 1783
f 1764 1784 1794
f 1765 1792 1782
f 1791 1779 1794
f 1779 1797 1792
f 1792 1801 1782
f 1780 1782 1801
f 1793 1783 1800
f 1783 1793 1794
f 1783 1794 1784
f 1785 1780 1786
f 1786 1780 1801
f 1786 1801 1795
f 1771 1795 1789
f 1795 1801 1792
f 1795 1792 1789
f 1789 1792 1797
f 1797 1755 1761
f 1755 1797 1773
f 1773 1797 1791
f 1793 1800 1758
f 1762 1799 1742
f 1790 1798 1777
f 1777 1798 1800
f 1800 1759 1758
f 1764 1794 1779
f 1791 1797 1779
f 1780 1785 1781
f 1773 1791 1793
f 1798 1759 1800
f 1793 1791 1794

o geometry_13
v 0.01997374 0.00292300 0.01989262
v 0.01997374 0.00475627 0.01989262
v 0.02033570 -0.00119546 0.01989262
v 0.01997374 0.00534197 0.02145253
v 0.01997374 0.00501247 0.02002370
v 0.02031373 0.00449437 0.01989262
v 0.02130784 -0.00119546 0.01989262
v 0.03225856 -0.00119546 0.03095932
v 0.02929045 0.00607500 0.03095932
v 0.02373688 0.00607500 0.02444128
v 0.01997374 0.00534197 0.02028369
v 0.02373688 0.00542168 0.02254339
v 0.02060976 0.00410900 0.01989262
v 0.02394759 0.00458120 0.02212850
v 0.02204986 0.00037414 0.02026365
v 0.02204986 -0.00119546 0.02026852
v 0.03307556 -0.00119546 0.03095932
v 0.03053793 0.00607500 0.03095932
v 0.02373688 0.00607500 0.02332226
v 0.02373688 0.00566650 0.02276871
v 0.02449054 0.00607500 0.02367107
v 0.02403550 0.00508435 0.02249139
v 0.02467540 0.00576186 0.02345767
v 0.02500828 0.00542026 0.02338563
v 0.02480597 0.00501959 0.02295612
v 0.02518991 0.00455700 0.02297886
v 0.02416413 0.00419903 0.02212795
v 0.02303363 0.00403321 0.02133229
v 0.02546655 -0.00004504 0.02265930
v 0.02545750 -0.00119546 0.02266688
v 0.03250805 -0.00119546 0.02988797
v 0.03027809 0.00607500 0.03005262
v 0.03107571 0.00576328 0.03095932
v 0.02570183 0.00607500 0.02456044
v 0.02629164 0.00455237 0.02385442
v 0.02529850 0.00410936 0.02289870
v 0.02310990 0.00375281 0.02128571
v 0.02185660 0.00355674 0.02044239
v 0.02127035 0.00205298 0.01989262
v 0.02654146 -0.00029893 0.02345821
v 0.02666879 -0.00119546 0.02357358
v 0.03317898 -0.00004575 0.03095932
v 0.02683685 0.00607500 0.02553213
v 0.02695836 0.00589352 0.02542056
v 0.02606379 0.00543378 0.02421271
v 0.02646454 0.00500037 0.02422571
v 0.02770168 0.00454063 0.02508583
v 0.02648005 0.00399905 0.02379511
v 0.02198006 0.00289168 0.02035843
v 0.02438712 0.00363894 0.02211387
v 0.02095621 0.00352578 0.01989262
v 0.02204986 0.00184339 0.02029018
v 0.02545427 0.00131924 0.02267013
v 0.02656214 0.00068941 0.02347961
v 0.03166778 -0.00119546 0.02862812
v 0.03246636 -0.00056954 0.02975879
v 0.03047588 0.00585082 0.02989663
v 0.02952055 0.00607500 0.02873537
v 0.02787103 0.00607500 0.02659807
v 0.02779217 0.00589494 0.02625576
v 0.02728219 0.00518363 0.02508583
v 0.02547851 0.00337135 0.02285185
v 0.02760602 0.00394140 0.02475435
v 0.02115723 0.00288386 0.01989262
v 0.02399639 0.00215795 0.02166892
v 0.02784259 -0.00119546 0.02454311
v 0.03247218 0.00016473 0.02975879
v 0.02979267 0.00580954 0.02866766
v 0.02864925 0.00607500 0.02750369
v 0.03148421 0.00537436 0.03095932
v 0.02898666 0.00584228 0.02757193
v 0.02820714 0.00548502 0.02625251
v 0.02818516 0.00505659 0.02586253
v 0.02861306 0.00426592 0.02584953
v 0.02773788 0.00298634 0.02463302
v 0.02658412 0.00331157 0.02371061
v 0.02856523 0.00334644 0.02548230
v 0.02445176 0.00310163 0.02206567
v 0.02796281 0.00016455 0.02462273
v 0.02882313 -0.00119546 0.02544818
v 0.03075770 -0.00119546 0.02746577
v 0.03171949 -0.00004504 0.02863787
v 0.03066527 0.00542453 0.02945087
v 0.02900993 0.00544801 0.02712671
v 0.02939645 0.00499468 0.02716462
v 0.02936026 0.00450932 0.02678440
v 0.02945979 0.00408516 0.02667553
v 0.02552101 0.00255693 0.02278496
v 0.02982305 0.00313757 0.02674052
v 0.02666879 0.00184339 0.02360824
v 0.02783871 0.00121463 0.02454636
v 0.02894400 -0.00025462 0.02553105
v 0.02976229 -0.00119546 0.02637384
v 0.03244471 0.00101811 0.02977856
v 0.03168458 0.00100433 0.02863787
v 0.03311693 0.00084616 0.03095932
v 0.03160056 0.00512136 0.03073617
v 0.03105955 0.00496763 0.02949907
v 0.03027163 0.00504592 0.02836814
v 0.02988381 0.00548502 0.02832697
v 0.03204913 0.00454205 0.03095932
v 0.03022897 0.00413498 0.02759685
v 0.03060515 0.00364321 0.02785954
v 0.02664164 0.00268245 0.02366132
v 0.02866606 0.00226328 0.02539239
v 0.02986959 0.00268245 0.02668365
v 0.02876883 0.00116214 0.02539876
v 0.02978104 -0.00004504 0.02635325
v 0.03077515 -0.00046457 0.02744682
v 0.03068563 0.00026952 0.02733876
v 0.03190693 0.00456056 0.03054551
v 0.03110803 0.00462674 0.02921309
v 0.03026258 0.00461749 0.02797058
v 0.03109251 0.00418764 0.02882636
v 0.03062261 0.00295965 0.02762772
v 0.02780381 0.00205333 0.02457615
v 0.03067884 0.00240063 0.02755839
v 0.02973386 0.00184339 0.02640633
v 0.03242855 0.00205333 0.02995080
v 0.03074477 0.00142493 0.02748202
v 0.03278082 0.00292371 0.03095932
v 0.03190435 0.00413782 0.03011654
v 0.03151782 0.00379693 0.02922500
v 0.03145254 0.00338096 0.02891031
v 0.03152881 0.00282123 0.02879874
v 0.03160444 0.00205333 0.02869420
v 0.02975971 0.00121463 0.02637709
v 0.03233870 0.00290663 0.03010029
v 0.03295275 0.00208251 0.03095932
f 1802 1803 1807
f 1802 1807 1814
f 1802 1814 1852
f 1802 1852 1865
f 1802 1865 1840
f 1802 1840 1808
f 1802 1808 1804
f 1802 1804 1805
f 1802 1805 1812
f 1802 1812 1806
f 1802 1806 1803
f 1803 1806 1807
f 1804 1808 1817
f 1804 1817 1831
f 1804 1831 1842
f 1804 1842 1867
f 1804 1867 1881
f 1804 1881 1894
f 1804 1894 1882
f 1804 1882 1856
f 1804 1856 1832
f 1804 1832 1818
f 1804 1818 1809
f 1804 1809 1810
f 1804 1810 1805
f 1805 1811 1820
f 1805 1820 1812
f 1805 1810 1811
f 1807 1815 1814
f 1808 1816 1817
f 1809 1818 1843
f 1809 1843 1897
f 1809 1897 1930
f 1809 1930 1922
f 1809 1922 1902
f 1809 1902 1871
f 1809 1871 1834
f 1809 1834 1819
f 1809 1819 1810
f 1810 1819 1833
f 1810 1833 1859
f 1810 1859 1870
f 1810 1870 1860
f 1810 1860 1844
f 1810 1844 1835
f 1810 1835 1822
f 1810 1822 1820
f 1810 1820 1811
f 1812 1821 1813
f 1812 1820 1822
f 1812 1822 1821
f 1806 1812 1813
f 1813 1823 1806
f 1813 1821 1824
f 1813 1824 1825
f 1806 1823 1807
f 1807 1823 1815
f 1815 1823 1826
f 1815 1826 1827
f 1815 1827 1828
f 1815 1828 1829
f 1816 1830 1817
f 1817 1830 1831
f 1819 1834 1833
f 1821 1822 1824
f 1822 1835 1824
f 1825 1826 1813
f 1813 1826 1823
f 1814 1815 1829
f 1827 1826 1836
f 1827 1837 1828
f 1827 1836 1837
f 1828 1838 1829
f 1829 1838 1839
f 1829 1839 1814
f 1808 1840 1816
f 1830 1841 1831
f 1831 1841 1842
f 1832 1843 1818
f 1835 1844 1845
f 1824 1835 1845
f 1824 1845 1846
f 1824 1846 1825
f 1825 1846 1847
f 1825 1847 1826
f 1826 1847 1836
f 1836 1847 1848
f 1837 1836 1849
f 1836 1848 1849
f 1838 1850 1839
f 1838 1828 1851
f 1839 1852 1814
f 1816 1840 1853
f 1816 1853 1854
f 1816 1854 1830
f 1830 1854 1855
f 1830 1855 1841
f 1832 1857 1843
f 1833 1858 1859
f 1833 1834 1858
f 1844 1860 1861
f 1844 1861 1845
f 1846 1845 1862
f 1846 1862 1847
f 1847 1862 1848
f 1837 1849 1863
f 1837 1863 1851
f 1837 1851 1828
f 1849 1848 1864
f 1838 1851 1850
f 1850 1865 1852
f 1850 1852 1839
f 1853 1866 1854
f 1842 1841 1867
f 1832 1856 1857
f 1857 1868 1843
f 1858 1869 1859
f 1834 1871 1858
f 1861 1860 1872
f 1861 1873 1845
f 1845 1873 1862
f 1862 1873 1874
f 1862 1874 1848
f 1848 1874 1875
f 1848 1875 1864
f 1849 1864 1876
f 1849 1876 1877
f 1849 1877 1863
f 1864 1875 1878
f 1864 1878 1876
f 1850 1851 1879
f 1851 1863 1879
f 1850 1879 1853
f 1850 1853 1865
f 1840 1865 1853
f 1855 1880 1841
f 1841 1880 1867
f 1857 1856 1883
f 1857 1883 1868
f 1858 1871 1884
f 1858 1884 1869
f 1859 1869 1872
f 1859 1872 1870
f 1870 1872 1860
f 1872 1885 1861
f 1861 1885 1873
f 1873 1885 1886
f 1873 1886 1874
f 1874 1886 1887
f 1875 1874 1887
f 1875 1887 1888
f 1863 1889 1879
f 1875 1888 1890
f 1875 1890 1878
f 1879 1866 1853
f 1866 1879 1889
f 1866 1889 1854
f 1854 1889 1891
f 1854 1891 1855
f 1855 1891 1892
f 1855 1892 1880
f 1867 1880 1893
f 1867 1893 1881
f 1868 1895 1843
f 1868 1883 1896
f 1871 1898 1884
f 1884 1898 1899
f 1884 1900 1901
f 1884 1901 1869
f 1869 1901 1872
f 1872 1901 1885
f 1871 1902 1898
f 1885 1901 1900
f 1885 1900 1886
f 1887 1886 1903
f 1887 1903 1888
f 1888 1903 1904
f 1888 1904 1890
f 1876 1905 1877
f 1876 1878 1906
f 1877 1905 1863
f 1863 1905 1889
f 1889 1905 1891
f 1890 1907 1878
f 1878 1907 1906
f 1892 1908 1880
f 1880 1908 1893
f 1893 1909 1881
f 1881 1909 1894
f 1856 1882 1910
f 1856 1910 1883
f 1882 1894 1910
f 1894 1909 1910
f 1868 1896 1895
f 1895 1897 1843
f 1883 1910 1911
f 1898 1912 1899
f 1884 1899 1900
f 1900 1899 1913
f 1898 1902 1912
f 1886 1900 1914
f 1886 1914 1903
f 1903 1914 1915
f 1903 1915 1904
f 1904 1916 1890
f 1905 1876 1917
f 1876 1906 1917
f 1890 1916 1918
f 1890 1918 1907
f 1907 1919 1906
f 1905 1917 1891
f 1891 1917 1892
f 1892 1917 1908
f 1908 1917 1906
f 1909 1911 1910
f 1895 1920 1897
f 1883 1911 1896
f 1896 1911 1921
f 1912 1902 1922
f 1912 1913 1899
f 1900 1913 1914
f 1913 1912 1923
f 1913 1923 1915
f 1913 1915 1914
f 1915 1924 1925
f 1915 1925 1904
f 1916 1904 1926
f 1904 1925 1926
f 1916 1926 1927
f 1916 1927 1918
f 1908 1906 1928
f 1908 1928 1909
f 1908 1909 1893
f 1911 1909 1928
f 1895 1896 1927
f 1896 1921 1927
f 1921 1911 1928
f 1921 1928 1919
f 1912 1922 1923
f 1923 1924 1915
f 1925 1924 1929
f 1925 1929 1926
f 1926 1929 1920
f 1926 1920 1927
f 1906 1919 1928
f 1918 1921 1907
f 1918 1927 1921
f 1907 1921 1919
f 1927 1920 1895
f 1920 1930 1897
f 1923 1929 1924
f 1929 1922 1920
f 1920 1922 1930
f 1922 1929 1923

o geometry_14
v 0.01311721 -0.00235333 0.01085689
v 0.01290853 -0.00520234 0.01320685
v 0.01311465 -0.00415852 0.01221754
v 0.01306269 -0.00268994 0.01085689
v 0.01303629 -0.00263101 0.01076371
v 0.01267003 -0.00235492 0.00972248
v 0.01266918 -0.00235333 0.00972063
v 0.01262233 -0.00235333 0.01085689
v 0.01304566 -0.00429444 0.01221754
v 0.01226459 -0.00520234 0.01320685
v 0.01285997 -0.00526021 0.01320685
v 0.01084470 -0.00540675 0.00847078
v 0.01100654 -0.00520553 0.00847078
v 0.01126122 -0.00485245 0.00847078
v 0.01136683 -0.00470167 0.00847078
v 0.01279439 -0.00361484 0.01085689
v 0.01291364 -0.00322247 0.01085689
v 0.01179272 -0.00388933 0.00847078
v 0.01188300 -0.00365094 0.00847078
v 0.01220327 -0.00332335 0.00903126
v 0.01199969 -0.00332335 0.00850277
v 0.01264448 -0.00235333 0.00966036
v 0.01260274 -0.00235333 0.01081378
v 0.00538320 -0.00736379 0.01320685
v 0.01148012 -0.00448982 0.00847078
v 0.01282420 -0.00530269 0.01320685
v 0.01063347 -0.00564408 0.00847078
v 0.01262915 -0.00553046 0.01320685
v 0.01219219 -0.00343166 0.00909246
v 0.01192389 -0.00352192 0.00847078
v 0.01198521 -0.00332335 0.00847078
v 0.01215131 -0.00235333 0.00966036
v 0.01252608 -0.00235333 0.01064457
v 0.00493687 -0.00736379 0.01221754
v 0.00538320 -0.00777633 0.01320685
v 0.01043756 -0.00585327 0.00847078
v 0.01257634 -0.00558462 0.01320685
v 0.01148693 -0.00332335 0.00847078
v 0.01251586 -0.00235333 0.01061814
v 0.00441559 -0.00736326 0.00966129
v 0.00441559 -0.00736326 0.01085736
v 0.00493687 -0.00777633 0.01221754
v 0.00661911 -0.00777633 0.01320685
v 0.01022718 -0.00604759 0.00847078
v 0.01247327 -0.00569027 0.01320685
v 0.01242132 -0.00574230 0.01320685
v 0.01221264 -0.00594937 0.01320685
v 0.00690019 -0.00722574 0.00847078
v 0.00441559 -0.00737335 0.00966036
v 0.00441559 -0.00736910 0.01085736
v 0.00441559 -0.00777633 0.01085597
v 0.00703903 -0.00777580 0.01320685
v 0.00651860 -0.00777633 0.01184574
v 0.00998272 -0.00625784 0.00847078
v 0.01197329 -0.00614316 0.01320685
v 0.00690019 -0.00766430 0.00847078
v 0.00441559 -0.00777633 0.00966036
v 0.00735758 -0.00777155 0.01320685
v 0.00693767 -0.00777580 0.01268577
v 0.00567791 -0.00777633 0.00966036
v 0.00977659 -0.00642721 0.00848840
v 0.00977233 -0.00642456 0.00847078
v 0.01174331 -0.00632740 0.01320685
v 0.00690019 -0.00768448 0.00887179
v 0.00651860 -0.00775137 0.00966036
v 0.00643087 -0.00775562 0.00966036
v 0.00609868 -0.00776996 0.00966036
v 0.00601180 -0.00777155 0.00966036
v 0.00691978 -0.00766111 0.00847078
v 0.00693767 -0.00765952 0.00848840
v 0.00861734 -0.00766377 0.01320685
v 0.00829878 -0.00770996 0.01320685
v 0.00693767 -0.00768129 0.00890841
v 0.00745894 -0.00776836 0.01320685
v 0.00693767 -0.00777314 0.01226622
v 0.00651860 -0.00777208 0.01100663
v 0.00609868 -0.00777102 0.00974798
v 0.00735758 -0.00777049 0.01310532
v 0.00651860 -0.00777527 0.01142665
v 0.00609868 -0.00777420 0.01016753
v 0.00942737 -0.00665870 0.00847078
v 0.00976211 -0.00643199 0.00847078
v 0.01164025 -0.00640173 0.01320685
v 0.01160192 -0.00642881 0.01320685
v 0.00690019 -0.00770253 0.00929180
v 0.00819742 -0.00771792 0.01310532
v 0.00693767 -0.00769987 0.00932796
v 0.00684993 -0.00772217 0.00966036
v 0.00693767 -0.00773332 0.01016753
v 0.00693767 -0.00774606 0.01058801
v 0.00787886 -0.00774872 0.01320685
v 0.00777750 -0.00775509 0.01320685
v 0.00651860 -0.00776146 0.01016753
v 0.00651860 -0.00776730 0.01058801
v 0.00735758 -0.00776518 0.01268577
v 0.00693852 -0.00765793 0.00847078
v 0.00718638 -0.00761014 0.00847078
v 0.00888991 -0.00761439 0.01320685
v 0.00861734 -0.00765740 0.01310532
v 0.00869741 -0.00764943 0.01320685
v 0.00819742 -0.00772217 0.01320685
v 0.01128081 -0.00664224 0.01320685
v 0.00926128 -0.00676861 0.00847078
v 0.00777750 -0.00774182 0.01268577
v 0.00817868 -0.00730698 0.00847078
v 0.00987369 -0.00733140 0.01320685
v 0.00882602 -0.00760218 0.01289253
v 0.00886861 -0.00761067 0.01310532
v 0.01121692 -0.00668260 0.01320685
v 0.00908070 -0.00687161 0.00847078
v 0.01100739 -0.00681108 0.01320685
v 0.00819742 -0.00730061 0.00847078
v 0.00819657 -0.00730326 0.00848840
v 0.00996313 -0.00730167 0.01320685
v 0.00865482 -0.00709567 0.00847078
v 0.01080212 -0.00691249 0.01320685
v 0.00843932 -0.00720398 0.00847078
v 0.01017351 -0.00722150 0.01320685
f 1931 1932 1933
f 1931 1933 1934
f 1931 1934 1935
f 1931 1935 1936
f 1931 1936 1937
f 1931 1937 1952
f 1931 1952 1962
f 1931 1962 1969
f 1931 1969 1963
f 1931 1963 1953
f 1931 1953 1938
f 1931 1938 1940
f 1931 1940 1932
f 1932 1939 1933
f 1932 1940 1954
f 1932 1954 1965
f 1932 1965 1973
f 1932 1973 1982
f 1932 1982 1988
f 1932 1988 2004
f 1932 2004 2022
f 1932 2022 2021
f 1932 2021 2031
f 1932 2031 2002
f 1932 2002 2001
f 1932 2001 2030
f 1932 2030 2028
f 1932 2028 2036
f 1932 2036 2044
f 1932 2044 2048
f 1932 2048 2046
f 1932 2046 2041
f 1932 2041 2039
f 1932 2039 2032
f 1932 2032 2014
f 1932 2014 2013
f 1932 2013 1993
f 1932 1993 1985
f 1932 1985 1977
f 1932 1977 1976
f 1932 1976 1975
f 1932 1975 1967
f 1932 1967 1958
f 1932 1958 1956
f 1932 1956 1941
f 1932 1941 1942
f 1932 1942 1943
f 1932 1943 1944
f 1932 1944 1945
f 1932 1945 1939
f 1933 1946 1947
f 1933 1947 1934
f 1933 1939 1948
f 1933 1948 1949
f 1933 1949 1946
f 1934 1936 1935
f 1934 1947 1950
f 1934 1950 1951
f 1934 1951 1936
f 1936 1952 1937
f 1936 1951 1952
f 1938 1953 1954
f 1938 1954 1940
f 1939 1945 1955
f 1939 1955 1948
f 1941 1956 1942
f 1942 1957 1966
f 1942 1966 1974
f 1942 1974 1984
f 1942 1984 1992
f 1942 1992 2012
f 1942 2012 2011
f 1942 2011 2033
f 1942 2033 2040
f 1942 2040 2045
f 1942 2045 2047
f 1942 2047 2042
f 1942 2042 2035
f 1942 2035 2027
f 1942 2027 2026
f 1942 2026 1999
f 1942 1999 1986
f 1942 1986 1978
f 1942 1978 1968
f 1942 1968 1961
f 1942 1961 1960
f 1942 1960 1949
f 1942 1949 1948
f 1942 1948 1955
f 1942 1955 1945
f 1942 1945 1944
f 1942 1944 1943
f 1942 1956 1958
f 1942 1958 1957
f 1946 1949 1959
f 1946 1959 1950
f 1946 1950 1947
f 1949 1960 1951
f 1949 1951 1950
f 1949 1950 1959
f 1951 1960 1961
f 1951 1961 1952
f 1952 1961 1968
f 1952 1968 1962
f 1953 1963 1954
f 1954 1964 1972
f 1954 1972 1965
f 1954 1963 1964
f 1957 1958 1966
f 1958 1967 1966
f 1962 1968 1970
f 1962 1970 1971
f 1962 1971 1969
f 1963 1969 1964
f 1964 1971 1980
f 1964 1980 1972
f 1964 1969 1971
f 1965 1972 1981
f 1965 1981 1987
f 1965 1987 1990
f 1965 1990 1983
f 1965 1983 1973
f 1966 1967 1975
f 1966 1975 1976
f 1966 1976 1977
f 1966 1977 1974
f 1968 1978 1970
f 1970 1978 1979
f 1970 1979 1987
f 1970 1987 1981
f 1970 1981 1980
f 1970 1980 1971
f 1972 1980 1981
f 1973 1983 1982
f 1974 1977 1984
f 1977 1985 1984
f 1978 1986 1987
f 1978 1987 1979
f 1982 1983 1989
f 1982 1989 1988
f 1983 1990 1989
f 1984 1991 1992
f 1984 1985 1993
f 1984 1993 1991
f 1986 1994 1995
f 1986 1995 1996
f 1986 1996 1997
f 1986 1997 1998
f 1986 1998 1990
f 1986 1990 1987
f 1986 1999 2000
f 1986 2000 2001
f 1986 2001 2002
f 1986 2002 2003
f 1986 2003 1994
f 1988 1989 2005
f 1988 2005 2006
f 1988 2006 2007
f 1988 2007 2008
f 1988 2008 2004
f 1989 1990 2009
f 1989 2009 2005
f 1990 1998 2007
f 1990 2007 2010
f 1990 2010 2009
f 1991 2011 2012
f 1991 2012 1992
f 1991 1993 2013
f 1991 2013 2014
f 1991 2014 2011
f 1994 2015 1995
f 1994 2003 2002
f 1994 2002 2016
f 1994 2016 2017
f 1994 2017 2015
f 1995 2015 2018
f 1995 2018 2019
f 1995 2019 2020
f 1995 2020 2021
f 1995 2021 2022
f 1995 2022 2023
f 1995 2023 1996
f 1996 2023 1997
f 1997 2007 1998
f 1997 2023 2024
f 1997 2024 2025
f 1997 2025 2004
f 1997 2004 2008
f 1997 2008 2007
f 1999 2026 2000
f 2000 2026 2027
f 2000 2027 2028
f 2000 2028 2029
f 2000 2029 2001
f 2001 2029 2030
f 2002 2031 2016
f 2004 2025 2022
f 2005 2009 2006
f 2006 2009 2010
f 2006 2010 2007
f 2011 2014 2032
f 2011 2032 2033
f 2015 2019 2018
f 2015 2017 2016
f 2015 2016 2031
f 2015 2031 2019
f 2019 2031 2034
f 2019 2034 2020
f 2020 2034 2021
f 2021 2034 2031
f 2022 2025 2023
f 2023 2025 2024
f 2027 2035 2036
f 2027 2036 2037
f 2027 2037 2038
f 2027 2038 2028
f 2028 2030 2029
f 2028 2038 2036
f 2032 2039 2033
f 2033 2039 2041
f 2033 2041 2040
f 2035 2042 2043
f 2035 2043 2036
f 2036 2038 2037
f 2036 2043 2044
f 2040 2041 2045
f 2041 2046 2047
f 2041 2047 2045
f 2042 2047 2048
f 2042 2048 2044
f 2042 2044 2043
f 2046 2048 2047

o geometry_15
v 0.03383173 0.00308872 0.03451589
v 0.03349962 0.00308872 0.03285533
v 0.03367621 0.00350902 0.03493567
v 0.03380121 0.00308872 0.03619503
v 0.03283177 0.00308872 0.03115837
v 0.03279616 0.00382416 0.03168736
v 0.03317696 0.00373832 0.03262375
v 0.03367549 0.00348621 0.03451589
v 0.03358392 0.00371898 0.03493567
v 0.03273148 0.00368998 0.03140699
v 0.03246187 0.00438250 0.03156654
v 0.03237103 0.00462765 0.03169821
v 0.03314353 0.00409444 0.03317056
v 0.03317769 0.00415862 0.03345093
v 0.03357011 0.00369617 0.03451589
v 0.03324018 0.00424910 0.03535623
v 0.03364715 0.00339109 0.03619503
v 0.03361953 0.00336016 0.03649709
v 0.03351234 0.00308872 0.03722784
v 0.03272204 0.00308872 0.03096010
v 0.03204982 0.00454297 0.03096010
v 0.03227511 0.00491417 0.03199795
v 0.03149607 0.00536116 0.03096010
v 0.03281287 0.00465085 0.03325653
v 0.03284631 0.00469725 0.03367632
v 0.03324963 0.00426380 0.03493567
v 0.03326998 0.00384968 0.03661404
v 0.03191538 0.00541181 0.03220474
v 0.03268280 0.00490721 0.03367632
v 0.03308830 0.00447376 0.03493567
v 0.03267116 0.00491842 0.03535623
v 0.03283904 0.00466670 0.03577602
v 0.03282523 0.00423248 0.03703383
v 0.03315734 0.00371666 0.03721584
v 0.03186378 0.00308872 0.03096010
v 0.03107748 0.00576329 0.03096010
v 0.03150479 0.00583869 0.03257883
v 0.03110437 0.00585338 0.03128694
v 0.03247277 0.00513380 0.03367632
v 0.03227656 0.00535613 0.03409687
v 0.03233760 0.00499421 0.03641267
v 0.03252183 0.00454529 0.03703383
v 0.03276636 0.00416636 0.03726541
v 0.03321366 0.00337562 0.03756979
v 0.02899253 0.00626286 0.03096010
v 0.03323728 0.00308872 0.03781608
v 0.03167629 0.00308988 0.03781608
v 0.03128750 0.00312854 0.03781608
v 0.02640833 0.00424640 0.03770998
v 0.03063563 0.00623773 0.03142636
v 0.02952957 0.00674542 0.03096010
v 0.03152731 0.00585532 0.03283674
v 0.03243062 0.00507696 0.03577602
v 0.03205055 0.00552510 0.03451589
v 0.03206654 0.00553129 0.03409687
v 0.03192265 0.00541684 0.03600605
v 0.03181509 0.00534666 0.03644946
v 0.03198732 0.00504641 0.03695096
v 0.03230635 0.00454800 0.03741528
v 0.03278017 0.00376461 0.03781608
v 0.02899253 0.00697085 0.03096010
v 0.02752892 0.00603241 0.03368483
v 0.02869639 0.00424640 0.03886943
v 0.02844749 0.00424640 0.03884929
v 0.02773458 0.00424640 0.03869284
v 0.02717937 0.00424640 0.03854878
v 0.02640833 0.00424640 0.03822116
v 0.02640833 0.00603241 0.03581707
v 0.03067851 0.00626518 0.03170595
v 0.02999867 0.00665398 0.03199795
v 0.03101571 0.00620873 0.03325653
v 0.03166648 0.00580428 0.03451589
v 0.03150697 0.00583908 0.03519358
v 0.03143284 0.00579500 0.03562421
v 0.03149970 0.00541374 0.03683091
v 0.03190448 0.00498145 0.03723055
v 0.03237830 0.00420580 0.03781608
v 0.03307486 0.00336402 0.03781608
v 0.02899253 0.00424640 0.03886633
v 0.02899253 0.00464389 0.03856349
v 0.02834793 0.00464234 0.03855575
v 0.02640833 0.00603241 0.03682626
v 0.02899253 0.00703890 0.03283674
v 0.02899253 0.00702382 0.03145579
v 0.02899253 0.00700062 0.03115837
v 0.03080568 0.00632898 0.03325653
v 0.02992490 0.00671990 0.03241773
v 0.03112253 0.00585570 0.03607808
v 0.03110073 0.00608538 0.03493567
v 0.03162469 0.00506884 0.03733899
v 0.03096302 0.00586286 0.03628216
v 0.03075990 0.00586924 0.03646689
v 0.03197933 0.00462108 0.03771850
v 0.03206799 0.00445868 0.03781608
v 0.03170391 0.00468140 0.03776420
v 0.02792716 0.00508508 0.03817314
v 0.02686906 0.00499576 0.03808717
v 0.02750785 0.00506497 0.03814758
v 0.02640833 0.00470982 0.03804496
v 0.02686834 0.00583212 0.03724527
v 0.02668738 0.00603241 0.03686886
v 0.02899253 0.00686026 0.03451589
v 0.02899253 0.00693682 0.03407983
v 0.02899253 0.00701493 0.03325653
v 0.02960660 0.00684248 0.03241773
v 0.03044596 0.00649448 0.03367632
v 0.03079478 0.00632744 0.03367632
v 0.03045614 0.00631042 0.03532758
v 0.03032460 0.00628684 0.03567921
v 0.03128532 0.00533796 0.03711283
v 0.03128532 0.00512838 0.03738391
v 0.03002664 0.00633092 0.03574117
v 0.02772586 0.00583173 0.03724527
v 0.02865606 0.00542689 0.03769061
v 0.02899253 0.00505066 0.03815145
v 0.02855759 0.00507870 0.03817701
v 0.02654059 0.00539248 0.03764569
v 0.02640833 0.00525444 0.03770804
v 0.02771750 0.00537856 0.03783312
v 0.02708780 0.00544468 0.03770068
v 0.02640833 0.00579036 0.03719958
v 0.02709871 0.00603241 0.03686731
v 0.02918729 0.00673730 0.03489772
v 0.02918729 0.00683861 0.03451589
v 0.02960660 0.00678177 0.03409687
v 0.02987331 0.00669206 0.03409687
v 0.03057495 0.00632492 0.03493567
v 0.02949033 0.00670096 0.03484815
v 0.02834793 0.00537179 0.03782151
f 2049 2051 2052
f 2049 2052 2067
f 2049 2067 2094
f 2049 2094 2083
f 2049 2083 2068
f 2049 2068 2053
f 2049 2053 2050
f 2050 2053 2054
f 2050 2054 2055
f 2050 2056 2049
f 2049 2056 2051
f 2051 2057 2052
f 2051 2056 2057
f 2054 2053 2058
f 2055 2054 2059
f 2055 2059 2060
f 2055 2060 2061
f 2050 2055 2062
f 2050 2062 2056
f 2056 2062 2063
f 2057 2056 2063
f 2057 2064 2065
f 2057 2065 2052
f 2052 2065 2066
f 2053 2068 2058
f 2058 2068 2069
f 2058 2069 2059
f 2054 2058 2059
f 2059 2069 2060
f 2060 2071 2070
f 2060 2070 2072
f 2060 2072 2061
f 2061 2072 2062
f 2061 2062 2055
f 2062 2072 2073
f 2062 2073 2074
f 2062 2074 2063
f 2063 2074 2057
f 2057 2074 2064
f 2064 2066 2065
f 2064 2075 2066
f 2052 2066 2067
f 2068 2083 2093
f 2068 2093 2109
f 2068 2109 2099
f 2068 2099 2084
f 2068 2084 2071
f 2068 2071 2069
f 2060 2069 2071
f 2070 2071 2076
f 2070 2076 2072
f 2072 2076 2077
f 2072 2077 2073
f 2073 2077 2078
f 2073 2078 2074
f 2074 2078 2064
f 2064 2079 2080
f 2064 2080 2075
f 2064 2078 2079
f 2075 2080 2081
f 2066 2075 2082
f 2066 2082 2067
f 2071 2084 2076
f 2076 2084 2086
f 2076 2086 2085
f 2077 2076 2087
f 2077 2087 2088
f 2077 2088 2078
f 2078 2088 2079
f 2080 2089 2081
f 2081 2090 2091
f 2081 2089 2090
f 2075 2081 2082
f 2082 2092 2067
f 2083 2094 2095
f 2083 2095 2096
f 2083 2096 2097
f 2083 2097 2093
f 2084 2098 2086
f 2084 2099 2098
f 2076 2085 2100
f 2076 2100 2087
f 2086 2098 2085
f 2087 2100 2088
f 2079 2101 2080
f 2079 2088 2102
f 2079 2102 2101
f 2080 2101 2089
f 2088 2100 2103
f 2088 2103 2102
f 2089 2101 2104
f 2089 2104 2105
f 2089 2106 2090
f 2090 2107 2091
f 2091 2082 2081
f 2082 2091 2108
f 2067 2092 2094
f 2093 2097 2110
f 2093 2110 2109
f 2094 2111 2095
f 2095 2111 2112
f 2095 2112 2096
f 2096 2112 2113
f 2096 2113 2114
f 2096 2114 2115
f 2096 2115 2097
f 2097 2115 2147
f 2097 2147 2166
f 2097 2166 2169
f 2097 2169 2130
f 2097 2130 2116
f 2097 2116 2110
f 2098 2099 2117
f 2098 2117 2085
f 2099 2118 2117
f 2085 2117 2100
f 2100 2119 2103
f 2101 2102 2120
f 2102 2103 2120
f 2103 2119 2120
f 2104 2101 2121
f 2104 2121 2122
f 2105 2104 2123
f 2089 2105 2106
f 2106 2105 2123
f 2106 2123 2124
f 2106 2107 2090
f 2107 2106 2124
f 2107 2125 2091
f 2091 2125 2108
f 2108 2126 2092
f 2108 2092 2082
f 2092 2126 2094
f 2094 2126 2127
f 2094 2127 2111
f 2109 2110 2116
f 2111 2127 2128
f 2111 2128 2129
f 2111 2129 2112
f 2116 2130 2131
f 2116 2131 2132
f 2116 2132 2133
f 2116 2133 2109
f 2117 2134 2119
f 2117 2119 2100
f 2099 2133 2118
f 2118 2135 2134
f 2118 2134 2117
f 2119 2134 2120
f 2101 2120 2121
f 2104 2122 2136
f 2104 2136 2123
f 2122 2121 2136
f 2123 2138 2124
f 2123 2136 2139
f 2123 2139 2140
f 2124 2138 2141
f 2124 2141 2107
f 2107 2141 2125
f 2125 2127 2108
f 2108 2127 2126
f 2127 2125 2142
f 2127 2142 2143
f 2109 2133 2099
f 2127 2143 2128
f 2129 2128 2144
f 2113 2112 2145
f 2113 2145 2114
f 2129 2144 2146
f 2129 2146 2112
f 2112 2146 2145
f 2114 2145 2147
f 2114 2147 2115
f 2130 2148 2149
f 2130 2149 2150
f 2130 2150 2151
f 2130 2151 2152
f 2130 2152 2131
f 2132 2131 2153
f 2132 2153 2135
f 2132 2135 2133
f 2134 2154 2155
f 2134 2155 2120
f 2134 2135 2154
f 2133 2135 2118
f 2135 2153 2154
f 2120 2155 2137
f 2120 2137 2121
f 2136 2156 2157
f 2136 2157 2139
f 2121 2137 2156
f 2121 2156 2136
f 2123 2158 2138
f 2123 2140 2158
f 2138 2158 2159
f 2138 2159 2143
f 2138 2143 2141
f 2140 2139 2157
f 2140 2157 2160
f 2140 2161 2162
f 2140 2162 2158
f 2141 2143 2142
f 2141 2142 2125
f 2128 2143 2163
f 2144 2128 2164
f 2145 2165 2166
f 2145 2166 2147
f 2144 2164 2167
f 2144 2167 2168
f 2144 2168 2146
f 2146 2168 2145
f 2145 2168 2165
f 2130 2169 2148
f 2148 2170 2149
f 2148 2169 2168
f 2148 2168 2167
f 2149 2170 2171
f 2149 2171 2150
f 2150 2171 2172
f 2150 2172 2151
f 2152 2151 2173
f 2152 2173 2131
f 2131 2173 2174
f 2131 2174 2153
f 2154 2153 2174
f 2154 2174 2175
f 2154 2175 2137
f 2154 2137 2155
f 2156 2175 2173
f 2156 2173 2176
f 2156 2176 2157
f 2157 2176 2160
f 2137 2175 2156
f 2158 2163 2159
f 2159 2163 2143
f 2160 2170 2161
f 2160 2176 2171
f 2160 2171 2170
f 2140 2160 2161
f 2161 2177 2162
f 2162 2177 2164
f 2162 2164 2163
f 2158 2162 2163
f 2128 2163 2164
f 2164 2177 2167
f 2165 2168 2169
f 2165 2169 2166
f 2167 2177 2161
f 2148 2161 2170
f 2148 2167 2161
f 2171 2176 2172
f 2172 2173 2151
f 2172 2176 2173
f 2174 2173 2175

o geometry_16
v 0.00114180 -0.00707351 0.01320785
v 0.00114180 -0.00689476 0.01392704
v 0.00114180 -0.00656373 0.01320785
v 0.00150612 -0.00723913 0.01320785
v 0.00161036 -0.00721584 0.01352654
v 0.00167434 -0.00718976 0.01376606
v 0.00114180 -0.00687028 0.01402259
v 0.00210368 -0.00718558 0.01458734
v 0.00114180 -0.00574322 0.01554997
v 0.01054594 -0.00703709 0.01320785
v 0.00158249 -0.00726501 0.01320785
v 0.00190037 -0.00731557 0.01352654
v 0.00232041 -0.00730601 0.01436615
v 0.00189417 -0.00724112 0.01392181
v 0.00204485 -0.00721007 0.01436615
v 0.00147619 -0.00684201 0.01475683
v 0.00114180 -0.00682151 0.01420582
v 0.00246077 -0.00721126 0.01511152
v 0.00188385 -0.00682310 0.01555063
v 0.00114180 -0.00636348 0.01554997
v 0.00428236 -0.00662922 0.01989197
v 0.00535983 -0.00662922 0.01989197
v 0.01168533 -0.00703709 0.01554997
v 0.01044583 -0.00708705 0.01320785
v 0.00190037 -0.00736055 0.01320785
v 0.00291385 -0.00761176 0.01338454
v 0.00334319 -0.00760977 0.01420320
v 0.00274046 -0.00735856 0.01478497
v 0.00315845 -0.00733905 0.01562523
v 0.00270640 -0.00727038 0.01523259
v 0.00232041 -0.00723375 0.01475029
v 0.00163306 -0.00679503 0.01520510
v 0.00125842 -0.00676975 0.01459846
v 0.00119650 -0.00680459 0.01436615
v 0.00114180 -0.00677174 0.01436615
v 0.00280135 -0.00723913 0.01555063
v 0.00282406 -0.00723176 0.01562523
v 0.00290662 -0.00720031 0.01590532
v 0.00190862 -0.00682569 0.01558335
v 0.00186528 -0.00681355 0.01555063
v 0.00273117 -0.00685176 0.01686991
v 0.00242465 -0.00681972 0.01646484
v 0.00114180 -0.00641523 0.01541975
v 0.00119031 -0.00639991 0.01554997
v 0.00312129 -0.00662922 0.01815517
v 0.00358882 -0.00662922 0.01888680
v 0.00364248 -0.00662922 0.01897056
v 0.00386644 -0.00671979 0.01907658
v 0.00435460 -0.00667261 0.01989197
v 0.00871713 -0.00735916 0.01989197
v 0.00871713 -0.00776484 0.01989197
v 0.01136643 -0.00718678 0.01554997
v 0.01017336 -0.00722161 0.01320785
v 0.00286741 -0.00762231 0.01320785
v 0.00327507 -0.00762609 0.01394602
v 0.00372298 -0.00761913 0.01478497
v 0.00378697 -0.00760280 0.01499896
v 0.00504609 -0.00760320 0.01709699
v 0.00441859 -0.00733686 0.01772326
v 0.00357953 -0.00731477 0.01646484
v 0.00314193 -0.00725386 0.01604536
v 0.00169086 -0.00676279 0.01541516
v 0.00142252 -0.00667023 0.01520510
v 0.00114180 -0.00665987 0.01471102
v 0.00408421 -0.00723097 0.01772326
v 0.00371886 -0.00721126 0.01721086
v 0.00335557 -0.00718877 0.01669781
v 0.00205311 -0.00679344 0.01592822
v 0.00322243 -0.00684121 0.01772326
v 0.00286534 -0.00680857 0.01723376
v 0.00114180 -0.00649725 0.01518481
v 0.00155359 -0.00663041 0.01555063
v 0.00161345 -0.00662922 0.01565664
v 0.00286534 -0.00662922 0.01774224
v 0.00301189 -0.00672755 0.01772326
v 0.00316773 -0.00665709 0.01815648
v 0.00348355 -0.00669073 0.01856287
v 0.00377252 -0.00677155 0.01879715
v 0.00414613 -0.00679563 0.01928468
v 0.00456721 -0.00679503 0.01989197
v 0.00868513 -0.00776384 0.01989197
v 0.00777485 -0.00777001 0.01856287
v 0.00819490 -0.00777200 0.01898234
v 0.00861495 -0.00777359 0.01940247
v 0.00871713 -0.00777379 0.01950522
v 0.00986890 -0.00763226 0.01554997
v 0.01005984 -0.00758111 0.01554997
v 0.01071313 -0.00740176 0.01554997
v 0.01111873 -0.00728551 0.01554997
v 0.01115795 -0.00727257 0.01554997
v 0.00996282 -0.00730203 0.01320785
v 0.00291385 -0.00763127 0.01320785
v 0.00314193 -0.00764102 0.01352523
v 0.00357953 -0.00767426 0.01394602
v 0.00357024 -0.00763704 0.01435241
v 0.00415026 -0.00761733 0.01551202
v 0.00482832 -0.00763764 0.01645306
v 0.00498210 -0.00761893 0.01688431
v 0.00459817 -0.00761017 0.01630516
v 0.00541660 -0.00761515 0.01758845
v 0.00480149 -0.00727496 0.01859821
v 0.00440930 -0.00724888 0.01813750
v 0.00396552 -0.00727018 0.01733193
v 0.00525766 -0.00733527 0.01898234
v 0.00173007 -0.00674029 0.01555063
v 0.00114180 -0.00662265 0.01482227
v 0.00416780 -0.00719912 0.01799353
v 0.00294894 -0.00676299 0.01751385
v 0.00331326 -0.00679344 0.01802560
v 0.00355476 -0.00687067 0.01815648
v 0.00177342 -0.00671581 0.01569525
v 0.00369409 -0.00681275 0.01856287
v 0.00400370 -0.00683524 0.01895486
v 0.00439589 -0.00687107 0.01941556
v 0.00454244 -0.00680817 0.01982195
v 0.00459920 -0.00681076 0.01989197
v 0.00861495 -0.00775986 0.01989197
v 0.00861495 -0.00776324 0.01982195
v 0.00819490 -0.00775966 0.01940247
v 0.00735584 -0.00776603 0.01814339
v 0.00693579 -0.00777180 0.01730379
v 0.00735584 -0.00777419 0.01772326
v 0.00777485 -0.00777598 0.01814339
v 0.00871713 -0.00777598 0.01908509
v 0.00945402 -0.00769935 0.01554997
v 0.00981214 -0.00764262 0.01554997
v 0.00869648 -0.00764978 0.01320785
v 0.00888845 -0.00761455 0.01320785
v 0.00969449 -0.00760878 0.01492370
v 0.01071313 -0.00736155 0.01520510
v 0.00987303 -0.00733209 0.01320785
v 0.00315535 -0.00766929 0.01320785
v 0.00357953 -0.00770114 0.01352654
v 0.00399854 -0.00769656 0.01436615
v 0.00399854 -0.00766451 0.01478497
v 0.00326062 -0.00768382 0.01320785
v 0.00525766 -0.00766451 0.01688431
v 0.00526901 -0.00762649 0.01726387
v 0.00566223 -0.00764182 0.01772588
v 0.00581394 -0.00761992 0.01814339
v 0.00588515 -0.00760300 0.01835542
v 0.00492121 -0.00723037 0.01898234
v 0.00454244 -0.00721644 0.01848107
v 0.00626288 -0.00761296 0.01883183
v 0.00567667 -0.00736155 0.01940247
v 0.00570660 -0.00727157 0.01989197
v 0.00565087 -0.00726600 0.01984289
v 0.00525250 -0.00724490 0.01939266
v 0.00500996 -0.00719812 0.01924607
v 0.00538976 -0.00721226 0.01971659
v 0.00484071 -0.00691586 0.01989197
v 0.00826508 -0.00773936 0.01989197
v 0.00819490 -0.00773856 0.01982195
v 0.00777485 -0.00775468 0.01898234
v 0.00735584 -0.00774851 0.01856287
v 0.00693579 -0.00775966 0.01772326
v 0.00651574 -0.00776722 0.01688431
v 0.00609776 -0.00777180 0.01604471
v 0.00651574 -0.00777439 0.01646484
v 0.00693579 -0.00777618 0.01688431
v 0.00871713 -0.00777598 0.01698640
v 0.00937971 -0.00770850 0.01554997
v 0.00567771 -0.00777658 0.01478497
v 0.00483864 -0.00777678 0.01320785
v 0.00693579 -0.00777638 0.01320785
v 0.00945402 -0.00767526 0.01520510
v 0.00829604 -0.00771029 0.01320785
v 0.00861495 -0.00768581 0.01352654
v 0.00861495 -0.00766431 0.01320785
v 0.00357953 -0.00771507 0.01320785
v 0.00399854 -0.00773538 0.01352654
v 0.00399854 -0.00771686 0.01394602
v 0.00441859 -0.00768661 0.01520510
v 0.00441859 -0.00771089 0.01478497
v 0.00483864 -0.00770412 0.01562523
v 0.00525766 -0.00769636 0.01646484
v 0.00483864 -0.00767606 0.01604471
v 0.00567667 -0.00768302 0.01730379
v 0.00609776 -0.00766531 0.01814339
v 0.00651058 -0.00763784 0.01897645
v 0.00611324 -0.00762510 0.01852229
v 0.00664578 -0.00762132 0.01929973
v 0.00707925 -0.00761694 0.01989197
v 0.00609776 -0.00737289 0.01989197
v 0.00566945 -0.00725963 0.01989197
v 0.00545581 -0.00717643 0.01989197
v 0.00819490 -0.00773438 0.01989197
v 0.00777485 -0.00770890 0.01982195
v 0.00777485 -0.00773319 0.01940247
v 0.00735584 -0.00772562 0.01898234
v 0.00693579 -0.00774075 0.01814339
v 0.00651574 -0.00775190 0.01730379
v 0.00609776 -0.00775966 0.01646484
v 0.00567667 -0.00776563 0.01562523
v 0.00525766 -0.00776882 0.01478497
v 0.00483864 -0.00777180 0.01394602
v 0.00567771 -0.00777359 0.01520510
v 0.00602242 -0.00777598 0.01555063
v 0.00609776 -0.00777638 0.01562523
v 0.00819490 -0.00777598 0.01562523
v 0.00861495 -0.00777558 0.01646484
v 0.00871713 -0.00777499 0.01656692
v 0.00903397 -0.00774214 0.01554997
v 0.00903397 -0.00772861 0.01520510
v 0.00819490 -0.00772264 0.01320785
v 0.00483864 -0.00777658 0.01352654
v 0.00451973 -0.00777379 0.01320785
v 0.00703693 -0.00777578 0.01320785
v 0.00399854 -0.00774831 0.01320785
v 0.00441859 -0.00775030 0.01394602
v 0.00441859 -0.00773080 0.01436615
v 0.00483864 -0.00774453 0.01478497
v 0.00525766 -0.00773796 0.01562523
v 0.00525766 -0.00771766 0.01604471
v 0.00567667 -0.00770970 0.01688431
v 0.00609776 -0.00769855 0.01772326
v 0.00651574 -0.00768024 0.01856287
v 0.00690896 -0.00764759 0.01942472
v 0.00705344 -0.00762251 0.01982195
v 0.00711227 -0.00762291 0.01989197
v 0.00784503 -0.00770950 0.01989197
v 0.00777485 -0.00770333 0.01989197
v 0.00735584 -0.00770233 0.01940247
v 0.00693579 -0.00771766 0.01856287
v 0.00651574 -0.00770910 0.01814339
v 0.00651574 -0.00773100 0.01772326
v 0.00609776 -0.00774194 0.01688431
v 0.00567667 -0.00775090 0.01604471
v 0.00525766 -0.00775608 0.01520510
v 0.00483864 -0.00776085 0.01436615
v 0.00441859 -0.00776424 0.01352654
v 0.00441859 -0.00777081 0.01320785
v 0.00735584 -0.00777479 0.01352654
v 0.00861495 -0.00777220 0.01604471
v 0.00871713 -0.00777081 0.01614745
v 0.00735584 -0.00777180 0.01320785
v 0.00895966 -0.00774732 0.01554997
v 0.00787703 -0.00774911 0.01320785
v 0.00819490 -0.00773597 0.01352654
v 0.00409969 -0.00775528 0.01320785
v 0.00567667 -0.00773060 0.01646484
v 0.00693579 -0.00769238 0.01898234
v 0.00735584 -0.00766829 0.01982195
v 0.00735997 -0.00766013 0.01989197
v 0.00742499 -0.00766949 0.01989197
v 0.00871713 -0.00776404 0.01572797
v 0.00745698 -0.00776862 0.01320785
v 0.00861495 -0.00776643 0.01562523
v 0.00777485 -0.00775528 0.01320785
v 0.00777485 -0.00776205 0.01352654
f 2178 2179 2184
f 2178 2184 2194
f 2178 2194 2212
f 2178 2212 2241
f 2178 2241 2283
f 2178 2283 2248
f 2178 2248 2220
f 2178 2220 2197
f 2178 2197 2186
f 2178 2186 2180
f 2178 2180 2187
f 2178 2187 2201
f 2178 2201 2230
f 2178 2230 2268
f 2178 2268 2308
f 2178 2308 2305
f 2178 2305 2304
f 2178 2304 2346
f 2178 2346 2344
f 2178 2344 2382
f 2178 2382 2415
f 2178 2415 2426
f 2178 2426 2424
f 2178 2424 2413
f 2178 2413 2385
f 2178 2385 2342
f 2178 2342 2341
f 2178 2341 2384
f 2178 2384 2409
f 2178 2409 2417
f 2178 2417 2386
f 2178 2386 2347
f 2178 2347 2313
f 2178 2313 2309
f 2178 2309 2269
f 2178 2269 2231
f 2178 2231 2202
f 2178 2202 2188
f 2178 2188 2181
f 2178 2181 2182
f 2178 2182 2183
f 2178 2183 2179
f 2179 2183 2185
f 2179 2185 2184
f 2180 2186 2187
f 2181 2188 2189
f 2181 2189 2190
f 2181 2190 2191
f 2181 2191 2182
f 2182 2191 2192
f 2182 2192 2183
f 2183 2192 2185
f 2184 2185 2193
f 2184 2193 2194
f 2185 2192 2195
f 2185 2195 2196
f 2185 2196 2193
f 2186 2197 2198
f 2186 2198 2199
f 2186 2199 2200
f 2186 2200 2187
f 2187 2200 2201
f 2188 2202 2189
f 2189 2202 2203
f 2189 2203 2204
f 2189 2204 2190
f 2190 2205 2206
f 2190 2206 2207
f 2190 2207 2208
f 2190 2208 2192
f 2190 2192 2191
f 2190 2204 2205
f 2192 2208 2195
f 2193 2196 2209
f 2193 2209 2210
f 2193 2210 2211
f 2193 2211 2194
f 2194 2211 2210
f 2194 2210 2212
f 2195 2208 2207
f 2195 2207 2213
f 2195 2213 2214
f 2195 2214 2215
f 2195 2215 2216
f 2195 2216 2196
f 2196 2217 2209
f 2196 2216 2218
f 2196 2218 2219
f 2196 2219 2217
f 2197 2220 2221
f 2197 2221 2222
f 2197 2222 2223
f 2197 2223 2224
f 2197 2224 2198
f 2198 2224 2225
f 2198 2225 2226
f 2198 2226 2257
f 2198 2257 2293
f 2198 2293 2328
f 2198 2328 2363
f 2198 2363 2362
f 2198 2362 2323
f 2198 2323 2361
f 2198 2361 2360
f 2198 2360 2397
f 2198 2397 2421
f 2198 2421 2422
f 2198 2422 2399
f 2198 2399 2398
f 2198 2398 2364
f 2198 2364 2329
f 2198 2329 2294
f 2198 2294 2258
f 2198 2258 2228
f 2198 2228 2227
f 2198 2227 2199
f 2199 2227 2200
f 2200 2228 2229
f 2200 2229 2230
f 2200 2230 2201
f 2200 2227 2228
f 2202 2231 2203
f 2203 2231 2232
f 2203 2232 2204
f 2204 2233 2234
f 2204 2234 2206
f 2204 2206 2205
f 2204 2232 2233
f 2206 2234 2235
f 2206 2235 2236
f 2206 2236 2237
f 2206 2237 2207
f 2207 2237 2238
f 2207 2238 2213
f 2209 2217 2239
f 2209 2239 2210
f 2210 2239 2240
f 2210 2240 2241
f 2210 2241 2212
f 2213 2238 2214
f 2214 2238 2242
f 2214 2242 2243
f 2214 2243 2215
f 2215 2218 2216
f 2215 2243 2244
f 2215 2244 2218
f 2217 2219 2245
f 2217 2245 2239
f 2218 2244 2246
f 2218 2246 2219
f 2219 2246 2247
f 2219 2247 2245
f 2220 2248 2240
f 2220 2240 2221
f 2221 2240 2249
f 2221 2249 2250
f 2221 2250 2251
f 2221 2251 2222
f 2222 2251 2252
f 2222 2252 2253
f 2222 2253 2223
f 2223 2254 2224
f 2223 2253 2254
f 2224 2254 2255
f 2224 2255 2225
f 2225 2255 2256
f 2225 2256 2257
f 2225 2257 2226
f 2228 2258 2259
f 2228 2259 2260
f 2228 2260 2261
f 2228 2261 2262
f 2228 2262 2263
f 2228 2263 2264
f 2228 2264 2265
f 2228 2265 2266
f 2228 2266 2267
f 2228 2267 2229
f 2229 2267 2230
f 2230 2267 2268
f 2231 2269 2232
f 2232 2269 2270
f 2232 2270 2271
f 2232 2271 2272
f 2232 2272 2233
f 2233 2273 2234
f 2233 2272 2274
f 2233 2274 2275
f 2233 2275 2273
f 2234 2273 2276
f 2234 2276 2235
f 2235 2276 2273
f 2235 2273 2275
f 2235 2275 2277
f 2235 2277 2236
f 2236 2278 2279
f 2236 2279 2242
f 2236 2242 2280
f 2236 2280 2237
f 2236 2277 2281
f 2236 2281 2278
f 2237 2280 2238
f 2238 2280 2242
f 2239 2245 2282
f 2239 2282 2240
f 2240 2248 2283
f 2240 2283 2241
f 2240 2282 2249
f 2242 2284 2243
f 2242 2279 2284
f 2243 2284 2244
f 2244 2284 2246
f 2245 2247 2285
f 2245 2285 2282
f 2246 2286 2247
f 2246 2284 2287
f 2246 2287 2286
f 2247 2286 2285
f 2249 2282 2288
f 2249 2288 2250
f 2250 2288 2251
f 2251 2288 2252
f 2252 2285 2286
f 2252 2286 2253
f 2252 2288 2285
f 2253 2286 2254
f 2254 2286 2255
f 2255 2286 2289
f 2255 2289 2256
f 2256 2289 2290
f 2256 2290 2291
f 2256 2291 2292
f 2256 2292 2257
f 2257 2292 2293
f 2258 2294 2295
f 2258 2295 2259
f 2259 2295 2296
f 2259 2296 2297
f 2259 2297 2298
f 2259 2298 2299
f 2259 2299 2260
f 2260 2299 2300
f 2260 2300 2261
f 2261 2300 2262
f 2262 2301 2302
f 2262 2302 2303
f 2262 2303 2263
f 2262 2300 2301
f 2263 2303 2304
f 2263 2304 2305
f 2263 2305 2306
f 2263 2306 2264
f 2264 2306 2265
f 2265 2306 2307
f 2265 2307 2266
f 2266 2307 2308
f 2266 2308 2267
f 2267 2308 2268
f 2269 2309 2270
f 2270 2309 2271
f 2271 2310 2311
f 2271 2311 2312
f 2271 2312 2272
f 2271 2309 2313
f 2271 2313 2310
f 2272 2312 2274
f 2274 2312 2314
f 2274 2314 2275
f 2275 2314 2315
f 2275 2315 2277
f 2277 2315 2316
f 2277 2316 2317
f 2277 2317 2318
f 2277 2318 2281
f 2278 2319 2279
f 2278 2281 2319
f 2279 2319 2320
f 2279 2320 2284
f 2281 2318 2321
f 2281 2321 2322
f 2281 2322 2323
f 2281 2323 2324
f 2281 2324 2325
f 2281 2325 2319
f 2282 2285 2288
f 2284 2290 2289
f 2284 2289 2287
f 2284 2320 2326
f 2284 2326 2290
f 2286 2287 2289
f 2290 2326 2291
f 2291 2326 2292
f 2292 2326 2293
f 2293 2326 2327
f 2293 2327 2328
f 2294 2329 2296
f 2294 2296 2295
f 2296 2329 2330
f 2296 2330 2331
f 2296 2331 2297
f 2297 2332 2333
f 2297 2333 2334
f 2297 2334 2298
f 2297 2331 2332
f 2298 2334 2335
f 2298 2335 2336
f 2298 2336 2299
f 2299 2336 2300
f 2300 2336 2337
f 2300 2337 2301
f 2301 2338 2339
f 2301 2339 2302
f 2301 2337 2340
f 2301 2340 2341
f 2301 2341 2342
f 2301 2342 2338
f 2302 2343 2303
f 2302 2339 2344
f 2302 2344 2345
f 2302 2345 2346
f 2302 2346 2343
f 2303 2343 2346
f 2303 2346 2304
f 2305 2308 2307
f 2305 2307 2306
f 2310 2347 2348
f 2310 2348 2349
f 2310 2349 2311
f 2310 2313 2347
f 2311 2350 2312
f 2311 2349 2351
f 2311 2351 2352
f 2311 2352 2353
f 2311 2353 2350
f 2312 2350 2354
f 2312 2354 2314
f 2314 2353 2355
f 2314 2355 2356
f 2314 2356 2316
f 2314 2316 2315
f 2314 2354 2353
f 2316 2356 2317
f 2317 2356 2357
f 2317 2357 2358
f 2317 2358 2321
f 2317 2321 2318
f 2319 2325 2326
f 2319 2326 2320
f 2321 2358 2357
f 2321 2357 2359
f 2321 2359 2322
f 2322 2359 2360
f 2322 2360 2361
f 2322 2361 2323
f 2323 2362 2324
f 2324 2362 2327
f 2324 2327 2325
f 2325 2327 2326
f 2327 2362 2363
f 2327 2363 2328
f 2329 2364 2365
f 2329 2365 2330
f 2330 2365 2366
f 2330 2366 2331
f 2331 2366 2332
f 2332 2367 2368
f 2332 2368 2369
f 2332 2369 2333
f 2332 2366 2367
f 2333 2369 2370
f 2333 2370 2334
f 2334 2370 2371
f 2334 2371 2335
f 2335 2371 2372
f 2335 2372 2373
f 2335 2373 2374
f 2335 2374 2375
f 2335 2375 2336
f 2336 2375 2376
f 2336 2376 2337
f 2337 2376 2340
f 2338 2377 2378
f 2338 2378 2379
f 2338 2379 2380
f 2338 2380 2339
f 2338 2342 2377
f 2339 2380 2381
f 2339 2381 2382
f 2339 2382 2344
f 2340 2376 2383
f 2340 2383 2341
f 2341 2383 2384
f 2342 2385 2377
f 2344 2346 2345
f 2347 2386 2348
f 2348 2386 2387
f 2348 2387 2349
f 2349 2387 2388
f 2349 2388 2351
f 2350 2353 2354
f 2351 2388 2389
f 2351 2389 2390
f 2351 2390 2391
f 2351 2391 2352
f 2352 2391 2353
f 2353 2391 2392
f 2353 2392 2393
f 2353 2393 2355
f 2355 2393 2356
f 2356 2393 2394
f 2356 2394 2395
f 2356 2395 2357
f 2357 2395 2359
f 2359 2395 2396
f 2359 2396 2360
f 2360 2396 2397
f 2364 2398 2365
f 2365 2398 2399
f 2365 2399 2400
f 2365 2400 2366
f 2366 2400 2367
f 2367 2400 2401
f 2367 2401 2368
f 2368 2401 2402
f 2368 2402 2403
f 2368 2403 2369
f 2369 2403 2404
f 2369 2404 2405
f 2369 2405 2370
f 2370 2405 2371
f 2371 2405 2406
f 2371 2406 2407
f 2371 2407 2408
f 2371 2408 2372
f 2372 2408 2373
f 2373 2408 2409
f 2373 2409 2384
f 2373 2384 2383
f 2373 2383 2374
f 2374 2383 2375
f 2375 2383 2376
f 2377 2385 2410
f 2377 2410 2378
f 2378 2410 2379
f 2379 2411 2412
f 2379 2412 2380
f 2379 2410 2413
f 2379 2413 2411
f 2380 2412 2414
f 2380 2414 2415
f 2380 2415 2416
f 2380 2416 2381
f 2381 2416 2382
f 2382 2416 2415
f 2385 2413 2410
f 2386 2417 2387
f 2387 2408 2407
f 2387 2407 2406
f 2387 2406 2405
f 2387 2405 2389
f 2387 2389 2388
f 2387 2417 2408
f 2389 2405 2390
f 2390 2405 2418
f 2390 2418 2391
f 2391 2418 2392
f 2392 2418 2404
f 2392 2404 2403
f 2392 2403 2402
f 2392 2402 2393
f 2393 2402 2419
f 2393 2419 2394
f 2394 2419 2420
f 2394 2420 2395
f 2395 2420 2396
f 2396 2420 2397
f 2397 2420 2421
f 2399 2422 2400
f 2400 2422 2420
f 2400 2420 2419
f 2400 2419 2402
f 2400 2402 2401
f 2404 2418 2405
f 2408 2417 2409
f 2411 2413 2412
f 2412 2423 2414
f 2412 2413 2424
f 2412 2424 2425
f 2412 2425 2423
f 2414 2423 2426
f 2414 2426 2415
f 2420 2422 2421
f 2423 2425 2427
f 2423 2427 2426
f 2424 2426 2427
f 2424 2427 2425

o geometry_17
v 0.00084763 0.00722979 0.00458123
v 0.00084763 0.00726992 0.00530389
v 0.00084763 0.00765063 0.00458123
v 0.00466985 0.00338746 0.00458123
v 0.00084763 0.00767657 0.00530389
v 0.00622778 0.00726943 0.01554889
v 0.00084763 0.00767754 0.00471116
v 0.00106193 0.00765063 0.00458123
v 0.00487851 0.00329694 0.00458123
v 0.00084763 0.00767705 0.00513101
v 0.00622778 0.00767754 0.01554889
v 0.01297412 0.00311001 0.01221693
v 0.01366919 0.00473512 0.01554889
v 0.00143133 0.00767754 0.00596963
v 0.00316127 0.00767803 0.00847048
v 0.00526059 0.00767852 0.00806781
v 0.00314435 0.00767803 0.00598467
v 0.00400015 0.00767803 0.00554978
v 0.00148208 0.00767754 0.00471116
v 0.00148208 0.00764769 0.00458123
v 0.00711601 0.00267938 0.00458123
v 0.00739376 0.00267938 0.00530389
v 0.00755449 0.00275768 0.00577098
v 0.00777725 0.00767754 0.01554889
v 0.01249334 0.00283597 0.01085751
v 0.01349860 0.00311001 0.01221693
v 0.01525109 0.00473512 0.01554889
v 0.00483904 0.00767754 0.00639056
v 0.00442030 0.00767803 0.00554978
v 0.00777725 0.00767754 0.01478435
v 0.00819599 0.00767705 0.01554889
v 0.00316127 0.00767754 0.00513101
v 0.00190082 0.00767461 0.00471116
v 0.00190082 0.00764182 0.00458123
v 0.00767292 0.00267938 0.00458123
v 0.00786608 0.00267938 0.00530389
v 0.01298822 0.00283597 0.01085751
v 0.01515804 0.00485403 0.01554889
v 0.01262164 0.00283597 0.00990077
v 0.01202385 0.00310120 0.00847048
v 0.01202385 0.00310267 0.00847048
v 0.01201821 0.00312322 0.00847048
v 0.01140209 0.00398642 0.00778004
v 0.01136261 0.00418950 0.00782943
v 0.01057307 0.00509234 0.00735697
v 0.01047297 0.00537078 0.00752770
v 0.00483904 0.00767510 0.00598467
v 0.00819599 0.00767510 0.01520313
v 0.00483763 0.00766727 0.00554978
v 0.00358141 0.00766727 0.00513101
v 0.00861614 0.00766727 0.01554889
v 0.00197273 0.00767216 0.00471116
v 0.00232097 0.00765797 0.00471116
v 0.00232097 0.00762127 0.00458123
v 0.00767292 0.00268330 0.00458123
v 0.01077046 0.00398642 0.00710355
v 0.01101296 0.00398642 0.00731831
v 0.01251167 0.00283597 0.00966132
v 0.01498885 0.00504096 0.01554889
v 0.00971868 0.00588606 0.00696181
v 0.01102706 0.00398642 0.00733334
v 0.01121034 0.00398642 0.00753522
v 0.01097348 0.00427758 0.00737844
v 0.01091285 0.00455798 0.00744716
v 0.01063370 0.00476105 0.00722167
v 0.01045182 0.00488633 0.00707778
v 0.01009371 0.00542656 0.00700799
v 0.00526059 0.00766482 0.00639056
v 0.00526059 0.00765748 0.00598467
v 0.00483763 0.00758604 0.00521154
v 0.00400015 0.00763546 0.00513101
v 0.00525778 0.00765699 0.00596963
v 0.00567651 0.00762567 0.00596963
v 0.00525778 0.00762372 0.00554978
v 0.00903629 0.00764525 0.01554889
v 0.00358141 0.00758408 0.00480780
v 0.00274112 0.00757429 0.00458123
v 0.00766869 0.00310364 0.00458123
v 0.01055474 0.00436273 0.00697899
v 0.01051949 0.00460740 0.00700262
v 0.01486901 0.00515595 0.01554889
v 0.00979340 0.00595016 0.00722919
v 0.00930276 0.00591052 0.00653874
v 0.00919420 0.00619043 0.00666652
v 0.00929430 0.00628830 0.00694571
v 0.00995413 0.00520048 0.00672773
v 0.01015715 0.00520048 0.00693819
v 0.00967638 0.00542999 0.00658491
v 0.00958192 0.00571038 0.00668263
v 0.00567933 0.00762616 0.00598467
v 0.00525778 0.00755912 0.00530389
v 0.00525778 0.00755276 0.00528026
v 0.00400015 0.00755227 0.00486578
v 0.00609666 0.00757087 0.00596963
v 0.00609666 0.00753515 0.00570011
v 0.00945503 0.00760121 0.01554889
v 0.00302169 0.00753808 0.00458123
v 0.00761653 0.00340214 0.00458123
v 0.00924918 0.00541775 0.00617688
v 0.01235235 0.00660784 0.01554889
v 0.00877405 0.00662301 0.00680934
v 0.00856538 0.00676541 0.00680934
v 0.00916036 0.00569717 0.00625956
v 0.00887979 0.00589486 0.00613070
v 0.00903770 0.00604265 0.00638949
v 0.00891363 0.00633821 0.00651941
v 0.00848643 0.00672186 0.00651619
v 0.00550733 0.00752193 0.00532536
v 0.00426239 0.00752340 0.00490551
v 0.00346580 0.00743777 0.00458123
v 0.00635326 0.00752095 0.00596963
v 0.00631519 0.00751264 0.00575488
v 0.00985967 0.00753661 0.01554889
v 0.00577098 0.00646006 0.00458123
v 0.00643786 0.00646006 0.00486149
v 0.00757705 0.00626040 0.00533395
v 0.00842439 0.00585670 0.00574843
v 0.01204782 0.00676932 0.01554889
v 0.01200270 0.00679281 0.01554889
v 0.00761512 0.00711480 0.00614144
v 0.00767715 0.00714024 0.00639056
v 0.00831865 0.00613611 0.00583004
v 0.00847938 0.00633283 0.00611030
v 0.00875995 0.00617477 0.00623915
v 0.00845541 0.00638323 0.00613285
v 0.00834403 0.00661273 0.00623593
v 0.00806487 0.00673947 0.00611567
v 0.00564832 0.00728852 0.00514174
v 0.00525778 0.00695527 0.00464243
v 0.00491799 0.00701546 0.00458123
v 0.00483763 0.00722588 0.00477666
v 0.00483763 0.00743581 0.00500215
v 0.00578649 0.00747104 0.00540482
v 0.00609807 0.00718722 0.00524161
v 0.00433994 0.00719163 0.00458123
v 0.00412140 0.00725573 0.00458123
v 0.00400015 0.00736192 0.00465639
v 0.00479674 0.00705510 0.00458123
v 0.00400015 0.00729047 0.00458123
v 0.00735570 0.00726013 0.00639056
v 0.00686364 0.00717695 0.00567219
v 0.00647451 0.00728754 0.00557341
v 0.00609666 0.00739715 0.00548965
v 0.01071265 0.00730515 0.01554889
v 0.01115254 0.00717646 0.01554889
v 0.00556372 0.00676345 0.00458123
v 0.00635326 0.00669983 0.00489585
v 0.00643504 0.00647131 0.00486363
v 0.00766446 0.00658288 0.00566253
v 0.00773355 0.00642091 0.00558200
v 0.00804090 0.00630151 0.00571730
v 0.00713152 0.00665971 0.00535113
v 0.00731481 0.00658288 0.00541234
v 0.01159242 0.00698023 0.01554889
v 0.00735570 0.00701155 0.00583756
v 0.00714280 0.00708740 0.00576239
v 0.00775611 0.00685643 0.00598467
v 0.00774201 0.00686719 0.00598467
v 0.00821714 0.00644684 0.00598467
v 0.00818048 0.00648159 0.00598467
v 0.00788723 0.00658288 0.00583541
v 0.00760807 0.00670766 0.00572589
v 0.00579071 0.00705412 0.00495813
v 0.00535506 0.00685202 0.00458123
v 0.00525778 0.00689117 0.00458123
v 0.00483763 0.00704189 0.00458123
v 0.00609807 0.00698023 0.00503222
v 0.00635326 0.00711773 0.00531248
v 0.00685236 0.00675464 0.00525771
v 0.00663242 0.00703406 0.00539194
v 0.00609807 0.00677079 0.00483142
v 0.00735570 0.00680113 0.00563783
f 2428 2429 2432
f 2428 2432 2437
f 2428 2437 2434
f 2428 2434 2430
f 2428 2430 2435
f 2428 2435 2447
f 2428 2447 2461
f 2428 2461 2481
f 2428 2481 2504
f 2428 2504 2524
f 2428 2524 2537
f 2428 2537 2566
f 2428 2566 2563
f 2428 2563 2562
f 2428 2562 2565
f 2428 2565 2593
f 2428 2593 2557
f 2428 2557 2592
f 2428 2592 2591
f 2428 2591 2573
f 2428 2573 2541
f 2428 2541 2525
f 2428 2525 2505
f 2428 2505 2482
f 2428 2482 2462
f 2428 2462 2448
f 2428 2448 2436
f 2428 2436 2431
f 2428 2431 2429
f 2429 2431 2433
f 2429 2433 2438
f 2429 2438 2432
f 2430 2434 2446
f 2430 2446 2435
f 2431 2436 2433
f 2432 2438 2437
f 2433 2436 2439
f 2433 2439 2440
f 2433 2440 2454
f 2433 2454 2465
f 2433 2465 2486
f 2433 2486 2508
f 2433 2508 2527
f 2433 2527 2545
f 2433 2545 2546
f 2433 2546 2581
f 2433 2581 2572
f 2433 2572 2571
f 2433 2571 2540
f 2433 2540 2523
f 2433 2523 2502
f 2433 2502 2478
f 2433 2478 2458
f 2433 2458 2451
f 2433 2451 2438
f 2434 2437 2441
f 2434 2441 2442
f 2434 2442 2443
f 2434 2443 2444
f 2434 2444 2445
f 2434 2445 2456
f 2434 2456 2446
f 2435 2446 2447
f 2436 2448 2449
f 2436 2449 2450
f 2436 2450 2439
f 2437 2438 2441
f 2438 2443 2442
f 2438 2442 2441
f 2438 2451 2443
f 2439 2452 2464
f 2439 2464 2453
f 2439 2453 2454
f 2439 2454 2440
f 2439 2450 2452
f 2443 2455 2456
f 2443 2456 2445
f 2443 2445 2444
f 2443 2451 2457
f 2443 2457 2458
f 2443 2458 2455
f 2446 2459 2460
f 2446 2460 2447
f 2446 2456 2459
f 2447 2460 2461
f 2448 2462 2463
f 2448 2463 2449
f 2449 2463 2464
f 2449 2464 2452
f 2449 2452 2450
f 2451 2458 2457
f 2453 2464 2454
f 2454 2464 2466
f 2454 2466 2467
f 2454 2467 2468
f 2454 2468 2469
f 2454 2469 2470
f 2454 2470 2471
f 2454 2471 2472
f 2454 2472 2473
f 2454 2473 2465
f 2455 2474 2456
f 2455 2458 2475
f 2455 2475 2474
f 2456 2474 2476
f 2456 2476 2477
f 2456 2477 2459
f 2458 2478 2475
f 2459 2477 2460
f 2460 2479 2461
f 2460 2477 2479
f 2461 2479 2480
f 2461 2480 2481
f 2462 2482 2483
f 2462 2483 2484
f 2462 2484 2467
f 2462 2467 2485
f 2462 2485 2466
f 2462 2466 2464
f 2462 2464 2463
f 2465 2473 2487
f 2465 2487 2486
f 2466 2485 2467
f 2467 2484 2488
f 2467 2488 2489
f 2467 2489 2468
f 2468 2489 2470
f 2468 2470 2469
f 2470 2489 2471
f 2471 2489 2490
f 2471 2490 2491
f 2471 2491 2472
f 2472 2491 2492
f 2472 2492 2493
f 2472 2493 2494
f 2472 2494 2487
f 2472 2487 2473
f 2474 2495 2496
f 2474 2496 2476
f 2474 2475 2478
f 2474 2478 2495
f 2476 2497 2498
f 2476 2498 2477
f 2476 2496 2499
f 2476 2499 2500
f 2476 2500 2501
f 2476 2501 2497
f 2477 2498 2480
f 2477 2480 2479
f 2478 2502 2496
f 2478 2496 2495
f 2480 2498 2503
f 2480 2503 2481
f 2481 2503 2504
f 2482 2505 2483
f 2483 2506 2484
f 2483 2505 2506
f 2484 2506 2507
f 2484 2507 2488
f 2486 2487 2509
f 2486 2509 2508
f 2487 2510 2511
f 2487 2511 2512
f 2487 2512 2509
f 2487 2494 2510
f 2488 2507 2490
f 2488 2490 2489
f 2490 2507 2491
f 2491 2507 2492
f 2492 2507 2493
f 2493 2507 2513
f 2493 2513 2514
f 2493 2514 2494
f 2494 2514 2513
f 2494 2513 2515
f 2494 2515 2516
f 2494 2516 2510
f 2496 2517 2500
f 2496 2500 2499
f 2496 2502 2517
f 2497 2501 2518
f 2497 2518 2519
f 2497 2519 2520
f 2497 2520 2503
f 2497 2503 2498
f 2500 2517 2521
f 2500 2521 2522
f 2500 2522 2501
f 2501 2522 2518
f 2502 2523 2517
f 2503 2520 2524
f 2503 2524 2504
f 2505 2525 2506
f 2506 2525 2526
f 2506 2526 2507
f 2507 2526 2513
f 2508 2509 2512
f 2508 2512 2528
f 2508 2528 2529
f 2508 2529 2527
f 2510 2516 2515
f 2510 2515 2530
f 2510 2530 2531
f 2510 2531 2532
f 2510 2532 2511
f 2511 2532 2533
f 2511 2533 2534
f 2511 2534 2512
f 2512 2534 2528
f 2513 2526 2515
f 2515 2526 2530
f 2517 2523 2521
f 2518 2522 2519
f 2519 2522 2535
f 2519 2535 2536
f 2519 2536 2520
f 2520 2536 2537
f 2520 2537 2524
f 2521 2538 2539
f 2521 2539 2522
f 2521 2523 2540
f 2521 2540 2538
f 2522 2539 2535
f 2525 2541 2542
f 2525 2542 2543
f 2525 2543 2544
f 2525 2544 2526
f 2526 2544 2531
f 2526 2531 2530
f 2527 2529 2545
f 2528 2534 2529
f 2529 2546 2545
f 2529 2534 2547
f 2529 2547 2548
f 2529 2548 2546
f 2531 2544 2549
f 2531 2549 2550
f 2531 2550 2551
f 2531 2551 2532
f 2532 2551 2533
f 2533 2551 2550
f 2533 2550 2552
f 2533 2552 2553
f 2533 2553 2534
f 2534 2553 2554
f 2534 2554 2547
f 2535 2555 2556
f 2535 2556 2557
f 2535 2557 2558
f 2535 2558 2559
f 2535 2559 2536
f 2535 2539 2560
f 2535 2560 2561
f 2535 2561 2555
f 2536 2562 2563
f 2536 2563 2564
f 2536 2564 2537
f 2536 2559 2558
f 2536 2558 2565
f 2536 2565 2562
f 2537 2564 2566
f 2538 2540 2539
f 2539 2567 2547
f 2539 2547 2568
f 2539 2568 2569
f 2539 2569 2570
f 2539 2570 2560
f 2539 2540 2571
f 2539 2571 2572
f 2539 2572 2567
f 2541 2573 2542
f 2542 2573 2574
f 2542 2574 2575
f 2542 2575 2543
f 2543 2576 2577
f 2543 2577 2578
f 2543 2578 2549
f 2543 2549 2544
f 2543 2575 2574
f 2543 2574 2579
f 2543 2579 2580
f 2543 2580 2576
f 2546 2548 2581
f 2547 2582 2583
f 2547 2583 2568
f 2547 2567 2548
f 2547 2554 2584
f 2547 2584 2585
f 2547 2585 2582
f 2548 2567 2572
f 2548 2572 2581
f 2549 2578 2550
f 2550 2578 2586
f 2550 2586 2552
f 2552 2586 2553
f 2553 2586 2587
f 2553 2587 2554
f 2554 2587 2588
f 2554 2588 2589
f 2554 2589 2584
f 2555 2561 2590
f 2555 2590 2556
f 2556 2591 2592
f 2556 2592 2557
f 2556 2590 2591
f 2557 2593 2558
f 2558 2593 2565
f 2560 2570 2561
f 2561 2594 2590
f 2561 2570 2569
f 2561 2569 2568
f 2561 2568 2595
f 2561 2595 2594
f 2563 2566 2564
f 2568 2583 2596
f 2568 2596 2574
f 2568 2574 2597
f 2568 2597 2595
f 2573 2591 2590
f 2573 2590 2598
f 2573 2598 2574
f 2574 2598 2594
f 2574 2594 2595
f 2574 2595 2597
f 2574 2596 2579
f 2576 2580 2589
f 2576 2589 2588
f 2576 2588 2578
f 2576 2578 2577
f 2578 2588 2587
f 2578 2587 2586
f 2579 2583 2599
f 2579 2599 2589
f 2579 2589 2580
f 2579 2596 2583
f 2582 2585 2589
f 2582 2589 2599
f 2582 2599 2583
f 2584 2589 2585
f 2590 2594 2598

o geometry_18
v 0.03291623 -0.00467503 0.03567890
v 0.03232555 -0.00440525 0.03567890
v 0.03134306 -0.00440525 0.03095932
v 0.03214552 -0.00440525 0.03095932
v 0.03249542 -0.00440525 0.03156827
v 0.03303954 -0.00440525 0.03330423
v 0.03321002 -0.00440525 0.03493641
v 0.03323931 -0.00433837 0.03535471
v 0.03326828 -0.00393863 0.03661445
v 0.03291623 -0.00420462 0.03704241
v 0.03291623 -0.00378474 0.03766764
v 0.03291623 -0.00341730 0.03809781
v 0.03291623 -0.00284391 0.03854668
v 0.03291623 -0.00212157 0.03891109
v 0.03291623 -0.00185330 0.03899555
v 0.03186498 0.00308872 0.03096013
v 0.03317981 -0.00003016 0.03096013
v 0.03291623 -0.00114350 0.03911220
v 0.03291623 -0.00043142 0.03917735
v 0.03259869 0.00308872 0.03781626
v 0.03273064 -0.00315359 0.03095932
v 0.03273372 -0.00378284 0.03140498
v 0.03282806 -0.00377334 0.03162137
v 0.03317641 -0.00382920 0.03262449
v 0.03317518 -0.00424565 0.03346270
v 0.03362003 -0.00345150 0.03650344
v 0.03318381 -0.00384288 0.03706774
v 0.03318690 -0.00342262 0.03768595
v 0.03318289 -0.00299856 0.03809620
v 0.03315730 -0.00253043 0.03848394
v 0.03315237 -0.00166331 0.03890304
v 0.03320925 -0.00123963 0.03895855
v 0.03272293 0.00308872 0.03096013
v 0.03296432 -0.00043142 0.03917092
v 0.03323807 0.00308872 0.03781626
v 0.03281203 -0.00333826 0.03122398
v 0.03360678 -0.00301908 0.03300820
v 0.03324424 -0.00404123 0.03329618
v 0.03367460 -0.00357765 0.03451731
v 0.03357071 -0.00378740 0.03451731
v 0.03358674 -0.00381248 0.03493641
v 0.03379514 -0.00319387 0.03619534
v 0.03355761 -0.00333788 0.03690847
v 0.03360061 -0.00299780 0.03725880
v 0.03327784 -0.00193538 0.03863436
v 0.03363298 -0.00186318 0.03815493
v 0.03361294 -0.00097555 0.03852979
v 0.03326828 -0.00043142 0.03901727
v 0.03287153 0.00249025 0.03096013
v 0.03315884 0.00058389 0.03096978
v 0.03343414 0.00308872 0.03742129
v 0.03294736 -0.00277437 0.03115802
v 0.03359938 -0.00258362 0.03261162
v 0.03400816 -0.00253955 0.03412515
v 0.03410666 -0.00250383 0.03577463
v 0.03396808 -0.00265886 0.03651229
v 0.03367491 -0.00151588 0.03822974
v 0.03376924 -0.00043142 0.03829329
v 0.03363699 -0.00043142 0.03856358
v 0.03347822 -0.00043142 0.03877434
v 0.03295029 -0.00214133 0.03095932
v 0.03294767 0.00268214 0.03115882
v 0.03311191 0.00152757 0.03106209
v 0.03326797 0.00058389 0.03118054
v 0.03326736 -0.00067688 0.03118215
v 0.03311784 -0.00151588 0.03104459
v 0.03352046 0.00233028 0.03781626
v 0.03339437 0.00273078 0.03781626
v 0.03360000 0.00290405 0.03725719
v 0.03307977 -0.00213373 0.03114836
v 0.03318073 -0.00217628 0.03135510
v 0.03357996 -0.00207369 0.03224399
v 0.03376092 -0.00214513 0.03283846
v 0.03403005 -0.00221428 0.03385446
v 0.03421440 -0.00151588 0.03409659
v 0.03410496 -0.00235487 0.03451731
v 0.03403868 -0.00263758 0.03451731
v 0.03408292 -0.00249205 0.03619534
v 0.03398504 -0.00246811 0.03671339
v 0.03402296 -0.00218844 0.03683567
v 0.03443729 -0.00051653 0.03641093
v 0.03300809 0.00308872 0.03157873
v 0.03358058 0.00263198 0.03267074
v 0.03358088 0.00198070 0.03224238
v 0.03318073 0.00208177 0.03135510
v 0.03324239 0.00121276 0.03123162
v 0.03382258 0.00037376 0.03241775
v 0.03382257 -0.00046637 0.03241815
v 0.03323036 -0.00151588 0.03125535
v 0.03375737 -0.00130575 0.03241856
v 0.03373071 0.00127241 0.03781626
v 0.03402296 0.00209317 0.03683486
v 0.03398381 0.00237284 0.03670937
v 0.03360616 -0.00179402 0.03219251
v 0.03443945 -0.00093527 0.03553088
v 0.03427051 -0.00193538 0.03577463
v 0.03423752 -0.00193538 0.03619534
v 0.03443914 -0.00092311 0.03604893
v 0.03443637 0.00041898 0.03640851
v 0.03349980 0.00308872 0.03285536
v 0.03360585 0.00292685 0.03300820
v 0.03375953 0.00205213 0.03283766
v 0.03375768 0.00121276 0.03241775
v 0.03419868 0.00037376 0.03367748
v 0.03421132 -0.00025587 0.03367748
v 0.03418943 -0.00067688 0.03367668
v 0.03442126 0.00069864 0.03632566
v 0.03423845 0.00184238 0.03619454
v 0.03396747 0.00256473 0.03650826
v 0.03371714 0.00308872 0.03662490
v 0.03425972 -0.00109562 0.03409659
v 0.03449062 -0.00025587 0.03577543
v 0.03446812 -0.00004612 0.03619454
v 0.03443852 0.00083012 0.03604652
v 0.03383213 0.00308872 0.03451650
v 0.03399645 0.00240323 0.03398960
v 0.03414288 0.00184238 0.03409659
v 0.03421255 0.00142213 0.03409659
v 0.03425787 0.00100339 0.03409659
v 0.03430196 0.00016363 0.03409659
v 0.03427174 0.00184238 0.03577543
v 0.03408246 0.00239829 0.03619454
v 0.03380161 0.00308872 0.03619454
v 0.03446442 -0.00004612 0.03538126
v 0.03449216 0.00016363 0.03577543
v 0.03403622 0.00254307 0.03451650
v 0.03410496 0.00240969 0.03577543
v 0.03444099 0.00085672 0.03552767
v 0.03410434 0.00226188 0.03451650
f 2600 2601 2602
f 2600 2602 2603
f 2600 2603 2604
f 2600 2604 2605
f 2600 2605 2606
f 2600 2606 2607
f 2600 2607 2608
f 2600 2608 2609
f 2600 2609 2601
f 2601 2609 2610
f 2601 2610 2611
f 2601 2611 2612
f 2601 2612 2613
f 2601 2613 2614
f 2601 2614 2602
f 2602 2615 2616
f 2602 2616 2660
f 2602 2660 2620
f 2602 2620 2603
f 2602 2614 2617
f 2602 2617 2618
f 2602 2618 2619
f 2602 2619 2615
f 2603 2620 2621
f 2604 2603 2621
f 2604 2622 2623
f 2604 2621 2622
f 2604 2623 2605
f 2605 2624 2606
f 2608 2625 2626
f 2608 2626 2609
f 2608 2607 2625
f 2609 2626 2610
f 2610 2626 2627
f 2611 2610 2627
f 2611 2627 2628
f 2611 2629 2612
f 2612 2629 2613
f 2613 2630 2614
f 2614 2630 2631
f 2614 2631 2617
f 2615 2632 2616
f 2615 2619 2634
f 2615 2634 2650
f 2615 2650 2709
f 2615 2709 2722
f 2615 2722 2714
f 2615 2714 2699
f 2615 2699 2681
f 2615 2681 2632
f 2618 2617 2633
f 2619 2618 2634
f 2620 2635 2621
f 2621 2635 2622
f 2623 2622 2636
f 2605 2637 2624
f 2605 2623 2637
f 2624 2637 2638
f 2624 2638 2639
f 2624 2639 2606
f 2606 2640 2607
f 2606 2639 2640
f 2607 2640 2625
f 2625 2642 2626
f 2627 2643 2628
f 2628 2629 2611
f 2629 2644 2613
f 2629 2628 2645
f 2629 2645 2644
f 2613 2644 2630
f 2631 2630 2646
f 2617 2631 2647
f 2617 2647 2633
f 2616 2632 2648
f 2616 2648 2649
f 2633 2647 2634
f 2633 2634 2618
f 2620 2651 2635
f 2635 2652 2622
f 2622 2652 2636
f 2636 2637 2623
f 2636 2653 2638
f 2636 2638 2637
f 2638 2640 2639
f 2640 2654 2641
f 2640 2641 2625
f 2625 2655 2643
f 2625 2643 2642
f 2625 2641 2655
f 2626 2642 2627
f 2627 2642 2643
f 2628 2643 2645
f 2644 2645 2646
f 2644 2646 2630
f 2631 2646 2647
f 2646 2656 2657
f 2646 2657 2658
f 2646 2658 2647
f 2648 2632 2661
f 2648 2661 2662
f 2648 2662 2649
f 2616 2649 2663
f 2616 2665 2660
f 2616 2664 2665
f 2647 2659 2666
f 2647 2666 2667
f 2647 2667 2634
f 2634 2667 2668
f 2634 2668 2650
f 2620 2660 2669
f 2620 2669 2651
f 2651 2669 2670
f 2651 2670 2671
f 2651 2671 2652
f 2651 2652 2635
f 2636 2672 2673
f 2636 2673 2653
f 2636 2652 2672
f 2653 2673 2674
f 2653 2674 2675
f 2653 2675 2676
f 2653 2676 2638
f 2638 2676 2640
f 2640 2676 2654
f 2654 2677 2641
f 2641 2677 2655
f 2655 2678 2643
f 2655 2677 2678
f 2643 2678 2645
f 2645 2678 2679
f 2645 2679 2656
f 2645 2656 2646
f 2647 2658 2659
f 2656 2679 2680
f 2656 2680 2657
f 2659 2658 2666
f 2632 2681 2661
f 2661 2681 2682
f 2661 2682 2683
f 2661 2683 2684
f 2661 2684 2662
f 2662 2684 2685
f 2662 2685 2649
f 2649 2685 2663
f 2663 2685 2686
f 2663 2686 2616
f 2616 2686 2687
f 2616 2687 2664
f 2665 2664 2688
f 2664 2687 2689
f 2664 2689 2688
f 2666 2690 2691
f 2666 2691 2668
f 2666 2668 2667
f 2666 2658 2690
f 2668 2691 2692
f 2660 2665 2669
f 2669 2688 2670
f 2669 2665 2688
f 2670 2693 2671
f 2672 2652 2671
f 2673 2672 2674
f 2675 2694 2695
f 2675 2695 2676
f 2676 2695 2654
f 2654 2695 2696
f 2654 2696 2677
f 2677 2696 2678
f 2678 2696 2679
f 2680 2679 2696
f 2680 2696 2697
f 2657 2690 2658
f 2657 2680 2698
f 2657 2698 2690
f 2681 2699 2682
f 2682 2700 2701
f 2684 2683 2685
f 2685 2683 2702
f 2685 2702 2686
f 2686 2702 2703
f 2686 2703 2704
f 2686 2704 2687
f 2687 2704 2705
f 2687 2705 2689
f 2688 2689 2693
f 2688 2693 2670
f 2691 2698 2706
f 2691 2707 2692
f 2691 2690 2698
f 2692 2708 2668
f 2668 2708 2709
f 2668 2709 2650
f 2693 2689 2671
f 2671 2689 2672
f 2672 2689 2674
f 2674 2710 2694
f 2674 2694 2675
f 2674 2689 2705
f 2674 2705 2710
f 2694 2711 2697
f 2694 2697 2695
f 2695 2697 2696
f 2697 2711 2712
f 2697 2712 2680
f 2680 2712 2698
f 2698 2712 2713
f 2698 2713 2706
f 2699 2714 2700
f 2682 2699 2700
f 2700 2715 2716
f 2700 2716 2701
f 2701 2683 2682
f 2683 2701 2702
f 2702 2717 2703
f 2703 2717 2718
f 2703 2718 2719
f 2703 2719 2704
f 2705 2704 2710
f 2706 2713 2707
f 2706 2707 2691
f 2707 2713 2720
f 2707 2720 2721
f 2707 2721 2692
f 2692 2721 2708
f 2708 2721 2722
f 2708 2722 2709
f 2694 2723 2711
f 2694 2710 2723
f 2712 2711 2724
f 2712 2724 2713
f 2714 2725 2715
f 2714 2715 2700
f 2714 2722 2726
f 2714 2726 2725
f 2716 2717 2701
f 2701 2717 2702
f 2718 2717 2727
f 2718 2727 2719
f 2719 2727 2723
f 2719 2710 2704
f 2719 2723 2710
f 2720 2713 2727
f 2720 2727 2728
f 2720 2728 2725
f 2720 2725 2726
f 2720 2726 2721
f 2722 2721 2726
f 2723 2724 2711
f 2724 2723 2727
f 2724 2727 2713
f 2725 2728 2715
f 2715 2728 2716
f 2716 2727 2717
f 2727 2716 2728

o geometry_19
v 0.01777596 0.00245601 0.01955386
v 0.01743150 0.00245826 0.01956556
v 0.01777596 0.00259258 0.01955386
v 0.01997337 0.00292412 0.01989309
v 0.01850477 0.00246173 0.02001441
v 0.01602243 0.00190482 0.01989309
v 0.01580974 0.00188175 0.01989309
v 0.01579298 0.00188175 0.01989309
v 0.01743150 0.00257809 0.01956556
v 0.01574500 0.00189134 0.01989309
v 0.01406949 0.00241579 0.01989309
v 0.01933183 0.00396709 0.01989309
v 0.01997337 0.00396709 0.01989309
v 0.01997337 0.00396587 0.02030284
v 0.01977108 0.00245703 0.02132587
v 0.01977108 0.00245703 0.02117447
v 0.01943991 0.00245601 0.02081786
v 0.01824873 0.00244478 0.02296820
v 0.01623627 0.00229616 0.02296820
v 0.01536991 0.00229616 0.02296820
v 0.01420011 0.00229616 0.02179544
v 0.01406949 0.00229616 0.02166376
v 0.01406949 0.00282674 0.01989309
v 0.01406949 0.00229616 0.02065009
v 0.01934570 0.00396709 0.01990780
v 0.01406949 0.00281122 0.02024268
v 0.01407412 0.00276794 0.02063505
v 0.01407354 0.00276468 0.02066279
v 0.01997337 0.00396709 0.02030083
v 0.01997221 0.00396709 0.02030317
v 0.01824873 0.00267465 0.02296820
v 0.01977108 0.00258666 0.02132587
v 0.01551093 0.00245948 0.02296820
v 0.01427814 0.00247663 0.02171757
v 0.01406949 0.00232862 0.02163569
v 0.01940523 0.00396709 0.01996929
v 0.01406949 0.00276692 0.02063505
v 0.01406949 0.00276366 0.02066279
v 0.01407354 0.00267077 0.02108256
v 0.01575310 0.00267159 0.02276099
v 0.01575310 0.00276468 0.02234121
v 0.01964220 0.00396709 0.02012938
v 0.01617270 0.00276325 0.02276099
v 0.01617270 0.00269057 0.02296820
v 0.01804298 0.00274488 0.02296820
v 0.01553000 0.00247949 0.02296820
v 0.01511734 0.00247724 0.02255745
v 0.01411226 0.00252767 0.02146323
v 0.01406949 0.00251889 0.02143482
v 0.01961850 0.00396709 0.02011668
v 0.01406949 0.00266893 0.02108189
v 0.01537106 0.00252869 0.02272289
v 0.01577332 0.00259442 0.02296820
f 2729 2730 2737
f 2729 2737 2731
f 2729 2731 2741
f 2729 2741 2732
f 2729 2732 2733
f 2729 2733 2734
f 2729 2734 2735
f 2729 2735 2736
f 2729 2736 2730
f 2730 2736 2738
f 2730 2738 2739
f 2730 2739 2751
f 2730 2751 2737
f 2731 2737 2740
f 2731 2740 2741
f 2732 2741 2757
f 2732 2757 2742
f 2732 2742 2743
f 2732 2743 2744
f 2732 2744 2745
f 2732 2745 2733
f 2733 2745 2734
f 2734 2745 2744
f 2734 2744 2743
f 2734 2743 2746
f 2734 2746 2735
f 2735 2746 2747
f 2735 2747 2748
f 2735 2748 2736
f 2736 2748 2749
f 2736 2749 2750
f 2736 2750 2738
f 2737 2751 2740
f 2738 2750 2752
f 2738 2752 2739
f 2739 2752 2750
f 2739 2750 2763
f 2739 2763 2777
f 2739 2777 2779
f 2739 2779 2766
f 2739 2766 2765
f 2739 2765 2754
f 2739 2754 2751
f 2740 2753 2764
f 2740 2764 2778
f 2740 2778 2770
f 2740 2770 2758
f 2740 2758 2757
f 2740 2757 2741
f 2740 2751 2754
f 2740 2754 2755
f 2740 2755 2756
f 2740 2756 2753
f 2742 2757 2758
f 2742 2758 2759
f 2742 2759 2760
f 2742 2760 2743
f 2743 2760 2759
f 2743 2759 2746
f 2746 2759 2773
f 2746 2773 2772
f 2746 2772 2781
f 2746 2781 2774
f 2746 2774 2761
f 2746 2761 2748
f 2746 2748 2747
f 2748 2761 2762
f 2748 2762 2749
f 2749 2762 2763
f 2749 2763 2750
f 2753 2756 2764
f 2754 2765 2755
f 2755 2765 2756
f 2756 2765 2766
f 2756 2766 2767
f 2756 2767 2768
f 2756 2768 2769
f 2756 2769 2764
f 2758 2770 2771
f 2758 2771 2772
f 2758 2772 2773
f 2758 2773 2759
f 2761 2774 2775
f 2761 2775 2762
f 2762 2776 2777
f 2762 2777 2763
f 2762 2775 2774
f 2762 2774 2776
f 2764 2769 2771
f 2764 2771 2778
f 2766 2779 2767
f 2767 2779 2777
f 2767 2777 2776
f 2767 2776 2780
f 2767 2780 2781
f 2767 2781 2768
f 2768 2781 2772
f 2768 2772 2771
f 2768 2771 2769
f 2770 2778 2771
f 2774 2780 2776
f 2774 2781 2780

o geometry_20
v 0.00604787 -0.00767724 0.00596931
v 0.00604787 -0.00767724 0.00598264
v 0.00604787 -0.00763271 0.00567648
v 0.00609732 -0.00762929 0.00569323
v 0.00632564 -0.00760645 0.00575073
v 0.00609732 -0.00767039 0.00596931
v 0.00609732 -0.00767039 0.00598455
v 0.00876389 -0.00703791 0.00847041
v 0.00754293 -0.00703791 0.00847041
v 0.00604787 -0.00758819 0.00598455
v 0.00604787 -0.00761901 0.00564525
v 0.00637325 -0.00761787 0.00598455
v 0.00604787 -0.00750485 0.00546970
v 0.00609732 -0.00749343 0.00548341
v 0.00648619 -0.00738383 0.00556871
v 0.00693734 -0.00725368 0.00568562
v 0.00715467 -0.00718747 0.00575416
v 0.00731522 -0.00724683 0.00598455
v 0.00823033 -0.00703791 0.00682802
v 0.00611075 -0.00766810 0.00598455
v 0.00835975 -0.00703791 0.00722024
v 0.00898610 -0.00685753 0.00806791
v 0.00897512 -0.00692717 0.00847041
v 0.00604787 -0.00718975 0.00598455
v 0.00988473 -0.00571132 0.00847041
v 0.01115270 0.00398585 0.00846965
v 0.00789396 0.00398585 0.00598569
v 0.00755453 0.00275401 0.00577054
v 0.00604787 -0.00736214 0.00530367
v 0.00609732 -0.00734159 0.00530367
v 0.00617546 -0.00730506 0.00530367
v 0.00636226 -0.00721373 0.00530367
v 0.00664553 -0.00713267 0.00538669
v 0.00770227 -0.00703791 0.00604509
v 0.00751058 -0.00712810 0.00598455
v 0.00688667 -0.00688493 0.00530367
v 0.00713879 -0.00675478 0.00534747
v 0.00806489 -0.00683242 0.00612201
v 0.00849039 -0.00681301 0.00651805
v 0.00799713 -0.00703791 0.00638705
v 0.00856915 -0.00685982 0.00680860
v 0.00891773 -0.00681872 0.00764826
v 0.00926021 -0.00676848 0.00847041
v 0.00907462 -0.00687466 0.00847041
v 0.00744770 0.00275401 0.00554891
v 0.00711499 0.00267752 0.00458015
v 0.00604787 -0.00662349 0.00530367
v 0.01039326 -0.00570789 0.00847041
v 0.01168442 0.00398585 0.00846965
v 0.00857769 0.00398585 0.00598455
v 0.00686225 -0.00380248 0.00458015
v 0.00686225 -0.00613144 0.00501579
v 0.00686225 -0.00657555 0.00510147
v 0.00686225 -0.00672053 0.00518182
v 0.00659791 -0.00707559 0.00530367
v 0.00735673 -0.00665889 0.00543010
v 0.00757834 -0.00635292 0.00533338
v 0.00834449 -0.00670455 0.00623816
v 0.00803376 -0.00638603 0.00571837
v 0.00891956 -0.00643626 0.00651043
v 0.00929806 -0.00638375 0.00694416
v 0.00877915 -0.00672053 0.00680860
v 0.00881822 -0.00675250 0.00704051
v 0.00886401 -0.00678561 0.00732001
v 0.00912774 -0.00668286 0.00764826
v 0.00942687 -0.00665889 0.00847041
v 0.00767296 0.00267752 0.00458015
v 0.00686225 -0.00317229 0.00458015
v 0.01057335 -0.00570789 0.00847041
v 0.01166733 0.00398585 0.00841710
v 0.01171067 0.00393562 0.00846965
v 0.00889697 0.00398585 0.00598455
v 0.00693673 -0.00379335 0.00458015
v 0.00735612 -0.00370658 0.00458015
v 0.00761741 -0.00349423 0.00458015
v 0.00842813 -0.00594764 0.00574731
v 0.00888538 -0.00599673 0.00612658
v 0.00848612 -0.00642371 0.00611440
v 0.00876633 -0.00627643 0.00623054
v 0.00904227 -0.00614058 0.00638286
v 0.00930905 -0.00600586 0.00653518
v 0.00919855 -0.00628557 0.00666428
v 0.00935911 -0.00642941 0.00722824
v 0.00972539 -0.00598417 0.00695368
v 0.00979926 -0.00604925 0.00722824
v 0.00956911 -0.00625931 0.00722824
v 0.00901663 -0.00665774 0.00719968
v 0.00976263 -0.00643170 0.00847041
v 0.00951356 -0.00660066 0.00847041
v 0.00943359 -0.00665318 0.00846470
v 0.00899587 0.00398585 0.00603634
v 0.00903616 0.00398585 0.00605804
v 0.00925349 0.00398585 0.00617533
v 0.00946289 0.00398585 0.00629376
v 0.00982796 0.00398585 0.00650358
v 0.01055687 0.00398585 0.00694873
v 0.01058312 0.00398585 0.00696587
v 0.01077115 0.00398585 0.00710258
v 0.01109958 0.00352120 0.00730630
v 0.01133645 0.00310107 0.00744568
v 0.01182850 0.00142056 0.00779449
v 0.01182972 0.00100158 0.00779335
v 0.01183094 -0.00025652 0.00779297
v 0.00767357 -0.00277385 0.00458015
v 0.01063318 -0.00564396 0.00846965
v 0.01084440 -0.00540650 0.00846965
v 0.01101168 -0.00519757 0.00846965
v 0.01126075 -0.00485166 0.00846965
v 0.01136697 -0.00470096 0.00846965
v 0.01148052 -0.00448747 0.00846965
v 0.01179370 -0.00388696 0.00846965
v 0.01188222 -0.00364950 0.00846965
v 0.01192495 -0.00351821 0.00846965
v 0.01203667 -0.00315288 0.00846965
v 0.01209467 -0.00292798 0.00846965
v 0.01212519 -0.00280582 0.00846965
v 0.01213313 -0.00277385 0.00846965
v 0.01221005 -0.00235373 0.00846965
v 0.01222226 -0.00228180 0.00846965
v 0.01225644 -0.00194730 0.00846965
v 0.01226804 -0.00171897 0.00846965
v 0.01227720 -0.00151576 0.00846965
v 0.01228452 -0.00109563 0.00846965
v 0.01228330 0.00100158 0.00846965
v 0.01227781 0.00142056 0.00846965
v 0.01227720 0.00144568 0.00846965
v 0.01226926 0.00162263 0.00846965
v 0.01225827 0.00185325 0.00846965
v 0.01224973 0.00194458 0.00846965
v 0.01221249 0.00226082 0.00846965
v 0.01212824 0.00268094 0.00846965
v 0.01211725 0.00273118 0.00846965
v 0.01202446 0.00310107 0.00846965
v 0.01201897 0.00312048 0.00846965
v 0.01188954 0.00353147 0.00846965
v 0.01188222 0.00355430 0.00846965
v 0.01186451 0.00359997 0.00846965
v 0.01043721 -0.00585402 0.00847041
v 0.01175280 0.00372099 0.00828725
v 0.01152448 0.00398585 0.00802488
v 0.00763817 -0.00340176 0.00458015
v 0.01055748 -0.00445322 0.00697882
v 0.01002697 -0.00487220 0.00665057
v 0.00925044 -0.00551039 0.00617609
v 0.00916498 -0.00579123 0.00625568
v 0.00958926 -0.00580836 0.00667380
v 0.00962467 -0.00630954 0.00755839
v 0.00967106 -0.00634836 0.00783828
v 0.00970769 -0.00637690 0.00806791
v 0.00977240 -0.00642485 0.00847041
v 0.00976386 -0.00570789 0.00678880
v 0.00982612 -0.00570789 0.00685734
v 0.01009229 -0.00551610 0.00700966
v 0.01057396 -0.00518616 0.00735543
v 0.01047689 -0.00546586 0.00751536
v 0.01006299 -0.00590083 0.00749671
v 0.01011244 -0.00594878 0.00777659
v 0.01101290 0.00398585 0.00731735
v 0.01103670 0.00394018 0.00732649
v 0.01130898 0.00352120 0.00747881
v 0.01178393 0.00260331 0.00783371
v 0.01180652 0.00226082 0.00781201
v 0.01182239 0.00183955 0.00779906
v 0.01203728 0.00142056 0.00805039
v 0.01203972 0.00100158 0.00804658
v 0.01203972 0.00058259 0.00804620
v 0.01183094 -0.00109563 0.00779297
v 0.00767235 -0.00306269 0.00458015
v 0.01052390 -0.00552294 0.00779563
v 0.01095917 -0.00513022 0.00816768
v 0.01090606 -0.00506857 0.00788817
v 0.01107394 -0.00490645 0.00804392
v 0.01133279 -0.00465301 0.00829220
v 0.01129494 -0.00458337 0.00806753
v 0.01141276 -0.00437330 0.00806753
v 0.01136697 -0.00428768 0.00782343
v 0.01175707 -0.00381618 0.00828306
v 0.01187367 -0.00365178 0.00844871
v 0.01181018 -0.00353648 0.00818633
v 0.01211542 -0.00277385 0.00842891
v 0.01215022 -0.00235373 0.00833104
v 0.01217525 -0.00209914 0.00828458
v 0.01224973 -0.00194844 0.00844947
v 0.01218868 -0.00181944 0.00826821
v 0.01219417 -0.00151576 0.00826021
v 0.01219723 -0.00109563 0.00825602
v 0.01219662 0.00100158 0.00825640
v 0.01219417 0.00142056 0.00826021
v 0.01218868 0.00172310 0.00826859
v 0.01225217 0.00185325 0.00844947
v 0.01217525 0.00200280 0.00828458
v 0.01215022 0.00226082 0.00832914
v 0.01186268 0.00310107 0.00810484
v 0.01181201 0.00344128 0.00818519
v 0.01187489 0.00355773 0.00845099
v 0.01022721 -0.00604810 0.00847041
v 0.01016006 -0.00599216 0.00806791
v 0.01029497 -0.00571246 0.00764636
v 0.01140421 0.00398585 0.00777926
v 0.00767113 -0.00319398 0.00458015
v 0.01079984 -0.00403195 0.00711324
v 0.01131020 -0.00361297 0.00747728
v 0.01103976 -0.00403195 0.00732268
v 0.01051963 -0.00469753 0.00700243
v 0.00968144 -0.00552751 0.00658202
v 0.00974798 -0.00529233 0.00653861
v 0.00995738 -0.00529233 0.00672825
v 0.00991770 -0.00620223 0.00806791
v 0.00998241 -0.00625817 0.00847041
v 0.00984261 -0.00566223 0.00684173
v 0.01015761 -0.00529233 0.00693807
v 0.01045248 -0.00497610 0.00707592
v 0.01092071 -0.00465872 0.00743959
v 0.01100923 -0.00478886 0.00771947
v 0.01102816 0.00398585 0.00733296
v 0.01124671 0.00394018 0.00755839
v 0.01147747 0.00352120 0.00768901
v 0.01176134 0.00288302 0.00785961
v 0.01205804 0.00185325 0.00810446
v 0.01203972 -0.00109563 0.00804620
v 0.01182911 -0.00151576 0.00779411
v 0.01097749 -0.00437901 0.00737333
v 0.01141703 -0.00403195 0.00776327
v 0.01172899 -0.00326362 0.00790645
v 0.01184315 -0.00315174 0.00805496
v 0.01176318 -0.00298392 0.00785770
v 0.01178027 -0.00277385 0.00783828
v 0.01180713 -0.00235373 0.00781049
v 0.01205804 -0.00194844 0.00810408
v 0.01203850 -0.00151576 0.00805001
v 0.01173631 0.00310107 0.00789464
v 0.01141276 0.00394018 0.00776822
v 0.01121069 0.00398585 0.00753479
v 0.01133767 -0.00319398 0.00744530
v 0.01110019 -0.00361297 0.00730440
v 0.01147747 -0.00361297 0.00768749
v 0.01124976 -0.00403195 0.00755306
v 0.01182300 -0.00193360 0.00779830
f 2782 2783 2791
f 2782 2791 2805
f 2782 2805 2828
f 2782 2828 2810
f 2782 2810 2794
f 2782 2794 2792
f 2782 2792 2784
f 2782 2784 2785
f 2782 2785 2786
f 2782 2786 2787
f 2782 2787 2788
f 2782 2788 2783
f 2783 2788 2789
f 2783 2789 2790
f 2783 2790 2791
f 2784 2792 2786
f 2784 2786 2785
f 2786 2793 2787
f 2786 2792 2794
f 2786 2794 2795
f 2786 2795 2796
f 2786 2796 2797
f 2786 2797 2798
f 2786 2798 2799
f 2786 2799 2800
f 2786 2800 2793
f 2787 2801 2788
f 2787 2793 2801
f 2788 2801 2789
f 2789 2793 2802
f 2789 2802 2803
f 2789 2803 2804
f 2789 2804 2825
f 2789 2825 2824
f 2789 2824 2847
f 2789 2847 2870
f 2789 2870 2869
f 2789 2869 2931
f 2789 2931 2990
f 2789 2990 2977
f 2789 2977 2919
f 2789 2919 2850
f 2789 2850 2829
f 2789 2829 2806
f 2789 2806 2790
f 2789 2801 2793
f 2790 2805 2791
f 2790 2806 2807
f 2790 2807 2808
f 2790 2808 2809
f 2790 2809 2805
f 2793 2800 2802
f 2794 2810 2811
f 2794 2811 2795
f 2795 2811 2796
f 2796 2811 2812
f 2796 2812 2813
f 2796 2813 2797
f 2797 2813 2814
f 2797 2814 2798
f 2798 2815 2816
f 2798 2816 2799
f 2798 2814 2817
f 2798 2817 2818
f 2798 2818 2819
f 2798 2819 2815
f 2799 2816 2820
f 2799 2820 2821
f 2799 2821 2800
f 2800 2821 2822
f 2800 2822 2802
f 2802 2822 2803
f 2803 2823 2824
f 2803 2824 2825
f 2803 2825 2804
f 2803 2822 2823
f 2805 2809 2826
f 2805 2826 2827
f 2805 2827 2828
f 2806 2829 2807
f 2807 2830 2851
f 2807 2851 2921
f 2807 2921 2980
f 2807 2980 3014
f 2807 3014 2996
f 2807 2996 2939
f 2807 2939 2879
f 2807 2879 2878
f 2807 2878 2877
f 2807 2877 2876
f 2807 2876 2875
f 2807 2875 2874
f 2807 2874 2873
f 2807 2873 2872
f 2807 2872 2853
f 2807 2853 2831
f 2807 2831 2808
f 2807 2829 2850
f 2807 2850 2830
f 2808 2831 2827
f 2808 2827 2826
f 2808 2826 2809
f 2810 2828 2849
f 2810 2849 2832
f 2810 2832 2833
f 2810 2833 2834
f 2810 2834 2811
f 2811 2834 2812
f 2812 2834 2813
f 2813 2834 2835
f 2813 2835 2836
f 2813 2836 2814
f 2814 2836 2817
f 2815 2819 2820
f 2815 2820 2816
f 2817 2835 2818
f 2817 2836 2835
f 2818 2837 2819
f 2818 2835 2838
f 2818 2838 2837
f 2819 2839 2820
f 2819 2837 2838
f 2819 2838 2840
f 2819 2840 2839
f 2820 2839 2841
f 2820 2841 2842
f 2820 2842 2843
f 2820 2843 2822
f 2820 2822 2821
f 2822 2843 2844
f 2822 2844 2845
f 2822 2845 2823
f 2823 2845 2824
f 2824 2845 2846
f 2824 2846 2847
f 2827 2831 2853
f 2827 2853 2848
f 2827 2848 2885
f 2827 2885 2949
f 2827 2949 2981
f 2827 2981 2922
f 2827 2922 2856
f 2827 2856 2855
f 2827 2855 2854
f 2827 2854 2832
f 2827 2832 2849
f 2827 2849 2828
f 2830 2850 2852
f 2830 2852 2851
f 2832 2854 2833
f 2833 2854 2855
f 2833 2855 2834
f 2834 2855 2856
f 2834 2856 2838
f 2834 2838 2835
f 2838 2857 2858
f 2838 2858 2840
f 2838 2856 2857
f 2839 2840 2859
f 2839 2859 2860
f 2839 2860 2841
f 2840 2858 2860
f 2840 2860 2859
f 2841 2860 2861
f 2841 2861 2862
f 2841 2862 2863
f 2841 2863 2842
f 2842 2864 2843
f 2842 2863 2865
f 2842 2865 2866
f 2842 2866 2867
f 2842 2867 2864
f 2843 2868 2844
f 2843 2864 2868
f 2844 2868 2845
f 2845 2868 2846
f 2846 2868 2864
f 2846 2864 2869
f 2846 2869 2870
f 2846 2870 2871
f 2846 2871 2847
f 2847 2871 2870
f 2848 2853 2872
f 2848 2872 2873
f 2848 2873 2874
f 2848 2874 2875
f 2848 2875 2876
f 2848 2876 2877
f 2848 2877 2878
f 2848 2878 2879
f 2848 2879 2880
f 2848 2880 2881
f 2848 2881 2882
f 2848 2882 2883
f 2848 2883 2884
f 2848 2884 2885
f 2850 2886 2887
f 2850 2887 2888
f 2850 2888 2889
f 2850 2889 2890
f 2850 2890 2891
f 2850 2891 2892
f 2850 2892 2893
f 2850 2893 2894
f 2850 2894 2895
f 2850 2895 2896
f 2850 2896 2897
f 2850 2897 2898
f 2850 2898 2899
f 2850 2899 2900
f 2850 2900 2901
f 2850 2901 2902
f 2850 2902 2903
f 2850 2903 2904
f 2850 2904 2905
f 2850 2905 2906
f 2850 2906 2907
f 2850 2907 2908
f 2850 2908 2909
f 2850 2909 2910
f 2850 2910 2911
f 2850 2911 2912
f 2850 2912 2913
f 2850 2913 2914
f 2850 2914 2915
f 2850 2915 2916
f 2850 2916 2917
f 2850 2917 2918
f 2850 2918 2852
f 2850 2919 2886
f 2851 2852 2920
f 2851 2920 2921
f 2852 2918 2920
f 2856 2922 2923
f 2856 2923 2924
f 2856 2924 2925
f 2856 2925 2857
f 2857 2925 2858
f 2858 2862 2861
f 2858 2861 2860
f 2858 2925 2926
f 2858 2926 2862
f 2862 2865 2863
f 2862 2926 2927
f 2862 2927 2865
f 2864 2867 2928
f 2864 2928 2929
f 2864 2929 2930
f 2864 2930 2931
f 2864 2931 2869
f 2865 2927 2932
f 2865 2932 2933
f 2865 2933 2934
f 2865 2934 2935
f 2865 2935 2936
f 2865 2936 2866
f 2866 2936 2937
f 2866 2937 2867
f 2867 2937 2938
f 2867 2938 2928
f 2879 2939 2940
f 2879 2940 2941
f 2879 2941 2880
f 2880 2941 2881
f 2881 2942 2943
f 2881 2943 2944
f 2881 2944 2882
f 2881 2941 2942
f 2882 2945 2946
f 2882 2946 2883
f 2882 2944 2945
f 2883 2946 2884
f 2884 2946 2947
f 2884 2947 3001
f 2884 3001 2948
f 2884 2948 2885
f 2885 2948 2949
f 2886 2919 2950
f 2886 2950 2887
f 2887 2950 2936
f 2887 2936 2888
f 2888 2936 2951
f 2888 2951 2889
f 2889 2951 2952
f 2889 2952 2890
f 2890 2952 2953
f 2890 2953 2954
f 2890 2954 2955
f 2890 2955 2956
f 2890 2956 2891
f 2891 2956 2892
f 2892 2956 2957
f 2892 2957 2958
f 2892 2958 2893
f 2893 2958 2959
f 2893 2959 2894
f 2894 2959 2958
f 2894 2958 2960
f 2894 2960 2895
f 2895 2960 2896
f 2896 2960 2961
f 2896 2961 2897
f 2897 2961 2898
f 2898 2961 2962
f 2898 2962 2899
f 2899 2962 2963
f 2899 2963 2900
f 2900 2963 2964
f 2900 2964 2901
f 2901 2964 2902
f 2902 2964 2965
f 2902 2965 2903
f 2903 2965 2966
f 2903 2966 2904
f 2904 2966 2967
f 2904 2967 2968
f 2904 2968 2905
f 2905 2968 2969
f 2905 2969 2906
f 2906 2969 2907
f 2907 2970 2971
f 2907 2971 2908
f 2907 2969 2970
f 2908 2971 2909
f 2909 2971 2910
f 2910 2971 2972
f 2910 2972 2911
f 2911 2972 2973
f 2911 2973 2912
f 2912 2973 2974
f 2912 2974 2913
f 2913 2974 2914
f 2914 2974 2975
f 2914 2975 2915
f 2915 2975 2976
f 2915 2976 2916
f 2916 2976 2917
f 2917 2976 2918
f 2918 2976 2920
f 2919 2977 2978
f 2919 2978 2938
f 2919 2938 2979
f 2919 2979 2950
f 2920 2976 2975
f 2920 2975 2921
f 2921 2975 2980
f 2922 2981 2982
f 2922 2982 2923
f 2923 2982 2983
f 2923 2983 2984
f 2923 2984 2985
f 2923 2985 2924
f 2924 2985 2925
f 2925 2986 2926
f 2925 2985 2987
f 2925 2987 2988
f 2925 2988 2986
f 2926 2986 2927
f 2927 2986 2932
f 2928 2938 2978
f 2928 2978 2989
f 2928 2989 2929
f 2929 2989 2990
f 2929 2990 2930
f 2930 2990 2931
f 2932 2986 2991
f 2932 2991 2933
f 2933 2991 2934
f 2934 2991 2986
f 2934 2986 2992
f 2934 2992 2935
f 2935 2992 2993
f 2935 2993 2994
f 2935 2994 2957
f 2935 2957 2995
f 2935 2995 2936
f 2936 2950 2979
f 2936 2979 2937
f 2936 2995 2952
f 2936 2952 2951
f 2937 2979 2938
f 2939 2996 2940
f 2940 2996 2941
f 2941 2996 2997
f 2941 2997 2998
f 2941 2998 2999
f 2941 2999 2942
f 2942 2999 2972
f 2942 2972 2943
f 2943 2972 3000
f 2943 3000 2944
f 2944 3000 2945
f 2945 3000 2970
f 2945 2970 2969
f 2945 2969 2968
f 2945 2968 2946
f 2946 2968 2947
f 2947 2968 2967
f 2947 2967 3001
f 2948 3001 3002
f 2948 3002 2949
f 2949 3002 2981
f 2952 2995 2955
f 2952 2955 2953
f 2953 2955 2954
f 2955 2957 2956
f 2955 2995 2957
f 2957 2994 3003
f 2957 3003 3004
f 2957 3004 2960
f 2957 2960 2958
f 2960 3005 3006
f 2960 3006 2961
f 2960 3004 3005
f 2961 3006 2962
f 2962 3006 2963
f 2963 3006 3007
f 2963 3007 3008
f 2963 3008 3009
f 2963 3009 3010
f 2963 3010 2965
f 2963 2965 2964
f 2965 3011 2966
f 2965 3010 3011
f 2966 3011 2967
f 2967 3011 3001
f 2970 3000 2972
f 2970 2972 2971
f 2972 2999 2974
f 2972 2974 2973
f 2974 2999 3012
f 2974 3012 2975
f 2975 3012 3013
f 2975 3013 2980
f 2977 2990 2989
f 2977 2989 2978
f 2980 3013 2997
f 2980 2997 3014
f 2981 3002 3015
f 2981 3015 2982
f 2982 3015 3016
f 2982 3016 2983
f 2983 3017 3004
f 2983 3004 3018
f 2983 3018 2984
f 2983 3016 3015
f 2983 3015 3008
f 2983 3008 3007
f 2983 3007 3017
f 2984 3018 3003
f 2984 3003 2985
f 2985 2994 2993
f 2985 2993 2988
f 2985 2988 2987
f 2985 3003 2994
f 2986 2988 2992
f 2988 2993 2992
f 2996 3014 2997
f 2997 3013 2998
f 2998 3012 2999
f 2998 3013 3012
f 3001 3011 3002
f 3002 3011 3019
f 3002 3019 3015
f 3003 3018 3004
f 3004 3017 3005
f 3005 3017 3007
f 3005 3007 3006
f 3008 3015 3009
f 3009 3019 3010
f 3009 3015 3019
f 3010 3019 3011

o geometry_21
v -0.00203450 -0.00321576 0.00280159
v -0.00254054 -0.00321576 0.00285017
v -0.00442552 -0.00321514 0.00282345
v -0.00397515 -0.00321514 0.00281373
v -0.00203450 -0.00319408 0.00280159
v -0.00101990 -0.00321576 0.00280159
v -0.00254054 -0.00321576 0.00347691
v -0.00481517 -0.00321514 0.00313682
v -0.00477722 -0.00321514 0.00286718
v -0.00458240 -0.00308567 0.00283317
v -0.00462035 -0.00193466 0.00282588
v -0.00436733 -0.00277407 0.00282102
v -0.00481517 -0.00321266 0.00286960
v -0.00397515 0.00311106 0.00281373
v -0.00203450 0.00311292 0.00280402
v -0.00185233 -0.00275301 0.00280159
v -0.00356273 0.00311106 0.00281130
v -0.00094905 -0.00321576 0.00303479
v -0.00057458 -0.00193528 0.00280159
v 0.01943665 -0.00268672 0.02081658
v 0.01955557 -0.00277964 0.02105221
v 0.01868772 -0.00293080 0.02066111
v 0.01910773 -0.00293018 0.02108136
v 0.01952774 -0.00295558 0.02653493
v -0.00481517 -0.00321514 0.00329957
v -0.00145509 -0.00321576 0.00351820
v -0.00462794 -0.00151527 0.00282588
v -0.00462794 0.00142234 0.00282588
v -0.00481517 -0.00002417 0.00286960
v -0.00435721 0.00311106 0.00282102
v -0.00457228 0.00311106 0.00283802
v -0.00252030 0.00311292 0.00285260
v -0.00102243 0.00311292 0.00280402
v -0.00124002 -0.00188201 0.00280159
v -0.00108315 -0.00321576 0.00342589
v -0.00056446 -0.00188201 0.00280159
v 0.01943665 -0.00254858 0.02081658
v 0.01977064 -0.00267991 0.02117367
v -0.00051639 -0.00151341 0.00280402
v 0.02036523 -0.00289053 0.02653493
v 0.01997052 -0.00292708 0.02613897
v 0.01994522 -0.00293637 0.02653493
v 0.01952774 -0.00293637 0.02695518
v -0.00481517 -0.00151527 0.00332144
v 0.01912291 -0.00275548 0.02693817
v 0.01927725 -0.00265513 0.02720781
v 0.01925448 -0.00235406 0.02722725
v -0.00480505 0.00184111 0.00286960
v -0.00462035 0.00184111 0.00282588
v -0.00481517 -0.00002417 0.00332144
v -0.00480505 0.00311106 0.00314653
v -0.00480505 0.00311044 0.00288175
v -0.00461276 0.00210253 0.00282588
v -0.00252030 0.00311292 0.00347933
v -0.00057458 0.00183677 0.00280402
v -0.00095158 0.00311292 0.00302507
v 0.01952774 0.00286264 0.02653493
v 0.02036523 0.00283415 0.02611467
v 0.02036523 0.00282609 0.02569685
v 0.01574258 0.00258449 0.01981817
v 0.01586909 0.00255166 0.01988862
v 0.01560595 0.00251697 0.01954124
v 0.01588174 0.00238936 0.01967971
v 0.01558318 0.00211121 0.01914285
v -0.00051639 0.00142110 0.00280402
v 0.01599307 0.00210997 0.01956553
v 0.01977064 -0.00254919 0.02117367
v 0.02102561 0.00245750 0.02587661
v 0.02063343 -0.00268548 0.02626286
v 0.02063090 -0.00270778 0.02653493
v 0.02059295 -0.00263468 0.02676084
v 0.02033487 -0.00272327 0.02692360
v 0.01994522 -0.00291283 0.02695518
v 0.01976811 -0.00263159 0.02760378
v 0.01970738 -0.00263159 0.02760378
v 0.01955051 -0.00274124 0.02735843
v 0.01925448 -0.00193404 0.02722968
v 0.01947966 -0.00235406 0.02743859
v -0.00480505 0.00142234 0.00332629
v -0.00480505 0.00311106 0.00329957
v 0.01925448 -0.00003656 0.02722968
v 0.01925701 0.00226174 0.02722968
v -0.00233053 0.00311292 0.00350363
v -0.00095158 0.00311292 0.00303722
v 0.01952774 0.00284406 0.02695518
v 0.01994775 0.00284158 0.02653493
v -0.00107809 0.00311292 0.00340160
v -0.00109327 0.00311292 0.00343075
v -0.00145509 0.00311292 0.00352792
v -0.00228499 0.00311292 0.00350606
v 0.02078777 0.00278831 0.02611467
v 0.01994775 0.00281804 0.02695518
v 0.02076500 0.00267556 0.02572114
v 0.02102561 0.00258140 0.02587661
v 0.02103320 0.00245378 0.02611467
v 0.02101296 0.00246246 0.02634302
v 0.01978582 -0.00235406 0.02761592
v 0.01992498 -0.00273070 0.02734385
v 0.01969220 -0.00235406 0.02761592
v 0.01947966 0.00226174 0.02743859
v 0.01969220 -0.00003656 0.02761835
v 0.01927725 0.00256343 0.02720781
v 0.01912291 0.00266255 0.02693817
v 0.01955051 0.00264954 0.02735843
v 0.01970738 0.00253927 0.02760378
v 0.01976811 0.00253927 0.02760378
v 0.02101296 0.00254299 0.02634302
v 0.02103320 0.00260680 0.02611467
v 0.02075488 0.00262848 0.02650334
v 0.01992498 0.00263777 0.02734385
v 0.01997052 0.00263715 0.02730012
v 0.01978835 -0.00003656 0.02761592
v 0.01978582 -0.00003656 0.02761835
v 0.01969220 0.00229519 0.02761592
v 0.01978329 0.00229519 0.02761592
v 0.01978835 0.00226174 0.02761592
f 3020 3021 3022
f 3020 3022 3023
f 3020 3023 3033
f 3020 3033 3024
f 3020 3024 3035
f 3020 3035 3053
f 3020 3053 3055
f 3020 3055 3038
f 3020 3038 3025
f 3020 3025 3037
f 3020 3037 3054
f 3020 3054 3045
f 3020 3045 3026
f 3020 3026 3021
f 3021 3026 3044
f 3021 3044 3027
f 3021 3027 3028
f 3021 3028 3022
f 3022 3029 3030
f 3022 3030 3031
f 3022 3031 3023
f 3022 3028 3032
f 3022 3032 3029
f 3023 3031 3033
f 3024 3034 3035
f 3024 3033 3036
f 3024 3036 3034
f 3025 3038 3039
f 3025 3039 3040
f 3025 3040 3041
f 3025 3041 3042
f 3025 3042 3043
f 3025 3043 3037
f 3026 3045 3043
f 3026 3043 3044
f 3027 3044 3063
f 3027 3063 3069
f 3027 3069 3048
f 3027 3048 3032
f 3027 3032 3028
f 3029 3032 3030
f 3030 3032 3046
f 3030 3046 3031
f 3031 3046 3047
f 3031 3047 3033
f 3032 3048 3047
f 3032 3047 3046
f 3033 3049 3034
f 3033 3034 3036
f 3033 3047 3049
f 3034 3049 3050
f 3034 3050 3051
f 3034 3051 3073
f 3034 3073 3102
f 3034 3102 3109
f 3034 3109 3108
f 3034 3108 3107
f 3034 3107 3106
f 3034 3106 3103
f 3034 3103 3075
f 3034 3075 3052
f 3034 3052 3055
f 3034 3055 3053
f 3034 3053 3035
f 3037 3043 3054
f 3038 3055 3039
f 3039 3056 3086
f 3039 3086 3057
f 3039 3057 3040
f 3039 3055 3058
f 3039 3058 3084
f 3039 3084 3056
f 3040 3057 3059
f 3040 3059 3042
f 3040 3042 3041
f 3042 3059 3060
f 3042 3060 3061
f 3042 3061 3043
f 3043 3061 3062
f 3043 3062 3044
f 3043 3045 3054
f 3044 3062 3064
f 3044 3064 3065
f 3044 3065 3066
f 3044 3066 3063
f 3047 3048 3067
f 3047 3067 3068
f 3047 3068 3049
f 3048 3069 3099
f 3048 3099 3070
f 3048 3070 3071
f 3048 3071 3067
f 3049 3068 3072
f 3049 3072 3050
f 3050 3072 3071
f 3050 3071 3070
f 3050 3070 3051
f 3051 3070 3099
f 3051 3099 3073
f 3052 3074 3055
f 3052 3075 3076
f 3052 3076 3077
f 3052 3077 3078
f 3052 3078 3079
f 3052 3079 3080
f 3052 3080 3081
f 3052 3081 3082
f 3052 3082 3083
f 3052 3083 3056
f 3052 3056 3074
f 3055 3074 3084
f 3055 3084 3058
f 3056 3083 3085
f 3056 3085 3086
f 3056 3084 3074
f 3057 3086 3113
f 3057 3113 3087
f 3057 3087 3088
f 3057 3088 3059
f 3059 3088 3089
f 3059 3089 3090
f 3059 3090 3091
f 3059 3091 3092
f 3059 3092 3061
f 3059 3061 3060
f 3061 3092 3062
f 3062 3092 3093
f 3062 3093 3094
f 3062 3094 3095
f 3062 3095 3064
f 3063 3066 3096
f 3063 3096 3100
f 3063 3100 3069
f 3064 3095 3065
f 3065 3095 3094
f 3065 3094 3097
f 3065 3097 3066
f 3066 3097 3096
f 3067 3071 3072
f 3067 3072 3068
f 3069 3098 3099
f 3069 3100 3101
f 3069 3101 3098
f 3073 3099 3076
f 3073 3076 3102
f 3075 3103 3076
f 3076 3104 3105
f 3076 3105 3077
f 3076 3103 3106
f 3076 3106 3107
f 3076 3107 3108
f 3076 3108 3109
f 3076 3109 3102
f 3076 3099 3104
f 3077 3110 3078
f 3077 3105 3111
f 3077 3111 3110
f 3078 3110 3112
f 3078 3112 3079
f 3079 3112 3080
f 3080 3082 3081
f 3080 3112 3113
f 3080 3113 3082
f 3082 3085 3083
f 3082 3113 3085
f 3085 3113 3086
f 3087 3113 3127
f 3087 3127 3114
f 3087 3114 3088
f 3088 3114 3089
f 3089 3114 3115
f 3089 3115 3090
f 3090 3115 3116
f 3090 3116 3093
f 3090 3093 3117
f 3090 3117 3091
f 3091 3117 3092
f 3092 3117 3093
f 3093 3116 3118
f 3093 3118 3094
f 3094 3118 3097
f 3096 3097 3119
f 3096 3119 3100
f 3097 3118 3120
f 3097 3120 3119
f 3098 3101 3099
f 3099 3101 3121
f 3099 3121 3122
f 3099 3122 3104
f 3100 3119 3101
f 3101 3119 3121
f 3104 3122 3123
f 3104 3123 3124
f 3104 3124 3125
f 3104 3125 3111
f 3104 3111 3105
f 3110 3126 3127
f 3110 3127 3113
f 3110 3113 3112
f 3110 3111 3128
f 3110 3128 3126
f 3111 3129 3130
f 3111 3130 3128
f 3111 3125 3129
f 3114 3127 3126
f 3114 3126 3115
f 3115 3126 3135
f 3115 3135 3131
f 3115 3131 3116
f 3116 3131 3132
f 3116 3132 3120
f 3116 3120 3118
f 3119 3120 3133
f 3119 3133 3124
f 3119 3124 3121
f 3120 3132 3134
f 3120 3134 3133
f 3121 3124 3123
f 3121 3123 3122
f 3124 3133 3134
f 3124 3134 3125
f 3125 3134 3135
f 3125 3135 3126
f 3125 3126 3130
f 3125 3130 3129
f 3126 3128 3130
f 3131 3135 3132
f 3132 3135 3134

o geometry_22
v 0.00823497 -0.00682544 0.02276586
v 0.00371433 -0.00188113 0.02276586
v 0.00693848 -0.00682544 0.02276586
v 0.00480733 -0.00690220 0.01989227
v 0.00114086 -0.00707401 0.01320860
v 0.00114086 -0.00656163 0.01320860
v -0.00187371 -0.00574986 0.00966022
v -0.00369780 -0.00290943 0.00966022
v -0.00324574 -0.00238283 0.01085841
v -0.00263040 -0.00208292 0.01221952
v 0.00312580 -0.00188113 0.02276586
v 0.00165385 -0.00188113 0.01989227
v 0.00557590 -0.00681198 0.02119052
v 0.00458190 -0.00680206 0.01989227
v 0.00299115 -0.00662873 0.01794746
v 0.00114086 -0.00685696 0.01406747
v 0.00009661 -0.00682443 0.01221952
v -0.00187371 -0.00636695 0.00966022
v -0.00421201 -0.00290943 0.00966022
v -0.00375873 -0.00238283 0.01085841
v -0.00312876 -0.00208292 0.01221952
v 0.00111040 -0.00188113 0.01989227
v 0.00640478 -0.00671209 0.02243232
v 0.00458921 -0.00665770 0.02026430
v 0.00284676 -0.00641016 0.01829127
v 0.00161242 -0.00662873 0.01565628
v -0.00000575 -0.00676750 0.01221952
v -0.00200287 -0.00627240 0.00966022
v -0.00052483 -0.00642337 0.01226826
v -0.00413829 -0.00320400 0.00966022
v -0.00376725 -0.00340605 0.01037862
v -0.00382574 -0.00290943 0.01050177
v -0.00253901 -0.00232107 0.01337922
v -0.00297158 -0.00208292 0.01256845
v 0.00207058 -0.00188113 0.02134446
v 0.00283336 -0.00235639 0.02228479
v 0.00324704 -0.00257395 0.02276586
v -0.00264745 -0.00208292 0.01320860
v -0.00138996 -0.00228625 0.01554981
v 0.00604959 -0.00634992 0.02276586
v 0.00516678 -0.00639847 0.02161258
v 0.00364000 -0.00662873 0.01896990
v 0.00122981 -0.00637025 0.01569349
v 0.00098367 -0.00671590 0.01424386
v -0.00059306 -0.00631841 0.01241323
v -0.00254632 -0.00319612 0.01297640
v -0.00254632 -0.00266672 0.01322207
v 0.00209007 -0.00222728 0.02131880
v 0.00122859 -0.00193653 0.02009368
v -0.00212350 -0.00228625 0.01418998
v 0.00124931 -0.00223999 0.02006417
v 0.00488714 -0.00630621 0.02143490
v 0.00420539 -0.00634357 0.02045416
v 0.00350353 -0.00639160 0.01933936
v 0.00237825 -0.00629807 0.01778005
v 0.00286260 -0.00626198 0.01864662
v 0.00090935 -0.00629680 0.01530093
v -0.00215274 -0.00597962 0.01008998
v -0.00397318 -0.00365309 0.00966022
v -0.00379041 -0.00406457 0.00966022
v -0.00335540 -0.00426306 0.01039658
v -0.00210400 -0.00427983 0.01293150
v -0.00251586 -0.00342384 0.01291354
v -0.00209425 -0.00342028 0.01374868
v -0.00214909 -0.00298644 0.01385131
v 0.00231245 -0.00319561 0.02129571
v 0.00184881 -0.00288681 0.02073639
v -0.00131320 -0.00267409 0.01554981
v 0.00116645 -0.00234724 0.01989227
v 0.00136385 -0.00319663 0.01989227
v 0.00545069 -0.00593387 0.02276586
v 0.00460749 -0.00593845 0.02173701
v 0.00373627 -0.00596488 0.02052215
v 0.00363848 -0.00627762 0.01977906
v 0.00251776 -0.00593082 0.01878645
v 0.00081309 -0.00595471 0.01589746
v -0.00088550 -0.00597149 0.01268647
v -0.00118160 -0.00585763 0.01234010
v -0.00287410 -0.00543827 0.00966022
v -0.00334809 -0.00466310 0.00995913
v -0.00209669 -0.00467530 0.01249790
v -0.00146612 -0.00426154 0.01417138
v -0.00047852 -0.00384676 0.01637981
v -0.00127177 -0.00307870 0.01545872
v 0.00311239 -0.00313894 0.02240153
v 0.00209738 -0.00342689 0.02088776
v 0.00247390 -0.00351127 0.02136627
v 0.00334513 -0.00344926 0.02258113
v 0.00350292 -0.00344443 0.02276586
v 0.00151494 -0.00359413 0.01989227
v -0.00119866 -0.00330414 0.01546963
v -0.00002281 -0.00384676 0.01715594
v 0.00471838 -0.00584644 0.02201668
v 0.00253665 -0.00570894 0.01917644
v 0.00089594 -0.00588101 0.01617712
v -0.00075756 -0.00585305 0.01318037
v -0.00256825 -0.00556992 0.01008228
v -0.00349309 -0.00462193 0.00966022
v -0.00167875 -0.00467632 0.01333688
v -0.00046634 -0.00435405 0.01594364
v 0.00167822 -0.00426611 0.01962800
v 0.00252020 -0.00426052 0.02088392
v 0.00295216 -0.00423409 0.02149584
v 0.00130231 -0.00386378 0.01934834
v 0.00500229 -0.00554298 0.02276586
v 0.00456241 -0.00556636 0.02221039
v 0.00417492 -0.00553587 0.02175369
v 0.00330613 -0.00556586 0.02053755
v 0.00039514 -0.00554349 0.01589874
v 0.00209617 -0.00551553 0.01879030
v -0.00124862 -0.00550181 0.01289558
v -0.00038592 -0.00463311 0.01580125
v 0.00000827 -0.00446333 0.01667808
v 0.00377160 -0.00427373 0.02257087
v 0.00122737 -0.00432355 0.01884289
v 0.00167091 -0.00468699 0.01922134
v 0.00236850 -0.00458177 0.02037911
v 0.00298445 -0.00460719 0.02124312
v 0.00218390 -0.00541438 0.01907124
v -0.00003499 -0.00472054 0.01633235
v 0.00047556 -0.00544894 0.01617840
v -0.00046634 -0.00473274 0.01551902
v 0.00130536 -0.00460261 0.01870948
v 0.00375332 -0.00470326 0.02217832
v 0.00402627 -0.00442216 0.02276586
v 0.00288210 -0.00473985 0.02096217
v 0.00340727 -0.00545809 0.02081849
v 0.00203889 -0.00474494 0.01971523
v 0.00419442 -0.00466767 0.02276586
f 3136 3137 3146
f 3136 3146 3172
f 3136 3172 3224
f 3136 3224 3260
f 3136 3260 3264
f 3136 3264 3240
f 3136 3240 3206
f 3136 3206 3175
f 3136 3175 3138
f 3136 3138 3139
f 3136 3139 3140
f 3136 3140 3141
f 3136 3141 3142
f 3136 3142 3143
f 3136 3143 3144
f 3136 3144 3145
f 3136 3145 3137
f 3137 3145 3147
f 3137 3147 3157
f 3137 3157 3170
f 3137 3170 3146
f 3139 3138 3148
f 3139 3148 3149
f 3139 3149 3150
f 3139 3150 3151
f 3139 3151 3140
f 3140 3151 3152
f 3140 3152 3153
f 3140 3153 3142
f 3140 3142 3141
f 3142 3153 3163
f 3142 3163 3214
f 3142 3214 3233
f 3142 3233 3195
f 3142 3195 3194
f 3142 3194 3165
f 3142 3165 3154
f 3142 3154 3143
f 3143 3154 3155
f 3143 3155 3144
f 3144 3155 3156
f 3144 3156 3145
f 3145 3156 3157
f 3145 3157 3147
f 3149 3148 3159
f 3150 3160 3161
f 3150 3161 3151
f 3152 3162 3153
f 3153 3162 3164
f 3153 3164 3163
f 3154 3165 3166
f 3154 3166 3167
f 3154 3167 3155
f 3155 3167 3168
f 3155 3168 3169
f 3155 3169 3156
f 3156 3169 3157
f 3146 3171 3172
f 3157 3169 3173
f 3157 3173 3174
f 3158 3138 3175
f 3158 3148 3138
f 3148 3158 3176
f 3148 3176 3159
f 3159 3177 3149
f 3149 3177 3150
f 3150 3177 3160
f 3160 3178 3161
f 3151 3179 3152
f 3152 3179 3162
f 3163 3164 3180
f 3166 3181 3167
f 3168 3167 3182
f 3169 3168 3173
f 3146 3170 3183
f 3146 3183 3171
f 3157 3174 3184
f 3173 3168 3185
f 3173 3185 3174
f 3174 3186 3184
f 3158 3175 3176
f 3176 3175 3187
f 3176 3187 3188
f 3176 3188 3159
f 3159 3188 3189
f 3159 3189 3177
f 3160 3177 3189
f 3160 3189 3191
f 3160 3191 3190
f 3178 3192 3164
f 3178 3164 3179
f 3178 3179 3161
f 3161 3179 3151
f 3162 3179 3164
f 3163 3180 3193
f 3180 3164 3192
f 3165 3194 3166
f 3166 3196 3197
f 3166 3197 3198
f 3166 3198 3181
f 3181 3198 3199
f 3181 3199 3200
f 3181 3200 3182
f 3181 3182 3167
f 3182 3200 3168
f 3168 3200 3185
f 3171 3183 3172
f 3183 3170 3184
f 3183 3184 3186
f 3183 3186 3202
f 3183 3202 3201
f 3184 3170 3157
f 3185 3200 3203
f 3185 3203 3174
f 3174 3203 3204
f 3174 3204 3186
f 3186 3204 3205
f 3186 3205 3202
f 3175 3206 3187
f 3187 3206 3207
f 3187 3207 3208
f 3187 3208 3188
f 3188 3209 3189
f 3190 3191 3210
f 3190 3211 3178
f 3190 3178 3160
f 3190 3210 3211
f 3191 3189 3209
f 3192 3178 3211
f 3180 3212 3193
f 3193 3212 3213
f 3180 3192 3212
f 3163 3193 3214
f 3194 3195 3166
f 3195 3196 3166
f 3196 3215 3216
f 3196 3216 3197
f 3198 3197 3199
f 3199 3217 3218
f 3199 3219 3200
f 3200 3219 3203
f 3183 3201 3220
f 3183 3220 3172
f 3201 3221 3222
f 3201 3222 3223
f 3201 3223 3220
f 3172 3220 3224
f 3204 3203 3219
f 3204 3219 3205
f 3205 3225 3221
f 3205 3219 3226
f 3205 3226 3227
f 3205 3227 3225
f 3202 3205 3201
f 3206 3228 3207
f 3188 3208 3209
f 3209 3210 3191
f 3209 3208 3210
f 3210 3230 3211
f 3192 3211 3212
f 3212 3231 3213
f 3193 3232 3214
f 3212 3211 3231
f 3195 3233 3196
f 3196 3233 3215
f 3215 3233 3214
f 3197 3216 3234
f 3197 3234 3217
f 3197 3217 3199
f 3217 3235 3218
f 3218 3226 3199
f 3199 3226 3219
f 3220 3223 3224
f 3221 3225 3236
f 3221 3201 3205
f 3222 3221 3237
f 3222 3237 3238
f 3225 3227 3239
f 3226 3218 3227
f 3206 3240 3228
f 3228 3240 3241
f 3228 3241 3242
f 3228 3242 3207
f 3207 3243 3208
f 3207 3242 3243
f 3210 3208 3229
f 3211 3230 3244
f 3210 3229 3245
f 3210 3245 3230
f 3231 3246 3213
f 3213 3246 3232
f 3213 3232 3193
f 3215 3214 3232
f 3217 3234 3235
f 3235 3234 3247
f 3235 3248 3218
f 3235 3247 3248
f 3218 3248 3227
f 3223 3249 3224
f 3236 3225 3239
f 3236 3239 3250
f 3236 3250 3251
f 3236 3237 3221
f 3237 3236 3252
f 3238 3237 3253
f 3238 3253 3249
f 3238 3249 3223
f 3238 3223 3222
f 3227 3248 3250
f 3227 3250 3239
f 3208 3243 3229
f 3244 3231 3211
f 3229 3254 3245
f 3229 3243 3254
f 3245 3254 3251
f 3245 3251 3255
f 3245 3255 3256
f 3245 3256 3230
f 3230 3256 3244
f 3246 3231 3244
f 3246 3234 3216
f 3246 3216 3215
f 3246 3215 3232
f 3234 3246 3257
f 3247 3234 3257
f 3247 3257 3255
f 3247 3255 3248
f 3248 3255 3258
f 3248 3258 3250
f 3249 3253 3259
f 3249 3259 3260
f 3249 3260 3224
f 3250 3258 3251
f 3251 3252 3236
f 3252 3261 3253
f 3252 3253 3237
f 3253 3261 3259
f 3242 3259 3262
f 3242 3262 3243
f 3244 3256 3255
f 3244 3255 3257
f 3254 3243 3263
f 3251 3254 3263
f 3251 3263 3252
f 3251 3258 3255
f 3244 3257 3246
f 3259 3264 3260
f 3261 3252 3263
f 3261 3262 3259
f 3241 3240 3264
f 3241 3264 3242
f 3242 3264 3259
f 3243 3262 3261
f 3243 3261 3263

o geometry_23
v 0.03321069 -0.00440632 0.03493507
v 0.03318994 -0.00440632 0.03535549
v 0.03308519 -0.00454916 0.03535549
v 0.03308668 -0.00456560 0.03493507
v 0.03284705 -0.00478831 0.03367665
v 0.03304023 -0.00440632 0.03330366
v 0.03291573 -0.00257675 0.03767684
v 0.03315783 -0.00440632 0.03550282
v 0.03291573 -0.00378472 0.03767684
v 0.03291573 -0.00382090 0.03763012
v 0.03291573 -0.00395903 0.03743248
v 0.03291573 -0.00398957 0.03738721
v 0.03291573 -0.00413851 0.03715579
v 0.03291573 -0.00420570 0.03704224
v 0.03289547 -0.00470984 0.03567890
v 0.03284754 -0.00476670 0.03567890
v 0.03287521 -0.00479818 0.03535549
v 0.03247550 -0.00523842 0.03409637
v 0.03268252 -0.00499739 0.03367665
v 0.03281147 -0.00474132 0.03325766
v 0.03303677 -0.00440632 0.03329216
v 0.03277788 -0.00469763 0.03301260
v 0.03242214 -0.00479348 0.03199782
v 0.02816368 -0.00420006 0.03830137
v 0.03119040 -0.00318755 0.03829993
v 0.03118942 -0.00318802 0.03830137
v 0.03119040 -0.00319929 0.03830137
v 0.03264398 -0.00440632 0.03203088
v 0.03249477 -0.00440632 0.03156733
v 0.03242511 -0.00440632 0.03142646
v 0.03214447 -0.00440632 0.03096004
v 0.03134209 -0.00440632 0.03096004
v 0.03283865 -0.00475683 0.03577521
v 0.03119040 -0.00414462 0.03830137
v 0.03286928 -0.00384768 0.03767684
v 0.03281642 -0.00391628 0.03767684
v 0.03286434 -0.00402998 0.03742602
v 0.03276750 -0.00425879 0.03726719
v 0.03282580 -0.00432222 0.03703434
v 0.03263657 -0.00496732 0.03577521
v 0.03266869 -0.00500726 0.03535549
v 0.03227540 -0.00544844 0.03409637
v 0.03264448 -0.00497672 0.03567890
v 0.03247204 -0.00522620 0.03367665
v 0.03194881 -0.00553536 0.03249012
v 0.03191373 -0.00550294 0.03221055
v 0.03227491 -0.00500303 0.03199782
v 0.03264102 -0.00441431 0.03203519
v 0.03236779 -0.00471548 0.03170387
v 0.03245920 -0.00447445 0.03156877
v 0.02816368 -0.00502699 0.03830137
v 0.02816319 -0.00656291 0.03096004
v 0.02816319 -0.00586566 0.03420058
v 0.02816319 -0.00585157 0.03448230
v 0.02816319 -0.00596809 0.03567890
v 0.03197599 -0.00475307 0.03096004
v 0.03211877 -0.00448103 0.03096004
v 0.03233864 -0.00508713 0.03641411
v 0.03237323 -0.00511720 0.03619492
v 0.03082528 -0.00434431 0.03830137
v 0.03193646 -0.00475824 0.03767684
v 0.03199773 -0.00472065 0.03767684
v 0.03204812 -0.00468165 0.03767684
v 0.03234506 -0.00442888 0.03767684
v 0.03243104 -0.00434290 0.03767684
v 0.03251256 -0.00425879 0.03767684
v 0.03276404 -0.00398018 0.03767684
v 0.03268450 -0.00416623 0.03754675
v 0.03251849 -0.00442747 0.03741092
v 0.03235248 -0.00468071 0.03727438
v 0.03262620 -0.00453177 0.03703434
v 0.03242708 -0.00516794 0.03577521
v 0.03205059 -0.00561712 0.03451608
v 0.03248192 -0.00513177 0.03567890
v 0.03206492 -0.00562181 0.03409637
v 0.03152786 -0.00594789 0.03283723
v 0.03150612 -0.00593144 0.03257923
v 0.03170968 -0.00571860 0.03239453
v 0.03110443 -0.00594648 0.03129207
v 0.03129268 -0.00571860 0.03114187
v 0.03148043 -0.00548838 0.03099166
v 0.03206443 -0.00525534 0.03199782
v 0.03147302 -0.00548039 0.03096004
v 0.03229220 -0.00462762 0.03142359
v 0.02816319 -0.00643042 0.03567890
v 0.02816368 -0.00504062 0.03829059
v 0.02818443 -0.00502840 0.03830137
v 0.02816319 -0.00716526 0.03096004
v 0.03193152 -0.00481791 0.03096004
v 0.03226354 -0.00502840 0.03669368
v 0.03198389 -0.00513552 0.03693947
v 0.03212421 -0.00517875 0.03657869
v 0.03185889 -0.00546677 0.03628619
v 0.03192312 -0.00550905 0.03600590
v 0.03241572 -0.00474038 0.03703434
v 0.03047004 -0.00452942 0.03830137
v 0.03002586 -0.00473099 0.03830137
v 0.03171413 -0.00483623 0.03767684
v 0.03161729 -0.00515996 0.03733977
v 0.03189694 -0.00506693 0.03721904
v 0.03211977 -0.00477609 0.03743033
v 0.03225663 -0.00459614 0.03755466
v 0.03212421 -0.00496685 0.03706093
v 0.03214546 -0.00537796 0.03577521
v 0.03176749 -0.00582714 0.03451608
v 0.03101402 -0.00629933 0.03325766
v 0.03128477 -0.00609965 0.03283723
v 0.03067903 -0.00635759 0.03171035
v 0.03063506 -0.00632893 0.03143006
v 0.03088951 -0.00605924 0.03115480
v 0.03104613 -0.00590137 0.03101250
v 0.03125463 -0.00567726 0.03096004
v 0.02816319 -0.00720096 0.03392604
v 0.02816368 -0.00598735 0.03698978
v 0.02816368 -0.00579378 0.03732253
v 0.02816368 -0.00563309 0.03759491
v 0.02816368 -0.00554523 0.03772211
v 0.02816368 -0.00545878 0.03783998
v 0.02816368 -0.00538595 0.03793197
v 0.02816368 -0.00526708 0.03807139
v 0.02816368 -0.00517593 0.03817273
v 0.02834748 -0.00502934 0.03830137
v 0.02836823 -0.00722070 0.03096004
v 0.02816319 -0.00726439 0.03113037
v 0.03149624 -0.00550388 0.03682592
v 0.03176847 -0.00540991 0.03661463
v 0.03169683 -0.00528775 0.03702212
v 0.03155899 -0.00554147 0.03661463
v 0.03171314 -0.00559174 0.03616545
v 0.03140088 -0.00587130 0.03577521
v 0.03141966 -0.00588164 0.03567890
v 0.03146165 -0.00590372 0.03545970
v 0.03150316 -0.00592862 0.03517942
v 0.03152885 -0.00594413 0.03493507
v 0.02961726 -0.00486724 0.03830137
v 0.03128477 -0.00521775 0.03738362
v 0.03128477 -0.00542777 0.03710764
v 0.03128477 -0.00555604 0.03689850
v 0.03155701 -0.00596245 0.03451608
v 0.03080354 -0.00642149 0.03325766
v 0.03044583 -0.00651170 0.03199782
v 0.03010393 -0.00669635 0.03199782
v 0.03047547 -0.00644451 0.03157308
v 0.02962813 -0.00678468 0.03096004
v 0.03101649 -0.00588775 0.03096004
v 0.02816319 -0.00721929 0.03386064
v 0.02827683 -0.00720096 0.03392604
v 0.02918692 -0.00683120 0.03489338
v 0.03002586 -0.00642102 0.03573712
v 0.03002586 -0.00631625 0.03594697
v 0.03044632 -0.00614005 0.03619492
v 0.03075512 -0.00596104 0.03646586
v 0.02865331 -0.00551892 0.03768977
v 0.02834748 -0.00553912 0.03771636
v 0.02834748 -0.00538548 0.03792550
v 0.02834748 -0.00517546 0.03817344
v 0.02861132 -0.00502934 0.03830137
v 0.02848928 -0.00720895 0.03096004
v 0.02816319 -0.00734615 0.03157811
v 0.02816319 -0.00730856 0.03136538
v 0.03103526 -0.00589385 0.03635159
v 0.03112271 -0.00594742 0.03607130
v 0.03119090 -0.00598359 0.03577449
v 0.03130750 -0.00600944 0.03533394
v 0.03128477 -0.00608038 0.03493507
v 0.02960639 -0.00487006 0.03830137
v 0.02944186 -0.00509371 0.03809727
v 0.02918741 -0.00512378 0.03813320
v 0.03119090 -0.00547052 0.03707386
v 0.03079267 -0.00642008 0.03367665
v 0.03044583 -0.00658594 0.03367665
v 0.02992062 -0.00680864 0.03241752
v 0.02989394 -0.00679690 0.03199782
v 0.02952981 -0.00683824 0.03096004
v 0.02816319 -0.00729775 0.03349267
v 0.02855647 -0.00718217 0.03388579
v 0.02918692 -0.00693127 0.03451608
v 0.02949275 -0.00679408 0.03484380
v 0.03032429 -0.00637827 0.03567459
v 0.03088358 -0.00601226 0.03620498
v 0.03086481 -0.00561665 0.03695528
v 0.02876695 -0.00516090 0.03816626
v 0.02876695 -0.00502088 0.03830137
v 0.02857821 -0.00718828 0.03096004
v 0.02863108 -0.00720566 0.03115840
v 0.02834748 -0.00731702 0.03157811
v 0.02816319 -0.00737669 0.03199782
v 0.03045670 -0.00640270 0.03532387
v 0.03066322 -0.00634632 0.03516361
v 0.03091224 -0.00626879 0.03493507
v 0.02918741 -0.00497390 0.03830137
v 0.03070176 -0.00636464 0.03493507
v 0.03008021 -0.00670152 0.03409637
v 0.02987122 -0.00678374 0.03409637
v 0.02960639 -0.00692470 0.03283723
v 0.02960639 -0.00693033 0.03241752
v 0.02890826 -0.00715351 0.03157811
v 0.02918692 -0.00702101 0.03115840
v 0.02918692 -0.00699235 0.03096004
v 0.02816319 -0.00732265 0.03325766
v 0.02834748 -0.00728648 0.03325766
v 0.02860588 -0.00719533 0.03360551
v 0.02960639 -0.00687254 0.03409637
v 0.02962220 -0.00681428 0.03449380
v 0.03002685 -0.00653331 0.03535549
v 0.02908761 -0.00498893 0.03830137
v 0.02884007 -0.00714458 0.03115840
v 0.02869778 -0.00722822 0.03157811
v 0.02834748 -0.00733534 0.03199782
v 0.02816319 -0.00737481 0.03223426
v 0.03044583 -0.00646988 0.03493507
v 0.02982971 -0.00676730 0.03433856
v 0.02918692 -0.00706941 0.03283723
v 0.02816319 -0.00735131 0.03283723
v 0.02834748 -0.00731655 0.03283723
v 0.02866023 -0.00720801 0.03325766
v 0.02870272 -0.00722352 0.03283723
v 0.02918692 -0.00705061 0.03325766
v 0.02834748 -0.00733158 0.03241752
v 0.02816319 -0.00735977 0.03265397
f 3265 3266 3267
f 3265 3267 3268
f 3265 3268 3269
f 3265 3269 3270
f 3265 3270 3271
f 3265 3271 3266
f 3266 3272 3267
f 3266 3271 3273
f 3266 3273 3274
f 3266 3274 3275
f 3266 3275 3276
f 3266 3276 3277
f 3266 3277 3278
f 3266 3278 3272
f 3267 3272 3279
f 3267 3279 3280
f 3267 3280 3281
f 3267 3281 3268
f 3268 3281 3282
f 3268 3282 3283
f 3268 3283 3269
f 3269 3283 3284
f 3269 3284 3270
f 3270 3285 3271
f 3270 3284 3286
f 3270 3286 3287
f 3270 3287 3285
f 3271 3288 3289
f 3271 3289 3290
f 3271 3290 3291
f 3271 3291 3298
f 3271 3298 3273
f 3271 3285 3292
f 3271 3292 3293
f 3271 3293 3294
f 3271 3294 3295
f 3271 3295 3296
f 3271 3296 3288
f 3272 3278 3297
f 3272 3297 3279
f 3273 3298 3299
f 3273 3299 3274
f 3274 3299 3300
f 3274 3300 3301
f 3274 3301 3275
f 3275 3301 3276
f 3276 3301 3302
f 3276 3302 3277
f 3277 3302 3278
f 3278 3302 3303
f 3278 3303 3297
f 3279 3297 3280
f 3280 3297 3304
f 3280 3304 3281
f 3281 3305 3306
f 3281 3306 3282
f 3281 3304 3307
f 3281 3307 3305
f 3282 3306 3308
f 3282 3308 3283
f 3283 3308 3309
f 3283 3309 3284
f 3284 3309 3310
f 3284 3310 3311
f 3284 3311 3286
f 3285 3287 3312
f 3285 3312 3292
f 3286 3311 3287
f 3287 3311 3313
f 3287 3313 3314
f 3287 3314 3312
f 3288 3315 3351
f 3288 3351 3386
f 3288 3386 3421
f 3288 3421 3447
f 3288 3447 3470
f 3288 3470 3455
f 3288 3455 3430
f 3288 3430 3399
f 3288 3399 3361
f 3288 3361 3360
f 3288 3360 3324
f 3288 3324 3298
f 3288 3298 3291
f 3288 3291 3290
f 3288 3290 3289
f 3288 3296 3316
f 3288 3316 3317
f 3288 3317 3318
f 3288 3318 3319
f 3288 3319 3349
f 3288 3349 3315
f 3292 3312 3314
f 3292 3314 3293
f 3293 3314 3294
f 3294 3314 3320
f 3294 3320 3321
f 3294 3321 3295
f 3295 3321 3320
f 3295 3320 3353
f 3295 3353 3347
f 3295 3347 3376
f 3295 3376 3409
f 3295 3409 3408
f 3295 3408 3438
f 3295 3438 3463
f 3295 3463 3448
f 3295 3448 3422
f 3295 3422 3387
f 3295 3387 3352
f 3295 3352 3316
f 3295 3316 3296
f 3297 3322 3323
f 3297 3323 3304
f 3297 3303 3322
f 3298 3324 3325
f 3298 3325 3326
f 3298 3326 3327
f 3298 3327 3328
f 3298 3328 3329
f 3298 3329 3330
f 3298 3330 3331
f 3298 3331 3300
f 3298 3300 3299
f 3300 3331 3302
f 3300 3302 3301
f 3302 3331 3332
f 3302 3332 3333
f 3302 3333 3334
f 3302 3334 3335
f 3302 3335 3303
f 3303 3335 3322
f 3304 3323 3336
f 3304 3336 3307
f 3305 3337 3306
f 3305 3307 3338
f 3305 3338 3337
f 3306 3337 3339
f 3306 3339 3340
f 3306 3340 3308
f 3307 3336 3338
f 3308 3340 3309
f 3309 3340 3341
f 3309 3341 3342
f 3309 3342 3310
f 3310 3342 3343
f 3310 3343 3344
f 3310 3344 3345
f 3310 3345 3346
f 3310 3346 3311
f 3311 3346 3345
f 3311 3345 3313
f 3313 3345 3347
f 3313 3347 3348
f 3313 3348 3314
f 3314 3348 3320
f 3315 3349 3350
f 3315 3350 3351
f 3316 3352 3388
f 3316 3388 3424
f 3316 3424 3423
f 3316 3423 3451
f 3316 3451 3474
f 3316 3474 3484
f 3316 3484 3478
f 3316 3478 3464
f 3316 3464 3439
f 3316 3439 3410
f 3316 3410 3377
f 3316 3377 3349
f 3316 3349 3319
f 3316 3319 3318
f 3316 3318 3317
f 3320 3348 3353
f 3322 3354 3355
f 3322 3355 3356
f 3322 3356 3357
f 3322 3357 3358
f 3322 3358 3323
f 3322 3335 3359
f 3322 3359 3354
f 3323 3358 3336
f 3324 3360 3325
f 3325 3360 3361
f 3325 3361 3362
f 3325 3362 3363
f 3325 3363 3364
f 3325 3364 3326
f 3326 3364 3365
f 3326 3365 3366
f 3326 3366 3327
f 3327 3366 3328
f 3328 3366 3333
f 3328 3333 3329
f 3329 3333 3330
f 3330 3333 3332
f 3330 3332 3331
f 3333 3366 3334
f 3334 3364 3367
f 3334 3367 3354
f 3334 3354 3359
f 3334 3359 3335
f 3334 3366 3365
f 3334 3365 3364
f 3336 3358 3368
f 3336 3368 3337
f 3336 3337 3338
f 3337 3369 3339
f 3337 3368 3369
f 3339 3369 3370
f 3339 3370 3340
f 3340 3371 3372
f 3340 3372 3341
f 3340 3370 3371
f 3341 3372 3373
f 3341 3373 3343
f 3341 3343 3342
f 3343 3373 3374
f 3343 3374 3375
f 3343 3375 3344
f 3344 3375 3345
f 3345 3375 3347
f 3347 3353 3348
f 3347 3375 3376
f 3349 3377 3378
f 3349 3378 3379
f 3349 3379 3380
f 3349 3380 3381
f 3349 3381 3382
f 3349 3382 3383
f 3349 3383 3384
f 3349 3384 3385
f 3349 3385 3350
f 3350 3385 3351
f 3351 3385 3386
f 3352 3387 3388
f 3354 3367 3355
f 3355 3389 3390
f 3355 3390 3356
f 3355 3367 3364
f 3355 3364 3391
f 3355 3391 3389
f 3356 3390 3357
f 3357 3390 3392
f 3357 3392 3393
f 3357 3393 3358
f 3358 3393 3394
f 3358 3394 3395
f 3358 3395 3396
f 3358 3396 3397
f 3358 3397 3398
f 3358 3398 3369
f 3358 3369 3368
f 3361 3399 3362
f 3362 3400 3363
f 3362 3399 3400
f 3363 3400 3401
f 3363 3401 3402
f 3363 3402 3389
f 3363 3389 3391
f 3363 3391 3364
f 3369 3398 3403
f 3369 3403 3370
f 3370 3403 3404
f 3370 3404 3372
f 3370 3372 3371
f 3372 3404 3405
f 3372 3405 3406
f 3372 3406 3407
f 3372 3407 3373
f 3373 3407 3408
f 3373 3408 3374
f 3374 3408 3375
f 3375 3408 3409
f 3375 3409 3376
f 3377 3410 3411
f 3377 3411 3412
f 3377 3412 3378
f 3378 3413 3414
f 3378 3414 3415
f 3378 3415 3416
f 3378 3416 3417
f 3378 3417 3379
f 3378 3412 3413
f 3379 3417 3380
f 3380 3417 3418
f 3380 3418 3381
f 3381 3418 3382
f 3382 3419 3383
f 3382 3418 3419
f 3383 3419 3420
f 3383 3420 3384
f 3384 3420 3385
f 3385 3420 3386
f 3386 3420 3421
f 3387 3422 3423
f 3387 3423 3424
f 3387 3424 3388
f 3389 3402 3416
f 3389 3416 3425
f 3389 3425 3426
f 3389 3426 3392
f 3389 3392 3390
f 3392 3426 3393
f 3393 3426 3394
f 3394 3426 3427
f 3394 3427 3395
f 3395 3427 3396
f 3396 3428 3397
f 3396 3427 3428
f 3397 3428 3429
f 3397 3429 3398
f 3398 3429 3403
f 3399 3430 3431
f 3399 3431 3400
f 3400 3431 3401
f 3401 3431 3432
f 3401 3432 3433
f 3401 3433 3416
f 3401 3416 3402
f 3403 3434 3404
f 3403 3429 3434
f 3404 3434 3435
f 3404 3435 3436
f 3404 3436 3406
f 3404 3406 3405
f 3406 3436 3437
f 3406 3437 3438
f 3406 3438 3407
f 3407 3438 3408
f 3410 3439 3411
f 3411 3439 3440
f 3411 3440 3412
f 3412 3440 3441
f 3412 3441 3442
f 3412 3442 3413
f 3413 3416 3415
f 3413 3415 3414
f 3413 3442 3443
f 3413 3443 3416
f 3416 3444 3425
f 3416 3433 3445
f 3416 3445 3417
f 3416 3443 3444
f 3417 3432 3446
f 3417 3446 3418
f 3417 3445 3432
f 3418 3446 3419
f 3419 3446 3420
f 3420 3446 3421
f 3421 3446 3447
f 3422 3448 3449
f 3422 3449 3450
f 3422 3450 3423
f 3423 3450 3451
f 3425 3444 3426
f 3426 3444 3443
f 3426 3443 3452
f 3426 3452 3427
f 3427 3452 3453
f 3427 3453 3428
f 3428 3453 3454
f 3428 3454 3429
f 3429 3454 3434
f 3430 3455 3431
f 3431 3455 3432
f 3432 3445 3433
f 3432 3455 3446
f 3434 3454 3435
f 3435 3454 3456
f 3435 3456 3457
f 3435 3457 3458
f 3435 3458 3459
f 3435 3459 3436
f 3436 3459 3460
f 3436 3460 3437
f 3437 3460 3461
f 3437 3461 3462
f 3437 3462 3438
f 3438 3462 3463
f 3439 3464 3440
f 3440 3464 3465
f 3440 3465 3466
f 3440 3466 3467
f 3440 3467 3441
f 3441 3467 3468
f 3441 3468 3442
f 3442 3468 3452
f 3442 3452 3469
f 3442 3469 3443
f 3443 3469 3452
f 3446 3455 3470
f 3446 3470 3447
f 3448 3463 3471
f 3448 3471 3449
f 3449 3471 3472
f 3449 3472 3450
f 3450 3472 3473
f 3450 3473 3451
f 3451 3473 3474
f 3452 3468 3475
f 3452 3475 3453
f 3453 3475 3456
f 3453 3456 3454
f 3456 3475 3457
f 3457 3475 3458
f 3458 3475 3476
f 3458 3476 3467
f 3458 3467 3477
f 3458 3477 3459
f 3459 3477 3460
f 3460 3477 3472
f 3460 3472 3461
f 3461 3472 3471
f 3461 3471 3462
f 3462 3471 3463
f 3464 3478 3479
f 3464 3479 3465
f 3465 3479 3480
f 3465 3480 3466
f 3466 3480 3467
f 3467 3476 3468
f 3467 3480 3481
f 3467 3481 3482
f 3467 3482 3477
f 3468 3476 3475
f 3472 3477 3481
f 3472 3481 3473
f 3473 3481 3483
f 3473 3483 3474
f 3474 3483 3479
f 3474 3479 3484
f 3477 3482 3481
f 3478 3484 3479
f 3479 3483 3481
f 3479 3481 3480

o geometry_24
v -0.00095394 -0.00321589 0.00303087
v -0.00102571 -0.00321589 0.00280092
v -0.00108822 -0.00321589 0.00342255
v 0.00121080 -0.00479609 0.00345060
v 0.00121080 -0.00477555 0.00303087
v 0.00121080 -0.00479654 0.00280092
v 0.00142921 -0.00736352 0.00598388
v 0.00121080 -0.00497068 0.00371608
v 0.00142921 -0.00736352 0.00530273
v 0.00121080 -0.00523903 0.00280092
v -0.00397840 -0.00487468 0.00280528
v -0.00397840 -0.00321589 0.00280808
v -0.00585297 -0.00321589 0.00457951
v -0.00498399 -0.00445317 0.00530273
v -0.00333245 -0.00592799 0.00598388
v 0.00142921 -0.00777699 0.00530273
v 0.00121080 -0.00695720 0.00348020
v 0.00087124 -0.00676966 0.00323622
v 0.00000881 -0.00686544 0.00316221
v -0.00062132 -0.00655311 0.00301249
v -0.00146638 -0.00539531 0.00280092
v -0.00379164 -0.00551676 0.00281494
v -0.00461046 -0.00467017 0.00281992
v -0.00638393 -0.00321589 0.00457951
v 0.00142921 -0.00777699 0.00598201
v -0.00555971 -0.00445317 0.00530273
v -0.00408182 -0.00592799 0.00598388
v 0.00084654 -0.00777699 0.00470976
v 0.00121080 -0.00774886 0.00457920
v 0.00121080 -0.00768367 0.00428505
v 0.00121080 -0.00758677 0.00409591
v 0.00121080 -0.00717219 0.00367463
v 0.00021834 -0.00705945 0.00336272
v -0.00020072 -0.00709115 0.00333375
v -0.00083085 -0.00688754 0.00312903
v -0.00125029 -0.00655311 0.00300486
v -0.00292767 -0.00592889 0.00281899
v -0.00448698 -0.00495014 0.00286697
v -0.00522940 -0.00442102 0.00311532
v -0.00523712 -0.00403524 0.00296637
v -0.00523712 -0.00361507 0.00290063
v -0.00461278 -0.00336681 0.00282086
v -0.00442447 -0.00321589 0.00281712
v -0.00645493 -0.00321589 0.00429004
v -0.00632065 -0.00349005 0.00457951
v -0.00592474 -0.00435851 0.00457951
v -0.00544086 -0.00466169 0.00530273
v -0.00367974 -0.00627180 0.00598388
v -0.00500637 -0.00524081 0.00530273
v -0.00469999 -0.00560651 0.00530273
v -0.00020072 -0.00775957 0.00429004
v 0.00021834 -0.00775332 0.00429004
v -0.00020072 -0.00768233 0.00396816
v 0.00021834 -0.00747872 0.00378525
v -0.00062132 -0.00710187 0.00332533
v -0.00325528 -0.00586146 0.00282740
v -0.00355780 -0.00592464 0.00299411
v -0.00384103 -0.00597577 0.00318543
v -0.00407024 -0.00538191 0.00287102
v -0.00188003 -0.00655311 0.00301093
v -0.00230604 -0.00658213 0.00308073
v -0.00469690 -0.00518321 0.00314679
v -0.00508431 -0.00474028 0.00317608
v -0.00548331 -0.00414687 0.00319477
v -0.00560756 -0.00361507 0.00307543
v -0.00523712 -0.00321589 0.00290063
v -0.00569476 -0.00321589 0.00306297
v -0.00632837 -0.00352398 0.00401490
v -0.00634457 -0.00355792 0.00429004
v -0.00594558 -0.00447148 0.00425794
v 0.00063817 -0.00776359 0.00598388
v -0.00583599 -0.00462240 0.00437697
v -0.00546478 -0.00510641 0.00453931
v -0.00465368 -0.00596505 0.00460600
v -0.00420144 -0.00635262 0.00457951
v -0.00506927 -0.00555114 0.00458527
v -0.00062132 -0.00767518 0.00397003
v -0.00062132 -0.00773680 0.00429004
v -0.00020072 -0.00750730 0.00375814
v -0.00104037 -0.00719206 0.00343985
v -0.00146020 -0.00686254 0.00313900
v -0.00271737 -0.00648032 0.00309787
v -0.00428479 -0.00559088 0.00315115
v -0.00188003 -0.00682592 0.00317359
v -0.00499016 -0.00546184 0.00369738
v -0.00543237 -0.00485704 0.00367417
v -0.00586995 -0.00467017 0.00407503
v -0.00590468 -0.00390977 0.00360546
v -0.00586146 -0.00339316 0.00324650
v -0.00588847 -0.00321589 0.00320848
v -0.00637467 -0.00321589 0.00394167
v -0.00549951 -0.00515419 0.00429004
v -0.00459233 -0.00612446 0.00429004
v -0.00492456 -0.00581815 0.00429004
v -0.00347137 -0.00643299 0.00598388
v -0.00522709 -0.00548617 0.00429004
v -0.00062132 -0.00751176 0.00376001
v -0.00104037 -0.00750149 0.00378525
v -0.00020149 -0.00769706 0.00598388
v -0.00104037 -0.00769304 0.00429004
v -0.00138457 -0.00762785 0.00403484
v -0.00146020 -0.00726841 0.00356869
v -0.00334712 -0.00634235 0.00324089
v -0.00231067 -0.00676475 0.00323746
v -0.00288291 -0.00685137 0.00356526
v -0.00456956 -0.00588825 0.00369271
v -0.00383563 -0.00638924 0.00361231
v -0.00411577 -0.00629011 0.00371701
v -0.00200891 -0.00721282 0.00362758
v -0.00511210 -0.00559713 0.00397719
v -0.00549951 -0.00515508 0.00401116
v -0.00426395 -0.00639951 0.00399714
v -0.00425932 -0.00639727 0.00429004
v -0.00470384 -0.00601015 0.00397283
v -0.00378161 -0.00677100 0.00411336
v -0.00061900 -0.00763455 0.00598388
v -0.00140232 -0.00763411 0.00429004
v -0.00229986 -0.00738451 0.00429004
v -0.00293809 -0.00718581 0.00407192
v -0.00250167 -0.00725658 0.00392376
v -0.00332860 -0.00675136 0.00367089
v -0.00241717 -0.00715277 0.00369769
v -0.00378161 -0.00677100 0.00406506
v -0.00357247 -0.00685048 0.00426791
v -0.00285667 -0.00682101 0.00598388
v -0.00130277 -0.00761580 0.00470976
v -0.00188003 -0.00734521 0.00554920
v -0.00213934 -0.00720456 0.00587295
v -0.00192248 -0.00726618 0.00598388
f 3485 3486 3496
f 3485 3496 3527
f 3485 3527 3550
f 3485 3550 3551
f 3485 3551 3574
f 3485 3574 3575
f 3485 3575 3528
f 3485 3528 3508
f 3485 3508 3497
f 3485 3497 3487
f 3485 3487 3488
f 3485 3488 3489
f 3485 3489 3490
f 3485 3490 3486
f 3486 3490 3494
f 3486 3494 3505
f 3487 3491 3492
f 3487 3492 3488
f 3488 3492 3491
f 3488 3491 3489
f 3489 3491 3493
f 3489 3493 3490
f 3490 3493 3500
f 3490 3500 3494
f 3486 3495 3496
f 3487 3497 3491
f 3491 3509 3500
f 3491 3500 3493
f 3491 3497 3498
f 3491 3498 3499
f 3491 3499 3511
f 3491 3511 3532
f 3491 3532 3579
f 3491 3579 3609
f 3491 3609 3613
f 3491 3613 3600
f 3491 3600 3583
f 3491 3583 3555
f 3491 3555 3509
f 3494 3500 3501
f 3494 3501 3502
f 3494 3502 3503
f 3494 3503 3504
f 3486 3505 3495
f 3495 3505 3506
f 3495 3506 3507
f 3497 3508 3510
f 3497 3510 3498
f 3498 3510 3511
f 3498 3511 3499
f 3500 3509 3512
f 3500 3512 3513
f 3500 3513 3514
f 3500 3514 3515
f 3500 3515 3516
f 3500 3516 3501
f 3502 3501 3517
f 3502 3517 3503
f 3503 3517 3518
f 3504 3503 3519
f 3504 3519 3520
f 3504 3520 3521
f 3504 3521 3494
f 3494 3521 3505
f 3506 3505 3521
f 3507 3506 3522
f 3507 3522 3523
f 3507 3523 3524
f 3507 3524 3525
f 3495 3507 3526
f 3495 3526 3527
f 3495 3527 3496
f 3508 3528 3529
f 3508 3529 3510
f 3510 3529 3530
f 3510 3531 3511
f 3511 3531 3533
f 3511 3533 3534
f 3512 3535 3536
f 3512 3536 3513
f 3513 3536 3514
f 3514 3536 3537
f 3514 3537 3515
f 3516 3517 3501
f 3517 3538 3518
f 3517 3516 3538
f 3518 3539 3519
f 3518 3519 3503
f 3506 3521 3540
f 3506 3540 3541
f 3506 3541 3542
f 3506 3542 3543
f 3521 3520 3544
f 3521 3544 3545
f 3521 3545 3540
f 3506 3543 3522
f 3522 3543 3546
f 3522 3546 3547
f 3522 3547 3523
f 3523 3548 3524
f 3523 3547 3548
f 3524 3548 3549
f 3524 3549 3525
f 3525 3550 3507
f 3525 3549 3551
f 3525 3551 3550
f 3507 3550 3526
f 3526 3550 3527
f 3528 3552 3553
f 3528 3553 3529
f 3529 3553 3554
f 3529 3554 3530
f 3530 3554 3556
f 3530 3556 3557
f 3510 3530 3531
f 3511 3534 3558
f 3532 3511 3558
f 3532 3558 3559
f 3531 3530 3557
f 3531 3557 3533
f 3533 3557 3534
f 3534 3557 3560
f 3534 3560 3558
f 3512 3509 3535
f 3535 3561 3537
f 3535 3537 3536
f 3535 3555 3562
f 3535 3562 3561
f 3537 3563 3538
f 3537 3538 3515
f 3538 3516 3515
f 3538 3563 3518
f 3518 3563 3539
f 3539 3564 3519
f 3519 3564 3565
f 3519 3565 3544
f 3519 3544 3520
f 3540 3566 3541
f 3540 3545 3566
f 3542 3567 3543
f 3543 3567 3546
f 3544 3565 3545
f 3545 3565 3568
f 3545 3568 3566
f 3546 3569 3547
f 3547 3570 3548
f 3548 3570 3571
f 3548 3571 3572
f 3548 3572 3573
f 3548 3573 3549
f 3549 3573 3574
f 3549 3574 3551
f 3528 3575 3552
f 3552 3575 3573
f 3552 3572 3571
f 3552 3571 3553
f 3553 3571 3554
f 3554 3571 3556
f 3555 3535 3509
f 3556 3571 3576
f 3556 3576 3557
f 3558 3577 3559
f 3558 3560 3578
f 3558 3578 3577
f 3532 3559 3579
f 3557 3580 3560
f 3557 3576 3580
f 3561 3581 3537
f 3561 3582 3581
f 3537 3581 3563
f 3562 3555 3583
f 3562 3583 3584
f 3562 3584 3585
f 3562 3585 3561
f 3563 3581 3539
f 3539 3581 3564
f 3564 3586 3565
f 3565 3586 3568
f 3541 3566 3587
f 3541 3587 3542
f 3566 3568 3588
f 3566 3588 3589
f 3567 3590 3546
f 3542 3587 3591
f 3542 3591 3592
f 3542 3592 3567
f 3568 3586 3593
f 3568 3593 3588
f 3546 3590 3569
f 3569 3570 3547
f 3569 3590 3594
f 3570 3569 3595
f 3571 3570 3595
f 3572 3552 3573
f 3573 3575 3574
f 3571 3595 3576
f 3576 3595 3580
f 3560 3580 3578
f 3577 3596 3597
f 3577 3597 3559
f 3578 3580 3594
f 3578 3594 3598
f 3578 3598 3577
f 3577 3598 3596
f 3579 3559 3599
f 3581 3582 3564
f 3561 3585 3582
f 3582 3585 3586
f 3582 3586 3564
f 3583 3600 3584
f 3584 3601 3585
f 3585 3601 3602
f 3585 3602 3603
f 3585 3603 3604
f 3566 3589 3605
f 3566 3605 3587
f 3588 3593 3606
f 3588 3606 3589
f 3567 3592 3590
f 3590 3592 3598
f 3590 3598 3594
f 3591 3605 3592
f 3592 3596 3598
f 3586 3585 3593
f 3593 3604 3606
f 3593 3585 3604
f 3594 3580 3595
f 3594 3595 3569
f 3596 3592 3607
f 3596 3607 3599
f 3596 3599 3597
f 3597 3599 3559
f 3599 3608 3609
f 3599 3609 3579
f 3599 3607 3603
f 3599 3603 3608
f 3584 3600 3601
f 3601 3600 3610
f 3601 3610 3602
f 3602 3610 3611
f 3603 3606 3604
f 3589 3606 3605
f 3605 3591 3587
f 3605 3606 3603
f 3605 3603 3607
f 3605 3607 3592
f 3609 3608 3612
f 3603 3612 3608
f 3611 3610 3600
f 3611 3600 3613
f 3611 3613 3602
f 3602 3612 3603
f 3612 3613 3609
f 3612 3602 3613

o geometry_25
v 0.03053897 0.00607507 0.03095804
v 0.02973235 0.00662055 0.03073561
v 0.02899087 0.00703908 0.03283645
v 0.02899087 0.00701514 0.03325695
v 0.02899087 0.00693741 0.03407845
v 0.02899087 0.00686075 0.03451518
v 0.02899087 0.00673998 0.03486910
v 0.02899087 0.00603284 0.03616305
v 0.02373643 0.00534265 0.02361484
v 0.02373643 0.00534265 0.02248974
v 0.03027733 0.00607507 0.03005373
v 0.03024528 0.00626093 0.03049533
v 0.02952242 0.00673325 0.03073561
v 0.02896709 0.00666682 0.02928094
v 0.02895054 0.00704338 0.03151572
v 0.02870028 0.00713779 0.03157660
v 0.02855964 0.00709099 0.03389012
v 0.02876543 0.00688549 0.03451518
v 0.02666614 0.00637014 0.03619390
v 0.02699499 0.00626335 0.03642769
v 0.02750585 0.00603284 0.03681084
v 0.02834247 0.00603284 0.03655432
v 0.01997529 0.00534265 0.02145393
v 0.02646551 0.00603284 0.03684331
v 0.02539932 0.00603284 0.03660384
v 0.02370127 0.00603284 0.03588381
v 0.02298876 0.00603284 0.03550390
v 0.01997529 0.00534265 0.02028337
v 0.02367077 0.00544742 0.02252383
v 0.02569922 0.00607507 0.02455973
v 0.02683574 0.00607507 0.02553385
v 0.02776697 0.00607507 0.02648929
v 0.02864961 0.00607507 0.02750480
v 0.02951931 0.00607507 0.02873543
v 0.02880163 0.00679539 0.02944329
v 0.02825043 0.00713295 0.02989625
v 0.02834557 0.00722709 0.03283645
v 0.02834557 0.00724404 0.03199709
v 0.02792468 0.00729003 0.03031675
v 0.02738589 0.00746258 0.03094667
v 0.02818631 0.00710713 0.03392340
v 0.02792675 0.00727847 0.03325695
v 0.02498877 0.00680130 0.03493405
v 0.02591846 0.00626255 0.03642282
v 0.02498877 0.00617836 0.03630755
v 0.02350789 0.00625609 0.03557047
v 0.02268265 0.00624937 0.03514348
v 0.01997425 0.00603284 0.03373426
v 0.01997425 0.00726905 0.03157660
v 0.01997529 0.00547283 0.02039377
v 0.02361854 0.00589378 0.02290699
v 0.02448928 0.00607507 0.02367166
v 0.02437553 0.00625986 0.02380155
v 0.02663149 0.00629119 0.02563166
v 0.02773647 0.00626685 0.02672389
v 0.02853585 0.00623807 0.02761358
v 0.02938695 0.00624614 0.02885882
v 0.02762633 0.00712878 0.02872407
v 0.02813874 0.00667273 0.02800323
v 0.02705342 0.00754341 0.03136716
v 0.02695156 0.00752431 0.03230394
v 0.02678506 0.00753211 0.02957074
v 0.02666614 0.00753937 0.03232829
v 0.02456891 0.00678866 0.03493405
v 0.02392051 0.00709126 0.03389012
v 0.02482383 0.00629724 0.03606645
v 0.02269351 0.00673715 0.03445917
v 0.02221833 0.00668538 0.03432847
v 0.02056888 0.00625770 0.03389337
v 0.01997529 0.00753426 0.03040604
v 0.01997529 0.00805849 0.02611994
v 0.01997529 0.00807437 0.02569945
v 0.01997529 0.00799192 0.02510686
v 0.01997529 0.00776814 0.02421311
v 0.01997529 0.00705979 0.02244022
v 0.01997529 0.00677575 0.02200268
v 0.01997529 0.00579117 0.02074121
v 0.02307666 0.00624399 0.02298167
v 0.02400324 0.00669721 0.02419119
v 0.02522766 0.00668403 0.02505004
v 0.02632177 0.00670770 0.02604363
v 0.02735280 0.00670313 0.02710055
v 0.02688537 0.00709422 0.02757786
v 0.02708600 0.00736508 0.02905689
v 0.02624628 0.00767682 0.03115773
v 0.02582745 0.00772497 0.03115773
v 0.02624628 0.00766821 0.02989625
v 0.02582745 0.00766929 0.03157660
v 0.02423230 0.00671200 0.03506149
v 0.02373023 0.00674078 0.03486424
v 0.02089773 0.00711385 0.03268222
v 0.01997425 0.00676580 0.03277963
v 0.01997425 0.00714398 0.03199547
v 0.02006836 0.00751839 0.03057002
v 0.02204976 0.00806441 0.02780028
v 0.02079122 0.00805500 0.02695930
v 0.02089619 0.00808909 0.02664434
v 0.02077416 0.00792656 0.02529194
v 0.02246962 0.00773707 0.02569945
v 0.02037136 0.00765046 0.02402397
v 0.02061335 0.00751785 0.02379180
v 0.02225452 0.00708884 0.02381453
v 0.02028760 0.00672088 0.02205626
v 0.02271368 0.00668376 0.02337294
v 0.02064748 0.00628272 0.02167473
v 0.02477574 0.00708830 0.02549488
v 0.02586779 0.00709691 0.02649741
v 0.02610047 0.00753023 0.02833118
v 0.02520801 0.00751221 0.02716062
v 0.02540656 0.00772201 0.02863640
v 0.02393344 0.00792764 0.02823133
v 0.02247065 0.00726206 0.03283645
v 0.02390810 0.00793369 0.02970468
v 0.02259785 0.00709987 0.03349723
v 0.02330934 0.00682874 0.03451518
v 0.02172504 0.00711009 0.03310109
v 0.02121108 0.00725022 0.03241596
v 0.02163094 0.00729218 0.03241596
v 0.02246962 0.00804666 0.02780028
v 0.02407770 0.00793907 0.02926714
v 0.02173539 0.00802386 0.02664434
v 0.02194221 0.00794472 0.02624333
v 0.02413251 0.00750884 0.02615647
v 0.02288948 0.00751785 0.02525460
v 0.02372920 0.00769914 0.02653881
v 0.02354512 0.00709825 0.02463442
v 0.02456995 0.00776773 0.02779866
v 0.02309527 0.00792777 0.02717360
v 0.02498877 0.00761361 0.02737817
f 3614 3615 3616
f 3614 3616 3617
f 3614 3617 3618
f 3614 3618 3619
f 3614 3619 3620
f 3614 3620 3621
f 3614 3621 3622
f 3614 3622 3623
f 3614 3623 3624
f 3614 3624 3625
f 3614 3625 3615
f 3615 3625 3627
f 3615 3627 3626
f 3616 3615 3628
f 3616 3628 3629
f 3617 3630 3618
f 3617 3616 3630
f 3618 3630 3619
f 3619 3630 3631
f 3619 3631 3620
f 3620 3631 3632
f 3620 3632 3633
f 3620 3633 3634
f 3620 3634 3635
f 3620 3635 3621
f 3621 3635 3622
f 3622 3636 3641
f 3622 3641 3623
f 3622 3635 3634
f 3622 3634 3637
f 3622 3637 3638
f 3622 3638 3639
f 3622 3639 3640
f 3622 3640 3636
f 3623 3641 3642
f 3623 3642 3643
f 3623 3643 3644
f 3623 3644 3645
f 3623 3645 3646
f 3623 3646 3647
f 3623 3647 3624
f 3626 3648 3649
f 3615 3626 3628
f 3627 3648 3626
f 3616 3629 3651
f 3616 3651 3650
f 3629 3628 3652
f 3629 3652 3653
f 3629 3653 3651
f 3616 3650 3630
f 3630 3654 3631
f 3630 3650 3655
f 3630 3655 3654
f 3631 3654 3632
f 3632 3654 3656
f 3634 3633 3637
f 3637 3633 3657
f 3637 3657 3638
f 3638 3657 3658
f 3638 3658 3639
f 3639 3658 3659
f 3640 3639 3660
f 3641 3636 3661
f 3641 3661 3662
f 3641 3662 3663
f 3641 3663 3642
f 3642 3663 3664
f 3642 3665 3643
f 3643 3665 3666
f 3643 3667 3644
f 3645 3668 3646
f 3646 3668 3669
f 3646 3669 3647
f 3647 3670 3624
f 3647 3669 3670
f 3624 3670 3625
f 3625 3670 3627
f 3648 3671 3649
f 3648 3627 3672
f 3648 3672 3671
f 3650 3651 3673
f 3650 3673 3674
f 3650 3674 3655
f 3651 3653 3673
f 3628 3626 3649
f 3628 3649 3652
f 3652 3649 3675
f 3652 3675 3653
f 3654 3655 3676
f 3655 3674 3676
f 3656 3677 3632
f 3632 3657 3633
f 3632 3677 3657
f 3654 3676 3678
f 3654 3678 3656
f 3636 3640 3661
f 3640 3660 3661
f 3657 3679 3658
f 3659 3680 3681
f 3659 3681 3660
f 3659 3660 3639
f 3660 3681 3682
f 3660 3682 3661
f 3661 3705 3706
f 3661 3706 3662
f 3662 3683 3684
f 3662 3684 3685
f 3662 3685 3686
f 3662 3686 3687
f 3662 3687 3688
f 3662 3688 3689
f 3662 3689 3690
f 3662 3690 3663
f 3663 3690 3664
f 3642 3664 3665
f 3664 3691 3666
f 3664 3666 3665
f 3666 3692 3693
f 3666 3693 3643
f 3666 3691 3692
f 3643 3693 3667
f 3667 3693 3694
f 3644 3667 3645
f 3645 3667 3668
f 3668 3695 3669
f 3668 3667 3695
f 3670 3672 3627
f 3672 3696 3671
f 3649 3671 3697
f 3649 3697 3675
f 3672 3670 3669
f 3672 3669 3695
f 3672 3695 3696
f 3673 3698 3674
f 3674 3698 3699
f 3653 3675 3700
f 3653 3700 3673
f 3674 3699 3676
f 3676 3699 3701
f 3676 3701 3678
f 3677 3702 3657
f 3656 3678 3677
f 3657 3702 3679
f 3679 3702 3703
f 3679 3659 3658
f 3679 3703 3680
f 3679 3680 3659
f 3682 3681 3705
f 3682 3705 3661
f 3662 3707 3683
f 3683 3708 3709
f 3683 3709 3684
f 3683 3707 3708
f 3684 3710 3685
f 3687 3686 3711
f 3687 3711 3712
f 3687 3712 3713
f 3687 3713 3688
f 3688 3713 3714
f 3688 3714 3715
f 3688 3715 3717
f 3688 3717 3716
f 3688 3716 3689
f 3689 3716 3690
f 3690 3716 3718
f 3690 3718 3691
f 3690 3691 3664
f 3692 3691 3717
f 3693 3719 3694
f 3693 3692 3719
f 3694 3695 3667
f 3695 3694 3720
f 3695 3720 3696
f 3671 3696 3721
f 3671 3721 3697
f 3697 3721 3675
f 3673 3700 3698
f 3700 3675 3723
f 3700 3723 3724
f 3675 3721 3723
f 3701 3725 3678
f 3701 3699 3726
f 3701 3726 3725
f 3678 3727 3728
f 3678 3728 3677
f 3677 3728 3702
f 3703 3702 3728
f 3703 3728 3680
f 3680 3729 3704
f 3680 3704 3681
f 3704 3705 3681
f 3704 3706 3705
f 3662 3706 3704
f 3662 3704 3730
f 3662 3730 3707
f 3707 3730 3731
f 3707 3731 3726
f 3707 3726 3708
f 3708 3726 3733
f 3708 3733 3732
f 3708 3732 3710
f 3708 3710 3709
f 3709 3710 3684
f 3710 3732 3685
f 3685 3732 3734
f 3685 3734 3686
f 3686 3734 3735
f 3686 3735 3711
f 3712 3736 3737
f 3712 3737 3713
f 3712 3711 3735
f 3712 3735 3738
f 3712 3738 3736
f 3713 3737 3714
f 3714 3739 3715
f 3715 3739 3717
f 3717 3739 3692
f 3717 3691 3716
f 3716 3691 3718
f 3692 3739 3719
f 3694 3719 3720
f 3720 3722 3696
f 3720 3719 3736
f 3720 3736 3722
f 3723 3721 3740
f 3723 3740 3724
f 3724 3733 3700
f 3700 3733 3698
f 3699 3733 3726
f 3725 3731 3727
f 3725 3727 3678
f 3725 3726 3731
f 3728 3727 3729
f 3728 3729 3680
f 3704 3729 3730
f 3730 3729 3731
f 3732 3741 3734
f 3734 3741 3735
f 3736 3738 3722
f 3738 3741 3740
f 3738 3740 3742
f 3738 3742 3722
f 3738 3735 3741
f 3714 3737 3739
f 3739 3737 3719
f 3722 3742 3721
f 3722 3721 3696
f 3721 3742 3740
f 3719 3737 3736
f 3698 3733 3699
f 3740 3741 3724
f 3724 3732 3733
f 3731 3729 3727
f 3732 3724 3741

o geometry_26
v 0.01182131 -0.00520218 0.01221865
v 0.01152518 0.00309860 0.00847111
v 0.01148865 -0.00332118 0.00847111
v 0.01244912 -0.00520218 0.01221865
v 0.01202705 -0.00520218 0.01271840
v 0.01295868 0.00562391 0.01554918
v 0.01202705 0.00309860 0.00847111
v 0.01198667 -0.00332118 0.00847111
v 0.01290965 -0.00520218 0.01320697
v 0.02117413 -0.00293862 0.01989262
v 0.01226645 -0.00520218 0.01320697
v 0.01384128 0.00562391 0.01759066
v 0.01376436 0.00562391 0.01554918
v 0.01211935 0.00273194 0.00847111
v 0.01457389 0.00562391 0.01595055
v 0.01486136 0.00562391 0.01609924
v 0.01878401 0.00562391 0.01966008
v 0.01897726 0.00562391 0.01987026
v 0.01963007 0.00510041 0.01989262
v 0.02031077 0.00449425 0.01989262
v 0.02040210 0.00438934 0.01989262
v 0.02047325 0.00430244 0.01989262
v 0.02074149 0.00391459 0.01989262
v 0.02078475 0.00384358 0.01989262
v 0.02095397 0.00352567 0.01989262
v 0.02110683 0.00310072 0.01989262
v 0.02111837 0.00305621 0.01989262
v 0.01203859 -0.00315162 0.00847111
v 0.02118856 -0.00288352 0.01989262
v 0.02000984 -0.00293862 0.01989262
v 0.01382397 -0.00335721 0.01507403
v 0.01384416 0.00562391 0.01759401
v 0.01981371 -0.00293862 0.01977412
v 0.01965411 -0.00293862 0.01967573
v 0.01212993 0.00268107 0.00847111
v 0.02116837 0.00282943 0.01989262
v 0.02120298 0.00266518 0.01989262
v 0.01899360 0.00562391 0.01989262
v 0.01209628 -0.00292908 0.00847111
v 0.02102511 -0.00235366 0.01959076
v 0.02124432 -0.00246599 0.01989262
v 0.01212800 -0.00280404 0.00847111
v 0.01213377 -0.00277330 0.00847111
v 0.01221165 -0.00235260 0.00847111
v 0.01222415 -0.00228054 0.00847111
v 0.01745819 0.00562391 0.01989262
v 0.01409317 0.00562391 0.01780643
v 0.01221453 0.00225930 0.00847111
v 0.02125297 0.00226142 0.01989262
v 0.02120202 0.00226142 0.01982219
v 0.02100684 0.00250198 0.01960530
v 0.02105107 -0.00193401 0.01956952
v 0.01225683 -0.00196474 0.00847111
v 0.02123759 -0.00193401 0.01982219
v 0.02127893 -0.00205058 0.01989262
v 0.01225203 0.00194351 0.00847111
v 0.02102607 0.00226142 0.01959076
v 0.02128278 0.00184177 0.01989262
v 0.02123663 0.00184177 0.01982219
v 0.02105011 0.00184177 0.01956952
v 0.02106453 -0.00151330 0.01955834
v 0.01225780 -0.00194778 0.00847111
v 0.02125586 -0.00151330 0.01982219
v 0.02129624 -0.00163623 0.01989262
v 0.01226068 0.00185237 0.00847111
v 0.02129816 0.00142107 0.01989262
v 0.02125490 0.00142107 0.01982219
v 0.02106357 0.00142107 0.01955722
v 0.02106934 -0.00109471 0.01955275
v 0.01226933 -0.00171676 0.00847111
v 0.01227895 -0.00151330 0.00847111
v 0.02126355 -0.00109471 0.01982219
v 0.02130489 -0.00122082 0.01989262
v 0.02129912 -0.00151330 0.01989262
v 0.01227126 0.00162347 0.00847111
v 0.02130585 0.00100354 0.01989262
v 0.02126259 0.00100354 0.01982219
v 0.02106934 0.00100354 0.01955387
v 0.01227991 0.00142001 0.00847111
v 0.01227895 0.00144438 0.00847111
v 0.02107222 -0.00067612 0.01955163
v 0.02126835 -0.00067612 0.01982219
v 0.01228568 -0.00109259 0.00847111
v 0.02131066 -0.00067612 0.01989262
v 0.02107030 0.00058283 0.01955163
v 0.01228568 0.00100142 0.00847111
v 0.02107030 -0.00025541 0.01954940
f 3743 3744 3745
f 3743 3745 3750
f 3743 3750 3746
f 3743 3746 3751
f 3743 3751 3753
f 3743 3753 3747
f 3743 3747 3748
f 3743 3748 3744
f 3744 3749 3756
f 3744 3756 3777
f 3744 3777 3790
f 3744 3790 3798
f 3744 3798 3807
f 3744 3807 3817
f 3744 3817 3822
f 3744 3822 3821
f 3744 3821 3828
f 3744 3828 3825
f 3744 3825 3813
f 3744 3813 3812
f 3744 3812 3804
f 3744 3804 3795
f 3744 3795 3787
f 3744 3787 3786
f 3744 3786 3785
f 3744 3785 3784
f 3744 3784 3781
f 3744 3781 3770
f 3744 3770 3750
f 3744 3750 3745
f 3744 3748 3755
f 3744 3755 3749
f 3746 3750 3752
f 3746 3752 3751
f 3747 3753 3754
f 3747 3754 3748
f 3748 3754 3774
f 3748 3774 3789
f 3748 3789 3788
f 3748 3788 3780
f 3748 3780 3760
f 3748 3760 3759
f 3748 3759 3758
f 3748 3758 3757
f 3748 3757 3755
f 3749 3755 3757
f 3749 3757 3758
f 3749 3758 3759
f 3749 3759 3760
f 3749 3760 3761
f 3749 3761 3762
f 3749 3762 3763
f 3749 3763 3764
f 3749 3764 3765
f 3749 3765 3766
f 3749 3766 3767
f 3749 3767 3768
f 3749 3768 3769
f 3749 3769 3756
f 3750 3770 3752
f 3751 3752 3772
f 3751 3772 3753
f 3752 3771 3783
f 3752 3783 3797
f 3752 3797 3806
f 3752 3806 3816
f 3752 3816 3815
f 3752 3815 3826
f 3752 3826 3818
f 3752 3818 3808
f 3752 3808 3800
f 3752 3800 3791
f 3752 3791 3779
f 3752 3779 3778
f 3752 3778 3769
f 3752 3769 3768
f 3752 3768 3767
f 3752 3767 3766
f 3752 3766 3765
f 3752 3765 3764
f 3752 3764 3763
f 3752 3763 3762
f 3752 3762 3761
f 3752 3761 3780
f 3752 3780 3788
f 3752 3788 3772
f 3752 3770 3771
f 3753 3773 3774
f 3753 3774 3754
f 3753 3772 3775
f 3753 3775 3776
f 3753 3776 3773
f 3756 3769 3778
f 3756 3778 3779
f 3756 3779 3777
f 3760 3780 3761
f 3770 3781 3771
f 3771 3782 3783
f 3771 3781 3784
f 3771 3784 3785
f 3771 3785 3786
f 3771 3786 3787
f 3771 3787 3782
f 3772 3788 3775
f 3773 3776 3789
f 3773 3789 3774
f 3775 3788 3776
f 3776 3788 3789
f 3777 3779 3790
f 3779 3791 3792
f 3779 3792 3793
f 3779 3793 3790
f 3782 3794 3783
f 3782 3787 3795
f 3782 3795 3794
f 3783 3796 3797
f 3783 3794 3796
f 3790 3793 3799
f 3790 3799 3798
f 3791 3800 3801
f 3791 3801 3792
f 3792 3801 3802
f 3792 3802 3799
f 3792 3799 3793
f 3794 3803 3796
f 3794 3795 3804
f 3794 3804 3803
f 3796 3805 3797
f 3796 3803 3805
f 3797 3805 3806
f 3798 3799 3802
f 3798 3802 3807
f 3800 3808 3809
f 3800 3809 3801
f 3801 3809 3810
f 3801 3810 3802
f 3802 3810 3807
f 3803 3811 3805
f 3803 3804 3812
f 3803 3812 3813
f 3803 3813 3811
f 3805 3814 3815
f 3805 3815 3816
f 3805 3816 3806
f 3805 3811 3814
f 3807 3810 3817
f 3808 3818 3819
f 3808 3819 3809
f 3809 3819 3820
f 3809 3820 3810
f 3810 3820 3821
f 3810 3821 3822
f 3810 3822 3817
f 3811 3823 3824
f 3811 3824 3814
f 3811 3813 3825
f 3811 3825 3823
f 3814 3824 3815
f 3815 3824 3826
f 3818 3826 3824
f 3818 3824 3819
f 3819 3824 3827
f 3819 3827 3820
f 3820 3827 3828
f 3820 3828 3821
f 3823 3829 3824
f 3823 3825 3828
f 3823 3828 3829
f 3824 3829 3827
f 3827 3829 3828

o geometry_27
v 0.00711272 0.00365249 0.00457909
v 0.00735002 0.00360915 0.00457909
v 0.00777602 0.00362273 0.00345031
v 0.00777602 0.00364085 0.00303055
v 0.00777602 0.00363632 0.00280082
v 0.00711272 0.00363632 0.00411347
v 0.00672398 0.00299978 0.00007545
v 0.00672398 0.00299978 0.00076241
v 0.00711272 0.00268540 0.00457909
v 0.00743632 0.00355222 0.00457909
v 0.00805953 0.00344743 0.00345031
v 0.00810305 0.00347977 0.00303055
v 0.00796607 0.00355352 0.00280082
v 0.00711272 0.00359039 0.00280082
v 0.00759417 0.00299978 0.00069010
v 0.00741426 0.00299978 0.00055121
v 0.00717860 0.00299978 0.00037307
v 0.00712137 0.00299978 0.00032986
v 0.00691164 0.00299978 0.00018039
v 0.00691164 0.00226169 0.00017995
v 0.00691179 0.00100285 0.00017995
v 0.00672398 0.00020912 0.00007545
v 0.00672398 0.00020912 0.00060765
v 0.00711734 -0.00260418 0.00457688
v 0.00711868 -0.00260418 0.00457909
v 0.00761653 0.00340085 0.00457909
v 0.00801660 0.00338144 0.00370870
v 0.00813331 0.00310134 0.00345031
v 0.00821649 0.00310134 0.00303055
v 0.00823467 0.00310134 0.00280082
v 0.00811423 0.00347977 0.00280082
v 0.00806713 0.00299978 0.00141807
v 0.00806713 0.00268152 0.00141763
v 0.00759417 0.00184186 0.00068966
v 0.00759432 0.00100285 0.00068966
v 0.00759432 0.00020912 0.00068966
v 0.00712166 0.00020912 0.00033339
v 0.00691179 0.00020912 0.00017995
v 0.00761683 -0.00295608 0.00072405
v 0.00684412 -0.00295608 0.00072405
v 0.00772788 -0.00295608 0.00280082
v 0.00767347 -0.00260418 0.00457909
v 0.00766960 0.00310134 0.00457909
v 0.00803195 0.00310134 0.00373295
v 0.00813346 0.00268216 0.00345031
v 0.00813391 0.00016449 0.00345031
v 0.00813421 -0.00260418 0.00345031
v 0.00821365 -0.00260418 0.00303055
v 0.00824376 -0.00295608 0.00261034
v 0.00824063 0.00299978 0.00271220
v 0.00824674 0.00299978 0.00261034
v 0.00823586 0.00299978 0.00219058
v 0.00818474 0.00299978 0.00177082
v 0.00809575 0.00299978 0.00150317
v 0.00806758 -0.00109500 0.00141719
v 0.00806773 -0.00277431 0.00141719
v 0.00806773 -0.00295608 0.00141719
v 0.00822886 -0.00295608 0.00280082
v 0.00803240 -0.00260418 0.00373339
v 0.00767347 -0.00222510 0.00457909
v 0.00767258 0.00268216 0.00457909
v 0.00803225 -0.00025599 0.00373339
v 0.00803240 -0.00193465 0.00373339
v 0.00823914 -0.00295608 0.00237180
v 0.00823378 -0.00295608 0.00219102
v 0.00820844 -0.00295608 0.00195204
v 0.00818518 -0.00067581 0.00177126
v 0.00818518 -0.00295608 0.00177126
f 3830 3831 3832
f 3830 3832 3833
f 3830 3833 3834
f 3830 3834 3835
f 3830 3835 3836
f 3830 3836 3837
f 3830 3837 3838
f 3830 3838 3854
f 3830 3854 3871
f 3830 3871 3889
f 3830 3889 3890
f 3830 3890 3872
f 3830 3872 3855
f 3830 3855 3839
f 3830 3839 3831
f 3831 3839 3840
f 3831 3840 3832
f 3832 3841 3833
f 3832 3840 3841
f 3833 3841 3842
f 3833 3842 3834
f 3834 3843 3835
f 3834 3842 3844
f 3834 3844 3845
f 3834 3845 3846
f 3834 3846 3847
f 3834 3847 3848
f 3834 3848 3836
f 3834 3836 3843
f 3835 3843 3836
f 3836 3848 3849
f 3836 3849 3850
f 3836 3850 3867
f 3836 3867 3851
f 3836 3851 3852
f 3836 3852 3837
f 3837 3852 3853
f 3837 3853 3838
f 3838 3853 3854
f 3839 3855 3840
f 3840 3855 3856
f 3840 3856 3857
f 3840 3857 3858
f 3840 3858 3841
f 3841 3858 3859
f 3841 3859 3860
f 3841 3860 3842
f 3842 3860 3844
f 3844 3860 3861
f 3844 3861 3862
f 3844 3862 3863
f 3844 3863 3845
f 3845 3863 3864
f 3845 3864 3865
f 3845 3865 3846
f 3846 3865 3847
f 3847 3865 3866
f 3847 3866 3867
f 3847 3867 3850
f 3847 3850 3849
f 3847 3849 3848
f 3851 3867 3868
f 3851 3868 3869
f 3851 3869 3852
f 3852 3869 3853
f 3853 3869 3870
f 3853 3870 3854
f 3854 3870 3887
f 3854 3887 3871
f 3855 3872 3856
f 3856 3872 3873
f 3856 3873 3857
f 3857 3873 3874
f 3857 3874 3858
f 3858 3874 3875
f 3858 3875 3876
f 3858 3876 3877
f 3858 3877 3859
f 3859 3877 3878
f 3859 3878 3879
f 3859 3879 3880
f 3859 3880 3881
f 3859 3881 3860
f 3860 3881 3882
f 3860 3882 3883
f 3860 3883 3861
f 3861 3883 3862
f 3862 3883 3884
f 3862 3884 3863
f 3863 3884 3864
f 3864 3884 3885
f 3864 3885 3868
f 3864 3868 3865
f 3865 3868 3866
f 3866 3868 3867
f 3868 3885 3886
f 3868 3886 3897
f 3868 3897 3895
f 3868 3895 3894
f 3868 3894 3893
f 3868 3893 3878
f 3868 3878 3887
f 3868 3887 3870
f 3868 3870 3869
f 3871 3887 3888
f 3871 3888 3892
f 3871 3892 3889
f 3872 3890 3873
f 3873 3890 3889
f 3873 3889 3891
f 3873 3891 3875
f 3873 3875 3874
f 3875 3891 3876
f 3876 3891 3892
f 3876 3892 3888
f 3876 3888 3887
f 3876 3887 3877
f 3877 3887 3878
f 3878 3893 3880
f 3878 3880 3879
f 3880 3893 3881
f 3881 3893 3894
f 3881 3894 3895
f 3881 3895 3882
f 3882 3895 3896
f 3882 3896 3885
f 3882 3885 3884
f 3882 3884 3883
f 3885 3896 3897
f 3885 3897 3886
f 3889 3892 3891
f 3895 3897 3896

o geometry_28
v 0.00446927 0.00398646 0.02276586
v 0.00371393 -0.00187953 0.02276586
v 0.00224668 -0.00384508 0.01989227
v -0.00369787 -0.00290830 0.00966022
v -0.00324293 0.00398493 0.00966022
v 0.00381030 0.00398646 0.02276330
v 0.00312530 -0.00187953 0.02276586
v 0.00164415 -0.00384508 0.01989227
v -0.00036486 -0.00384508 0.01555109
v -0.00421357 -0.00290830 0.00966022
v -0.00379727 0.00398493 0.00966150
v -0.00205871 0.00398570 0.01325478
v 0.00246460 0.00398646 0.02096345
v 0.00340746 0.00310104 0.02276586
v 0.00309925 -0.00130765 0.02276586
v 0.00294645 -0.00173081 0.02255163
v 0.00136199 -0.00319424 0.01989227
v 0.00151306 -0.00359210 0.01989227
v -0.00092484 -0.00384508 0.01555109
v -0.00382723 -0.00290830 0.01049921
v -0.00416582 0.00302668 0.00966022
v -0.00334017 0.00398493 0.01064289
v -0.00042997 0.00398570 0.01629643
v 0.00128211 0.00398570 0.01917259
v 0.00162071 0.00398570 0.01971267
v 0.00317088 0.00369707 0.02211353
v 0.00213642 -0.00151463 0.02146312
v 0.00207044 -0.00187953 0.02134446
v 0.00117185 -0.00277415 0.01976142
v 0.00125694 -0.00342805 0.01962928
v -0.00088143 -0.00351315 0.01593338
v -0.00433078 -0.00235559 0.00966022
v -0.00420576 -0.00222986 0.00999761
v -0.00254143 -0.00228353 0.01338306
v -0.00118487 -0.00320191 0.01555109
v -0.00210559 0.00377105 0.01334715
v -0.00376993 0.00373655 0.00996297
v -0.00046296 0.00385231 0.01634903
v 0.00011244 0.00373214 0.01741251
v 0.00207131 0.00381168 0.02050676
v 0.00248370 0.00341612 0.02135088
v 0.00309665 0.00100287 0.02276586
v 0.00205828 -0.00109453 0.02136242
v 0.00116578 -0.00234562 0.01989227
v 0.00078985 -0.00235405 0.01929061
v 0.00058495 -0.00312946 0.01865303
v -0.00044907 -0.00348555 0.01674158
v 0.00066786 -0.00384508 0.01830923
v 0.00121700 -0.00151463 0.02010907
v -0.00047859 -0.00384508 0.01637981
v -0.00438635 -0.00193472 0.00966022
v -0.00379424 -0.00226666 0.01085071
v -0.00381507 -0.00193396 0.01089689
v -0.00256747 -0.00193396 0.01343310
v -0.00211688 -0.00227433 0.01420794
v -0.00084236 -0.00303862 0.01627975
v -0.00335666 0.00375112 0.01081479
v -0.00255879 0.00302515 0.01299949
v -0.00380986 0.00300445 0.01046457
v -0.00213858 0.00302132 0.01382950
v -0.00085018 0.00294543 0.01629386
v 0.00129557 0.00345406 0.01956771
v 0.00252971 0.00288716 0.02170879
v 0.00326855 0.00268172 0.02276586
v 0.00310446 0.00145286 0.02276586
v 0.00205828 0.00100287 0.02136242
v 0.00121439 -0.00109453 0.02011292
v 0.00075946 -0.00193472 0.01934193
v 0.00122655 -0.00187953 0.02009496
v 0.00043302 -0.00212867 0.01876977
v -0.00043344 -0.00267219 0.01713413
v -0.00049682 -0.00319347 0.01681983
v -0.00439894 -0.00130497 0.00966022
v -0.00422877 -0.00130497 0.01004828
v -0.00382549 -0.00151463 0.01091998
v -0.00257833 -0.00130343 0.01345555
v -0.00213945 -0.00193396 0.01425156
v -0.00215074 -0.00151386 0.01427337
v -0.00082500 -0.00212867 0.01667230
v -0.00424396 0.00277371 0.00966022
v -0.00255749 0.00260199 0.01323361
v -0.00380509 0.00257171 0.01070190
v -0.00213251 0.00257746 0.01406298
v -0.00041000 0.00289330 0.01709436
v -0.00088317 0.00268172 0.01635672
v 0.00084888 0.00289253 0.01919311
v 0.00167714 0.00291859 0.02046827
v 0.00316089 0.00206921 0.02276586
v 0.00282490 0.00226162 0.02229506
v 0.00206089 0.00142220 0.02135729
v 0.00121613 0.00121254 0.02011100
v 0.00074774 -0.00130458 0.01935988
v -0.00083889 -0.00184887 0.01669155
v -0.00341483 -0.00109453 0.01177180
v -0.00128601 -0.00151463 0.01590516
v -0.00420663 0.00216886 0.01000018
v -0.00082934 0.00205311 0.01667487
v -0.00043431 0.00268172 0.01713542
v 0.00122568 0.00310104 0.01967932
v 0.00116057 0.00268172 0.01978066
v 0.00207174 0.00268172 0.02113920
v 0.00207131 0.00184153 0.02134318
v 0.00122742 0.00184153 0.02009368
v -0.00084584 -0.00151463 0.01670309
v -0.00439894 0.00121215 0.00966022
v -0.00422877 0.00121215 0.01004828
v -0.00382549 0.00121177 0.01092191
v -0.00341483 0.00100211 0.01177308
v -0.00215334 0.00100211 0.01427721
v -0.00257963 0.00100211 0.01345747
v -0.00128862 -0.00109453 0.01590900
v -0.00438721 0.00184153 0.00966022
v -0.00254403 0.00226162 0.01338691
v -0.00211514 0.00226162 0.01420537
v -0.00164979 0.00184191 0.01517008
v 0.00059407 0.00194732 0.01905777
v 0.00078290 0.00226162 0.01930216
v 0.00124565 0.00218113 0.02006545
v 0.00208780 0.00216503 0.02132009
v 0.00074991 0.00142220 0.01935604
v 0.00074644 0.00100211 0.01936117
v -0.00084757 0.00100211 0.01670694
v -0.00257702 0.00142143 0.01345234
v -0.00128862 0.00100211 0.01590900
v -0.00381594 0.00184153 0.01089689
v -0.00256747 0.00184153 0.01343438
v -0.00128515 0.00142220 0.01590387
v -0.00084497 0.00142220 0.01670181
v -0.00320299 0.00142143 0.01218937
f 3898 3903 3911
f 3898 3911 3961
f 3898 3961 3985
f 3898 3985 3962
f 3898 3962 3939
f 3898 3939 3912
f 3898 3912 3904
f 3898 3904 3899
f 3898 3899 3900
f 3898 3900 3901
f 3898 3901 3902
f 3898 3910 3903
f 3899 3904 3905
f 3899 3905 3900
f 3900 3905 3945
f 3900 3945 3947
f 3900 3947 3916
f 3900 3916 3906
f 3900 3906 3901
f 3901 3907 3929
f 3901 3929 3948
f 3901 3948 3970
f 3901 3970 4002
f 3901 4002 4009
f 3901 4009 3977
f 3901 3977 3918
f 3901 3918 3908
f 3901 3908 3902
f 3901 3906 3916
f 3901 3916 3907
f 3902 3908 3909
f 3902 3909 3910
f 3902 3910 3898
f 3904 3912 3913
f 3904 3914 3915
f 3904 3915 3905
f 3907 3916 3917
f 3909 3908 3919
f 3910 3909 3920
f 3910 3920 3921
f 3910 3921 3922
f 3903 3923 3911
f 3913 3912 3924
f 3913 3924 3925
f 3913 3925 3904
f 3904 3925 3914
f 3914 3926 3927
f 3914 3927 3915
f 3914 3925 3926
f 3915 3927 3905
f 3916 3928 3917
f 3907 3917 3930
f 3907 3930 3929
f 3917 3928 3932
f 3917 3932 3931
f 3909 3919 3933
f 3908 3934 3919
f 3909 3933 3920
f 3920 3935 3936
f 3920 3936 3921
f 3910 3922 3937
f 3903 3910 3923
f 3912 3940 3924
f 3926 3941 3942
f 3926 3942 3943
f 3926 3943 3927
f 3927 3943 3944
f 3927 3945 3905
f 3925 3924 3946
f 3925 3941 3926
f 3916 3947 3928
f 3929 3930 3948
f 3917 3931 3949
f 3917 3949 3930
f 3930 3949 3950
f 3930 3950 3948
f 3931 3951 3949
f 3931 3932 3952
f 3931 3952 3951
f 3928 3947 3944
f 3928 3944 3953
f 3928 3953 3932
f 3932 3953 3952
f 3918 3934 3908
f 3933 3919 3954
f 3934 3956 3954
f 3934 3954 3919
f 3933 3957 3958
f 3933 3958 3935
f 3933 3935 3920
f 3921 3959 3922
f 3921 3936 3959
f 3922 3959 3937
f 3937 3938 3910
f 3923 3910 3938
f 3923 3938 3960
f 3923 3960 3911
f 3911 3960 3961
f 3939 3940 3912
f 3939 3963 3940
f 3940 3963 3964
f 3940 3964 3946
f 3940 3946 3924
f 3941 3965 3942
f 3941 3925 3966
f 3941 3966 3965
f 3942 3965 3967
f 3943 3942 3968
f 3943 3968 3969
f 3943 3969 3944
f 3944 3947 3945
f 3944 3945 3927
f 3944 3969 3953
f 3925 3946 3966
f 3948 3971 3970
f 3949 3951 3950
f 3948 3950 3972
f 3948 3972 3971
f 3950 3951 3972
f 3951 3973 3972
f 3951 3952 3974
f 3951 3974 3975
f 3951 3975 3973
f 3953 3969 3976
f 3918 3977 3956
f 3918 3956 3934
f 3933 3954 3955
f 3954 3956 3955
f 3933 3955 3957
f 3955 3978 3957
f 3956 3977 3979
f 3956 3979 3978
f 3956 3978 3955
f 3957 3980 3958
f 3957 3978 3980
f 3935 3981 3936
f 3935 3958 3981
f 3958 3980 3982
f 3958 3982 3981
f 3936 3981 3983
f 3936 3983 3959
f 3937 3959 3984
f 3937 3984 3938
f 3938 3984 3960
f 3961 3986 3985
f 3962 3987 3939
f 3939 3987 3963
f 3963 3987 3988
f 3964 3963 3988
f 3965 3990 3967
f 3965 3966 3946
f 3965 3946 3989
f 3967 3990 3976
f 3967 3976 3942
f 3942 3976 3968
f 3968 3976 3969
f 3972 3973 3991
f 3974 3952 3976
f 3974 3992 3975
f 3952 3953 3976
f 3979 3977 3993
f 3982 3994 3995
f 3982 3995 3981
f 3982 3980 3994
f 3981 3995 3983
f 3959 3996 3984
f 3959 3983 3996
f 3984 3997 3998
f 3984 3998 3960
f 3984 3996 3997
f 3961 3960 3986
f 3986 3999 3985
f 3962 3985 3999
f 3962 3999 3987
f 3987 3999 4000
f 3987 4000 3988
f 3964 3988 4018
f 3964 4018 3989
f 3964 3989 3946
f 3989 4001 3965
f 3965 4001 3990
f 3990 4001 3992
f 3970 3971 4003
f 3970 4003 4002
f 3971 3972 4004
f 3971 4004 4003
f 3991 4005 4004
f 3991 4004 3972
f 3973 3975 4006
f 3973 4006 4007
f 3973 4007 3991
f 3976 3990 3974
f 3974 3990 3992
f 3992 4008 3975
f 3992 4001 4008
f 3977 4009 3993
f 3978 3979 4010
f 3978 4010 3980
f 3979 3993 4010
f 3980 4010 4011
f 3980 4011 3994
f 3994 4011 4012
f 3994 4013 4014
f 3983 3995 4014
f 3983 3997 3996
f 3997 4015 3998
f 3998 4015 4016
f 3997 3983 4014
f 3997 4014 4015
f 3960 3998 4016
f 3960 4016 3986
f 3986 4016 3999
f 3999 4016 4000
f 4000 4016 4015
f 4000 4015 4013
f 4000 4013 3988
f 3988 4013 4017
f 3988 4017 4018
f 3989 4018 4001
f 4001 4018 4019
f 4005 3991 4007
f 4007 4006 4020
f 4007 4020 4026
f 4008 4021 4006
f 4008 4006 3975
f 4008 4001 4019
f 4008 4019 4021
f 4010 4022 4023
f 4010 4023 4011
f 3993 4009 4022
f 3993 4022 4010
f 4011 4023 4012
f 3994 4014 3995
f 4012 4020 4024
f 4012 4023 4020
f 4012 4024 3994
f 3994 4024 4025
f 3994 4025 4013
f 4013 4015 4014
f 4013 4025 4017
f 4019 4018 4025
f 4019 4025 4021
f 4002 4003 4009
f 4003 4004 4009
f 4005 4007 4026
f 4005 4026 4004
f 4020 4023 4026
f 4021 4025 4024
f 4021 4024 4006
f 4006 4024 4020
f 4022 4026 4023
f 4009 4004 4022
f 4022 4004 4026
f 4025 4018 4017

o geometry_29
v 0.02083614 -0.00386268 0.01989263
v 0.02042441 -0.00445430 0.01989371
v 0.01997568 -0.00484791 0.01989371
v 0.01908096 -0.00441924 0.01989371
v 0.02033740 -0.00119599 0.01989371
v 0.02296470 -0.00429589 0.02136479
v 0.02288592 -0.00486931 0.02160094
v 0.02018874 -0.00490330 0.02001287
v 0.01997431 -0.00537397 0.02023494
v 0.01997431 -0.00576195 0.02060271
v 0.01997431 -0.00666316 0.02174285
v 0.01997431 -0.00666316 0.02319010
v 0.02130885 -0.00119599 0.01989263
v 0.02185761 -0.00364782 0.02044347
v 0.02311063 -0.00384395 0.02128679
v 0.02398137 -0.00451985 0.02210412
v 0.02403686 -0.00517970 0.02248598
v 0.02360663 -0.00556288 0.02250222
v 0.02362033 -0.00598405 0.02290628
v 0.02308322 -0.00633725 0.02297778
v 0.02064706 -0.00637257 0.02167677
v 0.02040865 -0.00666316 0.02191509
v 0.02789527 -0.00666316 0.03095932
v 0.03225789 -0.00119599 0.03095932
v 0.02205149 -0.00119599 0.02026960
v 0.02436845 -0.00385305 0.02212525
v 0.02195420 -0.00319534 0.02037793
v 0.02529674 -0.00420117 0.02289599
v 0.02518370 -0.00464829 0.02297670
v 0.02480553 -0.00511334 0.02295395
v 0.02486719 -0.00557465 0.02332768
v 0.02468085 -0.00585454 0.02345659
v 0.02437393 -0.00635063 0.02379998
v 0.02295854 -0.00666316 0.02336451
v 0.02979980 -0.00666316 0.03095932
v 0.03307725 -0.00119599 0.03095932
v 0.02205149 -0.00172633 0.02028314
v 0.02545499 -0.00119599 0.02266580
v 0.02101975 -0.00349235 0.01989263
v 0.02201038 -0.00277578 0.02033568
v 0.02442736 -0.00340485 0.02208246
v 0.02557214 -0.00356888 0.02293851
v 0.02645248 -0.00423729 0.02381190
v 0.02646207 -0.00509408 0.02422246
v 0.02606746 -0.00553130 0.02420729
v 0.02563311 -0.00593374 0.02422029
v 0.02411085 -0.00666316 0.02407405
v 0.02558790 -0.00632334 0.02467418
v 0.02532071 -0.00666316 0.02495042
v 0.02979706 -0.00666316 0.03073075
v 0.03101651 -0.00588718 0.03095932
v 0.03240998 -0.00235568 0.02998005
v 0.03250863 -0.00119599 0.02988797
v 0.02348743 -0.00235568 0.02131604
v 0.02666485 -0.00119599 0.02357141
v 0.02346413 -0.00277578 0.02133013
v 0.02553035 -0.00319534 0.02284671
v 0.02119239 -0.00288602 0.01989263
v 0.02760616 -0.00403393 0.02474785
v 0.02729787 -0.00447089 0.02464494
v 0.02715811 -0.00556903 0.02520553
v 0.02648947 -0.00636347 0.02546281
v 0.02629765 -0.00666316 0.02579104
v 0.03024511 -0.00635277 0.03049460
v 0.03047735 -0.00594284 0.02989772
v 0.03147141 -0.00547993 0.03095932
v 0.03291694 -0.00234872 0.03095932
v 0.03233325 -0.00172473 0.02968648
v 0.02531455 -0.00249348 0.02261814
v 0.02658264 -0.00340485 0.02370682
v 0.02768974 -0.00348727 0.02467364
v 0.02856391 -0.00343402 0.02548339
v 0.02868037 -0.00403393 0.02578345
v 0.02770207 -0.00463491 0.02508583
v 0.02734035 -0.00513903 0.02503275
v 0.02818437 -0.00514759 0.02586470
v 0.02820492 -0.00557840 0.02625468
v 0.02695259 -0.00598565 0.02541731
v 0.02690600 -0.00636989 0.02587012
v 0.02739926 -0.00666316 0.02691006
v 0.02930380 -0.00642314 0.02894227
v 0.02983954 -0.00594819 0.02880361
v 0.03066438 -0.00551685 0.02945249
v 0.03152896 -0.00291599 0.02879711
v 0.03155431 -0.00178895 0.02855663
v 0.03166735 -0.00119599 0.02862921
v 0.02783909 -0.00119599 0.02454094
v 0.02687209 -0.00244318 0.02381217
v 0.02774523 -0.00292856 0.02462110
v 0.02939697 -0.00340940 0.02632942
v 0.02946274 -0.00417789 0.02667553
v 0.02854747 -0.00464401 0.02592536
v 0.02779250 -0.00598565 0.02625576
v 0.02939560 -0.00508445 0.02716896
v 0.02900921 -0.00554147 0.02712779
v 0.02773770 -0.00635759 0.02672482
v 0.02916130 -0.00666316 0.02942974
v 0.02835564 -0.00666316 0.02812657
v 0.02853651 -0.00632869 0.02761526
v 0.03160021 -0.00521342 0.03073617
v 0.03203558 -0.00463224 0.03095932
v 0.03277170 -0.00303800 0.03095932
v 0.03233873 -0.00300322 0.03009812
v 0.03062191 -0.00305406 0.02763043
v 0.03069179 -0.00235568 0.02754377
v 0.02872148 -0.00119599 0.02534690
v 0.02780141 -0.00214590 0.02457290
v 0.02863379 -0.00277578 0.02542056
v 0.02977308 -0.00277578 0.02658074
v 0.02982241 -0.00323120 0.02674215
v 0.03060615 -0.00373505 0.02786171
v 0.03022867 -0.00422605 0.02759793
v 0.02935998 -0.00460173 0.02678656
v 0.02898592 -0.00593374 0.02757410
v 0.02977377 -0.00546869 0.02804857
v 0.03027251 -0.00513743 0.02836922
v 0.03105967 -0.00505983 0.02949907
v 0.03190713 -0.00465097 0.03054768
v 0.03151937 -0.00388997 0.02922500
v 0.03145223 -0.00347496 0.02890923
v 0.03075755 -0.00119599 0.02746794
v 0.02873141 -0.00214590 0.02543247
v 0.02976897 -0.00214590 0.02647621
v 0.03109050 -0.00427903 0.02882745
v 0.03026429 -0.00471198 0.02796949
v 0.03110969 -0.00472000 0.02921201
v 0.03215581 -0.00384850 0.03030178
v 0.03190301 -0.00422712 0.03012087
v 0.02976281 -0.00119599 0.02637492
f 4027 4028 4029
f 4027 4029 4030
f 4027 4030 4031
f 4027 4031 4039
f 4027 4039 4084
f 4027 4084 4065
f 4027 4032 4028
f 4028 4032 4033
f 4028 4033 4034
f 4028 4034 4029
f 4030 4035 4036
f 4030 4036 4037
f 4030 4037 4038
f 4030 4038 4031
f 4030 4029 4035
f 4031 4050 4062
f 4031 4062 4079
f 4031 4079 4112
f 4031 4112 4147
f 4031 4147 4155
f 4031 4155 4132
f 4031 4132 4113
f 4031 4113 4081
f 4031 4081 4064
f 4031 4064 4051
f 4031 4051 4039
f 4027 4040 4032
f 4032 4040 4041
f 4032 4041 4042
f 4032 4042 4033
f 4033 4042 4043
f 4033 4043 4034
f 4035 4029 4034
f 4035 4034 4044
f 4035 4044 4045
f 4035 4045 4036
f 4036 4045 4046
f 4036 4046 4047
f 4036 4047 4048
f 4036 4048 4037
f 4037 4048 4060
f 4037 4060 4073
f 4037 4073 4075
f 4037 4075 4089
f 4037 4089 4106
f 4037 4106 4124
f 4037 4124 4123
f 4037 4123 4076
f 4037 4076 4061
f 4037 4061 4049
f 4037 4049 4038
f 4038 4049 4031
f 4031 4049 4050
f 4041 4052 4042
f 4041 4040 4053
f 4042 4052 4054
f 4042 4054 4055
f 4042 4055 4056
f 4042 4056 4043
f 4043 4056 4057
f 4043 4057 4044
f 4043 4044 4034
f 4046 4060 4048
f 4046 4048 4047
f 4049 4061 4077
f 4049 4077 4092
f 4049 4092 4127
f 4049 4127 4128
f 4049 4128 4093
f 4049 4093 4062
f 4049 4062 4050
f 4051 4063 4039
f 4051 4064 4063
f 4027 4065 4040
f 4040 4065 4053
f 4041 4066 4067
f 4041 4067 4052
f 4041 4053 4066
f 4052 4067 4068
f 4052 4068 4054
f 4053 4065 4066
f 4054 4069 4055
f 4055 4069 4070
f 4044 4057 4058
f 4057 4071 4072
f 4057 4072 4058
f 4044 4058 4045
f 4045 4058 4059
f 4045 4059 4046
f 4058 4072 4059
f 4059 4073 4046
f 4059 4072 4074
f 4059 4074 4075
f 4059 4075 4073
f 4046 4073 4060
f 4061 4076 4077
f 4062 4078 4079
f 4063 4064 4080
f 4066 4082 4067
f 4067 4083 4068
f 4054 4068 4069
f 4065 4084 4066
f 4069 4085 4086
f 4069 4086 4070
f 4055 4070 4056
f 4056 4070 4071
f 4056 4071 4057
f 4071 4070 4087
f 4071 4087 4072
f 4074 4072 4088
f 4074 4088 4075
f 4075 4088 4089
f 4077 4076 4090
f 4077 4090 4091
f 4077 4091 4092
f 4062 4093 4078
f 4078 4094 4079
f 4063 4080 4066
f 4063 4066 4084
f 4063 4084 4039
f 4080 4064 4095
f 4080 4082 4066
f 4080 4095 4082
f 4081 4095 4064
f 4067 4082 4095
f 4067 4095 4083
f 4068 4083 4096
f 4068 4096 4069
f 4069 4096 4097
f 4069 4097 4085
f 4085 4097 4098
f 4085 4098 4099
f 4086 4085 4100
f 4086 4100 4101
f 4086 4101 4070
f 4070 4101 4087
f 4087 4101 4102
f 4087 4102 4103
f 4072 4087 4104
f 4072 4104 4088
f 4088 4104 4105
f 4088 4105 4089
f 4089 4105 4106
f 4090 4107 4091
f 4091 4107 4108
f 4091 4108 4109
f 4091 4109 4092
f 4078 4110 4094
f 4094 4110 4111
f 4094 4111 4112
f 4094 4112 4079
f 4083 4095 4114
f 4083 4114 4096
f 4096 4114 4115
f 4099 4098 4116
f 4099 4116 4117
f 4085 4099 4100
f 4100 4099 4118
f 4100 4118 4102
f 4100 4102 4101
f 4087 4103 4119
f 4087 4119 4104
f 4102 4118 4120
f 4103 4102 4120
f 4103 4120 4121
f 4103 4121 4119
f 4104 4119 4105
f 4105 4119 4122
f 4105 4122 4106
f 4090 4076 4123
f 4090 4123 4107
f 4107 4123 4124
f 4107 4124 4125
f 4107 4125 4108
f 4109 4126 4092
f 4092 4126 4127
f 4093 4128 4078
f 4078 4128 4129
f 4078 4129 4110
f 4110 4130 4131
f 4110 4131 4111
f 4081 4113 4114
f 4081 4114 4095
f 4114 4133 4115
f 4115 4134 4098
f 4115 4098 4097
f 4115 4097 4096
f 4098 4134 4135
f 4098 4135 4116
f 4099 4117 4118
f 4116 4136 4117
f 4117 4136 4137
f 4117 4137 4138
f 4118 4117 4139
f 4118 4139 4120
f 4121 4140 4119
f 4121 4120 4141
f 4121 4141 4140
f 4122 4119 4140
f 4122 4140 4125
f 4122 4125 4106
f 4106 4125 4124
f 4108 4125 4140
f 4109 4108 4141
f 4109 4141 4142
f 4108 4140 4141
f 4109 4143 4126
f 4109 4142 4143
f 4126 4143 4144
f 4126 4144 4127
f 4129 4145 4146
f 4129 4146 4110
f 4110 4146 4137
f 4110 4137 4130
f 4130 4136 4131
f 4131 4136 4135
f 4111 4131 4147
f 4111 4147 4112
f 4113 4132 4133
f 4113 4133 4114
f 4133 4148 4115
f 4115 4148 4134
f 4134 4148 4149
f 4134 4149 4135
f 4135 4136 4116
f 4136 4130 4137
f 4117 4138 4139
f 4138 4137 4150
f 4138 4150 4151
f 4138 4151 4139
f 4139 4151 4120
f 4120 4151 4142
f 4120 4142 4141
f 4142 4152 4143
f 4143 4152 4144
f 4144 4128 4127
f 4128 4153 4129
f 4129 4153 4145
f 4146 4145 4137
f 4135 4149 4131
f 4131 4149 4147
f 4147 4149 4155
f 4132 4155 4148
f 4132 4148 4133
f 4137 4145 4150
f 4151 4150 4152
f 4151 4152 4142
f 4152 4150 4154
f 4152 4154 4144
f 4144 4153 4128
f 4144 4154 4153
f 4145 4153 4154
f 4154 4150 4145
f 4148 4155 4149

o geometry_30
v -0.00324491 0.00398414 0.00966010
v -0.00319775 0.00486772 0.00846976
v -0.00380229 0.00398414 0.00966010
v -0.00262617 -0.00496512 0.00966010
v -0.00088868 -0.00671981 0.00846976
v -0.00481081 0.00311076 0.00287666
v -0.00381309 0.00486772 0.00846976
v -0.00423013 0.00462953 0.00794611
v -0.00445058 0.00423991 0.00797140
v -0.00505683 0.00380152 0.00708512
v -0.00324946 -0.00496512 0.00966010
v -0.00190117 -0.00671981 0.00846976
v -0.00202220 -0.00671981 0.00598460
v -0.00523751 0.00311190 0.00290195
v -0.00524944 0.00436412 0.00458067
v -0.00472388 0.00473161 0.00530327
v -0.00432104 0.00486772 0.00598594
v -0.00483666 0.00459891 0.00664332
v -0.00525853 0.00418717 0.00622946
v -0.00421877 0.00297239 0.00960355
v -0.00427331 0.00265139 0.00966010
v -0.00463524 -0.00469971 0.00708047
v -0.00337332 -0.00553112 0.00841487
v -0.00295060 -0.00594172 0.00846976
v -0.00248924 -0.00632623 0.00846976
v -0.00341593 -0.00474961 0.00966010
v -0.00481081 0.00069877 0.00286269
v -0.00565739 -0.00004643 0.00293522
v -0.00565739 0.00226121 0.00294120
v -0.00565739 0.00268088 0.00296449
v -0.00570881 0.00311190 0.00307195
v -0.00584943 0.00436412 0.00458067
v -0.00531591 0.00473161 0.00530327
v -0.00493183 0.00486772 0.00598594
v -0.00481592 -0.00321270 0.00286602
v -0.00303184 -0.00671981 0.00598460
v -0.00435996 0.00486772 0.00728607
v -0.00592557 0.00385824 0.00505442
v -0.00632045 0.00338866 0.00458067
v -0.00503410 0.00290887 0.00787159
v -0.00420058 -0.00551864 0.00662735
v -0.00347275 -0.00643285 0.00598460
v -0.00357502 -0.00448987 0.00966010
v -0.00503978 -0.00468042 0.00620883
v -0.00601619 0.00121146 0.00307694
v -0.00599034 0.00226121 0.00308825
v -0.00595170 0.00268088 0.00312551
v -0.00599830 0.00311190 0.00337968
v -0.00637443 0.00311190 0.00394125
v -0.00592386 0.00424559 0.00460396
v -0.00437501 -0.00592697 0.00530460
v -0.00523751 -0.00321497 0.00290128
v -0.00546932 0.00257993 0.00706916
v -0.00381536 -0.00596554 0.00651557
v -0.00379178 -0.00406169 0.00966010
v -0.00484944 -0.00430726 0.00708912
v -0.00592330 -0.00434809 0.00460430
v -0.00544035 -0.00465887 0.00530460
v -0.00500626 -0.00523848 0.00530460
v -0.00601193 -0.00172399 0.00307761
v -0.00565739 -0.00235294 0.00294120
v -0.00622642 0.00121146 0.00332579
v -0.00626647 0.00226121 0.00348281
v -0.00621818 0.00184040 0.00334309
v -0.00635767 0.00262927 0.00373266
v -0.00590682 0.00300982 0.00318273
v -0.00654545 0.00268088 0.00429057
v -0.00645227 0.00311190 0.00429057
v -0.00470001 -0.00560484 0.00530460
v -0.00585455 -0.00445131 0.00458067
v -0.00569489 -0.00321497 0.00306363
v -0.00645568 0.00268088 0.00470976
v -0.00632841 0.00301038 0.00483285
v -0.00610085 0.00258447 0.00560667
v -0.00549716 0.00226007 0.00713303
v -0.00569034 -0.00410649 0.00541738
v -0.00632045 -0.00348832 0.00458134
v -0.00622642 -0.00130489 0.00332579
v -0.00651590 0.00205080 0.00387073
v -0.00664829 0.00184040 0.00429057
v -0.00654431 0.00205194 0.00470976
v -0.00637557 -0.00321497 0.00394259
v -0.00588921 -0.00321497 0.00320868
v -0.00595114 -0.00277374 0.00312817
v -0.00565739 -0.00277374 0.00296715
v -0.00632301 0.00216253 0.00525137
v -0.00552046 0.00184040 0.00718427
v -0.00461478 0.00209561 0.00913247
v -0.00434092 0.00227822 0.00966010
v -0.00404860 -0.00345430 0.00966010
v -0.00424092 -0.00351555 0.00923161
v -0.00525682 -0.00344749 0.00706417
v -0.00645397 -0.00321497 0.00428991
v -0.00636363 -0.00151472 0.00353671
v -0.00621818 -0.00193326 0.00334309
v -0.00599034 -0.00235294 0.00308825
v -0.00656306 0.00142073 0.00387073
v -0.00654999 -0.00277374 0.00428991
v -0.00635852 -0.00272724 0.00373166
v -0.00640795 0.00184267 0.00513027
v -0.00552898 0.00142073 0.00720556
v -0.00438865 0.00184040 0.00966010
v -0.00418922 -0.00321894 0.00955032
v -0.00529404 -0.00319115 0.00714601
v -0.00631676 -0.00290475 0.00499054
v -0.00645852 -0.00277374 0.00471109
v -0.00656249 -0.00151472 0.00387073
v -0.00668920 0.00121146 0.00429057
v -0.00660227 0.00142186 0.00470976
v -0.00654857 -0.00214367 0.00471109
v -0.00665283 -0.00193326 0.00428991
v -0.00651903 -0.00214310 0.00387073
v -0.00642897 0.00142186 0.00513027
v -0.00553125 0.00100219 0.00721021
v -0.00463126 0.00142073 0.00916840
v -0.00526109 -0.00284407 0.00739918
v -0.00636761 -0.00209660 0.00519165
v -0.00668778 -0.00130489 0.00428991
v -0.00660397 -0.00130432 0.00471109
v -0.00553125 -0.00109278 0.00721021
v -0.00433127 -0.00235407 0.00966010
v -0.00549148 -0.00235294 0.00711906
v -0.00642841 -0.00151472 0.00513093
v -0.00552898 -0.00151245 0.00720622
v -0.00463240 -0.00130262 0.00917006
v -0.00439916 -0.00130262 0.00966010
v -0.00461365 -0.00217146 0.00912980
v -0.00552046 -0.00193213 0.00718427
v -0.00438638 -0.00193213 0.00966010
f 4156 4157 4162
f 4156 4162 4158
f 4156 4158 4176
f 4156 4176 4244
f 4156 4244 4257
f 4156 4257 4281
f 4156 4281 4284
f 4156 4284 4276
f 4156 4276 4245
f 4156 4245 4210
f 4156 4210 4198
f 4156 4198 4181
f 4156 4181 4166
f 4156 4166 4159
f 4156 4159 4160
f 4156 4160 4157
f 4157 4172 4189
f 4157 4189 4192
f 4157 4192 4162
f 4157 4160 4161
f 4158 4162 4163
f 4158 4163 4164
f 4158 4164 4165
f 4159 4166 4167
f 4159 4167 4160
f 4160 4167 4191
f 4160 4191 4168
f 4160 4168 4161
f 4161 4170 4171
f 4161 4171 4172
f 4161 4172 4157
f 4164 4163 4173
f 4164 4173 4174
f 4164 4174 4165
f 4165 4175 4158
f 4158 4175 4176
f 4166 4177 4178
f 4166 4178 4179
f 4166 4179 4180
f 4166 4180 4167
f 4166 4181 4177
f 4161 4182 4169
f 4161 4168 4182
f 4169 4182 4183
f 4169 4183 4184
f 4169 4184 4185
f 4169 4185 4186
f 4169 4186 4187
f 4169 4187 4161
f 4161 4187 4170
f 4170 4187 4188
f 4170 4188 4171
f 4171 4188 4189
f 4171 4189 4172
f 4168 4190 4182
f 4168 4191 4190
f 4162 4192 4163
f 4163 4192 4173
f 4174 4193 4165
f 4165 4193 4194
f 4175 4165 4195
f 4175 4195 4176
f 4177 4196 4178
f 4177 4199 4196
f 4167 4180 4197
f 4167 4197 4191
f 4183 4215 4200
f 4183 4200 4184
f 4184 4201 4185
f 4184 4200 4201
f 4185 4201 4202
f 4185 4202 4186
f 4187 4186 4203
f 4187 4203 4204
f 4187 4204 4205
f 4187 4205 4188
f 4188 4205 4173
f 4188 4173 4189
f 4189 4173 4192
f 4190 4191 4206
f 4190 4206 4207
f 4190 4207 4182
f 4182 4207 4183
f 4173 4205 4174
f 4174 4205 4193
f 4193 4205 4194
f 4194 4195 4165
f 4195 4208 4176
f 4179 4178 4196
f 4179 4209 4180
f 4181 4198 4177
f 4177 4198 4211
f 4177 4211 4199
f 4199 4212 4213
f 4199 4213 4214
f 4199 4214 4196
f 4183 4207 4216
f 4183 4216 4215
f 4200 4215 4233
f 4200 4233 4217
f 4200 4217 4201
f 4201 4218 4202
f 4201 4219 4218
f 4201 4217 4219
f 4202 4218 4220
f 4202 4220 4221
f 4202 4221 4186
f 4186 4221 4203
f 4203 4221 4204
f 4204 4222 4223
f 4204 4223 4205
f 4206 4191 4197
f 4206 4224 4225
f 4206 4225 4226
f 4206 4226 4207
f 4194 4205 4223
f 4194 4223 4227
f 4194 4227 4228
f 4194 4228 4195
f 4208 4195 4228
f 4208 4228 4229
f 4208 4229 4230
f 4208 4230 4176
f 4196 4214 4224
f 4179 4196 4224
f 4179 4224 4209
f 4209 4224 4206
f 4180 4209 4197
f 4210 4211 4198
f 4199 4231 4212
f 4211 4231 4199
f 4213 4212 4214
f 4214 4212 4225
f 4217 4233 4249
f 4220 4218 4234
f 4220 4204 4221
f 4204 4220 4234
f 4204 4234 4222
f 4222 4234 4235
f 4222 4235 4236
f 4222 4236 4227
f 4222 4227 4223
f 4197 4209 4206
f 4225 4212 4237
f 4225 4237 4238
f 4225 4238 4226
f 4225 4224 4214
f 4226 4239 4240
f 4226 4240 4207
f 4207 4240 4216
f 4227 4229 4228
f 4227 4236 4241
f 4227 4241 4229
f 4229 4241 4230
f 4230 4241 4242
f 4230 4242 4243
f 4230 4243 4244
f 4230 4244 4176
f 4210 4245 4246
f 4210 4246 4247
f 4210 4247 4211
f 4211 4247 4231
f 4231 4247 4232
f 4231 4232 4212
f 4232 4248 4212
f 4212 4248 4237
f 4233 4215 4250
f 4233 4250 4249
f 4216 4240 4251
f 4216 4251 4215
f 4215 4251 4250
f 4217 4249 4252
f 4217 4252 4219
f 4218 4219 4234
f 4219 4252 4234
f 4237 4248 4253
f 4226 4238 4239
f 4239 4238 4254
f 4239 4254 4251
f 4239 4251 4240
f 4241 4236 4255
f 4241 4255 4242
f 4243 4242 4257
f 4243 4257 4244
f 4245 4258 4246
f 4246 4258 4247
f 4247 4258 4259
f 4247 4259 4260
f 4247 4260 4232
f 4232 4260 4261
f 4232 4261 4248
f 4248 4261 4253
f 4249 4250 4262
f 4249 4262 4252
f 4252 4262 4263
f 4252 4263 4234
f 4234 4263 4235
f 4235 4263 4236
f 4236 4264 4255
f 4253 4261 4265
f 4253 4265 4266
f 4253 4266 4267
f 4253 4267 4237
f 4237 4267 4254
f 4237 4254 4238
f 4254 4267 4251
f 4251 4267 4250
f 4255 4264 4268
f 4242 4255 4268
f 4242 4268 4256
f 4256 4269 4270
f 4256 4270 4242
f 4242 4270 4257
f 4259 4258 4271
f 4259 4271 4260
f 4261 4260 4272
f 4261 4272 4265
f 4262 4250 4267
f 4262 4267 4273
f 4262 4273 4263
f 4263 4273 4274
f 4263 4274 4264
f 4263 4264 4236
f 4268 4269 4256
f 4245 4276 4258
f 4258 4276 4271
f 4260 4277 4272
f 4267 4266 4273
f 4273 4266 4265
f 4273 4265 4274
f 4264 4274 4268
f 4274 4278 4268
f 4265 4272 4274
f 4268 4278 4269
f 4269 4278 4275
f 4275 4278 4279
f 4275 4280 4269
f 4275 4279 4280
f 4269 4280 4270
f 4270 4280 4281
f 4270 4281 4257
f 4276 4282 4271
f 4271 4282 4277
f 4271 4277 4260
f 4277 4283 4272
f 4272 4283 4278
f 4272 4278 4274
f 4278 4283 4279
f 4279 4283 4280
f 4276 4284 4282
f 4282 4284 4283
f 4282 4283 4277
f 4283 4284 4280
f 4280 4284 4281

o geometry_31
v 0.00511925 0.00193818 0.01221779
v 0.00494242 0.00193818 0.01201750
v 0.00493579 0.00193818 0.01221779
v 0.00504750 -0.00180224 0.01221779
v 0.00493579 0.00193818 0.01201086
v 0.00503401 -0.00180224 0.01220421
v 0.00496709 -0.00180224 0.01213698
v 0.00493579 -0.00180224 0.01210554
v 0.00493579 -0.00180224 0.01221779
f 4285 4286 4289
f 4285 4289 4287
f 4285 4287 4293
f 4285 4293 4288
f 4285 4288 4286
f 4286 4288 4290
f 4286 4290 4291
f 4286 4291 4292
f 4286 4292 4289
f 4287 4289 4292
f 4287 4292 4293
f 4288 4293 4292
f 4288 4292 4291
f 4288 4291 4290

