# https://github.com/mikedh/trimesh

o geometry_0
v 0.00650582 -0.00619806 0.00675294
v 0.00670839 -0.00619522 0.00675294
v 0.00650582 -0.00482542 0.00675294
v 0.00650582 -0.00616098 -0.00142957
v 0.00670839 -0.00616381 -0.00142957
v 0.00703640 -0.00616685 0.00675294
v 0.00703640 -0.00615186 -0.00110177
v 0.00650582 -0.00482765 0.00545770
v 0.00739097 -0.00418307 0.00675294
v 0.00739292 -0.00418307 0.00512991
v 0.00739817 -0.00418389 0.00053810
v 0.00739862 -0.00418409 0.00021030
v 0.00650582 -0.00615733 -0.00163245
v 0.00703640 -0.00614051 -0.00142957
v 0.00733725 -0.00604831 0.00675294
v 0.00734355 -0.00604993 -0.00077397
v 0.00733770 -0.00605014 -0.00110177
v 0.00650582 -0.00482846 0.00500410
v 0.00740672 -0.00418105 0.00675294
v 0.00769226 -0.00412978 0.00086678
v 0.00769226 -0.00412816 0.00021030
v 0.00739607 -0.00418348 0.00250576
v 0.00739892 -0.00418470 -0.00011750
v 0.00650582 -0.00482947 0.00447343
v 0.00650582 -0.00614193 -0.00175736
v 0.00730319 -0.00603393 -0.00142957
v 0.00670839 -0.00612329 -0.00175736
v 0.00702605 -0.00603636 -0.00175914
v 0.00725007 -0.00599603 -0.00165105
v 0.00750125 -0.00592613 0.00675294
v 0.00750755 -0.00593079 -0.00077397
v 0.00750170 -0.00592471 -0.00110177
v 0.00769226 -0.00414478 0.00675294
v 0.00769226 -0.00413627 0.00349004
v 0.00769226 -0.00413302 0.00217885
v 0.00790173 -0.00425744 0.00021030
v 0.00790143 -0.00425785 -0.00011750
v 0.00769226 -0.00412938 -0.00011750
v 0.00740027 -0.00418936 -0.00044529
v 0.00650582 -0.00484548 -0.00175736
v 0.00650582 -0.00484488 -0.00155537
v 0.00650582 -0.00607749 -0.00194164
v 0.00746719 -0.00585480 -0.00142957
v 0.00670839 -0.00601427 -0.00199479
v 0.00690991 -0.00597476 -0.00194430
v 0.00712853 -0.00585439 -0.00186988
v 0.00733710 -0.00574092 -0.00173256
v 0.00752946 -0.00562744 -0.00159524
v 0.00769556 -0.00575551 0.00675294
v 0.00785687 -0.00562562 -0.00011750
v 0.00785672 -0.00562542 -0.00029645
v 0.00764095 -0.00576078 -0.00110177
v 0.00785147 -0.00561995 -0.00051528
v 0.00789048 -0.00427507 0.00675294
v 0.00799326 -0.00447730 0.00021030
v 0.00799296 -0.00447730 -0.00011750
v 0.00789288 -0.00426757 -0.00044529
v 0.00769226 -0.00414376 -0.00044529
v 0.00740177 -0.00420232 -0.00077397
v 0.00650582 -0.00490404 -0.00208959
v 0.00741452 -0.00423211 -0.00110177
v 0.00650582 -0.00603575 -0.00203200
v 0.00757493 -0.00569087 -0.00142957
v 0.00650582 -0.00593828 -0.00213389
v 0.00650582 -0.00584527 -0.00219324
v 0.00669324 -0.00577658 -0.00215426
v 0.00702605 -0.00576260 -0.00198062
v 0.00720565 -0.00563575 -0.00192569
v 0.00753816 -0.00546108 -0.00160587
v 0.00764305 -0.00546108 -0.00142957
v 0.00787847 -0.00536362 -0.00099369
v 0.00779685 -0.00546817 -0.00110266
v 0.00771447 -0.00573869 0.00675294
v 0.00794120 -0.00546108 -0.00011750
v 0.00784952 -0.00561711 0.00675294
v 0.00791944 -0.00549067 -0.00042137
v 0.00783751 -0.00558915 -0.00077397
v 0.00796775 -0.00446656 0.00675294
v 0.00798921 -0.00447730 0.00152237
v 0.00803843 -0.00480516 0.00021030
v 0.00803858 -0.00480516 -0.00011750
v 0.00803603 -0.00480516 0.00217885
v 0.00803693 -0.00480516 0.00185017
v 0.00803738 -0.00480516 0.00152237
v 0.00802552 -0.00480516 -0.00044529
v 0.00797751 -0.00447730 -0.00044529
v 0.00787562 -0.00428865 -0.00067918
v 0.00771627 -0.00420982 -0.00078283
v 0.00763510 -0.00423211 -0.00110177
v 0.00650582 -0.00495673 -0.00226146
v 0.00746074 -0.00427325 -0.00133389
v 0.00650582 -0.00568276 -0.00227032
v 0.00657365 -0.00565885 -0.00226146
v 0.00676121 -0.00546108 -0.00219413
v 0.00703640 -0.00546108 -0.00204086
v 0.00721331 -0.00546108 -0.00193189
v 0.00737716 -0.00546108 -0.00176977
v 0.00766345 -0.00513322 -0.00142957
v 0.00781125 -0.00513322 -0.00118505
v 0.00754446 -0.00513322 -0.00161384
v 0.00796550 -0.00513322 -0.00077397
v 0.00790848 -0.00542522 -0.00077397
v 0.00789093 -0.00513322 -0.00102115
v 0.00801937 -0.00513322 -0.00044529
v 0.00803138 -0.00513322 -0.00011750
v 0.00791764 -0.00548195 0.00675294
v 0.00797196 -0.00447730 0.00675294
v 0.00801967 -0.00480516 0.00675294
v 0.00801172 -0.00511600 0.00675294
v 0.00796925 -0.00480516 -0.00077397
v 0.00791254 -0.00446433 -0.00078283
v 0.00784156 -0.00434640 -0.00089801
v 0.00757628 -0.00427325 -0.00133389
v 0.00719350 -0.00463981 -0.00192303
v 0.00720205 -0.00463981 -0.00192303
v 0.00657305 -0.00495754 -0.00225969
v 0.00650582 -0.00513322 -0.00228627
v 0.00650582 -0.00558935 -0.00228627
v 0.00650582 -0.00546108 -0.00229778
v 0.00659720 -0.00546108 -0.00227121
v 0.00676076 -0.00513322 -0.00219413
v 0.00703640 -0.00513322 -0.00204529
v 0.00721886 -0.00513322 -0.00193632
v 0.00738271 -0.00513322 -0.00177774
v 0.00766616 -0.00480516 -0.00142957
v 0.00781470 -0.00480516 -0.00118239
v 0.00754372 -0.00480516 -0.00161296
v 0.00789123 -0.00480516 -0.00101849
v 0.00801112 -0.00513322 0.00675294
v 0.00787877 -0.00456524 -0.00099014
v 0.00779490 -0.00446433 -0.00110088
v 0.00761364 -0.00449169 -0.00143754
v 0.00753936 -0.00461063 -0.00160675
v 0.00721121 -0.00480516 -0.00193012
v 0.00659675 -0.00513322 -0.00226943
v 0.00737506 -0.00480516 -0.00177685
f 1 2 6
f 1 6 15
f 1 15 30
f 1 30 49
f 1 49 73
f 1 73 75
f 1 75 106
f 1 106 129
f 1 129 109
f 1 109 108
f 1 108 107
f 1 107 78
f 1 78 54
f 1 54 33
f 1 33 19
f 1 19 9
f 1 9 3
f 1 3 8
f 1 8 18
f 1 18 24
f 1 24 41
f 1 41 40
f 1 40 60
f 1 60 90
f 1 90 117
f 1 117 119
f 1 119 118
f 1 118 92
f 1 92 65
f 1 65 64
f 1 64 62
f 1 62 42
f 1 42 25
f 1 25 13
f 1 13 4
f 1 4 5
f 1 5 2
f 2 5 7
f 2 7 6
f 3 9 10
f 3 10 11
f 3 11 12
f 3 12 8
f 4 13 5
f 5 13 14
f 5 14 7
f 6 7 16
f 6 16 15
f 7 14 17
f 7 17 16
f 8 12 18
f 9 19 20
f 9 20 21
f 9 21 10
f 10 22 11
f 10 21 22
f 11 21 12
f 11 22 21
f 12 21 23
f 12 23 24
f 12 24 18
f 13 25 14
f 14 26 17
f 14 25 27
f 14 27 28
f 14 28 29
f 14 29 26
f 15 16 31
f 15 31 30
f 16 17 31
f 17 26 32
f 17 32 31
f 19 33 34
f 19 34 35
f 19 35 20
f 20 35 36
f 20 36 21
f 21 36 37
f 21 37 38
f 21 38 23
f 23 38 39
f 23 39 40
f 23 40 41
f 23 41 24
f 25 42 27
f 26 43 32
f 26 29 43
f 27 42 44
f 27 44 28
f 28 44 45
f 28 45 29
f 29 45 46
f 29 46 47
f 29 47 48
f 29 48 43
f 30 31 50
f 30 50 49
f 31 32 51
f 31 51 50
f 32 43 52
f 32 52 53
f 32 53 51
f 33 54 36
f 33 36 34
f 34 36 35
f 36 55 56
f 36 56 37
f 36 54 55
f 37 56 57
f 37 57 58
f 37 58 38
f 38 58 59
f 38 59 39
f 39 59 40
f 40 59 61
f 40 61 60
f 42 62 44
f 43 48 63
f 43 63 52
f 44 62 64
f 44 64 45
f 45 64 65
f 45 65 66
f 45 66 67
f 45 67 46
f 46 67 68
f 46 68 47
f 47 68 48
f 48 69 70
f 48 70 71
f 48 71 72
f 48 72 63
f 48 68 69
f 49 50 73
f 50 51 74
f 50 74 75
f 50 75 73
f 51 76 74
f 51 53 76
f 52 63 77
f 52 77 53
f 53 77 76
f 54 78 79
f 54 79 55
f 55 80 81
f 55 81 56
f 55 79 82
f 55 82 83
f 55 83 84
f 55 84 80
f 56 81 85
f 56 85 86
f 56 86 57
f 57 86 87
f 57 87 58
f 58 87 88
f 58 88 89
f 58 89 61
f 58 61 59
f 60 61 91
f 60 91 90
f 61 89 113
f 61 113 91
f 63 72 77
f 65 92 93
f 65 93 66
f 66 93 67
f 67 93 68
f 68 93 94
f 68 94 95
f 68 95 96
f 68 96 97
f 68 97 69
f 69 98 99
f 69 99 70
f 69 97 100
f 69 100 98
f 70 99 71
f 71 101 102
f 71 102 77
f 71 77 72
f 71 99 103
f 71 103 101
f 74 76 104
f 74 104 105
f 74 105 106
f 74 106 75
f 76 77 102
f 76 102 104
f 78 107 79
f 79 107 82
f 80 84 105
f 80 105 81
f 81 105 104
f 81 104 85
f 82 105 83
f 82 107 108
f 82 108 109
f 82 109 105
f 83 105 84
f 85 104 101
f 85 101 110
f 85 110 86
f 86 110 111
f 86 111 87
f 87 111 112
f 87 112 89
f 87 89 88
f 89 112 113
f 90 114 115
f 90 115 116
f 90 116 117
f 90 91 114
f 91 113 115
f 91 115 114
f 92 118 93
f 93 118 119
f 93 119 120
f 93 120 94
f 94 120 121
f 94 121 122
f 94 122 95
f 95 122 123
f 95 123 96
f 96 123 124
f 96 124 97
f 97 124 100
f 98 100 125
f 98 125 99
f 99 126 103
f 99 125 126
f 100 124 127
f 100 127 125
f 101 104 102
f 101 103 110
f 103 126 128
f 103 128 110
f 105 109 129
f 105 129 106
f 110 128 130
f 110 130 111
f 111 130 112
f 112 130 131
f 112 131 113
f 113 131 132
f 113 132 133
f 113 133 115
f 115 133 134
f 115 134 121
f 115 121 116
f 116 121 135
f 116 135 117
f 117 135 119
f 119 135 120
f 120 135 121
f 121 134 122
f 122 134 123
f 123 134 136
f 123 136 124
f 124 136 127
f 125 127 133
f 125 133 126
f 126 133 132
f 126 132 130
f 126 130 128
f 127 136 133
f 130 132 131
f 133 136 134

o geometry_1
v 0.00769223 0.00403279 0.00021071
v 0.00740924 0.00408736 0.00053862
v 0.00740959 0.00408756 0.00021071
v 0.00740995 0.00408797 -0.00011720
v 0.00769223 0.00403381 -0.00011720
v 0.00790049 0.00416099 -0.00011720
v 0.00790084 0.00416059 0.00021071
v 0.00769223 0.00404841 0.00676708
v 0.00739596 0.00408553 0.00676708
v 0.00622910 0.00482026 -0.00158072
v 0.00622910 0.00482086 -0.00175763
v 0.00622910 0.00482208 -0.00190863
v 0.00741048 0.00409162 -0.00044511
v 0.00741119 0.00410379 -0.00077391
v 0.00769223 0.00404679 -0.00044511
v 0.00799151 0.00437906 -0.00011720
v 0.00789199 0.00417053 -0.00044511
v 0.00799187 0.00437906 0.00021071
v 0.00788969 0.00417803 0.00676708
v 0.00788792 0.00417682 0.00676708
v 0.00622910 0.00480991 0.00676708
v 0.00622910 0.00480991 0.00661876
v 0.00622910 0.00484013 -0.00216417
v 0.00742110 0.00413341 -0.00110182
v 0.00763450 0.00413341 -0.00110182
v 0.00771578 0.00411170 -0.00078106
v 0.00787499 0.00419102 -0.00067741
v 0.00797611 0.00437906 -0.00044511
v 0.00802498 0.00470707 -0.00044511
v 0.00803827 0.00470707 -0.00011720
v 0.00803738 0.00470707 0.00119443
v 0.00803685 0.00470707 0.00152234
v 0.00803597 0.00470707 0.00185025
v 0.00798904 0.00437906 0.00119443
v 0.00797062 0.00437906 0.00676708
v 0.00798797 0.00437906 0.00152234
v 0.00622910 0.00610490 0.00676708
v 0.00622910 0.00486123 -0.00226066
v 0.00746307 0.00417438 -0.00133502
v 0.00757606 0.00417438 -0.00133502
v 0.00784081 0.00425025 -0.00089631
v 0.00791147 0.00436750 -0.00078106
v 0.00796796 0.00470707 -0.00077391
v 0.00796389 0.00503507 -0.00077391
v 0.00801843 0.00503507 -0.00044511
v 0.00803225 0.00503507 -0.00011720
v 0.00803207 0.00503507 0.00021071
v 0.00802782 0.00503507 0.00152234
v 0.00801826 0.00471011 0.00676708
v 0.00801826 0.00470707 0.00676708
v 0.00797115 0.00438210 0.00676708
v 0.00670849 0.00606595 -0.00142972
v 0.00622910 0.00605946 -0.00175763
v 0.00638353 0.00610490 0.00676708
v 0.00622910 0.00493933 -0.00229461
v 0.00638052 0.00485758 -0.00226334
v 0.00719974 0.00454296 -0.00192203
v 0.00720045 0.00454296 -0.00192203
v 0.00753728 0.00451639 -0.00160395
v 0.00761201 0.00439589 -0.00143866
v 0.00779423 0.00436750 -0.00110003
v 0.00787818 0.00446892 -0.00098924
v 0.00789022 0.00470707 -0.00101783
v 0.00788951 0.00503507 -0.00101872
v 0.00787729 0.00526368 -0.00099102
v 0.00790722 0.00532515 -0.00077391
v 0.00791838 0.00539209 -0.00041294
v 0.00794157 0.00536288 -0.00011720
v 0.00794051 0.00536186 0.00053862
v 0.00791483 0.00538560 0.00676708
v 0.00800657 0.00503791 0.00676708
v 0.00800728 0.00503507 0.00676708
v 0.00703646 0.00605378 -0.00110182
v 0.00703646 0.00604263 -0.00142972
v 0.00638052 0.00605541 -0.00175763
v 0.00670849 0.00609983 0.00676708
v 0.00622910 0.00594911 -0.00208465
v 0.00622910 0.00503507 -0.00231963
v 0.00657213 0.00486001 -0.00225888
v 0.00676002 0.00503507 -0.00219544
v 0.00703646 0.00503507 -0.00204533
v 0.00720895 0.00470707 -0.00192829
v 0.00737294 0.00470707 -0.00177550
v 0.00754330 0.00470707 -0.00161110
v 0.00766584 0.00470707 -0.00142972
v 0.00781495 0.00470707 -0.00118134
v 0.00781106 0.00503507 -0.00118312
v 0.00764300 0.00536288 -0.00142972
v 0.00753108 0.00553307 -0.00159770
v 0.00779547 0.00536896 -0.00110092
v 0.00783674 0.00548905 -0.00077391
v 0.00785639 0.00552698 -0.00028160
v 0.00785090 0.00552110 -0.00050050
v 0.00785639 0.00552698 0.00005792
v 0.00792440 0.00539554 0.00018480
v 0.00790067 0.00541298 0.00676708
v 0.00734212 0.00595175 -0.00077391
v 0.00733699 0.00595195 -0.00110182
v 0.00671150 0.00609963 0.00676708
v 0.00703646 0.00606940 0.00676708
v 0.00730334 0.00593593 -0.00142972
v 0.00725021 0.00589820 -0.00165131
v 0.00702566 0.00593856 -0.00175942
v 0.00670849 0.00602538 -0.00175763
v 0.00638052 0.00595094 -0.00205606
v 0.00622910 0.00583633 -0.00223922
v 0.00638052 0.00503507 -0.00230891
v 0.00622910 0.00518620 -0.00234733
v 0.00659604 0.00503507 -0.00226870
v 0.00659674 0.00536288 -0.00227049
v 0.00676073 0.00536288 -0.00219454
v 0.00703646 0.00536288 -0.00203997
v 0.00721727 0.00503507 -0.00193543
v 0.00738126 0.00503507 -0.00177908
v 0.00754578 0.00503507 -0.00161467
v 0.00766460 0.00503507 -0.00142972
v 0.00753958 0.00536288 -0.00160753
v 0.00746732 0.00575884 -0.00142972
v 0.00757553 0.00559494 -0.00142972
v 0.00737630 0.00536288 -0.00177193
v 0.00720488 0.00553631 -0.00192561
v 0.00733699 0.00564403 -0.00173351
v 0.00763999 0.00566147 -0.00110182
v 0.00750097 0.00582558 -0.00110182
v 0.00750611 0.00583146 -0.00077391
v 0.00749938 0.00582862 0.00676708
v 0.00771649 0.00563916 0.00676708
v 0.00774394 0.00561380 0.00676708
v 0.00784577 0.00551420 0.00668756
v 0.00703912 0.00606839 0.00676708
v 0.00733681 0.00594972 0.00676708
v 0.00712784 0.00575499 -0.00186932
v 0.00690913 0.00587670 -0.00194437
v 0.00670849 0.00591605 -0.00199440
v 0.00638052 0.00579292 -0.00221956
v 0.00622910 0.00580144 -0.00225441
v 0.00638052 0.00536288 -0.00233303
v 0.00622910 0.00536288 -0.00235984
v 0.00657319 0.00556025 -0.00226066
v 0.00721231 0.00536288 -0.00193097
v 0.00702566 0.00566370 -0.00198011
v 0.00669290 0.00567811 -0.00215344
v 0.00638052 0.00562881 -0.00228747
v 0.00622910 0.00567283 -0.00229819
f 137 138 139
f 137 139 140
f 137 140 141
f 137 141 142
f 137 142 143
f 137 143 144
f 137 144 145
f 137 145 138
f 138 145 139
f 139 145 146
f 139 146 140
f 140 146 147
f 140 147 148
f 140 148 149
f 140 149 141
f 141 149 150
f 141 150 151
f 141 151 142
f 142 152 143
f 142 151 153
f 142 153 152
f 143 152 154
f 143 154 155
f 143 155 156
f 143 156 144
f 144 156 155
f 144 155 171
f 144 171 187
f 144 187 186
f 144 186 185
f 144 185 208
f 144 208 207
f 144 207 206
f 144 206 232
f 144 232 264
f 144 264 263
f 144 263 262
f 144 262 267
f 144 267 266
f 144 266 236
f 144 236 235
f 144 235 212
f 144 212 190
f 144 190 173
f 144 173 157
f 144 157 145
f 145 157 158
f 145 158 146
f 146 158 157
f 146 157 173
f 146 173 189
f 146 189 213
f 146 213 242
f 146 242 272
f 146 272 280
f 146 280 274
f 146 274 244
f 146 244 214
f 146 214 191
f 146 191 174
f 146 174 159
f 146 159 148
f 146 148 147
f 148 159 150
f 148 150 149
f 150 159 160
f 150 160 151
f 151 160 161
f 151 161 162
f 151 162 163
f 151 163 153
f 152 153 164
f 152 164 165
f 152 165 166
f 152 166 154
f 153 163 164
f 154 167 168
f 154 168 169
f 154 169 170
f 154 170 155
f 154 166 167
f 155 170 172
f 155 172 171
f 159 174 160
f 160 174 175
f 160 175 176
f 160 176 161
f 161 176 163
f 161 163 162
f 163 176 177
f 163 177 178
f 163 178 164
f 164 178 179
f 164 179 165
f 165 179 180
f 165 180 181
f 165 181 182
f 165 182 166
f 166 182 183
f 166 183 167
f 167 183 168
f 168 183 169
f 169 172 170
f 169 183 184
f 169 184 185
f 169 185 186
f 169 186 187
f 169 187 172
f 171 172 187
f 173 188 189
f 173 190 188
f 174 191 192
f 174 192 193
f 174 193 175
f 175 193 194
f 175 194 176
f 176 194 195
f 176 195 196
f 176 196 197
f 176 197 177
f 177 197 198
f 177 198 178
f 178 198 179
f 179 198 199
f 179 199 200
f 179 200 180
f 180 200 201
f 180 201 202
f 180 202 181
f 181 203 204
f 181 204 182
f 181 202 203
f 182 204 183
f 183 205 206
f 183 206 184
f 183 204 205
f 184 206 207
f 184 207 208
f 184 208 185
f 188 209 210
f 188 210 211
f 188 211 189
f 188 190 212
f 188 212 209
f 189 211 213
f 191 214 215
f 191 215 192
f 192 215 194
f 192 194 193
f 194 215 216
f 194 216 217
f 194 217 218
f 194 218 219
f 194 219 195
f 195 220 221
f 195 221 222
f 195 222 196
f 195 219 220
f 196 222 198
f 196 198 197
f 198 222 199
f 199 222 200
f 200 222 223
f 200 223 201
f 201 223 224
f 201 224 225
f 201 225 226
f 201 226 227
f 201 227 202
f 202 227 203
f 203 228 204
f 203 227 229
f 203 229 228
f 204 230 231
f 204 231 206
f 204 206 205
f 204 228 230
f 206 231 232
f 209 233 234
f 209 234 210
f 209 212 235
f 209 235 236
f 209 236 233
f 210 234 237
f 210 237 238
f 210 238 239
f 210 239 240
f 210 240 211
f 211 240 241
f 211 241 213
f 213 241 242
f 214 243 215
f 214 244 243
f 215 243 245
f 215 245 216
f 216 245 246
f 216 246 247
f 216 247 217
f 217 247 248
f 217 248 249
f 217 249 218
f 218 249 219
f 219 249 250
f 219 250 220
f 220 251 221
f 220 250 251
f 221 251 252
f 221 252 222
f 222 252 223
f 223 252 253
f 223 253 224
f 224 253 225
f 225 254 255
f 225 255 226
f 225 253 256
f 225 256 257
f 225 257 258
f 225 258 238
f 225 238 254
f 226 255 227
f 227 255 259
f 227 259 260
f 227 260 229
f 228 229 260
f 228 260 261
f 228 261 230
f 230 261 262
f 230 262 263
f 230 263 264
f 230 264 265
f 230 265 232
f 230 232 231
f 232 265 264
f 233 261 234
f 233 236 266
f 233 266 267
f 233 267 261
f 234 261 260
f 234 260 237
f 237 260 254
f 237 254 238
f 238 258 268
f 238 268 269
f 238 269 239
f 239 269 270
f 239 270 240
f 240 270 241
f 241 270 242
f 242 271 272
f 242 270 271
f 243 244 273
f 243 273 245
f 244 274 273
f 245 273 246
f 246 275 247
f 246 273 275
f 247 275 257
f 247 257 248
f 248 257 276
f 248 276 249
f 249 276 250
f 250 276 256
f 250 256 251
f 251 253 252
f 251 256 253
f 254 260 259
f 254 259 255
f 256 276 257
f 257 268 258
f 257 275 277
f 257 277 268
f 261 267 262
f 268 277 269
f 269 277 278
f 269 278 271
f 269 271 270
f 271 275 279
f 271 279 272
f 271 278 275
f 272 279 280
f 273 274 279
f 273 279 275
f 274 280 279
f 275 278 277

o geometry_2
v -0.00400079 -0.00373459 0.01198068
v -0.00405365 -0.00349305 0.01198068
v -0.00365461 -0.00373459 0.01198068
v -0.00421090 -0.00373459 0.03029712
v -0.00408892 -0.00320217 0.01198068
v -0.00376482 -0.00152574 0.01198068
v -0.00376783 0.00033055 0.01267591
v -0.00365132 -0.00373459 0.01358577
v -0.00421090 -0.00373459 0.03071903
v -0.00421090 -0.00349305 0.03029162
v -0.00420608 -0.00157508 0.01198068
v -0.00409341 -0.00316477 0.01198068
v -0.00384468 -0.00119149 0.01198068
v -0.00385963 0.00033055 0.01240809
v -0.00382814 0.00033055 0.01249614
v -0.00377134 0.00033055 0.02218542
v -0.00365319 -0.00373459 0.02015842
v -0.00411571 -0.00373459 0.03071903
v -0.00411571 -0.00349305 0.03072087
v -0.00421090 -0.00349305 0.03071903
v -0.00421090 -0.00317591 0.03028979
v -0.00420608 -0.00100288 0.01198068
v -0.00421090 -0.00283688 0.03028795
v -0.00411571 -0.00100526 0.01198068
v -0.00411571 0.00033055 0.01230904
v -0.00402779 0.00033055 0.01234022
v -0.00377139 0.00033055 0.02229732
v -0.00377155 0.00033055 0.02251378
v -0.00365324 -0.00373459 0.02021895
v -0.00379100 -0.00373459 0.03063282
v -0.00411571 0.00033055 0.03071720
v -0.00421090 0.00033055 0.03071720
v -0.00421090 0.00033055 0.03028795
v -0.00420608 0.00033055 0.01231087
v -0.00377166 0.00033055 0.02262568
v -0.00377199 0.00033055 0.02284214
v -0.00366896 -0.00373459 0.03038334
v -0.00387141 0.00033055 0.03063282
v -0.00377298 0.00033055 0.02328239
v -0.00377347 0.00033055 0.02349885
v -0.00378848 0.00033055 0.03005682
v -0.00378990 0.00033055 0.03038517
f 281 282 285
f 281 285 292
f 281 292 291
f 281 291 302
f 281 302 304
f 281 304 293
f 281 293 286
f 281 286 283
f 281 283 288
f 281 288 297
f 281 297 309
f 281 309 317
f 281 317 310
f 281 310 298
f 281 298 289
f 281 289 284
f 281 284 282
f 282 284 285
f 283 286 287
f 283 287 288
f 284 289 300
f 284 300 312
f 284 312 313
f 284 313 303
f 284 303 301
f 284 301 290
f 284 290 291
f 284 291 292
f 284 292 285
f 286 293 294
f 286 294 295
f 286 295 287
f 287 295 294
f 287 294 306
f 287 306 305
f 287 305 314
f 287 314 313
f 287 313 312
f 287 312 311
f 287 311 318
f 287 318 322
f 287 322 321
f 287 321 320
f 287 320 319
f 287 319 316
f 287 316 315
f 287 315 308
f 287 308 307
f 287 307 296
f 287 296 297
f 287 297 288
f 289 298 299
f 289 299 300
f 290 301 291
f 291 301 303
f 291 303 313
f 291 313 302
f 293 304 305
f 293 305 306
f 293 306 294
f 296 307 297
f 297 307 308
f 297 308 309
f 298 310 299
f 299 310 311
f 299 311 312
f 299 312 300
f 302 313 314
f 302 314 305
f 302 305 304
f 308 315 309
f 309 315 316
f 309 316 317
f 310 317 318
f 310 318 311
f 316 319 317
f 317 319 320
f 317 320 321
f 317 321 322
f 317 322 318

o geometry_3
v 0.00924331 0.00290460 0.00822111
v 0.00965858 0.00290460 0.00821843
v 0.00769285 0.00404864 0.00676887
v 0.00933219 0.00347335 0.00750615
v 0.00958222 0.00350697 0.00754006
v 0.00780000 0.00290460 0.00851834
v 0.00739602 0.00408600 0.00676708
v 0.00789033 0.00417845 0.00676887
v 0.00950627 0.00387633 0.00725801
v 0.01008146 0.00290460 0.00842909
v 0.00980064 0.00358916 0.00761147
v 0.00622963 0.00481024 0.00676708
v 0.00799502 0.00454361 0.00676887
v 0.00953378 0.00405144 0.00724194
v 0.00985647 0.00380769 0.00755078
v 0.01025553 0.00290460 0.00862010
v 0.00771912 0.00290460 0.00873971
v 0.00622963 0.00610464 0.00676708
v 0.00769531 0.00290460 0.00906818
v 0.00766616 0.00290460 0.02152697
v 0.00733731 0.00594961 0.00676708
v 0.00952803 0.00437971 0.00724551
v 0.00986879 0.00405144 0.00753114
v 0.00622963 0.00479273 0.01629549
v 0.00622963 0.00724867 0.00722052
v 0.00790819 0.00539884 0.00676887
v 0.00949888 0.00454828 0.00726158
v 0.00985114 0.00428679 0.00755078
v 0.00996814 0.00405144 0.00775607
v 0.01041113 0.00290460 0.00907175
v 0.00767971 0.00290460 0.02185722
v 0.00622963 0.00480627 0.02333357
v 0.00703637 0.00606915 0.00676708
v 0.00648356 0.00720805 0.00723926
v 0.00774458 0.00561340 0.00676887
v 0.00723262 0.00685550 0.00725086
v 0.00745391 0.00678499 0.00730531
v 0.00818223 0.00618028 0.00726515
v 0.00913841 0.00515765 0.00728300
v 0.00952474 0.00491671 0.00754720
v 0.00980844 0.00450579 0.00769359
v 0.01003424 0.00405144 0.00808454
v 0.00778276 0.00290460 0.02218570
v 0.00622963 0.00487328 0.02463407
v 0.00659297 0.00726291 0.00733120
v 0.00850985 0.00585155 0.00726515
v 0.00851971 0.00619056 0.00758112
v 0.00923571 0.00528840 0.00750436
v 0.00916243 0.00552048 0.00777839
v 0.00949785 0.00503905 0.00775607
v 0.00982527 0.00454501 0.00791317
v 0.01020011 0.00369049 0.00906818
v 0.01029659 0.00339537 0.00906818
v 0.01042242 0.00290460 0.00932435
v 0.00787431 0.00290460 0.02233208
v 0.00622963 0.00755406 0.00750615
v 0.00654699 0.00749569 0.00758826
v 0.00720018 0.00716649 0.00759183
v 0.00759267 0.00688678 0.00752400
v 0.00818469 0.00651042 0.00775518
v 0.00950996 0.00505679 0.00808454
v 0.01013934 0.00385392 0.00939487
v 0.00984703 0.00442617 0.02120028
v 0.01002275 0.00405144 0.02120028
v 0.01022412 0.00352448 0.02021664
v 0.01036063 0.00306757 0.02087180
v 0.00802170 0.00290460 0.02241956
v 0.00623045 0.00515765 0.02498754
v 0.00834809 0.00290460 0.02251774
v 0.00764235 0.00692321 0.00775607
v 0.00855091 0.00622231 0.00808454
v 0.00917700 0.00553775 0.00808454
v 0.00949662 0.00503648 0.02136362
v 0.00965797 0.00476927 0.02136362
v 0.00983636 0.00440446 0.02152697
v 0.01012539 0.00381049 0.02087180
v 0.01017958 0.00363912 0.02120028
v 0.01039799 0.00290460 0.02087180
v 0.01037131 0.00290460 0.02120028
v 0.00867654 0.00290460 0.02253024
v 0.00622963 0.00767126 0.00808276
v 0.00659420 0.00751950 0.00808276
v 0.00732643 0.00714431 0.00808276
v 0.00766001 0.00693535 0.00808454
v 0.00820522 0.00652630 0.00808454
v 0.00819373 0.00651789 0.02218570
v 0.00853736 0.00620737 0.02218570
v 0.00885636 0.00587163 0.02185722
v 0.00949518 0.00486768 0.02201789
v 0.00984457 0.00427091 0.02172512
v 0.01016808 0.00360690 0.02140022
v 0.00900416 0.00290460 0.02244991
v 0.00638072 0.00761827 0.00988758
v 0.00741306 0.00709971 0.00956000
v 0.00766329 0.00693628 0.01005182
v 0.00818880 0.00651415 0.02269090
v 0.00884117 0.00585575 0.02234993
v 0.00915771 0.00551114 0.02185722
v 0.00916099 0.00551721 0.02152697
v 0.01024732 0.00290460 0.02149483
v 0.01011430 0.00306757 0.02165371
v 0.00622963 0.00536265 0.02500450
v 0.00918398 0.00290460 0.02236065
v 0.01011758 0.00290460 0.02165907
v 0.00660816 0.00752324 0.01037850
v 0.00690356 0.00737662 0.01005182
v 0.00781376 0.00680787 0.02218480
v 0.00764522 0.00692274 0.02284086
v 0.00954897 0.00437971 0.02206788
v 0.00872745 0.00582026 0.02257576
v 0.00916263 0.00515672 0.02234101
v 0.00622963 0.00601872 0.02500093
v 0.00622963 0.00765539 0.02382628
v 0.00675761 0.00743732 0.02349781
v 0.00739766 0.00708664 0.02284086
v 0.00720142 0.00716742 0.02366383
v 0.00833085 0.00631663 0.02277392
v 0.00804572 0.00638854 0.02319700
v 0.00720922 0.00685410 0.02399766
v 0.00688406 0.00686997 0.02432792
v 0.00622963 0.00620083 0.02498665
v 0.00713429 0.00723887 0.02316933
v 0.00638072 0.00760636 0.02349781
v 0.00692799 0.00721925 0.02406014
v 0.00683684 0.00708851 0.02427972
v 0.00661843 0.00723513 0.02437076
v 0.00622963 0.00733553 0.02445288
v 0.00622963 0.00751437 0.02434041
v 0.00656793 0.00750690 0.02402265
f 323 324 332
f 323 332 338
f 323 338 352
f 323 352 376
f 323 376 400
f 323 400 401
f 323 401 422
f 323 422 426
f 323 426 425
f 323 425 414
f 323 414 402
f 323 402 391
f 323 391 389
f 323 389 377
f 323 377 365
f 323 365 353
f 323 353 342
f 323 342 341
f 323 341 339
f 323 339 328
f 323 325 326
f 323 326 324
f 324 326 327
f 323 328 329
f 323 329 325
f 325 329 330
f 325 330 331
f 325 331 326
f 324 327 332
f 327 326 331
f 327 331 333
f 327 333 332
f 329 334 340
f 329 340 355
f 329 355 343
f 329 335 330
f 329 328 334
f 331 336 337
f 331 337 333
f 331 330 336
f 333 337 338
f 333 338 332
f 328 339 334
f 334 346 354
f 334 354 366
f 334 366 390
f 334 390 424
f 334 424 434
f 334 434 443
f 334 443 449
f 334 449 450
f 334 450 435
f 334 435 403
f 334 403 378
f 334 378 347
f 334 347 340
f 334 339 341
f 334 341 342
f 329 343 335
f 335 336 330
f 336 335 344
f 336 344 345
f 336 345 337
f 337 345 338
f 334 342 346
f 343 348 335
f 344 335 348
f 344 348 349
f 344 349 350
f 344 350 345
f 345 350 351
f 345 351 338
f 338 351 352
f 342 353 354
f 342 354 346
f 340 347 355
f 347 356 355
f 343 357 348
f 343 355 356
f 343 356 358
f 343 358 359
f 343 359 360
f 348 357 361
f 348 361 349
f 349 362 350
f 350 362 363
f 350 363 351
f 351 363 364
f 351 364 352
f 353 365 366
f 353 366 354
f 347 367 356
f 343 360 357
f 357 360 368
f 357 368 361
f 356 367 358
f 358 367 359
f 360 369 368
f 361 368 370
f 361 370 362
f 361 362 349
f 362 370 371
f 362 371 372
f 362 372 363
f 363 372 373
f 363 373 364
f 364 373 374
f 364 374 375
f 364 375 352
f 365 377 366
f 347 378 367
f 367 378 379
f 368 369 370
f 367 379 380
f 367 380 359
f 359 381 360
f 360 381 369
f 369 381 382
f 370 369 371
f 372 371 383
f 372 383 373
f 373 384 374
f 373 385 386
f 373 386 384
f 375 374 387
f 375 387 388
f 375 388 376
f 375 376 352
f 377 389 366
f 366 389 391
f 366 391 390
f 359 380 381
f 381 380 392
f 381 392 382
f 369 382 393
f 369 393 371
f 371 393 394
f 371 394 383
f 373 395 396
f 373 396 385
f 385 397 386
f 386 398 384
f 374 384 398
f 374 398 387
f 387 398 399
f 388 387 399
f 388 399 401
f 388 401 400
f 388 400 376
f 391 402 390
f 378 403 379
f 379 403 404
f 379 404 380
f 392 405 406
f 392 406 382
f 392 380 405
f 382 406 407
f 382 407 393
f 393 407 408
f 393 408 409
f 393 409 410
f 393 410 394
f 373 383 395
f 385 396 397
f 397 396 411
f 397 411 412
f 397 413 386
f 386 413 399
f 386 399 398
f 399 413 401
f 390 402 414
f 380 404 405
f 404 403 415
f 405 416 406
f 406 417 407
f 407 417 408
f 408 418 409
f 410 409 419
f 410 419 420
f 410 420 421
f 410 421 394
f 394 421 395
f 394 395 383
f 395 421 420
f 395 420 396
f 396 420 411
f 412 413 397
f 401 413 422
f 413 412 423
f 413 423 422
f 390 414 425
f 390 425 426
f 390 426 424
f 404 427 428
f 404 415 427
f 404 428 405
f 416 417 406
f 408 429 418
f 408 417 429
f 418 429 430
f 409 418 419
f 420 419 411
f 411 431 412
f 411 419 432
f 411 432 433
f 411 433 431
f 412 431 423
f 422 423 426
f 424 426 434
f 426 423 434
f 405 428 416
f 403 435 415
f 428 427 436
f 417 416 437
f 429 417 430
f 430 438 418
f 418 438 439
f 418 439 419
f 419 439 432
f 433 432 440
f 433 440 441
f 433 441 442
f 423 431 442
f 423 442 443
f 423 443 434
f 428 436 444
f 428 444 416
f 435 445 415
f 415 445 427
f 416 444 437
f 417 437 430
f 438 440 439
f 438 446 440
f 439 440 432
f 431 433 442
f 441 446 447
f 441 447 442
f 441 440 446
f 442 447 443
f 443 447 448
f 443 448 449
f 435 450 451
f 435 436 445
f 435 451 436
f 445 436 427
f 437 444 430
f 430 444 438
f 438 444 451
f 446 448 447
f 446 438 451
f 448 450 449
f 448 446 450
f 451 450 446
f 436 451 444

o geometry_4
v 0.00650593 -0.00765020 0.02366099
v 0.00668907 -0.00758169 0.01021476
v 0.00650593 -0.00765658 0.00808279
v 0.00667590 -0.00757602 0.02349563
v 0.00740710 -0.00719733 0.00808279
v 0.00724703 -0.00728993 0.01037836
v 0.00650593 -0.00760319 0.00757442
v 0.00720090 -0.00726489 0.00759025
v 0.00741098 -0.00719780 0.01037836
v 0.00723268 -0.00728332 0.02317021
v 0.00720206 -0.00726631 0.02366450
v 0.00656795 -0.00760508 0.02402159
v 0.00765904 -0.00703338 0.00808455
v 0.00766176 -0.00703432 0.01005293
v 0.00764277 -0.00702109 0.00775560
v 0.00650593 -0.00753798 0.02422916
v 0.00723307 -0.00695353 0.00725075
v 0.00745168 -0.00688455 0.00730528
v 0.00759354 -0.00698518 0.00752341
v 0.00818502 -0.00660886 0.00775209
v 0.00773327 -0.00696463 0.02185619
v 0.00772862 -0.00696109 0.02283951
v 0.00692919 -0.00731781 0.02406029
v 0.00650593 -0.00730174 0.00724372
v 0.00852146 -0.00628970 0.00757970
v 0.00820401 -0.00662374 0.00808455
v 0.00818928 -0.00661287 0.02269175
v 0.00757765 -0.00698424 0.02341823
v 0.00683966 -0.00719024 0.02428193
v 0.00650593 -0.00738301 0.02439275
v 0.00787106 -0.00663035 0.02334963
v 0.00720982 -0.00695400 0.02399696
v 0.00650593 -0.00619756 0.00675294
v 0.00703656 -0.00616638 0.00675294
v 0.00733734 -0.00604779 0.00675294
v 0.00818269 -0.00627883 0.00726483
v 0.00851022 -0.00595046 0.00726483
v 0.00923580 -0.00538821 0.00750230
v 0.00855169 -0.00632088 0.00808455
v 0.00853735 -0.00630529 0.02218514
v 0.00833114 -0.00641585 0.02277618
v 0.00688501 -0.00697148 0.02432591
v 0.00650593 -0.00709622 0.02450533
v 0.00916332 -0.00525828 0.02234169
v 0.00650593 -0.00482596 0.00675294
v 0.00916294 -0.00561925 0.00777847
v 0.00785013 -0.00561641 0.00675294
v 0.00885518 -0.00596841 0.02185619
v 0.00886797 -0.00598211 0.00808455
v 0.00884161 -0.00595424 0.02235225
v 0.00872824 -0.00591904 0.02257565
v 0.00650593 -0.00606338 0.02470410
v 0.00954976 -0.00447774 0.02206904
v 0.01012070 -0.00283824 0.02166622
v 0.00949550 -0.00496723 0.02201978
v 0.00769974 -0.00283824 0.00906786
v 0.00773618 -0.00283824 0.00874067
v 0.00781447 -0.00283824 0.00854014
v 0.00739121 -0.00418339 0.00675294
v 0.00767184 -0.00283824 0.02152901
v 0.00952495 -0.00501495 0.00754628
v 0.00913852 -0.00525544 0.00728418
v 0.00944588 -0.00521953 0.00775560
v 0.00948338 -0.00519591 0.00824814
v 0.00917611 -0.00563437 0.00808455
v 0.00949898 -0.00464689 0.00726131
v 0.00916138 -0.00561547 0.02152901
v 0.00915828 -0.00561027 0.02185619
v 0.00989511 -0.00398542 0.02177176
v 0.01023465 -0.00316520 0.02148855
v 0.01026140 -0.00283824 0.02150262
v 0.00983717 -0.00450420 0.02152901
v 0.00984472 -0.00437002 0.02172427
v 0.00769277 -0.00414512 0.00675294
v 0.00650593 -0.00480529 0.01698625
v 0.00985131 -0.00438561 0.00754979
v 0.00980868 -0.00460437 0.00769228
v 0.00982534 -0.00464358 0.00791040
v 0.00944278 -0.00521717 0.02152901
v 0.00801137 -0.00513307 0.00675294
v 0.00952844 -0.00447774 0.00724372
v 0.00965955 -0.00486754 0.02136542
v 0.00650593 -0.00532726 0.02471466
v 0.01016798 -0.00370618 0.02140236
v 0.01040403 -0.00283824 0.02120182
v 0.00984860 -0.00452782 0.02120182
v 0.01002418 -0.00414937 0.02120182
v 0.00933193 -0.00283824 0.00832906
v 0.00933193 -0.00357247 0.00750758
v 0.00950519 -0.00397597 0.00725779
v 0.00789083 -0.00427552 0.00675294
v 0.00966139 -0.00283824 0.00833785
v 0.00768618 -0.00283824 0.02185619
v 0.00650593 -0.00481745 0.02304356
v 0.00650593 -0.00485147 0.02353521
v 0.00986876 -0.00414937 0.00752869
v 0.00996876 -0.00414937 0.00775560
v 0.01003542 -0.00414937 0.00808455
v 0.00990674 -0.00447774 0.00808455
v 0.00955170 -0.00505322 0.02120182
v 0.00953309 -0.00414937 0.00724196
v 0.00918425 -0.00283824 0.02236104
v 0.00650593 -0.00523607 0.02467948
v 0.01029686 -0.00332938 0.02120182
v 0.01043543 -0.00283824 0.02087112
v 0.01012573 -0.00391408 0.02087112
v 0.00958193 -0.00360602 0.00754100
v 0.00980054 -0.00368634 0.00761136
v 0.00985674 -0.00390510 0.00754979
v 0.00799645 -0.00464169 0.00675294
v 0.00998814 -0.00283824 0.00843988
v 0.00777843 -0.00283824 0.02216227
v 0.00650593 -0.00496817 0.02435405
v 0.01031178 -0.00283824 0.00874067
v 0.01044512 -0.00283824 0.00907489
v 0.01038194 -0.00316520 0.00906786
v 0.01029744 -0.00349357 0.00906786
v 0.01017012 -0.00386943 0.00890427
v 0.00900441 -0.00283824 0.02245075
v 0.00867650 -0.00283824 0.02252639
v 0.00834897 -0.00283824 0.02251232
v 0.00650593 -0.00505546 0.02448158
v 0.01035985 -0.00316520 0.02087112
v 0.01046566 -0.00283824 0.00939504
v 0.01022554 -0.00362161 0.02087112
v 0.01017690 -0.00283824 0.00854894
v 0.00787998 -0.00283824 0.02232762
v 0.00804354 -0.00283824 0.02242261
v 0.01038892 -0.00316520 0.00939504
f 452 467 481
f 452 481 494
f 452 494 503
f 452 503 534
f 452 534 554
f 452 554 573
f 452 573 564
f 452 564 546
f 452 546 545
f 452 545 526
f 452 526 496
f 452 496 484
f 452 484 475
f 452 475 458
f 452 458 454
f 452 454 453
f 453 455 452
f 454 456 453
f 453 456 457
f 453 457 455
f 457 456 460
f 457 461 455
f 455 461 462
f 455 462 463
f 455 463 452
f 454 458 459
f 454 459 456
f 456 464 465
f 456 465 460
f 456 459 466
f 456 466 464
f 457 460 461
f 452 463 467
f 458 468 459
f 459 469 470
f 459 470 466
f 464 466 471
f 460 465 472
f 460 472 461
f 461 472 473
f 461 473 462
f 463 474 467
f 463 462 474
f 458 475 468
f 468 469 459
f 466 470 471
f 470 476 471
f 471 477 464
f 471 476 477
f 464 477 465
f 465 477 472
f 472 477 478
f 472 478 473
f 462 473 478
f 462 479 474
f 474 480 481
f 474 481 467
f 474 479 482
f 474 482 483
f 474 483 480
f 475 484 485
f 475 485 486
f 475 486 468
f 468 486 469
f 470 469 487
f 470 487 476
f 476 487 488
f 477 476 490
f 477 490 478
f 462 478 479
f 478 492 479
f 479 492 482
f 480 493 481
f 480 483 493
f 481 493 494
f 483 482 495
f 483 495 493
f 484 496 510
f 484 510 525
f 484 525 542
f 484 542 561
f 484 561 531
f 484 531 498
f 484 498 486
f 484 486 485
f 469 486 487
f 476 489 497
f 487 486 498
f 487 498 488
f 476 488 489
f 490 499 491
f 490 491 478
f 476 497 500
f 476 500 490
f 490 500 499
f 491 499 501
f 491 501 478
f 478 501 492
f 492 502 482
f 492 501 502
f 493 495 504
f 493 504 505
f 493 503 494
f 482 502 495
f 495 502 506
f 495 506 504
f 496 507 508
f 496 508 509
f 496 509 510
f 496 511 507
f 489 512 497
f 489 513 512
f 497 512 514
f 497 515 516
f 497 516 500
f 497 514 515
f 498 517 513
f 498 513 488
f 488 513 489
f 500 516 499
f 499 518 519
f 499 519 501
f 499 516 518
f 501 519 506
f 501 506 502
f 493 505 503
f 504 520 505
f 505 520 521
f 505 521 522
f 506 523 524
f 506 524 520
f 506 520 504
f 507 511 544
f 507 544 563
f 507 563 578
f 507 578 579
f 507 579 572
f 507 572 571
f 507 571 570
f 507 570 553
f 507 553 505
f 507 505 522
f 507 522 536
f 507 536 556
f 507 556 575
f 507 575 566
f 507 566 565
f 507 565 577
f 507 577 562
f 507 562 543
f 507 543 539
f 507 539 509
f 507 509 508
f 510 509 525
f 496 526 511
f 512 513 517
f 512 527 528
f 512 528 514
f 514 529 515
f 516 515 530
f 516 530 518
f 498 531 532
f 498 532 517
f 517 532 527
f 517 527 512
f 518 530 519
f 519 530 533
f 519 533 506
f 503 505 534
f 521 520 535
f 521 535 536
f 521 536 522
f 506 533 523
f 523 533 537
f 523 537 538
f 524 523 535
f 524 535 520
f 509 539 525
f 525 540 541
f 525 541 542
f 525 539 543
f 525 543 540
f 511 526 545
f 511 545 546
f 511 546 544
f 527 547 548
f 527 548 528
f 527 532 547
f 528 529 514
f 529 528 549
f 529 549 550
f 515 551 530
f 532 531 552
f 532 552 547
f 530 551 533
f 505 553 534
f 534 553 554
f 535 555 536
f 536 555 556
f 523 538 535
f 537 533 529
f 537 529 550
f 537 550 538
f 538 550 557
f 535 538 555
f 540 558 541
f 541 552 542
f 541 558 559
f 541 559 560
f 541 560 552
f 542 552 561
f 543 562 558
f 543 558 540
f 544 546 564
f 544 564 563
f 547 560 565
f 547 565 548
f 547 552 560
f 548 565 566
f 548 566 549
f 548 549 528
f 549 566 567
f 549 567 568
f 549 568 569
f 549 569 550
f 529 533 551
f 529 551 515
f 531 561 552
f 553 570 554
f 554 571 572
f 554 572 573
f 554 570 571
f 555 574 556
f 556 574 575
f 538 557 576
f 550 569 557
f 557 569 576
f 538 576 555
f 555 576 574
f 558 562 577
f 558 577 559
f 559 577 560
f 560 577 565
f 563 564 578
f 564 573 578
f 572 579 573
f 574 576 568
f 574 568 580
f 574 580 575
f 575 580 567
f 575 567 566
f 576 569 568
f 578 573 579
f 567 580 568

o geometry_5
v -0.00093267 0.00756827 0.02907489
v -0.00116343 0.00754832 0.02907489
v -0.00093267 0.00756743 0.02940254
v 0.00209340 0.00726479 0.02904386
v 0.00034713 0.00726479 0.02904386
v -0.00145398 0.00751404 0.02907489
v -0.00145299 0.00751347 0.02940254
v -0.00116343 0.00754748 0.02940254
v -0.00140951 0.00750729 0.02958659
v -0.00093267 0.00755928 0.02946362
v 0.00175590 0.00726479 0.02939528
v 0.00177419 0.00726479 0.02937927
v 0.00208154 0.00726479 0.02905788
v 0.00199012 0.00719678 0.02927940
v 0.00210674 0.00725523 0.02904386
v 0.00101619 0.00689133 0.02904386
v -0.00010006 0.00523986 0.02907736
v -0.00262013 0.00683260 0.02907489
v -0.00262013 0.00721505 0.02907489
v -0.00247535 0.00726619 0.02907489
v -0.00214725 0.00734881 0.02940254
v -0.00247535 0.00726507 0.02940254
v -0.00262013 0.00720437 0.02953691
v -0.00262013 0.00719032 0.02960029
v -0.00247535 0.00721533 0.02963265
v -0.00214725 0.00726057 0.02968827
v -0.00182063 0.00728024 0.02975529
v -0.00171291 0.00717964 0.02990715
v -0.00150784 0.00738477 0.02970973
v -0.00149154 0.00719931 0.02992597
v -0.00116343 0.00738449 0.02977163
v -0.00116343 0.00752106 0.02960755
v -0.00093267 0.00753090 0.02962159
v 0.00146387 0.00726479 0.02961003
v 0.00177221 0.00725551 0.02939429
v 0.00165214 0.00718470 0.02958857
v 0.00203756 0.00689751 0.02964338
v 0.00225646 0.00682192 0.02954170
v 0.00220853 0.00711136 0.02914950
v 0.00187104 0.00711641 0.02949812
v 0.00225053 0.00714423 0.02904386
v 0.00225646 0.00660499 0.02904386
v -0.00262013 0.00469753 0.02972525
v 0.00242792 0.00523986 0.02907736
v -0.00262013 0.00721477 0.02929178
v -0.00262013 0.00721449 0.02940254
v -0.00262013 0.00693938 0.02987562
v -0.00247535 0.00707089 0.02979656
v -0.00214725 0.00712203 0.02985235
v -0.00193131 0.00715266 0.02988091
v -0.00169808 0.00685002 0.03023349
v -0.00149154 0.00703239 0.03009004
v -0.00116343 0.00689049 0.03027310
v -0.00116343 0.00705431 0.03011134
v -0.00116343 0.00722039 0.02994726
v -0.00093267 0.00734656 0.02983815
v -0.00093267 0.00739517 0.02978566
v -0.00017961 0.00726479 0.02996278
v 0.00014800 0.00726479 0.02996856
v 0.00047610 0.00726479 0.02994858
v 0.00080322 0.00726479 0.02988866
v 0.00107400 0.00726479 0.02980514
v 0.00115504 0.00726479 0.02977196
v 0.00135022 0.00726479 0.02967144
v 0.00145992 0.00723725 0.02964668
v 0.00168870 0.00687559 0.02993670
v 0.00190760 0.00681377 0.02986209
v 0.00213441 0.00675195 0.02974390
v 0.00225646 0.00652855 0.02991194
v 0.00242792 0.00610339 0.02977510
v 0.00225646 0.00708550 0.02912952
v 0.00225646 0.00713918 0.02904386
v -0.00262013 0.00469753 0.02990732
v -0.00093267 0.00486978 0.02972525
v 0.00242792 0.00544078 0.02907736
v 0.00242792 0.00523986 0.02969356
v -0.00262013 0.00688037 0.02993340
v -0.00247535 0.00690678 0.02995832
v -0.00214725 0.00662185 0.03032592
v -0.00168227 0.00651900 0.03055768
v -0.00149154 0.00670025 0.03041506
v -0.00149154 0.00686829 0.03025098
v -0.00116343 0.00672329 0.03043701
v -0.00093267 0.00673650 0.03044923
v -0.00083533 0.00674184 0.03045435
v -0.00093267 0.00723134 0.02995832
v -0.00083533 0.00690735 0.03029043
v -0.00083533 0.00726479 0.02993257
v -0.00077998 0.00726479 0.02993620
v -0.00050673 0.00726479 0.02995221
v -0.00046918 0.00726479 0.02995353
v -0.00050673 0.00724511 0.02997252
v -0.00017961 0.00725017 0.02997747
v 0.00014800 0.00692477 0.03030760
v 0.00047610 0.00675420 0.03046474
v 0.00047610 0.00708073 0.03013494
v -0.00017961 0.00675813 0.03046953
v 0.00080322 0.00673200 0.03044064
v 0.00080322 0.00689189 0.03027673
v 0.00080322 0.00721336 0.02994248
v 0.00103744 0.00686295 0.03024719
v 0.00101767 0.00718526 0.02991375
v 0.00123657 0.00714395 0.02987001
v 0.00145992 0.00709534 0.02981059
v 0.00145992 0.00693123 0.02999662
v 0.00145992 0.00678427 0.03016053
v 0.00170501 0.00656255 0.03026617
v 0.00180581 0.00668816 0.03006974
v 0.00211514 0.00657913 0.02996624
v 0.00225646 0.00648781 0.02992498
v 0.00242792 0.00610339 0.02920496
v 0.00225646 0.00634702 0.02993538
v 0.00233898 0.00610339 0.02986721
v 0.00242792 0.00608625 0.02977543
v -0.00093267 0.00486978 0.03038617
v -0.00262013 0.00469781 0.03005819
v 0.00242792 0.00533147 0.02975628
v 0.00234195 0.00523986 0.02984410
v -0.00093267 0.00487062 0.03055157
v -0.00093267 0.00487034 0.03050254
v -0.00262013 0.00654064 0.03025016
v -0.00247535 0.00656789 0.03027525
v -0.00247535 0.00673172 0.03012240
v -0.00214725 0.00644706 0.03049000
v -0.00149154 0.00653614 0.03057336
v -0.00247535 0.00622591 0.03058541
v -0.00214725 0.00628324 0.03062354
v -0.00116343 0.00655946 0.03059350
v -0.00093267 0.00668788 0.03049561
v -0.00083533 0.00657801 0.03060802
v -0.00050673 0.00675308 0.03046441
v -0.00093267 0.00657267 0.03060373
v -0.00083533 0.00707117 0.03012702
v -0.00083533 0.00723556 0.02996294
v 0.00014800 0.00676010 0.03047168
v 0.00047610 0.00659037 0.03061347
v 0.00080322 0.00656789 0.03059416
v -0.00050673 0.00658925 0.03061627
v -0.00017961 0.00659431 0.03061958
v 0.00103546 0.00653783 0.03057022
v 0.00114565 0.00668086 0.03038980
v 0.00125584 0.00682361 0.03020675
v 0.00145992 0.00662044 0.03032394
v 0.00175146 0.00634702 0.03029341
v 0.00191551 0.00634702 0.03019255
v 0.00145992 0.00634702 0.03042628
v 0.00229649 0.00610339 0.02991012
v 0.00229747 0.00601909 0.02991095
v 0.00242792 0.00601909 0.02977642
v -0.00262013 0.00469865 0.03023530
v 0.00242792 0.00538346 0.02976008
v 0.00229303 0.00536323 0.02990732
v 0.00228808 0.00523986 0.02990319
v -0.00262013 0.00477283 0.03061545
v -0.00262013 0.00473068 0.03050832
v -0.00262013 0.00469949 0.03038617
v 0.00180532 0.00523986 0.03022210
v 0.00171934 0.00523986 0.03027475
v 0.00113577 0.00523986 0.03054876
v 0.00106115 0.00523986 0.03057385
v 0.00080322 0.00523986 0.03061743
v 0.00047561 0.00523986 0.03066315
v 0.00015788 0.00523986 0.03068824
v -0.00262013 0.00622872 0.03053424
v -0.00247535 0.00639002 0.03043916
v -0.00180284 0.00636445 0.03062436
v -0.00262013 0.00619753 0.03056230
v -0.00262013 0.00612924 0.03059944
v -0.00237949 0.00609637 0.03065820
v -0.00247535 0.00601909 0.03067256
v -0.00214725 0.00609637 0.03068544
v -0.00149154 0.00634702 0.03066167
v -0.00262013 0.00602022 0.03064516
v -0.00083533 0.00634702 0.03069699
v -0.00093267 0.00650944 0.03063014
v 0.00014800 0.00659627 0.03062007
v 0.00014800 0.00634702 0.03070755
v 0.00047610 0.00634702 0.03069088
v 0.00080322 0.00634702 0.03064813
v -0.00050673 0.00634702 0.03070557
v -0.00017961 0.00634702 0.03070937
v 0.00108042 0.00634702 0.03058392
v 0.00124398 0.00634702 0.03051922
v 0.00175492 0.00610367 0.03029539
v 0.00175590 0.00601909 0.03029605
v 0.00191996 0.00601909 0.03019106
v 0.00124744 0.00536323 0.03052516
v 0.00229649 0.00569088 0.02991062
v 0.00242792 0.00595137 0.02977609
v 0.00242792 0.00562653 0.02976883
v 0.00211563 0.00536323 0.03003442
v 0.00242792 0.00569088 0.02977031
v 0.00190365 0.00536323 0.03018545
v -0.00262013 0.00490322 0.03066695
v 0.00173910 0.00536323 0.03028548
v 0.00145942 0.00536323 0.03042447
v 0.00108339 0.00536323 0.03058029
v 0.00080322 0.00536323 0.03063773
v 0.00047561 0.00536323 0.03069122
v 0.00014750 0.00536323 0.03072373
v 0.00002446 0.00523986 0.03069270
v -0.00262013 0.00587465 0.03069022
v -0.00214725 0.00601909 0.03071086
v -0.00116343 0.00634702 0.03068214
v -0.00093267 0.00634702 0.03069270
v -0.00181915 0.00601909 0.03072505
v 0.00014750 0.00601909 0.03072522
v 0.00023249 0.00610367 0.03071647
v -0.00017961 0.00610367 0.03072472
v -0.00017961 0.00601909 0.03073001
v 0.00047610 0.00610367 0.03069963
v 0.00056060 0.00610367 0.03068874
v 0.00087487 0.00610367 0.03063625
v 0.00080322 0.00601909 0.03065441
v -0.00149154 0.00601909 0.03072670
v 0.00109031 0.00601909 0.03058689
v 0.00112984 0.00610367 0.03056956
v 0.00174899 0.00569088 0.03029126
v 0.00108784 0.00569088 0.03058425
v -0.00262013 0.00503529 0.03070772
v 0.00080322 0.00569088 0.03064681
v 0.00047561 0.00569088 0.03069749
v 0.00014750 0.00569088 0.03072522
v -0.00017961 0.00536323 0.03073001
v 0.00047561 0.00601909 0.03070260
v -0.00262013 0.00569088 0.03071944
v -0.00247535 0.00569088 0.03072439
v -0.00181915 0.00569088 0.03072604
v -0.00093267 0.00536323 0.03072819
v -0.00262013 0.00521879 0.03072175
v -0.00262013 0.00554644 0.03072406
v -0.00181915 0.00536323 0.03072604
v -0.00262013 0.00536323 0.03072406
f 581 582 588
f 581 588 583
f 581 583 584
f 581 584 585
f 581 585 582
f 582 586 587
f 582 587 588
f 582 585 586
f 583 588 589
f 583 589 590
f 583 590 591
f 583 591 592
f 583 592 593
f 583 593 584
f 584 593 594
f 584 594 595
f 584 595 621
f 584 621 652
f 584 652 622
f 584 622 596
f 584 596 585
f 585 596 597
f 585 597 598
f 585 598 599
f 585 599 600
f 585 600 586
f 586 600 601
f 586 601 587
f 587 589 588
f 587 601 589
f 589 601 602
f 589 602 603
f 589 603 604
f 589 604 605
f 589 605 606
f 589 606 607
f 589 607 608
f 589 608 609
f 589 609 610
f 589 610 611
f 589 611 612
f 589 612 590
f 590 612 613
f 590 613 614
f 590 614 591
f 591 615 592
f 591 614 616
f 591 616 615
f 592 615 594
f 592 594 593
f 594 617 618
f 594 618 619
f 594 619 595
f 594 615 620
f 594 620 617
f 595 619 621
f 596 622 597
f 597 623 598
f 597 622 624
f 597 624 623
f 598 623 653
f 598 653 696
f 598 696 730
f 598 730 736
f 598 736 735
f 598 735 734
f 598 734 774
f 598 774 800
f 598 800 810
f 598 810 813
f 598 813 811
f 598 811 806
f 598 806 782
f 598 782 753
f 598 753 748
f 598 748 747
f 598 747 744
f 598 744 701
f 598 701 657
f 598 657 627
f 598 627 604
f 598 604 603
f 598 603 626
f 598 626 625
f 598 625 599
f 599 625 600
f 600 625 626
f 600 626 602
f 600 602 601
f 602 626 603
f 604 627 628
f 604 628 605
f 605 628 629
f 605 629 606
f 606 629 630
f 606 630 607
f 607 630 608
f 608 630 631
f 608 631 632
f 608 632 610
f 608 610 609
f 610 632 633
f 610 633 634
f 610 634 635
f 610 635 611
f 611 635 636
f 611 636 637
f 611 637 612
f 612 637 613
f 613 637 638
f 613 638 639
f 613 639 640
f 613 640 641
f 613 641 642
f 613 642 643
f 613 643 644
f 613 644 614
f 614 645 616
f 614 644 645
f 615 616 620
f 616 645 646
f 616 646 647
f 616 647 620
f 617 620 647
f 617 647 648
f 617 648 618
f 618 648 649
f 618 649 650
f 618 650 651
f 618 651 619
f 619 651 621
f 621 651 652
f 622 652 655
f 622 655 624
f 623 624 654
f 623 654 695
f 623 695 653
f 624 655 691
f 624 691 650
f 624 650 694
f 624 694 729
f 624 729 769
f 624 769 772
f 624 772 770
f 624 770 731
f 624 731 697
f 624 697 656
f 624 656 695
f 624 695 654
f 627 657 658
f 627 658 628
f 628 658 629
f 629 659 660
f 629 660 630
f 629 658 659
f 630 660 631
f 631 660 661
f 631 661 662
f 631 662 632
f 632 662 633
f 633 662 663
f 633 663 664
f 633 664 665
f 633 665 634
f 634 665 635
f 635 666 636
f 635 665 667
f 635 667 666
f 636 666 668
f 636 668 669
f 636 669 637
f 637 669 670
f 637 670 671
f 637 671 638
f 638 671 672
f 638 672 673
f 638 673 639
f 639 674 675
f 639 675 676
f 639 676 640
f 639 673 677
f 639 677 674
f 640 676 678
f 640 678 679
f 640 679 680
f 640 680 641
f 641 680 681
f 641 681 682
f 641 682 642
f 642 682 683
f 642 683 643
f 643 683 644
f 644 683 645
f 645 684 646
f 645 683 684
f 646 684 685
f 646 685 686
f 646 686 687
f 646 687 688
f 646 688 647
f 647 688 689
f 647 689 649
f 647 649 648
f 649 689 687
f 649 687 690
f 649 690 650
f 650 691 652
f 650 652 651
f 650 690 692
f 650 692 693
f 650 693 694
f 652 691 655
f 653 695 696
f 656 697 698
f 656 698 699
f 656 699 700
f 656 700 695
f 657 701 702
f 657 702 703
f 657 703 658
f 658 703 704
f 658 704 659
f 659 704 660
f 660 705 661
f 660 704 706
f 660 706 707
f 660 707 705
f 661 705 663
f 661 663 662
f 663 708 664
f 663 705 708
f 664 708 709
f 664 709 665
f 665 710 711
f 665 711 667
f 665 709 712
f 665 712 710
f 666 667 713
f 666 713 714
f 666 714 668
f 667 711 713
f 668 714 669
f 669 714 672
f 669 672 670
f 670 672 671
f 672 711 677
f 672 677 673
f 672 714 711
f 674 715 675
f 674 677 715
f 675 715 716
f 675 716 717
f 675 717 678
f 675 678 676
f 677 711 718
f 677 718 719
f 677 719 715
f 678 717 720
f 678 720 681
f 678 681 679
f 679 681 680
f 681 720 721
f 681 721 722
f 681 722 682
f 682 722 683
f 683 722 686
f 683 686 685
f 683 685 684
f 686 723 687
f 686 722 723
f 687 724 725
f 687 725 690
f 687 689 688
f 687 723 720
f 687 720 726
f 687 726 724
f 690 725 692
f 692 727 693
f 692 725 727
f 693 727 728
f 693 728 729
f 693 729 694
f 695 700 730
f 695 730 696
f 697 731 732
f 697 732 698
f 698 732 733
f 698 733 699
f 699 734 735
f 699 735 736
f 699 736 700
f 699 733 737
f 699 737 738
f 699 738 739
f 699 739 740
f 699 740 741
f 699 741 742
f 699 742 743
f 699 743 734
f 700 736 730
f 701 744 745
f 701 745 702
f 702 704 703
f 702 745 704
f 704 745 706
f 705 707 746
f 705 746 708
f 706 745 747
f 706 747 748
f 706 748 707
f 707 749 750
f 707 750 751
f 707 751 752
f 707 752 746
f 707 748 753
f 707 753 749
f 708 712 709
f 708 746 752
f 708 752 712
f 710 754 718
f 710 718 711
f 710 712 752
f 710 752 755
f 710 755 754
f 711 714 713
f 715 756 716
f 715 719 756
f 716 756 757
f 716 757 758
f 716 758 717
f 717 758 759
f 717 759 720
f 718 754 760
f 718 760 719
f 719 760 761
f 719 761 756
f 720 759 762
f 720 762 763
f 720 763 726
f 720 723 721
f 721 723 722
f 724 726 764
f 724 764 725
f 725 764 765
f 725 765 766
f 725 766 728
f 725 728 727
f 726 765 764
f 726 763 767
f 726 767 765
f 728 768 729
f 728 766 768
f 729 768 769
f 731 770 732
f 732 771 733
f 732 770 772
f 732 772 769
f 732 769 768
f 732 768 766
f 732 766 771
f 733 771 773
f 733 773 737
f 734 743 774
f 737 773 738
f 738 773 775
f 738 775 776
f 738 776 767
f 738 767 739
f 739 767 740
f 740 767 777
f 740 777 778
f 740 778 741
f 741 778 779
f 741 779 742
f 742 779 780
f 742 780 743
f 743 780 781
f 743 781 774
f 744 747 745
f 749 753 750
f 750 753 782
f 750 782 783
f 750 783 751
f 751 783 752
f 752 783 784
f 752 784 755
f 754 755 785
f 754 785 783
f 754 783 786
f 754 786 760
f 755 784 785
f 756 761 757
f 757 787 788
f 757 788 758
f 757 761 789
f 757 789 790
f 757 790 787
f 758 788 791
f 758 791 792
f 758 792 759
f 759 793 762
f 759 792 794
f 759 794 793
f 760 786 761
f 761 786 795
f 761 795 789
f 762 793 796
f 762 796 797
f 762 797 763
f 763 797 767
f 765 798 773
f 765 773 766
f 765 767 776
f 765 776 798
f 766 773 771
f 767 797 796
f 767 796 799
f 767 799 777
f 773 798 775
f 774 781 800
f 775 798 776
f 777 799 794
f 777 794 801
f 777 801 778
f 778 801 779
f 779 801 794
f 779 794 802
f 779 802 780
f 780 803 804
f 780 804 800
f 780 800 781
f 780 802 805
f 780 805 803
f 782 806 783
f 783 806 786
f 783 785 784
f 786 806 807
f 786 807 795
f 787 803 805
f 787 805 788
f 787 790 804
f 787 804 803
f 788 805 791
f 789 795 790
f 790 795 807
f 790 807 808
f 790 808 809
f 790 809 804
f 791 805 792
f 792 805 794
f 793 794 796
f 794 805 802
f 794 799 796
f 800 804 810
f 804 809 810
f 806 811 807
f 807 811 808
f 808 811 813
f 808 813 812
f 808 812 809
f 809 812 810
f 810 812 813

o geometry_6
v 0.00622910 0.00523979 0.02499129
v 0.00258581 0.00523979 0.02953941
v 0.00622910 0.00515582 0.02498480
v 0.00622910 0.00610354 0.00768377
v 0.00234327 0.00523979 0.02984089
v 0.00228697 0.00518023 0.02989924
v 0.00299293 0.00509221 0.02898832
v 0.00261006 0.00487083 0.02923469
v 0.00622910 0.00500070 0.02480651
v 0.00622910 0.00610354 0.00675664
v -0.00017828 0.00610354 0.00743416
v -0.00093275 0.00523979 0.03069346
v -0.00017828 0.00523979 0.03069346
v 0.00002528 0.00523979 0.03069022
v 0.00016041 0.00523979 0.03068698
v 0.00047745 0.00523979 0.03066105
v 0.00080574 0.00523979 0.03061566
v 0.00106301 0.00523979 0.03057028
v 0.00113837 0.00523979 0.03054759
v 0.00172133 0.00523979 0.03027204
v 0.00180708 0.00523979 0.03022017
v 0.00228956 0.00523979 0.02989924
v 0.00208600 0.00505664 0.02994787
v 0.00195521 0.00487083 0.02989276
v 0.00217349 0.00496164 0.02978254
v 0.00169967 0.00510365 0.03025907
v 0.00228263 0.00487083 0.02956535
v -0.00262013 0.00469758 0.02972095
v 0.00622910 0.00480904 0.02349362
v 0.00621611 0.00487111 0.02464443
v 0.00622910 0.00487530 0.02463794
v 0.00113403 0.00609642 -0.00011579
v 0.00080574 0.00610130 0.00086645
v -0.00083487 0.00610186 0.00086645
v -0.00093275 0.00610354 0.00661725
v 0.00622910 0.00605946 -0.00175610
v 0.00605153 0.00606434 -0.00175610
v 0.00572410 0.00606908 -0.00175610
v -0.00050657 0.00610354 0.00741795
v -0.00181889 0.00523073 0.02972095
v -0.00205796 0.00521496 0.02972095
v -0.00206143 0.00521469 0.02972095
v -0.00262013 0.00505204 0.02972095
v -0.00093275 0.00503516 0.03063835
v -0.00074998 0.00610354 0.00740499
v -0.00093275 0.00610354 0.00739202
v -0.00262013 0.00609600 0.00698681
v -0.00017828 0.00503516 0.03063835
v 0.00018033 0.00500238 0.03061891
v 0.00047745 0.00504478 0.03061566
v 0.00080574 0.00508007 0.03058973
v 0.00104481 0.00513699 0.03056704
v 0.00143374 0.00501061 0.03030446
v 0.00130641 0.00487069 0.03022017
v -0.00262013 0.00468461 0.01579130
v 0.00622910 0.00479286 0.02021624
v 0.00622910 0.00479341 0.02054366
v 0.00622910 0.00479411 0.02087431
v 0.00622910 0.00479509 0.02120172
v 0.00622910 0.00480025 0.02250814
v 0.00622910 0.00480165 0.02283555
v 0.00622910 0.00480318 0.02316620
v 0.00030853 0.00487125 0.03054435
v 0.00008938 0.00487069 0.03054759
v -0.00017828 0.00487055 0.03054759
v -0.00093275 0.00487042 0.03054759
v -0.00093275 0.00498633 0.03061242
v 0.00622910 0.00487097 0.02462498
v 0.00015002 0.00609545 -0.00110127
v -0.00083487 0.00609559 -0.00077386
v -0.00262013 0.00609600 0.00622176
v 0.00622910 0.00594898 -0.00208351
v 0.00572410 0.00598260 -0.00208351
v -0.00017828 0.00606713 -0.00175610
v 0.00539580 0.00598301 -0.00208351
v 0.00473922 0.00598357 -0.00208351
v 0.00342777 0.00598427 -0.00208351
v 0.00178976 0.00598497 -0.00208351
v 0.00047745 0.00598497 -0.00208351
v -0.00262013 0.00467903 0.00956073
v 0.00622910 0.00479146 0.01791787
v -0.00262013 0.00467875 0.00923331
v -0.00017828 0.00609405 -0.00110127
v -0.00149146 0.00606448 -0.00077062
v -0.00093275 0.00609363 -0.00067336
v -0.00116316 0.00609321 -0.00011255
v -0.00050657 0.00609140 -0.00110127
v -0.00116316 0.00605709 -0.00142544
v -0.00149146 0.00605513 -0.00109803
v -0.00262013 0.00606518 0.00349224
v 0.00622910 0.00583627 -0.00223911
v 0.00618752 0.00584812 -0.00224235
v 0.00596751 0.00586472 -0.00225532
v 0.00606712 0.00594675 -0.00211269
v 0.00572410 0.00587016 -0.00226180
v 0.00539580 0.00587086 -0.00226180
v -0.00050657 0.00606029 -0.00175610
v 0.00015002 0.00598469 -0.00208351
v 0.00277204 0.00587365 -0.00226180
v 0.00178976 0.00587449 -0.00226180
v 0.00146146 0.00587449 -0.00226180
v 0.00047745 0.00587435 -0.00226180
v -0.00262013 0.00467861 0.00791718
v 0.00622910 0.00479146 0.01776875
v -0.00181889 0.00605304 -0.00044320
v -0.00181889 0.00606225 -0.00011255
v -0.00116316 0.00608861 -0.00044320
v -0.00093275 0.00604425 -0.00165885
v -0.00151831 0.00596418 -0.00145462
v -0.00182928 0.00594814 -0.00109803
v -0.00181889 0.00602612 -0.00077062
v -0.00262013 0.00602263 0.00330746
v -0.00209694 0.00594981 -0.00044320
v -0.00228491 0.00581046 -0.00011255
v 0.00622910 0.00580139 -0.00225208
v 0.00622910 0.00567292 -0.00229746
v 0.00606712 0.00571951 -0.00230719
v 0.00572410 0.00569092 -0.00233636
v 0.00539580 0.00569092 -0.00233961
v 0.00113403 0.00569092 -0.00234933
v -0.00083487 0.00603881 -0.00175610
v -0.00050657 0.00595818 -0.00206082
v 0.00015002 0.00587393 -0.00226180
v -0.00012371 0.00586723 -0.00225856
v -0.00021119 0.00595093 -0.00211593
v 0.00015002 0.00569092 -0.00234933
v -0.00262013 0.00467861 0.00726235
v 0.00622910 0.00479160 0.01711068
v -0.00093275 0.00601496 -0.00175934
v -0.00117096 0.00595651 -0.00176582
v -0.00142649 0.00591145 -0.00166533
v -0.00172793 0.00590880 -0.00136061
v -0.00201032 0.00588230 -0.00098457
v -0.00205190 0.00591787 -0.00077062
v -0.00262013 0.00598580 0.00316483
v -0.00226066 0.00575466 -0.00044320
v -0.00233602 0.00559062 -0.00044320
v -0.00235854 0.00564642 -0.00011255
v 0.00622910 0.00536311 -0.00235906
v 0.00605153 0.00536311 -0.00239147
v 0.00572410 0.00536311 -0.00240768
v 0.00539580 0.00536311 -0.00241092
v 0.00015002 0.00536311 -0.00242389
v -0.00083487 0.00593196 -0.00200895
v -0.00034199 0.00585468 -0.00224884
v -0.00021119 0.00572356 -0.00231691
v -0.00017828 0.00536311 -0.00240120
v -0.00262013 0.00467959 0.00430915
v 0.00622910 0.00479188 0.01678327
v -0.00262013 0.00467973 0.00398174
v -0.00262013 0.00468001 0.00365108
v -0.00093275 0.00591592 -0.00198950
v -0.00106701 0.00589374 -0.00195708
v -0.00164478 0.00584227 -0.00157780
v -0.00194622 0.00579707 -0.00120501
v -0.00221042 0.00566776 -0.00074792
v -0.00205536 0.00568896 -0.00109803
v -0.00262013 0.00592471 0.00303191
v -0.00231696 0.00554333 -0.00062150
v -0.00240878 0.00536325 -0.00011255
v -0.00236633 0.00536325 -0.00044320
v 0.00622910 0.00525946 -0.00235257
v 0.00622910 0.00518651 -0.00234285
v 0.00605153 0.00525946 -0.00237202
v 0.00605153 0.00503516 -0.00232664
v 0.00473922 0.00525946 -0.00238823
v 0.00309947 0.00525946 -0.00239147
v 0.00506664 0.00503516 -0.00232988
v 0.00047745 0.00503516 -0.00233636
v 0.00015088 0.00503516 -0.00233636
v -0.00007433 0.00525946 -0.00238175
v -0.00050657 0.00564432 -0.00229422
v -0.00072139 0.00557416 -0.00226829
v -0.00050657 0.00580823 -0.00222290
v -0.00050657 0.00536311 -0.00234933
v -0.00050657 0.00506013 -0.00229746
v -0.00050657 0.00525946 -0.00233312
v 0.00622910 0.00479230 0.01645910
v -0.00262013 0.00468029 0.00349224
v 0.00622910 0.00482034 -0.00157780
v -0.00093275 0.00577475 -0.00208027
v -0.00117096 0.00569454 -0.00200895
v -0.00128530 0.00580656 -0.00188577
v -0.00136932 0.00558797 -0.00195060
v -0.00170628 0.00562354 -0.00164264
v -0.00200772 0.00557834 -0.00129902
v -0.00262013 0.00587658 0.00295411
v -0.00213246 0.00536325 -0.00109803
v -0.00225546 0.00536325 -0.00080952
v -0.00232562 0.00536325 -0.00064419
v -0.00232389 0.00514117 -0.00064095
v -0.00234121 0.00507477 -0.00044320
v -0.00262013 0.00476663 0.00287307
v -0.00262013 0.00503530 0.00277582
v -0.00262013 0.00536325 0.00276934
v -0.00262013 0.00570500 0.00283093
v -0.00262013 0.00578563 0.00286983
v 0.00622910 0.00503516 -0.00231367
v 0.00622910 0.00493946 -0.00229098
v 0.00622910 0.00486135 -0.00225532
v -0.00016182 0.00500447 -0.00230719
v -0.00004142 0.00487069 -0.00224560
v -0.00093275 0.00536325 -0.00220021
v -0.00116316 0.00536325 -0.00209324
v -0.00093275 0.00568882 -0.00212241
v -0.00083227 0.00568645 -0.00216780
v -0.00075604 0.00536311 -0.00228125
v -0.00073439 0.00511969 -0.00227153
v -0.00074651 0.00525946 -0.00227801
v -0.00100811 0.00487055 -0.00192142
v -0.00262013 0.00468126 0.00332367
v 0.00622910 0.00482090 -0.00175610
v -0.00139531 0.00536325 -0.00197005
v -0.00155902 0.00536325 -0.00183390
v -0.00173313 0.00536325 -0.00166857
v -0.00189685 0.00536325 -0.00148703
v -0.00202331 0.00536325 -0.00131847
v -0.00201292 0.00511746 -0.00130550
v -0.00230137 0.00487251 -0.00027139
v -0.00205103 0.00501884 -0.00108182
v -0.00235681 0.00500321 -0.00014497
v -0.00262013 0.00468266 0.00316483
v 0.00622910 0.00484028 -0.00215807
v 0.00622910 0.00482215 -0.00190522
v -0.00093275 0.00536311 -0.00220021
v -0.00084180 0.00525946 -0.00223587
v -0.00137539 0.00510755 -0.00195384
v -0.00113631 0.00501298 -0.00199274
v -0.00155642 0.00488464 -0.00149028
v -0.00122726 0.00488897 -0.00181769
v -0.00199040 0.00486818 -0.00096188
v -0.00170801 0.00510323 -0.00164588
v -0.00188039 0.00489859 -0.00117907
f 814 815 816
f 814 816 822
f 814 822 844
f 814 844 881
f 814 881 842
f 814 842 875
f 814 875 874
f 814 874 873
f 814 873 872
f 814 872 871
f 814 871 870
f 814 870 869
f 814 869 894
f 814 894 917
f 814 917 941
f 814 941 962
f 814 962 991
f 814 991 993
f 814 993 1025
f 814 1025 1037
f 814 1037 1036
f 814 1036 1013
f 814 1013 1012
f 814 1012 1011
f 814 1011 976
f 814 976 975
f 814 975 952
f 814 952 929
f 814 929 928
f 814 928 904
f 814 904 885
f 814 885 849
f 814 849 823
f 814 823 817
f 814 817 815
f 815 817 818
f 815 818 819
f 815 819 816
f 816 819 820
f 816 820 821
f 816 821 822
f 817 823 848
f 817 848 859
f 817 859 858
f 817 858 852
f 817 852 824
f 817 824 825
f 817 825 826
f 817 826 827
f 817 827 828
f 817 828 829
f 817 829 830
f 817 830 831
f 817 831 832
f 817 832 833
f 817 833 834
f 817 834 835
f 817 835 818
f 818 835 819
f 819 836 837
f 819 837 838
f 819 838 821
f 819 821 820
f 819 835 834
f 819 834 839
f 819 839 836
f 821 840 841
f 821 841 842
f 821 842 843
f 821 843 844
f 821 844 822
f 821 838 840
f 823 845 846
f 823 846 847
f 823 847 848
f 823 849 850
f 823 850 851
f 823 851 845
f 824 852 825
f 825 853 854
f 825 854 855
f 825 855 856
f 825 856 841
f 825 841 857
f 825 857 861
f 825 861 826
f 825 852 858
f 825 858 859
f 825 859 860
f 825 860 853
f 826 861 827
f 827 861 828
f 828 861 862
f 828 862 863
f 828 863 829
f 829 863 864
f 829 864 865
f 829 865 830
f 830 865 831
f 831 865 832
f 832 865 839
f 832 839 833
f 833 839 834
f 836 839 837
f 837 839 866
f 837 866 867
f 837 867 841
f 837 841 840
f 837 840 838
f 839 865 866
f 841 856 860
f 841 860 884
f 841 884 903
f 841 903 925
f 841 925 948
f 841 948 971
f 841 971 1000
f 841 1000 1010
f 841 1010 1009
f 841 1009 1008
f 841 1008 1007
f 841 1007 1006
f 841 1006 1035
f 841 1035 1024
f 841 1024 992
f 841 992 964
f 841 964 963
f 841 963 961
f 841 961 940
f 841 940 916
f 841 916 895
f 841 895 893
f 841 893 868
f 841 868 869
f 841 869 870
f 841 870 871
f 841 871 872
f 841 872 873
f 841 873 874
f 841 874 875
f 841 875 842
f 841 867 876
f 841 876 877
f 841 877 878
f 841 878 879
f 841 879 880
f 841 880 857
f 842 881 843
f 843 881 844
f 845 851 882
f 845 882 846
f 846 882 847
f 847 882 883
f 847 883 884
f 847 884 848
f 848 884 860
f 848 860 859
f 849 885 886
f 849 886 850
f 850 886 851
f 851 887 882
f 851 886 888
f 851 888 889
f 851 889 890
f 851 890 891
f 851 891 892
f 851 892 887
f 853 860 854
f 854 860 855
f 855 860 856
f 857 880 861
f 861 880 877
f 861 877 862
f 862 877 876
f 862 876 863
f 863 876 864
f 864 876 867
f 864 867 865
f 865 867 866
f 868 893 869
f 869 893 895
f 869 895 894
f 877 880 878
f 878 880 879
f 882 887 896
f 882 896 883
f 883 897 898
f 883 898 899
f 883 899 884
f 883 896 900
f 883 900 901
f 883 901 902
f 883 902 897
f 884 899 903
f 885 904 905
f 885 905 906
f 885 906 907
f 885 907 886
f 886 907 906
f 886 906 908
f 886 908 909
f 886 909 888
f 887 910 900
f 887 900 896
f 887 892 911
f 887 911 910
f 888 909 912
f 888 912 913
f 888 913 889
f 889 913 890
f 890 913 891
f 891 913 914
f 891 914 892
f 892 914 915
f 892 915 911
f 894 895 916
f 894 916 940
f 894 940 917
f 897 918 919
f 897 919 920
f 897 920 898
f 897 902 918
f 898 920 899
f 899 920 919
f 899 919 903
f 900 910 901
f 901 921 922
f 901 922 902
f 901 910 921
f 902 922 923
f 902 923 924
f 902 924 918
f 903 919 918
f 903 918 926
f 903 926 927
f 903 927 925
f 904 928 905
f 905 928 929
f 905 929 930
f 905 930 906
f 906 930 931
f 906 931 908
f 908 931 932
f 908 932 933
f 908 933 909
f 909 933 912
f 910 934 921
f 910 911 935
f 910 935 934
f 911 915 936
f 911 936 937
f 911 937 938
f 911 938 935
f 912 933 913
f 913 933 939
f 913 939 914
f 914 939 915
f 915 939 936
f 917 940 941
f 918 924 926
f 921 934 942
f 921 942 943
f 921 943 922
f 922 943 944
f 922 944 945
f 922 945 923
f 923 945 946
f 923 946 947
f 923 947 924
f 924 947 926
f 925 927 948
f 926 947 949
f 926 949 927
f 927 949 950
f 927 950 951
f 927 951 948
f 929 952 953
f 929 953 930
f 930 953 931
f 931 953 954
f 931 954 955
f 931 955 932
f 932 955 956
f 932 956 933
f 933 956 939
f 934 935 957
f 934 957 942
f 935 938 958
f 935 958 957
f 936 939 937
f 937 958 938
f 937 939 959
f 937 959 958
f 939 956 960
f 939 960 959
f 940 961 941
f 941 961 963
f 941 963 964
f 941 964 962
f 942 957 943
f 943 957 965
f 943 965 966
f 943 966 944
f 944 967 945
f 944 966 967
f 945 968 946
f 945 967 968
f 946 969 949
f 946 949 947
f 946 968 970
f 946 970 969
f 948 951 971
f 949 969 972
f 949 972 950
f 950 973 971
f 950 971 951
f 950 972 974
f 950 974 973
f 952 975 953
f 953 975 976
f 953 976 977
f 953 977 954
f 954 977 978
f 954 978 955
f 955 978 979
f 955 979 956
f 956 979 980
f 956 980 981
f 956 981 982
f 956 982 983
f 956 983 984
f 956 984 960
f 957 958 965
f 958 959 985
f 958 985 986
f 958 986 987
f 958 987 966
f 958 966 965
f 959 960 985
f 960 988 985
f 960 984 989
f 960 989 990
f 960 990 988
f 962 964 991
f 964 992 993
f 964 993 991
f 966 987 994
f 966 994 995
f 966 995 996
f 966 996 967
f 967 996 997
f 967 997 998
f 967 998 999
f 967 999 968
f 968 999 970
f 969 970 972
f 970 999 972
f 971 973 1000
f 972 999 1001
f 972 1001 1002
f 972 1002 1003
f 972 1003 974
f 973 974 1004
f 973 1004 1005
f 973 1005 1006
f 973 1006 1007
f 973 1007 1008
f 973 1008 1009
f 973 1009 1010
f 973 1010 1000
f 974 1003 1004
f 976 1011 977
f 977 1011 978
f 978 1011 1012
f 978 1012 981
f 978 981 979
f 979 981 980
f 981 1012 982
f 982 1012 1013
f 982 1013 983
f 983 1014 984
f 983 1013 1015
f 983 1015 1014
f 984 1014 989
f 985 988 986
f 986 1016 1017
f 986 1017 997
f 986 997 995
f 986 995 1018
f 986 1018 1019
f 986 1019 987
f 986 988 1020
f 986 1020 1016
f 987 1019 994
f 988 990 1021
f 988 1021 1022
f 988 1022 1020
f 989 1014 1015
f 989 1015 1023
f 989 1023 1021
f 989 1021 990
f 992 1024 1025
f 992 1025 993
f 994 1019 1018
f 994 1018 995
f 995 997 996
f 997 1017 1026
f 997 1026 1027
f 997 1027 998
f 998 1028 1029
f 998 1029 999
f 998 1027 1028
f 999 1030 1001
f 999 1029 1030
f 1001 1030 1031
f 1001 1031 1004
f 1001 1004 1002
f 1002 1004 1003
f 1004 1032 1005
f 1004 1031 1033
f 1004 1033 1032
f 1005 1032 1034
f 1005 1034 1006
f 1006 1034 1032
f 1006 1032 1035
f 1013 1036 1015
f 1015 1036 1037
f 1015 1037 1035
f 1015 1035 1023
f 1016 1038 1017
f 1016 1020 1038
f 1017 1038 1039
f 1017 1039 1021
f 1017 1021 1040
f 1017 1040 1026
f 1020 1022 1039
f 1020 1039 1038
f 1021 1039 1022
f 1021 1023 1041
f 1021 1041 1040
f 1023 1042 1043
f 1023 1043 1041
f 1023 1035 1044
f 1023 1044 1042
f 1024 1035 1037
f 1024 1037 1025
f 1026 1040 1027
f 1027 1040 1045
f 1027 1045 1028
f 1028 1045 1029
f 1029 1045 1031
f 1029 1031 1030
f 1031 1046 1044
f 1031 1044 1033
f 1031 1045 1046
f 1032 1033 1044
f 1032 1044 1035
f 1040 1041 1043
f 1040 1043 1045
f 1042 1046 1045
f 1042 1045 1043
f 1042 1044 1046

o geometry_7
v 0.00650582 -0.00532794 0.02470867
v 0.00650501 -0.00533966 0.02471515
v 0.00650501 -0.00546165 0.02472164
v 0.00650582 -0.00533966 0.02470867
v 0.00650582 -0.00523627 0.02467949
v 0.00260302 -0.00538423 0.02955873
v 0.00260788 -0.00560318 0.02956521
v 0.00261274 -0.00578951 0.02956845
v 0.00261759 -0.00611667 0.02957494
v 0.00650501 -0.00578951 0.02472164
v 0.00650582 -0.00620214 0.02467949
v 0.00650582 -0.00514965 0.02458872
v 0.00299233 -0.00519078 0.02899137
v 0.00228980 -0.00527716 0.02989914
v 0.00229222 -0.00533966 0.02989914
v 0.00241525 -0.00620214 0.02978567
v 0.00261759 -0.00620214 0.02957494
v 0.00261678 -0.00644498 0.02957494
v 0.00650501 -0.00606383 0.02470219
v 0.00650582 -0.00646153 0.02460168
v 0.00261193 -0.00661293 0.02956845
v 0.00650582 -0.00507544 0.02451091
v 0.00359208 -0.00496930 0.02792151
v 0.00269448 -0.00518802 0.02934151
v 0.00650582 -0.00499848 0.02441040
v 0.00211740 -0.00520043 0.02995750
v 0.00169976 -0.00520249 0.03025576
v 0.00172243 -0.00533966 0.03026873
v 0.00222990 -0.00533966 0.02994453
v 0.00236669 -0.00520043 0.02972407
v 0.00241525 -0.00648864 0.02977918
v 0.00245896 -0.00644498 0.02973704
v 0.00637713 -0.00679696 0.02460168
v 0.00650582 -0.00616032 -0.00142848
v 0.00241606 -0.00667129 0.02969489
v 0.00245329 -0.00684498 0.02941932
v 0.00616508 -0.00710299 0.02460168
v 0.00326428 -0.00496930 0.02825219
v 0.00211740 -0.00503639 0.02972407
v 0.00279080 -0.00510255 0.02908539
v 0.00650582 -0.00496838 0.02435205
v 0.00650582 -0.00495850 0.02430990
v 0.00650582 -0.00486729 0.02370040
v 0.00650582 -0.00483512 0.02336647
v 0.00180174 -0.00510922 0.03007097
v 0.00146181 -0.00514414 0.03031736
v 0.00104579 -0.00523581 0.03056699
v 0.00157350 -0.00533966 0.03034654
v 0.00106441 -0.00533966 0.03056699
v 0.00093491 -0.00533966 0.03059942
v 0.00650582 -0.00615688 -0.00162624
v 0.00241525 -0.00667152 0.02969489
v 0.00229384 -0.00715147 0.02914051
v 0.00241525 -0.00685922 0.02943877
v 0.00241525 -0.00689897 0.02938366
v 0.00606957 -0.00715009 0.02460168
v 0.00293568 -0.00496930 0.02857964
v 0.00178960 -0.00497045 0.02972407
v 0.00146181 -0.00498056 0.03005476
v 0.00650582 -0.00481743 0.02304227
v 0.00080541 -0.00501617 0.03038220
v 0.00080541 -0.00517975 0.03058969
v 0.00061925 -0.00533966 0.03063832
v 0.00605177 -0.00616193 -0.00175592
v 0.00637956 -0.00615274 -0.00175592
v 0.00650582 -0.00614148 -0.00175592
v 0.00059902 -0.00715147 0.02914051
v 0.00014981 -0.00533966 0.03068695
v -0.00017879 -0.00533966 0.03069668
v -0.00176274 -0.00533966 0.03068695
v 0.00586156 -0.00715147 0.02460168
v 0.00572397 -0.00616676 -0.00175592
v 0.00113320 -0.00497068 0.03005476
v 0.00014981 -0.00497137 0.03038220
v 0.00047680 -0.00498124 0.03038220
v 0.00650582 -0.00481468 0.02271483
v -0.00176274 -0.00496838 0.03038220
v 0.00047680 -0.00514483 0.03061563
v 0.00572397 -0.00607991 -0.00208012
v 0.00637956 -0.00604844 -0.00205419
v 0.00650582 -0.00607692 -0.00194072
v 0.00040800 -0.00715147 0.02907891
v 0.00014981 -0.00513495 0.03063508
v -0.00017879 -0.00513380 0.03063832
v -0.00050740 -0.00513380 0.03063832
v -0.00149160 -0.00513403 0.03063508
v -0.00027592 -0.00715147 0.02809009
v -0.00022736 -0.00715147 0.02841754
v -0.00011000 -0.00715147 0.02867690
v 0.00001708 -0.00715147 0.02880658
v 0.00021618 -0.00715147 0.02899786
v -0.00176274 -0.00510462 0.03061563
v -0.00176274 -0.00620191 0.00723095
v 0.00471306 -0.00715147 0.02460168
v 0.00014981 -0.00619548 -0.00109455
v -0.00017879 -0.00616630 -0.00175592
v 0.00014981 -0.00608359 -0.00208012
v -0.00176274 -0.00506579 0.03055403
v -0.00176274 -0.00508693 0.03058969
v 0.00650582 -0.00480457 0.01792313
v -0.00176274 -0.00496792 0.03020389
v 0.00047680 -0.00597239 -0.00225844
v 0.00572397 -0.00596779 -0.00225844
v 0.00606795 -0.00604453 -0.00210930
v 0.00650582 -0.00603534 -0.00203149
v 0.00618774 -0.00594620 -0.00223898
v -0.00027349 -0.00715147 0.02800256
v -0.00176274 -0.00620191 0.00653067
v -0.00176274 -0.00616285 -0.00011546
v -0.00050740 -0.00619134 -0.00109455
v -0.00017879 -0.00619410 -0.00109455
v 0.00034325 -0.00715147 0.02687109
v -0.00050740 -0.00615940 -0.00175592
v -0.00017879 -0.00607371 -0.00208012
v 0.00014981 -0.00597239 -0.00225844
v 0.00650582 -0.00480457 0.01758920
v -0.00176274 -0.00496631 0.01673655
v 0.00014981 -0.00578951 -0.00234273
v 0.00596921 -0.00596320 -0.00224547
v 0.00572397 -0.00578951 -0.00232976
v 0.00606795 -0.00581800 -0.00230707
v 0.00650582 -0.00593839 -0.00213200
v 0.00637956 -0.00589129 -0.00221629
v 0.00637956 -0.00572747 -0.00228113
v -0.00026135 -0.00715147 0.02775941
v -0.00176274 -0.00615366 -0.00044291
v -0.00025326 -0.00715147 0.02768808
v -0.00116299 -0.00615619 -0.00142848
v -0.00083519 -0.00619593 -0.00077035
v 0.00013524 -0.00715147 0.02700078
v -0.00083519 -0.00613804 -0.00175592
v -0.00047502 -0.00603603 -0.00209633
v -0.00034390 -0.00595309 -0.00224547
v -0.00017879 -0.00596320 -0.00224547
v -0.00017879 -0.00578951 -0.00232976
v 0.00650582 -0.00480549 0.01582554
v -0.00176274 -0.00496861 -0.00077035
v -0.00176274 -0.00496631 0.01628266
v 0.00014981 -0.00546165 -0.00242378
v 0.00572397 -0.00554597 -0.00238812
v 0.00605177 -0.00546165 -0.00238812
v 0.00650582 -0.00584534 -0.00218711
v 0.00650582 -0.00568313 -0.00226816
v 0.00637956 -0.00554597 -0.00231679
v -0.00176274 -0.00613160 -0.00077035
v -0.00149160 -0.00615481 -0.00109455
v -0.00014966 -0.00715147 0.02733470
v -0.00018041 -0.00715147 0.02742224
v -0.00151750 -0.00606268 -0.00145117
v -0.00117028 -0.00605510 -0.00176889
v -0.00001854 -0.00715147 0.02716612
v -0.00010271 -0.00715147 0.02727310
v -0.00083519 -0.00603051 -0.00200880
v -0.00047502 -0.00578514 -0.00228113
v -0.00106668 -0.00599192 -0.00196017
v -0.00056244 -0.00589106 -0.00221629
v -0.00049850 -0.00554597 -0.00232976
v -0.00017879 -0.00546165 -0.00240108
v 0.00650582 -0.00481376 0.01027196
v 0.00650582 -0.00484523 -0.00155492
v 0.00650582 -0.00484615 -0.00175592
v -0.00176274 -0.00496930 -0.00084816
v -0.00017879 -0.00513725 -0.00232652
v 0.00014981 -0.00513380 -0.00232976
v 0.00572397 -0.00513357 -0.00232976
v 0.00572397 -0.00546165 -0.00240108
v 0.00637956 -0.00513357 -0.00230707
v 0.00637956 -0.00546165 -0.00232976
v 0.00650582 -0.00558962 -0.00228113
v -0.00176274 -0.00606819 -0.00109455
v -0.00176274 -0.00602064 -0.00127286
v -0.00172712 -0.00600708 -0.00136364
v -0.00142604 -0.00601007 -0.00166839
v -0.00072188 -0.00567279 -0.00225844
v -0.00117028 -0.00579272 -0.00200880
v -0.00083196 -0.00578514 -0.00216766
v -0.00164538 -0.00594068 -0.00157761
v -0.00128440 -0.00590415 -0.00188885
v -0.00050740 -0.00546165 -0.00234273
v -0.00072188 -0.00522271 -0.00227140
v -0.00050740 -0.00516298 -0.00229410
v 0.00650582 -0.00490405 -0.00208012
v -0.00017879 -0.00497366 -0.00208012
v -0.00083519 -0.00497137 -0.00175592
v -0.00149160 -0.00498377 -0.00142848
v -0.00176274 -0.00498814 -0.00111076
v -0.00050740 -0.00499940 -0.00208012
v 0.00441197 -0.00496930 -0.00222926
v 0.00637956 -0.00495528 -0.00225844
v 0.00601939 -0.00510049 -0.00231355
v 0.00650582 -0.00495689 -0.00225844
v 0.00650582 -0.00513357 -0.00228113
v 0.00650582 -0.00546165 -0.00229410
v -0.00176274 -0.00598916 -0.00133770
v -0.00073645 -0.00554597 -0.00227140
v -0.00136695 -0.00568520 -0.00194720
v -0.00176274 -0.00576194 -0.00154843
v -0.00170689 -0.00572196 -0.00164245
v -0.00176274 -0.00585499 -0.00148684
v -0.00074616 -0.00546165 -0.00227789
v -0.00116299 -0.00546165 -0.00208012
v -0.00137181 -0.00520824 -0.00195369
v -0.00116299 -0.00514850 -0.00200232
v -0.00116299 -0.00498515 -0.00175592
v -0.00148512 -0.00512300 -0.00174944
v -0.00176274 -0.00510577 -0.00142199
v -0.00148431 -0.00554597 -0.00187588
v -0.00138152 -0.00554597 -0.00196017
v -0.00176274 -0.00564430 -0.00159706
v -0.00173036 -0.00546165 -0.00166190
v -0.00155473 -0.00546165 -0.00182725
v -0.00139123 -0.00546165 -0.00196665
v -0.00170365 -0.00520548 -0.00163597
v -0.00176274 -0.00516596 -0.00152250
v -0.00176274 -0.00512874 -0.00147063
v -0.00176274 -0.00554597 -0.00161327
v -0.00176274 -0.00546165 -0.00162624
f 1047 1048 1049
f 1047 1049 1056
f 1047 1056 1050
f 1047 1050 1057
f 1047 1057 1066
f 1047 1066 1080
f 1047 1080 1097
f 1047 1097 1112
f 1047 1112 1127
f 1047 1127 1151
f 1047 1151 1168
f 1047 1168 1188
f 1047 1188 1189
f 1047 1189 1215
f 1047 1215 1239
f 1047 1239 1238
f 1047 1238 1237
f 1047 1237 1228
f 1047 1228 1207
f 1047 1207 1206
f 1047 1206 1205
f 1047 1205 1182
f 1047 1182 1162
f 1047 1162 1146
f 1047 1146 1122
f 1047 1122 1106
f 1047 1106 1090
f 1047 1090 1089
f 1047 1089 1088
f 1047 1088 1087
f 1047 1087 1071
f 1047 1071 1068
f 1047 1068 1058
f 1047 1058 1051
f 1047 1051 1048
f 1048 1051 1052
f 1048 1052 1053
f 1048 1053 1049
f 1049 1053 1054
f 1049 1054 1055
f 1049 1055 1063
f 1049 1063 1056
f 1050 1056 1057
f 1051 1058 1059
f 1051 1059 1060
f 1051 1060 1052
f 1052 1060 1053
f 1053 1060 1054
f 1054 1060 1061
f 1054 1061 1055
f 1055 1061 1062
f 1055 1062 1063
f 1056 1063 1064
f 1056 1064 1065
f 1056 1065 1057
f 1057 1065 1067
f 1057 1067 1066
f 1058 1068 1059
f 1059 1069 1070
f 1059 1070 1060
f 1059 1068 1071
f 1059 1071 1069
f 1060 1072 1073
f 1060 1073 1074
f 1060 1074 1075
f 1060 1075 1061
f 1060 1070 1076
f 1060 1076 1072
f 1061 1075 1077
f 1061 1077 1062
f 1062 1077 1078
f 1062 1078 1064
f 1062 1064 1063
f 1064 1078 1077
f 1064 1077 1067
f 1064 1067 1065
f 1066 1067 1079
f 1066 1079 1080
f 1067 1077 1081
f 1067 1081 1082
f 1067 1082 1083
f 1067 1083 1079
f 1069 1084 1085
f 1069 1085 1086
f 1069 1086 1070
f 1069 1071 1087
f 1069 1087 1088
f 1069 1088 1089
f 1069 1089 1090
f 1069 1090 1084
f 1070 1086 1085
f 1070 1085 1076
f 1072 1091 1073
f 1072 1076 1085
f 1072 1085 1091
f 1073 1091 1092
f 1073 1092 1093
f 1073 1093 1094
f 1073 1094 1074
f 1074 1094 1077
f 1074 1077 1075
f 1077 1094 1095
f 1077 1095 1096
f 1077 1096 1081
f 1079 1083 1080
f 1080 1083 1097
f 1081 1098 1099
f 1081 1099 1100
f 1081 1100 1082
f 1081 1096 1098
f 1082 1100 1101
f 1082 1101 1083
f 1083 1102 1097
f 1083 1101 1099
f 1083 1099 1102
f 1084 1103 1085
f 1084 1090 1103
f 1085 1103 1104
f 1085 1104 1105
f 1085 1105 1091
f 1090 1106 1104
f 1090 1104 1103
f 1091 1105 1092
f 1092 1105 1107
f 1092 1107 1108
f 1092 1108 1093
f 1093 1108 1096
f 1093 1096 1095
f 1093 1095 1094
f 1096 1108 1109
f 1096 1109 1098
f 1097 1110 1111
f 1097 1111 1112
f 1097 1102 1110
f 1098 1113 1099
f 1098 1109 1114
f 1098 1114 1115
f 1098 1115 1116
f 1098 1116 1113
f 1099 1101 1100
f 1099 1113 1128
f 1099 1128 1137
f 1099 1137 1136
f 1099 1136 1135
f 1099 1135 1134
f 1099 1134 1133
f 1099 1133 1153
f 1099 1153 1171
f 1099 1171 1173
f 1099 1173 1194
f 1099 1194 1193
f 1099 1193 1198
f 1099 1198 1197
f 1099 1197 1176
f 1099 1176 1158
f 1099 1158 1140
f 1099 1140 1117
f 1099 1117 1102
f 1102 1117 1118
f 1102 1118 1110
f 1104 1119 1105
f 1104 1106 1119
f 1105 1119 1120
f 1105 1120 1121
f 1105 1121 1107
f 1106 1122 1123
f 1106 1123 1120
f 1106 1120 1119
f 1107 1121 1124
f 1107 1124 1108
f 1108 1124 1114
f 1108 1114 1109
f 1110 1118 1125
f 1110 1125 1111
f 1111 1125 1126
f 1111 1126 1127
f 1111 1127 1112
f 1113 1116 1128
f 1114 1124 1129
f 1114 1129 1115
f 1115 1129 1130
f 1115 1130 1131
f 1115 1131 1132
f 1115 1132 1116
f 1116 1133 1134
f 1116 1134 1135
f 1116 1135 1136
f 1116 1136 1137
f 1116 1137 1128
f 1116 1132 1138
f 1116 1138 1145
f 1116 1145 1144
f 1116 1144 1123
f 1116 1123 1147
f 1116 1147 1163
f 1116 1163 1184
f 1116 1184 1183
f 1116 1183 1208
f 1116 1208 1232
f 1116 1232 1252
f 1116 1252 1261
f 1116 1261 1260
f 1116 1260 1263
f 1116 1263 1262
f 1116 1262 1255
f 1116 1255 1243
f 1116 1243 1245
f 1116 1245 1240
f 1116 1240 1217
f 1116 1217 1216
f 1116 1216 1191
f 1116 1191 1172
f 1116 1172 1155
f 1116 1155 1154
f 1116 1154 1139
f 1116 1139 1133
f 1117 1140 1141
f 1117 1141 1118
f 1118 1141 1142
f 1118 1142 1143
f 1118 1143 1125
f 1120 1123 1144
f 1120 1144 1145
f 1120 1145 1130
f 1120 1130 1129
f 1120 1129 1121
f 1121 1129 1124
f 1122 1146 1147
f 1122 1147 1123
f 1125 1143 1148
f 1125 1148 1149
f 1125 1149 1150
f 1125 1150 1126
f 1126 1151 1127
f 1126 1150 1152
f 1126 1152 1151
f 1130 1145 1138
f 1130 1138 1131
f 1131 1138 1132
f 1133 1139 1154
f 1133 1154 1155
f 1133 1155 1153
f 1140 1156 1157
f 1140 1157 1141
f 1140 1158 1156
f 1141 1157 1142
f 1142 1157 1156
f 1142 1156 1159
f 1142 1159 1143
f 1143 1159 1160
f 1143 1160 1161
f 1143 1161 1148
f 1146 1162 1184
f 1146 1184 1163
f 1146 1163 1147
f 1148 1161 1164
f 1148 1164 1149
f 1149 1165 1150
f 1149 1164 1166
f 1149 1166 1167
f 1149 1167 1165
f 1150 1165 1152
f 1151 1152 1168
f 1152 1169 1168
f 1152 1165 1167
f 1152 1167 1170
f 1152 1170 1169
f 1153 1155 1171
f 1155 1172 1173
f 1155 1173 1171
f 1156 1174 1159
f 1156 1158 1175
f 1156 1175 1174
f 1158 1176 1175
f 1159 1177 1160
f 1159 1174 1177
f 1160 1177 1178
f 1160 1178 1179
f 1160 1179 1180
f 1160 1180 1161
f 1161 1180 1179
f 1161 1179 1181
f 1161 1181 1164
f 1162 1182 1183
f 1162 1183 1184
f 1164 1181 1185
f 1164 1185 1166
f 1166 1185 1186
f 1166 1186 1167
f 1167 1186 1187
f 1167 1187 1170
f 1168 1169 1188
f 1169 1170 1189
f 1169 1189 1188
f 1170 1187 1190
f 1170 1190 1189
f 1172 1191 1192
f 1172 1192 1193
f 1172 1193 1194
f 1172 1194 1173
f 1174 1175 1192
f 1174 1192 1195
f 1174 1195 1196
f 1174 1196 1177
f 1175 1176 1197
f 1175 1197 1198
f 1175 1198 1193
f 1175 1193 1192
f 1177 1196 1199
f 1177 1199 1178
f 1178 1199 1179
f 1179 1200 1181
f 1179 1199 1201
f 1179 1201 1202
f 1179 1202 1200
f 1181 1203 1204
f 1181 1204 1185
f 1181 1200 1203
f 1182 1205 1183
f 1183 1205 1206
f 1183 1206 1207
f 1183 1207 1208
f 1185 1204 1209
f 1185 1209 1210
f 1185 1210 1211
f 1185 1211 1212
f 1185 1212 1186
f 1186 1212 1187
f 1187 1212 1213
f 1187 1213 1214
f 1187 1214 1190
f 1189 1190 1214
f 1189 1214 1215
f 1191 1216 1192
f 1192 1216 1195
f 1195 1216 1217
f 1195 1217 1218
f 1195 1218 1219
f 1195 1219 1196
f 1196 1201 1199
f 1196 1219 1201
f 1200 1202 1220
f 1200 1220 1203
f 1201 1221 1222
f 1201 1222 1202
f 1201 1219 1223
f 1201 1223 1224
f 1201 1224 1221
f 1202 1222 1220
f 1203 1225 1204
f 1203 1220 1225
f 1204 1225 1226
f 1204 1226 1227
f 1204 1227 1209
f 1207 1228 1229
f 1207 1229 1230
f 1207 1230 1208
f 1208 1230 1231
f 1208 1231 1232
f 1209 1227 1233
f 1209 1233 1229
f 1209 1229 1234
f 1209 1234 1235
f 1209 1235 1210
f 1210 1235 1211
f 1211 1236 1212
f 1211 1235 1237
f 1211 1237 1236
f 1212 1236 1213
f 1213 1236 1237
f 1213 1237 1238
f 1213 1238 1214
f 1214 1238 1239
f 1214 1239 1215
f 1217 1240 1218
f 1218 1240 1223
f 1218 1223 1219
f 1220 1241 1225
f 1220 1222 1221
f 1220 1221 1242
f 1220 1242 1241
f 1221 1224 1242
f 1223 1243 1244
f 1223 1244 1242
f 1223 1242 1224
f 1223 1240 1245
f 1223 1245 1243
f 1225 1246 1226
f 1225 1241 1246
f 1226 1246 1247
f 1226 1247 1248
f 1226 1248 1249
f 1226 1249 1227
f 1227 1249 1233
f 1228 1237 1235
f 1228 1235 1229
f 1229 1235 1234
f 1229 1233 1250
f 1229 1250 1230
f 1230 1250 1231
f 1231 1251 1252
f 1231 1252 1232
f 1231 1250 1251
f 1233 1249 1250
f 1241 1242 1247
f 1241 1247 1246
f 1242 1253 1254
f 1242 1254 1247
f 1242 1244 1253
f 1243 1255 1244
f 1244 1255 1256
f 1244 1256 1257
f 1244 1257 1253
f 1247 1254 1258
f 1247 1258 1248
f 1248 1258 1257
f 1248 1257 1256
f 1248 1256 1259
f 1248 1259 1251
f 1248 1251 1250
f 1248 1250 1249
f 1251 1259 1260
f 1251 1260 1261
f 1251 1261 1252
f 1253 1257 1258
f 1253 1258 1254
f 1255 1262 1256
f 1256 1262 1263
f 1256 1263 1259
f 1259 1263 1260

o geometry_8
v -0.00660547 -0.00174974 0.01143115
v -0.00663036 0.00033055 0.01271931
v -0.00660237 -0.00172775 0.01143115
v -0.00609742 -0.00174974 0.01143115
v -0.00665055 -0.00174974 0.01245008
v -0.00669413 -0.00086904 0.01300287
v -0.00669625 -0.00054119 0.01300287
v -0.00669829 -0.00021314 0.01300287
v -0.00669838 0.00011491 0.01300287
v -0.00669723 0.00033055 0.01300287
v -0.00654187 0.00033055 0.01255534
v -0.00659209 -0.00165648 0.01143115
v -0.00582072 -0.00156444 0.01143115
v -0.00637234 -0.00174974 0.01874629
v -0.00665445 -0.00174974 0.01277803
v -0.00667004 -0.00152493 0.01300287
v -0.00668633 -0.00119688 0.01300287
v -0.00670786 -0.00054119 0.01333082
v -0.00671246 -0.00021314 0.01333082
v -0.00671255 0.00011491 0.01333082
v -0.00670989 0.00033055 0.01333082
v -0.00637792 0.00033055 0.01242144
v -0.00647022 -0.00149235 0.01143115
v -0.00582072 -0.00121215 0.01143115
v -0.00582072 -0.00155242 0.01169035
v -0.00639112 0.00033055 0.01874629
v -0.00666818 -0.00174974 0.01874629
v -0.00582072 -0.00145977 0.01201258
v -0.00582072 -0.00138606 0.01214290
v -0.00582072 -0.00119464 0.01233695
v -0.00582072 -0.00105373 0.01246369
v -0.00582072 -0.00084643 0.01257897
v -0.00582072 -0.00053549 0.01266418
v -0.00582072 -0.00026670 0.01268351
v -0.00582072 -0.00021314 0.01268566
v -0.00582072 0.00011491 0.01268566
v -0.00582072 0.00028758 0.01267349
v -0.00582072 0.00033055 0.01266991
v -0.00665525 -0.00174974 0.01310598
v -0.00667367 -0.00152493 0.01464262
v -0.00668713 -0.00119688 0.01333082
v -0.00665578 -0.00174974 0.01333082
v -0.00665808 -0.00174974 0.01431467
v -0.00666109 -0.00174974 0.01562575
v -0.00666410 -0.00174974 0.01693755
v -0.00666711 -0.00174974 0.01825007
v -0.00669944 -0.00086904 0.01333082
v -0.00671326 -0.00021314 0.01365877
v -0.00671813 -0.00054119 0.01874629
v -0.00672495 -0.00021314 0.01874629
v -0.00672460 -0.00021314 0.01857802
v -0.00672159 -0.00021314 0.01726622
v -0.00671733 0.00011491 0.01529780
v -0.00671122 0.00033055 0.01387430
v -0.00608386 0.00033055 0.01232406
v -0.00630627 -0.00131845 0.01143115
v -0.00643576 -0.00145386 0.01143115
v -0.00582479 -0.00121256 0.01143115
v -0.00597147 0.00033055 0.01231976
v -0.00582072 0.00033055 0.01231618
v -0.00672274 0.00033055 0.01874629
v -0.00668191 -0.00152493 0.01874629
v -0.00668164 -0.00152493 0.01857802
v -0.00667969 -0.00152493 0.01759417
v -0.00667836 -0.00152493 0.01693755
v -0.00667570 -0.00152493 0.01562575
v -0.00667438 -0.00152493 0.01497057
v -0.00666782 -0.00174974 0.01857802
v -0.00668979 -0.00119688 0.01497057
v -0.00669121 -0.00119688 0.01595370
v -0.00669253 -0.00119688 0.01693755
v -0.00669298 -0.00119688 0.01726622
v -0.00672557 0.00011491 0.01874629
v -0.00672283 0.00011491 0.01759417
v -0.00671813 0.00011491 0.01562575
v -0.00669369 -0.00119688 0.01792212
v -0.00671237 -0.00070104 0.01874629
v -0.00671202 0.00033055 0.01420225
v -0.00608386 -0.00124127 0.01143115
v -0.00672415 0.00022527 0.01874629
v -0.00672238 0.00033055 0.01857802
v -0.00669439 -0.00119688 0.01874629
v -0.00669431 -0.00119688 0.01857802
v -0.00672008 0.00033055 0.01759417
v -0.00671981 0.00033055 0.01748175
v -0.00671592 0.00033055 0.01584128
v -0.00670051 -0.00102889 0.01874629
f 1264 1265 1266
f 1264 1266 1275
f 1264 1275 1286
f 1264 1286 1320
f 1264 1320 1319
f 1264 1319 1342
f 1264 1342 1321
f 1264 1321 1287
f 1264 1287 1276
f 1264 1276 1267
f 1264 1267 1277
f 1264 1277 1290
f 1264 1290 1331
f 1264 1331 1309
f 1264 1309 1308
f 1264 1308 1307
f 1264 1307 1306
f 1264 1306 1305
f 1264 1305 1302
f 1264 1302 1278
f 1264 1278 1268
f 1264 1268 1269
f 1264 1269 1270
f 1264 1270 1271
f 1264 1271 1272
f 1264 1272 1273
f 1264 1273 1265
f 1265 1274 1275
f 1265 1275 1266
f 1265 1273 1284
f 1265 1284 1317
f 1265 1317 1341
f 1265 1341 1349
f 1265 1349 1348
f 1265 1348 1347
f 1265 1347 1344
f 1265 1344 1324
f 1265 1324 1289
f 1265 1289 1301
f 1265 1301 1323
f 1265 1323 1322
f 1265 1322 1318
f 1265 1318 1285
f 1265 1285 1274
f 1267 1276 1277
f 1268 1278 1279
f 1268 1279 1280
f 1268 1280 1269
f 1269 1280 1281
f 1269 1281 1282
f 1269 1282 1270
f 1270 1282 1271
f 1271 1282 1283
f 1271 1283 1272
f 1272 1283 1273
f 1273 1283 1284
f 1274 1285 1275
f 1275 1285 1286
f 1276 1287 1323
f 1276 1323 1301
f 1276 1301 1300
f 1276 1300 1299
f 1276 1299 1298
f 1276 1298 1297
f 1276 1297 1296
f 1276 1296 1295
f 1276 1295 1294
f 1276 1294 1293
f 1276 1293 1292
f 1276 1292 1291
f 1276 1291 1288
f 1276 1288 1277
f 1277 1289 1324
f 1277 1324 1343
f 1277 1343 1336
f 1277 1336 1313
f 1277 1313 1312
f 1277 1312 1340
f 1277 1340 1350
f 1277 1350 1345
f 1277 1345 1325
f 1277 1325 1290
f 1277 1288 1291
f 1277 1291 1292
f 1277 1292 1293
f 1277 1293 1294
f 1277 1294 1295
f 1277 1295 1296
f 1277 1296 1297
f 1277 1297 1298
f 1277 1298 1299
f 1277 1299 1300
f 1277 1300 1301
f 1277 1301 1289
f 1278 1302 1279
f 1279 1303 1304
f 1279 1304 1280
f 1279 1302 1305
f 1279 1305 1306
f 1279 1306 1307
f 1279 1307 1308
f 1279 1308 1309
f 1279 1309 1303
f 1280 1304 1310
f 1280 1310 1281
f 1281 1311 1282
f 1281 1310 1312
f 1281 1312 1313
f 1281 1313 1314
f 1281 1314 1315
f 1281 1315 1311
f 1282 1311 1338
f 1282 1338 1316
f 1282 1316 1283
f 1283 1317 1284
f 1283 1316 1317
f 1285 1318 1319
f 1285 1319 1320
f 1285 1320 1286
f 1287 1321 1318
f 1287 1318 1322
f 1287 1322 1323
f 1290 1325 1326
f 1290 1326 1327
f 1290 1327 1328
f 1290 1328 1329
f 1290 1329 1330
f 1290 1330 1331
f 1303 1330 1304
f 1303 1309 1331
f 1303 1331 1330
f 1304 1330 1329
f 1304 1329 1328
f 1304 1328 1327
f 1304 1327 1326
f 1304 1326 1332
f 1304 1332 1310
f 1310 1332 1333
f 1310 1333 1334
f 1310 1334 1335
f 1310 1335 1312
f 1311 1315 1336
f 1311 1336 1337
f 1311 1337 1338
f 1312 1335 1339
f 1312 1339 1340
f 1313 1336 1314
f 1314 1336 1315
f 1316 1338 1341
f 1316 1341 1317
f 1318 1321 1342
f 1318 1342 1319
f 1324 1344 1343
f 1325 1345 1346
f 1325 1346 1339
f 1325 1339 1335
f 1325 1335 1334
f 1325 1334 1333
f 1325 1333 1332
f 1325 1332 1326
f 1336 1343 1347
f 1336 1347 1348
f 1336 1348 1349
f 1336 1349 1341
f 1336 1341 1337
f 1337 1341 1338
f 1339 1346 1340
f 1340 1346 1350
f 1343 1344 1347
f 1345 1350 1346

o geometry_9
v -0.00673550 0.00077548 0.02907938
v -0.00674035 -0.00037677 0.02940256
v -0.00673621 0.00057913 0.02940289
v -0.00674136 -0.00061989 0.02908117
v -0.00665425 -0.00045869 0.02967242
v -0.00665101 0.00077150 0.02966909
v -0.00668456 -0.00185274 0.02908117
v -0.00536996 0.00522264 0.02906591
v -0.00632075 -0.00361329 0.02907914
v -0.00652024 -0.00013100 0.02983953
v -0.00651599 0.00060699 0.02983547
v -0.00668295 -0.00185274 0.02940256
v -0.00436461 -0.00633704 0.02907711
v -0.00510620 -0.00563256 0.02907711
v -0.00561413 -0.00499839 0.02907711
v -0.00596986 -0.00440800 0.02907711
v -0.00666920 0.00191911 0.02907938
v -0.00658067 0.00259839 0.02907938
v -0.00632024 0.00351615 0.02907938
v -0.00599573 0.00424883 0.02907938
v -0.00599614 0.00424883 0.02940289
v -0.00596986 -0.00440800 0.02940256
v -0.00631913 -0.00361329 0.02940256
v -0.00658067 -0.00269521 0.02908117
v -0.00586516 -0.00004907 0.03049628
v -0.00583687 0.00159075 0.03046803
v -0.00648851 0.00175460 0.02980576
v -0.00662837 0.00175460 0.02964166
v -0.00668295 0.00175460 0.02940289
v -0.00657825 -0.00268725 0.02957186
v -0.00662797 -0.00185274 0.02964150
v -0.00536875 0.00522264 0.02940272
v -0.00262111 0.00684123 0.02906591
v -0.00262070 0.00469593 0.02989829
v -0.00436340 -0.00633704 0.02940256
v -0.00494996 -0.00580636 0.02940256
v -0.00526001 -0.00545610 0.02940256
v -0.00560523 -0.00498777 0.02958469
v -0.00657865 0.00258910 0.02957186
v -0.00631913 0.00351449 0.02940289
v -0.00626617 0.00360935 0.02959345
v -0.00595854 0.00424883 0.02961666
v -0.00595248 -0.00437483 0.02960952
v -0.00626617 -0.00370616 0.02959345
v -0.00651317 -0.00086832 0.02983287
v -0.00570144 -0.00004907 0.03063051
v -0.00565758 0.00191911 0.03060527
v -0.00638401 -0.00226237 0.02986237
v -0.00615460 -0.00349256 0.02980398
v -0.00626375 -0.00274562 0.02991014
v -0.00648810 -0.00185274 0.02980544
v -0.00530529 0.00524917 0.02961358
v -0.00262070 0.00503424 0.03070745
v -0.00436340 -0.00625611 0.02964864
v -0.00467426 -0.00601332 0.02962948
v -0.00515127 -0.00551846 0.02962194
v -0.00615420 0.00339442 0.02980414
v -0.00587810 0.00394766 0.02985519
v -0.00527456 -0.00498246 0.02990316
v -0.00556481 -0.00459639 0.02987118
v -0.00587850 -0.00404580 0.02985527
v -0.00583666 -0.00168889 0.03046795
v -0.00567254 -0.00168889 0.03061574
v -0.00542777 -0.00004907 0.03071443
v -0.00542737 0.00159075 0.03069958
v -0.00542737 0.00224681 0.03067085
v -0.00558644 -0.00282191 0.03054505
v -0.00483434 0.00575332 0.02962932
v -0.00527335 0.00488432 0.02990299
v -0.00487113 0.00545481 0.02984829
v -0.00478866 0.00586875 0.02940272
v -0.00474167 0.00591153 0.02906591
v -0.00262030 0.00721404 0.02906591
v -0.00262070 0.00469858 0.03038606
v -0.00262070 0.00477155 0.03061526
v -0.00473368 -0.00566572 0.02986809
v -0.00627426 0.00252940 0.02992061
v -0.00620837 0.00306672 0.02985884
v -0.00527416 0.00358016 0.03055942
v -0.00556562 0.00442130 0.02990730
v -0.00464596 -0.00468661 0.03057760
v -0.00527456 -0.00367830 0.03055974
v -0.00542777 -0.00168889 0.03069966
v -0.00509993 -0.00283716 0.03071849
v -0.00509912 0.00273902 0.03071817
v -0.00509912 0.00306672 0.03070632
v -0.00536875 0.00306672 0.03062191
v -0.00560119 0.00261431 0.03055925
v -0.00564728 -0.00218044 0.03059805
v -0.00536956 -0.00316354 0.03062207
v -0.00262030 0.00545348 0.03072417
v -0.00421181 -0.00373402 0.03072044
v -0.00436340 -0.00496920 0.03059513
v -0.00436340 -0.00554566 0.03021538
v -0.00505182 0.00384816 0.03060527
v -0.00485860 -0.00428395 0.03060381
v -0.00516218 -0.00403851 0.03049132
v -0.00542777 -0.00234429 0.03067085
v -0.00509993 -0.00316354 0.03070648
v -0.00440382 -0.00414796 0.03071995
v -0.00444384 0.00404982 0.03071979
v -0.00509912 0.00339442 0.03067126
v -0.00510276 -0.00364646 0.03064390
v -0.00459462 0.00568035 0.02988717
v -0.00464556 0.00458714 0.03057711
v -0.00425587 0.00533740 0.03036958
v -0.00433146 0.00622165 0.02961212
v -0.00443940 0.00617588 0.02940272
v -0.00338109 0.00688103 0.02906591
v -0.00262030 0.00719016 0.02960043
v -0.00267568 0.00718087 0.02958809
v -0.00440382 -0.00447699 0.03070080
v -0.00457967 0.00453871 0.03061704
v -0.00296835 0.00552645 0.03071776
v -0.00444384 0.00437752 0.03069771
v -0.00396118 0.00618849 0.02989958
v -0.00383930 0.00540440 0.03057954
v -0.00396926 0.00652149 0.02958306
v -0.00397896 0.00652945 0.02906591
v -0.00338068 0.00688103 0.02940272
v -0.00329640 0.00552645 0.03068278
v -0.00412166 0.00503822 0.03062694
v -0.00357674 0.00648169 0.02987085
v -0.00335198 0.00686644 0.02960562
v -0.00313248 0.00676561 0.02982589
v -0.00262030 0.00693808 0.02987556
v -0.00262030 0.00594636 0.03066752
v -0.00262030 0.00619645 0.03056218
v -0.00329781 0.00585548 0.03055098
f 1351 1352 1353
f 1351 1354 1352
f 1352 1355 1356
f 1352 1356 1353
f 1351 1357 1354
f 1351 1358 1359
f 1351 1359 1357
f 1355 1360 1356
f 1356 1360 1361
f 1357 1362 1354
f 1354 1362 1352
f 1358 1422 1469
f 1358 1469 1459
f 1358 1459 1423
f 1358 1423 1383
f 1358 1363 1364
f 1358 1364 1365
f 1358 1365 1366
f 1358 1366 1359
f 1358 1351 1367
f 1358 1367 1368
f 1358 1368 1369
f 1358 1369 1370
f 1358 1370 1371
f 1359 1366 1372
f 1359 1372 1373
f 1359 1374 1357
f 1361 1360 1375
f 1361 1375 1376
f 1361 1376 1377
f 1361 1377 1356
f 1356 1377 1378
f 1356 1378 1353
f 1353 1378 1379
f 1353 1379 1351
f 1357 1374 1380
f 1357 1380 1362
f 1362 1380 1381
f 1362 1381 1352
f 1352 1381 1355
f 1358 1371 1382
f 1358 1383 1363
f 1363 1383 1384
f 1363 1385 1364
f 1364 1385 1386
f 1364 1386 1387
f 1364 1387 1388
f 1364 1388 1365
f 1365 1388 1372
f 1365 1372 1366
f 1351 1379 1367
f 1367 1379 1389
f 1367 1389 1368
f 1368 1389 1369
f 1369 1389 1390
f 1369 1390 1371
f 1369 1371 1370
f 1371 1390 1391
f 1371 1391 1392
f 1371 1392 1382
f 1372 1388 1393
f 1372 1393 1394
f 1372 1394 1373
f 1359 1373 1380
f 1359 1380 1374
f 1355 1395 1360
f 1360 1395 1375
f 1375 1396 1376
f 1376 1396 1397
f 1380 1373 1394
f 1380 1394 1399
f 1380 1399 1400
f 1380 1400 1398
f 1380 1398 1381
f 1381 1398 1401
f 1381 1401 1395
f 1381 1395 1355
f 1382 1392 1402
f 1363 1384 1385
f 1384 1383 1403
f 1385 1404 1405
f 1385 1405 1386
f 1386 1405 1406
f 1386 1406 1387
f 1387 1406 1388
f 1379 1378 1389
f 1390 1389 1391
f 1391 1407 1408
f 1391 1408 1392
f 1388 1409 1410
f 1393 1388 1410
f 1393 1410 1411
f 1394 1393 1411
f 1394 1411 1399
f 1395 1412 1375
f 1375 1412 1413
f 1375 1413 1396
f 1396 1414 1415
f 1396 1415 1397
f 1397 1415 1416
f 1376 1397 1377
f 1378 1377 1389
f 1399 1417 1400
f 1395 1401 1412
f 1402 1418 1382
f 1402 1419 1420
f 1358 1421 1422
f 1358 1382 1421
f 1383 1423 1460
f 1383 1460 1476
f 1383 1476 1478
f 1383 1478 1477
f 1383 1477 1441
f 1383 1441 1403
f 1385 1384 1424
f 1385 1424 1425
f 1385 1425 1404
f 1384 1403 1424
f 1405 1404 1426
f 1406 1405 1426
f 1406 1409 1388
f 1389 1377 1427
f 1389 1427 1428
f 1389 1428 1391
f 1391 1428 1407
f 1408 1407 1429
f 1392 1408 1430
f 1392 1430 1402
f 1411 1432 1399
f 1413 1433 1396
f 1396 1433 1414
f 1414 1434 1435
f 1414 1435 1415
f 1415 1435 1436
f 1415 1436 1416
f 1416 1436 1437
f 1416 1437 1397
f 1397 1437 1438
f 1397 1438 1427
f 1397 1427 1377
f 1400 1439 1398
f 1417 1432 1440
f 1399 1432 1417
f 1401 1398 1412
f 1402 1420 1418
f 1418 1421 1382
f 1402 1430 1419
f 1424 1403 1425
f 1403 1441 1442
f 1425 1403 1443
f 1425 1443 1444
f 1425 1444 1404
f 1426 1404 1444
f 1426 1444 1443
f 1426 1443 1431
f 1426 1431 1409
f 1426 1409 1406
f 1427 1438 1428
f 1428 1438 1407
f 1407 1438 1429
f 1408 1429 1430
f 1431 1443 1446
f 1409 1431 1410
f 1411 1410 1447
f 1411 1447 1432
f 1432 1447 1446
f 1412 1398 1439
f 1412 1439 1413
f 1413 1439 1448
f 1413 1448 1433
f 1433 1448 1449
f 1433 1449 1434
f 1433 1434 1414
f 1434 1450 1451
f 1434 1451 1435
f 1435 1451 1436
f 1436 1452 1437
f 1437 1452 1445
f 1437 1445 1429
f 1437 1429 1438
f 1439 1400 1417
f 1432 1453 1440
f 1440 1453 1449
f 1440 1449 1448
f 1417 1440 1439
f 1420 1454 1418
f 1420 1455 1456
f 1420 1456 1454
f 1418 1457 1421
f 1418 1454 1457
f 1419 1455 1420
f 1421 1457 1458
f 1421 1458 1422
f 1423 1461 1460
f 1403 1442 1443
f 1441 1450 1442
f 1442 1450 1462
f 1442 1462 1443
f 1429 1445 1455
f 1445 1463 1455
f 1430 1455 1419
f 1430 1429 1455
f 1443 1462 1446
f 1446 1462 1453
f 1446 1447 1431
f 1446 1453 1432
f 1431 1447 1410
f 1439 1440 1448
f 1434 1449 1450
f 1450 1441 1451
f 1451 1441 1464
f 1451 1465 1436
f 1436 1465 1452
f 1452 1465 1445
f 1453 1462 1449
f 1454 1456 1466
f 1454 1466 1457
f 1456 1455 1467
f 1457 1468 1458
f 1457 1466 1468
f 1458 1469 1422
f 1423 1459 1470
f 1423 1470 1461
f 1445 1465 1463
f 1462 1450 1449
f 1464 1471 1465
f 1464 1465 1451
f 1465 1471 1472
f 1465 1472 1463
f 1456 1467 1466
f 1455 1472 1467
f 1455 1463 1472
f 1468 1466 1473
f 1468 1474 1470
f 1459 1469 1470
f 1470 1469 1468
f 1470 1474 1461
f 1461 1474 1475
f 1461 1475 1476
f 1461 1476 1460
f 1441 1477 1464
f 1464 1477 1471
f 1471 1467 1472
f 1468 1469 1458
f 1468 1473 1474
f 1471 1477 1479
f 1471 1479 1467
f 1467 1479 1466
f 1466 1479 1473
f 1473 1479 1475
f 1473 1475 1474
f 1475 1478 1476
f 1477 1478 1479
f 1479 1478 1475

o geometry_10
v -0.00624830 -0.00373459 0.01874755
v -0.00585327 -0.00373459 0.01874755
v -0.00624877 -0.00373459 0.01890767
v -0.00626560 -0.00370020 0.01923540
v -0.00626501 -0.00369785 0.01874755
v -0.00672133 0.00033040 0.01817537
v -0.00639088 0.00033040 0.01817537
v -0.00554835 0.00425000 0.01817537
v -0.00585327 -0.00373459 0.01876249
v -0.00626642 -0.00370254 0.01989084
v -0.00627689 -0.00373459 0.02874579
v -0.00633971 -0.00349230 0.01874755
v -0.00672027 0.00041715 0.01817537
v -0.00641794 -0.00316404 0.01874755
v -0.00659204 -0.00242779 0.01874755
v -0.00662886 -0.00218003 0.01874755
v -0.00664592 -0.00201277 0.01874755
v -0.00666180 -0.00185255 0.01874755
v -0.00668192 -0.00152507 0.01874755
v -0.00669439 -0.00119681 0.01874755
v -0.00670051 -0.00102877 0.01874755
v -0.00671239 -0.00070050 0.01874755
v -0.00671803 -0.00054106 0.01874755
v -0.00672156 -0.00037302 0.01874755
v -0.00672486 -0.00021280 0.01874755
v -0.00672556 0.00011546 0.01874755
v -0.00595750 0.00425000 0.01817537
v -0.00555011 0.00425000 0.01890661
v -0.00555494 0.00425000 0.02087508
v -0.00555635 0.00425000 0.02143979
v -0.00555717 0.00425000 0.02176858
v -0.00555741 0.00425000 0.02185932
v -0.00588586 -0.00373459 0.02839779
v -0.00627771 -0.00373459 0.02907352
v -0.00636500 -0.00349230 0.02907352
v -0.00658099 -0.00269587 0.02907352
v -0.00657640 -0.00267555 0.02710611
v -0.00671992 0.00044294 0.01817537
v -0.00672415 0.00022566 0.01874755
v -0.00672168 0.00044294 0.01890661
v -0.00660922 -0.00250829 0.02907352
v -0.00665357 -0.00218003 0.02907352
v -0.00666451 -0.00185255 0.01989084
v -0.00667051 -0.00185255 0.02251477
v -0.00668498 -0.00185255 0.02907352
v -0.00668227 -0.00152507 0.01890767
v -0.00673591 -0.00086854 0.02907352
v -0.00672968 -0.00086854 0.02677732
v -0.00671850 -0.00054106 0.01890767
v -0.00673650 -0.00054106 0.02546535
v -0.00674003 -0.00054106 0.02677732
v -0.00675003 -0.00021280 0.02907352
v -0.00675015 0.00011546 0.02907352
v -0.00605432 0.00405070 0.01817537
v -0.00597197 0.00425000 0.02185932
v -0.00555835 0.00425000 0.02209844
v -0.00588621 -0.00373459 0.02848639
v -0.00627771 -0.00373459 0.02908099
v -0.00636488 -0.00349230 0.02908099
v -0.00658099 -0.00269587 0.02908099
v -0.00670921 0.00077042 0.01817537
v -0.00673380 0.00077042 0.02808928
v -0.00672980 0.00077042 0.02644959
v -0.00673803 0.00044294 0.02579308
v -0.00673615 0.00077042 0.02907352
v -0.00660922 -0.00250829 0.02908099
v -0.00665345 -0.00218003 0.02908099
v -0.00665416 -0.00217378 0.02908099
v -0.00668498 -0.00185255 0.02908099
v -0.00670345 -0.00152507 0.02907352
v -0.00672015 -0.00119681 0.02907352
v -0.00672015 -0.00119681 0.02908099
v -0.00673580 -0.00086854 0.02908099
v -0.00674544 -0.00054106 0.02907352
v -0.00674991 -0.00021280 0.02908099
v -0.00674991 0.00011937 0.02908099
v -0.00674709 0.00033196 0.02907886
v -0.00674568 0.00044294 0.02907352
v -0.00674109 0.00044294 0.02710504
v -0.00618948 0.00376699 0.01817537
v -0.00599608 0.00425000 0.02899772
v -0.00555870 0.00425000 0.02218705
v -0.00588915 -0.00373459 0.02908099
v -0.00557058 0.00425000 0.02478749
v -0.00668110 0.00142695 0.01817537
v -0.00673591 0.00077589 0.02907886
v -0.00670333 -0.00152507 0.02908099
v -0.00674533 -0.00054106 0.02908099
v -0.00674697 0.00033040 0.02908099
v -0.00674556 0.00044294 0.02907886
v -0.00674544 0.00044763 0.02907886
v -0.00624771 0.00364116 0.01817537
v -0.00627689 0.00363568 0.02874579
v -0.00627724 0.00363647 0.02907352
v -0.00599620 0.00425000 0.02907352
v -0.00560670 0.00425000 0.02907886
v -0.00639276 0.00033040 0.02908099
v -0.00666627 0.00167862 0.01817537
v -0.00672062 0.00109869 0.02907352
v -0.00670380 0.00143164 0.02907886
v -0.00668545 0.00175443 0.02907352
v -0.00667286 0.00175443 0.02317129
v -0.00667145 0.00175443 0.02251477
v -0.00666569 0.00175443 0.01989084
v -0.00672027 0.00110338 0.02907886
v -0.00599620 0.00425000 0.02907886
v -0.00627724 0.00363647 0.02907886
v -0.00636488 0.00339418 0.02907886
v -0.00658110 0.00259853 0.02907886
v -0.00660910 0.00241330 0.02907886
v -0.00665392 0.00208269 0.02907886
v -0.00668545 0.00175443 0.02907886
v -0.00626524 0.00360286 0.01817537
v -0.00627583 0.00363256 0.02776155
v -0.00636488 0.00339418 0.02907352
v -0.00666345 0.00175443 0.01890661
v -0.00666192 0.00175443 0.01825116
v -0.00666169 0.00175443 0.01817537
v -0.00665392 0.00208269 0.02907352
v -0.00664510 0.00208269 0.02513763
v -0.00663992 0.00208269 0.02284356
v -0.00663686 0.00200688 0.01817537
v -0.00658110 0.00259853 0.02907352
v -0.00659193 0.00233280 0.01817537
v -0.00660063 0.00227496 0.01817537
v -0.00662933 0.00208269 0.01817537
v -0.00633935 0.00339418 0.01817537
v -0.00657593 0.00257587 0.02654887
f 1480 1481 1488
f 1480 1488 1512
f 1480 1512 1536
f 1480 1536 1562
f 1480 1562 1537
f 1480 1537 1513
f 1480 1513 1490
f 1480 1490 1482
f 1480 1482 1483
f 1480 1483 1484
f 1480 1484 1485
f 1480 1485 1486
f 1480 1486 1481
f 1481 1486 1487
f 1481 1487 1488
f 1482 1489 1483
f 1482 1490 1489
f 1483 1489 1491
f 1483 1491 1484
f 1484 1491 1485
f 1485 1492 1517
f 1485 1517 1540
f 1485 1540 1564
f 1485 1564 1577
f 1485 1577 1597
f 1485 1597 1601
f 1485 1601 1605
f 1485 1605 1604
f 1485 1604 1603
f 1485 1603 1606
f 1485 1606 1592
f 1485 1592 1571
f 1485 1571 1559
f 1485 1559 1533
f 1485 1533 1506
f 1485 1506 1487
f 1485 1487 1486
f 1485 1491 1493
f 1485 1493 1494
f 1485 1494 1495
f 1485 1495 1496
f 1485 1496 1497
f 1485 1497 1498
f 1485 1498 1499
f 1485 1499 1500
f 1485 1500 1501
f 1485 1501 1502
f 1485 1502 1503
f 1485 1503 1504
f 1485 1504 1505
f 1485 1505 1492
f 1487 1506 1534
f 1487 1534 1560
f 1487 1560 1574
f 1487 1574 1585
f 1487 1585 1575
f 1487 1575 1563
f 1487 1563 1561
f 1487 1561 1535
f 1487 1535 1511
f 1487 1511 1510
f 1487 1510 1509
f 1487 1509 1508
f 1487 1508 1507
f 1487 1507 1488
f 1488 1507 1508
f 1488 1508 1509
f 1488 1509 1510
f 1488 1510 1511
f 1488 1511 1512
f 1489 1490 1513
f 1489 1513 1491
f 1491 1513 1514
f 1491 1514 1515
f 1491 1515 1516
f 1491 1516 1493
f 1492 1505 1518
f 1492 1518 1519
f 1492 1519 1517
f 1493 1516 1494
f 1494 1516 1515
f 1494 1515 1520
f 1494 1520 1495
f 1495 1520 1521
f 1495 1521 1496
f 1496 1522 1497
f 1496 1521 1522
f 1497 1522 1498
f 1498 1522 1523
f 1498 1523 1524
f 1498 1524 1525
f 1498 1525 1526
f 1498 1526 1527
f 1498 1527 1499
f 1499 1527 1500
f 1500 1527 1501
f 1501 1528 1502
f 1501 1527 1528
f 1502 1528 1503
f 1503 1528 1529
f 1503 1529 1504
f 1504 1529 1530
f 1504 1530 1531
f 1504 1531 1505
f 1505 1531 1532
f 1505 1532 1518
f 1506 1533 1534
f 1511 1535 1512
f 1512 1535 1561
f 1512 1561 1536
f 1513 1537 1514
f 1514 1537 1538
f 1514 1538 1539
f 1514 1539 1515
f 1515 1539 1545
f 1515 1545 1520
f 1517 1519 1541
f 1517 1541 1542
f 1517 1542 1540
f 1518 1532 1519
f 1519 1532 1543
f 1519 1543 1544
f 1519 1544 1541
f 1520 1545 1521
f 1521 1545 1546
f 1521 1546 1547
f 1521 1547 1548
f 1521 1548 1524
f 1521 1524 1523
f 1521 1523 1522
f 1524 1548 1549
f 1524 1549 1525
f 1525 1549 1550
f 1525 1550 1526
f 1526 1550 1551
f 1526 1551 1552
f 1526 1552 1567
f 1526 1567 1553
f 1526 1553 1530
f 1526 1530 1529
f 1526 1529 1527
f 1527 1529 1528
f 1530 1553 1531
f 1531 1553 1567
f 1531 1567 1554
f 1531 1554 1532
f 1532 1554 1555
f 1532 1555 1556
f 1532 1556 1557
f 1532 1557 1558
f 1532 1558 1543
f 1533 1559 1534
f 1534 1559 1560
f 1536 1561 1563
f 1536 1563 1562
f 1537 1562 1576
f 1537 1576 1568
f 1537 1568 1555
f 1537 1555 1554
f 1537 1554 1567
f 1537 1567 1552
f 1537 1552 1551
f 1537 1551 1566
f 1537 1566 1548
f 1537 1548 1547
f 1537 1547 1546
f 1537 1546 1545
f 1537 1545 1539
f 1537 1539 1538
f 1540 1542 1564
f 1541 1544 1564
f 1541 1564 1542
f 1543 1558 1544
f 1544 1558 1557
f 1544 1557 1565
f 1544 1565 1564
f 1548 1566 1549
f 1549 1566 1551
f 1549 1551 1550
f 1555 1568 1569
f 1555 1569 1556
f 1556 1569 1557
f 1557 1569 1570
f 1557 1570 1565
f 1559 1571 1560
f 1560 1571 1572
f 1560 1572 1573
f 1560 1573 1574
f 1562 1575 1576
f 1562 1563 1575
f 1564 1565 1578
f 1564 1578 1579
f 1564 1579 1580
f 1564 1580 1581
f 1564 1581 1582
f 1564 1582 1583
f 1564 1583 1577
f 1565 1570 1568
f 1565 1568 1584
f 1565 1584 1578
f 1568 1576 1575
f 1568 1575 1585
f 1568 1585 1586
f 1568 1586 1587
f 1568 1587 1588
f 1568 1588 1589
f 1568 1589 1590
f 1568 1590 1591
f 1568 1591 1579
f 1568 1579 1584
f 1568 1570 1569
f 1571 1592 1572
f 1572 1592 1593
f 1572 1593 1594
f 1572 1594 1573
f 1573 1594 1587
f 1573 1587 1586
f 1573 1586 1585
f 1573 1585 1574
f 1577 1583 1595
f 1577 1595 1596
f 1577 1596 1597
f 1578 1584 1579
f 1579 1591 1580
f 1580 1591 1590
f 1580 1590 1598
f 1580 1598 1581
f 1581 1598 1582
f 1582 1598 1583
f 1583 1598 1599
f 1583 1599 1600
f 1583 1600 1601
f 1583 1601 1595
f 1587 1594 1602
f 1587 1602 1588
f 1588 1602 1589
f 1589 1598 1590
f 1589 1602 1603
f 1589 1603 1604
f 1589 1604 1605
f 1589 1605 1600
f 1589 1600 1599
f 1589 1599 1598
f 1592 1606 1594
f 1592 1594 1593
f 1594 1606 1602
f 1595 1601 1596
f 1596 1601 1597
f 1600 1605 1601
f 1602 1606 1607
f 1602 1607 1603
f 1603 1607 1606

o geometry_11
v -0.00093396 0.00756827 0.02907447
v -0.00093396 0.00727144 0.02907447
v -0.00093396 0.00756827 0.02907190
v -0.00116458 0.00754830 0.02907447
v -0.00093396 0.00726433 0.01454972
v -0.00262078 0.00683275 0.02907447
v -0.00490259 0.00522327 0.02906417
v -0.00262035 0.00522327 0.00326214
v -0.00116458 0.00754623 0.01070993
v -0.00116458 0.00754830 0.02907190
v -0.00093396 0.00756574 0.00808827
v -0.00145556 0.00751409 0.02907447
v -0.00093396 0.00726364 0.00939653
v -0.00262078 0.00721520 0.02907447
v -0.00537033 0.00522327 0.02906417
v -0.00262035 0.00522327 0.00277283
v -0.00145556 0.00751409 0.02907190
v -0.00116458 0.00754577 0.00874240
v -0.00093396 0.00726364 0.00808827
v -0.00262035 0.00536308 0.00276510
v -0.00262035 0.00570536 0.00282949
v -0.00262035 0.00578593 0.00286811
v -0.00262035 0.00587707 0.00295310
v -0.00262035 0.00592505 0.00303293
v -0.00262035 0.00598588 0.00316428
v -0.00411564 0.00598405 0.00316428
v -0.00411564 0.00607243 0.00349134
v -0.00116458 0.00754554 0.00808827
v -0.00247616 0.00726639 0.02907447
v -0.00262122 0.00721520 0.02906417
v -0.00269548 0.00718880 0.02906417
v -0.00338037 0.00688210 0.02906417
v -0.00354410 0.00678637 0.02906417
v -0.00397797 0.00652995 0.02906417
v -0.00414170 0.00640690 0.02906417
v -0.00435668 0.00624323 0.02906417
v -0.00452084 0.00611169 0.02906417
v -0.00470716 0.00594778 0.02906417
v -0.00487089 0.00579259 0.02906417
v -0.00502767 0.00562868 0.02906417
v -0.00503201 0.00562386 0.02906417
v -0.00519184 0.00544136 0.02906417
v -0.00532864 0.00527607 0.02906417
v -0.00532734 0.00527676 0.02874226
v -0.00531995 0.00526804 0.02382342
v -0.00530736 0.00525174 0.01530171
v -0.00532951 0.00522327 0.01530171
v -0.00411564 0.00522327 0.00282949
v -0.00142255 0.00751317 0.00906689
v -0.00144731 0.00751363 0.02349377
v -0.00411564 0.00536308 0.00283206
v -0.00411564 0.00569135 0.00290417
v -0.00429892 0.00586651 0.00298915
v -0.00411564 0.00587225 0.00298658
v -0.00442226 0.00592115 0.00317715
v -0.00444354 0.00601688 0.00349134
v -0.00262035 0.00716493 0.00729765
v -0.00142212 0.00751272 0.00808827
v -0.00142212 0.00751294 0.00841276
v -0.00214827 0.00733549 0.00808827
v -0.00247616 0.00726019 0.01988577
v -0.00262078 0.00720900 0.01955613
v -0.00268506 0.00718627 0.01955870
v -0.00352890 0.00678385 0.01660997
v -0.00335432 0.00687017 0.00808312
v -0.00351761 0.00678018 0.00742641
v -0.00397406 0.00652720 0.02611802
v -0.00433149 0.00622440 0.00709935
v -0.00378514 0.00661604 0.00742641
v -0.00449565 0.00608873 0.00709935
v -0.00468327 0.00592689 0.00944546
v -0.00468067 0.00592551 0.00775605
v -0.00467676 0.00592275 0.00513181
v -0.00486220 0.00578065 0.02119917
v -0.00502637 0.00562753 0.02808813
v -0.00502593 0.00562708 0.02775849
v -0.00519097 0.00544021 0.02841262
v -0.00518358 0.00543218 0.02382342
v -0.00532734 0.00522327 0.01464243
v -0.00516925 0.00541702 0.01595584
v -0.00529520 0.00523636 0.00808312
v -0.00530823 0.00522580 0.00944546
v -0.00444354 0.00522327 0.00285524
v -0.00444354 0.00536308 0.00287069
v -0.00442226 0.00567643 0.00295310
v -0.00451737 0.00577560 0.00307672
v -0.00462942 0.00587845 0.00329562
v -0.00463333 0.00555706 0.00298400
v -0.00465721 0.00590554 0.00349134
v -0.00467459 0.00592115 0.00382098
v -0.00335345 0.00686948 0.00742641
v -0.00332478 0.00685433 0.00709935
v -0.00313195 0.00696911 0.00742641
v -0.00265900 0.00717457 0.00750625
v -0.00263294 0.00715942 0.00728735
v -0.00262035 0.00718536 0.00748050
v -0.00215261 0.00733434 0.00808827
v -0.00247616 0.00725974 0.01923164
v -0.00247616 0.00725996 0.01955613
v -0.00262122 0.00720854 0.01913120
v -0.00262122 0.00720785 0.01847965
v -0.00247616 0.00724849 0.00808827
v -0.00268332 0.00718582 0.01858008
v -0.00313195 0.00697003 0.00775605
v -0.00378558 0.00660869 0.00709935
v -0.00394974 0.00650745 0.00709935
v -0.00411564 0.00638510 0.00709935
v -0.00486133 0.00577974 0.02054247
v -0.00502333 0.00562455 0.02611802
v -0.00485656 0.00577308 0.01660997
v -0.00485091 0.00576481 0.01202077
v -0.00501985 0.00562157 0.02415048
v -0.00501377 0.00561560 0.02054247
v -0.00500596 0.00560848 0.01628291
v -0.00499814 0.00560068 0.01202077
v -0.00499380 0.00559540 0.00944546
v -0.00530997 0.00522327 0.00939395
v -0.00513234 0.00543309 0.00944546
v -0.00528738 0.00522718 0.00382098
v -0.00476101 0.00522327 0.00292735
v -0.00475450 0.00533897 0.00295568
v -0.00485221 0.00543241 0.00309989
v -0.00508760 0.00522327 0.00316685
v -0.00494125 0.00553387 0.00331880
v -0.00482138 0.00572418 0.00349134
v -0.00493343 0.00522327 0.00298915
v -0.00495254 0.00522327 0.00300718
v -0.00483875 0.00574737 0.00382098
v -0.00484700 0.00575930 0.00939395
v -0.00266812 0.00717847 0.00775605
v -0.00262035 0.00719592 0.00775605
v -0.00498598 0.00558598 0.00513181
v -0.00530649 0.00522327 0.00841018
v -0.00498294 0.00558323 0.00382098
v -0.00528391 0.00522327 0.00372054
v -0.00528999 0.00522327 0.00382098
v -0.00529129 0.00522327 0.00414805
v -0.00498381 0.00558392 0.00414805
v -0.00523179 0.00522327 0.00338318
v -0.00496340 0.00556027 0.00349134
v -0.00527305 0.00522327 0.00357375
f 1608 1609 1612
f 1608 1612 1620
f 1608 1620 1626
f 1608 1626 1618
f 1608 1618 1610
f 1608 1610 1617
f 1608 1617 1611
f 1608 1611 1619
f 1608 1619 1636
f 1608 1636 1621
f 1608 1621 1613
f 1608 1613 1609
f 1609 1613 1614
f 1609 1614 1615
f 1609 1615 1612
f 1610 1616 1617
f 1610 1618 1616
f 1611 1617 1624
f 1611 1624 1619
f 1612 1615 1620
f 1613 1621 1622
f 1613 1622 1614
f 1614 1622 1654
f 1614 1654 1686
f 1614 1686 1724
f 1614 1724 1740
f 1614 1740 1744
f 1614 1744 1743
f 1614 1743 1742
f 1614 1742 1748
f 1614 1748 1746
f 1614 1746 1730
f 1614 1730 1734
f 1614 1734 1733
f 1614 1733 1727
f 1614 1727 1690
f 1614 1690 1655
f 1614 1655 1623
f 1614 1623 1615
f 1615 1623 1626
f 1615 1626 1620
f 1616 1624 1617
f 1616 1618 1625
f 1616 1625 1624
f 1618 1626 1627
f 1618 1627 1628
f 1618 1628 1629
f 1618 1629 1630
f 1618 1630 1631
f 1618 1631 1632
f 1618 1632 1633
f 1618 1633 1634
f 1618 1634 1635
f 1618 1635 1625
f 1619 1624 1636
f 1621 1636 1637
f 1621 1637 1638
f 1621 1638 1639
f 1621 1639 1640
f 1621 1640 1641
f 1621 1641 1642
f 1621 1642 1643
f 1621 1643 1644
f 1621 1644 1645
f 1621 1645 1646
f 1621 1646 1647
f 1621 1647 1648
f 1621 1648 1649
f 1621 1649 1650
f 1621 1650 1622
f 1622 1650 1651
f 1622 1651 1652
f 1622 1652 1653
f 1622 1653 1654
f 1623 1655 1627
f 1623 1627 1626
f 1624 1625 1656
f 1624 1656 1657
f 1624 1657 1636
f 1625 1635 1656
f 1627 1655 1658
f 1627 1658 1628
f 1628 1658 1659
f 1628 1659 1660
f 1628 1660 1629
f 1629 1660 1661
f 1629 1661 1630
f 1630 1661 1633
f 1630 1633 1631
f 1631 1633 1632
f 1633 1661 1660
f 1633 1660 1662
f 1633 1662 1663
f 1633 1663 1634
f 1634 1663 1664
f 1634 1664 1665
f 1634 1665 1635
f 1635 1665 1666
f 1635 1666 1656
f 1636 1657 1656
f 1636 1656 1666
f 1636 1666 1667
f 1636 1667 1668
f 1636 1668 1669
f 1636 1669 1637
f 1637 1669 1670
f 1637 1670 1638
f 1638 1670 1639
f 1639 1671 1640
f 1639 1670 1672
f 1639 1672 1673
f 1639 1673 1671
f 1640 1671 1641
f 1641 1674 1675
f 1641 1675 1642
f 1641 1671 1673
f 1641 1673 1676
f 1641 1676 1674
f 1642 1675 1643
f 1643 1675 1644
f 1644 1675 1677
f 1644 1677 1645
f 1645 1677 1678
f 1645 1678 1646
f 1646 1678 1679
f 1646 1679 1680
f 1646 1680 1681
f 1646 1681 1682
f 1646 1682 1647
f 1647 1682 1648
f 1648 1682 1649
f 1649 1682 1683
f 1649 1683 1684
f 1649 1684 1651
f 1649 1651 1650
f 1651 1684 1652
f 1652 1684 1685
f 1652 1685 1653
f 1653 1686 1654
f 1653 1685 1687
f 1653 1687 1688
f 1653 1688 1689
f 1653 1689 1686
f 1655 1690 1658
f 1658 1690 1691
f 1658 1691 1659
f 1659 1691 1692
f 1659 1692 1660
f 1660 1693 1694
f 1660 1694 1662
f 1660 1692 1695
f 1660 1695 1693
f 1662 1694 1663
f 1663 1694 1696
f 1663 1696 1697
f 1663 1697 1698
f 1663 1698 1699
f 1663 1699 1700
f 1663 1700 1701
f 1663 1701 1702
f 1663 1702 1664
f 1664 1702 1703
f 1664 1703 1665
f 1665 1703 1667
f 1665 1667 1666
f 1667 1703 1704
f 1667 1704 1705
f 1667 1705 1706
f 1667 1706 1668
f 1668 1706 1669
f 1669 1705 1707
f 1669 1707 1670
f 1669 1706 1705
f 1670 1707 1708
f 1670 1708 1709
f 1670 1709 1710
f 1670 1710 1711
f 1670 1711 1672
f 1672 1711 1698
f 1672 1698 1673
f 1673 1698 1697
f 1673 1697 1712
f 1673 1712 1676
f 1674 1676 1713
f 1674 1713 1714
f 1674 1714 1675
f 1675 1714 1697
f 1675 1697 1677
f 1676 1712 1713
f 1677 1697 1680
f 1677 1680 1679
f 1677 1679 1678
f 1680 1697 1715
f 1680 1715 1681
f 1681 1715 1683
f 1681 1683 1682
f 1683 1716 1684
f 1683 1715 1717
f 1683 1717 1718
f 1683 1718 1716
f 1684 1716 1719
f 1684 1719 1720
f 1684 1720 1685
f 1685 1720 1721
f 1685 1721 1722
f 1685 1722 1723
f 1685 1723 1687
f 1686 1689 1724
f 1687 1723 1725
f 1687 1725 1688
f 1688 1725 1726
f 1688 1726 1689
f 1689 1726 1724
f 1690 1727 1691
f 1691 1727 1728
f 1691 1728 1692
f 1692 1728 1695
f 1693 1695 1694
f 1694 1695 1729
f 1694 1729 1730
f 1694 1730 1731
f 1694 1731 1732
f 1694 1732 1696
f 1695 1728 1733
f 1695 1733 1734
f 1695 1734 1729
f 1696 1732 1735
f 1696 1735 1697
f 1697 1714 1713
f 1697 1713 1712
f 1697 1735 1736
f 1697 1736 1718
f 1697 1718 1717
f 1697 1717 1715
f 1698 1711 1700
f 1698 1700 1699
f 1700 1711 1737
f 1700 1737 1701
f 1701 1737 1738
f 1701 1738 1703
f 1701 1703 1702
f 1703 1738 1709
f 1703 1709 1704
f 1704 1709 1705
f 1705 1709 1707
f 1707 1709 1708
f 1709 1738 1710
f 1710 1738 1737
f 1710 1737 1711
f 1716 1718 1719
f 1718 1721 1720
f 1718 1720 1719
f 1718 1736 1721
f 1721 1736 1735
f 1721 1735 1722
f 1722 1735 1723
f 1723 1735 1739
f 1723 1739 1725
f 1724 1726 1740
f 1725 1739 1726
f 1726 1741 1742
f 1726 1742 1743
f 1726 1743 1744
f 1726 1744 1740
f 1726 1739 1745
f 1726 1745 1741
f 1727 1733 1728
f 1729 1734 1730
f 1730 1746 1731
f 1731 1746 1732
f 1732 1747 1748
f 1732 1748 1735
f 1732 1746 1747
f 1735 1748 1741
f 1735 1741 1745
f 1735 1745 1739
f 1741 1748 1742
f 1746 1748 1747

o geometry_12
v -0.00262030 0.00522304 0.00325999
v -0.00262030 0.00509053 0.00349377
v -0.00262030 0.00522304 0.00277025
v -0.00473534 0.00522304 0.00348997
v -0.00473695 0.00522187 0.00349377
v -0.00419904 0.00329780 0.00373911
v -0.00262030 0.00468029 0.00349377
v -0.00477127 0.00437884 0.00282535
v -0.00444346 0.00503484 0.00283313
v -0.00411597 0.00522304 0.00282905
v -0.00262030 0.00503484 0.00277367
v -0.00509972 0.00372307 0.00282526
v -0.00509972 0.00405084 0.00283019
v -0.00495185 0.00522304 0.00349377
v -0.00419904 0.00282319 0.00373911
v -0.00525625 0.00522304 0.00349377
v -0.00530372 0.00315730 0.00373911
v -0.00262030 0.00468029 0.00348997
v -0.00477127 0.00470708 0.00283597
v -0.00444346 0.00522304 0.00285333
v -0.00262030 0.00476652 0.00287173
v -0.00419904 0.00315189 0.00294380
v -0.00419904 0.00339507 0.00285741
v -0.00419904 0.00372307 0.00282535
v -0.00509972 0.00339507 0.00285731
v -0.00530372 0.00339507 0.00286006
v -0.00530372 0.00372307 0.00283588
v -0.00477159 0.00339507 0.00285731
v -0.00509972 0.00424985 0.00283958
v -0.00419904 0.00283681 0.00348997
v -0.00262030 0.00468241 0.00316212
v -0.00262030 0.00468100 0.00332050
v -0.00452268 0.00282295 0.00373911
v -0.00509972 0.00283493 0.00348997
v -0.00523155 0.00522304 0.00338252
v -0.00525432 0.00519015 0.00335682
v -0.00526972 0.00520707 0.00349377
v -0.00536242 0.00509053 0.00349377
v -0.00556128 0.00483818 0.00349377
v -0.00556289 0.00483607 0.00349377
v -0.00556417 0.00483419 0.00349377
v -0.00566681 0.00467230 0.00349377
v -0.00584226 0.00435158 0.00349377
v -0.00589679 0.00424985 0.00349377
v -0.00530372 0.00282483 0.00373911
v -0.00477127 0.00503484 0.00288083
v -0.00509940 0.00437884 0.00284574
v -0.00476068 0.00522304 0.00292683
v -0.00419904 0.00287887 0.00327555
v -0.00419904 0.00298789 0.00311167
v -0.00477159 0.00298766 0.00310986
v -0.00509972 0.00298766 0.00310892
v -0.00477159 0.00315166 0.00294371
v -0.00509972 0.00315166 0.00294371
v -0.00530372 0.00315283 0.00294456
v -0.00574764 0.00424985 0.00315301
v -0.00561196 0.00424985 0.00298326
v -0.00543106 0.00424985 0.00291402
v -0.00530372 0.00405084 0.00285883
v -0.00419904 0.00284739 0.00343554
v -0.00485049 0.00282272 0.00373911
v -0.00509972 0.00282272 0.00373911
v -0.00517862 0.00282342 0.00373911
v -0.00530372 0.00283705 0.00348997
v -0.00530372 0.00286219 0.00335673
v -0.00530372 0.00287793 0.00327469
v -0.00509972 0.00287723 0.00327279
v -0.00477159 0.00287770 0.00327384
v -0.00508753 0.00522304 0.00316440
v -0.00534574 0.00497164 0.00321750
v -0.00563249 0.00461450 0.00326331
v -0.00556257 0.00483583 0.00348997
v -0.00538102 0.00506257 0.00347565
v -0.00566681 0.00467207 0.00348997
v -0.00584098 0.00435370 0.00349206
v -0.00588556 0.00424985 0.00341885
v -0.00530372 0.00283094 0.00361393
v -0.00513147 0.00473903 0.00291535
v -0.00502627 0.00503484 0.00295955
v -0.00493325 0.00522304 0.00298733
v -0.00530372 0.00298907 0.00311081
v -0.00530372 0.00309104 0.00300687
v -0.00554621 0.00447024 0.00304481
v -0.00561132 0.00425149 0.00298345
v -0.00532745 0.00465116 0.00296116
v -0.00543298 0.00436803 0.00293650
v -0.00495249 0.00522304 0.00300516
v -0.00526234 0.00486967 0.00299890
v -0.00519947 0.00506257 0.00312978
v -0.00494800 0.00521341 0.00298999
f 1749 1750 1755
f 1749 1755 1766
f 1749 1766 1780
f 1749 1780 1779
f 1749 1779 1769
f 1749 1769 1759
f 1749 1759 1751
f 1749 1751 1758
f 1749 1758 1768
f 1749 1768 1796
f 1749 1796 1828
f 1749 1828 1835
f 1749 1835 1817
f 1749 1817 1783
f 1749 1783 1764
f 1749 1764 1762
f 1749 1762 1752
f 1749 1752 1753
f 1749 1753 1750
f 1750 1754 1763
f 1750 1763 1755
f 1750 1753 1754
f 1751 1756 1757
f 1751 1757 1758
f 1751 1759 1760
f 1751 1760 1761
f 1751 1761 1756
f 1752 1762 1753
f 1753 1762 1754
f 1754 1762 1764
f 1754 1764 1765
f 1754 1765 1793
f 1754 1793 1811
f 1754 1811 1810
f 1754 1810 1809
f 1754 1809 1781
f 1754 1781 1763
f 1755 1763 1766
f 1756 1767 1757
f 1756 1761 1767
f 1757 1767 1768
f 1757 1768 1758
f 1759 1769 1770
f 1759 1770 1771
f 1759 1771 1772
f 1759 1772 1760
f 1760 1773 1774
f 1760 1774 1775
f 1760 1775 1761
f 1760 1772 1776
f 1760 1776 1773
f 1761 1775 1777
f 1761 1777 1767
f 1763 1778 1779
f 1763 1779 1780
f 1763 1780 1766
f 1763 1781 1782
f 1763 1782 1778
f 1764 1783 1784
f 1764 1784 1785
f 1764 1785 1765
f 1765 1785 1786
f 1765 1786 1787
f 1765 1787 1788
f 1765 1788 1789
f 1765 1789 1790
f 1765 1790 1791
f 1765 1791 1792
f 1765 1792 1793
f 1767 1794 1768
f 1767 1777 1795
f 1767 1795 1794
f 1768 1794 1796
f 1769 1779 1797
f 1769 1797 1798
f 1769 1798 1770
f 1770 1798 1799
f 1770 1799 1800
f 1770 1800 1801
f 1770 1801 1771
f 1771 1801 1776
f 1771 1776 1772
f 1773 1802 1803
f 1773 1803 1774
f 1773 1776 1801
f 1773 1801 1802
f 1774 1803 1804
f 1774 1804 1805
f 1774 1805 1775
f 1775 1805 1806
f 1775 1806 1807
f 1775 1807 1795
f 1775 1795 1777
f 1778 1808 1779
f 1778 1782 1808
f 1779 1808 1797
f 1781 1809 1782
f 1782 1810 1811
f 1782 1811 1812
f 1782 1812 1813
f 1782 1813 1814
f 1782 1814 1815
f 1782 1815 1816
f 1782 1816 1808
f 1782 1809 1810
f 1783 1817 1784
f 1784 1818 1819
f 1784 1819 1820
f 1784 1820 1821
f 1784 1821 1785
f 1784 1817 1818
f 1785 1821 1786
f 1786 1821 1820
f 1786 1820 1787
f 1787 1820 1788
f 1788 1820 1789
f 1789 1820 1822
f 1789 1822 1790
f 1790 1822 1791
f 1791 1822 1823
f 1791 1823 1792
f 1792 1823 1824
f 1792 1824 1814
f 1792 1814 1813
f 1792 1813 1812
f 1792 1812 1825
f 1792 1825 1793
f 1793 1825 1811
f 1794 1795 1826
f 1794 1826 1827
f 1794 1827 1796
f 1795 1807 1806
f 1795 1806 1826
f 1796 1827 1828
f 1797 1808 1816
f 1797 1816 1798
f 1798 1816 1815
f 1798 1815 1799
f 1799 1815 1800
f 1800 1815 1814
f 1800 1814 1829
f 1800 1829 1830
f 1800 1830 1803
f 1800 1803 1802
f 1800 1802 1801
f 1803 1830 1824
f 1803 1824 1804
f 1804 1824 1819
f 1804 1819 1831
f 1804 1831 1832
f 1804 1832 1805
f 1805 1832 1833
f 1805 1833 1834
f 1805 1834 1806
f 1806 1834 1826
f 1811 1825 1812
f 1814 1824 1829
f 1817 1835 1836
f 1817 1836 1837
f 1817 1837 1818
f 1818 1837 1836
f 1818 1836 1819
f 1819 1824 1822
f 1819 1822 1820
f 1819 1836 1831
f 1822 1824 1823
f 1824 1830 1829
f 1826 1834 1833
f 1826 1833 1827
f 1827 1838 1828
f 1827 1833 1836
f 1827 1836 1838
f 1828 1838 1835
f 1831 1836 1832
f 1832 1836 1833
f 1835 1838 1836

o geometry_13
v -0.00411557 0.00033102 0.01230832
v -0.00402766 0.00033102 0.01233747
v -0.00419838 0.00033102 0.01231097
v -0.00419838 0.00115804 0.00743163
v -0.00411557 0.00115804 0.00743163
v -0.00385941 0.00033102 0.01240903
v -0.00419838 0.00033102 0.01276418
v -0.00419869 0.00271377 0.00630788
v -0.00419869 0.00281814 0.00382183
v -0.00419869 0.00282234 0.00373966
v -0.00419869 0.00283585 0.00349318
v -0.00419869 0.00287825 0.00327850
v -0.00419838 0.00122979 0.00721695
v -0.00388088 0.00121069 0.00743163
v -0.00411557 0.00122979 0.00721695
v -0.00391796 0.00124097 0.00723551
v -0.00382804 0.00033102 0.01249650
v -0.00419838 0.00033521 0.01276418
v -0.00419869 0.00271377 0.00710829
v -0.00413550 0.00033102 0.02990149
v -0.00413565 0.00273800 0.02990149
v -0.00411541 0.00287825 0.00327850
v -0.00419869 0.00290620 0.00323609
v -0.00392352 0.00288663 0.00329705
v -0.00262030 0.00467999 0.00349583
v -0.00376779 0.00033102 0.01267407
v -0.00419838 0.00045262 0.01276153
v -0.00419869 0.00273101 0.00710034
v -0.00419838 0.00083795 0.01271383
v -0.00378803 0.00033102 0.02990149
v -0.00413396 0.00290946 0.02990149
v -0.00419869 0.00424901 0.00319104
v -0.00419838 0.00147254 0.01201943
v -0.00419838 0.00137656 0.01231627
v -0.00419838 0.00119578 0.01250180
v -0.00419838 0.00103317 0.01260781
v -0.00411541 0.00298774 0.00311683
v -0.00419869 0.00298774 0.00311683
v -0.00389710 0.00317784 0.00296576
v -0.00385693 0.00306741 0.00318044
v -0.00262030 0.00509048 0.00349583
v -0.00262030 0.00467953 0.00365220
v -0.00326102 0.00424901 0.00298166
v -0.00262030 0.00467813 0.00758801
v -0.00262030 0.00467813 0.00791930
v -0.00262030 0.00467860 0.00923389
v -0.00262030 0.00467906 0.00988853
v -0.00262030 0.00468232 0.01382433
v -0.00262030 0.00468372 0.01546756
v -0.00262030 0.00469723 0.02989619
v -0.00377103 0.00033102 0.02229492
v -0.00262030 0.00467906 0.00430949
v -0.00419869 0.00273987 0.00709504
v -0.00330722 0.00424948 0.02990149
v -0.00378772 0.00033102 0.02984053
v -0.00412994 0.00306602 0.02990149
v -0.00419869 0.00424901 0.00282529
v -0.00419869 0.00316806 0.00646425
v -0.00411773 0.00323748 0.02990149
v -0.00409826 0.00339403 0.02990149
v -0.00406968 0.00356549 0.02990149
v -0.00403708 0.00372204 0.02990149
v -0.00397667 0.00391960 0.02990149
v -0.00392569 0.00399787 0.02990149
v -0.00369811 0.00433008 0.02989619
v -0.00358439 0.00449409 0.02989619
v -0.00342031 0.00464179 0.02989619
v -0.00331479 0.00472146 0.02989619
v -0.00311718 0.00486730 0.02989619
v -0.00303715 0.00492088 0.02989619
v -0.00419869 0.00305530 0.00677169
v -0.00419869 0.00291972 0.00695192
v -0.00419869 0.00302874 0.00307177
v -0.00411541 0.00315128 0.00294985
v -0.00411387 0.00339310 0.00285974
v -0.00383994 0.00339310 0.00293130
v -0.00346203 0.00424901 0.00289685
v -0.00378756 0.00424901 0.00283059
v -0.00280400 0.00501127 0.00349583
v -0.00292498 0.00496934 0.02989619
v -0.00280400 0.00502012 0.02989619
v -0.00262030 0.00506019 0.02989619
v -0.00377180 0.00033102 0.02283825
v -0.00375156 0.00424948 0.02990149
v -0.00419869 0.00372251 0.00282529
v -0.00301443 0.00491063 0.00349583
v -0.00419869 0.00315128 0.00294985
v -0.00419869 0.00321278 0.00292335
v -0.00419869 0.00339310 0.00285974
v -0.00411541 0.00372251 0.00282794
v -0.00378756 0.00405006 0.00283589
f 1839 1840 1844
f 1839 1844 1855
f 1839 1855 1864
f 1839 1864 1889
f 1839 1889 1921
f 1839 1921 1893
f 1839 1893 1868
f 1839 1868 1858
f 1839 1858 1845
f 1839 1845 1841
f 1839 1841 1842
f 1839 1842 1843
f 1839 1843 1840
f 1840 1843 1844
f 1841 1845 1857
f 1841 1857 1846
f 1841 1846 1847
f 1841 1847 1848
f 1841 1848 1849
f 1841 1849 1842
f 1842 1849 1850
f 1842 1850 1851
f 1842 1851 1853
f 1842 1853 1843
f 1843 1852 1844
f 1843 1853 1854
f 1843 1854 1852
f 1844 1852 1855
f 1845 1856 1857
f 1845 1858 1859
f 1845 1859 1856
f 1846 1857 1866
f 1846 1866 1891
f 1846 1891 1910
f 1846 1910 1909
f 1846 1909 1896
f 1846 1896 1870
f 1846 1870 1895
f 1846 1895 1923
f 1846 1923 1927
f 1846 1927 1926
f 1846 1926 1925
f 1846 1925 1911
f 1846 1911 1876
f 1846 1876 1861
f 1846 1861 1850
f 1846 1850 1849
f 1846 1849 1848
f 1846 1848 1847
f 1850 1860 1853
f 1850 1853 1851
f 1850 1861 1860
f 1852 1854 1862
f 1852 1862 1863
f 1852 1863 1864
f 1852 1864 1855
f 1853 1860 1862
f 1853 1862 1854
f 1856 1865 1857
f 1856 1859 1865
f 1857 1865 1867
f 1857 1867 1866
f 1858 1868 1892
f 1858 1892 1922
f 1858 1922 1902
f 1858 1902 1901
f 1858 1901 1900
f 1858 1900 1899
f 1858 1899 1898
f 1858 1898 1897
f 1858 1897 1894
f 1858 1894 1869
f 1858 1869 1859
f 1859 1869 1870
f 1859 1870 1871
f 1859 1871 1872
f 1859 1872 1873
f 1859 1873 1874
f 1859 1874 1867
f 1859 1867 1865
f 1860 1861 1875
f 1860 1875 1862
f 1861 1876 1875
f 1862 1875 1877
f 1862 1877 1878
f 1862 1878 1863
f 1863 1879 1920
f 1863 1920 1888
f 1863 1888 1887
f 1863 1887 1886
f 1863 1886 1885
f 1863 1885 1884
f 1863 1884 1883
f 1863 1883 1882
f 1863 1882 1890
f 1863 1890 1880
f 1863 1880 1864
f 1863 1878 1877
f 1863 1877 1881
f 1863 1881 1879
f 1864 1882 1883
f 1864 1883 1884
f 1864 1884 1885
f 1864 1885 1886
f 1864 1886 1887
f 1864 1887 1888
f 1864 1888 1889
f 1864 1880 1890
f 1864 1890 1882
f 1866 1867 1874
f 1866 1874 1891
f 1868 1893 1888
f 1868 1888 1892
f 1869 1894 1870
f 1870 1896 1872
f 1870 1872 1871
f 1870 1894 1897
f 1870 1897 1898
f 1870 1898 1899
f 1870 1899 1900
f 1870 1900 1901
f 1870 1901 1902
f 1870 1902 1903
f 1870 1903 1904
f 1870 1904 1905
f 1870 1905 1906
f 1870 1906 1907
f 1870 1907 1908
f 1870 1908 1895
f 1872 1896 1909
f 1872 1909 1910
f 1872 1910 1873
f 1873 1910 1891
f 1873 1891 1874
f 1875 1876 1911
f 1875 1911 1912
f 1875 1912 1877
f 1877 1912 1913
f 1877 1913 1914
f 1877 1914 1881
f 1879 1881 1915
f 1879 1915 1916
f 1879 1916 1895
f 1879 1895 1917
f 1879 1917 1918
f 1879 1918 1919
f 1879 1919 1920
f 1881 1914 1915
f 1888 1920 1892
f 1888 1893 1921
f 1888 1921 1889
f 1892 1920 1922
f 1895 1916 1923
f 1895 1908 1924
f 1895 1924 1917
f 1902 1922 1903
f 1903 1922 1904
f 1904 1922 1905
f 1905 1922 1906
f 1906 1922 1907
f 1907 1922 1908
f 1908 1922 1918
f 1908 1918 1917
f 1908 1917 1924
f 1911 1925 1912
f 1912 1925 1926
f 1912 1926 1913
f 1913 1927 1923
f 1913 1923 1928
f 1913 1928 1929
f 1913 1929 1914
f 1913 1926 1927
f 1914 1929 1915
f 1915 1929 1916
f 1916 1929 1928
f 1916 1928 1923
f 1918 1922 1919
f 1919 1922 1920

o geometry_14
v -0.00618484 0.00033093 0.01235779
v -0.00618484 0.00033093 0.01279470
v -0.00637785 0.00033093 0.01242085
v -0.00618484 0.00122213 0.00744364
v -0.00530387 0.00283688 0.00349039
v -0.00530387 0.00244595 0.00668992
v -0.00639089 0.00033093 0.01817430
v -0.00530387 0.00244595 0.00710281
v -0.00654186 0.00033093 0.01255448
v -0.00618484 0.00124400 0.00732653
v -0.00530387 0.00286181 0.00335827
v -0.00554850 0.00424983 0.01817279
v -0.00620551 0.00244595 0.01817430
v -0.00672141 0.00033093 0.01817430
v -0.00530387 0.00250810 0.00707729
v -0.00663038 0.00033093 0.01271813
v -0.00628058 0.00124055 0.00749468
v -0.00623534 0.00126817 0.00727548
v -0.00618484 0.00126203 0.00726497
v -0.00530387 0.00287754 0.00327569
v -0.00595741 0.00424983 0.01817279
v -0.00530387 0.00267114 0.00700822
v -0.00530387 0.00283534 0.00686559
v -0.00530387 0.00297269 0.00670043
v -0.00530387 0.00307857 0.00644219
v -0.00530387 0.00424983 0.00327419
v -0.00654588 0.00244595 0.01817430
v -0.00672030 0.00041725 0.01817430
v -0.00671461 0.00033093 0.01529607
v -0.00669713 0.00033093 0.01300040
v -0.00658321 0.00157623 0.00755324
v -0.00641698 0.00142201 0.00741511
v -0.00598628 0.00314839 0.00322314
v -0.00563883 0.00288790 0.00329521
v -0.00542792 0.00287831 0.00327719
v -0.00542792 0.00298918 0.00311204
v -0.00530387 0.00298842 0.00311204
v -0.00604289 0.00405072 0.01234578
v -0.00597282 0.00421837 0.01817279
v -0.00592148 0.00424983 0.00381921
v -0.00602360 0.00405072 0.00381921
v -0.00602513 0.00405072 0.00447533
v -0.00603928 0.00405072 0.01070472
v -0.00604220 0.00405072 0.01201697
v -0.00530387 0.00424983 0.00289583
v -0.00605399 0.00405072 0.01817279
v -0.00608549 0.00398512 0.01817279
v -0.00618955 0.00376721 0.01817279
v -0.00626518 0.00360339 0.01817279
v -0.00659195 0.00233316 0.01817430
v -0.00671988 0.00044334 0.01817430
v -0.00671933 0.00044334 0.01792056
v -0.00670920 0.00044334 0.01365652
v -0.00671114 0.00033093 0.01387272
v -0.00670975 0.00033093 0.01332921
v -0.00661193 0.00175501 0.00775593
v -0.00659361 0.00175501 0.00750670
v -0.00613613 0.00339469 0.00349039
v -0.00601611 0.00337474 0.00313306
v -0.00591079 0.00325198 0.00300393
v -0.00577467 0.00305517 0.00314957
v -0.00569211 0.00318062 0.00296490
v -0.00542792 0.00315338 0.00294538
v -0.00530387 0.00309046 0.00300694
v -0.00618761 0.00375109 0.01234578
v -0.00605177 0.00405072 0.01693713
v -0.00605302 0.00405072 0.01759325
v -0.00605357 0.00405072 0.01792206
v -0.00591121 0.00424983 0.00358348
v -0.00592619 0.00422719 0.00360300
v -0.00599127 0.00407489 0.00349340
v -0.00611698 0.00372271 0.00349039
v -0.00625116 0.00356733 0.00684457
v -0.00625311 0.00357193 0.00709831
v -0.00618026 0.00373575 0.00709831
v -0.00618511 0.00374419 0.01005311
v -0.00618595 0.00374611 0.01070472
v -0.00530387 0.00405072 0.00285980
v -0.00542792 0.00405072 0.00287631
v -0.00543153 0.00424983 0.00291535
v -0.00618942 0.00376184 0.01628100
v -0.00618900 0.00375723 0.01464145
v -0.00628238 0.00355505 0.01817279
v -0.00618844 0.00375455 0.01365802
v -0.00625990 0.00358881 0.01300190
v -0.00659084 0.00232932 0.01660831
v -0.00662941 0.00208302 0.01817430
v -0.00633941 0.00339469 0.01817279
v -0.00641476 0.00306668 0.01562488
v -0.00641281 0.00306668 0.01398533
v -0.00640532 0.00306668 0.00808474
v -0.00671170 0.00069539 0.01817430
v -0.00670060 0.00077135 0.01365652
v -0.00669990 0.00077135 0.01332921
v -0.00670837 0.00044334 0.01332921
v -0.00660596 0.00208302 0.00775593
v -0.00659070 0.00208302 0.00752021
v -0.00600653 0.00371848 0.00314807
v -0.00593618 0.00360608 0.00298441
v -0.00593618 0.00347027 0.00298441
v -0.00578327 0.00337474 0.00293787
v -0.00542792 0.00339469 0.00286280
v -0.00530387 0.00339469 0.00286130
v -0.00530387 0.00330300 0.00289283
v -0.00530387 0.00315261 0.00294538
v -0.00625949 0.00358805 0.01267309
v -0.00588623 0.00424983 0.00341983
v -0.00590732 0.00420072 0.00338680
v -0.00597004 0.00398205 0.00324716
v -0.00657946 0.00227024 0.00756976
v -0.00640352 0.00306668 0.00742712
v -0.00630680 0.00339469 0.00709831
v -0.00631485 0.00339469 0.00742712
v -0.00625366 0.00357270 0.00742712
v -0.00530387 0.00372271 0.00283577
v -0.00542792 0.00372271 0.00284328
v -0.00576954 0.00371848 0.00293487
v -0.00566492 0.00405072 0.00295889
v -0.00561052 0.00424983 0.00298291
v -0.00659028 0.00232779 0.01595219
v -0.00663691 0.00200706 0.01817430
v -0.00659001 0.00232663 0.01562488
v -0.00662581 0.00208302 0.01628100
v -0.00632651 0.00339469 0.01234578
v -0.00640477 0.00306668 0.00775443
v -0.00670920 0.00077135 0.01817430
v -0.00668727 0.00109937 0.01332921
v -0.00668658 0.00109937 0.01300040
v -0.00658126 0.00228213 0.00775593
v -0.00667021 0.00142700 0.01300040
v -0.00664870 0.00175501 0.01267309
v -0.00664953 0.00175501 0.01300040
v -0.00666050 0.00175501 0.01759325
v -0.00662511 0.00208302 0.01595219
v -0.00588776 0.00382475 0.00302796
v -0.00574831 0.00424983 0.00315558
v -0.00561247 0.00424983 0.00298441
v -0.00666174 0.00175501 0.01817430
v -0.00669518 0.00109937 0.01817430
v -0.00668103 0.00142700 0.01817430
v -0.00667992 0.00142700 0.01759325
v -0.00667534 0.00142700 0.01529607
v -0.00667465 0.00142700 0.01496876
v -0.00667173 0.00142700 0.01365652
v -0.00666632 0.00167905 0.01817430
f 1930 1931 1936
f 1930 1936 1943
f 1930 1943 1958
f 1930 1958 1983
f 1930 1983 1984
f 1930 1984 1959
f 1930 1959 1945
f 1930 1945 1938
f 1930 1938 1932
f 1930 1932 1933
f 1930 1933 1934
f 1930 1934 1935
f 1930 1935 1937
f 1930 1937 1931
f 1931 1937 1936
f 1932 1938 1933
f 1933 1939 1934
f 1933 1938 1939
f 1934 1940 1949
f 1934 1949 1966
f 1934 1966 1993
f 1934 1993 2034
f 1934 2034 2033
f 1934 2033 2032
f 1934 2032 2044
f 1934 2044 2007
f 1934 2007 1974
f 1934 1974 1955
f 1934 1955 1954
f 1934 1954 1953
f 1934 1953 1952
f 1934 1952 1951
f 1934 1951 1944
f 1934 1944 1937
f 1934 1937 1935
f 1934 1939 1940
f 1936 1941 1942
f 1936 1942 1956
f 1936 1956 1979
f 1936 1979 2016
f 1936 2016 2050
f 1936 2050 2067
f 1936 2067 2074
f 1936 2074 2069
f 1936 2069 2068
f 1936 2068 2055
f 1936 2055 2021
f 1936 2021 1980
f 1936 1980 1957
f 1936 1957 1943
f 1936 1937 1941
f 1937 1944 1941
f 1938 1945 1946
f 1938 1946 1947
f 1938 1947 1939
f 1939 1947 1948
f 1939 1948 1949
f 1939 1949 1940
f 1941 1950 1956
f 1941 1956 1942
f 1941 1944 1951
f 1941 1951 1952
f 1941 1952 1953
f 1941 1953 1954
f 1941 1954 1955
f 1941 1955 1974
f 1941 1974 2009
f 1941 2009 2048
f 1941 2048 2066
f 1941 2066 2065
f 1941 2065 2036
f 1941 2036 1998
f 1941 1998 1969
f 1941 1969 1950
f 1943 1957 1958
f 1945 1959 1946
f 1946 1960 1961
f 1946 1961 1947
f 1946 1959 1960
f 1947 1961 1962
f 1947 1962 1963
f 1947 1963 1948
f 1948 1963 1964
f 1948 1964 1949
f 1949 1964 1965
f 1949 1965 1966
f 1950 1967 1968
f 1950 1968 1956
f 1950 1969 1970
f 1950 1970 1971
f 1950 1971 1972
f 1950 1972 1973
f 1950 1973 1967
f 1956 1968 1975
f 1956 1975 1976
f 1956 1976 1977
f 1956 1977 1978
f 1956 1978 1979
f 1957 1980 1981
f 1957 1981 1982
f 1957 1982 1958
f 1958 1982 1983
f 1959 1984 1985
f 1959 1985 1960
f 1960 1985 1986
f 1960 1986 1987
f 1960 1987 1962
f 1960 1962 1961
f 1962 1987 1988
f 1962 1988 1989
f 1962 1989 1990
f 1962 1990 1963
f 1963 1990 1991
f 1963 1991 1965
f 1963 1965 1964
f 1965 1991 1992
f 1965 1992 1993
f 1965 1993 1966
f 1967 1994 1995
f 1967 1995 1968
f 1967 1973 1994
f 1968 1995 1996
f 1968 1996 1997
f 1968 1997 1975
f 1969 1998 1999
f 1969 1999 1970
f 1970 1999 2000
f 1970 2000 2001
f 1970 2001 2002
f 1970 2002 2003
f 1970 2003 2004
f 1970 2004 2005
f 1970 2005 2006
f 1970 2006 1994
f 1970 1994 1971
f 1971 1994 1972
f 1972 1994 1973
f 1974 2007 2008
f 1974 2008 2009
f 1975 1997 1976
f 1976 2010 1977
f 1976 1997 2011
f 1976 2011 2010
f 1977 2010 1978
f 1978 2012 1979
f 1978 2010 2011
f 1978 2011 2013
f 1978 2013 1994
f 1978 1994 2014
f 1978 2014 2012
f 1979 2015 2016
f 1979 2012 2017
f 1979 2017 2018
f 1979 2018 2019
f 1979 2019 2020
f 1979 2020 2015
f 1980 2021 2022
f 1980 2022 2023
f 1980 2023 1981
f 1981 2023 1982
f 1982 2023 2024
f 1982 2024 1983
f 1983 2024 1984
f 1984 2024 1985
f 1985 2025 2026
f 1985 2026 1986
f 1985 2024 2025
f 1986 2026 1987
f 1987 2001 2027
f 1987 2027 1988
f 1987 2026 2001
f 1988 2027 2028
f 1988 2028 2029
f 1988 2029 1989
f 1989 2029 2030
f 1989 2030 1991
f 1989 1991 1990
f 1991 2030 2031
f 1991 2031 1992
f 1992 2031 2032
f 1992 2032 2033
f 1992 2033 2034
f 1992 2034 1993
f 1994 2035 2014
f 1994 2013 1995
f 1994 2006 2035
f 1995 2013 1996
f 1996 2013 2011
f 1996 2011 1997
f 1998 2036 2000
f 1998 2000 1999
f 2000 2036 2037
f 2000 2037 2038
f 2000 2038 2001
f 2001 2038 2027
f 2001 2026 2039
f 2001 2039 2040
f 2001 2040 2041
f 2001 2041 2002
f 2002 2041 2042
f 2002 2042 2003
f 2003 2042 2043
f 2003 2043 2005
f 2003 2005 2004
f 2005 2043 2006
f 2006 2043 2035
f 2007 2044 2045
f 2007 2045 2008
f 2008 2045 2046
f 2008 2046 2047
f 2008 2047 2009
f 2009 2047 2048
f 2012 2014 2017
f 2014 2035 2017
f 2015 2049 2016
f 2015 2020 2049
f 2016 2049 2051
f 2016 2051 2052
f 2016 2052 2050
f 2017 2019 2018
f 2017 2035 2043
f 2017 2043 2053
f 2017 2053 2054
f 2017 2054 2020
f 2017 2020 2019
f 2020 2054 2051
f 2020 2051 2049
f 2021 2055 2022
f 2022 2056 2057
f 2022 2057 2023
f 2022 2055 2056
f 2023 2057 2025
f 2023 2025 2024
f 2025 2058 2039
f 2025 2039 2026
f 2025 2057 2059
f 2025 2059 2060
f 2025 2060 2061
f 2025 2061 2062
f 2025 2062 2063
f 2025 2063 2058
f 2027 2064 2028
f 2027 2038 2064
f 2028 2064 2048
f 2028 2048 2047
f 2028 2047 2046
f 2028 2046 2030
f 2028 2030 2029
f 2030 2046 2045
f 2030 2045 2031
f 2031 2045 2044
f 2031 2044 2032
f 2036 2065 2037
f 2037 2065 2038
f 2038 2065 2064
f 2039 2058 2040
f 2040 2042 2041
f 2040 2058 2054
f 2040 2054 2042
f 2042 2054 2053
f 2042 2053 2043
f 2048 2064 2066
f 2050 2052 2067
f 2051 2054 2058
f 2051 2058 2052
f 2052 2058 2063
f 2052 2063 2067
f 2055 2068 2056
f 2056 2068 2069
f 2056 2069 2070
f 2056 2070 2071
f 2056 2071 2057
f 2057 2071 2072
f 2057 2072 2073
f 2057 2073 2059
f 2059 2061 2060
f 2059 2073 2062
f 2059 2062 2061
f 2062 2067 2063
f 2062 2073 2072
f 2062 2072 2067
f 2064 2065 2066
f 2067 2072 2074
f 2069 2074 2070
f 2070 2074 2071
f 2071 2074 2072

o geometry_15
v 0.00650484 -0.00620225 0.02460024
v -0.00351318 -0.00577151 0.03006382
v 0.00150662 -0.00715152 0.02983077
v 0.00174398 -0.00715152 0.02967776
v 0.00191856 -0.00715152 0.02953417
v 0.00209118 -0.00715152 0.02937410
v 0.00650484 -0.00646225 0.02460024
v 0.00650484 -0.00620225 0.00833427
v -0.00351318 -0.00638966 0.03006382
v -0.00017842 -0.00715152 0.03017210
v 0.00015016 -0.00715152 0.03017445
v 0.00047775 -0.00715152 0.03015562
v 0.00052581 -0.00715152 0.03014856
v 0.00080632 -0.00715152 0.03010619
v 0.00110841 -0.00715152 0.03001674
v 0.00117609 -0.00715152 0.02998849
v 0.00133596 -0.00715152 0.02992022
v 0.00146248 -0.00715152 0.02985667
v 0.00650484 -0.00620246 0.00677830
v -0.00214397 -0.00616764 0.00617097
v -0.00263045 -0.00616764 0.00613095
v -0.00351318 -0.00645782 0.00774343
v 0.00146248 -0.00733597 0.02964481
v 0.00165374 -0.00728342 0.02958361
v 0.00161451 -0.00758479 0.02922345
v 0.00199212 -0.00729566 0.02927288
v 0.00647346 -0.00755397 0.02423773
v 0.00650484 -0.00750797 0.02426598
v 0.00650484 -0.00738282 0.02438838
v 0.00650484 -0.00709622 0.02449902
v -0.00346022 -0.00642321 0.03006382
v -0.00083360 -0.00715152 0.03014385
v -0.00050601 -0.00715152 0.03016033
v -0.00351318 -0.00651122 0.02996260
v -0.00017842 -0.00718507 0.03013914
v 0.00047775 -0.00717853 0.03012973
v 0.00015016 -0.00751514 0.02980959
v 0.00047775 -0.00750417 0.02980017
v 0.00080632 -0.00747610 0.02976722
v 0.00102210 -0.00728447 0.02991081
v 0.00124082 -0.00724269 0.02986608
v 0.00121826 -0.00755967 0.02952240
v 0.00650484 -0.00730157 0.00724438
v 0.00637930 -0.00733006 0.00723026
v 0.00605073 -0.00736720 0.00721614
v 0.00637930 -0.00620246 0.00676888
v 0.00605073 -0.00753139 0.00731029
v -0.00247450 -0.00702088 0.00687010
v -0.00263045 -0.00701202 0.00686775
v -0.00351318 -0.00688159 0.00774343
v 0.00148897 -0.00751366 0.02940706
v 0.00181361 -0.00753519 0.02909633
v 0.00139677 -0.00763649 0.02930348
v 0.00172044 -0.00763839 0.02900688
v 0.00193818 -0.00758373 0.02889154
v 0.00637047 -0.00764493 0.02413651
v 0.00650484 -0.00761750 0.02405647
v 0.00650484 -0.00753793 0.02422596
v -0.00344452 -0.00643271 0.03006382
v -0.00321109 -0.00656166 0.03006382
v -0.00303749 -0.00665093 0.03006382
v -0.00279523 -0.00676573 0.03006382
v -0.00263143 -0.00683200 0.03006382
v -0.00116217 -0.00715152 0.03011090
v -0.00116217 -0.00731972 0.02994376
v -0.00083360 -0.00733470 0.02996024
v -0.00050601 -0.00734420 0.02996730
v -0.00335821 -0.00664438 0.02992258
v -0.00351318 -0.00668997 0.02979311
v -0.00017842 -0.00734926 0.02997437
v -0.00017842 -0.00751324 0.02980488
v 0.00015016 -0.00765147 0.02964481
v 0.00047775 -0.00764725 0.02963539
v 0.00080632 -0.00762531 0.02960244
v 0.00099856 -0.00760357 0.02957419
v 0.00650484 -0.00745879 0.00740210
v 0.00637930 -0.00749383 0.00737150
v 0.00605073 -0.00767870 0.00747507
v -0.00149074 -0.00735644 0.00717612
v -0.00181834 -0.00734631 0.00717141
v -0.00214691 -0.00732415 0.00717847
v -0.00263045 -0.00711353 0.00700192
v -0.00263045 -0.00716713 0.00710079
v -0.00263045 -0.00725788 0.00728440
v -0.00350828 -0.00688455 0.00774343
v -0.00351318 -0.00689067 0.01595409
v 0.00148897 -0.00767321 0.02909633
v 0.00111822 -0.00765232 0.02940706
v 0.00605073 -0.00781672 0.02382343
v 0.00605073 -0.00773863 0.02414828
v 0.00650484 -0.00763649 0.02395525
v -0.00313066 -0.00670179 0.02997437
v -0.00313066 -0.00686577 0.02982371
v -0.00292077 -0.00691599 0.02987079
v -0.00270205 -0.00696432 0.02991787
v -0.00149074 -0.00715152 0.03006852
v -0.00263143 -0.00697720 0.02993199
v -0.00176145 -0.00715152 0.03001438
v -0.00149074 -0.00729840 0.02992258
v -0.00116217 -0.00748349 0.02976957
v -0.00083360 -0.00749868 0.02978840
v -0.00050601 -0.00750797 0.02980017
v -0.00351318 -0.00675961 0.02972014
v -0.00335233 -0.00696580 0.02960244
v -0.00017842 -0.00764746 0.02964246
v 0.00015016 -0.00771120 0.02939764
v 0.00047775 -0.00771057 0.02939764
v 0.00080632 -0.00769094 0.02939764
v 0.00650484 -0.00760336 0.00757629
v 0.00637930 -0.00763016 0.00753628
v 0.00015016 -0.00763206 0.00752215
v -0.00017842 -0.00762932 0.00752451
v -0.00083360 -0.00751599 0.00737385
v 0.00605073 -0.00779836 0.00775755
v 0.00572412 -0.00781925 0.00775755
v -0.00116217 -0.00752021 0.00739504
v -0.00241271 -0.00729566 0.00721143
v -0.00116217 -0.00760758 0.00755746
v -0.00136520 -0.00759893 0.00757629
v -0.00214691 -0.00740941 0.00742799
v -0.00250294 -0.00731655 0.00740916
v -0.00263045 -0.00725830 0.00728675
v -0.00335527 -0.00696875 0.00774343
v -0.00338175 -0.00698100 0.02907279
v -0.00351318 -0.00690502 0.02933644
v 0.00113391 -0.00771605 0.02907044
v 0.00557405 -0.00792266 0.02366571
v 0.00569861 -0.00788404 0.02379518
v 0.00575256 -0.00790198 0.02349387
v 0.00605073 -0.00782643 0.02349387
v 0.00637832 -0.00770107 0.02382343
v 0.00650484 -0.00764768 0.02382343
v -0.00313066 -0.00701392 0.02965893
v -0.00267655 -0.00727962 0.02958596
v -0.00263143 -0.00728743 0.02959773
v -0.00263143 -0.00713484 0.02976251
v -0.00171339 -0.00727856 0.02990375
v -0.00150938 -0.00748454 0.02970601
v -0.00141326 -0.00760589 0.02958361
v -0.00116217 -0.00761982 0.02960479
v -0.00083360 -0.00763396 0.02962362
v -0.00050601 -0.00764282 0.02963539
v -0.00351318 -0.00690502 0.02939999
v -0.00338077 -0.00698057 0.02939999
v -0.00017842 -0.00770276 0.02939764
v 0.00554561 -0.00792477 0.02349387
v 0.00555247 -0.00792266 0.02366571
v 0.00650484 -0.00763501 0.00775755
v 0.00637930 -0.00769031 0.00775755
v -0.00050601 -0.00762552 0.00752921
v 0.00605073 -0.00783571 0.00808475
v 0.00571137 -0.00789987 0.00810123
v -0.00083360 -0.00761876 0.00753863
v -0.00050601 -0.00767574 0.00775755
v -0.00083360 -0.00765907 0.00775755
v -0.00116217 -0.00763396 0.00775755
v -0.00140541 -0.00760673 0.00775755
v -0.00214691 -0.00743452 0.00775755
v -0.00247450 -0.00734821 0.00775755
v -0.00263045 -0.00728110 0.00748684
v -0.00263045 -0.00728468 0.00754334
v -0.00266870 -0.00727730 0.00774343
v -0.00266968 -0.00727730 0.00775755
v -0.00268636 -0.00728553 0.01988523
v -0.00269616 -0.00728785 0.02907279
v -0.00269616 -0.00728743 0.02939999
v 0.00558778 -0.00792477 0.02349387
v 0.00559367 -0.00792583 0.02316432
v 0.00575942 -0.00790198 0.02316432
v 0.00605073 -0.00782959 0.02021478
v 0.00637832 -0.00771057 0.01759481
v 0.00637832 -0.00770466 0.02349387
v 0.00650484 -0.00765253 0.02349387
v -0.00263143 -0.00731022 0.02939999
v -0.00162217 -0.00757466 0.02939764
v -0.00176145 -0.00740012 0.02974132
v -0.00176145 -0.00732246 0.02983548
v -0.00145838 -0.00761264 0.02939764
v -0.00116217 -0.00764768 0.02939764
v -0.00083360 -0.00767574 0.02939764
v -0.00050601 -0.00769347 0.02939764
v 0.00554168 -0.00792583 0.02316432
v 0.00650484 -0.00765654 0.00808475
v 0.00637930 -0.00771331 0.00808475
v 0.00554855 -0.00792435 0.00822128
v -0.00017842 -0.00768419 0.00775755
v 0.00605073 -0.00783972 0.00841666
v 0.00577512 -0.00790789 0.00841666
v 0.00575844 -0.00790557 0.00832956
v 0.00559269 -0.00792435 0.00822128
v -0.00050503 -0.00769326 0.00808711
v -0.00083360 -0.00767406 0.00808475
v -0.00083458 -0.00767406 0.00808711
v -0.00116217 -0.00764535 0.00808475
v -0.00142503 -0.00761180 0.00808475
v -0.00214691 -0.00743474 0.00776932
v -0.00247548 -0.00734821 0.00776932
v -0.00263143 -0.00729102 0.00774343
v -0.00263143 -0.00729144 0.00776932
v -0.00263143 -0.00730452 0.01931557
v -0.00247548 -0.00736003 0.01955803
v -0.00247548 -0.00736636 0.02906573
v 0.00559563 -0.00792625 0.02250991
v 0.00577708 -0.00790789 0.00874622
v 0.00637832 -0.00771563 0.01202295
v 0.00650484 -0.00765886 0.01712637
v -0.00145347 -0.00761264 0.02460024
v -0.00146034 -0.00761307 0.02907044
v -0.00116217 -0.00764831 0.02907044
v -0.00083360 -0.00767659 0.02907044
v -0.00050601 -0.00769432 0.02907044
v 0.00554168 -0.00792625 0.02250991
v 0.00650484 -0.00766224 0.00893218
v 0.00650484 -0.00766350 0.00925703
v 0.00637832 -0.00771711 0.00907342
v 0.00554463 -0.00792583 0.00832956
v 0.00637832 -0.00771753 0.00940062
v 0.00637832 -0.00771753 0.00972783
v 0.00561230 -0.00792731 0.00874622
v 0.00561230 -0.00792688 0.00841666
v 0.00560348 -0.00792583 0.00832956
v 0.00554168 -0.00792688 0.00841666
v 0.00554168 -0.00792731 0.00874622
v -0.00050601 -0.00769432 0.02480504
v -0.00116217 -0.00764831 0.02874088
v -0.00116217 -0.00764578 0.01005503
v 0.00650484 -0.00766224 0.01333412
v -0.00050601 -0.00769453 0.02841368
v -0.00050601 -0.00769453 0.02874088
v 0.00650484 -0.00766414 0.00958423
v 0.00650484 -0.00766456 0.00990908
v 0.00650484 -0.00766477 0.01023864
f 2075 2076 2077
f 2075 2077 2078
f 2075 2078 2079
f 2075 2079 2080
f 2075 2080 2081
f 2075 2081 2104
f 2075 2104 2103
f 2075 2103 2102
f 2075 2102 2132
f 2075 2132 2131
f 2075 2131 2165
f 2075 2165 2206
f 2075 2206 2247
f 2075 2247 2280
f 2075 2280 2301
f 2075 2301 2306
f 2075 2306 2305
f 2075 2305 2304
f 2075 2304 2288
f 2075 2288 2287
f 2075 2287 2257
f 2075 2257 2222
f 2075 2222 2183
f 2075 2183 2150
f 2075 2150 2117
f 2075 2117 2093
f 2075 2093 2082
f 2075 2082 2076
f 2076 2083 2084
f 2076 2084 2085
f 2076 2085 2086
f 2076 2086 2087
f 2076 2087 2088
f 2076 2088 2089
f 2076 2089 2090
f 2076 2090 2091
f 2076 2091 2092
f 2076 2092 2077
f 2076 2082 2093
f 2076 2093 2094
f 2076 2094 2095
f 2076 2095 2096
f 2076 2096 2124
f 2076 2124 2160
f 2076 2160 2199
f 2076 2199 2217
f 2076 2217 2177
f 2076 2177 2143
f 2076 2143 2108
f 2076 2108 2083
f 2077 2092 2097
f 2077 2097 2098
f 2077 2098 2078
f 2078 2098 2079
f 2079 2098 2099
f 2079 2099 2100
f 2079 2100 2080
f 2080 2100 2101
f 2080 2101 2102
f 2080 2102 2103
f 2080 2103 2104
f 2080 2104 2081
f 2083 2105 2106
f 2083 2106 2107
f 2083 2107 2084
f 2083 2108 2105
f 2084 2107 2109
f 2084 2109 2085
f 2085 2110 2086
f 2085 2109 2111
f 2085 2111 2110
f 2086 2110 2087
f 2087 2110 2088
f 2088 2110 2112
f 2088 2112 2113
f 2088 2113 2114
f 2088 2114 2089
f 2089 2114 2115
f 2089 2115 2090
f 2090 2115 2091
f 2091 2115 2092
f 2092 2115 2116
f 2092 2116 2097
f 2093 2117 2118
f 2093 2118 2119
f 2093 2119 2120
f 2093 2120 2095
f 2093 2095 2094
f 2095 2120 2119
f 2095 2119 2121
f 2095 2121 2122
f 2095 2122 2123
f 2095 2123 2124
f 2095 2124 2096
f 2097 2116 2125
f 2097 2125 2098
f 2098 2125 2099
f 2099 2126 2100
f 2099 2125 2127
f 2099 2127 2128
f 2099 2128 2129
f 2099 2129 2126
f 2100 2126 2101
f 2101 2130 2131
f 2101 2131 2132
f 2101 2132 2102
f 2101 2126 2129
f 2101 2129 2128
f 2101 2128 2130
f 2105 2133 2106
f 2105 2108 2133
f 2106 2133 2134
f 2106 2134 2135
f 2106 2135 2136
f 2106 2136 2137
f 2106 2137 2138
f 2106 2138 2139
f 2106 2139 2140
f 2106 2140 2141
f 2106 2141 2107
f 2107 2141 2109
f 2108 2142 2133
f 2108 2143 2142
f 2109 2141 2144
f 2109 2144 2111
f 2110 2111 2112
f 2111 2145 2146
f 2111 2146 2147
f 2111 2147 2112
f 2111 2144 2145
f 2112 2147 2148
f 2112 2148 2113
f 2113 2148 2149
f 2113 2149 2114
f 2114 2149 2115
f 2115 2149 2116
f 2116 2149 2127
f 2116 2127 2125
f 2117 2150 2151
f 2117 2151 2118
f 2118 2151 2121
f 2118 2121 2119
f 2121 2151 2152
f 2121 2152 2153
f 2121 2153 2122
f 2122 2153 2154
f 2122 2154 2123
f 2123 2154 2155
f 2123 2155 2156
f 2123 2156 2124
f 2124 2156 2157
f 2124 2157 2158
f 2124 2158 2159
f 2124 2159 2160
f 2127 2161 2128
f 2127 2149 2162
f 2127 2162 2161
f 2128 2163 2164
f 2128 2164 2130
f 2128 2161 2163
f 2130 2164 2163
f 2130 2163 2131
f 2131 2163 2165
f 2133 2142 2134
f 2134 2142 2135
f 2135 2142 2166
f 2135 2166 2167
f 2135 2167 2168
f 2135 2168 2136
f 2136 2168 2169
f 2136 2169 2137
f 2137 2170 2138
f 2137 2169 2171
f 2137 2171 2172
f 2137 2172 2170
f 2138 2170 2173
f 2138 2173 2139
f 2139 2173 2174
f 2139 2174 2175
f 2139 2175 2140
f 2140 2175 2176
f 2140 2176 2141
f 2141 2176 2144
f 2142 2143 2167
f 2142 2167 2166
f 2143 2177 2178
f 2143 2178 2167
f 2144 2176 2145
f 2145 2176 2179
f 2145 2179 2146
f 2146 2179 2180
f 2146 2180 2181
f 2146 2181 2147
f 2147 2181 2182
f 2147 2182 2148
f 2148 2182 2162
f 2148 2162 2149
f 2150 2183 2151
f 2151 2183 2184
f 2151 2184 2152
f 2152 2185 2186
f 2152 2186 2187
f 2152 2187 2153
f 2152 2184 2188
f 2152 2188 2189
f 2152 2189 2185
f 2153 2187 2154
f 2154 2187 2190
f 2154 2190 2155
f 2155 2191 2156
f 2155 2190 2192
f 2155 2192 2193
f 2155 2193 2191
f 2156 2191 2157
f 2157 2191 2158
f 2158 2194 2195
f 2158 2195 2196
f 2158 2196 2197
f 2158 2197 2159
f 2158 2191 2194
f 2159 2197 2198
f 2159 2198 2160
f 2160 2198 2199
f 2161 2162 2182
f 2161 2182 2200
f 2161 2200 2201
f 2161 2201 2202
f 2161 2202 2163
f 2163 2202 2201
f 2163 2201 2203
f 2163 2203 2204
f 2163 2204 2205
f 2163 2205 2165
f 2165 2205 2206
f 2167 2178 2207
f 2167 2207 2168
f 2168 2207 2208
f 2168 2208 2169
f 2169 2208 2209
f 2169 2209 2210
f 2169 2210 2171
f 2170 2172 2211
f 2170 2211 2173
f 2171 2210 2211
f 2171 2211 2172
f 2173 2211 2212
f 2173 2212 2174
f 2174 2212 2213
f 2174 2213 2214
f 2174 2214 2175
f 2175 2214 2215
f 2175 2215 2176
f 2176 2215 2216
f 2176 2216 2179
f 2177 2217 2178
f 2178 2217 2218
f 2178 2218 2208
f 2178 2208 2207
f 2179 2216 2180
f 2180 2216 2219
f 2180 2219 2220
f 2180 2220 2221
f 2180 2221 2201
f 2180 2201 2181
f 2181 2200 2182
f 2181 2201 2200
f 2183 2222 2223
f 2183 2223 2188
f 2183 2188 2184
f 2185 2189 2186
f 2186 2189 2224
f 2186 2224 2187
f 2187 2224 2190
f 2188 2223 2225
f 2188 2225 2226
f 2188 2226 2189
f 2189 2226 2224
f 2190 2224 2227
f 2190 2227 2192
f 2191 2193 2194
f 2192 2227 2228
f 2192 2228 2229
f 2192 2229 2193
f 2193 2229 2230
f 2193 2230 2231
f 2193 2231 2194
f 2194 2231 2232
f 2194 2232 2195
f 2195 2232 2233
f 2195 2233 2234
f 2195 2234 2196
f 2196 2234 2197
f 2197 2234 2235
f 2197 2235 2236
f 2197 2236 2237
f 2197 2237 2238
f 2197 2238 2198
f 2198 2239 2240
f 2198 2240 2218
f 2198 2218 2217
f 2198 2217 2199
f 2198 2238 2239
f 2201 2221 2220
f 2201 2220 2241
f 2201 2241 2203
f 2203 2241 2242
f 2203 2242 2243
f 2203 2243 2204
f 2204 2243 2244
f 2204 2244 2245
f 2204 2245 2246
f 2204 2246 2205
f 2205 2246 2247
f 2205 2247 2206
f 2208 2218 2240
f 2208 2240 2248
f 2208 2248 2249
f 2208 2249 2213
f 2208 2213 2209
f 2209 2250 2251
f 2209 2251 2211
f 2209 2211 2210
f 2209 2213 2250
f 2211 2251 2250
f 2211 2250 2213
f 2211 2213 2212
f 2213 2249 2252
f 2213 2252 2253
f 2213 2253 2254
f 2213 2254 2214
f 2214 2254 2255
f 2214 2255 2215
f 2215 2255 2216
f 2216 2255 2219
f 2219 2255 2220
f 2220 2256 2242
f 2220 2242 2241
f 2220 2255 2256
f 2222 2257 2258
f 2222 2258 2223
f 2223 2258 2225
f 2224 2226 2259
f 2224 2259 2260
f 2224 2260 2228
f 2224 2228 2227
f 2225 2258 2261
f 2225 2261 2262
f 2225 2262 2263
f 2225 2263 2226
f 2226 2263 2264
f 2226 2264 2259
f 2228 2260 2259
f 2228 2259 2265
f 2228 2265 2229
f 2229 2265 2266
f 2229 2266 2230
f 2230 2266 2267
f 2230 2267 2268
f 2230 2268 2231
f 2231 2268 2269
f 2231 2269 2232
f 2232 2269 2270
f 2232 2270 2271
f 2232 2271 2233
f 2233 2271 2272
f 2233 2272 2235
f 2233 2235 2234
f 2235 2272 2236
f 2236 2272 2237
f 2237 2272 2273
f 2237 2273 2238
f 2238 2273 2271
f 2238 2271 2274
f 2238 2274 2275
f 2238 2275 2276
f 2238 2276 2239
f 2239 2276 2240
f 2240 2276 2248
f 2242 2256 2286
f 2242 2286 2277
f 2242 2277 2243
f 2243 2277 2278
f 2243 2278 2261
f 2243 2261 2244
f 2244 2279 2245
f 2244 2261 2279
f 2245 2279 2280
f 2245 2280 2247
f 2245 2247 2246
f 2248 2276 2249
f 2249 2276 2269
f 2249 2269 2281
f 2249 2281 2282
f 2249 2282 2252
f 2252 2282 2253
f 2253 2282 2283
f 2253 2283 2284
f 2253 2284 2254
f 2254 2284 2285
f 2254 2285 2255
f 2255 2285 2256
f 2256 2285 2286
f 2257 2287 2258
f 2258 2287 2288
f 2258 2288 2289
f 2258 2289 2261
f 2259 2264 2295
f 2259 2295 2290
f 2259 2290 2265
f 2261 2289 2291
f 2261 2291 2292
f 2261 2292 2279
f 2261 2278 2262
f 2262 2278 2293
f 2262 2293 2294
f 2262 2294 2295
f 2262 2295 2264
f 2262 2264 2263
f 2265 2267 2266
f 2265 2290 2296
f 2265 2296 2297
f 2265 2297 2298
f 2265 2298 2284
f 2265 2284 2267
f 2267 2284 2299
f 2267 2299 2300
f 2267 2300 2268
f 2268 2300 2282
f 2268 2282 2269
f 2269 2282 2281
f 2269 2276 2270
f 2270 2276 2275
f 2270 2275 2271
f 2271 2273 2272
f 2271 2275 2274
f 2277 2286 2297
f 2277 2297 2293
f 2277 2293 2278
f 2279 2292 2301
f 2279 2301 2280
f 2282 2300 2299
f 2282 2299 2283
f 2283 2299 2284
f 2284 2298 2302
f 2284 2302 2303
f 2284 2303 2285
f 2285 2303 2286
f 2286 2303 2297
f 2288 2304 2289
f 2289 2304 2305
f 2289 2305 2291
f 2290 2295 2294
f 2290 2294 2296
f 2291 2305 2306
f 2291 2306 2292
f 2292 2306 2301
f 2293 2297 2296
f 2293 2296 2294
f 2297 2303 2302
f 2297 2302 2298

o geometry_16
v 0.00933210 -0.00283768 0.00832938
v 0.00915479 0.00290363 0.00823266
v 0.00933240 0.00290363 0.00821023
v 0.00966127 -0.00283768 0.00833779
v 0.00802072 -0.00283768 0.00850320
v 0.00781444 -0.00283768 0.00854104
v 0.00802072 0.00290363 0.00845834
v 0.00965863 0.00290363 0.00821864
v 0.00997229 -0.00283768 0.00843451
v 0.00779981 0.00290363 0.00851861
v 0.00773603 -0.00283768 0.00873869
v 0.00978708 0.00290363 0.00827471
v 0.00998809 -0.00283768 0.00844012
v 0.00771906 0.00290363 0.00874009
v 0.00769975 -0.00283768 0.00906669
v 0.00999541 0.00290363 0.00837984
v 0.01008172 0.00290363 0.00842890
v 0.01017710 -0.00283768 0.00854945
v 0.00769477 0.00290363 0.00906810
v 0.00769887 -0.00283768 0.00939470
v 0.01018851 0.00290363 0.00852562
v 0.01051943 -0.00054093 0.00885363
v 0.01051592 -0.00086920 0.00885643
v 0.01050861 -0.00119690 0.00886625
v 0.01050012 -0.00152461 0.00887606
v 0.01049193 -0.00185231 0.00888727
v 0.01048520 -0.00207547 0.00889568
v 0.01031199 -0.00283768 0.00873869
v 0.00769389 0.00290363 0.00939610
v 0.00769506 -0.00283768 0.01103613
v 0.00767078 0.00290363 0.01906948
v 0.00768746 0.00290363 0.01202015
v 0.00768863 0.00290363 0.01152814
v 0.00769185 0.00290363 0.01021752
v 0.01025523 0.00290363 0.00862094
v 0.01050071 0.00142699 0.00887606
v 0.01050773 0.00109872 0.00886625
v 0.01051504 0.00077102 0.00885784
v 0.01051973 0.00044275 0.00885223
v 0.01052060 0.00011448 0.00885223
v 0.01052002 -0.00021266 0.00885223
v 0.01060897 0.00011448 0.00906669
v 0.01060780 -0.00021266 0.00906669
v 0.01060516 -0.00054093 0.00906669
v 0.01059755 -0.00086920 0.00906669
v 0.01058292 -0.00119690 0.00906669
v 0.01056596 -0.00152461 0.00906669
v 0.01054869 -0.00185231 0.00906669
v 0.01051826 -0.00218339 0.00904427
v 0.01047525 -0.00229413 0.00891811
v 0.01046706 -0.00250829 0.00896437
v 0.01044512 -0.00283768 0.00907370
v 0.00768453 -0.00283768 0.01562401
v 0.00767926 -0.00283768 0.01792006
v 0.00767634 -0.00283768 0.01923349
v 0.00767107 -0.00250829 0.02152953
v 0.00766668 0.00290363 0.02120012
v 0.01031082 0.00290363 0.00874009
v 0.01047496 0.00219370 0.00892091
v 0.01048491 0.00197504 0.00889708
v 0.01049222 0.00175470 0.00888727
v 0.01059580 0.00077102 0.00906810
v 0.01060575 0.00044275 0.00906810
v 0.01060692 0.00032977 0.00906669
v 0.01055045 0.00032977 0.00892512
v 0.01065519 0.00011448 0.00939470
v 0.01065490 -0.00021266 0.00939470
v 0.01064993 -0.00054093 0.00939470
v 0.01064291 -0.00086920 0.00939470
v 0.01062915 -0.00119690 0.00939470
v 0.01061160 -0.00152461 0.00939470
v 0.01059346 -0.00185231 0.00939470
v 0.01050334 -0.00250829 0.00912837
v 0.01044746 -0.00282475 0.00907370
v 0.01048725 -0.00270783 0.00918864
v 0.01046560 -0.00283768 0.00939470
v 0.00767312 -0.00283768 0.02087352
v 0.00767195 -0.00283768 0.02152953
v 0.00768599 -0.00283768 0.02185754
v 0.00768541 -0.00250829 0.02185754
v 0.00767956 0.00290363 0.02185613
v 0.00767283 0.00290363 0.02169353
v 0.00766610 0.00290363 0.02152813
v 0.01037548 0.00290363 0.00889989
v 0.01046648 0.00241067 0.00896717
v 0.01051797 0.00208353 0.00904567
v 0.01054957 0.00175470 0.00906810
v 0.01056683 0.00142699 0.00906810
v 0.01062828 0.00109872 0.00939610
v 0.01064174 0.00077102 0.00939610
v 0.01064993 0.00044275 0.00939610
v 0.01065198 0.00032977 0.00939470
v 0.01065198 0.00033033 0.00939610
v 0.01063032 0.00011448 0.01923349
v 0.01063032 -0.00021266 0.01923349
v 0.01062447 -0.00054093 0.01923349
v 0.01061833 -0.00086920 0.01923349
v 0.01060604 -0.00119690 0.01923349
v 0.01061979 -0.00119690 0.01366018
v 0.01062945 -0.00119690 0.00972411
v 0.01056566 -0.00218058 0.00939470
v 0.01061131 -0.00152461 0.00972411
v 0.01059287 -0.00185231 0.00972411
v 0.01052236 -0.00250829 0.00939470
v 0.01048871 -0.00271739 0.00939470
v 0.01043546 -0.00283656 0.02087352
v 0.01043517 -0.00283768 0.02087352
v 0.00777845 -0.00283768 0.02216311
v 0.00777816 -0.00218058 0.02216311
v 0.00778284 0.00290363 0.02218414
v 0.01041147 0.00290363 0.00907230
v 0.01044629 0.00272432 0.00907510
v 0.01050276 0.00241067 0.00913117
v 0.01059346 0.00175470 0.00939610
v 0.01061160 0.00142699 0.00939610
v 0.01062886 0.00109872 0.00972411
v 0.01064115 0.00077102 0.00972411
v 0.01062769 0.00077102 0.01529881
v 0.01061804 0.00077102 0.01923349
v 0.01062564 0.00032977 0.01956149
v 0.01062945 0.00011448 0.01956149
v 0.01062945 -0.00021266 0.01956149
v 0.01062360 -0.00054093 0.01956149
v 0.01061745 -0.00086920 0.01956149
v 0.01060516 -0.00119690 0.01956149
v 0.01058790 -0.00152461 0.01923349
v 0.01060165 -0.00152461 0.01366018
v 0.01058322 -0.00185231 0.01366018
v 0.01056947 -0.00185231 0.01923349
v 0.01056859 -0.00185231 0.01956149
v 0.01053377 -0.00218058 0.02087352
v 0.01049632 -0.00245657 0.02087352
v 0.01047262 -0.00262071 0.02087352
v 0.01049310 -0.00243016 0.02109079
v 0.01040415 -0.00283768 0.02120152
v 0.00787969 -0.00283768 0.02232712
v 0.00787442 0.00290363 0.02233132
v 0.01042171 0.00290363 0.00925312
v 0.01048696 0.00260572 0.00919005
v 0.01056537 0.00208240 0.00939610
v 0.01061540 0.00109872 0.01529881
v 0.01056888 0.00175470 0.01923349
v 0.01058673 0.00142699 0.01956009
v 0.01060575 0.00109872 0.01923349
v 0.01061716 0.00077102 0.01956009
v 0.01061014 0.00077102 0.02087211
v 0.01062243 0.00011448 0.02087352
v 0.01062272 -0.00021266 0.02087352
v 0.01061101 -0.00086920 0.02087352
v 0.01059931 -0.00119690 0.02087352
v 0.01058205 -0.00152461 0.02087352
v 0.01058702 -0.00152461 0.01956149
v 0.01056391 -0.00185231 0.02087352
v 0.01050832 -0.00218058 0.02113985
v 0.01045038 -0.00252740 0.02120012
v 0.01046033 -0.00218058 0.02130385
v 0.01026137 -0.00283768 0.02150149
v 0.00793440 0.00290363 0.02236777
v 0.00804354 -0.00283768 0.02242384
v 0.01042346 0.00290363 0.00939610
v 0.01045389 0.00277885 0.00939610
v 0.01048842 0.00261471 0.00939610
v 0.01052207 0.00241067 0.00939610
v 0.01053962 0.00208240 0.01956009
v 0.01056800 0.00175470 0.01956009
v 0.01056361 0.00175470 0.02087211
v 0.01058176 0.00142699 0.02087211
v 0.01060487 0.00109872 0.01956009
v 0.01059872 0.00109872 0.02087211
v 0.01052090 0.00175470 0.02117068
v 0.01052967 0.00142699 0.02118470
v 0.01054518 0.00077102 0.02120012
v 0.01061833 0.00032977 0.02087352
v 0.01055133 0.00032977 0.02120152
v 0.01055425 0.00011448 0.02120152
v 0.01055454 -0.00021266 0.02120152
v 0.01055045 -0.00054093 0.02120152
v 0.01054577 -0.00086920 0.02120152
v 0.01052997 -0.00152461 0.02118610
v 0.01052119 -0.00185231 0.02117068
v 0.01046852 -0.00185231 0.02133469
v 0.01028185 -0.00250829 0.02150570
v 0.01012063 -0.00283768 0.02166550
v 0.00802130 0.00290363 0.02241823
v 0.00834871 -0.00283768 0.02251355
v 0.00834871 0.00290363 0.02251775
v 0.00819715 0.00290363 0.02247290
v 0.00804325 0.00032977 0.02242524
v 0.01042142 0.00290363 0.01103613
v 0.01045448 0.00276255 0.01103613
v 0.01048286 0.00258773 0.01415640
v 0.01050012 0.00238144 0.01956009
v 0.01049807 0.00236626 0.02087211
v 0.01053523 0.00208240 0.02087211
v 0.01049281 0.00233085 0.02108938
v 0.01050802 0.00208240 0.02113844
v 0.01046004 0.00208240 0.02130245
v 0.01046794 0.00175470 0.02133469
v 0.01052675 0.00108186 0.02122956
v 0.01048081 0.00096157 0.02136553
v 0.01048198 0.00077102 0.02136693
v 0.01048520 0.00011448 0.02137113
v 0.01048520 -0.00021266 0.02137113
v 0.01048227 -0.00086920 0.02136833
v 0.01048081 -0.00106368 0.02136553
v 0.01047759 -0.00128178 0.02135992
v 0.01052704 -0.00118229 0.02123096
v 0.01047379 -0.00152461 0.02135011
v 0.01012268 -0.00250829 0.02166970
v 0.00995678 -0.00283768 0.02178885
v 0.00867670 -0.00283768 0.02252897
v 0.00867670 0.00290363 0.02253037
v 0.01039830 0.00290363 0.02087211
v 0.01043634 0.00273838 0.02087211
v 0.01047496 0.00254501 0.01956009
v 0.01047320 0.00252984 0.02087211
v 0.01040386 0.00273838 0.02120012
v 0.01045038 0.00242866 0.02119872
v 0.01024762 0.00290363 0.02149449
v 0.01026108 0.00273838 0.02150149
v 0.01047350 0.00142699 0.02134871
v 0.01028156 0.00241067 0.02150570
v 0.01047730 0.00118023 0.02135852
v 0.01012034 0.00273838 0.02166550
v 0.01012239 0.00241067 0.02166970
v 0.01012297 0.00208240 0.02167111
v 0.01031608 0.00011448 0.02151551
v 0.01031608 -0.00021266 0.02151551
v 0.01012327 -0.00218058 0.02167111
v 0.00918435 -0.00283768 0.02236076
v 0.00900470 -0.00283768 0.02245047
v 0.00900470 0.00290363 0.02245047
v 0.01037138 0.00290363 0.02120012
v 0.01011742 0.00290363 0.02165849
v 0.00995327 0.00290363 0.02178885
v 0.00918376 0.00290363 0.02236076
v 0.01012356 0.00142699 0.02167251
v 0.01012385 0.00109872 0.02167251
v 0.01012385 -0.00119690 0.02167251
v 0.01012327 -0.00185231 0.02167251
v 0.00918464 -0.00250829 0.02236216
v 0.00912319 0.00032977 0.02239300
v 0.00918405 0.00273838 0.02236076
v 0.00918435 0.00032977 0.02236216
v 0.00918464 -0.00021266 0.02236216
f 2307 2308 2309
f 2307 2309 2310
f 2307 2310 2315
f 2307 2315 2319
f 2307 2319 2324
f 2307 2324 2334
f 2307 2334 2358
f 2307 2358 2382
f 2307 2382 2413
f 2307 2413 2441
f 2307 2441 2463
f 2307 2463 2489
f 2307 2489 2516
f 2307 2516 2536
f 2307 2536 2537
f 2307 2537 2517
f 2307 2517 2491
f 2307 2491 2465
f 2307 2465 2442
f 2307 2442 2414
f 2307 2414 2385
f 2307 2385 2384
f 2307 2384 2383
f 2307 2383 2361
f 2307 2361 2360
f 2307 2360 2359
f 2307 2359 2336
f 2307 2336 2326
f 2307 2326 2321
f 2307 2321 2317
f 2307 2317 2312
f 2307 2312 2311
f 2307 2311 2308
f 2308 2311 2312
f 2308 2312 2313
f 2308 2313 2316
f 2308 2316 2320
f 2308 2320 2325
f 2308 2325 2335
f 2308 2335 2340
f 2308 2340 2339
f 2308 2339 2338
f 2308 2338 2337
f 2308 2337 2363
f 2308 2363 2389
f 2308 2389 2388
f 2308 2388 2387
f 2308 2387 2416
f 2308 2416 2443
f 2308 2443 2464
f 2308 2464 2490
f 2308 2490 2493
f 2308 2493 2492
f 2308 2492 2518
f 2308 2518 2538
f 2308 2538 2542
f 2308 2542 2541
f 2308 2541 2540
f 2308 2540 2525
f 2308 2525 2539
f 2308 2539 2519
f 2308 2519 2495
f 2308 2495 2466
f 2308 2466 2444
f 2308 2444 2417
f 2308 2417 2390
f 2308 2390 2364
f 2308 2364 2341
f 2308 2341 2327
f 2308 2327 2323
f 2308 2323 2322
f 2308 2322 2318
f 2308 2318 2314
f 2308 2314 2309
f 2309 2314 2310
f 2310 2314 2315
f 2312 2316 2313
f 2312 2317 2316
f 2314 2318 2319
f 2314 2319 2315
f 2316 2317 2320
f 2317 2321 2320
f 2318 2322 2319
f 2319 2322 2323
f 2319 2323 2324
f 2320 2321 2325
f 2321 2326 2335
f 2321 2335 2325
f 2323 2327 2324
f 2324 2327 2328
f 2324 2328 2329
f 2324 2329 2330
f 2324 2330 2331
f 2324 2331 2332
f 2324 2332 2333
f 2324 2333 2334
f 2326 2336 2337
f 2326 2337 2338
f 2326 2338 2339
f 2326 2339 2340
f 2326 2340 2335
f 2327 2341 2342
f 2327 2342 2343
f 2327 2343 2344
f 2327 2344 2345
f 2327 2345 2346
f 2327 2346 2347
f 2327 2347 2328
f 2328 2347 2348
f 2328 2348 2349
f 2328 2349 2350
f 2328 2350 2329
f 2329 2350 2351
f 2329 2351 2330
f 2330 2351 2331
f 2331 2351 2332
f 2332 2351 2333
f 2333 2351 2352
f 2333 2352 2353
f 2333 2353 2354
f 2333 2354 2355
f 2333 2355 2356
f 2333 2356 2334
f 2334 2356 2357
f 2334 2357 2358
f 2336 2359 2337
f 2337 2359 2360
f 2337 2360 2361
f 2337 2361 2362
f 2337 2362 2363
f 2341 2364 2365
f 2341 2365 2366
f 2341 2366 2367
f 2341 2367 2342
f 2342 2367 2368
f 2342 2368 2343
f 2343 2368 2344
f 2344 2368 2369
f 2344 2369 2345
f 2345 2369 2370
f 2345 2370 2371
f 2345 2371 2346
f 2346 2371 2348
f 2346 2348 2347
f 2348 2371 2370
f 2348 2370 2372
f 2348 2372 2373
f 2348 2373 2349
f 2349 2373 2350
f 2350 2373 2374
f 2350 2374 2375
f 2350 2375 2351
f 2351 2375 2376
f 2351 2376 2352
f 2352 2376 2353
f 2353 2376 2354
f 2354 2376 2377
f 2354 2377 2378
f 2354 2378 2379
f 2354 2379 2355
f 2355 2357 2356
f 2355 2379 2357
f 2357 2379 2380
f 2357 2380 2358
f 2358 2380 2381
f 2358 2381 2382
f 2361 2383 2362
f 2362 2383 2384
f 2362 2384 2385
f 2362 2385 2386
f 2362 2386 2387
f 2362 2387 2388
f 2362 2388 2389
f 2362 2389 2363
f 2364 2390 2391
f 2364 2391 2365
f 2365 2391 2392
f 2365 2392 2393
f 2365 2393 2366
f 2366 2393 2394
f 2366 2394 2367
f 2367 2394 2368
f 2368 2394 2395
f 2368 2395 2396
f 2368 2396 2369
f 2369 2396 2397
f 2369 2397 2398
f 2369 2398 2372
f 2369 2372 2370
f 2372 2398 2399
f 2372 2399 2400
f 2372 2400 2401
f 2372 2401 2373
f 2373 2401 2374
f 2374 2401 2402
f 2374 2402 2403
f 2374 2403 2375
f 2375 2403 2404
f 2375 2404 2405
f 2375 2405 2406
f 2375 2406 2376
f 2376 2406 2377
f 2377 2406 2408
f 2377 2408 2378
f 2378 2407 2379
f 2378 2408 2409
f 2378 2409 2407
f 2379 2407 2381
f 2379 2381 2380
f 2381 2407 2410
f 2381 2410 2411
f 2381 2411 2382
f 2382 2411 2412
f 2382 2412 2413
f 2385 2414 2386
f 2386 2414 2387
f 2387 2414 2415
f 2387 2415 2416
f 2390 2417 2418
f 2390 2418 2391
f 2391 2418 2419
f 2391 2419 2392
f 2392 2419 2393
f 2393 2419 2420
f 2393 2420 2421
f 2393 2421 2394
f 2394 2421 2395
f 2395 2421 2422
f 2395 2422 2396
f 2396 2422 2423
f 2396 2423 2397
f 2397 2399 2398
f 2397 2423 2424
f 2397 2424 2425
f 2397 2425 2426
f 2397 2426 2399
f 2399 2426 2400
f 2400 2426 2427
f 2400 2427 2428
f 2400 2428 2401
f 2401 2428 2429
f 2401 2429 2402
f 2402 2429 2430
f 2402 2430 2403
f 2403 2430 2431
f 2403 2431 2404
f 2404 2431 2458
f 2404 2458 2432
f 2404 2432 2433
f 2404 2433 2405
f 2405 2433 2408
f 2405 2408 2406
f 2407 2409 2434
f 2407 2434 2435
f 2407 2435 2436
f 2407 2436 2437
f 2407 2437 2410
f 2408 2433 2434
f 2408 2434 2409
f 2410 2437 2438
f 2410 2438 2439
f 2410 2439 2411
f 2411 2439 2412
f 2412 2439 2440
f 2412 2440 2441
f 2412 2441 2413
f 2414 2442 2416
f 2414 2416 2415
f 2416 2442 2443
f 2417 2444 2445
f 2417 2445 2418
f 2418 2445 2419
f 2419 2445 2446
f 2419 2446 2420
f 2420 2447 2421
f 2420 2446 2448
f 2420 2448 2449
f 2420 2449 2447
f 2421 2447 2422
f 2422 2447 2424
f 2422 2424 2423
f 2424 2447 2450
f 2424 2450 2425
f 2425 2450 2474
f 2425 2474 2451
f 2425 2451 2426
f 2426 2451 2452
f 2426 2452 2453
f 2426 2453 2427
f 2427 2453 2454
f 2427 2454 2428
f 2428 2454 2455
f 2428 2455 2429
f 2429 2455 2430
f 2430 2455 2456
f 2430 2456 2431
f 2431 2456 2457
f 2431 2457 2459
f 2431 2459 2458
f 2432 2458 2436
f 2432 2436 2435
f 2432 2435 2434
f 2432 2434 2433
f 2436 2458 2459
f 2436 2459 2437
f 2437 2459 2440
f 2437 2440 2438
f 2438 2440 2439
f 2440 2460 2461
f 2440 2461 2441
f 2440 2459 2460
f 2441 2461 2462
f 2441 2462 2463
f 2442 2464 2443
f 2442 2465 2464
f 2444 2466 2467
f 2444 2467 2445
f 2445 2467 2468
f 2445 2468 2469
f 2445 2469 2446
f 2446 2469 2470
f 2446 2470 2448
f 2447 2449 2450
f 2448 2470 2471
f 2448 2471 2449
f 2449 2471 2472
f 2449 2472 2473
f 2449 2473 2474
f 2449 2474 2450
f 2451 2474 2475
f 2451 2475 2452
f 2452 2475 2476
f 2452 2476 2477
f 2452 2477 2478
f 2452 2478 2479
f 2452 2479 2453
f 2453 2479 2478
f 2453 2478 2480
f 2453 2480 2481
f 2453 2481 2482
f 2453 2482 2454
f 2454 2482 2483
f 2454 2483 2484
f 2454 2484 2455
f 2455 2484 2485
f 2455 2485 2486
f 2455 2486 2456
f 2456 2486 2457
f 2457 2486 2460
f 2457 2460 2459
f 2460 2486 2462
f 2460 2462 2461
f 2462 2486 2487
f 2462 2487 2463
f 2463 2488 2489
f 2463 2487 2488
f 2464 2465 2490
f 2465 2491 2492
f 2465 2492 2493
f 2465 2493 2494
f 2465 2494 2490
f 2466 2495 2467
f 2467 2495 2496
f 2467 2496 2468
f 2468 2496 2497
f 2468 2497 2469
f 2469 2497 2498
f 2469 2498 2470
f 2470 2498 2499
f 2470 2499 2500
f 2470 2500 2472
f 2470 2472 2471
f 2472 2500 2501
f 2472 2501 2502
f 2472 2502 2473
f 2473 2475 2474
f 2473 2502 2476
f 2473 2476 2475
f 2476 2502 2503
f 2476 2503 2504
f 2476 2504 2477
f 2477 2504 2505
f 2477 2505 2478
f 2478 2505 2506
f 2478 2506 2480
f 2480 2506 2481
f 2481 2506 2507
f 2481 2507 2508
f 2481 2508 2482
f 2482 2508 2509
f 2482 2509 2510
f 2482 2510 2483
f 2483 2510 2511
f 2483 2511 2484
f 2484 2511 2512
f 2484 2512 2513
f 2484 2513 2485
f 2485 2513 2487
f 2485 2487 2486
f 2487 2513 2514
f 2487 2514 2488
f 2488 2514 2489
f 2489 2515 2516
f 2489 2514 2512
f 2489 2512 2511
f 2489 2511 2510
f 2489 2510 2515
f 2490 2494 2493
f 2491 2517 2492
f 2492 2517 2518
f 2495 2519 2496
f 2496 2519 2520
f 2496 2520 2497
f 2497 2520 2521
f 2497 2521 2498
f 2498 2521 2522
f 2498 2522 2499
f 2499 2522 2501
f 2499 2501 2500
f 2501 2523 2524
f 2501 2524 2502
f 2501 2522 2520
f 2501 2520 2523
f 2502 2524 2503
f 2503 2524 2523
f 2503 2523 2525
f 2503 2525 2526
f 2503 2526 2504
f 2504 2527 2505
f 2504 2526 2528
f 2504 2528 2527
f 2505 2527 2529
f 2505 2529 2506
f 2506 2529 2530
f 2506 2530 2531
f 2506 2531 2507
f 2507 2531 2508
f 2508 2531 2532
f 2508 2532 2533
f 2508 2533 2534
f 2508 2534 2509
f 2509 2534 2535
f 2509 2535 2515
f 2509 2515 2510
f 2512 2514 2513
f 2515 2535 2536
f 2515 2536 2516
f 2517 2537 2518
f 2518 2537 2538
f 2519 2539 2520
f 2520 2522 2521
f 2520 2539 2523
f 2523 2539 2525
f 2525 2540 2526
f 2526 2540 2528
f 2527 2528 2529
f 2528 2540 2530
f 2528 2530 2529
f 2530 2540 2541
f 2530 2541 2531
f 2531 2541 2542
f 2531 2542 2532
f 2532 2543 2533
f 2532 2542 2543
f 2533 2543 2544
f 2533 2544 2545
f 2533 2545 2534
f 2534 2545 2546
f 2534 2546 2535
f 2535 2546 2547
f 2535 2547 2536
f 2536 2547 2537
f 2537 2548 2538
f 2537 2547 2548
f 2538 2548 2549
f 2538 2549 2542
f 2542 2549 2543
f 2543 2549 2550
f 2543 2550 2544
f 2544 2550 2551
f 2544 2551 2547
f 2544 2547 2545
f 2545 2547 2546
f 2547 2551 2548
f 2548 2551 2550
f 2548 2550 2549

o geometry_17
v -0.00366866 -0.00373519 0.03038467
v -0.00368143 -0.00373519 0.02972880
v -0.00379097 -0.00373519 0.03063489
v 0.00242411 -0.00534010 0.02971449
v 0.00243083 -0.00534010 0.02969969
v -0.00403291 -0.00373519 0.02972880
v 0.00241537 -0.00620206 0.02921063
v 0.00241537 -0.00634634 0.02915519
v 0.00241537 -0.00639877 0.02914088
v -0.00411490 -0.00373519 0.03072057
v 0.00106254 -0.00534010 0.03057408
v 0.00157128 -0.00534010 0.03034923
v 0.00172048 -0.00534010 0.03027525
v 0.00222854 -0.00534010 0.02994748
v 0.00228903 -0.00534010 0.02990390
v 0.00248056 -0.00546988 0.02969969
v -0.00436288 -0.00549554 0.02972880
v -0.00436288 -0.00373519 0.03034321
v -0.00263102 -0.00692755 0.02906886
v 0.00248392 -0.00548067 0.02969969
v 0.00249467 -0.00578893 0.02969969
v 0.00250207 -0.00611691 0.02969969
v 0.00241537 -0.00705323 0.02914088
v -0.00176207 -0.00718822 0.02906886
v -0.00436288 -0.00373519 0.03072008
v -0.00017940 -0.00546133 0.03072984
v 0.00014789 -0.00546133 0.03072399
v 0.00027423 -0.00534010 0.03068350
v 0.00047518 -0.00534010 0.03066367
v 0.00061698 -0.00534010 0.03064839
v 0.00093284 -0.00534010 0.03060059
v 0.00108472 -0.00546133 0.03058042
v 0.00124870 -0.00546133 0.03052580
v 0.00080381 -0.00546133 0.03063798
v 0.00145972 -0.00546133 0.03042564
v 0.00174064 -0.00546133 0.03028614
v 0.00190395 -0.00546133 0.03018599
v 0.00211564 -0.00546133 0.03003608
v 0.00229306 -0.00546133 0.02990845
v -0.00436288 -0.00616748 0.02972880
v -0.00263102 -0.00731093 0.02906886
v 0.00246242 -0.00611691 0.02974213
v 0.00250140 -0.00620206 0.02969969
v 0.00229709 -0.00578893 0.02991171
v 0.00241537 -0.00696659 0.02928217
v 0.00224871 -0.00715140 0.02919909
v 0.00229306 -0.00715140 0.02914088
v -0.00176207 -0.00752065 0.02906886
v -0.00436288 -0.00414980 0.03072008
v -0.00176274 -0.00546096 0.03072626
v -0.00017940 -0.00611691 0.03072984
v 0.00014789 -0.00578893 0.03072529
v 0.00047518 -0.00611691 0.03070285
v 0.00047518 -0.00578893 0.03069781
v 0.00047518 -0.00546133 0.03069147
v 0.00080381 -0.00578893 0.03064709
v 0.00080381 -0.00611691 0.03065489
v 0.00108875 -0.00578893 0.03058449
v 0.00109144 -0.00611691 0.03058709
v 0.00124601 -0.00644488 0.03051994
v 0.00145972 -0.00644488 0.03042776
v 0.00168015 -0.00620206 0.03033069
v 0.00175677 -0.00611691 0.03029671
v 0.00175005 -0.00578893 0.03029167
v 0.00192075 -0.00611691 0.03019184
v -0.00436288 -0.00613476 0.02975871
v -0.00425065 -0.00625784 0.02972880
v -0.00247511 -0.00736596 0.02906886
v -0.00263102 -0.00731093 0.02907471
v -0.00370831 -0.00664085 0.02972880
v -0.00378694 -0.00659102 0.02972880
v -0.00385146 -0.00655012 0.02972880
v -0.00406181 -0.00639952 0.02972880
v -0.00409205 -0.00637720 0.02972880
v 0.00241537 -0.00644488 0.02978570
v 0.00229844 -0.00611691 0.02991219
v 0.00241537 -0.00648876 0.02978196
v 0.00241537 -0.00667171 0.02970034
v 0.00241537 -0.00685913 0.02944427
v 0.00241537 -0.00689891 0.02938558
v 0.00234951 -0.00699262 0.02932412
v 0.00225543 -0.00691974 0.02954264
v 0.00209010 -0.00715140 0.02937826
v -0.00176207 -0.00753404 0.02940265
v -0.00215320 -0.00744145 0.02906886
v -0.00436288 -0.00447778 0.03070367
v -0.00411490 -0.00480575 0.03070480
v -0.00411490 -0.00447778 0.03072057
v -0.00345898 -0.00513373 0.03072220
v -0.00247578 -0.00578856 0.03072448
v -0.00149123 -0.00611691 0.03072659
v -0.00017940 -0.00644488 0.03070984
v 0.00014789 -0.00644488 0.03070789
v 0.00014789 -0.00620206 0.03072090
v 0.00014789 -0.00611691 0.03072529
v 0.00047518 -0.00620206 0.03070009
v 0.00080313 -0.00644488 0.03064887
v 0.00108203 -0.00644488 0.03058449
v 0.00103701 -0.00663601 0.03057067
v 0.00170502 -0.00666130 0.03026696
v 0.00175274 -0.00644488 0.03029395
v 0.00175610 -0.00620206 0.03029606
v 0.00191604 -0.00644488 0.03019331
v 0.00192008 -0.00620206 0.03019233
v -0.00436288 -0.00603212 0.02984635
v -0.00417942 -0.00620280 0.02983123
v -0.00214715 -0.00744851 0.02940265
v -0.00247511 -0.00736596 0.02907471
v -0.00263102 -0.00731018 0.02940265
v -0.00351342 -0.00675464 0.02972880
v -0.00357659 -0.00658172 0.02987122
v -0.00263102 -0.00728713 0.02959905
v -0.00378694 -0.00651181 0.02980782
v -0.00396100 -0.00628759 0.02990033
v 0.00229508 -0.00644488 0.02990862
v 0.00225139 -0.00620206 0.02994617
v 0.00228701 -0.00661668 0.02990146
v 0.00213446 -0.00685095 0.02974392
v 0.00203768 -0.00699485 0.02964360
v 0.00191806 -0.00715140 0.02953938
v 0.00174064 -0.00715140 0.02968425
v 0.00150408 -0.00715140 0.02983627
v 0.00145972 -0.00715140 0.02986049
v 0.00133338 -0.00715140 0.02992520
v 0.00117410 -0.00715140 0.02999430
v 0.00110690 -0.00715140 0.03002129
v 0.00080717 -0.00715140 0.03010941
v 0.00080313 -0.00715140 0.03011023
v 0.00052222 -0.00715140 0.03015477
v 0.00047518 -0.00715140 0.03016160
v -0.00176207 -0.00740017 0.02974701
v -0.00214715 -0.00735927 0.02968929
v -0.00247511 -0.00731427 0.02963368
v -0.00436288 -0.00480203 0.03064221
v -0.00412028 -0.00513819 0.03062757
v -0.00378694 -0.00513373 0.03070610
v -0.00351342 -0.00513373 0.03071960
v -0.00313170 -0.00546096 0.03072285
v -0.00280374 -0.00578856 0.03071309
v -0.00181986 -0.00611653 0.03072529
v -0.00050736 -0.00644488 0.03070627
v -0.00017940 -0.00669291 0.03062010
v 0.00014789 -0.00669514 0.03062058
v 0.00047518 -0.00668882 0.03061392
v 0.00047518 -0.00644488 0.03069163
v 0.00080313 -0.00666688 0.03059489
v 0.00080313 -0.00683087 0.03044141
v 0.00103902 -0.00696176 0.03024761
v 0.00114722 -0.00677918 0.03039020
v 0.00145972 -0.00671931 0.03032484
v 0.00145972 -0.00688330 0.03016176
v 0.00168956 -0.00697440 0.02993756
v 0.00180717 -0.00678661 0.03007055
v 0.00211564 -0.00667841 0.02996731
v -0.00436288 -0.00590644 0.02994829
v -0.00431719 -0.00598415 0.02991935
v -0.00247511 -0.00736485 0.02940265
v -0.00351342 -0.00668919 0.02979708
v -0.00263102 -0.00725515 0.02963596
v -0.00263102 -0.00713467 0.02976554
v -0.00263102 -0.00697738 0.02993236
v -0.00378694 -0.00634783 0.02995170
v -0.00303761 -0.00665014 0.03006551
v -0.00313170 -0.00660217 0.03006551
v -0.00321167 -0.00656090 0.03006551
v -0.00332726 -0.00629911 0.03023834
v -0.00329769 -0.00595441 0.03055181
v -0.00354635 -0.00623255 0.03018339
v -0.00370428 -0.00601353 0.03027167
v -0.00379299 -0.00579339 0.03038971
v 0.00190798 -0.00691230 0.02986212
v 0.00145972 -0.00703055 0.02999788
v 0.00125811 -0.00692234 0.03020745
v 0.00080313 -0.00699039 0.03027769
v 0.00047518 -0.00685280 0.03046483
v 0.00021509 -0.00715140 0.03017623
v 0.00014789 -0.00715140 0.03017932
v -0.00017940 -0.00715140 0.03017623
v -0.00050736 -0.00715140 0.03016599
v -0.00079499 -0.00715140 0.03014941
v -0.00083531 -0.00715140 0.03014681
v -0.00115790 -0.00715140 0.03011510
v -0.00176207 -0.00732208 0.02984196
v -0.00182188 -0.00737972 0.02975562
v -0.00193344 -0.00725106 0.02988163
v -0.00214715 -0.00722094 0.02985334
v -0.00247511 -0.00716962 0.02979773
v -0.00436288 -0.00497085 0.03059538
v -0.00401409 -0.00535089 0.03058677
v -0.00377888 -0.00546059 0.03062026
v -0.00345898 -0.00546096 0.03069651
v -0.00433331 -0.00503184 0.03058563
v -0.00313170 -0.00578856 0.03067034
v -0.00247578 -0.00611653 0.03067326
v -0.00214782 -0.00611653 0.03071147
v -0.00083531 -0.00644488 0.03069781
v -0.00050736 -0.00668807 0.03061684
v -0.00017940 -0.00685689 0.03047035
v 0.00014789 -0.00685875 0.03047198
v -0.00436288 -0.00571010 0.03009787
v -0.00427821 -0.00562383 0.03022127
v -0.00405912 -0.00571159 0.03028923
v -0.00247511 -0.00700601 0.02995918
v -0.00247511 -0.00683087 0.03012339
v -0.00263102 -0.00692234 0.02998357
v -0.00268142 -0.00662746 0.03023997
v -0.00280777 -0.00675984 0.03006551
v -0.00289984 -0.00657577 0.03019379
v -0.00313170 -0.00651590 0.03014193
v -0.00342807 -0.00577517 0.03059928
v -0.00366396 -0.00565692 0.03057327
v -0.00351678 -0.00587520 0.03049035
v -0.00313170 -0.00616264 0.03044808
v -0.00265521 -0.00628870 0.03055734
v -0.00313170 -0.00599866 0.03058400
v -0.00388237 -0.00556954 0.03050775
v -0.00050736 -0.00685169 0.03046515
v -0.00083531 -0.00700638 0.03029118
v -0.00083531 -0.00684091 0.03045523
v -0.00116260 -0.00698927 0.03027411
v -0.00149123 -0.00715140 0.03007120
v -0.00152147 -0.00715140 0.03006616
v -0.00176207 -0.00719677 0.02997512
v -0.00170024 -0.00694874 0.03023379
v -0.00168344 -0.00661779 0.03055815
v -0.00214715 -0.00672080 0.03032663
v -0.00436288 -0.00505973 0.03054693
v -0.00423318 -0.00525049 0.03051929
v -0.00414649 -0.00548736 0.03040418
v -0.00278022 -0.00611951 0.03061538
v -0.00263169 -0.00611839 0.03064351
v -0.00247578 -0.00616711 0.03065229
v -0.00214715 -0.00638241 0.03062367
v -0.00214782 -0.00616711 0.03069489
v -0.00149123 -0.00644488 0.03066237
v -0.00116260 -0.00644488 0.03068269
v -0.00083531 -0.00667692 0.03060871
v -0.00436288 -0.00556768 0.03020062
v -0.00436288 -0.00538212 0.03033313
v -0.00214715 -0.00654603 0.03049068
v -0.00247511 -0.00666651 0.03027623
v -0.00263102 -0.00663750 0.03024859
v -0.00263169 -0.00659399 0.03028842
v -0.00247511 -0.00648876 0.03044027
v -0.00247511 -0.00632514 0.03058595
v -0.00116260 -0.00665832 0.03059424
v -0.00116260 -0.00682231 0.03043800
v -0.00149123 -0.00696734 0.03025200
v -0.00149123 -0.00679889 0.03041589
v -0.00149123 -0.00663527 0.03057425
v -0.00436288 -0.00520215 0.03045653
v -0.00180373 -0.00646273 0.03062465
v -0.00176207 -0.00646050 0.03062969
f 2552 2553 2557
f 2552 2557 2569
f 2552 2569 2576
f 2552 2576 2561
f 2552 2561 2554
f 2552 2554 2555
f 2552 2555 2556
f 2552 2556 2553
f 2553 2556 2558
f 2553 2558 2559
f 2553 2559 2560
f 2553 2560 2557
f 2554 2561 2562
f 2554 2562 2563
f 2554 2563 2564
f 2554 2564 2565
f 2554 2565 2566
f 2554 2566 2555
f 2555 2567 2556
f 2555 2566 2567
f 2556 2567 2558
f 2557 2568 2569
f 2557 2560 2570
f 2557 2570 2568
f 2558 2567 2571
f 2558 2571 2559
f 2559 2571 2560
f 2560 2571 2572
f 2560 2572 2573
f 2560 2573 2574
f 2560 2574 2599
f 2560 2599 2575
f 2560 2575 2570
f 2561 2576 2577
f 2561 2577 2578
f 2561 2578 2579
f 2561 2579 2580
f 2561 2580 2581
f 2561 2581 2582
f 2561 2582 2562
f 2562 2583 2584
f 2562 2584 2563
f 2562 2582 2585
f 2562 2585 2583
f 2563 2586 2564
f 2563 2584 2586
f 2564 2586 2587
f 2564 2587 2588
f 2564 2588 2565
f 2565 2589 2590
f 2565 2590 2566
f 2565 2588 2589
f 2566 2590 2571
f 2566 2571 2567
f 2568 2591 2617
f 2568 2617 2656
f 2568 2656 2706
f 2568 2706 2751
f 2568 2751 2789
f 2568 2789 2790
f 2568 2790 2802
f 2568 2802 2778
f 2568 2778 2739
f 2568 2739 2685
f 2568 2685 2637
f 2568 2637 2600
f 2568 2600 2576
f 2568 2576 2569
f 2568 2570 2592
f 2568 2592 2591
f 2570 2575 2599
f 2570 2599 2636
f 2570 2636 2619
f 2570 2619 2592
f 2571 2590 2572
f 2572 2590 2573
f 2573 2593 2594
f 2573 2594 2574
f 2573 2590 2595
f 2573 2595 2593
f 2574 2594 2596
f 2574 2596 2597
f 2574 2597 2598
f 2574 2598 2599
f 2576 2600 2601
f 2576 2601 2577
f 2577 2602 2646
f 2577 2646 2603
f 2577 2603 2578
f 2577 2601 2602
f 2578 2603 2604
f 2578 2604 2605
f 2578 2605 2606
f 2578 2606 2580
f 2578 2580 2579
f 2580 2606 2581
f 2581 2606 2582
f 2582 2606 2585
f 2583 2585 2607
f 2583 2607 2608
f 2583 2608 2609
f 2583 2609 2584
f 2584 2609 2610
f 2584 2610 2611
f 2584 2611 2612
f 2584 2612 2613
f 2584 2613 2614
f 2584 2614 2586
f 2585 2606 2607
f 2586 2614 2615
f 2586 2615 2587
f 2587 2615 2588
f 2588 2615 2614
f 2588 2614 2616
f 2588 2616 2589
f 2589 2616 2590
f 2590 2616 2595
f 2591 2592 2618
f 2591 2618 2617
f 2592 2619 2659
f 2592 2659 2620
f 2592 2620 2621
f 2592 2621 2622
f 2592 2622 2623
f 2592 2623 2624
f 2592 2624 2625
f 2592 2625 2618
f 2593 2626 2594
f 2593 2595 2627
f 2593 2627 2626
f 2594 2626 2628
f 2594 2628 2629
f 2594 2629 2630
f 2594 2630 2631
f 2594 2631 2596
f 2595 2616 2627
f 2596 2631 2632
f 2596 2632 2597
f 2597 2632 2633
f 2597 2633 2634
f 2597 2634 2635
f 2597 2635 2598
f 2598 2635 2599
f 2599 2635 2636
f 2600 2637 2638
f 2600 2638 2639
f 2600 2639 2640
f 2600 2640 2601
f 2601 2640 2641
f 2601 2641 2602
f 2602 2642 2643
f 2602 2643 2644
f 2602 2644 2645
f 2602 2645 2646
f 2602 2641 2642
f 2603 2646 2604
f 2604 2646 2647
f 2604 2647 2648
f 2604 2648 2608
f 2604 2608 2605
f 2605 2608 2606
f 2606 2608 2607
f 2608 2648 2649
f 2608 2649 2610
f 2608 2610 2609
f 2610 2649 2611
f 2611 2649 2650
f 2611 2650 2612
f 2612 2650 2651
f 2612 2651 2652
f 2612 2652 2653
f 2612 2653 2613
f 2613 2653 2614
f 2614 2653 2654
f 2614 2654 2655
f 2614 2655 2616
f 2616 2655 2627
f 2617 2618 2657
f 2617 2657 2656
f 2618 2625 2657
f 2619 2636 2658
f 2619 2658 2659
f 2620 2659 2660
f 2620 2660 2621
f 2621 2661 2662
f 2621 2662 2622
f 2621 2660 2663
f 2621 2663 2661
f 2622 2662 2623
f 2623 2662 2664
f 2623 2664 2624
f 2624 2664 2665
f 2624 2665 2657
f 2624 2657 2625
f 2626 2627 2666
f 2626 2666 2628
f 2627 2655 2654
f 2627 2654 2667
f 2627 2667 2666
f 2628 2666 2668
f 2628 2668 2629
f 2629 2668 2633
f 2629 2633 2630
f 2630 2633 2631
f 2631 2633 2632
f 2633 2669 2670
f 2633 2670 2634
f 2633 2668 2669
f 2634 2670 2671
f 2634 2671 2635
f 2635 2671 2672
f 2635 2672 2673
f 2635 2673 2674
f 2635 2674 2675
f 2635 2675 2676
f 2635 2676 2677
f 2635 2677 2678
f 2635 2678 2679
f 2635 2679 2680
f 2635 2680 2681
f 2635 2681 2682
f 2635 2682 2683
f 2635 2683 2684
f 2635 2684 2658
f 2635 2658 2636
f 2637 2685 2638
f 2638 2685 2686
f 2638 2686 2687
f 2638 2687 2639
f 2639 2687 2688
f 2639 2688 2640
f 2640 2688 2689
f 2640 2689 2641
f 2641 2689 2690
f 2641 2690 2691
f 2641 2691 2642
f 2642 2691 2643
f 2643 2691 2692
f 2643 2692 2693
f 2643 2693 2694
f 2643 2694 2644
f 2644 2694 2695
f 2644 2695 2696
f 2644 2696 2645
f 2645 2696 2646
f 2646 2696 2647
f 2647 2696 2648
f 2648 2697 2650
f 2648 2650 2649
f 2648 2696 2697
f 2650 2697 2698
f 2650 2698 2699
f 2650 2699 2700
f 2650 2700 2701
f 2650 2701 2651
f 2651 2701 2702
f 2651 2702 2703
f 2651 2703 2704
f 2651 2704 2705
f 2651 2705 2668
f 2651 2668 2654
f 2651 2654 2652
f 2652 2654 2653
f 2654 2668 2666
f 2654 2666 2667
f 2656 2657 2707
f 2656 2707 2706
f 2657 2665 2707
f 2658 2684 2663
f 2658 2663 2708
f 2658 2708 2659
f 2659 2708 2660
f 2660 2708 2663
f 2661 2709 2662
f 2661 2663 2710
f 2661 2710 2711
f 2661 2711 2712
f 2661 2712 2709
f 2662 2713 2664
f 2662 2709 2714
f 2662 2714 2715
f 2662 2715 2716
f 2662 2716 2717
f 2662 2717 2718
f 2662 2718 2719
f 2662 2719 2713
f 2663 2684 2710
f 2664 2713 2665
f 2665 2713 2720
f 2665 2720 2721
f 2665 2721 2707
f 2668 2705 2722
f 2668 2722 2669
f 2669 2722 2670
f 2670 2722 2671
f 2671 2722 2672
f 2672 2722 2703
f 2672 2703 2673
f 2673 2703 2674
f 2674 2703 2723
f 2674 2723 2675
f 2675 2723 2702
f 2675 2702 2724
f 2675 2724 2676
f 2676 2724 2677
f 2677 2724 2699
f 2677 2699 2678
f 2678 2699 2725
f 2678 2725 2679
f 2679 2725 2680
f 2680 2725 2698
f 2680 2698 2681
f 2681 2698 2726
f 2681 2726 2727
f 2681 2727 2682
f 2682 2727 2728
f 2682 2728 2729
f 2682 2729 2730
f 2682 2730 2731
f 2682 2731 2732
f 2682 2732 2733
f 2682 2733 2734
f 2682 2734 2735
f 2682 2735 2683
f 2683 2735 2736
f 2683 2736 2737
f 2683 2737 2684
f 2684 2738 2710
f 2684 2737 2738
f 2685 2739 2686
f 2686 2740 2741
f 2686 2741 2742
f 2686 2742 2687
f 2686 2739 2743
f 2686 2743 2740
f 2687 2742 2689
f 2687 2689 2688
f 2689 2742 2690
f 2690 2742 2744
f 2690 2744 2745
f 2690 2745 2746
f 2690 2746 2691
f 2691 2746 2747
f 2691 2747 2692
f 2692 2747 2748
f 2692 2748 2693
f 2693 2748 2749
f 2693 2749 2750
f 2693 2750 2694
f 2694 2750 2695
f 2695 2726 2697
f 2695 2697 2696
f 2695 2750 2726
f 2697 2726 2698
f 2698 2725 2699
f 2699 2724 2700
f 2700 2724 2701
f 2701 2724 2702
f 2702 2723 2703
f 2703 2722 2704
f 2704 2722 2705
f 2706 2707 2752
f 2706 2752 2751
f 2707 2721 2753
f 2707 2753 2752
f 2709 2712 2714
f 2710 2738 2711
f 2711 2738 2712
f 2712 2738 2754
f 2712 2754 2755
f 2712 2755 2756
f 2712 2756 2757
f 2712 2757 2758
f 2712 2758 2714
f 2713 2719 2720
f 2714 2758 2759
f 2714 2759 2715
f 2715 2759 2760
f 2715 2760 2716
f 2716 2760 2718
f 2716 2718 2717
f 2718 2761 2762
f 2718 2762 2763
f 2718 2763 2720
f 2718 2720 2719
f 2718 2760 2764
f 2718 2764 2765
f 2718 2765 2766
f 2718 2766 2761
f 2720 2762 2721
f 2720 2763 2762
f 2721 2767 2753
f 2721 2762 2767
f 2726 2750 2728
f 2726 2728 2727
f 2728 2750 2729
f 2729 2750 2749
f 2729 2749 2730
f 2730 2749 2768
f 2730 2768 2731
f 2731 2768 2769
f 2731 2769 2732
f 2732 2769 2733
f 2733 2769 2770
f 2733 2770 2771
f 2733 2771 2772
f 2733 2772 2734
f 2734 2772 2773
f 2734 2773 2774
f 2734 2774 2736
f 2734 2736 2735
f 2736 2774 2775
f 2736 2775 2776
f 2736 2776 2737
f 2737 2776 2777
f 2737 2777 2754
f 2737 2754 2738
f 2739 2778 2743
f 2740 2743 2779
f 2740 2779 2780
f 2740 2780 2767
f 2740 2767 2762
f 2740 2762 2741
f 2741 2762 2761
f 2741 2761 2744
f 2741 2744 2742
f 2743 2778 2779
f 2744 2761 2766
f 2744 2766 2781
f 2744 2781 2782
f 2744 2782 2745
f 2745 2782 2783
f 2745 2783 2784
f 2745 2784 2785
f 2745 2785 2746
f 2746 2785 2786
f 2746 2786 2787
f 2746 2787 2747
f 2747 2787 2788
f 2747 2788 2748
f 2748 2788 2768
f 2748 2768 2749
f 2751 2752 2789
f 2752 2790 2789
f 2752 2753 2767
f 2752 2767 2780
f 2752 2780 2779
f 2752 2779 2790
f 2754 2777 2791
f 2754 2791 2755
f 2755 2792 2793
f 2755 2793 2756
f 2755 2791 2792
f 2756 2793 2757
f 2757 2765 2759
f 2757 2759 2758
f 2757 2793 2794
f 2757 2794 2765
f 2759 2765 2760
f 2760 2765 2764
f 2765 2781 2766
f 2765 2794 2795
f 2765 2795 2796
f 2765 2796 2781
f 2768 2788 2770
f 2768 2770 2769
f 2770 2788 2797
f 2770 2797 2798
f 2770 2798 2771
f 2771 2798 2799
f 2771 2799 2772
f 2772 2799 2773
f 2773 2799 2775
f 2773 2775 2774
f 2775 2799 2800
f 2775 2800 2776
f 2776 2800 2801
f 2776 2801 2784
f 2776 2784 2796
f 2776 2796 2791
f 2776 2791 2777
f 2778 2802 2779
f 2779 2802 2790
f 2781 2796 2784
f 2781 2784 2783
f 2781 2783 2782
f 2784 2803 2804
f 2784 2804 2786
f 2784 2786 2785
f 2784 2801 2803
f 2786 2801 2797
f 2786 2797 2788
f 2786 2788 2787
f 2786 2804 2801
f 2791 2796 2795
f 2791 2795 2792
f 2792 2795 2793
f 2793 2795 2794
f 2797 2801 2798
f 2798 2801 2800
f 2798 2800 2799
f 2801 2804 2803

o geometry_18
v -0.00436298 -0.00373459 0.00321828
v -0.00362620 -0.00373482 0.00350712
v -0.00362569 -0.00373482 0.00349004
v -0.00361982 -0.00373482 0.00316207
v -0.00436298 -0.00373459 0.00283403
v -0.00570077 -0.00373459 0.00356146
v -0.00436298 -0.00571863 0.00356146
v -0.00355270 -0.00384837 0.00350712
v -0.00363181 -0.00373482 0.00311292
v -0.00351442 -0.00391289 0.00349004
v -0.00351442 -0.00391523 0.00323968
v -0.00351442 -0.00391711 0.00316207
v -0.00351442 -0.00397552 0.00302277
v -0.00378009 -0.00373482 0.00290717
v -0.00383904 -0.00373482 0.00289218
v -0.00411594 -0.00373482 0.00283403
v -0.00436298 -0.00373482 0.00283395
v -0.00509976 -0.00373459 0.00283403
v -0.00612135 -0.00373459 0.00356146
v -0.00436298 -0.00612965 0.00356146
v -0.00351442 -0.00391312 0.00350712
v -0.00357797 -0.00389576 0.00295214
v -0.00351442 -0.00405412 0.00294097
v -0.00378800 -0.00414937 0.00283403
v -0.00351442 -0.00411511 0.00292714
v -0.00351442 -0.00442268 0.00285896
v -0.00411594 -0.00382139 0.00282538
v -0.00436298 -0.00382139 0.00282531
v -0.00509976 -0.00382116 0.00282523
v -0.00518627 -0.00373459 0.00283518
v -0.00612135 -0.00373459 0.00348997
v -0.00611777 -0.00382116 0.00356146
v -0.00436298 -0.00613130 0.00348997
v -0.00351442 -0.00571112 0.00329049
v -0.00351442 -0.00458549 0.00350712
v -0.00444388 -0.00612027 0.00356146
v -0.00351442 -0.00475042 0.00282538
v -0.00509976 -0.00414937 0.00283107
v -0.00542744 -0.00382116 0.00284260
v -0.00542744 -0.00373459 0.00284794
v -0.00351442 -0.00513282 0.00282538
v -0.00436298 -0.00447734 0.00282531
v -0.00411594 -0.00513282 0.00282538
v -0.00444388 -0.00480532 0.00282538
v -0.00477182 -0.00447711 0.00282538
v -0.00603687 -0.00373459 0.00323197
v -0.00600497 -0.00381412 0.00314722
v -0.00611675 -0.00382116 0.00348997
v -0.00599834 -0.00416837 0.00356146
v -0.00444388 -0.00611722 0.00348997
v -0.00436298 -0.00603300 0.00317216
v -0.00351442 -0.00571112 0.00288209
v -0.00466361 -0.00600789 0.00356146
v -0.00477182 -0.00480532 0.00283496
v -0.00542744 -0.00414937 0.00287892
v -0.00576865 -0.00381412 0.00293528
v -0.00577172 -0.00373459 0.00293593
v -0.00551651 -0.00373459 0.00286660
v -0.00509976 -0.00447711 0.00284765
v -0.00351442 -0.00546080 0.00282898
v -0.00411594 -0.00546080 0.00283158
v -0.00378800 -0.00546080 0.00282920
v -0.00436298 -0.00521376 0.00283259
v -0.00444388 -0.00513306 0.00283302
v -0.00600727 -0.00373459 0.00314391
v -0.00595546 -0.00373459 0.00303444
v -0.00592663 -0.00373459 0.00299221
v -0.00588656 -0.00391875 0.00302796
v -0.00596976 -0.00408039 0.00324646
v -0.00599145 -0.00417353 0.00349155
v -0.00595010 -0.00426995 0.00356146
v -0.00442372 -0.00602080 0.00317461
v -0.00465978 -0.00600461 0.00348997
v -0.00463146 -0.00597740 0.00329208
v -0.00436298 -0.00599288 0.00308265
v -0.00436298 -0.00593915 0.00301239
v -0.00436298 -0.00586854 0.00296879
v -0.00353739 -0.00571112 0.00288209
v -0.00469909 -0.00597059 0.00356146
v -0.00477182 -0.00513306 0.00287691
v -0.00444388 -0.00546080 0.00286711
v -0.00543076 -0.00446280 0.00293939
v -0.00566147 -0.00414937 0.00295964
v -0.00513166 -0.00483699 0.00291546
v -0.00588401 -0.00373459 0.00297030
v -0.00378800 -0.00571112 0.00288274
v -0.00386558 -0.00571112 0.00288332
v -0.00411594 -0.00571112 0.00288555
v -0.00436298 -0.00554174 0.00287575
v -0.00436298 -0.00546080 0.00285831
v -0.00560838 -0.00434362 0.00298565
v -0.00554229 -0.00456227 0.00305001
v -0.00563059 -0.00470913 0.00326851
v -0.00590723 -0.00429904 0.00338331
v -0.00589447 -0.00437247 0.00356146
v -0.00482720 -0.00583523 0.00356146
v -0.00482363 -0.00583147 0.00348997
v -0.00495097 -0.00564191 0.00330361
v -0.00474349 -0.00575875 0.00318866
v -0.00451968 -0.00587558 0.00307357
v -0.00463707 -0.00565693 0.00298046
v -0.00442372 -0.00577517 0.00295020
v -0.00436298 -0.00577798 0.00294083
v -0.00419352 -0.00571112 0.00289399
v -0.00475651 -0.00544062 0.00295200
v -0.00503085 -0.00513306 0.00295567
v -0.00532357 -0.00474901 0.00296274
v -0.00526207 -0.00496719 0.00299927
v -0.00532791 -0.00513306 0.00324041
v -0.00526717 -0.00530103 0.00332018
v -0.00556092 -0.00493059 0.00348997
v -0.00566555 -0.00476661 0.00348997
v -0.00584011 -0.00445200 0.00349155
v -0.00566887 -0.00477200 0.00356146
v -0.00494434 -0.00570690 0.00356146
v -0.00497343 -0.00566748 0.00348997
v -0.00485527 -0.00553658 0.00308510
v -0.00506199 -0.00541880 0.00320257
v -0.00495455 -0.00531769 0.00298637
v -0.00519470 -0.00513306 0.00307660
v -0.00513753 -0.00548285 0.00348997
v -0.00528249 -0.00531910 0.00348997
v -0.00541596 -0.00513306 0.00348997
v -0.00544965 -0.00509411 0.00356146
v -0.00556296 -0.00493576 0.00356146
v -0.00497675 -0.00567124 0.00356146
v -0.00514085 -0.00548637 0.00356146
v -0.00528580 -0.00532262 0.00356146
f 2805 2806 2807
f 2805 2807 2808
f 2805 2808 2809
f 2805 2809 2822
f 2805 2822 2834
f 2805 2834 2844
f 2805 2844 2862
f 2805 2862 2861
f 2805 2861 2889
f 2805 2889 2871
f 2805 2871 2870
f 2805 2870 2869
f 2805 2869 2850
f 2805 2850 2835
f 2805 2835 2823
f 2805 2823 2810
f 2805 2810 2806
f 2806 2811 2812
f 2806 2812 2807
f 2806 2810 2811
f 2807 2812 2808
f 2808 2813 2809
f 2808 2812 2814
f 2808 2814 2815
f 2808 2815 2816
f 2808 2816 2817
f 2808 2817 2813
f 2809 2813 2818
f 2809 2818 2819
f 2809 2819 2820
f 2809 2820 2821
f 2809 2821 2822
f 2810 2823 2836
f 2810 2836 2853
f 2810 2853 2875
f 2810 2875 2899
f 2810 2899 2918
f 2810 2918 2929
f 2810 2929 2928
f 2810 2928 2932
f 2810 2932 2931
f 2810 2931 2930
f 2810 2930 2919
f 2810 2919 2900
f 2810 2900 2883
f 2810 2883 2857
f 2810 2857 2840
f 2810 2840 2824
f 2810 2824 2811
f 2811 2824 2839
f 2811 2839 2825
f 2811 2825 2812
f 2812 2825 2814
f 2813 2817 2826
f 2813 2826 2818
f 2814 2825 2839
f 2814 2839 2838
f 2814 2838 2856
f 2814 2856 2864
f 2814 2864 2845
f 2814 2845 2841
f 2814 2841 2830
f 2814 2830 2829
f 2814 2829 2827
f 2814 2827 2817
f 2814 2817 2816
f 2814 2816 2815
f 2817 2827 2826
f 2818 2828 2819
f 2818 2826 2827
f 2818 2827 2829
f 2818 2829 2830
f 2818 2830 2828
f 2819 2828 2820
f 2820 2831 2832
f 2820 2832 2821
f 2820 2828 2831
f 2821 2832 2833
f 2821 2833 2822
f 2822 2833 2834
f 2823 2835 2836
f 2824 2837 2838
f 2824 2838 2839
f 2824 2840 2837
f 2828 2830 2841
f 2828 2841 2831
f 2831 2841 2832
f 2832 2841 2833
f 2833 2842 2843
f 2833 2843 2844
f 2833 2844 2834
f 2833 2841 2845
f 2833 2845 2846
f 2833 2846 2847
f 2833 2847 2848
f 2833 2848 2849
f 2833 2849 2842
f 2835 2850 2851
f 2835 2851 2852
f 2835 2852 2836
f 2836 2852 2853
f 2837 2840 2854
f 2837 2854 2855
f 2837 2855 2856
f 2837 2856 2838
f 2840 2857 2854
f 2842 2849 2858
f 2842 2858 2843
f 2843 2859 2860
f 2843 2860 2861
f 2843 2861 2862
f 2843 2862 2844
f 2843 2858 2863
f 2843 2863 2859
f 2845 2864 2847
f 2845 2847 2846
f 2847 2865 2848
f 2847 2864 2866
f 2847 2866 2865
f 2848 2865 2849
f 2849 2865 2867
f 2849 2867 2868
f 2849 2868 2858
f 2850 2869 2851
f 2851 2869 2870
f 2851 2870 2871
f 2851 2871 2872
f 2851 2872 2873
f 2851 2873 2852
f 2852 2873 2874
f 2852 2874 2853
f 2853 2874 2875
f 2854 2876 2855
f 2854 2857 2877
f 2854 2877 2878
f 2854 2878 2876
f 2855 2876 2879
f 2855 2879 2856
f 2856 2879 2880
f 2856 2880 2881
f 2856 2881 2882
f 2856 2882 2864
f 2857 2883 2877
f 2858 2884 2863
f 2858 2868 2885
f 2858 2885 2884
f 2859 2886 2887
f 2859 2887 2860
f 2859 2863 2888
f 2859 2888 2886
f 2860 2887 2889
f 2860 2889 2861
f 2863 2884 2888
f 2864 2882 2866
f 2865 2866 2890
f 2865 2890 2891
f 2865 2891 2892
f 2865 2892 2893
f 2865 2893 2894
f 2865 2894 2867
f 2866 2882 2890
f 2867 2894 2885
f 2867 2885 2868
f 2871 2889 2887
f 2871 2887 2895
f 2871 2895 2872
f 2872 2895 2896
f 2872 2896 2873
f 2873 2896 2897
f 2873 2897 2898
f 2873 2898 2874
f 2874 2898 2875
f 2875 2898 2899
f 2876 2878 2879
f 2877 2883 2900
f 2877 2900 2901
f 2877 2901 2878
f 2878 2901 2902
f 2878 2902 2903
f 2878 2903 2904
f 2878 2904 2880
f 2878 2880 2879
f 2880 2904 2905
f 2880 2905 2881
f 2881 2905 2906
f 2881 2906 2907
f 2881 2907 2908
f 2881 2908 2892
f 2881 2892 2891
f 2881 2891 2890
f 2881 2890 2882
f 2884 2909 2910
f 2884 2910 2888
f 2884 2885 2909
f 2885 2894 2893
f 2885 2893 2906
f 2885 2906 2909
f 2886 2888 2911
f 2886 2911 2887
f 2887 2911 2895
f 2888 2910 2911
f 2892 2908 2893
f 2893 2908 2906
f 2895 2911 2912
f 2895 2912 2896
f 2896 2912 2897
f 2897 2912 2913
f 2897 2913 2914
f 2897 2914 2915
f 2897 2915 2916
f 2897 2916 2898
f 2898 2917 2899
f 2898 2916 2917
f 2899 2917 2916
f 2899 2916 2918
f 2900 2919 2920
f 2900 2920 2901
f 2901 2920 2914
f 2901 2914 2902
f 2902 2921 2903
f 2902 2914 2922
f 2902 2922 2921
f 2903 2921 2904
f 2904 2921 2905
f 2905 2921 2923
f 2905 2923 2909
f 2905 2909 2906
f 2906 2908 2907
f 2909 2923 2910
f 2910 2912 2911
f 2910 2923 2912
f 2912 2924 2914
f 2912 2914 2913
f 2912 2923 2924
f 2914 2924 2922
f 2914 2920 2925
f 2914 2925 2926
f 2914 2926 2927
f 2914 2927 2915
f 2915 2927 2928
f 2915 2928 2929
f 2915 2929 2918
f 2915 2918 2916
f 2919 2930 2920
f 2920 2930 2925
f 2921 2922 2924
f 2921 2924 2923
f 2925 2931 2932
f 2925 2932 2926
f 2925 2930 2931
f 2926 2932 2927
f 2927 2932 2928

o geometry_19
v 0.00622910 0.00761815 0.02398665
v 0.00622910 0.00618093 0.02398665
v 0.00622910 0.00765589 0.02382597
v 0.00605223 0.00771815 0.02382597
v 0.00605223 0.00767992 0.02398665
v 0.00530561 0.00653822 0.02398665
v 0.00530537 0.00653660 0.02382597
v 0.00530561 0.00653322 0.02349823
v 0.00530256 0.00653434 0.01989069
v 0.00529952 0.00653547 0.01582110
v 0.00622910 0.00618270 0.01758131
v 0.00622910 0.00766250 0.02349823
v 0.00605223 0.00772815 0.02349823
v 0.00575283 0.00780364 0.02349823
v 0.00557502 0.00782494 0.02367090
v 0.00570035 0.00778606 0.02379879
v 0.00571300 0.00771815 0.02398665
v 0.00383579 0.00729715 0.02398665
v 0.00383579 0.00729715 0.01931434
v 0.00383579 0.00729731 0.01582110
v 0.00622910 0.00618593 0.01582110
v 0.00622910 0.00618561 0.01594661
v 0.00622910 0.00618415 0.01660049
v 0.00622910 0.00618351 0.01692663
v 0.00622910 0.00618286 0.01725357
v 0.00622910 0.00766718 0.01857892
v 0.00575962 0.00780364 0.02316969
v 0.00622910 0.00766734 0.01840226
v 0.00605223 0.00773170 0.01956294
v 0.00559563 0.00782800 0.02316969
v 0.00558884 0.00782687 0.02349823
v 0.00555440 0.00782494 0.02367090
v 0.00383579 0.00759169 0.02398665
v 0.00383579 0.00759201 0.01582110
v 0.00622910 0.00766960 0.01582110
v 0.00576033 0.00780397 0.02251421
v 0.00605223 0.00773316 0.01792264
v 0.00605223 0.00773428 0.01661088
v 0.00605223 0.00773493 0.01582110
v 0.00622910 0.00766879 0.01676196
v 0.00559634 0.00782816 0.02251421
v 0.00554269 0.00782800 0.02316969
v 0.00576103 0.00780429 0.02185793
v 0.00576478 0.00780574 0.01857892
v 0.00576642 0.00780639 0.01693862
v 0.00576759 0.00780671 0.01595460
v 0.00554714 0.00782687 0.02349823
v 0.00383579 0.00759185 0.02120165
v 0.00554269 0.00782816 0.02251421
v 0.00554245 0.00782849 0.01792264
v 0.00554245 0.00782865 0.01582110
v 0.00383579 0.00759201 0.01817125
v 0.00588308 0.00777767 0.01582110
v 0.00576782 0.00780671 0.01582110
v 0.00560383 0.00782865 0.01582110
f 2933 2934 2943
f 2933 2943 2957
f 2933 2957 2956
f 2933 2956 2955
f 2933 2955 2954
f 2933 2954 2953
f 2933 2953 2967
f 2933 2967 2972
f 2933 2972 2960
f 2933 2960 2958
f 2933 2958 2944
f 2933 2944 2935
f 2933 2935 2936
f 2933 2936 2937
f 2933 2937 2949
f 2933 2949 2965
f 2933 2965 2950
f 2933 2950 2938
f 2933 2938 2934
f 2934 2938 2939
f 2934 2939 2940
f 2934 2940 2941
f 2934 2941 2942
f 2934 2942 2943
f 2935 2944 2945
f 2935 2945 2936
f 2936 2945 2946
f 2936 2946 2947
f 2936 2947 2948
f 2936 2948 2937
f 2937 2948 2949
f 2938 2950 2939
f 2939 2950 2940
f 2940 2950 2941
f 2941 2950 2942
f 2942 2951 2952
f 2942 2952 2966
f 2942 2966 2983
f 2942 2983 2987
f 2942 2987 2986
f 2942 2986 2985
f 2942 2985 2971
f 2942 2971 2967
f 2942 2967 2953
f 2942 2953 2954
f 2942 2954 2955
f 2942 2955 2956
f 2942 2956 2957
f 2942 2957 2943
f 2942 2950 2951
f 2944 2958 2945
f 2945 2959 2946
f 2945 2958 2960
f 2945 2960 2961
f 2945 2961 2959
f 2946 2959 2962
f 2946 2962 2963
f 2946 2963 2947
f 2947 2964 2948
f 2947 2963 2979
f 2947 2979 2964
f 2948 2964 2949
f 2949 2964 2965
f 2950 2965 2980
f 2950 2980 2984
f 2950 2984 2966
f 2950 2966 2952
f 2950 2952 2951
f 2959 2968 2962
f 2959 2961 2969
f 2959 2969 2970
f 2959 2970 2971
f 2959 2971 2968
f 2960 2972 2969
f 2960 2969 2961
f 2962 2973 2981
f 2962 2981 2974
f 2962 2974 2979
f 2962 2979 2963
f 2962 2968 2975
f 2962 2975 2976
f 2962 2976 2977
f 2962 2977 2978
f 2962 2978 2973
f 2964 2979 2965
f 2965 2979 2974
f 2965 2974 2981
f 2965 2981 2982
f 2965 2982 2983
f 2965 2983 2980
f 2966 2984 2983
f 2967 2971 2970
f 2967 2970 2972
f 2968 2971 2975
f 2969 2972 2970
f 2971 2985 2976
f 2971 2976 2975
f 2973 2978 2986
f 2973 2986 2987
f 2973 2987 2983
f 2973 2983 2981
f 2976 2985 2977
f 2977 2985 2978
f 2978 2985 2986
f 2980 2983 2984
f 2981 2983 2982

o geometry_20
v 0.00622910 0.00536318 0.02500490
v 0.00622910 0.00523994 0.02499442
v 0.00622910 0.00601918 0.02500140
v 0.00261761 0.00601918 0.02957594
v 0.00261217 0.00569118 0.02957011
v 0.00289909 0.00536318 0.02919497
v 0.00622910 0.00523994 0.02404258
v 0.00260400 0.00530156 0.02956021
v 0.00258534 0.00523994 0.02954215
v 0.00622910 0.00620137 0.02498801
v 0.00261139 0.00651408 0.02956836
v 0.00261605 0.00634742 0.02957419
v 0.00246170 0.00610360 0.02974021
v 0.00246248 0.00601918 0.02974021
v 0.00242827 0.00595125 0.02977516
v 0.00242827 0.00569118 0.02976992
v 0.00242827 0.00562665 0.02976817
v 0.00260906 0.00552015 0.02956603
v 0.00242827 0.00538332 0.02975885
v 0.00248503 0.00539181 0.02969710
v 0.00607475 0.00523994 0.02407170
v 0.00383608 0.00729671 0.02398840
v 0.00530533 0.00653810 0.02398840
v 0.00622910 0.00618099 0.02398840
v 0.00242827 0.00534790 0.02975710
v 0.00242827 0.00533140 0.02975535
v 0.00253946 0.00523994 0.02959516
v 0.00622910 0.00733553 0.02445500
v 0.00225720 0.00682194 0.02953982
v 0.00241583 0.00657255 0.02969885
v 0.00228752 0.00651772 0.02989982
v 0.00229491 0.00634742 0.02990622
v 0.00245859 0.00634742 0.02973846
v 0.00622910 0.00748813 0.02436063
v 0.00622910 0.00751433 0.02434258
v 0.00233962 0.00610360 0.02986603
v 0.00242827 0.00601918 0.02977574
v 0.00229724 0.00610360 0.02990914
v 0.00572406 0.00523994 0.02423597
v 0.00383608 0.00759148 0.02398840
v 0.00546901 0.00523994 0.02448296
v 0.00514748 0.00523994 0.02481092
v 0.00484772 0.00523994 0.02513946
v 0.00349161 0.00523994 0.02677867
v 0.00323112 0.00523994 0.02710605
v 0.00252313 0.00523994 0.02808993
v 0.00242827 0.00523994 0.02822274
v 0.00225720 0.00726469 0.02759362
v 0.00622910 0.00761792 0.02398840
v 0.00225720 0.00610360 0.02993943
v 0.00242827 0.00523994 0.02969302
v 0.00225720 0.00652864 0.02991088
v 0.00225720 0.00708541 0.02912798
v 0.00225720 0.00648788 0.02992428
v 0.00225720 0.00634742 0.02993477
v 0.00622910 0.00758808 0.02414860
v 0.00225720 0.00726469 0.02882740
v 0.00225720 0.00719337 0.02895439
v 0.00225720 0.00714921 0.02902662
v 0.00383608 0.00759148 0.02481092
v 0.00571279 0.00771811 0.02398840
v 0.00225720 0.00610360 0.02939302
v 0.00605220 0.00767954 0.02398840
v 0.00605220 0.00764000 0.02415559
v 0.00383608 0.00754999 0.02604819
v 0.00383608 0.00758662 0.02571616
v 0.00383608 0.00759123 0.02538820
f 2988 2989 2994
f 2988 2994 3011
f 2988 3011 3036
f 2988 3036 3043
f 2988 3043 3022
f 2988 3022 3021
f 2988 3021 3015
f 2988 3015 2997
f 2988 2997 2990
f 2988 2990 2991
f 2988 2991 2992
f 2988 2992 2993
f 2988 2993 2989
f 2989 2993 2995
f 2989 2995 2996
f 2989 2996 3014
f 2989 3014 3038
f 2989 3038 3034
f 2989 3034 3033
f 2989 3033 3032
f 2989 3032 3031
f 2989 3031 3030
f 2989 3030 3029
f 2989 3029 3028
f 2989 3028 3026
f 2989 3026 3008
f 2989 3008 2994
f 2990 2997 2998
f 2990 2998 2999
f 2990 2999 2991
f 2991 2999 3000
f 2991 3000 3001
f 2991 3001 3002
f 2991 3002 3003
f 2991 3003 3004
f 2991 3004 2992
f 2992 3005 2993
f 2992 3004 3006
f 2992 3006 3007
f 2992 3007 3005
f 2993 3005 2995
f 2994 3008 3009
f 2994 3009 3010
f 2994 3010 3011
f 2995 3005 3007
f 2995 3007 3012
f 2995 3012 3013
f 2995 3013 3014
f 2995 3014 2996
f 2997 3015 2998
f 2998 3016 3017
f 2998 3017 3018
f 2998 3018 3019
f 2998 3019 3020
f 2998 3020 2999
f 2998 3015 3021
f 2998 3021 3022
f 2998 3022 3016
f 2999 3020 3000
f 3000 3020 3023
f 3000 3023 3024
f 3000 3024 3001
f 3001 3024 3002
f 3002 3024 3025
f 3002 3025 3003
f 3003 3025 3004
f 3004 3025 3006
f 3006 3025 3012
f 3006 3012 3007
f 3008 3026 3009
f 3009 3027 3048
f 3009 3048 3050
f 3009 3050 3036
f 3009 3036 3011
f 3009 3011 3010
f 3009 3026 3028
f 3009 3028 3029
f 3009 3029 3030
f 3009 3030 3031
f 3009 3031 3032
f 3009 3032 3033
f 3009 3033 3034
f 3009 3034 3035
f 3009 3035 3027
f 3012 3025 3037
f 3012 3037 3013
f 3013 3037 3038
f 3013 3038 3014
f 3016 3039 3018
f 3016 3018 3017
f 3016 3022 3040
f 3016 3040 3046
f 3016 3046 3045
f 3016 3045 3044
f 3016 3044 3035
f 3016 3035 3049
f 3016 3049 3037
f 3016 3037 3042
f 3016 3042 3041
f 3016 3041 3039
f 3018 3039 3041
f 3018 3041 3042
f 3018 3042 3019
f 3019 3042 3025
f 3019 3025 3023
f 3019 3023 3020
f 3022 3043 3044
f 3022 3044 3045
f 3022 3045 3046
f 3022 3046 3040
f 3023 3025 3024
f 3025 3042 3037
f 3027 3047 3048
f 3027 3035 3044
f 3027 3044 3047
f 3034 3038 3037
f 3034 3037 3049
f 3034 3049 3035
f 3036 3050 3043
f 3043 3050 3051
f 3043 3051 3044
f 3044 3051 3050
f 3044 3050 3048
f 3044 3048 3052
f 3044 3052 3053
f 3044 3053 3054
f 3044 3054 3047
f 3047 3054 3048
f 3048 3054 3053
f 3048 3053 3052

o geometry_21
v -0.00432133 0.00522181 0.02989696
v -0.00442629 0.00522304 0.02980908
v -0.00447893 0.00522304 0.02989696
v -0.00507738 0.00425000 0.02989696
v -0.00543803 0.00425000 0.00349391
v -0.00473740 0.00522190 0.00349391
v -0.00477053 0.00522304 0.00363348
v -0.00500391 0.00522304 0.02989696
v -0.00567518 0.00425000 0.02989696
v -0.00589740 0.00425000 0.00349391
v -0.00495225 0.00522304 0.00349391
v -0.00501949 0.00520504 0.02989696
v -0.00514052 0.00522304 0.02978065
v -0.00564943 0.00429687 0.02989696
v -0.00595267 0.00427772 0.02960750
v -0.00579802 0.00425000 0.02977549
v -0.00584246 0.00435173 0.00349391
v -0.00591085 0.00425000 0.00358437
v -0.00525664 0.00522304 0.00349391
v -0.00518595 0.00510351 0.02982976
v -0.00526812 0.00489997 0.02989696
v -0.00531568 0.00522304 0.02962042
v -0.00559613 0.00439278 0.02989696
v -0.00596891 0.00425000 0.02958165
v -0.00595907 0.00425000 0.02961525
v -0.00556497 0.00449888 0.02986853
v -0.00566173 0.00470719 0.02964109
v -0.00560515 0.00489054 0.02958165
v -0.00596973 0.00431001 0.02940074
v -0.00599679 0.00425000 0.02940074
v -0.00566714 0.00467242 0.00349391
v -0.00592118 0.00425000 0.00381956
v -0.00584492 0.00439802 0.00381956
v -0.00568108 0.00469443 0.00381956
v -0.00527025 0.00520714 0.00349391
v -0.00527353 0.00522304 0.00357145
v -0.00539932 0.00499702 0.02970570
v -0.00527730 0.00488778 0.02989696
v -0.00533274 0.00522304 0.02958165
v -0.00554397 0.00448012 0.02989696
v -0.00548821 0.00456794 0.02989696
v -0.00549756 0.00470719 0.02980650
v -0.00528600 0.00487549 0.02989696
v -0.00536898 0.00522304 0.02940074
v -0.00549133 0.00506512 0.02940074
v -0.00561269 0.00490121 0.02940074
v -0.00587297 0.00447393 0.02940074
v -0.00597038 0.00431010 0.02907251
v -0.00599613 0.00425000 0.02907251
v -0.00556316 0.00483625 0.00349391
v -0.00559186 0.00487120 0.01047976
v -0.00559137 0.00487073 0.01026267
v -0.00557513 0.00485815 0.00381956
v -0.00536275 0.00509075 0.00349391
v -0.00527944 0.00521733 0.00357662
v -0.00528436 0.00522304 0.00372135
v -0.00537029 0.00522304 0.02907251
v -0.00549215 0.00506570 0.02907251
v -0.00561318 0.00490187 0.02907251
v -0.00559334 0.00487311 0.01168930
v -0.00549182 0.00506522 0.02874428
v -0.00547280 0.00504408 0.01595369
v -0.00546902 0.00504036 0.01365867
v -0.00546558 0.00503722 0.01168930
v -0.00548887 0.00500226 0.01037380
v -0.00529059 0.00522304 0.00381956
v -0.00536357 0.00522304 0.02669737
v -0.00534651 0.00522304 0.02081251
v -0.00533421 0.00522304 0.01661273
v -0.00546443 0.00503607 0.01103542
v -0.00532814 0.00522304 0.01459942
v -0.00546378 0.00503560 0.01070720
v -0.00531142 0.00522304 0.00972509
v -0.00532372 0.00522304 0.01329168
v -0.00531716 0.00522304 0.01136365
v -0.00531486 0.00522304 0.01070720
f 3055 3056 3057
f 3055 3057 3062
f 3055 3062 3066
f 3055 3066 3075
f 3055 3075 3092
f 3055 3092 3097
f 3055 3097 3095
f 3055 3095 3094
f 3055 3094 3077
f 3055 3077 3068
f 3055 3068 3063
f 3055 3063 3058
f 3055 3058 3059
f 3055 3059 3060
f 3055 3060 3061
f 3055 3061 3056
f 3056 3061 3065
f 3056 3065 3073
f 3056 3073 3090
f 3056 3090 3110
f 3056 3110 3120
f 3056 3120 3127
f 3056 3127 3130
f 3056 3130 3129
f 3056 3129 3128
f 3056 3128 3125
f 3056 3125 3123
f 3056 3123 3122
f 3056 3122 3121
f 3056 3121 3111
f 3056 3111 3098
f 3056 3098 3093
f 3056 3093 3076
f 3056 3076 3067
f 3056 3067 3062
f 3056 3062 3057
f 3058 3063 3070
f 3058 3070 3079
f 3058 3079 3078
f 3058 3078 3084
f 3058 3084 3103
f 3058 3103 3086
f 3058 3086 3072
f 3058 3072 3064
f 3058 3064 3059
f 3059 3064 3071
f 3059 3071 3085
f 3059 3085 3104
f 3059 3104 3108
f 3059 3108 3089
f 3059 3089 3073
f 3059 3073 3065
f 3059 3065 3060
f 3060 3065 3061
f 3062 3067 3066
f 3063 3068 3069
f 3063 3069 3070
f 3064 3072 3071
f 3066 3067 3074
f 3066 3074 3075
f 3067 3076 3074
f 3068 3077 3069
f 3069 3078 3079
f 3069 3079 3070
f 3069 3077 3080
f 3069 3080 3081
f 3069 3081 3082
f 3069 3082 3083
f 3069 3083 3084
f 3069 3084 3078
f 3071 3072 3085
f 3072 3086 3087
f 3072 3087 3088
f 3072 3088 3085
f 3073 3089 3090
f 3074 3076 3091
f 3074 3091 3075
f 3075 3091 3092
f 3076 3093 3082
f 3076 3082 3091
f 3077 3094 3080
f 3080 3094 3095
f 3080 3095 3096
f 3080 3096 3081
f 3081 3096 3082
f 3082 3096 3097
f 3082 3097 3092
f 3082 3092 3091
f 3082 3093 3098
f 3082 3098 3099
f 3082 3099 3100
f 3082 3100 3101
f 3082 3101 3083
f 3083 3102 3084
f 3083 3101 3102
f 3084 3102 3103
f 3085 3088 3104
f 3086 3103 3102
f 3086 3102 3087
f 3087 3102 3088
f 3088 3105 3106
f 3088 3106 3107
f 3088 3107 3104
f 3088 3102 3105
f 3089 3108 3109
f 3089 3109 3090
f 3090 3109 3110
f 3095 3097 3096
f 3098 3111 3099
f 3099 3111 3112
f 3099 3112 3100
f 3100 3112 3113
f 3100 3113 3101
f 3101 3113 3114
f 3101 3114 3105
f 3101 3105 3102
f 3104 3109 3108
f 3104 3107 3109
f 3105 3114 3115
f 3105 3115 3111
f 3105 3111 3116
f 3105 3116 3117
f 3105 3117 3118
f 3105 3118 3119
f 3105 3119 3120
f 3105 3120 3106
f 3106 3120 3107
f 3107 3120 3110
f 3107 3110 3109
f 3111 3115 3112
f 3111 3121 3116
f 3112 3115 3113
f 3113 3115 3114
f 3116 3121 3122
f 3116 3122 3117
f 3117 3122 3123
f 3117 3123 3118
f 3118 3124 3119
f 3118 3123 3125
f 3118 3125 3124
f 3119 3124 3126
f 3119 3126 3120
f 3120 3126 3127
f 3124 3125 3126
f 3125 3128 3126
f 3126 3128 3129
f 3126 3129 3130
f 3126 3130 3127

o geometry_22
v -0.00411594 -0.00373459 0.00283396
v -0.00510022 -0.00373459 0.00283493
v -0.00510022 -0.00349267 0.00285922
v -0.00411594 -0.00349267 0.00285922
v -0.00383889 -0.00373459 0.00289225
v -0.00518584 -0.00373459 0.00283590
v -0.00542753 -0.00349267 0.00286408
v -0.00542753 -0.00325354 0.00294666
v -0.00510022 -0.00325115 0.00294569
v -0.00420624 -0.00342622 0.00288254
v -0.00411594 -0.00325155 0.00294569
v -0.00389793 -0.00327741 0.00296318
v -0.00384006 -0.00349267 0.00292917
v -0.00378015 -0.00373459 0.00290780
v -0.00542753 -0.00373459 0.00284853
v -0.00578144 -0.00347636 0.00293986
v -0.00568938 -0.00327980 0.00296512
v -0.00542753 -0.00308961 0.00311766
v -0.00510022 -0.00308762 0.00311474
v -0.00420654 -0.00325115 0.00294569
v -0.00411594 -0.00308762 0.00311669
v -0.00392540 -0.00298616 0.00329643
v -0.00385935 -0.00316680 0.00317692
v -0.00371644 -0.00349267 0.00316332
v -0.00363169 -0.00373459 0.00311377
v -0.00551637 -0.00373459 0.00286796
v -0.00577150 -0.00373459 0.00293695
v -0.00582060 -0.00368644 0.00295152
v -0.00582060 -0.00350182 0.00295152
v -0.00582060 -0.00343975 0.00295929
v -0.00582060 -0.00322688 0.00309920
v -0.00577121 -0.00315447 0.00315263
v -0.00563414 -0.00298696 0.00329837
v -0.00542753 -0.00297820 0.00328088
v -0.00510022 -0.00297701 0.00327894
v -0.00420624 -0.00297860 0.00327991
v -0.00411594 -0.00297900 0.00327991
v -0.00378746 -0.00316481 0.00349074
v -0.00411594 -0.00132936 0.00721768
v -0.00391926 -0.00133970 0.00723419
v -0.00388244 -0.00131026 0.00742754
v -0.00362000 -0.00373459 0.00316332
v -0.00582060 -0.00373459 0.00295249
v -0.00658657 -0.00174952 0.00753732
v -0.00658218 -0.00167592 0.00755676
v -0.00582060 -0.00317555 0.00316915
v -0.00622944 -0.00136875 0.00728083
v -0.00601143 -0.00134010 0.00723419
v -0.00575513 -0.00132936 0.00721865
v -0.00420654 -0.00132936 0.00721768
v -0.00378308 -0.00152591 0.00742754
v -0.00420654 -0.00130946 0.00727500
v -0.00411594 -0.00125933 0.00742754
v -0.00420654 0.00033023 0.01230870
v -0.00375970 -0.00152591 0.00775593
v -0.00376554 -0.00152591 0.01197933
v -0.00365478 -0.00373459 0.01198031
v -0.00582060 -0.00373459 0.00706611
v -0.00660527 -0.00174952 0.01142943
v -0.00659650 -0.00174952 0.00775593
v -0.00658598 -0.00166875 0.00775593
v -0.00582030 0.00033023 0.01231453
v -0.00627854 -0.00134010 0.00750040
v -0.00641531 -0.00152193 0.00741976
v -0.00575513 -0.00125972 0.00742851
v -0.00420654 -0.00125933 0.00742754
v -0.00575543 0.00033023 0.01231355
v -0.00420654 0.00033023 0.01275270
v -0.00420654 0.00011458 0.01275950
v -0.00420654 0.00010901 0.01275950
v -0.00420654 -0.00021328 0.01275853
v -0.00420654 -0.00054154 0.01275076
v -0.00420654 -0.00089645 0.01268858
v -0.00400109 -0.00373459 0.01198031
v -0.00659183 -0.00165721 0.01142943
v -0.00582030 -0.00105402 0.01246318
v -0.00582030 -0.00084672 0.01257782
v -0.00582030 -0.00053597 0.01266235
v -0.00582030 -0.00026699 0.01268275
v -0.00582030 -0.00021328 0.01268469
v -0.00582030 0.00011458 0.01268469
v -0.00582030 0.00033023 0.01266915
f 3131 3132 3133
f 3131 3133 3134
f 3131 3134 3135
f 3131 3135 3144
f 3131 3144 3155
f 3131 3155 3172
f 3131 3172 3187
f 3131 3187 3204
f 3131 3204 3188
f 3131 3188 3173
f 3131 3173 3157
f 3131 3157 3156
f 3131 3156 3145
f 3131 3145 3136
f 3131 3136 3132
f 3132 3136 3133
f 3133 3136 3137
f 3133 3137 3138
f 3133 3138 3139
f 3133 3139 3140
f 3133 3140 3134
f 3134 3140 3141
f 3134 3141 3142
f 3134 3142 3143
f 3134 3143 3135
f 3135 3143 3144
f 3136 3145 3137
f 3137 3145 3146
f 3137 3146 3147
f 3137 3147 3138
f 3138 3147 3148
f 3138 3148 3149
f 3138 3149 3139
f 3139 3150 3140
f 3139 3149 3150
f 3140 3150 3141
f 3141 3150 3151
f 3141 3151 3142
f 3142 3151 3152
f 3142 3152 3153
f 3142 3153 3154
f 3142 3154 3155
f 3142 3155 3143
f 3143 3155 3144
f 3145 3156 3146
f 3146 3157 3158
f 3146 3158 3159
f 3146 3159 3160
f 3146 3160 3147
f 3146 3156 3157
f 3147 3161 3162
f 3147 3162 3163
f 3147 3163 3148
f 3147 3160 3161
f 3148 3163 3164
f 3148 3164 3149
f 3149 3164 3165
f 3149 3165 3151
f 3149 3151 3150
f 3151 3165 3166
f 3151 3166 3167
f 3151 3167 3152
f 3152 3168 3153
f 3152 3167 3169
f 3152 3169 3170
f 3152 3170 3171
f 3152 3171 3168
f 3153 3168 3154
f 3154 3168 3172
f 3154 3172 3155
f 3157 3173 3158
f 3158 3173 3174
f 3158 3174 3159
f 3159 3174 3160
f 3160 3174 3175
f 3160 3175 3161
f 3161 3176 3162
f 3161 3175 3176
f 3162 3176 3163
f 3163 3176 3177
f 3163 3177 3178
f 3163 3178 3164
f 3164 3178 3179
f 3164 3179 3165
f 3165 3179 3180
f 3165 3180 3169
f 3165 3169 3166
f 3166 3169 3167
f 3168 3171 3181
f 3168 3181 3172
f 3169 3180 3182
f 3169 3182 3183
f 3169 3183 3170
f 3170 3183 3184
f 3170 3184 3171
f 3171 3184 3181
f 3172 3181 3185
f 3172 3185 3186
f 3172 3186 3187
f 3173 3188 3189
f 3173 3189 3190
f 3173 3190 3174
f 3174 3190 3175
f 3175 3190 3191
f 3175 3191 3192
f 3175 3192 3193
f 3175 3193 3194
f 3175 3194 3176
f 3176 3194 3177
f 3177 3194 3193
f 3177 3193 3192
f 3177 3192 3178
f 3178 3192 3195
f 3178 3195 3179
f 3179 3195 3182
f 3179 3182 3180
f 3181 3184 3185
f 3182 3195 3196
f 3182 3196 3183
f 3183 3196 3184
f 3184 3196 3195
f 3184 3195 3197
f 3184 3197 3192
f 3184 3192 3212
f 3184 3212 3198
f 3184 3198 3185
f 3185 3198 3186
f 3186 3198 3187
f 3187 3198 3199
f 3187 3199 3200
f 3187 3200 3201
f 3187 3201 3202
f 3187 3202 3203
f 3187 3203 3204
f 3188 3204 3189
f 3189 3205 3191
f 3189 3191 3190
f 3189 3204 3206
f 3189 3206 3207
f 3189 3207 3208
f 3189 3208 3209
f 3189 3209 3210
f 3189 3210 3211
f 3189 3211 3212
f 3189 3212 3205
f 3191 3205 3192
f 3192 3205 3212
f 3192 3197 3195
f 3198 3212 3211
f 3198 3211 3199
f 3199 3211 3210
f 3199 3210 3200
f 3200 3210 3201
f 3201 3210 3202
f 3202 3210 3209
f 3202 3209 3208
f 3202 3208 3203
f 3203 3208 3204
f 3204 3208 3207
f 3204 3207 3206

o geometry_23
v 0.00622910 0.00766949 0.01582110
v 0.00622910 0.00618586 0.01582110
v 0.00622910 0.00766966 0.01577672
v 0.00612394 0.00770840 0.01582110
v -0.00093310 0.00726658 0.01582110
v -0.00093310 0.00721606 0.00786632
v 0.00622770 0.00618004 0.00786632
v 0.00622910 0.00618779 0.00789435
v 0.00622910 0.00767111 0.01413686
v 0.00605173 0.00773487 0.01582110
v 0.00605173 0.00773600 0.01464221
v -0.00093310 0.00756635 0.01582110
v -0.00093310 0.00755618 0.00786632
v 0.00622910 0.00620539 0.00786632
v 0.00622910 0.00767208 0.01300158
v 0.00588277 0.00777765 0.01582110
v 0.00605173 0.00773762 0.01267376
v 0.00576850 0.00780703 0.01529785
v 0.00622910 0.00767482 0.00972264
v -0.00083565 0.00757474 0.01582110
v -0.00093310 0.00756635 0.01562566
v -0.00083565 0.00756473 0.00786632
v -0.00093310 0.00756570 0.00808278
v 0.00622910 0.00765448 0.00786632
v 0.00576779 0.00780670 0.01582110
v 0.00605173 0.00774052 0.00906623
v 0.00560374 0.00782866 0.01562566
v 0.00570119 0.00781558 0.01582110
v 0.00576779 0.00780687 0.01562566
v 0.00605173 0.00774101 0.00841060
v 0.00577691 0.00780961 0.00873842
v 0.00622910 0.00767498 0.00939483
v -0.00050754 0.00759330 0.01582110
v -0.00050754 0.00759347 0.00808278
v -0.00083565 0.00757474 0.01562566
v -0.00093310 0.00756618 0.01267376
v -0.00050754 0.00758200 0.00786632
v -0.00083565 0.00757426 0.00808278
v -0.00093310 0.00756586 0.00850793
v 0.00605173 0.00773713 0.00808278
v 0.00622910 0.00765884 0.00790603
v 0.00605173 0.00771259 0.00786632
v 0.00560444 0.00782866 0.01529785
v 0.00561286 0.00782914 0.00873842
v 0.00560935 0.00782898 0.01103468
v 0.00554205 0.00782866 0.01562566
v 0.00560374 0.00782850 0.01582110
v 0.00622910 0.00767482 0.00906623
v 0.00622910 0.00767450 0.00873842
v 0.00622910 0.00767401 0.00841060
v 0.00622910 0.00767337 0.00823384
v 0.00622910 0.00767159 0.00808278
v 0.00577551 0.00780977 0.00841060
v 0.00554205 0.00782850 0.01582110
v 0.00554205 0.00782898 0.01103468
v 0.00554205 0.00782914 0.00873842
v 0.00554275 0.00782882 0.00841060
v 0.00554906 0.00782672 0.00821905
v -0.00083565 0.00757442 0.01037827
v -0.00083565 0.00757458 0.01300158
v -0.00093310 0.00756602 0.01005046
v -0.00017944 0.00759104 0.00786632
v 0.00594096 0.00773310 0.00786632
v 0.00571101 0.00780186 0.00809914
v 0.00561145 0.00782882 0.00841060
v 0.00559323 0.00782672 0.00821905
v 0.00572012 0.00774746 0.00786632
f 3213 3214 3220
f 3213 3220 3226
f 3213 3226 3236
f 3213 3236 3253
f 3213 3253 3264
f 3213 3264 3263
f 3213 3263 3262
f 3213 3262 3261
f 3213 3261 3260
f 3213 3260 3244
f 3213 3244 3231
f 3213 3231 3227
f 3213 3227 3221
f 3213 3221 3215
f 3213 3215 3216
f 3213 3216 3222
f 3213 3222 3228
f 3213 3228 3237
f 3213 3237 3240
f 3213 3240 3259
f 3213 3259 3266
f 3213 3266 3245
f 3213 3245 3232
f 3213 3232 3224
f 3213 3224 3217
f 3213 3217 3214
f 3214 3217 3218
f 3214 3218 3219
f 3214 3219 3220
f 3215 3221 3216
f 3216 3221 3223
f 3216 3223 3222
f 3217 3224 3233
f 3217 3233 3248
f 3217 3248 3273
f 3217 3273 3251
f 3217 3251 3235
f 3217 3235 3225
f 3217 3225 3218
f 3218 3225 3234
f 3218 3234 3249
f 3218 3249 3274
f 3218 3274 3279
f 3218 3279 3275
f 3218 3275 3254
f 3218 3254 3236
f 3218 3236 3226
f 3218 3226 3219
f 3219 3226 3220
f 3221 3227 3223
f 3222 3223 3228
f 3223 3229 3230
f 3223 3230 3228
f 3223 3227 3231
f 3223 3231 3229
f 3224 3232 3247
f 3224 3247 3233
f 3225 3235 3250
f 3225 3250 3234
f 3228 3230 3237
f 3229 3231 3238
f 3229 3238 3230
f 3230 3239 3240
f 3230 3240 3241
f 3230 3241 3237
f 3230 3238 3242
f 3230 3242 3243
f 3230 3243 3239
f 3231 3244 3242
f 3231 3242 3238
f 3232 3245 3246
f 3232 3246 3247
f 3233 3247 3248
f 3234 3250 3246
f 3234 3246 3249
f 3235 3251 3250
f 3236 3252 3253
f 3236 3254 3252
f 3237 3241 3240
f 3239 3255 3256
f 3239 3256 3257
f 3239 3257 3267
f 3239 3267 3258
f 3239 3258 3266
f 3239 3266 3259
f 3239 3259 3240
f 3239 3243 3255
f 3242 3244 3260
f 3242 3260 3261
f 3242 3261 3262
f 3242 3262 3263
f 3242 3263 3264
f 3242 3264 3252
f 3242 3252 3265
f 3242 3265 3243
f 3243 3265 3256
f 3243 3256 3255
f 3245 3266 3258
f 3245 3258 3267
f 3245 3267 3268
f 3245 3268 3246
f 3246 3268 3269
f 3246 3269 3270
f 3246 3270 3249
f 3246 3250 3271
f 3246 3271 3272
f 3246 3272 3247
f 3247 3272 3248
f 3248 3272 3271
f 3248 3271 3273
f 3249 3270 3274
f 3250 3251 3273
f 3250 3273 3271
f 3252 3264 3253
f 3252 3254 3275
f 3252 3275 3276
f 3252 3276 3265
f 3256 3265 3277
f 3256 3277 3269
f 3256 3269 3268
f 3256 3268 3267
f 3256 3267 3257
f 3265 3276 3278
f 3265 3278 3277
f 3269 3277 3278
f 3269 3278 3270
f 3270 3278 3276
f 3270 3276 3279
f 3270 3279 3274
f 3275 3279 3276

o geometry_24
v -0.00262013 0.00609613 0.00621969
v -0.00234381 0.00609613 0.00624729
v -0.00262013 0.00609613 0.00698544
v -0.00262013 0.00691341 0.00686647
v -0.00247548 0.00692149 0.00686738
v 0.00605153 0.00743342 0.00730801
v 0.00605153 0.00726951 0.00721298
v 0.00622910 0.00610373 0.00675682
v -0.00201898 0.00609613 0.00632167
v -0.00262013 0.00680624 0.00808674
v -0.00247548 0.00609613 0.00703570
v -0.00262013 0.00707069 0.00709912
v -0.00241398 0.00719693 0.00720932
v -0.00214718 0.00722554 0.00717661
v -0.00181889 0.00724737 0.00717003
v -0.00149146 0.00725723 0.00717441
v 0.00605153 0.00758052 0.00747194
v 0.00622910 0.00748111 0.00741620
v 0.00622910 0.00741321 0.00734072
v 0.00622910 0.00732479 0.00726378
v 0.00622910 0.00724914 0.00722010
v 0.00622910 0.00610373 0.00768175
v -0.00093275 0.00609613 0.00658703
v -0.00262013 0.00719580 0.00808674
v -0.00162312 0.00609613 0.00727530
v -0.00150445 0.00609613 0.00730052
v -0.00142822 0.00609613 0.00731514
v -0.00116316 0.00609613 0.00736412
v -0.00108607 0.00609613 0.00737344
v -0.00093275 0.00609613 0.00738824
v 0.00622737 0.00618019 0.00786615
v -0.00093275 0.00726369 0.00808674
v -0.00262013 0.00715345 0.00726725
v -0.00214718 0.00730976 0.00742589
v -0.00136239 0.00750034 0.00757593
v -0.00262013 0.00716509 0.00729704
v -0.00116316 0.00750907 0.00755674
v -0.00116316 0.00742146 0.00739263
v -0.00083487 0.00741693 0.00737289
v 0.00014915 0.00753316 0.00751982
v 0.00572410 0.00772099 0.00775394
v 0.00605153 0.00769981 0.00775394
v 0.00622910 0.00755433 0.00750466
v 0.00622910 0.00620540 0.00786615
v -0.00262013 0.00719580 0.00775394
v -0.00247548 0.00724850 0.00808674
v -0.00093275 0.00756581 0.00808674
v -0.00250406 0.00721746 0.00740706
v -0.00214718 0.00733563 0.00775394
v -0.00140051 0.00750794 0.00775394
v -0.00116316 0.00753445 0.00775394
v -0.00083487 0.00755967 0.00775394
v -0.00262013 0.00718530 0.00747998
v -0.00050744 0.00757583 0.00775394
v -0.00083487 0.00752006 0.00753700
v -0.00050744 0.00752669 0.00752805
v -0.00017914 0.00753041 0.00752403
v 0.00571977 0.00774750 0.00786615
v 0.00594065 0.00773295 0.00786615
v 0.00605153 0.00771242 0.00786615
v 0.00622910 0.00765439 0.00786615
v 0.00622910 0.00764146 0.00775394
v 0.00622910 0.00760913 0.00763478
v -0.00247548 0.00724850 0.00808180
v -0.00247548 0.00724834 0.00775394
v -0.00215151 0.00733433 0.00808674
v -0.00050744 0.00758181 0.00786615
v -0.00083487 0.00756468 0.00786615
v -0.00093275 0.00756565 0.00808180
v -0.00116316 0.00754560 0.00808180
v -0.00116316 0.00754560 0.00808674
v -0.00017914 0.00759102 0.00786615
v -0.00214718 0.00733546 0.00808674
v -0.00142129 0.00751279 0.00808674
v -0.00142129 0.00751279 0.00808180
v -0.00017914 0.00758456 0.00775394
f 3280 3281 3288
f 3280 3288 3302
f 3280 3302 3309
f 3280 3309 3308
f 3280 3308 3307
f 3280 3307 3306
f 3280 3306 3305
f 3280 3305 3304
f 3280 3304 3290
f 3280 3290 3282
f 3280 3282 3289
f 3280 3289 3303
f 3280 3303 3324
f 3280 3324 3332
f 3280 3332 3315
f 3280 3315 3312
f 3280 3312 3291
f 3280 3291 3283
f 3280 3283 3284
f 3280 3284 3285
f 3280 3285 3286
f 3280 3286 3287
f 3280 3287 3281
f 3281 3287 3288
f 3282 3290 3289
f 3283 3291 3292
f 3283 3292 3293
f 3283 3293 3294
f 3283 3294 3284
f 3284 3294 3295
f 3284 3295 3285
f 3285 3296 3297
f 3285 3297 3298
f 3285 3298 3299
f 3285 3299 3286
f 3285 3295 3296
f 3286 3299 3300
f 3286 3300 3287
f 3287 3300 3299
f 3287 3299 3298
f 3287 3298 3297
f 3287 3297 3322
f 3287 3322 3342
f 3287 3342 3341
f 3287 3341 3340
f 3287 3340 3323
f 3287 3323 3301
f 3287 3301 3309
f 3287 3309 3302
f 3287 3302 3288
f 3289 3290 3304
f 3289 3304 3305
f 3289 3305 3306
f 3289 3306 3307
f 3289 3307 3308
f 3289 3308 3309
f 3289 3309 3310
f 3289 3310 3311
f 3289 3311 3326
f 3289 3326 3350
f 3289 3350 3353
f 3289 3353 3352
f 3289 3352 3345
f 3289 3345 3325
f 3289 3325 3303
f 3291 3312 3292
f 3292 3313 3314
f 3292 3314 3293
f 3292 3312 3315
f 3292 3315 3313
f 3293 3314 3316
f 3293 3316 3317
f 3293 3317 3294
f 3294 3317 3318
f 3294 3318 3295
f 3295 3318 3296
f 3296 3318 3319
f 3296 3319 3320
f 3296 3320 3321
f 3296 3321 3322
f 3296 3322 3297
f 3301 3323 3310
f 3301 3310 3309
f 3303 3325 3343
f 3303 3343 3324
f 3310 3323 3311
f 3311 3323 3340
f 3311 3340 3326
f 3313 3315 3327
f 3313 3327 3328
f 3313 3328 3329
f 3313 3329 3314
f 3314 3329 3330
f 3314 3330 3331
f 3314 3331 3316
f 3315 3332 3327
f 3316 3331 3333
f 3316 3333 3334
f 3316 3334 3317
f 3317 3334 3335
f 3317 3335 3318
f 3318 3335 3336
f 3318 3336 3319
f 3319 3336 3320
f 3320 3336 3335
f 3320 3335 3337
f 3320 3337 3321
f 3321 3337 3338
f 3321 3338 3339
f 3321 3339 3340
f 3321 3340 3341
f 3321 3341 3342
f 3321 3342 3322
f 3324 3343 3344
f 3324 3344 3332
f 3325 3345 3328
f 3325 3328 3343
f 3326 3346 3347
f 3326 3347 3348
f 3326 3348 3349
f 3326 3349 3350
f 3326 3340 3339
f 3326 3339 3338
f 3326 3338 3337
f 3326 3337 3351
f 3326 3351 3346
f 3327 3332 3344
f 3327 3344 3328
f 3328 3344 3343
f 3328 3345 3352
f 3328 3352 3353
f 3328 3353 3354
f 3328 3354 3329
f 3329 3354 3349
f 3329 3349 3330
f 3330 3349 3348
f 3330 3348 3347
f 3330 3347 3331
f 3331 3347 3346
f 3331 3346 3333
f 3333 3346 3351
f 3333 3351 3355
f 3333 3355 3334
f 3334 3355 3335
f 3335 3355 3337
f 3337 3355 3351
f 3349 3354 3353
f 3349 3353 3350

o geometry_25
v -0.00263185 -0.00729124 0.00774218
v -0.00176274 -0.00532939 0.00763849
v -0.00263185 -0.00689843 0.00774218
v -0.00266957 -0.00727720 0.00774218
v -0.00265997 -0.00727326 0.00750084
v -0.00263185 -0.00728459 0.00753938
v -0.00176274 -0.00615418 -0.00044518
v -0.00176274 -0.00616329 -0.00011757
v -0.00176274 -0.00616403 0.00021095
v -0.00176274 -0.00616698 0.00633449
v -0.00176274 -0.00616698 0.00722370
v -0.00176274 -0.00496934 0.00763849
v -0.00351416 -0.00645734 0.00774218
v -0.00335539 -0.00696886 0.00774218
v -0.00335505 -0.00696862 0.00742559
v -0.00313164 -0.00706836 0.00742559
v -0.00263185 -0.00728114 0.00748340
v -0.00332659 -0.00695335 0.00709799
v -0.00263185 -0.00725849 0.00728335
v -0.00176274 -0.00613201 -0.00077278
v -0.00263185 -0.00477872 0.00742467
v -0.00263185 -0.00477896 0.00763849
v -0.00176274 -0.00496860 0.00676946
v -0.00263185 -0.00477527 0.00348975
v -0.00351416 -0.00687873 0.00774218
v -0.00351416 -0.00591012 0.00643268
v -0.00350850 -0.00688464 0.00774218
v -0.00351416 -0.00688119 0.00742559
v -0.00349050 -0.00687158 0.00709799
v -0.00263339 -0.00725775 0.00728244
v -0.00329744 -0.00693759 0.00693189
v -0.00181983 -0.00612536 -0.00077278
v -0.00176274 -0.00606847 -0.00110039
v -0.00351416 -0.00541264 0.00318325
v -0.00176274 -0.00496835 0.00578481
v -0.00176274 -0.00496810 0.00035502
v -0.00176274 -0.00496810 -0.00077278
v -0.00263185 -0.00477724 0.00316123
v -0.00351416 -0.00541264 0.00282903
v -0.00351348 -0.00688168 0.00774218
v -0.00351416 -0.00685828 0.00709799
v -0.00351416 -0.00616649 0.00348975
v -0.00205318 -0.00601651 -0.00077278
v -0.00183046 -0.00604705 -0.00109947
v -0.00176274 -0.00602119 -0.00127474
v -0.00176274 -0.00496934 -0.00085078
v -0.00198923 -0.00496737 -0.00095723
v -0.00231946 -0.00496318 -0.00004233
v -0.00188653 -0.00496737 -0.00095723
v -0.00227385 -0.00497426 -0.00025981
v -0.00232408 -0.00524320 -0.00064339
v -0.00232546 -0.00546140 -0.00064615
v -0.00351416 -0.00546140 0.00282995
v -0.00351416 -0.00608350 0.00316123
v -0.00201118 -0.00598055 -0.00098935
v -0.00176274 -0.00598966 -0.00133898
v -0.00176274 -0.00498781 -0.00111691
v -0.00176274 -0.00510553 -0.00142249
v -0.00176274 -0.00512843 -0.00147388
v -0.00181623 -0.00512942 -0.00142065
v -0.00201135 -0.00521882 -0.00130503
v -0.00204873 -0.00511907 -0.00108020
v -0.00213034 -0.00546140 -0.00110130
v -0.00225533 -0.00546140 -0.00081041
v -0.00231757 -0.00564044 -0.00062504
v -0.00351416 -0.00578919 0.00289877
v -0.00351416 -0.00597242 0.00298228
v -0.00221127 -0.00576555 -0.00074984
v -0.00205576 -0.00578673 -0.00109947
v -0.00194688 -0.00589485 -0.00120867
v -0.00176274 -0.00585520 -0.00149039
v -0.00176274 -0.00516587 -0.00152526
v -0.00176274 -0.00546140 -0.00163263
v -0.00189476 -0.00546140 -0.00148580
v -0.00202284 -0.00546140 -0.00132154
v -0.00200826 -0.00567615 -0.00130044
v -0.00176274 -0.00576210 -0.00155004
v -0.00176274 -0.00564438 -0.00159776
f 3356 3357 3367
f 3356 3367 3358
f 3356 3358 3368
f 3356 3368 3380
f 3356 3380 3395
f 3356 3395 3382
f 3356 3382 3369
f 3356 3369 3359
f 3356 3359 3360
f 3356 3360 3361
f 3356 3361 3362
f 3356 3362 3363
f 3356 3363 3364
f 3356 3364 3365
f 3356 3365 3366
f 3356 3366 3357
f 3357 3366 3365
f 3357 3365 3364
f 3357 3364 3363
f 3357 3363 3362
f 3357 3362 3375
f 3357 3375 3388
f 3357 3388 3400
f 3357 3400 3411
f 3357 3411 3426
f 3357 3426 3432
f 3357 3432 3433
f 3357 3433 3428
f 3357 3428 3427
f 3357 3427 3414
f 3357 3414 3413
f 3357 3413 3412
f 3357 3412 3401
f 3357 3401 3392
f 3357 3392 3391
f 3357 3391 3390
f 3357 3390 3378
f 3357 3378 3367
f 3358 3367 3368
f 3359 3369 3370
f 3359 3370 3371
f 3359 3371 3360
f 3360 3372 3361
f 3360 3371 3373
f 3360 3373 3374
f 3360 3374 3372
f 3361 3372 3362
f 3362 3372 3375
f 3367 3376 3377
f 3367 3377 3368
f 3367 3378 3379
f 3367 3379 3376
f 3368 3377 3381
f 3368 3381 3389
f 3368 3389 3394
f 3368 3394 3408
f 3368 3408 3421
f 3368 3421 3422
f 3368 3422 3409
f 3368 3409 3397
f 3368 3397 3396
f 3368 3396 3383
f 3368 3383 3380
f 3369 3382 3383
f 3369 3383 3370
f 3370 3383 3384
f 3370 3384 3373
f 3370 3373 3371
f 3372 3374 3375
f 3373 3385 3374
f 3373 3384 3386
f 3373 3386 3385
f 3374 3385 3387
f 3374 3387 3375
f 3375 3387 3388
f 3376 3379 3389
f 3376 3389 3377
f 3377 3389 3381
f 3378 3390 3379
f 3379 3390 3391
f 3379 3391 3392
f 3379 3392 3393
f 3379 3393 3394
f 3379 3394 3389
f 3380 3383 3395
f 3382 3395 3383
f 3383 3396 3384
f 3384 3396 3397
f 3384 3397 3386
f 3385 3386 3387
f 3386 3397 3387
f 3387 3398 3399
f 3387 3399 3388
f 3387 3397 3398
f 3388 3399 3400
f 3392 3401 3393
f 3393 3402 3403
f 3393 3403 3394
f 3393 3401 3404
f 3393 3404 3402
f 3394 3403 3405
f 3394 3405 3406
f 3394 3406 3407
f 3394 3407 3408
f 3397 3409 3398
f 3398 3410 3399
f 3398 3409 3410
f 3399 3410 3400
f 3400 3410 3411
f 3401 3412 3404
f 3402 3404 3412
f 3402 3412 3413
f 3402 3413 3414
f 3402 3414 3415
f 3402 3415 3416
f 3402 3416 3417
f 3402 3417 3406
f 3402 3406 3405
f 3402 3405 3403
f 3406 3417 3416
f 3406 3416 3418
f 3406 3418 3419
f 3406 3419 3407
f 3407 3420 3421
f 3407 3421 3408
f 3407 3419 3420
f 3409 3422 3410
f 3410 3423 3424
f 3410 3424 3425
f 3410 3425 3411
f 3410 3422 3423
f 3411 3425 3426
f 3414 3427 3415
f 3415 3427 3416
f 3416 3427 3428
f 3416 3428 3429
f 3416 3429 3430
f 3416 3430 3418
f 3418 3430 3431
f 3418 3431 3420
f 3418 3420 3419
f 3420 3431 3424
f 3420 3424 3423
f 3420 3423 3422
f 3420 3422 3421
f 3424 3431 3425
f 3425 3431 3426
f 3426 3431 3432
f 3428 3433 3429
f 3429 3433 3431
f 3429 3431 3430
f 3431 3433 3432

o geometry_26
v 0.00383579 0.00726487 0.02661182
v 0.00383579 0.00744333 0.02632516
v 0.00231587 0.00726487 0.02875002
v 0.00383579 0.00726487 0.02553718
v 0.00383579 0.00749799 0.02619498
v 0.00366027 0.00753059 0.02637640
v 0.00231307 0.00751823 0.02830272
v 0.00223838 0.00746045 0.02852014
v 0.00212355 0.00740775 0.02876803
v 0.00210814 0.00726487 0.02902561
v 0.00004393 0.00726487 0.02700235
v -0.00093310 0.00726665 0.01582111
v 0.00383579 0.00729737 0.01582111
v 0.00383579 0.00754242 0.02608697
v 0.00201945 0.00753624 0.02867386
v 0.00193636 0.00748098 0.02889266
v 0.00208200 0.00726487 0.02905746
v -0.00030244 0.00726487 0.02731255
v -0.00093310 0.00756636 0.01582111
v -0.00093310 0.00726487 0.02910039
v 0.00383579 0.00759214 0.01582111
v 0.00383579 0.00755037 0.02604681
v 0.00212355 0.00756050 0.02841351
v 0.00181172 0.00757399 0.02876803
v 0.00171789 0.00754025 0.02900899
v 0.00161333 0.00748549 0.02922780
v 0.00181172 0.00743335 0.02910039
v 0.00177438 0.00726487 0.02937874
v -0.00093310 0.00756820 0.02874587
v -0.00083553 0.00757474 0.01582111
v -0.00093310 0.00726487 0.02992299
v 0.00383579 0.00759210 0.01653153
v 0.00375597 0.00759406 0.01582111
v 0.00375597 0.00759406 0.01628226
v 0.00375597 0.00759374 0.02481014
v 0.00383579 0.00758702 0.02571444
v 0.00211608 0.00761217 0.02808945
v 0.00113252 0.00762684 0.02907408
v 0.00148636 0.00757488 0.02910039
v 0.00178791 0.00762204 0.02841766
v 0.00139486 0.00753812 0.02930812
v 0.00148636 0.00741443 0.02941060
v 0.00175617 0.00726487 0.02939398
v -0.00093310 0.00756824 0.02907408
v -0.00083553 0.00757658 0.02874587
v -0.00050737 0.00759342 0.01595544
v -0.00070249 0.00758230 0.01582111
v -0.00083553 0.00726487 0.02993268
v -0.00093310 0.00734673 0.02983713
v 0.00383579 0.00759168 0.02472982
v 0.00178791 0.00762637 0.01582111
v 0.00244424 0.00762300 0.02743304
v 0.00375597 0.00759370 0.02546517
v 0.00383579 0.00759164 0.02538623
v 0.00375597 0.00759040 0.02579338
v 0.00080435 0.00762463 0.02907408
v 0.00014849 0.00761114 0.02940229
v 0.00047666 0.00761089 0.02940229
v 0.00080435 0.00759132 0.02940229
v 0.00111618 0.00755322 0.02941060
v 0.00211608 0.00762716 0.02776124
v 0.00178791 0.00762765 0.02743304
v 0.00146022 0.00762765 0.02710621
v 0.00113252 0.00762730 0.02677800
v 0.00099574 0.00750499 0.02957816
v 0.00121421 0.00746137 0.02952554
v 0.00146395 0.00726487 0.02960863
v -0.00093310 0.00756810 0.02917102
v -0.00083553 0.00757662 0.02907408
v -0.00037433 0.00759683 0.01582111
v -0.00050737 0.00759338 0.01582111
v -0.00050737 0.00759349 0.01693868
v -0.00017967 0.00760379 0.02808945
v -0.00017967 0.00760350 0.02448193
v -0.00017967 0.00760340 0.02349730
v -0.00050737 0.00726487 0.02995207
v -0.00050737 0.00740931 0.02980251
v -0.00083553 0.00739990 0.02979004
v -0.00093310 0.00739542 0.02978450
v 0.00159326 0.00762684 0.01582111
v 0.00146022 0.00762751 0.01693868
v 0.00342827 0.00760041 0.02612159
v 0.00047666 0.00761920 0.02907408
v 0.00113252 0.00762705 0.02415372
v 0.00113252 0.00762701 0.02382551
v 0.00080435 0.00762439 0.02677800
v 0.00047666 0.00761945 0.02710621
v 0.00014849 0.00761167 0.02907408
v -0.00017967 0.00760262 0.02940229
v -0.00050737 0.00754398 0.02963910
v -0.00017967 0.00754874 0.02964463
v 0.00014849 0.00755272 0.02964879
v 0.00047666 0.00754867 0.02963910
v 0.00080435 0.00752651 0.02960586
v 0.00080435 0.00737763 0.02976927
v 0.00080435 0.00726487 0.02988837
v 0.00107463 0.00726487 0.02980389
v 0.00115586 0.00726487 0.02977065
v 0.00135052 0.00726487 0.02967095
v -0.00093310 0.00756763 0.02940229
v -0.00083553 0.00757598 0.02940229
v -0.00050737 0.00759413 0.02907408
v -0.00050737 0.00759431 0.02874587
v -0.00050737 0.00759427 0.02808945
v -0.00050737 0.00759409 0.02546517
v -0.00050737 0.00759356 0.01792330
v 0.00014849 0.00761022 0.01582111
v -0.00017967 0.00760375 0.02841766
v 0.00014849 0.00761249 0.02710621
v -0.00046956 0.00726487 0.02995345
v -0.00017967 0.00741443 0.02980943
v -0.00083553 0.00753517 0.02962663
v -0.00093310 0.00753102 0.02962109
v 0.00146022 0.00762708 0.01582111
v 0.00146022 0.00762740 0.01661047
v 0.00014849 0.00761192 0.02874587
v 0.00080435 0.00762339 0.02349730
v 0.00080435 0.00762389 0.02481014
v 0.00113252 0.00762623 0.02185903
v 0.00080435 0.00762265 0.02153082
v 0.00047666 0.00761686 0.01628226
v -0.00017967 0.00760347 0.02874587
v -0.00050737 0.00759345 0.02940229
v 0.00014849 0.00741727 0.02981358
v 0.00047666 0.00740693 0.02980389
v 0.00047666 0.00726487 0.02994791
v -0.00093310 0.00755971 0.02946322
v 0.00047666 0.00761668 0.01582111
v -0.00015120 0.00726487 0.02996315
v 0.00080435 0.00762019 0.01582111
v 0.00080435 0.00762027 0.01595544
v 0.00113252 0.00762371 0.01595544
v 0.00113252 0.00762385 0.01628226
v 0.00113252 0.00762428 0.01726688
v 0.00080435 0.00762041 0.01628226
v 0.00014849 0.00726487 0.02996869
f 3434 3435 3436
f 3434 3436 3443
f 3434 3443 3450
f 3434 3450 3461
f 3434 3461 3476
f 3434 3476 3500
f 3434 3500 3532
f 3434 3532 3531
f 3434 3531 3530
f 3434 3530 3529
f 3434 3529 3559
f 3434 3559 3569
f 3434 3569 3562
f 3434 3562 3543
f 3434 3543 3509
f 3434 3509 3481
f 3434 3481 3464
f 3434 3464 3453
f 3434 3453 3451
f 3434 3451 3444
f 3434 3444 3437
f 3434 3437 3446
f 3434 3446 3454
f 3434 3454 3465
f 3434 3465 3483
f 3434 3483 3487
f 3434 3487 3469
f 3434 3469 3455
f 3434 3455 3447
f 3434 3447 3438
f 3434 3438 3435
f 3435 3438 3439
f 3435 3439 3440
f 3435 3440 3441
f 3435 3441 3436
f 3436 3441 3442
f 3436 3442 3443
f 3437 3444 3445
f 3437 3445 3446
f 3438 3447 3439
f 3439 3448 3440
f 3439 3447 3448
f 3440 3448 3441
f 3441 3448 3449
f 3441 3449 3442
f 3442 3449 3443
f 3443 3449 3450
f 3444 3451 3445
f 3445 3452 3463
f 3445 3463 3480
f 3445 3480 3504
f 3445 3504 3503
f 3445 3503 3540
f 3445 3540 3561
f 3445 3561 3563
f 3445 3563 3547
f 3445 3547 3513
f 3445 3513 3484
f 3445 3484 3466
f 3445 3466 3454
f 3445 3454 3446
f 3445 3451 3453
f 3445 3453 3464
f 3445 3464 3482
f 3445 3482 3512
f 3445 3512 3546
f 3445 3546 3560
f 3445 3560 3533
f 3445 3533 3501
f 3445 3501 3477
f 3445 3477 3462
f 3445 3462 3452
f 3447 3455 3456
f 3447 3456 3448
f 3448 3456 3457
f 3448 3457 3458
f 3448 3458 3449
f 3449 3458 3459
f 3449 3459 3460
f 3449 3460 3450
f 3450 3460 3461
f 3452 3462 3478
f 3452 3478 3463
f 3454 3466 3467
f 3454 3467 3468
f 3454 3468 3465
f 3455 3469 3470
f 3455 3470 3456
f 3456 3470 3457
f 3457 3471 3472
f 3457 3472 3458
f 3457 3470 3473
f 3457 3473 3471
f 3458 3472 3474
f 3458 3474 3459
f 3459 3474 3475
f 3459 3475 3476
f 3459 3476 3461
f 3459 3461 3460
f 3462 3477 3502
f 3462 3502 3478
f 3463 3479 3480
f 3463 3478 3479
f 3464 3481 3482
f 3465 3468 3483
f 3466 3484 3485
f 3466 3485 3467
f 3467 3485 3468
f 3468 3485 3486
f 3468 3486 3487
f 3468 3487 3483
f 3469 3487 3488
f 3469 3488 3485
f 3469 3485 3470
f 3470 3485 3473
f 3471 3489 3490
f 3471 3490 3491
f 3471 3491 3492
f 3471 3492 3493
f 3471 3493 3472
f 3471 3473 3494
f 3471 3494 3495
f 3471 3495 3496
f 3471 3496 3497
f 3471 3497 3489
f 3472 3493 3474
f 3473 3485 3494
f 3474 3493 3498
f 3474 3498 3499
f 3474 3499 3475
f 3475 3499 3500
f 3475 3500 3476
f 3477 3501 3502
f 3478 3502 3479
f 3479 3503 3504
f 3479 3504 3480
f 3479 3502 3505
f 3479 3505 3506
f 3479 3506 3507
f 3479 3507 3508
f 3479 3508 3503
f 3481 3509 3510
f 3481 3510 3511
f 3481 3511 3482
f 3482 3511 3512
f 3484 3513 3514
f 3484 3514 3494
f 3484 3494 3485
f 3485 3488 3515
f 3485 3515 3486
f 3486 3515 3487
f 3487 3515 3488
f 3489 3516 3490
f 3489 3497 3517
f 3489 3517 3518
f 3489 3518 3519
f 3489 3519 3520
f 3489 3520 3516
f 3490 3516 3521
f 3490 3521 3522
f 3490 3522 3523
f 3490 3523 3524
f 3490 3524 3525
f 3490 3525 3491
f 3491 3525 3526
f 3491 3526 3492
f 3492 3526 3527
f 3492 3527 3493
f 3493 3527 3498
f 3494 3514 3495
f 3495 3514 3496
f 3496 3514 3497
f 3497 3514 3517
f 3498 3527 3528
f 3498 3528 3529
f 3498 3529 3530
f 3498 3530 3531
f 3498 3531 3499
f 3499 3531 3532
f 3499 3532 3500
f 3501 3533 3534
f 3501 3534 3502
f 3502 3534 3535
f 3502 3535 3536
f 3502 3536 3537
f 3502 3537 3538
f 3502 3538 3539
f 3502 3539 3505
f 3503 3508 3540
f 3505 3539 3506
f 3506 3538 3537
f 3506 3537 3536
f 3506 3536 3541
f 3506 3541 3542
f 3506 3542 3507
f 3506 3539 3538
f 3507 3542 3508
f 3508 3542 3540
f 3509 3543 3544
f 3509 3544 3510
f 3510 3544 3523
f 3510 3523 3545
f 3510 3545 3511
f 3511 3545 3546
f 3511 3546 3512
f 3513 3547 3548
f 3513 3548 3514
f 3514 3548 3518
f 3514 3518 3517
f 3516 3549 3521
f 3516 3520 3542
f 3516 3542 3549
f 3518 3550 3551
f 3518 3551 3519
f 3518 3548 3552
f 3518 3552 3553
f 3518 3553 3550
f 3519 3551 3554
f 3519 3554 3520
f 3520 3554 3540
f 3520 3540 3542
f 3521 3549 3541
f 3521 3541 3555
f 3521 3555 3522
f 3522 3555 3535
f 3522 3535 3556
f 3522 3556 3523
f 3523 3556 3545
f 3523 3544 3524
f 3524 3544 3525
f 3525 3544 3557
f 3525 3557 3526
f 3526 3557 3558
f 3526 3558 3527
f 3527 3558 3528
f 3528 3558 3529
f 3529 3558 3559
f 3533 3560 3534
f 3534 3560 3556
f 3534 3556 3535
f 3535 3555 3541
f 3535 3541 3536
f 3540 3554 3561
f 3541 3549 3542
f 3543 3562 3544
f 3544 3562 3557
f 3545 3556 3546
f 3546 3556 3560
f 3547 3563 3564
f 3547 3564 3565
f 3547 3565 3566
f 3547 3566 3567
f 3547 3567 3552
f 3547 3552 3548
f 3550 3553 3554
f 3550 3554 3551
f 3552 3567 3553
f 3553 3567 3568
f 3553 3568 3561
f 3553 3561 3554
f 3557 3562 3569
f 3557 3569 3558
f 3558 3569 3559
f 3561 3568 3564
f 3561 3564 3563
f 3564 3568 3566
f 3564 3566 3565
f 3566 3568 3567

o geometry_27
v -0.00575562 0.00033055 0.01231365
v -0.00419880 0.00033084 0.01230920
v -0.00530382 0.00033055 0.01231365
v -0.00597103 0.00033055 0.01231898
v -0.00575562 0.00115737 0.00742682
v -0.00530382 0.00115708 0.00742682
v -0.00419880 0.00033084 0.01276267
v -0.00419880 0.00115708 0.00742682
v -0.00530382 0.00033055 0.01265153
v -0.00608359 0.00033055 0.01232254
v -0.00610906 0.00120733 0.00740193
v -0.00601652 0.00124072 0.00723032
v -0.00575562 0.00122940 0.00721520
v -0.00542766 0.00122940 0.00721431
v -0.00618488 0.00033055 0.01235721
v -0.00419880 0.00033462 0.01276267
v -0.00618488 0.00041187 0.01282313
v -0.00618488 0.00033055 0.01279557
v -0.00444395 0.00122940 0.00721431
v -0.00419880 0.00122940 0.00721520
v -0.00618488 0.00122214 0.00744283
v -0.00618488 0.00124392 0.00732546
v -0.00618488 0.00126221 0.00726500
v -0.00530382 0.00282438 0.00373948
v -0.00509988 0.00282235 0.00373948
v -0.00419880 0.00045282 0.01276000
v -0.00419880 0.00083791 0.01271199
v -0.00618488 0.00078041 0.01271199
v -0.00485085 0.00282235 0.00373948
v -0.00452288 0.00282264 0.00373948
v -0.00419880 0.00282293 0.00373948
v -0.00618488 0.00132320 0.00721165
v -0.00618488 0.00175477 0.00697246
v -0.00618488 0.00187035 0.00695646
v -0.00618488 0.00244596 0.00688799
v -0.00530382 0.00315691 0.00373948
v -0.00618488 0.00144750 0.00712806
v -0.00419880 0.00103307 0.01260796
v -0.00618488 0.00104818 0.01259729
v -0.00419880 0.00329747 0.00373948
v -0.00618488 0.00244596 0.00774692
v -0.00530382 0.00313193 0.00578632
v -0.00419880 0.00328615 0.00578632
v -0.00419880 0.00119542 0.01249948
v -0.00618488 0.00113269 0.01254127
v -0.00618488 0.00172660 0.01168946
v -0.00530382 0.00307821 0.00644252
v -0.00530382 0.00312322 0.00611442
v -0.00419880 0.00327453 0.00592592
v -0.00419880 0.00137635 0.01231453
v -0.00618488 0.00137983 0.01230120
v -0.00419880 0.00316795 0.00646386
v -0.00419880 0.00323561 0.00620423
v -0.00618488 0.00172195 0.01170190
v -0.00419880 0.00147190 0.01201667
v -0.00419880 0.00325246 0.00611442
v -0.00618488 0.00162030 0.01195976
v -0.00618488 0.00144808 0.01220784
f 3570 3571 3572
f 3570 3572 3578
f 3570 3578 3587
f 3570 3587 3584
f 3570 3584 3579
f 3570 3579 3573
f 3570 3573 3574
f 3570 3574 3575
f 3570 3575 3571
f 3571 3576 3578
f 3571 3578 3572
f 3571 3575 3577
f 3571 3577 3589
f 3571 3589 3600
f 3571 3600 3609
f 3571 3609 3612
f 3571 3612 3618
f 3571 3618 3625
f 3571 3625 3622
f 3571 3622 3621
f 3571 3621 3624
f 3571 3624 3619
f 3571 3619 3613
f 3571 3613 3607
f 3571 3607 3596
f 3571 3596 3595
f 3571 3595 3585
f 3571 3585 3576
f 3573 3579 3574
f 3574 3580 3581
f 3574 3581 3582
f 3574 3582 3583
f 3574 3583 3575
f 3574 3579 3584
f 3574 3584 3580
f 3575 3583 3588
f 3575 3588 3577
f 3576 3585 3586
f 3576 3586 3587
f 3576 3587 3578
f 3577 3588 3589
f 3580 3584 3590
f 3580 3590 3591
f 3580 3591 3581
f 3581 3591 3592
f 3581 3592 3593
f 3581 3593 3582
f 3582 3593 3594
f 3582 3594 3583
f 3583 3594 3598
f 3583 3598 3588
f 3584 3587 3586
f 3584 3586 3597
f 3584 3597 3608
f 3584 3608 3614
f 3584 3614 3620
f 3584 3620 3627
f 3584 3627 3626
f 3584 3626 3623
f 3584 3623 3615
f 3584 3615 3610
f 3584 3610 3604
f 3584 3604 3603
f 3584 3603 3602
f 3584 3602 3606
f 3584 3606 3601
f 3584 3601 3592
f 3584 3592 3591
f 3584 3591 3590
f 3585 3595 3586
f 3586 3595 3596
f 3586 3596 3597
f 3588 3598 3599
f 3588 3599 3600
f 3588 3600 3589
f 3592 3601 3593
f 3593 3602 3603
f 3593 3603 3604
f 3593 3604 3605
f 3593 3605 3609
f 3593 3609 3600
f 3593 3600 3599
f 3593 3599 3598
f 3593 3598 3594
f 3593 3601 3606
f 3593 3606 3602
f 3596 3607 3608
f 3596 3608 3597
f 3604 3610 3605
f 3605 3611 3612
f 3605 3612 3609
f 3605 3610 3611
f 3607 3613 3614
f 3607 3614 3608
f 3610 3615 3616
f 3610 3616 3617
f 3610 3617 3611
f 3611 3617 3612
f 3612 3617 3618
f 3613 3619 3620
f 3613 3620 3614
f 3615 3621 3622
f 3615 3622 3616
f 3615 3623 3619
f 3615 3619 3624
f 3615 3624 3621
f 3616 3622 3625
f 3616 3625 3617
f 3617 3625 3618
f 3619 3623 3626
f 3619 3626 3627
f 3619 3627 3620

o geometry_28
v -0.00351442 -0.00690535 0.02933704
v -0.00351442 -0.00690504 0.02940011
v -0.00354606 -0.00688703 0.02940011
v -0.00353119 -0.00688238 0.01660489
v -0.00351442 -0.00689014 0.01526992
v -0.00351442 -0.00675978 0.02972334
v -0.00378786 -0.00667660 0.02964187
v -0.00396962 -0.00662167 0.02958143
v -0.00397935 -0.00662849 0.02940011
v -0.00397962 -0.00662881 0.02907162
v -0.00352767 -0.00688145 0.01398750
v -0.00351956 -0.00687834 0.00743091
v -0.00351442 -0.00688114 0.00743091
v -0.00351442 -0.00675513 0.02972860
v -0.00370943 -0.00664122 0.02972860
v -0.00433177 -0.00632061 0.02961034
v -0.00436315 -0.00633737 0.02940011
v -0.00435828 -0.00634109 0.02940011
v -0.00414326 -0.00650528 0.02940011
v -0.00385223 -0.00655090 0.02972860
v -0.00406239 -0.00639975 0.02972860
v -0.00409295 -0.00637740 0.02972860
v -0.00414380 -0.00650559 0.02907162
v -0.00433285 -0.00632309 0.00710242
v -0.00397800 -0.00662756 0.02776030
v -0.00378651 -0.00671447 0.00743091
v -0.00395122 -0.00660770 0.00710242
v -0.00378732 -0.00670764 0.00710242
v -0.00467635 -0.00601924 0.00382018
v -0.00351442 -0.00687741 0.00737309
v -0.00351442 -0.00616945 0.02972860
v -0.00436315 -0.00625605 0.02964713
v -0.00549262 -0.00516447 0.02907688
v -0.00532790 -0.00537739 0.02907688
v -0.00519321 -0.00554002 0.02907688
v -0.00502822 -0.00572842 0.02907688
v -0.00487298 -0.00589105 0.02907688
v -0.00425117 -0.00625822 0.02972860
v -0.00471043 -0.00604500 0.02907688
v -0.00452299 -0.00621042 0.02907688
v -0.00436342 -0.00633830 0.02907162
v -0.00436315 -0.00629826 0.00710242
v -0.00411567 -0.00648572 0.00710242
v -0.00452299 -0.00621042 0.02907162
v -0.00466363 -0.00600775 0.00356265
v -0.00449703 -0.00618715 0.00709979
v -0.00467689 -0.00601986 0.00414867
v -0.00484052 -0.00584884 0.00382018
v -0.00351442 -0.00685817 0.00710242
v -0.00588858 -0.00373490 0.02907688
v -0.00436315 -0.00549595 0.02972860
v -0.00351442 -0.00571135 0.00329197
v -0.00436315 -0.00616821 0.02972860
v -0.00561433 -0.00499935 0.02907688
v -0.00561243 -0.00500215 0.02907688
v -0.00561352 -0.00500121 0.02907162
v -0.00549262 -0.00516447 0.02907162
v -0.00549126 -0.00516261 0.02776030
v -0.00531844 -0.00536280 0.01988713
v -0.00519321 -0.00554002 0.02907162
v -0.00502931 -0.00572717 0.02907162
v -0.00502498 -0.00572252 0.02578938
v -0.00486243 -0.00587740 0.01988713
v -0.00486432 -0.00587988 0.02152693
v -0.00487298 -0.00589105 0.02907162
v -0.00470907 -0.00604624 0.02907162
v -0.00468257 -0.00602420 0.00808525
v -0.00444401 -0.00612011 0.00356265
v -0.00469934 -0.00597051 0.00356265
v -0.00436315 -0.00599316 0.00308437
v -0.00436315 -0.00603320 0.00317372
v -0.00467797 -0.00602079 0.00480564
v -0.00485215 -0.00586405 0.01169335
v -0.00498901 -0.00568465 0.00382018
v -0.00494465 -0.00570669 0.00356265
v -0.00482754 -0.00583518 0.00356265
v -0.00500280 -0.00570079 0.01202184
v -0.00436315 -0.00613128 0.00349169
v -0.00411567 -0.00617287 0.00349169
v -0.00351442 -0.00616635 0.00349169
v -0.00626588 -0.00373490 0.02907688
v -0.00570061 -0.00373459 0.00356265
v -0.00582772 -0.00373459 0.00949380
v -0.00627724 -0.00373552 0.02907688
v -0.00351442 -0.00571135 0.00288202
v -0.00597107 -0.00440654 0.02907688
v -0.00596999 -0.00440840 0.02907688
v -0.00561270 -0.00500028 0.02841465
v -0.00596999 -0.00440840 0.02907162
v -0.00548829 -0.00515795 0.02513503
v -0.00530626 -0.00534666 0.00972769
v -0.00519077 -0.00553723 0.02710333
v -0.00518239 -0.00552885 0.02119845
v -0.00501930 -0.00571631 0.02185280
v -0.00485323 -0.00586591 0.01267619
v -0.00485756 -0.00587119 0.01595843
v -0.00436315 -0.00593947 0.00301342
v -0.00430067 -0.00596492 0.00298977
v -0.00497684 -0.00567100 0.00356265
v -0.00411567 -0.00608441 0.00316321
v -0.00501118 -0.00570855 0.01693600
v -0.00500550 -0.00570359 0.01366427
v -0.00504662 -0.00564151 0.00949380
v -0.00515291 -0.00549905 0.00382018
v -0.00528598 -0.00532245 0.00356265
v -0.00514101 -0.00548633 0.00356265
v -0.00516238 -0.00551022 0.00949380
v -0.00351442 -0.00608348 0.00316321
v -0.00622883 -0.00373459 0.00949380
v -0.00627751 -0.00373490 0.02907162
v -0.00612118 -0.00373459 0.00356265
v -0.00627724 -0.00373552 0.02907162
v -0.00351442 -0.00578925 0.00290042
v -0.00378786 -0.00578925 0.00290042
v -0.00386549 -0.00571135 0.00288465
v -0.00618041 -0.00383297 0.00709979
v -0.00602408 -0.00414955 0.00382018
v -0.00584503 -0.00449717 0.00382018
v -0.00568113 -0.00479078 0.00382018
v -0.00560188 -0.00498477 0.01956127
v -0.00547585 -0.00513933 0.01464448
v -0.00569411 -0.00480568 0.01300467
v -0.00529680 -0.00533518 0.00382018
v -0.00547260 -0.00513436 0.01202184
v -0.00547233 -0.00513343 0.01169335
v -0.00556294 -0.00493635 0.00356265
v -0.00566896 -0.00477216 0.00356265
v -0.00436315 -0.00586870 0.00297137
v -0.00411567 -0.00597113 0.00298451
v -0.00436315 -0.00577808 0.00294246
v -0.00411567 -0.00578925 0.00290567
v -0.00378786 -0.00597175 0.00298188
v -0.00351442 -0.00597237 0.00298188
v -0.00557105 -0.00495497 0.00382018
v -0.00622342 -0.00373459 0.00709979
v -0.00411567 -0.00571135 0.00288728
v -0.00419329 -0.00571135 0.00289516
v -0.00436315 -0.00571135 0.00292407
v -0.00611794 -0.00382149 0.00356265
v -0.00621828 -0.00373459 0.00679496
v -0.00622152 -0.00373459 0.00695263
v -0.00599839 -0.00416849 0.00356265
v -0.00594998 -0.00427029 0.00356265
v -0.00592590 -0.00432616 0.00360469
v -0.00559161 -0.00496987 0.01146735
v -0.00559648 -0.00497701 0.01530145
v -0.00547044 -0.00513312 0.01103901
v -0.00589453 -0.00437271 0.00356265
f 3628 3629 3630
f 3628 3630 3631
f 3628 3631 3632
f 3628 3632 3640
f 3628 3640 3657
f 3628 3657 3676
f 3628 3676 3707
f 3628 3707 3735
f 3628 3735 3760
f 3628 3760 3740
f 3628 3740 3712
f 3628 3712 3679
f 3628 3679 3658
f 3628 3658 3641
f 3628 3641 3633
f 3628 3633 3629
f 3629 3633 3634
f 3629 3634 3635
f 3629 3635 3630
f 3630 3635 3636
f 3630 3636 3637
f 3630 3637 3631
f 3631 3637 3638
f 3631 3638 3632
f 3632 3638 3639
f 3632 3639 3640
f 3633 3641 3634
f 3634 3641 3642
f 3634 3642 3635
f 3635 3643 3644
f 3635 3644 3645
f 3635 3645 3646
f 3635 3646 3636
f 3635 3642 3647
f 3635 3647 3648
f 3635 3648 3649
f 3635 3649 3643
f 3636 3646 3650
f 3636 3650 3637
f 3637 3650 3651
f 3637 3651 3652
f 3637 3652 3653
f 3637 3653 3639
f 3637 3639 3638
f 3639 3653 3654
f 3639 3654 3655
f 3639 3655 3656
f 3639 3656 3640
f 3640 3656 3657
f 3641 3658 3678
f 3641 3678 3680
f 3641 3680 3665
f 3641 3665 3649
f 3641 3649 3648
f 3641 3648 3647
f 3641 3647 3642
f 3643 3659 3660
f 3643 3660 3661
f 3643 3661 3662
f 3643 3662 3663
f 3643 3663 3664
f 3643 3664 3644
f 3643 3649 3665
f 3643 3665 3659
f 3644 3664 3666
f 3644 3666 3667
f 3644 3667 3668
f 3644 3668 3645
f 3645 3668 3646
f 3646 3668 3650
f 3650 3668 3651
f 3651 3669 3656
f 3651 3656 3670
f 3651 3670 3652
f 3651 3668 3671
f 3651 3671 3669
f 3652 3670 3654
f 3652 3654 3653
f 3654 3670 3656
f 3654 3656 3655
f 3656 3672 3657
f 3656 3669 3673
f 3656 3673 3674
f 3656 3674 3675
f 3656 3675 3672
f 3657 3672 3676
f 3658 3677 3678
f 3658 3679 3677
f 3659 3665 3680
f 3659 3680 3681
f 3659 3681 3682
f 3659 3682 3660
f 3660 3682 3683
f 3660 3683 3684
f 3660 3684 3661
f 3661 3684 3685
f 3661 3685 3686
f 3661 3686 3687
f 3661 3687 3662
f 3662 3687 3663
f 3663 3687 3688
f 3663 3688 3689
f 3663 3689 3690
f 3663 3690 3691
f 3663 3691 3692
f 3663 3692 3664
f 3664 3692 3666
f 3666 3693 3667
f 3666 3692 3694
f 3666 3694 3693
f 3667 3693 3671
f 3667 3671 3668
f 3669 3671 3673
f 3671 3693 3673
f 3672 3695 3676
f 3672 3675 3696
f 3672 3696 3697
f 3672 3697 3698
f 3672 3698 3695
f 3673 3694 3699
f 3673 3699 3674
f 3673 3693 3694
f 3674 3699 3700
f 3674 3700 3675
f 3675 3701 3702
f 3675 3702 3703
f 3675 3703 3696
f 3675 3700 3704
f 3675 3704 3701
f 3676 3695 3705
f 3676 3705 3706
f 3676 3706 3707
f 3677 3708 3678
f 3677 3679 3709
f 3677 3709 3710
f 3677 3710 3736
f 3677 3736 3708
f 3678 3708 3711
f 3678 3711 3680
f 3679 3712 3709
f 3680 3711 3713
f 3680 3713 3714
f 3680 3714 3681
f 3681 3714 3683
f 3681 3683 3682
f 3683 3715 3685
f 3683 3685 3684
f 3683 3714 3716
f 3683 3716 3715
f 3685 3715 3717
f 3685 3717 3718
f 3685 3718 3686
f 3686 3719 3687
f 3686 3718 3719
f 3687 3719 3688
f 3688 3719 3689
f 3689 3719 3720
f 3689 3720 3721
f 3689 3721 3700
f 3689 3700 3722
f 3689 3722 3723
f 3689 3723 3690
f 3690 3723 3699
f 3690 3699 3691
f 3691 3699 3692
f 3692 3699 3694
f 3695 3698 3705
f 3696 3703 3697
f 3697 3724 3725
f 3697 3725 3698
f 3697 3703 3702
f 3697 3702 3726
f 3697 3726 3724
f 3698 3725 3727
f 3698 3727 3705
f 3699 3723 3722
f 3699 3722 3700
f 3700 3721 3728
f 3700 3728 3729
f 3700 3729 3704
f 3701 3730 3731
f 3701 3731 3732
f 3701 3732 3733
f 3701 3733 3726
f 3701 3726 3702
f 3701 3704 3730
f 3704 3729 3734
f 3704 3734 3730
f 3705 3727 3706
f 3706 3727 3735
f 3706 3735 3707
f 3708 3736 3737
f 3708 3737 3711
f 3709 3712 3738
f 3709 3738 3767
f 3709 3767 3768
f 3709 3768 3762
f 3709 3762 3736
f 3709 3736 3710
f 3711 3737 3739
f 3711 3739 3713
f 3712 3740 3741
f 3712 3741 3742
f 3712 3742 3738
f 3713 3716 3714
f 3713 3739 3743
f 3713 3743 3744
f 3713 3744 3745
f 3713 3745 3746
f 3713 3746 3716
f 3715 3747 3748
f 3715 3748 3717
f 3715 3716 3747
f 3716 3746 3749
f 3716 3749 3747
f 3717 3748 3718
f 3718 3750 3734
f 3718 3734 3720
f 3718 3720 3719
f 3718 3748 3751
f 3718 3751 3752
f 3718 3752 3750
f 3720 3729 3728
f 3720 3728 3721
f 3720 3734 3729
f 3724 3726 3733
f 3724 3733 3732
f 3724 3732 3753
f 3724 3753 3754
f 3724 3754 3755
f 3724 3755 3725
f 3725 3756 3727
f 3725 3755 3757
f 3725 3757 3758
f 3725 3758 3756
f 3727 3756 3759
f 3727 3759 3760
f 3727 3760 3735
f 3730 3734 3731
f 3731 3750 3732
f 3731 3734 3750
f 3732 3750 3761
f 3732 3761 3753
f 3736 3762 3737
f 3737 3762 3739
f 3738 3742 3763
f 3738 3763 3764
f 3738 3764 3765
f 3738 3765 3766
f 3738 3766 3767
f 3739 3762 3743
f 3740 3760 3741
f 3741 3763 3742
f 3741 3760 3759
f 3741 3759 3756
f 3741 3756 3758
f 3741 3758 3763
f 3743 3762 3744
f 3744 3762 3768
f 3744 3768 3767
f 3744 3767 3766
f 3744 3766 3769
f 3744 3769 3770
f 3744 3770 3771
f 3744 3771 3745
f 3745 3771 3746
f 3746 3771 3754
f 3746 3754 3753
f 3746 3753 3761
f 3746 3761 3772
f 3746 3772 3773
f 3746 3773 3749
f 3747 3749 3773
f 3747 3773 3748
f 3748 3773 3751
f 3750 3752 3774
f 3750 3774 3772
f 3750 3772 3761
f 3751 3773 3772
f 3751 3772 3752
f 3752 3772 3774
f 3754 3771 3775
f 3754 3775 3755
f 3755 3775 3770
f 3755 3770 3769
f 3755 3769 3757
f 3757 3769 3765
f 3757 3765 3764
f 3757 3764 3758
f 3758 3764 3763
f 3765 3769 3766
f 3770 3775 3771

o geometry_29
v -0.00176296 -0.00496842 0.02971810
v -0.00368178 -0.00373475 0.02972612
v -0.00351428 -0.00402169 0.03006545
v -0.00263188 -0.00479218 0.03006545
v -0.00176296 -0.00533108 0.02971810
v -0.00176296 -0.00496826 0.02954443
v -0.00362587 -0.00373459 0.00350918
v -0.00365304 -0.00373475 0.02021674
v -0.00396985 -0.00373475 0.02972612
v -0.00365573 -0.00373459 0.01562904
v -0.00365753 -0.00373459 0.01595768
v -0.00366314 -0.00373459 0.01665773
v -0.00351428 -0.00466719 0.03006545
v -0.00403361 -0.00373524 0.02972612
v -0.00263188 -0.00517849 0.03006545
v -0.00181999 -0.00533108 0.02971810
v -0.00263188 -0.00541255 0.00323664
v -0.00263188 -0.00541255 0.00276906
v -0.00176296 -0.00532894 0.00763998
v -0.00176296 -0.00496809 0.02888713
v -0.00263188 -0.00477674 0.00316450
v -0.00263188 -0.00479924 0.00303091
v -0.00351428 -0.00391707 0.00316450
v -0.00351428 -0.00397554 0.00302556
v -0.00405651 -0.00373459 0.00350918
v -0.00176296 -0.00496612 0.01674056
v -0.00176296 -0.00496612 0.01628366
v -0.00176296 -0.00496908 0.00763998
v -0.00401004 -0.00373459 0.01665773
v -0.00403249 -0.00373475 0.02948564
v -0.00342963 -0.00474176 0.03006545
v -0.00401565 -0.00382230 0.02972612
v -0.00396603 -0.00401003 0.02972612
v -0.00385803 -0.00417543 0.02972612
v -0.00369502 -0.00442016 0.02972612
v -0.00351428 -0.00541255 0.00318588
v -0.00206787 -0.00531383 0.02971810
v -0.00280410 -0.00512774 0.03006545
v -0.00341100 -0.00541255 0.00319389
v -0.00351428 -0.00541255 0.00283051
v -0.00351428 -0.00513283 0.00282784
v -0.00351428 -0.00475013 0.00282784
v -0.00263188 -0.00513283 0.00277974
v -0.00263188 -0.00486166 0.00287593
v -0.00351428 -0.00405421 0.00294273
v -0.00351428 -0.00442262 0.00285990
v -0.00263188 -0.00501375 0.00281181
v -0.00304344 -0.00502837 0.03006545
f 3776 3777 3778
f 3776 3778 3779
f 3776 3779 3790
f 3776 3790 3780
f 3776 3780 3794
f 3776 3794 3803
f 3776 3803 3802
f 3776 3802 3801
f 3776 3801 3795
f 3776 3795 3781
f 3776 3781 3782
f 3776 3782 3783
f 3776 3783 3777
f 3777 3784 3778
f 3777 3783 3785
f 3777 3785 3786
f 3777 3786 3787
f 3777 3787 3804
f 3777 3804 3784
f 3778 3788 3806
f 3778 3806 3823
f 3778 3823 3813
f 3778 3813 3790
f 3778 3790 3779
f 3778 3784 3789
f 3778 3789 3788
f 3780 3790 3791
f 3780 3791 3792
f 3780 3792 3793
f 3780 3793 3794
f 3781 3795 3782
f 3782 3796 3797
f 3782 3797 3798
f 3782 3798 3799
f 3782 3799 3800
f 3782 3800 3804
f 3782 3804 3787
f 3782 3787 3786
f 3782 3786 3785
f 3782 3785 3783
f 3782 3795 3801
f 3782 3801 3802
f 3782 3802 3803
f 3782 3803 3796
f 3784 3804 3805
f 3784 3805 3789
f 3788 3789 3807
f 3788 3807 3808
f 3788 3808 3809
f 3788 3809 3810
f 3788 3810 3811
f 3788 3811 3806
f 3789 3805 3800
f 3789 3800 3807
f 3790 3812 3791
f 3790 3813 3811
f 3790 3811 3812
f 3791 3812 3811
f 3791 3811 3814
f 3791 3814 3792
f 3792 3814 3811
f 3792 3811 3815
f 3792 3815 3793
f 3793 3815 3816
f 3793 3816 3817
f 3793 3817 3818
f 3793 3818 3803
f 3793 3803 3794
f 3796 3803 3797
f 3797 3819 3798
f 3797 3803 3819
f 3798 3819 3799
f 3799 3819 3820
f 3799 3820 3800
f 3800 3820 3821
f 3800 3821 3817
f 3800 3817 3816
f 3800 3816 3815
f 3800 3815 3811
f 3800 3811 3808
f 3800 3808 3807
f 3800 3805 3804
f 3803 3818 3822
f 3803 3822 3819
f 3806 3811 3823
f 3808 3811 3809
f 3809 3811 3810
f 3811 3813 3823
f 3817 3821 3818
f 3818 3821 3820
f 3818 3820 3822
f 3819 3822 3820

o geometry_30
v 0.00080449 0.00523990 0.02648306
v 0.00047672 0.00523990 0.02652776
v 0.00033886 0.00726487 0.02691042
v 0.00080478 0.00726487 0.02689544
v 0.00109938 0.00523990 0.02648357
v 0.00014894 0.00523990 0.02678473
v 0.00004369 0.00726487 0.02700311
v 0.00113198 0.00726487 0.02689824
v 0.00142200 0.00523990 0.02648840
v -0.00017969 0.00523990 0.02708284
v -0.00030210 0.00726487 0.02731315
v 0.00146004 0.00726487 0.02692363
v 0.00168285 0.00523990 0.02655594
v -0.00020314 0.00523990 0.02710645
v -0.00046513 0.00523990 0.02743478
v -0.00039964 0.00726487 0.02759907
v 0.00178610 0.00726487 0.02702723
v 0.00207183 0.00523990 0.02682307
v -0.00049259 0.00523990 0.02776336
v -0.00040164 0.00726487 0.02776260
v 0.00186790 0.00726487 0.02710849
v 0.00236614 0.00523990 0.02718441
v -0.00049402 0.00523990 0.02808991
v -0.00040221 0.00726487 0.02809017
v 0.00225717 0.00726487 0.02759450
v 0.00241620 0.00523990 0.02746272
v -0.00049145 0.00523990 0.02840326
v -0.00047858 0.00523990 0.02871686
v -0.00041394 0.00523990 0.02898044
v -0.00030897 0.00726487 0.02842434
v 0.00225717 0.00726487 0.02882834
v 0.00242792 0.00544071 0.02907719
v 0.00242249 0.00523990 0.02778368
v -0.00016339 0.00523990 0.02905814
v 0.00034773 0.00726487 0.02904316
v 0.00014094 0.00726487 0.02885398
v 0.00002996 0.00726487 0.02875140
v -0.00018627 0.00726487 0.02854394
v 0.00225717 0.00719371 0.02895505
v 0.00210787 0.00726487 0.02902589
v 0.00242792 0.00523990 0.02907719
v 0.00242792 0.00523990 0.02822323
v 0.00225717 0.00714930 0.02902716
v 0.00225717 0.00713939 0.02904316
v 0.00225088 0.00714435 0.02904316
v 0.00216565 0.00721016 0.02904316
v 0.00212189 0.00724366 0.02904316
v 0.00210673 0.00725516 0.02904316
v 0.00209386 0.00726487 0.02904316
v 0.00080449 0.00542584 0.02907719
v -0.00009989 0.00523990 0.02907719
v 0.00047271 0.00536399 0.02907719
f 3824 3825 3826
f 3824 3826 3827
f 3824 3827 3828
f 3824 3828 3832
f 3824 3832 3836
f 3824 3836 3841
f 3824 3841 3845
f 3824 3845 3849
f 3824 3849 3856
f 3824 3856 3865
f 3824 3865 3864
f 3824 3864 3874
f 3824 3874 3857
f 3824 3857 3852
f 3824 3852 3851
f 3824 3851 3850
f 3824 3850 3846
f 3824 3846 3842
f 3824 3842 3838
f 3824 3838 3837
f 3824 3837 3833
f 3824 3833 3829
f 3824 3829 3825
f 3825 3829 3830
f 3825 3830 3826
f 3826 3830 3834
f 3826 3834 3839
f 3826 3839 3843
f 3826 3843 3847
f 3826 3847 3853
f 3826 3853 3861
f 3826 3861 3860
f 3826 3860 3859
f 3826 3859 3858
f 3826 3858 3872
f 3826 3872 3863
f 3826 3863 3854
f 3826 3854 3848
f 3826 3848 3844
f 3826 3844 3840
f 3826 3840 3835
f 3826 3835 3831
f 3826 3831 3827
f 3827 3831 3828
f 3828 3831 3832
f 3829 3833 3834
f 3829 3834 3830
f 3831 3835 3832
f 3832 3835 3836
f 3833 3837 3834
f 3834 3837 3838
f 3834 3838 3839
f 3835 3840 3836
f 3836 3840 3841
f 3838 3842 3839
f 3839 3842 3843
f 3840 3844 3841
f 3841 3844 3845
f 3842 3846 3843
f 3843 3846 3847
f 3844 3848 3845
f 3845 3848 3849
f 3846 3850 3847
f 3847 3850 3851
f 3847 3851 3852
f 3847 3852 3853
f 3848 3854 3855
f 3848 3855 3856
f 3848 3856 3849
f 3852 3857 3858
f 3852 3858 3859
f 3852 3859 3860
f 3852 3860 3861
f 3852 3861 3853
f 3854 3862 3855
f 3854 3863 3862
f 3855 3864 3865
f 3855 3865 3856
f 3855 3862 3866
f 3855 3866 3867
f 3855 3867 3868
f 3855 3868 3869
f 3855 3869 3870
f 3855 3870 3871
f 3855 3871 3872
f 3855 3872 3858
f 3855 3858 3873
f 3855 3873 3875
f 3855 3875 3874
f 3855 3874 3864
f 3857 3874 3858
f 3858 3874 3875
f 3858 3875 3873
f 3862 3863 3870
f 3862 3870 3869
f 3862 3869 3868
f 3862 3868 3866
f 3863 3872 3871
f 3863 3871 3870
f 3866 3868 3867

o geometry_31
v -0.00582072 -0.00373448 0.00295329
v -0.00588434 -0.00373448 0.00297184
v -0.00582072 -0.00350175 0.00295020
v -0.00582072 -0.00373448 0.00706621
v -0.00592690 -0.00373448 0.00299349
v -0.00593437 -0.00369990 0.00298731
v -0.00593437 -0.00357518 0.00298731
v -0.00590857 -0.00335644 0.00300586
v -0.00582072 -0.00343958 0.00296102
v -0.00582072 -0.00175002 0.00745276
v -0.00582785 -0.00373448 0.01037819
v -0.00595585 -0.00373448 0.00303679
v -0.00600737 -0.00373448 0.00314502
v -0.00601434 -0.00347649 0.00313574
v -0.00598522 -0.00324803 0.00322542
v -0.00582072 -0.00322705 0.00310018
v -0.00637230 -0.00175002 0.01874629
v -0.00585324 -0.00373448 0.01874474
v -0.00585240 -0.00373448 0.01857620
v -0.00585058 -0.00373448 0.01810616
v -0.00584942 -0.00373448 0.01777836
v -0.00583349 -0.00373448 0.01287378
v -0.00583266 -0.00373448 0.01254598
v -0.00582072 -0.00175002 0.00691468
v -0.00603723 -0.00373448 0.00323315
v -0.00613438 -0.00349281 0.00349292
v -0.00650827 -0.00175002 0.00736772
v -0.00636608 -0.00175002 0.00714661
v -0.00584461 -0.00303570 0.00349292
v -0.00582072 -0.00307455 0.00338159
v -0.00582072 -0.00317635 0.00316976
v -0.00658708 -0.00175002 0.00753781
v -0.00656916 -0.00175002 0.00746823
v -0.00666821 -0.00175002 0.01874629
v -0.00624438 -0.00231962 0.01874629
v -0.00624828 -0.00373448 0.01874474
v -0.00617005 -0.00267708 0.01874629
v -0.00616980 -0.00267863 0.01874629
v -0.00582072 -0.00302657 0.00349292
v -0.00586875 -0.00175002 0.00691623
v -0.00612160 -0.00373448 0.00349292
v -0.00659064 -0.00218130 0.00752234
v -0.00659313 -0.00185318 0.00750997
v -0.00623252 -0.00175002 0.00704611
v -0.00661080 -0.00185318 0.00775582
v -0.00659711 -0.00175002 0.00775582
v -0.00665908 -0.00175002 0.01474315
v -0.00666149 -0.00185318 0.01857620
v -0.00666174 -0.00185318 0.01874629
v -0.00650395 -0.00267863 0.01874629
v -0.00625442 -0.00372127 0.01874474
v -0.00623053 -0.00373448 0.01005040
v -0.00614359 -0.00175002 0.00700436
v -0.00597137 -0.00175002 0.00692396
v -0.00589554 -0.00175002 0.00691778
v -0.00621866 -0.00373448 0.00679562
v -0.00625110 -0.00366494 0.00684665
v -0.00630602 -0.00349281 0.00709868
v -0.00640357 -0.00316508 0.00742802
v -0.00657928 -0.00236780 0.00757182
v -0.00660541 -0.00218130 0.00775582
v -0.00665436 -0.00175002 0.01277637
v -0.00665809 -0.00175002 0.01431330
v -0.00662806 -0.00218130 0.01824841
v -0.00662905 -0.00218130 0.01874629
v -0.00664581 -0.00201326 0.01874629
v -0.00665502 -0.00175002 0.01300057
v -0.00664888 -0.00185318 0.01332837
v -0.00659197 -0.00242822 0.01874629
v -0.00633978 -0.00349281 0.01874474
v -0.00626487 -0.00369835 0.01874474
v -0.00625674 -0.00367756 0.01037819
v -0.00622978 -0.00373448 0.00972260
v -0.00622190 -0.00373448 0.00695334
v -0.00622364 -0.00373448 0.00709868
v -0.00625251 -0.00366843 0.00709868
v -0.00631340 -0.00349281 0.00742802
v -0.00640490 -0.00316508 0.00775582
v -0.00658102 -0.00237868 0.00775582
v -0.00664722 -0.00185318 0.01267432
v -0.00641428 -0.00316508 0.01496735
v -0.00641469 -0.00316508 0.01529515
v -0.00641511 -0.00316508 0.01562449
v -0.00641793 -0.00316508 0.01874474
v -0.00632319 -0.00349281 0.01103224
v -0.00632170 -0.00349281 0.01037819
v -0.00632087 -0.00349281 0.01005040
f 3876 3877 3878
f 3876 3878 3884
f 3876 3884 3891
f 3876 3891 3906
f 3876 3906 3905
f 3876 3905 3914
f 3876 3914 3899
f 3876 3899 3885
f 3876 3885 3879
f 3876 3879 3886
f 3876 3886 3898
f 3876 3898 3897
f 3876 3897 3896
f 3876 3896 3895
f 3876 3895 3894
f 3876 3894 3893
f 3876 3893 3911
f 3876 3911 3927
f 3876 3927 3948
f 3876 3948 3950
f 3876 3950 3949
f 3876 3949 3931
f 3876 3931 3916
f 3876 3916 3900
f 3876 3900 3888
f 3876 3888 3887
f 3876 3887 3880
f 3876 3880 3877
f 3877 3880 3881
f 3877 3881 3878
f 3878 3881 3882
f 3878 3882 3883
f 3878 3883 3884
f 3879 3885 3886
f 3880 3887 3881
f 3881 3887 3888
f 3881 3888 3889
f 3881 3889 3882
f 3882 3889 3883
f 3883 3889 3890
f 3883 3890 3891
f 3883 3891 3884
f 3885 3892 3893
f 3885 3893 3894
f 3885 3894 3895
f 3885 3895 3896
f 3885 3896 3897
f 3885 3897 3898
f 3885 3898 3886
f 3885 3899 3915
f 3885 3915 3930
f 3885 3930 3929
f 3885 3929 3928
f 3885 3928 3919
f 3885 3919 3903
f 3885 3903 3902
f 3885 3902 3908
f 3885 3908 3907
f 3885 3907 3921
f 3885 3921 3937
f 3885 3937 3942
f 3885 3942 3938
f 3885 3938 3922
f 3885 3922 3909
f 3885 3909 3892
f 3888 3900 3889
f 3889 3900 3901
f 3889 3901 3890
f 3890 3902 3903
f 3890 3903 3904
f 3890 3904 3905
f 3890 3905 3906
f 3890 3906 3891
f 3890 3901 3907
f 3890 3907 3908
f 3890 3908 3902
f 3892 3909 3924
f 3892 3924 3941
f 3892 3941 3940
f 3892 3940 3944
f 3892 3944 3925
f 3892 3925 3913
f 3892 3913 3912
f 3892 3912 3910
f 3892 3910 3893
f 3893 3910 3912
f 3893 3912 3913
f 3893 3913 3925
f 3893 3925 3911
f 3899 3914 3915
f 3900 3916 3901
f 3901 3916 3917
f 3901 3917 3918
f 3901 3918 3907
f 3903 3919 3914
f 3903 3914 3904
f 3904 3914 3905
f 3907 3918 3920
f 3907 3920 3921
f 3909 3922 3923
f 3909 3923 3924
f 3911 3925 3926
f 3911 3926 3927
f 3914 3919 3928
f 3914 3928 3929
f 3914 3929 3930
f 3914 3930 3915
f 3916 3931 3932
f 3916 3932 3933
f 3916 3933 3934
f 3916 3934 3935
f 3916 3935 3917
f 3917 3935 3936
f 3917 3936 3920
f 3917 3920 3918
f 3920 3936 3937
f 3920 3937 3921
f 3922 3938 3923
f 3923 3939 3940
f 3923 3940 3941
f 3923 3941 3924
f 3923 3938 3942
f 3923 3942 3943
f 3923 3943 3936
f 3923 3936 3939
f 3925 3944 3945
f 3925 3945 3946
f 3925 3946 3926
f 3926 3946 3927
f 3927 3947 3948
f 3927 3946 3947
f 3931 3949 3932
f 3932 3949 3950
f 3932 3950 3951
f 3932 3951 3952
f 3932 3952 3933
f 3933 3952 3934
f 3934 3952 3953
f 3934 3953 3954
f 3934 3954 3935
f 3935 3954 3936
f 3936 3954 3939
f 3936 3943 3955
f 3936 3955 3937
f 3937 3955 3942
f 3939 3954 3940
f 3940 3954 3944
f 3942 3955 3943
f 3944 3956 3957
f 3944 3957 3958
f 3944 3958 3959
f 3944 3959 3945
f 3944 3954 3953
f 3944 3953 3956
f 3945 3958 3957
f 3945 3957 3956
f 3945 3956 3953
f 3945 3953 3960
f 3945 3960 3947
f 3945 3947 3946
f 3945 3959 3958
f 3947 3960 3951
f 3947 3951 3950
f 3947 3950 3948
f 3951 3960 3961
f 3951 3961 3962
f 3951 3962 3952
f 3952 3962 3953
f 3953 3962 3961
f 3953 3961 3960

