# https://github.com/mikedh/trimesh

o geometry_0
v 0.00670403 -0.00357030 0.00830046
v 0.00670403 -0.00308382 0.01011254
v 0.00670403 -0.00282373 0.00830046
v 0.00707661 -0.00322176 0.00830046
v 0.00670403 -0.00263103 0.00857533
v 0.00715297 -0.00079776 0.00830046
v 0.00714944 -0.00269210 0.00993439
v 0.00670403 0.00718713 0.02450231
v 0.00716629 -0.00232987 0.01108475
v 0.00913952 0.00718607 0.00830046
v 0.00670403 0.00718713 0.02563062
v 0.00670403 -0.00225721 0.01276789
v 0.00751468 -0.00272580 0.00830046
v 0.00752569 -0.00249782 0.00908264
v 0.00752474 -0.00192236 0.01100331
v 0.00948003 0.00718607 0.00830046
v 0.00881042 0.00718713 0.02105290
v 0.00684317 0.00718713 0.02553645
v 0.00713422 -0.00190972 0.01249132
v 0.00670403 -0.00157382 0.01458761
v 0.00792965 -0.00217087 0.00830046
v 0.00795275 -0.00199607 0.00878402
v 0.00752745 -0.00154223 0.01215029
v 0.00670403 0.00661219 0.02543550
v 0.00719238 0.00718713 0.02510124
v 0.00748343 -0.00110523 0.01353141
v 0.00708313 -0.00146957 0.01386905
v 0.00690051 -0.00109470 0.01530277
v 0.00793998 -0.00143166 0.01063937
v 0.00786634 -0.00110313 0.01199249
v 0.00789351 -0.00057136 0.01338549
v 0.00942296 0.00601725 0.00830046
v 0.00913680 0.00718607 0.01568622
v 0.00942051 0.00718607 0.01084043
v 0.00711710 0.00692493 0.02508428
v 0.00756958 -0.00045343 0.01491931
v 0.00716928 -0.00080197 0.01530277
v 0.00670403 -0.00071668 0.01660753
v 0.00827968 -0.00153696 0.00830046
v 0.00793183 -0.00004802 0.01453586
v 0.00867182 0.00718713 0.02172141
v 0.00903462 0.00579612 0.01900328
v 0.00904250 0.00531806 0.01865885
v 0.00909033 0.00443880 0.01722004
v 0.00911125 0.00405551 0.01645483
v 0.00943845 0.00712289 0.01031784
v 0.00670403 0.00542388 0.02467028
v 0.00713314 0.00574136 0.02434282
v 0.00749247 0.00641581 0.02421387
v 0.00787829 0.00041740 0.01586438
v 0.00749620 0.00003306 0.01625801
v 0.00714020 -0.00038288 0.01632927
v 0.00849572 -0.00092833 0.00840057
v 0.00830522 -0.00142271 0.00869579
v 0.00829598 -0.00102205 0.00998868
v 0.00827451 -0.00037340 0.01206036
v 0.00826881 0.00002147 0.01321242
v 0.00910310 0.00290458 0.01453586
v 0.00879710 0.00654901 0.02086202
v 0.00885906 0.00674066 0.02067114
v 0.00904386 0.00494424 0.01826182
v 0.00903326 0.00423768 0.01742704
v 0.00909739 0.00367222 0.01606968
v 0.00911587 0.00367222 0.01568622
v 0.00670403 0.00499900 0.02433942
v 0.00710134 0.00465045 0.02353009
v 0.00750463 0.00499900 0.02317548
v 0.00752256 0.00610254 0.02397463
v 0.00829544 0.00111343 0.01568622
v 0.00749675 0.00079859 0.01779523
v 0.00719944 0.00030894 0.01760350
v 0.00690500 0.00005148 0.01774263
v 0.00670403 -0.00000432 0.01802768
v 0.00846148 -0.00093149 0.00830046
v 0.00868297 -0.00045553 0.00916748
v 0.00864098 0.00004622 0.01104658
v 0.00903543 0.00269714 0.01476152
v 0.00904658 0.00227700 0.01376894
v 0.00909114 0.00252129 0.01376894
v 0.00922349 0.00367222 0.00830046
v 0.00904005 0.00152410 0.01185167
v 0.00864791 0.00654111 0.02143975
v 0.00832452 0.00718713 0.02275979
v 0.00865253 0.00576242 0.02087984
v 0.00876802 0.00520644 0.01990593
v 0.00871748 0.00402813 0.01877762
v 0.00903108 0.00347847 0.01626650
v 0.00670403 0.00417345 0.02362002
v 0.00751658 0.00383017 0.02204718
v 0.00789052 0.00441827 0.02184018
v 0.00787394 0.00718713 0.02391525
v 0.00789881 0.00553234 0.02282257
v 0.00788373 0.00654269 0.02355215
v 0.00827261 0.00154937 0.01668049
v 0.00791471 0.00112080 0.01713521
v 0.00793781 0.00184211 0.01837041
v 0.00749756 0.00136773 0.01875387
v 0.00706737 0.00085124 0.01885058
v 0.00670403 0.00073330 0.01930699
v 0.00867264 -0.00043763 0.00886037
v 0.00904658 0.00223698 0.00830046
v 0.00878813 0.00003095 0.00935921
v 0.00866693 -0.00039762 0.00955093
v 0.00868161 0.00071751 0.01261858
v 0.00855959 0.00102814 0.01411507
v 0.00903598 0.00154727 0.01208751
v 0.00890825 0.00060589 0.01031784
v 0.00844871 0.00674066 0.02220327
v 0.00826446 0.00616151 0.02239839
v 0.00855035 0.00471311 0.02020540
v 0.00868432 0.00317784 0.01771294
v 0.00670403 0.00312887 0.02255534
v 0.00710813 0.00348794 0.02238991
v 0.00828674 0.00513694 0.02150847
v 0.00868405 0.00185264 0.01530277
v 0.00868432 0.00240494 0.01638781
v 0.00830291 0.00241915 0.01808452
v 0.00787191 0.00253603 0.01964209
v 0.00744810 0.00201796 0.01990593
v 0.00707987 0.00160624 0.02003149
v 0.00878161 0.00022260 0.01050957
v 0.00878188 0.00098918 0.01261858
v 0.00715841 0.00265186 0.02132268
v 0.00752813 0.00304726 0.02111653
v 0.00788047 0.00348057 0.02086287
v 0.00828674 0.00418503 0.02054220
v 0.00830427 0.00318363 0.01923658
v 0.00670403 0.00136089 0.02028769
v 0.00670403 0.00225120 0.02150762
f 1 2 12
f 1 12 20
f 1 20 38
f 1 38 73
f 1 73 99
f 1 99 128
f 1 128 129
f 1 129 112
f 1 112 88
f 1 88 65
f 1 65 47
f 1 47 24
f 1 24 11
f 1 11 8
f 1 8 5
f 1 5 3
f 1 3 6
f 1 6 10
f 1 10 16
f 1 16 32
f 1 32 80
f 1 80 101
f 1 101 74
f 1 74 39
f 1 39 21
f 1 21 13
f 1 13 4
f 1 4 2
f 3 5 6
f 2 4 7
f 5 8 6
f 7 9 2
f 6 8 10
f 8 11 18
f 8 18 25
f 8 25 91
f 8 91 83
f 8 83 41
f 8 41 17
f 9 12 2
f 4 13 14
f 4 14 7
f 7 14 15
f 7 15 9
f 10 8 17
f 10 17 16
f 9 15 19
f 9 19 12
f 13 21 14
f 14 21 22
f 14 22 15
f 18 11 24
f 18 24 25
f 15 23 19
f 19 23 26
f 19 26 27
f 19 27 12
f 12 27 20
f 20 27 28
f 15 29 30
f 15 30 23
f 23 31 26
f 17 33 34
f 17 34 16
f 24 35 25
f 26 31 36
f 26 36 27
f 27 36 37
f 27 37 28
f 28 38 20
f 22 29 15
f 30 31 23
f 31 40 36
f 33 17 42
f 33 42 34
f 34 42 43
f 34 43 44
f 34 44 45
f 34 46 16
f 34 45 46
f 24 47 48
f 24 48 35
f 35 48 49
f 35 49 25
f 36 40 50
f 36 50 51
f 36 51 37
f 37 51 52
f 37 52 28
f 28 52 38
f 39 54 21
f 21 54 22
f 22 54 29
f 29 55 30
f 29 54 55
f 30 56 31
f 30 55 56
f 31 56 57
f 31 57 40
f 32 46 58
f 16 46 32
f 17 41 59
f 17 59 60
f 17 60 42
f 42 60 59
f 42 59 43
f 44 43 61
f 44 61 62
f 44 62 63
f 44 63 45
f 45 63 58
f 45 58 64
f 45 64 46
f 46 64 58
f 47 65 48
f 48 66 67
f 48 67 68
f 48 68 49
f 50 40 69
f 51 50 70
f 51 70 71
f 51 71 52
f 52 72 38
f 38 72 73
f 39 74 53
f 53 75 39
f 39 75 54
f 56 55 76
f 56 76 57
f 40 57 69
f 58 77 78
f 58 78 79
f 58 79 32
f 32 79 81
f 32 81 80
f 41 82 59
f 59 82 84
f 43 59 85
f 43 85 61
f 61 85 86
f 62 87 63
f 58 63 77
f 65 88 66
f 65 66 48
f 67 66 89
f 67 89 90
f 49 91 25
f 68 67 92
f 68 92 93
f 68 93 49
f 49 93 91
f 50 69 94
f 50 94 95
f 50 95 70
f 70 95 96
f 70 96 97
f 70 97 98
f 70 98 71
f 71 72 52
f 72 71 98
f 72 98 99
f 72 99 73
f 53 100 75
f 53 74 101
f 53 101 100
f 75 100 102
f 75 103 54
f 54 103 55
f 55 103 76
f 76 104 57
f 57 104 105
f 57 105 69
f 78 106 79
f 79 106 81
f 81 106 107
f 41 83 108
f 41 108 82
f 83 109 108
f 84 85 59
f 85 84 110
f 85 110 86
f 61 86 62
f 62 86 111
f 62 111 87
f 63 87 77
f 88 112 113
f 88 113 66
f 66 113 89
f 90 92 67
f 92 114 109
f 92 109 93
f 69 105 115
f 69 115 94
f 94 117 96
f 94 96 95
f 94 115 116
f 96 118 97
f 97 118 119
f 97 119 98
f 98 120 99
f 100 101 102
f 102 107 75
f 75 107 121
f 75 121 103
f 76 121 104
f 104 122 105
f 104 121 122
f 77 115 78
f 78 115 122
f 78 122 106
f 106 122 121
f 106 121 107
f 80 81 107
f 107 102 101
f 107 101 80
f 108 109 82
f 82 109 84
f 83 91 109
f 109 91 93
f 84 114 110
f 111 116 87
f 87 116 77
f 113 112 123
f 113 123 124
f 113 124 89
f 89 124 125
f 89 125 90
f 90 125 126
f 90 126 114
f 90 114 92
f 109 114 84
f 115 105 122
f 116 111 117
f 116 117 94
f 117 111 127
f 117 127 118
f 117 118 96
f 119 118 124
f 119 124 123
f 119 123 120
f 119 120 98
f 120 128 99
f 120 123 129
f 120 129 128
f 103 121 76
f 77 116 115
f 110 126 86
f 110 114 126
f 86 127 111
f 112 129 123
f 125 127 126
f 127 86 126
f 118 127 125
f 118 125 124

o geometry_1
v 0.00710804 0.01370576 0.01994490
v 0.00546150 0.01326840 0.02612019
v 0.00701824 0.01370576 0.01699655
v 0.00700066 0.01370576 0.02140323
v 0.00624331 0.01370576 0.02432345
v -0.00012197 0.01258462 0.02901607
v -0.00012197 0.01258462 0.02862469
v 0.00595978 0.01370576 0.00829876
v 0.00670873 0.01370576 0.02296879
v 0.00612180 0.01428958 0.01951929
v 0.00611415 0.01430200 0.02124505
v 0.00605760 0.01427384 0.02239591
v 0.00617300 0.01385179 0.02414296
v 0.00457041 0.01326840 0.02745660
v 0.00116805 0.01326840 0.02873419
v 0.00314894 0.01326840 0.02823735
v 0.00215620 0.01326840 0.02855675
v -0.00692363 0.01258462 0.02512651
v -0.00713150 0.01274610 0.00829876
v 0.00597812 0.01422776 0.01690935
v 0.00527656 0.01463190 0.02220426
v 0.00519249 0.01460302 0.02354473
v 0.00567090 0.01427731 0.02393003
v 0.00444507 0.01346368 0.02739779
v 0.00527656 0.01390711 0.02556860
v 0.00076110 0.01372324 0.02857247
v -0.00051097 0.01373652 0.02858210
v -0.00102377 0.01274408 0.02893090
v -0.00784835 0.01274610 0.00829876
v 0.00550735 0.01389960 0.00829876
v 0.00511225 0.01465238 0.01927949
v 0.00406754 0.01499445 0.02323040
v 0.00493151 0.01423376 0.02538710
v 0.00331554 0.01385366 0.02778918
v 0.00133924 0.01421592 0.02814204
v 0.00252991 0.01384586 0.02815623
v -0.00707189 0.01274610 0.02475337
v -0.00787739 0.01274986 0.02251758
v -0.00822130 0.01274610 0.02095709
v -0.00849489 0.01274610 0.01721759
v -0.00831071 0.01274610 0.01319520
v -0.00685867 0.01343811 0.00829876
v 0.00411569 0.01500600 0.02210844
v 0.00443437 0.01460590 0.02508798
v 0.00369307 0.01461717 0.02588293
v 0.00293801 0.01461775 0.02645277
v 0.00001712 0.01426503 0.02820287
v -0.00204669 0.01330494 0.02854762
v -0.00287932 0.01258462 0.02854560
v -0.00247734 0.01383893 0.02815015
v -0.00101460 0.01423383 0.02816637
v -0.00557553 0.01258462 0.02694860
v -0.00591638 0.01344403 0.02584034
v -0.00668519 0.01344577 0.02468239
v -0.00749069 0.01311674 0.02324865
v -0.00817544 0.01300393 0.01970890
v -0.00816322 0.01301563 0.01491995
v -0.00750292 0.01348274 0.01453870
v 0.00446189 0.01422805 0.00829876
v 0.00394756 0.01494456 0.01956935
v 0.00214932 0.01537288 0.02232391
v 0.00332815 0.01508270 0.02426363
v 0.00177638 0.01499560 0.02625201
v 0.00214015 0.01422256 0.02777295
v 0.00042331 0.01504644 0.02652781
v -0.00100237 0.01499445 0.02663326
v -0.00212885 0.01499560 0.02625404
v -0.00751209 0.01350412 0.02177130
v -0.00764851 0.01354861 0.01990257
v -0.00781167 0.01342295 0.01741024
v -0.00710552 0.01385366 0.01664571
v 0.00308627 0.01516257 0.02047850
v 0.00212792 0.01537086 0.02355892
v 0.00253125 0.01508306 0.02533741
v 0.00082376 0.01526455 0.02559090
v -0.00017471 0.01501265 0.02667280
v -0.00318807 0.01340937 0.02812582
v -0.00293587 0.01462815 0.02666571
v -0.00325838 0.01384471 0.02777498
v -0.00458509 0.01326421 0.02738359
v -0.00605967 0.01386890 0.02494906
v -0.00697436 0.01359853 0.02355715
v -0.00690300 0.01384688 0.02296879
v -0.00718500 0.01390422 0.01951726
v -0.00586364 0.01391245 0.00829876
v 0.00366097 0.01438491 0.00829876
v 0.00087879 0.01549793 0.02330670
v 0.00138203 0.01537201 0.02471078
v -0.00017471 0.01537172 0.02547329
v -0.00446128 0.01258462 0.02781149
v -0.00199396 0.01513715 0.02575365
v -0.00298020 0.01501785 0.02556454
v -0.00383690 0.01346036 0.02777295
v -0.00513533 0.01381842 0.02620942
v -0.00519188 0.01423932 0.02550370
v -0.00601802 0.01427788 0.02392800
v -0.00647579 0.01429045 0.01951726
v -0.00632600 0.01422661 0.01683634
v 0.00030485 0.01545774 0.02469557
v -0.00390683 0.01460229 0.02604009
v -0.00436346 0.01420725 0.02640816
v -0.00106045 0.01538241 0.02514476
v -0.00715443 0.01389729 0.02105240
v -0.00658279 0.01415063 0.02258551
v -0.00644140 0.01429168 0.02172415
v -0.00547580 0.01465982 0.01959039
v -0.00481894 0.01422921 0.00829876
v 0.00165257 0.01460908 0.00829876
v 0.00147374 0.01538357 0.02067115
v 0.00011303 0.01551623 0.02364156
v -0.00036806 0.01552656 0.02220224
v -0.00094047 0.01546998 0.02436021
v -0.00191945 0.01537244 0.02452320
v -0.00478073 0.01460590 0.02508798
v -0.00554037 0.01460099 0.02353864
v -0.00563055 0.01463248 0.02220426
v -0.00424118 0.01494989 0.01946403
v -0.00017547 0.01544770 0.02067014
v -0.00367852 0.01506789 0.02437415
v -0.00441390 0.01499416 0.02323648
v -0.00446357 0.01500586 0.02191579
v -0.00400733 0.01438303 0.00829876
v -0.00017547 0.01466440 0.00829876
v -0.00132258 0.01549677 0.02297108
v -0.00248345 0.01537143 0.02357109
v -0.00333595 0.01514553 0.01990257
v -0.00251020 0.01537461 0.02243849
v -0.00182621 0.01538386 0.02066912
v -0.00210745 0.01460504 0.00829876
f 130 131 132
f 131 135 136
f 131 136 137
f 131 137 132
f 131 130 133
f 131 133 138
f 131 138 134
f 130 139 140
f 130 140 133
f 133 140 141
f 131 143 135
f 131 134 143
f 135 178 219
f 135 219 181
f 135 181 147
f 135 147 136
f 135 143 145
f 135 145 146
f 135 146 144
f 136 147 148
f 136 148 137
f 137 149 132
f 137 148 158
f 137 158 171
f 137 171 214
f 137 214 236
f 137 236 251
f 137 251 258
f 137 258 252
f 137 252 237
f 137 237 215
f 137 215 188
f 137 188 159
f 134 138 142
f 130 132 139
f 140 150 141
f 141 150 151
f 133 141 138
f 143 134 154
f 143 154 153
f 144 155 135
f 135 156 157
f 143 153 145
f 144 146 155
f 147 158 148
f 137 159 149
f 132 149 139
f 139 160 150
f 139 149 160
f 139 150 140
f 150 161 151
f 151 152 141
f 141 152 138
f 142 152 162
f 142 162 154
f 142 154 134
f 142 138 152
f 153 154 162
f 153 162 163
f 155 146 164
f 155 156 135
f 145 153 165
f 146 145 165
f 147 166 167
f 147 167 168
f 147 168 169
f 147 169 170
f 147 170 158
f 150 172 161
f 151 173 152
f 163 174 175
f 163 165 153
f 155 176 156
f 157 177 178
f 157 178 135
f 156 180 179
f 156 179 177
f 156 177 157
f 165 163 164
f 146 165 164
f 147 181 182
f 147 182 166
f 167 166 184
f 168 185 169
f 158 170 186
f 171 158 187
f 158 186 187
f 159 188 160
f 159 160 149
f 160 189 172
f 160 172 150
f 161 190 191
f 161 172 190
f 161 191 151
f 151 191 173
f 173 162 152
f 163 162 174
f 174 162 173
f 175 193 163
f 155 164 176
f 156 176 180
f 180 176 195
f 180 195 196
f 163 193 164
f 164 193 192
f 164 192 194
f 166 182 183
f 183 184 166
f 167 184 168
f 168 184 197
f 185 198 169
f 169 198 199
f 169 186 170
f 171 187 200
f 188 189 160
f 189 201 172
f 172 201 190
f 190 202 191
f 173 191 203
f 173 203 174
f 175 174 203
f 175 203 192
f 192 203 204
f 192 193 175
f 164 194 205
f 164 205 176
f 176 205 195
f 177 179 206
f 177 206 178
f 180 196 207
f 180 207 208
f 180 208 179
f 182 181 209
f 183 182 210
f 183 211 184
f 168 197 185
f 197 184 211
f 197 211 212
f 199 198 213
f 199 186 169
f 200 214 171
f 187 199 200
f 187 186 199
f 188 215 189
f 190 216 202
f 202 217 191
f 204 194 192
f 194 204 218
f 205 194 195
f 178 206 219
f 195 218 220
f 195 220 196
f 196 221 207
f 209 219 222
f 182 223 210
f 210 224 225
f 210 225 211
f 210 211 183
f 198 185 197
f 200 227 214
f 200 226 227
f 215 201 189
f 202 216 217
f 191 217 203
f 203 217 204
f 204 217 228
f 204 228 218
f 195 194 218
f 208 222 179
f 208 207 229
f 208 229 230
f 208 230 209
f 208 209 222
f 206 179 222
f 206 222 219
f 220 218 231
f 207 221 229
f 196 220 221
f 181 219 209
f 209 230 223
f 209 223 182
f 223 224 210
f 225 212 211
f 197 212 232
f 212 233 232
f 212 225 233
f 198 197 232
f 198 232 213
f 213 232 234
f 213 200 199
f 200 213 226
f 226 235 227
f 227 235 214
f 214 235 236
f 215 237 238
f 215 238 201
f 201 238 190
f 190 238 216
f 216 240 239
f 216 239 228
f 216 228 217
f 218 241 231
f 220 231 242
f 223 230 224
f 225 224 243
f 225 244 233
f 232 233 234
f 213 234 226
f 234 245 226
f 236 235 246
f 237 247 238
f 216 238 240
f 218 228 241
f 241 228 239
f 241 242 231
f 220 242 248
f 220 248 221
f 229 221 243
f 243 244 225
f 244 234 233
f 224 230 229
f 224 229 243
f 234 244 245
f 226 245 235
f 235 245 250
f 235 250 246
f 236 246 251
f 237 252 247
f 239 240 253
f 240 238 247
f 239 253 241
f 241 254 242
f 243 221 248
f 243 248 244
f 244 249 245
f 245 249 250
f 251 246 255
f 246 250 255
f 241 253 254
f 242 254 248
f 244 248 249
f 250 249 254
f 255 256 257
f 247 252 258
f 247 257 240
f 253 240 257
f 248 254 249
f 254 256 250
f 250 256 255
f 251 255 257
f 251 257 258
f 256 253 257
f 247 258 257
f 254 253 256

o geometry_2
v 0.00394684 -0.00140112 0.01838233
v 0.00423697 -0.00131201 0.01838233
v 0.00423697 -0.00116910 0.01863832
v 0.00394684 -0.00138179 0.01841629
v 0.00394684 -0.00069748 0.01838233
v 0.00424912 -0.00130781 0.01838233
v 0.00445558 -0.00113043 0.01857999
v 0.00425532 -0.00065209 0.01951689
v 0.00413954 -0.00076558 0.01938628
v 0.00394684 -0.00068992 0.01961963
v 0.00394684 -0.00059492 0.01845982
v 0.00670376 0.00125707 0.01838233
v 0.00458675 -0.00118675 0.01838233
v 0.00471117 -0.00108083 0.01848943
v 0.00478754 -0.00034272 0.01969713
v 0.00464396 -0.00048648 0.01954998
v 0.00453196 -0.00039569 0.01977811
v 0.00423697 -0.00044949 0.01985821
v 0.00394684 -0.00063948 0.01970061
v 0.00394684 -0.00041082 0.01864790
v 0.00670376 0.00031888 0.01838233
v 0.00670376 0.00718713 0.02450441
v 0.00461401 -0.00117582 0.01838233
v 0.00496270 -0.00102619 0.01838233
v 0.00500400 -0.00040577 0.01941850
v 0.00500400 -0.00029060 0.01961093
v 0.00523394 0.00039370 0.02051213
v 0.00500400 0.00033822 0.02059398
v 0.00479699 0.00041976 0.02085607
v 0.00464963 0.00026340 0.02070543
v 0.00454114 0.00037100 0.02093095
v 0.00430957 0.00045591 0.02118694
v 0.00404454 -0.00035365 0.02009679
v 0.00420404 0.00033233 0.02105721
v 0.00394684 0.00008686 0.02081775
v 0.00394684 0.00718713 0.02672651
v 0.00661092 0.00021968 0.01838233
v 0.00670376 0.00047272 0.01875326
v 0.00670376 0.00718713 0.02563200
v 0.00502181 -0.00099844 0.01838233
v 0.00520317 -0.00035786 0.01933752
v 0.00539696 0.00060050 0.02068018
v 0.00520210 0.00117720 0.02163537
v 0.00500400 0.00046768 0.02078554
v 0.00554620 0.00005407 0.01967971
v 0.00500400 0.00113097 0.02170415
v 0.00474733 0.00120747 0.02197930
v 0.00405399 0.00041051 0.02125051
v 0.00449148 0.00115450 0.02204809
v 0.00394684 0.00030627 0.02114428
v 0.00394684 0.00718713 0.02727681
v 0.00656450 0.00017513 0.01838233
v 0.00670376 0.00064170 0.01915118
v 0.00643252 0.00033485 0.01906498
v 0.00591784 0.00718713 0.02636690
v 0.00670376 0.00711987 0.02562068
v 0.00536403 -0.00081938 0.01838233
v 0.00524420 -0.00076474 0.01859218
v 0.00540262 -0.00079584 0.01838233
v 0.00568628 0.00072156 0.02059224
v 0.00555997 0.00081235 0.02084736
v 0.00535620 0.00139073 0.02179906
v 0.00525499 0.00153112 0.02205070
v 0.00500400 0.00127220 0.02189571
v 0.00549951 -0.00067983 0.01847811
v 0.00565848 -0.00002411 0.01942459
v 0.00591406 0.00006332 0.01927657
v 0.00594213 0.00081319 0.02045379
v 0.00485340 0.00192960 0.02280650
v 0.00423697 0.00110827 0.02210904
v 0.00394684 0.00107968 0.02219176
v 0.00462048 0.00203889 0.02305814
v 0.00433602 0.00198004 0.02312605
v 0.00394684 0.00713921 0.02727332
v 0.00423697 0.00718713 0.02722979
v 0.00618530 -0.00018132 0.01838233
v 0.00670376 0.00073249 0.01930791
v 0.00602661 -0.00000898 0.01902057
v 0.00577777 -0.00054196 0.01838233
v 0.00615184 -0.00021242 0.01838233
v 0.00643576 0.00110154 0.02028922
v 0.00635992 0.00116795 0.02049907
v 0.00618260 0.00019951 0.01917034
v 0.00562258 0.00718713 0.02664292
v 0.00670376 0.00697024 0.02559456
v 0.00575834 -0.00055625 0.01838233
v 0.00579693 0.00088213 0.02070108
v 0.00565875 0.00150674 0.02170677
v 0.00551031 0.00161183 0.02196276
v 0.00558642 0.00232555 0.02278821
v 0.00538724 0.00226671 0.02285351
v 0.00613052 0.00109482 0.02064535
v 0.00499644 0.00214313 0.02296671
v 0.00488390 0.00229193 0.02320616
v 0.00394684 0.00120915 0.02236329
v 0.00462048 0.00296614 0.02406731
v 0.00414413 0.00268368 0.02397066
v 0.00408043 0.00193548 0.02317829
v 0.00394684 0.00712408 0.02727158
v 0.00423697 0.00712408 0.02722369
v 0.00429931 0.00718713 0.02721499
v 0.00670376 0.00136047 0.02028922
v 0.00662765 0.00128144 0.02028922
v 0.00670376 0.00145462 0.02042332
v 0.00657718 0.00210278 0.02148647
v 0.00643603 0.00187075 0.02135673
v 0.00632969 0.00196322 0.02161186
v 0.00607411 0.00185562 0.02175117
v 0.00555970 0.00718713 0.02668297
v 0.00540910 0.00710894 0.02673957
v 0.00555133 0.00697024 0.02657848
v 0.00597290 0.00615227 0.02585752
v 0.00604658 0.00635739 0.02590541
v 0.00623847 0.00635739 0.02575826
v 0.00631998 0.00662388 0.02582530
v 0.00670376 0.00683068 0.02554580
v 0.00591433 0.00160006 0.02156919
v 0.00595266 0.00195314 0.02200717
v 0.00600340 0.00268115 0.02282043
v 0.00572325 0.00256010 0.02293101
v 0.00560477 0.00269545 0.02318004
v 0.00538724 0.00243988 0.02304594
v 0.00513948 0.00236759 0.02312779
v 0.00491655 0.00303928 0.02399155
v 0.00394684 0.00191447 0.02320267
v 0.00427664 0.00289300 0.02413871
v 0.00462048 0.00315445 0.02425887
v 0.00440916 0.00310653 0.02430763
v 0.00415357 0.00305861 0.02435290
v 0.00394684 0.00289300 0.02425538
v 0.00394684 0.00283500 0.02419530
v 0.00394684 0.00683405 0.02721847
v 0.00464585 0.00709802 0.02710353
v 0.00486284 0.00718713 0.02705912
v 0.00670376 0.00218180 0.02141594
v 0.00670376 0.00232303 0.02160228
v 0.00638097 0.00268452 0.02243905
v 0.00540343 0.00718713 0.02677440
v 0.00507606 0.00718713 0.02695464
v 0.00502721 0.00709802 0.02693984
v 0.00529575 0.00685170 0.02667165
v 0.00575213 0.00600431 0.02592805
v 0.00586764 0.00589670 0.02577654
v 0.00612674 0.00600935 0.02563636
v 0.00637773 0.00612200 0.02549617
v 0.00644494 0.00635739 0.02556670
v 0.00670376 0.00661295 0.02543696
v 0.00625925 0.00279212 0.02269504
v 0.00602499 0.00343523 0.02360669
v 0.00587709 0.00355293 0.02386269
v 0.00562123 0.00344784 0.02396456
v 0.00538724 0.00337050 0.02404119
v 0.00517214 0.00311158 0.02390535
v 0.00504421 0.00326626 0.02414654
v 0.00491601 0.00342094 0.02435987
v 0.00487796 0.00421033 0.02511305
v 0.00462048 0.00414307 0.02517226
v 0.00411336 0.00383875 0.02510696
v 0.00394684 0.00302415 0.02438512
v 0.00394684 0.00673737 0.02718625
v 0.00453493 0.00684750 0.02704345
v 0.00490468 0.00718713 0.02704345
v 0.00670376 0.00303844 0.02245994
v 0.00651646 0.00292999 0.02256356
v 0.00639609 0.00304684 0.02283000
v 0.00493679 0.00718713 0.02702691
v 0.00479051 0.00695258 0.02698860
v 0.00513381 0.00585551 0.02620233
v 0.00538400 0.00597993 0.02613528
v 0.00561179 0.00574791 0.02587232
v 0.00596723 0.00501064 0.02508519
v 0.00670376 0.00660707 0.02543348
v 0.00635992 0.00499635 0.02471252
v 0.00643603 0.00520652 0.02478653
v 0.00670376 0.00542845 0.02467594
v 0.00615184 0.00367734 0.02373643
v 0.00602283 0.00380849 0.02398198
v 0.00559451 0.00423723 0.02471077
v 0.00513381 0.00428515 0.02505123
v 0.00517187 0.00350333 0.02430066
v 0.00500508 0.00442386 0.02522102
v 0.00500400 0.00531748 0.02591325
v 0.00461913 0.00518886 0.02598204
v 0.00406154 0.00424143 0.02547092
v 0.00421538 0.00406573 0.02526717
v 0.00394684 0.00411617 0.02539691
v 0.00394684 0.00381269 0.02513134
v 0.00394684 0.00647172 0.02704345
v 0.00410661 0.00651291 0.02701994
v 0.00423562 0.00672812 0.02709047
v 0.00436247 0.00659194 0.02697553
v 0.00464585 0.00672812 0.02692939
v 0.00670376 0.00322002 0.02265499
v 0.00665167 0.00318639 0.02268808
v 0.00640337 0.00380260 0.02361105
v 0.00487823 0.00573446 0.02626241
v 0.00500535 0.00559995 0.02611264
v 0.00536214 0.00560836 0.02592892
v 0.00521775 0.00538390 0.02586188
v 0.00556887 0.00463991 0.02507387
v 0.00577075 0.00472986 0.02499986
v 0.00599341 0.00460292 0.02472471
v 0.00610811 0.00487529 0.02484661
v 0.00662792 0.00520652 0.02458887
v 0.00670376 0.00542005 0.02466985
v 0.00627868 0.00393291 0.02386617
v 0.00639825 0.00418847 0.02396979
v 0.00652860 0.00406994 0.02372685
v 0.00670376 0.00499971 0.02434072
v 0.00574160 0.00446085 0.02479349
v 0.00541936 0.00442386 0.02498941
v 0.00531329 0.00454071 0.02515659
v 0.00462048 0.00546376 0.02618666
v 0.00441537 0.00540491 0.02622584
v 0.00426747 0.00521072 0.02613790
v 0.00394684 0.00422210 0.02548485
v 0.00415978 0.00534102 0.02627286
v 0.00394684 0.00516280 0.02620842
v 0.00394684 0.00529647 0.02630508
v 0.00462048 0.00565543 0.02630769
v 0.00670376 0.00417418 0.02362062
f 259 260 261
f 259 261 262
f 259 262 268
f 259 268 277
f 259 277 293
f 259 293 308
f 259 308 329
f 259 329 353
f 259 353 383
f 259 383 389
f 259 389 388
f 259 388 417
f 259 417 445
f 259 445 444
f 259 444 474
f 259 474 476
f 259 476 477
f 259 477 446
f 259 446 418
f 259 418 390
f 259 390 357
f 259 357 332
f 259 332 309
f 259 309 294
f 259 294 278
f 259 278 269
f 259 269 263
f 259 263 270
f 259 270 279
f 259 279 295
f 259 295 310
f 259 310 334
f 259 334 338
f 259 338 337
f 259 337 344
f 259 344 317
f 259 317 315
f 259 315 298
f 259 298 282
f 259 282 281
f 259 281 271
f 259 271 264
f 259 264 260
f 260 264 265
f 260 265 261
f 261 265 266
f 261 266 267
f 261 267 268
f 261 268 262
f 263 269 270
f 264 271 265
f 265 271 272
f 265 272 273
f 265 273 274
f 265 274 275
f 265 275 266
f 266 275 276
f 266 276 268
f 266 268 267
f 268 276 277
f 269 278 270
f 270 278 280
f 270 280 297
f 270 297 314
f 270 314 343
f 270 343 374
f 270 374 405
f 270 405 430
f 270 430 433
f 270 433 463
f 270 463 467
f 270 467 479
f 270 479 451
f 270 451 421
f 270 421 394
f 270 394 393
f 270 393 362
f 270 362 360
f 270 360 335
f 270 335 311
f 270 311 296
f 270 296 279
f 271 281 272
f 272 281 282
f 272 282 283
f 272 283 273
f 273 275 274
f 273 283 284
f 273 284 285
f 273 285 286
f 273 286 287
f 273 287 275
f 275 287 288
f 275 288 289
f 275 289 290
f 275 290 276
f 276 291 277
f 276 290 292
f 276 292 293
f 276 293 291
f 277 291 293
f 278 294 280
f 279 296 295
f 280 294 309
f 280 309 333
f 280 333 359
f 280 359 392
f 280 392 420
f 280 420 424
f 280 424 397
f 280 397 396
f 280 396 367
f 280 367 342
f 280 342 313
f 280 313 297
f 282 298 283
f 283 299 284
f 283 298 299
f 284 299 285
f 285 300 301
f 285 301 302
f 285 302 286
f 285 299 303
f 285 303 300
f 286 302 287
f 287 289 288
f 287 302 304
f 287 304 305
f 287 305 290
f 287 290 289
f 290 306 292
f 290 305 307
f 290 307 306
f 292 306 293
f 293 306 308
f 295 296 311
f 295 311 312
f 295 312 310
f 297 313 314
f 298 315 316
f 298 316 299
f 299 316 315
f 299 315 317
f 299 317 303
f 300 303 318
f 300 318 319
f 300 319 301
f 301 304 302
f 301 319 320
f 301 320 321
f 301 321 322
f 301 322 305
f 301 305 304
f 303 317 323
f 303 323 324
f 303 324 325
f 303 325 326
f 303 326 318
f 305 322 327
f 305 327 307
f 306 307 328
f 306 328 329
f 306 329 308
f 307 327 330
f 307 330 331
f 307 331 328
f 309 332 333
f 310 312 334
f 311 335 312
f 312 336 337
f 312 337 338
f 312 338 334
f 312 335 339
f 312 339 340
f 312 340 341
f 312 341 336
f 313 342 314
f 314 342 343
f 317 344 323
f 318 345 319
f 318 326 345
f 319 345 346
f 319 346 320
f 320 346 347
f 320 347 321
f 321 347 348
f 321 348 349
f 321 349 327
f 321 327 322
f 323 344 336
f 323 336 324
f 324 336 325
f 325 341 326
f 325 336 341
f 326 341 340
f 326 340 350
f 326 350 345
f 327 349 351
f 327 351 352
f 327 352 330
f 328 331 353
f 328 353 329
f 330 352 354
f 330 354 331
f 331 354 355
f 331 355 356
f 331 356 353
f 332 357 358
f 332 358 333
f 333 358 359
f 335 360 361
f 335 361 339
f 336 344 337
f 339 361 340
f 340 361 362
f 340 362 363
f 340 363 364
f 340 364 365
f 340 365 366
f 340 366 350
f 342 367 368
f 342 368 369
f 342 369 370
f 342 370 371
f 342 371 372
f 342 372 373
f 342 373 343
f 343 373 374
f 345 350 375
f 345 375 346
f 346 366 376
f 346 376 348
f 346 348 347
f 346 375 366
f 348 377 378
f 348 378 379
f 348 379 380
f 348 380 349
f 348 376 377
f 349 380 381
f 349 381 351
f 350 366 375
f 351 381 352
f 352 381 382
f 352 382 354
f 353 356 383
f 354 384 355
f 354 382 385
f 354 385 386
f 354 386 384
f 355 384 387
f 355 387 388
f 355 388 389
f 355 389 383
f 355 383 356
f 357 390 358
f 358 390 391
f 358 391 392
f 358 392 359
f 360 362 361
f 362 393 363
f 363 393 394
f 363 394 395
f 363 395 365
f 363 365 364
f 365 395 376
f 365 376 366
f 367 396 368
f 368 396 397
f 368 397 398
f 368 398 399
f 368 399 369
f 369 399 400
f 369 400 370
f 370 400 401
f 370 401 402
f 370 402 403
f 370 403 372
f 370 372 371
f 372 403 404
f 372 404 373
f 373 404 405
f 373 405 374
f 376 395 406
f 376 406 377
f 377 406 407
f 377 407 408
f 377 408 379
f 377 379 378
f 379 408 409
f 379 409 410
f 379 410 411
f 379 411 380
f 380 411 381
f 381 411 382
f 382 410 412
f 382 412 385
f 382 411 410
f 384 386 387
f 385 413 414
f 385 414 415
f 385 415 386
f 385 412 413
f 386 415 416
f 386 416 387
f 387 417 388
f 387 416 417
f 390 418 391
f 391 418 419
f 391 419 392
f 392 419 420
f 394 421 395
f 395 421 422
f 395 422 423
f 395 423 406
f 397 424 398
f 398 424 420
f 398 420 425
f 398 425 399
f 399 425 426
f 399 426 427
f 399 427 428
f 399 428 400
f 400 428 401
f 401 429 402
f 401 428 429
f 402 429 403
f 403 430 404
f 403 429 431
f 403 431 432
f 403 432 433
f 403 433 430
f 404 430 405
f 406 423 407
f 407 434 408
f 407 423 434
f 408 434 435
f 408 435 436
f 408 436 409
f 409 436 437
f 409 437 410
f 410 437 438
f 410 438 412
f 412 438 413
f 413 438 437
f 413 437 414
f 414 437 439
f 414 439 440
f 414 440 441
f 414 441 415
f 415 441 442
f 415 442 443
f 415 443 416
f 416 443 442
f 416 442 444
f 416 444 445
f 416 445 417
f 418 446 447
f 418 447 448
f 418 448 419
f 419 425 420
f 419 448 449
f 419 449 450
f 419 450 425
f 421 451 452
f 421 452 422
f 422 452 423
f 423 452 453
f 423 453 434
f 425 450 454
f 425 454 426
f 426 454 455
f 426 455 456
f 426 456 428
f 426 428 427
f 428 456 457
f 428 457 458
f 428 458 429
f 429 458 459
f 429 459 460
f 429 460 461
f 429 461 431
f 431 462 463
f 431 463 433
f 431 433 432
f 431 461 460
f 431 460 464
f 431 464 465
f 431 465 466
f 431 466 467
f 431 467 462
f 434 464 435
f 434 453 464
f 435 460 436
f 435 464 460
f 436 460 468
f 436 468 458
f 436 458 469
f 436 469 437
f 437 469 470
f 437 470 457
f 437 457 439
f 439 457 440
f 440 457 455
f 440 455 471
f 440 471 441
f 441 471 472
f 441 472 473
f 441 473 442
f 442 474 444
f 442 473 475
f 442 475 476
f 442 476 474
f 446 477 475
f 446 475 447
f 447 449 448
f 447 475 472
f 447 472 478
f 447 478 449
f 449 478 454
f 449 454 450
f 451 479 452
f 452 479 453
f 453 479 466
f 453 466 464
f 454 478 472
f 454 472 471
f 454 471 455
f 455 457 456
f 457 470 458
f 458 470 469
f 458 468 459
f 459 468 460
f 462 467 463
f 464 466 465
f 466 479 467
f 472 475 473
f 475 477 476

o geometry_3
v 0.00670376 0.00125554 0.01838037
v 0.00670376 0.00031711 0.01838037
v 0.00670376 0.00119847 0.01812853
v -0.00635439 0.00334948 0.02168004
v 0.00394412 0.00148196 0.02168004
v 0.00394412 0.00075217 0.02168004
v -0.00635439 0.00216029 0.02168004
v 0.00670376 -0.00250942 0.00877948
v 0.00551247 -0.00313630 0.00737292
v -0.00562453 -0.00332249 0.00701143
v -0.00635183 -0.00272836 0.00878804
v -0.00635183 -0.00314472 0.00830149
v 0.00670376 0.00005419 0.01813709
v 0.00394412 0.00030307 0.02114037
v 0.00617842 -0.00037198 0.01819620
v 0.00551247 -0.00468102 0.00417776
v -0.00562453 -0.00477926 0.00433538
v -0.00635311 -0.00270450 0.01203974
v 0.00220448 0.00001490 0.02125859
v -0.00560408 0.00151752 0.02168004
v -0.00635439 0.00117742 0.02038056
v 0.00670376 -0.00282473 0.00829978
v 0.00551247 -0.00515725 0.00417776
v 0.00319637 -0.00593242 0.00417776
v -0.00562453 -0.00525175 0.00433538
v -0.00635375 -0.00172397 0.01479717
v -0.00635183 -0.00377814 0.00830149
v 0.00587165 -0.00131393 0.01676480
v -0.00039795 0.00033863 0.02168004
v 0.00213194 -0.00082717 0.01999808
v 0.00394412 -0.00064191 0.01969784
v 0.00519835 -0.00091032 0.01837309
v 0.00513157 -0.00156912 0.01716056
v -0.00568844 0.00044388 0.02004220
v -0.00635439 0.00036950 0.01910849
v 0.00670376 -0.00357043 0.00829978
v 0.00592278 -0.00415707 0.00829978
v -0.00562453 -0.00473996 0.00688123
v 0.00670376 -0.00100681 0.01595188
v 0.00606865 -0.00170373 0.01557026
v 0.00107454 -0.00036122 0.02086797
v 0.00310561 -0.00150643 0.01856626
v 0.00423395 -0.00156374 0.01789382
v 0.00517279 -0.00249867 0.01499976
v -0.00485505 0.00039488 0.02069279
v 0.00502420 -0.00541081 0.00417776
v 0.00525172 -0.00460149 0.00793829
v 0.00627972 -0.00325068 0.01074454
v 0.00135000 -0.00613826 0.00441590
v -0.00021517 -0.00620843 0.00433538
v -0.00193691 -0.00613451 0.00433538
v -0.00373790 -0.00589078 0.00433538
v -0.00605273 -0.00313162 0.01147095
v -0.00514904 -0.00495141 0.00704056
v -0.00547338 -0.00365276 0.01095227
v 0.00602120 -0.00231201 0.01415214
v 0.00670376 -0.00226148 0.01275415
v 0.00044758 -0.00004370 0.02132347
v 0.00212395 -0.00158456 0.01870760
v 0.00211373 -0.00226897 0.01740726
v 0.00285189 -0.00254825 0.01657207
v 0.00437902 -0.00237072 0.01611250
v -0.00387658 0.00074983 0.02168004
v -0.00635439 -0.00058952 0.01734473
v -0.00555679 -0.00074764 0.01819534
v 0.00410645 -0.00574202 0.00417776
v 0.00559172 -0.00360879 0.01106749
v 0.00289279 -0.00585663 0.00514059
v 0.00175838 -0.00572424 0.00668078
v -0.00323940 -0.00553197 0.00686581
v -0.00400504 -0.00533783 0.00705598
v -0.00592874 -0.00265632 0.01319788
v -0.00397676 -0.00422279 0.01121418
v -0.00478795 -0.00361721 0.01225475
v -0.00561942 -0.00193869 0.01561181
v 0.00023412 -0.00103698 0.01986124
v 0.00368528 -0.00290847 0.01532356
v 0.00428699 -0.00327570 0.01391015
v 0.00487944 -0.00359967 0.01231685
v 0.00549266 -0.00308530 0.01291177
v -0.00460069 -0.00036169 0.01972097
v -0.00519889 -0.00152608 0.01707661
v 0.00463243 -0.00476850 0.00842313
v 0.00080484 -0.00572331 0.00705598
v 0.00270042 -0.00556893 0.00686581
v -0.00176563 -0.00569804 0.00693776
v -0.00519378 -0.00267690 0.01440056
v -0.00287767 -0.00457529 0.01090559
v -0.00113292 -0.00003188 0.02131169
v 0.00078311 -0.00166923 0.01875043
v 0.00137364 -0.00303712 0.01587907
v 0.00217124 -0.00342728 0.01474320
v -0.00239195 0.00004297 0.02122946
v -0.00369891 -0.00071162 0.01966101
v -0.00460708 -0.00113218 0.01838894
v -0.00465725 -0.00225938 0.01602298
v 0.00385208 -0.00509644 0.00801538
v 0.00484333 -0.00420198 0.01037106
v 0.00205301 -0.00520497 0.00889084
v -0.00022220 -0.00574904 0.00703627
v -0.00381587 -0.00358540 0.01338462
v -0.00440257 -0.00304180 0.01435259
v 0.00106879 -0.00400152 0.01338462
v 0.00290685 -0.00380574 0.01339318
v -0.00396222 -0.00194501 0.01725179
v 0.00366083 -0.00435062 0.01116557
v 0.00336892 -0.00497387 0.00906045
v 0.00116530 -0.00512450 0.00955385
v -0.00017171 -0.00515865 0.00955385
v -0.00189728 -0.00490697 0.01012864
v -0.00247887 -0.00418794 0.01243035
v -0.00239962 -0.00072986 0.02007989
v -0.00055772 -0.00166642 0.01875043
v -0.00007904 -0.00232440 0.01752333
v 0.00001747 -0.00298098 0.01613262
v 0.00106847 -0.00347312 0.01485713
v 0.00116530 -0.00438536 0.01223676
v 0.00253505 -0.00446278 0.01149643
v -0.00324675 -0.00150386 0.01846689
v -0.00147947 -0.00416291 0.01281069
v -0.00222962 -0.00341511 0.01470637
v -0.00365609 -0.00266193 0.01589791
v -0.00209029 -0.00158035 0.01870074
v -0.00294925 -0.00228955 0.01706976
v 0.00001875 -0.00442091 0.01223676
v -0.00155472 -0.00228979 0.01745095
v 0.00001875 -0.00348996 0.01490424
v -0.00247375 -0.00281912 0.01606752
v -0.00111502 -0.00300952 0.01597073
f 480 481 492
f 480 492 518
f 480 518 536
f 480 536 515
f 480 515 501
f 480 501 487
f 480 487 482
f 480 482 483
f 480 483 484
f 480 484 485
f 480 485 481
f 483 486 499
f 483 499 542
f 483 542 508
f 483 508 485
f 483 485 484
f 483 482 487
f 483 487 488
f 483 488 489
f 483 489 490
f 483 490 491
f 483 491 505
f 483 505 543
f 483 543 514
f 483 514 500
f 483 500 486
f 481 485 492
f 485 493 494
f 485 494 492
f 487 495 488
f 488 495 489
f 489 495 496
f 489 496 490
f 491 506 497
f 491 497 505
f 485 498 493
f 486 500 499
f 487 501 495
f 495 502 525
f 495 525 545
f 495 545 503
f 495 503 496
f 495 501 515
f 495 515 502
f 496 503 504
f 496 504 506
f 496 506 491
f 496 491 490
f 485 508 498
f 493 509 510
f 493 511 494
f 494 511 512
f 494 512 507
f 499 500 513
f 502 515 516
f 504 517 506
f 507 518 494
f 507 519 518
f 494 518 492
f 493 498 509
f 509 521 510
f 510 521 522
f 510 522 511
f 510 511 493
f 512 523 507
f 507 523 519
f 499 513 524
f 514 513 500
f 502 526 525
f 515 527 516
f 502 516 526
f 503 528 529
f 503 529 530
f 503 530 531
f 503 531 504
f 506 532 497
f 506 517 532
f 517 504 533
f 517 533 534
f 517 534 532
f 519 535 536
f 508 537 498
f 498 537 520
f 520 509 498
f 509 538 521
f 521 539 540
f 512 511 522
f 512 522 541
f 512 541 523
f 519 523 535
f 499 524 542
f 516 527 546
f 516 546 526
f 528 503 547
f 528 547 548
f 530 549 531
f 531 533 504
f 532 534 551
f 532 551 497
f 533 550 552
f 533 552 553
f 533 553 534
f 497 551 505
f 505 554 543
f 505 551 554
f 519 536 518
f 520 555 509
f 538 539 521
f 521 540 522
f 540 556 522
f 522 556 541
f 541 557 523
f 523 557 558
f 523 558 559
f 523 559 535
f 524 513 560
f 514 543 544
f 514 544 513
f 544 543 561
f 513 544 560
f 525 526 562
f 515 536 527
f 528 548 563
f 549 530 565
f 531 550 533
f 550 549 567
f 550 567 552
f 534 553 566
f 534 566 551
f 543 554 561
f 535 559 546
f 535 546 527
f 535 527 536
f 508 568 537
f 509 555 569
f 509 569 538
f 538 569 539
f 539 570 540
f 541 556 557
f 559 558 546
f 542 524 573
f 560 574 573
f 560 573 524
f 544 561 574
f 561 554 575
f 544 574 560
f 525 562 545
f 526 546 577
f 526 577 562
f 503 545 547
f 547 564 548
f 548 564 578
f 528 563 529
f 529 579 565
f 529 565 530
f 531 549 550
f 566 554 551
f 552 580 553
f 553 581 566
f 508 542 568
f 568 520 537
f 540 570 571
f 540 571 556
f 571 582 583
f 571 583 556
f 558 577 546
f 542 572 568
f 542 573 572
f 554 566 575
f 561 575 574
f 575 566 581
f 576 545 562
f 545 564 547
f 545 576 564
f 576 562 577
f 576 577 585
f 576 585 586
f 563 578 587
f 564 576 586
f 578 564 586
f 578 563 548
f 529 563 579
f 565 588 589
f 565 589 549
f 549 589 567
f 567 590 552
f 553 580 581
f 520 568 555
f 555 592 569
f 569 592 593
f 569 593 539
f 539 593 594
f 539 594 570
f 570 595 571
f 571 595 582
f 582 596 597
f 582 597 583
f 583 597 585
f 583 585 557
f 556 583 557
f 572 573 591
f 572 591 568
f 573 574 598
f 574 575 584
f 574 584 598
f 577 558 585
f 578 597 587
f 563 587 579
f 579 587 588
f 579 588 565
f 590 580 552
f 567 589 590
f 590 599 600
f 590 600 580
f 575 601 584
f 575 581 601
f 591 555 568
f 591 602 592
f 591 592 555
f 596 587 597
f 557 585 558
f 573 598 591
f 591 598 602
f 585 597 586
f 578 586 597
f 587 604 588
f 588 604 599
f 588 599 589
f 589 599 590
f 580 600 601
f 580 601 581
f 601 603 584
f 593 592 605
f 594 606 595
f 594 595 570
f 598 603 602
f 602 603 605
f 598 584 603
f 603 601 607
f 587 596 604
f 600 607 601
f 600 608 607
f 602 605 592
f 605 608 593
f 593 608 594
f 606 604 582
f 606 582 595
f 582 604 596
f 605 603 607
f 605 607 608
f 604 606 600
f 604 600 599
f 600 606 608
f 608 606 594

o geometry_4
v -0.00562463 -0.00559833 0.00188004
v -0.00562463 -0.00558110 0.00227461
v -0.00603916 -0.00538419 0.00161288
v -0.00604029 -0.00539896 0.00226434
v -0.00617721 -0.00535875 0.00188004
v -0.00573522 -0.00549249 0.00264658
v -0.00676289 -0.00500349 0.00159438
v -0.00652741 -0.00507733 0.00148135
v -0.00562463 -0.00545393 0.00148135
v -0.00677267 -0.00501169 0.00188004
v -0.00696414 -0.00486565 0.00188004
v -0.00733531 -0.00453417 0.00148957
v -0.00562463 -0.00493128 0.00148135
v -0.00562463 -0.00533455 0.00395156
v -0.00596656 -0.00498133 0.00488046
v -0.00670120 -0.00457848 0.00440368
v -0.00718795 -0.00467366 0.00188004
v -0.00562463 -0.00327556 0.00714721
v -0.00872006 -0.00138601 0.00148135
v -0.00910412 0.00278365 0.00830011
v -0.00817011 0.00278365 0.01261783
v -0.00635476 0.00278365 0.02117108
v -0.00562463 -0.00499323 0.00571379
v -0.00590825 -0.00456043 0.00700952
v -0.00643225 -0.00465642 0.00494827
v -0.00669763 -0.00419039 0.00611864
v -0.00710144 -0.00420927 0.00445916
v -0.00779320 -0.00412147 0.00148135
v -0.00872006 -0.00258390 0.00148135
v -0.00946711 0.00278365 0.00830011
v -0.00635476 0.00278365 0.02247606
v -0.00650287 -0.00418650 0.00676959
v -0.00675574 -0.00386138 0.00724996
v -0.00732600 -0.00404845 0.00418173
v -0.00714093 -0.00348725 0.00724996
v -0.00775295 -0.00408866 0.00188004
v -0.00792401 -0.00390630 0.00178499
v -0.00562463 -0.00333464 0.00747808
v -0.00865272 -0.00275210 0.00148135
v -0.00900406 0.00038622 0.00830011
v -0.00913684 0.00093717 0.00830011
v -0.00939527 0.00223886 0.00830011
v -0.00562463 -0.00427572 0.00830011
v -0.00562463 -0.00376375 0.00830011
v -0.00562463 -0.00463181 0.00724996
v -0.00629194 -0.00417727 0.00739998
v -0.00635476 -0.00288994 0.01146904
v -0.00670120 -0.00227786 0.01244726
v -0.00749039 -0.00384046 0.00431428
v -0.00742230 -0.00337894 0.00648136
v -0.00820453 -0.00357135 0.00148135
v -0.00786241 -0.00344458 0.00407897
v -0.00853687 -0.00288666 0.00188004
v -0.00861248 -0.00227458 0.00361864
v -0.00872006 -0.00207931 0.00332681
v -0.00900594 0.00152504 0.01133958
v -0.00910224 0.00213794 0.01185334
v -0.00938699 0.00278365 0.00982498
v -0.00728237 0.00278365 0.02106011
v -0.00710144 0.00267945 0.02128822
v -0.00674634 0.00226593 0.02132521
v -0.00635476 0.00202717 0.02154305
v -0.00635476 0.00117880 0.02038193
v -0.00635476 0.00041207 0.01917611
v -0.00635476 -0.00033908 0.01784802
v -0.00635476 -0.00083957 0.01683897
v -0.00635476 -0.00146805 0.01544152
v -0.00635476 -0.00198085 0.01415504
v -0.00635476 -0.00252073 0.01260756
v -0.00703185 -0.00145329 0.01376868
v -0.00707548 -0.00188486 0.01241849
v -0.00707435 -0.00226638 0.01126559
v -0.00747233 -0.00305239 0.00746164
v -0.00814077 -0.00288830 0.00456603
v -0.00826227 -0.00347822 0.00149779
v -0.00781878 -0.00262082 0.00731778
v -0.00831305 -0.00280133 0.00379743
v -0.00830214 -0.00171748 0.00761371
v -0.00848420 -0.00131380 0.00763221
v -0.00862301 -0.00115135 0.00715749
v -0.00872006 -0.00143216 0.00543738
v -0.00886187 0.00022049 0.00916941
v -0.00873059 0.00098763 0.01223353
v -0.00914738 0.00278365 0.01287883
v -0.00746255 0.00232747 0.02009628
v -0.00712137 0.00188933 0.02017231
v -0.00668916 0.00156853 0.02047236
v -0.00668503 0.00080631 0.01931534
v -0.00671775 0.00000388 0.01783980
v -0.00673769 -0.00116694 0.01530177
v -0.00671437 -0.00075670 0.01630465
v -0.00711460 -0.00078049 0.01521340
v -0.00743020 -0.00107997 0.01345425
v -0.00820998 -0.00185942 0.00772880
v -0.00823368 0.00001619 0.01284184
v -0.00865197 -0.00067178 0.00835662
v -0.00862188 0.00076938 0.01249659
v -0.00866627 0.00141100 0.01376868
v -0.00876332 0.00156320 0.01338438
v -0.00900669 0.00278365 0.01426601
v -0.00791677 0.00278365 0.01958250
v -0.00784398 0.00271391 0.01970992
v -0.00714545 0.00109019 0.01888275
v -0.00710990 0.00037309 0.01770827
v -0.00703185 -0.00030216 0.01651632
v -0.00748663 -0.00039118 0.01502434
v -0.00746819 -0.00151318 0.01206913
v -0.00788460 -0.00042195 0.01338438
v -0.00803714 -0.00230125 0.00723147
v -0.00781464 -0.00107833 0.01185334
v -0.00784360 0.00003014 0.01472635
v -0.00829199 0.00066190 0.01415093
v -0.00862414 0.00191231 0.01518463
v -0.00873887 0.00213794 0.01491953
v -0.00869974 0.00278365 0.01645056
v -0.00788272 0.00187293 0.01828986
v -0.00746105 0.00156279 0.01894543
v -0.00748249 0.00076200 0.01747810
v -0.00743660 0.00005967 0.01618957
v -0.00777552 0.00052652 0.01606832
v -0.00788874 0.00071769 0.01606832
v -0.00813851 0.00101143 0.01567580
v -0.00826810 0.00125593 0.01560901
v -0.00822240 0.00175765 0.01683486
v -0.00864633 0.00261135 0.01645056
v -0.00837098 0.00278365 0.01797749
v -0.00823368 0.00231926 0.01781719
v -0.00777251 0.00111850 0.01726335
v -0.00792749 0.00135931 0.01720478
f 609 617 621
f 609 621 626
f 609 626 646
f 609 646 652
f 609 652 651
f 609 651 653
f 609 653 631
f 609 631 622
f 609 622 610
f 610 612 613
f 610 613 609
f 610 614 612
f 609 613 611
f 611 613 615
f 611 615 616
f 611 616 617
f 611 617 609
f 612 618 613
f 615 613 618
f 615 618 619
f 615 619 620
f 615 620 616
f 616 620 636
f 616 636 659
f 616 659 647
f 616 647 637
f 616 637 627
f 616 627 621
f 616 621 617
f 610 622 614
f 612 614 622
f 612 622 623
f 612 623 618
f 618 624 619
f 619 625 620
f 619 624 625
f 621 627 628
f 621 628 629
f 621 629 630
f 621 630 626
f 623 622 631
f 623 632 633
f 623 633 618
f 618 633 624
f 624 634 635
f 624 635 625
f 625 636 620
f 627 637 638
f 627 638 628
f 628 638 666
f 628 666 692
f 628 692 708
f 628 708 723
f 628 723 734
f 628 734 709
f 628 709 667
f 628 667 639
f 628 639 630
f 628 630 629
f 630 639 626
f 623 631 632
f 633 632 640
f 633 640 624
f 634 624 640
f 634 640 641
f 634 641 635
f 635 641 643
f 635 643 642
f 635 642 625
f 625 644 636
f 625 642 644
f 636 644 645
f 626 639 646
f 637 648 649
f 637 649 650
f 637 650 638
f 639 651 652
f 639 652 646
f 631 653 632
f 632 653 655
f 632 655 654
f 632 654 640
f 640 654 641
f 641 656 643
f 642 643 657
f 643 658 657
f 642 657 644
f 644 657 645
f 645 660 659
f 645 659 636
f 647 661 662
f 647 662 637
f 637 662 663
f 637 663 648
f 648 664 649
f 649 664 665
f 649 665 666
f 649 666 650
f 650 666 638
f 639 667 668
f 639 668 669
f 639 669 670
f 639 670 651
f 651 670 671
f 651 671 672
f 651 672 673
f 651 673 674
f 651 674 675
f 651 675 676
f 651 676 677
f 651 677 653
f 653 677 655
f 655 677 656
f 655 641 654
f 641 655 656
f 656 679 680
f 656 680 643
f 657 658 660
f 657 660 645
f 643 681 658
f 643 680 681
f 658 681 660
f 659 660 682
f 659 682 683
f 660 681 684
f 647 659 683
f 661 647 683
f 661 683 685
f 661 685 662
f 662 685 686
f 662 686 687
f 662 687 688
f 663 662 689
f 663 689 648
f 648 689 690
f 664 648 690
f 664 690 691
f 665 692 666
f 668 667 693
f 668 693 694
f 668 694 695
f 668 695 669
f 670 669 695
f 671 670 695
f 672 671 696
f 673 672 697
f 673 697 674
f 675 674 699
f 675 699 698
f 677 676 656
f 656 676 678
f 678 676 698
f 678 679 656
f 678 698 700
f 679 681 680
f 679 678 701
f 660 684 682
f 683 682 685
f 662 688 689
f 686 702 703
f 686 703 687
f 688 687 704
f 690 705 691
f 691 705 706
f 691 706 707
f 691 707 664
f 664 707 708
f 664 708 665
f 665 708 692
f 667 709 710
f 667 710 693
f 695 696 671
f 696 695 694
f 696 694 711
f 672 696 697
f 697 696 712
f 697 699 674
f 675 698 676
f 699 697 713
f 699 713 700
f 699 700 698
f 678 700 714
f 678 714 701
f 700 713 714
f 679 701 715
f 679 715 681
f 681 715 684
f 701 714 716
f 684 715 718
f 684 718 717
f 682 684 717
f 682 717 685
f 685 717 702
f 685 702 686
f 687 703 704
f 702 717 718
f 702 718 716
f 702 716 703
f 703 716 719
f 704 703 705
f 688 704 689
f 690 689 704
f 690 704 705
f 705 703 720
f 705 720 706
f 706 721 722
f 707 706 722
f 707 722 708
f 708 722 723
f 693 710 725
f 693 725 694
f 694 725 711
f 696 711 712
f 712 711 726
f 697 712 713
f 714 713 727
f 714 727 728
f 714 728 719
f 713 712 727
f 714 719 716
f 716 718 701
f 701 718 715
f 719 728 729
f 719 729 730
f 719 730 720
f 703 719 720
f 720 731 721
f 706 720 721
f 721 731 732
f 721 732 733
f 721 733 722
f 722 733 723
f 723 733 734
f 709 734 735
f 709 735 710
f 710 735 724
f 724 725 710
f 725 724 726
f 711 725 726
f 726 727 712
f 727 726 728
f 728 726 736
f 728 736 729
f 729 736 737
f 729 737 732
f 729 732 730
f 730 732 731
f 730 731 720
f 733 732 735
f 733 735 734
f 735 732 724
f 724 732 737
f 724 737 736
f 724 736 726

o geometry_5
v 0.00832024 0.00718821 0.01917347
v 0.00872076 0.00718821 0.01917347
v 0.00745285 0.00718821 0.02030339
v 0.00808971 0.01168790 0.01917347
v 0.00874754 0.00747976 0.01917347
v 0.00881856 0.00718821 0.02067757
v 0.00502764 0.00718821 0.02612002
v 0.00287196 0.01326754 0.02678814
v 0.00849430 0.01168790 0.01917347
v 0.00586127 0.01370520 0.02354577
v 0.00876791 0.00789254 0.01917347
v 0.00881041 0.00718821 0.02105667
v 0.00877373 0.00827597 0.01917347
v 0.00877606 0.00862494 0.01917347
v 0.00877839 0.00904346 0.01917347
v 0.00877839 0.00942689 0.01917347
v 0.00530590 0.00718821 0.02612084
v 0.00502764 0.00718884 0.02612084
v 0.00343082 0.01326754 0.02753815
v 0.00416956 0.01370520 0.02612084
v 0.00652608 0.01370520 0.02354577
v 0.00656101 0.01367266 0.02354577
v 0.00665357 0.01357952 0.02354577
v 0.00674904 0.01347552 0.02354577
v 0.00691378 0.01326116 0.02354577
v 0.00845938 0.01168790 0.01956076
v 0.00863460 0.01114051 0.01917347
v 0.00875627 0.00750911 0.02143986
v 0.00874288 0.00718821 0.02143986
v 0.00876558 0.00980968 0.01917347
v 0.00874346 0.01019438 0.01917347
v 0.00614128 0.00718821 0.02612084
v 0.00438845 0.01138167 0.02753815
v 0.00445947 0.01326754 0.02753815
v 0.00500901 0.01370520 0.02612084
v 0.00645738 0.01370520 0.02377666
v 0.00633688 0.01370520 0.02412383
v 0.00674263 0.01346787 0.02358507
v 0.00708610 0.01302192 0.02354577
v 0.00842270 0.01168790 0.01994476
v 0.00669665 0.01341109 0.02384053
v 0.00867360 0.01094401 0.01917347
v 0.00837962 0.01168790 0.02028947
v 0.00868234 0.00753654 0.02183042
v 0.00871319 0.01057526 0.01917347
v 0.00865090 0.00809861 0.02203430
v 0.00865206 0.00789254 0.02203593
v 0.00864974 0.00768200 0.02202365
v 0.00867186 0.00718821 0.02172398
v 0.00651443 0.00780513 0.02612084
v 0.00533501 0.01138167 0.02753815
v 0.00682646 0.00718821 0.02555096
v 0.00448043 0.01324776 0.02753815
v 0.00483612 0.01309337 0.02740141
v 0.00457299 0.01326754 0.02745627
v 0.00507130 0.01370520 0.02605861
v 0.00621696 0.01370520 0.02438584
v 0.00639451 0.01350934 0.02442514
v 0.00645331 0.01357633 0.02412383
v 0.00664542 0.01333389 0.02412383
v 0.00677931 0.01314250 0.02412383
v 0.00673623 0.01308061 0.02433262
v 0.00716411 0.01278523 0.02367268
v 0.00718390 0.01283308 0.02354577
v 0.00829696 0.01168790 0.02081185
v 0.00831966 0.01168790 0.02068003
v 0.00844249 0.01134275 0.02028947
v 0.00838661 0.01134275 0.02067266
v 0.00826843 0.00925974 0.02356296
v 0.00843260 0.00866003 0.02297262
v 0.00841397 0.00827597 0.02297262
v 0.00837205 0.00789254 0.02297262
v 0.00827251 0.00764373 0.02318796
v 0.00831791 0.00751358 0.02299227
v 0.00825039 0.00738853 0.02313310
v 0.00832432 0.00718821 0.02276137
v 0.00671295 0.00827597 0.02612084
v 0.00685790 0.00718821 0.02552394
v 0.00554749 0.01172681 0.02735720
v 0.00531056 0.01165408 0.02753815
v 0.00679677 0.00863005 0.02612084
v 0.00681482 0.00871745 0.02612084
v 0.00684626 0.00895095 0.02612084
v 0.00598818 0.01138167 0.02701904
v 0.00454097 0.01318141 0.02753815
v 0.00471561 0.01298236 0.02753815
v 0.00478431 0.01288156 0.02753815
v 0.00490947 0.01287710 0.02745217
v 0.00517434 0.01264487 0.02736375
v 0.00558184 0.01268889 0.02700266
v 0.00521160 0.01308061 0.02701576
v 0.00481167 0.01326754 0.02717952
v 0.00537402 0.01370520 0.02572864
v 0.00615001 0.01370520 0.02452667
v 0.00633513 0.01344171 0.02468060
v 0.00653772 0.01326116 0.02450620
v 0.00634678 0.01230355 0.02623383
v 0.00673972 0.01193097 0.02587356
v 0.00751514 0.01081833 0.02512602
v 0.00731954 0.01250324 0.02354577
v 0.00717400 0.01127576 0.02557962
v 0.00796630 0.01168790 0.02223735
v 0.00805362 0.01168790 0.02186153
v 0.00828415 0.01162729 0.02095432
v 0.00791041 0.01009804 0.02439239
v 0.00792962 0.00980968 0.02443005
v 0.00826843 0.00911619 0.02356296
v 0.00833887 0.00865939 0.02328785
v 0.00832490 0.00865939 0.02333288
v 0.00830802 0.00827597 0.02328785
v 0.00828764 0.00789254 0.02323054
v 0.00789120 0.00838889 0.02433917
v 0.00788655 0.00728837 0.02394042
v 0.00797096 0.00718821 0.02370052
v 0.00812231 0.00718821 0.02330423
v 0.00701799 0.00718821 0.02534054
v 0.00706572 0.00750975 0.02540768
v 0.00683287 0.00827597 0.02597837
v 0.00579432 0.01171214 0.02713858
v 0.00570642 0.01211024 0.02711648
v 0.00548579 0.01211024 0.02730807
v 0.00529368 0.01211024 0.02745463
v 0.00535539 0.01172681 0.02749639
v 0.00530940 0.01166110 0.02753815
v 0.00597304 0.01157434 0.02701003
v 0.00684975 0.00867471 0.02606598
v 0.00705233 0.00898030 0.02587029
v 0.00711171 0.00924442 0.02584654
v 0.00684800 0.00898030 0.02612084
v 0.00712336 0.00949898 0.02586210
v 0.00617912 0.01138167 0.02684710
v 0.00499679 0.01250643 0.02753815
v 0.00537460 0.01250834 0.02725649
v 0.00523896 0.01238968 0.02741533
v 0.00563191 0.01249367 0.02704688
v 0.00602019 0.01238394 0.02668088
v 0.00599866 0.01349020 0.02513666
v 0.00566625 0.01370520 0.02531925
v 0.00545202 0.01370520 0.02562793
v 0.00540662 0.01370520 0.02568770
v 0.00611974 0.01370520 0.02458235
v 0.00593578 0.01370520 0.02489103
v 0.00607724 0.01356612 0.02489103
v 0.00640965 0.01211024 0.02631816
v 0.00679910 0.01172681 0.02596281
v 0.00753726 0.01057526 0.02516368
v 0.00720369 0.01094975 0.02568770
v 0.00678571 0.01168854 0.02601685
v 0.00675893 0.01161262 0.02612084
v 0.00672866 0.01153414 0.02623219
v 0.00709891 0.01107161 0.02583508
v 0.00755414 0.01019310 0.02518661
v 0.00755996 0.00980968 0.02519479
v 0.00793021 0.00942689 0.02442432
v 0.00803616 0.00904346 0.02412301
v 0.00826494 0.00897966 0.02355395
v 0.00826086 0.00885972 0.02354741
v 0.00801229 0.00865939 0.02412301
v 0.00790517 0.00865939 0.02437110
v 0.00780796 0.00865939 0.02456269
v 0.00780097 0.00826703 0.02448245
v 0.00755996 0.00789254 0.02481079
v 0.00751805 0.00750975 0.02473791
v 0.00749651 0.00731772 0.02469861
v 0.00787257 0.00718821 0.02391749
v 0.00792671 0.00718821 0.02380368
v 0.00704186 0.00718821 0.02530861
v 0.00721068 0.00750975 0.02521608
v 0.00744586 0.00789254 0.02500320
v 0.00723047 0.00904346 0.02563776
v 0.00709425 0.00904346 0.02582935
v 0.00633048 0.01186398 0.02660146
v 0.00589736 0.01211024 0.02693307
v 0.00517143 0.01211917 0.02753815
v 0.00521800 0.01197435 0.02753815
v 0.00529659 0.01172681 0.02753815
v 0.00620881 0.01138167 0.02682007
v 0.00638229 0.01138167 0.02665632
v 0.00636191 0.01160815 0.02663258
v 0.00722698 0.00939371 0.02569425
v 0.00685150 0.00904346 0.02612084
v 0.00744354 0.00980968 0.02538557
v 0.00726889 0.00980968 0.02565659
v 0.00713034 0.00980968 0.02586783
v 0.00692659 0.01057526 0.02612084
v 0.00500727 0.01248474 0.02753815
v 0.00511496 0.01226144 0.02753815
v 0.00609005 0.01211024 0.02674147
v 0.00628216 0.01211024 0.02650976
v 0.00669665 0.01172681 0.02615522
v 0.00743422 0.01057526 0.02535609
v 0.00711695 0.01081578 0.02585473
v 0.00673041 0.01168790 0.02612084
v 0.00660816 0.01138167 0.02639677
v 0.00689108 0.01095358 0.02612084
v 0.00725434 0.01057526 0.02565659
v 0.00743888 0.01019310 0.02537820
v 0.00754425 0.00942689 0.02516859
v 0.00782135 0.00904346 0.02459545
v 0.00792031 0.00904346 0.02440385
v 0.00743888 0.00942689 0.02536019
v 0.00803266 0.00898030 0.02412301
v 0.00759489 0.00827597 0.02485746
v 0.00740220 0.00750975 0.02492869
v 0.00719147 0.00718821 0.02510145
v 0.00716061 0.00718821 0.02514812
v 0.00726482 0.01019310 0.02565659
v 0.00713092 0.01019310 0.02587029
v 0.00697724 0.01057526 0.02605779
v 0.00712452 0.01057526 0.02586620
f 738 739 743
f 738 743 749
f 738 749 766
f 738 766 786
f 738 786 813
f 738 813 852
f 738 852 851
f 738 851 903
f 738 903 902
f 738 902 942
f 738 942 943
f 738 943 904
f 738 904 853
f 738 853 815
f 738 815 789
f 738 789 769
f 738 769 754
f 738 754 744
f 738 744 740
f 738 740 741
f 738 741 746
f 738 746 764
f 738 764 779
f 738 779 782
f 738 782 768
f 738 768 767
f 738 767 753
f 738 753 752
f 738 752 751
f 738 751 750
f 738 750 748
f 738 748 742
f 738 742 739
f 739 742 743
f 740 744 745
f 740 745 741
f 741 745 747
f 741 747 758
f 741 758 746
f 742 748 743
f 743 748 750
f 743 750 751
f 743 751 752
f 743 752 753
f 743 753 749
f 744 754 755
f 744 755 745
f 745 755 756
f 745 756 757
f 745 757 747
f 746 758 759
f 746 759 760
f 746 760 761
f 746 761 762
f 746 762 763
f 746 763 764
f 747 757 772
f 747 772 793
f 747 793 830
f 747 830 877
f 747 877 876
f 747 876 875
f 747 875 879
f 747 879 878
f 747 878 831
f 747 831 794
f 747 794 774
f 747 774 773
f 747 773 758
f 749 765 766
f 749 753 767
f 749 767 768
f 749 768 765
f 754 769 788
f 754 788 770
f 754 770 755
f 755 770 756
f 756 770 788
f 756 788 817
f 756 817 861
f 756 861 913
f 756 913 912
f 756 912 911
f 756 911 924
f 756 924 923
f 756 923 869
f 756 869 824
f 756 824 823
f 756 823 822
f 756 822 790
f 756 790 771
f 756 771 772
f 756 772 757
f 758 773 759
f 759 773 760
f 760 773 774
f 760 774 775
f 760 775 761
f 761 775 762
f 762 776 777
f 762 777 763
f 762 775 778
f 762 778 776
f 763 777 764
f 764 777 780
f 764 780 779
f 765 781 766
f 765 768 782
f 765 782 783
f 765 783 784
f 765 784 785
f 765 785 781
f 766 781 785
f 766 785 786
f 769 787 788
f 769 789 787
f 771 790 791
f 771 791 792
f 771 792 772
f 772 792 793
f 774 794 795
f 774 795 796
f 774 796 775
f 775 796 778
f 776 778 797
f 776 797 798
f 776 798 799
f 776 799 800
f 776 800 801
f 776 801 802
f 776 802 803
f 776 803 780
f 776 780 777
f 778 796 795
f 778 795 797
f 779 783 782
f 779 780 804
f 779 804 805
f 779 805 806
f 779 806 783
f 780 805 804
f 780 803 805
f 783 807 784
f 783 806 807
f 784 807 785
f 785 807 808
f 785 808 809
f 785 809 810
f 785 810 811
f 785 811 786
f 786 811 812
f 786 812 813
f 787 814 788
f 787 789 815
f 787 815 814
f 788 816 817
f 788 814 818
f 788 818 819
f 788 819 820
f 788 820 821
f 788 821 816
f 790 822 791
f 791 822 823
f 791 823 824
f 791 824 825
f 791 825 826
f 791 826 827
f 791 827 828
f 791 828 792
f 792 828 829
f 792 829 830
f 792 830 793
f 794 831 795
f 795 831 832
f 795 832 833
f 795 833 797
f 797 799 798
f 797 833 799
f 799 833 834
f 799 834 835
f 799 835 800
f 800 836 837
f 800 837 801
f 800 835 838
f 800 838 836
f 801 837 839
f 801 839 840
f 801 840 802
f 802 841 803
f 802 840 841
f 803 841 805
f 805 841 806
f 806 842 843
f 806 843 844
f 806 844 807
f 806 841 842
f 807 845 808
f 807 844 845
f 808 845 846
f 808 846 847
f 808 847 848
f 808 848 809
f 809 848 810
f 810 812 811
f 810 848 849
f 810 849 850
f 810 850 812
f 812 850 851
f 812 851 852
f 812 852 813
f 814 815 853
f 814 853 854
f 814 854 855
f 814 855 818
f 816 856 857
f 816 857 858
f 816 858 859
f 816 859 860
f 816 860 861
f 816 861 817
f 816 821 862
f 816 862 856
f 818 855 863
f 818 863 819
f 819 863 864
f 819 864 865
f 819 865 820
f 820 866 821
f 820 865 867
f 820 867 866
f 821 868 862
f 821 866 868
f 824 869 826
f 824 826 825
f 826 870 827
f 826 869 871
f 826 871 870
f 827 870 872
f 827 872 873
f 827 873 832
f 827 832 828
f 828 832 874
f 828 874 875
f 828 875 876
f 828 876 877
f 828 877 830
f 828 830 829
f 831 878 832
f 832 878 879
f 832 879 880
f 832 880 874
f 832 873 834
f 832 834 833
f 834 873 881
f 834 881 835
f 835 881 882
f 835 882 838
f 836 883 842
f 836 842 839
f 836 839 837
f 836 838 884
f 836 884 883
f 838 882 885
f 838 885 886
f 838 886 887
f 838 887 888
f 838 888 884
f 839 841 840
f 839 842 841
f 842 883 843
f 843 883 889
f 843 889 890
f 843 890 891
f 843 891 844
f 844 892 893
f 844 893 846
f 844 846 845
f 844 891 892
f 846 893 894
f 846 894 847
f 847 894 895
f 847 895 848
f 848 895 849
f 849 895 896
f 849 896 897
f 849 897 898
f 849 898 850
f 850 898 899
f 850 899 900
f 850 900 901
f 850 901 902
f 850 902 903
f 850 903 851
f 853 904 905
f 853 905 854
f 854 905 855
f 855 864 863
f 855 905 906
f 855 906 907
f 855 907 908
f 855 908 864
f 856 862 857
f 857 862 909
f 857 909 910
f 857 910 872
f 857 872 858
f 858 871 859
f 858 872 871
f 859 871 911
f 859 911 912
f 859 912 913
f 859 913 860
f 860 913 861
f 862 868 914
f 862 914 915
f 862 915 916
f 862 916 909
f 864 908 865
f 865 908 907
f 865 907 917
f 865 917 867
f 866 918 868
f 866 867 918
f 867 917 919
f 867 919 920
f 867 920 921
f 867 921 922
f 867 922 918
f 868 918 914
f 869 923 871
f 870 871 872
f 871 923 924
f 871 924 911
f 872 910 909
f 872 909 925
f 872 925 873
f 873 925 909
f 873 909 926
f 873 926 881
f 874 880 875
f 875 880 879
f 881 926 927
f 881 927 882
f 882 927 885
f 883 884 928
f 883 928 889
f 884 888 929
f 884 929 928
f 885 927 930
f 885 930 886
f 886 930 887
f 887 930 927
f 887 927 909
f 887 909 916
f 887 916 915
f 887 915 931
f 887 931 932
f 887 932 929
f 887 929 888
f 889 928 933
f 889 933 934
f 889 934 890
f 890 935 936
f 890 936 937
f 890 937 891
f 890 934 919
f 890 919 938
f 890 938 935
f 891 937 892
f 892 937 939
f 892 939 893
f 893 939 894
f 894 939 895
f 895 939 937
f 895 937 896
f 896 937 897
f 897 936 935
f 897 935 938
f 897 938 940
f 897 940 898
f 897 937 936
f 898 940 899
f 899 940 906
f 899 906 900
f 900 906 941
f 900 941 901
f 901 941 942
f 901 942 902
f 904 943 905
f 905 943 941
f 905 941 906
f 906 940 907
f 907 938 917
f 907 940 938
f 909 927 926
f 914 918 922
f 914 922 915
f 915 922 932
f 915 932 931
f 917 938 919
f 919 934 944
f 919 944 945
f 919 945 920
f 920 945 921
f 921 945 922
f 922 945 946
f 922 946 932
f 928 929 933
f 929 947 933
f 929 932 946
f 929 946 947
f 933 947 934
f 934 947 944
f 941 943 942
f 944 947 945
f 945 947 946

o geometry_6
v 0.00551369 -0.00550002 0.00187975
v 0.00551369 -0.00541088 0.00154341
v 0.00569752 -0.00538768 0.00161282
v 0.00574092 -0.00541149 0.00187975
v 0.00551369 -0.00547743 0.00226279
v 0.00551369 -0.00537058 0.00148135
v 0.00558833 -0.00534311 0.00148135
v 0.00641625 -0.00500607 0.00159346
v 0.00593249 -0.00531380 0.00187975
v 0.00579427 -0.00526007 0.00148135
v 0.00580284 -0.00525641 0.00148135
v 0.00604721 -0.00514284 0.00148135
v 0.00617741 -0.00508117 0.00148135
v 0.00569531 -0.00539867 0.00226279
v 0.00551369 -0.00542859 0.00264651
v 0.00551369 -0.00513063 0.00148135
v 0.00636843 -0.00497310 0.00148135
v 0.00653761 -0.00486015 0.00148135
v 0.00682980 -0.00465500 0.00148135
v 0.00683256 -0.00465744 0.00149603
v 0.00702413 -0.00450419 0.00149603
v 0.00661612 -0.00486564 0.00187975
v 0.00642427 -0.00501279 0.00187975
v 0.00615474 -0.00517886 0.00187975
v 0.00588715 -0.00528816 0.00226279
v 0.00582717 -0.00526129 0.00264651
v 0.00563532 -0.00536997 0.00264651
v 0.00551369 -0.00538218 0.00295214
v 0.00551369 -0.00484183 0.00148335
v 0.00554244 -0.00482901 0.00148135
v 0.00702137 -0.00450052 0.00148135
v 0.00725330 -0.00431247 0.00149603
v 0.00725164 -0.00431064 0.00148135
v 0.00683699 -0.00467392 0.00187975
v 0.00680216 -0.00463729 0.00226279
v 0.00662164 -0.00371655 0.00801515
v 0.00642980 -0.00386981 0.00801515
v 0.00608094 -0.00503660 0.00303022
v 0.00599497 -0.00421050 0.00791639
v 0.00559662 -0.00534860 0.00289342
v 0.00602869 -0.00500058 0.00341393
v 0.00572351 -0.00504393 0.00418069
v 0.00551369 -0.00521306 0.00388707
v 0.00833775 -0.00135976 0.00191778
v 0.00833775 -0.00152156 0.00148135
v 0.00551369 -0.00313590 0.00737185
v 0.00557368 -0.00303333 0.00743391
v 0.00711315 -0.00073759 0.00820667
v 0.00744514 -0.00413174 0.00149603
v 0.00744100 -0.00413113 0.00148135
v 0.00702828 -0.00448648 0.00187975
v 0.00699373 -0.00444985 0.00226279
v 0.00703381 -0.00334411 0.00801515
v 0.00684224 -0.00352483 0.00801515
v 0.00680160 -0.00348759 0.00829876
v 0.00674383 -0.00353766 0.00829876
v 0.00655226 -0.00369824 0.00829876
v 0.00639607 -0.00382585 0.00829876
v 0.00638474 -0.00383500 0.00829876
v 0.00617188 -0.00398520 0.00829876
v 0.00606822 -0.00405725 0.00829876
v 0.00592309 -0.00415738 0.00829876
v 0.00581639 -0.00422210 0.00829876
v 0.00573594 -0.00426912 0.00829876
v 0.00580091 -0.00428927 0.00803250
v 0.00551369 -0.00451579 0.00764945
v 0.00566407 -0.00500852 0.00456440
v 0.00551369 -0.00512391 0.00437221
v 0.00833775 0.00063802 0.00798846
v 0.00833775 -0.00263646 0.00148135
v 0.00551369 -0.00312064 0.00746461
v 0.00711315 -0.00073759 0.00820801
v 0.00833775 0.00073693 0.00829876
v 0.00721819 -0.00429476 0.00187975
v 0.00760078 -0.00393086 0.00148135
v 0.00759442 -0.00394002 0.00149603
v 0.00755793 -0.00273232 0.00801515
v 0.00740479 -0.00292404 0.00801515
v 0.00721294 -0.00315239 0.00801515
v 0.00713581 -0.00316521 0.00829876
v 0.00699317 -0.00330625 0.00829876
v 0.00561818 -0.00432956 0.00829876
v 0.00551369 -0.00440589 0.00818599
v 0.00829767 -0.00273476 0.00148135
v 0.00833775 -0.00135793 0.00829876
v 0.00827998 -0.00153804 0.00829876
v 0.00551369 -0.00387591 0.00829876
v 0.00721017 -0.00065272 0.00829876
v 0.00778544 -0.00366710 0.00148135
v 0.00778599 -0.00366649 0.00149603
v 0.00788136 -0.00227317 0.00821268
v 0.00753443 -0.00270179 0.00829876
v 0.00749435 -0.00275186 0.00829876
v 0.00737465 -0.00289351 0.00829876
v 0.00718281 -0.00311453 0.00829876
v 0.00551369 -0.00438146 0.00829876
v 0.00829408 -0.00274209 0.00148135
v 0.00792918 -0.00217304 0.00829876
v 0.00792227 -0.00346561 0.00148135
v 0.00805026 -0.00322077 0.00148135
v 0.00820064 -0.00292648 0.00148135
v 0.00791647 -0.00347538 0.00148135
v 0.00791564 -0.00347477 0.00149603
v 0.00779649 -0.00236048 0.00829876
f 948 949 950
f 948 950 951
f 948 951 952
f 948 952 962
f 948 962 975
f 948 975 990
f 948 990 1015
f 948 1015 1013
f 948 1013 1030
f 948 1030 1043
f 948 1043 1034
f 948 1034 1018
f 948 1018 993
f 948 993 976
f 948 976 963
f 948 963 953
f 948 953 949
f 949 953 954
f 949 954 950
f 950 955 956
f 950 956 951
f 950 954 957
f 950 957 958
f 950 958 959
f 950 959 960
f 950 960 955
f 951 956 961
f 951 961 952
f 952 961 962
f 953 963 977
f 953 977 992
f 953 992 1017
f 953 1017 1031
f 953 1031 1044
f 953 1044 1048
f 953 1048 1047
f 953 1047 1046
f 953 1046 1049
f 953 1049 1036
f 953 1036 1022
f 953 1022 997
f 953 997 980
f 953 980 978
f 953 978 966
f 953 966 965
f 953 965 964
f 953 964 960
f 953 960 959
f 953 959 958
f 953 958 957
f 953 957 954
f 955 960 964
f 955 964 965
f 955 965 966
f 955 966 967
f 955 967 968
f 955 968 969
f 955 969 970
f 955 970 971
f 955 971 956
f 956 971 972
f 956 972 961
f 961 972 973
f 961 973 974
f 961 974 962
f 962 974 975
f 963 976 977
f 966 978 968
f 966 968 967
f 968 979 969
f 968 978 980
f 968 980 979
f 969 979 981
f 969 981 982
f 969 982 983
f 969 983 984
f 969 984 970
f 970 985 972
f 970 972 971
f 970 984 986
f 970 986 985
f 972 985 973
f 973 987 974
f 973 985 988
f 973 988 986
f 973 986 989
f 973 989 987
f 974 987 975
f 975 987 990
f 976 991 992
f 976 992 977
f 976 993 994
f 976 994 995
f 976 995 991
f 979 980 996
f 979 996 981
f 980 997 996
f 981 996 998
f 981 998 999
f 981 999 982
f 982 999 1000
f 982 1000 1001
f 982 1001 983
f 983 1001 1002
f 983 1002 1003
f 983 1003 1004
f 983 1004 1005
f 983 1005 1006
f 983 1006 984
f 984 1006 986
f 985 986 988
f 986 1006 1007
f 986 1007 1008
f 986 1008 1009
f 986 1009 1010
f 986 1010 1011
f 986 1011 1012
f 986 1012 1013
f 986 1013 1014
f 986 1014 989
f 987 989 1014
f 987 1014 990
f 990 1014 1015
f 991 995 1016
f 991 1016 1020
f 991 1020 1032
f 991 1032 1017
f 991 1017 992
f 993 1018 994
f 994 1018 995
f 995 1018 1019
f 995 1019 1020
f 995 1020 1016
f 996 1021 998
f 996 997 1022
f 996 1022 1023
f 996 1023 1024
f 996 1024 1025
f 996 1025 1026
f 996 1026 1000
f 996 1000 1021
f 998 1021 1000
f 998 1000 999
f 1000 1026 1027
f 1000 1027 1028
f 1000 1028 1002
f 1000 1002 1001
f 1002 1028 1027
f 1002 1027 1042
f 1002 1042 1041
f 1002 1041 1040
f 1002 1040 1039
f 1002 1039 1051
f 1002 1051 1045
f 1002 1045 1033
f 1002 1033 1032
f 1002 1032 1020
f 1002 1020 1035
f 1002 1035 1034
f 1002 1034 1043
f 1002 1043 1029
f 1002 1029 1011
f 1002 1011 1010
f 1002 1010 1009
f 1002 1009 1008
f 1002 1008 1007
f 1002 1007 1006
f 1002 1006 1005
f 1002 1005 1004
f 1002 1004 1003
f 1011 1029 1013
f 1011 1013 1012
f 1013 1029 1030
f 1013 1015 1014
f 1017 1032 1033
f 1017 1033 1031
f 1018 1034 1019
f 1019 1034 1035
f 1019 1035 1020
f 1022 1036 1037
f 1022 1037 1023
f 1023 1037 1038
f 1023 1038 1024
f 1024 1038 1039
f 1024 1039 1025
f 1025 1039 1040
f 1025 1040 1026
f 1026 1040 1041
f 1026 1041 1042
f 1026 1042 1027
f 1029 1043 1030
f 1031 1033 1044
f 1033 1045 1046
f 1033 1046 1047
f 1033 1047 1048
f 1033 1048 1044
f 1036 1049 1037
f 1037 1049 1050
f 1037 1050 1038
f 1038 1045 1051
f 1038 1051 1039
f 1038 1050 1045
f 1045 1050 1046
f 1046 1050 1049

o geometry_7
v -0.00552506 0.01401247 0.00829864
v -0.00552506 0.01359539 0.00829864
v -0.00552506 0.01398036 0.00148241
v -0.00577331 0.01405214 -0.00540452
v -0.00611887 0.01397507 -0.00540452
v -0.00573478 0.01395920 0.00829864
v -0.00849452 0.01274575 0.01712770
v -0.00791937 0.01274575 0.01712770
v -0.00883690 0.01019267 0.00149788
v -0.00878407 0.01020438 -0.00081986
v -0.00552506 0.01353948 0.00456463
v -0.00891356 0.01055837 0.01712770
v -0.00552506 0.01357462 0.00148241
v -0.00577331 0.01404987 -0.00544429
v -0.00611887 0.01397356 -0.00544429
v -0.00639810 0.01387042 -0.00544429
v -0.00639810 0.01387080 -0.00540452
v -0.00599376 0.01386438 0.00829864
v -0.00858031 0.01265282 0.01712770
v -0.00641598 0.01386249 -0.00544429
v -0.00658955 0.01377824 -0.00544429
v -0.00688586 0.01362070 -0.00544429
v -0.00849452 0.01274575 0.01700839
v -0.00885040 0.01019267 0.00188012
v -0.00883690 0.01019267 0.00148241
v -0.00877335 0.01020438 -0.00310446
v -0.00877891 0.01020438 -0.00118664
v -0.00552506 0.01353759 0.00418018
v -0.00927700 0.01055837 0.01712770
v -0.00917650 0.01019267 0.00829864
v -0.00892309 0.01019267 0.00354385
v -0.00889648 0.01019267 0.00304009
v -0.00552506 0.01357424 0.00149788
v -0.00880632 0.01020438 -0.00544429
v -0.00577331 0.01363997 -0.00544429
v -0.00857991 0.01265244 0.01683605
v -0.00870900 0.01246090 0.01683605
v -0.00870702 0.01246090 0.01712770
v -0.00712935 0.01348659 -0.00544429
v -0.00849213 0.01274575 0.01683605
v -0.00927342 0.01019267 0.00148241
v -0.00877891 0.01020438 -0.00387115
v -0.00877335 0.01020438 -0.00348891
v -0.00552506 0.01354250 0.00379794
v -0.00925237 0.01086853 0.01712770
v -0.00937630 0.01055837 0.01668581
v -0.00958284 0.01019267 0.00829864
v -0.00920351 0.01020438 -0.00544429
v -0.00871496 0.01242463 0.01491823
v -0.00871655 0.01243332 0.01530047
v -0.00871655 0.01244088 0.01568492
v -0.00890681 0.01215829 0.01491823
v -0.00775215 0.01297771 -0.00544429
v -0.00793010 0.01278542 -0.00544429
v -0.00794797 0.01276313 -0.00544429
v -0.00890840 0.01215489 0.01530047
v -0.00890840 0.01215112 0.01568492
v -0.00875349 0.01238345 0.01712770
v -0.00714722 0.01347375 -0.00544429
v -0.00732040 0.01334568 -0.00544429
v -0.00755991 0.01315376 -0.00544429
v -0.00930401 0.01019267 0.00184697
v -0.00919915 0.01125123 0.01712770
v -0.00938662 0.01080317 0.01634997
v -0.00939616 0.01055837 0.01653998
v -0.00918524 0.01134379 0.01712770
v -0.00957092 0.01055837 0.01223372
v -0.00957092 0.01055837 0.01221604
v -0.00956933 0.01055837 0.01183159
v -0.00956735 0.01057688 0.01185148
v -0.00953875 0.01055837 0.00991377
v -0.00953517 0.01057688 0.00993365
v -0.00957569 0.01019305 0.00801362
v -0.00957569 0.01019267 0.00801362
v -0.00940569 0.01055837 0.01643393
v -0.00943905 0.01055837 0.01604948
v -0.00946884 0.01055837 0.01566503
v -0.00949665 0.01055837 0.01530047
v -0.00949784 0.01055837 0.01528279
v -0.00951889 0.01055837 0.01491823
v -0.00951968 0.01055837 0.01490055
v -0.00953120 0.01055837 0.01453378
v -0.00955980 0.01055837 0.01300040
v -0.00956655 0.01055837 0.01261816
v -0.00911216 0.01057726 -0.00544429
v -0.00946487 0.01019267 0.00494687
v -0.00953994 0.01019267 0.00686248
v -0.00955265 0.01019267 0.00724693
v -0.00890085 0.01215489 0.01453378
v -0.00812115 0.01254326 -0.00544429
v -0.00826017 0.01235172 -0.00544429
v -0.00900889 0.01194031 0.01338264
v -0.00901842 0.01196336 0.01453378
v -0.00902080 0.01196713 0.01491823
v -0.00901326 0.01195278 0.01645160
v -0.00901127 0.01194900 0.01683605
v -0.00890601 0.01214772 0.01606715
v -0.00889886 0.01213676 0.01712770
v -0.00890363 0.01214394 0.01645160
v -0.00890085 0.01214054 0.01683605
v -0.00939973 0.01059161 0.01646707
v -0.00908515 0.01172724 0.01712770
v -0.00939655 0.01084284 0.01606715
v -0.00949426 0.01057688 0.01530047
v -0.00946527 0.01057688 0.01568492
v -0.00943588 0.01057688 0.01606715
v -0.00956894 0.01057688 0.01223372
v -0.00945772 0.01094749 0.01185148
v -0.00945931 0.01096033 0.01261816
v -0.00951651 0.01057688 0.01491823
v -0.00952842 0.01057688 0.01453378
v -0.00955742 0.01057688 0.01300040
v -0.00956457 0.01057688 0.01261816
v -0.00902875 0.01080091 -0.00544429
v -0.00900452 0.01193351 0.01300040
v -0.00855926 0.01184058 -0.00544429
v -0.00914036 0.01172724 0.01453378
v -0.00910938 0.01172724 0.01300040
v -0.00914433 0.01172724 0.01491823
v -0.00900849 0.01194522 0.01712770
v -0.00913996 0.01172724 0.01530047
v -0.00941919 0.01093049 0.01530047
v -0.00940807 0.01088704 0.01568492
v -0.00902914 0.01189195 0.01712770
v -0.00938146 0.01116245 0.01481659
v -0.00945335 0.01096033 0.01376709
v -0.00945732 0.01096033 0.01338264
v -0.00939377 0.01118663 0.01376709
v -0.00937510 0.01115074 0.01207905
v -0.00901961 0.01082509 -0.00544429
v -0.00939218 0.01118096 0.01338264
v -0.00937947 0.01115565 0.01233535
v -0.00941919 0.01099547 0.01493369
v -0.00943746 0.01096033 0.01453378
v -0.00930401 0.01130752 0.01221604
v -0.00865816 0.01164866 -0.00544429
v -0.00930798 0.01136343 0.01453378
v -0.00913162 0.01172724 0.01568492
v -0.00938503 0.01117152 0.01453378
v -0.00938980 0.01118134 0.01414933
f 1052 1053 1062
f 1052 1062 1079
f 1052 1079 1095
f 1052 1095 1084
f 1052 1084 1064
f 1052 1064 1054
f 1052 1054 1055
f 1052 1055 1056
f 1052 1056 1057
f 1052 1057 1058
f 1052 1058 1059
f 1052 1059 1053
f 1053 1060 1061
f 1053 1061 1062
f 1053 1059 1063
f 1053 1063 1060
f 1054 1064 1086
f 1054 1086 1065
f 1054 1065 1055
f 1055 1065 1066
f 1055 1066 1056
f 1056 1066 1067
f 1056 1067 1068
f 1056 1068 1069
f 1056 1069 1057
f 1057 1069 1058
f 1058 1070 1089
f 1058 1089 1109
f 1058 1109 1149
f 1058 1149 1171
f 1058 1171 1175
f 1058 1175 1153
f 1058 1153 1117
f 1058 1117 1114
f 1058 1114 1096
f 1058 1096 1080
f 1058 1080 1063
f 1058 1063 1059
f 1058 1069 1068
f 1058 1068 1071
f 1058 1071 1072
f 1058 1072 1073
f 1058 1073 1074
f 1058 1074 1070
f 1060 1075 1083
f 1060 1083 1082
f 1060 1082 1081
f 1060 1081 1098
f 1060 1098 1125
f 1060 1125 1139
f 1060 1139 1138
f 1060 1138 1137
f 1060 1137 1113
f 1060 1113 1092
f 1060 1092 1076
f 1060 1076 1094
f 1060 1094 1077
f 1060 1077 1078
f 1060 1078 1061
f 1060 1063 1075
f 1061 1078 1062
f 1062 1078 1079
f 1063 1080 1098
f 1063 1098 1081
f 1063 1081 1082
f 1063 1082 1083
f 1063 1083 1075
f 1064 1084 1085
f 1064 1085 1086
f 1065 1086 1085
f 1065 1085 1099
f 1065 1099 1136
f 1065 1136 1165
f 1065 1165 1181
f 1065 1181 1187
f 1065 1187 1167
f 1065 1167 1142
f 1065 1142 1141
f 1065 1141 1106
f 1065 1106 1105
f 1065 1105 1104
f 1065 1104 1112
f 1065 1112 1111
f 1065 1111 1110
f 1065 1110 1090
f 1065 1090 1073
f 1065 1073 1072
f 1065 1072 1071
f 1065 1071 1067
f 1065 1067 1066
f 1067 1071 1068
f 1070 1074 1087
f 1070 1087 1088
f 1070 1088 1089
f 1073 1090 1074
f 1074 1091 1087
f 1074 1090 1091
f 1076 1092 1099
f 1076 1099 1085
f 1076 1085 1093
f 1076 1093 1094
f 1077 1094 1079
f 1077 1079 1078
f 1079 1094 1095
f 1080 1096 1097
f 1080 1097 1098
f 1084 1094 1093
f 1084 1093 1085
f 1084 1095 1094
f 1087 1100 1101
f 1087 1101 1102
f 1087 1102 1103
f 1087 1103 1088
f 1087 1091 1104
f 1087 1104 1105
f 1087 1105 1106
f 1087 1106 1100
f 1088 1103 1107
f 1088 1107 1108
f 1088 1108 1089
f 1089 1108 1109
f 1090 1110 1091
f 1091 1110 1111
f 1091 1111 1112
f 1091 1112 1104
f 1092 1113 1099
f 1096 1114 1097
f 1097 1115 1116
f 1097 1116 1098
f 1097 1114 1117
f 1097 1117 1115
f 1098 1118 1119
f 1098 1119 1120
f 1098 1120 1121
f 1098 1121 1122
f 1098 1122 1123
f 1098 1123 1124
f 1098 1124 1125
f 1098 1116 1126
f 1098 1126 1127
f 1098 1127 1128
f 1098 1128 1129
f 1098 1129 1130
f 1098 1130 1131
f 1098 1131 1132
f 1098 1132 1133
f 1098 1133 1134
f 1098 1134 1135
f 1098 1135 1118
f 1099 1113 1137
f 1099 1137 1138
f 1099 1138 1139
f 1099 1139 1125
f 1099 1125 1124
f 1099 1124 1123
f 1099 1123 1136
f 1100 1140 1103
f 1100 1103 1101
f 1100 1106 1141
f 1100 1141 1142
f 1100 1142 1140
f 1101 1103 1102
f 1103 1140 1143
f 1103 1143 1144
f 1103 1144 1145
f 1103 1145 1107
f 1107 1145 1108
f 1108 1145 1146
f 1108 1146 1147
f 1108 1147 1148
f 1108 1148 1109
f 1109 1148 1150
f 1109 1150 1151
f 1109 1151 1149
f 1115 1152 1116
f 1115 1117 1153
f 1115 1153 1154
f 1115 1154 1155
f 1115 1155 1129
f 1115 1129 1156
f 1115 1156 1157
f 1115 1157 1152
f 1116 1152 1126
f 1118 1135 1164
f 1118 1164 1158
f 1118 1158 1119
f 1119 1158 1120
f 1120 1158 1121
f 1121 1159 1123
f 1121 1123 1122
f 1121 1158 1160
f 1121 1160 1159
f 1123 1159 1136
f 1126 1152 1157
f 1126 1157 1127
f 1127 1157 1128
f 1128 1157 1156
f 1128 1156 1129
f 1129 1155 1130
f 1130 1155 1161
f 1130 1161 1131
f 1131 1161 1132
f 1132 1161 1133
f 1133 1161 1162
f 1133 1162 1163
f 1133 1163 1164
f 1133 1164 1134
f 1134 1164 1135
f 1136 1159 1165
f 1140 1166 1143
f 1140 1142 1166
f 1142 1167 1166
f 1143 1168 1144
f 1143 1166 1169
f 1143 1169 1168
f 1144 1168 1145
f 1145 1168 1170
f 1145 1170 1146
f 1146 1170 1147
f 1147 1171 1149
f 1147 1149 1151
f 1147 1151 1150
f 1147 1150 1148
f 1147 1170 1172
f 1147 1172 1171
f 1153 1173 1174
f 1153 1174 1154
f 1153 1175 1176
f 1153 1176 1173
f 1154 1174 1161
f 1154 1161 1155
f 1158 1164 1177
f 1158 1177 1178
f 1158 1178 1179
f 1158 1179 1160
f 1159 1180 1181
f 1159 1181 1165
f 1159 1160 1179
f 1159 1179 1182
f 1159 1182 1183
f 1159 1183 1180
f 1161 1174 1173
f 1161 1173 1184
f 1161 1184 1162
f 1162 1185 1177
f 1162 1177 1163
f 1162 1184 1185
f 1163 1177 1164
f 1166 1186 1169
f 1166 1167 1187
f 1166 1187 1186
f 1168 1169 1182
f 1168 1182 1179
f 1168 1179 1170
f 1169 1186 1182
f 1170 1179 1188
f 1170 1188 1172
f 1171 1172 1189
f 1171 1189 1188
f 1171 1188 1190
f 1171 1190 1176
f 1171 1176 1175
f 1172 1188 1189
f 1173 1176 1184
f 1176 1190 1177
f 1176 1177 1185
f 1176 1185 1184
f 1177 1190 1191
f 1177 1191 1179
f 1177 1179 1178
f 1179 1191 1188
f 1180 1183 1186
f 1180 1186 1187
f 1180 1187 1181
f 1182 1186 1183
f 1188 1191 1190

o geometry_8
v 0.00833811 -0.00263679 0.00148106
v 0.00729626 0.01162900 -0.00803809
v 0.00874313 0.00547178 -0.00744054
v 0.00874313 0.00446686 -0.00649179
v 0.00874313 0.00216310 -0.00420147
v 0.00874313 0.00101353 -0.00304632
v 0.00874313 -0.00028686 -0.00169976
v 0.00874313 -0.00119175 -0.00073270
v 0.00874313 -0.00150107 -0.00037317
v 0.00874313 -0.00173653 -0.00003861
v 0.00874313 -0.00184117 0.00034422
v 0.00835699 -0.00131178 0.00829876
v 0.00833811 -0.00135641 0.00829876
v 0.00729626 0.01247849 -0.00610064
v 0.00729626 0.01221225 -0.00803809
v 0.00874313 0.00791712 -0.00870555
v 0.00874313 0.00753239 -0.00862232
v 0.00874313 0.00715151 -0.00849083
v 0.00874313 0.00673523 -0.00830108
v 0.00874313 0.00638128 -0.00810301
v 0.00874313 0.00596885 -0.00783586
v 0.00903696 0.00557950 -0.00713844
v 0.00909480 0.00492546 -0.00645184
v 0.00910139 0.00261708 -0.00416152
v 0.00909787 0.00108739 -0.00262854
v 0.00900041 0.00007171 -0.00172306
v 0.00907921 -0.00005141 -0.00146673
v 0.00906319 -0.00042075 -0.00106892
v 0.00903795 -0.00075931 -0.00064115
v 0.00889943 -0.00131178 -0.00004194
v 0.00879033 -0.00169344 0.00034422
v 0.00846170 -0.00093167 0.00829876
v 0.00833811 0.00073960 0.00829876
v 0.00765035 0.01168594 0.00148106
v 0.00729626 0.01308328 -0.00610064
v 0.00760524 0.01200219 -0.00803809
v 0.00908931 0.00791712 -0.00834435
v 0.00807227 0.01160592 -0.00803809
v 0.00833921 0.01133815 -0.00803809
v 0.00865115 0.01091340 -0.00803809
v 0.00871020 0.01079029 -0.00803809
v 0.00904870 0.00970073 -0.00803809
v 0.00910314 0.00942527 -0.00803809
v 0.00905726 0.00760934 -0.00831107
v 0.00913805 0.00712304 -0.00802977
v 0.00908163 0.00682603 -0.00795820
v 0.00912378 0.00635666 -0.00762696
v 0.00905814 0.00611813 -0.00754873
v 0.00935087 0.00493623 -0.00606319
v 0.00942189 0.00461460 -0.00561627
v 0.00920588 0.00022252 -0.00118876
v 0.00888406 -0.00131178 0.00034422
v 0.00903685 0.00019020 0.00274190
v 0.00903377 0.00154907 0.00671917
v 0.00903707 -0.00038689 0.00101834
v 0.00852427 0.01088416 0.00829876
v 0.00765035 0.01235691 0.00148106
v 0.00740954 0.01299402 -0.00610064
v 0.00729626 0.01308482 -0.00617221
v 0.00743325 0.01225380 -0.00780506
v 0.00729626 0.01295555 -0.00655005
v 0.00794539 0.01196756 -0.00760865
v 0.00828872 0.01156129 -0.00780340
v 0.00869066 0.01087955 -0.00800147
v 0.00881996 0.01057484 -0.00770686
v 0.00923946 0.01019165 0.00829876
v 0.00939072 0.00958685 0.00829876
v 0.00941442 0.00923444 0.00513293
v 0.00915253 0.00749084 -0.00812132
v 0.00941640 0.00577495 -0.00675311
v 0.00941420 0.00309876 -0.00406332
v 0.00924122 0.00060725 -0.00118876
v 0.00924429 0.00099044 0.00034422
v 0.00917515 0.00060725 0.00110988
v 0.00912861 0.00022252 0.00110988
v 0.00903970 0.00190148 0.00756639
v 0.00904629 0.00223851 0.00829876
v 0.00899733 0.01088416 0.00829876
v 0.00760820 0.01280166 -0.00617221
v 0.00757220 0.01275549 -0.00655671
v 0.00760513 0.01259621 -0.00685964
v 0.00916735 0.00901437 -0.00803809
v 0.00920961 0.00860502 -0.00803809
v 0.00920500 0.00788942 -0.00809135
v 0.00820091 0.01186446 -0.00739893
v 0.00862327 0.01112270 -0.00770686
v 0.00826786 0.01192294 -0.00714260
v 0.00870932 0.01093187 -0.00770686
v 0.00912619 0.01057484 0.00829876
v 0.00943528 0.00939449 0.00829876
v 0.00947786 0.00904054 0.00829876
v 0.00927261 0.00712304 -0.00770686
v 0.00928030 0.00750623 -0.00770686
v 0.00941486 0.00617507 -0.00675811
v 0.00943462 0.00559028 -0.00617388
v 0.00943846 0.00463230 -0.00521513
v 0.00941596 0.00305413 -0.00318281
v 0.00925966 0.00099044 -0.00042144
v 0.00941651 0.00440685 0.00408847
v 0.00941618 0.00498702 0.00598348
v 0.00921839 0.00329113 0.00743906
v 0.00920456 0.00252321 0.00571383
v 0.00904168 0.01079183 0.00829876
v 0.00794693 0.01238769 -0.00655671
v 0.00779985 0.01257698 -0.00617221
v 0.00792739 0.01235383 -0.00685132
v 0.00921378 0.00865888 -0.00770686
v 0.00950048 0.00865735 0.00829876
v 0.00951826 0.00827415 0.00513709
v 0.00943989 0.00520862 -0.00578938
v 0.00951123 0.00673985 0.00072705
v 0.00950026 0.00597193 0.00110988
v 0.00941442 0.00348042 0.00016446
v 0.00947177 0.00501549 0.00149438
v 0.00946008 0.00472810 0.00159092
v 0.00947962 0.00587652 0.00552158
v 0.00941541 0.00557104 0.00748483
v 0.00922344 0.00367278 0.00829876
v 0.00909283 0.00194842 0.00667174
v 0.00941420 0.00769860 -0.00176634
v 0.00950333 0.00712304 0.00072705
v 0.00953889 0.00789096 0.00532934
v 0.00953264 0.00750777 0.00398860
v 0.00943374 0.00618738 0.00829876
v 0.00949433 0.00769937 0.00829876
v 0.00952682 0.00712458 0.00532934
v 0.00951650 0.00673985 0.00532934
v 0.00951211 0.00673985 0.00571383
v 0.00946382 0.00673985 0.00829876
f 1192 1193 1194
f 1192 1194 1195
f 1192 1195 1196
f 1192 1196 1197
f 1192 1197 1198
f 1192 1198 1199
f 1192 1199 1200
f 1192 1200 1201
f 1192 1201 1202
f 1192 1203 1204
f 1192 1204 1193
f 1193 1205 1226
f 1193 1226 1250
f 1193 1250 1252
f 1193 1252 1206
f 1193 1206 1207
f 1193 1207 1208
f 1193 1208 1209
f 1193 1209 1210
f 1193 1210 1211
f 1193 1211 1212
f 1193 1212 1194
f 1193 1204 1205
f 1194 1213 1214
f 1194 1214 1195
f 1195 1214 1215
f 1195 1215 1196
f 1196 1215 1197
f 1197 1215 1216
f 1197 1216 1217
f 1197 1217 1198
f 1198 1217 1199
f 1199 1217 1218
f 1199 1218 1200
f 1200 1218 1219
f 1200 1219 1201
f 1201 1219 1220
f 1201 1220 1221
f 1201 1221 1202
f 1202 1221 1222
f 1202 1203 1192
f 1203 1223 1268
f 1203 1268 1309
f 1203 1309 1315
f 1203 1315 1320
f 1203 1320 1316
f 1203 1316 1299
f 1203 1299 1282
f 1203 1282 1281
f 1203 1281 1258
f 1203 1258 1257
f 1203 1257 1280
f 1203 1280 1294
f 1203 1294 1269
f 1203 1269 1247
f 1203 1247 1224
f 1203 1224 1204
f 1203 1202 1222
f 1203 1222 1223
f 1204 1224 1248
f 1204 1248 1225
f 1204 1225 1205
f 1205 1225 1248
f 1205 1248 1226
f 1206 1227 1207
f 1207 1227 1229
f 1207 1229 1230
f 1207 1230 1231
f 1207 1231 1232
f 1207 1232 1233
f 1207 1233 1234
f 1207 1234 1228
f 1207 1228 1208
f 1208 1228 1235
f 1208 1235 1209
f 1210 1209 1236
f 1210 1236 1237
f 1210 1237 1211
f 1211 1237 1238
f 1211 1238 1212
f 1212 1238 1239
f 1212 1239 1194
f 1194 1239 1213
f 1214 1240 1215
f 1215 1240 1241
f 1215 1241 1216
f 1217 1216 1218
f 1220 1219 1242
f 1221 1243 1222
f 1221 1220 1243
f 1222 1243 1223
f 1223 1244 1245
f 1223 1243 1246
f 1223 1246 1244
f 1224 1247 1248
f 1226 1249 1250
f 1226 1248 1249
f 1206 1251 1227
f 1206 1252 1251
f 1227 1251 1253
f 1227 1254 1229
f 1229 1254 1230
f 1230 1254 1231
f 1231 1254 1255
f 1231 1255 1232
f 1232 1255 1233
f 1233 1255 1256
f 1233 1256 1257
f 1233 1257 1258
f 1233 1258 1259
f 1233 1259 1234
f 1235 1228 1260
f 1235 1260 1236
f 1235 1236 1209
f 1237 1236 1238
f 1238 1236 1261
f 1238 1261 1239
f 1213 1239 1261
f 1213 1261 1214
f 1240 1214 1261
f 1240 1261 1241
f 1218 1216 1262
f 1218 1262 1219
f 1242 1219 1262
f 1242 1263 1264
f 1242 1264 1265
f 1242 1265 1266
f 1242 1266 1220
f 1242 1262 1263
f 1220 1266 1246
f 1220 1246 1243
f 1223 1267 1268
f 1223 1245 1267
f 1247 1269 1248
f 1248 1269 1249
f 1249 1270 1250
f 1249 1269 1270
f 1251 1252 1272
f 1251 1272 1253
f 1252 1250 1271
f 1252 1271 1272
f 1228 1234 1273
f 1228 1273 1274
f 1228 1274 1275
f 1228 1275 1260
f 1227 1253 1254
f 1254 1253 1276
f 1254 1277 1255
f 1254 1276 1278
f 1254 1278 1277
f 1255 1277 1279
f 1255 1279 1256
f 1256 1279 1280
f 1256 1280 1257
f 1258 1281 1259
f 1259 1281 1282
f 1259 1273 1234
f 1260 1275 1283
f 1260 1283 1236
f 1236 1283 1261
f 1261 1283 1284
f 1261 1284 1285
f 1261 1285 1286
f 1216 1241 1262
f 1262 1288 1263
f 1263 1289 1264
f 1263 1288 1289
f 1264 1290 1291
f 1264 1291 1292
f 1265 1264 1293
f 1265 1293 1266
f 1246 1266 1244
f 1269 1294 1278
f 1269 1278 1295
f 1269 1295 1296
f 1269 1296 1270
f 1250 1270 1297
f 1250 1297 1271
f 1271 1297 1272
f 1272 1297 1253
f 1253 1297 1276
f 1273 1298 1274
f 1273 1259 1298
f 1274 1298 1285
f 1274 1285 1284
f 1274 1284 1275
f 1276 1297 1278
f 1278 1297 1295
f 1278 1294 1277
f 1277 1294 1279
f 1279 1294 1280
f 1282 1300 1259
f 1259 1300 1298
f 1283 1275 1284
f 1286 1301 1261
f 1286 1285 1302
f 1261 1301 1241
f 1241 1287 1262
f 1241 1301 1287
f 1287 1301 1302
f 1287 1302 1303
f 1287 1303 1262
f 1289 1288 1304
f 1289 1304 1290
f 1289 1290 1264
f 1288 1305 1306
f 1288 1306 1304
f 1264 1292 1293
f 1290 1307 1291
f 1291 1308 1309
f 1291 1309 1292
f 1266 1293 1310
f 1244 1266 1245
f 1245 1310 1267
f 1245 1266 1310
f 1267 1310 1268
f 1295 1297 1270
f 1295 1270 1296
f 1298 1300 1311
f 1298 1311 1285
f 1285 1312 1302
f 1285 1311 1300
f 1285 1300 1312
f 1299 1313 1300
f 1299 1300 1282
f 1286 1302 1301
f 1302 1312 1314
f 1262 1303 1288
f 1304 1306 1307
f 1304 1307 1290
f 1288 1303 1305
f 1291 1307 1315
f 1291 1315 1308
f 1309 1308 1315
f 1292 1310 1293
f 1292 1309 1310
f 1310 1309 1268
f 1312 1300 1313
f 1299 1316 1313
f 1313 1317 1314
f 1313 1314 1312
f 1305 1318 1306
f 1307 1319 1320
f 1307 1320 1315
f 1313 1316 1317
f 1314 1317 1303
f 1314 1303 1302
f 1306 1318 1307
f 1303 1317 1318
f 1303 1318 1305
f 1307 1318 1319
f 1317 1319 1318
f 1317 1316 1319
f 1320 1319 1316

o geometry_9
v -0.00923372 0.01020294 -0.00808066
v -0.00867608 0.00581331 -0.00824846
v -0.00867608 0.00532927 -0.00786035
v -0.00867608 0.00532927 -0.00707346
v -0.00920352 0.01020294 -0.00544471
v -0.00916879 0.01057599 -0.00770814
v -0.00903844 0.01088417 -0.00800517
v -0.00911444 0.01020294 -0.00841995
v -0.00867608 0.00753220 -0.00906099
v -0.00867608 0.00657906 -0.00870006
v -0.00861770 0.00577233 -0.00829318
v -0.00751301 0.00532927 -0.00755880
v -0.00492818 0.00631186 -0.00777337
v -0.00880593 0.01020294 -0.00544471
v -0.00712851 0.01348705 -0.00544430
v -0.00911192 0.01057599 -0.00544471
v -0.00905757 0.01093966 -0.00770814
v -0.00901504 0.01061740 -0.00830323
v -0.00897553 0.01113174 -0.00770814
v -0.00861066 0.01153468 -0.00789973
v -0.00864060 0.00996391 -0.00901586
v -0.00867608 0.00942609 -0.00911371
v -0.00867608 0.00904193 -0.00917730
v -0.00867608 0.00865948 -0.00919904
v -0.00867608 0.00808367 -0.00915063
v -0.00858826 0.00716639 -0.00903637
v -0.00854272 0.00623588 -0.00862837
v -0.00841891 0.00532927 -0.00802774
v -0.00828705 0.00612832 -0.00869114
v -0.00751301 0.00532927 -0.00811635
v -0.00492919 0.00631186 -0.00872929
v -0.00409476 0.01126406 -0.00709315
v -0.00577318 0.01363985 -0.00544430
v -0.00765619 0.01306575 -0.00544471
v -0.00826038 0.01235165 -0.00544471
v -0.00860890 0.01174383 -0.00544471
v -0.00901932 0.01082442 -0.00544471
v -0.00868565 0.01175664 -0.00696474
v -0.00823270 0.01077661 -0.00905627
v -0.00863079 0.01117357 -0.00830590
v -0.00861267 0.01192140 -0.00714033
v -0.00845188 0.01187594 -0.00753265
v -0.00822062 0.00998952 -0.00942920
v -0.00827925 0.00957975 -0.00948090
v -0.00831675 0.00827533 -0.00949526
v -0.00822766 0.00769994 -0.00943454
v -0.00830316 0.00685565 -0.00908827
v -0.00803541 0.00578685 -0.00848190
v -0.00803541 0.00532927 -0.00811389
v -0.00535194 0.00631186 -0.00881422
v -0.00409274 0.01135626 -0.00774835
v -0.00409274 0.01202811 -0.00709315
v -0.00577318 0.01405048 -0.00544430
v -0.00745212 0.01326125 -0.00579179
v -0.00795288 0.01280581 -0.00617498
v -0.00821634 0.01247800 -0.00636678
v -0.00788896 0.01120345 -0.00908581
v -0.00789752 0.01158761 -0.00872355
v -0.00788141 0.01043855 -0.00945013
v -0.00809455 0.01255568 -0.00670484
v -0.00785927 0.01193079 -0.00830343
v -0.00786531 0.01269995 -0.00677889
v -0.00803541 0.00942609 -0.00959536
v -0.00832983 0.00885071 -0.00951495
v -0.00803541 0.00827533 -0.00955721
v -0.00803541 0.00681638 -0.00910673
v -0.00803541 0.00610868 -0.00870385
v -0.00751301 0.00578514 -0.00848190
v -0.00535194 0.00682748 -0.00910550
v -0.00507011 0.00686504 -0.00908663
v -0.00492818 0.00712371 -0.00913586
v -0.00409274 0.01170798 -0.00802445
v -0.00577318 0.01403425 -0.00579179
v -0.00626287 0.01392008 -0.00544430
v -0.00409274 0.01208274 -0.00717110
v -0.00409274 0.01208274 -0.00794445
v -0.00775358 0.01299789 -0.00617498
v -0.00714109 0.01349388 -0.00579179
v -0.00712499 0.01348363 -0.00605395
v -0.00765192 0.01164310 -0.00877237
v -0.00765192 0.01123845 -0.00910756
v -0.00765192 0.01080905 -0.00931371
v -0.00752207 0.01234311 -0.00795922
v -0.00765192 0.01191072 -0.00846159
v -0.00765141 0.00942609 -0.00963393
v -0.00803541 0.00885071 -0.00960951
v -0.00765141 0.00980854 -0.00959823
v -0.00765141 0.00865948 -0.00961136
v -0.00535194 0.00712627 -0.00922038
v -0.00535194 0.00827533 -0.00955146
v -0.00507715 0.00798422 -0.00946120
v -0.00492818 0.00827789 -0.00946777
v -0.00467554 0.01020294 -0.00925115
v -0.00577318 0.01392498 -0.00613190
v -0.00636101 0.01385328 -0.00601374
v -0.00649312 0.01382553 -0.00579179
v -0.00442893 0.01141943 -0.00863288
v -0.00436854 0.01194615 -0.00830713
v -0.00751754 0.01310374 -0.00642606
v -0.00765192 0.01020294 -0.00952480
v -0.00726842 0.01186420 -0.00860949
v -0.00726842 0.01167212 -0.00879288
v -0.00726842 0.01143907 -0.00898489
v -0.00535194 0.01125040 -0.00911371
v -0.00726842 0.01222787 -0.00818446
v -0.00673142 0.01308411 -0.00715551
v -0.00535194 0.00942609 -0.00963023
v -0.00765141 0.00904193 -0.00963557
v -0.00535194 0.00793129 -0.00947597
v -0.00439068 0.01116418 -0.00867103
v -0.00494857 0.00882894 -0.00953239
v -0.00492818 0.00942609 -0.00954367
v -0.00483407 0.01020294 -0.00940951
v -0.00577318 0.01350412 -0.00683017
v -0.00476512 0.01116589 -0.00905914
v -0.00458495 0.01208274 -0.00827882
v -0.00468460 0.01161151 -0.00873052
v -0.00535194 0.01047014 -0.00946079
v -0.00577318 0.01335131 -0.00701848
v -0.00535194 0.01144163 -0.00898489
v -0.00496844 0.01121199 -0.00908868
v -0.00510534 0.01044111 -0.00945136
v -0.00535194 0.00865948 -0.00959823
v -0.00496895 0.00980854 -0.00952315
v -0.00496844 0.01175578 -0.00869052
v -0.00496844 0.01203493 -0.00841175
v -0.00535194 0.01186164 -0.00860908
v -0.00535194 0.00980854 -0.00958921
v -0.00535194 0.00904193 -0.00962490
f 1321 1322 1323
f 1321 1323 1324
f 1321 1324 1325
f 1321 1325 1326
f 1321 1326 1327
f 1321 1328 1329
f 1321 1329 1330
f 1321 1330 1322
f 1321 1327 1328
f 1322 1331 1323
f 1323 1348 1369
f 1323 1369 1350
f 1323 1350 1332
f 1323 1332 1324
f 1324 1332 1333
f 1324 1333 1334
f 1324 1334 1325
f 1325 1334 1335
f 1325 1335 1336
f 1325 1336 1326
f 1326 1337 1327
f 1327 1337 1339
f 1327 1339 1340
f 1328 1341 1342
f 1328 1342 1343
f 1328 1343 1344
f 1328 1344 1345
f 1328 1345 1329
f 1328 1327 1338
f 1329 1346 1330
f 1330 1346 1347
f 1330 1347 1322
f 1322 1347 1331
f 1331 1347 1349
f 1331 1349 1348
f 1323 1331 1348
f 1332 1350 1351
f 1332 1351 1333
f 1333 1351 1352
f 1333 1352 1353
f 1333 1353 1334
f 1334 1353 1335
f 1335 1353 1373
f 1335 1373 1394
f 1335 1354 1355
f 1335 1355 1356
f 1335 1356 1357
f 1335 1357 1336
f 1336 1357 1337
f 1336 1337 1326
f 1337 1358 1339
f 1338 1327 1360
f 1338 1360 1359
f 1338 1359 1328
f 1339 1358 1361
f 1339 1361 1340
f 1340 1361 1362
f 1327 1340 1360
f 1328 1363 1341
f 1328 1359 1363
f 1341 1364 1342
f 1345 1344 1365
f 1345 1365 1329
f 1329 1365 1366
f 1329 1366 1346
f 1347 1346 1367
f 1346 1366 1367
f 1348 1349 1368
f 1348 1368 1369
f 1347 1367 1349
f 1350 1370 1351
f 1351 1371 1352
f 1352 1371 1392
f 1352 1392 1396
f 1352 1396 1395
f 1352 1395 1372
f 1352 1372 1353
f 1353 1372 1373
f 1335 1374 1354
f 1354 1374 1375
f 1354 1375 1355
f 1355 1375 1376
f 1355 1376 1361
f 1355 1361 1356
f 1356 1361 1358
f 1356 1358 1357
f 1357 1358 1337
f 1360 1340 1378
f 1360 1378 1377
f 1360 1377 1359
f 1359 1377 1379
f 1359 1379 1363
f 1361 1376 1380
f 1361 1380 1362
f 1340 1362 1381
f 1340 1381 1378
f 1362 1380 1382
f 1341 1363 1364
f 1364 1363 1383
f 1342 1364 1343
f 1343 1364 1384
f 1343 1384 1344
f 1344 1384 1365
f 1366 1365 1385
f 1366 1386 1367
f 1367 1386 1349
f 1349 1387 1368
f 1349 1386 1387
f 1368 1388 1369
f 1369 1388 1350
f 1350 1388 1370
f 1370 1388 1387
f 1370 1387 1389
f 1370 1389 1390
f 1370 1390 1351
f 1351 1390 1391
f 1351 1392 1371
f 1373 1393 1394
f 1373 1372 1395
f 1373 1395 1396
f 1373 1396 1393
f 1374 1335 1398
f 1374 1398 1399
f 1374 1399 1397
f 1374 1397 1375
f 1363 1379 1383
f 1377 1378 1400
f 1377 1400 1401
f 1377 1401 1402
f 1377 1402 1379
f 1376 1375 1380
f 1381 1403 1404
f 1381 1404 1378
f 1362 1382 1381
f 1383 1405 1406
f 1383 1406 1384
f 1383 1384 1364
f 1383 1379 1407
f 1383 1407 1405
f 1384 1406 1365
f 1365 1406 1385
f 1385 1406 1408
f 1386 1366 1409
f 1386 1409 1389
f 1366 1385 1410
f 1368 1387 1388
f 1387 1386 1389
f 1389 1409 1390
f 1390 1409 1411
f 1390 1411 1391
f 1391 1392 1351
f 1392 1391 1412
f 1393 1414 1415
f 1393 1396 1414
f 1393 1415 1416
f 1393 1416 1394
f 1396 1417 1418
f 1397 1419 1380
f 1397 1399 1419
f 1397 1380 1375
f 1399 1398 1416
f 1399 1416 1415
f 1335 1394 1398
f 1378 1404 1400
f 1379 1420 1407
f 1400 1404 1421
f 1400 1421 1422
f 1400 1422 1423
f 1400 1423 1401
f 1402 1401 1424
f 1380 1419 1382
f 1381 1382 1403
f 1403 1425 1404
f 1403 1382 1419
f 1403 1419 1399
f 1403 1399 1415
f 1403 1415 1426
f 1405 1427 1428
f 1405 1428 1406
f 1405 1407 1427
f 1406 1428 1408
f 1408 1410 1385
f 1366 1429 1409
f 1410 1429 1366
f 1409 1429 1411
f 1411 1412 1391
f 1411 1429 1410
f 1392 1413 1430
f 1392 1430 1396
f 1412 1413 1392
f 1413 1412 1431
f 1413 1431 1432
f 1413 1432 1433
f 1414 1434 1415
f 1414 1396 1434
f 1415 1434 1426
f 1396 1430 1417
f 1417 1430 1413
f 1417 1413 1435
f 1417 1435 1418
f 1418 1436 1396
f 1418 1435 1437
f 1418 1437 1436
f 1398 1394 1416
f 1404 1425 1421
f 1379 1402 1438
f 1379 1438 1420
f 1402 1424 1438
f 1421 1425 1439
f 1401 1423 1424
f 1424 1423 1440
f 1424 1440 1441
f 1424 1441 1442
f 1424 1442 1438
f 1403 1426 1425
f 1408 1443 1410
f 1408 1428 1443
f 1410 1443 1411
f 1411 1443 1431
f 1411 1431 1412
f 1432 1444 1433
f 1433 1435 1413
f 1434 1439 1425
f 1434 1425 1426
f 1434 1396 1436
f 1434 1436 1439
f 1435 1433 1442
f 1435 1442 1441
f 1435 1441 1437
f 1436 1437 1445
f 1436 1445 1446
f 1436 1446 1439
f 1437 1441 1445
f 1420 1438 1407
f 1439 1446 1447
f 1439 1447 1421
f 1421 1447 1422
f 1422 1447 1440
f 1422 1440 1423
f 1440 1447 1445
f 1440 1445 1441
f 1442 1433 1444
f 1442 1444 1448
f 1442 1448 1438
f 1407 1448 1427
f 1407 1438 1448
f 1427 1449 1428
f 1443 1428 1449
f 1443 1449 1431
f 1431 1449 1427
f 1431 1427 1432
f 1432 1427 1444
f 1445 1447 1446
f 1444 1427 1448

o geometry_10
v -0.00915303 0.00093681 0.00148034
v -0.00892514 0.00012849 0.00148034
v -0.00492809 -0.00454392 0.00147934
v -0.00550341 0.00022194 0.00113363
v -0.00550341 0.00057704 0.00101873
v -0.00915303 0.00098588 0.00145212
v -0.00915344 0.00440491 -0.00543991
v -0.00915303 -0.00127323 0.00148034
v -0.00885648 -0.00016120 0.00148034
v -0.00492809 -0.00560572 0.00147934
v -0.00492809 -0.00298217 0.00059037
v -0.00866498 -0.00155942 0.00148034
v -0.00550341 0.00076861 0.00089375
v -0.00492809 -0.00181640 -0.00015951
v -0.00550341 0.00092397 0.00070224
v -0.00915303 0.00123118 0.00110742
v -0.00915220 0.00532771 -0.00634803
v -0.00915220 0.00532771 -0.00722793
v -0.00915220 0.00528099 -0.00718761
v -0.00915303 -0.00031305 -0.00158972
v -0.00915303 -0.00043337 -0.00146374
v -0.00915303 -0.00070554 -0.00117548
v -0.00915303 -0.00105597 -0.00077534
v -0.00915303 -0.00133397 -0.00041350
v -0.00915303 -0.00155942 -0.00005267
v -0.00915303 -0.00155942 0.00057726
v -0.00915303 -0.00131178 0.00138056
v -0.00914559 -0.00131178 0.00148034
v -0.00496283 -0.00562324 0.00147934
v -0.00492809 -0.00541415 0.00106408
v -0.00907445 -0.00155942 0.00148034
v -0.00492809 0.00087374 -0.00245753
v -0.00492809 0.00126505 -0.00283247
v -0.00492809 0.00613370 -0.00754542
v -0.00492809 0.00631008 -0.00777119
v -0.00751310 0.00631008 -0.00833057
v -0.00896650 0.00532771 -0.00747990
v -0.00751310 0.00631008 -0.00881538
v -0.00865464 0.00494924 -0.00757162
v -0.00900331 0.00500064 -0.00714327
v -0.00915220 0.00510811 -0.00703441
v -0.00915220 0.00107465 -0.00302195
v -0.00915220 0.00088659 -0.00282844
v -0.00915220 -0.00024530 -0.00166129
v -0.00865381 0.00035627 -0.00297559
v -0.00915220 0.00491420 -0.00684896
v -0.00915220 0.00317840 -0.00513149
v -0.00915220 0.00267612 -0.00463359
v -0.00915220 0.00240979 -0.00436851
v -0.00908851 -0.00047542 -0.00150809
v -0.00908396 -0.00084921 -0.00111903
v -0.00907693 -0.00122417 -0.00072494
v -0.00905997 -0.00159797 -0.00033287
v -0.00907238 -0.00156059 -0.00035001
v -0.00914517 -0.00133631 -0.00044576
v -0.00915262 -0.00156059 -0.00005368
v -0.00915262 -0.00156409 -0.00004763
v -0.00915262 -0.00164119 0.00034343
v -0.00913938 -0.00169609 0.00034343
v -0.00914104 -0.00132930 0.00148034
v -0.00533135 -0.00555433 0.00147934
v -0.00495290 -0.00542817 0.00109936
v -0.00492809 -0.00533005 0.00093104
v -0.00550010 -0.00493757 0.00055711
v -0.00524491 -0.00498079 0.00051175
v -0.00910547 -0.00169609 0.00072744
v -0.00904177 -0.00166922 0.00147934
v -0.00876838 -0.00246353 0.00147934
v -0.00876342 -0.00247638 0.00147934
v -0.00865257 -0.00275322 0.00147934
v -0.00855827 -0.00293778 0.00147934
v -0.00826296 -0.00347861 0.00147934
v -0.00814591 -0.00366317 0.00147934
v -0.00794821 -0.00393651 0.00147934
v -0.00779228 -0.00412107 0.00147934
v -0.00777739 -0.00413625 0.00147934
v -0.00759375 -0.00431030 0.00147934
v -0.00751310 -0.00438272 0.00147934
v -0.00738571 -0.00449369 0.00147934
v -0.00718304 -0.00465956 0.00147934
v -0.00688401 -0.00486515 0.00147934
v -0.00652748 -0.00507774 0.00147934
v -0.00637652 -0.00514900 0.00147934
v -0.00614739 -0.00525412 0.00147934
v -0.00571062 -0.00542467 0.00147934
v -0.00492809 0.00631008 -0.00872668
v -0.00888253 0.00532771 -0.00758977
v -0.00604812 0.00631008 -0.00881538
v -0.00573585 0.00610099 -0.00870854
v -0.00751310 0.00626453 -0.00879118
v -0.00841889 0.00532771 -0.00802518
v -0.00861369 0.00532771 -0.00792137
v -0.00865547 0.00532771 -0.00788609
v -0.00841889 0.00509409 -0.00782763
v -0.00841889 0.00488033 -0.00763512
v -0.00841889 0.00468759 -0.00745975
v -0.00865836 0.00456260 -0.00719971
v -0.00878410 0.00484762 -0.00729949
v -0.00900496 0.00461517 -0.00676329
v -0.00900455 0.00078379 -0.00293023
v -0.00900910 0.00231050 -0.00446930
v -0.00866043 0.00187830 -0.00451768
v -0.00829026 -0.00080366 -0.00221059
v -0.00828033 -0.00118329 -0.00182860
v -0.00854586 -0.00064947 -0.00206142
v -0.00893630 -0.00059457 -0.00158972
v -0.00900827 0.00307678 -0.00523430
v -0.00891686 0.00243666 -0.00472430
v -0.00898800 -0.00073123 -0.00137504
v -0.00863975 -0.00077095 -0.00180542
v -0.00897435 -0.00147999 -0.00058888
v -0.00896650 -0.00185495 -0.00018874
v -0.00903143 -0.00196241 0.00006727
v -0.00909885 -0.00171478 -0.00005267
v -0.00904094 -0.00200213 0.00034343
v -0.00902109 -0.00197760 0.00072744
v -0.00573544 -0.00501700 0.00081513
v -0.00508815 -0.00498079 0.00051175
v -0.00492809 -0.00517820 0.00076171
v -0.00573544 -0.00489785 0.00062262
v -0.00611843 -0.00463269 0.00046640
v -0.00665446 -0.00417480 0.00016705
v -0.00803589 0.00523776 -0.00803526
v -0.00803589 0.00532771 -0.00811186
v -0.00751310 0.00546087 -0.00822878
v -0.00611843 0.00545854 -0.00823079
v -0.00900537 -0.00192737 0.00104191
v -0.00899007 -0.00188532 0.00129691
v -0.00867573 -0.00279994 0.00111145
v -0.00857275 -0.00299151 0.00111145
v -0.00843915 -0.00322980 0.00111145
v -0.00828447 -0.00350080 0.00111145
v -0.00812068 -0.00369237 0.00111145
v -0.00792918 -0.00390029 0.00111145
v -0.00756108 -0.00427058 0.00117898
v -0.00751310 -0.00433249 0.00126062
v -0.00713631 -0.00461050 0.00124248
v -0.00640051 -0.00499831 0.00123341
v -0.00665694 -0.00493056 0.00133621
v -0.00597367 -0.00497378 0.00088770
v -0.00508856 0.00612202 -0.00869241
v -0.00498475 0.00631008 -0.00874986
v -0.00492809 0.00604492 -0.00856541
v -0.00566430 0.00631008 -0.00881437
v -0.00535161 0.00610099 -0.00870753
v -0.00726783 0.00610333 -0.00870450
v -0.00535161 0.00590826 -0.00857549
v -0.00611843 0.00590826 -0.00857650
v -0.00751310 0.00591176 -0.00857650
v -0.00751310 0.00610450 -0.00870350
v -0.00841889 0.00528566 -0.00799192
v -0.00716857 -0.00347277 -0.00026433
v -0.00742417 -0.00340502 -0.00020789
v -0.00788575 -0.00231168 -0.00103034
v -0.00866126 0.00226027 -0.00490169
v -0.00827537 -0.00156059 -0.00142846
v -0.00853594 -0.00102793 -0.00166532
v -0.00894540 -0.00156059 -0.00054050
v -0.00861328 -0.00189116 -0.00061710
v -0.00868773 -0.00197643 -0.00042257
v -0.00869848 -0.00236891 0.00003703
v -0.00866788 -0.00273102 0.00044321
v -0.00889039 -0.00171478 -0.00044576
v -0.00869228 -0.00279644 0.00072744
v -0.00535161 0.00545854 -0.00823079
v -0.00496821 0.00551928 -0.00818745
v -0.00492809 0.00549007 -0.00814109
v -0.00610809 -0.00482777 0.00074659
v -0.00633475 -0.00458480 0.00051679
v -0.00681866 -0.00426241 0.00042205
v -0.00692206 -0.00412457 0.00031420
v -0.00712886 -0.00384306 0.00010053
v -0.00751310 0.00565244 -0.00838399
v -0.00751310 0.00558235 -0.00832856
v -0.00611843 0.00565010 -0.00838399
v -0.00826875 -0.00347043 0.00085645
v -0.00751310 -0.00429394 0.00116084
v -0.00787665 -0.00383021 0.00088367
v -0.00745644 -0.00418414 0.00092298
v -0.00729596 -0.00439907 0.00108323
v -0.00720083 -0.00427058 0.00079497
v -0.00707344 -0.00418414 0.00053796
v -0.00699940 -0.00452640 0.00098647
v -0.00674380 -0.00459999 0.00087560
v -0.00687698 -0.00467358 0.00111246
v -0.00622886 -0.00491771 0.00097740
v -0.00529867 0.00631008 -0.00880832
v -0.00496407 0.00598535 -0.00853820
v -0.00496821 0.00571085 -0.00833662
v -0.00535161 0.00565010 -0.00838299
v -0.00492809 0.00572370 -0.00832755
v -0.00535161 0.00631008 -0.00881336
v -0.00751310 -0.00335946 -0.00016959
v -0.00786673 -0.00267846 -0.00064028
v -0.00751310 -0.00355337 0.00008944
v -0.00755074 -0.00349380 0.00004711
v -0.00800404 -0.00242965 -0.00076728
v -0.00814136 -0.00217968 -0.00089326
v -0.00825882 -0.00192387 -0.00103941
v -0.00862321 -0.00151854 -0.00101421
v -0.00824559 -0.00229065 -0.00063826
v -0.00858226 -0.00262473 0.00018721
v -0.00659077 -0.00451705 0.00062060
v -0.00738447 -0.00374961 0.00023256
v -0.00830349 -0.00311416 0.00044422
v -0.00817114 -0.00336998 0.00060045
v -0.00802431 -0.00360476 0.00074155
v -0.00769302 -0.00326835 -0.00008694
v -0.00814591 -0.00257099 -0.00042257
v -0.00780593 -0.00338750 0.00019527
v -0.00791595 -0.00348328 0.00045128
f 1450 1451 1452
f 1450 1452 1453
f 1450 1453 1454
f 1450 1454 1455
f 1450 1455 1456
f 1450 1456 1457
f 1450 1457 1477
f 1450 1477 1509
f 1450 1509 1480
f 1450 1480 1461
f 1450 1461 1458
f 1450 1458 1451
f 1451 1458 1452
f 1452 1459 1479
f 1452 1479 1512
f 1452 1512 1568
f 1452 1568 1616
f 1452 1616 1640
f 1452 1640 1592
f 1452 1592 1535
f 1452 1535 1484
f 1452 1484 1483
f 1452 1483 1482
f 1452 1482 1481
f 1452 1481 1463
f 1452 1463 1460
f 1452 1460 1454
f 1452 1454 1453
f 1452 1458 1461
f 1452 1461 1459
f 1454 1462 1455
f 1454 1460 1463
f 1454 1463 1462
f 1455 1462 1464
f 1455 1464 1465
f 1455 1465 1456
f 1456 1466 1467
f 1456 1467 1468
f 1456 1468 1469
f 1456 1469 1470
f 1456 1470 1471
f 1456 1471 1472
f 1456 1472 1473
f 1456 1473 1474
f 1456 1474 1475
f 1456 1475 1476
f 1456 1476 1457
f 1456 1465 1466
f 1457 1476 1477
f 1459 1478 1479
f 1459 1461 1478
f 1461 1480 1478
f 1462 1463 1481
f 1462 1481 1482
f 1462 1482 1483
f 1462 1483 1464
f 1464 1483 1484
f 1464 1484 1465
f 1465 1484 1466
f 1466 1484 1485
f 1466 1485 1487
f 1466 1487 1467
f 1467 1486 1468
f 1467 1487 1486
f 1468 1486 1488
f 1468 1488 1489
f 1468 1489 1490
f 1468 1490 1469
f 1469 1491 1492
f 1469 1492 1493
f 1469 1493 1494
f 1469 1494 1470
f 1469 1490 1495
f 1469 1495 1496
f 1469 1496 1497
f 1469 1497 1498
f 1469 1498 1491
f 1470 1499 1500
f 1470 1500 1471
f 1470 1494 1499
f 1471 1500 1501
f 1471 1501 1502
f 1471 1502 1472
f 1472 1502 1503
f 1472 1503 1504
f 1472 1504 1473
f 1473 1504 1505
f 1473 1505 1474
f 1474 1505 1506
f 1474 1506 1507
f 1474 1507 1475
f 1475 1507 1476
f 1476 1507 1477
f 1477 1507 1508
f 1477 1508 1509
f 1478 1480 1510
f 1478 1510 1511
f 1478 1511 1479
f 1479 1511 1510
f 1479 1510 1513
f 1479 1513 1514
f 1479 1514 1512
f 1480 1509 1515
f 1480 1515 1516
f 1480 1516 1517
f 1480 1517 1518
f 1480 1518 1519
f 1480 1519 1520
f 1480 1520 1521
f 1480 1521 1522
f 1480 1522 1523
f 1480 1523 1524
f 1480 1524 1525
f 1480 1525 1526
f 1480 1526 1527
f 1480 1527 1528
f 1480 1528 1529
f 1480 1529 1530
f 1480 1530 1531
f 1480 1531 1532
f 1480 1532 1533
f 1480 1533 1534
f 1480 1534 1510
f 1484 1535 1591
f 1484 1591 1636
f 1484 1636 1641
f 1484 1641 1593
f 1484 1593 1537
f 1484 1537 1487
f 1484 1487 1485
f 1486 1487 1536
f 1486 1536 1488
f 1487 1537 1538
f 1487 1538 1539
f 1487 1539 1540
f 1487 1540 1541
f 1487 1541 1542
f 1487 1542 1536
f 1488 1543 1544
f 1488 1544 1545
f 1488 1545 1546
f 1488 1546 1547
f 1488 1547 1489
f 1488 1536 1542
f 1488 1542 1541
f 1488 1541 1543
f 1489 1547 1546
f 1489 1546 1548
f 1489 1548 1495
f 1489 1495 1490
f 1491 1549 1492
f 1491 1498 1550
f 1491 1550 1551
f 1491 1551 1549
f 1492 1549 1493
f 1493 1549 1494
f 1494 1552 1553
f 1494 1553 1554
f 1494 1554 1555
f 1494 1555 1499
f 1494 1549 1551
f 1494 1551 1552
f 1495 1548 1496
f 1496 1548 1556
f 1496 1556 1497
f 1497 1556 1498
f 1498 1556 1557
f 1498 1557 1550
f 1499 1555 1558
f 1499 1558 1500
f 1500 1558 1559
f 1500 1559 1560
f 1500 1560 1501
f 1501 1560 1561
f 1501 1561 1502
f 1502 1561 1562
f 1502 1562 1503
f 1503 1562 1504
f 1504 1562 1563
f 1504 1563 1505
f 1505 1563 1506
f 1506 1563 1562
f 1506 1562 1564
f 1506 1564 1508
f 1506 1508 1507
f 1508 1564 1565
f 1508 1565 1515
f 1508 1515 1509
f 1510 1534 1566
f 1510 1566 1513
f 1512 1567 1568
f 1512 1514 1567
f 1513 1569 1570
f 1513 1570 1571
f 1513 1571 1514
f 1513 1566 1569
f 1514 1571 1545
f 1514 1545 1544
f 1514 1544 1543
f 1514 1543 1572
f 1514 1572 1573
f 1514 1573 1574
f 1514 1574 1575
f 1514 1575 1614
f 1514 1614 1567
f 1515 1565 1516
f 1516 1565 1576
f 1516 1576 1577
f 1516 1577 1517
f 1517 1578 1518
f 1517 1577 1576
f 1517 1576 1565
f 1517 1565 1578
f 1518 1578 1519
f 1519 1578 1520
f 1520 1578 1579
f 1520 1579 1521
f 1521 1579 1580
f 1521 1580 1581
f 1521 1581 1522
f 1522 1581 1523
f 1523 1581 1524
f 1524 1581 1582
f 1524 1582 1583
f 1524 1583 1525
f 1525 1583 1584
f 1525 1584 1526
f 1526 1584 1585
f 1526 1585 1527
f 1527 1585 1528
f 1528 1585 1529
f 1529 1585 1584
f 1529 1584 1586
f 1529 1586 1530
f 1530 1586 1531
f 1531 1587 1532
f 1531 1586 1588
f 1531 1588 1587
f 1532 1587 1533
f 1533 1587 1589
f 1533 1589 1534
f 1534 1589 1566
f 1535 1590 1591
f 1535 1592 1590
f 1537 1593 1594
f 1537 1594 1538
f 1538 1595 1539
f 1538 1594 1596
f 1538 1596 1597
f 1538 1597 1598
f 1538 1598 1595
f 1539 1595 1599
f 1539 1599 1540
f 1540 1599 1573
f 1540 1573 1600
f 1540 1600 1541
f 1541 1600 1543
f 1543 1600 1572
f 1545 1571 1601
f 1545 1601 1602
f 1545 1602 1603
f 1545 1603 1546
f 1546 1603 1552
f 1546 1552 1604
f 1546 1604 1557
f 1546 1557 1556
f 1546 1556 1548
f 1550 1557 1604
f 1550 1604 1551
f 1551 1604 1552
f 1552 1603 1553
f 1553 1603 1605
f 1553 1605 1554
f 1554 1605 1606
f 1554 1606 1559
f 1554 1559 1558
f 1554 1558 1555
f 1559 1606 1607
f 1559 1607 1560
f 1560 1607 1561
f 1561 1608 1609
f 1561 1609 1610
f 1561 1610 1611
f 1561 1611 1562
f 1561 1607 1612
f 1561 1612 1608
f 1562 1611 1613
f 1562 1613 1564
f 1564 1613 1578
f 1564 1578 1565
f 1566 1589 1569
f 1567 1614 1615
f 1567 1615 1568
f 1568 1615 1616
f 1569 1617 1618
f 1569 1618 1570
f 1569 1589 1617
f 1570 1618 1571
f 1571 1618 1619
f 1571 1619 1620
f 1571 1620 1621
f 1571 1621 1602
f 1571 1602 1601
f 1572 1600 1573
f 1573 1599 1598
f 1573 1598 1622
f 1573 1622 1623
f 1573 1623 1574
f 1574 1623 1575
f 1575 1623 1624
f 1575 1624 1614
f 1578 1613 1579
f 1579 1613 1580
f 1580 1613 1581
f 1581 1613 1625
f 1581 1625 1582
f 1582 1625 1583
f 1583 1625 1584
f 1584 1626 1586
f 1584 1625 1627
f 1584 1627 1628
f 1584 1628 1626
f 1586 1629 1630
f 1586 1630 1631
f 1586 1631 1632
f 1586 1632 1633
f 1586 1633 1634
f 1586 1634 1588
f 1586 1626 1629
f 1587 1588 1633
f 1587 1633 1618
f 1587 1618 1635
f 1587 1635 1589
f 1588 1634 1633
f 1589 1635 1617
f 1590 1594 1636
f 1590 1636 1591
f 1590 1592 1637
f 1590 1637 1638
f 1590 1638 1615
f 1590 1615 1639
f 1590 1639 1596
f 1590 1596 1594
f 1592 1640 1637
f 1593 1641 1594
f 1594 1641 1636
f 1595 1598 1599
f 1596 1639 1624
f 1596 1624 1597
f 1597 1624 1622
f 1597 1622 1598
f 1602 1642 1643
f 1602 1643 1603
f 1602 1621 1644
f 1602 1644 1645
f 1602 1645 1642
f 1603 1643 1646
f 1603 1646 1647
f 1603 1647 1605
f 1605 1647 1648
f 1605 1648 1608
f 1605 1608 1612
f 1605 1612 1649
f 1605 1649 1606
f 1606 1649 1612
f 1606 1612 1607
f 1608 1648 1610
f 1608 1610 1609
f 1610 1650 1651
f 1610 1651 1611
f 1610 1648 1650
f 1611 1651 1625
f 1611 1625 1613
f 1614 1624 1639
f 1614 1639 1615
f 1615 1638 1640
f 1615 1640 1616
f 1617 1635 1618
f 1618 1633 1652
f 1618 1652 1619
f 1619 1631 1620
f 1619 1652 1633
f 1619 1633 1632
f 1619 1632 1631
f 1620 1631 1621
f 1621 1631 1628
f 1621 1628 1653
f 1621 1653 1644
f 1622 1624 1623
f 1625 1654 1655
f 1625 1655 1656
f 1625 1656 1627
f 1625 1651 1654
f 1626 1628 1629
f 1627 1656 1645
f 1627 1645 1644
f 1627 1644 1628
f 1628 1631 1630
f 1628 1630 1629
f 1628 1644 1653
f 1637 1640 1638
f 1642 1645 1657
f 1642 1657 1643
f 1643 1651 1658
f 1643 1658 1650
f 1643 1650 1646
f 1643 1657 1659
f 1643 1659 1655
f 1643 1655 1654
f 1643 1654 1651
f 1645 1656 1660
f 1645 1660 1659
f 1645 1659 1657
f 1646 1650 1647
f 1647 1650 1648
f 1650 1658 1651
f 1655 1659 1660
f 1655 1660 1656

o geometry_11
v -0.00872081 -0.00258452 0.00148017
v -0.00876444 -0.00247562 0.00148017
v -0.00915350 -0.00164069 0.00034288
v -0.00915350 -0.00156433 -0.00004935
v -0.00915350 -0.00133275 -0.00041417
v -0.00915350 -0.00105486 -0.00077386
v -0.00867636 0.00532794 -0.00785965
v -0.00867636 0.00532794 -0.00707006
v -0.00872081 -0.00207881 0.00332484
v -0.00900117 -0.00152427 0.00254209
v -0.00923056 -0.00131147 0.00034288
v -0.00899359 -0.00111870 0.00398597
v -0.00912742 -0.00092843 0.00302852
v -0.00938597 -0.00076194 -0.00064197
v -0.00941359 -0.00042521 -0.00107531
v -0.00934460 -0.00030880 -0.00132880
v -0.00915350 -0.00070436 -0.00117465
v -0.00867636 0.00581238 -0.00824674
v -0.00915350 -0.00024621 -0.00165937
v -0.00915350 0.00088665 -0.00282577
v -0.00915350 0.00250832 -0.00446148
v -0.00915350 0.00491360 -0.00684911
v -0.00940565 0.00611906 -0.00754964
v -0.00867636 0.01020360 -0.00819878
v -0.00872081 0.00087413 0.00829876
v -0.00872081 -0.00049907 0.00829876
v -0.00872081 -0.00093844 0.00698677
v -0.00872081 -0.00170578 0.00456489
v -0.00938129 -0.00037076 0.00117101
v -0.00914479 -0.00054413 0.00398854
v -0.00955656 0.00022321 -0.00119006
v -0.00942699 -0.00005344 -0.00146754
v -0.00944690 0.00127845 -0.00281892
v -0.00944856 0.00280937 -0.00435272
v -0.00944192 0.00492362 -0.00645345
v -0.00944584 0.00532794 -0.00683540
v -0.00867636 0.01020360 -0.00887876
v -0.00878447 0.01020360 -0.00082010
v -0.00883248 0.01020360 0.00148017
v -0.00889721 0.01019108 0.00303366
v -0.00917780 0.01019108 0.00829876
v -0.00880154 -0.00026123 0.00829876
v -0.00900532 -0.00000712 0.00717689
v -0.00946042 0.00022321 0.00149558
v -0.00915445 0.00060625 0.00724711
v -0.00976330 0.00309352 -0.00406926
v -0.00959129 0.00060625 -0.00119006
v -0.00952811 0.00060625 0.00111021
v -0.00957956 0.00099054 0.00072654
v -0.00970379 0.00321870 -0.00432446
v -0.00969810 0.00493301 -0.00606123
v -0.00949231 0.00598387 -0.00732355
v -0.00946777 0.00635690 -0.00762671
v -0.00898979 0.00998329 -0.00866123
v -0.00911509 0.01020360 -0.00841973
v -0.00926968 0.01020360 0.00148017
v -0.00958264 0.01019108 0.00829876
v -0.00900283 0.00038218 0.00829876
v -0.00938959 0.00169279 0.00698334
v -0.00914829 0.00099054 0.00829876
v -0.00945111 0.00213967 0.00705528
v -0.00978642 0.00520527 -0.00578889
v -0.00976852 0.00538052 -0.00638152
v -0.00976496 0.00300465 -0.00348862
v -0.00976413 0.00497619 0.00601733
v -0.00976211 0.00385210 0.00171996
v -0.00977077 0.00329005 -0.00387229
v -0.00955727 0.00290701 0.00667162
v -0.00976330 0.00577733 -0.00675319
v -0.00943090 0.00682631 -0.00795899
v -0.00900497 0.00652714 -0.00829470
v -0.00868531 0.00661789 -0.00870833
v -0.00867636 0.00984935 -0.00900979
v -0.00914841 0.00942500 -0.00862355
v -0.00938739 0.00966659 -0.00829641
v -0.00923435 0.01020360 -0.00808060
v -0.00976247 0.00923598 0.00544184
v -0.00976840 0.00928480 0.00647979
v -0.00977764 0.00933112 0.00829876
v -0.00939036 0.00968286 -0.00809088
v -0.00939545 0.00223981 0.00829876
v -0.00945325 0.00266542 0.00829876
v -0.00985114 0.00616538 0.00072654
v -0.00985431 0.00674119 0.00024696
v -0.00978310 0.00558956 -0.00617427
v -0.00981605 0.00482222 0.00111021
v -0.00956770 0.00367435 0.00829876
v -0.00981659 0.00578108 0.00590515
v -0.00983573 0.00597260 0.00532879
v -0.00962176 0.00712424 -0.00770721
v -0.00948567 0.00712424 -0.00802579
v -0.00867636 0.00903945 -0.00917678
v -0.00927904 0.00903945 -0.00856360
v -0.00950772 0.00903945 -0.00809088
v -0.00943979 0.00942500 -0.00809088
v -0.00982198 0.00904070 0.00829876
v -0.00984735 0.00587747 0.00120462
v -0.00986649 0.00712424 0.00167971
v -0.00976271 0.00620168 -0.00677032
v -0.00986632 0.00673994 0.00532879
v -0.00977006 0.00602518 0.00829876
v -0.00984504 0.00635690 0.00590515
v -0.00956000 0.00827337 -0.00809088
v -0.00954921 0.00789032 -0.00809088
v -0.00943019 0.00789032 -0.00833923
v -0.00939996 0.00762745 -0.00830497
v -0.00867636 0.00727883 -0.00898752
v -0.00928615 0.00865766 -0.00857217
v -0.00945579 0.00865766 -0.00838034
v -0.00944240 0.00903945 -0.00837177
v -0.00954933 0.00865766 -0.00809088
v -0.00956142 0.00865766 -0.00770721
v -0.00982542 0.00865766 0.00494513
v -0.00986881 0.00827462 0.00494513
v -0.00987728 0.00712424 0.00513696
v -0.00988742 0.00789032 0.00494513
v -0.00984830 0.00712424 0.00034288
v -0.00959212 0.00827337 -0.00770721
v -0.00985920 0.00789032 0.00302852
v -0.00986762 0.00693209 0.00571417
v -0.00981368 0.00673994 0.00829876
v -0.00945224 0.00827337 -0.00836492
v -0.00867636 0.00755735 -0.00906716
v -0.00867636 0.00865766 -0.00919905
v -0.00867636 0.00805180 -0.00914510
v -0.00985197 0.00865766 0.00829876
v -0.00988730 0.00789032 0.00532879
v -0.00984142 0.00750603 0.00829876
v -0.00985019 0.00789032 0.00829876
f 1661 1662 1663
f 1661 1663 1664
f 1661 1664 1665
f 1661 1665 1666
f 1661 1666 1667
f 1661 1667 1668
f 1662 1661 1669
f 1662 1669 1670
f 1662 1670 1663
f 1663 1670 1672
f 1663 1672 1673
f 1663 1673 1671
f 1664 1663 1674
f 1664 1674 1665
f 1665 1674 1675
f 1665 1675 1666
f 1666 1675 1676
f 1666 1676 1677
f 1666 1677 1667
f 1667 1678 1732
f 1667 1732 1767
f 1667 1767 1783
f 1667 1783 1785
f 1667 1785 1784
f 1667 1784 1752
f 1667 1752 1733
f 1667 1733 1697
f 1667 1697 1684
f 1667 1684 1668
f 1667 1677 1679
f 1667 1679 1680
f 1667 1680 1681
f 1667 1681 1682
f 1667 1683 1678
f 1668 1684 1685
f 1668 1685 1686
f 1668 1686 1687
f 1668 1687 1688
f 1668 1688 1669
f 1668 1669 1661
f 1669 1688 1672
f 1669 1672 1670
f 1671 1689 1674
f 1671 1674 1663
f 1671 1673 1689
f 1673 1672 1690
f 1673 1690 1689
f 1674 1691 1675
f 1676 1679 1677
f 1676 1675 1692
f 1679 1676 1680
f 1680 1676 1693
f 1680 1693 1681
f 1681 1693 1694
f 1681 1694 1682
f 1682 1694 1695
f 1682 1696 1667
f 1682 1695 1696
f 1684 1697 1715
f 1684 1715 1736
f 1684 1736 1716
f 1684 1716 1699
f 1684 1699 1698
f 1684 1698 1685
f 1685 1699 1700
f 1685 1700 1701
f 1685 1701 1717
f 1685 1717 1739
f 1685 1739 1756
f 1685 1756 1786
f 1685 1786 1789
f 1685 1789 1788
f 1685 1788 1781
f 1685 1781 1761
f 1685 1761 1747
f 1685 1747 1742
f 1685 1742 1741
f 1685 1741 1720
f 1685 1720 1718
f 1685 1718 1702
f 1685 1702 1686
f 1685 1698 1699
f 1686 1702 1687
f 1672 1688 1687
f 1672 1687 1702
f 1689 1690 1705
f 1689 1704 1691
f 1689 1691 1674
f 1672 1703 1690
f 1675 1706 1692
f 1691 1707 1706
f 1691 1706 1675
f 1691 1704 1708
f 1691 1708 1709
f 1691 1709 1707
f 1692 1706 1693
f 1692 1693 1676
f 1693 1710 1711
f 1693 1711 1694
f 1694 1711 1695
f 1667 1696 1712
f 1667 1712 1683
f 1683 1712 1713
f 1683 1713 1678
f 1697 1714 1715
f 1699 1716 1717
f 1699 1717 1701
f 1699 1701 1700
f 1702 1718 1703
f 1702 1703 1672
f 1705 1719 1689
f 1705 1720 1719
f 1689 1719 1704
f 1690 1703 1705
f 1706 1710 1693
f 1706 1722 1723
f 1707 1724 1706
f 1707 1709 1725
f 1707 1725 1726
f 1707 1726 1724
f 1706 1727 1722
f 1708 1721 1728
f 1708 1728 1709
f 1710 1706 1723
f 1710 1723 1711
f 1711 1723 1696
f 1711 1696 1695
f 1712 1729 1713
f 1713 1729 1730
f 1713 1730 1731
f 1713 1731 1678
f 1678 1731 1732
f 1697 1733 1714
f 1714 1734 1735
f 1714 1735 1715
f 1716 1736 1717
f 1717 1737 1738
f 1717 1738 1739
f 1717 1736 1740
f 1717 1740 1737
f 1719 1741 1721
f 1705 1703 1718
f 1705 1718 1720
f 1720 1741 1719
f 1719 1721 1704
f 1721 1741 1742
f 1721 1742 1728
f 1704 1721 1708
f 1722 1727 1743
f 1722 1743 1744
f 1722 1744 1745
f 1722 1745 1723
f 1724 1726 1746
f 1725 1728 1747
f 1725 1709 1728
f 1726 1725 1748
f 1726 1748 1749
f 1706 1724 1727
f 1723 1729 1696
f 1696 1729 1712
f 1730 1729 1751
f 1730 1751 1732
f 1730 1732 1731
f 1733 1752 1734
f 1733 1734 1714
f 1734 1753 1735
f 1735 1754 1755
f 1735 1755 1740
f 1735 1740 1736
f 1735 1736 1715
f 1737 1756 1738
f 1737 1740 1755
f 1737 1755 1754
f 1738 1756 1739
f 1743 1727 1757
f 1744 1743 1758
f 1745 1744 1759
f 1745 1759 1729
f 1745 1729 1723
f 1726 1749 1746
f 1746 1749 1760
f 1724 1746 1757
f 1725 1747 1761
f 1725 1761 1748
f 1749 1748 1762
f 1749 1762 1760
f 1724 1757 1727
f 1728 1742 1747
f 1729 1759 1763
f 1729 1763 1750
f 1750 1751 1729
f 1750 1763 1764
f 1750 1764 1751
f 1751 1765 1766
f 1751 1766 1767
f 1751 1767 1732
f 1752 1753 1734
f 1753 1768 1769
f 1753 1769 1770
f 1753 1770 1735
f 1735 1770 1754
f 1754 1770 1771
f 1754 1771 1772
f 1754 1772 1773
f 1754 1773 1737
f 1737 1773 1756
f 1756 1773 1774
f 1757 1775 1743
f 1744 1758 1777
f 1744 1777 1759
f 1759 1778 1771
f 1759 1771 1763
f 1759 1777 1779
f 1760 1762 1780
f 1760 1780 1775
f 1746 1760 1757
f 1761 1781 1748
f 1748 1781 1762
f 1763 1771 1769
f 1763 1769 1782
f 1763 1782 1764
f 1764 1782 1765
f 1764 1765 1751
f 1765 1783 1766
f 1766 1783 1767
f 1752 1784 1753
f 1753 1784 1768
f 1768 1782 1769
f 1768 1784 1785
f 1768 1785 1782
f 1769 1771 1770
f 1771 1778 1772
f 1772 1778 1779
f 1772 1779 1774
f 1772 1774 1773
f 1756 1774 1786
f 1774 1779 1776
f 1774 1787 1786
f 1774 1776 1787
f 1775 1757 1760
f 1743 1775 1776
f 1743 1776 1758
f 1776 1779 1777
f 1776 1777 1758
f 1778 1759 1779
f 1780 1787 1775
f 1781 1788 1762
f 1780 1762 1788
f 1782 1785 1765
f 1765 1785 1783
f 1776 1775 1787
f 1788 1789 1780
f 1780 1789 1787
f 1786 1787 1789

o geometry_12
v 0.00899768 0.01088502 0.00830090
v 0.00852402 0.01088502 0.00830090
v 0.00899389 0.01088502 0.00820803
v 0.00764925 0.01274877 -0.00610228
v 0.00878622 0.01168935 0.01299651
v 0.00879712 0.01168935 0.01338249
v 0.00879807 0.01168935 0.01342312
v 0.00880329 0.01168935 0.01376557
v 0.00880803 0.01168935 0.01414865
v 0.00881087 0.01168935 0.01453173
v 0.00880803 0.01168935 0.01491481
v 0.00880044 0.01168935 0.01530079
v 0.00878954 0.01168935 0.01568387
v 0.00877721 0.01168935 0.01606405
v 0.00876393 0.01168935 0.01645003
v 0.00873691 0.01168935 0.01721618
v 0.00873549 0.01168935 0.01725391
v 0.00871747 0.01168935 0.01760797
v 0.00871131 0.01168935 0.01767472
v 0.00868855 0.01168935 0.01789818
v 0.00867812 0.01168935 0.01798234
v 0.00837989 0.01168902 0.02028662
v 0.00837420 0.01168902 0.02032435
v 0.00832015 0.01168902 0.02067840
v 0.00829739 0.01168902 0.02080900
v 0.00805416 0.01168902 0.02185956
v 0.00796645 0.01168902 0.02223394
v 0.00791856 0.01168902 0.02241386
v 0.00760658 0.01168902 0.02339478
v 0.00755680 0.01168902 0.02354569
v 0.00842351 0.01088502 0.00685564
v 0.00713293 0.01168902 0.02354569
v 0.00711965 0.01168902 0.02353408
v 0.00711396 0.01169069 0.02354569
v 0.00865678 0.01088502 0.00148384
v 0.00764925 0.01203225 -0.00610228
v 0.00760469 0.01280286 -0.00610228
v 0.00823243 0.01265127 0.01721618
v 0.00822864 0.01264560 0.01683020
v 0.00836377 0.01241822 0.01491481
v 0.00855105 0.01215746 0.01453173
v 0.00866294 0.01194444 0.01338249
v 0.00876725 0.01172741 0.01299651
v 0.00877768 0.01172741 0.01338249
v 0.00878432 0.01172741 0.01376557
v 0.00878954 0.01172741 0.01414865
v 0.00879286 0.01172741 0.01453173
v 0.00879191 0.01172741 0.01491481
v 0.00878669 0.01172741 0.01530079
v 0.00877768 0.01172741 0.01568387
v 0.00876583 0.01172741 0.01606405
v 0.00875303 0.01172741 0.01645003
v 0.00872648 0.01172741 0.01721618
v 0.00869756 0.01175913 0.01761087
v 0.00863639 0.01190805 0.01774727
v 0.00829312 0.01200754 0.02028662
v 0.00827605 0.01195612 0.02055651
v 0.00837230 0.01172741 0.02028662
v 0.00830924 0.01174477 0.02067840
v 0.00795317 0.01214177 0.02184795
v 0.00791477 0.01203459 0.02213817
v 0.00805653 0.01172741 0.02182183
v 0.00795175 0.01176414 0.02224264
v 0.00787684 0.01191606 0.02239355
v 0.00750512 0.01195546 0.02354569
v 0.00761322 0.01172741 0.02335415
v 0.00755016 0.01172741 0.02354569
v 0.00840217 0.01088502 0.00648417
v 0.00586179 0.01370535 0.02354569
v 0.00415397 0.01390402 0.00830090
v 0.00415397 0.01380919 0.00569480
v 0.00415397 0.01380752 0.00562805
v 0.00415397 0.01379751 0.00520434
v 0.00415397 0.01378448 0.00456878
v 0.00415397 0.01378115 0.00418570
v 0.00817364 0.01088502 0.00148384
v 0.00817791 0.01088502 0.00174503
v 0.00818834 0.01088502 0.00218905
v 0.00819024 0.01088502 0.00225290
v 0.00819261 0.01088502 0.00231384
v 0.00832252 0.01088502 0.00491994
v 0.00836092 0.01088502 0.00568609
v 0.00495620 0.01352238 -0.00610228
v 0.00757102 0.01283925 -0.00610228
v 0.00822580 0.01263825 0.01760216
v 0.00835571 0.01246029 0.01721618
v 0.00855579 0.01215612 0.01491481
v 0.00804136 0.01285661 0.01721618
v 0.00784744 0.01303090 0.01913448
v 0.00866721 0.01195145 0.01376557
v 0.00867243 0.01196581 0.01453173
v 0.00867148 0.01196447 0.01491481
v 0.00865631 0.01193609 0.01721618
v 0.00865299 0.01193008 0.01748898
v 0.00826468 0.01230504 0.01972071
v 0.00796171 0.01252874 0.02107889
v 0.00793231 0.01243525 0.02143876
v 0.00790197 0.01235879 0.02173767
v 0.00786641 0.01229001 0.02199306
v 0.00751318 0.01234410 0.02321485
v 0.00753783 0.01208701 0.02334835
v 0.00743874 0.01216480 0.02354569
v 0.00652699 0.01370535 0.02354569
v 0.00415397 0.01429600 0.00830090
v 0.00415397 0.01378315 0.00380262
v 0.00415397 0.01379450 0.00175663
v 0.00415397 0.01379617 0.00148384
v 0.00495620 0.01400852 -0.00610228
v 0.00740840 0.01299451 -0.00610228
v 0.00785929 0.01304827 0.01721618
v 0.00834860 0.01244727 0.01760216
v 0.00784317 0.01302322 0.01934633
v 0.00783938 0.01301655 0.01952046
v 0.00796740 0.01282490 0.01952046
v 0.00795507 0.01280286 0.01990354
v 0.00854726 0.01212841 0.01721618
v 0.00785645 0.01304693 0.01760216
v 0.00745344 0.01340986 0.01990354
v 0.00763456 0.01321788 0.01990354
v 0.00829265 0.01235044 0.01913448
v 0.00827558 0.01232373 0.01952046
v 0.00794037 0.01277715 0.02028662
v 0.00791761 0.01274142 0.02066970
v 0.00789533 0.01270904 0.02097152
v 0.00787304 0.01267899 0.02122690
v 0.00757624 0.01282256 0.02220491
v 0.00753167 0.01275211 0.02252415
v 0.00749564 0.01268533 0.02277953
v 0.00759995 0.01253241 0.02262572
v 0.00754969 0.01242924 0.02297107
v 0.00721258 0.01289935 0.02336866
v 0.00718413 0.01283324 0.02354569
v 0.00731973 0.01250370 0.02354569
v 0.00656255 0.01367297 0.02354569
v 0.00659432 0.01370535 0.02335415
v 0.00659526 0.01370535 0.02335125
v 0.00671095 0.01370535 0.02297107
v 0.00674130 0.01370535 0.02282306
v 0.00678918 0.01370535 0.02258799
v 0.00683565 0.01370535 0.02235582
v 0.00693806 0.01370535 0.02182183
v 0.00696129 0.01370535 0.02167092
v 0.00699685 0.01370535 0.02143876
v 0.00703858 0.01370535 0.02105568
v 0.00704474 0.01370535 0.02098022
v 0.00707840 0.01370535 0.02056522
v 0.00709974 0.01370535 0.02028662
v 0.00710732 0.01370535 0.02015312
v 0.00711918 0.01370535 0.01990354
v 0.00495620 0.01418348 -0.00540578
v 0.00415397 0.01422087 0.00148384
v 0.00495620 0.01414241 -0.00577435
v 0.00535494 0.01394842 -0.00610228
v 0.00717228 0.01318850 -0.00610228
v 0.00722349 0.01316713 -0.00578886
v 0.00746529 0.01342322 0.01760216
v 0.00746814 0.01342389 0.01798234
v 0.00761844 0.01320887 0.02028662
v 0.00782611 0.01299484 0.01990354
v 0.00726142 0.01358682 0.01990354
v 0.00725146 0.01357747 0.02028662
v 0.00744301 0.01340052 0.02028662
v 0.00781046 0.01296880 0.02028662
v 0.00778675 0.01293307 0.02066970
v 0.00753783 0.01312706 0.02143876
v 0.00751460 0.01309434 0.02171736
v 0.00760374 0.01290837 0.02183635
v 0.00745676 0.01301421 0.02220491
v 0.00718318 0.01316379 0.02297107
v 0.00714431 0.01311337 0.02325258
v 0.00709168 0.01304125 0.02350796
v 0.00708646 0.01302189 0.02354569
v 0.00665406 0.01357948 0.02354569
v 0.00678397 0.01351270 0.02335415
v 0.00684229 0.01357380 0.02297107
v 0.00713625 0.01347698 0.02211495
v 0.00716517 0.01350402 0.02182183
v 0.00694944 0.01369567 0.02182183
v 0.00721732 0.01354709 0.02105568
v 0.00719504 0.01352906 0.02143876
v 0.00723487 0.01356245 0.02066970
v 0.00711965 0.01370535 0.01975843
v 0.00577123 0.01397747 -0.00540578
v 0.00495620 0.01418147 -0.00549865
v 0.00495620 0.01415643 -0.00573662
v 0.00555218 0.01391203 -0.00610228
v 0.00682427 0.01343824 -0.00610228
v 0.00677875 0.01348632 -0.00605875
v 0.00698927 0.01335945 -0.00578886
v 0.00679772 0.01349935 -0.00578886
v 0.00711396 0.01370535 0.01937826
v 0.00742641 0.01338115 0.02066970
v 0.00740935 0.01335444 0.02105568
v 0.00759473 0.01318950 0.02066970
v 0.00756628 0.01316245 0.02105568
v 0.00738706 0.01331905 0.02143876
v 0.00722728 0.01322055 0.02258799
v 0.00703431 0.01335577 0.02297107
v 0.00674983 0.01347597 0.02354569
v 0.00691435 0.01326162 0.02354569
v 0.00710353 0.01344459 0.02237033
v 0.00605049 0.01387163 -0.00540578
v 0.00604670 0.01386862 -0.00578886
v 0.00577123 0.01396011 -0.00578886
v 0.00601114 0.01385260 -0.00600942
v 0.00577123 0.01388665 -0.00605875
v 0.00577123 0.01385994 -0.00610228
v 0.00669720 0.01350502 -0.00610228
v 0.00623872 0.01377881 -0.00578886
v 0.00653837 0.01363457 -0.00578886
v 0.00609648 0.01376612 -0.00610228
f 1790 1791 1820
f 1790 1820 1857
f 1790 1857 1871
f 1790 1871 1870
f 1790 1870 1869
f 1790 1869 1868
f 1790 1868 1867
f 1790 1867 1866
f 1790 1866 1865
f 1790 1865 1824
f 1790 1824 1792
f 1790 1792 1793
f 1790 1793 1794
f 1790 1794 1795
f 1790 1795 1796
f 1790 1796 1797
f 1790 1797 1798
f 1790 1798 1799
f 1790 1799 1800
f 1790 1800 1801
f 1790 1801 1802
f 1790 1802 1803
f 1790 1803 1804
f 1790 1804 1805
f 1790 1805 1806
f 1790 1806 1807
f 1790 1807 1808
f 1790 1808 1809
f 1790 1809 1810
f 1790 1810 1811
f 1790 1811 1812
f 1790 1812 1813
f 1790 1813 1814
f 1790 1814 1815
f 1790 1815 1816
f 1790 1816 1817
f 1790 1817 1818
f 1790 1818 1819
f 1790 1819 1821
f 1790 1821 1791
f 1791 1821 1822
f 1791 1822 1823
f 1791 1823 1820
f 1792 1824 1793
f 1793 1825 1872
f 1793 1872 1897
f 1793 1897 1942
f 1793 1942 1975
f 1793 1975 1996
f 1793 1996 2000
f 1793 2000 1997
f 1793 1997 1976
f 1793 1976 1943
f 1793 1943 1898
f 1793 1898 1873
f 1793 1873 1826
f 1793 1826 1827
f 1793 1827 1828
f 1793 1828 1829
f 1793 1829 1830
f 1793 1830 1831
f 1793 1831 1832
f 1793 1832 1794
f 1793 1824 1825
f 1794 1832 1795
f 1795 1832 1833
f 1795 1833 1796
f 1796 1834 1797
f 1796 1833 1834
f 1797 1835 1798
f 1797 1834 1835
f 1798 1835 1836
f 1798 1836 1799
f 1799 1836 1837
f 1799 1837 1800
f 1800 1837 1838
f 1800 1838 1801
f 1801 1838 1839
f 1801 1839 1802
f 1802 1839 1840
f 1802 1840 1803
f 1803 1840 1841
f 1803 1841 1804
f 1804 1841 1842
f 1804 1842 1805
f 1805 1842 1806
f 1806 1842 1843
f 1806 1843 1807
f 1807 1843 1808
f 1808 1843 1809
f 1809 1843 1844
f 1809 1844 1845
f 1809 1845 1846
f 1809 1846 1810
f 1810 1846 1847
f 1810 1847 1811
f 1811 1847 1812
f 1812 1847 1848
f 1812 1848 1813
f 1813 1848 1814
f 1814 1848 1846
f 1814 1846 1849
f 1814 1849 1850
f 1814 1850 1851
f 1814 1851 1815
f 1815 1851 1816
f 1816 1852 1817
f 1816 1851 1852
f 1817 1852 1853
f 1817 1853 1854
f 1817 1854 1855
f 1817 1855 1818
f 1818 1855 1856
f 1818 1856 1819
f 1819 1856 1854
f 1819 1854 1891
f 1819 1891 1922
f 1819 1922 1921
f 1819 1921 1961
f 1819 1961 1989
f 1819 1989 1988
f 1819 1988 1962
f 1819 1962 1923
f 1819 1923 1892
f 1819 1892 1858
f 1819 1858 1823
f 1819 1823 1821
f 1820 1823 1857
f 1821 1823 1822
f 1823 1858 1859
f 1823 1859 1860
f 1823 1860 1861
f 1823 1861 1862
f 1823 1862 1863
f 1823 1863 1864
f 1823 1864 1865
f 1823 1865 1866
f 1823 1866 1867
f 1823 1867 1868
f 1823 1868 1869
f 1823 1869 1870
f 1823 1870 1871
f 1823 1871 1857
f 1824 1865 1825
f 1825 1865 1872
f 1826 1873 1827
f 1827 1874 1875
f 1827 1875 1876
f 1827 1876 1830
f 1827 1830 1829
f 1827 1829 1828
f 1827 1873 1877
f 1827 1877 1878
f 1827 1878 1874
f 1830 1879 1831
f 1830 1876 1880
f 1830 1880 1879
f 1831 1879 1833
f 1831 1833 1832
f 1833 1879 1834
f 1834 1879 1880
f 1834 1880 1835
f 1835 1880 1836
f 1836 1880 1837
f 1837 1881 1882
f 1837 1882 1838
f 1837 1880 1881
f 1838 1882 1883
f 1838 1883 1839
f 1839 1883 1840
f 1840 1883 1841
f 1841 1883 1842
f 1842 1883 1843
f 1843 1883 1844
f 1844 1883 1884
f 1844 1884 1845
f 1845 1884 1846
f 1846 1884 1885
f 1846 1885 1886
f 1846 1886 1887
f 1846 1887 1849
f 1846 1848 1847
f 1849 1887 1888
f 1849 1888 1850
f 1850 1853 1852
f 1850 1852 1851
f 1850 1888 1889
f 1850 1889 1853
f 1853 1889 1890
f 1853 1890 1854
f 1854 1856 1855
f 1854 1890 1889
f 1854 1889 1891
f 1858 1892 1893
f 1858 1893 1859
f 1859 1893 1940
f 1859 1940 1896
f 1859 1896 1895
f 1859 1895 1894
f 1859 1894 1864
f 1859 1864 1863
f 1859 1863 1862
f 1859 1862 1861
f 1859 1861 1860
f 1864 1894 1865
f 1865 1894 1895
f 1865 1895 1896
f 1865 1896 1872
f 1872 1896 1940
f 1872 1940 1897
f 1873 1898 1899
f 1873 1899 1877
f 1874 1900 1875
f 1874 1878 1901
f 1874 1901 1902
f 1874 1902 1903
f 1874 1903 1904
f 1874 1904 1900
f 1875 1905 1881
f 1875 1881 1876
f 1875 1900 1883
f 1875 1883 1905
f 1876 1881 1880
f 1877 1899 1906
f 1877 1906 1878
f 1878 1906 1907
f 1878 1907 1908
f 1878 1908 1901
f 1881 1905 1882
f 1882 1905 1883
f 1883 1900 1909
f 1883 1909 1910
f 1883 1910 1884
f 1884 1910 1911
f 1884 1911 1912
f 1884 1912 1913
f 1884 1913 1914
f 1884 1914 1885
f 1885 1914 1886
f 1886 1914 1887
f 1887 1914 1915
f 1887 1915 1916
f 1887 1916 1917
f 1887 1917 1888
f 1888 1917 1918
f 1888 1918 1919
f 1888 1919 1889
f 1889 1919 1917
f 1889 1917 1920
f 1889 1920 1921
f 1889 1921 1922
f 1889 1922 1891
f 1892 1923 1924
f 1892 1924 1893
f 1893 1924 1925
f 1893 1925 1926
f 1893 1926 1927
f 1893 1927 1928
f 1893 1928 1929
f 1893 1929 1930
f 1893 1930 1931
f 1893 1931 1932
f 1893 1932 1933
f 1893 1933 1934
f 1893 1934 1935
f 1893 1935 1936
f 1893 1936 1937
f 1893 1937 1938
f 1893 1938 1939
f 1893 1939 1940
f 1897 1940 1941
f 1897 1941 1942
f 1898 1943 1944
f 1898 1944 1945
f 1898 1945 1899
f 1899 1945 1946
f 1899 1946 1906
f 1900 1904 1909
f 1901 1908 1902
f 1902 1908 1947
f 1902 1947 1948
f 1902 1948 1904
f 1902 1904 1903
f 1904 1948 1911
f 1904 1911 1909
f 1906 1946 1907
f 1907 1949 1950
f 1907 1950 1951
f 1907 1951 1908
f 1907 1946 1949
f 1908 1951 1947
f 1909 1911 1910
f 1911 1948 1952
f 1911 1952 1912
f 1912 1952 1953
f 1912 1953 1913
f 1913 1953 1954
f 1913 1954 1955
f 1913 1955 1914
f 1914 1955 1956
f 1914 1956 1915
f 1915 1956 1955
f 1915 1955 1957
f 1915 1957 1958
f 1915 1958 1959
f 1915 1959 1916
f 1916 1959 1917
f 1917 1959 1920
f 1917 1919 1918
f 1920 1959 1960
f 1920 1960 1921
f 1921 1960 1961
f 1923 1962 1963
f 1923 1963 1924
f 1924 1963 1925
f 1925 1963 1964
f 1925 1964 1926
f 1926 1965 1927
f 1926 1964 1965
f 1927 1965 1928
f 1928 1965 1966
f 1928 1966 1929
f 1929 1966 1967
f 1929 1967 1930
f 1930 1967 1931
f 1931 1967 1932
f 1932 1968 1933
f 1932 1967 1966
f 1932 1966 1969
f 1932 1969 1968
f 1933 1968 1970
f 1933 1970 1950
f 1933 1950 1934
f 1934 1950 1935
f 1935 1950 1936
f 1936 1950 1937
f 1937 1950 1949
f 1937 1949 1938
f 1938 1949 1946
f 1938 1946 1971
f 1938 1971 1939
f 1939 1972 1973
f 1939 1973 1940
f 1939 1971 1972
f 1940 1973 1974
f 1940 1974 1941
f 1941 1974 1942
f 1942 1974 1975
f 1943 1976 1977
f 1943 1977 1978
f 1943 1978 1944
f 1944 1978 1945
f 1945 1978 1979
f 1945 1979 1980
f 1945 1980 1971
f 1945 1971 1946
f 1947 1951 1981
f 1947 1981 1982
f 1947 1982 1983
f 1947 1983 1952
f 1947 1952 1948
f 1950 1970 1951
f 1951 1970 1968
f 1951 1968 1981
f 1952 1983 1984
f 1952 1984 1953
f 1953 1984 1954
f 1954 1985 1955
f 1954 1984 1985
f 1955 1985 1965
f 1955 1965 1986
f 1955 1986 1958
f 1955 1958 1957
f 1958 1987 1959
f 1958 1986 1987
f 1959 1987 1963
f 1959 1963 1988
f 1959 1988 1989
f 1959 1989 1960
f 1960 1989 1961
f 1962 1988 1963
f 1963 1987 1964
f 1964 1987 1990
f 1964 1990 1965
f 1965 1985 1966
f 1965 1990 1986
f 1966 1985 1982
f 1966 1982 1969
f 1968 1969 1981
f 1969 1982 1981
f 1971 1980 1972
f 1972 1991 1992
f 1972 1992 1993
f 1972 1993 1973
f 1972 1980 1991
f 1973 1993 1974
f 1974 1993 1994
f 1974 1994 1995
f 1974 1995 1975
f 1975 1995 1996
f 1976 1997 1977
f 1977 1997 1994
f 1977 1994 1992
f 1977 1992 1998
f 1977 1998 1999
f 1977 1999 1979
f 1977 1979 1978
f 1979 1999 1980
f 1980 1999 1998
f 1980 1998 1992
f 1980 1992 1991
f 1982 1984 1983
f 1982 1985 1984
f 1986 1990 1987
f 1992 1994 1993
f 1994 1997 2000
f 1994 2000 1996
f 1994 1996 1995

o geometry_13
v 0.00417668 0.01104096 -0.00625939
v -0.00453329 0.01020360 -0.00709215
v -0.00409199 0.01167929 -0.00801482
v 0.00122314 0.01249390 -0.00727787
v 0.00122314 0.01259846 -0.00728024
v 0.00409516 0.01124045 -0.00625939
v 0.00415541 0.01104096 -0.00399530
v 0.00414478 0.01088530 0.00148037
v -0.00445974 0.01020360 0.00113851
v -0.00487623 0.01020360 -0.00709215
v -0.00409199 0.01173742 -0.00803138
v -0.00409199 0.01200584 -0.00797342
v -0.00409199 0.01218142 -0.00790363
v -0.00409199 0.01248453 -0.00771554
v -0.00409199 0.01259846 -0.00761973
v 0.00122314 0.01259846 -0.00682955
v 0.00265605 0.01233614 -0.00625939
v 0.00280315 0.01228457 -0.00625939
v 0.00307874 0.01216642 -0.00625939
v 0.00340396 0.01200303 -0.00625939
v 0.00355283 0.01189800 -0.00625939
v 0.00359537 0.01186730 -0.00625939
v 0.00378589 0.01167554 -0.00625939
v 0.00397730 0.01143174 -0.00625939
v 0.00408275 0.01121091 -0.00425554
v 0.00414478 0.01104096 -0.00323588
v 0.00413415 0.01091601 0.00149575
v 0.00411642 0.01088530 0.00341205
v -0.00445886 0.01020360 0.00148037
v -0.00487092 0.01020360 -0.00425554
v -0.00483902 0.01057727 -0.00709215
v -0.00479294 0.01082083 -0.00709215
v -0.00409199 0.01259846 -0.00705548
v -0.00228247 0.01259846 -0.00682955
v -0.00228158 0.01211625 0.00341324
v 0.00193472 0.01211625 0.00341205
v 0.00231842 0.01208789 0.00341205
v 0.00270124 0.01202553 0.00341205
v 0.00296354 0.01195497 0.00341205
v 0.00340219 0.01200162 -0.00617304
v 0.00357764 0.01185534 -0.00540651
v 0.00377969 0.01166944 -0.00578977
v 0.00366449 0.01153793 0.00292233
v 0.00368310 0.01155481 0.00187901
v 0.00368930 0.01156067 0.00149575
v 0.00394185 0.01139095 -0.00348902
v 0.00407389 0.01119919 -0.00348902
v 0.00407832 0.01120552 -0.00387228
v 0.00406946 0.01119193 -0.00310576
v 0.00398793 0.01107589 0.00341205
v 0.00404730 0.01088530 0.00379650
v -0.00484788 0.01020360 0.00148037
v 0.00389754 0.01088530 0.00400351
v -0.00409288 0.01036465 0.00342270
v -0.00486826 0.01020360 -0.00310576
v -0.00485585 0.01020360 -0.00004085
v -0.00485231 0.01020360 0.00072804
v -0.00482306 0.01057727 -0.00425554
v -0.00481863 0.01057727 -0.00348902
v -0.00477521 0.01076997 -0.00286445
v -0.00343092 0.01259846 -0.00687332
v -0.00472559 0.01063259 0.00341324
v -0.00456165 0.01096032 0.00341324
v -0.00441987 0.01119591 0.00341324
v -0.00426036 0.01138743 0.00341324
v -0.00406806 0.01157849 0.00342270
v -0.00381640 0.01173367 0.00341324
v -0.00356650 0.01188159 0.00341324
v -0.00337509 0.01196903 0.00341324
v -0.00304988 0.01205366 0.00341324
v -0.00266529 0.01210219 0.00341324
v -0.00266529 0.01259846 -0.00683191
v -0.00229222 0.01211438 0.00342270
v -0.00228158 0.01211461 0.00342270
v -0.00154519 0.01205975 0.00379650
v 0.00193472 0.01205975 0.00379650
v -0.00304899 0.01259846 -0.00684493
v 0.00231842 0.01203702 0.00379650
v 0.00270124 0.01198357 0.00379650
v 0.00292721 0.01193575 0.00379650
v 0.00315406 0.01184385 0.00341205
v 0.00337649 0.01198076 -0.00502325
v 0.00350587 0.01163498 0.00304180
v 0.00345979 0.01165210 0.00341205
v 0.00365828 0.01153277 0.00317784
v 0.00379564 0.01133539 0.00341205
v 0.00394540 0.01102525 0.00379650
v 0.00369462 0.01120576 0.00400469
v -0.00480446 0.01036465 0.00341324
v -0.00480357 0.01036465 0.00342270
v 0.00383463 0.01092890 0.00400824
v 0.00383640 0.01088530 0.00400824
v 0.00346865 0.01088530 0.00402953
v -0.00480623 0.01061314 -0.00273196
v -0.00479737 0.01048374 0.00148037
v -0.00479116 0.01044881 0.00302879
v -0.00478939 0.01044084 0.00341324
v -0.00478939 0.01043966 0.00342270
v -0.00472736 0.01062298 0.00342270
v -0.00455545 0.01096899 0.00342270
v -0.00441898 0.01119521 0.00342270
v -0.00426656 0.01137899 0.00342270
v -0.00425327 0.01139306 0.00342270
v -0.00154519 0.01196388 0.00402243
v -0.00382349 0.01172781 0.00342270
v -0.00356562 0.01188042 0.00342270
v -0.00356030 0.01188324 0.00342270
v -0.00337332 0.01196857 0.00342270
v -0.00305697 0.01205085 0.00342270
v -0.00304988 0.01205249 0.00342270
v -0.00267681 0.01209961 0.00342270
v -0.00266529 0.01210054 0.00342270
v -0.00154519 0.01205249 0.00381424
v 0.00193472 0.01196388 0.00402243
v 0.00231842 0.01195497 0.00401652
v 0.00270124 0.01193293 0.00399996
v 0.00289442 0.01191910 0.00398813
v 0.00341016 0.01161693 0.00379650
v 0.00365208 0.01152668 0.00341205
v 0.00375399 0.01128147 0.00379650
v 0.00333572 0.01156794 0.00400706
v 0.00346599 0.01133750 0.00401888
v 0.00360157 0.01147300 0.00379650
v -0.00154519 0.01088530 0.00402953
v -0.00154519 0.01134360 0.00404254
v -0.00154519 0.01172688 0.00405201
v 0.00346865 0.01096032 0.00403190
v -0.00154519 0.01194512 0.00402480
v 0.00193472 0.01172688 0.00405201
v 0.00231842 0.01172688 0.00404727
v 0.00270124 0.01172688 0.00403071
v 0.00304773 0.01170812 0.00401179
v 0.00308494 0.01134360 0.00404254
f 2001 2002 2003
f 2001 2003 2004
f 2001 2004 2005
f 2001 2005 2006
f 2001 2006 2007
f 2001 2007 2008
f 2001 2008 2002
f 2002 2009 2029
f 2002 2029 2052
f 2002 2052 2057
f 2002 2057 2056
f 2002 2056 2055
f 2002 2055 2030
f 2002 2030 2010
f 2002 2010 2003
f 2002 2008 2009
f 2003 2011 2004
f 2003 2010 2011
f 2004 2011 2005
f 2005 2011 2012
f 2005 2012 2013
f 2005 2013 2014
f 2005 2014 2015
f 2005 2015 2033
f 2005 2033 2061
f 2005 2061 2077
f 2005 2077 2072
f 2005 2072 2034
f 2005 2034 2016
f 2005 2016 2017
f 2005 2017 2018
f 2005 2018 2019
f 2005 2019 2020
f 2005 2020 2021
f 2005 2021 2022
f 2005 2022 2023
f 2005 2023 2024
f 2005 2024 2006
f 2006 2024 2025
f 2006 2025 2007
f 2007 2025 2026
f 2007 2026 2027
f 2007 2027 2008
f 2008 2027 2028
f 2008 2028 2029
f 2008 2029 2009
f 2010 2030 2031
f 2010 2031 2011
f 2011 2031 2012
f 2012 2031 2032
f 2012 2032 2013
f 2013 2032 2014
f 2014 2032 2015
f 2015 2032 2033
f 2016 2034 2035
f 2016 2035 2036
f 2016 2036 2037
f 2016 2037 2038
f 2016 2038 2017
f 2017 2038 2039
f 2017 2039 2018
f 2018 2039 2019
f 2019 2040 2020
f 2019 2039 2040
f 2020 2040 2041
f 2020 2041 2021
f 2021 2041 2022
f 2022 2042 2023
f 2022 2041 2043
f 2022 2043 2044
f 2022 2044 2045
f 2022 2045 2042
f 2023 2042 2024
f 2024 2046 2047
f 2024 2047 2048
f 2024 2048 2025
f 2024 2042 2045
f 2024 2045 2046
f 2025 2048 2028
f 2025 2028 2027
f 2025 2027 2026
f 2028 2048 2047
f 2028 2047 2049
f 2028 2049 2050
f 2028 2050 2051
f 2028 2051 2029
f 2029 2051 2053
f 2029 2053 2054
f 2029 2054 2090
f 2029 2090 2052
f 2030 2055 2031
f 2031 2055 2056
f 2031 2056 2057
f 2031 2057 2058
f 2031 2058 2032
f 2032 2058 2059
f 2032 2059 2060
f 2032 2060 2033
f 2033 2060 2062
f 2033 2062 2063
f 2033 2063 2064
f 2033 2064 2065
f 2033 2065 2066
f 2033 2066 2067
f 2033 2067 2068
f 2033 2068 2069
f 2033 2069 2070
f 2033 2070 2071
f 2033 2071 2035
f 2033 2035 2061
f 2034 2072 2035
f 2035 2071 2073
f 2035 2073 2074
f 2035 2074 2075
f 2035 2075 2076
f 2035 2076 2036
f 2035 2072 2077
f 2035 2077 2061
f 2036 2076 2078
f 2036 2078 2037
f 2037 2078 2079
f 2037 2079 2038
f 2038 2079 2080
f 2038 2080 2039
f 2039 2080 2081
f 2039 2081 2082
f 2039 2082 2040
f 2040 2082 2043
f 2040 2043 2041
f 2043 2082 2083
f 2043 2083 2084
f 2043 2084 2085
f 2043 2085 2086
f 2043 2086 2050
f 2043 2050 2044
f 2044 2050 2045
f 2045 2050 2046
f 2046 2049 2047
f 2046 2050 2049
f 2050 2086 2087
f 2050 2087 2051
f 2051 2087 2088
f 2051 2088 2053
f 2052 2089 2059
f 2052 2059 2057
f 2052 2090 2089
f 2053 2088 2091
f 2053 2091 2092
f 2053 2092 2054
f 2054 2092 2093
f 2054 2093 2124
f 2054 2124 2090
f 2057 2059 2058
f 2059 2094 2060
f 2059 2089 2094
f 2060 2094 2095
f 2060 2095 2096
f 2060 2096 2097
f 2060 2097 2062
f 2062 2097 2098
f 2062 2098 2099
f 2062 2099 2100
f 2062 2100 2063
f 2063 2100 2064
f 2064 2100 2101
f 2064 2101 2102
f 2064 2102 2065
f 2065 2102 2103
f 2065 2103 2066
f 2066 2103 2104
f 2066 2104 2105
f 2066 2105 2067
f 2067 2105 2068
f 2068 2105 2106
f 2068 2106 2107
f 2068 2107 2069
f 2069 2107 2108
f 2069 2108 2070
f 2070 2108 2109
f 2070 2109 2110
f 2070 2110 2111
f 2070 2111 2071
f 2071 2111 2112
f 2071 2112 2073
f 2073 2112 2075
f 2073 2075 2074
f 2075 2112 2111
f 2075 2111 2113
f 2075 2113 2076
f 2076 2113 2114
f 2076 2114 2115
f 2076 2115 2078
f 2078 2115 2116
f 2078 2116 2117
f 2078 2117 2079
f 2079 2117 2080
f 2080 2117 2118
f 2080 2118 2119
f 2080 2119 2084
f 2080 2084 2081
f 2081 2084 2082
f 2082 2084 2083
f 2084 2119 2085
f 2085 2119 2086
f 2086 2119 2120
f 2086 2120 2087
f 2087 2120 2088
f 2088 2121 2122
f 2088 2122 2091
f 2088 2120 2123
f 2088 2123 2121
f 2089 2090 2098
f 2089 2098 2097
f 2089 2097 2096
f 2089 2096 2095
f 2089 2095 2094
f 2090 2124 2125
f 2090 2125 2126
f 2090 2126 2098
f 2091 2122 2127
f 2091 2127 2092
f 2092 2127 2093
f 2093 2127 2124
f 2098 2126 2099
f 2099 2126 2100
f 2100 2126 2128
f 2100 2128 2104
f 2100 2104 2101
f 2101 2104 2102
f 2102 2104 2103
f 2104 2128 2114
f 2104 2114 2113
f 2104 2113 2111
f 2104 2111 2110
f 2104 2110 2109
f 2104 2109 2108
f 2104 2108 2107
f 2104 2107 2106
f 2104 2106 2105
f 2114 2128 2129
f 2114 2129 2130
f 2114 2130 2115
f 2115 2130 2131
f 2115 2131 2116
f 2116 2131 2132
f 2116 2132 2117
f 2117 2132 2121
f 2117 2121 2123
f 2117 2123 2118
f 2118 2123 2119
f 2119 2123 2120
f 2121 2132 2133
f 2121 2133 2122
f 2122 2133 2127
f 2124 2127 2125
f 2125 2133 2129
f 2125 2129 2126
f 2125 2127 2133
f 2126 2129 2128
f 2129 2133 2130
f 2130 2133 2131
f 2131 2133 2132

o geometry_14
v 0.00495569 0.01402758 0.00148003
v 0.00415337 0.01429577 0.00829876
v 0.00495569 0.01363180 0.00148003
v 0.00495569 0.01418402 -0.00540592
v 0.00385198 0.01435711 0.00829876
v 0.00415337 0.01390442 0.00829876
v 0.00484753 0.01422849 -0.00540592
v -0.00552490 0.01359641 0.00829876
v -0.00577273 0.01347559 0.00148003
v 0.00495569 0.01363669 0.00072834
v 0.00495569 0.01377009 -0.00540729
v 0.00495464 0.01418414 -0.00540729
v 0.00484753 0.01422849 -0.00540729
v 0.00346867 0.01441252 0.00829876
v 0.00461859 0.01426667 -0.00540592
v 0.00423633 0.01432347 -0.00540592
v -0.00552490 0.01401314 0.00829876
v -0.00577273 0.01391490 0.00148003
v -0.00577273 0.01347780 0.00130582
v 0.00495569 0.01364693 -0.00042252
v 0.00495569 0.01364228 -0.00003845
v 0.00495569 0.01363937 0.00034563
v 0.00495569 0.01376590 -0.00540729
v -0.00409248 0.01433488 -0.00571455
v 0.00461859 0.01426667 -0.00540729
v 0.00174221 0.01460308 0.00820686
v 0.00165084 0.01460925 0.00829876
v 0.00385198 0.01437818 -0.00540592
v 0.00423633 0.01432336 -0.00540729
v -0.00481919 0.01422989 0.00829876
v -0.00577273 0.01405202 -0.00540729
v -0.00577273 0.01404667 -0.00502321
v -0.00577273 0.01403980 -0.00463914
v -0.00577273 0.01399638 -0.00233879
v -0.00577273 0.01360235 -0.00571455
v 0.00495569 0.01365392 -0.00080523
v -0.00409248 0.01391711 -0.00571455
v 0.00495569 0.01368558 -0.00238680
v -0.00420065 0.01432580 -0.00571455
v -0.00381629 0.01440624 -0.00547176
v -0.00375013 0.01440903 -0.00547176
v -0.00343193 0.01442149 -0.00547176
v -0.00336682 0.01442393 -0.00547176
v -0.00221689 0.01444954 -0.00547176
v -0.00189975 0.01445478 -0.00547176
v -0.00036756 0.01447131 -0.00547176
v 0.00001574 0.01447038 -0.00547176
v 0.00122343 0.01445385 -0.00547176
v 0.00346762 0.01441869 -0.00540729
v 0.00385198 0.01437807 -0.00540729
v 0.00346762 0.01441881 -0.00540592
v 0.00156473 0.01461227 0.00829876
v 0.00308536 0.01443511 -0.00540592
v -0.00458290 0.01428180 0.00829876
v -0.00519515 0.01422907 -0.00540729
v -0.00518675 0.01422709 -0.00562676
v -0.00577273 0.01403805 -0.00571455
v 0.00495569 0.01367569 -0.00195609
v -0.00488220 0.01425026 -0.00571455
v -0.00496621 0.01424641 -0.00568986
v -0.00420065 0.01437935 -0.00540729
v -0.00381629 0.01441893 -0.00540592
v -0.00343193 0.01443406 -0.00540592
v -0.00228200 0.01445687 -0.00540592
v -0.00189975 0.01446316 -0.00540592
v -0.00036756 0.01447946 -0.00540592
v 0.00001574 0.01447852 -0.00540592
v 0.00193438 0.01445664 -0.00540592
v 0.00231769 0.01445128 -0.00540729
v 0.00308536 0.01443487 -0.00540729
v 0.00124443 0.01462321 0.00829876
v 0.00231769 0.01445140 -0.00540592
v 0.00001784 0.01466477 0.00829876
v 0.00040115 0.01465185 0.00829876
v -0.00419960 0.01435677 0.00829876
v -0.00496621 0.01426807 -0.00540729
v -0.00511218 0.01420940 -0.00571455
v -0.00527391 0.01417320 -0.00571455
v -0.00458395 0.01432522 -0.00540729
v -0.00496621 0.01423733 -0.00571455
v -0.00409248 0.01439052 -0.00540592
v -0.00381629 0.01440984 0.00829876
v -0.00210663 0.01460505 0.00829876
v -0.00188925 0.01461344 0.00829876
v -0.00151539 0.01462624 0.00829876
v -0.00074772 0.01465208 0.00829876
v -0.00036651 0.01466477 0.00829876
f 2134 2135 2139
f 2134 2139 2136
f 2134 2136 2143
f 2134 2143 2155
f 2134 2155 2154
f 2134 2154 2153
f 2134 2153 2169
f 2134 2169 2191
f 2134 2191 2171
f 2134 2171 2156
f 2134 2156 2144
f 2134 2144 2137
f 2134 2137 2135
f 2135 2138 2147
f 2135 2147 2160
f 2135 2160 2185
f 2135 2185 2204
f 2135 2204 2207
f 2135 2207 2206
f 2135 2206 2220
f 2135 2220 2219
f 2135 2219 2218
f 2135 2218 2217
f 2135 2217 2216
f 2135 2216 2215
f 2135 2215 2208
f 2135 2208 2187
f 2135 2187 2163
f 2135 2163 2150
f 2135 2150 2141
f 2135 2141 2139
f 2135 2137 2140
f 2135 2140 2138
f 2136 2139 2141
f 2136 2141 2142
f 2136 2142 2143
f 2137 2144 2145
f 2137 2145 2146
f 2137 2146 2140
f 2138 2140 2148
f 2138 2148 2149
f 2138 2149 2147
f 2140 2146 2158
f 2140 2158 2148
f 2141 2150 2151
f 2141 2151 2142
f 2142 2151 2167
f 2142 2167 2166
f 2142 2166 2165
f 2142 2165 2164
f 2142 2164 2190
f 2142 2190 2168
f 2142 2168 2152
f 2142 2152 2153
f 2142 2153 2154
f 2142 2154 2155
f 2142 2155 2143
f 2144 2156 2170
f 2144 2170 2157
f 2144 2157 2145
f 2145 2157 2146
f 2146 2157 2158
f 2147 2159 2160
f 2147 2149 2161
f 2147 2161 2159
f 2148 2158 2149
f 2149 2158 2162
f 2149 2162 2183
f 2149 2183 2161
f 2150 2163 2164
f 2150 2164 2165
f 2150 2165 2166
f 2150 2166 2167
f 2150 2167 2151
f 2152 2168 2153
f 2153 2168 2169
f 2156 2168 2170
f 2156 2171 2168
f 2157 2170 2168
f 2157 2168 2190
f 2157 2190 2211
f 2157 2211 2210
f 2157 2210 2213
f 2157 2213 2192
f 2157 2192 2172
f 2157 2172 2173
f 2157 2173 2174
f 2157 2174 2175
f 2157 2175 2176
f 2157 2176 2177
f 2157 2177 2178
f 2157 2178 2179
f 2157 2179 2180
f 2157 2180 2181
f 2157 2181 2182
f 2157 2182 2183
f 2157 2183 2162
f 2157 2162 2158
f 2159 2161 2184
f 2159 2184 2160
f 2160 2184 2186
f 2160 2186 2185
f 2161 2183 2182
f 2161 2182 2184
f 2163 2187 2188
f 2163 2188 2164
f 2164 2188 2189
f 2164 2189 2190
f 2168 2171 2191
f 2168 2191 2169
f 2172 2192 2193
f 2172 2193 2194
f 2172 2194 2195
f 2172 2195 2173
f 2173 2195 2174
f 2174 2195 2196
f 2174 2196 2175
f 2175 2196 2176
f 2176 2196 2177
f 2177 2196 2197
f 2177 2197 2178
f 2178 2197 2198
f 2178 2198 2179
f 2179 2198 2199
f 2179 2199 2200
f 2179 2200 2180
f 2180 2200 2201
f 2180 2201 2202
f 2180 2202 2181
f 2181 2202 2203
f 2181 2203 2182
f 2182 2203 2186
f 2182 2186 2184
f 2185 2186 2204
f 2186 2203 2202
f 2186 2202 2205
f 2186 2205 2206
f 2186 2206 2207
f 2186 2207 2204
f 2187 2208 2188
f 2188 2209 2189
f 2188 2208 2209
f 2189 2193 2210
f 2189 2210 2211
f 2189 2211 2190
f 2189 2209 2212
f 2189 2212 2194
f 2189 2194 2193
f 2192 2213 2193
f 2193 2213 2210
f 2194 2214 2195
f 2194 2212 2208
f 2194 2208 2215
f 2194 2215 2216
f 2194 2216 2214
f 2195 2214 2216
f 2195 2216 2196
f 2196 2216 2217
f 2196 2217 2218
f 2196 2218 2219
f 2196 2219 2220
f 2196 2220 2197
f 2197 2220 2198
f 2198 2220 2199
f 2199 2220 2206
f 2199 2206 2200
f 2200 2206 2201
f 2201 2205 2202
f 2201 2206 2205
f 2208 2212 2209

o geometry_15
v 0.00347318 0.01088231 0.00402990
v 0.00385344 0.01019079 0.00400851
v 0.00385344 0.01057569 0.00401386
v 0.00383815 0.01088231 0.00400851
v 0.00404795 0.01103889 0.00147917
v 0.00353497 0.01103889 0.00147917
v 0.00347318 0.01088231 0.00333741
v 0.00292603 -0.00284224 0.00378927
v 0.00292603 -0.00284550 0.00378927
v 0.00406861 0.01019079 0.00399916
v 0.00404974 0.00956286 0.00398980
v 0.00406265 0.01057569 0.00399782
v 0.00389934 0.01088231 0.00400317
v 0.00404755 0.01088231 0.00379595
v 0.00411768 0.01088231 0.00341227
v 0.00495569 0.01103889 -0.00871440
v 0.00370841 0.01103889 -0.00619308
v 0.00292603 -0.00284224 0.00325586
v 0.00292603 -0.00323693 0.00372644
v 0.00385325 -0.00467870 0.00353125
v 0.00405291 -0.00350767 0.00360612
v 0.00405947 0.00980751 0.00399247
v 0.00412265 -0.00169404 0.00363286
v 0.00415404 -0.00054421 0.00365023
v 0.00416258 -0.00015930 0.00365558
v 0.00417013 0.00022397 0.00366093
v 0.00417689 0.00060725 0.00366628
v 0.00418781 0.00137380 0.00367831
v 0.00419219 0.00175708 0.00368366
v 0.00419576 0.00214198 0.00368900
v 0.00419894 0.00252363 0.00369435
v 0.00420331 0.00328855 0.00370638
v 0.00422020 0.00980751 0.00379595
v 0.00406523 -0.00322878 0.00361146
v 0.00408113 -0.00284550 0.00361681
v 0.00409622 -0.00246059 0.00362216
v 0.00410993 -0.00207732 0.00362751
v 0.00405152 0.01077793 0.00399247
v 0.00420609 0.01019079 0.00379595
v 0.00408530 0.01083175 0.00379595
v 0.00423232 0.01057569 0.00341227
v 0.00495569 0.01103889 -0.00920236
v 0.00430007 0.01019079 0.00341227
v 0.00433086 0.00980751 0.00341227
v 0.00433583 0.00942260 0.00341227
v 0.00450430 -0.00015930 0.00148051
v 0.00495569 0.00791722 -0.00902723
v 0.00376861 0.01103889 -0.00770641
v 0.00292603 -0.00294499 0.00321575
v 0.00377954 0.01103889 -0.00795239
v 0.00292603 -0.00467870 0.00349115
v 0.00444649 -0.00562303 0.00147917
v 0.00424841 -0.00467870 0.00336949
v 0.00413397 -0.00131076 0.00363820
v 0.00431338 -0.00092749 0.00341227
v 0.00432212 -0.00054421 0.00341227
v 0.00432947 -0.00015930 0.00341227
v 0.00433583 0.00022397 0.00341227
v 0.00434139 0.00060725 0.00341227
v 0.00434576 0.00099052 0.00341227
v 0.00434973 0.00137380 0.00341227
v 0.00435271 0.00175708 0.00341227
v 0.00435470 0.00214198 0.00341227
v 0.00435649 0.00252363 0.00341227
v 0.00435748 0.00290691 0.00341227
v 0.00435768 0.00328855 0.00341227
v 0.00435649 0.00367020 0.00341227
v 0.00415742 0.01057569 0.00379595
v 0.00495569 0.01099159 -0.00922508
v 0.00489013 0.01103889 -0.00920102
v 0.00436861 -0.00467870 0.00304865
v 0.00495569 0.00791722 -0.00946572
v 0.00292603 -0.00302817 0.00321174
v 0.00383576 0.01103889 -0.00839356
v 0.00398378 0.00827440 -0.00885745
v 0.00292603 -0.00467870 0.00315292
v 0.00292603 -0.00437861 0.00316094
v 0.00292603 -0.00399696 0.00317297
v 0.00422834 -0.00557899 0.00147917
v 0.00424146 -0.00558552 0.00147917
v 0.00425179 -0.00542242 0.00110752
v 0.00438947 -0.00534740 0.00090165
v 0.00444649 -0.00553170 0.00128399
v 0.00462013 0.01095734 -0.00922776
v 0.00495569 0.01069802 -0.00935610
v 0.00462013 0.01103889 -0.00919032
v 0.00495569 0.00793353 -0.00947374
v 0.00444649 -0.00534740 0.00090165
v 0.00444649 -0.00497065 0.00052331
v 0.00444649 0.00565345 -0.00829196
v 0.00444649 0.00611664 -0.00865692
v 0.00444649 0.00614600 -0.00867697
v 0.00444649 0.00689298 -0.00906867
v 0.00394762 0.01103889 -0.00872911
v 0.00401874 0.00980751 -0.00910477
v 0.00401517 0.00942423 -0.00911546
v 0.00401536 0.00904096 -0.00911412
v 0.00401775 0.00865768 -0.00910610
v 0.00402430 0.00827440 -0.00908872
v 0.00400444 0.00791559 -0.00887616
v 0.00400841 0.00750622 -0.00878258
v 0.00398338 0.00712131 -0.00847377
v 0.00402371 0.00712131 -0.00871841
v 0.00401219 0.00676250 -0.00847109
v 0.00402371 0.00643631 -0.00834008
v 0.00403424 0.00574804 -0.00792298
v 0.00402132 -0.00538165 0.00123452
v 0.00413397 -0.00523486 0.00097918
v 0.00441391 -0.00496902 0.00052599
v 0.00453788 0.01103889 -0.00917696
v 0.00495569 0.01048925 -0.00944834
v 0.00462013 0.01062462 -0.00936813
v 0.00442324 0.01039139 -0.00943497
v 0.00462013 0.00796941 -0.00946305
v 0.00495569 0.00827440 -0.00954727
v 0.00437576 0.00572358 -0.00832404
v 0.00441490 0.00615089 -0.00867430
v 0.00440536 0.00690113 -0.00906466
v 0.00397861 0.01103889 -0.00878258
v 0.00403881 0.01043054 -0.00905931
v 0.00402868 0.01019079 -0.00907937
v 0.00413159 0.00942423 -0.00930797
v 0.00413457 0.00904096 -0.00930663
v 0.00415066 0.00865768 -0.00929727
v 0.00403444 0.00800856 -0.00906733
v 0.00400642 0.00788460 -0.00887884
v 0.00403861 0.00690603 -0.00867697
v 0.00405073 0.00618025 -0.00826923
v 0.00410576 0.00597312 -0.00819303
v 0.00409523 0.00549361 -0.00781068
v 0.00423550 0.00560778 -0.00807538
v 0.00435073 0.00531584 -0.00797111
v 0.00433066 0.01103889 -0.00911279
v 0.00495569 0.01046479 -0.00945770
v 0.00462013 0.01043217 -0.00944834
v 0.00406146 0.01068660 -0.00902455
v 0.00411510 0.01095734 -0.00898846
v 0.00430642 0.01095734 -0.00913150
v 0.00462013 0.01019079 -0.00950048
v 0.00462013 0.00980751 -0.00956598
v 0.00438907 0.01019079 -0.00945770
v 0.00440616 0.00803302 -0.00944567
v 0.00462013 0.00827440 -0.00952588
v 0.00495569 0.00865768 -0.00959540
v 0.00431536 0.00600247 -0.00846174
v 0.00413934 0.00632867 -0.00847109
v 0.00435033 0.00635639 -0.00872911
v 0.00434477 0.00712131 -0.00911145
v 0.00424384 0.00677392 -0.00883739
v 0.00408947 0.01103889 -0.00893365
v 0.00419755 0.01019079 -0.00927187
v 0.00415106 0.00980751 -0.00929594
v 0.00432311 0.00942423 -0.00950315
v 0.00432609 0.00904096 -0.00950048
v 0.00434218 0.00865768 -0.00948711
v 0.00418126 0.00827440 -0.00928123
v 0.00422894 0.00791559 -0.00923979
v 0.00404278 0.00791559 -0.00905129
v 0.00405768 0.00775250 -0.00902054
v 0.00408411 0.00750622 -0.00897375
v 0.00415324 0.00712131 -0.00890958
v 0.00408232 0.00664997 -0.00859542
v 0.00495569 0.01019079 -0.00951786
v 0.00495569 0.00980751 -0.00958604
v 0.00434258 0.00980751 -0.00948711
v 0.00495569 0.00942423 -0.00962748
v 0.00462013 0.00942423 -0.00960208
v 0.00427583 0.00750622 -0.00917428
v 0.00426152 0.00791559 -0.00927187
v 0.00437278 0.00827440 -0.00946706
v 0.00462013 0.00865768 -0.00957000
v 0.00462013 0.00904096 -0.00959673
v 0.00495569 0.00904096 -0.00962080
f 2221 2222 2223
f 2221 2223 2224
f 2221 2224 2225
f 2221 2225 2226
f 2221 2226 2227
f 2221 2227 2238
f 2221 2238 2228
f 2221 2228 2229
f 2221 2229 2222
f 2222 2230 2223
f 2222 2229 2231
f 2222 2231 2230
f 2223 2230 2232
f 2223 2232 2224
f 2224 2232 2233
f 2224 2233 2225
f 2225 2233 2234
f 2225 2234 2235
f 2225 2235 2236
f 2225 2236 2262
f 2225 2262 2290
f 2225 2290 2306
f 2225 2306 2330
f 2225 2330 2353
f 2225 2353 2370
f 2225 2370 2339
f 2225 2339 2314
f 2225 2314 2294
f 2225 2294 2270
f 2225 2270 2268
f 2225 2268 2237
f 2225 2237 2226
f 2226 2237 2227
f 2227 2237 2238
f 2228 2238 2269
f 2228 2269 2293
f 2228 2293 2298
f 2228 2298 2297
f 2228 2297 2296
f 2228 2296 2271
f 2228 2271 2239
f 2228 2239 2229
f 2229 2239 2240
f 2229 2240 2241
f 2229 2241 2231
f 2230 2231 2242
f 2230 2242 2243
f 2230 2243 2244
f 2230 2244 2245
f 2230 2245 2246
f 2230 2246 2247
f 2230 2247 2248
f 2230 2248 2249
f 2230 2249 2250
f 2230 2250 2251
f 2230 2251 2252
f 2230 2252 2253
f 2230 2253 2232
f 2231 2241 2254
f 2231 2254 2255
f 2231 2255 2256
f 2231 2256 2257
f 2231 2257 2243
f 2231 2243 2242
f 2232 2258 2233
f 2232 2253 2259
f 2232 2259 2258
f 2233 2258 2234
f 2234 2258 2260
f 2234 2260 2235
f 2235 2260 2261
f 2235 2261 2236
f 2236 2261 2263
f 2236 2263 2264
f 2236 2264 2265
f 2236 2265 2266
f 2236 2266 2267
f 2236 2267 2292
f 2236 2292 2307
f 2236 2307 2335
f 2236 2335 2364
f 2236 2364 2393
f 2236 2393 2386
f 2236 2386 2384
f 2236 2384 2383
f 2236 2383 2354
f 2236 2354 2331
f 2236 2331 2305
f 2236 2305 2289
f 2236 2289 2262
f 2237 2268 2238
f 2238 2268 2270
f 2238 2270 2269
f 2239 2271 2240
f 2240 2271 2272
f 2240 2272 2273
f 2240 2273 2241
f 2241 2273 2254
f 2243 2274 2244
f 2243 2257 2273
f 2243 2273 2274
f 2244 2274 2273
f 2244 2273 2245
f 2245 2273 2246
f 2246 2273 2247
f 2247 2273 2275
f 2247 2275 2248
f 2248 2275 2276
f 2248 2276 2249
f 2249 2276 2277
f 2249 2277 2250
f 2250 2277 2251
f 2251 2277 2278
f 2251 2278 2252
f 2252 2278 2279
f 2252 2279 2280
f 2252 2280 2281
f 2252 2281 2253
f 2253 2265 2264
f 2253 2264 2259
f 2253 2281 2282
f 2253 2282 2283
f 2253 2283 2284
f 2253 2284 2285
f 2253 2285 2286
f 2253 2286 2287
f 2253 2287 2265
f 2254 2273 2255
f 2255 2273 2256
f 2256 2273 2257
f 2258 2259 2288
f 2258 2288 2260
f 2259 2263 2288
f 2259 2264 2263
f 2260 2288 2261
f 2261 2288 2263
f 2262 2289 2290
f 2265 2287 2266
f 2266 2287 2286
f 2266 2286 2285
f 2266 2285 2291
f 2266 2291 2272
f 2266 2272 2267
f 2267 2272 2292
f 2269 2270 2293
f 2270 2294 2295
f 2270 2295 2296
f 2270 2296 2297
f 2270 2297 2298
f 2270 2298 2293
f 2271 2296 2299
f 2271 2299 2300
f 2271 2300 2272
f 2272 2291 2273
f 2272 2300 2301
f 2272 2301 2302
f 2272 2302 2303
f 2272 2303 2292
f 2273 2291 2276
f 2273 2276 2275
f 2276 2291 2277
f 2277 2291 2278
f 2278 2291 2279
f 2279 2291 2280
f 2280 2291 2281
f 2281 2291 2282
f 2282 2291 2283
f 2283 2291 2284
f 2284 2291 2285
f 2289 2304 2290
f 2289 2305 2304
f 2290 2304 2306
f 2292 2303 2308
f 2292 2308 2309
f 2292 2309 2310
f 2292 2310 2311
f 2292 2311 2312
f 2292 2312 2313
f 2292 2313 2307
f 2294 2314 2315
f 2294 2315 2316
f 2294 2316 2317
f 2294 2317 2318
f 2294 2318 2295
f 2295 2318 2319
f 2295 2319 2320
f 2295 2320 2321
f 2295 2321 2322
f 2295 2322 2296
f 2296 2322 2323
f 2296 2323 2324
f 2296 2324 2325
f 2296 2325 2326
f 2296 2326 2327
f 2296 2327 2299
f 2299 2327 2300
f 2300 2327 2301
f 2301 2327 2302
f 2302 2328 2329
f 2302 2329 2309
f 2302 2309 2308
f 2302 2308 2303
f 2302 2327 2328
f 2304 2330 2306
f 2304 2305 2331
f 2304 2331 2332
f 2304 2332 2333
f 2304 2333 2330
f 2307 2334 2335
f 2307 2313 2334
f 2309 2329 2310
f 2310 2329 2336
f 2310 2336 2337
f 2310 2337 2311
f 2311 2337 2312
f 2312 2337 2313
f 2313 2337 2338
f 2313 2338 2334
f 2314 2339 2340
f 2314 2340 2341
f 2314 2341 2315
f 2315 2341 2342
f 2315 2342 2316
f 2316 2342 2317
f 2317 2342 2343
f 2317 2343 2318
f 2318 2343 2319
f 2319 2343 2344
f 2319 2344 2345
f 2319 2345 2321
f 2319 2321 2346
f 2319 2346 2320
f 2320 2346 2321
f 2321 2323 2322
f 2321 2345 2323
f 2323 2347 2324
f 2323 2345 2347
f 2324 2347 2325
f 2325 2347 2348
f 2325 2348 2326
f 2326 2348 2349
f 2326 2349 2350
f 2326 2350 2327
f 2327 2350 2351
f 2327 2351 2328
f 2328 2351 2352
f 2328 2352 2329
f 2329 2352 2336
f 2330 2333 2353
f 2331 2354 2355
f 2331 2355 2332
f 2332 2355 2333
f 2333 2356 2357
f 2333 2357 2358
f 2333 2358 2353
f 2333 2355 2359
f 2333 2359 2360
f 2333 2360 2361
f 2333 2361 2356
f 2334 2362 2363
f 2334 2363 2335
f 2334 2338 2362
f 2335 2363 2364
f 2336 2365 2337
f 2336 2352 2351
f 2336 2351 2365
f 2337 2366 2367
f 2337 2367 2338
f 2337 2365 2366
f 2338 2368 2362
f 2338 2367 2369
f 2338 2369 2368
f 2339 2370 2356
f 2339 2356 2340
f 2340 2356 2371
f 2340 2371 2372
f 2340 2372 2341
f 2341 2372 2342
f 2342 2373 2343
f 2342 2372 2373
f 2343 2374 2344
f 2343 2373 2374
f 2344 2374 2375
f 2344 2375 2376
f 2344 2376 2345
f 2345 2376 2377
f 2345 2377 2378
f 2345 2378 2347
f 2347 2378 2379
f 2347 2379 2380
f 2347 2380 2381
f 2347 2381 2369
f 2347 2369 2382
f 2347 2382 2348
f 2348 2382 2366
f 2348 2366 2365
f 2348 2365 2349
f 2349 2365 2351
f 2349 2351 2350
f 2353 2358 2370
f 2354 2383 2355
f 2355 2383 2359
f 2356 2361 2371
f 2356 2370 2357
f 2357 2370 2358
f 2359 2383 2384
f 2359 2384 2360
f 2360 2385 2361
f 2360 2384 2386
f 2360 2386 2387
f 2360 2387 2385
f 2361 2385 2371
f 2362 2368 2388
f 2362 2388 2389
f 2362 2389 2377
f 2362 2377 2376
f 2362 2376 2390
f 2362 2390 2363
f 2363 2390 2391
f 2363 2391 2364
f 2364 2391 2392
f 2364 2392 2393
f 2366 2382 2367
f 2367 2382 2369
f 2368 2369 2381
f 2368 2381 2380
f 2368 2380 2388
f 2371 2385 2372
f 2372 2385 2373
f 2373 2385 2387
f 2373 2387 2374
f 2374 2392 2375
f 2374 2387 2392
f 2375 2391 2390
f 2375 2390 2376
f 2375 2392 2391
f 2377 2389 2388
f 2377 2388 2378
f 2378 2388 2379
f 2379 2388 2380
f 2386 2393 2392
f 2386 2392 2387

o geometry_16
v -0.00012191 0.01258462 0.02901605
v -0.00012191 0.01258462 0.02862599
v -0.00012191 0.00718818 0.02707040
v -0.00637142 0.01258462 0.02512748
v -0.00110655 0.01258462 0.02895098
v -0.00012191 0.01210969 0.02908580
v -0.00012191 0.00718818 0.02772973
v -0.00634685 0.00718818 0.02512748
v -0.00614819 0.01167650 0.02512748
v -0.00692478 0.01258462 0.02512748
v -0.00094148 0.01210969 0.02904177
v -0.00074968 0.01172616 0.02908619
v -0.00012191 0.01172616 0.02910841
v -0.00707287 0.00718818 0.02512748
v -0.00113327 0.01172616 0.02905346
v -0.00224072 0.01258462 0.02873471
v -0.00180222 0.01221059 0.02890636
v -0.00012191 0.00983542 0.02886486
v -0.00190047 0.00981006 0.02873899
v -0.00675862 0.00718818 0.02552573
v -0.00706745 0.01224097 0.02512748
v -0.00178560 0.01149899 0.02894162
v -0.00228334 0.01019254 0.02874640
v -0.00151615 0.00942653 0.02869184
v -0.00094148 0.00942653 0.02872711
v -0.00203411 0.00932193 0.02860007
v -0.00228334 0.00981006 0.02868288
v -0.00012191 0.00750885 0.02797562
v -0.00114375 0.00718818 0.02771200
v -0.00714294 0.00750885 0.02517892
v -0.00675357 0.01165220 0.02594736
v -0.00637286 0.01201988 0.02632028
v -0.00182534 0.01172616 0.02894474
v -0.00329832 0.01057608 0.02855429
v -0.00266694 0.01019254 0.02867431
v -0.00228334 0.01210969 0.02881498
v -0.00288004 0.01258462 0.02854571
v -0.00291905 0.01242613 0.02856754
v -0.00151615 0.00800121 0.02818721
v -0.00220442 0.00808587 0.02815029
v -0.00094148 0.00796925 0.02820260
v -0.00012191 0.00942653 0.02875302
v -0.00229056 0.00940962 0.02858624
v -0.00285115 0.00962728 0.02853169
v -0.00012191 0.00795261 0.02821059
v -0.00094148 0.00728354 0.02780241
v -0.00668458 0.00827592 0.02603659
v -0.00681136 0.00865946 0.02599490
v -0.00716461 0.00904299 0.02559899
v -0.00724336 0.00789239 0.02512748
v -0.00680847 0.01134315 0.02601399
v -0.00643354 0.01172616 0.02638886
v -0.00602611 0.01210969 0.02671892
v -0.00596615 0.01235746 0.02666319
v -0.00319212 0.01009270 0.02852038
v -0.00330120 0.01082120 0.02855585
v -0.00151615 0.00780945 0.02810148
v -0.00208576 0.00788737 0.02808005
v -0.00094148 0.00777749 0.02811551
v -0.00292411 0.00843124 0.02816344
v -0.00363640 0.00826483 0.02791697
v -0.00421577 0.00865048 0.02784625
v -0.00094148 0.00750885 0.02795906
v -0.00544602 0.00718818 0.02668501
v -0.00598349 0.00726531 0.02628793
v -0.00631435 0.00769322 0.02623806
v -0.00664954 0.00865946 0.02618662
v -0.00667771 0.00904299 0.02621974
v -0.00705770 0.00981006 0.02583084
v -0.00723342 0.00961830 0.02555486
v -0.00747814 0.00942653 0.02512748
v -0.00619732 0.01258462 0.02615505
v -0.00742829 0.01081328 0.02512748
v -0.00715739 0.01095961 0.02559899
v -0.00627823 0.01172616 0.02658097
v -0.00558978 0.01239285 0.02704196
v -0.00553993 0.01258462 0.02699208
v -0.00416809 0.01095961 0.02822696
v -0.00416086 0.01057608 0.02821956
v -0.00381628 0.01019254 0.02832594
v -0.00420060 0.01249323 0.02797250
v -0.00414353 0.01134315 0.02821059
v -0.00446283 0.01258462 0.02781234
v -0.00151615 0.00750885 0.02792613
v -0.00228334 0.00754953 0.02787313
v -0.00329759 0.00768213 0.02778195
v -0.00357752 0.00794337 0.02781761
v -0.00444405 0.00877198 0.02779130
v -0.00435447 0.00851629 0.02774961
v -0.00398099 0.00811057 0.02775545
v -0.00219737 0.00718818 0.02764167
v -0.00587007 0.00762640 0.02657454
v -0.00596398 0.00799963 0.02664799
v -0.00641187 0.00827592 0.02633314
v -0.00592280 0.00924955 0.02699247
v -0.00594592 0.00950524 0.02701624
v -0.00636708 0.01019254 0.02667644
v -0.00749836 0.01000130 0.02512748
v -0.00746586 0.01057608 0.02512748
v -0.00718051 0.01057608 0.02562782
v -0.00671745 0.01057608 0.02626261
v -0.00632590 0.01125070 0.02663553
v -0.00590258 0.01160307 0.02697688
v -0.00552946 0.01210969 0.02718477
v -0.00518090 0.01235006 0.02739968
v -0.00512527 0.01258462 0.02735681
v -0.00435952 0.01095961 0.02813110
v -0.00435230 0.01057608 0.02812759
v -0.00412474 0.01019254 0.02820436
v -0.00460297 0.01208381 0.02785482
v -0.00261528 0.00718818 0.02757893
v -0.00475685 0.00718818 0.02705871
v -0.00470194 0.00904299 0.02772934
v -0.00499163 0.00865101 0.02748307
v -0.00511227 0.00738471 0.02697415
v -0.00533621 0.00751149 0.02689076
v -0.00519318 0.00877357 0.02740357
v -0.00528998 0.00942653 0.02747177
v -0.00554571 0.00998440 0.02738565
v -0.00597482 0.01019254 0.02704312
v -0.00597048 0.01057608 0.02703533
v -0.00635155 0.01076785 0.02666261
v -0.00705914 0.01019254 0.02583279
v -0.00593653 0.01122428 0.02700805
v -0.00538028 0.01172616 0.02740026
v -0.00488110 0.01095961 0.02783300
v -0.00500535 0.01172616 0.02766544
v -0.00420060 0.00718818 0.02721536
v -0.00504870 0.01134315 0.02769388
f 2394 2395 2397
f 2394 2397 2403
f 2394 2403 2465
f 2394 2465 2470
f 2394 2470 2499
f 2394 2499 2476
f 2394 2476 2430
f 2394 2430 2409
f 2394 2409 2398
f 2394 2399 2406
f 2394 2406 2411
f 2394 2411 2435
f 2394 2435 2438
f 2394 2438 2421
f 2394 2421 2400
f 2394 2400 2396
f 2394 2396 2395
f 2395 2396 2397
f 2396 2400 2422
f 2396 2422 2484
f 2396 2484 2504
f 2396 2504 2521
f 2396 2521 2505
f 2396 2505 2457
f 2396 2457 2413
f 2396 2413 2407
f 2396 2407 2401
f 2396 2401 2402
f 2396 2402 2397
f 2397 2402 2401
f 2397 2401 2407
f 2397 2407 2443
f 2397 2443 2464
f 2397 2464 2491
f 2397 2491 2492
f 2397 2492 2466
f 2397 2466 2414
f 2397 2414 2403
f 2394 2398 2404
f 2394 2404 2399
f 2399 2404 2405
f 2399 2405 2406
f 2404 2408 2405
f 2398 2409 2410
f 2405 2411 2406
f 2405 2408 2412
f 2405 2412 2411
f 2398 2410 2404
f 2404 2410 2408
f 2408 2415 2416
f 2408 2416 2412
f 2411 2412 2417
f 2411 2417 2418
f 2412 2419 2417
f 2412 2416 2420
f 2412 2420 2419
f 2413 2423 2407
f 2414 2424 2425
f 2414 2425 2403
f 2410 2426 2408
f 2408 2426 2415
f 2415 2426 2427
f 2415 2427 2428
f 2415 2428 2416
f 2416 2428 2420
f 2409 2429 2410
f 2409 2430 2431
f 2409 2431 2429
f 2410 2429 2426
f 2417 2432 2418
f 2417 2419 2433
f 2417 2433 2432
f 2418 2432 2434
f 2418 2435 2411
f 2418 2434 2435
f 2419 2420 2436
f 2420 2428 2437
f 2420 2437 2436
f 2400 2421 2439
f 2400 2439 2422
f 2413 2440 2423
f 2423 2440 2441
f 2423 2441 2442
f 2423 2442 2443
f 2423 2443 2407
f 2414 2444 2424
f 2424 2444 2445
f 2424 2445 2425
f 2425 2445 2446
f 2425 2446 2447
f 2425 2447 2403
f 2428 2427 2448
f 2428 2448 2437
f 2429 2431 2449
f 2429 2449 2426
f 2432 2450 2434
f 2432 2433 2451
f 2432 2451 2450
f 2434 2450 2452
f 2435 2434 2438
f 2436 2453 2419
f 2419 2453 2433
f 2437 2454 2453
f 2437 2453 2436
f 2437 2455 2454
f 2438 2452 2421
f 2421 2452 2456
f 2421 2456 2439
f 2413 2457 2458
f 2413 2458 2459
f 2413 2459 2440
f 2440 2460 2441
f 2441 2460 2461
f 2441 2461 2442
f 2442 2462 2463
f 2442 2461 2462
f 2442 2463 2464
f 2442 2464 2443
f 2403 2447 2465
f 2414 2466 2467
f 2414 2467 2444
f 2445 2468 2446
f 2445 2444 2468
f 2446 2469 2447
f 2447 2469 2470
f 2447 2470 2465
f 2426 2449 2427
f 2427 2449 2471
f 2427 2471 2472
f 2427 2472 2473
f 2427 2473 2448
f 2431 2430 2474
f 2431 2474 2475
f 2431 2475 2449
f 2449 2475 2471
f 2430 2476 2474
f 2450 2477 2452
f 2450 2451 2478
f 2450 2478 2477
f 2433 2453 2479
f 2433 2479 2451
f 2451 2479 2478
f 2452 2477 2456
f 2434 2452 2438
f 2453 2454 2480
f 2453 2480 2479
f 2437 2448 2455
f 2455 2481 2482
f 2455 2482 2483
f 2455 2483 2454
f 2455 2448 2473
f 2455 2473 2481
f 2454 2483 2480
f 2439 2456 2477
f 2439 2477 2484
f 2439 2484 2422
f 2458 2457 2459
f 2459 2457 2485
f 2459 2485 2486
f 2440 2459 2487
f 2440 2487 2460
f 2460 2487 2488
f 2460 2488 2489
f 2460 2489 2461
f 2462 2461 2490
f 2464 2463 2491
f 2466 2492 2467
f 2467 2492 2493
f 2467 2494 2444
f 2444 2494 2495
f 2444 2495 2468
f 2467 2493 2494
f 2446 2468 2496
f 2446 2496 2497
f 2446 2497 2469
f 2469 2497 2498
f 2469 2498 2499
f 2469 2499 2470
f 2471 2475 2500
f 2471 2500 2501
f 2471 2501 2472
f 2472 2502 2473
f 2472 2501 2502
f 2473 2502 2481
f 2474 2476 2503
f 2474 2503 2475
f 2478 2504 2484
f 2478 2479 2504
f 2480 2483 2505
f 2480 2505 2479
f 2481 2506 2507
f 2481 2507 2482
f 2481 2502 2506
f 2482 2508 2505
f 2457 2509 2485
f 2459 2486 2487
f 2485 2509 2486
f 2486 2509 2510
f 2486 2510 2488
f 2486 2488 2487
f 2461 2489 2490
f 2488 2512 2489
f 2490 2489 2513
f 2490 2513 2514
f 2490 2514 2515
f 2490 2515 2494
f 2490 2494 2462
f 2462 2516 2463
f 2462 2494 2516
f 2463 2516 2491
f 2492 2491 2493
f 2493 2491 2516
f 2494 2515 2495
f 2495 2515 2517
f 2495 2517 2496
f 2495 2496 2468
f 2493 2516 2494
f 2497 2496 2518
f 2498 2503 2476
f 2498 2476 2499
f 2501 2500 2519
f 2501 2519 2512
f 2501 2512 2511
f 2501 2511 2502
f 2502 2511 2506
f 2478 2484 2477
f 2479 2505 2521
f 2479 2521 2504
f 2507 2506 2510
f 2507 2510 2509
f 2507 2509 2508
f 2482 2507 2508
f 2482 2505 2483
f 2508 2509 2457
f 2508 2457 2505
f 2488 2510 2511
f 2511 2512 2488
f 2512 2513 2489
f 2514 2517 2515
f 2517 2514 2522
f 2517 2522 2518
f 2517 2518 2496
f 2518 2498 2497
f 2498 2518 2520
f 2498 2520 2503
f 2503 2522 2475
f 2475 2522 2500
f 2500 2522 2519
f 2519 2522 2512
f 2511 2510 2506
f 2503 2520 2522
f 2512 2514 2513
f 2512 2522 2514
f 2522 2520 2518

o geometry_17
v 0.00495505 0.01104081 -0.00920423
v 0.00495505 0.01124230 -0.00910912
v 0.00729607 0.01182762 -0.00857489
v 0.00729607 0.01112778 -0.00857489
v 0.00495505 0.01104081 -0.00871606
v 0.00488981 0.01104081 -0.00920200
v -0.00577273 0.01208318 -0.00836276
v 0.00495505 0.01126648 -0.00909315
v 0.00691997 0.01190285 -0.00857489
v 0.00729607 0.01184273 -0.00855780
v 0.00729607 0.01248213 -0.00610285
v 0.00417726 0.01104081 -0.00626111
v 0.00461988 0.01104081 -0.00919197
v -0.00577273 0.01208318 -0.00768883
v -0.00577273 0.01335189 -0.00701788
v -0.00573308 0.01335222 -0.00702717
v -0.00534930 0.01336129 -0.00705540
v -0.00496681 0.01356143 -0.00687782
v -0.00458303 0.01357688 -0.00688339
v -0.00304793 0.01380960 -0.00672067
v -0.00266416 0.01381632 -0.00672922
v -0.00228166 0.01382236 -0.00673665
v -0.00189789 0.01382874 -0.00674333
v -0.00151411 0.01383244 -0.00674668
v -0.00113034 0.01383479 -0.00674928
v -0.00092310 0.01383579 -0.00675002
v -0.00036535 0.01383781 -0.00675225
v 0.00495505 0.01167080 -0.00878777
v 0.00495505 0.01146494 -0.00895569
v 0.00495505 0.01143405 -0.00897984
v 0.00453673 0.01104081 -0.00917860
v 0.00432949 0.01104081 -0.00911433
v 0.00408900 0.01104081 -0.00893637
v 0.00397770 0.01104081 -0.00878516
v 0.00394700 0.01104081 -0.00873018
v 0.00383443 0.01104081 -0.00839582
v 0.00377942 0.01104081 -0.00795409
v 0.00376790 0.01104081 -0.00770852
v 0.00371801 0.01104081 -0.00626111
v 0.00423611 0.01357688 -0.00688339
v 0.00461860 0.01355942 -0.00687708
v 0.00691997 0.01203751 -0.00842183
v 0.00001843 0.01383747 -0.00675188
v 0.00059665 0.01383613 -0.00675039
v 0.00270101 0.01380792 -0.00671659
v 0.00308479 0.01380053 -0.00670730
v 0.00717582 0.01234478 -0.00796078
v 0.00729607 0.01199419 -0.00836498
v 0.00691997 0.01222926 -0.00818592
v 0.00495505 0.01376527 -0.00540886
v 0.00729607 0.01308390 -0.00610285
v -0.00409180 0.01208318 -0.00717057
v -0.00577273 0.01360173 -0.00571499
v -0.00577273 0.01350434 -0.00682990
v -0.00573308 0.01350837 -0.00683547
v -0.00534930 0.01353793 -0.00686408
v -0.00458303 0.01376897 -0.00665120
v -0.00420054 0.01377770 -0.00667349
v -0.00343171 0.01380020 -0.00670767
v -0.00304793 0.01394426 -0.00652934
v -0.00266416 0.01395232 -0.00653789
v -0.00228166 0.01395803 -0.00654532
v -0.00189789 0.01396206 -0.00655163
v -0.00151411 0.01396408 -0.00655535
v -0.00074657 0.01429150 -0.00608873
v -0.00036535 0.01429351 -0.00609096
v -0.00409180 0.01397952 -0.00547388
v 0.00346856 0.01379012 -0.00669392
v 0.00385106 0.01377971 -0.00667609
v 0.00423611 0.01376863 -0.00665120
v 0.00495505 0.01353591 -0.00686296
v 0.00500366 0.01353222 -0.00686073
v 0.00001843 0.01429284 -0.00609022
v 0.00116719 0.01428444 -0.00607833
v 0.00155097 0.01428209 -0.00607313
v 0.00308479 0.01393251 -0.00651597
v 0.00346856 0.01392546 -0.00650259
v 0.00729607 0.01230381 -0.00788945
v 0.00729607 0.01218896 -0.00808078
v 0.00691997 0.01237164 -0.00799422
v 0.00638781 0.01308491 -0.00715497
v 0.00609486 0.01376662 -0.00610285
v 0.00666540 0.01342241 -0.00631684
v 0.00716943 0.01310573 -0.00643089
v 0.00538615 0.01350132 -0.00682915
v 0.00615370 0.01311211 -0.00718172
v 0.00122220 0.01408530 -0.00540886
v 0.00495505 0.01376930 -0.00540886
v 0.00729607 0.01308424 -0.00617529
v 0.00721676 0.01315208 -0.00610285
v 0.00495377 0.01418403 -0.00540886
v -0.00577273 0.01403795 -0.00571499
v -0.00577273 0.01392546 -0.00613183
v -0.00573308 0.01392949 -0.00613888
v -0.00527255 0.01385561 -0.00639708
v -0.00496681 0.01375318 -0.00662074
v -0.00458303 0.01389624 -0.00645950
v -0.00420054 0.01391236 -0.00648179
v -0.00381548 0.01392445 -0.00649962
v -0.00343171 0.01393486 -0.00651634
v -0.00304793 0.01413635 -0.00624068
v -0.00266416 0.01427202 -0.00606235
v -0.00266416 0.01414407 -0.00625405
v -0.00228166 0.01428008 -0.00607313
v -0.00189789 0.01428478 -0.00607944
v -0.00151411 0.01428746 -0.00608279
v -0.00113034 0.01428948 -0.00608613
v -0.00036535 0.01443119 -0.00579189
v 0.00001843 0.01443019 -0.00579189
v -0.00409180 0.01437780 -0.00547388
v 0.00385106 0.01391337 -0.00648513
v 0.00423611 0.01389624 -0.00645987
v 0.00461860 0.01375117 -0.00661479
v 0.00495505 0.01356009 -0.00682990
v 0.00155097 0.01440769 -0.00579189
v 0.00193346 0.01440097 -0.00579189
v 0.00193346 0.01427672 -0.00606272
v 0.00346856 0.01411721 -0.00621170
v 0.00729607 0.01295663 -0.00655349
v 0.00566375 0.01347446 -0.00678940
v 0.00555118 0.01391202 -0.00610285
v 0.00576993 0.01385997 -0.00610285
v 0.00669611 0.01350569 -0.00610285
v 0.00653748 0.01354263 -0.00618347
v 0.00483992 0.01422601 -0.00562620
v 0.00484631 0.01422803 -0.00540886
v 0.00682403 0.01343853 -0.00610285
v 0.00721420 0.01314838 -0.00617529
v 0.00729607 0.01304764 -0.00629566
v 0.00517508 0.01382908 -0.00636253
v 0.00495505 0.01374412 -0.00654903
v 0.00495505 0.01384788 -0.00638631
v 0.00122220 0.01446209 -0.00540886
v 0.00717199 0.01318834 -0.00610285
v -0.00577273 0.01403628 -0.00575363
v -0.00527383 0.01417295 -0.00571499
v -0.00577273 0.01403426 -0.00579152
v -0.00511136 0.01420956 -0.00571499
v -0.00496681 0.01417497 -0.00588254
v -0.00538001 0.01394796 -0.00621133
v -0.00439882 0.01422030 -0.00598471
v -0.00496681 0.01387542 -0.00642903
v -0.00420054 0.01422970 -0.00599845
v -0.00420054 0.01410411 -0.00619015
v -0.00381548 0.01424314 -0.00601963
v -0.00343171 0.01412661 -0.00622619
v -0.00343171 0.01425288 -0.00603449
v -0.00304793 0.01426261 -0.00604861
v -0.00343171 0.01436034 -0.00579189
v -0.00228166 0.01440399 -0.00579189
v -0.00189789 0.01441373 -0.00579189
v -0.00036535 0.01447115 -0.00547388
v 0.00001843 0.01447048 -0.00547388
v -0.00189789 0.01445436 -0.00547388
v 0.00193346 0.01445604 -0.00540886
v 0.00231852 0.01445101 -0.00540886
v -0.00381548 0.01440601 -0.00547388
v -0.00420054 0.01432575 -0.00571499
v -0.00488110 0.01424985 -0.00571499
v -0.00496681 0.01423743 -0.00571499
v 0.00385106 0.01410512 -0.00619127
v 0.00346856 0.01424347 -0.00601963
v 0.00385106 0.01423004 -0.00599957
v 0.00405062 0.01422030 -0.00598508
v 0.00461860 0.01387206 -0.00642346
v 0.00491795 0.01385057 -0.00639040
v 0.00308479 0.01443455 -0.00540886
v 0.00231852 0.01438922 -0.00579189
v 0.00538615 0.01393117 -0.00613294
v 0.00461860 0.01417564 -0.00588143
v 0.00461860 0.01424582 -0.00568973
v 0.00385106 0.01437780 -0.00540886
v 0.00423611 0.01432306 -0.00540886
v 0.00461860 0.01426631 -0.00540886
v 0.00502924 0.01394661 -0.00621096
v 0.00495505 0.01388180 -0.00633244
v -0.00221514 0.01444933 -0.00547388
v -0.00336647 0.01442347 -0.00547388
v -0.00343171 0.01442146 -0.00547388
v -0.00374896 0.01440903 -0.00547388
v -0.00454977 0.01426496 -0.00580861
v -0.00420054 0.01431232 -0.00579152
v -0.00409180 0.01432138 -0.00579152
v -0.00381548 0.01434422 -0.00579189
v 0.00308479 0.01436000 -0.00579189
v 0.00346856 0.01434455 -0.00579189
v 0.00385106 0.01431232 -0.00579189
v 0.00420157 0.01426429 -0.00580935
v 0.00430647 0.01419612 -0.00594867
v 0.00346856 0.01441843 -0.00540886
f 2523 2524 2525
f 2523 2525 2526
f 2523 2526 2527
f 2523 2527 2534
f 2523 2534 2561
f 2523 2561 2560
f 2523 2560 2559
f 2523 2559 2558
f 2523 2558 2557
f 2523 2557 2556
f 2523 2556 2555
f 2523 2555 2554
f 2523 2554 2553
f 2523 2553 2535
f 2523 2535 2528
f 2523 2528 2529
f 2523 2529 2524
f 2524 2530 2531
f 2524 2531 2525
f 2524 2529 2530
f 2525 2532 2570
f 2525 2570 2601
f 2525 2601 2600
f 2525 2600 2641
f 2525 2641 2651
f 2525 2651 2611
f 2525 2611 2573
f 2525 2573 2533
f 2525 2533 2526
f 2525 2531 2532
f 2526 2533 2534
f 2526 2534 2527
f 2528 2535 2529
f 2529 2536 2575
f 2529 2575 2614
f 2529 2614 2657
f 2529 2657 2659
f 2529 2659 2615
f 2529 2615 2576
f 2529 2576 2537
f 2529 2537 2538
f 2529 2538 2539
f 2529 2539 2540
f 2529 2540 2541
f 2529 2541 2542
f 2529 2542 2543
f 2529 2543 2544
f 2529 2544 2545
f 2529 2545 2546
f 2529 2546 2547
f 2529 2547 2548
f 2529 2548 2549
f 2529 2549 2550
f 2529 2550 2551
f 2529 2551 2552
f 2529 2552 2530
f 2529 2535 2553
f 2529 2553 2554
f 2529 2554 2555
f 2529 2555 2556
f 2529 2556 2557
f 2529 2557 2558
f 2529 2558 2559
f 2529 2559 2560
f 2529 2560 2561
f 2529 2561 2536
f 2530 2552 2531
f 2531 2562 2563
f 2531 2563 2564
f 2531 2564 2532
f 2531 2552 2551
f 2531 2551 2550
f 2531 2550 2549
f 2531 2549 2565
f 2531 2565 2566
f 2531 2566 2567
f 2531 2567 2568
f 2531 2568 2562
f 2532 2569 2570
f 2532 2564 2571
f 2532 2571 2569
f 2533 2572 2534
f 2533 2573 2610
f 2533 2610 2572
f 2534 2572 2561
f 2536 2574 2575
f 2536 2561 2574
f 2537 2576 2577
f 2537 2577 2538
f 2538 2577 2578
f 2538 2578 2540
f 2538 2540 2539
f 2540 2578 2579
f 2540 2579 2580
f 2540 2580 2581
f 2540 2581 2542
f 2540 2542 2541
f 2542 2581 2622
f 2542 2622 2582
f 2542 2582 2583
f 2542 2583 2543
f 2543 2583 2544
f 2544 2583 2545
f 2545 2583 2584
f 2545 2584 2585
f 2545 2585 2546
f 2546 2585 2586
f 2546 2586 2547
f 2547 2586 2587
f 2547 2587 2588
f 2547 2588 2548
f 2548 2588 2549
f 2549 2588 2565
f 2561 2572 2589
f 2561 2589 2575
f 2561 2575 2574
f 2562 2568 2590
f 2562 2590 2563
f 2563 2590 2591
f 2563 2591 2592
f 2563 2592 2593
f 2563 2593 2564
f 2564 2593 2594
f 2564 2594 2571
f 2565 2588 2595
f 2565 2595 2566
f 2566 2595 2596
f 2566 2596 2597
f 2566 2597 2567
f 2567 2597 2598
f 2567 2598 2568
f 2568 2598 2599
f 2568 2599 2590
f 2569 2600 2601
f 2569 2601 2570
f 2569 2571 2602
f 2569 2602 2603
f 2569 2603 2604
f 2569 2604 2605
f 2569 2605 2606
f 2569 2606 2600
f 2571 2594 2607
f 2571 2607 2608
f 2571 2608 2602
f 2572 2609 2589
f 2572 2610 2613
f 2572 2613 2648
f 2572 2648 2696
f 2572 2696 2695
f 2572 2695 2694
f 2572 2694 2712
f 2572 2712 2689
f 2572 2689 2678
f 2572 2678 2677
f 2572 2677 2655
f 2572 2655 2609
f 2573 2611 2612
f 2573 2612 2613
f 2573 2613 2610
f 2575 2589 2632
f 2575 2632 2614
f 2576 2615 2616
f 2576 2616 2577
f 2577 2616 2617
f 2577 2617 2618
f 2577 2618 2578
f 2578 2618 2579
f 2579 2618 2619
f 2579 2619 2620
f 2579 2620 2621
f 2579 2621 2580
f 2580 2621 2581
f 2581 2621 2622
f 2582 2623 2624
f 2582 2624 2625
f 2582 2625 2583
f 2582 2622 2623
f 2583 2625 2626
f 2583 2626 2584
f 2584 2626 2627
f 2584 2627 2585
f 2585 2627 2628
f 2585 2628 2586
f 2586 2628 2629
f 2586 2629 2587
f 2587 2629 2630
f 2587 2630 2588
f 2588 2630 2631
f 2588 2631 2595
f 2589 2609 2655
f 2589 2655 2632
f 2590 2599 2591
f 2591 2633 2592
f 2591 2599 2633
f 2592 2633 2634
f 2592 2634 2635
f 2592 2635 2636
f 2592 2636 2593
f 2593 2636 2594
f 2594 2636 2607
f 2595 2631 2596
f 2596 2631 2597
f 2597 2637 2638
f 2597 2638 2639
f 2597 2639 2598
f 2597 2631 2637
f 2598 2640 2599
f 2598 2639 2640
f 2599 2640 2633
f 2600 2606 2641
f 2602 2608 2603
f 2603 2608 2607
f 2603 2607 2642
f 2603 2642 2643
f 2603 2643 2644
f 2603 2644 2604
f 2604 2645 2646
f 2604 2646 2605
f 2604 2644 2647
f 2604 2647 2648
f 2604 2648 2613
f 2604 2613 2645
f 2605 2646 2645
f 2605 2645 2606
f 2606 2645 2649
f 2606 2649 2650
f 2606 2650 2611
f 2606 2611 2651
f 2606 2651 2641
f 2607 2652 2642
f 2607 2636 2635
f 2607 2635 2653
f 2607 2653 2654
f 2607 2654 2652
f 2611 2650 2656
f 2611 2656 2612
f 2612 2656 2613
f 2613 2656 2649
f 2613 2649 2645
f 2614 2632 2658
f 2614 2658 2657
f 2615 2659 2658
f 2615 2658 2660
f 2615 2660 2661
f 2615 2661 2616
f 2616 2662 2617
f 2616 2661 2663
f 2616 2663 2662
f 2617 2664 2618
f 2617 2662 2663
f 2617 2663 2664
f 2618 2664 2663
f 2618 2663 2619
f 2619 2663 2665
f 2619 2665 2666
f 2619 2666 2620
f 2620 2666 2667
f 2620 2667 2621
f 2621 2667 2622
f 2622 2667 2668
f 2622 2668 2623
f 2623 2668 2669
f 2623 2669 2670
f 2623 2670 2624
f 2624 2670 2671
f 2624 2671 2672
f 2624 2672 2626
f 2624 2626 2625
f 2626 2672 2673
f 2626 2673 2627
f 2627 2673 2630
f 2627 2630 2628
f 2628 2630 2629
f 2630 2674 2675
f 2630 2675 2631
f 2630 2673 2676
f 2630 2676 2674
f 2631 2675 2677
f 2631 2677 2678
f 2631 2678 2637
f 2632 2655 2679
f 2632 2679 2680
f 2632 2680 2681
f 2632 2681 2682
f 2632 2682 2660
f 2632 2660 2658
f 2633 2683 2634
f 2633 2640 2684
f 2633 2684 2683
f 2634 2683 2685
f 2634 2685 2686
f 2634 2686 2635
f 2635 2686 2687
f 2635 2687 2688
f 2635 2688 2654
f 2635 2654 2653
f 2637 2678 2638
f 2638 2678 2689
f 2638 2689 2690
f 2638 2690 2639
f 2639 2690 2684
f 2639 2684 2640
f 2642 2652 2691
f 2642 2691 2643
f 2643 2691 2692
f 2643 2692 2647
f 2643 2647 2644
f 2647 2692 2693
f 2647 2693 2694
f 2647 2694 2695
f 2647 2695 2696
f 2647 2696 2648
f 2649 2656 2650
f 2652 2697 2691
f 2652 2654 2698
f 2652 2698 2697
f 2654 2688 2698
f 2655 2677 2675
f 2655 2675 2674
f 2655 2674 2676
f 2655 2676 2699
f 2655 2699 2700
f 2655 2700 2701
f 2655 2701 2702
f 2655 2702 2679
f 2657 2658 2659
f 2660 2682 2661
f 2661 2682 2703
f 2661 2703 2663
f 2663 2703 2704
f 2663 2704 2705
f 2663 2705 2706
f 2663 2706 2665
f 2665 2706 2667
f 2665 2667 2666
f 2667 2706 2669
f 2667 2669 2668
f 2669 2706 2671
f 2669 2671 2670
f 2671 2706 2702
f 2671 2702 2701
f 2671 2701 2672
f 2672 2701 2700
f 2672 2700 2673
f 2673 2700 2699
f 2673 2699 2676
f 2679 2702 2706
f 2679 2706 2705
f 2679 2705 2704
f 2679 2704 2680
f 2680 2704 2681
f 2681 2704 2703
f 2681 2703 2682
f 2683 2684 2685
f 2684 2690 2707
f 2684 2707 2708
f 2684 2708 2685
f 2685 2708 2686
f 2686 2708 2709
f 2686 2709 2710
f 2686 2710 2692
f 2686 2692 2711
f 2686 2711 2691
f 2686 2691 2697
f 2686 2697 2687
f 2687 2697 2698
f 2687 2698 2688
f 2689 2707 2690
f 2689 2712 2708
f 2689 2708 2707
f 2691 2711 2692
f 2692 2710 2693
f 2693 2710 2709
f 2693 2709 2694
f 2694 2709 2712
f 2708 2712 2709

o geometry_18
v 0.00444699 -0.00013366 -0.00183966
v 0.00444699 -0.00123200 -0.00183966
v 0.00645385 -0.00069008 -0.00183966
v 0.00874333 0.00096106 -0.00205969
v 0.00444699 0.00791815 -0.00873779
v 0.00462067 -0.00130631 -0.00183966
v 0.00444699 0.00482793 -0.00755529
v 0.00462067 0.00467024 -0.00747746
v 0.00645385 -0.00133259 -0.00183966
v 0.00874333 0.00005756 -0.00205969
v 0.00874333 0.00791815 -0.00804101
v 0.00860875 0.00791906 -0.00821839
v 0.00645385 0.00791906 -0.00906185
v 0.00444699 0.00791815 -0.00938741
v 0.00500421 -0.00133894 -0.00183966
v 0.00444699 0.00522757 -0.00792725
v 0.00462067 0.00506717 -0.00784792
v 0.00462067 0.00486146 -0.00765633
v 0.00500421 0.00504995 -0.00786140
v 0.00730504 -0.00107251 -0.00205969
v 0.00768817 -0.00104441 -0.00205969
v 0.00769489 -0.00104079 -0.00205969
v 0.00801073 -0.00086498 -0.00205969
v 0.00819661 -0.00065111 -0.00205969
v 0.00833960 -0.00046896 -0.00205969
v 0.00853221 -0.00021975 -0.00205969
v 0.00768817 0.00504542 -0.00786589
v 0.00831058 0.00073451 -0.00336418
v 0.00865879 0.00078254 -0.00293085
v 0.00874333 0.00067198 -0.00269659
v 0.00874333 0.00791906 -0.00825880
v 0.00645385 0.00791906 -0.00948021
v 0.00450376 0.00791815 -0.00942184
v 0.00444699 0.00712339 -0.00914343
v 0.00615442 0.00465302 -0.00749243
v 0.00444699 0.00529554 -0.00798937
v 0.00462067 0.00525838 -0.00802305
v 0.00500421 0.00524116 -0.00804027
v 0.00794218 -0.00080427 -0.00220863
v 0.00807171 0.00488864 -0.00763837
v 0.00819745 -0.00027503 -0.00245111
v 0.00829796 -0.00039737 -0.00219516
v 0.00768817 0.00523754 -0.00804176
v 0.00807171 0.00509073 -0.00782996
v 0.00843885 0.00101181 -0.00346821
v 0.00874333 0.00101272 -0.00304760
v 0.00831100 0.00111603 -0.00374886
v 0.00874333 0.00791906 -0.00870486
v 0.00653081 0.00791906 -0.00948096
v 0.00500421 0.00791815 -0.00947198
v 0.00462067 0.00791815 -0.00944504
v 0.00462067 0.00712339 -0.00919657
v 0.00444699 0.00689321 -0.00907008
v 0.00444699 0.00565440 -0.00829323
v 0.00462067 0.00548222 -0.00821465
v 0.00500421 0.00545956 -0.00823186
v 0.00538776 0.00545866 -0.00823186
v 0.00615442 0.00545775 -0.00823261
v 0.00807171 0.00469652 -0.00745276
v 0.00830427 0.00495570 -0.00757251
v 0.00831184 0.00417997 -0.00681511
v 0.00831268 0.00379483 -0.00643417
v 0.00831310 0.00226331 -0.00490142
v 0.00768817 0.00545775 -0.00823336
v 0.00807171 0.00528285 -0.00799910
v 0.00692150 0.00545775 -0.00823336
v 0.00829292 0.00535172 -0.00793773
v 0.00866090 0.00192891 -0.00408490
v 0.00866006 0.00154648 -0.00370096
v 0.00865964 0.00116406 -0.00331628
v 0.00874333 0.00142958 -0.00346746
v 0.00833497 0.00791906 -0.00912472
v 0.00874333 0.00789097 -0.00870112
v 0.00833329 0.00789097 -0.00912322
v 0.00691015 0.00791906 -0.00948246
v 0.00645385 0.00791815 -0.00948096
v 0.00590251 0.00791815 -0.00947872
v 0.00577130 0.00791815 -0.00947797
v 0.00500421 0.00712339 -0.00922052
v 0.00500421 0.00682434 -0.00910601
v 0.00462067 0.00685606 -0.00908954
v 0.00444699 0.00614739 -0.00867866
v 0.00444699 0.00611748 -0.00865771
v 0.00462067 0.00567343 -0.00836508
v 0.00500421 0.00565078 -0.00838454
v 0.00577130 0.00545866 -0.00823261
v 0.00645385 0.00550034 -0.00826703
v 0.00838081 0.00521670 -0.00770348
v 0.00864408 0.00540157 -0.00751413
v 0.00872020 0.00520582 -0.00723198
v 0.00874333 0.00520492 -0.00719905
v 0.00874333 0.00490586 -0.00691540
v 0.00874333 0.00450803 -0.00653371
v 0.00843759 0.00446453 -0.00691615
v 0.00865922 0.00423072 -0.00638253
v 0.00844011 0.00407757 -0.00653595
v 0.00856838 0.00397426 -0.00625455
v 0.00866090 0.00231224 -0.00446884
v 0.00768817 0.00564987 -0.00838603
v 0.00807171 0.00551394 -0.00819070
v 0.00834927 0.00562087 -0.00807619
v 0.00874333 0.00589908 -0.00778581
v 0.00872482 0.00565621 -0.00761741
v 0.00874333 0.00564353 -0.00758299
v 0.00874333 0.00547044 -0.00744079
v 0.00827105 0.00576949 -0.00829248
v 0.00874333 0.00181110 -0.00385139
v 0.00832109 0.00791906 -0.00913819
v 0.00874333 0.00753482 -0.00862253
v 0.00868066 0.00757651 -0.00870186
v 0.00829628 0.00750763 -0.00908430
v 0.00804984 0.00791906 -0.00935897
v 0.00767218 0.00791906 -0.00948471
v 0.00645385 0.00791181 -0.00947947
v 0.00768817 0.00790275 -0.00948096
v 0.00768817 0.00771063 -0.00942034
v 0.00577130 0.00712339 -0.00922351
v 0.00577130 0.00682071 -0.00910750
v 0.00500421 0.00610208 -0.00870785
v 0.00462067 0.00612292 -0.00869438
v 0.00462067 0.00593171 -0.00855667
v 0.00615442 0.00564987 -0.00838528
v 0.00500421 0.00590996 -0.00857613
v 0.00874333 0.00446453 -0.00649180
v 0.00874333 0.00411835 -0.00615052
v 0.00874333 0.00257867 -0.00461852
v 0.00874333 0.00219443 -0.00423533
v 0.00577130 0.00591086 -0.00857688
v 0.00768817 0.00591268 -0.00857688
v 0.00794302 0.00612473 -0.00869363
v 0.00807171 0.00570606 -0.00834113
v 0.00538776 0.00591086 -0.00857688
v 0.00874333 0.00604136 -0.00788834
v 0.00819871 0.00623076 -0.00862852
v 0.00829376 0.00648632 -0.00870186
v 0.00832488 0.00597339 -0.00835685
v 0.00870085 0.00607217 -0.00796393
v 0.00874333 0.00739073 -0.00857912
v 0.00864492 0.00732005 -0.00866519
v 0.00827105 0.00729286 -0.00905811
v 0.00798592 0.00791906 -0.00941061
v 0.00768817 0.00791906 -0.00948396
v 0.00730504 0.00790456 -0.00948021
v 0.00775167 0.00791906 -0.00947647
v 0.00768817 0.00712339 -0.00922800
v 0.00645385 0.00688506 -0.00913370
v 0.00615442 0.00681890 -0.00910750
v 0.00538776 0.00610208 -0.00870785
v 0.00645385 0.00681800 -0.00910750
v 0.00768817 0.00681528 -0.00910676
v 0.00730504 0.00610480 -0.00870710
v 0.00768817 0.00610480 -0.00870635
v 0.00795606 0.00685334 -0.00908804
v 0.00874333 0.00632682 -0.00806870
v 0.00834843 0.00674006 -0.00876099
v 0.00854020 0.00674006 -0.00854170
v 0.00870632 0.00674006 -0.00834936
v 0.00874333 0.00673553 -0.00830371
v 0.00865669 0.00652982 -0.00829473
v 0.00844389 0.00638029 -0.00846162
v 0.00821175 0.00703640 -0.00901395
v 0.00859361 0.00627335 -0.00821989
v 0.00874333 0.00718139 -0.00850204
v 0.00874333 0.00712339 -0.00848033
v 0.00861169 0.00712339 -0.00862702
v 0.00839301 0.00714877 -0.00887550
v 0.00807928 0.00714877 -0.00912696
v 0.00874333 0.00639751 -0.00811211
v 0.00874333 0.00692402 -0.00839127
f 2713 2714 2718
f 2713 2718 2727
f 2713 2727 2721
f 2713 2721 2715
f 2713 2715 2716
f 2713 2716 2717
f 2713 2717 2726
f 2713 2726 2746
f 2713 2746 2765
f 2713 2765 2794
f 2713 2794 2795
f 2713 2795 2766
f 2713 2766 2748
f 2713 2748 2728
f 2713 2728 2719
f 2713 2719 2714
f 2714 2719 2720
f 2714 2720 2718
f 2715 2721 2722
f 2715 2722 2716
f 2716 2722 2742
f 2716 2742 2758
f 2716 2758 2783
f 2716 2783 2819
f 2716 2819 2839
f 2716 2839 2838
f 2716 2838 2837
f 2716 2837 2836
f 2716 2836 2805
f 2716 2805 2804
f 2716 2804 2803
f 2716 2803 2817
f 2716 2817 2816
f 2716 2816 2814
f 2716 2814 2845
f 2716 2845 2866
f 2716 2866 2880
f 2716 2880 2870
f 2716 2870 2881
f 2716 2881 2876
f 2716 2876 2875
f 2716 2875 2850
f 2716 2850 2821
f 2716 2821 2785
f 2716 2785 2760
f 2716 2760 2743
f 2716 2743 2723
f 2716 2723 2717
f 2717 2723 2724
f 2717 2724 2725
f 2717 2725 2744
f 2717 2744 2726
f 2718 2720 2727
f 2719 2728 2729
f 2719 2729 2730
f 2719 2730 2720
f 2720 2730 2750
f 2720 2750 2731
f 2720 2731 2727
f 2721 2732 2733
f 2721 2733 2734
f 2721 2734 2735
f 2721 2735 2736
f 2721 2736 2737
f 2721 2737 2738
f 2721 2738 2722
f 2721 2727 2739
f 2721 2739 2732
f 2722 2738 2740
f 2722 2740 2741
f 2722 2741 2742
f 2723 2743 2724
f 2724 2743 2760
f 2724 2760 2784
f 2724 2784 2820
f 2724 2820 2824
f 2724 2824 2853
f 2724 2853 2856
f 2724 2856 2854
f 2724 2854 2825
f 2724 2825 2787
f 2724 2787 2761
f 2724 2761 2744
f 2724 2744 2725
f 2726 2744 2745
f 2726 2745 2746
f 2727 2747 2739
f 2727 2731 2747
f 2728 2748 2749
f 2728 2749 2729
f 2729 2749 2750
f 2729 2750 2730
f 2731 2750 2739
f 2731 2739 2747
f 2732 2739 2733
f 2733 2751 2734
f 2733 2739 2752
f 2733 2752 2751
f 2734 2751 2735
f 2735 2751 2736
f 2736 2751 2753
f 2736 2753 2740
f 2736 2740 2754
f 2736 2754 2737
f 2737 2754 2738
f 2738 2754 2740
f 2739 2750 2755
f 2739 2755 2756
f 2739 2756 2752
f 2740 2757 2758
f 2740 2758 2741
f 2740 2753 2751
f 2740 2751 2759
f 2740 2759 2757
f 2741 2758 2742
f 2744 2761 2762
f 2744 2762 2763
f 2744 2763 2745
f 2745 2763 2764
f 2745 2764 2765
f 2745 2765 2746
f 2748 2766 2767
f 2748 2767 2749
f 2749 2767 2768
f 2749 2768 2750
f 2750 2768 2769
f 2750 2769 2770
f 2750 2770 2755
f 2751 2752 2771
f 2751 2771 2772
f 2751 2772 2773
f 2751 2773 2774
f 2751 2774 2775
f 2751 2775 2759
f 2752 2756 2772
f 2752 2772 2771
f 2755 2776 2777
f 2755 2777 2756
f 2755 2770 2778
f 2755 2778 2776
f 2756 2777 2779
f 2756 2779 2772
f 2757 2759 2775
f 2757 2775 2780
f 2757 2780 2781
f 2757 2781 2782
f 2757 2782 2758
f 2758 2782 2781
f 2758 2781 2783
f 2760 2785 2786
f 2760 2786 2784
f 2761 2787 2788
f 2761 2788 2789
f 2761 2789 2790
f 2761 2790 2762
f 2762 2790 2791
f 2762 2791 2764
f 2762 2764 2763
f 2764 2791 2792
f 2764 2792 2793
f 2764 2793 2765
f 2765 2793 2794
f 2766 2795 2767
f 2767 2795 2796
f 2767 2796 2797
f 2767 2797 2768
f 2768 2797 2798
f 2768 2798 2770
f 2768 2770 2769
f 2770 2798 2797
f 2770 2797 2799
f 2770 2799 2778
f 2772 2779 2800
f 2772 2800 2801
f 2772 2801 2802
f 2772 2802 2803
f 2772 2803 2804
f 2772 2804 2805
f 2772 2805 2806
f 2772 2806 2773
f 2773 2806 2807
f 2773 2807 2808
f 2773 2808 2774
f 2774 2808 2807
f 2774 2807 2809
f 2774 2809 2810
f 2774 2810 2775
f 2775 2810 2780
f 2776 2778 2811
f 2776 2811 2812
f 2776 2812 2777
f 2777 2812 2779
f 2778 2799 2811
f 2779 2813 2814
f 2779 2814 2815
f 2779 2815 2816
f 2779 2816 2817
f 2779 2817 2801
f 2779 2801 2800
f 2779 2812 2818
f 2779 2818 2813
f 2780 2810 2839
f 2780 2839 2819
f 2780 2819 2783
f 2780 2783 2781
f 2784 2786 2820
f 2785 2821 2822
f 2785 2822 2823
f 2785 2823 2786
f 2786 2823 2824
f 2786 2824 2820
f 2787 2825 2788
f 2788 2826 2789
f 2788 2825 2827
f 2788 2827 2826
f 2789 2826 2791
f 2789 2791 2790
f 2791 2826 2828
f 2791 2828 2829
f 2791 2829 2792
f 2792 2830 2831
f 2792 2831 2832
f 2792 2832 2793
f 2792 2829 2830
f 2793 2832 2794
f 2794 2832 2795
f 2795 2832 2833
f 2795 2833 2796
f 2796 2833 2797
f 2797 2834 2799
f 2797 2833 2835
f 2797 2835 2834
f 2799 2834 2811
f 2801 2817 2802
f 2802 2817 2803
f 2805 2836 2806
f 2806 2836 2807
f 2807 2836 2837
f 2807 2837 2838
f 2807 2838 2810
f 2807 2810 2809
f 2810 2838 2839
f 2811 2840 2841
f 2811 2841 2842
f 2811 2842 2843
f 2811 2843 2812
f 2811 2834 2835
f 2811 2835 2844
f 2811 2844 2840
f 2812 2843 2818
f 2813 2818 2814
f 2814 2818 2845
f 2814 2816 2815
f 2818 2842 2846
f 2818 2846 2847
f 2818 2847 2848
f 2818 2848 2849
f 2818 2849 2845
f 2818 2843 2842
f 2821 2850 2851
f 2821 2851 2852
f 2821 2852 2822
f 2822 2852 2823
f 2823 2852 2853
f 2823 2853 2824
f 2825 2854 2827
f 2826 2827 2855
f 2826 2855 2828
f 2827 2854 2856
f 2827 2856 2828
f 2827 2828 2855
f 2828 2856 2857
f 2828 2857 2829
f 2829 2857 2830
f 2830 2857 2858
f 2830 2858 2859
f 2830 2859 2831
f 2831 2860 2840
f 2831 2840 2844
f 2831 2844 2835
f 2831 2835 2832
f 2831 2859 2861
f 2831 2861 2862
f 2831 2862 2860
f 2832 2835 2833
f 2840 2860 2841
f 2841 2860 2863
f 2841 2863 2864
f 2841 2864 2842
f 2842 2864 2862
f 2842 2862 2865
f 2842 2865 2846
f 2845 2849 2866
f 2846 2865 2847
f 2847 2867 2868
f 2847 2868 2869
f 2847 2869 2870
f 2847 2870 2871
f 2847 2871 2872
f 2847 2872 2848
f 2847 2865 2873
f 2847 2873 2867
f 2848 2872 2874
f 2848 2874 2849
f 2849 2874 2866
f 2850 2875 2851
f 2851 2875 2876
f 2851 2876 2877
f 2851 2877 2878
f 2851 2878 2852
f 2852 2878 2867
f 2852 2867 2873
f 2852 2873 2879
f 2852 2879 2853
f 2853 2879 2865
f 2853 2865 2856
f 2856 2865 2857
f 2857 2865 2862
f 2857 2862 2861
f 2857 2861 2858
f 2858 2861 2859
f 2860 2862 2863
f 2862 2864 2863
f 2865 2879 2873
f 2866 2874 2880
f 2867 2878 2877
f 2867 2877 2876
f 2867 2876 2868
f 2868 2876 2881
f 2868 2881 2869
f 2869 2881 2870
f 2870 2880 2871
f 2871 2880 2874
f 2871 2874 2872

o geometry_19
v -0.00266309 -0.00198441 0.00433422
v -0.00266309 -0.00198441 0.00418004
v -0.00307143 -0.00198441 0.00433422
v 0.00116839 -0.00359229 0.00441462
v 0.00131769 -0.00362815 0.00441462
v 0.00262184 -0.00284381 0.00422024
v 0.00292584 -0.00284381 0.00379012
v -0.00271256 -0.00198441 0.00379673
v 0.00292584 -0.00284381 0.00325693
v -0.00367493 -0.00198441 0.00368331
v -0.00367493 -0.00549331 0.00433422
v -0.00006470 -0.00359229 0.00441462
v 0.00151107 -0.00369445 0.00441462
v 0.00551344 -0.00468187 0.00417688
v -0.00280970 -0.00198441 0.00354578
v 0.00551344 -0.00484199 0.00148336
v 0.00441076 -0.00467936 0.00148135
v -0.00343299 -0.00198441 0.00328335
v -0.00304894 -0.00198441 0.00338499
v -0.00367493 -0.00198441 0.00328478
v -0.00367493 -0.00590237 0.00433422
v -0.00006470 -0.00619593 0.00441462
v 0.00292584 -0.00554252 0.00441462
v 0.00551344 -0.00515806 0.00417688
v 0.00551344 -0.00513054 0.00148135
v 0.00542440 -0.00487743 0.00148135
v 0.00396466 -0.00467936 0.00148135
v -0.00367493 -0.00236511 0.00323626
v -0.00367493 -0.00590404 0.00432216
v -0.00256866 -0.00611628 0.00405428
v -0.00366144 -0.00590446 0.00433422
v -0.00150555 -0.00616590 0.00433422
v -0.00059355 -0.00619968 0.00433422
v -0.00036600 -0.00620802 0.00433422
v -0.00001343 -0.00619676 0.00441462
v -0.00217022 -0.00611628 0.00433422
v -0.00189860 -0.00614130 0.00433422
v 0.00292584 -0.00594282 0.00441462
v 0.00551344 -0.00521352 0.00388660
v 0.00536054 -0.00524062 0.00417688
v 0.00521483 -0.00534987 0.00404710
v 0.00551344 -0.00537072 0.00148135
v 0.00396466 -0.00476443 0.00148135
v -0.00367493 -0.00490579 0.00314696
v -0.00367493 -0.00476359 0.00314955
v -0.00367493 -0.00361439 0.00318343
v -0.00367493 -0.00337296 0.00319089
v -0.00367493 -0.00253774 0.00321788
v -0.00367493 -0.00245768 0.00322449
v -0.00367493 -0.00591238 0.00423746
v -0.00255247 -0.00611461 0.00379673
v -0.00228174 -0.00614130 0.00379673
v -0.00189860 -0.00617591 0.00379673
v -0.00189860 -0.00616507 0.00418004
v -0.00226735 -0.00612963 0.00418147
v -0.00367493 -0.00591738 0.00418004
v -0.00367493 -0.00592489 0.00379673
v -0.00151545 -0.00618884 0.00418004
v -0.00036600 -0.00623137 0.00418004
v 0.00001805 -0.00623220 0.00418004
v 0.00001805 -0.00619676 0.00441462
v 0.00172602 -0.00611253 0.00441462
v 0.00178629 -0.00611003 0.00439739
v 0.00224229 -0.00611837 0.00406691
v 0.00346998 -0.00590029 0.00417688
v 0.00385313 -0.00581564 0.00417688
v 0.00410946 -0.00574183 0.00417688
v 0.00502506 -0.00541158 0.00417688
v 0.00551344 -0.00538198 0.00295143
v 0.00525711 -0.00537155 0.00379673
v 0.00551344 -0.00541075 0.00154337
v 0.00536773 -0.00542451 0.00148135
v 0.00397455 -0.00514680 0.00148135
v -0.00367493 -0.00514722 0.00314754
v -0.00248411 -0.00610711 0.00360320
v -0.00151545 -0.00620218 0.00379673
v -0.00367493 -0.00586234 0.00360435
v -0.00113230 -0.00621844 0.00379673
v -0.00036600 -0.00624305 0.00379673
v -0.00006470 -0.00624430 0.00379673
v 0.00001805 -0.00624430 0.00379673
v 0.00078524 -0.00622220 0.00379673
v 0.00078524 -0.00620927 0.00418004
v 0.00078524 -0.00617299 0.00441462
v 0.00155154 -0.00612754 0.00441462
v 0.00192210 -0.00613004 0.00418894
v 0.00490544 -0.00575893 0.00226319
v 0.00155154 -0.00616299 0.00418004
v 0.00116839 -0.00619134 0.00418004
v 0.00116839 -0.00620385 0.00379673
v 0.00155154 -0.00617508 0.00379673
v 0.00193469 -0.00614297 0.00379673
v 0.00222340 -0.00611628 0.00379673
v 0.00461943 -0.00579479 0.00187959
v 0.00485237 -0.00573683 0.00254371
v 0.00532007 -0.00540491 0.00341284
v 0.00541091 -0.00542326 0.00302407
v 0.00551344 -0.00542868 0.00264650
v 0.00551344 -0.00549957 0.00187959
v 0.00482899 -0.00572849 0.00167947
v 0.00498009 -0.00555211 0.00148135
v 0.00397635 -0.00516098 0.00148135
v -0.00367493 -0.00525980 0.00316161
v 0.00401412 -0.00540116 0.00148135
v -0.00228174 -0.00611587 0.00358827
v -0.00367493 -0.00581772 0.00347888
v 0.00437119 -0.00575601 0.00162491
v -0.00189860 -0.00613213 0.00356128
v -0.00151545 -0.00614631 0.00353917
v -0.00113230 -0.00615506 0.00352654
v 0.00461943 -0.00575184 0.00163468
v 0.00116299 -0.00615631 0.00441462
v 0.00148318 -0.00613296 0.00441462
v 0.00488835 -0.00575268 0.00187959
v 0.00551344 -0.00547747 0.00226319
v 0.00538662 -0.00548998 0.00264650
v 0.00465450 -0.00564885 0.00148135
v 0.00493422 -0.00556628 0.00148135
v -0.00367493 -0.00542868 0.00318630
v 0.00422728 -0.00558255 0.00148135
v -0.00367493 -0.00562007 0.00328708
v 0.00424077 -0.00558838 0.00148135
v 0.00461943 -0.00565719 0.00148135
v -0.00367493 -0.00549957 0.00321760
f 2882 2883 2889
f 2882 2889 2896
f 2882 2896 2900
f 2882 2900 2899
f 2882 2899 2901
f 2882 2901 2891
f 2882 2891 2884
f 2882 2884 2893
f 2882 2893 2885
f 2882 2885 2886
f 2882 2886 2887
f 2882 2887 2888
f 2882 2888 2890
f 2882 2890 2883
f 2883 2890 2889
f 2884 2891 2892
f 2884 2892 2893
f 2885 2893 2903
f 2885 2903 2916
f 2885 2916 2942
f 2885 2942 2965
f 2885 2965 2993
f 2885 2993 2994
f 2885 2994 2966
f 2885 2966 2943
f 2885 2943 2919
f 2885 2919 2904
f 2885 2904 2894
f 2885 2894 2886
f 2886 2894 2887
f 2887 2894 2895
f 2887 2895 2888
f 2888 2895 2890
f 2889 2890 2896
f 2890 2895 2897
f 2890 2897 2898
f 2890 2898 2899
f 2890 2899 2900
f 2890 2900 2896
f 2891 2901 2909
f 2891 2909 2930
f 2891 2930 2929
f 2891 2929 2928
f 2891 2928 2927
f 2891 2927 2926
f 2891 2926 2925
f 2891 2925 2955
f 2891 2955 2984
f 2891 2984 3000
f 2891 3000 3005
f 2891 3005 3002
f 2891 3002 2987
f 2891 2987 2958
f 2891 2958 2938
f 2891 2938 2937
f 2891 2937 2931
f 2891 2931 2910
f 2891 2910 2902
f 2891 2902 2892
f 2892 2902 2903
f 2892 2903 2893
f 2894 2904 2895
f 2895 2905 2920
f 2895 2920 2950
f 2895 2950 2979
f 2895 2979 2996
f 2895 2996 2980
f 2895 2980 2952
f 2895 2952 2923
f 2895 2923 2906
f 2895 2906 2897
f 2895 2904 2919
f 2895 2919 2905
f 2897 2906 2907
f 2897 2907 2898
f 2898 2908 2899
f 2898 2907 2906
f 2898 2906 2923
f 2898 2923 2953
f 2898 2953 2982
f 2898 2982 2999
f 2898 2999 2998
f 2898 2998 3004
f 2898 3004 3003
f 2898 3003 3001
f 2898 3001 2985
f 2898 2985 2983
f 2898 2983 2954
f 2898 2954 2924
f 2898 2924 2908
f 2899 2908 2901
f 2901 2908 2909
f 2902 2910 2911
f 2902 2911 2912
f 2902 2912 2903
f 2903 2913 2914
f 2903 2914 2915
f 2903 2915 2916
f 2903 2912 2917
f 2903 2917 2918
f 2903 2918 2913
f 2905 2919 2921
f 2905 2921 2922
f 2905 2922 2920
f 2908 2924 2925
f 2908 2925 2926
f 2908 2926 2927
f 2908 2927 2928
f 2908 2928 2929
f 2908 2929 2930
f 2908 2930 2909
f 2910 2931 2911
f 2911 2932 2933
f 2911 2933 2934
f 2911 2934 2935
f 2911 2935 2936
f 2911 2936 2917
f 2911 2917 2912
f 2911 2931 2937
f 2911 2937 2938
f 2911 2938 2932
f 2913 2939 2914
f 2913 2918 2935
f 2913 2935 2939
f 2914 2940 2915
f 2914 2939 2940
f 2915 2940 2916
f 2916 2941 2942
f 2916 2940 2941
f 2917 2936 2935
f 2917 2935 2918
f 2919 2943 2944
f 2919 2944 2945
f 2919 2945 2946
f 2919 2946 2947
f 2919 2947 2948
f 2919 2948 2949
f 2919 2949 2921
f 2920 2922 2950
f 2921 2949 2922
f 2922 2949 2951
f 2922 2951 2950
f 2923 2952 2953
f 2924 2954 2955
f 2924 2955 2925
f 2932 2956 2933
f 2932 2938 2956
f 2933 2956 2934
f 2934 2957 2935
f 2934 2956 2957
f 2935 2957 2939
f 2938 2958 2956
f 2939 2957 2959
f 2939 2959 2940
f 2940 2959 2960
f 2940 2960 2961
f 2940 2961 2941
f 2941 2961 2962
f 2941 2962 2963
f 2941 2963 2964
f 2941 2964 2942
f 2942 2964 2965
f 2943 2966 2944
f 2944 2966 2967
f 2944 2967 2945
f 2945 2968 2946
f 2945 2967 2969
f 2945 2969 2970
f 2945 2970 2971
f 2945 2971 2972
f 2945 2972 2973
f 2945 2973 2974
f 2945 2974 2975
f 2945 2975 2968
f 2946 2968 2947
f 2947 2968 2948
f 2948 2968 2976
f 2948 2976 2949
f 2949 2976 2968
f 2949 2968 2977
f 2949 2977 2951
f 2950 2951 2977
f 2950 2977 2978
f 2950 2978 2979
f 2952 2980 2981
f 2952 2981 2953
f 2953 2981 2982
f 2954 2983 2955
f 2955 2983 2985
f 2955 2985 2984
f 2956 2986 2957
f 2956 2958 2987
f 2956 2987 2988
f 2956 2988 2986
f 2957 2986 2989
f 2957 2989 2990
f 2957 2990 2959
f 2959 2990 2960
f 2960 2990 2991
f 2960 2991 2988
f 2960 2988 2961
f 2961 2988 2962
f 2962 2988 2992
f 2962 2992 2975
f 2962 2975 2963
f 2963 2971 2970
f 2963 2970 2964
f 2963 2975 2971
f 2964 2970 2993
f 2964 2993 2965
f 2966 2994 2969
f 2966 2969 2967
f 2968 2975 2995
f 2968 2995 2980
f 2968 2980 2996
f 2968 2996 2997
f 2968 2997 2978
f 2968 2978 2977
f 2969 2994 2970
f 2970 2994 2993
f 2971 2975 2972
f 2972 2975 2973
f 2973 2975 2974
f 2975 2992 2981
f 2975 2981 2995
f 2978 2997 2979
f 2979 2997 2996
f 2980 2995 2981
f 2981 2992 2998
f 2981 2998 2999
f 2981 2999 2982
f 2984 2985 3000
f 2985 3001 3000
f 2986 2988 2989
f 2987 3002 3003
f 2987 3003 2988
f 2988 3003 3004
f 2988 3004 2992
f 2988 2991 2990
f 2988 2990 2989
f 2992 3004 2998
f 3000 3001 3005
f 3001 3003 3005
f 3002 3005 3003

o geometry_20
v 0.00445821 0.01326779 0.02753828
v 0.00342965 0.01326779 0.02753828
v 0.00682367 0.01138170 0.02612169
v 0.00626628 0.01138170 0.02612169
v -0.00011958 0.01326779 0.02836423
v 0.00660775 0.01138170 0.02639769
v 0.00471483 0.01298270 0.02753828
v 0.00502595 0.00718932 0.02612169
v -0.00011958 0.00718754 0.02707028
v -0.00011958 0.01326779 0.02878569
v 0.00439198 0.01302258 0.02774374
v 0.00638217 0.01138170 0.02665730
v 0.00676642 0.01095913 0.02627798
v 0.00499628 0.01250597 0.02753828
v 0.00692715 0.01057584 0.02612169
v 0.00447821 0.01276666 0.02779994
v 0.00614004 0.00718754 0.02612169
v -0.00011958 0.00718754 0.02772969
v -0.00011958 0.01283212 0.02896043
v 0.00373111 0.01277261 0.02818511
v 0.00368765 0.01326779 0.02798755
v 0.00337240 0.01317435 0.02819447
v 0.00598758 0.01138170 0.02702023
v 0.00514218 0.01218994 0.02753828
v 0.00641839 0.01076748 0.02669594
v 0.00678435 0.01057584 0.02629877
v 0.00455271 0.01249347 0.02784530
v -0.00011958 0.00727562 0.02781164
v -0.00011958 0.01249347 0.02903681
v 0.00021085 0.01249347 0.02903843
v 0.00059406 0.01281576 0.02895369
v 0.00059751 0.01326779 0.02877560
v 0.00291296 0.01270178 0.02853984
v 0.00297229 0.01249347 0.02856823
v 0.00440026 0.01142871 0.02813360
v 0.00312785 0.01326779 0.02824584
v 0.00486728 0.01187212 0.02780345
v 0.00622075 0.01057584 0.02689496
v 0.00643184 0.01019255 0.02670589
v 0.00684782 0.00899715 0.02612169
v 0.00651255 0.00780473 0.02612169
v 0.00636907 0.00765891 0.02625545
v 0.00078618 0.00718754 0.02772413
v 0.00078618 0.00750952 0.02796735
v -0.00011958 0.00750952 0.02797555
v 0.00021085 0.01211018 0.02908789
v 0.00232039 0.01249347 0.02876696
v 0.00241903 0.01311275 0.02855125
v 0.00232039 0.01287736 0.02865984
v 0.00232039 0.01211018 0.02883984
v 0.00443061 0.01117220 0.02815174
v 0.00530326 0.01169059 0.02753828
v 0.00604346 0.01019255 0.02706999
v 0.00612590 0.00980926 0.02697018
v 0.00673606 0.00881176 0.02624169
v 0.00671192 0.00827610 0.02612169
v 0.00600345 0.00789281 0.02665086
v 0.00589032 0.00744465 0.02656364
v 0.00604139 0.00724944 0.02630784
v 0.00097796 0.00728277 0.02780316
v 0.00040263 0.00776069 0.02812247
v -0.00011958 0.00776069 0.02812277
v -0.00011958 0.01172690 0.02910823
v 0.00059406 0.01172690 0.02909960
v 0.00078549 0.01211018 0.02906784
v 0.00078549 0.01249347 0.02901340
v 0.00108419 0.01275059 0.02893438
v 0.00116904 0.01326779 0.02873447
v 0.00232039 0.01326779 0.02851438
v 0.00194511 0.01326779 0.02861243
v 0.00189131 0.01221017 0.02891038
v 0.00199823 0.01172690 0.02892969
v 0.00336964 0.01057584 0.02856413
v 0.00335929 0.01082819 0.02856062
v 0.00423608 0.01095913 0.02824306
v 0.00441957 0.01049906 0.02814530
v 0.00495144 0.01095913 0.02785262
v 0.00511769 0.01134242 0.02771330
v 0.00559437 0.00980926 0.02739457
v 0.00600621 0.00942597 0.02703721
v 0.00598000 0.00920040 0.02701672
v 0.00647806 0.00827610 0.02636052
v 0.00519496 0.00846775 0.02738404
v 0.00576546 0.00754762 0.02669447
v 0.00562128 0.00718754 0.02664384
v 0.00059440 0.00795650 0.02820881
v 0.00136151 0.00750952 0.02794189
v 0.00136151 0.00779253 0.02810886
v -0.00011958 0.00795293 0.02821057
v -0.00011958 0.00983485 0.02886472
v 0.00010117 0.00999852 0.02891799
v 0.00024121 0.00999852 0.02891799
v 0.00116904 0.01172690 0.02906052
v 0.00116904 0.01211018 0.02903184
v 0.00155259 0.01172690 0.02901135
v 0.00270325 0.01019255 0.02869086
v 0.00419331 0.01019255 0.02821672
v 0.00557851 0.00961583 0.02738404
v 0.00540156 0.00904328 0.02739223
v 0.00527463 0.00742828 0.02694969
v 0.00482106 0.00921588 0.02777155
v 0.00449822 0.00874450 0.02780052
v 0.00440992 0.00848917 0.02775896
v 0.00486245 0.00718754 0.02705974
v 0.00190303 0.00718754 0.02767408
v 0.00059440 0.00942597 0.02874896
v -0.00011958 0.00942597 0.02875321
v 0.00136151 0.00798417 0.02819477
v 0.00136151 0.00942597 0.02871150
v 0.00193615 0.00980926 0.02874706
v 0.00231970 0.01019255 0.02875526
v 0.00231970 0.00980926 0.02869555
v 0.00290537 0.00960988 0.02853633
v 0.00326823 0.01002114 0.02853106
v 0.00426436 0.00863380 0.02785701
v 0.00404223 0.00808684 0.02776569
v 0.00270325 0.00718754 0.02758159
v 0.00231970 0.00754583 0.02787486
v 0.00212999 0.00788151 0.02808296
v 0.00206756 0.00805024 0.02816535
v 0.00193615 0.00942597 0.02865984
v 0.00248595 0.00925159 0.02852696
v 0.00388909 0.00823920 0.02786462
v 0.00245422 0.00810588 0.02814238
v 0.00298470 0.00841775 0.02816872
v 0.00361039 0.00773033 0.02774550
v 0.00335584 0.00767796 0.02778501
v 0.00429885 0.00718754 0.02721574
v 0.00289503 0.00789281 0.02797174
f 3006 3007 3010
f 3006 3010 3015
f 3006 3015 3037
f 3006 3037 3073
f 3006 3073 3075
f 3006 3075 3074
f 3006 3074 3041
f 3006 3041 3026
f 3006 3008 3009
f 3006 3009 3007
f 3007 3009 3010
f 3008 3020 3045
f 3008 3045 3061
f 3008 3061 3046
f 3008 3046 3022
f 3008 3022 3013
f 3008 3013 3009
f 3008 3006 3012
f 3008 3012 3011
f 3009 3013 3014
f 3009 3014 3010
f 3010 3014 3023
f 3010 3023 3033
f 3010 3033 3050
f 3010 3050 3067
f 3010 3067 3094
f 3010 3094 3112
f 3010 3112 3095
f 3010 3095 3068
f 3010 3068 3034
f 3010 3034 3024
f 3010 3024 3015
f 3006 3016 3012
f 3011 3017 3018
f 3011 3012 3019
f 3011 3019 3017
f 3011 3018 3020
f 3011 3020 3008
f 3012 3021 3019
f 3014 3013 3022
f 3014 3022 3090
f 3014 3090 3109
f 3014 3109 3133
f 3014 3133 3122
f 3014 3122 3110
f 3014 3110 3048
f 3014 3048 3023
f 3016 3021 3012
f 3006 3026 3016
f 3016 3026 3027
f 3016 3027 3025
f 3017 3019 3029
f 3017 3029 3028
f 3017 3028 3030
f 3017 3030 3018
f 3018 3030 3031
f 3018 3031 3020
f 3019 3021 3032
f 3019 3032 3029
f 3021 3016 3025
f 3021 3025 3032
f 3024 3034 3035
f 3024 3035 3036
f 3024 3036 3037
f 3024 3037 3015
f 3025 3038 3039
f 3025 3039 3040
f 3027 3026 3041
f 3027 3041 3038
f 3027 3038 3025
f 3029 3032 3042
f 3028 3043 3030
f 3031 3030 3044
f 3031 3045 3020
f 3031 3044 3045
f 3022 3046 3047
f 3023 3048 3033
f 3033 3049 3050
f 3035 3034 3051
f 3025 3040 3032
f 3038 3052 3039
f 3038 3054 3052
f 3039 3052 3055
f 3039 3055 3056
f 3039 3056 3040
f 3040 3056 3042
f 3040 3042 3032
f 3041 3053 3038
f 3042 3057 3029
f 3029 3057 3028
f 3043 3028 3058
f 3043 3058 3030
f 3030 3058 3044
f 3044 3058 3059
f 3044 3060 3045
f 3046 3061 3047
f 3047 3062 3063
f 3047 3063 3064
f 3047 3064 3022
f 3033 3048 3065
f 3033 3065 3049
f 3049 3066 3050
f 3050 3066 3067
f 3051 3034 3068
f 3051 3068 3069
f 3051 3069 3070
f 3051 3070 3035
f 3035 3070 3071
f 3035 3071 3036
f 3036 3071 3072
f 3036 3072 3073
f 3036 3073 3037
f 3053 3041 3074
f 3053 3054 3038
f 3054 3053 3075
f 3055 3052 3076
f 3055 3076 3077
f 3055 3077 3078
f 3055 3078 3079
f 3055 3079 3080
f 3055 3080 3056
f 3056 3081 3082
f 3056 3082 3083
f 3056 3083 3042
f 3056 3080 3081
f 3042 3083 3057
f 3057 3083 3058
f 3057 3058 3028
f 3058 3083 3082
f 3058 3082 3084
f 3058 3084 3059
f 3059 3060 3044
f 3059 3085 3060
f 3060 3085 3086
f 3061 3045 3060
f 3047 3061 3087
f 3047 3087 3062
f 3062 3088 3089
f 3062 3089 3063
f 3063 3089 3090
f 3063 3090 3064
f 3064 3090 3022
f 3061 3060 3087
f 3066 3091 3067
f 3049 3065 3092
f 3049 3092 3093
f 3049 3093 3066
f 3067 3091 3094
f 3068 3095 3096
f 3068 3096 3097
f 3068 3097 3069
f 3069 3098 3070
f 3069 3097 3098
f 3070 3098 3099
f 3070 3099 3071
f 3071 3099 3072
f 3072 3076 3052
f 3072 3052 3054
f 3072 3054 3075
f 3072 3075 3073
f 3053 3074 3075
f 3076 3100 3077
f 3077 3100 3101
f 3077 3101 3078
f 3078 3102 3081
f 3078 3081 3080
f 3078 3080 3079
f 3082 3081 3084
f 3084 3081 3103
f 3084 3103 3085
f 3084 3085 3059
f 3085 3103 3086
f 3060 3086 3087
f 3086 3062 3087
f 3086 3103 3104
f 3086 3104 3062
f 3062 3104 3088
f 3088 3105 3089
f 3088 3106 3107
f 3088 3107 3108
f 3088 3108 3109
f 3088 3109 3105
f 3089 3105 3090
f 3048 3110 3065
f 3065 3110 3092
f 3091 3111 3112
f 3091 3112 3094
f 3066 3093 3091
f 3091 3093 3113
f 3091 3113 3111
f 3096 3112 3097
f 3096 3095 3112
f 3097 3112 3111
f 3097 3111 3114
f 3097 3114 3115
f 3097 3115 3098
f 3098 3115 3116
f 3098 3116 3100
f 3098 3100 3099
f 3099 3076 3072
f 3076 3099 3100
f 3100 3116 3101
f 3101 3116 3117
f 3101 3117 3118
f 3101 3118 3119
f 3078 3101 3119
f 3078 3119 3102
f 3102 3119 3107
f 3102 3107 3106
f 3102 3106 3081
f 3081 3106 3103
f 3105 3109 3090
f 3088 3104 3106
f 3106 3104 3103
f 3107 3119 3120
f 3107 3120 3108
f 3108 3120 3121
f 3109 3108 3121
f 3092 3110 3123
f 3092 3123 3093
f 3111 3113 3114
f 3093 3123 3124
f 3093 3124 3113
f 3114 3113 3125
f 3114 3125 3126
f 3114 3126 3115
f 3115 3126 3117
f 3115 3117 3116
f 3117 3127 3118
f 3117 3126 3127
f 3119 3118 3120
f 3120 3118 3128
f 3120 3128 3121
f 3122 3123 3110
f 3113 3124 3125
f 3125 3124 3129
f 3125 3129 3126
f 3118 3127 3130
f 3118 3130 3128
f 3121 3131 3109
f 3109 3131 3132
f 3109 3132 3133
f 3122 3133 3132
f 3122 3132 3123
f 3123 3132 3134
f 3123 3134 3124
f 3124 3134 3129
f 3129 3130 3127
f 3129 3127 3126
f 3130 3129 3134
f 3130 3134 3131
f 3130 3131 3121
f 3130 3121 3128
f 3132 3131 3134

o geometry_21
v 0.00242582 -0.00359497 0.00966175
v 0.00260394 -0.00359497 0.00966175
v 0.00232581 -0.00359497 0.00993264
v 0.00243099 -0.00284302 0.00351424
v 0.00273321 -0.00284302 0.00330911
v 0.00273974 -0.00284302 0.00330625
v 0.00309053 -0.00284302 0.00321405
v 0.00348690 -0.00284302 0.00318403
v 0.00270667 -0.00359497 0.00991906
v 0.00232499 -0.00359497 0.00995122
v 0.00232839 -0.00284302 0.00380157
v 0.00232867 -0.00284302 0.00379728
v 0.00209694 -0.00008093 0.00387162
v 0.00209694 0.00061618 0.00387162
v 0.00245780 -0.00055008 0.00354784
v 0.00245998 -0.00055008 0.00354641
v 0.00270300 -0.00055008 0.00341275
v 0.00297092 -0.00271811 0.00323264
v 0.00348690 -0.00244520 0.00318332
v 0.00348690 -0.00249343 0.00318189
v 0.00348690 -0.00284302 0.00363075
v 0.00275008 -0.00359497 0.01048370
v 0.00271171 -0.00359497 0.00993264
v 0.00231533 -0.00359497 0.01031645
v 0.00209694 -0.00016668 0.00418110
v 0.00209694 -0.00010814 0.00396382
v 0.00226635 0.00056630 0.00387162
v 0.00348690 -0.00055008 0.00333627
v 0.00308617 -0.00055008 0.00334914
v 0.00209694 0.00035193 0.00801427
v 0.00348690 -0.00246293 0.00364218
v 0.00275076 -0.00339668 0.01048370
v 0.00231479 -0.00359497 0.01048370
v 0.00209694 -0.00017616 0.00456420
v 0.00229002 0.00054857 0.00387162
v 0.00247794 0.00037667 0.00387162
v 0.00348690 -0.00055008 0.00369793
v 0.00228948 0.00018002 0.00801427
v 0.00209694 0.00017219 0.00829802
v 0.00223355 0.00012725 0.00829802
v 0.00348690 -0.00169614 0.00366505
v 0.00269402 -0.00301328 0.01048370
v 0.00232595 -0.00322972 0.01048370
v 0.00209694 -0.00008011 0.00829802
v 0.00209694 -0.00021327 0.00801427
v 0.00209694 -0.00021492 0.00784702
v 0.00209694 -0.00021533 0.00763116
v 0.00209694 -0.00021079 0.00724806
v 0.00248120 -0.00000302 0.00801427
v 0.00259264 -0.00019472 0.00801427
v 0.00256557 -0.00024831 0.00829873
v 0.00256529 -0.00024872 0.00830088
v 0.00269892 -0.00054595 0.00801427
v 0.00238636 -0.00285580 0.01048370
v 0.00247399 -0.00259608 0.01048370
v 0.00255182 -0.00259608 0.01048370
v 0.00264639 -0.00285580 0.01048370
v 0.00259006 -0.00267318 0.01048370
f 3135 3136 3143
f 3135 3143 3157
f 3135 3157 3156
f 3135 3156 3167
f 3135 3167 3158
f 3135 3158 3144
f 3135 3144 3137
f 3135 3137 3138
f 3135 3138 3139
f 3135 3139 3140
f 3135 3140 3141
f 3135 3141 3142
f 3135 3142 3136
f 3136 3142 3143
f 3137 3144 3145
f 3137 3145 3146
f 3137 3146 3138
f 3138 3146 3147
f 3138 3147 3148
f 3138 3148 3149
f 3138 3149 3139
f 3139 3149 3150
f 3139 3150 3151
f 3139 3151 3140
f 3140 3151 3152
f 3140 3152 3141
f 3141 3152 3153
f 3141 3153 3154
f 3141 3154 3142
f 3142 3154 3153
f 3142 3153 3162
f 3142 3162 3171
f 3142 3171 3175
f 3142 3175 3165
f 3142 3165 3155
f 3142 3155 3156
f 3142 3156 3157
f 3142 3157 3143
f 3144 3158 3145
f 3145 3159 3160
f 3145 3160 3147
f 3145 3147 3146
f 3145 3158 3159
f 3147 3160 3159
f 3147 3159 3168
f 3147 3168 3182
f 3147 3182 3181
f 3147 3181 3180
f 3147 3180 3179
f 3147 3179 3178
f 3147 3178 3173
f 3147 3173 3164
f 3147 3164 3148
f 3148 3161 3162
f 3148 3162 3163
f 3148 3163 3151
f 3148 3151 3150
f 3148 3150 3149
f 3148 3164 3161
f 3151 3163 3152
f 3152 3163 3153
f 3153 3163 3162
f 3155 3165 3166
f 3155 3166 3156
f 3156 3166 3176
f 3156 3176 3191
f 3156 3191 3192
f 3156 3192 3190
f 3156 3190 3189
f 3156 3189 3188
f 3156 3188 3177
f 3156 3177 3167
f 3158 3167 3159
f 3159 3167 3168
f 3161 3169 3162
f 3161 3164 3169
f 3162 3169 3170
f 3162 3170 3171
f 3164 3172 3169
f 3164 3173 3174
f 3164 3174 3172
f 3165 3175 3166
f 3166 3175 3171
f 3166 3171 3176
f 3167 3177 3173
f 3167 3173 3178
f 3167 3178 3179
f 3167 3179 3180
f 3167 3180 3181
f 3167 3181 3182
f 3167 3182 3168
f 3169 3172 3170
f 3170 3172 3171
f 3171 3172 3183
f 3171 3183 3184
f 3171 3184 3185
f 3171 3185 3186
f 3171 3186 3187
f 3171 3187 3176
f 3172 3174 3183
f 3173 3177 3188
f 3173 3188 3189
f 3173 3189 3190
f 3173 3190 3174
f 3174 3190 3186
f 3174 3186 3183
f 3176 3186 3191
f 3176 3187 3186
f 3183 3186 3185
f 3183 3185 3184
f 3186 3190 3192
f 3186 3192 3191

o geometry_22
v -0.00562444 -0.00477921 0.00433465
v -0.00562444 -0.00493070 0.00148042
v -0.00562444 -0.00525121 0.00433465
v -0.00367493 -0.00549359 0.00433465
v -0.00420104 0.00471970 0.00382792
v -0.00458404 0.00471970 0.00380075
v -0.00480445 0.01036452 0.00342037
v -0.00483612 0.01020027 0.00342037
v -0.00487658 0.00982076 0.00342037
v -0.00487753 0.00980641 0.00342037
v -0.00487906 0.00980641 0.00341086
v -0.00550307 0.00077152 0.00089354
v -0.00550307 0.00092620 0.00070199
v -0.00550307 0.00104260 0.00050229
v -0.00550307 0.00111914 0.00036372
v -0.00550307 0.00116379 0.00024961
v -0.00550307 0.00119090 0.00017353
v -0.00550307 0.00119090 0.00003225
v -0.00550307 0.00108884 -0.00040384
v -0.00550307 0.00091344 -0.00074754
v -0.00550307 -0.00024582 -0.00221609
v -0.00562444 -0.00545372 0.00148042
v -0.00562444 -0.00530542 0.00410506
v -0.00556585 -0.00535167 0.00405208
v -0.00533399 -0.00540588 0.00433465
v -0.00367493 -0.00590180 0.00433465
v -0.00367493 -0.00476327 0.00348558
v -0.00367531 0.00471970 0.00381705
v -0.00409342 0.01036452 0.00342037
v -0.00480483 0.01036452 0.00341086
v -0.00483822 0.01019071 0.00341086
v -0.00492791 0.01020187 -0.00859565
v -0.00492791 0.01020346 -0.00888094
v -0.00492791 0.01020346 -0.00943929
v -0.00550307 -0.00089003 -0.00221609
v -0.00492791 0.01011895 -0.00945831
v -0.00492791 0.00980641 -0.00950585
v -0.00492791 0.00942371 -0.00954389
v -0.00492791 -0.00516670 0.00075225
v -0.00492791 -0.00532775 0.00092886
v -0.00537369 -0.00553983 0.00148042
v -0.00518286 -0.00572958 0.00167468
v -0.00562444 -0.00546329 0.00149672
v -0.00492791 0.00572269 -0.00832395
v -0.00492791 0.00548669 -0.00814055
v -0.00562444 -0.00536283 0.00379668
v -0.00562444 -0.00538196 0.00368664
v -0.00537426 -0.00541545 0.00417978
v -0.00521110 -0.00545053 0.00433465
v -0.00381748 -0.00587788 0.00433465
v -0.00381748 -0.00590020 0.00417978
v -0.00367493 -0.00590339 0.00432106
v -0.00367493 -0.00476327 0.00314867
v -0.00367531 0.00471970 0.00342444
v -0.00453213 0.01020346 -0.00885649
v -0.00439760 0.01036452 0.00147906
v -0.00480788 0.01036452 0.00302640
v -0.00481360 0.01036452 0.00226156
v -0.00481914 0.01036452 0.00147906
v -0.00483345 0.01020346 -0.00940668
v -0.00492791 0.00903942 -0.00953710
v -0.00492791 0.00861207 -0.00950721
v -0.00492791 0.00831867 -0.00947325
v -0.00492791 0.00827402 -0.00946510
v -0.00492791 0.00793278 -0.00937680
v -0.00492791 0.00745760 -0.00923551
v -0.00492791 0.00711954 -0.00913362
v -0.00492791 0.00708127 -0.00911868
v -0.00492791 0.00677512 -0.00897196
v -0.00492791 0.00630790 -0.00872607
v -0.00492791 0.00604320 -0.00856441
v -0.00477544 0.00999936 -0.00943249
v -0.00476151 0.00980641 -0.00944336
v -0.00474281 0.00942371 -0.00946102
v -0.00474567 0.00903942 -0.00945831
v -0.00481494 -0.00534848 0.00090169
v -0.00533056 -0.00555418 0.00148042
v -0.00508859 -0.00572958 0.00167468
v -0.00367493 -0.00592572 0.00379668
v -0.00523744 -0.00574234 0.00187846
v -0.00542903 -0.00567537 0.00187846
v -0.00562444 -0.00559723 0.00187846
v -0.00562444 -0.00550475 0.00161083
v -0.00477067 0.00577212 -0.00828727
v -0.00474624 0.00535753 -0.00793134
v -0.00475922 -0.00534848 0.00090169
v -0.00562444 -0.00541386 0.00346384
v -0.00562444 -0.00558129 0.00227243
v -0.00523973 -0.00574074 0.00219363
v -0.00446172 -0.00574393 0.00417978
v -0.00442126 -0.00573118 0.00433465
v -0.00404666 -0.00582845 0.00433465
v -0.00381748 -0.00590658 0.00379668
v -0.00367493 -0.00591774 0.00417978
v -0.00420085 -0.00581569 0.00417978
v -0.00367493 -0.00490518 0.00314595
v -0.00452965 0.00903942 -0.00885649
v -0.00453022 0.00942371 -0.00885649
v -0.00367531 0.00467824 0.00342309
v -0.00467487 0.01020346 -0.00924910
v -0.00461323 0.00942371 -0.00923959
v -0.00463289 0.00980641 -0.00923959
v -0.00476132 0.00865672 -0.00944336
v -0.00477143 0.00844145 -0.00943521
v -0.00482047 0.00818791 -0.00940804
v -0.00473575 0.00722479 -0.00908608
v -0.00481360 0.00696806 -0.00902766
v -0.00483212 0.00620904 -0.00863505
v -0.00467545 0.01015244 -0.00925861
v -0.00461552 0.00903942 -0.00923959
v -0.00463117 0.00865672 -0.00923959
v -0.00496341 -0.00564507 0.00152661
v -0.00367493 -0.00586193 0.00360377
v -0.00471762 0.00597145 -0.00835927
v -0.00473346 0.00646258 -0.00870977
v -0.00470655 0.00562223 -0.00807127
v -0.00468460 0.00521881 -0.00769496
v -0.00470235 -0.00514437 0.00082833
v -0.00367493 -0.00561956 0.00328588
v -0.00367493 -0.00581728 0.00347878
v -0.00469720 -0.00540907 0.00110954
v -0.00420104 -0.00579177 0.00433465
v -0.00367493 -0.00514756 0.00314731
v -0.00452946 0.00865672 -0.00885649
v -0.00467258 0.00829634 -0.00926404
v -0.00466438 0.00788813 -0.00918253
v -0.00469510 0.00750384 -0.00913226
v -0.00465178 0.00710838 -0.00888230
v -0.00468327 0.00673844 -0.00877905
v -0.00453423 0.00827243 -0.00885649
v -0.00454835 0.00788813 -0.00885649
v -0.00457278 0.00750384 -0.00885649
v -0.00459644 0.00597145 -0.00809029
v -0.00465503 0.00634617 -0.00849376
v -0.00456171 -0.00514437 0.00110954
v -0.00456057 0.00673844 -0.00847203
v -0.00367493 -0.00549996 0.00321659
v -0.00367493 -0.00525918 0.00316089
v -0.00367493 -0.00542821 0.00318535
v -0.00453500 0.00712273 -0.00847203
f 3193 3194 3214
f 3193 3214 3235
f 3193 3235 3275
f 3193 3275 3274
f 3193 3274 3280
f 3193 3280 3279
f 3193 3279 3239
f 3193 3239 3238
f 3193 3238 3215
f 3193 3215 3195
f 3193 3195 3217
f 3193 3217 3241
f 3193 3241 3283
f 3193 3283 3314
f 3193 3314 3284
f 3193 3284 3242
f 3193 3242 3218
f 3193 3218 3196
f 3193 3196 3197
f 3193 3197 3198
f 3193 3198 3199
f 3193 3199 3200
f 3193 3200 3201
f 3193 3201 3202
f 3193 3202 3203
f 3193 3203 3204
f 3193 3204 3205
f 3193 3205 3206
f 3193 3206 3207
f 3193 3207 3208
f 3193 3208 3209
f 3193 3209 3210
f 3193 3210 3194
f 3194 3210 3211
f 3194 3211 3212
f 3194 3212 3213
f 3194 3213 3227
f 3194 3227 3214
f 3195 3215 3216
f 3195 3216 3217
f 3196 3218 3244
f 3196 3244 3286
f 3196 3286 3271
f 3196 3271 3305
f 3196 3305 3312
f 3196 3312 3311
f 3196 3311 3329
f 3196 3329 3331
f 3196 3331 3330
f 3196 3330 3315
f 3196 3315 3288
f 3196 3288 3245
f 3196 3245 3219
f 3196 3219 3220
f 3196 3220 3197
f 3197 3220 3221
f 3197 3221 3199
f 3197 3199 3198
f 3199 3221 3248
f 3199 3248 3251
f 3199 3251 3250
f 3199 3250 3249
f 3199 3249 3222
f 3199 3222 3200
f 3200 3222 3223
f 3200 3223 3201
f 3201 3223 3203
f 3201 3203 3202
f 3203 3223 3224
f 3203 3224 3209
f 3203 3209 3208
f 3203 3208 3207
f 3203 3207 3206
f 3203 3206 3205
f 3203 3205 3204
f 3209 3224 3225
f 3209 3225 3226
f 3209 3226 3210
f 3210 3226 3211
f 3211 3226 3212
f 3212 3226 3213
f 3213 3226 3228
f 3213 3228 3229
f 3213 3229 3230
f 3213 3230 3227
f 3214 3231 3232
f 3214 3232 3233
f 3214 3233 3234
f 3214 3234 3235
f 3214 3227 3236
f 3214 3236 3237
f 3214 3237 3231
f 3215 3238 3216
f 3216 3238 3239
f 3216 3239 3240
f 3216 3240 3217
f 3217 3240 3241
f 3218 3242 3243
f 3218 3243 3244
f 3219 3245 3246
f 3219 3246 3220
f 3220 3246 3221
f 3221 3247 3248
f 3221 3246 3247
f 3222 3249 3223
f 3223 3249 3224
f 3224 3249 3250
f 3224 3250 3251
f 3224 3251 3225
f 3225 3251 3226
f 3226 3251 3248
f 3226 3248 3252
f 3226 3252 3228
f 3227 3230 3253
f 3227 3253 3254
f 3227 3254 3255
f 3227 3255 3256
f 3227 3256 3257
f 3227 3257 3258
f 3227 3258 3259
f 3227 3259 3260
f 3227 3260 3261
f 3227 3261 3262
f 3227 3262 3263
f 3227 3263 3236
f 3228 3252 3264
f 3228 3264 3229
f 3229 3264 3230
f 3230 3264 3265
f 3230 3265 3266
f 3230 3266 3267
f 3230 3267 3253
f 3231 3268 3232
f 3231 3237 3268
f 3232 3268 3233
f 3233 3269 3234
f 3233 3268 3269
f 3234 3270 3271
f 3234 3271 3272
f 3234 3272 3273
f 3234 3273 3274
f 3234 3274 3275
f 3234 3275 3235
f 3234 3269 3268
f 3234 3268 3278
f 3234 3278 3270
f 3236 3263 3276
f 3236 3276 3237
f 3237 3276 3277
f 3237 3277 3278
f 3237 3278 3268
f 3239 3279 3240
f 3240 3279 3280
f 3240 3280 3281
f 3240 3281 3282
f 3240 3282 3241
f 3241 3282 3283
f 3242 3284 3243
f 3243 3285 3271
f 3243 3271 3286
f 3243 3286 3244
f 3243 3284 3287
f 3243 3287 3281
f 3243 3281 3285
f 3245 3288 3289
f 3245 3289 3290
f 3245 3290 3291
f 3245 3291 3246
f 3246 3291 3290
f 3246 3290 3247
f 3247 3292 3248
f 3247 3290 3293
f 3247 3293 3294
f 3247 3294 3292
f 3248 3292 3252
f 3252 3292 3264
f 3253 3267 3295
f 3253 3295 3296
f 3253 3296 3254
f 3254 3296 3255
f 3255 3296 3297
f 3255 3297 3256
f 3256 3297 3257
f 3257 3297 3258
f 3258 3297 3298
f 3258 3298 3259
f 3259 3298 3299
f 3259 3299 3260
f 3260 3299 3261
f 3261 3299 3262
f 3262 3299 3300
f 3262 3300 3263
f 3263 3300 3276
f 3264 3292 3301
f 3264 3301 3265
f 3265 3301 3294
f 3265 3294 3266
f 3266 3294 3293
f 3266 3293 3302
f 3266 3302 3267
f 3267 3302 3303
f 3267 3303 3295
f 3270 3278 3304
f 3270 3304 3271
f 3271 3304 3305
f 3271 3285 3281
f 3271 3281 3272
f 3272 3281 3273
f 3273 3281 3274
f 3274 3281 3280
f 3276 3306 3277
f 3276 3300 3307
f 3276 3307 3306
f 3277 3306 3308
f 3277 3308 3309
f 3277 3309 3310
f 3277 3310 3278
f 3278 3310 3311
f 3278 3311 3312
f 3278 3312 3313
f 3278 3313 3304
f 3281 3287 3282
f 3282 3287 3314
f 3282 3314 3283
f 3284 3314 3287
f 3288 3315 3316
f 3288 3316 3289
f 3289 3316 3293
f 3289 3293 3290
f 3292 3294 3301
f 3293 3316 3302
f 3295 3303 3296
f 3296 3317 3318
f 3296 3318 3319
f 3296 3319 3297
f 3296 3303 3317
f 3297 3319 3298
f 3298 3319 3320
f 3298 3320 3321
f 3298 3321 3307
f 3298 3307 3299
f 3299 3307 3300
f 3302 3316 3322
f 3302 3322 3323
f 3302 3323 3303
f 3303 3323 3324
f 3303 3324 3318
f 3303 3318 3317
f 3304 3313 3305
f 3305 3313 3312
f 3306 3325 3308
f 3306 3307 3326
f 3306 3326 3325
f 3307 3321 3326
f 3308 3325 3311
f 3308 3311 3309
f 3309 3311 3327
f 3309 3327 3310
f 3310 3327 3311
f 3311 3325 3328
f 3311 3328 3329
f 3315 3330 3316
f 3316 3330 3331
f 3316 3331 3322
f 3318 3324 3319
f 3319 3324 3320
f 3320 3328 3321
f 3320 3324 3328
f 3321 3328 3326
f 3322 3331 3323
f 3323 3331 3332
f 3323 3332 3324
f 3324 3332 3328
f 3325 3326 3328
f 3328 3332 3329
f 3329 3332 3331

o geometry_23
v 0.00913956 0.00718713 0.00829876
v 0.00797786 0.01168835 0.00829876
v 0.00947993 0.00718713 0.00829876
v 0.00832106 0.00718713 0.01917239
v 0.00850250 0.01168835 0.00829876
v 0.00809012 0.01168835 0.01917239
v 0.00949081 0.00750836 0.00829876
v 0.00948932 0.00750836 0.00839988
v 0.00947933 0.00718713 0.00833708
v 0.00872136 0.00718713 0.01917239
v 0.00862520 0.01151738 0.00829876
v 0.00854291 0.01168835 0.00875857
v 0.00849520 0.01168835 0.01917239
v 0.00949826 0.00789216 0.00829876
v 0.00949707 0.00789216 0.00839988
v 0.00949170 0.00789216 0.00878305
v 0.00948067 0.00789216 0.00955047
v 0.00947828 0.00718713 0.00839988
v 0.00947471 0.00789216 0.00993364
v 0.00946203 0.00750836 0.00993364
v 0.00946591 0.00718713 0.00910449
v 0.00874805 0.00747928 0.01917239
v 0.00878219 0.00718713 0.01875409
v 0.00881425 0.00750836 0.01875409
v 0.00865994 0.01146714 0.00829876
v 0.00864265 0.01153236 0.00862233
v 0.00865338 0.01154338 0.00887778
v 0.00868066 0.01168835 0.01070105
v 0.00863489 0.01114106 0.01917239
v 0.00866098 0.01121509 0.01902657
v 0.00864846 0.01153853 0.01856996
v 0.00850116 0.01168835 0.01913833
v 0.00949901 0.00799263 0.00829876
v 0.00948678 0.00827553 0.00955047
v 0.00948231 0.00827553 0.00993364
v 0.00946412 0.00789216 0.01031681
v 0.00945339 0.00750836 0.01031681
v 0.00944996 0.00718713 0.00993364
v 0.00945771 0.00718713 0.00955047
v 0.00876669 0.00785956 0.01917239
v 0.00883497 0.00789216 0.01875409
v 0.00877459 0.00789216 0.01913727
v 0.00903982 0.00718713 0.01672434
v 0.00875595 0.01132570 0.00829876
v 0.00871689 0.01163679 0.01070105
v 0.00870541 0.01168835 0.01108423
v 0.00872852 0.01165618 0.01108423
v 0.00867395 0.01094454 0.01917239
v 0.00880426 0.01095996 0.01836985
v 0.00872971 0.01134332 0.01836985
v 0.00867723 0.01134288 0.01872003
v 0.00867634 0.01095820 0.01914685
v 0.00878234 0.01134332 0.01798668
v 0.00868707 0.01166764 0.01798668
v 0.00867887 0.01168835 0.01798668
v 0.00950050 0.00827553 0.00829876
v 0.00949737 0.00865933 0.00878305
v 0.00948335 0.00865933 0.00993364
v 0.00947336 0.00865933 0.01031681
v 0.00947172 0.00827553 0.01031681
v 0.00945383 0.00827553 0.01070105
v 0.00944608 0.00789216 0.01070105
v 0.00943803 0.00750836 0.01070105
v 0.00942923 0.00718713 0.01063719
v 0.00944101 0.00718713 0.01031681
v 0.00876818 0.00789216 0.01917239
v 0.00903385 0.00799660 0.01705535
v 0.00903818 0.00827553 0.01709261
v 0.00904325 0.00865933 0.01713837
v 0.00904518 0.00904270 0.01716498
v 0.00883810 0.00827553 0.01875409
v 0.00878055 0.00827553 0.01913727
v 0.00904652 0.00750836 0.01678713
v 0.00877429 0.00827553 0.01917239
v 0.00907112 0.00718713 0.01645292
v 0.00894783 0.01098463 0.00829876
v 0.00875983 0.01133010 0.00839988
v 0.00872792 0.01168835 0.01146740
v 0.00873866 0.01167381 0.01146740
v 0.00896333 0.01100843 0.00878305
v 0.00871376 0.01057615 0.01917239
v 0.00878279 0.01057615 0.01875409
v 0.00883899 0.01057615 0.01836985
v 0.00885003 0.01095996 0.01798668
v 0.00903624 0.01078811 0.01633797
v 0.00881559 0.01134332 0.01760351
v 0.00871793 0.01168835 0.01761202
v 0.00871227 0.01168835 0.01767695
v 0.00868961 0.01168835 0.01790153
v 0.00950080 0.00865933 0.00829876
v 0.00950050 0.00865933 0.00839988
v 0.00948067 0.00904270 0.00993364
v 0.00947157 0.00904270 0.01031681
v 0.00945682 0.00904270 0.01070105
v 0.00944146 0.00904270 0.01108423
v 0.00945741 0.00865933 0.01070105
v 0.00943967 0.00865933 0.01108423
v 0.00941582 0.00914008 0.01168666
v 0.00922424 0.00865933 0.01530233
v 0.00941775 0.00724265 0.01094905
v 0.00942059 0.00718713 0.01084048
v 0.00942655 0.00718713 0.01070424
v 0.00906665 0.00827553 0.01683609
v 0.00908320 0.00750836 0.01645292
v 0.00909632 0.00789216 0.01645292
v 0.00915148 0.00827553 0.01606868
v 0.00910914 0.00827553 0.01645292
v 0.00907724 0.00865933 0.01683609
v 0.00904190 0.00942606 0.01714050
v 0.00884227 0.00942606 0.01875409
v 0.00884287 0.00904270 0.01875409
v 0.00884063 0.00865933 0.01875409
v 0.00911958 0.00865933 0.01645292
v 0.00916043 0.00865933 0.01606868
v 0.00911943 0.00904270 0.01645292
v 0.00878532 0.00904270 0.01913727
v 0.00877682 0.00865933 0.01917239
v 0.00907754 0.00718713 0.01639012
v 0.00913792 0.00789216 0.01606868
v 0.00897377 0.01093440 0.00829876
v 0.00895156 0.01098904 0.00839988
v 0.00872941 0.01168835 0.01149507
v 0.00874567 0.01168835 0.01181864
v 0.00874716 0.01168835 0.01185164
v 0.00895618 0.01130675 0.01224333
v 0.00896960 0.01102782 0.00916623
v 0.00907291 0.01087271 0.00993364
v 0.00906546 0.01085464 0.00955047
v 0.00905815 0.01083614 0.00916623
v 0.00904190 0.01079251 0.00829876
v 0.00874403 0.01019411 0.01917239
v 0.00881559 0.01019279 0.01875409
v 0.00903341 0.01003151 0.01705323
v 0.00903505 0.01045409 0.01668815
v 0.00904697 0.01057968 0.01646037
v 0.00919114 0.01019279 0.01530233
v 0.00914269 0.01057615 0.01530233
v 0.00916669 0.01057615 0.01491809
v 0.00906755 0.01092074 0.01530233
v 0.00903549 0.01116486 0.01481911
v 0.00873597 0.01168835 0.01725758
v 0.00947814 0.00904270 0.00829876
v 0.00947933 0.00904270 0.00839988
v 0.00948156 0.00904270 0.00878305
v 0.00948186 0.00904270 0.00955047
v 0.00944787 0.00942606 0.00993364
v 0.00941462 0.00961863 0.01166537
v 0.00941567 0.00942606 0.01168453
v 0.00922603 0.00904270 0.01530233
v 0.00919740 0.00865933 0.01568551
v 0.00918697 0.00827553 0.01568551
v 0.00921291 0.00827553 0.01530233
v 0.00920471 0.00718713 0.01453492
v 0.00903683 0.00980943 0.01708835
v 0.00883378 0.00980943 0.01875409
v 0.00915924 0.00904270 0.01606868
v 0.00919203 0.00942606 0.01568551
v 0.00878517 0.00942606 0.01913727
v 0.00919785 0.00904270 0.01568551
v 0.00877906 0.00942606 0.01917239
v 0.00877906 0.00904270 0.01917239
v 0.00877891 0.00900833 0.01917239
v 0.00910944 0.00718713 0.01606868
v 0.00912286 0.00750836 0.01606868
v 0.00878666 0.01168835 0.01300222
v 0.00894693 0.01135169 0.01261799
v 0.00903206 0.01115428 0.01237637
v 0.00910258 0.01093352 0.01146740
v 0.00909513 0.01091942 0.01108423
v 0.00908767 0.01090444 0.01070105
v 0.00908022 0.01088901 0.01031681
v 0.00917623 0.01057615 0.00955047
v 0.00916177 0.01057615 0.00916623
v 0.00914656 0.01057615 0.00878305
v 0.00910601 0.01062947 0.00829876
v 0.00874611 0.01015842 0.01917239
v 0.00876624 0.00980943 0.01917239
v 0.00877220 0.00980943 0.01913727
v 0.00917623 0.00980943 0.01568551
v 0.00921112 0.00980943 0.01530233
v 0.00921887 0.01019279 0.01491809
v 0.00917921 0.01057615 0.01453492
v 0.00909394 0.01095996 0.01453492
v 0.00907142 0.01099389 0.01493619
v 0.00904056 0.01117720 0.01453492
v 0.00873732 0.01168835 0.01721927
v 0.00946740 0.00913303 0.00829876
v 0.00943907 0.00941240 0.00878305
v 0.00944563 0.00942606 0.00955047
v 0.00941537 0.00962347 0.00955047
v 0.00941611 0.00962788 0.00993364
v 0.00941597 0.00962700 0.01031681
v 0.00941567 0.00962479 0.01070105
v 0.00941492 0.00962039 0.01146740
v 0.00922245 0.01057615 0.01223481
v 0.00921991 0.01057615 0.01261799
v 0.00921395 0.01057615 0.01300222
v 0.00920754 0.01057615 0.01338540
v 0.00919919 0.01057615 0.01376751
v 0.00918920 0.01057615 0.01415175
v 0.00923467 0.00980943 0.01491809
v 0.00922349 0.00942606 0.01530233
v 0.00917057 0.00789216 0.01568551
v 0.00915268 0.00750836 0.01568551
v 0.00913687 0.00718713 0.01568551
v 0.00911421 0.00718713 0.01600695
v 0.00879755 0.01168835 0.01338540
v 0.00903862 0.01116838 0.01300222
v 0.00895394 0.01136888 0.01338540
v 0.00904235 0.01117720 0.01338540
v 0.00909721 0.01099565 0.01224333
v 0.00910944 0.01094718 0.01185164
v 0.00918831 0.01057615 0.00993364
v 0.00924302 0.01019279 0.00839988
v 0.00923959 0.01019279 0.00829876
v 0.00913076 0.01057615 0.00839988
v 0.00912644 0.01057615 0.00829876
v 0.00910392 0.01095996 0.01415175
v 0.00904518 0.01118645 0.01415175
v 0.00895946 0.01136888 0.01453492
v 0.00878994 0.01168835 0.01568551
v 0.00877742 0.01168835 0.01606868
v 0.00943550 0.00939742 0.00829876
v 0.00943624 0.00940094 0.00839988
v 0.00941462 0.00961818 0.00933866
v 0.00943654 0.00946087 0.00919390
v 0.00921902 0.01057615 0.01185164
v 0.00911466 0.01095996 0.01261799
v 0.00911332 0.01095996 0.01300222
v 0.00911183 0.01095996 0.01338540
v 0.00910989 0.01095996 0.01376751
v 0.00880426 0.01168835 0.01376751
v 0.00895692 0.01137725 0.01376751
v 0.00904578 0.01118557 0.01376751
v 0.00919651 0.01057615 0.01031681
v 0.00939077 0.00958866 0.00829876
v 0.00895856 0.01137813 0.01415175
v 0.00880858 0.01168835 0.01492022
v 0.00880083 0.01168835 0.01530233
v 0.00940314 0.00953843 0.00829876
v 0.00880843 0.01168835 0.01415175
v 0.00881097 0.01168835 0.01453492
f 3333 3334 3337
f 3333 3337 3343
f 3333 3343 3357
f 3333 3357 3376
f 3333 3376 3408
f 3333 3408 3452
f 3333 3452 3462
f 3333 3462 3507
f 3333 3507 3549
f 3333 3549 3547
f 3333 3547 3568
f 3333 3568 3572
f 3333 3572 3555
f 3333 3555 3519
f 3333 3519 3474
f 3333 3474 3422
f 3333 3422 3388
f 3333 3388 3365
f 3333 3365 3346
f 3333 3346 3339
f 3333 3339 3335
f 3333 3335 3341
f 3333 3341 3350
f 3333 3350 3353
f 3333 3353 3371
f 3333 3371 3370
f 3333 3370 3397
f 3333 3397 3396
f 3333 3396 3434
f 3333 3434 3433
f 3333 3433 3485
f 3333 3485 3537
f 3333 3537 3538
f 3333 3538 3495
f 3333 3495 3450
f 3333 3450 3407
f 3333 3407 3375
f 3333 3375 3355
f 3333 3355 3342
f 3333 3342 3336
f 3333 3336 3334
f 3334 3336 3338
f 3334 3338 3345
f 3334 3345 3364
f 3334 3364 3387
f 3334 3387 3421
f 3334 3421 3420
f 3334 3420 3419
f 3334 3419 3473
f 3334 3473 3518
f 3334 3518 3554
f 3334 3554 3553
f 3334 3553 3571
f 3334 3571 3570
f 3334 3570 3574
f 3334 3574 3573
f 3334 3573 3564
f 3334 3564 3539
f 3334 3539 3497
f 3334 3497 3456
f 3334 3456 3455
f 3334 3455 3454
f 3334 3454 3410
f 3334 3410 3378
f 3334 3378 3360
f 3334 3360 3344
f 3334 3344 3337
f 3335 3339 3340
f 3335 3340 3341
f 3336 3342 3354
f 3336 3354 3372
f 3336 3372 3398
f 3336 3398 3406
f 3336 3406 3449
f 3336 3449 3494
f 3336 3494 3493
f 3336 3493 3492
f 3336 3492 3509
f 3336 3509 3508
f 3336 3508 3463
f 3336 3463 3413
f 3336 3413 3380
f 3336 3380 3361
f 3336 3361 3345
f 3336 3345 3338
f 3337 3344 3343
f 3339 3346 3347
f 3339 3347 3348
f 3339 3348 3349
f 3339 3349 3340
f 3340 3350 3341
f 3340 3349 3351
f 3340 3351 3352
f 3340 3352 3353
f 3340 3353 3350
f 3342 3355 3356
f 3342 3356 3354
f 3343 3344 3358
f 3343 3358 3357
f 3344 3359 3358
f 3344 3360 3359
f 3345 3361 3362
f 3345 3362 3363
f 3345 3363 3364
f 3346 3365 3366
f 3346 3366 3367
f 3346 3367 3347
f 3347 3367 3348
f 3348 3367 3349
f 3349 3367 3351
f 3351 3367 3392
f 3351 3392 3368
f 3351 3368 3369
f 3351 3369 3352
f 3352 3369 3370
f 3352 3370 3371
f 3352 3371 3353
f 3354 3356 3373
f 3354 3373 3374
f 3354 3374 3372
f 3355 3375 3356
f 3356 3375 3373
f 3357 3358 3376
f 3358 3359 3376
f 3359 3360 3377
f 3359 3377 3376
f 3360 3378 3379
f 3360 3379 3377
f 3361 3380 3362
f 3362 3381 3382
f 3362 3382 3383
f 3362 3383 3363
f 3362 3380 3384
f 3362 3384 3381
f 3363 3383 3382
f 3363 3382 3385
f 3363 3385 3386
f 3363 3386 3387
f 3363 3387 3364
f 3365 3388 3389
f 3365 3389 3366
f 3366 3389 3367
f 3367 3390 3391
f 3367 3391 3392
f 3367 3389 3390
f 3368 3392 3393
f 3368 3393 3394
f 3368 3394 3395
f 3368 3395 3369
f 3369 3395 3396
f 3369 3396 3397
f 3369 3397 3370
f 3372 3374 3398
f 3373 3399 3400
f 3373 3400 3401
f 3373 3401 3402
f 3373 3402 3403
f 3373 3403 3404
f 3373 3404 3374
f 3373 3375 3405
f 3373 3405 3399
f 3374 3404 3406
f 3374 3406 3398
f 3375 3407 3405
f 3376 3377 3409
f 3376 3409 3408
f 3377 3379 3409
f 3378 3410 3411
f 3378 3411 3379
f 3379 3411 3412
f 3379 3412 3409
f 3380 3413 3414
f 3380 3414 3381
f 3380 3381 3384
f 3381 3414 3415
f 3381 3415 3416
f 3381 3416 3385
f 3381 3385 3382
f 3385 3416 3417
f 3385 3417 3418
f 3385 3418 3419
f 3385 3419 3420
f 3385 3420 3421
f 3385 3421 3386
f 3386 3421 3387
f 3388 3422 3423
f 3388 3423 3389
f 3389 3423 3424
f 3389 3424 3390
f 3390 3424 3425
f 3390 3425 3391
f 3391 3425 3426
f 3391 3426 3427
f 3391 3427 3428
f 3391 3428 3392
f 3392 3428 3429
f 3392 3429 3393
f 3393 3429 3430
f 3393 3430 3431
f 3393 3431 3394
f 3394 3431 3395
f 3395 3432 3433
f 3395 3433 3434
f 3395 3434 3396
f 3395 3431 3432
f 3399 3435 3400
f 3399 3405 3436
f 3399 3436 3437
f 3399 3437 3438
f 3399 3438 3439
f 3399 3439 3435
f 3400 3435 3440
f 3400 3440 3401
f 3401 3440 3402
f 3402 3441 3442
f 3402 3442 3443
f 3402 3443 3444
f 3402 3444 3403
f 3402 3440 3445
f 3402 3445 3446
f 3402 3446 3447
f 3402 3447 3441
f 3403 3444 3404
f 3404 3448 3449
f 3404 3449 3406
f 3404 3444 3448
f 3405 3407 3436
f 3407 3450 3451
f 3407 3451 3436
f 3408 3409 3453
f 3408 3453 3452
f 3409 3412 3453
f 3410 3454 3411
f 3411 3454 3455
f 3411 3455 3456
f 3411 3456 3457
f 3411 3457 3458
f 3411 3458 3412
f 3412 3458 3459
f 3412 3459 3460
f 3412 3460 3461
f 3412 3461 3462
f 3412 3462 3452
f 3412 3452 3453
f 3413 3463 3464
f 3413 3464 3414
f 3414 3464 3415
f 3415 3464 3465
f 3415 3465 3416
f 3416 3465 3466
f 3416 3466 3467
f 3416 3467 3417
f 3417 3467 3468
f 3417 3468 3469
f 3417 3469 3470
f 3417 3470 3471
f 3417 3471 3418
f 3418 3471 3472
f 3418 3472 3419
f 3419 3472 3473
f 3422 3474 3475
f 3422 3475 3476
f 3422 3476 3477
f 3422 3477 3423
f 3423 3477 3424
f 3424 3477 3478
f 3424 3478 3479
f 3424 3479 3425
f 3425 3479 3480
f 3425 3480 3426
f 3426 3480 3427
f 3427 3480 3430
f 3427 3430 3428
f 3428 3430 3429
f 3430 3480 3481
f 3430 3481 3431
f 3431 3481 3482
f 3431 3482 3483
f 3431 3483 3484
f 3431 3484 3432
f 3432 3484 3485
f 3432 3485 3433
f 3435 3439 3440
f 3436 3451 3438
f 3436 3438 3437
f 3438 3451 3483
f 3438 3483 3482
f 3438 3482 3446
f 3438 3446 3445
f 3438 3445 3439
f 3439 3445 3440
f 3441 3486 3487
f 3441 3487 3442
f 3441 3447 3488
f 3441 3488 3489
f 3441 3489 3486
f 3442 3487 3490
f 3442 3490 3443
f 3443 3490 3448
f 3443 3448 3444
f 3446 3488 3447
f 3446 3482 3491
f 3446 3491 3488
f 3448 3490 3492
f 3448 3492 3493
f 3448 3493 3494
f 3448 3494 3449
f 3450 3495 3496
f 3450 3496 3451
f 3451 3496 3483
f 3456 3497 3498
f 3456 3498 3457
f 3457 3498 3499
f 3457 3499 3500
f 3457 3500 3501
f 3457 3501 3502
f 3457 3502 3503
f 3457 3503 3458
f 3458 3503 3459
f 3459 3503 3504
f 3459 3504 3505
f 3459 3505 3461
f 3459 3461 3460
f 3461 3505 3462
f 3462 3506 3507
f 3462 3505 3506
f 3463 3508 3464
f 3464 3508 3509
f 3464 3509 3510
f 3464 3510 3487
f 3464 3487 3465
f 3465 3487 3486
f 3465 3486 3489
f 3465 3489 3511
f 3465 3511 3468
f 3465 3468 3466
f 3466 3468 3467
f 3468 3511 3512
f 3468 3512 3513
f 3468 3513 3469
f 3469 3513 3470
f 3470 3514 3515
f 3470 3515 3516
f 3470 3516 3471
f 3470 3513 3479
f 3470 3479 3514
f 3471 3516 3472
f 3472 3516 3515
f 3472 3515 3517
f 3472 3517 3473
f 3473 3517 3518
f 3474 3519 3475
f 3475 3520 3521
f 3475 3521 3478
f 3475 3478 3476
f 3475 3519 3520
f 3476 3478 3477
f 3478 3521 3522
f 3478 3522 3523
f 3478 3523 3524
f 3478 3524 3525
f 3478 3525 3526
f 3478 3526 3479
f 3479 3526 3527
f 3479 3527 3528
f 3479 3528 3529
f 3479 3529 3530
f 3479 3530 3531
f 3479 3531 3532
f 3479 3532 3514
f 3479 3513 3533
f 3479 3533 3534
f 3479 3534 3480
f 3480 3534 3481
f 3481 3534 3491
f 3481 3491 3482
f 3483 3496 3495
f 3483 3495 3535
f 3483 3535 3484
f 3484 3535 3536
f 3484 3536 3485
f 3485 3536 3537
f 3487 3510 3490
f 3488 3491 3489
f 3489 3491 3534
f 3489 3534 3512
f 3489 3512 3511
f 3490 3510 3509
f 3490 3509 3492
f 3495 3538 3535
f 3497 3539 3498
f 3498 3540 3499
f 3498 3539 3541
f 3498 3541 3542
f 3498 3542 3540
f 3499 3543 3544
f 3499 3544 3500
f 3499 3540 3543
f 3500 3544 3545
f 3500 3545 3504
f 3500 3504 3501
f 3501 3504 3502
f 3502 3504 3503
f 3504 3545 3546
f 3504 3546 3547
f 3504 3547 3505
f 3505 3547 3506
f 3506 3547 3548
f 3506 3548 3507
f 3507 3548 3549
f 3512 3534 3533
f 3512 3533 3513
f 3514 3532 3550
f 3514 3550 3515
f 3515 3550 3517
f 3517 3550 3551
f 3517 3551 3552
f 3517 3552 3553
f 3517 3553 3554
f 3517 3554 3518
f 3519 3555 3556
f 3519 3556 3520
f 3520 3556 3557
f 3520 3557 3558
f 3520 3558 3521
f 3521 3558 3557
f 3521 3557 3522
f 3522 3557 3559
f 3522 3559 3527
f 3522 3527 3523
f 3523 3527 3524
f 3524 3527 3525
f 3525 3527 3526
f 3527 3559 3560
f 3527 3560 3561
f 3527 3561 3562
f 3527 3562 3563
f 3527 3563 3528
f 3528 3563 3550
f 3528 3550 3529
f 3529 3550 3530
f 3530 3550 3531
f 3531 3550 3532
f 3535 3538 3536
f 3536 3538 3537
f 3539 3564 3565
f 3539 3565 3541
f 3540 3542 3543
f 3541 3565 3566
f 3541 3566 3542
f 3542 3566 3543
f 3543 3566 3560
f 3543 3560 3544
f 3544 3560 3559
f 3544 3559 3567
f 3544 3567 3545
f 3545 3567 3557
f 3545 3557 3546
f 3546 3568 3547
f 3546 3557 3568
f 3547 3549 3548
f 3550 3563 3551
f 3551 3563 3562
f 3551 3562 3561
f 3551 3561 3560
f 3551 3560 3566
f 3551 3566 3569
f 3551 3569 3552
f 3552 3569 3570
f 3552 3570 3571
f 3552 3571 3553
f 3555 3572 3557
f 3555 3557 3556
f 3557 3567 3559
f 3557 3572 3568
f 3564 3573 3565
f 3565 3573 3574
f 3565 3574 3569
f 3565 3569 3566
f 3569 3574 3570

o geometry_24
v -0.00635460 0.00698073 0.02581930
v -0.00675522 0.00715626 0.02552281
v -0.00635460 0.00688712 0.02580639
v -0.00614944 0.01167611 0.02512735
v -0.00629926 0.01274586 0.02512735
v -0.00684476 0.01274586 0.02512735
v -0.00710701 0.01211688 0.02512735
v -0.00744815 0.01069413 0.02512735
v -0.00749618 0.01019192 0.02512735
v -0.00750190 0.00980966 0.02512735
v -0.00747900 0.00942643 0.02512735
v -0.00717587 0.00751317 0.02512735
v -0.00670798 0.00690369 0.02548279
v -0.00791922 0.01274586 0.01712784
v -0.00635460 0.00627277 0.02551119
v -0.00635460 0.00506357 0.02464971
v -0.00635460 0.00402015 0.02376154
v -0.00635460 0.00278365 0.02247577
v -0.00635460 0.00278365 0.02117450
v -0.00707950 0.01230607 0.02508518
v -0.00748695 0.01161175 0.02460108
v -0.00746214 0.01077117 0.02508518
v -0.00785878 0.00927040 0.02434677
v -0.00768734 0.00827574 0.02450598
v -0.00739391 0.00808412 0.02497502
v -0.00746850 0.00766919 0.02471167
v -0.00710049 0.00723427 0.02512348
v -0.00849462 0.01274586 0.01712784
v -0.00779994 0.00278658 0.01702715
v -0.00813392 0.00516499 0.01702715
v -0.00892561 0.00718746 0.01702715
v -0.00668699 0.00559796 0.02468758
v -0.00675569 0.00529956 0.02438980
v -0.00670003 0.00424054 0.02355671
v -0.00670767 0.00346529 0.02279334
v -0.00752162 0.01206666 0.02425984
v -0.00785274 0.01120414 0.02395346
v -0.00785592 0.00991888 0.02434505
v -0.00795484 0.00942643 0.02412214
v -0.00787628 0.00865898 0.02419960
v -0.00746341 0.00615965 0.02393539
v -0.00710383 0.00591488 0.02435021
v -0.00930571 0.00718746 0.01702715
v -0.00858050 0.01265225 0.01712784
v -0.00853660 0.00278365 0.01702715
v -0.00708538 0.00461646 0.02337168
v -0.00704864 0.00352282 0.02235356
v -0.00669844 0.00309278 0.02240261
v -0.00720784 0.00278365 0.02119430
v -0.00748425 0.01255668 0.02398186
v -0.00754325 0.01274586 0.02363331
v -0.00784988 0.01194428 0.02356446
v -0.00830345 0.01114368 0.02259625
v -0.00827101 0.01057516 0.02291555
v -0.00825542 0.00865898 0.02324344
v -0.00788582 0.00712505 0.02364364
v -0.00785910 0.00687151 0.02357995
v -0.00751319 0.00511574 0.02306788
v -0.00916432 0.00578275 0.01741271
v -0.00916162 0.00750927 0.01875528
v -0.00937362 0.00837521 0.01712784
v -0.00939827 0.00923432 0.01712784
v -0.00938618 0.00978138 0.01712784
v -0.00918516 0.01134261 0.01712784
v -0.00900831 0.01194428 0.01712784
v -0.00785974 0.01234215 0.02321504
v -0.00827721 0.01170976 0.02236346
v -0.00837804 0.01038354 0.02258937
v -0.00833462 0.00865898 0.02297321
v -0.00822966 0.00806023 0.02317201
v -0.00825733 0.00750927 0.02287510
v -0.00786228 0.00572473 0.02282432
v -0.00746087 0.00424932 0.02239659
v -0.00840969 0.01274586 0.01899970
v -0.00869914 0.01244649 0.01760463
v -0.00918357 0.00789250 0.01875528
v -0.00918659 0.00961804 0.01875528
v -0.00916671 0.01019192 0.01875528
v -0.00919947 0.01095840 0.01798847
v -0.00900195 0.01193258 0.01749791
v -0.00837120 0.00278365 0.01797986
v -0.00861517 0.00308888 0.01743422
v -0.00868626 0.00314739 0.01702715
v -0.00745769 0.00386998 0.02200673
v -0.00750095 0.00303134 0.02094988
v -0.00789727 0.00278365 0.01964517
v -0.00821980 0.01229436 0.02200242
v -0.00824190 0.01197597 0.02226578
v -0.00862407 0.01122462 0.02130101
v -0.00865604 0.01032942 0.02155102
v -0.00864475 0.00904221 0.02175887
v -0.00867862 0.00865898 0.02159363
v -0.00861755 0.00740297 0.02165860
v -0.00829518 0.00662772 0.02231268
v -0.00803404 0.00597437 0.02258937
v -0.00788582 0.00453016 0.02172874
v -0.00914572 0.00520790 0.01702715
v -0.00900067 0.00573155 0.01859693
v -0.00910119 0.00750927 0.01913912
v -0.00912409 0.00789250 0.01913912
v -0.00912743 0.00961804 0.01913912
v -0.00915462 0.01095840 0.01837144
v -0.00906667 0.01144695 0.01829829
v -0.00862598 0.01195988 0.02057465
v -0.00861167 0.01230314 0.01972091
v -0.00864347 0.01235872 0.01913912
v -0.00828023 0.00329464 0.01911675
v -0.00861708 0.00403771 0.01877508
v -0.00787564 0.00359840 0.02073945
v -0.00788359 0.01274586 0.02251105
v -0.00865874 0.01174828 0.02068997
v -0.00873238 0.01076678 0.02105574
v -0.00875067 0.00942594 0.02124722
v -0.00876784 0.00674182 0.02067276
v -0.00878788 0.00865898 0.02105574
v -0.00863012 0.00681983 0.02131909
v -0.00859481 0.00587295 0.02079841
v -0.00823252 0.00500311 0.02126401
v -0.00899877 0.00423176 0.01702715
v -0.00900036 0.00460232 0.01746176
v -0.00877579 0.01019192 0.02105574
v -0.00876053 0.01115050 0.02067276
v -0.00821821 0.01267565 0.02122528
v -0.00829057 0.01274586 0.02045803
v -0.00822966 0.00424249 0.02048858
v -0.00863123 0.00513427 0.01997909
v -0.00873349 0.00444045 0.01875528
v -0.00875321 0.00539951 0.01971445
v -0.00879456 0.00635761 0.02028978
f 3575 3576 3577
f 3575 3577 3578
f 3575 3578 3579
f 3575 3579 3580
f 3575 3580 3581
f 3575 3581 3582
f 3575 3582 3583
f 3575 3583 3584
f 3575 3584 3585
f 3575 3585 3576
f 3576 3585 3586
f 3577 3576 3587
f 3578 3588 3579
f 3578 3577 3589
f 3578 3589 3590
f 3578 3590 3591
f 3578 3591 3592
f 3578 3592 3593
f 3578 3593 3588
f 3579 3588 3602
f 3579 3602 3648
f 3579 3648 3698
f 3579 3698 3684
f 3579 3684 3625
f 3579 3625 3580
f 3580 3594 3581
f 3581 3594 3595
f 3581 3595 3596
f 3581 3596 3582
f 3585 3584 3597
f 3585 3597 3598
f 3585 3598 3599
f 3585 3599 3586
f 3586 3600 3601
f 3586 3601 3576
f 3586 3599 3600
f 3576 3601 3587
f 3587 3589 3577
f 3588 3593 3603
f 3588 3603 3604
f 3588 3604 3605
f 3588 3605 3617
f 3588 3617 3602
f 3589 3587 3606
f 3589 3606 3590
f 3590 3606 3607
f 3590 3607 3591
f 3591 3607 3608
f 3591 3608 3609
f 3591 3609 3592
f 3592 3623 3660
f 3592 3660 3655
f 3592 3655 3619
f 3592 3619 3603
f 3592 3603 3593
f 3594 3610 3595
f 3596 3595 3611
f 3596 3611 3612
f 3596 3612 3582
f 3582 3612 3583
f 3583 3612 3584
f 3584 3612 3597
f 3597 3612 3613
f 3597 3614 3598
f 3598 3600 3599
f 3600 3615 3601
f 3601 3616 3587
f 3587 3616 3606
f 3602 3617 3618
f 3603 3619 3657
f 3603 3657 3693
f 3603 3693 3671
f 3603 3671 3617
f 3603 3617 3605
f 3603 3605 3604
f 3608 3607 3620
f 3608 3620 3609
f 3609 3621 3622
f 3609 3622 3592
f 3609 3620 3621
f 3592 3622 3623
f 3594 3580 3625
f 3594 3625 3624
f 3610 3594 3624
f 3610 3624 3626
f 3610 3626 3595
f 3595 3626 3611
f 3611 3627 3628
f 3611 3628 3612
f 3612 3628 3613
f 3613 3629 3597
f 3613 3628 3629
f 3597 3629 3614
f 3598 3614 3630
f 3598 3630 3600
f 3600 3630 3631
f 3600 3631 3615
f 3601 3615 3616
f 3616 3615 3632
f 3616 3632 3620
f 3616 3620 3607
f 3616 3607 3606
f 3617 3633 3634
f 3617 3634 3635
f 3617 3635 3636
f 3617 3636 3637
f 3617 3637 3638
f 3617 3638 3639
f 3617 3639 3618
f 3622 3621 3623
f 3624 3625 3640
f 3624 3640 3626
f 3628 3627 3642
f 3626 3627 3611
f 3628 3642 3629
f 3629 3642 3643
f 3629 3643 3644
f 3629 3644 3614
f 3614 3644 3630
f 3630 3645 3631
f 3631 3646 3615
f 3615 3646 3632
f 3632 3647 3620
f 3618 3648 3602
f 3618 3649 3648
f 3635 3634 3650
f 3635 3650 3636
f 3637 3636 3651
f 3637 3651 3652
f 3637 3652 3653
f 3637 3653 3638
f 3639 3654 3618
f 3619 3655 3656
f 3619 3656 3657
f 3620 3647 3621
f 3621 3658 3659
f 3621 3647 3658
f 3621 3659 3623
f 3623 3659 3660
f 3640 3661 3662
f 3640 3662 3626
f 3626 3662 3641
f 3641 3627 3626
f 3627 3663 3664
f 3627 3664 3642
f 3642 3664 3665
f 3642 3665 3643
f 3643 3665 3666
f 3644 3643 3667
f 3644 3667 3645
f 3644 3645 3630
f 3645 3668 3631
f 3631 3668 3669
f 3631 3669 3646
f 3646 3669 3670
f 3632 3670 3647
f 3632 3646 3670
f 3647 3670 3658
f 3618 3654 3649
f 3617 3671 3633
f 3633 3671 3672
f 3634 3633 3672
f 3634 3673 3674
f 3634 3674 3650
f 3636 3650 3651
f 3651 3675 3652
f 3653 3652 3676
f 3653 3676 3677
f 3653 3677 3638
f 3638 3677 3654
f 3638 3654 3639
f 3654 3678 3679
f 3654 3679 3680
f 3654 3680 3649
f 3654 3677 3678
f 3655 3660 3681
f 3656 3681 3682
f 3656 3655 3681
f 3658 3683 3659
f 3660 3659 3683
f 3661 3640 3684
f 3662 3661 3685
f 3662 3685 3641
f 3641 3685 3663
f 3641 3663 3627
f 3664 3663 3686
f 3665 3664 3687
f 3665 3687 3666
f 3666 3667 3643
f 3667 3674 3688
f 3667 3666 3689
f 3667 3689 3674
f 3667 3690 3668
f 3667 3668 3645
f 3668 3690 3691
f 3668 3691 3669
f 3669 3692 3670
f 3670 3683 3658
f 3649 3680 3648
f 3671 3693 3694
f 3671 3694 3672
f 3634 3672 3673
f 3674 3689 3675
f 3674 3675 3651
f 3674 3651 3650
f 3675 3695 3652
f 3675 3689 3687
f 3652 3695 3686
f 3652 3686 3696
f 3652 3696 3676
f 3679 3678 3697
f 3679 3697 3698
f 3679 3698 3680
f 3680 3698 3648
f 3656 3682 3693
f 3656 3693 3657
f 3660 3683 3681
f 3683 3699 3681
f 3683 3670 3699
f 3661 3678 3685
f 3684 3640 3625
f 3684 3698 3697
f 3684 3697 3661
f 3678 3661 3697
f 3678 3677 3685
f 3685 3696 3663
f 3663 3696 3686
f 3664 3686 3695
f 3666 3687 3689
f 3674 3673 3688
f 3691 3692 3669
f 3692 3691 3700
f 3692 3699 3670
f 3692 3700 3699
f 3693 3701 3694
f 3694 3701 3702
f 3694 3702 3672
f 3672 3702 3703
f 3688 3703 3690
f 3688 3690 3667
f 3688 3673 3703
f 3673 3672 3703
f 3675 3687 3695
f 3695 3687 3664
f 3696 3685 3676
f 3676 3685 3677
f 3681 3699 3682
f 3682 3699 3700
f 3682 3700 3701
f 3682 3701 3693
f 3690 3703 3691
f 3700 3691 3702
f 3701 3700 3702
f 3703 3702 3691

o geometry_25
v -0.00946749 0.00278365 0.00829876
v -0.00910409 0.00278365 0.00829876
v -0.00944980 0.00278365 0.00866174
v -0.00947030 0.00280572 0.00829876
v -0.00902912 0.01055776 0.00829876
v -0.00817047 0.00278365 0.01261903
v -0.00942950 0.00278365 0.00905151
v -0.00944035 0.00290617 0.00916731
v -0.00953582 0.00444029 0.01108417
v -0.00955371 0.00444029 0.01070045
v -0.00952577 0.00328970 0.00829876
v -0.00946668 0.01055776 0.00829876
v -0.00891375 0.01055776 0.01712770
v -0.00808404 0.00482383 0.01683646
v -0.00780003 0.00278594 0.01702659
v -0.00807680 0.00290617 0.01338474
v -0.00812765 0.00278365 0.01301053
v -0.00940337 0.00278365 0.00955103
v -0.00942025 0.00290617 0.00955103
v -0.00938126 0.00346473 0.01170209
v -0.00942065 0.00367399 0.01146788
v -0.00951552 0.00444029 0.01146788
v -0.00956095 0.00482383 0.01146788
v -0.00957663 0.00482383 0.01108417
v -0.00956879 0.00444029 0.01031760
v -0.00956437 0.00367399 0.00839988
v -0.00955773 0.00357355 0.00829876
v -0.00949382 0.01047558 0.00829876
v -0.00950929 0.01055776 0.00914830
v -0.00927694 0.01055776 0.01712770
v -0.00891354 0.00718665 0.01712770
v -0.00813449 0.00516474 0.01702659
v -0.00798957 0.00278365 0.01702659
v -0.00781631 0.00278365 0.01695572
v -0.00938729 0.00278365 0.00982412
v -0.00938488 0.00306369 0.01061230
v -0.00914730 0.00278365 0.01287744
v -0.00916237 0.00290617 0.01300102
v -0.00916720 0.00328970 0.01376759
v -0.00938025 0.00385054 0.01246174
v -0.00939774 0.00366410 0.01183864
v -0.00944538 0.00405752 0.01185160
v -0.00949180 0.00444029 0.01185160
v -0.00953783 0.00482383 0.01185160
v -0.00955713 0.00559089 0.01300102
v -0.00957562 0.00559089 0.01261903
v -0.00957723 0.00520736 0.01185160
v -0.00976496 0.00688150 0.01059156
v -0.00976315 0.00652460 0.00980511
v -0.00976094 0.00616694 0.00897373
v -0.00976496 0.00611596 0.00871791
v -0.00956778 0.00367399 0.00829876
v -0.00958266 0.01019250 0.00829876
v -0.00952839 0.01055776 0.00953201
v -0.00937643 0.01055776 0.01668781
v -0.00938608 0.01047253 0.01672843
v -0.00929423 0.01047406 0.01712770
v -0.00928177 0.00718665 0.01712770
v -0.00853708 0.00278365 0.01702659
v -0.00910951 0.00278365 0.01326115
v -0.00912519 0.00290617 0.01338474
v -0.00899495 0.00309718 0.01511319
v -0.00916338 0.00367399 0.01453416
v -0.00939553 0.00404915 0.01260088
v -0.00937764 0.00463282 0.01395858
v -0.00938628 0.00456509 0.01370277
v -0.00953301 0.00559089 0.01338474
v -0.00955029 0.00597442 0.01376759
v -0.00957301 0.00597442 0.01338474
v -0.00978787 0.00712425 0.01031760
v -0.00976918 0.00681758 0.01031760
v -0.00957843 0.00635795 0.01376759
v -0.00977280 0.00710979 0.01071168
v -0.00978948 0.00635795 0.00839988
v -0.00976918 0.00605280 0.00839988
v -0.00978445 0.00674072 0.00955103
v -0.00976998 0.00602693 0.00829876
v -0.00952899 0.01055776 0.00955016
v -0.00977762 0.00933260 0.00829876
v -0.00976355 0.00962938 0.00966770
v -0.00939613 0.01055776 0.01654089
v -0.00943231 0.01019250 0.01645274
v -0.00939493 0.01019097 0.01684856
v -0.00938186 0.01006161 0.01706548
v -0.00950467 0.01019250 0.01568531
v -0.00935211 0.01011944 0.01712770
v -0.00931232 0.00750778 0.01712770
v -0.00916881 0.00539760 0.01702659
v -0.00914569 0.00520736 0.01702659
v -0.00899897 0.00423179 0.01702659
v -0.00873486 0.00328970 0.01702659
v -0.00868059 0.00311772 0.01702659
v -0.00863838 0.00300510 0.01702659
v -0.00863657 0.00278365 0.01673275
v -0.00900681 0.00278365 0.01426452
v -0.00915574 0.00405752 0.01530159
v -0.00870049 0.00278365 0.01645274
v -0.00873888 0.00290617 0.01645274
v -0.00900480 0.00382771 0.01631879
v -0.00917705 0.00444029 0.01568531
v -0.00915916 0.00482383 0.01645274
v -0.00938186 0.00498287 0.01438465
v -0.00939231 0.00489536 0.01415044
v -0.00950547 0.00559089 0.01376759
v -0.00942869 0.00520736 0.01415044
v -0.00951693 0.00597442 0.01415044
v -0.00945824 0.00635795 0.01530159
v -0.00949160 0.00635795 0.01491788
v -0.00952276 0.00635795 0.01453416
v -0.00955271 0.00635795 0.01415044
v -0.00980395 0.00750778 0.01031760
v -0.00979792 0.00718665 0.00999697
v -0.00979672 0.00712425 0.00993474
v -0.00980295 0.00674072 0.00878359
v -0.00979390 0.00674072 0.00916731
v -0.00954909 0.00674072 0.01453416
v -0.00957301 0.00674072 0.01415044
v -0.00976576 0.00722850 0.01096836
v -0.00978888 0.00750778 0.01070045
v -0.00979209 0.00635795 0.00829876
v -0.00978506 0.00625217 0.00829876
v -0.00953924 0.01055776 0.00991487
v -0.00978908 0.00926030 0.00829876
v -0.00978908 0.00945892 0.00954411
v -0.00979772 0.00942543 0.00993388
v -0.00976456 0.00963470 0.00993388
v -0.00956939 0.01055776 0.01183259
v -0.00940578 0.01055776 0.01643459
v -0.00952819 0.00980897 0.01568531
v -0.00945321 0.00980897 0.01645274
v -0.00941543 0.00980897 0.01683559
v -0.00938729 0.00980897 0.01711820
v -0.00938508 0.00980897 0.01712770
v -0.00953884 0.01019250 0.01530246
v -0.00934769 0.00793773 0.01712770
v -0.00938005 0.00800546 0.01704647
v -0.00918569 0.00559089 0.01702659
v -0.00938648 0.00712425 0.01672152
v -0.00938005 0.00691346 0.01665843
v -0.00939372 0.00676811 0.01643891
v -0.00938347 0.00650329 0.01630237
v -0.00916941 0.00520736 0.01683646
v -0.00913685 0.00444029 0.01606902
v -0.00938005 0.00614868 0.01589964
v -0.00939272 0.00636860 0.01604396
v -0.00943131 0.00674072 0.01606902
v -0.00946326 0.00674072 0.01568531
v -0.00949341 0.00674072 0.01530159
v -0.00952236 0.00674072 0.01491788
v -0.00981420 0.00789131 0.01031760
v -0.00982445 0.00789131 0.00993388
v -0.00981259 0.00750778 0.00993388
v -0.00979933 0.00718665 0.00993474
v -0.00980536 0.00712425 0.00955103
v -0.00981139 0.00674072 0.00839988
v -0.00980837 0.00664103 0.00829876
v -0.00954306 0.00718665 0.01491788
v -0.00954808 0.00789131 0.01530246
v -0.00956396 0.00718665 0.01459725
v -0.00956537 0.00712425 0.01453416
v -0.00948919 0.00712425 0.01568531
v -0.00951331 0.00718665 0.01536468
v -0.00957200 0.00789131 0.01491788
v -0.00976878 0.00753137 0.01109108
v -0.00956396 0.00827560 0.01530246
v -0.00979732 0.00789131 0.01070045
v -0.00976234 0.00767443 0.01128985
v -0.00976476 0.00789131 0.01133652
v -0.00982204 0.00904190 0.00829876
v -0.00982345 0.00904190 0.00839988
v -0.00982646 0.00904190 0.00878273
v -0.00982928 0.00904190 0.00916645
v -0.00983189 0.00904190 0.00955016
v -0.00982948 0.00904190 0.00993388
v -0.00976415 0.00962938 0.01146788
v -0.00976576 0.00963775 0.01108417
v -0.00957120 0.01055776 0.01223445
v -0.00943935 0.01055776 0.01605001
v -0.00955994 0.00980897 0.01530246
v -0.00954326 0.00942543 0.01568531
v -0.00938809 0.00975265 0.01712770
v -0.00946889 0.01055776 0.01566716
v -0.00949663 0.01055776 0.01530246
v -0.00956416 0.01019250 0.01491788
v -0.00935875 0.00810286 0.01712770
v -0.00936819 0.00774977 0.01701622
v -0.00937342 0.00835094 0.01712770
v -0.00938950 0.00864696 0.01712770
v -0.00939472 0.00750778 0.01679757
v -0.00938789 0.00718665 0.01673362
v -0.00941824 0.00712425 0.01645274
v -0.00945884 0.00712425 0.01606902
v -0.00982164 0.00827560 0.01031760
v -0.00983229 0.00827560 0.00993388
v -0.00983108 0.00789131 0.00955016
v -0.00984154 0.00750778 0.00829876
v -0.00983832 0.00740809 0.00829876
v -0.00983088 0.00718665 0.00831518
v -0.00982144 0.00718665 0.00884582
v -0.00982043 0.00712425 0.00878359
v -0.00981320 0.00712425 0.00916731
v -0.00980656 0.00718665 0.00961239
v -0.00981360 0.00674072 0.00829876
v -0.00950588 0.00750778 0.01568531
v -0.00952175 0.00789131 0.01568531
v -0.00953623 0.00827560 0.01568531
v -0.00954728 0.00865837 0.01568531
v -0.00957462 0.00865837 0.01530246
v -0.00976817 0.00827560 0.01140652
v -0.00980375 0.00827560 0.01070045
v -0.00983129 0.00894145 0.00829876
v -0.00985199 0.00865837 0.00829876
v -0.00985159 0.00865837 0.00839988
v -0.00983269 0.00865837 0.00993388
v -0.00982224 0.00865837 0.01031760
v -0.00981862 0.00904190 0.01031760
v -0.00976174 0.00961720 0.01166061
v -0.00983772 0.00865837 0.00955016
v -0.00953120 0.01055776 0.01453416
v -0.00955994 0.01055776 0.01300016
v -0.00956678 0.01055776 0.01261817
v -0.00957341 0.00942543 0.01530246
v -0.00954909 0.00904190 0.01568531
v -0.00951110 0.00904190 0.01606816
v -0.00939774 0.00942543 0.01712770
v -0.00949784 0.01055776 0.01528258
v -0.00951894 0.01055776 0.01491788
v -0.00951974 0.01055776 0.01490059
v -0.00939774 0.00898787 0.01712770
v -0.00946648 0.00865837 0.01645274
v -0.00949864 0.00827560 0.01606816
v -0.00943271 0.00750778 0.01645274
v -0.00941442 0.00718665 0.01650892
v -0.00947352 0.00750778 0.01606816
v -0.00980596 0.00865837 0.01070045
v -0.00983772 0.00827560 0.00955016
v -0.00984877 0.00789131 0.00839988
v -0.00983732 0.00789131 0.00916645
v -0.00984817 0.00779162 0.00829876
v -0.00982907 0.00712425 0.00829876
v -0.00982546 0.00702380 0.00829876
v -0.00948678 0.00789131 0.01606816
v -0.00950929 0.00865837 0.01606816
v -0.00957703 0.00904190 0.01530246
v -0.00976194 0.00922454 0.01166406
v -0.00985299 0.00855868 0.00829876
v -0.00976194 0.00942543 0.01166320
v -0.00985339 0.00827560 0.00829876
v -0.00984274 0.00827560 0.00916645
v -0.00947090 0.00904190 0.01645274
v -0.00939814 0.00937141 0.01712770
v -0.00939875 0.00904190 0.01712770
v -0.00985018 0.00789131 0.00829876
v -0.00985259 0.00817439 0.00829876
f 3704 3705 3709
f 3704 3709 3720
f 3704 3720 3737
f 3704 3737 3736
f 3704 3736 3762
f 3704 3762 3797
f 3704 3797 3800
f 3704 3800 3798
f 3704 3798 3763
f 3704 3763 3740
f 3704 3740 3738
f 3704 3738 3721
f 3704 3721 3710
f 3704 3710 3706
f 3704 3706 3707
f 3704 3707 3714
f 3704 3714 3730
f 3704 3730 3755
f 3704 3755 3780
f 3704 3780 3824
f 3704 3824 3823
f 3704 3823 3859
f 3704 3859 3906
f 3704 3906 3944
f 3704 3944 3943
f 3704 3943 3900
f 3704 3900 3899
f 3704 3899 3942
f 3704 3942 3956
f 3704 3956 3957
f 3704 3957 3951
f 3704 3951 3949
f 3704 3949 3915
f 3704 3915 3914
f 3704 3914 3872
f 3704 3872 3826
f 3704 3826 3782
f 3704 3782 3756
f 3704 3756 3731
f 3704 3731 3715
f 3704 3715 3708
f 3704 3708 3705
f 3705 3708 3709
f 3706 3710 3711
f 3706 3711 3707
f 3707 3711 3712
f 3707 3712 3713
f 3707 3713 3714
f 3708 3715 3732
f 3708 3732 3757
f 3708 3757 3781
f 3708 3781 3825
f 3708 3825 3830
f 3708 3830 3880
f 3708 3880 3924
f 3708 3924 3923
f 3708 3923 3922
f 3708 3922 3931
f 3708 3931 3930
f 3708 3930 3929
f 3708 3929 3886
f 3708 3886 3885
f 3708 3885 3881
f 3708 3881 3831
f 3708 3831 3784
f 3708 3784 3758
f 3708 3758 3733
f 3708 3733 3716
f 3708 3716 3717
f 3708 3717 3718
f 3708 3718 3719
f 3708 3719 3709
f 3709 3719 3720
f 3710 3721 3711
f 3711 3721 3722
f 3711 3722 3723
f 3711 3723 3724
f 3711 3724 3712
f 3712 3724 3725
f 3712 3725 3726
f 3712 3726 3713
f 3713 3726 3727
f 3713 3727 3728
f 3713 3728 3729
f 3713 3729 3730
f 3713 3730 3714
f 3715 3731 3732
f 3716 3733 3760
f 3716 3760 3789
f 3716 3789 3836
f 3716 3836 3884
f 3716 3884 3928
f 3716 3928 3954
f 3716 3954 3955
f 3716 3955 3932
f 3716 3932 3891
f 3716 3891 3890
f 3716 3890 3888
f 3716 3888 3838
f 3716 3838 3790
f 3716 3790 3761
f 3716 3761 3734
f 3716 3734 3718
f 3716 3718 3735
f 3716 3735 3717
f 3717 3735 3718
f 3718 3736 3737
f 3718 3737 3720
f 3718 3720 3719
f 3718 3734 3736
f 3721 3738 3739
f 3721 3739 3722
f 3722 3739 3723
f 3723 3740 3741
f 3723 3741 3742
f 3723 3742 3743
f 3723 3743 3744
f 3723 3744 3725
f 3723 3725 3724
f 3723 3739 3740
f 3725 3744 3745
f 3725 3745 3746
f 3725 3746 3747
f 3725 3747 3726
f 3726 3747 3748
f 3726 3748 3749
f 3726 3749 3750
f 3726 3750 3727
f 3727 3750 3751
f 3727 3751 3752
f 3727 3752 3753
f 3727 3753 3754
f 3727 3754 3728
f 3728 3754 3755
f 3728 3755 3729
f 3729 3755 3730
f 3731 3756 3757
f 3731 3757 3732
f 3733 3758 3759
f 3733 3759 3760
f 3734 3761 3762
f 3734 3762 3736
f 3738 3740 3739
f 3740 3763 3764
f 3740 3764 3741
f 3741 3764 3742
f 3742 3764 3765
f 3742 3765 3766
f 3742 3766 3743
f 3743 3767 3745
f 3743 3745 3744
f 3743 3766 3768
f 3743 3768 3769
f 3743 3769 3767
f 3745 3767 3770
f 3745 3770 3746
f 3746 3770 3747
f 3747 3770 3748
f 3748 3770 3771
f 3748 3771 3772
f 3748 3772 3749
f 3749 3751 3750
f 3749 3772 3751
f 3751 3773 3774
f 3751 3774 3752
f 3751 3772 3775
f 3751 3775 3776
f 3751 3776 3773
f 3752 3774 3754
f 3752 3754 3753
f 3754 3777 3778
f 3754 3778 3755
f 3754 3774 3779
f 3754 3779 3777
f 3755 3778 3780
f 3756 3781 3757
f 3756 3782 3783
f 3756 3783 3781
f 3758 3784 3759
f 3759 3785 3786
f 3759 3786 3787
f 3759 3787 3760
f 3759 3784 3788
f 3759 3788 3785
f 3760 3787 3789
f 3761 3790 3791
f 3761 3791 3792
f 3761 3792 3793
f 3761 3793 3794
f 3761 3794 3795
f 3761 3795 3796
f 3761 3796 3762
f 3762 3796 3797
f 3763 3798 3765
f 3763 3765 3764
f 3765 3799 3766
f 3765 3798 3800
f 3765 3800 3801
f 3765 3801 3802
f 3765 3802 3799
f 3766 3799 3768
f 3767 3769 3770
f 3768 3799 3803
f 3768 3803 3804
f 3768 3804 3805
f 3768 3805 3806
f 3768 3806 3771
f 3768 3771 3807
f 3768 3807 3770
f 3768 3770 3769
f 3770 3807 3771
f 3771 3806 3808
f 3771 3808 3809
f 3771 3809 3810
f 3771 3810 3811
f 3771 3811 3812
f 3771 3812 3813
f 3771 3813 3775
f 3771 3775 3772
f 3773 3814 3815
f 3773 3815 3816
f 3773 3816 3817
f 3773 3817 3818
f 3773 3818 3779
f 3773 3779 3774
f 3773 3776 3814
f 3775 3813 3819
f 3775 3819 3820
f 3775 3820 3821
f 3775 3821 3776
f 3776 3821 3822
f 3776 3822 3814
f 3777 3823 3824
f 3777 3824 3778
f 3777 3779 3823
f 3778 3824 3780
f 3779 3818 3823
f 3781 3783 3825
f 3782 3826 3827
f 3782 3827 3783
f 3783 3828 3829
f 3783 3829 3830
f 3783 3830 3825
f 3783 3827 3828
f 3784 3831 3788
f 3785 3788 3832
f 3785 3832 3786
f 3786 3832 3787
f 3787 3833 3834
f 3787 3834 3835
f 3787 3835 3836
f 3787 3836 3789
f 3787 3832 3833
f 3788 3837 3832
f 3788 3831 3837
f 3790 3838 3839
f 3790 3839 3840
f 3790 3840 3791
f 3791 3840 3841
f 3791 3841 3842
f 3791 3842 3843
f 3791 3843 3844
f 3791 3844 3845
f 3791 3845 3792
f 3792 3845 3793
f 3793 3845 3804
f 3793 3804 3846
f 3793 3846 3799
f 3793 3799 3802
f 3793 3802 3801
f 3793 3801 3794
f 3794 3801 3800
f 3794 3800 3795
f 3795 3800 3797
f 3795 3797 3796
f 3799 3846 3804
f 3799 3804 3803
f 3804 3845 3847
f 3804 3847 3805
f 3805 3847 3848
f 3805 3848 3810
f 3805 3810 3808
f 3805 3808 3806
f 3808 3810 3809
f 3810 3848 3849
f 3810 3849 3811
f 3811 3849 3850
f 3811 3850 3812
f 3812 3850 3851
f 3812 3851 3813
f 3813 3851 3852
f 3813 3852 3819
f 3814 3853 3854
f 3814 3854 3855
f 3814 3855 3856
f 3814 3856 3815
f 3814 3822 3853
f 3815 3856 3816
f 3816 3856 3857
f 3816 3857 3817
f 3817 3858 3859
f 3817 3859 3823
f 3817 3823 3818
f 3817 3857 3858
f 3819 3860 3861
f 3819 3861 3862
f 3819 3862 3863
f 3819 3863 3820
f 3819 3852 3864
f 3819 3864 3865
f 3819 3865 3860
f 3820 3863 3866
f 3820 3866 3821
f 3821 3867 3822
f 3821 3866 3868
f 3821 3868 3867
f 3822 3869 3853
f 3822 3867 3870
f 3822 3870 3871
f 3822 3871 3869
f 3826 3872 3827
f 3827 3872 3873
f 3827 3873 3828
f 3828 3873 3874
f 3828 3874 3875
f 3828 3875 3876
f 3828 3876 3877
f 3828 3877 3878
f 3828 3878 3879
f 3828 3879 3829
f 3829 3879 3880
f 3829 3880 3830
f 3831 3881 3837
f 3832 3837 3882
f 3832 3882 3883
f 3832 3883 3833
f 3833 3883 3834
f 3834 3883 3835
f 3835 3884 3836
f 3835 3883 3884
f 3837 3881 3885
f 3837 3885 3886
f 3837 3886 3887
f 3837 3887 3882
f 3838 3888 3839
f 3839 3889 3840
f 3839 3888 3890
f 3839 3890 3891
f 3839 3891 3892
f 3839 3892 3893
f 3839 3893 3841
f 3839 3841 3889
f 3840 3889 3841
f 3841 3893 3894
f 3841 3894 3842
f 3842 3894 3843
f 3843 3894 3849
f 3843 3849 3844
f 3844 3849 3848
f 3844 3848 3847
f 3844 3847 3845
f 3849 3894 3895
f 3849 3895 3850
f 3850 3864 3851
f 3850 3895 3864
f 3851 3864 3852
f 3853 3869 3896
f 3853 3896 3897
f 3853 3897 3854
f 3854 3897 3898
f 3854 3898 3899
f 3854 3899 3855
f 3855 3899 3900
f 3855 3900 3901
f 3855 3901 3902
f 3855 3902 3903
f 3855 3903 3904
f 3855 3904 3905
f 3855 3905 3856
f 3856 3905 3857
f 3857 3905 3904
f 3857 3904 3906
f 3857 3906 3858
f 3858 3906 3859
f 3860 3865 3861
f 3861 3865 3907
f 3861 3907 3908
f 3861 3908 3868
f 3861 3868 3862
f 3862 3868 3863
f 3863 3868 3866
f 3864 3907 3865
f 3864 3895 3907
f 3867 3868 3870
f 3868 3908 3909
f 3868 3909 3910
f 3868 3910 3911
f 3868 3911 3870
f 3869 3871 3912
f 3869 3912 3913
f 3869 3913 3896
f 3870 3911 3871
f 3871 3911 3912
f 3872 3914 3873
f 3873 3914 3874
f 3874 3914 3875
f 3875 3914 3876
f 3876 3914 3915
f 3876 3915 3916
f 3876 3916 3877
f 3877 3917 3918
f 3877 3918 3919
f 3877 3919 3920
f 3877 3920 3878
f 3877 3916 3921
f 3877 3921 3917
f 3878 3920 3922
f 3878 3922 3923
f 3878 3923 3924
f 3878 3924 3880
f 3878 3880 3879
f 3882 3925 3883
f 3882 3887 3920
f 3882 3920 3925
f 3883 3925 3926
f 3883 3926 3927
f 3883 3927 3928
f 3883 3928 3884
f 3886 3929 3887
f 3887 3929 3930
f 3887 3930 3931
f 3887 3931 3920
f 3891 3932 3933
f 3891 3933 3892
f 3892 3933 3934
f 3892 3934 3935
f 3892 3935 3936
f 3892 3936 3893
f 3893 3936 3894
f 3894 3936 3935
f 3894 3935 3937
f 3894 3937 3895
f 3895 3937 3908
f 3895 3908 3907
f 3896 3913 3938
f 3896 3938 3918
f 3896 3918 3897
f 3897 3918 3917
f 3897 3917 3939
f 3897 3939 3940
f 3897 3940 3941
f 3897 3941 3898
f 3898 3941 3899
f 3899 3941 3942
f 3900 3943 3901
f 3901 3943 3902
f 3902 3943 3903
f 3903 3943 3944
f 3903 3944 3904
f 3904 3944 3906
f 3908 3937 3909
f 3909 3937 3945
f 3909 3945 3934
f 3909 3934 3910
f 3910 3934 3946
f 3910 3946 3927
f 3910 3927 3926
f 3910 3926 3947
f 3910 3947 3911
f 3911 3947 3948
f 3911 3948 3913
f 3911 3913 3912
f 3913 3948 3938
f 3915 3949 3916
f 3916 3949 3921
f 3917 3921 3952
f 3917 3952 3939
f 3918 3938 3920
f 3918 3920 3919
f 3920 3938 3950
f 3920 3950 3947
f 3920 3947 3925
f 3920 3931 3922
f 3921 3949 3951
f 3921 3951 3952
f 3925 3947 3926
f 3927 3953 3954
f 3927 3954 3928
f 3927 3946 3953
f 3932 3955 3946
f 3932 3946 3933
f 3933 3946 3934
f 3934 3945 3935
f 3935 3945 3937
f 3938 3948 3950
f 3939 3952 3956
f 3939 3956 3940
f 3940 3956 3942
f 3940 3942 3941
f 3946 3955 3953
f 3947 3950 3948
f 3951 3957 3952
f 3952 3957 3956
f 3953 3955 3954

o geometry_26
v 0.00151180 -0.00369343 0.00441543
v 0.00151180 -0.00389817 0.00441543
v -0.00304988 0.00016472 0.00337093
v -0.00264368 0.00016472 0.00346678
v -0.00216131 0.00016472 0.00377900
v -0.00205671 0.00016472 0.00401017
v -0.00199273 0.00016472 0.00418073
v -0.00198918 0.00016472 0.00433508
v 0.00148286 -0.00370836 0.00829814
v 0.00148286 -0.00391182 0.00829814
v 0.00148388 -0.00391182 0.00801481
v 0.00148642 -0.00391055 0.00686529
v 0.00116805 -0.00401846 0.00829814
v 0.00116805 -0.00401676 0.00724800
v 0.00116805 -0.00401590 0.00686529
v 0.00116805 -0.00401334 0.00648188
v 0.00116805 -0.00399202 0.00441543
v -0.00343324 -0.00198382 0.00328353
v -0.00367442 0.00016472 0.00337233
v -0.00253908 0.00033918 0.00433508
v -0.00253908 0.00027903 0.00763140
v -0.00253908 0.00027391 0.00783368
v -0.00253908 0.00026922 0.00801481
v -0.00253908 0.00019244 0.00822484
v -0.00253908 0.00014254 0.00829814
v -0.00281885 -0.00259208 0.01048370
v -0.00278432 -0.00266971 0.01048370
v -0.00273304 -0.00285483 0.01048370
v -0.00268937 -0.00301308 0.01048370
v -0.00268176 -0.00312612 0.01048370
v -0.00006529 -0.00401846 0.00829814
v -0.00006529 -0.00401676 0.00724800
v -0.00006529 -0.00401590 0.00686529
v -0.00006529 -0.00401334 0.00648118
v -0.00006529 -0.00399159 0.00433579
v -0.00367442 -0.00198382 0.00328494
v -0.00151544 -0.00399159 0.00433579
v -0.00367442 0.00016472 0.00371980
v -0.00263758 0.00018093 0.00801481
v -0.00258325 0.00012590 0.00829814
v -0.00257919 0.00012931 0.00829814
v -0.00290162 -0.00259208 0.01048370
v -0.00302957 -0.00312612 0.01048370
v -0.00157891 -0.00401505 0.00829814
v -0.00157129 -0.00401505 0.00801481
v -0.00154337 -0.00401505 0.00724800
v -0.00152864 -0.00401505 0.00686529
v -0.00151544 -0.00401505 0.00674195
v -0.00151544 -0.00401334 0.00648118
v -0.00174495 -0.00397453 0.00433579
v -0.00189880 -0.00396258 0.00433579
v -0.00223747 -0.00386960 0.00433579
v -0.00231465 -0.00383078 0.00433579
v -0.00242889 -0.00377277 0.00433579
v -0.00255685 -0.00365803 0.00433579
v -0.00264215 -0.00358082 0.00433579
v -0.00283358 -0.00339442 0.00433579
v -0.00306359 -0.00312612 0.00993255
v -0.00367442 -0.00198382 0.00368456
v -0.00189880 -0.00398988 0.00686529
v -0.00306308 -0.00312612 0.01031596
v -0.00304226 -0.00284588 0.01031596
v -0.00304734 -0.00054634 0.00801481
v -0.00291329 -0.00024733 0.00829814
v -0.00291228 -0.00024520 0.00829814
v -0.00282901 -0.00000164 0.00801481
v -0.00367442 -0.00054634 0.00371698
v -0.00299606 -0.00285483 0.01048370
v -0.00293868 -0.00248288 0.01029411
v -0.00247662 -0.00380732 0.00829814
v -0.00229231 -0.00389348 0.00829814
v -0.00189880 -0.00400183 0.00829814
v -0.00189880 -0.00399330 0.00724800
v -0.00246748 -0.00379879 0.00724800
v -0.00273812 -0.00354798 0.00829814
v -0.00285998 -0.00342513 0.00829814
v -0.00367442 -0.00092938 0.00371205
v -0.00291431 -0.00025117 0.00829814
f 3958 3959 3960
f 3958 3960 3961
f 3958 3961 3962
f 3958 3962 3963
f 3958 3963 3964
f 3958 3964 3965
f 3958 3965 3966
f 3958 3966 3967
f 3958 3967 3959
f 3959 3967 3968
f 3959 3968 3969
f 3959 3969 3970
f 3959 3970 3971
f 3959 3971 3972
f 3959 3972 3973
f 3959 3973 3974
f 3959 3974 3975
f 3959 3975 3960
f 3960 3975 3976
f 3960 3976 3977
f 3960 3977 3961
f 3961 3977 3962
f 3962 3977 3963
f 3963 3977 3964
f 3964 3977 3965
f 3965 3977 3978
f 3965 3978 3979
f 3965 3979 3980
f 3965 3980 3966
f 3966 3980 3981
f 3966 3981 3982
f 3966 3982 3983
f 3966 3983 3984
f 3966 3984 3985
f 3966 3985 3986
f 3966 3986 3987
f 3966 3987 3967
f 3967 3970 3968
f 3967 3987 3970
f 3968 3970 3969
f 3970 3987 4000
f 3970 4000 3988
f 3970 3988 3989
f 3970 3989 3971
f 3971 3989 3990
f 3971 3990 3972
f 3972 3990 4006
f 3972 4006 3991
f 3972 3991 3973
f 3973 3991 3992
f 3973 3992 3974
f 3974 3992 3975
f 3975 3993 3976
f 3975 3992 3994
f 3975 3994 3993
f 3976 3995 3977
f 3976 3993 4016
f 3976 4016 4034
f 3976 4034 4024
f 3976 4024 3995
f 3977 3995 3978
f 3978 3995 3979
f 3979 3995 3980
f 3980 3995 3996
f 3980 3996 3981
f 3981 3996 3997
f 3981 3997 3998
f 3981 3998 3982
f 3982 3999 3983
f 3982 3998 3999
f 3983 3999 4025
f 3983 4025 4000
f 3983 4000 3987
f 3983 3987 3986
f 3983 3986 3985
f 3983 3985 3984
f 3988 4001 4002
f 3988 4002 4003
f 3988 4003 4004
f 3988 4004 4005
f 3988 4005 3989
f 3988 4000 4001
f 3989 4005 3990
f 3990 4005 4006
f 3991 4006 3994
f 3991 3994 3992
f 3993 3994 4007
f 3993 4007 4008
f 3993 4008 4009
f 3993 4009 4010
f 3993 4010 4011
f 3993 4011 4012
f 3993 4012 4013
f 3993 4013 4014
f 3993 4014 4015
f 3993 4015 4016
f 3994 4006 4017
f 3994 4017 4007
f 3995 4018 4019
f 3995 4019 4020
f 3995 4020 4021
f 3995 4021 4022
f 3995 4022 4023
f 3995 4023 3996
f 3995 4024 4018
f 3996 4023 3997
f 3997 4023 4022
f 3997 4022 3999
f 3997 3999 3998
f 3999 4022 4021
f 3999 4021 4026
f 3999 4026 4025
f 4000 4025 4019
f 4000 4019 4018
f 4000 4018 4027
f 4000 4027 4028
f 4000 4028 4029
f 4000 4029 4001
f 4001 4029 4002
f 4002 4029 4003
f 4003 4029 4004
f 4004 4029 4005
f 4005 4029 4006
f 4006 4029 4030
f 4006 4030 4017
f 4007 4017 4008
f 4008 4017 4009
f 4009 4017 4028
f 4009 4028 4031
f 4009 4031 4010
f 4010 4031 4011
f 4011 4031 4012
f 4012 4031 4013
f 4013 4031 4027
f 4013 4027 4014
f 4014 4027 4032
f 4014 4032 4033
f 4014 4033 4015
f 4015 4033 4018
f 4015 4018 4016
f 4016 4018 4034
f 4017 4030 4028
f 4018 4033 4032
f 4018 4032 4027
f 4018 4024 4034
f 4019 4025 4021
f 4019 4021 4035
f 4019 4035 4020
f 4020 4035 4021
f 4021 4025 4026
f 4027 4031 4028
f 4028 4030 4029

o geometry_27
v -0.00488395 0.00472163 0.00342412
v -0.00484544 0.00472163 0.00361372
v -0.00482987 0.00942492 0.00376282
v -0.00488395 0.00943608 0.00342412
v -0.00367450 0.00016586 0.00337247
v -0.00367450 0.00016586 0.00371870
v -0.00483069 0.00472163 0.00368573
v -0.00464632 0.00980798 0.00395917
v -0.00482659 0.00980798 0.00376751
v -0.00487740 0.00980798 0.00342412
v -0.00304929 0.00022289 0.00336836
v 0.00348717 -0.00054942 0.00333519
v 0.00308566 -0.00054942 0.00334840
v 0.00270545 -0.00054942 0.00341150
v 0.00270136 -0.00054942 0.00341238
v 0.00245881 -0.00054942 0.00354612
v 0.00245717 -0.00054942 0.00354739
v 0.00234901 -0.00054942 0.00379706
v 0.00233836 -0.00054942 0.00387014
v -0.00487658 0.00982037 0.00342412
v -0.00483725 0.01019103 0.00342412
v -0.00483561 0.01020219 0.00342412
v -0.00478890 0.01043897 0.00342412
v -0.00472826 0.01062244 0.00342412
v 0.00347242 0.01088401 0.00333871
v -0.00271660 0.00016586 0.00433465
v -0.00464878 0.00472163 0.00377240
v -0.00446851 0.01019103 0.00399918
v -0.00444638 0.01057533 0.00400476
v -0.00442016 0.01084310 0.00400114
v -0.00466107 0.01019103 0.00391015
v -0.00458323 0.00472163 0.00380273
v -0.00480611 0.01019103 0.00371860
v 0.00348717 0.00367412 0.00338988
v 0.00348717 -0.00054942 0.00369747
v 0.00284639 -0.00054942 0.00387014
v -0.00478398 0.01041665 0.00364904
v -0.00440787 0.01117657 0.00368475
v -0.00455537 0.01096706 0.00342412
v 0.00348717 0.00472163 0.00341747
v 0.00348717 0.00470552 0.00341698
v 0.00348717 0.00405717 0.00339927
v -0.00441852 0.01119392 0.00342412
v -0.00426611 0.01137863 0.00342412
v -0.00406700 0.01157698 0.00342412
v -0.00382363 0.01172698 0.00342412
v -0.00357453 0.01187450 0.00342412
v -0.00355978 0.01188318 0.00342412
v -0.00337377 0.01196624 0.00342412
v -0.00304929 0.01205177 0.00342412
v -0.00267645 0.01209888 0.00342412
v -0.00266580 0.01210012 0.00342412
v -0.00228231 0.01211499 0.00342412
v -0.00189883 0.01211499 0.00342412
v -0.00154484 0.01211375 0.00342412
v 0.00347242 0.01088401 0.00402980
v -0.00198815 0.00016586 0.00433465
v -0.00266498 0.00021917 0.00433465
v -0.00343277 0.01134268 0.00404330
v -0.00421121 0.01096583 0.00401356
v -0.00409076 0.01127078 0.00400495
v -0.00400062 0.01152491 0.00398245
v -0.00434724 0.01109723 0.00394019
v -0.00447670 0.01096583 0.00380616
v 0.00348717 0.00328982 0.00380860
v -0.00006580 0.00021173 0.00433465
v 0.00347242 0.01057533 0.00402100
v -0.00404569 0.01156086 0.00372701
v 0.00348717 0.00472163 0.00382044
v -0.00351389 0.01184351 0.00379686
v -0.00332215 0.01194764 0.00379686
v -0.00304929 0.01200590 0.00379686
v -0.00266580 0.01204805 0.00379686
v -0.00228231 0.01205921 0.00379686
v -0.00154484 0.01205921 0.00379686
v 0.00346833 0.01088401 0.00402990
v -0.00006580 0.00062950 0.00433465
v 0.00348717 0.00330717 0.00380899
v 0.00348717 0.00367412 0.00381565
v 0.00348717 0.00369023 0.00381584
v 0.00348717 0.00407453 0.00381799
v -0.00154484 0.01196252 0.00402286
v -0.00154484 0.01172698 0.00405309
v -0.00247078 0.00040512 0.00433465
v -0.00266580 0.01172698 0.00405084
v -0.00304929 0.01172698 0.00403939
v -0.00385067 0.01137615 0.00402031
v -0.00374579 0.01158566 0.00400867
v -0.00326479 0.01192657 0.00399615
v -0.00304929 0.01194144 0.00400916
v -0.00266580 0.01195880 0.00402061
v -0.00228231 0.01196252 0.00402286
v -0.00151534 0.00062950 0.00433465
v -0.00228231 0.01172698 0.00405318
v -0.00246586 0.00040884 0.00433465
v -0.00229952 0.00049190 0.00433465
v -0.00204796 0.00056380 0.00433465
v -0.00189883 0.00060594 0.00433465
v -0.00340901 0.01171830 0.00401728
f 4036 4037 4038
f 4036 4038 4039
f 4036 4039 4040
f 4036 4040 4041
f 4036 4041 4037
f 4037 4042 4038
f 4037 4041 4042
f 4038 4042 4043
f 4038 4043 4044
f 4038 4044 4039
f 4039 4044 4045
f 4039 4045 4040
f 4040 4046 4047
f 4040 4047 4048
f 4040 4048 4049
f 4040 4049 4050
f 4040 4050 4051
f 4040 4051 4052
f 4040 4052 4053
f 4040 4053 4054
f 4040 4054 4041
f 4040 4045 4055
f 4040 4055 4056
f 4040 4056 4057
f 4040 4057 4058
f 4040 4058 4059
f 4040 4059 4060
f 4040 4060 4046
f 4041 4054 4061
f 4041 4061 4042
f 4042 4061 4062
f 4042 4062 4043
f 4043 4063 4064
f 4043 4064 4065
f 4043 4065 4066
f 4043 4066 4044
f 4043 4062 4067
f 4043 4067 4061
f 4043 4061 4063
f 4044 4066 4068
f 4044 4068 4055
f 4044 4055 4045
f 4046 4060 4047
f 4047 4069 4077
f 4047 4077 4076
f 4047 4076 4075
f 4047 4075 4104
f 4047 4104 4116
f 4047 4116 4115
f 4047 4115 4114
f 4047 4114 4113
f 4047 4113 4100
f 4047 4100 4070
f 4047 4070 4071
f 4047 4071 4054
f 4047 4054 4053
f 4047 4053 4052
f 4047 4052 4051
f 4047 4051 4050
f 4047 4050 4049
f 4047 4049 4048
f 4047 4060 4069
f 4054 4071 4092
f 4054 4092 4061
f 4055 4068 4056
f 4056 4068 4072
f 4056 4072 4057
f 4057 4072 4058
f 4058 4072 4059
f 4059 4073 4074
f 4059 4074 4060
f 4059 4072 4073
f 4060 4075 4076
f 4060 4076 4077
f 4060 4077 4069
f 4060 4074 4078
f 4060 4078 4079
f 4060 4079 4080
f 4060 4080 4081
f 4060 4081 4082
f 4060 4082 4083
f 4060 4083 4084
f 4060 4084 4085
f 4060 4085 4086
f 4060 4086 4087
f 4060 4087 4088
f 4060 4088 4089
f 4060 4089 4090
f 4060 4090 4091
f 4060 4091 4104
f 4060 4104 4075
f 4061 4067 4062
f 4061 4092 4101
f 4061 4101 4112
f 4061 4112 4128
f 4061 4128 4133
f 4061 4133 4132
f 4061 4132 4131
f 4061 4131 4130
f 4061 4130 4119
f 4061 4119 4093
f 4061 4093 4094
f 4061 4094 4095
f 4061 4095 4064
f 4061 4064 4063
f 4064 4095 4065
f 4065 4095 4096
f 4065 4096 4097
f 4065 4097 4098
f 4065 4098 4099
f 4065 4099 4072
f 4065 4072 4068
f 4065 4068 4066
f 4070 4100 4071
f 4071 4101 4092
f 4071 4100 4102
f 4071 4102 4091
f 4071 4091 4101
f 4072 4099 4073
f 4073 4078 4074
f 4073 4099 4098
f 4073 4098 4097
f 4073 4097 4103
f 4073 4103 4079
f 4073 4079 4078
f 4079 4103 4080
f 4080 4103 4081
f 4081 4103 4082
f 4082 4103 4083
f 4083 4103 4105
f 4083 4105 4106
f 4083 4106 4084
f 4084 4106 4085
f 4085 4106 4107
f 4085 4107 4086
f 4086 4107 4087
f 4087 4107 4108
f 4087 4108 4088
f 4088 4108 4109
f 4088 4109 4110
f 4088 4110 4089
f 4089 4110 4090
f 4090 4110 4091
f 4091 4111 4112
f 4091 4112 4101
f 4091 4102 4100
f 4091 4100 4113
f 4091 4113 4114
f 4091 4114 4115
f 4091 4115 4116
f 4091 4116 4104
f 4091 4110 4117
f 4091 4117 4118
f 4091 4118 4111
f 4093 4119 4094
f 4094 4120 4121
f 4094 4121 4122
f 4094 4122 4095
f 4094 4119 4120
f 4095 4122 4096
f 4096 4122 4123
f 4096 4123 4097
f 4097 4123 4124
f 4097 4124 4105
f 4097 4105 4103
f 4105 4124 4106
f 4106 4124 4107
f 4107 4124 4108
f 4108 4124 4125
f 4108 4125 4126
f 4108 4126 4109
f 4109 4126 4127
f 4109 4127 4117
f 4109 4117 4110
f 4111 4118 4112
f 4112 4118 4129
f 4112 4129 4128
f 4117 4127 4129
f 4117 4129 4118
f 4119 4130 4120
f 4120 4129 4127
f 4120 4127 4126
f 4120 4126 4121
f 4120 4130 4131
f 4120 4131 4132
f 4120 4132 4133
f 4120 4133 4129
f 4121 4134 4123
f 4121 4123 4122
f 4121 4126 4125
f 4121 4125 4134
f 4123 4134 4124
f 4124 4134 4125
f 4128 4129 4133

o geometry_28
v 0.00495634 0.00791948 -0.00946857
v 0.00500437 0.00791948 -0.00947231
v 0.00495634 0.00791948 -0.00902999
v 0.00495634 0.00792579 -0.00947138
v 0.00502400 0.00791948 -0.00947262
v 0.00500437 0.00792957 -0.00947668
v 0.00874388 0.00791948 -0.00804112
v 0.00874430 0.00792158 -0.00803925
v 0.00495634 0.01124191 -0.00857519
v 0.00495634 0.00793503 -0.00947528
v 0.00539908 0.00791948 -0.00947543
v 0.00538780 0.00792494 -0.00947777
v 0.00500437 0.00827551 -0.00955298
v 0.00538780 0.00827551 -0.00955547
v 0.00885916 0.00791948 -0.00803925
v 0.00729619 0.01162989 -0.00803925
v 0.00495634 0.01187663 -0.00857519
v 0.00495634 0.00827551 -0.00954986
v 0.00577124 0.00791948 -0.00947793
v 0.00577124 0.00827551 -0.00955750
v 0.00590281 0.00791948 -0.00947871
v 0.00500437 0.00865929 -0.00960056
v 0.00538780 0.00865929 -0.00960337
v 0.00577124 0.00865929 -0.00960602
v 0.00921335 0.00791948 -0.00803925
v 0.00729619 0.01221333 -0.00803925
v 0.00495759 0.01188840 -0.00857519
v 0.00495634 0.01188336 -0.00858096
v 0.00495634 0.00865929 -0.00959697
v 0.00615467 0.00827551 -0.00955875
v 0.00691067 0.00791948 -0.00948245
v 0.00653058 0.00791948 -0.00948121
v 0.00615467 0.00865929 -0.00960805
v 0.00500437 0.00904307 -0.00962693
v 0.00920584 0.00791948 -0.00809261
v 0.00922296 0.00822297 -0.00803925
v 0.00755850 0.01203889 -0.00803925
v 0.00751297 0.01193170 -0.00830605
v 0.00729619 0.01218769 -0.00808153
v 0.00692153 0.01190185 -0.00857519
v 0.00615467 0.01189933 -0.00857519
v 0.00570274 0.01189555 -0.00857519
v 0.00577124 0.01186570 -0.00860998
v 0.00500437 0.01186234 -0.00860530
v 0.00495634 0.01186192 -0.00860499
v 0.00495634 0.00904307 -0.00962319
v 0.00653810 0.00865929 -0.00960930
v 0.00692153 0.00865929 -0.00961039
v 0.00653810 0.00827551 -0.00955922
v 0.00767253 0.00791948 -0.00948464
v 0.00729578 0.00791948 -0.00948370
v 0.00538780 0.00904307 -0.00962849
v 0.00495634 0.00942601 -0.00962849
v 0.00500437 0.00942601 -0.00963208
v 0.00919832 0.00791948 -0.00811258
v 0.00921711 0.00827593 -0.00809261
v 0.00922296 0.00822675 -0.00803925
v 0.00760152 0.01200652 -0.00803925
v 0.00758732 0.01198929 -0.00809261
v 0.00730497 0.01198760 -0.00837002
v 0.00765081 0.01196785 -0.00803925
v 0.00779741 0.01184301 -0.00803925
v 0.00807183 0.01160719 -0.00803925
v 0.00790852 0.01156179 -0.00831947
v 0.00765916 0.01170261 -0.00844069
v 0.00755014 0.01158785 -0.00872434
v 0.00729619 0.01199349 -0.00836565
v 0.00692153 0.01186781 -0.00861419
v 0.00729619 0.01184132 -0.00855865
v 0.00720597 0.01184511 -0.00857519
v 0.00615467 0.01186697 -0.00861201
v 0.00500437 0.01167024 -0.00878909
v 0.00495634 0.01169420 -0.00876569
v 0.00577124 0.00904307 -0.00962974
v 0.00653810 0.00904307 -0.00963192
v 0.00692153 0.00904307 -0.00963286
v 0.00729619 0.00865929 -0.00961070
v 0.00729578 0.00827551 -0.00955984
v 0.00768840 0.00791948 -0.00948464
v 0.00495634 0.00947435 -0.00962381
v 0.00495634 0.00980978 -0.00958746
v 0.00500437 0.00980978 -0.00959042
v 0.00729619 0.00980978 -0.00960010
v 0.00538780 0.00942601 -0.00963270
v 0.00908889 0.00791948 -0.00834646
v 0.00910977 0.00827593 -0.00837470
v 0.00911102 0.00865929 -0.00838640
v 0.00920458 0.00865929 -0.00809261
v 0.00920960 0.00860633 -0.00803925
v 0.00730497 0.01183670 -0.00856177
v 0.00833873 0.01133943 -0.00803925
v 0.00816414 0.01142854 -0.00815720
v 0.00828359 0.01117297 -0.00830667
v 0.00780577 0.01144956 -0.00857503
v 0.00730497 0.01164502 -0.00877146
v 0.00791603 0.01119399 -0.00870656
v 0.00767420 0.01132682 -0.00884292
v 0.00754263 0.01120450 -0.00908678
v 0.00692153 0.01167571 -0.00879034
v 0.00615467 0.01167487 -0.00879050
v 0.00577124 0.01167403 -0.00879018
v 0.00729578 0.01165048 -0.00876772
v 0.00729619 0.01183754 -0.00856302
v 0.00495634 0.01166982 -0.00878862
v 0.00500437 0.01143443 -0.00898069
v 0.00495634 0.01146427 -0.00895604
v 0.00730497 0.00904307 -0.00963317
v 0.00730497 0.00865929 -0.00961070
v 0.00768840 0.00827593 -0.00955922
v 0.00775188 0.00791948 -0.00947731
v 0.00495634 0.00985812 -0.00957934
v 0.00500437 0.01019272 -0.00952286
v 0.00538780 0.01019272 -0.00952489
v 0.00730497 0.00980978 -0.00960010
v 0.00729578 0.01019272 -0.00953144
v 0.00692153 0.00942601 -0.00963161
v 0.00907636 0.00791948 -0.00836003
v 0.00893017 0.00827593 -0.00856645
v 0.00894228 0.00865929 -0.00857815
v 0.00893393 0.00904307 -0.00856770
v 0.00909640 0.00904307 -0.00837595
v 0.00920584 0.00865929 -0.00803925
v 0.00906717 0.00942643 -0.00833928
v 0.00916407 0.00904307 -0.00809261
v 0.00865115 0.01091488 -0.00803925
v 0.00856637 0.01098886 -0.00811601
v 0.00834666 0.01131757 -0.00805454
v 0.00863027 0.01074380 -0.00825955
v 0.00836212 0.01095943 -0.00839233
v 0.00730497 0.01143022 -0.00896306
v 0.00729619 0.01143611 -0.00895900
v 0.00818962 0.01095943 -0.00858408
v 0.00779825 0.01103173 -0.00896212
v 0.00788554 0.01077616 -0.00905667
v 0.00767796 0.01092623 -0.00913453
v 0.00767461 0.01057145 -0.00930989
v 0.00753720 0.01044072 -0.00945203
v 0.00730497 0.01095943 -0.00924842
v 0.00730497 0.01123854 -0.00910847
v 0.00729578 0.01143064 -0.00896352
v 0.00692153 0.01143695 -0.00898194
v 0.00495634 0.01143317 -0.00898006
v 0.00500437 0.01124317 -0.00911034
v 0.00730497 0.00942643 -0.00963130
v 0.00768840 0.00904307 -0.00961117
v 0.00768840 0.00865929 -0.00960212
v 0.00797075 0.00827593 -0.00949650
v 0.00793024 0.00796362 -0.00946576
v 0.00798579 0.00791948 -0.00941193
v 0.00495634 0.01019272 -0.00952021
v 0.00495634 0.01046679 -0.00946030
v 0.00500437 0.01047141 -0.00946170
v 0.00538780 0.01047351 -0.00946279
v 0.00772557 0.00984593 -0.00952021
v 0.00768840 0.00942643 -0.00959276
v 0.00730497 0.01019272 -0.00953144
v 0.00762157 0.01019272 -0.00948339
v 0.00729578 0.01019945 -0.00952989
v 0.00890552 0.00791948 -0.00853821
v 0.00871381 0.00791948 -0.00873604
v 0.00833497 0.00791948 -0.00912532
v 0.00835794 0.00827593 -0.00914794
v 0.00875056 0.00865929 -0.00877209
v 0.00874221 0.00904307 -0.00876397
v 0.00871422 0.00942643 -0.00873511
v 0.00890594 0.00942643 -0.00853103
v 0.00917075 0.00898969 -0.00803925
v 0.00904294 0.00967359 -0.00830308
v 0.00916407 0.00904307 -0.00803925
v 0.00910350 0.00942643 -0.00809261
v 0.00871005 0.01079130 -0.00803925
v 0.00825728 0.01075893 -0.00866162
v 0.00797785 0.01092623 -0.00884417
v 0.00870504 0.01048822 -0.00834895
v 0.00793608 0.01057608 -0.00910941
v 0.00787844 0.00999810 -0.00943299
v 0.00781328 0.01019272 -0.00939149
v 0.00730497 0.01046931 -0.00946124
v 0.00730497 0.01066099 -0.00938276
v 0.00729578 0.01095943 -0.00924842
v 0.00729619 0.01096616 -0.00924530
v 0.00729619 0.01066813 -0.00937964
v 0.00692153 0.01124485 -0.00911143
v 0.00495634 0.01126545 -0.00909365
v 0.00495634 0.01124149 -0.00910941
v 0.00729578 0.01096616 -0.00924530
v 0.00500437 0.01095943 -0.00924405
v 0.00495634 0.01099390 -0.00922611
v 0.00797618 0.00904307 -0.00951210
v 0.00798620 0.00865929 -0.00951413
v 0.00816247 0.00827593 -0.00933969
v 0.00832119 0.00791948 -0.00913889
v 0.00805011 0.00791948 -0.00935982
v 0.00495634 0.01049075 -0.00945016
v 0.00495634 0.01070050 -0.00935795
v 0.00500437 0.01066309 -0.00937652
v 0.00577124 0.01047351 -0.00946295
v 0.00538780 0.01066477 -0.00937776
v 0.00729578 0.01066813 -0.00937964
v 0.00729578 0.01066141 -0.00938260
v 0.00791520 0.00974211 -0.00946623
v 0.00794945 0.00942643 -0.00949462
v 0.00615467 0.01047225 -0.00946264
v 0.00692153 0.01047015 -0.00946186
v 0.00817792 0.00865929 -0.00934859
v 0.00836880 0.00865929 -0.00915684
v 0.00855216 0.00904307 -0.00895526
v 0.00814116 0.00942643 -0.00931083
v 0.00829612 0.00973874 -0.00908429
v 0.00867789 0.00973160 -0.00869891
v 0.00884287 0.00983038 -0.00848298
v 0.00876936 0.01019272 -0.00842494
v 0.00904879 0.00970259 -0.00809261
v 0.00910309 0.00942643 -0.00803925
v 0.00904879 0.00970217 -0.00803925
v 0.00859602 0.01019272 -0.00861669
v 0.00802547 0.01019272 -0.00919974
v 0.00826062 0.00999432 -0.00904809
v 0.00808812 0.00986821 -0.00925872
v 0.00653810 0.01047141 -0.00946217
v 0.00495634 0.01095943 -0.00924218
v 0.00816790 0.00904307 -0.00933938
v 0.00836003 0.00904307 -0.00914763
v 0.00864113 0.00998717 -0.00866287
f 4135 4136 4139
f 4135 4139 4145
f 4135 4145 4153
f 4135 4153 4155
f 4135 4155 4166
f 4135 4166 4165
f 4135 4165 4185
f 4135 4185 4184
f 4135 4184 4213
f 4135 4213 4244
f 4135 4244 4283
f 4135 4283 4327
f 4135 4327 4326
f 4135 4326 4295
f 4135 4295 4294
f 4135 4294 4293
f 4135 4293 4251
f 4135 4251 4219
f 4135 4219 4189
f 4135 4189 4169
f 4135 4169 4159
f 4135 4159 4149
f 4135 4149 4141
f 4135 4141 4137
f 4135 4137 4143
f 4135 4143 4151
f 4135 4151 4162
f 4135 4162 4179
f 4135 4179 4207
f 4135 4207 4238
f 4135 4238 4240
f 4135 4240 4276
f 4135 4276 4318
f 4135 4318 4319
f 4135 4319 4322
f 4135 4322 4355
f 4135 4355 4329
f 4135 4329 4328
f 4135 4328 4285
f 4135 4285 4284
f 4135 4284 4245
f 4135 4245 4215
f 4135 4215 4214
f 4135 4214 4187
f 4135 4187 4180
f 4135 4180 4163
f 4135 4163 4152
f 4135 4152 4144
f 4135 4144 4138
f 4135 4138 4136
f 4136 4138 4140
f 4136 4140 4139
f 4137 4141 4142
f 4137 4142 4143
f 4138 4144 4140
f 4139 4140 4146
f 4139 4146 4145
f 4140 4144 4147
f 4140 4147 4148
f 4140 4148 4146
f 4141 4149 4142
f 4142 4149 4159
f 4142 4159 4170
f 4142 4170 4191
f 4142 4191 4223
f 4142 4223 4256
f 4142 4256 4301
f 4142 4301 4303
f 4142 4303 4348
f 4142 4348 4349
f 4142 4349 4305
f 4142 4305 4259
f 4142 4259 4225
f 4142 4225 4197
f 4142 4197 4196
f 4142 4196 4195
f 4142 4195 4192
f 4142 4192 4171
f 4142 4171 4160
f 4142 4160 4150
f 4142 4150 4143
f 4143 4150 4160
f 4143 4160 4151
f 4144 4152 4147
f 4145 4146 4153
f 4146 4148 4154
f 4146 4154 4155
f 4146 4155 4153
f 4147 4152 4156
f 4147 4156 4157
f 4147 4157 4158
f 4147 4158 4148
f 4148 4158 4167
f 4148 4167 4154
f 4151 4160 4161
f 4151 4161 4162
f 4152 4163 4156
f 4154 4164 4165
f 4154 4165 4166
f 4154 4166 4155
f 4154 4167 4181
f 4154 4181 4164
f 4156 4163 4168
f 4156 4168 4157
f 4157 4168 4158
f 4158 4168 4167
f 4159 4169 4170
f 4160 4171 4172
f 4160 4172 4173
f 4160 4173 4174
f 4160 4174 4175
f 4160 4175 4176
f 4160 4176 4161
f 4161 4176 4162
f 4162 4176 4177
f 4162 4177 4178
f 4162 4178 4179
f 4163 4180 4168
f 4164 4181 4182
f 4164 4182 4183
f 4164 4183 4184
f 4164 4184 4185
f 4164 4185 4165
f 4167 4168 4186
f 4167 4186 4208
f 4167 4208 4181
f 4168 4180 4187
f 4168 4187 4188
f 4168 4188 4186
f 4169 4189 4190
f 4169 4190 4170
f 4170 4190 4191
f 4171 4192 4193
f 4171 4193 4172
f 4172 4194 4173
f 4172 4193 4195
f 4172 4195 4196
f 4172 4196 4197
f 4172 4197 4198
f 4172 4198 4199
f 4172 4199 4200
f 4172 4200 4194
f 4173 4201 4174
f 4173 4194 4201
f 4174 4202 4175
f 4174 4201 4203
f 4174 4203 4204
f 4174 4204 4202
f 4175 4202 4205
f 4175 4205 4177
f 4175 4177 4176
f 4177 4206 4207
f 4177 4207 4178
f 4177 4205 4206
f 4178 4207 4179
f 4181 4208 4209
f 4181 4209 4182
f 4182 4209 4210
f 4182 4210 4211
f 4182 4211 4183
f 4183 4211 4212
f 4183 4212 4184
f 4184 4212 4213
f 4186 4188 4208
f 4187 4214 4188
f 4188 4214 4215
f 4188 4215 4216
f 4188 4216 4217
f 4188 4217 4218
f 4188 4218 4210
f 4188 4210 4209
f 4188 4209 4208
f 4189 4219 4220
f 4189 4220 4190
f 4190 4220 4221
f 4190 4221 4222
f 4190 4222 4191
f 4191 4222 4223
f 4192 4195 4193
f 4194 4200 4224
f 4194 4224 4201
f 4197 4225 4226
f 4197 4226 4198
f 4198 4200 4199
f 4198 4226 4227
f 4198 4227 4228
f 4198 4228 4200
f 4200 4229 4224
f 4200 4228 4230
f 4200 4230 4231
f 4200 4231 4232
f 4200 4232 4229
f 4201 4224 4203
f 4202 4233 4234
f 4202 4234 4235
f 4202 4235 4205
f 4202 4204 4236
f 4202 4236 4233
f 4203 4224 4237
f 4203 4237 4204
f 4204 4237 4236
f 4205 4235 4206
f 4206 4238 4207
f 4206 4235 4239
f 4206 4239 4240
f 4206 4240 4238
f 4210 4218 4241
f 4210 4241 4211
f 4211 4241 4242
f 4211 4242 4212
f 4212 4243 4213
f 4212 4242 4243
f 4213 4243 4244
f 4215 4245 4216
f 4216 4245 4246
f 4216 4246 4247
f 4216 4247 4217
f 4217 4248 4218
f 4217 4247 4249
f 4217 4249 4290
f 4217 4290 4248
f 4218 4248 4250
f 4218 4250 4241
f 4219 4251 4220
f 4220 4251 4252
f 4220 4252 4253
f 4220 4253 4221
f 4221 4253 4254
f 4221 4254 4255
f 4221 4255 4222
f 4222 4256 4223
f 4222 4255 4257
f 4222 4257 4258
f 4222 4258 4256
f 4224 4229 4237
f 4225 4259 4260
f 4225 4260 4261
f 4225 4261 4227
f 4225 4227 4226
f 4227 4260 4262
f 4227 4262 4263
f 4227 4263 4230
f 4227 4230 4228
f 4227 4261 4260
f 4229 4236 4237
f 4229 4232 4264
f 4229 4264 4265
f 4229 4265 4236
f 4230 4263 4266
f 4230 4266 4267
f 4230 4267 4232
f 4230 4232 4231
f 4232 4267 4268
f 4232 4268 4269
f 4232 4269 4270
f 4232 4270 4271
f 4232 4271 4272
f 4232 4272 4273
f 4232 4273 4264
f 4233 4236 4265
f 4233 4265 4274
f 4233 4274 4275
f 4233 4275 4234
f 4234 4275 4239
f 4234 4239 4235
f 4239 4276 4240
f 4239 4275 4277
f 4239 4277 4276
f 4241 4250 4278
f 4241 4278 4279
f 4241 4279 4280
f 4241 4280 4242
f 4242 4280 4243
f 4243 4281 4282
f 4243 4282 4244
f 4243 4280 4281
f 4244 4282 4283
f 4245 4284 4246
f 4246 4284 4285
f 4246 4285 4286
f 4246 4286 4247
f 4247 4286 4287
f 4247 4287 4249
f 4248 4288 4289
f 4248 4289 4278
f 4248 4278 4250
f 4248 4290 4271
f 4248 4271 4291
f 4248 4291 4288
f 4249 4287 4292
f 4249 4292 4290
f 4251 4293 4252
f 4252 4293 4294
f 4252 4294 4295
f 4252 4295 4296
f 4252 4296 4253
f 4253 4296 4297
f 4253 4297 4298
f 4253 4298 4254
f 4254 4298 4299
f 4254 4299 4300
f 4254 4300 4255
f 4255 4300 4257
f 4256 4258 4301
f 4257 4300 4302
f 4257 4302 4258
f 4258 4303 4301
f 4258 4302 4304
f 4258 4304 4303
f 4259 4305 4262
f 4259 4262 4260
f 4262 4306 4307
f 4262 4307 4266
f 4262 4266 4263
f 4262 4305 4308
f 4262 4308 4306
f 4264 4273 4274
f 4264 4274 4265
f 4266 4307 4267
f 4267 4307 4268
f 4268 4307 4306
f 4268 4306 4308
f 4268 4308 4309
f 4268 4309 4310
f 4268 4310 4311
f 4268 4311 4270
f 4268 4270 4269
f 4270 4311 4271
f 4271 4312 4313
f 4271 4313 4272
f 4271 4311 4310
f 4271 4310 4291
f 4271 4290 4312
f 4272 4314 4320
f 4272 4320 4315
f 4272 4315 4273
f 4272 4313 4316
f 4272 4316 4333
f 4272 4333 4314
f 4273 4317 4275
f 4273 4275 4274
f 4273 4315 4317
f 4275 4317 4277
f 4276 4277 4318
f 4277 4319 4318
f 4277 4317 4320
f 4277 4320 4321
f 4277 4321 4322
f 4277 4322 4319
f 4278 4289 4279
f 4279 4323 4324
f 4279 4324 4280
f 4279 4289 4323
f 4280 4324 4281
f 4281 4325 4326
f 4281 4326 4327
f 4281 4327 4283
f 4281 4283 4282
f 4281 4324 4325
f 4285 4328 4286
f 4286 4328 4329
f 4286 4329 4330
f 4286 4330 4287
f 4287 4331 4292
f 4287 4330 4332
f 4287 4332 4333
f 4287 4333 4334
f 4287 4334 4331
f 4288 4335 4289
f 4288 4291 4310
f 4288 4310 4335
f 4289 4335 4336
f 4289 4336 4323
f 4290 4292 4312
f 4292 4331 4337
f 4292 4337 4338
f 4292 4338 4312
f 4295 4326 4296
f 4296 4326 4325
f 4296 4325 4339
f 4296 4339 4340
f 4296 4340 4297
f 4297 4340 4298
f 4298 4341 4299
f 4298 4340 4341
f 4299 4342 4335
f 4299 4335 4343
f 4299 4343 4344
f 4299 4344 4300
f 4299 4341 4342
f 4300 4344 4302
f 4302 4344 4345
f 4302 4345 4346
f 4302 4346 4308
f 4302 4308 4305
f 4302 4305 4347
f 4302 4347 4304
f 4303 4304 4348
f 4304 4347 4349
f 4304 4349 4348
f 4305 4349 4347
f 4308 4346 4350
f 4308 4350 4309
f 4309 4350 4351
f 4309 4351 4310
f 4310 4351 4352
f 4310 4352 4353
f 4310 4353 4335
f 4312 4338 4313
f 4313 4334 4316
f 4313 4338 4354
f 4313 4354 4331
f 4313 4331 4334
f 4314 4321 4320
f 4314 4333 4332
f 4314 4332 4321
f 4315 4320 4317
f 4316 4334 4333
f 4321 4355 4322
f 4321 4332 4330
f 4321 4330 4329
f 4321 4329 4355
f 4323 4336 4356
f 4323 4356 4339
f 4323 4339 4324
f 4324 4339 4325
f 4331 4354 4338
f 4331 4338 4337
f 4335 4342 4336
f 4335 4353 4343
f 4336 4342 4356
f 4339 4356 4357
f 4339 4357 4341
f 4339 4341 4340
f 4341 4357 4342
f 4342 4357 4356
f 4343 4353 4352
f 4343 4352 4344
f 4344 4352 4358
f 4344 4358 4345
f 4345 4358 4346
f 4346 4358 4350
f 4350 4358 4351
f 4351 4358 4352

o geometry_29
v -0.00006494 0.00027659 0.00387125
v -0.00253840 -0.00026428 0.00433552
v -0.00006494 0.00080286 0.00387125
v 0.00209645 -0.00008038 0.00387125
v -0.00270414 -0.00051625 0.00829780
v -0.00296795 -0.00051625 0.00829780
v -0.00253840 0.00033987 0.00433552
v 0.00209645 -0.00010737 0.00396402
v 0.00209645 -0.00016613 0.00418151
v -0.00006494 0.00059171 0.00801462
v 0.00116812 0.00080286 0.00387125
v -0.00247127 0.00040431 0.00433552
v -0.00246655 0.00040819 0.00433552
v -0.00230029 0.00048994 0.00433552
v -0.00204853 0.00056200 0.00433552
v -0.00189853 0.00060436 0.00433552
v -0.00189853 0.00057324 0.00724765
v -0.00189853 0.00056497 0.00801462
v -0.00151566 0.00059158 0.00801462
v 0.00209645 0.00061599 0.00387125
v 0.00239016 -0.00017776 0.00829869
v -0.00272197 -0.00051625 0.00835506
v 0.00209645 -0.00017504 0.00456455
v 0.00209645 -0.00020991 0.00724809
v 0.00209645 -0.00021482 0.00763158
v 0.00209645 -0.00021430 0.00784685
v 0.00209645 -0.00021275 0.00801462
v -0.00294015 -0.00051625 0.00840166
v -0.00291288 -0.00024672 0.00830091
v -0.00291393 -0.00024995 0.00829780
v -0.00291288 -0.00024620 0.00829780
v -0.00291183 -0.00024414 0.00829780
v -0.00253840 0.00027969 0.00763069
v 0.00116812 0.00059171 0.00801462
v -0.00145744 0.00051512 0.00830579
v 0.00128140 0.00079679 0.00387125
v -0.00246812 0.00040716 0.00433730
v -0.00242774 0.00037913 0.00763069
v -0.00223105 0.00047573 0.00801462
v -0.00218280 0.00045404 0.00829159
v -0.00189853 0.00048787 0.00834574
v -0.00151566 0.00050118 0.00835772
v 0.00196009 0.00068005 0.00387125
v 0.00188194 0.00047509 0.00801462
v 0.00207390 0.00037216 0.00801462
v 0.00209645 0.00035201 0.00801462
v 0.00223282 0.00012794 0.00829869
v 0.00223229 0.00012729 0.00830135
v 0.00238859 -0.00017776 0.00830047
v -0.00274767 -0.00051625 0.00840566
v -0.00291813 -0.00051625 0.00840566
v -0.00258036 0.00012781 0.00830047
v -0.00258246 0.00012665 0.00829780
v -0.00253840 0.00026974 0.00801462
v -0.00253840 0.00027452 0.00783398
v 0.00116864 0.00050130 0.00835817
v 0.00155204 0.00048787 0.00834618
v 0.00155204 0.00049885 0.00829869
v 0.00155204 0.00056446 0.00801462
v -0.00145744 0.00050130 0.00835817
v 0.00155204 0.00077561 0.00387125
v -0.00242301 0.00037319 0.00801462
v 0.00163123 0.00076554 0.00387125
v 0.00183421 0.00045378 0.00829114
v 0.00233247 -0.00017776 0.00830801
v 0.00179959 0.00045817 0.00829869
v 0.00116864 0.00030539 0.00835817
v 0.00155204 0.00029351 0.00834618
f 4359 4360 4365
f 4359 4365 4361
f 4359 4361 4369
f 4359 4369 4394
f 4359 4394 4419
f 4359 4419 4421
f 4359 4421 4401
f 4359 4401 4378
f 4359 4378 4362
f 4359 4362 4360
f 4360 4363 4364
f 4360 4364 4365
f 4360 4362 4366
f 4360 4366 4367
f 4360 4367 4363
f 4361 4368 4392
f 4361 4392 4369
f 4361 4365 4370
f 4361 4370 4371
f 4361 4371 4372
f 4361 4372 4373
f 4361 4373 4374
f 4361 4374 4375
f 4361 4375 4376
f 4361 4376 4377
f 4361 4377 4368
f 4362 4378 4379
f 4362 4379 4366
f 4363 4380 4408
f 4363 4408 4409
f 4363 4409 4386
f 4363 4386 4364
f 4363 4367 4381
f 4363 4381 4382
f 4363 4382 4383
f 4363 4383 4384
f 4363 4384 4385
f 4363 4385 4380
f 4364 4386 4387
f 4364 4387 4388
f 4364 4388 4365
f 4365 4388 4389
f 4365 4389 4390
f 4365 4390 4391
f 4365 4391 4370
f 4366 4379 4367
f 4367 4379 4381
f 4368 4377 4393
f 4368 4393 4392
f 4369 4392 4394
f 4370 4391 4395
f 4370 4395 4371
f 4371 4395 4396
f 4371 4396 4397
f 4371 4397 4372
f 4372 4397 4373
f 4373 4397 4374
f 4374 4397 4375
f 4375 4397 4376
f 4376 4397 4398
f 4376 4398 4399
f 4376 4399 4377
f 4377 4399 4400
f 4377 4400 4393
f 4378 4401 4402
f 4378 4402 4403
f 4378 4403 4404
f 4378 4404 4405
f 4378 4405 4379
f 4379 4405 4406
f 4379 4406 4407
f 4379 4407 4408
f 4379 4408 4385
f 4379 4385 4384
f 4379 4384 4383
f 4379 4383 4382
f 4379 4382 4381
f 4380 4385 4408
f 4386 4409 4399
f 4386 4399 4410
f 4386 4410 4387
f 4387 4390 4389
f 4387 4389 4388
f 4387 4410 4390
f 4390 4410 4411
f 4390 4411 4412
f 4390 4412 4413
f 4390 4413 4391
f 4391 4413 4396
f 4391 4396 4395
f 4392 4393 4414
f 4392 4414 4415
f 4392 4415 4416
f 4392 4416 4417
f 4392 4417 4394
f 4393 4400 4418
f 4393 4418 4414
f 4394 4417 4419
f 4396 4413 4412
f 4396 4412 4420
f 4396 4420 4397
f 4397 4420 4398
f 4398 4420 4410
f 4398 4410 4399
f 4399 4409 4400
f 4400 4409 4418
f 4401 4421 4417
f 4401 4417 4402
f 4402 4417 4422
f 4402 4422 4403
f 4403 4406 4405
f 4403 4405 4404
f 4403 4422 4406
f 4406 4423 4407
f 4406 4422 4424
f 4406 4424 4415
f 4406 4415 4423
f 4407 4423 4408
f 4408 4423 4425
f 4408 4425 4414
f 4408 4414 4418
f 4408 4418 4409
f 4410 4412 4411
f 4410 4420 4412
f 4414 4425 4426
f 4414 4426 4415
f 4415 4426 4423
f 4415 4424 4416
f 4416 4424 4417
f 4417 4424 4422
f 4417 4421 4419
f 4423 4426 4425

o geometry_30
v 0.00394657 0.00718713 0.02727665
v 0.00394657 0.00718713 0.02672541
v 0.00270236 0.00718713 0.02758099
v 0.00339706 0.00689024 0.02740218
v 0.00394657 0.00673811 0.02718606
v 0.00394657 0.00190819 0.02205141
v -0.00635393 0.00670192 0.02457018
v -0.00635393 0.00691035 0.02475551
v -0.00635393 0.00718713 0.02512142
v 0.00190179 0.00718713 0.02767395
v 0.00250272 0.00655248 0.02738204
v 0.00394657 0.00148464 0.02168135
v -0.00635393 0.00334973 0.02168194
v -0.00635393 0.00718713 0.02575852
v 0.00333253 0.00615104 0.02701258
v 0.00394657 0.00075416 0.02168135
v -0.00039707 0.00034066 0.02168135
v -0.00635393 0.00216219 0.02168194
v -0.00604944 0.00718713 0.02615108
v -0.00635393 0.00698071 0.02581891
v 0.00394657 0.00529590 0.02630561
v 0.00164721 0.00629764 0.02730463
v 0.00259548 0.00538571 0.02662357
v -0.00635393 0.00290272 0.02260768
v 0.00107199 0.00646586 0.02743193
v 0.00078463 0.00718713 0.02772368
v 0.00333455 0.00499634 0.02624581
v 0.00193507 0.00487236 0.02633759
v 0.00345151 0.00080107 0.02200256
v -0.00266013 0.00055176 0.02168194
v -0.00356909 0.00066770 0.02168194
v -0.00418514 0.00083793 0.02168194
v -0.00490001 0.00112208 0.02168194
v -0.00560479 0.00152016 0.02168194
v -0.00603431 0.00184989 0.02168194
v -0.00594962 0.00269497 0.02280455
v -0.00613262 0.00654711 0.02585444
v -0.00544548 0.00718713 0.02668456
v 0.00394657 0.00401755 0.02530853
v 0.00097620 0.00483818 0.02636186
v 0.00346865 0.00395623 0.02538668
v 0.00267312 0.00386911 0.02545981
v 0.00394657 0.00120920 0.02236285
v 0.00346361 0.00064157 0.02168135
v -0.00209096 0.00068412 0.02216065
v -0.00326963 0.00079035 0.02202417
v -0.00444276 0.00116966 0.02203009
v 0.00001733 0.00042510 0.02190457
v -0.00094103 0.00061510 0.02220654
v -0.00635393 0.00401889 0.02376286
v -0.00555135 0.00270904 0.02317106
v -0.00596575 0.00345360 0.02358434
v -0.00635393 0.00627167 0.02551161
v -0.00632066 0.00614970 0.02547727
v -0.00555538 0.00576770 0.02585799
v -0.00475582 0.00718713 0.02705758
v 0.00078463 0.00626564 0.02732343
v 0.00116777 0.00379137 0.02552760
v 0.00212664 0.00373776 0.02540800
v 0.00294737 0.00270301 0.02432801
v 0.00193507 0.00262862 0.02440321
v 0.00270236 0.00072266 0.02211002
v 0.00231821 0.00069250 0.02214970
v 0.00231821 0.00051356 0.02168135
v -0.00247814 0.00156372 0.02316632
v -0.00370873 0.00112845 0.02230986
v -0.00410120 0.00195745 0.02315404
v -0.00479817 0.00193768 0.02279626
v 0.00116777 0.00062280 0.02220654
v 0.00030520 0.00059063 0.02220654
v -0.00104992 0.00078532 0.02241170
v -0.00189939 0.00160862 0.02330724
v -0.00593449 0.00462238 0.02470636
v -0.00556345 0.00346500 0.02394966
v -0.00484304 0.00267721 0.02358849
v -0.00635393 0.00506268 0.02465130
v -0.00591030 0.00504861 0.02506991
v -0.00523475 0.00686545 0.02666087
v -0.00079332 0.00718713 0.02772220
v 0.00020941 0.00377797 0.02553944
v 0.00088042 0.00359535 0.02536537
v 0.00261968 0.00192696 0.02356717
v 0.00327708 0.00182442 0.02330517
v 0.00394657 0.00283504 0.02419598
v 0.00394657 0.00191422 0.02320422
v 0.00233081 0.00154647 0.02318645
v -0.00324190 0.00183146 0.02329777
v -0.00401600 0.00286754 0.02416593
v -0.00446443 0.00314566 0.02427028
v 0.00001733 0.00076555 0.02243390
v -0.00036581 0.00155970 0.02336393
v -0.00132417 0.00166626 0.02343513
v -0.00495672 0.00341641 0.02428361
v -0.00516720 0.00442703 0.02509093
v -0.00551505 0.00465254 0.02506399
v -0.00516014 0.00539710 0.02585029
v -0.00481128 0.00575564 0.02624937
v -0.00438730 0.00673778 0.02700103
v -0.00074946 0.00646401 0.02743326
v -0.00074895 0.00626899 0.02732165
v -0.00017424 0.00483047 0.02636719
v 0.00097620 0.00259210 0.02443696
v 0.00001733 0.00258104 0.02444880
v 0.00116777 0.00157277 0.02334987
v -0.00283103 0.00195309 0.02354408
v -0.00289153 0.00270703 0.02432387
v 0.00020941 0.00164280 0.02346326
v -0.00170731 0.00262259 0.02440736
v -0.00481935 0.00422229 0.02510366
v -0.00436361 0.00541251 0.02622035
v -0.00079722 0.00369118 0.02544833
v -0.00405709 0.00384565 0.02509951
v -0.00113310 0.00259914 0.02443045
v -0.00209096 0.00383694 0.02548852
v -0.00400365 0.00425178 0.02546425
v -0.00396231 0.00531836 0.02628785
v -0.00393207 0.00649417 0.02703064
v -0.00333315 0.00689761 0.02739862
v -0.00113310 0.00484421 0.02635831
v -0.00304983 0.00391602 0.02542102
v -0.00151524 0.00380678 0.02551517
v -0.00240554 0.00718713 0.02760956
v -0.00158141 0.00718713 0.02768934
v -0.00189939 0.00631724 0.02729323
v -0.00209096 0.00488777 0.02632575
v -0.00328274 0.00500237 0.02624167
v -0.00327266 0.00615707 0.02700606
v -0.00218675 0.00652835 0.02739507
v -0.00253964 0.00538504 0.02662416
f 4427 4431 4447
f 4427 4447 4465
f 4427 4465 4510
f 4427 4510 4511
f 4427 4511 4469
f 4427 4469 4442
f 4427 4442 4438
f 4427 4438 4432
f 4427 4432 4428
f 4427 4428 4435
f 4427 4435 4440
f 4427 4440 4445
f 4427 4445 4464
f 4427 4464 4482
f 4427 4482 4548
f 4427 4548 4549
f 4427 4549 4505
f 4427 4505 4452
f 4427 4452 4436
f 4427 4436 4429
f 4427 4429 4430
f 4427 4430 4431
f 4428 4432 4433
f 4428 4433 4434
f 4428 4434 4435
f 4429 4436 4430
f 4430 4436 4437
f 4432 4438 4433
f 4433 4439 4444
f 4433 4444 4450
f 4433 4450 4476
f 4433 4476 4502
f 4433 4502 4479
f 4433 4479 4446
f 4433 4446 4440
f 4433 4440 4435
f 4433 4435 4434
f 4433 4438 4439
f 4430 4437 4441
f 4430 4441 4431
f 4438 4442 4470
f 4438 4470 4490
f 4438 4490 4443
f 4438 4443 4439
f 4439 4443 4444
f 4440 4446 4445
f 4431 4441 4447
f 4437 4448 4449
f 4436 4451 4437
f 4436 4452 4451
f 4437 4451 4448
f 4441 4437 4449
f 4441 4449 4453
f 4441 4453 4447
f 4448 4454 4449
f 4443 4456 4457
f 4443 4457 4458
f 4443 4458 4459
f 4443 4459 4460
f 4443 4460 4461
f 4443 4461 4444
f 4444 4461 4450
f 4450 4461 4462
f 4446 4463 4445
f 4445 4463 4464
f 4448 4466 4454
f 4449 4454 4453
f 4453 4467 4465
f 4453 4465 4447
f 4453 4454 4468
f 4453 4468 4467
f 4455 4442 4469
f 4455 4470 4442
f 4456 4471 4457
f 4457 4471 4472
f 4457 4472 4458
f 4458 4473 4459
f 4443 4474 4475
f 4443 4475 4471
f 4443 4471 4456
f 4461 4460 4462
f 4462 4460 4477
f 4462 4477 4478
f 4462 4476 4450
f 4462 4478 4476
f 4446 4479 4463
f 4463 4479 4480
f 4464 4463 4481
f 4451 4483 4448
f 4448 4483 4466
f 4454 4466 4484
f 4454 4484 4485
f 4454 4485 4468
f 4467 4468 4486
f 4468 4485 4487
f 4455 4469 4488
f 4470 4455 4488
f 4470 4488 4489
f 4470 4489 4490
f 4471 4491 4472
f 4472 4492 4458
f 4458 4492 4473
f 4473 4493 4494
f 4473 4492 4493
f 4459 4494 4460
f 4459 4473 4494
f 4443 4490 4474
f 4474 4490 4489
f 4474 4489 4495
f 4474 4495 4496
f 4474 4496 4475
f 4471 4498 4491
f 4476 4478 4499
f 4460 4494 4477
f 4477 4500 4478
f 4477 4501 4500
f 4479 4502 4480
f 4480 4502 4503
f 4480 4481 4463
f 4464 4504 4482
f 4464 4481 4504
f 4452 4505 4451
f 4466 4506 4484
f 4484 4507 4485
f 4468 4487 4486
f 4486 4508 4509
f 4467 4510 4465
f 4467 4486 4510
f 4487 4508 4486
f 4469 4511 4509
f 4469 4509 4488
f 4488 4509 4512
f 4488 4512 4489
f 4491 4513 4472
f 4472 4513 4492
f 4492 4513 4493
f 4493 4514 4515
f 4494 4493 4501
f 4489 4512 4495
f 4496 4495 4516
f 4496 4516 4475
f 4475 4516 4497
f 4497 4516 4517
f 4497 4517 4518
f 4497 4518 4498
f 4497 4498 4471
f 4497 4471 4475
f 4476 4499 4502
f 4477 4494 4501
f 4500 4499 4478
f 4501 4519 4500
f 4501 4515 4519
f 4500 4519 4520
f 4502 4499 4503
f 4503 4499 4521
f 4503 4521 4481
f 4503 4481 4480
f 4481 4521 4522
f 4481 4523 4504
f 4504 4523 4524
f 4504 4524 4482
f 4451 4505 4525
f 4451 4525 4483
f 4483 4525 4526
f 4483 4526 4527
f 4483 4527 4466
f 4466 4527 4506
f 4484 4506 4507
f 4507 4528 4487
f 4507 4487 4485
f 4507 4529 4528
f 4508 4512 4509
f 4509 4510 4486
f 4487 4530 4508
f 4511 4510 4509
f 4512 4508 4530
f 4512 4530 4495
f 4498 4531 4491
f 4491 4531 4513
f 4513 4532 4514
f 4513 4514 4493
f 4513 4531 4532
f 4515 4501 4493
f 4495 4530 4516
f 4516 4530 4533
f 4516 4533 4517
f 4498 4534 4531
f 4498 4518 4534
f 4500 4520 4521
f 4500 4521 4499
f 4519 4515 4535
f 4519 4535 4520
f 4521 4520 4522
f 4522 4523 4481
f 4522 4520 4535
f 4522 4536 4523
f 4527 4537 4506
f 4507 4506 4529
f 4528 4533 4530
f 4528 4529 4533
f 4528 4530 4487
f 4531 4534 4532
f 4514 4538 4515
f 4515 4538 4535
f 4517 4533 4529
f 4517 4539 4518
f 4517 4529 4539
f 4518 4539 4534
f 4534 4540 4532
f 4535 4538 4541
f 4535 4541 4536
f 4535 4536 4522
f 4536 4524 4523
f 4536 4542 4543
f 4536 4543 4524
f 4524 4544 4482
f 4526 4545 4527
f 4527 4545 4537
f 4532 4540 4546
f 4532 4546 4538
f 4532 4538 4514
f 4529 4537 4539
f 4529 4506 4537
f 4539 4537 4547
f 4539 4547 4534
f 4534 4547 4540
f 4541 4542 4536
f 4543 4544 4524
f 4482 4544 4548
f 4505 4549 4525
f 4526 4525 4550
f 4526 4550 4545
f 4538 4546 4541
f 4540 4547 4551
f 4540 4551 4546
f 4546 4551 4552
f 4541 4546 4552
f 4541 4552 4542
f 4542 4552 4553
f 4542 4553 4543
f 4543 4553 4544
f 4549 4554 4525
f 4525 4554 4550
f 4550 4551 4545
f 4545 4551 4547
f 4547 4537 4545
f 4551 4555 4552
f 4552 4555 4553
f 4553 4554 4544
f 4554 4548 4544
f 4548 4554 4549
f 4551 4550 4555
f 4555 4550 4554
f 4555 4554 4553

o geometry_31
v 0.00444699 -0.00562351 0.00148067
v 0.00444699 -0.00553474 0.00128523
v 0.00462067 -0.00565707 0.00148067
v 0.00444699 0.00039996 0.00148067
v 0.00444699 -0.00534950 0.00090335
v 0.00446675 -0.00534950 0.00090335
v 0.00465516 -0.00564868 0.00148067
v 0.00874333 -0.00117843 0.00148067
v 0.00874333 0.00051111 0.00148032
v 0.00444699 0.00063973 0.00141448
v 0.00444699 -0.00497272 0.00052495
v 0.00462067 -0.00498601 0.00051212
v 0.00489571 -0.00498111 0.00051316
v 0.00515141 -0.00493707 0.00055925
v 0.00493524 -0.00556550 0.00148067
v 0.00874333 -0.00151955 0.00148067
v 0.00874333 0.00075577 0.00133928
v 0.00444699 0.00098015 0.00110884
v 0.00444699 -0.00123225 -0.00183768
v 0.00462067 -0.00130705 -0.00183768
v 0.00500421 -0.00133851 -0.00183768
v 0.00645343 -0.00107148 -0.00205841
v 0.00652534 -0.00107218 -0.00205841
v 0.00730462 -0.00107288 -0.00205841
v 0.00605895 -0.00421708 0.00013510
v 0.00631507 -0.00417863 0.00016421
v 0.00768817 -0.00104492 -0.00205911
v 0.00538818 -0.00489723 0.00062613
v 0.00538818 -0.00501676 0.00081776
v 0.00498066 -0.00555152 0.00148067
v 0.00577172 -0.00463160 0.00046777
v 0.00874333 -0.00169710 0.00089885
v 0.00868781 -0.00171598 0.00148067
v 0.00874333 0.00096757 0.00110122
v 0.00444699 0.00102349 0.00106484
v 0.00444699 -0.00013479 -0.00183768
v 0.00645343 -0.00043117 -0.00205841
v 0.00765368 -0.00104701 -0.00205911
v 0.00753803 -0.00231224 -0.00102923
v 0.00707753 -0.00340412 -0.00020761
v 0.00678398 -0.00384450 0.00010010
v 0.00657329 -0.00412551 0.00031287
v 0.00646815 -0.00425902 0.00041960
v 0.00624063 -0.00451486 0.00062475
v 0.00598494 -0.00458337 0.00051836
v 0.00769489 -0.00104142 -0.00205911
v 0.00562411 -0.00497412 0.00088880
v 0.00575952 -0.00482663 0.00074776
v 0.00536421 -0.00542569 0.00148067
v 0.00864954 -0.00189563 0.00133097
v 0.00874333 -0.00174673 0.00072801
v 0.00856249 -0.00205361 0.00148067
v 0.00874333 0.00096897 0.00109914
v 0.00444699 0.00133106 0.00069474
v 0.00444699 0.00096338 -0.00116299
v 0.00874333 0.00095918 -0.00205911
v 0.00765368 -0.00033191 -0.00205911
v 0.00779330 -0.00217873 -0.00088681
v 0.00751742 -0.00267574 -0.00063765
v 0.00792115 -0.00117843 -0.00183629
v 0.00793208 -0.00118542 -0.00182520
v 0.00792199 -0.00155590 -0.00143674
v 0.00734626 -0.00326851 -0.00008806
v 0.00720285 -0.00349289 0.00004812
v 0.00703968 -0.00374804 0.00023317
v 0.00710612 -0.00418073 0.00092657
v 0.00672300 -0.00418143 0.00054262
v 0.00678566 -0.00460644 0.00125196
v 0.00638993 -0.00459735 0.00088083
v 0.00613003 -0.00464838 0.00074257
v 0.00630750 -0.00493008 0.00133721
v 0.00605138 -0.00499789 0.00123533
v 0.00587938 -0.00491820 0.00097959
v 0.00801031 -0.00086667 -0.00205911
v 0.00580284 -0.00525583 0.00148067
v 0.00558836 -0.00534251 0.00148067
v 0.00867436 -0.00197811 0.00072801
v 0.00874333 -0.00181244 0.00050138
v 0.00841403 -0.00244995 0.00148067
v 0.00840899 -0.00246323 0.00148067
v 0.00831857 -0.00279247 0.00111162
v 0.00874333 0.00114722 0.00081291
v 0.00444699 0.00136951 0.00061539
v 0.00444699 0.00126885 -0.00083067
v 0.00874333 0.00005744 -0.00205911
v 0.00444699 0.00130939 -0.00074993
v 0.00444699 0.00145059 -0.00042107
v 0.00874333 0.00133246 -0.00039058
v 0.00835137 -0.00236537 0.00004154
v 0.00809442 -0.00287216 0.00031703
v 0.00791106 -0.00192359 -0.00103754
v 0.00795858 -0.00311332 0.00044143
v 0.00749051 -0.00303224 -0.00022390
v 0.00819661 -0.00065276 -0.00205911
v 0.00805447 -0.00129307 -0.00154867
v 0.00862641 -0.00148041 -0.00058706
v 0.00853978 -0.00171458 -0.00044394
v 0.00826390 -0.00188934 -0.00061340
v 0.00745855 -0.00338874 0.00019575
v 0.00752878 -0.00383052 0.00088499
v 0.00715617 -0.00383891 0.00048891
v 0.00721673 -0.00427160 0.00118231
v 0.00694590 -0.00439673 0.00108944
v 0.00682940 -0.00465467 0.00148067
v 0.00653796 -0.00486018 0.00148067
v 0.00636890 -0.00497272 0.00148067
v 0.00645385 -0.00463160 0.00099241
v 0.00616956 -0.00508317 0.00147720
v 0.00604718 -0.00514259 0.00148067
v 0.00869118 -0.00200328 0.00034475
v 0.00874333 -0.00184320 0.00034475
v 0.00829754 -0.00273445 0.00148067
v 0.00833792 -0.00279946 0.00072801
v 0.00822479 -0.00298401 0.00111162
v 0.00874333 0.00134294 0.00033124
v 0.00444699 0.00147017 0.00033332
v 0.00874333 -0.00004112 -0.00195723
v 0.00853221 -0.00022077 -0.00205911
v 0.00444699 0.00148415 -0.00003192
v 0.00874333 0.00139677 -0.00003920
v 0.00833707 -0.00197392 -0.00042142
v 0.00861716 -0.00185369 -0.00018336
v 0.00831815 -0.00273236 0.00044802
v 0.00782442 -0.00336917 0.00060153
v 0.00792157 -0.00346983 0.00085727
v 0.00833918 -0.00047032 -0.00205911
v 0.00872861 -0.00122526 -0.00072290
v 0.00756873 -0.00348241 0.00045148
v 0.00767639 -0.00360404 0.00074291
v 0.00725121 -0.00431005 0.00148067
v 0.00702075 -0.00449949 0.00148067
v 0.00757672 -0.00390182 0.00111162
v 0.00744088 -0.00413040 0.00148067
v 0.00617755 -0.00508037 0.00148067
v 0.00868235 -0.00196133 0.00007204
v 0.00874333 -0.00173835 -0.00003712
v 0.00820040 -0.00292669 0.00148067
v 0.00809021 -0.00323006 0.00111162
v 0.00793671 -0.00349639 0.00111162
v 0.00821806 -0.00299100 0.00072801
v 0.00804984 -0.00322097 0.00148067
v 0.00792199 -0.00346493 0.00148067
v 0.00874333 0.00139677 -0.00002534
v 0.00444699 0.00147786 0.00024946
v 0.00874333 -0.00028927 -0.00169941
v 0.00864702 -0.00035358 -0.00176352
v 0.00871136 -0.00159784 -0.00033132
v 0.00874333 -0.00119381 -0.00073225
v 0.00874333 -0.00083381 -0.00111932
v 0.00760027 -0.00393048 0.00148067
v 0.00874333 -0.00150348 -0.00037187
v 0.00791568 -0.00347472 0.00148067
v 0.00778489 -0.00366695 0.00148067
f 4556 4557 4558
f 4556 4558 4562
f 4556 4562 4570
f 4556 4570 4585
f 4556 4585 4604
f 4556 4604 4631
f 4556 4631 4630
f 4556 4630 4664
f 4556 4664 4689
f 4556 4689 4661
f 4556 4661 4660
f 4556 4660 4659
f 4556 4659 4686
f 4556 4686 4685
f 4556 4685 4688
f 4556 4688 4705
f 4556 4705 4708
f 4556 4708 4707
f 4556 4707 4697
f 4556 4697 4696
f 4556 4696 4692
f 4556 4692 4667
f 4556 4667 4635
f 4556 4635 4634
f 4556 4634 4607
f 4556 4607 4588
f 4556 4588 4571
f 4556 4571 4563
f 4556 4563 4559
f 4556 4559 4565
f 4556 4565 4573
f 4556 4573 4590
f 4556 4590 4609
f 4556 4609 4638
f 4556 4638 4671
f 4556 4671 4699
f 4556 4699 4674
f 4556 4674 4642
f 4556 4642 4641
f 4556 4641 4639
f 4556 4639 4610
f 4556 4610 4591
f 4556 4591 4574
f 4556 4574 4566
f 4556 4566 4560
f 4556 4560 4557
f 4557 4560 4558
f 4558 4560 4561
f 4558 4561 4562
f 4559 4563 4564
f 4559 4564 4565
f 4560 4566 4567
f 4560 4567 4561
f 4561 4567 4568
f 4561 4568 4569
f 4561 4569 4562
f 4562 4569 4570
f 4563 4571 4587
f 4563 4587 4606
f 4563 4606 4633
f 4563 4633 4666
f 4563 4666 4691
f 4563 4691 4706
f 4563 4706 4703
f 4563 4703 4704
f 4563 4704 4700
f 4563 4700 4672
f 4563 4672 4640
f 4563 4640 4611
f 4563 4611 4643
f 4563 4643 4675
f 4563 4675 4698
f 4563 4698 4670
f 4563 4670 4637
f 4563 4637 4608
f 4563 4608 4589
f 4563 4589 4572
f 4563 4572 4564
f 4564 4572 4565
f 4565 4572 4573
f 4566 4574 4575
f 4566 4575 4567
f 4567 4575 4576
f 4567 4576 4577
f 4567 4577 4578
f 4567 4578 4579
f 4567 4579 4568
f 4568 4580 4581
f 4568 4581 4569
f 4568 4579 4582
f 4568 4582 4580
f 4569 4583 4584
f 4569 4584 4585
f 4569 4585 4570
f 4569 4581 4586
f 4569 4586 4583
f 4571 4588 4587
f 4572 4589 4590
f 4572 4590 4573
f 4574 4591 4592
f 4574 4592 4577
f 4574 4577 4575
f 4575 4577 4576
f 4577 4592 4612
f 4577 4612 4593
f 4577 4593 4578
f 4578 4593 4579
f 4579 4593 4582
f 4580 4582 4581
f 4581 4582 4594
f 4581 4594 4595
f 4581 4595 4596
f 4581 4596 4597
f 4581 4597 4598
f 4581 4598 4599
f 4581 4599 4600
f 4581 4600 4586
f 4582 4593 4612
f 4582 4612 4611
f 4582 4611 4640
f 4582 4640 4673
f 4582 4673 4681
f 4582 4681 4649
f 4582 4649 4629
f 4582 4629 4601
f 4582 4601 4594
f 4583 4602 4584
f 4583 4586 4600
f 4583 4600 4603
f 4583 4603 4602
f 4584 4602 4604
f 4584 4604 4585
f 4587 4588 4605
f 4587 4605 4606
f 4588 4607 4605
f 4589 4608 4609
f 4589 4609 4590
f 4591 4610 4611
f 4591 4611 4592
f 4592 4611 4612
f 4594 4613 4614
f 4594 4614 4595
f 4594 4601 4615
f 4594 4615 4616
f 4594 4616 4617
f 4594 4617 4613
f 4595 4618 4619
f 4595 4619 4620
f 4595 4620 4596
f 4595 4614 4618
f 4596 4620 4621
f 4596 4621 4622
f 4596 4622 4597
f 4597 4622 4623
f 4597 4623 4598
f 4598 4623 4624
f 4598 4624 4599
f 4599 4624 4625
f 4599 4625 4600
f 4600 4625 4626
f 4600 4626 4627
f 4600 4627 4628
f 4600 4628 4603
f 4601 4629 4615
f 4602 4603 4628
f 4602 4628 4630
f 4602 4630 4631
f 4602 4631 4604
f 4605 4632 4633
f 4605 4633 4606
f 4605 4607 4634
f 4605 4634 4635
f 4605 4635 4636
f 4605 4636 4632
f 4608 4637 4609
f 4609 4637 4638
f 4610 4639 4611
f 4611 4639 4641
f 4611 4641 4642
f 4611 4642 4643
f 4613 4644 4645
f 4613 4645 4614
f 4613 4617 4646
f 4613 4646 4644
f 4614 4645 4647
f 4614 4647 4648
f 4614 4648 4618
f 4615 4629 4616
f 4616 4629 4649
f 4616 4649 4617
f 4617 4649 4650
f 4617 4650 4651
f 4617 4651 4652
f 4617 4652 4653
f 4617 4653 4646
f 4618 4654 4619
f 4618 4648 4654
f 4619 4655 4656
f 4619 4656 4620
f 4619 4654 4655
f 4620 4656 4621
f 4621 4657 4658
f 4621 4658 4622
f 4621 4656 4655
f 4621 4655 4657
f 4622 4658 4623
f 4623 4659 4660
f 4623 4660 4661
f 4623 4661 4626
f 4623 4626 4662
f 4623 4662 4624
f 4623 4658 4657
f 4623 4657 4659
f 4624 4662 4626
f 4624 4626 4625
f 4626 4661 4663
f 4626 4663 4627
f 4627 4663 4664
f 4627 4664 4630
f 4627 4630 4628
f 4632 4636 4665
f 4632 4665 4633
f 4633 4665 4666
f 4635 4667 4636
f 4636 4668 4665
f 4636 4667 4669
f 4636 4669 4668
f 4637 4670 4638
f 4638 4670 4671
f 4640 4672 4673
f 4642 4674 4675
f 4642 4675 4643
f 4644 4646 4676
f 4644 4676 4677
f 4644 4677 4678
f 4644 4678 4645
f 4645 4678 4647
f 4646 4653 4676
f 4647 4679 4648
f 4647 4678 4680
f 4647 4680 4679
f 4648 4679 4654
f 4649 4681 4682
f 4649 4682 4651
f 4649 4651 4650
f 4651 4682 4677
f 4651 4677 4652
f 4652 4677 4676
f 4652 4676 4653
f 4654 4679 4683
f 4654 4683 4655
f 4655 4683 4684
f 4655 4684 4680
f 4655 4680 4657
f 4657 4685 4686
f 4657 4686 4659
f 4657 4680 4687
f 4657 4687 4688
f 4657 4688 4685
f 4661 4689 4663
f 4663 4689 4664
f 4665 4668 4690
f 4665 4690 4666
f 4666 4690 4691
f 4667 4692 4669
f 4668 4693 4694
f 4668 4694 4695
f 4668 4695 4678
f 4668 4678 4690
f 4668 4669 4693
f 4669 4692 4696
f 4669 4696 4697
f 4669 4697 4693
f 4670 4698 4671
f 4671 4698 4699
f 4672 4700 4673
f 4673 4700 4701
f 4673 4701 4681
f 4674 4699 4698
f 4674 4698 4675
f 4677 4690 4678
f 4677 4682 4702
f 4677 4702 4690
f 4678 4695 4680
f 4679 4680 4684
f 4679 4684 4683
f 4680 4695 4694
f 4680 4694 4688
f 4680 4688 4687
f 4681 4701 4682
f 4682 4703 4702
f 4682 4701 4700
f 4682 4700 4704
f 4682 4704 4703
f 4688 4694 4705
f 4690 4702 4706
f 4690 4706 4691
f 4693 4697 4694
f 4694 4697 4707
f 4694 4707 4708
f 4694 4708 4705
f 4702 4703 4706

