# https://github.com/mikedh/trimesh

o geometry_0
v 0.00169455 0.00662835 0.01555225
v 0.00443744 0.00492324 0.02276986
v 0.00322076 0.00662835 0.01810400
v 0.01296951 0.00566793 0.01555225
v 0.03088256 0.00343799 0.03837436
v 0.02759110 0.00370753 0.03837436
v 0.00288671 0.00719089 0.01555225
v 0.01377245 0.00566793 0.01555225
v 0.02801096 0.00472269 0.02553033
v 0.02977621 0.00472223 0.02741890
v 0.03203488 0.00461138 0.03095925
v 0.03239345 0.00461138 0.03166172
v 0.03284242 0.00461138 0.03315753
v 0.03299872 0.00461138 0.03514148
v 0.03289912 0.00461138 0.03576651
v 0.03088256 0.00419556 0.03837436
v 0.02759110 0.00462793 0.03847760
v 0.02640506 0.00462793 0.03810056
v 0.02410426 0.00462793 0.03695037
v 0.02004279 0.00462793 0.03471057
v 0.01406973 0.00476731 0.03098394
v 0.00930109 0.00492324 0.02754794
v 0.00651529 0.00492324 0.02507586
v 0.00418307 0.00714582 0.01798056
v 0.01486348 0.00566793 0.01609985
v 0.00546411 0.00588377 0.02276986
v 0.00610156 0.00566781 0.02381233
v 0.02779490 0.00533675 0.02569753
v 0.03109403 0.00472223 0.02923789
v 0.03227393 0.00540345 0.03409452
v 0.02949963 0.00472177 0.03837436
v 0.02782018 0.00499511 0.03826608
v 0.02686783 0.00504191 0.03808261
v 0.01697198 0.00507342 0.03264808
v 0.00436848 0.00671448 0.01959084
v 0.00620882 0.00633742 0.02289218
v 0.02799870 0.00573692 0.02625636
v 0.02920312 0.00526913 0.02714509
v 0.01223398 0.00674150 0.01555225
v 0.02546114 0.00645080 0.02480992
v 0.02683719 0.00611640 0.02553033
v 0.03066344 0.00547198 0.02945109
v 0.03152002 0.00528351 0.03078644
v 0.03001679 0.00535446 0.02830819
v 0.03191229 0.00545910 0.03220259
v 0.03088256 0.00556858 0.03695149
v 0.02855072 0.00536061 0.03785243
v 0.02686783 0.00587768 0.03724100
v 0.02576455 0.00528799 0.03748114
v 0.02442988 0.00547831 0.03673211
v 0.02064653 0.00539057 0.03468701
v 0.01801397 0.00590481 0.03265144
v 0.00995233 0.00568897 0.02729490
v 0.00850197 0.00567368 0.02613124
v 0.00737263 0.00607926 0.02453892
v 0.03107564 0.00587860 0.03114553
v 0.03151235 0.00589262 0.03270643
v 0.03228925 0.00522866 0.03576875
v 0.03075691 0.00591401 0.03646224
v 0.02524968 0.00601544 0.03664459
v 0.02056991 0.00630269 0.03389253
v 0.01551013 0.00589837 0.03096823
v 0.00655513 0.00720297 0.02091524
v 0.00504731 0.00755703 0.01710529
v 0.00698725 0.00676864 0.02276986
v 0.02876027 0.00608604 0.02759283
v 0.02683642 0.00675082 0.02657224
v 0.02961225 0.00609593 0.02883280
v 0.03034394 0.00608984 0.03012606
v 0.03067723 0.00631051 0.03170436
v 0.03090708 0.00631419 0.03325516
v 0.03158361 0.00586744 0.03485084
v 0.03129323 0.00588159 0.03576875
v 0.03002445 0.00637582 0.03573509
v 0.02771981 0.00587722 0.03724325
v 0.02352427 0.00587492 0.03597971
v 0.00421065 0.00756945 0.01555225
v 0.00756954 0.00771135 0.01877392
v 0.00822232 0.00678566 0.02400646
v 0.01116135 0.00722447 0.01555225
v 0.02477465 0.00713432 0.02549667
v 0.02851050 0.00674713 0.02868243
v 0.02952184 0.00677876 0.03073483
v 0.02976395 0.00682591 0.03241579
v 0.03015125 0.00656545 0.03459106
v 0.02918473 0.00678290 0.03489348
v 0.02672379 0.00636214 0.03630738
v 0.02592085 0.00630775 0.03642184
v 0.02309674 0.00629763 0.03535468
v 0.01771976 0.00634650 0.03195010
v 0.00902220 0.00630683 0.02571549
v 0.01053002 0.00654302 0.02649818
v 0.00760555 0.00756439 0.02052895
v 0.00871267 0.00716605 0.02350374
v 0.02637595 0.00714168 0.02703737
v 0.02825000 0.00717847 0.02989546
v 0.02837182 0.00714409 0.03390319
v 0.02431955 0.00654958 0.03549635
v 0.02221871 0.00673000 0.03432568
v 0.01778259 0.00674288 0.03141036
v 0.00568170 0.00772262 0.01555225
v 0.02762634 0.00717456 0.02872507
v 0.02565422 0.00756692 0.02774432
v 0.00987111 0.00758417 0.01555225
v 0.02407591 0.00758831 0.02622157
v 0.02852276 0.00723022 0.03231087
v 0.02666556 0.00758417 0.03232378
v 0.02498612 0.00684591 0.03493164
v 0.02084114 0.00711891 0.03270587
v 0.01111844 0.00714076 0.02571549
v 0.00999830 0.00756485 0.02305825
v 0.00904059 0.00769318 0.01555225
v 0.02071932 0.00802838 0.02557185
v 0.02309981 0.00776425 0.02612170
v 0.02651386 0.00764569 0.02973387
v 0.02641732 0.00767570 0.03157643
v 0.02392267 0.00713616 0.03389029
v 0.00951293 0.00769991 0.02124179
v 0.01994778 0.00812325 0.02570090
v 0.02393723 0.00785497 0.02737962
v 0.02467046 0.00787004 0.02843387
v 0.01853152 0.00729272 0.03068265
v 0.01175896 0.00755749 0.02465955
v 0.01239335 0.00766052 0.02444410
v 0.02163029 0.00812394 0.02737962
v 0.02391041 0.00797928 0.02970245
v 0.02194519 0.00731198 0.03262563
v 0.01562965 0.00759728 0.02728985
v 0.02006731 0.00756439 0.03056875
f 1 7 77
f 1 77 101
f 1 101 112
f 1 112 104
f 1 104 80
f 1 80 39
f 1 39 8
f 1 8 4
f 1 4 2
f 2 3 1
f 2 4 8
f 2 5 6
f 3 7 1
f 2 8 5
f 5 9 10
f 5 10 11
f 5 11 12
f 5 12 13
f 5 13 14
f 5 14 15
f 5 15 16
f 5 16 17
f 5 17 6
f 5 8 9
f 6 17 18
f 6 18 19
f 6 19 20
f 6 20 21
f 6 21 22
f 6 22 23
f 6 23 2
f 3 24 7
f 8 25 9
f 3 2 26
f 2 27 26
f 9 25 28
f 11 10 29
f 14 13 30
f 17 16 31
f 17 31 32
f 17 32 33
f 17 33 18
f 2 23 27
f 3 26 35
f 28 38 10
f 28 10 9
f 25 8 39
f 25 40 41
f 25 41 28
f 11 29 42
f 11 42 43
f 29 10 44
f 12 11 43
f 13 12 45
f 13 45 30
f 16 15 46
f 16 46 31
f 31 47 32
f 33 32 48
f 18 33 49
f 18 49 50
f 18 50 19
f 19 50 51
f 19 51 20
f 20 51 34
f 20 34 21
f 34 52 21
f 22 54 23
f 24 3 35
f 27 23 54
f 27 55 36
f 27 36 26
f 37 28 41
f 37 38 28
f 25 39 40
f 38 44 10
f 29 44 42
f 12 43 45
f 45 43 56
f 45 56 57
f 45 57 30
f 14 58 15
f 14 30 58
f 15 58 46
f 46 59 47
f 46 47 31
f 33 60 49
f 34 61 52
f 21 52 62
f 22 21 53
f 54 22 53
f 35 63 24
f 7 24 64
f 35 26 36
f 54 55 27
f 37 41 66
f 37 66 38
f 38 66 44
f 41 40 67
f 42 68 69
f 42 69 43
f 42 44 68
f 43 69 56
f 56 69 70
f 56 70 57
f 57 71 30
f 30 71 72
f 30 72 58
f 46 58 73
f 46 73 59
f 59 75 47
f 47 48 32
f 48 60 33
f 60 76 49
f 49 76 50
f 34 51 61
f 62 53 21
f 35 36 65
f 35 65 63
f 7 64 77
f 64 78 77
f 66 41 67
f 66 68 44
f 39 80 40
f 40 81 67
f 40 80 81
f 69 68 82
f 69 83 70
f 70 83 84
f 70 71 57
f 58 72 73
f 74 59 73
f 74 73 85
f 74 85 86
f 74 86 87
f 74 87 75
f 59 74 75
f 48 87 88
f 48 88 60
f 76 60 89
f 50 76 51
f 61 51 76
f 61 76 89
f 52 61 90
f 52 90 62
f 54 91 55
f 53 92 91
f 53 91 54
f 63 93 24
f 65 94 63
f 24 93 64
f 55 79 36
f 36 79 65
f 67 82 66
f 67 95 82
f 67 81 95
f 68 66 82
f 69 82 83
f 83 82 96
f 84 71 70
f 87 48 75
f 47 75 48
f 88 98 60
f 60 98 89
f 61 89 99
f 61 99 100
f 61 100 90
f 53 62 90
f 53 90 92
f 65 79 94
f 64 93 78
f 78 101 77
f 82 95 102
f 80 104 81
f 81 105 95
f 81 104 105
f 82 102 96
f 83 106 84
f 71 85 72
f 71 84 85
f 73 72 85
f 86 85 97
f 97 87 86
f 87 97 108
f 87 108 88
f 88 108 98
f 98 99 89
f 90 100 92
f 91 92 79
f 92 110 79
f 63 94 111
f 63 111 93
f 55 91 79
f 95 105 103
f 95 103 102
f 104 112 113
f 104 113 114
f 104 114 105
f 96 102 115
f 83 96 106
f 84 106 85
f 85 106 97
f 97 106 116
f 97 116 107
f 107 117 97
f 97 117 108
f 98 117 99
f 99 109 100
f 100 109 110
f 93 118 78
f 103 105 114
f 103 114 120
f 103 121 115
f 103 115 102
f 96 115 106
f 108 117 98
f 117 109 99
f 109 122 110
f 100 110 92
f 110 94 79
f 111 118 93
f 94 123 111
f 111 123 124
f 101 78 119
f 119 78 125
f 114 113 120
f 103 120 121
f 112 119 113
f 115 116 106
f 107 116 126
f 107 126 127
f 107 127 117
f 117 127 109
f 109 127 122
f 110 123 94
f 123 110 122
f 118 125 78
f 111 124 118
f 123 122 128
f 124 128 125
f 120 113 119
f 112 101 119
f 121 126 115
f 115 126 116
f 126 125 129
f 126 129 127
f 122 127 129
f 122 129 128
f 123 128 124
f 124 125 118
f 119 125 120
f 121 120 125
f 121 125 126
f 128 129 125

o geometry_1
v 0.00876535 -0.00698926 0.00846964
v 0.00843678 -0.00715480 0.00846964
v 0.00822959 -0.00698926 0.00683290
v -0.00208532 -0.00234396 0.01320751
v 0.00236824 -0.00403843 0.01989239
v 0.00512242 -0.00647891 0.01989239
v 0.00622604 -0.00772630 0.01554872
v 0.00767708 -0.00718538 0.00639074
v -0.00324196 -0.00234133 0.01086031
v -0.00260434 -0.00234396 0.01320751
v 0.00176830 -0.00403843 0.01989239
v 0.00410949 -0.00647891 0.01989239
v 0.00689854 -0.00766778 0.00965673
v 0.00819610 -0.00725181 0.00846964
v 0.00761290 -0.00715902 0.00614792
v 0.00799519 -0.00698926 0.00638924
v -0.00118539 -0.00314586 0.01554872
v 0.00210036 -0.00462048 0.01989239
v 0.00145228 -0.00424800 0.01923514
v 0.00379696 -0.00628701 0.01989239
v 0.00321026 -0.00647891 0.01855467
v 0.00280355 -0.00719065 0.01554872
v 0.00311539 -0.00728845 0.01554872
v 0.00419111 -0.00757394 0.01552699
v 0.00479873 -0.00765434 0.01554872
v 0.00567493 -0.00771787 0.01554872
v 0.00567632 -0.00767569 0.00596956
v 0.00716364 -0.00755997 0.00836547
v 0.00735478 -0.00730770 0.00639074
v 0.00769940 -0.00698926 0.00604750
v 0.00636557 -0.00756972 0.00598605
v 0.00604466 -0.00757868 0.00566454
v 0.00604466 -0.00657487 0.00530407
v -0.00380981 -0.00240248 0.00965823
v -0.00375401 -0.00234133 0.01086031
v 0.00136647 -0.00403843 0.01927187
v -0.00380144 -0.00307627 0.01045262
v -0.00209090 -0.00337151 0.01374560
v 0.00167063 -0.00463893 0.01921941
v 0.00194270 -0.00680315 0.01554872
v 0.00228244 -0.00715032 0.01484426
v 0.00106092 -0.00728450 0.01184806
v 0.00334351 -0.00756181 0.01419676
v 0.00399647 -0.00764722 0.01436463
v 0.00441644 -0.00770100 0.01394495
v 0.00257613 -0.00772261 0.00953402
v 0.00063956 -0.00772683 0.00471053
v 0.00441644 -0.00772683 0.00555138
v 0.00628290 -0.00771128 0.00957430
v 0.00675762 -0.00691914 0.00530407
v 0.00504638 -0.00761796 0.00524262
v 0.00551169 -0.00756972 0.00532206
v 0.00604466 -0.00745901 0.00547344
v 0.00628569 -0.00716746 0.00527110
v 0.00609629 -0.00691914 0.00492486
v 0.00531496 -0.00691914 0.00458013
v -0.00493576 -0.00395302 0.00598755
v -0.00548827 -0.00395302 0.00598605
v -0.00430791 -0.00240248 0.00965823
v -0.00002736 -0.00403843 0.01694565
v -0.00420013 -0.00291349 0.00966011
v -0.00251365 -0.00337520 0.01291074
v -0.00093181 -0.00374972 0.01557139
v -0.00146514 -0.00421558 0.01417127
v -0.00003015 -0.00427621 0.01674330
v 0.00298145 -0.00626882 0.01870980
v 0.00173202 -0.00669085 0.01554872
v 0.00129950 -0.00678944 0.01443395
v 0.00081815 -0.00715006 0.01212085
v 0.00205571 -0.00756919 0.01173714
v 0.00231802 -0.00764696 0.01121854
v 0.00294657 -0.00769994 0.01121854
v 0.00483640 -0.00771681 0.00555138
v 0.00426296 -0.00756972 0.00490388
v -0.00393957 -0.00587683 0.00458013
v -0.00470834 -0.00477232 0.00530407
v -0.00376238 -0.00335622 0.01037618
v -0.00046685 -0.00430573 0.01594292
v -0.00210345 -0.00423298 0.01293023
v -0.00335497 -0.00421663 0.01039717
v 0.00246312 -0.00552202 0.01928685
v -0.00003294 -0.00467373 0.01632812
v 0.00209618 -0.00546877 0.01878924
v 0.00251893 -0.00588316 0.01878474
v 0.00119207 -0.00635185 0.01554872
v 0.00008984 -0.00771681 0.00458013
v 0.00190084 -0.00772420 0.00471053
v 0.00223849 -0.00767516 0.00458013
v 0.00310562 -0.00756840 0.00458013
v 0.00483640 -0.00709259 0.00458013
v -0.00469718 -0.00587683 0.00458013
v -0.00532084 -0.00477232 0.00530407
v -0.00167652 -0.00462944 0.01333342
v 0.00287750 -0.00552676 0.01989239
v 0.00039679 -0.00549671 0.01589645
v 0.00081536 -0.00590794 0.01589346
v 0.00000403 -0.00675610 0.01210436
v -0.00084775 -0.00714584 0.00874393
v -0.00061475 -0.00727184 0.00848763
v 0.00038981 -0.00756761 0.00837072
v 0.00064375 -0.00763299 0.00806795
v -0.00062033 -0.00767147 0.00458013
v -0.00500413 -0.00519303 0.00530407
v -0.00503622 -0.00463419 0.00620788
v -0.00460021 -0.00460387 0.00721810
v -0.00334381 -0.00461521 0.00995651
v -0.00292943 -0.00462153 0.01080485
v -0.00044872 -0.00632549 0.01255401
v -0.00126841 -0.00677152 0.00945589
v -0.00419769 -0.00630440 0.00458013
v -0.00351333 -0.00605582 0.00680967
v -0.00468044 -0.00554100 0.00538726
v -0.00416769 -0.00543292 0.00676920
v -0.00256806 -0.00552254 0.01008241
v -0.00124679 -0.00545559 0.01289575
v -0.00213275 -0.00715691 0.00586914
v -0.00229460 -0.00729610 0.00458013
v -0.00132492 -0.00757447 0.00458013
v -0.00339822 -0.00633498 0.00629931
v -0.00393922 -0.00584125 0.00641210
v -0.00265806 -0.00581805 0.00926966
v -0.00082822 -0.00587683 0.01289725
v -0.00176720 -0.00636820 0.00974816
v -0.00235739 -0.00662179 0.00764827
v -0.00264480 -0.00679366 0.00639074
v -0.00347496 -0.00677784 0.00458013
v -0.00215089 -0.00593219 0.01008840
v -0.00200160 -0.00622638 0.00965673
v -0.00262666 -0.00717536 0.00458013
f 130 131 132
f 130 132 133
f 130 133 134
f 130 134 135
f 130 135 136
f 130 136 131
f 131 137 132
f 133 138 139
f 133 139 140
f 133 140 134
f 133 132 138
f 134 140 147
f 134 147 223
f 134 223 149
f 134 149 141
f 134 141 135
f 135 141 136
f 136 142 143
f 136 143 131
f 131 143 137
f 132 137 144
f 132 144 145
f 132 145 138
f 138 164 139
f 139 146 140
f 140 148 147
f 141 149 150
f 141 150 151
f 141 151 152
f 141 152 153
f 141 153 154
f 141 154 155
f 141 155 136
f 142 157 143
f 143 158 137
f 137 158 144
f 144 159 145
f 144 158 160
f 144 160 161
f 145 159 162
f 145 162 163
f 145 163 138
f 138 163 188
f 138 188 164
f 146 165 140
f 139 164 166
f 139 167 146
f 147 148 168
f 140 165 148
f 151 169 170
f 151 170 152
f 151 150 169
f 152 170 171
f 152 172 153
f 153 172 173
f 153 173 154
f 154 173 174
f 154 174 155
f 155 175 136
f 136 175 176
f 136 178 142
f 142 178 156
f 142 156 157
f 157 160 143
f 143 160 158
f 159 179 162
f 160 156 161
f 161 180 181
f 161 182 144
f 161 181 182
f 144 182 183
f 144 183 179
f 144 179 159
f 162 179 184
f 162 184 185
f 162 185 186
f 162 186 163
f 163 186 187
f 163 187 188
f 165 146 189
f 164 188 166
f 166 188 190
f 167 139 191
f 167 192 146
f 167 193 192
f 165 189 194
f 165 194 148
f 148 194 168
f 149 195 150
f 169 196 197
f 169 197 170
f 169 150 196
f 171 172 152
f 171 170 198
f 173 172 199
f 173 199 200
f 173 200 201
f 173 201 174
f 155 174 201
f 155 201 175
f 136 176 177
f 136 202 178
f 178 202 156
f 156 202 161
f 157 156 160
f 161 202 180
f 180 203 181
f 181 183 182
f 183 184 179
f 184 183 185
f 185 219 218
f 185 218 217
f 185 217 215
f 185 215 231
f 185 231 247
f 185 247 246
f 185 246 258
f 185 258 255
f 185 255 239
f 185 239 220
f 185 220 204
f 185 204 205
f 185 205 186
f 186 205 187
f 187 205 221
f 188 187 190
f 146 192 189
f 139 166 191
f 166 190 206
f 191 166 206
f 192 193 207
f 191 208 167
f 191 206 209
f 191 209 208
f 168 211 212
f 168 212 210
f 194 189 192
f 194 192 207
f 194 211 168
f 194 207 211
f 195 149 213
f 195 214 150
f 196 150 214
f 171 199 172
f 176 175 215
f 176 216 177
f 176 215 216
f 177 216 202
f 177 202 136
f 180 202 217
f 180 217 203
f 203 217 218
f 203 218 219
f 203 219 181
f 181 219 185
f 185 183 181
f 204 220 221
f 204 221 205
f 187 206 190
f 167 208 193
f 193 208 222
f 193 222 207
f 207 222 211
f 168 210 147
f 147 210 223
f 211 224 212
f 212 213 210
f 195 213 214
f 214 213 225
f 196 226 197
f 170 197 198
f 198 197 226
f 171 198 227
f 171 227 228
f 171 229 199
f 171 228 229
f 199 229 230
f 199 230 200
f 201 200 231
f 201 215 175
f 216 217 202
f 216 215 217
f 220 232 221
f 221 233 187
f 187 233 234
f 187 234 209
f 187 209 206
f 209 235 236
f 209 236 208
f 210 213 223
f 212 224 225
f 212 225 213
f 211 222 224
f 213 149 223
f 196 214 237
f 196 237 226
f 198 226 238
f 198 238 227
f 200 230 231
f 201 231 215
f 220 239 240
f 220 241 232
f 232 241 242
f 232 242 233
f 232 233 221
f 233 242 234
f 234 235 209
f 235 243 236
f 236 222 208
f 222 244 224
f 214 225 237
f 226 237 238
f 227 245 228
f 228 246 229
f 229 247 231
f 229 231 230
f 239 248 240
f 240 249 220
f 220 249 241
f 241 249 242
f 242 243 235
f 242 235 234
f 236 243 244
f 222 236 244
f 244 251 224
f 224 251 225
f 225 251 237
f 237 252 238
f 227 238 254
f 227 254 245
f 245 246 228
f 246 247 229
f 239 255 248
f 248 255 253
f 249 240 256
f 242 249 250
f 250 243 242
f 244 243 251
f 243 250 251
f 237 251 256
f 237 256 257
f 237 257 252
f 252 253 238
f 253 254 238
f 254 253 255
f 254 255 245
f 245 255 258
f 245 258 246
f 248 253 252
f 248 252 257
f 248 257 240
f 256 250 249
f 250 256 251
f 240 257 256

o geometry_2
v 0.00139853 -0.00647936 0.01555186
v 0.00320475 -0.00572274 0.02005533
v 0.00210469 -0.00462175 0.01989346
v 0.00144404 -0.00334858 0.01989346
v 0.00120394 -0.00244013 0.01989346
v 0.00237147 -0.00647936 0.01555186
v 0.00313727 -0.00661236 0.01808843
v 0.00228516 -0.00328515 0.02118674
v 0.00175946 -0.00244013 0.01989346
v 0.01177449 -0.00694724 0.01555186
v 0.00280772 -0.00719095 0.01555186
v 0.00323143 -0.00244013 0.02276741
v 0.00382774 -0.00244013 0.02276741
v 0.03216861 -0.00429049 0.03095760
v 0.02797241 -0.00481582 0.02556639
v 0.02742630 -0.00557760 0.02556639
v 0.02686922 -0.00610767 0.02556639
v 0.02532428 -0.00661250 0.02495014
v 0.00450959 -0.00721925 0.01817420
v 0.00496154 -0.00677095 0.02032995
v 0.00449233 -0.00569764 0.02186149
v 0.00395956 -0.00445947 0.02260270
v 0.00338678 -0.00329393 0.02267426
v 0.02758951 -0.00406910 0.03876158
v 0.03313842 -0.00429049 0.03568316
v 0.03326082 -0.00429049 0.03493343
v 0.03309762 -0.00429049 0.03336809
v 0.03252954 -0.00429049 0.03156193
v 0.03104424 -0.00491564 0.02938545
v 0.03033572 -0.00481582 0.02822451
v 0.01113894 -0.00723082 0.01555186
v 0.02793161 -0.00587623 0.02633316
v 0.02487939 -0.00703870 0.02539145
v 0.00420437 -0.00757072 0.01555186
v 0.00497958 -0.00634273 0.02138837
v 0.00652060 -0.00442768 0.02547665
v 0.00814008 -0.00442768 0.02696133
v 0.01104399 -0.00442768 0.02916962
v 0.01406561 -0.00442768 0.03118479
v 0.01997231 -0.00406910 0.03485391
v 0.02598572 -0.00406910 0.03810727
v 0.03227218 -0.00495858 0.03199586
v 0.02920114 -0.00526781 0.02714763
v 0.02813561 -0.00629756 0.02716921
v 0.02774486 -0.00673170 0.02755203
v 0.02637568 -0.00714090 0.02703971
v 0.00686584 -0.00716167 0.02158489
v 0.00610004 -0.00608536 0.02318885
v 0.00588818 -0.00546174 0.02381930
v 0.00509885 -0.00452485 0.02392040
v 0.02686765 -0.00504224 0.03808228
v 0.03247933 -0.00508964 0.03568316
v 0.03237262 -0.00529207 0.03388267
v 0.03172687 -0.00568704 0.03259053
v 0.03153777 -0.00530392 0.03085423
v 0.03057032 -0.00568453 0.02967341
v 0.02898615 -0.00588822 0.02757248
v 0.02439920 -0.00738669 0.02588218
v 0.00670577 -0.00756124 0.01943794
v 0.00682503 -0.00676266 0.02267824
v 0.00777758 -0.00546105 0.02570611
v 0.00975720 -0.00546760 0.02738902
v 0.01682437 -0.00501101 0.03260019
v 0.02131717 -0.00524049 0.03514074
v 0.02533919 -0.00490198 0.03748704
v 0.02758951 -0.00508908 0.03816975
v 0.03064329 -0.00608118 0.03075086
v 0.02961228 -0.00609679 0.02883111
v 0.00986940 -0.00758411 0.01555186
v 0.02924665 -0.00674732 0.03000454
v 0.02750790 -0.00719876 0.02865390
v 0.02565304 -0.00756682 0.02774400
v 0.00700197 -0.00767009 0.01850930
v 0.00716086 -0.00586815 0.02464400
v 0.01453403 -0.00567234 0.03052736
v 0.02434859 -0.00569994 0.03653143
v 0.02550866 -0.00591388 0.03686454
v 0.03166174 -0.00584947 0.03451313
v 0.03067781 -0.00631150 0.03170506
v 0.02309985 -0.00776201 0.02612187
v 0.02808853 -0.00725926 0.03010564
v 0.00587328 -0.00772199 0.01555186
v 0.00885331 -0.00757295 0.02190295
v 0.01030644 -0.00608480 0.02704710
v 0.02026027 -0.00587874 0.03409680
v 0.02458398 -0.00627406 0.03606540
v 0.02758951 -0.00587930 0.03724167
v 0.03134554 -0.00586522 0.03568316
v 0.03090850 -0.00631457 0.03325449
v 0.02982727 -0.00678719 0.03220601
v 0.00923385 -0.00767361 0.01555186
v 0.02101744 -0.00797838 0.02547779
v 0.02509360 -0.00775197 0.02811262
v 0.02869741 -0.00718147 0.03157556
v 0.02656949 -0.00763960 0.02976145
v 0.00854416 -0.00720043 0.02326439
v 0.00890117 -0.00627860 0.02564250
v 0.01366702 -0.00607700 0.02946270
v 0.02591981 -0.00630759 0.03642152
v 0.02672249 -0.00636211 0.03630906
v 0.03015054 -0.00636113 0.03568316
v 0.03080649 -0.00627079 0.03493343
v 0.02353610 -0.00797755 0.02777013
v 0.02726310 -0.00754451 0.03115753
v 0.00930368 -0.00765221 0.02161016
v 0.01044846 -0.00715442 0.02512337
v 0.01006399 -0.00676126 0.02572315
v 0.01942699 -0.00675750 0.03252067
v 0.02056863 -0.00630258 0.03389290
v 0.02221949 -0.00673031 0.03432683
v 0.02973783 -0.00678217 0.03409282
v 0.02015748 -0.00812728 0.02591058
v 0.01520411 -0.00672445 0.02959390
v 0.02376835 -0.00681605 0.03478632
v 0.02498767 -0.00684631 0.03493116
v 0.02205001 -0.00811055 0.02779739
v 0.02855617 -0.00713574 0.03388608
v 0.02634292 -0.00768515 0.03158905
v 0.02391116 -0.00797894 0.02970124
v 0.01174310 -0.00755845 0.02467353
v 0.02050743 -0.00715331 0.03245933
v 0.02918388 -0.00678496 0.03489253
v 0.00819971 -0.00772631 0.01555186
v 0.01218563 -0.00764322 0.02444407
v 0.01854271 -0.00723974 0.03086446
v 0.02205001 -0.00732256 0.03262518
v 0.02392057 -0.00713685 0.03388835
v 0.02666364 -0.00758411 0.03232756
v 0.02006647 -0.00756459 0.03057138
f 259 260 261
f 259 261 262
f 259 262 263
f 259 263 267
f 259 267 264
f 259 264 268
f 259 268 289
f 259 289 327
f 259 327 349
f 259 349 381
f 259 381 340
f 259 340 292
f 259 292 269
f 259 265 260
f 263 270 271
f 263 271 267
f 264 267 268
f 259 269 265
f 262 261 266
f 262 266 263
f 263 266 270
f 267 271 272
f 267 272 273
f 267 273 268
f 268 273 274
f 268 274 275
f 268 275 276
f 269 277 265
f 261 280 266
f 266 280 281
f 266 281 270
f 271 270 282
f 271 282 283
f 271 283 284
f 271 284 285
f 271 285 286
f 271 286 272
f 272 286 287
f 272 287 288
f 272 288 273
f 268 276 289
f 274 273 290
f 274 290 275
f 276 291 289
f 277 269 292
f 277 278 265
f 265 278 260
f 260 279 261
f 261 279 280
f 270 294 295
f 270 295 296
f 270 296 297
f 270 297 298
f 270 298 299
f 270 299 282
f 285 300 286
f 288 301 273
f 276 275 302
f 276 302 303
f 291 276 304
f 277 305 278
f 278 293 260
f 260 293 279
f 293 306 279
f 281 280 308
f 281 308 294
f 281 294 270
f 282 310 283
f 283 310 284
f 284 310 311
f 284 311 285
f 285 312 300
f 286 313 287
f 287 314 288
f 288 315 301
f 301 290 273
f 289 291 316
f 291 304 316
f 290 302 275
f 303 304 276
f 292 317 277
f 293 278 318
f 293 318 306
f 279 306 307
f 307 308 280
f 307 280 279
f 295 294 319
f 295 320 296
f 296 321 297
f 297 321 298
f 298 322 323
f 298 323 299
f 282 309 324
f 282 299 323
f 282 323 309
f 282 324 310
f 285 311 312
f 312 325 313
f 312 313 300
f 300 313 286
f 313 314 287
f 314 326 315
f 314 315 288
f 301 315 290
f 289 316 327
f 290 315 302
f 302 315 326
f 303 302 326
f 303 326 328
f 303 329 304
f 303 328 329
f 304 330 316
f 292 331 317
f 317 305 277
f 305 318 278
f 306 332 307
f 308 307 294
f 294 307 319
f 319 307 332
f 319 320 295
f 296 333 321
f 296 320 333
f 321 322 298
f 309 323 334
f 309 334 335
f 310 336 311
f 311 336 312
f 313 325 314
f 325 312 337
f 327 316 338
f 326 314 325
f 326 325 328
f 328 339 329
f 304 329 330
f 292 340 331
f 319 332 342
f 319 342 320
f 321 343 322
f 322 334 323
f 335 334 344
f 335 345 309
f 324 346 310
f 310 346 336
f 336 347 312
f 337 348 328
f 337 312 347
f 337 328 325
f 327 338 350
f 327 350 349
f 330 351 338
f 330 338 316
f 328 352 339
f 328 348 352
f 339 353 329
f 329 353 330
f 330 353 351
f 317 341 305
f 305 341 354
f 305 354 318
f 306 318 355
f 306 355 332
f 320 342 356
f 320 356 333
f 335 344 357
f 335 357 345
f 345 357 358
f 309 345 324
f 324 359 346
f 336 346 360
f 337 347 348
f 338 351 361
f 338 361 350
f 339 362 353
f 339 352 362
f 331 341 317
f 341 331 363
f 354 364 365
f 354 365 318
f 332 355 342
f 356 366 333
f 333 366 367
f 333 343 321
f 343 367 334
f 343 334 322
f 334 367 344
f 324 345 359
f 346 359 360
f 360 347 336
f 347 360 369
f 347 369 348
f 349 350 370
f 361 370 350
f 353 361 351
f 318 365 355
f 356 371 366
f 333 367 343
f 367 368 344
f 344 368 372
f 344 372 357
f 357 372 373
f 357 373 358
f 369 352 348
f 361 374 370
f 353 362 376
f 353 376 377
f 353 377 361
f 362 352 376
f 352 375 376
f 341 378 354
f 354 378 364
f 355 365 342
f 342 365 371
f 342 371 356
f 358 373 375
f 358 375 380
f 358 380 359
f 358 359 345
f 359 380 375
f 360 359 369
f 359 375 369
f 369 375 352
f 349 370 381
f 370 340 381
f 361 377 374
f 340 370 331
f 331 370 363
f 341 363 382
f 341 382 378
f 371 383 366
f 366 383 379
f 367 366 368
f 372 368 384
f 368 379 384
f 372 385 373
f 372 384 385
f 373 385 375
f 370 382 363
f 374 387 382
f 374 382 370
f 375 386 376
f 383 371 365
f 383 365 364
f 366 379 368
f 385 384 386
f 385 386 375
f 374 377 387
f 387 377 384
f 387 384 379
f 376 386 377
f 386 384 377
f 364 378 383
f 379 383 387
f 382 387 378
f 383 378 387

o geometry_3
v 0.02103485 0.00265396 0.02611849
v 0.02103485 0.00249973 0.02611849
v 0.02102726 0.00262774 0.02587659
v 0.02078685 0.00283518 0.02611849
v 0.02101207 0.00258996 0.02634428
v 0.02102726 0.00250282 0.02587659
v 0.02101207 0.00250899 0.02634428
v 0.02062742 -0.00266082 0.02653511
v 0.02063248 -0.00263922 0.02626364
v 0.02076408 0.00272337 0.02572069
v 0.01605212 0.00062969 0.01948484
v 0.01605212 0.00146870 0.01948753
v 0.01603440 0.00188821 0.01951441
v 0.01599644 0.00215271 0.01956548
v 0.01587244 0.00243341 0.01969450
v -0.00195051 0.00326626 0.00016447
v 0.02036677 0.00287297 0.02569381
v 0.02036677 0.00288068 0.02611849
v 0.01994669 0.00286526 0.02695711
v 0.01997200 0.00285446 0.02695442
v 0.02075395 0.00267555 0.02650286
v 0.01992392 0.00268404 0.02734416
v 0.01976702 0.00258533 0.02760488
v 0.01978727 0.00230772 0.02761832
v 0.01603440 -0.00188735 0.01951172
v 0.01605212 -0.00146784 0.01948484
v 0.01978727 0.00220515 0.02761832
v 0.01978474 -0.00146784 0.02761832
v 0.02059199 -0.00258756 0.02676089
v 0.02036424 -0.00284204 0.02653511
v 0.02036171 -0.00273485 0.02612118
v 0.01586991 -0.00259527 0.01989071
v 0.01597114 -0.00253126 0.01989071
v 0.01588763 -0.00244258 0.01967837
v 0.01599897 -0.00216188 0.01956010
v 0.01586991 0.00146870 0.01927788
v 0.01584208 0.00188821 0.01930207
v -0.00195051 0.00000814 0.00015909
v -0.00236046 0.00326626 0.00016447
v -0.00101925 0.00342280 0.00280395
v -0.00095599 0.00342280 0.00304049
v 0.01952662 0.00290921 0.02653780
v 0.01994669 0.00288916 0.02653780
v 0.01952662 0.00289071 0.02695711
v 0.01970629 0.00258533 0.02760488
v 0.01969110 0.00230772 0.02761832
v 0.01584461 -0.00188735 0.01929938
v 0.01586991 -0.00146784 0.01927788
v 0.01968857 -0.00146784 0.02761832
v 0.01978474 -0.00230763 0.02761295
v 0.02033640 -0.00267624 0.02692217
v 0.01976702 -0.00258447 0.02760488
v 0.01996947 -0.00266621 0.02731728
v 0.01996947 -0.00288676 0.02653511
v 0.01996947 -0.00287905 0.02614000
v -0.00086235 -0.00445529 0.00280395
v 0.01994669 -0.00286517 0.02695711
v -0.00195051 -0.00326617 0.00015909
v -0.00236300 0.00000814 0.00015909
v -0.00184169 0.00342280 0.00280395
v -0.00481767 0.00146947 0.00286578
v -0.00481767 0.00234936 0.00286846
v -0.00481767 0.00316524 0.00287921
v -0.00100154 0.00342280 0.00316682
v -0.00108758 0.00342280 0.00336034
v -0.00122170 0.00342280 0.00338991
v -0.00145198 0.00342280 0.00342485
v -0.00160382 0.00342280 0.00342485
v -0.00184169 0.00342280 0.00340066
v 0.01912425 0.00270871 0.02693561
v 0.01954939 0.00269483 0.02736029
v -0.00481767 0.00316524 0.00329852
v 0.01927609 0.00260924 0.02720708
v 0.01948106 0.00230772 0.02743824
v 0.01968857 -0.00000188 0.02761832
v 0.01948106 -0.00230763 0.02743824
v 0.01968857 -0.00230763 0.02761295
v 0.01992139 -0.00268241 0.02734416
v 0.01970629 -0.00258447 0.02760488
v 0.01952409 -0.00289062 0.02695711
v 0.01994669 -0.00288831 0.02653511
v -0.00084717 -0.00445529 0.00302705
v -0.00084717 -0.00445529 0.00296523
v -0.00184169 -0.00445529 0.00280395
v -0.00236300 -0.00326617 0.00015909
v -0.00481767 0.00002588 0.00286578
v -0.00481767 0.00146870 0.00331734
v 0.01925331 0.00220515 0.02722858
v 0.01925584 0.00230772 0.02722858
v 0.01942539 0.00220515 0.02738717
v 0.01925331 -0.00230763 0.02722858
v 0.01927356 -0.00260915 0.02720708
v 0.01954939 -0.00269398 0.02736029
v 0.01952409 -0.00290990 0.02653511
v 0.01911919 -0.00270863 0.02693561
v -0.00481261 -0.00316207 0.00329583
v -0.00184169 -0.00445529 0.00333615
v -0.00145198 -0.00445529 0.00336841
v -0.00106733 -0.00445529 0.00332002
v -0.00088260 -0.00445529 0.00309156
v -0.00481261 -0.00316284 0.00316413
v -0.00481261 -0.00316129 0.00286578
v -0.00481767 0.00002588 0.00331734
v -0.00481261 -0.00146862 0.00332002
v -0.00481261 -0.00316284 0.00328508
f 388 389 393
f 388 393 390
f 388 390 391
f 388 391 392
f 388 392 394
f 388 394 389
f 389 394 395
f 389 395 396
f 389 396 393
f 390 397 391
f 390 393 413
f 390 413 398
f 390 398 399
f 390 399 400
f 390 400 401
f 390 401 402
f 390 402 403
f 390 403 397
f 391 397 404
f 391 404 405
f 391 405 406
f 391 406 407
f 391 407 408
f 391 408 392
f 392 408 409
f 392 409 410
f 392 410 411
f 392 411 414
f 392 414 394
f 393 412 413
f 393 396 412
f 394 414 415
f 394 415 416
f 394 416 395
f 395 417 396
f 395 416 417
f 396 417 418
f 396 418 419
f 396 419 420
f 396 420 421
f 396 421 422
f 396 422 412
f 397 403 404
f 398 413 435
f 398 435 423
f 398 423 399
f 399 423 400
f 400 423 424
f 400 424 401
f 401 424 403
f 401 403 402
f 403 425 446
f 403 446 426
f 403 426 447
f 403 447 427
f 403 427 404
f 403 424 423
f 403 423 425
f 404 427 405
f 405 427 428
f 405 428 429
f 405 429 430
f 405 430 406
f 406 430 431
f 406 431 410
f 406 410 409
f 406 409 407
f 407 409 408
f 410 432 433
f 410 433 411
f 410 431 432
f 411 433 462
f 411 462 436
f 411 436 415
f 411 415 414
f 412 422 434
f 412 434 435
f 412 435 413
f 415 436 464
f 415 464 437
f 415 437 416
f 416 438 417
f 416 437 439
f 416 439 440
f 416 440 438
f 417 441 442
f 417 442 443
f 417 443 418
f 417 438 444
f 417 444 441
f 418 443 419
f 419 443 420
f 420 443 421
f 421 443 445
f 421 445 422
f 422 445 434
f 423 435 445
f 423 445 425
f 425 445 472
f 425 472 446
f 426 446 448
f 426 448 449
f 426 449 450
f 426 450 447
f 427 447 456
f 427 456 455
f 427 455 454
f 427 454 453
f 427 453 452
f 427 452 451
f 427 451 428
f 428 451 429
f 429 431 430
f 429 451 452
f 429 452 453
f 429 453 454
f 429 454 455
f 429 455 456
f 429 456 431
f 431 457 458
f 431 458 432
f 431 456 459
f 431 459 457
f 432 458 460
f 432 460 461
f 432 461 433
f 433 461 462
f 434 445 435
f 436 462 461
f 436 461 463
f 436 463 464
f 437 464 466
f 437 466 439
f 438 440 465
f 438 465 444
f 439 465 440
f 439 466 467
f 439 467 444
f 439 444 465
f 441 444 468
f 441 468 469
f 441 469 470
f 441 470 443
f 441 443 442
f 443 470 469
f 443 469 487
f 443 487 486
f 443 486 485
f 443 485 484
f 443 484 471
f 443 471 472
f 443 472 445
f 444 467 468
f 446 472 473
f 446 473 448
f 447 450 459
f 447 459 456
f 448 473 490
f 448 490 474
f 448 474 459
f 448 459 450
f 448 450 449
f 457 460 458
f 457 459 460
f 459 474 475
f 459 475 476
f 459 476 460
f 460 476 461
f 461 476 475
f 461 475 477
f 461 477 463
f 463 477 478
f 463 478 479
f 463 479 466
f 463 466 464
f 466 479 480
f 466 480 467
f 467 481 468
f 467 480 482
f 467 482 483
f 467 483 484
f 467 484 485
f 467 485 486
f 467 486 481
f 468 481 469
f 469 481 487
f 471 488 489
f 471 489 472
f 471 484 492
f 471 492 488
f 472 489 473
f 473 489 488
f 473 488 492
f 473 492 490
f 474 490 478
f 474 478 475
f 475 478 477
f 478 490 491
f 478 491 483
f 478 483 479
f 479 482 480
f 479 483 482
f 481 486 487
f 483 491 490
f 483 490 492
f 483 492 484

o geometry_4
v 0.01009857 0.00546968 0.00847249
v 0.00929232 0.00640416 0.00965887
v 0.01074539 0.00546968 0.00847249
v 0.01100926 -0.00431153 0.00847249
v 0.01100376 -0.00432051 0.00847422
v 0.01014987 0.00640416 0.00965887
v 0.01169640 -0.00520493 0.01202990
v 0.00932347 0.00640416 0.00974880
v 0.01060247 0.00644395 0.01320936
v 0.01719353 0.00790857 0.02278514
v 0.01083701 0.00536828 0.00847249
v 0.02642505 0.00638876 0.02552799
v 0.02652766 0.00633485 0.02552799
v 0.02648919 0.00631688 0.02546054
v 0.02663028 0.00626681 0.02552799
v 0.02683734 0.00611535 0.02552799
v 0.02695644 0.00593821 0.02541731
v 0.02709020 0.00567121 0.02527550
v 0.02735223 0.00553900 0.02541385
v 0.01101842 -0.00432051 0.00847249
v 0.01741158 0.00789317 0.02278514
v 0.01782570 0.00782257 0.02278514
v 0.01785502 0.00781743 0.02278514
v 0.01827280 0.00773528 0.02278514
v 0.02627296 0.00645037 0.02552799
v 0.01182650 -0.00520493 0.01234465
v 0.00978340 0.00640031 0.01100781
v 0.01233407 -0.00520493 0.01202990
v 0.00972843 0.00640416 0.01085735
v 0.01198591 -0.00520493 0.01272339
v 0.01073074 0.00644395 0.01349471
v 0.01719353 0.00736046 0.02278514
v 0.02412358 0.00645037 0.02540347
v 0.02456702 0.00645037 0.02552799
v 0.01113936 0.00644395 0.01433694
v 0.01155347 0.00644395 0.01517916
v 0.01176786 0.00644395 0.01555099
v 0.01101475 0.00514749 0.00847249
v 0.02722580 0.00536956 0.02513368
v 0.02754647 0.00472005 0.02613674
v 0.02697660 0.00599084 0.02552799
v 0.02740537 0.00556852 0.02552799
v 0.02733574 0.00508973 0.02503165
v 0.02801189 0.00472005 0.02552799
v 0.01154248 -0.00432051 0.00847249
v 0.01286912 -0.00520493 0.01320936
v 0.02754647 -0.00114740 0.02433296
v 0.01221863 -0.00520493 0.01320936
v 0.01383295 -0.00379423 0.01548527
v 0.01965258 -0.00288542 0.01967392
v 0.01981750 -0.00288542 0.01977422
v 0.02001173 -0.00288542 0.01989182
v 0.02754647 -0.00114740 0.02520286
v 0.01126213 0.00480348 0.00847249
v 0.02754463 0.00472005 0.02501089
v 0.02754647 -0.00107295 0.02432778
v 0.02754647 -0.00062753 0.02431567
v 0.02754647 -0.00020907 0.02430875
v 0.02754647 0.00024148 0.02430875
v 0.02754647 0.00063171 0.02431567
v 0.02754647 0.00108483 0.02432778
v 0.02754647 0.00145323 0.02434680
v 0.02754647 0.00191790 0.02437966
v 0.02754647 0.00225036 0.02440733
v 0.02754647 0.00230812 0.02441252
v 0.02754647 0.00266625 0.02444883
v 0.02754647 0.00272786 0.02445575
v 0.02754647 0.00316815 0.02451282
v 0.02754647 0.00347750 0.02456989
v 0.02754647 0.00356607 0.02459065
v 0.02754647 0.00375348 0.02463561
v 0.02754647 0.00398581 0.02470306
v 0.02754647 0.00404871 0.02472208
v 0.02754647 0.00445819 0.02488292
v 0.01179535 -0.00383787 0.00847249
v 0.01188697 -0.00359912 0.00847249
v 0.01204089 -0.00310877 0.00847249
v 0.01212884 -0.00275706 0.00847249
v 0.01221313 -0.00230651 0.00847249
v 0.01222596 -0.00223334 0.00847249
v 0.01225894 -0.00191500 0.00847249
v 0.01146552 0.00446974 0.00847249
v 0.01171472 0.00398196 0.00847249
v 0.01148201 0.00444022 0.00847249
v 0.01227177 -0.00167240 0.00847249
v 0.01228093 -0.00146574 0.00847249
v 0.01228642 -0.00104856 0.00847249
v 0.01228642 0.00107969 0.00847249
v 0.01228093 0.00149173 0.00847249
v 0.01227360 0.00166887 0.00847249
v 0.01226444 0.00183575 0.00847249
v 0.01226077 0.00190121 0.00847249
v 0.01225161 0.00199106 0.00847249
v 0.01221496 0.00230940 0.00847249
v 0.01213067 0.00272915 0.00847249
v 0.01211968 0.00277792 0.00847249
v 0.01202256 0.00316686 0.00847249
v 0.01189430 0.00357891 0.00847249
v 0.01188513 0.00360201 0.00847249
v 0.01186681 0.00364694 0.00847249
f 493 494 498
f 493 498 495
f 493 495 503
f 493 503 530
f 493 530 546
f 493 546 574
f 493 574 576
f 493 576 575
f 493 575 592
f 493 592 591
f 493 591 590
f 493 590 589
f 493 589 588
f 493 588 587
f 493 587 586
f 493 586 585
f 493 585 584
f 493 584 583
f 493 583 582
f 493 582 581
f 493 581 580
f 493 580 579
f 493 579 578
f 493 578 577
f 493 577 573
f 493 573 572
f 493 572 571
f 493 571 570
f 493 570 569
f 493 569 568
f 493 568 567
f 493 567 537
f 493 537 512
f 493 512 496
f 493 496 497
f 493 497 494
f 494 497 499
f 494 499 500
f 494 500 501
f 494 501 502
f 494 502 498
f 495 498 504
f 495 504 505
f 495 505 506
f 495 506 507
f 495 507 508
f 495 508 509
f 495 509 510
f 495 510 511
f 495 511 503
f 496 512 497
f 497 512 499
f 498 502 513
f 498 513 514
f 498 514 515
f 498 515 516
f 498 516 517
f 498 517 504
f 499 518 501
f 499 501 519
f 499 519 500
f 499 512 537
f 499 537 520
f 499 520 538
f 499 538 540
f 499 540 522
f 499 522 518
f 500 519 521
f 500 521 501
f 501 521 519
f 501 518 522
f 501 522 523
f 501 523 502
f 502 524 525
f 502 525 526
f 502 526 517
f 502 517 513
f 502 523 527
f 502 527 528
f 502 528 529
f 502 529 524
f 503 511 531
f 503 531 530
f 504 517 532
f 504 532 505
f 505 532 507
f 505 507 506
f 507 532 508
f 508 532 533
f 508 533 509
f 509 533 534
f 509 534 511
f 509 511 510
f 511 535 531
f 511 534 536
f 511 536 535
f 513 517 514
f 514 517 515
f 515 517 516
f 517 526 532
f 520 537 539
f 520 539 538
f 522 540 523
f 523 540 527
f 524 529 540
f 524 540 541
f 524 541 542
f 524 542 543
f 524 543 544
f 524 544 545
f 524 545 525
f 525 545 532
f 525 532 526
f 527 540 528
f 528 540 529
f 530 531 535
f 530 535 546
f 532 545 536
f 532 536 534
f 532 534 533
f 535 536 547
f 535 547 546
f 536 545 539
f 536 539 548
f 536 548 549
f 536 549 550
f 536 550 551
f 536 551 552
f 536 552 553
f 536 553 554
f 536 554 555
f 536 555 556
f 536 556 557
f 536 557 558
f 536 558 559
f 536 559 560
f 536 560 561
f 536 561 562
f 536 562 563
f 536 563 564
f 536 564 565
f 536 565 566
f 536 566 547
f 537 567 539
f 538 539 545
f 538 545 540
f 539 567 568
f 539 568 569
f 539 569 570
f 539 570 571
f 539 571 572
f 539 572 573
f 539 573 548
f 540 545 544
f 540 544 541
f 541 544 543
f 541 543 542
f 546 547 574
f 547 566 575
f 547 575 576
f 547 576 574
f 548 573 577
f 548 577 578
f 548 578 549
f 549 578 550
f 550 578 579
f 550 579 580
f 550 580 551
f 551 580 581
f 551 581 552
f 552 581 553
f 553 581 582
f 553 582 554
f 554 582 583
f 554 583 584
f 554 584 555
f 555 584 556
f 556 584 557
f 557 584 558
f 558 584 585
f 558 585 559
f 559 585 586
f 559 586 560
f 560 586 561
f 561 586 587
f 561 587 588
f 561 588 562
f 562 588 563
f 563 588 589
f 563 589 564
f 564 589 565
f 565 589 590
f 565 590 566
f 566 590 591
f 566 591 592
f 566 592 575

o geometry_5
v 0.00767584 0.00704845 0.02276555
v 0.00767584 0.00653476 0.02276427
v 0.00767584 0.00724363 0.02212525
v 0.00726963 0.00716080 0.02201811
v 0.00447112 0.00403548 0.02276555
v 0.00767584 0.00722308 0.01989127
v 0.00693646 0.00691494 0.02234082
v 0.00695500 0.00675640 0.02276555
v -0.00176528 0.00347741 0.01320858
v -0.00234622 0.00347741 0.01202935
v 0.00767584 0.00763583 0.01989127
v -0.00324291 0.00403588 0.00965679
v -0.00033709 0.00664588 0.00965679
v 0.00735559 0.00730530 0.02150164
v 0.00767584 0.00756907 0.02058161
v 0.00713647 0.00755808 0.02004653
v 0.00651733 0.00727274 0.02066117
v 0.00612067 0.00703054 0.02106151
v 0.00661172 0.00677410 0.02234082
v 0.00608247 0.00713984 0.02067913
v 0.00401715 0.00438676 0.02276555
v 0.00381040 0.00403548 0.02276298
v -0.00230015 0.00347741 0.01320858
v -0.00287659 0.00347741 0.01202935
v 0.00707467 0.00756500 0.01989127
v -0.00133491 0.00664588 0.00965679
v -0.00380250 0.00403588 0.00965679
v 0.00609033 0.00731182 0.01989127
v 0.00567907 0.00719825 0.01989127
v 0.00567682 0.00697844 0.02066117
v 0.00573076 0.00679059 0.02124244
v 0.00613753 0.00635647 0.02276555
v 0.00376320 0.00423697 0.02258206
v 0.00371151 0.00403548 0.02264750
v 0.00002586 0.00403588 0.01707345
v -0.00042923 0.00403588 0.01629714
v 0.00297775 0.00403548 0.02167101
v 0.00246536 0.00403548 0.02096399
v 0.00162260 0.00403588 0.01971291
v 0.00128325 0.00403588 0.01917142
v -0.00252151 0.00381404 0.01250541
v -0.00333730 0.00403588 0.01064739
v -0.00185742 0.00633164 0.00965679
v -0.00170123 0.00632065 0.01003019
v -0.00092814 0.00664588 0.01048828
v -0.00366541 0.00431553 0.00965679
v 0.00535432 0.00707491 0.01989127
v 0.00481721 0.00683842 0.01989127
v 0.00493744 0.00677370 0.02024157
v 0.00541051 0.00674642 0.02094731
v 0.00587234 0.00630559 0.02256794
v 0.00375196 0.00466640 0.02218043
v 0.00298337 0.00456586 0.02124500
v 0.00251143 0.00422638 0.02089727
v -0.00039327 0.00418283 0.01623940
v -0.00218273 0.00378962 0.01320858
v 0.00166979 0.00423086 0.01964234
v -0.00336315 0.00422842 0.01041386
v -0.00204283 0.00410020 0.01322911
v -0.00087589 0.00618429 0.01206143
v -0.00045058 0.00632513 0.01255930
v -0.00018876 0.00663286 0.01202935
v -0.00343731 0.00468798 0.00965679
v 0.00170350 0.00662757 0.01556702
v 0.00321372 0.00662757 0.01809998
v 0.00390506 0.00662757 0.01915538
v 0.00420256 0.00630030 0.02045971
v 0.00516892 0.00634609 0.02161391
v 0.00569817 0.00606828 0.02276555
v 0.00508240 0.00627018 0.02166716
v 0.00460596 0.00589366 0.02173902
v 0.00241704 0.00662757 0.01678603
v 0.00435650 0.00483411 0.02276555
v -0.00003931 0.00428215 0.01675908
v 0.00121920 0.00428174 0.01885833
v -0.00047530 0.00431064 0.01596095
v -0.00168887 0.00423493 0.01377702
v 0.00255413 0.00457726 0.02062524
v -0.00211250 0.00424144 0.01294810
v -0.00209901 0.00463506 0.01250027
v -0.00334854 0.00462081 0.00996219
v -0.00208553 0.00587452 0.01037536
v -0.00083151 0.00588063 0.01290447
v -0.00246645 0.00583789 0.00965679
v 0.00071579 0.00659744 0.01387325
v 0.00146416 0.00659744 0.01525137
v 0.00252491 0.00629826 0.01793574
v 0.00335194 0.00630681 0.01921505
v 0.00335868 0.00588551 0.02004782
v 0.00373623 0.00591767 0.02052515
v 0.00525600 0.00587554 0.02255319
v 0.00126752 0.00629826 0.01583905
v 0.00420031 0.00504699 0.02235237
v 0.00375983 0.00507060 0.02174929
v 0.00288112 0.00470711 0.02096528
v -0.00003594 0.00468594 0.01633435
v -0.00167988 0.00463628 0.01333946
v 0.00203724 0.00471199 0.01971676
v 0.00166979 0.00464768 0.01922403
v -0.00296761 0.00509136 0.01004559
v -0.00317942 0.00504333 0.00965679
v -0.00252404 0.00547389 0.01028586
v -0.00125288 0.00546259 0.01290704
v 0.00083378 0.00630844 0.01502681
v 0.00403007 0.00584949 0.02103970
v 0.00251705 0.00588633 0.01878904
v 0.00522285 0.00570234 0.02276555
v 0.00461438 0.00546870 0.02235750
v 0.00045623 0.00585417 0.01536942
v 0.00081355 0.00590831 0.01590065
v 0.00299236 0.00498675 0.02081001
v 0.00169227 0.00503722 0.01877107
v 0.00003091 0.00501463 0.01601292
v 0.00210016 0.00504740 0.01941394
v -0.00171808 0.00510154 0.01257983
v -0.00288221 0.00540886 0.00965679
v 0.00330137 0.00552161 0.02054568
v 0.00245749 0.00552406 0.01929460
v 0.00422391 0.00544122 0.02190198
v 0.00089558 0.00583626 0.01618037
v 0.00205634 0.00550940 0.01867933
v 0.00477254 0.00528797 0.02276555
v 0.00340250 0.00542392 0.02082541
v 0.00295865 0.00523993 0.02043661
v 0.00047083 0.00541537 0.01618936
v -0.00079330 0.00499245 0.01451098
v -0.00129671 0.00509910 0.01341003
v 0.00003597 0.00543125 0.01537070
v 0.00217882 0.00538281 0.01908031
f 593 594 598
f 593 598 603
f 593 603 607
f 593 607 595
f 593 600 624
f 593 624 661
f 593 661 699
f 593 699 714
f 593 714 665
f 593 665 613
f 593 613 597
f 593 597 594
f 593 595 596
f 594 597 598
f 596 599 593
f 593 599 600
f 597 615 601
f 597 601 602
f 597 602 598
f 598 602 604
f 598 604 605
f 598 605 603
f 595 606 596
f 595 607 608
f 595 608 606
f 596 606 609
f 599 596 610
f 599 610 611
f 599 611 600
f 596 612 610
f 597 613 614
f 597 614 615
f 601 615 616
f 601 616 602
f 602 616 619
f 602 619 604
f 603 617 607
f 603 605 618
f 603 618 617
f 604 619 638
f 604 638 655
f 604 655 693
f 604 693 708
f 604 708 676
f 604 676 635
f 604 635 618
f 604 618 605
f 606 608 609
f 609 608 620
f 609 620 621
f 609 621 612
f 609 612 596
f 610 612 622
f 610 622 623
f 610 623 611
f 611 624 600
f 614 613 625
f 614 625 626
f 614 626 615
f 615 627 628
f 615 626 629
f 615 629 630
f 615 630 631
f 615 631 632
f 615 632 627
f 616 633 634
f 616 634 619
f 617 608 607
f 618 635 636
f 618 636 637
f 618 637 620
f 618 620 617
f 608 617 620
f 620 637 621
f 622 612 639
f 622 639 640
f 622 640 641
f 622 641 623
f 623 641 642
f 624 611 623
f 624 623 643
f 612 621 639
f 625 613 644
f 625 644 645
f 625 645 646
f 628 627 647
f 615 628 648
f 615 648 633
f 615 633 616
f 626 625 629
f 630 629 646
f 631 630 649
f 631 649 632
f 634 650 619
f 634 633 651
f 636 652 653
f 636 653 637
f 637 653 654
f 637 654 621
f 619 650 638
f 621 654 656
f 621 656 639
f 639 657 640
f 640 658 641
f 640 657 658
f 641 658 659
f 642 660 623
f 642 641 659
f 642 659 660
f 623 660 643
f 643 661 624
f 643 660 662
f 643 662 663
f 643 663 661
f 639 656 664
f 639 664 657
f 613 665 644
f 646 629 625
f 627 666 647
f 627 632 667
f 627 667 666
f 647 666 668
f 647 668 669
f 647 669 651
f 647 651 628
f 628 651 648
f 646 670 649
f 646 649 630
f 649 667 632
f 633 648 651
f 634 651 650
f 650 671 672
f 650 673 638
f 650 651 671
f 652 636 674
f 652 674 675
f 636 635 676
f 636 676 674
f 654 677 656
f 655 638 673
f 656 677 678
f 657 664 679
f 657 679 680
f 657 680 658
f 658 680 659
f 659 681 682
f 659 662 660
f 659 680 681
f 661 663 683
f 656 678 684
f 656 684 664
f 664 684 679
f 665 685 644
f 644 686 687
f 644 687 645
f 644 685 686
f 645 687 670
f 645 670 646
f 668 689 669
f 668 666 688
f 669 671 651
f 649 690 691
f 649 691 667
f 667 691 666
f 650 672 673
f 673 672 692
f 673 692 693
f 673 693 655
f 674 694 695
f 674 695 675
f 652 675 653
f 653 677 654
f 677 696 678
f 678 696 684
f 682 697 663
f 682 663 659
f 682 681 697
f 663 662 659
f 681 680 698
f 683 699 661
f 663 700 683
f 683 700 699
f 684 696 701
f 684 701 702
f 684 702 679
f 679 698 680
f 686 703 687
f 687 703 670
f 666 691 688
f 688 691 704
f 688 704 705
f 688 689 668
f 669 689 671
f 671 689 672
f 670 703 690
f 670 690 649
f 690 706 691
f 690 703 706
f 692 694 708
f 692 708 693
f 674 676 694
f 694 676 708
f 653 696 677
f 681 709 697
f 681 698 710
f 697 709 711
f 698 679 702
f 698 702 712
f 698 713 710
f 663 697 711
f 663 711 700
f 696 653 675
f 696 675 701
f 702 701 712
f 665 714 685
f 685 714 700
f 685 711 686
f 686 715 703
f 703 716 706
f 703 715 716
f 704 717 705
f 705 718 688
f 688 718 689
f 691 706 704
f 672 707 692
f 689 719 707
f 689 707 672
f 707 719 695
f 707 695 692
f 692 695 694
f 709 716 715
f 709 715 711
f 681 710 709
f 710 721 709
f 710 713 721
f 712 713 698
f 711 685 700
f 711 715 686
f 700 714 699
f 701 717 712
f 716 721 706
f 704 706 721
f 717 704 721
f 705 717 720
f 705 720 719
f 705 719 718
f 718 719 689
f 695 719 720
f 720 701 695
f 695 701 675
f 709 721 716
f 713 717 721
f 713 712 717
f 717 701 720

o geometry_6
v 0.00447004 0.00403346 0.02276555
v -0.00043147 0.00403504 0.01629688
v 0.00382248 -0.00243798 0.02276555
v 0.00236777 -0.00403728 0.01989095
v -0.00493765 -0.00395194 0.00598774
v -0.00324307 0.00403346 0.00965738
v 0.00162035 0.00403504 0.01971190
v 0.00381012 0.00403346 0.02276226
v 0.00322845 -0.00243798 0.02276555
v 0.00176757 -0.00403728 0.01989095
v -0.00377533 -0.00403491 0.00847140
v -0.00548741 -0.00395194 0.00598446
v -0.00557492 0.00155471 0.00598446
v -0.00380210 0.00403346 0.00965738
v 0.00246455 0.00403346 0.02096359
v 0.00340655 0.00314768 0.02276555
v 0.00209084 -0.00217723 0.02131675
v 0.00248411 -0.00243798 0.02177012
v 0.00151534 -0.00354421 0.01989095
v 0.00149783 -0.00403728 0.01948358
v -0.00431788 -0.00403491 0.00847140
v -0.00604232 0.00155471 0.00598446
v 0.00123737 0.00384777 0.01924047
v 0.00122501 0.00314847 0.01968069
v 0.00317079 0.00374465 0.02211260
v 0.00312755 -0.00185563 0.02276555
v 0.00125796 -0.00337907 0.01962813
v -0.00066980 -0.00403728 0.01580327
v -0.00591878 0.00155471 0.00630149
v -0.00424788 0.00278144 0.00967380
v -0.00416963 0.00306946 0.00965738
v -0.00376812 0.00378456 0.00996619
v -0.00205810 0.00403346 0.01325637
v 0.00002357 0.00403504 0.01707220
v 0.00248411 0.00346217 0.02135124
v 0.00252941 0.00293592 0.02170934
v 0.00326757 0.00272811 0.02276555
v 0.00309950 -0.00124839 0.02276555
v 0.00207230 -0.00188803 0.02134139
v 0.00123840 -0.00203895 0.02007657
v 0.00117148 -0.00272797 0.01976118
v -0.00044897 -0.00343675 0.01673710
v 0.00020271 -0.00403728 0.01733584
v -0.00088137 -0.00389031 0.01554948
v -0.00378048 -0.00403491 0.00965738
v -0.00545756 -0.00338381 0.00662673
v -0.00571648 -0.00337038 0.00598446
v -0.00604541 -0.00146845 0.00598446
v -0.00552756 0.00151165 0.00720575
v -0.00466071 0.00204620 0.00904796
v -0.00380828 0.00305049 0.01046719
v -0.00335426 0.00379799 0.01081707
v -0.00210443 0.00381774 0.01335000
v -0.00041088 0.00294066 0.01709520
v 0.00084821 0.00294066 0.01919283
v 0.00167697 0.00296595 0.02046751
v 0.00316153 0.00211573 0.02276555
v 0.00208775 0.00221292 0.02131839
v 0.00206098 -0.00146766 0.02135782
v 0.00121575 -0.00146766 0.02010942
v 0.00075967 -0.00188803 0.01934067
v 0.00079056 -0.00230761 0.01928810
v -0.00049736 -0.00314755 0.01681923
v -0.00528614 -0.00312622 0.00717372
v -0.00591981 -0.00267503 0.00598446
v -0.00592084 -0.00146845 0.00630641
v -0.00552859 -0.00146845 0.00720986
v -0.00495721 0.00104901 0.00847140
v -0.00381445 0.00188737 0.01089920
v -0.00420464 0.00221608 0.01000068
v -0.00379077 0.00230695 0.01084828
v -0.00383710 0.00269729 0.01060024
v -0.00084945 0.00299439 0.01629195
v -0.00255845 0.00307262 0.01300341
v 0.00105463 0.00272811 0.01961170
v 0.00199818 0.00272811 0.02103422
v 0.00207127 0.00188816 0.02134303
v 0.00221026 -0.00104888 0.02157136
v 0.00074835 -0.00125787 0.01935874
v -0.00083813 -0.00179321 0.01668947
v -0.00082166 -0.00207293 0.01666647
v -0.00043353 -0.00262683 0.01713133
v -0.00084225 -0.00299110 0.01628045
v -0.00087931 -0.00346599 0.01592893
v -0.00212502 -0.00314202 0.01380665
v -0.00423861 -0.00346994 0.00923029
v -0.00502619 -0.00293816 0.00785870
v -0.00514150 -0.00104888 0.00806895
v -0.00382269 0.00146859 0.01092056
v -0.00254300 0.00230695 0.01338778
v -0.00255639 0.00265028 0.01323502
v -0.00213738 0.00306946 0.01383129
v -0.00088240 0.00272811 0.01635601
v -0.00213171 0.00262539 0.01406619
v 0.00000607 0.00253926 0.01793951
v 0.00042920 0.00209993 0.01877068
v 0.00124560 0.00222872 0.02006507
v 0.00310491 0.00149624 0.02276555
v 0.00122707 0.00188816 0.02009299
v 0.00206046 0.00125840 0.02135946
v 0.00231527 0.00104822 0.02171344
v 0.00121575 0.00125840 0.02011106
v 0.00074835 0.00125801 0.01935792
v -0.00081548 -0.00125787 0.01675517
v -0.00217341 -0.00272797 0.01390028
v -0.00254197 -0.00246722 0.01329087
v -0.00421082 -0.00303061 0.00959003
v -0.00440694 -0.00215155 0.00956210
v -0.00549050 -0.00230761 0.00711951
v -0.00597952 -0.00234553 0.00598446
v -0.00603305 -0.00188803 0.00598446
v -0.00551933 -0.00188803 0.00718522
v -0.00382475 -0.00146766 0.01092220
v -0.00382475 0.00104743 0.01092548
v -0.00082886 0.00209993 0.01667304
v -0.00084740 0.00104743 0.01670425
v -0.00128648 -0.00125787 0.01590511
v -0.00168439 -0.00218000 0.01502713
v -0.00379077 -0.00221832 0.01084992
v -0.00381342 -0.00188645 0.01089592
v -0.00341294 -0.00104809 0.01177472
v -0.00257698 0.00125801 0.01345677
v -0.00256668 0.00188816 0.01343706
v -0.00084431 0.00146859 0.01669932
v -0.00214973 -0.00146766 0.01427645
v -0.00256462 -0.00188645 0.01343378
v -0.00257595 -0.00146766 0.01345513
v -0.00128597 0.00125801 0.01590429
v -0.00215179 0.00104743 0.01427973
f 722 723 728
f 722 729 737
f 722 737 758
f 722 758 778
f 722 778 819
f 722 819 759
f 722 759 747
f 722 747 730
f 722 730 724
f 722 724 725
f 722 725 726
f 722 726 727
f 722 727 723
f 723 755 728
f 722 728 729
f 724 730 731
f 724 731 725
f 725 731 741
f 725 741 764
f 725 764 749
f 725 732 726
f 726 732 733
f 726 734 727
f 727 734 743
f 727 743 735
f 727 735 723
f 728 736 729
f 730 738 739
f 730 739 740
f 730 740 731
f 732 742 733
f 732 725 749
f 732 749 742
f 733 768 786
f 733 786 831
f 733 831 832
f 733 832 769
f 733 769 743
f 733 743 734
f 733 734 726
f 728 744 745
f 736 746 729
f 729 746 737
f 730 747 738
f 740 748 741
f 740 741 731
f 740 739 748
f 743 750 751
f 743 751 752
f 743 752 735
f 735 752 753
f 723 735 754
f 744 728 755
f 728 745 736
f 736 756 746
f 746 757 737
f 737 757 758
f 747 760 738
f 738 760 761
f 738 761 762
f 739 738 748
f 748 738 762
f 748 784 763
f 748 764 741
f 749 765 766
f 749 766 742
f 742 766 733
f 733 767 768
f 743 769 750
f 750 770 771
f 750 771 751
f 751 772 752
f 752 772 753
f 753 772 773
f 753 773 735
f 735 773 754
f 754 773 774
f 755 723 775
f 755 775 744
f 744 775 745
f 745 775 776
f 736 745 777
f 736 777 756
f 756 757 746
f 756 777 757
f 758 757 779
f 758 779 778
f 759 780 747
f 747 780 760
f 760 780 781
f 760 781 761
f 761 781 782
f 761 782 783
f 761 783 762
f 762 783 784
f 762 784 748
f 763 764 748
f 749 763 765
f 733 766 767
f 767 785 786
f 767 786 768
f 769 787 750
f 750 787 788
f 750 788 770
f 770 788 809
f 770 809 789
f 771 791 751
f 751 791 792
f 751 792 793
f 751 793 772
f 723 794 775
f 723 754 774
f 723 774 794
f 774 773 795
f 776 796 745
f 776 775 796
f 745 796 777
f 777 797 757
f 777 796 797
f 757 797 779
f 779 798 778
f 759 799 780
f 781 800 782
f 783 782 802
f 783 802 803
f 784 783 803
f 784 803 804
f 784 804 763
f 763 804 805
f 763 805 765
f 763 749 764
f 765 805 806
f 765 806 766
f 766 806 807
f 766 807 767
f 767 807 785
f 785 808 786
f 771 770 790
f 790 791 771
f 790 770 810
f 791 790 792
f 792 811 812
f 792 812 793
f 793 812 772
f 772 812 795
f 772 795 773
f 794 774 813
f 794 814 775
f 794 813 815
f 794 815 814
f 795 812 813
f 795 813 774
f 796 775 816
f 796 816 817
f 796 817 818
f 796 818 797
f 797 818 779
f 779 818 820
f 779 820 798
f 798 821 819
f 798 819 778
f 759 819 822
f 759 822 799
f 799 822 821
f 799 821 780
f 780 821 781
f 781 821 823
f 781 823 824
f 781 824 800
f 800 824 837
f 800 837 825
f 800 825 782
f 782 825 801
f 801 802 782
f 803 802 804
f 804 826 806
f 804 806 805
f 806 826 827
f 807 806 828
f 807 828 785
f 785 828 808
f 808 829 830
f 808 828 829
f 808 830 786
f 769 832 787
f 787 832 833
f 787 833 788
f 788 833 834
f 788 834 809
f 789 835 810
f 789 810 770
f 789 809 835
f 792 790 811
f 812 811 815
f 812 815 813
f 814 836 775
f 814 815 836
f 775 836 816
f 816 836 817
f 798 820 823
f 798 823 821
f 818 817 820
f 821 822 819
f 801 825 838
f 802 801 839
f 802 839 804
f 804 839 826
f 826 839 827
f 827 840 828
f 827 828 806
f 830 833 831
f 830 831 786
f 830 829 833
f 828 840 829
f 831 833 832
f 833 841 834
f 835 809 834
f 835 834 842
f 835 842 843
f 835 843 810
f 810 843 844
f 810 844 790
f 811 790 844
f 815 811 836
f 836 811 844
f 820 817 823
f 817 836 845
f 817 845 824
f 817 824 823
f 824 845 837
f 825 837 849
f 825 849 838
f 838 846 847
f 838 847 801
f 839 801 847
f 839 847 827
f 827 847 840
f 840 847 841
f 840 841 829
f 829 841 833
f 841 847 834
f 834 847 848
f 834 848 842
f 843 842 848
f 844 843 849
f 844 849 836
f 836 849 845
f 837 845 849
f 838 849 850
f 838 850 846
f 846 848 847
f 843 848 846
f 843 846 850
f 843 850 849

o geometry_7
v 0.00311054 0.00155576 0.02276645
v 0.00342102 -0.00318505 0.02276807
v 0.00311893 -0.00163822 0.02276807
v 0.00406715 -0.00442610 0.02276807
v 0.00465214 -0.00329699 0.02420853
v 0.00335029 -0.00219599 0.02300166
v 0.00476483 -0.00442610 0.02276807
v 0.00517720 0.00492274 0.02276645
v 0.01406961 -0.00497854 0.03014070
v 0.01406961 -0.00497854 0.03080739
v 0.00508610 -0.00413437 0.02419231
v 0.00462098 -0.00209810 0.02451593
v 0.00461379 0.00125968 0.02457554
v 0.02759163 0.00462617 0.03790588
v 0.02759163 -0.00406847 0.03823679
v 0.01997231 -0.00497854 0.03390731
v 0.00443877 0.00492274 0.02276645
v 0.01406961 0.00492274 0.03019260
v 0.01681717 -0.00497854 0.03261446
v 0.01092211 -0.00442525 0.02908408
v 0.00921583 -0.00442610 0.02784212
v 0.00813574 -0.00442610 0.02696130
v 0.00663010 -0.00442610 0.02558735
v 0.00501177 -0.00305372 0.02469193
v 0.00465934 -0.00146909 0.02462704
v 0.00335988 0.00237667 0.02298868
v 0.02759163 0.00462617 0.03847687
v 0.02759163 -0.00406847 0.03876236
v 0.01997231 -0.00497854 0.03449776
v 0.01406601 0.00492274 0.03087066
v 0.01376453 -0.00439981 0.03100935
v 0.01048232 -0.00390879 0.02907576
v 0.00630404 -0.00336677 0.02591665
v 0.00588687 -0.00171333 0.02591665
v 0.00458501 0.00209900 0.02448511
v 0.00334070 0.00293687 0.02276645
v 0.02700424 -0.00406847 0.03856284
v 0.02598529 -0.00406847 0.03810864
v 0.00540976 0.00492274 0.02391493
v 0.01997231 0.00476574 0.03461131
v 0.01500764 -0.00395241 0.03202846
v 0.01175360 -0.00378619 0.03000849
v 0.00900844 -0.00340263 0.02824279
v 0.00546011 -0.00104943 0.02550300
v 0.00459940 0.00301052 0.02427018
v 0.01841632 -0.00428751 0.03392028
v 0.02212528 -0.00406847 0.03605826
v 0.00378904 0.00398747 0.02276645
v 0.01385623 0.00462423 0.03095177
v 0.01699938 0.00476574 0.03284075
v 0.01823950 0.00434341 0.03379659
v 0.02349547 0.00462617 0.03662682
v 0.02640486 0.00462617 0.03810378
v 0.01523541 -0.00339609 0.03236668
v 0.01111796 -0.00307747 0.02983938
v 0.00757712 -0.00312980 0.02716488
v 0.00745725 -0.00230744 0.02727276
v 0.00764650 -0.00136418 0.02752784
v 0.00588567 0.00159066 0.02591746
v 0.02759163 0.00390315 0.03883536
v 0.01870102 -0.00373991 0.03425039
v 0.02725118 -0.00302174 0.03894242
v 0.02257721 -0.00335757 0.03645893
v 0.00507651 0.00415127 0.02420529
v 0.00670442 0.00464749 0.02551598
v 0.01435791 0.00402818 0.03159373
v 0.01134603 0.00461842 0.02926799
v 0.01194660 0.00381544 0.03012691
v 0.02055970 0.00422880 0.03515635
v 0.02541378 0.00381944 0.03787201
v 0.02679805 0.00389152 0.03854013
v 0.00910434 -0.00272710 0.02853478
v 0.01037503 -0.00247415 0.02949427
v 0.02759163 -0.00197864 0.03920683
v 0.02634972 -0.00272807 0.03855798
v 0.00667326 0.00492274 0.02523291
v 0.01818136 0.00368811 0.03397503
v 0.00880525 -0.00190935 0.02844799
v 0.00764185 0.00146951 0.02752743
v 0.00608227 0.00272752 0.02592557
v 0.00624889 0.00306674 0.02597018
v 0.01546737 -0.00272710 0.03266637
v 0.01900970 -0.00308038 0.03456914
v 0.02691433 -0.00152894 0.03896189
v 0.02307470 -0.00260692 0.03683689
v 0.01950359 -0.00219683 0.03495156
v 0.00631842 0.00418519 0.02548353
v 0.00897488 0.00492274 0.02727194
v 0.00923381 0.00421523 0.02802056
v 0.01007774 0.00379170 0.02885921
v 0.01501663 0.00330516 0.03226894
v 0.02260958 0.00356781 0.03644108
v 0.02722481 0.00287338 0.03895540
v 0.01339591 -0.00286085 0.03139380
v 0.01209855 -0.00208320 0.03071453
v 0.01049251 -0.00175500 0.02969623
v 0.00878308 0.00146951 0.02846503
v 0.00734097 0.00230883 0.02718678
v 0.01568494 -0.00211821 0.03287157
v 0.01298114 0.00342340 0.03097448
v 0.00800148 0.00460388 0.02674069
v 0.01549014 0.00286418 0.03265420
v 0.01860422 0.00274908 0.03439739
v 0.02634972 0.00272849 0.03855798
v 0.02759163 0.00201322 0.03920399
v 0.01171944 -0.00083936 0.03055677
v 0.00754356 0.00299308 0.02719489
v 0.02602126 -0.00137023 0.03851093
v 0.00796792 0.00381593 0.02719002
v 0.01276776 0.00293444 0.03097691
v 0.01073586 0.00290440 0.02964067
v 0.00917147 0.00307546 0.02848611
v 0.02266233 0.00257730 0.03662195
v 0.01260233 -0.00073420 0.03111560
v 0.01046614 0.00000021 0.02971570
v 0.00881424 0.00216151 0.02844232
v 0.02759163 0.00000021 0.03933742
v 0.02435018 0.00000069 0.03766742
v 0.01912598 -0.00104943 0.03482868
v 0.01590372 -0.00104943 0.03307677
v 0.01218096 0.00185476 0.03079280
v 0.02644382 0.00142686 0.03872384
v 0.01453713 -0.00021011 0.03230301
v 0.01215624 0.00068301 0.03083953
v 0.01049491 0.00175542 0.02969623
v 0.01567265 0.00167013 0.03290665
v 0.02099935 0.00130056 0.03582346
v 0.01799166 -0.00000028 0.03424004
v 0.01584258 0.00083953 0.03305122
f 851 852 853
f 851 886 898
f 851 898 867
f 851 867 858
f 851 857 854
f 851 854 852
f 852 856 853
f 851 858 857
f 854 857 859
f 854 859 860
f 854 855 852
f 852 855 856
f 853 863 851
f 857 858 864
f 857 864 865
f 857 865 866
f 857 866 859
f 858 867 889
f 858 889 926
f 858 926 938
f 858 938 880
f 858 880 868
f 858 868 864
f 859 866 879
f 859 879 869
f 859 869 860
f 860 870 871
f 860 871 872
f 860 872 873
f 860 873 854
f 861 855 854
f 856 855 862
f 862 855 874
f 862 875 853
f 862 853 856
f 853 875 863
f 864 868 880
f 864 880 877
f 864 877 910
f 864 910 955
f 864 955 967
f 864 967 924
f 864 924 878
f 864 878 865
f 865 878 879
f 865 879 866
f 869 881 860
f 873 872 883
f 873 861 854
f 855 861 883
f 855 883 874
f 862 884 875
f 863 885 851
f 851 876 886
f 876 851 885
f 879 878 887
f 879 887 888
f 880 890 877
f 881 869 891
f 881 870 860
f 870 881 882
f 882 881 892
f 882 871 870
f 871 882 893
f 873 883 861
f 862 874 884
f 875 884 894
f 876 895 886
f 876 885 895
f 879 888 897
f 880 899 900
f 880 900 890
f 890 902 903
f 890 903 877
f 881 891 892
f 891 869 896
f 891 896 904
f 892 905 882
f 882 905 893
f 893 872 871
f 884 874 907
f 884 907 908
f 875 894 863
f 894 884 909
f 863 909 885
f 877 903 910
f 896 897 911
f 896 911 904
f 896 869 879
f 887 912 888
f 887 878 912
f 888 913 897
f 898 889 867
f 889 898 914
f 899 880 917
f 899 918 916
f 901 919 890
f 890 919 902
f 902 920 903
f 903 920 921
f 903 921 910
f 893 905 922
f 905 923 922
f 872 893 906
f 872 906 883
f 883 907 874
f 884 908 909
f 894 909 863
f 886 895 898
f 878 924 912
f 879 897 896
f 897 913 911
f 888 912 925
f 888 925 913
f 889 914 915
f 916 900 899
f 917 918 899
f 900 901 890
f 919 901 927
f 902 919 920
f 922 923 928
f 893 922 906
f 883 906 907
f 908 929 909
f 909 930 885
f 885 930 895
f 895 930 931
f 895 914 898
f 895 931 914
f 904 911 932
f 913 933 911
f 911 933 932
f 925 912 934
f 913 925 935
f 913 935 936
f 913 936 933
f 915 914 937
f 915 926 889
f 916 901 900
f 917 880 938
f 917 939 940
f 917 940 918
f 927 901 941
f 919 927 942
f 919 942 920
f 921 943 910
f 892 891 944
f 892 944 905
f 891 904 944
f 904 932 944
f 905 945 923
f 905 944 945
f 928 923 946
f 922 928 907
f 922 907 906
f 907 928 908
f 930 909 948
f 909 929 948
f 914 931 937
f 933 936 949
f 933 949 932
f 924 934 912
f 918 950 916
f 918 940 950
f 916 950 941
f 916 941 901
f 917 938 951
f 917 951 939
f 927 952 953
f 927 953 942
f 920 954 921
f 921 954 943
f 943 955 910
f 923 945 946
f 946 945 956
f 908 928 947
f 908 947 929
f 948 957 930
f 937 931 957
f 925 934 958
f 925 958 935
f 935 958 936
f 937 959 951
f 937 951 915
f 926 915 938
f 950 960 941
f 950 940 961
f 950 961 960
f 939 959 957
f 939 957 962
f 939 962 940
f 941 960 952
f 941 952 927
f 942 953 963
f 944 932 945
f 949 945 932
f 928 946 947
f 945 964 956
f 946 956 965
f 929 966 948
f 929 947 966
f 930 957 931
f 948 966 957
f 937 957 959
f 924 967 934
f 934 967 958
f 936 969 970
f 936 970 949
f 959 939 951
f 915 951 938
f 940 962 961
f 952 960 971
f 963 954 920
f 963 920 942
f 943 972 955
f 943 954 972
f 945 949 964
f 947 946 965
f 964 949 973
f 965 956 974
f 964 974 956
f 958 969 936
f 967 968 958
f 961 975 960
f 962 975 961
f 952 976 953
f 952 971 976
f 953 977 963
f 953 976 977
f 963 977 972
f 963 972 954
f 970 973 949
f 965 975 947
f 965 974 975
f 964 973 974
f 947 975 966
f 966 962 957
f 966 975 962
f 967 972 968
f 968 978 969
f 968 969 958
f 971 960 975
f 955 972 967
f 974 973 979
f 978 977 979
f 968 977 978
f 969 978 970
f 976 971 974
f 976 974 979
f 976 979 977
f 971 975 974
f 973 970 979
f 968 972 977
f 979 970 978

o geometry_8
v -0.00019911 0.00513089 -0.00158712
v -0.00019911 0.00513008 -0.00200682
v -0.00050995 0.00513089 -0.00132987
v -0.00045556 0.00513089 -0.00132987
v 0.00106078 0.00513008 -0.00132987
v 0.00106078 0.00513008 -0.00158712
v -0.00019911 0.00508294 -0.00227851
v -0.00050995 0.00511464 -0.00200682
v -0.00050995 0.00513008 -0.00169530
v 0.00022053 0.00512846 -0.00200682
v -0.00237015 0.00326390 0.00009132
v -0.00236432 0.00326390 0.00014911
v -0.00236335 0.00326390 0.00015863
v 0.00679680 0.00278841 0.00065726
v 0.00755253 0.00278841 0.00065726
v 0.00148721 0.00511626 -0.00132987
v 0.00149984 0.00509269 -0.00160756
v 0.00064114 0.00511139 -0.00200682
v 0.00022053 0.00508131 -0.00227323
v -0.00019911 0.00482610 -0.00238740
v -0.00050995 0.00506750 -0.00225878
v -0.00050995 0.00510245 -0.00207659
v -0.00236724 0.00326390 -0.00032873
v -0.00237015 0.00000946 0.00009097
v -0.00237015 0.00000946 0.00009132
v -0.00236530 -0.00309787 0.00014101
v -0.00236335 -0.00309787 0.00015863
v 0.00673657 -0.00317265 0.00116541
v 0.00678903 0.00278679 0.00065726
v 0.00755156 -0.00072450 0.00065726
v 0.00712124 -0.00072450 0.00033236
v 0.00712124 0.00278841 0.00033165
v 0.00137356 0.00506750 -0.00184930
v 0.00175046 0.00506750 -0.00148140
v 0.00181748 0.00507725 -0.00132987
v 0.00102872 0.00507806 -0.00199625
v 0.00064114 0.00506425 -0.00224997
v 0.00022053 0.00482610 -0.00237260
v -0.00019911 0.00440669 -0.00243462
v -0.00050995 0.00482610 -0.00234053
v -0.00050995 0.00500166 -0.00228662
v -0.00165327 0.00326390 -0.00178058
v -0.00183395 0.00326390 -0.00157056
v -0.00189223 0.00326390 -0.00150219
v -0.00204377 0.00326390 -0.00132318
v -0.00207874 0.00326390 -0.00126503
v -0.00216810 0.00326390 -0.00111351
v -0.00229147 0.00326390 -0.00074772
v -0.00236724 -0.00309787 -0.00032873
v -0.00237015 -0.00309787 0.00009097
v 0.00183400 -0.00317265 -0.00123156
v 0.00191462 -0.00317265 -0.00115685
v 0.00220021 -0.00317265 -0.00094929
v 0.00291418 -0.00317265 -0.00052360
v 0.00670452 -0.00317265 0.00115801
v 0.00673657 -0.00317265 0.00008709
v 0.00673657 -0.00314745 0.00008145
v 0.00695902 -0.00072450 0.00021431
v 0.00691045 0.00278841 0.00017942
v 0.00086650 0.00504393 -0.00222530
v 0.00064114 0.00482610 -0.00231798
v 0.00022053 0.00440669 -0.00241524
v 0.00022150 0.00001027 -0.00241524
v -0.00019911 -0.00306454 -0.00243462
v -0.00052355 -0.00309787 -0.00237824
v -0.00061875 0.00326390 -0.00236168
v -0.00050995 0.00440669 -0.00238035
v -0.00050995 0.00471799 -0.00235251
v -0.00111513 0.00326390 -0.00214954
v -0.00144345 0.00326390 -0.00193951
v -0.00150174 0.00326390 -0.00189582
v -0.00165327 0.00272745 -0.00178094
v -0.00183395 0.00000946 -0.00157091
v -0.00194371 0.00000946 -0.00144193
v -0.00204377 -0.00272642 -0.00132353
v -0.00204377 -0.00309787 -0.00132353
v -0.00216810 -0.00309787 -0.00111386
v -0.00216810 0.00000946 -0.00111386
v -0.00229147 -0.00309787 -0.00074772
v 0.00183400 -0.00317265 -0.00192788
v 0.00655881 -0.00317265 -0.00001193
v 0.00653550 -0.00314745 -0.00003096
v 0.00673657 -0.00072450 0.00008145
v 0.00691045 -0.00072450 0.00017942
v 0.00653550 0.00278841 -0.00003096
v 0.00090050 0.00482610 -0.00224433
v 0.00632471 0.00278841 -0.00012646
v 0.00064114 0.00440669 -0.00235604
v 0.00064114 0.00398648 -0.00236238
v 0.00064114 0.00356626 -0.00236555
v 0.00022150 -0.00306454 -0.00241524
v -0.00050995 -0.00309787 -0.00238035
v -0.00061875 -0.00309787 -0.00236168
v -0.00090531 0.00326390 -0.00224821
v -0.00101410 0.00000946 -0.00219746
v -0.00111513 0.00000946 -0.00214989
v -0.00144345 0.00000946 -0.00193987
v -0.00144345 -0.00309787 -0.00193987
v -0.00165327 -0.00309787 -0.00178094
v -0.00183395 -0.00309787 -0.00157091
v -0.00111513 -0.00309787 -0.00214989
v -0.00090433 -0.00309787 -0.00224821
v 0.00064114 -0.00306454 -0.00236555
v 0.00092187 -0.00306454 -0.00229085
v 0.00099278 -0.00306454 -0.00227182
v 0.00192531 -0.00317265 -0.00189828
v 0.00632471 -0.00317265 -0.00012610
v 0.00632471 -0.00314745 -0.00012646
v 0.00637328 -0.00072450 -0.00010461
v 0.00093061 0.00440669 -0.00226265
v 0.00190102 0.00278841 -0.00190921
v 0.00099278 0.00314686 -0.00227182
v 0.00097044 0.00356626 -0.00227182
v -0.00090531 0.00000946 -0.00224821
v 0.00190102 -0.00072450 -0.00190921
v 0.00190102 -0.00314745 -0.00190885
f 980 981 982
f 980 982 983
f 980 983 984
f 980 984 985
f 980 985 981
f 981 986 987
f 981 987 988
f 981 988 982
f 981 985 989
f 981 989 986
f 982 988 990
f 982 990 991
f 982 991 992
f 982 992 993
f 982 993 994
f 982 994 983
f 983 994 984
f 984 994 995
f 984 995 985
f 985 995 996
f 985 996 997
f 985 997 989
f 986 989 998
f 986 998 999
f 986 999 1000
f 986 1000 1001
f 986 1001 987
f 987 1001 1002
f 987 1002 988
f 988 1002 990
f 989 997 998
f 990 1003 1029
f 990 1029 1004
f 990 1004 1005
f 990 1005 991
f 990 1002 1003
f 991 1005 992
f 992 1005 1006
f 992 1006 1007
f 992 1007 1008
f 992 1008 993
f 993 1008 1007
f 993 1007 994
f 994 1009 1010
f 994 1010 1011
f 994 1011 1012
f 994 1012 1013
f 994 1013 1014
f 994 1014 995
f 994 1007 1009
f 995 1014 996
f 996 1014 1013
f 996 1013 1012
f 996 1012 1015
f 996 1015 997
f 997 1015 1016
f 997 1016 998
f 998 1017 999
f 998 1016 1017
f 999 1017 1018
f 999 1018 1019
f 999 1019 1020
f 999 1020 1000
f 1000 1020 1021
f 1000 1021 1022
f 1000 1022 1023
f 1000 1023 1024
f 1000 1024 1025
f 1000 1025 1026
f 1000 1026 1027
f 1000 1027 1002
f 1000 1002 1001
f 1002 1028 1029
f 1002 1029 1003
f 1002 1027 1058
f 1002 1058 1028
f 1004 1029 1005
f 1005 1029 1030
f 1005 1030 1006
f 1006 1030 1031
f 1006 1031 1032
f 1006 1032 1033
f 1006 1033 1034
f 1006 1034 1007
f 1007 1034 1033
f 1007 1033 1032
f 1007 1032 1031
f 1007 1031 1030
f 1007 1030 1059
f 1007 1059 1085
f 1007 1085 1086
f 1007 1086 1060
f 1007 1060 1035
f 1007 1035 1009
f 1009 1035 1036
f 1009 1036 1010
f 1010 1036 1037
f 1010 1037 1011
f 1011 1037 1038
f 1011 1038 1012
f 1012 1039 1015
f 1012 1038 1039
f 1015 1039 1016
f 1016 1039 1040
f 1016 1040 1017
f 1017 1041 1018
f 1017 1040 1041
f 1018 1041 1042
f 1018 1042 1070
f 1018 1070 1043
f 1018 1043 1044
f 1018 1044 1045
f 1018 1045 1046
f 1018 1046 1047
f 1018 1047 1019
f 1019 1047 1048
f 1019 1048 1049
f 1019 1049 1050
f 1019 1050 1021
f 1019 1021 1020
f 1021 1050 1051
f 1021 1051 1022
f 1022 1051 1052
f 1022 1052 1023
f 1023 1053 1024
f 1023 1052 1053
f 1024 1054 1025
f 1024 1053 1054
f 1025 1054 1055
f 1025 1055 1056
f 1025 1056 1057
f 1025 1057 1026
f 1026 1057 1027
f 1027 1057 1056
f 1027 1056 1058
f 1028 1058 1059
f 1028 1059 1029
f 1029 1059 1030
f 1035 1060 1061
f 1035 1061 1036
f 1036 1062 1038
f 1036 1038 1063
f 1036 1063 1037
f 1036 1061 1064
f 1036 1064 1062
f 1037 1063 1038
f 1038 1062 1064
f 1038 1064 1039
f 1039 1065 1040
f 1039 1064 1066
f 1039 1066 1065
f 1040 1067 1041
f 1040 1065 1067
f 1041 1067 1068
f 1041 1068 1069
f 1041 1069 1042
f 1042 1069 1082
f 1042 1082 1070
f 1043 1070 1071
f 1043 1071 1044
f 1044 1071 1059
f 1044 1059 1072
f 1044 1072 1045
f 1045 1072 1093
f 1045 1093 1073
f 1045 1073 1046
f 1046 1073 1048
f 1046 1048 1047
f 1048 1073 1074
f 1048 1074 1075
f 1048 1075 1076
f 1048 1076 1049
f 1049 1076 1050
f 1050 1076 1077
f 1050 1077 1078
f 1050 1078 1051
f 1051 1078 1079
f 1051 1079 1052
f 1052 1079 1053
f 1053 1079 1055
f 1053 1055 1054
f 1055 1079 1059
f 1055 1059 1056
f 1056 1059 1058
f 1059 1079 1078
f 1059 1078 1077
f 1059 1077 1080
f 1059 1080 1081
f 1059 1081 1072
f 1059 1071 1070
f 1059 1070 1082
f 1059 1082 1083
f 1059 1083 1084
f 1059 1084 1085
f 1060 1086 1061
f 1061 1086 1087
f 1061 1087 1088
f 1061 1088 1064
f 1064 1088 1066
f 1065 1066 1089
f 1065 1089 1067
f 1066 1088 1087
f 1066 1087 1094
f 1066 1094 1090
f 1066 1090 1091
f 1066 1091 1092
f 1066 1092 1089
f 1067 1089 1092
f 1067 1092 1091
f 1067 1091 1068
f 1068 1091 1069
f 1069 1091 1083
f 1069 1083 1082
f 1072 1081 1093
f 1073 1093 1074
f 1074 1093 1081
f 1074 1081 1080
f 1074 1080 1075
f 1075 1080 1077
f 1075 1077 1076
f 1083 1091 1084
f 1084 1091 1090
f 1084 1090 1094
f 1084 1094 1095
f 1084 1095 1085
f 1085 1095 1086
f 1086 1095 1087
f 1087 1095 1094

o geometry_9
v -0.00050888 0.00326654 -0.00238070
v -0.00061704 0.00326654 -0.00235942
v -0.00050888 0.00440796 -0.00238070
v 0.00183466 0.00278944 -0.00192955
v -0.00090398 0.00326654 -0.00224724
v -0.00061704 0.00440796 -0.00235942
v -0.00061704 0.00482786 -0.00232339
v -0.00050888 0.00471983 -0.00235205
v 0.00183466 0.00314922 -0.00192955
v -0.00165211 0.00326654 -0.00177971
v -0.00144179 0.00326654 -0.00193937
v -0.00120443 0.00326654 -0.00209085
v -0.00111279 0.00326654 -0.00214817
v 0.00184217 0.00278944 -0.00192709
v 0.00711063 0.00273371 0.00458150
v 0.00183466 0.00278944 -0.00143500
v -0.00645036 0.00316632 0.00428920
v -0.00637224 0.00316632 0.00394121
v -0.00600268 0.00316632 0.00338934
v -0.00571425 0.00316632 0.00307656
v -0.00090398 0.00440796 -0.00224724
v -0.00087393 0.00482786 -0.00223414
v -0.00061704 0.00506446 -0.00225052
v -0.00050888 0.00500336 -0.00228573
v -0.00050888 0.00482786 -0.00233977
v -0.00083638 0.00504197 -0.00221858
v 0.00183466 0.00321619 -0.00192300
v 0.00190076 0.00314922 -0.00190744
v -0.00183388 0.00326654 -0.00157010
v -0.00165211 0.00440796 -0.00178053
v -0.00144179 0.00440796 -0.00193937
v -0.00111279 0.00440796 -0.00214817
v 0.00190076 0.00278944 -0.00190744
v 0.00609510 0.00278944 -0.00021663
v 0.00632194 0.00278944 -0.00012411
v 0.00653376 0.00278944 -0.00002749
v 0.00690933 0.00278944 0.00018130
v 0.00711965 0.00278944 0.00033442
v 0.00755831 0.00278944 0.00066439
v 0.00759286 0.00278944 0.00069141
v 0.00806608 0.00278944 0.00141686
v 0.00816673 0.00278944 0.00172064
v 0.00818175 0.00278944 0.00177140
v 0.00822982 0.00278944 0.00218817
v 0.00889533 0.00280801 0.00598410
v 0.00791735 0.00280801 0.00598410
v -0.00638125 0.00316632 0.00457905
v -0.00631816 0.00344300 0.00457905
v -0.00634069 0.00352024 0.00428920
v -0.00632567 0.00348553 0.00401326
v -0.00204420 0.00440796 -0.00132200
v -0.00204270 0.00326654 -0.00132200
v -0.00585546 0.00334035 0.00325015
v -0.00201716 0.00482786 -0.00129253
v -0.00108275 0.00482786 -0.00212115
v -0.00138020 0.00757950 0.00403619
v -0.00103918 0.00760541 0.00399689
v -0.00050888 0.00506935 -0.00225707
v 0.00183316 0.00480538 -0.00153817
v 0.00183466 0.00359405 -0.00186077
v -0.00141325 0.00482786 -0.00191154
v -0.00133663 0.00506886 -0.00185422
v 0.00213361 0.00338434 -0.00180427
v 0.00631743 0.00337408 -0.00012083
v 0.00609510 0.00314922 -0.00021663
v -0.00183388 0.00440796 -0.00157092
v -0.00180684 0.00482786 -0.00154144
v -0.00162056 0.00482786 -0.00175023
v 0.00632194 0.00314922 -0.00012411
v 0.00653376 0.00314922 -0.00002749
v 0.00690933 0.00314922 0.00018130
v 0.00711965 0.00314922 0.00033114
v 0.00735400 0.00314922 0.00050800
v 0.00759286 0.00314922 0.00069141
v 0.00806608 0.00314922 0.00141686
v 0.00818175 0.00314922 0.00177140
v 0.00889683 0.00524728 0.00598410
v -0.00525906 0.00441627 0.00598410
v -0.00525906 0.00441822 0.00598410
v -0.00631666 0.00344838 0.00457659
v -0.00595160 0.00424713 0.00457905
v -0.00625356 0.00372995 0.00428920
v -0.00613939 0.00398903 0.00428920
v -0.00593658 0.00433659 0.00397969
v -0.00600869 0.00399538 0.00385196
v -0.00618746 0.00360334 0.00387243
v -0.00597865 0.00357206 0.00354901
v -0.00581189 0.00356961 0.00331237
v -0.00173924 0.00506886 -0.00146611
v -0.00211631 0.00506299 -0.00102151
v -0.00159652 0.00752622 0.00428920
v -0.00138621 0.00757901 0.00428920
v -0.00103918 0.00763376 0.00428920
v -0.00062005 0.00768362 0.00428920
v -0.00271722 0.00718648 0.00399034
v -0.00294106 0.00714200 0.00406648
v -0.00229808 0.00734046 0.00428920
v -0.00019941 0.00771051 0.00428920
v -0.00062005 0.00762447 0.00397642
v -0.00019941 0.00763034 0.00397478
v 0.00022122 0.00761910 0.00399689
v 0.00231989 0.00762105 0.00441038
v 0.00273903 0.00758341 0.00446442
v 0.00302446 0.00758586 0.00457905
v 0.00181663 0.00507864 -0.00132855
v 0.00183316 0.00499456 -0.00141371
v 0.00684774 0.00347184 0.00022306
v 0.00758235 0.00340292 0.00070206
v 0.00803753 0.00346256 0.00146517
v 0.00888031 0.00541300 0.00598410
v -0.00590804 0.00433268 0.00457905
v -0.00592607 0.00430237 0.00457905
v -0.00508329 0.00470321 0.00598410
v -0.00596062 0.00437130 0.00428920
v -0.00549642 0.00510943 0.00401081
v -0.00590203 0.00385900 0.00360632
v -0.00377331 0.00672062 0.00407058
v -0.00510883 0.00554938 0.00397805
v -0.00470021 0.00596244 0.00397232
v -0.00426005 0.00635204 0.00399852
v -0.00124650 0.00755261 0.00491230
v -0.00083938 0.00755750 0.00579414
v -0.00062155 0.00757706 0.00598410
v -0.00020993 0.00763229 0.00598410
v -0.00019941 0.00763474 0.00596854
v 0.00022122 0.00768802 0.00598410
v 0.00022122 0.00768900 0.00596854
v -0.00019941 0.00770513 0.00470924
v -0.00294106 0.00714200 0.00411643
v -0.00273224 0.00719870 0.00426954
v -0.00229658 0.00727887 0.00470924
v -0.00187895 0.00728278 0.00554850
v 0.00022122 0.00772517 0.00470924
v 0.00063885 0.00772713 0.00470924
v 0.00084617 0.00772713 0.00470924
v 0.00022122 0.00770464 0.00428920
v 0.00189926 0.00763816 0.00437271
v 0.00231989 0.00766945 0.00457905
v 0.00273903 0.00762301 0.00457905
v 0.00347664 0.00748418 0.00457905
v 0.00142755 0.00772713 0.00598410
v 0.00806608 0.00663214 0.00598410
v 0.00399793 0.00733851 0.00457905
v 0.00411811 0.00730478 0.00457905
v 0.00434045 0.00723927 0.00457905
v 0.00479263 0.00710484 0.00457905
v 0.00483770 0.00709067 0.00457905
v 0.00492483 0.00706085 0.00457905
v 0.00708359 0.00667125 0.00530204
v 0.00766347 0.00663214 0.00566150
v 0.00788430 0.00663214 0.00583099
v 0.00735400 0.00347967 0.00061363
v 0.00818325 0.00652998 0.00598410
v 0.00822081 0.00649234 0.00598410
v 0.00858887 0.00607439 0.00598410
v 0.00860239 0.00605825 0.00598410
v 0.00861140 0.00604506 0.00598410
v 0.00883073 0.00564812 0.00598410
v -0.00583593 0.00458100 0.00428920
v -0.00548440 0.00500287 0.00457905
v -0.00546186 0.00506202 0.00453975
v -0.00493156 0.00491537 0.00598410
v -0.00567819 0.00482884 0.00428920
v -0.00549642 0.00510894 0.00428920
v -0.00533117 0.00531719 0.00428920
v -0.00512085 0.00556111 0.00428920
v -0.00377331 0.00672062 0.00409923
v -0.00492105 0.00577033 0.00428920
v -0.00471073 0.00597173 0.00428920
v -0.00446736 0.00618144 0.00428920
v -0.00425704 0.00634960 0.00428920
v -0.00094153 0.00749298 0.00598410
v -0.00067563 0.00756386 0.00598410
v -0.00145982 0.00734193 0.00598410
v 0.00063885 0.00772028 0.00598410
v 0.00022122 0.00770660 0.00554850
v 0.00063885 0.00772126 0.00596854
v 0.00022122 0.00771882 0.00512928
v -0.00253845 0.00714982 0.00499663
v -0.00260304 0.00717475 0.00470924
v -0.00356600 0.00679541 0.00425972
v -0.00191050 0.00720603 0.00598410
v 0.00063885 0.00772615 0.00554850
v 0.00063885 0.00772713 0.00512928
v 0.00105949 0.00772762 0.00596854
v 0.00142755 0.00772713 0.00530204
v 0.00189926 0.00769144 0.00457905
v 0.00105949 0.00772713 0.00598410
v -0.00540929 0.00510503 0.00457905
v -0.00505024 0.00551712 0.00461098
v -0.00506076 0.00551712 0.00458396
v -0.00505926 0.00508304 0.00541749
v -0.00462360 0.00531572 0.00598410
v -0.00460557 0.00545797 0.00575975
v -0.00469571 0.00522577 0.00598410
v -0.00363811 0.00663410 0.00470924
v -0.00336920 0.00672942 0.00496634
v -0.00342779 0.00676217 0.00470924
v -0.00393856 0.00656713 0.00425972
v -0.00386796 0.00636915 0.00512928
v -0.00467467 0.00590574 0.00457905
v -0.00465665 0.00592334 0.00457905
v -0.00463562 0.00594142 0.00457905
v -0.00424352 0.00626796 0.00457905
v -0.00420446 0.00631049 0.00454466
v -0.00415789 0.00633347 0.00457905
v -0.00315288 0.00681155 0.00511536
v -0.00269318 0.00703983 0.00513337
v -0.00228006 0.00704863 0.00598410
v -0.00227705 0.00705010 0.00598410
v -0.00212682 0.00715079 0.00585146
v -0.00434868 0.00562222 0.00598410
v -0.00436671 0.00563981 0.00590386
v -0.00418944 0.00588130 0.00576876
v -0.00459055 0.00586126 0.00488691
v -0.00447187 0.00549072 0.00598410
v -0.00346985 0.00637942 0.00598410
v -0.00295758 0.00673431 0.00582525
v -0.00302218 0.00677244 0.00554850
v -0.00383040 0.00634276 0.00530204
v -0.00465064 0.00591796 0.00460689
v -0.00423751 0.00592285 0.00554850
v -0.00439826 0.00609052 0.00471579
v -0.00414287 0.00626308 0.00482550
v -0.00380186 0.00632418 0.00542650
v -0.00273224 0.00682034 0.00598410
v -0.00423451 0.00573856 0.00598410
v -0.00404673 0.00591649 0.00598410
v -0.00396711 0.00598591 0.00598410
v -0.00367717 0.00622446 0.00598410
v -0.00402870 0.00618535 0.00530204
v -0.00407677 0.00620833 0.00512928
v -0.00391753 0.00627627 0.00530204
f 1096 1097 1101
f 1096 1101 1098
f 1096 1098 1104
f 1096 1104 1099
f 1096 1099 1097
f 1097 1100 1116
f 1097 1116 1101
f 1097 1099 1100
f 1098 1101 1102
f 1098 1102 1103
f 1098 1103 1104
f 1099 1105 1106
f 1099 1106 1107
f 1099 1107 1108
f 1099 1108 1100
f 1099 1104 1109
f 1099 1109 1110
f 1099 1110 1111
f 1099 1111 1112
f 1099 1112 1113
f 1099 1113 1114
f 1099 1114 1115
f 1099 1115 1105
f 1100 1108 1127
f 1100 1127 1116
f 1101 1116 1117
f 1101 1117 1102
f 1102 1118 1119
f 1102 1119 1120
f 1102 1120 1103
f 1102 1117 1121
f 1102 1121 1118
f 1103 1120 1122
f 1103 1122 1104
f 1104 1122 1123
f 1104 1123 1109
f 1105 1124 1161
f 1105 1161 1125
f 1105 1125 1106
f 1105 1115 1114
f 1105 1114 1124
f 1106 1125 1126
f 1106 1126 1107
f 1107 1126 1127
f 1107 1127 1108
f 1109 1123 1128
f 1109 1128 1110
f 1110 1128 1129
f 1110 1129 1130
f 1110 1130 1131
f 1110 1131 1132
f 1110 1132 1133
f 1110 1133 1134
f 1110 1134 1135
f 1110 1135 1136
f 1110 1136 1137
f 1110 1137 1138
f 1110 1138 1139
f 1110 1139 1140
f 1110 1140 1141
f 1110 1141 1142
f 1110 1142 1111
f 1111 1142 1112
f 1112 1142 1143
f 1112 1143 1144
f 1112 1144 1145
f 1112 1145 1113
f 1113 1145 1114
f 1114 1146 1147
f 1114 1147 1124
f 1114 1145 1148
f 1114 1148 1149
f 1114 1149 1146
f 1116 1127 1117
f 1117 1127 1150
f 1117 1150 1121
f 1118 1121 1151
f 1118 1151 1152
f 1118 1152 1153
f 1118 1153 1119
f 1119 1153 1154
f 1119 1154 1120
f 1120 1154 1155
f 1120 1155 1122
f 1121 1150 1156
f 1121 1156 1157
f 1121 1157 1151
f 1122 1155 1158
f 1122 1158 1123
f 1123 1158 1159
f 1123 1159 1160
f 1123 1160 1129
f 1123 1129 1128
f 1124 1147 1146
f 1124 1146 1161
f 1125 1161 1162
f 1125 1162 1163
f 1125 1163 1156
f 1125 1156 1126
f 1126 1156 1127
f 1127 1156 1150
f 1129 1160 1164
f 1129 1164 1130
f 1130 1164 1165
f 1130 1165 1131
f 1131 1165 1166
f 1131 1166 1132
f 1132 1166 1167
f 1132 1167 1133
f 1133 1167 1134
f 1134 1168 1169
f 1134 1169 1135
f 1134 1167 1168
f 1135 1169 1170
f 1135 1170 1136
f 1136 1170 1137
f 1137 1171 1138
f 1137 1170 1171
f 1138 1171 1172
f 1138 1172 1140
f 1138 1140 1139
f 1140 1172 1205
f 1140 1205 1253
f 1140 1253 1252
f 1140 1252 1251
f 1140 1251 1250
f 1140 1250 1249
f 1140 1249 1248
f 1140 1248 1237
f 1140 1237 1236
f 1140 1236 1283
f 1140 1283 1270
f 1140 1270 1221
f 1140 1221 1219
f 1140 1219 1218
f 1140 1218 1268
f 1140 1268 1267
f 1140 1267 1269
f 1140 1269 1277
f 1140 1277 1305
f 1140 1305 1304
f 1140 1304 1321
f 1140 1321 1312
f 1140 1312 1325
f 1140 1325 1324
f 1140 1324 1323
f 1140 1323 1322
f 1140 1322 1307
f 1140 1307 1311
f 1140 1311 1288
f 1140 1288 1290
f 1140 1290 1257
f 1140 1257 1208
f 1140 1208 1174
f 1140 1174 1173
f 1140 1173 1141
f 1141 1173 1142
f 1142 1173 1174
f 1142 1174 1143
f 1143 1175 1144
f 1143 1174 1176
f 1143 1176 1175
f 1144 1175 1177
f 1144 1177 1145
f 1145 1177 1178
f 1145 1178 1179
f 1145 1179 1180
f 1145 1180 1181
f 1145 1181 1182
f 1145 1182 1148
f 1146 1149 1162
f 1146 1162 1161
f 1148 1182 1183
f 1148 1183 1149
f 1149 1184 1162
f 1149 1183 1185
f 1149 1185 1184
f 1151 1186 1187
f 1151 1187 1188
f 1151 1188 1189
f 1151 1189 1152
f 1151 1157 1190
f 1151 1190 1191
f 1151 1191 1192
f 1151 1192 1186
f 1152 1189 1193
f 1152 1193 1194
f 1152 1194 1153
f 1153 1194 1195
f 1153 1195 1196
f 1153 1196 1197
f 1153 1197 1198
f 1153 1198 1199
f 1153 1199 1200
f 1153 1200 1201
f 1153 1201 1154
f 1154 1201 1159
f 1154 1159 1158
f 1154 1158 1155
f 1156 1163 1157
f 1157 1163 1184
f 1157 1184 1191
f 1157 1191 1190
f 1159 1202 1166
f 1159 1166 1165
f 1159 1165 1164
f 1159 1164 1160
f 1159 1201 1202
f 1162 1184 1163
f 1166 1202 1203
f 1166 1203 1167
f 1167 1203 1168
f 1168 1203 1169
f 1169 1203 1170
f 1170 1203 1204
f 1170 1204 1171
f 1171 1205 1172
f 1171 1204 1205
f 1174 1206 1207
f 1174 1207 1176
f 1174 1208 1206
f 1175 1178 1177
f 1175 1176 1178
f 1176 1207 1178
f 1178 1207 1209
f 1178 1209 1179
f 1179 1209 1210
f 1179 1210 1185
f 1179 1185 1180
f 1180 1185 1211
f 1180 1211 1181
f 1181 1211 1182
f 1182 1211 1183
f 1183 1211 1185
f 1184 1185 1212
f 1184 1212 1191
f 1185 1210 1213
f 1185 1213 1214
f 1185 1214 1215
f 1185 1215 1212
f 1186 1216 1187
f 1186 1192 1216
f 1187 1216 1217
f 1187 1217 1188
f 1188 1217 1218
f 1188 1218 1219
f 1188 1219 1220
f 1188 1220 1221
f 1188 1221 1222
f 1188 1222 1189
f 1189 1222 1223
f 1189 1223 1193
f 1191 1212 1262
f 1191 1262 1224
f 1191 1224 1192
f 1192 1224 1225
f 1192 1225 1226
f 1192 1226 1227
f 1192 1227 1217
f 1192 1217 1216
f 1193 1223 1228
f 1193 1228 1229
f 1193 1229 1230
f 1193 1230 1231
f 1193 1231 1195
f 1193 1195 1194
f 1195 1231 1196
f 1196 1231 1232
f 1196 1232 1197
f 1197 1232 1233
f 1197 1233 1234
f 1197 1234 1199
f 1197 1199 1198
f 1199 1235 1200
f 1199 1234 1236
f 1199 1236 1237
f 1199 1237 1235
f 1200 1235 1238
f 1200 1238 1239
f 1200 1239 1240
f 1200 1240 1241
f 1200 1241 1242
f 1200 1242 1243
f 1200 1243 1244
f 1200 1244 1245
f 1200 1245 1246
f 1200 1246 1247
f 1200 1247 1202
f 1200 1202 1201
f 1202 1247 1203
f 1203 1247 1237
f 1203 1237 1248
f 1203 1248 1249
f 1203 1249 1204
f 1204 1249 1250
f 1204 1250 1251
f 1204 1251 1252
f 1204 1252 1253
f 1204 1253 1205
f 1206 1254 1207
f 1206 1208 1255
f 1206 1255 1256
f 1206 1256 1254
f 1207 1254 1209
f 1208 1257 1256
f 1208 1256 1255
f 1209 1254 1210
f 1210 1254 1258
f 1210 1258 1259
f 1210 1259 1260
f 1210 1260 1261
f 1210 1261 1213
f 1212 1215 1262
f 1213 1261 1263
f 1213 1263 1214
f 1214 1263 1264
f 1214 1264 1215
f 1215 1264 1265
f 1215 1265 1266
f 1215 1266 1262
f 1217 1267 1268
f 1217 1268 1218
f 1217 1227 1269
f 1217 1269 1267
f 1219 1221 1220
f 1221 1270 1272
f 1221 1272 1222
f 1222 1271 1223
f 1222 1272 1271
f 1223 1271 1272
f 1223 1272 1273
f 1223 1273 1228
f 1224 1274 1275
f 1224 1275 1225
f 1224 1262 1276
f 1224 1276 1274
f 1225 1275 1226
f 1226 1275 1277
f 1226 1277 1227
f 1227 1277 1269
f 1228 1273 1272
f 1228 1272 1278
f 1228 1278 1279
f 1228 1279 1229
f 1229 1279 1280
f 1229 1280 1230
f 1230 1280 1281
f 1230 1281 1282
f 1230 1282 1231
f 1231 1282 1233
f 1231 1233 1232
f 1233 1282 1281
f 1233 1281 1236
f 1233 1236 1234
f 1235 1237 1238
f 1236 1281 1280
f 1236 1280 1283
f 1237 1247 1246
f 1237 1246 1240
f 1237 1240 1239
f 1237 1239 1238
f 1240 1246 1241
f 1241 1246 1242
f 1242 1246 1244
f 1242 1244 1243
f 1244 1246 1245
f 1254 1256 1258
f 1256 1284 1285
f 1256 1285 1286
f 1256 1286 1260
f 1256 1260 1259
f 1256 1259 1258
f 1256 1257 1287
f 1256 1287 1288
f 1256 1288 1289
f 1256 1289 1284
f 1257 1290 1287
f 1260 1286 1261
f 1261 1286 1263
f 1262 1291 1292
f 1262 1292 1293
f 1262 1293 1276
f 1262 1266 1294
f 1262 1294 1295
f 1262 1295 1291
f 1263 1296 1297
f 1263 1297 1264
f 1263 1286 1296
f 1264 1297 1265
f 1265 1297 1298
f 1265 1298 1299
f 1265 1299 1300
f 1265 1300 1266
f 1266 1300 1301
f 1266 1301 1294
f 1270 1283 1272
f 1272 1283 1280
f 1272 1280 1278
f 1274 1276 1302
f 1274 1302 1303
f 1274 1303 1304
f 1274 1304 1305
f 1274 1305 1306
f 1274 1306 1277
f 1274 1277 1275
f 1276 1293 1302
f 1277 1306 1305
f 1278 1280 1279
f 1284 1289 1285
f 1285 1289 1307
f 1285 1307 1308
f 1285 1308 1309
f 1285 1309 1310
f 1285 1310 1296
f 1285 1296 1286
f 1287 1290 1288
f 1288 1311 1289
f 1289 1311 1307
f 1291 1312 1292
f 1291 1295 1312
f 1292 1312 1313
f 1292 1313 1314
f 1292 1314 1302
f 1292 1302 1293
f 1294 1301 1295
f 1295 1315 1312
f 1295 1301 1315
f 1296 1316 1297
f 1296 1310 1316
f 1297 1316 1309
f 1297 1309 1317
f 1297 1317 1298
f 1298 1318 1299
f 1298 1317 1318
f 1299 1319 1300
f 1299 1318 1319
f 1300 1319 1320
f 1300 1320 1301
f 1301 1320 1315
f 1302 1314 1321
f 1302 1321 1303
f 1303 1321 1304
f 1307 1322 1309
f 1307 1309 1308
f 1309 1316 1310
f 1309 1322 1323
f 1309 1323 1324
f 1309 1324 1317
f 1312 1315 1320
f 1312 1320 1325
f 1312 1321 1313
f 1313 1321 1314
f 1317 1324 1326
f 1317 1326 1327
f 1317 1327 1318
f 1318 1327 1319
f 1319 1327 1328
f 1319 1328 1320
f 1320 1328 1325
f 1324 1325 1326
f 1325 1328 1326
f 1326 1328 1327

o geometry_10
v -0.00558862 0.00001441 0.00598379
v -0.00481827 0.00316499 0.00329573
v -0.00584610 0.00316587 0.00457944
v -0.00604778 0.00001441 0.00598379
v -0.00440713 -0.00477120 0.00598379
v -0.00364603 -0.00587775 0.00530269
v -0.00481827 0.00316587 0.00328382
v -0.00602720 0.00316587 0.00457944
v -0.00631332 0.00001441 0.00540287
v -0.00604778 -0.00105053 0.00598379
v -0.00638343 0.00316587 0.00457914
v -0.00648428 0.00272768 0.00457944
v -0.00654395 0.00230807 0.00457944
v -0.00655976 0.00217883 0.00457944
v -0.00659497 0.00188847 0.00457944
v -0.00660660 0.00175834 0.00457944
v -0.00662928 0.00146886 0.00457944
v -0.00502771 -0.00477120 0.00598379
v -0.00437700 -0.00587775 0.00530269
v -0.00371883 -0.00587775 0.00511455
v -0.00481827 0.00316587 0.00287608
v -0.00633361 0.00001441 0.00535614
v -0.00631332 -0.00105053 0.00540287
v -0.00604570 -0.00145066 0.00598379
v -0.00644818 0.00316587 0.00430639
v -0.00645623 0.00314728 0.00428959
v -0.00654633 0.00272768 0.00428959
v -0.00659855 0.00230807 0.00428959
v -0.00664927 0.00188847 0.00428959
v -0.00668716 0.00146886 0.00428959
v -0.00663166 0.00133873 0.00457944
v -0.00660899 0.00001353 0.00470955
v -0.00643147 0.00001353 0.00512952
v -0.00545406 -0.00504651 0.00457944
v -0.00500533 -0.00519169 0.00530269
v -0.00490001 -0.00532005 0.00530269
v -0.00469982 -0.00555818 0.00530269
v -0.00451335 -0.00575205 0.00530269
v -0.00508678 -0.00469507 0.00598379
v -0.00453692 -0.00580693 0.00512952
v -0.00445994 -0.00587775 0.00512952
v -0.00394170 -0.00587775 0.00457944
v -0.00481827 0.00234968 0.00286691
v -0.00523716 0.00316587 0.00290112
v -0.00643147 -0.00105053 0.00512952
v -0.00642848 -0.00147014 0.00512952
v -0.00635360 -0.00147014 0.00530269
v -0.00631183 -0.00146925 0.00539890
v -0.00604540 -0.00146925 0.00598379
v -0.00645086 0.00316587 0.00428959
v -0.00637359 0.00316587 0.00394141
v -0.00637627 0.00314728 0.00393744
v -0.00649382 0.00230807 0.00387024
v -0.00653828 0.00188847 0.00387024
v -0.00656364 0.00146886 0.00387024
v -0.00669402 0.00104926 0.00428959
v -0.00663554 0.00104926 0.00457944
v -0.00660899 -0.00105053 0.00470955
v -0.00548807 -0.00499694 0.00457944
v -0.00637568 -0.00316272 0.00394018
v -0.00588966 -0.00316272 0.00320747
v -0.00540602 -0.00510494 0.00457944
v -0.00550030 -0.00469507 0.00504400
v -0.00523357 -0.00524392 0.00470406
v -0.00506888 -0.00550152 0.00459013
v -0.00527743 -0.00437815 0.00598379
v -0.00543407 -0.00460566 0.00532377
v -0.00543884 -0.00461274 0.00530269
v -0.00461001 -0.00587775 0.00479568
v -0.00481618 -0.00316095 0.00286417
v -0.00481618 0.00002592 0.00286478
v -0.00469892 -0.00587775 0.00457944
v -0.00481827 0.00146886 0.00286508
v -0.00569215 0.00316587 0.00306147
v -0.00565694 0.00104926 0.00293503
v -0.00565694 0.00146886 0.00293533
v -0.00565694 0.00188847 0.00293594
v -0.00565694 0.00230807 0.00294052
v -0.00565694 0.00272768 0.00296404
v -0.00660153 -0.00147014 0.00470955
v -0.00640820 -0.00188885 0.00512952
v -0.00633361 -0.00188885 0.00530269
v -0.00630198 -0.00188885 0.00537600
v -0.00603436 -0.00187026 0.00598379
v -0.00600393 0.00316587 0.00338981
v -0.00590636 0.00305787 0.00318181
v -0.00630825 0.00261348 0.00362529
v -0.00640700 0.00274361 0.00383817
v -0.00633212 0.00230807 0.00358650
v -0.00635330 0.00188847 0.00355199
v -0.00636344 0.00146886 0.00353549
v -0.00656752 0.00104926 0.00387024
v -0.00669402 0.00002592 0.00428959
v -0.00669402 0.00002592 0.00428990
v -0.00663554 -0.00105053 0.00457944
v -0.00555401 -0.00483140 0.00469062
v -0.00592098 -0.00429317 0.00462648
v -0.00592397 -0.00430999 0.00457944
v -0.00645444 -0.00316272 0.00427738
v -0.00654932 -0.00272718 0.00428990
v -0.00637806 -0.00314767 0.00393682
v -0.00590487 -0.00306445 0.00318639
v -0.00573004 -0.00316272 0.00308591
v -0.00507067 -0.00550418 0.00457944
v -0.00468251 -0.00587775 0.00462556
v -0.00529772 -0.00437638 0.00594012
v -0.00541139 -0.00411878 0.00598379
v -0.00545645 -0.00421615 0.00578130
v -0.00522045 -0.00316272 0.00289898
v -0.00565664 -0.00146837 0.00293533
v -0.00565694 0.00002592 0.00293503
v -0.00570617 -0.00316272 0.00306880
v -0.00569394 -0.00316272 0.00306208
v -0.00523716 -0.00316272 0.00290051
v -0.00571601 0.00316587 0.00307674
v -0.00595171 0.00272768 0.00312469
v -0.00601735 0.00104926 0.00307674
v -0.00601497 0.00146886 0.00307705
v -0.00600840 0.00188847 0.00307796
v -0.00599020 0.00230807 0.00308774
v -0.00669402 -0.00104965 0.00428990
v -0.00662749 -0.00147014 0.00457944
v -0.00657080 -0.00188885 0.00470955
v -0.00635539 -0.00228810 0.00514937
v -0.00630676 -0.00217036 0.00530269
v -0.00629124 -0.00213318 0.00535095
v -0.00603316 -0.00188885 0.00598379
v -0.00619995 0.00230807 0.00337667
v -0.00621814 0.00188847 0.00334185
v -0.00622501 0.00146886 0.00332567
v -0.00622739 0.00104926 0.00332261
v -0.00636464 0.00104926 0.00353275
v -0.00647891 0.00002592 0.00372272
v -0.00656752 -0.00104965 0.00387024
v -0.00550806 -0.00430822 0.00554917
v -0.00585296 -0.00418517 0.00490625
v -0.00592277 -0.00390543 0.00504980
v -0.00599587 -0.00402140 0.00474376
v -0.00632078 -0.00344157 0.00457944
v -0.00645563 -0.00316272 0.00428990
v -0.00646041 -0.00314767 0.00428990
v -0.00648637 -0.00272895 0.00457944
v -0.00652068 -0.00230934 0.00470955
v -0.00654574 -0.00230934 0.00457944
v -0.00660093 -0.00230757 0.00428990
v -0.00649502 -0.00230757 0.00387024
v -0.00640820 -0.00274577 0.00383634
v -0.00630825 -0.00261829 0.00362529
v -0.00617459 -0.00274577 0.00347135
v -0.00595052 -0.00272718 0.00312775
v -0.00546450 -0.00400458 0.00598379
v -0.00601705 -0.00104965 0.00307674
v -0.00565664 -0.00188797 0.00293625
v -0.00601735 0.00002592 0.00307674
v -0.00565664 -0.00272718 0.00296587
v -0.00565664 -0.00230757 0.00293991
v -0.00656274 -0.00146837 0.00387024
v -0.00668507 -0.00146837 0.00428990
v -0.00664986 -0.00188797 0.00428990
v -0.00598065 -0.00234564 0.00598379
v -0.00645802 -0.00272895 0.00470955
v -0.00633092 -0.00272895 0.00502353
v -0.00622739 -0.00104965 0.00332261
v -0.00636464 0.00002592 0.00353275
v -0.00636434 -0.00104965 0.00353244
v -0.00636315 -0.00146837 0.00353580
v -0.00550388 -0.00396032 0.00594012
v -0.00550388 -0.00391694 0.00598379
v -0.00591949 -0.00348672 0.00546243
v -0.00597170 -0.00317511 0.00558124
v -0.00636076 -0.00313704 0.00471536
v -0.00639298 -0.00314059 0.00457944
v -0.00645892 -0.00285819 0.00457944
v -0.00653888 -0.00188797 0.00387024
v -0.00633212 -0.00230757 0.00358681
v -0.00620024 -0.00230757 0.00337667
v -0.00599020 -0.00230757 0.00308743
v -0.00601526 -0.00146837 0.00307705
v -0.00600840 -0.00188797 0.00307827
v -0.00635360 -0.00188797 0.00355199
v -0.00591979 -0.00267583 0.00598379
v -0.00630138 -0.00299009 0.00495451
v -0.00593769 -0.00272806 0.00591996
v -0.00622501 -0.00146837 0.00332597
v -0.00621814 -0.00188797 0.00334246
v -0.00565008 -0.00356639 0.00598379
v -0.00584818 -0.00333357 0.00574220
v -0.00589980 -0.00305383 0.00583444
v -0.00586519 -0.00288918 0.00598379
v -0.00578285 -0.00317422 0.00598379
f 1329 1330 1331
f 1329 1331 1336
f 1329 1336 1332
f 1329 1332 1338
f 1329 1338 1352
f 1329 1352 1377
f 1329 1377 1412
f 1329 1412 1455
f 1329 1455 1488
f 1329 1488 1509
f 1329 1509 1517
f 1329 1517 1518
f 1329 1518 1514
f 1329 1514 1496
f 1329 1496 1479
f 1329 1479 1435
f 1329 1435 1394
f 1329 1394 1367
f 1329 1367 1346
f 1329 1346 1333
f 1329 1333 1334
f 1329 1334 1330
f 1330 1335 1331
f 1330 1334 1335
f 1331 1335 1349
f 1331 1349 1372
f 1331 1372 1402
f 1331 1402 1443
f 1331 1443 1413
f 1331 1413 1379
f 1331 1379 1378
f 1331 1378 1353
f 1331 1353 1339
f 1331 1339 1336
f 1332 1337 1351
f 1332 1351 1338
f 1332 1336 1339
f 1332 1339 1340
f 1332 1340 1341
f 1332 1341 1342
f 1332 1342 1343
f 1332 1343 1344
f 1332 1344 1345
f 1332 1345 1337
f 1333 1346 1347
f 1333 1347 1334
f 1334 1347 1369
f 1334 1369 1397
f 1334 1397 1433
f 1334 1433 1400
f 1334 1400 1370
f 1334 1370 1348
f 1334 1348 1349
f 1334 1349 1335
f 1337 1350 1351
f 1337 1345 1350
f 1338 1351 1352
f 1339 1353 1340
f 1340 1353 1354
f 1340 1354 1355
f 1340 1355 1341
f 1341 1355 1356
f 1341 1356 1342
f 1342 1356 1343
f 1343 1356 1357
f 1343 1357 1358
f 1343 1358 1344
f 1344 1358 1345
f 1345 1358 1359
f 1345 1359 1360
f 1345 1360 1361
f 1345 1361 1350
f 1346 1362 1363
f 1346 1363 1364
f 1346 1364 1365
f 1346 1365 1366
f 1346 1366 1347
f 1346 1367 1362
f 1347 1366 1368
f 1347 1368 1369
f 1348 1370 1349
f 1349 1371 1372
f 1349 1370 1371
f 1350 1361 1373
f 1350 1373 1351
f 1351 1373 1374
f 1351 1374 1375
f 1351 1375 1376
f 1351 1376 1352
f 1352 1376 1377
f 1353 1378 1354
f 1354 1378 1379
f 1354 1379 1355
f 1355 1380 1381
f 1355 1381 1356
f 1355 1379 1380
f 1356 1381 1357
f 1357 1382 1358
f 1357 1381 1382
f 1358 1382 1383
f 1358 1383 1384
f 1358 1384 1359
f 1359 1384 1385
f 1359 1385 1360
f 1360 1386 1373
f 1360 1373 1361
f 1360 1385 1423
f 1360 1423 1386
f 1362 1387 1388
f 1362 1388 1389
f 1362 1389 1390
f 1362 1390 1364
f 1362 1364 1363
f 1362 1367 1391
f 1362 1391 1387
f 1364 1392 1393
f 1364 1393 1365
f 1364 1390 1392
f 1365 1393 1366
f 1366 1393 1368
f 1367 1394 1395
f 1367 1395 1396
f 1367 1396 1391
f 1368 1393 1397
f 1368 1397 1369
f 1370 1398 1399
f 1370 1399 1371
f 1370 1400 1398
f 1371 1399 1401
f 1371 1401 1372
f 1372 1401 1403
f 1372 1403 1404
f 1372 1404 1405
f 1372 1405 1406
f 1372 1406 1407
f 1372 1407 1402
f 1373 1386 1374
f 1374 1386 1408
f 1374 1408 1409
f 1374 1409 1410
f 1374 1410 1411
f 1374 1411 1375
f 1375 1411 1376
f 1376 1412 1377
f 1376 1411 1412
f 1379 1413 1414
f 1379 1414 1380
f 1380 1414 1415
f 1380 1415 1416
f 1380 1416 1381
f 1381 1417 1382
f 1381 1416 1415
f 1381 1415 1417
f 1382 1418 1383
f 1382 1417 1418
f 1383 1419 1420
f 1383 1420 1384
f 1383 1418 1419
f 1384 1420 1462
f 1384 1462 1421
f 1384 1421 1449
f 1384 1449 1422
f 1384 1422 1385
f 1385 1422 1449
f 1385 1449 1423
f 1386 1423 1408
f 1387 1391 1424
f 1387 1424 1425
f 1387 1425 1426
f 1387 1426 1388
f 1388 1426 1427
f 1388 1427 1428
f 1388 1428 1429
f 1388 1429 1389
f 1389 1429 1430
f 1389 1430 1431
f 1389 1431 1400
f 1389 1400 1432
f 1389 1432 1390
f 1390 1432 1393
f 1390 1393 1392
f 1391 1396 1395
f 1391 1395 1425
f 1391 1425 1424
f 1393 1432 1433
f 1393 1433 1397
f 1394 1434 1395
f 1394 1435 1436
f 1394 1436 1434
f 1395 1434 1425
f 1398 1400 1437
f 1398 1437 1438
f 1398 1438 1439
f 1398 1439 1403
f 1398 1403 1401
f 1398 1401 1399
f 1400 1433 1432
f 1400 1431 1440
f 1400 1440 1441
f 1400 1441 1442
f 1400 1442 1437
f 1402 1407 1444
f 1402 1444 1443
f 1403 1439 1482
f 1403 1482 1445
f 1403 1445 1404
f 1404 1445 1405
f 1405 1445 1446
f 1405 1446 1447
f 1405 1447 1406
f 1406 1447 1448
f 1406 1448 1407
f 1407 1448 1444
f 1408 1423 1449
f 1408 1449 1450
f 1408 1450 1451
f 1408 1451 1409
f 1409 1451 1452
f 1409 1452 1453
f 1409 1453 1454
f 1409 1454 1410
f 1410 1454 1411
f 1411 1454 1455
f 1411 1455 1412
f 1413 1443 1414
f 1414 1444 1415
f 1414 1443 1444
f 1415 1444 1456
f 1415 1456 1417
f 1417 1456 1418
f 1418 1456 1457
f 1418 1457 1419
f 1419 1458 1459
f 1419 1459 1460
f 1419 1460 1420
f 1419 1457 1458
f 1420 1460 1461
f 1420 1461 1462
f 1421 1462 1449
f 1425 1463 1436
f 1425 1436 1464
f 1425 1464 1465
f 1425 1465 1466
f 1425 1466 1467
f 1425 1467 1426
f 1425 1434 1463
f 1426 1467 1468
f 1426 1468 1427
f 1427 1468 1469
f 1427 1469 1428
f 1428 1469 1470
f 1428 1470 1471
f 1428 1471 1472
f 1428 1472 1473
f 1428 1473 1474
f 1428 1474 1429
f 1429 1474 1475
f 1429 1475 1476
f 1429 1476 1477
f 1429 1477 1430
f 1430 1477 1478
f 1430 1478 1431
f 1431 1478 1440
f 1434 1436 1463
f 1435 1479 1436
f 1436 1479 1465
f 1436 1465 1464
f 1437 1442 1438
f 1438 1480 1439
f 1438 1442 1481
f 1438 1481 1480
f 1439 1480 1482
f 1440 1478 1483
f 1440 1483 1441
f 1441 1483 1442
f 1442 1483 1484
f 1442 1484 1481
f 1444 1448 1456
f 1445 1459 1446
f 1445 1482 1491
f 1445 1491 1459
f 1446 1459 1458
f 1446 1458 1447
f 1447 1457 1448
f 1447 1458 1457
f 1448 1457 1456
f 1449 1462 1485
f 1449 1485 1486
f 1449 1486 1450
f 1450 1486 1451
f 1451 1473 1472
f 1451 1472 1471
f 1451 1471 1452
f 1451 1486 1487
f 1451 1487 1473
f 1452 1488 1453
f 1452 1471 1489
f 1452 1489 1490
f 1452 1490 1488
f 1453 1488 1454
f 1454 1488 1455
f 1459 1491 1492
f 1459 1492 1460
f 1460 1492 1461
f 1461 1492 1493
f 1461 1493 1462
f 1462 1493 1494
f 1462 1494 1485
f 1465 1495 1496
f 1465 1496 1497
f 1465 1497 1467
f 1465 1467 1466
f 1465 1479 1495
f 1467 1497 1498
f 1467 1498 1499
f 1467 1499 1500
f 1467 1500 1469
f 1467 1469 1468
f 1469 1500 1501
f 1469 1501 1470
f 1470 1501 1489
f 1470 1489 1471
f 1473 1487 1474
f 1474 1487 1502
f 1474 1502 1503
f 1474 1503 1476
f 1474 1476 1475
f 1476 1478 1477
f 1476 1503 1504
f 1476 1504 1478
f 1478 1504 1505
f 1478 1505 1483
f 1479 1496 1495
f 1480 1481 1506
f 1480 1506 1491
f 1480 1491 1482
f 1481 1484 1506
f 1483 1505 1484
f 1484 1505 1507
f 1484 1507 1506
f 1485 1494 1508
f 1485 1508 1502
f 1485 1502 1486
f 1486 1502 1487
f 1488 1490 1509
f 1489 1501 1500
f 1489 1500 1499
f 1489 1499 1510
f 1489 1510 1490
f 1490 1511 1509
f 1490 1510 1511
f 1491 1506 1512
f 1491 1512 1494
f 1491 1494 1493
f 1491 1493 1492
f 1494 1512 1513
f 1494 1513 1508
f 1496 1514 1497
f 1497 1514 1515
f 1497 1515 1498
f 1498 1515 1516
f 1498 1516 1499
f 1499 1516 1510
f 1502 1508 1503
f 1503 1508 1504
f 1504 1508 1513
f 1504 1513 1505
f 1505 1513 1507
f 1506 1507 1512
f 1507 1513 1512
f 1509 1511 1516
f 1509 1516 1517
f 1510 1516 1511
f 1514 1518 1516
f 1514 1516 1515
f 1516 1518 1517

o geometry_11
v 0.01822131 0.00288508 0.01838775
v 0.01989408 0.00315776 0.01989248
v 0.01838373 0.00288508 0.01838775
v 0.01822305 0.00286333 0.01838775
v 0.01406944 0.00246280 0.01989248
v 0.01406944 0.00287879 0.01989248
v 0.01407406 0.00287917 0.01989248
v 0.01989755 0.00315776 0.01989510
v 0.01997443 0.00315776 0.01989248
v 0.01449428 0.00288260 0.02024269
v 0.01533355 0.00288260 0.02108195
v 0.01659363 0.00288260 0.02234128
v 0.01838373 0.00120875 0.01838775
v 0.01406944 0.00220596 0.02096056
v 0.01406944 0.00286161 0.02024269
v 0.01407406 0.00286219 0.02024269
v 0.01996807 0.00315776 0.01993702
v 0.01997443 0.00315776 0.01993440
v 0.01997443 0.00297172 0.01989248
v 0.01575319 0.00286219 0.02192121
v 0.01617399 0.00286219 0.02234128
v 0.01617399 0.00281086 0.02276091
v 0.01827160 0.00286219 0.02234128
v 0.01997385 0.00315776 0.01993964
v 0.01977155 0.00250326 0.02117365
v 0.01977155 0.00250326 0.02132517
v 0.01824963 0.00249162 0.02284781
v 0.01590868 0.00220596 0.02284781
v 0.01515379 0.00220596 0.02284781
v 0.01489600 0.00220596 0.02260240
v 0.01435498 0.00220596 0.02206007
v 0.01406944 0.00220596 0.02177187
v 0.01406944 0.00281086 0.02066188
v 0.01407406 0.00281200 0.02066188
v 0.01575319 0.00281219 0.02234128
v 0.01997443 0.00315337 0.01993790
v 0.01997443 0.00315051 0.01993790
v 0.01617399 0.00277994 0.02284781
v 0.01815079 0.00275323 0.02284781
v 0.01575319 0.00271831 0.02276091
v 0.01950855 0.00272823 0.02147931
v 0.01977155 0.00263320 0.02132517
v 0.01824963 0.00271945 0.02284781
v 0.01935480 0.00250326 0.02174436
v 0.01851436 0.00250345 0.02258406
v 0.01522200 0.00230900 0.02284781
v 0.01481450 0.00230900 0.02243997
v 0.01406944 0.00230900 0.02169328
v 0.01406944 0.00221512 0.02176663
v 0.01406944 0.00271545 0.02108151
v 0.01407406 0.00271697 0.02108195
v 0.01576186 0.00268568 0.02284781
v 0.01537170 0.00257539 0.02272292
v 0.01935480 0.00263263 0.02174436
v 0.01851436 0.00263168 0.02258406
v 0.01511738 0.00252367 0.02255743
v 0.01545263 0.00255001 0.02284781
v 0.01427810 0.00252329 0.02171773
v 0.01406944 0.00237541 0.02163607
v 0.01406944 0.00256585 0.02143521
v 0.01411279 0.00257443 0.02146316
f 1519 1520 1527
f 1519 1527 1521
f 1519 1521 1531
f 1519 1531 1522
f 1519 1522 1523
f 1519 1523 1524
f 1519 1524 1525
f 1519 1525 1520
f 1520 1526 1535
f 1520 1535 1542
f 1520 1542 1536
f 1520 1536 1527
f 1520 1525 1528
f 1520 1528 1529
f 1520 1529 1530
f 1520 1530 1526
f 1521 1527 1537
f 1521 1537 1531
f 1522 1531 1523
f 1523 1532 1550
f 1523 1550 1567
f 1523 1567 1566
f 1523 1566 1577
f 1523 1577 1578
f 1523 1578 1568
f 1523 1568 1551
f 1523 1551 1533
f 1523 1533 1524
f 1523 1531 1532
f 1524 1533 1534
f 1524 1534 1525
f 1525 1534 1528
f 1526 1530 1535
f 1527 1536 1554
f 1527 1554 1555
f 1527 1555 1537
f 1528 1534 1529
f 1529 1538 1530
f 1529 1534 1538
f 1530 1538 1539
f 1530 1539 1540
f 1530 1540 1541
f 1530 1541 1542
f 1530 1542 1535
f 1531 1537 1543
f 1531 1543 1544
f 1531 1544 1545
f 1531 1545 1546
f 1531 1546 1547
f 1531 1547 1548
f 1531 1548 1549
f 1531 1549 1550
f 1531 1550 1532
f 1533 1551 1552
f 1533 1552 1534
f 1534 1552 1553
f 1534 1553 1538
f 1536 1542 1554
f 1537 1555 1544
f 1537 1544 1543
f 1538 1553 1539
f 1539 1553 1540
f 1540 1556 1557
f 1540 1557 1541
f 1540 1553 1558
f 1540 1558 1556
f 1541 1557 1542
f 1542 1559 1560
f 1542 1560 1554
f 1542 1557 1561
f 1542 1561 1559
f 1544 1555 1554
f 1544 1554 1560
f 1544 1560 1572
f 1544 1572 1562
f 1544 1562 1545
f 1545 1562 1563
f 1545 1563 1573
f 1545 1573 1561
f 1545 1561 1557
f 1545 1557 1556
f 1545 1556 1570
f 1545 1570 1575
f 1545 1575 1564
f 1545 1564 1547
f 1545 1547 1546
f 1547 1564 1548
f 1548 1565 1566
f 1548 1566 1549
f 1548 1564 1565
f 1549 1566 1567
f 1549 1567 1550
f 1551 1568 1569
f 1551 1569 1552
f 1552 1569 1558
f 1552 1558 1553
f 1556 1558 1570
f 1558 1571 1570
f 1558 1569 1568
f 1558 1568 1571
f 1559 1561 1560
f 1560 1561 1572
f 1561 1573 1572
f 1562 1572 1573
f 1562 1573 1563
f 1564 1574 1565
f 1564 1575 1574
f 1565 1576 1577
f 1565 1577 1566
f 1565 1574 1576
f 1568 1578 1579
f 1568 1579 1571
f 1570 1571 1575
f 1571 1579 1578
f 1571 1578 1576
f 1571 1576 1575
f 1574 1575 1576
f 1576 1578 1577

o geometry_12
v 0.00085016 0.00727667 0.00458013
v -0.00342742 0.00581507 0.00598456
v 0.00085016 0.00769989 0.00458013
v 0.00381412 0.00667156 0.00458013
v -0.00342742 0.00461488 0.00847024
v -0.00342742 0.00640525 0.00598456
v 0.00565256 0.00667156 0.00458013
v 0.00085016 0.00772731 0.00471112
v -0.00273346 0.00682055 0.00598456
v -0.00227662 0.00705059 0.00598456
v -0.00190830 0.00720599 0.00598456
v -0.00119774 0.00741760 0.00598456
v 0.00164213 0.00659812 0.01554931
v -0.00342742 0.00540007 0.00847024
v 0.01074266 0.00547229 0.00847131
v 0.01116947 0.00547229 0.00965778
v 0.01130384 0.00559355 0.01202642
v 0.01272180 0.00644578 0.01554931
v 0.01176384 0.00644578 0.01554931
v 0.00556404 0.00681080 0.00458013
v 0.00637814 0.00667156 0.00488399
v 0.00827507 0.00642933 0.00598563
v -0.00061680 0.00757649 0.00598563
v 0.00022417 0.00768831 0.00598563
v 0.00064308 0.00772061 0.00598563
v 0.00106357 0.00772686 0.00618803
v 0.00441955 0.00772762 0.00555077
v 0.00211320 0.00768070 0.00458013
v -0.00181345 0.00680318 0.00806866
v -0.00150836 0.00705973 0.00764883
v -0.00148465 0.00714627 0.00729128
v -0.00061680 0.00725535 0.00848849
v -0.00145777 0.00729282 0.00639043
v -0.00078120 0.00753109 0.00607475
v 0.00197251 0.00679191 0.01554931
v 0.00146508 0.00659812 0.01524974
v 0.00020046 0.00652469 0.01313665
v 0.00845686 0.00642933 0.00613166
v 0.00882202 0.00642933 0.00647418
v 0.00909549 0.00642933 0.00683388
v 0.00924093 0.00642933 0.00712754
v 0.01063201 0.00559630 0.00847131
v 0.01222859 0.00674103 0.01554931
v 0.01042651 0.00581537 0.00847131
v 0.00877618 0.00667125 0.00681025
v 0.00856751 0.00681293 0.00681025
v -0.00272872 0.00630547 0.00788505
v 0.00579167 0.00710117 0.00495700
v 0.00635285 0.00674742 0.00489473
v 0.00724598 0.00663225 0.00537200
v 0.00804507 0.00657253 0.00591101
v -0.00042395 0.00755943 0.00666101
v 0.00074860 0.00767163 0.00743838
v 0.00127302 0.00769746 0.00806812
v 0.00273919 0.00771635 0.01058762
v 0.00284510 0.00772442 0.01037744
v 0.00609518 0.00772731 0.01554931
v 0.00819603 0.00772671 0.01554931
v 0.00483530 0.00772427 0.00598563
v 0.00483372 0.00771635 0.00555077
v 0.00358016 0.00771696 0.00513095
v 0.00190296 0.00772427 0.00471112
v -0.00104519 0.00680135 0.00971898
v -0.00080412 0.00703155 0.00927070
v -0.00063182 0.00714185 0.00915312
v 0.00159234 0.00677378 0.01494051
v 0.00246492 0.00702820 0.01554931
v 0.00021469 0.00680806 0.01224546
v -0.00000504 0.00672762 0.01209191
v -0.00022951 0.00652469 0.01231632
v -0.00198101 0.00624255 0.00965670
v -0.00322192 0.00562555 0.00847024
v 0.00820631 0.00672396 0.00617568
v 0.00848689 0.00676906 0.00651498
v 0.00761589 0.00716211 0.00614132
v 0.00768070 0.00718770 0.00639043
v -0.00342742 0.00624255 0.00651820
v -0.00297058 0.00591653 0.00837897
v -0.00179448 0.00637204 0.00965670
v 0.00487877 0.00707649 0.00458013
v 0.00609360 0.00723493 0.00524047
v 0.00550713 0.00756918 0.00532529
v 0.00686344 0.00722457 0.00567103
v 0.00760798 0.00675474 0.00572472
v 0.00039173 0.00756309 0.00838648
v 0.00252974 0.00767780 0.01100745
v 0.00273919 0.00770020 0.01100745
v 0.00567785 0.00772274 0.01554931
v 0.00861494 0.00771635 0.01554931
v 0.00525579 0.00770660 0.00597060
v 0.00567469 0.00767521 0.00597060
v 0.00525579 0.00767338 0.00555077
v 0.00483372 0.00763377 0.00521040
v 0.00232345 0.00770751 0.00471112
v 0.00190138 0.00697503 0.01478374
v -0.00342742 0.00570736 0.00785204
v 0.01197093 0.00686077 0.01554931
v 0.00714323 0.00713530 0.00576122
v 0.00631649 0.00756004 0.00575371
v 0.00735348 0.00730897 0.00639043
v 0.01115525 0.00722427 0.01554931
v 0.00578693 0.00751860 0.00540367
v 0.00169904 0.00754877 0.01120179
v 0.00441797 0.00772153 0.01352426
v 0.00525737 0.00769776 0.01554931
v 0.00903384 0.00769380 0.01554931
v 0.00609360 0.00762022 0.00597812
v 0.00945433 0.00765053 0.01554931
v 0.00426464 0.00757040 0.00490439
v 0.00358016 0.00763164 0.00480561
v 0.00303005 0.00758594 0.00458013
v 0.00082961 0.00714474 0.01210372
v 0.00247046 0.00715602 0.01509405
v 0.00281665 0.00717917 0.01554931
v 0.00067153 0.00703414 0.01225190
v 0.00986375 0.00758441 0.01554931
v 0.01071263 0.00735346 0.01554931
v 0.00184052 0.00756522 0.01130326
v 0.00106357 0.00726784 0.01184603
v 0.00334779 0.00756034 0.01421038
v 0.00420852 0.00770035 0.01373418
v 0.00483846 0.00765053 0.01554931
v 0.00373982 0.00741150 0.00458013
v 0.00274077 0.00729618 0.01478374
v 0.00190138 0.00724956 0.01352426
v 0.00378566 0.00755699 0.01500386
v 0.00399907 0.00766516 0.01394409
v 0.00316126 0.00728734 0.01554931
v 0.00421089 0.00756948 0.01554931
f 1580 1581 1585
f 1580 1585 1582
f 1580 1582 1607
f 1580 1607 1690
f 1580 1690 1702
f 1580 1702 1659
f 1580 1659 1599
f 1580 1599 1586
f 1580 1586 1583
f 1580 1583 1581
f 1581 1584 1593
f 1581 1593 1675
f 1581 1675 1656
f 1581 1656 1585
f 1581 1583 1586
f 1581 1586 1584
f 1582 1585 1588
f 1582 1588 1589
f 1582 1589 1590
f 1582 1590 1591
f 1582 1591 1587
f 1584 1592 1593
f 1584 1586 1594
f 1584 1594 1595
f 1584 1595 1596
f 1584 1596 1597
f 1584 1597 1598
f 1584 1598 1592
f 1586 1599 1600
f 1586 1600 1601
f 1586 1601 1594
f 1587 1591 1602
f 1587 1602 1603
f 1587 1603 1604
f 1587 1605 1606
f 1582 1587 1607
f 1588 1608 1609
f 1588 1609 1589
f 1589 1609 1610
f 1590 1589 1610
f 1590 1610 1611
f 1590 1611 1612
f 1590 1612 1591
f 1591 1612 1613
f 1591 1613 1602
f 1592 1614 1615
f 1592 1615 1593
f 1592 1598 1597
f 1592 1597 1622
f 1592 1622 1676
f 1592 1676 1680
f 1592 1680 1696
f 1592 1696 1695
f 1592 1695 1687
f 1592 1687 1685
f 1592 1685 1668
f 1592 1668 1637
f 1592 1637 1636
f 1592 1636 1667
f 1592 1667 1684
f 1592 1684 1701
f 1592 1701 1708
f 1592 1708 1707
f 1592 1707 1693
f 1592 1693 1646
f 1592 1646 1614
f 1593 1615 1616
f 1594 1601 1617
f 1594 1617 1618
f 1594 1618 1619
f 1594 1619 1620
f 1594 1620 1621
f 1594 1621 1597
f 1594 1597 1595
f 1595 1597 1596
f 1597 1621 1623
f 1597 1623 1620
f 1597 1620 1624
f 1597 1624 1625
f 1597 1625 1622
f 1585 1626 1588
f 1588 1626 1608
f 1599 1628 1600
f 1600 1629 1601
f 1601 1629 1630
f 1601 1630 1617
f 1602 1613 1631
f 1603 1602 1632
f 1603 1632 1633
f 1603 1633 1604
f 1604 1605 1587
f 1605 1635 1636
f 1605 1636 1606
f 1606 1638 1639
f 1606 1639 1640
f 1606 1640 1641
f 1606 1641 1587
f 1587 1641 1607
f 1609 1608 1643
f 1609 1643 1610
f 1610 1643 1644
f 1610 1644 1611
f 1612 1611 1631
f 1612 1631 1613
f 1614 1645 1615
f 1616 1647 1648
f 1616 1648 1649
f 1616 1649 1650
f 1616 1650 1651
f 1616 1651 1593
f 1617 1630 1652
f 1617 1652 1618
f 1618 1652 1653
f 1618 1653 1619
f 1619 1653 1624
f 1619 1624 1620
f 1620 1623 1621
f 1624 1653 1625
f 1625 1653 1654
f 1625 1654 1655
f 1625 1655 1622
f 1585 1656 1626
f 1626 1656 1657
f 1626 1657 1650
f 1626 1650 1658
f 1626 1658 1608
f 1608 1658 1642
f 1599 1659 1627
f 1627 1660 1599
f 1627 1661 1660
f 1599 1660 1628
f 1628 1660 1662
f 1628 1629 1600
f 1629 1663 1630
f 1631 1611 1664
f 1631 1664 1602
f 1632 1664 1665
f 1632 1665 1633
f 1604 1633 1634
f 1634 1633 1666
f 1604 1634 1635
f 1604 1635 1605
f 1606 1636 1637
f 1637 1638 1606
f 1638 1669 1639
f 1638 1637 1668
f 1638 1668 1669
f 1639 1669 1670
f 1639 1670 1671
f 1639 1671 1672
f 1639 1672 1640
f 1640 1673 1641
f 1641 1673 1607
f 1642 1643 1608
f 1614 1674 1645
f 1614 1646 1674
f 1645 1616 1615
f 1647 1616 1645
f 1648 1647 1642
f 1648 1658 1649
f 1649 1658 1650
f 1650 1657 1651
f 1651 1675 1593
f 1653 1652 1654
f 1622 1655 1676
f 1654 1677 1662
f 1654 1662 1678
f 1654 1678 1679
f 1654 1679 1655
f 1655 1679 1680
f 1655 1680 1676
f 1627 1659 1661
f 1661 1681 1660
f 1662 1677 1628
f 1628 1677 1629
f 1629 1677 1663
f 1663 1677 1654
f 1663 1654 1652
f 1663 1652 1630
f 1664 1611 1682
f 1602 1664 1632
f 1633 1665 1666
f 1634 1683 1635
f 1635 1683 1667
f 1635 1667 1636
f 1668 1685 1669
f 1669 1685 1670
f 1670 1686 1678
f 1670 1678 1671
f 1670 1687 1686
f 1671 1678 1661
f 1671 1661 1672
f 1672 1688 1689
f 1672 1689 1640
f 1672 1661 1688
f 1640 1689 1673
f 1673 1689 1607
f 1607 1689 1690
f 1642 1658 1648
f 1644 1643 1691
f 1674 1646 1692
f 1674 1647 1645
f 1646 1693 1692
f 1647 1674 1694
f 1642 1647 1694
f 1642 1694 1643
f 1651 1657 1675
f 1678 1695 1696
f 1678 1696 1680
f 1678 1680 1679
f 1678 1662 1681
f 1678 1681 1661
f 1656 1675 1657
f 1660 1681 1662
f 1661 1659 1688
f 1682 1697 1664
f 1682 1611 1698
f 1682 1698 1699
f 1682 1699 1697
f 1664 1697 1665
f 1666 1700 1634
f 1634 1700 1683
f 1667 1683 1700
f 1667 1700 1684
f 1685 1687 1670
f 1686 1687 1695
f 1686 1695 1678
f 1688 1702 1690
f 1688 1690 1689
f 1643 1694 1691
f 1644 1691 1698
f 1644 1698 1611
f 1692 1691 1674
f 1674 1691 1694
f 1659 1702 1688
f 1698 1704 1699
f 1699 1704 1703
f 1699 1703 1705
f 1665 1700 1666
f 1684 1700 1701
f 1701 1700 1706
f 1691 1692 1704
f 1692 1703 1704
f 1693 1707 1692
f 1692 1707 1703
f 1703 1707 1705
f 1697 1699 1665
f 1698 1691 1704
f 1705 1707 1708
f 1705 1708 1701
f 1705 1701 1706
f 1705 1706 1699
f 1699 1706 1665
f 1665 1706 1700

o geometry_13
v 0.00969503 0.00642816 0.00846943
v 0.00884151 0.00642816 0.00846943
v 0.00977195 0.00637645 0.00846943
v 0.00935862 0.00638064 0.00722728
v 0.00928536 0.00642816 0.00722153
v 0.00711372 0.00664756 0.00530289
v 0.00734572 0.00642816 0.00598431
v 0.00604713 -0.00713855 0.00598431
v 0.00604713 -0.00754242 0.00598431
v 0.00604713 -0.00762906 0.00598185
v 0.00988795 -0.00565862 0.00846943
v 0.00967060 0.00629959 0.00784138
v 0.00997220 0.00621714 0.00846943
v 0.00962298 0.00626186 0.00756224
v 0.00956804 0.00620736 0.00722728
v 0.00929757 0.00633453 0.00694322
v 0.00920233 0.00642816 0.00703024
v 0.00672543 0.00379391 0.00457960
v 0.00909854 0.00642816 0.00683239
v 0.00889646 0.00642816 0.00656228
v 0.00882564 0.00642816 0.00647279
v 0.00846054 0.00642816 0.00613044
v 0.00837140 0.00642816 0.00605491
v 0.00759481 0.00278773 0.00069060
v 0.00755330 0.00278773 0.00065858
v 0.00679869 0.00278773 0.00065858
v 0.00679014 0.00278633 0.00065858
v 0.00672543 0.00363181 0.00280135
v 0.00604713 -0.00657397 0.00530289
v 0.00604713 -0.00762767 0.00596871
v 0.00609842 -0.00762068 0.00596871
v 0.00611063 -0.00761928 0.00598431
v 0.01057418 -0.00565862 0.00846943
v 0.01022557 0.00599913 0.00846943
v 0.01011018 0.00589991 0.00778144
v 0.01006256 0.00585240 0.00750149
v 0.00979698 0.00599634 0.00722728
v 0.00891844 0.00638484 0.00651795
v 0.00972250 0.00593205 0.00696046
v 0.00919684 0.00623670 0.00666408
v 0.01009675 0.00547368 0.00700644
v 0.01057540 0.00513689 0.00735535
v 0.00806797 0.00278773 0.00141799
v 0.00759481 -0.00314735 0.00069060
v 0.00735793 -0.00314735 0.00050670
v 0.00712288 -0.00072413 0.00033429
v 0.00691286 -0.00072413 0.00018077
v 0.00673764 -0.00072413 0.00008307
v 0.00712288 -0.00314735 0.00032937
v 0.00604713 -0.00731323 0.00530289
v 0.00604713 -0.00758434 0.00567808
v 0.00609842 -0.00758155 0.00569532
v 0.00632187 -0.00755919 0.00575197
v 0.00636583 -0.00756897 0.00596871
v 0.00636827 -0.00756897 0.00598431
v 0.01029823 -0.00565862 0.00764516
v 0.01052290 -0.00547695 0.00779869
v 0.01084404 -0.00535677 0.00846943
v 0.00658867 -0.00748373 0.00598431
v 0.00719431 -0.00724476 0.00598431
v 0.00731397 -0.00719724 0.00598431
v 0.00750873 -0.00707985 0.00598431
v 0.01043559 0.00580488 0.00846943
v 0.01052168 0.00547508 0.00780361
v 0.01047467 0.00541638 0.00752365
v 0.01100827 0.00474001 0.00772480
v 0.01136481 0.00423412 0.00782824
v 0.01140572 0.00402589 0.00777652
v 0.01141305 0.00398677 0.00776749
v 0.01181233 0.00348787 0.00818455
v 0.01186422 0.00314548 0.00810409
v 0.01217620 0.00204986 0.00828471
v 0.01218902 0.00176897 0.00826829
v 0.01219391 0.00146711 0.00826008
v 0.01219696 0.00104647 0.00825597
v 0.00806797 -0.00314735 0.00141799
v 0.00759420 -0.00317111 0.00069142
v 0.00737991 -0.00317111 0.00052558
v 0.00691286 -0.00314735 0.00018077
v 0.00673764 -0.00314735 0.00008307
v 0.00713997 -0.00317111 0.00034989
v 0.00690858 -0.00317111 0.00018405
v 0.00604713 -0.00745857 0.00547201
v 0.00673764 -0.00317111 0.00008800
v 0.00604713 -0.00757177 0.00564688
v 0.00693789 -0.00720563 0.00568629
v 0.00715402 -0.00713855 0.00575443
v 0.01009004 -0.00565862 0.00722728
v 0.01047589 -0.00541686 0.00751791
v 0.01101132 -0.00514854 0.00846943
v 0.00772119 -0.00691355 0.00598431
v 0.01063279 0.00559386 0.00846943
v 0.01083427 0.00536887 0.00846943
v 0.01084404 0.00535769 0.00846943
v 0.01101132 0.00514947 0.00846943
v 0.01095943 0.00508378 0.00817305
v 0.01090387 0.00501950 0.00789392
v 0.01129277 0.00453178 0.00806715
v 0.01141060 0.00432216 0.00806715
v 0.01175433 0.00376736 0.00828635
v 0.01188315 0.00360106 0.00846943
v 0.01195702 0.00336768 0.00846943
v 0.01202052 0.00316645 0.00846943
v 0.01211820 0.00277795 0.00846943
v 0.01212919 0.00272904 0.00846943
v 0.01215178 0.00230700 0.00832822
v 0.01221284 0.00230700 0.00846943
v 0.01225130 0.00198977 0.00846943
v 0.01225313 0.00190033 0.00844890
v 0.01227938 0.00146711 0.00846943
v 0.01228427 0.00108001 0.00846943
v 0.01219696 -0.00104695 0.00825597
v 0.01218902 -0.00176665 0.00826829
v 0.01217620 -0.00204754 0.00828471
v 0.00806614 -0.00317111 0.00142210
v 0.01219391 -0.00146759 0.00826008
v 0.01057418 -0.00513736 0.00735535
v 0.01017368 -0.00555241 0.00722728
v 0.00982629 -0.00565862 0.00685784
v 0.00797212 -0.00670254 0.00598431
v 0.01100888 -0.00474048 0.00772069
v 0.01090509 -0.00501997 0.00789064
v 0.01095943 -0.00508286 0.00817059
v 0.01125858 -0.00480476 0.00846943
v 0.01124332 0.00482805 0.00846943
v 0.01107176 0.00485879 0.00804662
v 0.01133246 0.00460585 0.00829456
v 0.01147898 0.00444095 0.00846943
v 0.01171281 0.00398118 0.00846943
v 0.01186484 0.00364718 0.00846943
v 0.01225985 0.00189893 0.00846943
v 0.01227022 0.00167115 0.00846943
v 0.01228427 -0.00104695 0.00846943
v 0.01226778 -0.00167162 0.00846943
v 0.01225008 -0.00189941 0.00844973
v 0.01227694 -0.00146759 0.00846943
v 0.01222199 -0.00223480 0.00846943
v 0.01214995 -0.00230607 0.00833150
v 0.01186300 -0.00314596 0.00810491
v 0.01176410 -0.00293494 0.00785780
v 0.01181050 -0.00348834 0.00818701
v 0.01141610 -0.00398724 0.00776338
v 0.01136726 -0.00423878 0.00782414
v 0.01129338 -0.00453505 0.00806715
v 0.01107298 -0.00485926 0.00804498
v 0.01136665 -0.00465104 0.00846943
v 0.01125858 0.00480569 0.00846943
v 0.01146250 0.00447029 0.00846943
v 0.01225496 -0.00191757 0.00846943
v 0.01220917 -0.00230607 0.00846943
v 0.01217498 -0.00249473 0.00846943
v 0.01211576 -0.00272671 0.00843002
v 0.01203639 -0.00310962 0.00846943
v 0.01192222 -0.00347716 0.00846943
v 0.01187399 -0.00360433 0.00844890
v 0.01175616 -0.00376923 0.00828471
v 0.01179340 -0.00383911 0.00846943
v 0.01141244 -0.00432543 0.00806715
v 0.01147898 -0.00444142 0.00846943
v 0.01213225 -0.00272671 0.00846943
v 0.01212553 -0.00275606 0.00846943
v 0.01188193 -0.00360153 0.00846943
f 1709 1710 1719
f 1709 1719 1741
f 1709 1741 1766
f 1709 1766 1798
f 1709 1798 1832
f 1709 1832 1854
f 1709 1854 1867
f 1709 1867 1865
f 1709 1865 1870
f 1709 1870 1862
f 1709 1862 1861
f 1709 1861 1869
f 1709 1869 1868
f 1709 1868 1859
f 1709 1859 1858
f 1709 1858 1845
f 1709 1845 1857
f 1709 1857 1842
f 1709 1842 1844
f 1709 1844 1841
f 1709 1841 1819
f 1709 1819 1818
f 1709 1818 1840
f 1709 1840 1839
f 1709 1839 1816
f 1709 1816 1815
f 1709 1815 1813
f 1709 1813 1812
f 1709 1812 1811
f 1709 1811 1810
f 1709 1810 1809
f 1709 1809 1838
f 1709 1838 1837
f 1709 1837 1836
f 1709 1836 1856
f 1709 1856 1855
f 1709 1855 1833
f 1709 1833 1803
f 1709 1803 1802
f 1709 1802 1801
f 1709 1801 1800
f 1709 1800 1771
f 1709 1771 1742
f 1709 1742 1721
f 1709 1721 1711
f 1709 1711 1712
f 1709 1712 1713
f 1709 1713 1714
f 1709 1714 1710
f 1710 1714 1715
f 1710 1715 1716
f 1710 1716 1717
f 1710 1717 1718
f 1710 1718 1719
f 1711 1720 1712
f 1711 1721 1720
f 1712 1720 1722
f 1712 1722 1723
f 1712 1723 1724
f 1712 1724 1725
f 1712 1725 1713
f 1713 1725 1714
f 1714 1726 1716
f 1714 1716 1715
f 1714 1725 1727
f 1714 1727 1728
f 1714 1728 1729
f 1714 1729 1730
f 1714 1730 1731
f 1714 1731 1732
f 1714 1732 1733
f 1714 1733 1734
f 1714 1734 1735
f 1714 1735 1736
f 1714 1736 1726
f 1716 1737 1758
f 1716 1758 1791
f 1716 1791 1793
f 1716 1793 1759
f 1716 1759 1738
f 1716 1738 1718
f 1716 1718 1717
f 1716 1726 1737
f 1718 1738 1739
f 1718 1739 1740
f 1718 1740 1741
f 1718 1741 1719
f 1720 1721 1742
f 1720 1742 1722
f 1722 1742 1743
f 1722 1743 1723
f 1723 1743 1744
f 1723 1744 1745
f 1723 1745 1724
f 1724 1746 1727
f 1724 1727 1725
f 1724 1745 1747
f 1724 1747 1748
f 1724 1748 1746
f 1726 1736 1737
f 1727 1746 1728
f 1728 1746 1729
f 1729 1746 1732
f 1729 1732 1730
f 1730 1732 1731
f 1732 1746 1748
f 1732 1748 1747
f 1732 1747 1749
f 1732 1749 1750
f 1732 1750 1751
f 1732 1751 1784
f 1732 1784 1752
f 1732 1752 1753
f 1732 1753 1733
f 1733 1754 1755
f 1733 1755 1756
f 1733 1756 1734
f 1733 1753 1757
f 1733 1757 1754
f 1734 1756 1735
f 1735 1756 1737
f 1735 1737 1736
f 1737 1756 1788
f 1737 1788 1758
f 1738 1759 1760
f 1738 1760 1739
f 1739 1760 1761
f 1739 1761 1762
f 1739 1762 1740
f 1740 1762 1763
f 1740 1763 1741
f 1741 1764 1765
f 1741 1765 1766
f 1741 1763 1767
f 1741 1767 1768
f 1741 1768 1769
f 1741 1769 1770
f 1741 1770 1764
f 1742 1771 1743
f 1743 1771 1744
f 1744 1771 1772
f 1744 1772 1773
f 1744 1773 1745
f 1745 1773 1747
f 1747 1773 1749
f 1749 1773 1750
f 1750 1773 1774
f 1750 1774 1775
f 1750 1775 1751
f 1751 1775 1776
f 1751 1776 1777
f 1751 1777 1778
f 1751 1778 1779
f 1751 1779 1780
f 1751 1780 1781
f 1751 1781 1782
f 1751 1782 1783
f 1751 1783 1820
f 1751 1820 1784
f 1752 1784 1785
f 1752 1785 1753
f 1753 1785 1786
f 1753 1786 1757
f 1754 1757 1755
f 1755 1757 1787
f 1755 1787 1788
f 1755 1788 1756
f 1757 1786 1789
f 1757 1789 1790
f 1757 1790 1787
f 1758 1788 1792
f 1758 1792 1791
f 1759 1793 1760
f 1760 1793 1761
f 1761 1794 1795
f 1761 1795 1769
f 1761 1769 1768
f 1761 1768 1767
f 1761 1767 1762
f 1761 1793 1791
f 1761 1791 1792
f 1761 1792 1790
f 1761 1790 1794
f 1762 1767 1763
f 1764 1796 1797
f 1764 1797 1765
f 1764 1770 1796
f 1765 1797 1798
f 1765 1798 1766
f 1769 1795 1770
f 1770 1795 1785
f 1770 1785 1799
f 1770 1799 1796
f 1771 1800 1772
f 1772 1800 1801
f 1772 1801 1802
f 1772 1802 1773
f 1773 1802 1803
f 1773 1803 1804
f 1773 1804 1805
f 1773 1805 1774
f 1774 1805 1806
f 1774 1806 1775
f 1775 1806 1807
f 1775 1807 1808
f 1775 1808 1778
f 1775 1778 1776
f 1776 1778 1777
f 1778 1809 1810
f 1778 1810 1811
f 1778 1811 1779
f 1778 1808 1809
f 1779 1811 1812
f 1779 1812 1813
f 1779 1813 1814
f 1779 1814 1780
f 1780 1814 1815
f 1780 1815 1816
f 1780 1816 1817
f 1780 1817 1781
f 1781 1817 1818
f 1781 1818 1782
f 1782 1818 1819
f 1782 1819 1783
f 1783 1819 1841
f 1783 1841 1820
f 1784 1821 1822
f 1784 1822 1823
f 1784 1823 1785
f 1784 1820 1824
f 1784 1824 1821
f 1785 1823 1825
f 1785 1825 1797
f 1785 1797 1826
f 1785 1826 1796
f 1785 1796 1827
f 1785 1827 1828
f 1785 1828 1799
f 1785 1795 1786
f 1786 1795 1794
f 1786 1794 1789
f 1787 1790 1792
f 1787 1792 1788
f 1789 1794 1790
f 1796 1826 1797
f 1796 1799 1828
f 1796 1828 1827
f 1797 1825 1829
f 1797 1829 1830
f 1797 1830 1831
f 1797 1831 1798
f 1798 1831 1832
f 1803 1833 1804
f 1804 1833 1834
f 1804 1834 1805
f 1805 1834 1806
f 1806 1835 1807
f 1806 1834 1835
f 1807 1836 1837
f 1807 1837 1808
f 1807 1835 1836
f 1808 1837 1838
f 1808 1838 1809
f 1813 1815 1814
f 1816 1839 1817
f 1817 1839 1840
f 1817 1840 1818
f 1820 1841 1824
f 1821 1842 1843
f 1821 1843 1822
f 1821 1824 1844
f 1821 1844 1842
f 1822 1843 1845
f 1822 1845 1846
f 1822 1846 1847
f 1822 1847 1848
f 1822 1848 1823
f 1823 1849 1850
f 1823 1850 1851
f 1823 1851 1825
f 1823 1848 1847
f 1823 1847 1849
f 1824 1841 1844
f 1825 1851 1829
f 1829 1852 1830
f 1829 1851 1852
f 1830 1853 1831
f 1830 1852 1853
f 1831 1853 1854
f 1831 1854 1832
f 1833 1855 1834
f 1834 1855 1835
f 1835 1856 1836
f 1835 1855 1856
f 1842 1857 1843
f 1843 1857 1845
f 1845 1858 1846
f 1846 1858 1859
f 1846 1859 1860
f 1846 1860 1847
f 1847 1860 1861
f 1847 1861 1849
f 1849 1861 1862
f 1849 1862 1863
f 1849 1863 1864
f 1849 1864 1851
f 1849 1851 1850
f 1851 1864 1865
f 1851 1865 1866
f 1851 1866 1852
f 1852 1866 1854
f 1852 1854 1853
f 1854 1866 1867
f 1859 1868 1860
f 1860 1868 1869
f 1860 1869 1861
f 1862 1870 1863
f 1863 1870 1865
f 1863 1865 1864
f 1865 1867 1866

o geometry_14
v 0.01777566 -0.00263988 0.01955471
v 0.01743232 -0.00262388 0.01956628
v 0.01777566 -0.00250224 0.01955471
v 0.01997443 -0.00318862 0.01989288
v 0.01997212 -0.00320797 0.01989288
v 0.01986692 -0.00320797 0.01989288
v 0.01406944 -0.00287981 0.01989288
v 0.01743232 -0.00250456 0.01956628
v 0.01850569 -0.00250779 0.02001441
v 0.01997443 -0.00298455 0.01989288
v 0.01579134 -0.00192628 0.01989288
v 0.01602602 -0.00194860 0.01989288
v 0.01997443 -0.00320797 0.01995437
v 0.01994726 -0.00320797 0.01994207
v 0.01617399 -0.00286472 0.02234075
v 0.01575319 -0.00286484 0.02192120
v 0.01406944 -0.00286484 0.02023829
v 0.01406944 -0.00246290 0.01989288
v 0.01943976 -0.00250224 0.02081806
v 0.01977155 -0.00250327 0.02117468
v 0.01977155 -0.00250327 0.02132550
v 0.01566302 -0.00189017 0.02285036
v 0.01587342 -0.00189017 0.02306447
v 0.01603122 -0.00189017 0.02324929
v 0.01406944 -0.00189017 0.02124919
v 0.01419834 -0.00189017 0.02137831
v 0.01440700 -0.00189017 0.02158772
v 0.01977155 -0.00263330 0.02132550
v 0.01950855 -0.00272876 0.02147958
v 0.01785023 -0.00272411 0.02324929
v 0.01827160 -0.00286304 0.02234075
v 0.01745371 -0.00273404 0.02324929
v 0.01659363 -0.00288290 0.02234075
v 0.01997096 -0.00320797 0.01995292
v 0.01617399 -0.00281686 0.02276066
v 0.01575319 -0.00282008 0.02234075
v 0.01406944 -0.00281879 0.02065784
v 0.01785023 -0.00249102 0.02324929
v 0.01809357 -0.00250366 0.02303445
v 0.01535321 -0.00189017 0.02324929
v 0.01406944 -0.00189017 0.02195592
v 0.01809357 -0.00263098 0.02303445
v 0.01617399 -0.00263807 0.02324929
v 0.01617399 -0.00267664 0.02318093
v 0.01575319 -0.00273482 0.02276066
v 0.01406944 -0.00273147 0.02107775
v 0.01520755 -0.00189017 0.02310534
v 0.01535610 -0.00191571 0.02324929
v 0.01406944 -0.00194318 0.02194905
v 0.01414285 -0.00189017 0.02203549
v 0.01583990 -0.00257125 0.02324929
v 0.01578094 -0.00259215 0.02315272
v 0.01406944 -0.00272992 0.02108209
v 0.01437694 -0.00189017 0.02227166
v 0.01548499 -0.00219924 0.02324929
v 0.01406944 -0.00195737 0.02194543
v 0.01512431 -0.00209682 0.02296971
v 0.01564626 -0.00239337 0.02324929
v 0.01551967 -0.00253617 0.02299431
v 0.01536130 -0.00259138 0.02273281
v 0.01406944 -0.00258931 0.02143907
v 0.01561447 -0.00235558 0.02324929
v 0.01406944 -0.00230901 0.02173493
v 0.01428677 -0.00209178 0.02212844
v 0.01426250 -0.00253488 0.02173348
v 0.01510062 -0.00253578 0.02257403
v 0.01406944 -0.00258222 0.02145209
f 1871 1872 1878
f 1871 1878 1873
f 1871 1873 1880
f 1871 1880 1874
f 1871 1874 1875
f 1871 1875 1876
f 1871 1876 1877
f 1871 1877 1872
f 1872 1877 1888
f 1872 1888 1878
f 1873 1879 1880
f 1873 1878 1881
f 1873 1881 1882
f 1873 1882 1879
f 1874 1880 1883
f 1874 1883 1875
f 1875 1883 1904
f 1875 1904 1884
f 1875 1884 1876
f 1876 1884 1885
f 1876 1885 1886
f 1876 1886 1887
f 1876 1887 1877
f 1877 1887 1907
f 1877 1907 1916
f 1877 1916 1923
f 1877 1923 1931
f 1877 1931 1937
f 1877 1937 1933
f 1877 1933 1926
f 1877 1926 1919
f 1877 1919 1911
f 1877 1911 1895
f 1877 1895 1888
f 1878 1888 1881
f 1879 1889 1880
f 1879 1882 1889
f 1880 1889 1890
f 1880 1890 1891
f 1880 1891 1883
f 1881 1892 1893
f 1881 1893 1894
f 1881 1894 1882
f 1881 1888 1895
f 1881 1895 1896
f 1881 1896 1897
f 1881 1897 1892
f 1882 1894 1890
f 1882 1890 1889
f 1883 1891 1898
f 1883 1898 1899
f 1883 1899 1900
f 1883 1900 1901
f 1883 1901 1902
f 1883 1902 1903
f 1883 1903 1904
f 1884 1904 1903
f 1884 1903 1885
f 1885 1903 1905
f 1885 1905 1906
f 1885 1906 1886
f 1886 1906 1887
f 1887 1906 1907
f 1890 1894 1891
f 1891 1908 1909
f 1891 1909 1912
f 1891 1912 1898
f 1891 1894 1908
f 1892 1897 1896
f 1892 1896 1895
f 1892 1895 1911
f 1892 1911 1920
f 1892 1920 1924
f 1892 1924 1917
f 1892 1917 1910
f 1892 1910 1894
f 1892 1894 1893
f 1894 1910 1918
f 1894 1918 1925
f 1894 1925 1932
f 1894 1932 1928
f 1894 1928 1921
f 1894 1921 1913
f 1894 1913 1902
f 1894 1902 1900
f 1894 1900 1908
f 1898 1912 1900
f 1898 1900 1899
f 1900 1902 1901
f 1900 1912 1909
f 1900 1909 1908
f 1902 1913 1914
f 1902 1914 1905
f 1902 1905 1903
f 1905 1914 1915
f 1905 1915 1906
f 1906 1915 1907
f 1907 1915 1916
f 1910 1917 1918
f 1911 1919 1920
f 1913 1921 1914
f 1914 1921 1915
f 1915 1921 1922
f 1915 1922 1923
f 1915 1923 1916
f 1917 1924 1918
f 1918 1924 1926
f 1918 1926 1927
f 1918 1927 1925
f 1919 1926 1924
f 1919 1924 1920
f 1921 1928 1929
f 1921 1929 1922
f 1922 1929 1930
f 1922 1930 1923
f 1923 1930 1931
f 1925 1927 1933
f 1925 1933 1932
f 1926 1933 1934
f 1926 1934 1927
f 1927 1934 1933
f 1928 1932 1933
f 1928 1933 1935
f 1928 1935 1936
f 1928 1936 1929
f 1929 1936 1931
f 1929 1931 1930
f 1931 1936 1935
f 1931 1935 1937
f 1933 1937 1935

o geometry_15
v 0.02759298 0.00126722 0.03929174
v 0.02759366 -0.00647542 0.03568627
v 0.02759298 0.00478515 0.03837588
v 0.02999829 -0.00638699 0.03571268
v 0.02759366 -0.00603330 0.03568627
v 0.02759366 -0.00635261 0.03613817
v 0.02759366 -0.00591878 0.03716260
v 0.02759366 -0.00547451 0.03776971
v 0.02759366 -0.00508642 0.03817236
v 0.02759366 -0.00454789 0.03852386
v 0.02759366 -0.00390252 0.03883743
v 0.02759366 -0.00291727 0.03908507
v 0.02759366 -0.00117120 0.03929603
v 0.02786131 0.00000042 0.03945219
v 0.03088450 0.00607098 0.03577220
v 0.02824311 -0.00500967 0.03827873
v 0.02853322 -0.00420341 0.03892756
v 0.02811106 -0.00258476 0.03935305
v 0.02789694 -0.00145489 0.03940838
v 0.02792869 0.00486621 0.03837588
v 0.03033602 -0.00632313 0.03568627
v 0.03075751 -0.00591417 0.03646725
v 0.03245696 -0.00420464 0.03568627
v 0.03088450 0.00596659 0.03620860
v 0.02865616 -0.00547205 0.03769090
v 0.02940524 -0.00419850 0.03892462
v 0.02939747 -0.00314109 0.03942431
v 0.02861968 -0.00303425 0.03937631
v 0.02896619 -0.00128050 0.03976471
v 0.02885812 0.00000042 0.03980264
v 0.02789829 0.00146188 0.03941132
v 0.02853322 0.00420302 0.03892756
v 0.03245696 -0.00510607 0.03568627
v 0.03243197 0.00512165 0.03577220
v 0.03283995 0.00471146 0.03577220
v 0.03404970 0.00260402 0.03577263
v 0.03444282 0.00091659 0.03577263
v 0.03449145 0.00000226 0.03577409
v 0.03088450 0.00578483 0.03660768
v 0.03150051 0.00545816 0.03683195
v 0.03192403 0.00546184 0.03600696
v 0.03100371 -0.00593382 0.03613943
v 0.03149646 -0.00545731 0.03682776
v 0.03128504 -0.00538117 0.03710947
v 0.02897801 -0.00508949 0.03813903
v 0.03002734 -0.00311530 0.03942138
v 0.02932419 -0.00175332 0.03977687
v 0.02918774 0.00000042 0.03988376
v 0.02861968 0.00303140 0.03937611
v 0.02939747 0.00314009 0.03942452
v 0.03326920 -0.00287398 0.03799357
v 0.03282509 0.00427548 0.03703485
v 0.03364780 0.00343545 0.03619560
v 0.03233741 0.00503937 0.03641317
v 0.02876828 0.00487849 0.03837588
v 0.03145560 0.00519565 0.03729360
v 0.03190511 0.00502586 0.03723104
v 0.03189701 -0.00502010 0.03722056
v 0.02945185 -0.00463079 0.03851925
v 0.02985645 -0.00413525 0.03887495
v 0.03056433 -0.00298942 0.03936814
v 0.03068388 -0.00171034 0.03977058
v 0.02981727 -0.00181412 0.03979154
v 0.02960720 -0.00125962 0.03986385
v 0.02971224 0.00000042 0.03994895
v 0.02896214 0.00128626 0.03976597
v 0.02759298 0.00293930 0.03907868
v 0.02940456 0.00419811 0.03892420
v 0.02759298 0.00390336 0.03883533
v 0.03002666 0.00311614 0.03942138
v 0.03142013 -0.00583434 0.03568627
v 0.03363226 -0.00181719 0.03815538
v 0.03444079 0.00000165 0.03641694
v 0.03233944 -0.00504098 0.03641610
v 0.03315877 0.00376090 0.03721678
v 0.03361943 0.00340475 0.03649911
v 0.03398080 0.00264946 0.03635259
v 0.03423815 0.00188926 0.03619560
v 0.03184263 0.00469427 0.03774204
v 0.03235497 0.00443115 0.03758935
v 0.03184095 -0.00469404 0.03774204
v 0.03025919 -0.00384480 0.03896937
v 0.03240563 -0.00342233 0.03853895
v 0.02960720 0.00125924 0.03986238
v 0.02932756 0.00175294 0.03977687
v 0.02811309 0.00258069 0.03935263
v 0.02981693 0.00181373 0.03979154
v 0.03068388 0.00171118 0.03977142
v 0.03056365 0.00298965 0.03936856
v 0.03279942 -0.00301214 0.03854818
v 0.03245696 -0.00465290 0.03703485
v 0.03276430 0.00358467 0.03809690
v 0.03318714 0.00337528 0.03768671
v 0.03359984 0.00295035 0.03725870
v 0.03402268 0.00213979 0.03683699
v 0.03443606 0.00046710 0.03641023
v 0.02985577 0.00413609 0.03887516
v 0.02944982 0.00463164 0.03851883
v 0.03199360 0.00424110 0.03811472
v 0.03235261 0.00402249 0.03810571
v 0.03235463 -0.00443030 0.03758757
v 0.03234990 -0.00402042 0.03810612
v 0.03198955 -0.00424025 0.03811472
v 0.03280482 -0.00219422 0.03895355
v 0.03292202 -0.00146963 0.03905227
v 0.03044680 -0.00083961 0.03991751
v 0.03044612 0.00021043 0.03996467
v 0.03025902 0.00384564 0.03896948
v 0.03241036 0.00342317 0.03853979
v 0.03361268 -0.00093049 0.03852931
v 0.03315201 -0.00161823 0.03890408
v 0.03376905 0.00042044 0.03829288
v 0.03375655 -0.00062960 0.03829372
v 0.03276497 -0.00358444 0.03809585
v 0.03363362 0.00181680 0.03815370
v 0.03112023 -0.00092680 0.03977603
v 0.03086575 -0.00031459 0.03989340
v 0.03099358 0.00077966 0.03982864
v 0.03280415 0.00219629 0.03895271
v 0.03279942 0.00301421 0.03854692
v 0.03323307 -0.00091176 0.03898289
v 0.03364341 0.00000042 0.03857270
v 0.03315674 0.00248489 0.03848152
v 0.03360930 0.00092765 0.03852596
v 0.03296356 -0.00020959 0.03918243
v 0.03123134 0.00000042 0.03980663
v 0.03296356 0.00073545 0.03913873
v 0.03315471 0.00162030 0.03890492
v 0.03325874 0.00042044 0.03900752
f 1938 2004 2006
f 1938 2006 1940
f 1938 1940 1939
f 1939 1940 1942
f 1939 1942 1960
f 1939 1960 1970
f 1939 1970 2008
f 1939 2008 1958
f 1939 1958 1941
f 1938 1939 1943
f 1938 1943 1944
f 1938 1944 1945
f 1938 1945 1946
f 1938 1946 1947
f 1938 1947 1948
f 1938 1948 1949
f 1938 1949 1950
f 1941 1943 1939
f 1942 1940 1952
f 1943 1941 1944
f 1945 1953 1946
f 1947 1954 1948
f 1949 1955 1956
f 1949 1956 1950
f 1950 1956 1951
f 1950 1951 1938
f 1940 1957 1952
f 1941 1958 1959
f 1942 1952 1960
f 1952 1957 1961
f 1944 1941 1959
f 1944 1959 1962
f 1944 1962 1945
f 1945 1962 1953
f 1946 1954 1947
f 1954 1946 1953
f 1954 1963 1964
f 1954 1964 1965
f 1948 1954 1965
f 1948 1965 1955
f 1948 1955 1949
f 1955 1966 1956
f 1951 1956 1967
f 1951 1968 1938
f 1951 1967 1968
f 1940 1969 1957
f 1960 1952 1971
f 1960 1971 1972
f 1960 1972 1973
f 1960 1973 1974
f 1960 1974 1975
f 1960 1975 1970
f 1961 1957 1976
f 1961 1977 1978
f 1961 1978 1952
f 1959 1958 1979
f 1959 1979 1980
f 1959 1980 1981
f 1959 1981 1962
f 1962 1982 1953
f 1964 1963 1983
f 1955 1965 1984
f 1955 1984 1966
f 1966 1967 1956
f 1969 1986 1987
f 1970 1975 1988
f 1952 1978 1971
f 1972 1971 1991
f 1972 1991 1989
f 1972 1990 1973
f 1957 1969 1992
f 1957 1992 1976
f 1976 1993 1977
f 1976 1977 1961
f 1977 1993 1994
f 1977 1994 1978
f 1981 1982 1962
f 1982 1996 1953
f 1953 1996 1963
f 1953 1963 1954
f 1963 1996 1997
f 1983 1998 1999
f 1964 1983 2000
f 1964 2000 1984
f 1964 1984 1965
f 1984 2000 2001
f 1966 1984 1985
f 1966 1985 1967
f 1985 2003 1967
f 1967 2003 1968
f 1938 1968 2004
f 1969 1987 2005
f 1940 2006 1969
f 1987 2007 2005
f 1979 2008 1980
f 1988 1975 2010
f 1988 2010 2009
f 1970 2011 2008
f 1978 1991 1971
f 1989 2012 1972
f 1972 2012 2013
f 1972 2013 1990
f 1991 1994 1989
f 1973 1990 2014
f 1973 2014 2015
f 1973 2015 1974
f 1975 1974 2010
f 1969 2005 1992
f 1976 1992 1993
f 1978 1994 1991
f 1993 2016 1994
f 1994 2016 2017
f 1980 2011 1995
f 1980 1995 1981
f 1981 1995 2018
f 1981 2018 1982
f 1982 2018 1996
f 1996 2018 1997
f 1983 1963 2019
f 1983 2019 1998
f 1963 1997 2019
f 1983 1999 2000
f 2000 1999 2001
f 1984 2001 1985
f 1985 2001 2002
f 2002 2021 1985
f 2003 2022 2023
f 2003 1985 2022
f 2003 2023 1968
f 1968 2023 2004
f 2006 2004 2023
f 2006 2023 1986
f 2006 1986 1969
f 1986 2023 2022
f 1986 2022 1987
f 1987 2022 2024
f 1987 2024 2007
f 2007 2025 2026
f 1958 2008 1979
f 1988 2009 2027
f 2008 2011 1980
f 1970 1988 2028
f 1970 2028 2011
f 2012 1989 2029
f 2013 2012 2031
f 1990 2013 2014
f 1994 2017 1989
f 2015 2014 2032
f 2015 2032 2033
f 2015 2033 1974
f 1974 2033 2010
f 2005 2034 2035
f 2005 2035 1992
f 1992 2035 1993
f 1993 2035 2016
f 2016 2035 2034
f 2016 2034 2036
f 2016 2036 2037
f 2016 2037 2017
f 2011 2028 2038
f 2011 2038 1995
f 1995 2038 2018
f 2018 2038 2039
f 2018 2039 2040
f 2018 2040 1997
f 1997 2040 2019
f 1998 2020 2041
f 1998 2019 2020
f 2020 2027 2041
f 2020 2019 2040
f 2020 2040 2039
f 2020 2039 2027
f 1999 1998 2041
f 1999 2041 2042
f 1999 2043 2001
f 2001 2043 2002
f 2002 2043 2044
f 2002 2044 2021
f 2021 2022 1985
f 2022 2021 2024
f 2005 2007 2045
f 2005 2045 2034
f 2007 2024 2025
f 2024 2021 2025
f 2026 2046 2045
f 2026 2045 2007
f 2009 2047 2048
f 2009 2048 2027
f 2010 2049 2050
f 2010 2050 2009
f 2027 2051 1988
f 1989 2017 2029
f 2029 2030 2012
f 2030 2031 2012
f 2013 2031 2014
f 2014 2031 2032
f 2032 2052 2033
f 2033 2052 2049
f 2033 2049 2010
f 2036 2034 2045
f 2036 2045 2046
f 2036 2046 2037
f 2037 2029 2017
f 2027 2039 2051
f 2039 2038 2051
f 1999 2042 2053
f 2041 2027 2048
f 2041 2048 2042
f 2043 1999 2054
f 2043 2054 2044
f 2044 2054 2055
f 2044 2055 2025
f 2044 2025 2021
f 2026 2056 2046
f 2046 2057 2037
f 2046 2056 2057
f 2009 2050 2047
f 2047 2058 2048
f 2049 2059 2050
f 2050 2059 2047
f 1988 2051 2028
f 2029 2037 2057
f 2032 2031 2052
f 2052 2031 2030
f 2052 2030 2060
f 2052 2061 2049
f 2049 2061 2059
f 2028 2051 2038
f 1999 2053 2054
f 2048 2058 2042
f 2042 2058 2062
f 2042 2062 2053
f 2055 2054 2063
f 2025 2055 2056
f 2056 2064 2065
f 2056 2055 2064
f 2056 2065 2057
f 2056 2026 2025
f 2057 2060 2029
f 2047 2059 2058
f 2029 2060 2030
f 2060 2057 2065
f 2060 2065 2052
f 2052 2065 2061
f 2053 2062 2063
f 2053 2063 2054
f 2058 2059 2066
f 2058 2066 2062
f 2055 2063 2064
f 2063 2062 2064
f 2059 2061 2066
f 2065 2064 2066
f 2065 2066 2061
f 2062 2066 2064

o geometry_16
v -0.00198235 0.00624193 0.00965679
v -0.00198235 0.00628893 0.00952957
v -0.00204977 0.00626511 0.00946000
v -0.00200240 0.00622712 0.00965679
v -0.00198235 0.00561485 0.00965679
v -0.00211673 0.00631662 0.00918022
v -0.00198235 0.00637070 0.00926768
v -0.00230941 0.00609514 0.00935217
v -0.00217822 0.00608355 0.00965679
v -0.00198235 0.00603913 0.00847009
v -0.00387136 0.00204682 0.00965679
v -0.00558818 0.00001558 0.00598487
v -0.00198235 0.00643830 0.00902915
v -0.00198235 0.00659281 0.00847009
v -0.00347142 0.00637907 0.00598487
v -0.00342769 0.00635009 0.00618414
v -0.00342769 0.00632305 0.00627558
v -0.00342769 0.00624129 0.00651859
v -0.00245745 0.00625867 0.00859681
v -0.00225384 0.00602175 0.00965679
v -0.00269842 0.00610995 0.00847009
v -0.00271846 0.00608677 0.00848798
v -0.00256450 0.00592518 0.00924433
v -0.00250209 0.00586916 0.00952411
v -0.00342769 0.00581379 0.00598487
v -0.00574715 0.00001558 0.00555004
v -0.00612568 0.00001558 0.00458050
v -0.00437333 0.00204682 0.00965679
v -0.00604733 0.00001558 0.00598487
v -0.00342769 0.00640482 0.00598487
v -0.00506389 0.00551700 0.00458050
v -0.00367184 0.00623099 0.00598487
v -0.00369052 0.00621618 0.00598487
v -0.00354840 0.00617691 0.00642317
v -0.00342769 0.00618785 0.00666320
v -0.00234449 0.00594706 0.00965679
v -0.00378891 0.00589492 0.00664630
v -0.00275991 0.00605909 0.00847009
v -0.00291069 0.00585822 0.00865843
v -0.00298311 0.00551442 0.00923737
v -0.00259183 0.00571336 0.00965679
v -0.00246930 0.00583826 0.00965679
v -0.00435101 0.00551700 0.00458050
v -0.00663540 0.00001558 0.00458050
v -0.00435739 0.00220262 0.00965679
v -0.00461430 0.00214532 0.00913301
v -0.00461749 0.00204682 0.00914096
v -0.00494864 0.00155623 0.00846959
v -0.00631335 0.00001558 0.00540344
v -0.00503291 0.00155623 0.00829069
v -0.00510397 0.00155623 0.00813664
v -0.00507391 0.00550669 0.00458050
v -0.00506252 0.00551700 0.00458498
v -0.00396929 0.00598569 0.00598487
v -0.00384448 0.00594320 0.00638938
v -0.00412963 0.00581959 0.00604997
v -0.00372514 0.00583633 0.00692608
v -0.00346094 0.00557429 0.00806756
v -0.00275672 0.00554339 0.00965679
v -0.00267473 0.00562837 0.00965679
v -0.00379939 0.00548867 0.00750552
v -0.00373516 0.00541913 0.00778530
v -0.00291615 0.00544617 0.00951715
v -0.00660852 0.00001558 0.00471021
v -0.00663540 0.00105084 0.00458050
v -0.00434236 0.00232752 0.00965679
v -0.00552031 0.00189037 0.00718648
v -0.00510534 0.00188458 0.00810334
v -0.00466076 0.00204682 0.00904704
v -0.00468308 0.00229469 0.00892927
v -0.00509851 0.00231014 0.00801489
v -0.00549708 0.00231014 0.00713380
v -0.00503063 0.00174101 0.00828523
v -0.00552714 0.00155623 0.00720189
v -0.00631335 0.00105084 0.00540344
v -0.00643133 0.00001558 0.00513013
v -0.00507026 0.00550283 0.00460038
v -0.00541144 0.00510302 0.00458050
v -0.00505159 0.00551700 0.00461181
v -0.00404855 0.00591552 0.00598487
v -0.00423805 0.00573782 0.00598487
v -0.00405493 0.00574362 0.00638938
v -0.00396611 0.00565542 0.00678247
v -0.00386270 0.00555498 0.00722773
v -0.00288427 0.00540819 0.00965679
v -0.00420570 0.00547515 0.00663885
v -0.00414284 0.00540433 0.00691863
v -0.00407270 0.00531870 0.00722773
v -0.00424533 0.00510946 0.00722773
v -0.00367048 0.00534123 0.00806756
v -0.00326690 0.00536312 0.00890740
v -0.00651378 0.00001558 0.00493483
v -0.00660852 0.00105084 0.00471021
v -0.00660306 0.00147060 0.00471021
v -0.00663130 0.00133991 0.00458050
v -0.00427631 0.00269514 0.00965679
v -0.00629058 0.00213695 0.00535126
v -0.00591159 0.00189037 0.00628502
v -0.00591888 0.00155623 0.00630093
v -0.00505979 0.00272991 0.00793041
v -0.00546884 0.00263141 0.00707020
v -0.00587060 0.00253998 0.00618961
v -0.00588882 0.00231014 0.00623185
v -0.00631199 0.00147060 0.00540046
v -0.00643133 0.00105084 0.00513013
v -0.00635389 0.00147060 0.00530356
v -0.00426037 0.00553309 0.00638938
v -0.00523652 0.00524788 0.00471070
v -0.00500695 0.00543652 0.00488016
v -0.00454688 0.00538437 0.00604102
v -0.00548614 0.00500130 0.00458050
v -0.00540233 0.00497426 0.00482102
v -0.00465985 0.00510495 0.00630093
v -0.00306328 0.00519380 0.00965679
v -0.00419432 0.00504508 0.00745135
v -0.00337804 0.00507598 0.00918271
v -0.00384357 0.00513135 0.00806756
v -0.00344136 0.00515324 0.00890740
v -0.00642860 0.00147060 0.00513013
v -0.00657026 0.00189037 0.00471021
v -0.00662902 0.00147060 0.00458050
v -0.00640810 0.00189037 0.00513013
v -0.00426902 0.00272927 0.00965679
v -0.00465757 0.00272927 0.00880900
v -0.00630652 0.00217430 0.00530356
v -0.00630197 0.00189037 0.00537711
v -0.00633977 0.00176483 0.00530356
v -0.00503382 0.00295911 0.00787376
v -0.00554263 0.00275438 0.00684260
v -0.00592571 0.00269321 0.00598487
v -0.00633066 0.00272991 0.00502477
v -0.00635526 0.00229018 0.00515249
v -0.00590931 0.00433108 0.00458050
v -0.00592116 0.00428924 0.00462920
v -0.00554946 0.00483133 0.00469281
v -0.00549662 0.00469420 0.00503769
v -0.00503747 0.00463303 0.00620452
v -0.00463707 0.00466072 0.00708361
v -0.00469720 0.00474635 0.00680880
v -0.00454460 0.00495687 0.00680880
v -0.00312569 0.00511590 0.00965679
v -0.00413009 0.00495816 0.00773113
v -0.00372195 0.00497490 0.00859731
v -0.00331290 0.00499164 0.00946249
v -0.00659440 0.00189037 0.00458050
v -0.00660579 0.00176032 0.00458050
v -0.00651924 0.00231014 0.00471021
v -0.00654384 0.00231014 0.00458050
v -0.00424214 0.00284065 0.00965679
v -0.00543012 0.00291147 0.00700510
v -0.00462614 0.00299066 0.00873993
v -0.00469538 0.00313809 0.00846959
v -0.00508484 0.00311942 0.00763075
v -0.00549070 0.00314968 0.00670146
v -0.00590020 0.00304602 0.00583827
v -0.00629923 0.00298615 0.00495172
v -0.00645593 0.00272991 0.00471021
v -0.00592708 0.00430018 0.00458050
v -0.00595259 0.00424546 0.00458050
v -0.00631654 0.00344841 0.00458050
v -0.00599905 0.00402334 0.00474549
v -0.00585556 0.00418687 0.00490898
v -0.00545972 0.00421970 0.00579056
v -0.00526203 0.00441478 0.00598487
v -0.00497734 0.00453195 0.00648430
v -0.00366729 0.00431499 0.00965679
v -0.00361992 0.00439353 0.00965679
v -0.00346277 0.00465042 0.00965679
v -0.00422985 0.00467746 0.00794879
v -0.00505842 0.00425254 0.00667214
v -0.00465484 0.00427829 0.00754180
v -0.00424761 0.00429889 0.00840747
v -0.00326872 0.00492919 0.00965679
v -0.00382125 0.00469484 0.00881497
v -0.00337121 0.00478562 0.00965679
v -0.00648371 0.00272991 0.00458050
v -0.00421846 0.00302285 0.00960511
v -0.00417154 0.00307178 0.00965679
v -0.00423076 0.00347352 0.00921103
v -0.00504567 0.00340914 0.00747968
v -0.00510534 0.00355657 0.00722624
v -0.00545107 0.00337051 0.00660903
v -0.00591706 0.00349348 0.00545513
v -0.00631973 0.00344004 0.00458050
v -0.00635799 0.00313551 0.00471468
v -0.00586149 0.00377289 0.00533636
v -0.00592526 0.00390745 0.00505608
v -0.00539914 0.00409287 0.00607084
v -0.00377525 0.00421069 0.00955293
v -0.00379984 0.00404394 0.00965679
v -0.00341585 0.00472188 0.00965679
v -0.00499100 0.00413150 0.00695192
v -0.00385952 0.00389522 0.00965679
v -0.00383628 0.00395574 0.00965679
v -0.00424214 0.00390810 0.00881696
v -0.00465028 0.00388041 0.00795128
v -0.00505705 0.00385208 0.00708560
v -0.00549799 0.00353339 0.00636752
v -0.00546109 0.00381281 0.00621297
v -0.00511764 0.00398986 0.00681079
f 2067 2068 2069
f 2067 2069 2070
f 2067 2070 2075
f 2067 2075 2086
f 2067 2086 2102
f 2067 2102 2108
f 2067 2108 2107
f 2067 2107 2126
f 2067 2126 2125
f 2067 2125 2151
f 2067 2151 2180
f 2067 2180 2207
f 2067 2207 2239
f 2067 2239 2241
f 2067 2241 2257
f 2067 2257 2234
f 2067 2234 2233
f 2067 2233 2232
f 2067 2232 2256
f 2067 2256 2260
f 2067 2260 2259
f 2067 2259 2244
f 2067 2244 2215
f 2067 2215 2189
f 2067 2189 2162
f 2067 2162 2132
f 2067 2132 2111
f 2067 2111 2094
f 2067 2094 2077
f 2067 2077 2071
f 2067 2071 2076
f 2067 2076 2080
f 2067 2080 2079
f 2067 2079 2073
f 2067 2073 2068
f 2068 2072 2069
f 2068 2073 2072
f 2069 2072 2074
f 2069 2074 2070
f 2070 2074 2075
f 2071 2077 2078
f 2071 2078 2076
f 2072 2073 2079
f 2072 2079 2080
f 2072 2080 2081
f 2072 2081 2082
f 2072 2082 2083
f 2072 2083 2084
f 2072 2084 2085
f 2072 2085 2074
f 2074 2086 2075
f 2074 2085 2087
f 2074 2087 2088
f 2074 2088 2089
f 2074 2089 2090
f 2074 2090 2086
f 2076 2091 2096
f 2076 2096 2080
f 2076 2078 2092
f 2076 2092 2093
f 2076 2093 2091
f 2077 2094 2095
f 2077 2095 2078
f 2078 2095 2115
f 2078 2115 2142
f 2078 2142 2158
f 2078 2158 2130
f 2078 2130 2110
f 2078 2110 2093
f 2078 2093 2092
f 2080 2096 2081
f 2081 2083 2082
f 2081 2096 2097
f 2081 2097 2098
f 2081 2098 2083
f 2083 2098 2084
f 2084 2098 2099
f 2084 2099 2100
f 2084 2100 2101
f 2084 2101 2085
f 2085 2101 2087
f 2086 2090 2102
f 2087 2101 2088
f 2088 2101 2103
f 2088 2103 2104
f 2088 2104 2089
f 2089 2103 2090
f 2089 2104 2103
f 2090 2103 2105
f 2090 2105 2106
f 2090 2106 2107
f 2090 2107 2108
f 2090 2108 2102
f 2091 2109 2096
f 2091 2093 2109
f 2093 2110 2131
f 2093 2131 2161
f 2093 2161 2187
f 2093 2187 2212
f 2093 2212 2211
f 2093 2211 2214
f 2093 2214 2242
f 2093 2242 2250
f 2093 2250 2226
f 2093 2226 2225
f 2093 2225 2224
f 2093 2224 2199
f 2093 2199 2177
f 2093 2177 2144
f 2093 2144 2118
f 2093 2118 2097
f 2093 2097 2109
f 2094 2111 2112
f 2094 2112 2113
f 2094 2113 2114
f 2094 2114 2095
f 2095 2114 2116
f 2095 2116 2117
f 2095 2117 2115
f 2096 2109 2097
f 2097 2118 2119
f 2097 2119 2098
f 2098 2119 2099
f 2099 2119 2120
f 2099 2120 2100
f 2100 2120 2121
f 2100 2121 2103
f 2100 2103 2101
f 2103 2122 2123
f 2103 2123 2105
f 2103 2121 2122
f 2105 2123 2124
f 2105 2124 2106
f 2106 2125 2126
f 2106 2126 2107
f 2106 2124 2127
f 2106 2127 2128
f 2106 2128 2129
f 2106 2129 2125
f 2110 2130 2159
f 2110 2159 2131
f 2111 2132 2112
f 2112 2133 2134
f 2112 2134 2135
f 2112 2135 2113
f 2112 2132 2136
f 2112 2136 2137
f 2112 2137 2138
f 2112 2138 2133
f 2113 2135 2139
f 2113 2139 2114
f 2114 2139 2116
f 2115 2117 2140
f 2115 2140 2141
f 2115 2141 2171
f 2115 2171 2142
f 2116 2139 2117
f 2117 2139 2140
f 2118 2143 2119
f 2118 2144 2143
f 2119 2143 2145
f 2119 2145 2122
f 2119 2122 2146
f 2119 2146 2120
f 2120 2146 2122
f 2120 2122 2121
f 2122 2147 2148
f 2122 2148 2123
f 2122 2145 2147
f 2123 2148 2149
f 2123 2149 2150
f 2123 2150 2124
f 2124 2150 2127
f 2125 2129 2151
f 2127 2152 2153
f 2127 2153 2128
f 2127 2150 2152
f 2128 2153 2154
f 2128 2154 2155
f 2128 2155 2156
f 2128 2156 2157
f 2128 2157 2151
f 2128 2151 2129
f 2130 2158 2159
f 2131 2159 2160
f 2131 2160 2161
f 2132 2162 2136
f 2133 2138 2163
f 2133 2163 2164
f 2133 2164 2165
f 2133 2165 2140
f 2133 2140 2139
f 2133 2139 2134
f 2134 2139 2135
f 2136 2162 2166
f 2136 2166 2137
f 2137 2167 2138
f 2137 2166 2167
f 2138 2167 2168
f 2138 2168 2169
f 2138 2169 2163
f 2140 2165 2170
f 2140 2170 2141
f 2141 2170 2172
f 2141 2172 2171
f 2142 2171 2158
f 2143 2173 2145
f 2143 2144 2174
f 2143 2174 2175
f 2143 2175 2176
f 2143 2176 2152
f 2143 2152 2173
f 2144 2177 2178
f 2144 2178 2179
f 2144 2179 2176
f 2144 2176 2174
f 2145 2173 2147
f 2147 2173 2148
f 2148 2173 2149
f 2149 2173 2152
f 2149 2152 2150
f 2151 2157 2180
f 2152 2176 2153
f 2153 2176 2179
f 2153 2179 2155
f 2153 2155 2154
f 2155 2179 2181
f 2155 2181 2182
f 2155 2182 2183
f 2155 2183 2156
f 2156 2183 2184
f 2156 2184 2157
f 2157 2184 2180
f 2158 2171 2159
f 2159 2171 2185
f 2159 2185 2160
f 2160 2186 2187
f 2160 2187 2161
f 2160 2185 2188
f 2160 2188 2186
f 2162 2189 2190
f 2162 2190 2166
f 2163 2191 2188
f 2163 2188 2192
f 2163 2192 2164
f 2163 2169 2191
f 2164 2192 2193
f 2164 2193 2185
f 2164 2185 2172
f 2164 2172 2170
f 2164 2170 2165
f 2166 2190 2194
f 2166 2194 2167
f 2167 2194 2195
f 2167 2195 2168
f 2168 2195 2196
f 2168 2196 2197
f 2168 2197 2198
f 2168 2198 2169
f 2169 2198 2191
f 2171 2172 2185
f 2174 2176 2175
f 2177 2199 2200
f 2177 2200 2201
f 2177 2201 2202
f 2177 2202 2178
f 2178 2202 2203
f 2178 2203 2204
f 2178 2204 2205
f 2178 2205 2179
f 2179 2205 2206
f 2179 2206 2181
f 2180 2184 2182
f 2180 2182 2207
f 2181 2206 2204
f 2181 2204 2208
f 2181 2208 2209
f 2181 2209 2182
f 2182 2184 2183
f 2182 2209 2210
f 2182 2210 2207
f 2185 2193 2188
f 2186 2211 2212
f 2186 2212 2187
f 2186 2188 2198
f 2186 2198 2213
f 2186 2213 2214
f 2186 2214 2211
f 2188 2191 2198
f 2188 2193 2192
f 2189 2215 2194
f 2189 2194 2190
f 2194 2216 2195
f 2194 2215 2217
f 2194 2217 2218
f 2194 2218 2219
f 2194 2219 2220
f 2194 2220 2216
f 2195 2216 2221
f 2195 2221 2222
f 2195 2222 2197
f 2195 2197 2196
f 2197 2222 2223
f 2197 2223 2198
f 2198 2223 2213
f 2199 2224 2200
f 2200 2225 2226
f 2200 2226 2227
f 2200 2227 2228
f 2200 2228 2229
f 2200 2229 2230
f 2200 2230 2231
f 2200 2231 2203
f 2200 2203 2202
f 2200 2202 2201
f 2200 2224 2225
f 2203 2231 2204
f 2204 2232 2233
f 2204 2233 2234
f 2204 2234 2235
f 2204 2235 2208
f 2204 2206 2205
f 2204 2231 2236
f 2204 2236 2237
f 2204 2237 2238
f 2204 2238 2232
f 2207 2210 2239
f 2208 2235 2240
f 2208 2240 2209
f 2209 2240 2241
f 2209 2241 2239
f 2209 2239 2210
f 2213 2223 2242
f 2213 2242 2214
f 2215 2243 2217
f 2215 2244 2243
f 2216 2220 2221
f 2217 2243 2218
f 2218 2245 2246
f 2218 2246 2219
f 2218 2243 2245
f 2219 2246 2247
f 2219 2247 2248
f 2219 2248 2220
f 2220 2248 2249
f 2220 2249 2250
f 2220 2250 2221
f 2221 2250 2251
f 2221 2251 2222
f 2222 2251 2223
f 2223 2251 2250
f 2223 2250 2242
f 2226 2250 2249
f 2226 2249 2252
f 2226 2252 2253
f 2226 2253 2227
f 2227 2253 2228
f 2228 2253 2229
f 2229 2236 2230
f 2229 2253 2254
f 2229 2254 2236
f 2230 2236 2231
f 2232 2238 2255
f 2232 2255 2256
f 2234 2257 2240
f 2234 2240 2235
f 2236 2254 2258
f 2236 2258 2237
f 2237 2258 2255
f 2237 2255 2238
f 2240 2257 2241
f 2243 2244 2259
f 2243 2259 2245
f 2245 2259 2260
f 2245 2260 2261
f 2245 2261 2262
f 2245 2262 2263
f 2245 2263 2247
f 2245 2247 2246
f 2247 2263 2264
f 2247 2264 2248
f 2248 2264 2249
f 2249 2264 2265
f 2249 2265 2252
f 2252 2265 2253
f 2253 2265 2254
f 2254 2265 2266
f 2254 2266 2258
f 2255 2258 2263
f 2255 2263 2262
f 2255 2262 2256
f 2256 2262 2261
f 2256 2261 2260
f 2258 2266 2263
f 2263 2265 2264
f 2263 2266 2265

o geometry_17
v -0.00019865 -0.00440760 -0.00243429
v -0.00019865 -0.00482723 -0.00238658
v -0.00061733 -0.00482723 -0.00232372
v -0.00050943 -0.00440760 -0.00237976
v -0.00019865 -0.00306575 -0.00243429
v 0.00022147 -0.00440760 -0.00241460
v 0.00022147 -0.00482723 -0.00237143
v 0.00022147 -0.00508193 -0.00227222
v -0.00019865 -0.00508376 -0.00227828
v -0.00050943 -0.00506872 -0.00225783
v -0.00061733 -0.00506325 -0.00225025
v -0.00061733 -0.00440760 -0.00236007
v -0.00083891 -0.00504138 -0.00221996
v -0.00087487 -0.00482723 -0.00223511
v -0.00050943 -0.00306575 -0.00237976
v 0.00022147 -0.00306575 -0.00241460
v 0.00064159 -0.00356877 -0.00236537
v 0.00064159 -0.00398841 -0.00236235
v 0.00064159 -0.00440760 -0.00235704
v 0.00064159 -0.00482723 -0.00231918
v 0.00064159 -0.00506508 -0.00224950
v -0.00019721 -0.00763303 0.00397001
v 0.00022290 -0.00761890 0.00399651
v -0.00061733 -0.00762619 0.00397152
v -0.00103601 -0.00760432 0.00399727
v -0.00137412 -0.00757926 0.00403665
v -0.00061733 -0.00309947 -0.00236007
v -0.00090509 -0.00440760 -0.00224798
v -0.00133672 -0.00506827 -0.00185415
v -0.00141297 -0.00482723 -0.00191095
v -0.00108349 -0.00482723 -0.00212074
v -0.00111371 -0.00440760 -0.00214877
v -0.00090509 -0.00309947 -0.00224798
v -0.00111371 -0.00309947 -0.00214877
v -0.00144319 -0.00309947 -0.00193898
v -0.00165181 -0.00309947 -0.00177993
v -0.00183309 -0.00309947 -0.00157014
v -0.00204315 -0.00309947 -0.00132324
v -0.00216689 -0.00309947 -0.00111193
v -0.00637383 -0.00316372 0.00394047
v -0.00645297 -0.00316372 0.00427674
v -0.00645440 -0.00316372 0.00428886
v -0.00050943 -0.00306575 -0.00190035
v 0.00064159 -0.00306575 -0.00236537
v 0.00092214 -0.00306575 -0.00229039
v 0.00099120 -0.00314914 -0.00227070
v 0.00097250 -0.00356877 -0.00227070
v 0.00093941 -0.00440760 -0.00226464
v 0.00090344 -0.00482723 -0.00224420
v 0.00086747 -0.00504503 -0.00222375
v 0.00231775 -0.00762209 0.00441079
v -0.00019721 -0.00770912 0.00428886
v 0.00022290 -0.00770319 0.00428886
v 0.00189907 -0.00763758 0.00437293
v -0.00061733 -0.00768634 0.00428886
v -0.00138995 -0.00758610 0.00428886
v -0.00229781 -0.00733550 0.00428886
v -0.00293375 -0.00713866 0.00407301
v -0.00271793 -0.00718195 0.00399954
v -0.00103601 -0.00764214 0.00428886
v -0.00174101 -0.00506827 -0.00146562
v -0.00162159 -0.00482723 -0.00175115
v -0.00144319 -0.00440760 -0.00193898
v -0.00165181 -0.00440760 -0.00178069
v -0.00183453 -0.00440760 -0.00157090
v -0.00588753 -0.00316372 0.00320658
v -0.00585876 -0.00334597 0.00324596
v -0.00632635 -0.00347810 0.00401469
v -0.00634218 -0.00351091 0.00428886
v -0.00631916 -0.00344348 0.00457893
v -0.00638390 -0.00316372 0.00457893
v 0.00696496 -0.00307578 0.00428810
v 0.00183144 -0.00306575 -0.00133460
v 0.00099120 -0.00306575 -0.00227070
v 0.00192496 -0.00317328 -0.00189732
v 0.00631895 -0.00337331 -0.00012205
v 0.00137392 -0.00506827 -0.00184809
v 0.00675634 -0.00691905 0.00530297
v 0.00649160 -0.00691905 0.00513787
v 0.00347307 -0.00748312 0.00457893
v 0.00327884 -0.00753233 0.00457893
v 0.00302130 -0.00758519 0.00457893
v 0.00292634 -0.00760341 0.00457893
v 0.00684842 -0.00347218 0.00022255
v 0.00255370 -0.00764806 0.00457893
v 0.00231775 -0.00766993 0.00457893
v 0.00215660 -0.00768041 0.00457893
v 0.00051210 -0.00772005 0.00457893
v 0.00009342 -0.00771686 0.00457893
v -0.00019721 -0.00770137 0.00457893
v 0.00189907 -0.00769089 0.00457893
v 0.00175231 -0.00769499 0.00457893
v -0.00032527 -0.00769363 0.00457893
v -0.00061733 -0.00767130 0.00457893
v -0.00106191 -0.00761754 0.00457893
v -0.00119284 -0.00759612 0.00457893
v -0.00132377 -0.00757425 0.00457893
v -0.00229781 -0.00729586 0.00457893
v -0.00242155 -0.00725348 0.00457893
v -0.00272513 -0.00719334 0.00425705
v -0.00293375 -0.00713866 0.00409649
v -0.00377830 -0.00672313 0.00406543
v -0.00074682 -0.00765718 0.00457893
v -0.00211653 -0.00506280 -0.00102180
v -0.00201725 -0.00482723 -0.00129370
v -0.00180719 -0.00482723 -0.00154136
v -0.00204459 -0.00440760 -0.00132324
v -0.00581415 -0.00356923 0.00330807
v -0.00596091 -0.00356923 0.00351862
v -0.00597529 -0.00357151 0.00354134
v -0.00618536 -0.00359839 0.00387306
v -0.00600695 -0.00399753 0.00384958
v -0.00592206 -0.00440851 0.00399879
v -0.00586739 -0.00462357 0.00407528
v -0.00586739 -0.00462357 0.00409346
v -0.00613500 -0.00398887 0.00428886
v -0.00594364 -0.00442445 0.00425553
v -0.00592206 -0.00431191 0.00457893
v 0.00533196 -0.00691905 0.00530297
v 0.00647722 -0.00356877 0.00530297
v 0.00651894 -0.00347901 0.00530297
v 0.00664267 -0.00333549 0.00530297
v 0.00674051 -0.00331089 0.00530297
v 0.00695489 -0.00326532 0.00530297
v 0.00695489 -0.00319834 0.00512878
v 0.00695489 -0.00319197 0.00510681
v 0.00695489 -0.00309264 0.00470996
v 0.00695489 -0.00309081 0.00470087
v 0.00696496 -0.00308216 0.00457893
v 0.00822675 -0.00317328 0.00279987
v 0.00824258 -0.00317328 0.00260826
v 0.00822819 -0.00317328 0.00218944
v 0.00817784 -0.00317328 0.00176910
v 0.00806417 -0.00317328 0.00142071
v 0.00759226 -0.00317328 0.00069212
v 0.00183288 -0.00306575 -0.00192913
v 0.00183288 -0.00306575 -0.00170874
v 0.00632327 -0.00317328 -0.00012432
v 0.00612040 -0.00317328 -0.00020612
v 0.00655779 -0.00317328 -0.00000996
v 0.00690597 -0.00317328 0.00018317
v 0.00735486 -0.00347947 0.00061260
v 0.00758363 -0.00340247 0.00070197
v 0.00688151 -0.00683795 0.00530297
v -0.00262729 -0.00717512 0.00457893
v -0.00312654 -0.00694183 0.00457893
v -0.00356968 -0.00680150 0.00426538
v -0.00377830 -0.00672313 0.00410936
v -0.00426029 -0.00635224 0.00399803
v -0.00470055 -0.00596222 0.00397304
v -0.00510916 -0.00554987 0.00397758
v -0.00549619 -0.00510836 0.00401166
v -0.00590192 -0.00386357 0.00360496
v -0.00549619 -0.00510654 0.00428886
v -0.00571920 -0.00478942 0.00425553
v -0.00583286 -0.00457481 0.00437368
v -0.00548612 -0.00499855 0.00457893
v -0.00545159 -0.00504731 0.00457893
v -0.00540411 -0.00510608 0.00457893
v -0.00506743 -0.00550385 0.00457893
v -0.00465595 -0.00592076 0.00457893
v -0.00419698 -0.00630485 0.00457893
v -0.00415526 -0.00633310 0.00457893
v -0.00373370 -0.00661560 0.00457893
v -0.00367615 -0.00665296 0.00457893
v -0.00347472 -0.00677735 0.00457893
v 0.00695489 -0.00674682 0.00530297
v 0.00812316 -0.00353005 0.00260826
v 0.00811453 -0.00353141 0.00218944
v 0.00808288 -0.00352276 0.00176910
v 0.00803827 -0.00346170 0.00146312
v 0.00737644 -0.00317328 0.00052626
v 0.00713617 -0.00317328 0.00034979
v -0.00420561 -0.00631078 0.00454409
v -0.00425597 -0.00634905 0.00428886
v -0.00446603 -0.00618138 0.00428886
v -0.00471062 -0.00597133 0.00428886
v -0.00492068 -0.00576994 0.00428886
v -0.00511923 -0.00556035 0.00428886
v -0.00532929 -0.00531567 0.00428886
v -0.00546166 -0.00506006 0.00453727
f 2267 2268 2269
f 2267 2269 2270
f 2267 2270 2281
f 2267 2281 2271
f 2267 2271 2282
f 2267 2282 2272
f 2267 2272 2273
f 2267 2273 2268
f 2268 2273 2274
f 2268 2274 2275
f 2268 2275 2276
f 2268 2276 2277
f 2268 2277 2269
f 2269 2278 2270
f 2269 2277 2279
f 2269 2279 2280
f 2269 2280 2278
f 2270 2278 2293
f 2270 2293 2281
f 2271 2281 2309
f 2271 2309 2339
f 2271 2339 2403
f 2271 2403 2402
f 2271 2402 2340
f 2271 2340 2311
f 2271 2311 2310
f 2271 2310 2282
f 2272 2282 2310
f 2272 2310 2283
f 2272 2283 2284
f 2272 2284 2285
f 2272 2285 2286
f 2272 2286 2273
f 2273 2286 2287
f 2273 2287 2274
f 2274 2288 2275
f 2274 2287 2289
f 2274 2289 2288
f 2275 2288 2290
f 2275 2290 2276
f 2276 2290 2291
f 2276 2291 2277
f 2277 2291 2292
f 2277 2292 2279
f 2278 2280 2294
f 2278 2294 2299
f 2278 2299 2293
f 2279 2292 2295
f 2279 2295 2296
f 2279 2296 2297
f 2279 2297 2280
f 2280 2297 2298
f 2280 2298 2294
f 2281 2293 2299
f 2281 2299 2300
f 2281 2300 2301
f 2281 2301 2302
f 2281 2302 2303
f 2281 2303 2304
f 2281 2304 2305
f 2281 2305 2306
f 2281 2306 2307
f 2281 2307 2308
f 2281 2308 2309
f 2283 2310 2311
f 2283 2311 2312
f 2283 2312 2284
f 2284 2312 2285
f 2285 2312 2313
f 2285 2313 2314
f 2285 2314 2315
f 2285 2315 2286
f 2286 2315 2316
f 2286 2316 2287
f 2287 2316 2317
f 2287 2317 2289
f 2288 2318 2290
f 2288 2289 2319
f 2288 2319 2318
f 2289 2317 2320
f 2289 2320 2319
f 2290 2321 2291
f 2290 2318 2321
f 2291 2321 2292
f 2292 2322 2323
f 2292 2323 2324
f 2292 2324 2325
f 2292 2325 2295
f 2292 2321 2326
f 2292 2326 2322
f 2294 2298 2300
f 2294 2300 2299
f 2295 2325 2324
f 2295 2324 2327
f 2295 2327 2328
f 2295 2328 2296
f 2296 2329 2298
f 2296 2298 2297
f 2296 2328 2330
f 2296 2330 2329
f 2298 2329 2301
f 2298 2301 2300
f 2301 2329 2330
f 2301 2330 2302
f 2302 2330 2331
f 2302 2331 2303
f 2303 2331 2304
f 2304 2331 2332
f 2304 2332 2306
f 2304 2306 2305
f 2306 2332 2333
f 2306 2333 2334
f 2306 2334 2307
f 2307 2334 2308
f 2308 2334 2335
f 2308 2335 2336
f 2308 2336 2337
f 2308 2337 2309
f 2309 2338 2339
f 2309 2337 2338
f 2311 2340 2312
f 2312 2340 2341
f 2312 2341 2313
f 2313 2341 2314
f 2314 2341 2342
f 2314 2342 2315
f 2315 2342 2316
f 2316 2343 2344
f 2316 2344 2345
f 2316 2345 2346
f 2316 2346 2347
f 2316 2347 2348
f 2316 2348 2349
f 2316 2349 2317
f 2316 2342 2350
f 2316 2350 2343
f 2317 2351 2352
f 2317 2352 2353
f 2317 2353 2320
f 2317 2349 2351
f 2318 2319 2354
f 2318 2354 2355
f 2318 2355 2356
f 2318 2356 2321
f 2319 2320 2353
f 2319 2353 2357
f 2319 2357 2358
f 2319 2358 2354
f 2321 2356 2359
f 2321 2359 2360
f 2321 2360 2326
f 2322 2326 2361
f 2322 2361 2362
f 2322 2362 2363
f 2322 2363 2323
f 2323 2364 2365
f 2323 2365 2366
f 2323 2366 2367
f 2323 2367 2324
f 2323 2363 2364
f 2324 2367 2414
f 2324 2414 2368
f 2324 2368 2327
f 2326 2360 2369
f 2326 2369 2361
f 2327 2370 2371
f 2327 2371 2372
f 2327 2372 2328
f 2327 2368 2370
f 2328 2372 2330
f 2330 2372 2331
f 2331 2372 2371
f 2331 2371 2373
f 2331 2373 2332
f 2332 2373 2371
f 2332 2371 2333
f 2333 2374 2375
f 2333 2375 2334
f 2333 2371 2374
f 2334 2375 2376
f 2334 2376 2377
f 2334 2377 2378
f 2334 2378 2379
f 2334 2379 2380
f 2334 2380 2335
f 2335 2380 2381
f 2335 2381 2382
f 2335 2382 2336
f 2336 2382 2383
f 2336 2383 2384
f 2336 2384 2385
f 2336 2385 2337
f 2337 2385 2386
f 2337 2386 2387
f 2337 2387 2388
f 2337 2388 2389
f 2337 2389 2390
f 2337 2390 2391
f 2337 2391 2392
f 2337 2392 2393
f 2337 2393 2394
f 2337 2394 2395
f 2337 2395 2338
f 2338 2395 2396
f 2338 2396 2397
f 2338 2397 2398
f 2338 2398 2399
f 2338 2399 2400
f 2338 2400 2401
f 2338 2401 2402
f 2338 2402 2403
f 2338 2403 2339
f 2340 2402 2404
f 2340 2404 2405
f 2340 2405 2341
f 2341 2405 2342
f 2342 2405 2404
f 2342 2404 2406
f 2342 2406 2407
f 2342 2407 2350
f 2343 2350 2408
f 2343 2408 2344
f 2344 2408 2409
f 2344 2409 2410
f 2344 2410 2433
f 2344 2433 2390
f 2344 2390 2389
f 2344 2389 2388
f 2344 2388 2387
f 2344 2387 2386
f 2344 2386 2385
f 2344 2385 2354
f 2344 2354 2358
f 2344 2358 2357
f 2344 2357 2353
f 2344 2353 2352
f 2344 2352 2351
f 2344 2351 2349
f 2344 2349 2348
f 2344 2348 2347
f 2344 2347 2346
f 2344 2346 2345
f 2350 2407 2409
f 2350 2409 2408
f 2354 2385 2355
f 2355 2385 2356
f 2356 2385 2359
f 2359 2385 2360
f 2360 2385 2369
f 2361 2369 2385
f 2361 2385 2362
f 2362 2385 2363
f 2363 2385 2364
f 2364 2385 2365
f 2365 2411 2366
f 2365 2385 2411
f 2366 2411 2367
f 2367 2411 2412
f 2367 2412 2413
f 2367 2413 2414
f 2368 2414 2415
f 2368 2415 2370
f 2370 2415 2416
f 2370 2416 2417
f 2370 2417 2418
f 2370 2418 2380
f 2370 2380 2379
f 2370 2379 2419
f 2370 2419 2374
f 2370 2374 2371
f 2374 2419 2375
f 2375 2419 2376
f 2376 2419 2377
f 2377 2419 2378
f 2378 2419 2379
f 2380 2418 2381
f 2381 2383 2382
f 2381 2418 2420
f 2381 2420 2421
f 2381 2421 2422
f 2381 2422 2383
f 2383 2422 2384
f 2384 2422 2423
f 2384 2423 2385
f 2385 2423 2424
f 2385 2424 2425
f 2385 2425 2426
f 2385 2426 2427
f 2385 2427 2428
f 2385 2428 2429
f 2385 2429 2430
f 2385 2430 2431
f 2385 2431 2432
f 2385 2432 2412
f 2385 2412 2411
f 2390 2433 2396
f 2390 2396 2391
f 2391 2396 2392
f 2392 2396 2393
f 2393 2396 2394
f 2394 2396 2395
f 2396 2433 2397
f 2397 2434 2435
f 2397 2435 2398
f 2397 2433 2434
f 2398 2435 2436
f 2398 2436 2399
f 2399 2436 2437
f 2399 2437 2400
f 2400 2437 2409
f 2400 2409 2401
f 2401 2409 2438
f 2401 2438 2402
f 2402 2438 2439
f 2402 2439 2407
f 2402 2407 2406
f 2402 2406 2404
f 2407 2439 2409
f 2409 2439 2438
f 2409 2437 2410
f 2410 2437 2433
f 2412 2432 2413
f 2413 2432 2414
f 2414 2432 2431
f 2414 2431 2430
f 2414 2430 2440
f 2414 2440 2441
f 2414 2441 2415
f 2415 2441 2442
f 2415 2442 2443
f 2415 2443 2416
f 2416 2443 2444
f 2416 2444 2417
f 2417 2444 2445
f 2417 2445 2418
f 2418 2445 2446
f 2418 2446 2420
f 2420 2447 2422
f 2420 2422 2421
f 2420 2446 2447
f 2422 2447 2423
f 2423 2447 2424
f 2424 2447 2425
f 2425 2447 2426
f 2426 2447 2446
f 2426 2446 2445
f 2426 2445 2444
f 2426 2444 2427
f 2427 2444 2443
f 2427 2443 2442
f 2427 2442 2440
f 2427 2440 2428
f 2428 2440 2429
f 2429 2440 2430
f 2433 2437 2436
f 2433 2436 2435
f 2433 2435 2434
f 2440 2442 2441

o geometry_18
v 0.03245805 -0.00510702 0.03568471
v 0.03310091 -0.00428829 0.03337168
v 0.02618000 -0.00481455 0.02493920
v 0.02741771 -0.00481455 0.02494054
v 0.02892863 -0.00481455 0.02648647
v 0.03075122 -0.00481455 0.02885342
v 0.03183391 -0.00481455 0.03069568
v 0.03325268 -0.00428829 0.03514161
v 0.03284051 -0.00470968 0.03577311
v 0.02755035 0.00472161 0.02613925
v 0.02755035 0.00472161 0.02501822
v 0.02755035 0.00401785 0.02471553
v 0.02755035 0.00347764 0.02457222
v 0.02755035 0.00126701 0.02434085
v 0.02755035 0.00001462 0.02431105
v 0.02755035 -0.00114805 0.02433516
v 0.03245805 -0.00502332 0.03606107
v 0.03245805 -0.00465388 0.03703342
v 0.03245805 -0.00424115 0.03771917
v 0.03245805 -0.00401217 0.03799373
v 0.03245805 -0.00309242 0.03799373
v 0.03204304 0.00461001 0.03577043
v 0.02944699 -0.00420050 0.02669641
v 0.03023083 -0.00417958 0.02759913
v 0.03111130 -0.00467312 0.02921303
v 0.03253210 -0.00428829 0.03156357
v 0.03317659 -0.00378224 0.03262298
v 0.03367541 -0.00353113 0.03451413
v 0.03358753 -0.00376588 0.03493468
v 0.03116013 0.00472161 0.03095953
v 0.02891378 0.00472161 0.02640511
v 0.02775216 0.00288115 0.02462245
v 0.02783679 0.00136346 0.02454979
v 0.02796414 -0.00005224 0.02462262
v 0.02775867 -0.00408481 0.02493920
v 0.03282749 -0.00427482 0.03703342
v 0.03328238 0.00000067 0.03799373
v 0.03290236 0.00461001 0.03576909
v 0.02864891 -0.00415167 0.02581848
v 0.03130660 -0.00403815 0.02902619
v 0.03200357 -0.00413580 0.03027211
v 0.03279820 -0.00386786 0.03168277
v 0.03360706 -0.00297312 0.03300603
v 0.03403916 -0.00259118 0.03451413
v 0.03326854 -0.00389191 0.03661287
v 0.03362089 -0.00340510 0.03650305
v 0.02864850 0.00415061 0.02581781
v 0.02856835 0.00339297 0.02548163
v 0.02865257 0.00251796 0.02540529
v 0.02879314 0.00136346 0.02542823
v 0.02894837 0.00000019 0.02553186
v 0.02868573 -0.00199324 0.02537716
v 0.02857852 -0.00323192 0.02547092
v 0.03318717 -0.00337527 0.03768434
v 0.03382026 0.00000067 0.03799373
v 0.03191569 0.00472161 0.03079345
v 0.03057667 -0.00335748 0.02769087
v 0.03284112 -0.00319176 0.03122405
v 0.03418950 -0.00217315 0.03577311
v 0.03421493 -0.00146843 0.03409491
v 0.02946347 0.00413089 0.02667766
v 0.02982518 0.00318468 0.02674329
v 0.02973689 0.00188828 0.02640845
v 0.02961177 -0.00327257 0.02653636
v 0.03360055 -0.00295003 0.03725709
v 0.03326976 -0.00287307 0.03799373
v 0.03444115 0.00000067 0.03641465
v 0.03421533 0.00210042 0.03577043
v 0.03405055 0.00260407 0.03577043
v 0.03321158 0.00425307 0.03561239
v 0.03299838 0.00461001 0.03535390
v 0.03284540 0.00461001 0.03315805
v 0.03153120 -0.00283338 0.02879750
v 0.03234006 -0.00295581 0.03009833
v 0.03389594 -0.00213347 0.03334489
v 0.03416102 -0.00216738 0.03619366
v 0.03443952 -0.00089118 0.03552935
v 0.03024711 0.00472161 0.02799557
v 0.03023164 0.00418188 0.02759779
v 0.02977554 0.00073402 0.02636459
v 0.02976903 -0.00083874 0.02637162
v 0.02977310 -0.00241295 0.02652883
v 0.03375109 -0.00101625 0.03799373
v 0.03443708 -0.00047171 0.03640929
v 0.03444237 0.00091032 0.03564788
v 0.03403672 0.00258964 0.03451413
v 0.03358509 0.00376434 0.03493468
v 0.03317821 0.00420401 0.03344936
v 0.03239539 0.00461001 0.03166402
v 0.03067371 -0.00251734 0.02756765
v 0.03320629 -0.00179986 0.03130307
v 0.03358021 -0.00202740 0.03224261
v 0.03402289 -0.00214189 0.03683520
v 0.03375842 -0.00125869 0.03241673
v 0.03419052 -0.00052462 0.03367570
v 0.03449160 -0.00021002 0.03577311
v 0.03130701 0.00403805 0.02902552
v 0.03109503 0.00472161 0.02923848
v 0.03064340 0.00279696 0.02760549
v 0.03068734 0.00031455 0.02734063
v 0.03360462 -0.00194562 0.03799373
v 0.03421330 0.00146881 0.03409491
v 0.03414332 0.00188828 0.03409491
v 0.03367623 0.00353151 0.03451413
v 0.03190714 0.00418477 0.03011708
v 0.03317740 0.00378358 0.03262298
v 0.03237261 -0.00199372 0.02983448
v 0.03430281 -0.00000029 0.03409491
v 0.03153120 0.00283256 0.02879784
v 0.03158775 0.00132931 0.02853800
v 0.03074593 0.00146881 0.02748394
v 0.03075346 -0.00115335 0.02747457
v 0.03155520 -0.00174214 0.02855675
v 0.03419947 0.00041918 0.03367570
v 0.03376676 0.00115397 0.03241673
v 0.03360625 0.00297254 0.03300738
v 0.03277928 0.00373187 0.03151703
v 0.03382820 -0.00010516 0.03241673
v 0.03233843 0.00295330 0.03009967
v 0.03239702 0.00209801 0.02989843
v 0.03170066 -0.00073340 0.02863845
v 0.03358183 0.00202778 0.03224127
v 0.03283400 0.00312744 0.03115373
v 0.03250433 -0.00068096 0.02983180
v 0.03317496 -0.00000221 0.03094613
v 0.03316316 0.00204750 0.03129135
v 0.03244218 0.00113304 0.02977656
v 0.03247249 0.00031455 0.02975680
v 0.03324291 0.00125908 0.03122940
f 2448 2450 2451
f 2448 2451 2452
f 2448 2452 2453
f 2448 2453 2454
f 2448 2454 2449
f 2449 2455 2448
f 2448 2455 2456
f 2450 2457 2458
f 2450 2458 2459
f 2450 2459 2460
f 2450 2460 2461
f 2450 2461 2462
f 2450 2462 2463
f 2450 2448 2464
f 2450 2464 2465
f 2450 2465 2466
f 2450 2466 2467
f 2450 2467 2468
f 2450 2468 2469
f 2450 2469 2457
f 2450 2463 2451
f 2452 2471 2453
f 2452 2470 2471
f 2453 2471 2472
f 2453 2472 2454
f 2454 2473 2449
f 2449 2473 2474
f 2449 2474 2475
f 2449 2475 2476
f 2449 2476 2455
f 2456 2464 2448
f 2457 2469 2477
f 2457 2477 2503
f 2457 2503 2545
f 2457 2545 2525
f 2457 2525 2478
f 2457 2478 2458
f 2460 2479 2461
f 2461 2479 2480
f 2461 2480 2462
f 2463 2462 2481
f 2463 2482 2451
f 2464 2456 2483
f 2464 2483 2465
f 2466 2465 2483
f 2466 2483 2467
f 2467 2513 2548
f 2467 2548 2530
f 2467 2530 2502
f 2467 2502 2484
f 2467 2484 2468
f 2468 2484 2469
f 2469 2484 2502
f 2469 2502 2485
f 2469 2485 2503
f 2469 2503 2477
f 2451 2482 2486
f 2451 2486 2452
f 2452 2486 2470
f 2471 2487 2472
f 2472 2488 2454
f 2472 2487 2488
f 2454 2488 2489
f 2454 2489 2473
f 2473 2489 2474
f 2474 2489 2490
f 2456 2492 2483
f 2455 2476 2493
f 2458 2478 2494
f 2458 2494 2459
f 2459 2494 2495
f 2459 2495 2460
f 2460 2495 2479
f 2479 2495 2496
f 2479 2496 2497
f 2479 2497 2480
f 2480 2497 2481
f 2462 2480 2481
f 2463 2481 2498
f 2463 2498 2499
f 2463 2499 2500
f 2463 2500 2482
f 2482 2500 2486
f 2467 2483 2501
f 2489 2505 2490
f 2490 2491 2475
f 2490 2475 2474
f 2475 2491 2476
f 2476 2491 2506
f 2476 2506 2493
f 2456 2455 2492
f 2492 2455 2493
f 2478 2508 2494
f 2494 2508 2509
f 2494 2509 2495
f 2495 2510 2496
f 2481 2497 2498
f 2486 2500 2511
f 2486 2511 2470
f 2483 2492 2501
f 2492 2493 2501
f 2501 2512 2513
f 2501 2513 2467
f 2502 2514 2515
f 2502 2515 2516
f 2502 2516 2485
f 2485 2517 2518
f 2485 2518 2503
f 2503 2518 2519
f 2470 2511 2504
f 2470 2504 2471
f 2471 2504 2520
f 2471 2520 2487
f 2487 2520 2521
f 2487 2521 2488
f 2488 2521 2505
f 2488 2505 2489
f 2490 2522 2491
f 2491 2522 2507
f 2506 2523 2493
f 2491 2507 2524
f 2491 2524 2506
f 2478 2525 2526
f 2478 2526 2508
f 2508 2526 2509
f 2509 2510 2495
f 2496 2510 2497
f 2497 2510 2527
f 2498 2528 2499
f 2499 2528 2529
f 2499 2529 2500
f 2500 2529 2511
f 2501 2493 2512
f 2502 2530 2531
f 2502 2531 2514
f 2514 2532 2515
f 2515 2532 2533
f 2515 2533 2516
f 2516 2533 2534
f 2516 2534 2517
f 2516 2517 2485
f 2518 2517 2534
f 2519 2518 2534
f 2519 2534 2535
f 2503 2519 2536
f 2504 2537 2520
f 2504 2511 2537
f 2521 2538 2505
f 2490 2505 2539
f 2505 2538 2539
f 2522 2490 2539
f 2506 2524 2531
f 2506 2531 2523
f 2523 2540 2493
f 2493 2540 2512
f 2507 2522 2541
f 2507 2541 2542
f 2525 2544 2526
f 2525 2545 2544
f 2526 2546 2509
f 2509 2546 2510
f 2527 2498 2497
f 2498 2527 2528
f 2528 2527 2547
f 2511 2529 2537
f 2512 2548 2513
f 2512 2540 2548
f 2531 2530 2540
f 2514 2531 2543
f 2532 2514 2543
f 2532 2549 2550
f 2532 2550 2533
f 2533 2551 2534
f 2535 2534 2551
f 2519 2535 2536
f 2503 2536 2552
f 2536 2535 2553
f 2520 2554 2521
f 2521 2554 2538
f 2522 2539 2541
f 2524 2543 2531
f 2523 2531 2540
f 2507 2542 2555
f 2507 2555 2524
f 2545 2552 2544
f 2526 2544 2556
f 2526 2556 2546
f 2546 2556 2557
f 2510 2546 2558
f 2546 2557 2558
f 2510 2558 2527
f 2527 2558 2547
f 2528 2547 2559
f 2528 2559 2529
f 2529 2559 2537
f 2537 2560 2520
f 2540 2530 2548
f 2543 2524 2555
f 2543 2555 2532
f 2532 2555 2549
f 2549 2555 2561
f 2549 2562 2550
f 2533 2563 2551
f 2551 2563 2535
f 2535 2563 2553
f 2552 2545 2503
f 2552 2536 2564
f 2553 2564 2536
f 2553 2563 2564
f 2520 2560 2554
f 2539 2538 2541
f 2541 2565 2542
f 2541 2538 2565
f 2544 2566 2556
f 2556 2566 2567
f 2556 2567 2557
f 2558 2557 2547
f 2547 2557 2568
f 2547 2568 2559
f 2559 2568 2560
f 2559 2560 2537
f 2561 2562 2549
f 2562 2569 2550
f 2550 2563 2533
f 2564 2563 2570
f 2560 2568 2554
f 2554 2568 2571
f 2565 2538 2572
f 2542 2565 2561
f 2542 2561 2555
f 2544 2552 2566
f 2566 2570 2573
f 2552 2564 2566
f 2566 2573 2567
f 2557 2567 2574
f 2557 2574 2575
f 2561 2565 2562
f 2562 2565 2572
f 2562 2572 2576
f 2562 2576 2573
f 2562 2573 2569
f 2550 2569 2563
f 2563 2569 2570
f 2564 2570 2566
f 2571 2572 2538
f 2571 2538 2554
f 2570 2569 2573
f 2567 2573 2576
f 2567 2576 2574
f 2557 2575 2568
f 2568 2575 2571
f 2576 2572 2574
f 2574 2572 2575
f 2575 2572 2571

o geometry_19
v 0.00638569 -0.00698816 0.00598446
v 0.00442986 -0.00772684 0.00965850
v 0.00442986 -0.00731565 0.00965850
v 0.00788228 -0.00565948 0.00598446
v 0.00762819 -0.00698816 0.00598446
v 0.00690087 -0.00761433 0.00847215
v 0.00568169 -0.00772684 0.00965850
v 0.01754485 -0.00799204 0.02330631
v 0.00442986 -0.00772684 0.01085827
v 0.00442986 -0.00731565 0.01085827
v 0.00883338 -0.00565948 0.00598446
v 0.01100134 -0.00432410 0.00847215
v 0.00772376 -0.00691316 0.00598446
v 0.00806644 -0.00678390 0.00612437
v 0.00770511 -0.00698816 0.00604771
v 0.00694050 -0.00760897 0.00847215
v 0.00692185 -0.00761165 0.00847215
v 0.00642998 -0.00770675 0.00965850
v 0.00610129 -0.00772014 0.00965850
v 0.00601038 -0.00772282 0.00965850
v 0.01774066 -0.00798735 0.02330631
v 0.01772901 -0.00798802 0.02330631
v 0.02626330 -0.00647785 0.02556401
v 0.02452427 -0.00647785 0.02556401
v 0.01743062 -0.00798668 0.02330631
v 0.00622950 -0.00772684 0.01555192
v 0.00622950 -0.00731632 0.01555192
v 0.02033522 -0.00115039 0.01989100
v 0.01533027 -0.00288893 0.01559791
v 0.01531861 -0.00288893 0.01555192
v 0.00901754 -0.00565948 0.00610329
v 0.00860493 -0.00606197 0.00598446
v 0.01153983 -0.00432410 0.00847215
v 0.00797319 -0.00670220 0.00598446
v 0.00819465 -0.00650062 0.00598446
v 0.00834618 -0.00665599 0.00624128
v 0.00849304 -0.00676582 0.00652110
v 0.00717594 -0.00756410 0.00847215
v 0.02655003 -0.00634525 0.02556401
v 0.00799884 -0.00698816 0.00638885
v 0.01868477 -0.00781122 0.02330631
v 0.01881765 -0.00778511 0.02330631
v 0.01911137 -0.00772081 0.02330631
v 0.02437042 -0.00647785 0.02552952
v 0.01732572 -0.00797061 0.02330631
v 0.02700694 -0.00481365 0.02556401
v 0.02730532 -0.00115240 0.02493730
v 0.01732572 -0.00727747 0.02330631
v 0.02682977 -0.00115039 0.02468432
v 0.02100659 -0.00115039 0.02044681
v 0.02130730 -0.00115039 0.01989100
v 0.00906417 -0.00565948 0.00613970
v 0.00888467 -0.00594879 0.00612820
v 0.00840679 -0.00628498 0.00598446
v 0.00947445 -0.00565948 0.00650193
v 0.00933225 -0.00565948 0.00636394
v 0.02204860 -0.00115039 0.02026665
v 0.02545440 -0.00115039 0.02266426
v 0.02649408 -0.00115039 0.02343855
v 0.02666426 -0.00115039 0.02356888
v 0.02783915 -0.00115039 0.02453866
v 0.02804895 -0.00115039 0.02473990
v 0.00848837 -0.00637606 0.00611670
v 0.00891964 -0.00638811 0.00651343
v 0.02695099 -0.00593807 0.02541644
v 0.02675517 -0.00620461 0.02556401
v 0.02411865 -0.00647785 0.02545477
v 0.02400210 -0.00647785 0.02541836
v 0.02797203 -0.00481365 0.02556401
v 0.02739157 -0.00115039 0.02493730
v 0.02708386 -0.00115039 0.02480314
v 0.00916674 -0.00574520 0.00625853
v 0.00931127 -0.00595817 0.00653834
v 0.00904319 -0.00609277 0.00638694
v 0.00876578 -0.00622872 0.00623361
v 0.00958867 -0.00576127 0.00667634
v 0.00976584 -0.00565948 0.00679325
v 0.02824477 -0.00115039 0.02493730
v 0.02781118 -0.00189108 0.02456165
v 0.02782983 -0.00147185 0.02454632
v 0.00919937 -0.00623743 0.00666867
v 0.02735194 -0.00553826 0.02541261
v 0.02708852 -0.00567220 0.02527270
v 0.02742421 -0.00557644 0.02556401
v 0.02697896 -0.00600839 0.02556401
v 0.02733796 -0.00509224 0.02502930
v 0.02742188 -0.00482637 0.02495072
v 0.02758739 -0.00449621 0.02493730
v 0.02764567 -0.00436897 0.02493730
v 0.02771327 -0.00421494 0.02493730
v 0.02778554 -0.00398791 0.02493730
v 0.02779486 -0.00395844 0.02493730
v 0.02786013 -0.00362359 0.02493730
v 0.02806993 -0.00230830 0.02493730
v 0.02819815 -0.00147185 0.02493730
v 0.00972621 -0.00593740 0.00695615
v 0.02778787 -0.00231098 0.02458082
v 0.02775989 -0.00273088 0.02460765
v 0.02773425 -0.00303560 0.02463065
v 0.02770628 -0.00331620 0.02465748
v 0.02767131 -0.00356935 0.02468623
v 0.02760604 -0.00398791 0.02474565
v 0.02722373 -0.00537151 0.02513087
f 2577 2578 2579
f 2577 2579 2580
f 2577 2580 2587
f 2577 2587 2608
f 2577 2608 2630
f 2577 2630 2611
f 2577 2611 2610
f 2577 2610 2589
f 2577 2589 2581
f 2577 2581 2582
f 2577 2582 2578
f 2578 2582 2583
f 2578 2583 2584
f 2578 2584 2585
f 2578 2585 2586
f 2578 2586 2579
f 2579 2586 2580
f 2580 2586 2588
f 2580 2588 2609
f 2580 2609 2587
f 2581 2589 2590
f 2581 2590 2591
f 2581 2591 2592
f 2581 2592 2593
f 2581 2593 2582
f 2582 2594 2595
f 2582 2595 2596
f 2582 2596 2583
f 2582 2593 2597
f 2582 2597 2598
f 2582 2598 2594
f 2583 2596 2584
f 2584 2598 2599
f 2584 2599 2600
f 2584 2600 2601
f 2584 2601 2602
f 2584 2602 2585
f 2584 2596 2598
f 2585 2602 2603
f 2585 2603 2586
f 2586 2603 2604
f 2586 2604 2605
f 2586 2605 2606
f 2586 2606 2588
f 2587 2607 2608
f 2587 2609 2607
f 2588 2606 2604
f 2588 2604 2627
f 2588 2627 2609
f 2589 2610 2590
f 2590 2610 2611
f 2590 2611 2612
f 2590 2612 2613
f 2590 2613 2591
f 2591 2614 2592
f 2591 2613 2615
f 2591 2615 2599
f 2591 2599 2616
f 2591 2616 2614
f 2592 2614 2617
f 2592 2617 2597
f 2592 2597 2593
f 2594 2598 2595
f 2595 2598 2596
f 2597 2617 2599
f 2597 2599 2598
f 2599 2615 2642
f 2599 2642 2661
f 2599 2661 2660
f 2599 2660 2645
f 2599 2645 2622
f 2599 2622 2600
f 2599 2617 2618
f 2599 2618 2619
f 2599 2619 2616
f 2600 2620 2621
f 2600 2621 2601
f 2600 2622 2623
f 2600 2623 2620
f 2601 2621 2602
f 2602 2621 2624
f 2602 2624 2603
f 2603 2624 2625
f 2603 2625 2626
f 2603 2626 2604
f 2604 2626 2625
f 2604 2625 2647
f 2604 2647 2646
f 2604 2646 2654
f 2604 2654 2638
f 2604 2638 2637
f 2604 2637 2636
f 2604 2636 2635
f 2604 2635 2634
f 2604 2634 2633
f 2604 2633 2627
f 2604 2606 2605
f 2607 2628 2629
f 2607 2629 2608
f 2607 2609 2628
f 2608 2629 2630
f 2609 2631 2632
f 2609 2632 2628
f 2609 2627 2633
f 2609 2633 2634
f 2609 2634 2635
f 2609 2635 2636
f 2609 2636 2637
f 2609 2637 2638
f 2609 2638 2631
f 2611 2630 2639
f 2611 2639 2612
f 2612 2639 2640
f 2612 2640 2613
f 2613 2640 2641
f 2613 2641 2642
f 2613 2642 2615
f 2614 2616 2619
f 2614 2619 2618
f 2614 2618 2617
f 2620 2643 2621
f 2620 2623 2643
f 2621 2643 2644
f 2621 2644 2624
f 2622 2645 2654
f 2622 2654 2646
f 2622 2646 2623
f 2623 2646 2647
f 2623 2647 2625
f 2623 2625 2624
f 2623 2624 2644
f 2623 2644 2643
f 2628 2648 2629
f 2628 2632 2648
f 2629 2648 2649
f 2629 2649 2650
f 2629 2650 2651
f 2629 2651 2630
f 2630 2651 2639
f 2631 2652 2632
f 2631 2638 2653
f 2631 2653 2652
f 2632 2652 2648
f 2638 2654 2655
f 2638 2655 2656
f 2638 2656 2653
f 2639 2651 2640
f 2640 2651 2650
f 2640 2650 2649
f 2640 2649 2657
f 2640 2657 2658
f 2640 2658 2659
f 2640 2659 2641
f 2641 2659 2658
f 2641 2658 2660
f 2641 2660 2661
f 2641 2661 2642
f 2645 2660 2658
f 2645 2658 2662
f 2645 2662 2663
f 2645 2663 2664
f 2645 2664 2665
f 2645 2665 2666
f 2645 2666 2667
f 2645 2667 2668
f 2645 2668 2669
f 2645 2669 2670
f 2645 2670 2671
f 2645 2671 2654
f 2648 2652 2649
f 2649 2652 2672
f 2649 2672 2657
f 2652 2653 2662
f 2652 2662 2672
f 2653 2656 2655
f 2653 2655 2673
f 2653 2673 2674
f 2653 2674 2675
f 2653 2675 2676
f 2653 2676 2677
f 2653 2677 2678
f 2653 2678 2666
f 2653 2666 2665
f 2653 2665 2664
f 2653 2664 2663
f 2653 2663 2662
f 2654 2671 2675
f 2654 2675 2674
f 2654 2674 2673
f 2654 2673 2655
f 2657 2672 2658
f 2658 2672 2679
f 2658 2679 2662
f 2662 2679 2672
f 2666 2678 2667
f 2667 2678 2668
f 2668 2678 2677
f 2668 2677 2676
f 2668 2676 2669
f 2669 2676 2675
f 2669 2675 2670
f 2670 2675 2671

