# https://github.com/mikedh/trimesh

o geometry_0
v 0.00212390 -0.00891702 0.00506682
v 0.00212390 -0.00891399 0.00494709
v 0.00229206 -0.00891500 0.00506682
v 0.00212390 -0.00556392 0.00506682
v 0.00229206 -0.00891197 0.00494709
v 0.00212390 -0.00863154 0.00428481
v 0.00229206 -0.00863154 0.00428481
v 0.00318871 -0.00862650 0.00428481
v 0.00318871 -0.00890088 0.00494709
v 0.00318871 -0.00890290 0.00506682
v 0.00565403 0.00138439 0.00506682
v 0.00212390 0.00138842 0.00444471
v 0.00212390 -0.00434030 0.00261803
v 0.00408473 -0.00859926 0.00429130
v 0.00408473 -0.00883228 0.00494709
v 0.00408473 -0.00883228 0.00506682
v 0.00566209 0.00138842 0.00506682
v 0.00212390 0.00138842 0.00300118
v 0.00212390 -0.00375320 0.00254270
v 0.00636142 -0.00661706 0.00358338
v 0.00587741 -0.00663421 0.00357365
v 0.00498138 -0.00853773 0.00432348
v 0.00498138 -0.00869711 0.00494709
v 0.00498138 -0.00869509 0.00506682
v 0.00846311 0.00138842 0.00506682
v 0.00643836 0.00138842 0.00355469
v 0.00212390 -0.00344452 0.00251875
v 0.00639617 -0.00613386 0.00356417
v 0.00822173 -0.00434030 0.00435765
v 0.00817333 -0.00508173 0.00442126
v 0.00758880 -0.00613386 0.00425737
v 0.00737907 -0.00703065 0.00436389
v 0.00724007 -0.00750073 0.00447713
v 0.00677406 -0.00767121 0.00436788
v 0.00563107 -0.00845904 0.00439906
v 0.00507943 -0.00866987 0.00506682
v 0.00572663 -0.00849939 0.00494709
v 0.00846249 0.00103838 0.00494709
v 0.00846249 0.00138842 0.00494709
v 0.00846249 0.00103838 0.00506682
v 0.00767071 0.00138842 0.00395580
v 0.00641478 -0.00523708 0.00355469
v 0.00767071 -0.00254875 0.00402814
v 0.00767071 -0.00344452 0.00405433
v 0.00825586 -0.00344452 0.00431849
v 0.00832350 -0.00434030 0.00494709
v 0.00839237 -0.00344452 0.00494709
v 0.00820001 -0.00522195 0.00494709
v 0.00811562 -0.00567085 0.00494709
v 0.00796422 -0.00613386 0.00494709
v 0.00754412 -0.00703065 0.00494709
v 0.00724690 -0.00750880 0.00494709
v 0.00677406 -0.00787296 0.00494709
v 0.00617464 -0.00829159 0.00494709
v 0.00572476 -0.00849838 0.00506682
v 0.00617278 -0.00829260 0.00506682
v 0.00846187 0.00091834 0.00506682
v 0.00845567 0.00014160 0.00494709
v 0.00828751 0.00014160 0.00427159
v 0.00829061 0.00103838 0.00426336
v 0.00839548 0.00138842 0.00467794
v 0.00804923 0.00138842 0.00414014
v 0.00827137 -0.00254875 0.00430003
v 0.00767071 0.00103838 0.00396129
v 0.00767071 0.00014160 0.00397725
v 0.00842340 -0.00254875 0.00494709
v 0.00832350 -0.00434030 0.00506682
v 0.00830736 -0.00445630 0.00506682
v 0.00839237 -0.00344452 0.00506682
v 0.00841968 -0.00266778 0.00506682
v 0.00820001 -0.00522094 0.00506682
v 0.00811562 -0.00566883 0.00506682
v 0.00809639 -0.00573238 0.00506682
v 0.00796546 -0.00613386 0.00506682
v 0.00754475 -0.00703065 0.00506682
v 0.00724628 -0.00750779 0.00506682
v 0.00677406 -0.00787296 0.00506682
v 0.00625469 -0.00823611 0.00506682
v 0.00845567 0.00014160 0.00506682
v 0.00845443 0.00002156 0.00506682
v 0.00843457 -0.00165197 0.00494709
v 0.00827696 -0.00165197 0.00429080
v 0.00829061 0.00138842 0.00426087
v 0.00842340 -0.00254875 0.00506682
v 0.00843457 -0.00165197 0.00506682
f 1 2 5
f 1 5 3
f 1 3 10
f 1 10 16
f 1 16 24
f 1 24 36
f 1 36 55
f 1 55 56
f 1 56 78
f 1 78 77
f 1 77 76
f 1 76 75
f 1 75 74
f 1 74 73
f 1 73 72
f 1 72 71
f 1 71 68
f 1 68 67
f 1 67 69
f 1 69 70
f 1 70 84
f 1 84 85
f 1 85 80
f 1 80 79
f 1 79 57
f 1 57 40
f 1 40 25
f 1 25 17
f 1 17 11
f 1 11 4
f 1 4 12
f 1 12 18
f 1 18 27
f 1 27 19
f 1 19 13
f 1 13 6
f 1 6 2
f 2 6 7
f 2 7 8
f 2 8 5
f 3 5 9
f 3 9 10
f 4 11 12
f 5 8 9
f 6 13 7
f 7 13 8
f 8 14 9
f 8 13 14
f 9 14 15
f 9 15 10
f 10 15 16
f 11 17 12
f 12 17 25
f 12 25 39
f 12 39 61
f 12 61 83
f 12 83 62
f 12 62 41
f 12 41 26
f 12 26 18
f 13 19 20
f 13 20 21
f 13 21 14
f 14 22 15
f 14 21 20
f 14 20 22
f 15 23 16
f 15 22 23
f 16 23 24
f 18 26 27
f 19 27 20
f 20 28 29
f 20 29 30
f 20 30 31
f 20 31 32
f 20 32 33
f 20 33 34
f 20 34 35
f 20 35 22
f 20 27 28
f 22 35 23
f 23 36 24
f 23 35 37
f 23 37 36
f 25 38 39
f 25 40 38
f 26 41 42
f 26 42 27
f 27 42 28
f 28 42 43
f 28 43 44
f 28 44 45
f 28 45 29
f 29 46 30
f 29 45 47
f 29 47 46
f 30 46 48
f 30 48 49
f 30 49 50
f 30 50 33
f 30 33 32
f 30 32 31
f 33 50 51
f 33 51 52
f 33 52 53
f 33 53 54
f 33 54 35
f 33 35 34
f 35 54 37
f 36 37 55
f 37 54 56
f 37 56 55
f 38 40 57
f 38 57 58
f 38 58 59
f 38 59 60
f 38 60 61
f 38 61 39
f 41 62 59
f 41 59 63
f 41 63 64
f 41 64 42
f 42 64 65
f 42 65 43
f 43 65 63
f 43 63 45
f 43 45 44
f 45 63 66
f 45 66 47
f 46 67 68
f 46 68 48
f 46 47 69
f 46 69 67
f 47 66 70
f 47 70 69
f 48 68 71
f 48 71 49
f 49 71 72
f 49 72 73
f 49 73 74
f 49 74 50
f 50 74 51
f 51 75 52
f 51 74 75
f 52 75 76
f 52 76 77
f 52 77 53
f 53 77 78
f 53 78 54
f 54 78 56
f 57 79 58
f 58 79 80
f 58 80 81
f 58 81 63
f 58 63 82
f 58 82 59
f 59 62 60
f 59 82 63
f 60 62 83
f 60 83 61
f 63 81 66
f 63 65 64
f 66 84 70
f 66 81 85
f 66 85 84
f 80 85 81

o geometry_1
v 0.00546274 -0.00503528 0.00507377
v 0.00565430 0.00138401 0.00507377
v 0.00822572 -0.00503528 0.00507377
v 0.00583710 -0.00503528 0.04440111
v 0.00566176 0.00138840 0.00508071
v 0.00566219 0.00138840 0.00507377
v 0.00656302 0.00244340 0.04519279
v 0.00829585 -0.00503528 0.04519279
v 0.00832347 -0.00434049 0.00507377
v 0.00943033 -0.00344363 0.05874173
v 0.00931723 -0.00420724 0.05874173
v 0.00932688 -0.00420724 0.05963759
v 0.00933608 -0.00420724 0.06053345
v 0.00939088 -0.00420724 0.06590857
v 0.00942682 -0.00420724 0.06949894
v 0.00943515 -0.00420724 0.07039479
v 0.00944260 -0.00420724 0.07129065
v 0.00584367 -0.00503528 0.04465806
v 0.00846287 0.00138840 0.00507377
v 0.00871493 0.00244340 0.04519279
v 0.00764971 0.00244340 0.07449212
v 0.00587436 -0.00503528 0.04519279
v 0.00927427 -0.00420724 0.07197817
v 0.00922298 -0.00420724 0.07211706
v 0.00898671 -0.00420724 0.07250596
v 0.00894813 -0.00420724 0.07255457
v 0.00858999 -0.00420724 0.07281847
v 0.00851328 -0.00420724 0.07286013
v 0.00839229 -0.00344363 0.00507377
v 0.00951318 -0.00254678 0.05874173
v 0.00956008 -0.00254678 0.06142930
v 0.00962233 -0.00254678 0.06501272
v 0.00965126 -0.00254678 0.06680443
v 0.00970781 -0.00254678 0.07039479
v 0.00972140 -0.00254678 0.07129065
v 0.00951931 -0.00344363 0.06501272
v 0.00953071 -0.00344363 0.06590857
v 0.00958770 -0.00344363 0.07039479
v 0.00959822 -0.00344363 0.07129065
v 0.00731262 -0.00420724 0.07218651
v 0.00727404 -0.00420724 0.07145038
v 0.00846287 0.00103772 0.00507377
v 0.00874079 0.00244340 0.04529002
v 0.00883986 0.00244340 0.04567892
v 0.00896786 0.00244340 0.04618587
v 0.00930803 0.00244340 0.04888038
v 0.00936983 0.00244340 0.04977624
v 0.00961093 0.00244340 0.05784588
v 0.00963373 0.00244340 0.05874173
v 0.00944742 0.00193457 0.04977624
v 0.00732051 -0.00420724 0.07224900
v 0.00770451 0.00244340 0.07488102
v 0.00768215 -0.00420724 0.07286013
v 0.00992699 0.00234456 0.07447129
v 0.00992962 0.00244340 0.07452685
v 0.00968677 0.00244340 0.07500602
v 0.00929444 0.00244340 0.07562409
v 0.00856720 0.00244340 0.07600605
v 0.00841947 -0.00266685 0.00507377
v 0.00956797 -0.00164992 0.05874173
v 0.00979855 -0.00164992 0.07129065
v 0.00991296 0.00058087 0.07263791
v 0.00992217 0.00145210 0.07356153
v 0.00845542 0.00014159 0.00507377
v 0.00964206 0.00244340 0.05913063
v 0.00962847 0.00103772 0.05874173
v 0.00961663 0.00014159 0.05874173
v 0.00842342 -0.00254751 0.00507377
v 0.00843438 -0.00165139 0.00507377
v 0.00845410 0.00002152 0.00507377
v 0.00990902 0.00193457 0.07190178
v 0.00989104 0.00103772 0.07129065
v 0.00790484 0.00244340 0.07563103
v 0.00781892 0.00244340 0.07544353
v 0.00845454 0.00244340 0.07596438
v 0.00993313 0.00200193 0.07390877
v 0.00994102 0.00244340 0.07394350
v 0.00959690 -0.00075526 0.05874173
v 0.00987614 0.00014159 0.07129065
v 0.00984677 -0.00075526 0.07129065
v 0.00991296 0.00058087 0.07260318
v 0.00990025 0.00244340 0.07155455
v 0.00982091 0.00014159 0.06860309
v 0.00992392 0.00244340 0.07270736
v 0.00993313 0.00193457 0.07308237
v 0.00991559 0.00103772 0.07247124
v 0.00990639 0.00103772 0.07202678
v 0.00993137 0.00244340 0.07308237
f 86 87 91
f 86 91 104
f 86 104 127
f 86 127 149
f 86 149 155
f 86 155 154
f 86 154 153
f 86 153 144
f 86 144 114
f 86 114 94
f 86 94 88
f 86 88 93
f 86 93 107
f 86 107 103
f 86 103 89
f 86 89 87
f 87 90 91
f 87 89 92
f 87 92 90
f 88 94 95
f 88 95 96
f 88 96 97
f 88 97 98
f 88 98 99
f 88 99 100
f 88 100 101
f 88 101 102
f 88 102 93
f 89 103 92
f 90 92 91
f 91 92 105
f 91 105 104
f 92 103 106
f 92 106 137
f 92 137 159
f 92 159 158
f 92 158 160
f 92 160 143
f 92 143 142
f 92 142 141
f 92 141 140
f 92 140 162
f 92 162 173
f 92 173 169
f 92 169 167
f 92 167 150
f 92 150 134
f 92 134 133
f 92 133 132
f 92 132 131
f 92 131 130
f 92 130 129
f 92 129 128
f 92 128 105
f 93 102 108
f 93 108 109
f 93 109 110
f 93 110 111
f 93 111 112
f 93 112 113
f 93 113 138
f 93 138 107
f 94 114 115
f 94 115 95
f 95 115 116
f 95 116 117
f 95 117 118
f 95 118 119
f 95 119 120
f 95 120 121
f 95 121 96
f 96 121 122
f 96 122 123
f 96 123 124
f 96 124 97
f 97 124 98
f 98 124 99
f 99 124 100
f 100 124 101
f 101 124 102
f 102 124 108
f 103 107 125
f 103 125 126
f 103 126 106
f 104 105 128
f 104 128 129
f 104 129 130
f 104 130 131
f 104 131 132
f 104 132 133
f 104 133 134
f 104 134 135
f 104 135 127
f 106 126 125
f 106 125 136
f 106 136 137
f 107 138 136
f 107 136 125
f 108 139 109
f 108 124 139
f 109 139 140
f 109 140 141
f 109 141 110
f 110 141 142
f 110 142 111
f 111 142 112
f 112 142 113
f 113 142 143
f 113 143 138
f 114 144 145
f 114 145 115
f 115 145 146
f 115 146 116
f 116 146 117
f 117 146 118
f 118 146 119
f 119 146 120
f 120 146 147
f 120 147 148
f 120 148 139
f 120 139 124
f 120 124 123
f 120 123 122
f 120 122 121
f 127 135 149
f 134 150 135
f 135 151 152
f 135 152 153
f 135 153 154
f 135 154 155
f 135 155 149
f 135 150 156
f 135 156 157
f 135 157 151
f 136 138 158
f 136 158 159
f 136 159 137
f 138 143 160
f 138 160 158
f 139 148 140
f 140 148 161
f 140 161 162
f 144 153 145
f 145 163 164
f 145 164 165
f 145 165 146
f 145 153 163
f 146 165 147
f 147 166 162
f 147 162 161
f 147 161 148
f 147 165 166
f 150 167 156
f 151 157 166
f 151 166 152
f 152 166 168
f 152 168 163
f 152 163 153
f 156 167 169
f 156 169 170
f 156 170 171
f 156 171 172
f 156 172 157
f 157 172 166
f 162 170 173
f 162 166 170
f 163 168 164
f 164 168 166
f 164 166 165
f 166 172 171
f 166 171 170
f 169 173 170

o geometry_2
v 0.00623318 0.00138842 0.00354438
v 0.00501294 0.00138960 0.00350774
v 0.00587783 0.00138960 0.00350774
v 0.00623269 0.00373003 0.00353705
v 0.00644026 0.00138842 0.00356636
v 0.00623318 0.00138842 0.01223532
v 0.00490322 0.00829459 0.04608309
v 0.00490322 0.00858245 0.04526969
v 0.00490322 0.00860125 0.04523304
v 0.00490322 0.00862474 0.04518908
v 0.00501294 0.00698808 0.00350774
v 0.00501294 0.00138960 0.00464357
v 0.00490273 0.00348682 0.06849194
v 0.00490273 0.00348917 0.06770784
v 0.00490273 0.00363839 0.06681384
v 0.00587783 0.00698808 0.00350774
v 0.00623318 0.00820765 0.00353705
v 0.00649216 0.00820765 0.00356636
v 0.00767089 0.00552413 0.00390345
v 0.00767089 0.00138842 0.00396940
v 0.00647437 0.00138842 0.04438300
v 0.00490273 0.00397794 0.06625692
v 0.00490273 0.00777410 0.06569999
v 0.00490322 0.01180877 0.04518908
v 0.00623318 0.01031898 0.00486341
v 0.00623318 0.01000292 0.00408664
v 0.00623318 0.00980084 0.00374956
v 0.00623318 0.00963987 0.00357369
v 0.00623318 0.00910646 0.00354438
v 0.00490322 0.01183697 0.04528434
v 0.00490322 0.01201556 0.04618568
v 0.00623318 0.01034365 0.00496600
v 0.00490273 0.00353030 0.07659664
v 0.00490273 0.00350562 0.07567332
v 0.00490273 0.00349387 0.07487457
v 0.00490273 0.00349270 0.07477199
v 0.00490273 0.00348682 0.07398056
v 0.00646596 0.00910646 0.00357369
v 0.00767089 0.00641942 0.00393276
v 0.00828274 0.00552413 0.00425519
v 0.00828571 0.00462650 0.00425519
v 0.00829015 0.00138842 0.00426984
v 0.00804897 0.00138842 0.00415260
v 0.00693943 0.00820765 0.00371292
v 0.00654949 0.00138842 0.04518175
v 0.00490273 0.01326920 0.06569999
v 0.00724684 0.00957643 0.00446770
v 0.00672939 0.00975854 0.00412328
v 0.00639924 0.00962225 0.00358102
v 0.00490322 0.01316345 0.06096614
v 0.00542364 0.01313878 0.06292270
v 0.00587833 0.01296019 0.06142047
v 0.00655690 0.01272051 0.06142047
v 0.00677535 0.01264296 0.06142780
v 0.00738028 0.01234571 0.06142780
v 0.00677535 0.00997472 0.00496600
v 0.00764865 0.00244585 0.07448620
v 0.00770400 0.00244585 0.07488190
v 0.00781866 0.00244585 0.07544615
v 0.00490273 0.00354087 0.07666992
v 0.00767089 0.00731588 0.00402802
v 0.00824716 0.00641942 0.00428450
v 0.00844831 0.00552413 0.00496600
v 0.00845325 0.00462650 0.00496600
v 0.00846215 0.00193828 0.00496600
v 0.00839493 0.00138842 0.00468754
v 0.00870086 0.00138842 0.04518175
v 0.00856643 0.00244585 0.07601041
v 0.00845374 0.00244585 0.07595911
v 0.00790416 0.00244585 0.07562935
v 0.00490273 0.01327742 0.06591250
v 0.00813793 0.00781640 0.00446770
v 0.00739906 0.00910646 0.00429183
v 0.00726365 0.00959288 0.00496600
v 0.00757847 0.00910646 0.00496600
v 0.00770647 0.00815360 0.00419656
v 0.00490322 0.01323630 0.06321581
v 0.00506730 0.01321162 0.06321581
v 0.00498180 0.01337729 0.07308656
v 0.00561540 0.01319518 0.07039720
v 0.00579184 0.01303539 0.06321581
v 0.00612989 0.01308121 0.07308656
v 0.00677535 0.01269936 0.06501117
v 0.00782657 0.01200381 0.06142780
v 0.00739560 0.01235158 0.06232181
v 0.00784239 0.01202378 0.06232181
v 0.00490273 0.00386397 0.07746866
v 0.00818044 0.00731588 0.00438709
v 0.00837862 0.00641942 0.00496600
v 0.00961617 0.00462650 0.05873112
v 0.00962901 0.00373003 0.05873112
v 0.00962852 0.00910646 0.06321581
v 0.00963346 0.00283475 0.05873112
v 0.00846215 0.00138842 0.00496600
v 0.00994038 0.00244585 0.07394393
v 0.00992901 0.00244585 0.07453016
v 0.00968635 0.00244585 0.07499915
v 0.00952276 0.00244585 0.07526296
v 0.00929393 0.00244585 0.07562202
v 0.00880662 0.00336346 0.07704365
v 0.00853134 0.00300863 0.07671389
v 0.00820960 0.00325889 0.07713891
v 0.00804304 0.00325889 0.07713891
v 0.00490273 0.01339139 0.07308656
v 0.00798719 0.00829694 0.00496600
v 0.00814831 0.00784930 0.00496600
v 0.00824567 0.00731588 0.00496600
v 0.00831635 0.01155616 0.06142780
v 0.00878636 0.01105565 0.06232181
v 0.00911700 0.01060801 0.06232181
v 0.00568212 0.01321515 0.07308656
v 0.00498180 0.01336319 0.07398056
v 0.00568607 0.01321280 0.07398056
v 0.00613434 0.01308356 0.07398056
v 0.00655690 0.01290850 0.07398056
v 0.00677535 0.01281685 0.07398056
v 0.00655690 0.01290027 0.07308656
v 0.00677535 0.01273578 0.06769319
v 0.00742674 0.01237391 0.06501117
v 0.00833809 0.01157614 0.06232181
v 0.00796051 0.01211778 0.07218522
v 0.00792047 0.01210133 0.06948853
v 0.00837516 0.01160551 0.06410982
v 0.00587783 0.00428577 0.07794498
v 0.00490273 0.00431984 0.07787903
v 0.00991369 0.00337403 0.07254429
v 0.00987465 0.00283475 0.07038254
v 0.00970809 0.00283475 0.06232181
v 0.00942737 0.01000292 0.06321581
v 0.00964582 0.00910646 0.06410982
v 0.00963346 0.00244585 0.05873112
v 0.00988354 0.00244585 0.07077093
v 0.00993099 0.00244585 0.07307923
v 0.00994680 0.00283475 0.07398056
v 0.00993988 0.00289584 0.07480862
v 0.00992951 0.00323657 0.07537287
v 0.00977234 0.00263853 0.07506510
v 0.00977630 0.00353500 0.07596644
v 0.00917828 0.00306855 0.07643542
v 0.00916444 0.00396267 0.07728547
v 0.00856643 0.00442793 0.07789369
v 0.00853134 0.00369009 0.07739539
v 0.00767089 0.00426815 0.07796697
v 0.00655690 0.00427637 0.07795231
v 0.00490273 0.01337494 0.07398056
v 0.00939376 0.01000292 0.06232181
v 0.00882392 0.01106387 0.06410982
v 0.00890893 0.01119664 0.07398056
v 0.00916444 0.01069025 0.06858720
v 0.00950744 0.01000292 0.06858720
v 0.00559613 0.01318578 0.07450085
v 0.00743267 0.01237861 0.07469138
v 0.00750532 0.01242560 0.07398056
v 0.00751175 0.01242560 0.07218522
v 0.00677535 0.01280628 0.07307923
v 0.00795458 0.01212953 0.07398056
v 0.00846017 0.01168071 0.07398056
v 0.00839641 0.01162901 0.06679918
v 0.00587783 0.00473341 0.07816482
v 0.00490273 0.00480038 0.07815017
v 0.00490273 0.00436566 0.07790834
v 0.00993494 0.00373003 0.07398056
v 0.00995175 0.00373003 0.07487457
v 0.00992951 0.00283475 0.07307923
v 0.00956971 0.01000292 0.07307923
v 0.00958009 0.01000292 0.07398056
v 0.00972193 0.00910646 0.07398056
v 0.00992308 0.00527505 0.07576858
v 0.00994730 0.00462650 0.07576858
v 0.00994186 0.00379230 0.07570996
v 0.00992951 0.00413303 0.07626688
v 0.00947037 0.00374883 0.07664794
v 0.00979063 0.00462650 0.07683113
v 0.00928306 0.00470287 0.07757859
v 0.00902556 0.00505182 0.07802559
v 0.00856643 0.00487675 0.07809154
v 0.00767089 0.00471696 0.07815749
v 0.00677535 0.00472401 0.07816482
v 0.00655690 0.00472519 0.07816482
v 0.00490273 0.01324805 0.07458146
v 0.00498180 0.01324217 0.07457413
v 0.00886791 0.01118489 0.07487457
v 0.00920003 0.01073842 0.07487457
v 0.00919756 0.01074900 0.07398056
v 0.00709759 0.01222234 0.07529227
v 0.00770746 0.01209310 0.07494786
v 0.00842014 0.01162431 0.07487457
v 0.00677535 0.00552413 0.07837000
v 0.00587783 0.00552296 0.07836267
v 0.00490273 0.00552296 0.07831871
v 0.00957070 0.01000292 0.07487457
v 0.00969277 0.00910646 0.07487457
v 0.00992160 0.00525390 0.07639146
v 0.00993297 0.00462650 0.07638413
v 0.00987217 0.00554176 0.07667725
v 0.00949211 0.00552413 0.07756393
v 0.00905917 0.00552413 0.07804757
v 0.00856643 0.00552413 0.07822344
v 0.00767089 0.00552413 0.07836267
v 0.00490273 0.01285092 0.07502846
v 0.00498180 0.01284622 0.07502113
v 0.00649908 0.01227756 0.07535822
v 0.00914319 0.01063620 0.07551944
v 0.00655740 0.01218122 0.07544615
v 0.00655690 0.01150329 0.07611299
v 0.00706793 0.01130238 0.07618628
v 0.00767089 0.01166191 0.07561470
v 0.00829559 0.01149037 0.07544615
v 0.00767089 0.00642060 0.07834802
v 0.00587783 0.00641942 0.07834069
v 0.00490273 0.00641942 0.07829672
v 0.00924994 0.00995475 0.07579789
v 0.00947432 0.00910646 0.07576858
v 0.00957119 0.00731706 0.07666992
v 0.00975504 0.00642060 0.07666992
v 0.00936510 0.00647229 0.07764454
v 0.00906263 0.00620676 0.07804757
v 0.00863710 0.00647229 0.07817215
v 0.00490273 0.01240328 0.07549745
v 0.00498180 0.01239858 0.07549745
v 0.00587783 0.01233161 0.07541684
v 0.00855901 0.01086766 0.07578324
v 0.00882244 0.01022263 0.07612032
v 0.00912243 0.00794329 0.07723417
v 0.00927861 0.00731706 0.07741737
v 0.00646942 0.01138580 0.07624490
v 0.00655740 0.01126361 0.07630353
v 0.00783398 0.00951533 0.07708029
v 0.00767089 0.01068203 0.07637680
v 0.00767089 0.01113084 0.07606170
v 0.00822492 0.01050344 0.07626688
v 0.00767089 0.00722307 0.07813551
v 0.00587783 0.00721954 0.07813551
v 0.00838554 0.00710792 0.07809887
v 0.00490273 0.00714787 0.07812818
v 0.00898356 0.00680362 0.07799628
v 0.00490273 0.01187457 0.07595178
v 0.00833266 0.00891612 0.07724883
v 0.00893067 0.00853897 0.07704365
v 0.00587783 0.01141400 0.07625955
v 0.00723795 0.00955528 0.07711692
v 0.00758984 0.00917226 0.07727814
v 0.00587783 0.00910646 0.07732943
v 0.00677535 0.00910646 0.07732943
v 0.00490273 0.00906181 0.07734409
v 0.00490273 0.00755322 0.07796697
v 0.00490273 0.01142575 0.07625955
v 0.00498180 0.01142575 0.07625955
v 0.00587783 0.01090056 0.07650138
v 0.00677535 0.01000645 0.07691174
v 0.00655690 0.00955880 0.07712425
v 0.00587783 0.00955880 0.07712425
v 0.00490273 0.01090056 0.07650138
f 174 175 176
f 174 176 177
f 174 177 178
f 174 178 193
f 174 193 216
f 174 216 215
f 174 215 239
f 174 239 267
f 174 267 240
f 174 240 218
f 174 218 194
f 174 194 179
f 174 179 185
f 174 185 175
f 175 180 181
f 175 181 182
f 175 182 183
f 175 183 197
f 175 197 184
f 175 184 189
f 175 189 176
f 175 185 210
f 175 210 186
f 175 186 187
f 175 187 188
f 175 188 180
f 176 189 190
f 176 190 177
f 177 190 191
f 177 191 178
f 178 191 192
f 178 192 193
f 179 194 185
f 180 188 181
f 181 188 182
f 182 188 183
f 183 188 195
f 183 195 196
f 183 196 219
f 183 219 197
f 184 198 199
f 184 199 200
f 184 200 201
f 184 201 202
f 184 202 189
f 184 197 203
f 184 203 204
f 184 204 205
f 184 205 198
f 185 194 206
f 185 206 207
f 185 207 208
f 185 208 209
f 185 209 210
f 186 210 209
f 186 209 208
f 186 208 207
f 186 207 206
f 186 206 233
f 186 233 260
f 186 260 298
f 186 298 334
f 186 334 333
f 186 333 363
f 186 363 384
f 186 384 408
f 186 408 419
f 186 419 418
f 186 418 426
f 186 426 420
f 186 420 410
f 186 410 392
f 186 392 373
f 186 373 353
f 186 353 318
f 186 318 277
f 186 277 244
f 186 244 219
f 186 219 196
f 186 196 195
f 186 195 188
f 186 188 187
f 189 202 190
f 190 202 191
f 191 202 211
f 191 211 192
f 192 212 213
f 192 213 214
f 192 214 215
f 192 215 216
f 192 216 193
f 192 211 217
f 192 217 212
f 194 218 206
f 197 219 203
f 198 220 221
f 198 221 199
f 198 205 220
f 199 221 222
f 199 222 200
f 200 222 201
f 201 222 202
f 202 222 211
f 203 219 204
f 204 219 223
f 204 223 205
f 205 223 224
f 205 224 225
f 205 225 226
f 205 226 227
f 205 227 228
f 205 228 229
f 205 229 220
f 206 218 230
f 206 230 231
f 206 231 232
f 206 232 233
f 211 222 217
f 212 234 235
f 212 235 213
f 212 217 234
f 213 235 236
f 213 236 237
f 213 237 238
f 213 238 214
f 214 238 239
f 214 239 215
f 217 222 234
f 218 240 241
f 218 241 242
f 218 242 243
f 218 243 232
f 218 232 231
f 218 231 230
f 219 244 223
f 220 245 246
f 220 246 222
f 220 222 221
f 220 229 247
f 220 247 248
f 220 248 245
f 222 246 249
f 222 249 234
f 223 244 250
f 223 250 251
f 223 251 224
f 224 251 252
f 224 252 253
f 224 253 254
f 224 254 225
f 225 254 226
f 226 254 227
f 227 254 255
f 227 255 256
f 227 256 228
f 228 257 229
f 228 256 258
f 228 258 259
f 228 259 257
f 229 257 247
f 232 243 233
f 233 243 242
f 233 242 260
f 234 249 261
f 234 261 235
f 235 261 262
f 235 262 236
f 236 263 264
f 236 264 237
f 236 262 265
f 236 265 263
f 237 264 266
f 237 266 238
f 238 266 304
f 238 304 267
f 238 267 239
f 240 267 268
f 240 268 269
f 240 269 270
f 240 270 271
f 240 271 272
f 240 272 241
f 241 272 273
f 241 273 274
f 241 274 275
f 241 275 276
f 241 276 260
f 241 260 242
f 244 277 250
f 245 248 278
f 245 278 279
f 245 279 280
f 245 280 262
f 245 262 261
f 245 261 249
f 245 249 246
f 247 257 281
f 247 281 282
f 247 282 283
f 247 283 248
f 248 283 278
f 250 277 251
f 251 277 252
f 252 284 253
f 252 277 285
f 252 285 286
f 252 286 284
f 253 284 255
f 253 255 254
f 255 284 287
f 255 287 288
f 255 288 289
f 255 289 290
f 255 290 291
f 255 291 256
f 256 291 292
f 256 292 258
f 257 259 293
f 257 293 281
f 258 292 294
f 258 294 295
f 258 295 259
f 259 295 296
f 259 296 293
f 260 276 297
f 260 297 298
f 262 280 265
f 263 265 299
f 263 299 264
f 264 299 300
f 264 300 301
f 264 301 266
f 265 302 303
f 265 303 299
f 265 280 279
f 265 279 302
f 266 301 304
f 267 304 305
f 267 305 306
f 267 306 268
f 268 306 307
f 268 307 308
f 268 308 269
f 269 308 309
f 269 309 310
f 269 310 270
f 270 310 271
f 271 310 311
f 271 311 312
f 271 312 272
f 272 312 273
f 273 313 314
f 273 314 315
f 273 315 275
f 273 275 274
f 273 312 313
f 275 315 316
f 275 316 276
f 276 316 317
f 276 317 297
f 277 318 285
f 278 283 319
f 278 319 302
f 278 302 279
f 281 293 282
f 282 293 296
f 282 296 320
f 282 320 283
f 283 320 321
f 283 321 322
f 283 322 323
f 283 323 302
f 283 302 319
f 284 286 287
f 285 318 324
f 285 324 286
f 286 324 287
f 287 324 288
f 288 324 325
f 288 325 289
f 289 326 327
f 289 327 328
f 289 328 290
f 289 325 326
f 290 328 291
f 291 328 327
f 291 327 292
f 292 327 294
f 294 327 329
f 294 329 330
f 294 330 331
f 294 331 296
f 294 296 295
f 296 331 321
f 296 321 320
f 297 317 332
f 297 332 333
f 297 333 334
f 297 334 298
f 299 335 336
f 299 336 307
f 299 307 337
f 299 337 300
f 299 303 335
f 300 337 306
f 300 306 305
f 300 305 301
f 301 305 304
f 302 323 303
f 303 323 338
f 303 338 339
f 303 339 340
f 303 340 341
f 303 341 342
f 303 342 336
f 303 336 335
f 306 337 307
f 307 336 308
f 308 336 343
f 308 343 309
f 309 343 344
f 309 344 311
f 309 311 310
f 311 344 345
f 311 345 312
f 312 345 313
f 313 345 344
f 313 344 346
f 313 346 347
f 313 347 348
f 313 348 314
f 314 348 349
f 314 349 316
f 314 316 315
f 316 349 350
f 316 350 351
f 316 351 352
f 316 352 332
f 316 332 317
f 318 353 354
f 318 354 324
f 321 330 355
f 321 355 356
f 321 356 357
f 321 357 322
f 321 331 330
f 322 357 338
f 322 338 323
f 324 354 358
f 324 358 325
f 325 358 359
f 325 359 360
f 325 360 329
f 325 329 326
f 326 329 327
f 329 360 330
f 330 360 355
f 332 352 361
f 332 361 362
f 332 362 333
f 333 362 363
f 336 342 343
f 338 357 339
f 339 357 356
f 339 356 364
f 339 364 340
f 340 364 365
f 340 365 366
f 340 366 341
f 341 366 342
f 342 366 367
f 342 367 343
f 343 367 344
f 344 367 346
f 346 368 369
f 346 369 347
f 346 367 368
f 347 369 348
f 348 370 371
f 348 371 349
f 348 369 370
f 349 371 372
f 349 372 350
f 350 372 361
f 350 361 351
f 351 361 352
f 353 373 374
f 353 374 354
f 354 374 375
f 354 375 358
f 355 360 376
f 355 376 356
f 356 376 364
f 358 375 377
f 358 377 378
f 358 378 379
f 358 379 380
f 358 380 381
f 358 381 359
f 359 381 360
f 360 381 376
f 361 372 382
f 361 382 383
f 361 383 362
f 362 383 384
f 362 384 363
f 364 376 385
f 364 385 386
f 364 386 387
f 364 387 388
f 364 388 365
f 365 388 368
f 365 368 366
f 366 368 367
f 368 388 389
f 368 389 369
f 369 389 390
f 369 390 370
f 370 390 371
f 371 391 382
f 371 382 372
f 371 390 391
f 373 392 393
f 373 393 374
f 374 393 394
f 374 394 375
f 375 394 377
f 376 395 396
f 376 396 397
f 376 397 398
f 376 398 385
f 376 381 395
f 377 394 399
f 377 399 378
f 378 399 379
f 379 399 400
f 379 400 401
f 379 401 402
f 379 402 403
f 379 403 380
f 380 403 381
f 381 403 404
f 381 404 395
f 382 405 406
f 382 406 383
f 382 391 407
f 382 407 405
f 383 406 408
f 383 408 384
f 385 398 387
f 385 387 386
f 387 398 389
f 387 389 388
f 389 398 409
f 389 409 390
f 390 409 391
f 391 409 407
f 392 410 393
f 393 410 399
f 393 399 394
f 395 404 396
f 396 404 411
f 396 411 412
f 396 412 397
f 397 412 409
f 397 409 398
f 399 410 413
f 399 413 400
f 400 413 414
f 400 414 401
f 401 414 415
f 401 415 407
f 401 407 411
f 401 411 404
f 401 404 402
f 402 404 403
f 405 416 406
f 405 407 415
f 405 415 417
f 405 417 416
f 406 416 418
f 406 418 419
f 406 419 408
f 407 409 411
f 409 412 411
f 410 420 421
f 410 421 413
f 413 421 422
f 413 422 423
f 413 423 414
f 414 423 424
f 414 424 417
f 414 417 415
f 416 425 418
f 416 417 424
f 416 424 425
f 418 425 426
f 420 426 425
f 420 425 424
f 420 424 421
f 421 424 422
f 422 424 423

o geometry_3
v -0.00577844 -0.00532386 0.00351415
v -0.00589492 0.00139084 0.00351824
v -0.00577844 0.00103823 0.00351006
v -0.00365801 0.00193669 0.00336267
v -0.00365801 0.00139084 0.00336676
v -0.00558497 -0.00532386 0.00351415
v -0.00632476 -0.00532386 0.00356328
v -0.00632670 -0.00523571 0.00356328
v -0.00589492 0.00910571 0.00351824
v -0.00639055 0.00820894 0.00356328
v -0.00577844 0.00138914 0.00351006
v -0.00365801 0.00250628 0.00336676
v -0.00577796 0.00910571 0.00351006
v -0.00365801 0.00139084 0.00445991
v -0.00558497 -0.00532386 0.00549166
v -0.00677311 -0.00532386 0.00378846
v -0.00812159 -0.00434064 0.00436575
v -0.00757089 -0.00434064 0.00409553
v -0.00757089 -0.00344388 0.00406277
v -0.00757089 -0.00254712 0.00404230
v -0.00757089 0.00138914 0.00396042
v -0.00757041 0.00372852 0.00391948
v -0.00757041 0.00462528 0.00390720
v -0.00757041 0.00552205 0.00390310
v -0.00589492 0.00922267 0.00352234
v -0.00637056 0.00910571 0.00356328
v -0.00365801 0.00429811 0.00338723
v -0.00589492 0.00967699 0.00355919
v -0.00577796 0.00968886 0.00355919
v -0.00488124 0.00972106 0.00355919
v -0.00398551 0.00974310 0.00355919
v -0.00365801 0.00974480 0.00355919
v -0.00365801 0.00910571 0.00351006
v -0.00365801 0.00908536 0.01302501
v -0.00365850 0.00970581 0.04518917
v -0.00558838 -0.00532386 0.04440718
v -0.00762547 -0.00532386 0.00423064
v -0.00807724 -0.00504415 0.00442716
v -0.00822296 -0.00434064 0.00495531
v -0.00827120 -0.00344388 0.00495531
v -0.00830581 -0.00254712 0.00495531
v -0.00814498 -0.00344388 0.00433709
v -0.00816253 -0.00254712 0.00431662
v -0.00817715 -0.00165036 0.00430024
v -0.00818495 -0.00075360 0.00428796
v -0.00819323 0.00138914 0.00426749
v -0.00819713 0.00283515 0.00425520
v -0.00819713 0.00372852 0.00424701
v -0.00757041 0.00641711 0.00391948
v -0.00683890 0.00820894 0.00370248
v -0.00819567 0.00462528 0.00424292
v -0.00818251 0.00552205 0.00424701
v -0.00630526 0.00963461 0.00357966
v -0.00488124 0.01017029 0.00378027
v -0.00398551 0.01019233 0.00370658
v -0.00365801 0.01019403 0.00369839
v -0.00365801 0.01110435 0.01302501
v -0.00365850 0.01199433 0.04518917
v -0.00563029 -0.00532386 0.04518917
v -0.00764594 -0.00532386 0.00424292
v -0.00803874 -0.00532386 0.00468509
v -0.00806896 -0.00532386 0.00495531
v -0.00810551 -0.00516960 0.00495531
v -0.00835454 -0.00434064 0.04518917
v -0.00845250 -0.00354051 0.04518917
v -0.00846419 -0.00344388 0.04518917
v -0.00851683 -0.00264375 0.04518917
v -0.00852267 -0.00254712 0.04518917
v -0.00833505 -0.00165036 0.00495531
v -0.00855240 -0.00174698 0.04518917
v -0.00855581 -0.00165036 0.04518917
v -0.00835113 -0.00075360 0.00495531
v -0.00819226 0.00103823 0.00427158
v -0.00835844 0.00014317 0.00495531
v -0.00836526 0.00103823 0.00495531
v -0.00837062 0.00193669 0.00495531
v -0.00837501 0.00283515 0.00495531
v -0.00837550 0.00372852 0.00495531
v -0.00815181 0.00641711 0.00427158
v -0.00757041 0.00731388 0.00401364
v -0.00837209 0.00462528 0.00495531
v -0.00834674 0.00552205 0.00495531
v -0.00681892 0.00910571 0.00381712
v -0.00731650 0.00910571 0.00426749
v -0.00716055 0.00959392 0.00442716
v -0.00663227 0.00976853 0.00409962
v -0.00549968 0.01051272 0.00435756
v -0.00488124 0.01059409 0.00422654
v -0.00398551 0.01068224 0.00415694
v -0.00365801 0.01069581 0.00414875
v -0.00365801 0.01095178 0.00495122
v -0.00398551 0.01092127 0.00495122
v -0.00398551 0.01196212 0.04518917
v -0.00810063 -0.00532386 0.04518917
v -0.00806993 -0.00532386 0.00526648
v -0.00817227 -0.00516282 0.04518917
v -0.00834236 -0.00439998 0.04518917
v -0.00856995 -0.00085022 0.04518917
v -0.00858408 0.00004485 0.04518917
v -0.00859724 0.00094161 0.04518917
v -0.00860309 0.00138914 0.04518917
v -0.00860845 0.00184007 0.04518917
v -0.00861819 0.00273683 0.04518917
v -0.00862745 0.00363189 0.04518917
v -0.00862843 0.00372683 0.04518917
v -0.00863623 0.00462528 0.04518917
v -0.00863428 0.00552205 0.04518917
v -0.00808504 0.00731388 0.00437394
v -0.00828436 0.00641711 0.00495531
v -0.00861332 0.00632049 0.04518917
v -0.00861040 0.00641881 0.04518917
v -0.00761280 0.00814792 0.00419788
v -0.00803241 0.00780718 0.00447629
v -0.00751485 0.00910571 0.00495531
v -0.00718248 0.00961596 0.00495531
v -0.00667418 0.00998212 0.00495531
v -0.00604502 0.01037033 0.00495531
v -0.00559618 0.01054663 0.00495122
v -0.00488124 0.01074836 0.00495122
v -0.00589589 0.01042966 0.00495531
v -0.00488222 0.01179260 0.04518917
v -0.00815376 0.00731388 0.00495531
v -0.00854412 0.00731218 0.04518917
v -0.00803972 0.00783430 0.00495531
v -0.00790277 0.00828184 0.00495531
v -0.00799634 0.00948713 0.04518917
v -0.00776485 0.00992788 0.04518917
v -0.00771563 0.01001603 0.04518917
v -0.00730480 0.01057206 0.04518917
v -0.00723852 0.01063817 0.04518917
v -0.00669562 0.01106366 0.04518917
v -0.00606793 0.01038389 0.00585195
v -0.00621267 0.01135015 0.04518917
v -0.00575505 0.01154002 0.04518917
v -0.00840425 0.00820894 0.04518917
v -0.00817958 0.00904976 0.04518917
f 427 428 429
f 427 429 430
f 427 430 431
f 427 431 432
f 427 432 441
f 427 441 462
f 427 462 485
f 427 485 520
f 427 520 521
f 427 521 488
f 427 488 487
f 427 487 486
f 427 486 463
f 427 463 442
f 427 442 433
f 427 433 434
f 427 434 428
f 428 435 437
f 428 437 429
f 428 434 436
f 428 436 435
f 429 437 430
f 430 438 453
f 430 453 459
f 430 459 458
f 430 458 482
f 430 482 516
f 430 516 517
f 430 517 483
f 430 483 460
f 430 460 440
f 430 440 431
f 430 437 439
f 430 439 438
f 431 440 441
f 431 441 432
f 433 442 443
f 433 443 444
f 433 444 445
f 433 445 446
f 433 446 447
f 433 447 448
f 433 448 449
f 433 449 434
f 434 449 450
f 434 450 436
f 435 451 439
f 435 439 437
f 435 436 452
f 435 452 451
f 436 450 452
f 438 439 453
f 439 451 454
f 439 454 455
f 439 455 456
f 439 456 457
f 439 457 458
f 439 458 459
f 439 459 453
f 440 460 461
f 440 461 462
f 440 462 441
f 442 463 464
f 442 464 443
f 443 464 465
f 443 465 466
f 443 466 467
f 443 467 468
f 443 468 444
f 444 468 445
f 445 468 469
f 445 469 470
f 445 470 446
f 446 470 447
f 447 470 471
f 447 471 448
f 448 471 449
f 449 471 472
f 449 472 473
f 449 473 474
f 449 474 450
f 450 475 476
f 450 476 452
f 450 474 477
f 450 477 478
f 450 478 475
f 451 452 479
f 451 479 454
f 452 476 479
f 454 479 480
f 454 480 481
f 454 481 455
f 455 481 482
f 455 482 456
f 456 482 457
f 457 482 458
f 460 483 484
f 460 484 461
f 461 484 519
f 461 519 547
f 461 547 560
f 461 560 559
f 461 559 557
f 461 557 556
f 461 556 555
f 461 555 554
f 461 554 553
f 461 553 552
f 461 552 562
f 461 562 561
f 461 561 549
f 461 549 537
f 461 537 536
f 461 536 533
f 461 533 532
f 461 532 531
f 461 531 530
f 461 530 529
f 461 529 528
f 461 528 527
f 461 527 526
f 461 526 525
f 461 525 524
f 461 524 497
f 461 497 496
f 461 496 494
f 461 494 493
f 461 493 492
f 461 492 491
f 461 491 490
f 461 490 523
f 461 523 522
f 461 522 520
f 461 520 485
f 461 485 462
f 463 486 464
f 464 487 488
f 464 488 489
f 464 489 465
f 464 486 487
f 465 489 490
f 465 490 491
f 465 491 492
f 465 492 493
f 465 493 494
f 465 494 466
f 466 494 467
f 467 495 468
f 467 494 496
f 467 496 497
f 467 497 495
f 468 495 469
f 469 495 470
f 470 495 498
f 470 498 471
f 471 499 472
f 471 498 500
f 471 500 501
f 471 501 499
f 472 499 502
f 472 502 503
f 472 503 473
f 473 503 474
f 474 503 504
f 474 504 477
f 475 478 505
f 475 505 506
f 475 506 476
f 476 506 479
f 477 504 507
f 477 507 478
f 478 507 508
f 478 508 505
f 479 506 509
f 479 509 510
f 479 510 511
f 479 511 512
f 479 512 513
f 479 513 514
f 479 514 480
f 480 514 515
f 480 515 481
f 481 515 516
f 481 516 482
f 483 517 484
f 484 517 518
f 484 518 519
f 488 521 489
f 489 521 522
f 489 522 523
f 489 523 490
f 495 497 498
f 497 524 498
f 498 524 525
f 498 525 526
f 498 526 527
f 498 527 528
f 498 528 529
f 498 529 530
f 498 530 531
f 498 531 532
f 498 532 500
f 499 501 502
f 500 532 501
f 501 532 502
f 502 532 503
f 503 532 504
f 504 532 533
f 504 533 507
f 505 534 506
f 505 508 535
f 505 535 534
f 506 534 509
f 507 533 536
f 507 536 508
f 508 536 537
f 508 537 535
f 509 534 538
f 509 538 510
f 510 538 539
f 510 539 511
f 511 513 512
f 511 539 540
f 511 540 541
f 511 541 542
f 511 542 543
f 511 543 513
f 513 544 545
f 513 545 518
f 513 518 514
f 513 543 546
f 513 546 544
f 514 518 515
f 515 518 517
f 515 517 516
f 518 545 547
f 518 547 519
f 520 522 521
f 534 539 538
f 534 535 539
f 535 548 539
f 535 537 549
f 535 549 548
f 539 548 550
f 539 550 551
f 539 551 540
f 540 551 552
f 540 552 553
f 540 553 554
f 540 554 541
f 541 554 555
f 541 555 556
f 541 556 557
f 541 557 542
f 542 558 543
f 542 557 558
f 543 558 559
f 543 559 560
f 543 560 546
f 544 546 560
f 544 560 547
f 544 547 545
f 548 549 561
f 548 561 550
f 550 561 562
f 550 562 551
f 551 562 552
f 557 559 558

o geometry_4
v 0.00944255 -0.00420740 0.07128934
v 0.00922273 -0.00420740 0.07211868
v 0.00911282 -0.00505865 0.07195001
v 0.00929658 -0.00434122 0.05874364
v 0.00894625 -0.00420740 0.07255445
v 0.00835378 -0.00613480 0.07287073
v 0.00899262 -0.00563529 0.07128934
v 0.00916091 -0.00518643 0.07128934
v 0.00864744 -0.00613480 0.07218897
v 0.00911282 -0.00511627 0.05874364
v 0.00931547 -0.00420740 0.05874364
v 0.00845682 -0.00523847 0.07291290
v 0.00821811 -0.00670029 0.07276531
v 0.00703833 -0.00703019 0.07372820
v 0.00722552 -0.00748184 0.07353140
v 0.00870411 -0.00613480 0.07128934
v 0.00870411 -0.00613480 0.05874364
v 0.00897372 -0.00556420 0.05874364
v 0.00827307 -0.00676162 0.07218897
v 0.00811336 -0.00567014 0.00507474
v 0.00822327 -0.00503635 0.00507474
v 0.00851177 -0.00420740 0.07285667
v 0.00735431 -0.00613480 0.07360871
v 0.00781970 -0.00721002 0.07218897
v 0.00587572 -0.00821832 0.07308158
v 0.00677215 -0.00783080 0.07308158
v 0.00480069 -0.00768722 0.07450132
v 0.00829711 -0.00682156 0.05874364
v 0.00754322 -0.00703019 0.00507474
v 0.00796395 -0.00613480 0.00507474
v 0.00211999 -0.00532490 0.00321924
v 0.00874189 -0.00420740 0.04619091
v 0.00729249 -0.00563715 0.07355952
v 0.00587572 -0.00703019 0.07422019
v 0.00737149 -0.00758407 0.07218897
v 0.00479211 -0.00842138 0.07370710
v 0.00539144 -0.00836841 0.07308158
v 0.00677215 -0.00790189 0.07218897
v 0.00480069 -0.00721002 0.07450132
v 0.00318644 -0.00792652 0.07468406
v 0.00373254 -0.00839257 0.07444509
v 0.00790900 -0.00726996 0.05874364
v 0.00724612 -0.00750786 0.00507474
v 0.00746079 -0.00766724 0.05874364
v 0.00211999 -0.00663430 0.00357769
v 0.00049715 -0.00532490 0.00300839
v 0.00546014 -0.00503635 0.00507474
v 0.00847227 -0.00420740 0.04519990
v 0.00767888 -0.00420740 0.07285667
v -0.00129227 -0.00707805 0.07468406
v 0.00229001 -0.00707434 0.07467000
v 0.00408286 -0.00707155 0.07457160
v 0.00677215 -0.00808682 0.05874364
v 0.00251454 -0.00859377 0.07398122
v 0.00408286 -0.00856682 0.07308158
v 0.00623120 -0.00834657 0.05874364
v 0.00184265 -0.00792652 0.07476839
v 0.00677215 -0.00787308 0.00507474
v 0.00617110 -0.00829220 0.00507474
v 0.00211999 -0.00863140 0.00429459
v -0.00129399 -0.00532490 0.00300839
v -0.00632395 -0.00532490 0.00356363
v -0.00764455 -0.00532490 0.00423836
v 0.00624151 -0.00420740 0.04519287
v 0.00731825 -0.00420740 0.07224520
v -0.00552197 -0.00607021 0.07308158
v -0.00552197 -0.00634018 0.07387579
v -0.00398328 -0.00663012 0.07433264
v -0.00084406 -0.00792652 0.07479300
v 0.00318644 -0.00863884 0.07308158
v 0.00408286 -0.00879543 0.05874364
v 0.00497929 -0.00865835 0.05874364
v 0.00578299 -0.00847946 0.05874364
v 0.00572288 -0.00849851 0.00507474
v 0.00094751 -0.00848492 0.07453471
v 0.00497929 -0.00869506 0.00507474
v 0.00408286 -0.00883260 0.00507474
v 0.00265321 -0.00890857 0.00501500
v 0.00005065 -0.00893204 0.00495526
v -0.00398328 -0.00860259 0.00429459
v -0.00626385 -0.00661711 0.00358472
v -0.00738352 -0.00658273 0.00430162
v -0.00803781 -0.00532490 0.00468115
v -0.00806873 -0.00532490 0.00495526
v -0.00810135 -0.00532490 0.04519287
v -0.00552197 -0.00701021 0.07426236
v -0.00353506 -0.00707317 0.07460323
v -0.00263778 -0.00792652 0.07471920
v -0.00174049 -0.00847644 0.07452592
v 0.00184265 -0.00869088 0.07308158
v 0.00318644 -0.00887628 0.05874364
v 0.00005237 -0.00866346 0.07398122
v 0.00318644 -0.00891531 0.00584787
v 0.00049715 -0.00895434 0.00584787
v -0.00308685 -0.00889022 0.00495526
v -0.00554602 -0.00845995 0.00440704
v -0.00398328 -0.00884050 0.00495526
v -0.00714139 -0.00749996 0.00447733
v -0.00785578 -0.00613480 0.00495526
v -0.00786780 -0.00613480 0.00584787
v -0.00779568 -0.00616825 0.04519287
v -0.00552197 -0.00829731 0.07308158
v -0.00552197 -0.00789957 0.07393905
v -0.00469939 -0.00768443 0.07450132
v -0.00469939 -0.00722117 0.07450132
v -0.00363295 -0.00839257 0.07444509
v -0.00218870 -0.00862072 0.07398122
v 0.00050058 -0.00872155 0.07308158
v 0.00184265 -0.00892065 0.05874364
v -0.00084406 -0.00871737 0.07308158
v -0.00039585 -0.00895202 0.00584787
v 0.00005237 -0.00893483 0.05874364
v -0.00308685 -0.00890276 0.00584787
v -0.00487971 -0.00871225 0.00495526
v -0.00564734 -0.00850037 0.00495526
v -0.00609555 -0.00830893 0.00495526
v -0.00667256 -0.00789027 0.00495526
v -0.00714825 -0.00750833 0.00495526
v -0.00745737 -0.00703066 0.00495526
v -0.00506775 -0.00840837 0.07308158
v -0.00469252 -0.00842138 0.07370710
v -0.00730796 -0.00694470 0.04519287
v -0.00263778 -0.00866602 0.07308158
v -0.00174049 -0.00892089 0.05874364
v -0.00308685 -0.00888093 0.05874364
v -0.00398328 -0.00879682 0.05874364
v -0.00487971 -0.00866068 0.05874364
v -0.00552197 -0.00851942 0.05874364
v -0.00398328 -0.00856682 0.07308158
f 563 564 565
f 563 573 594
f 563 594 610
f 563 610 626
f 563 626 627
f 563 627 611
f 563 611 584
f 563 584 567
f 563 567 564
f 564 567 568
f 564 568 565
f 565 569 570
f 565 570 563
f 565 571 569
f 563 570 572
f 563 572 566
f 563 566 573
f 567 574 568
f 568 575 565
f 568 574 576
f 568 576 577
f 568 577 575
f 565 575 571
f 569 571 578
f 569 578 579
f 569 579 580
f 569 580 570
f 570 580 572
f 571 575 581
f 571 581 578
f 572 580 582
f 572 582 566
f 566 582 583
f 566 583 573
f 567 584 574
f 574 584 585
f 575 586 581
f 575 577 586
f 574 585 576
f 577 587 588
f 577 576 589
f 578 581 590
f 578 590 579
f 579 590 591
f 579 591 580
f 580 591 592
f 580 592 582
f 582 592 593
f 582 593 583
f 573 583 594
f 585 584 595
f 585 595 596
f 585 596 576
f 586 577 597
f 577 588 597
f 576 596 589
f 587 577 598
f 587 598 599
f 587 600 588
f 588 600 597
f 589 601 602
f 589 603 577
f 589 596 601
f 577 603 598
f 581 586 604
f 581 604 590
f 590 604 605
f 590 605 591
f 591 605 593
f 591 593 592
f 586 597 606
f 593 605 607
f 583 593 608
f 583 608 623
f 583 623 609
f 583 609 626
f 583 626 610
f 583 610 594
f 584 611 612
f 584 612 613
f 584 613 614
f 584 614 595
f 595 614 601
f 595 601 596
f 597 600 615
f 598 616 617
f 598 617 599
f 587 599 618
f 587 618 600
f 601 614 602
f 602 614 619
f 602 619 603
f 602 603 589
f 603 616 598
f 586 606 604
f 604 606 605
f 605 620 607
f 605 606 620
f 597 615 606
f 606 615 621
f 606 621 620
f 607 608 593
f 607 620 621
f 607 621 622
f 607 622 608
f 608 622 623
f 609 623 624
f 609 624 625
f 609 625 626
f 611 627 628
f 611 628 629
f 611 629 630
f 611 630 612
f 613 612 631
f 613 631 619
f 613 619 614
f 600 618 615
f 615 618 621
f 616 632 617
f 599 617 633
f 618 599 635
f 618 635 636
f 618 636 621
f 619 637 603
f 603 637 616
f 621 636 622
f 622 636 638
f 622 638 639
f 622 639 640
f 622 640 641
f 623 622 642
f 623 642 643
f 623 643 624
f 624 643 625
f 625 645 626
f 625 644 645
f 626 645 646
f 626 646 647
f 626 647 627
f 627 647 628
f 628 647 629
f 629 648 630
f 629 647 648
f 630 648 649
f 630 649 612
f 612 649 631
f 631 649 650
f 631 650 651
f 631 651 637
f 631 637 619
f 616 652 632
f 617 632 653
f 617 653 633
f 633 634 599
f 634 633 639
f 634 639 638
f 634 638 635
f 634 635 599
f 635 638 636
f 637 654 616
f 639 655 640
f 640 655 656
f 640 656 641
f 622 641 642
f 642 641 657
f 642 658 643
f 642 657 659
f 642 659 658
f 643 644 625
f 643 658 660
f 643 660 644
f 645 644 661
f 645 661 646
f 647 646 662
f 647 662 663
f 647 663 664
f 647 664 665
f 647 665 648
f 648 666 667
f 648 665 666
f 648 667 649
f 649 667 650
f 650 668 651
f 651 668 669
f 651 669 654
f 651 654 637
f 616 654 670
f 616 670 652
f 652 653 632
f 653 652 671
f 653 671 655
f 653 655 639
f 653 639 633
f 654 672 670
f 655 671 656
f 656 673 641
f 656 671 674
f 656 674 673
f 641 673 657
f 657 673 675
f 657 675 659
f 658 659 676
f 658 676 677
f 658 677 678
f 658 678 660
f 660 678 679
f 660 679 680
f 660 680 681
f 660 681 661
f 660 661 644
f 661 681 662
f 661 662 646
f 662 681 663
f 664 682 683
f 664 663 684
f 664 683 665
f 665 683 668
f 665 668 666
f 666 650 667
f 650 666 668
f 669 685 672
f 669 672 654
f 670 672 674
f 670 674 671
f 670 671 652
f 672 686 674
f 673 674 686
f 673 686 675
f 675 686 687
f 675 687 659
f 676 659 688
f 676 688 689
f 676 689 690
f 676 690 677
f 659 687 688
f 677 690 678
f 678 690 679
f 680 684 681
f 680 679 690
f 680 690 684
f 681 684 663
f 683 682 691
f 683 691 669
f 684 690 664
f 668 683 669
f 669 691 685
f 672 685 686
f 687 686 685
f 688 682 689
f 689 682 690
f 682 688 691
f 664 690 682
f 691 687 685
f 687 691 688

o geometry_5
v 0.00049805 0.00503865 0.00273025
v 0.00049805 0.00499240 0.00046370
v -0.00039767 0.00499240 0.00046370
v -0.00129481 0.00498945 0.00046370
v -0.00129481 0.00502881 0.00273025
v 0.00139472 0.00492745 0.00273025
v 0.00139472 0.00474344 -0.00043253
v 0.00049805 0.00494024 -0.00043253
v -0.00039767 0.00494024 -0.00043253
v -0.00129481 0.00493926 -0.00043253
v -0.00211621 0.00455647 -0.00043253
v -0.00206602 0.00474836 0.00273025
v 0.00210959 0.00452203 0.00273025
v 0.00191643 0.00430849 -0.00132877
v 0.00189087 0.00424551 -0.00194883
v 0.00139472 0.00460075 -0.00132877
v 0.00049805 0.00476017 -0.00132877
v -0.00129481 0.00476017 -0.00132877
v -0.00209443 0.00446791 -0.00132877
v -0.00221752 0.00467160 0.00273025
v -0.00249305 0.00372791 -0.00132877
v 0.00218487 0.00400738 0.00273025
v 0.00131140 0.00430948 -0.00223855
v 0.00221943 0.00372791 0.00273025
v 0.00198839 0.00372791 -0.00132877
v 0.00193158 0.00374365 -0.00223855
v 0.00189276 0.00345533 -0.00293837
v 0.00179902 0.00324474 -0.00353587
v 0.00155474 0.00405362 -0.00254707
v 0.00095727 0.00417761 -0.00267575
v 0.00049805 0.00440591 -0.00222500
v -0.00129481 0.00440591 -0.00222500
v -0.00174646 0.00417761 -0.00267575
v -0.00191074 0.00429078 -0.00222500
v -0.00228711 0.00372791 -0.00222500
v -0.00253755 0.00372791 -0.00043253
v -0.00228617 0.00451219 0.00273025
v -0.00238606 0.00283145 -0.00312199
v -0.00253093 0.00283145 -0.00222500
v 0.00221990 0.00321424 0.00273025
v 0.00199265 0.00014108 -0.00401822
v 0.00197656 0.00103754 -0.00401822
v 0.00193300 0.00290033 -0.00319046
v 0.00189276 0.00264743 -0.00369991
v 0.00145816 0.00290033 -0.00383386
v 0.00120156 0.00333429 -0.00361939
v 0.00187193 0.00157581 -0.00449982
v 0.00139472 0.00216329 -0.00431095
v 0.00049805 0.00336086 -0.00364498
v 0.00049805 0.00380958 -0.00312500
v 0.00049805 0.00417860 -0.00267650
v -0.00129481 0.00417860 -0.00267650
v -0.00129481 0.00380958 -0.00312500
v -0.00129481 0.00336086 -0.00364498
v -0.00183546 0.00333429 -0.00361939
v -0.00195003 0.00367083 -0.00303319
v -0.00256312 0.00193499 -0.00222500
v -0.00261662 0.00193499 0.00273025
v -0.00254797 0.00364525 0.00273025
v -0.00254276 0.00372791 0.00273025
v -0.00199738 0.00283145 -0.00380225
v -0.00214698 0.00197435 -0.00408444
v -0.00232593 0.00138786 -0.00404305
v -0.00243245 0.00103754 -0.00401822
v -0.00247033 0.00138786 -0.00366906
v -0.00252903 0.00193499 -0.00312199
v 0.00219765 0.00282259 0.00273025
v 0.00201112 -0.00348510 0.00227273
v 0.00201301 -0.00344377 0.00227273
v 0.00197277 -0.00344377 -0.00222500
v 0.00197893 -0.00254731 -0.00312123
v 0.00198508 -0.00075439 -0.00401822
v 0.00191785 0.00014108 -0.00457508
v 0.00190223 0.00103754 -0.00454573
v 0.00195383 0.00138786 -0.00401371
v 0.00192022 0.00189858 -0.00400618
v 0.00049805 0.00225874 -0.00440877
v 0.00049805 0.00283145 -0.00403478
v 0.00139472 0.00171456 -0.00456003
v 0.00188235 0.00138786 -0.00451638
v 0.00139472 0.00103754 -0.00473611
v 0.00139472 0.00138786 -0.00464581
v -0.00129481 0.00283145 -0.00403478
v -0.00129481 0.00225874 -0.00440877
v -0.00191879 0.00170275 -0.00455852
v -0.00253140 0.00138786 -0.00312199
v -0.00254466 0.00138786 -0.00277132
v -0.00253708 -0.00165085 -0.00312123
v -0.00256454 -0.00165085 -0.00222500
v -0.00257685 -0.00254731 -0.00043328
v -0.00261236 0.00138786 0.00273025
v -0.00197986 0.00138786 -0.00460517
v -0.00208401 0.00138786 -0.00444339
v -0.00204661 0.00103754 -0.00465710
v -0.00208733 0.00014108 -0.00471128
v -0.00248642 0.00014108 -0.00401822
v 0.00212805 0.00222331 0.00273025
v 0.00195810 -0.00434023 0.00227273
v 0.00194153 -0.00434023 0.00046370
v 0.00191785 -0.00416704 -0.00132952
v 0.00189750 -0.00400271 -0.00222500
v 0.00186625 -0.00392300 -0.00271864
v 0.00190744 -0.00339260 -0.00305953
v 0.00187714 -0.00306000 -0.00362391
v 0.00190602 -0.00254731 -0.00375409
v 0.00192638 -0.00166561 -0.00404305
v 0.00188235 -0.00137532 -0.00451563
v 0.00190981 -0.00075439 -0.00455777
v 0.00139472 0.00014108 -0.00482039
v 0.00049805 0.00181002 -0.00460367
v 0.00049805 0.00103754 -0.00484748
v 0.00049805 0.00138786 -0.00473762
v 0.00049805 0.00014108 -0.00495735
v -0.00129481 0.00181002 -0.00460367
v -0.00129481 0.00138786 -0.00473762
v -0.00162384 0.00138786 -0.00469548
v -0.00253282 0.00103754 -0.00312123
v -0.00245471 -0.00075439 -0.00401822
v -0.00246985 -0.00254731 -0.00312123
v -0.00254229 -0.00254731 -0.00222500
v -0.00257448 -0.00254731 0.00046370
v -0.00258253 -0.00165085 0.00227273
v -0.00253471 -0.00344377 -0.00132952
v -0.00254134 -0.00344377 -0.00043328
v -0.00254134 -0.00344377 0.00046370
v 0.00179571 0.00138786 0.00273025
v -0.00255128 -0.00254731 0.00227273
v -0.00251625 -0.00341327 0.00227273
v -0.00251483 -0.00344377 0.00227273
v -0.00234487 -0.00434023 0.00227273
v -0.00196897 -0.00490310 0.00227273
v -0.00195051 -0.00490704 0.00227273
v -0.00129434 -0.00501430 0.00227273
v -0.00129434 0.00103754 -0.00484748
v -0.00129434 0.00014108 -0.00495735
v -0.00206555 -0.00075439 -0.00467591
v 0.00204000 0.00187791 0.00273025
v 0.00187572 -0.00482241 0.00227273
v 0.00186720 -0.00481355 0.00046370
v 0.00185868 -0.00480470 -0.00016539
v 0.00191265 -0.00440124 -0.00045210
v 0.00139472 -0.00425954 -0.00222500
v 0.00139472 -0.00398794 -0.00280744
v 0.00139472 -0.00360515 -0.00325593
v 0.00177583 -0.00473975 -0.00076363
v 0.00144395 -0.00461871 -0.00131146
v 0.00117789 -0.00482241 -0.00100143
v 0.00139472 -0.00315643 -0.00370819
v 0.00102308 -0.00211925 -0.00447725
v 0.00162102 -0.00197263 -0.00435911
v 0.00139472 -0.00075439 -0.00476696
v 0.00135116 -0.00166561 -0.00457131
v 0.00049805 -0.00075439 -0.00488511
v -0.00228853 -0.00165085 -0.00401822
v -0.00202199 -0.00246957 -0.00400694
v -0.00193157 -0.00314659 -0.00370066
v -0.00210437 -0.00344475 -0.00311220
v -0.00244571 -0.00344377 -0.00222500
v -0.00253519 -0.00344377 0.00135994
v -0.00229090 -0.00434023 -0.00043328
v -0.00233919 -0.00434023 0.00046370
v 0.00049805 -0.00501430 0.00227273
v 0.00139472 -0.00493262 0.00227273
v -0.00196376 -0.00489031 0.00046370
v -0.00129434 -0.00499265 0.00046370
v -0.00129434 -0.00075439 -0.00488511
v -0.00191263 -0.00165085 -0.00456078
v 0.00139472 -0.00491589 0.00046370
v 0.00144395 -0.00485980 -0.00045210
v 0.00049805 -0.00440518 -0.00222500
v 0.00049805 -0.00367108 -0.00332215
v 0.00049805 -0.00403616 -0.00287366
v 0.00049805 -0.00483914 -0.00106162
v 0.00049805 -0.00470925 -0.00150937
v 0.00049805 -0.00494050 -0.00043328
v 0.00049805 -0.00322236 -0.00376538
v 0.00049805 -0.00213008 -0.00448252
v 0.00049805 -0.00165085 -0.00465560
v 0.00049805 -0.00257880 -0.00421387
v -0.00176966 -0.00211925 -0.00447725
v -0.00129434 -0.00322236 -0.00376538
v -0.00129434 -0.00367108 -0.00332215
v -0.00190695 -0.00398794 -0.00280744
v -0.00205087 -0.00414933 -0.00222500
v -0.00209064 -0.00439829 -0.00131146
v -0.00191595 -0.00486472 -0.00043328
v 0.00049805 -0.00499265 0.00046370
v -0.00129434 -0.00494050 -0.00043328
v -0.00129434 -0.00165085 -0.00465560
v -0.00129434 -0.00440518 -0.00222500
v -0.00129434 -0.00403616 -0.00287366
v -0.00129434 -0.00483914 -0.00106162
v -0.00129434 -0.00470925 -0.00150937
v -0.00129434 -0.00213008 -0.00448252
v -0.00129434 -0.00257880 -0.00421387
v -0.00182647 -0.00482241 -0.00100143
f 692 693 694
f 692 694 695
f 692 695 696
f 692 696 703
f 692 703 711
f 692 711 728
f 692 728 751
f 692 751 750
f 692 750 749
f 692 749 782
f 692 782 817
f 692 817 828
f 692 828 788
f 692 788 758
f 692 758 731
f 692 731 715
f 692 715 713
f 692 713 704
f 692 704 697
f 692 697 693
f 693 697 698
f 693 698 699
f 693 699 700
f 693 700 694
f 694 700 701
f 694 701 695
f 695 701 702
f 695 702 703
f 695 703 696
f 697 704 698
f 698 704 705
f 698 705 706
f 698 706 707
f 698 707 699
f 699 707 708
f 699 708 709
f 699 709 700
f 700 709 701
f 701 709 710
f 701 710 702
f 702 711 703
f 702 710 712
f 702 712 711
f 704 713 705
f 705 713 706
f 706 714 707
f 706 713 715
f 706 715 716
f 706 716 717
f 706 717 718
f 706 718 719
f 706 719 720
f 706 720 714
f 707 714 708
f 708 714 721
f 708 721 722
f 708 722 723
f 708 723 709
f 709 723 724
f 709 724 725
f 709 725 710
f 710 725 726
f 710 726 712
f 711 712 727
f 711 727 728
f 712 726 729
f 712 729 730
f 712 730 727
f 714 720 721
f 715 731 732
f 715 732 733
f 715 733 734
f 715 734 716
f 716 734 717
f 717 734 718
f 718 734 735
f 718 735 719
f 719 736 737
f 719 737 721
f 719 721 720
f 719 735 738
f 719 738 739
f 719 739 736
f 721 737 740
f 721 740 741
f 721 741 742
f 721 742 722
f 722 742 743
f 722 743 723
f 723 743 724
f 724 744 745
f 724 745 746
f 724 746 747
f 724 747 725
f 724 743 744
f 725 747 726
f 726 747 729
f 727 730 748
f 727 748 749
f 727 749 750
f 727 750 751
f 727 751 728
f 729 752 753
f 729 753 754
f 729 754 755
f 729 755 756
f 729 756 757
f 729 757 730
f 729 747 746
f 729 746 752
f 730 757 748
f 731 758 759
f 731 759 760
f 731 760 761
f 731 761 762
f 731 762 763
f 731 763 732
f 732 763 764
f 732 764 733
f 733 765 766
f 733 766 734
f 733 764 765
f 734 766 767
f 734 767 735
f 735 767 738
f 736 739 737
f 737 739 768
f 737 768 769
f 737 769 740
f 738 770 739
f 738 767 765
f 738 765 771
f 738 771 772
f 738 772 773
f 738 773 770
f 739 770 768
f 740 745 744
f 740 744 741
f 740 769 774
f 740 774 745
f 741 744 743
f 741 743 742
f 745 774 746
f 746 774 775
f 746 775 776
f 746 776 752
f 748 757 777
f 748 777 778
f 748 778 779
f 748 779 780
f 748 780 749
f 749 780 781
f 749 781 782
f 752 776 753
f 753 776 783
f 753 783 784
f 753 784 754
f 754 784 785
f 754 785 755
f 755 785 786
f 755 786 787
f 755 787 756
f 756 787 757
f 757 787 777
f 758 788 789
f 758 789 759
f 759 789 761
f 759 761 760
f 761 789 790
f 761 790 791
f 761 791 792
f 761 792 793
f 761 793 794
f 761 794 762
f 762 794 795
f 762 795 796
f 762 796 763
f 763 797 798
f 763 798 799
f 763 799 764
f 763 796 797
f 764 799 800
f 764 800 765
f 765 767 766
f 765 800 772
f 765 772 771
f 768 775 774
f 768 774 769
f 768 770 801
f 768 801 805
f 768 805 775
f 770 773 802
f 770 802 803
f 770 803 801
f 772 800 804
f 772 804 802
f 772 802 773
f 775 805 776
f 776 805 806
f 776 806 807
f 776 807 783
f 777 808 778
f 777 787 808
f 778 808 779
f 779 808 787
f 779 787 809
f 779 809 810
f 779 810 811
f 779 811 780
f 780 811 781
f 781 812 813
f 781 813 782
f 781 811 814
f 781 814 815
f 781 815 816
f 781 816 812
f 782 813 818
f 782 818 819
f 782 819 820
f 782 820 821
f 782 821 822
f 782 822 823
f 782 823 824
f 782 824 853
f 782 853 817
f 783 807 785
f 783 785 784
f 785 825 826
f 785 826 786
f 785 807 825
f 786 826 827
f 786 827 809
f 786 809 787
f 788 828 829
f 788 829 789
f 789 829 830
f 789 830 790
f 790 830 831
f 790 831 832
f 790 832 791
f 791 832 831
f 791 831 792
f 792 831 793
f 793 833 834
f 793 834 835
f 793 835 795
f 793 795 794
f 793 831 836
f 793 836 837
f 793 837 838
f 793 838 833
f 795 835 839
f 795 839 840
f 795 840 841
f 795 841 798
f 795 798 796
f 796 798 797
f 798 842 799
f 798 841 843
f 798 843 842
f 799 842 800
f 800 842 804
f 801 803 806
f 801 806 805
f 802 825 806
f 802 806 803
f 802 804 826
f 802 826 825
f 804 842 844
f 804 844 857
f 804 857 826
f 806 825 807
f 809 827 845
f 809 845 810
f 810 845 846
f 810 846 847
f 810 847 848
f 810 848 849
f 810 849 814
f 810 814 811
f 812 816 850
f 812 850 813
f 813 850 818
f 814 849 851
f 814 851 852
f 814 852 815
f 815 852 821
f 815 821 816
f 816 821 850
f 817 853 854
f 817 854 829
f 817 829 828
f 818 850 819
f 819 850 820
f 820 850 821
f 821 852 822
f 822 855 823
f 822 852 855
f 823 855 824
f 824 856 878
f 824 878 853
f 824 855 856
f 826 857 827
f 827 857 858
f 827 858 845
f 829 854 830
f 830 854 859
f 830 859 831
f 831 859 860
f 831 860 836
f 833 838 861
f 833 861 834
f 834 862 835
f 834 861 863
f 834 863 862
f 835 862 839
f 836 860 838
f 836 838 837
f 838 864 865
f 838 865 861
f 838 860 866
f 838 866 864
f 839 867 840
f 839 862 867
f 840 868 869
f 840 869 843
f 840 843 841
f 840 867 870
f 840 870 868
f 842 843 844
f 843 869 844
f 844 869 880
f 844 880 857
f 845 858 846
f 846 858 871
f 846 871 847
f 847 871 872
f 847 872 873
f 847 873 874
f 847 874 848
f 848 874 875
f 848 875 849
f 849 875 876
f 849 876 851
f 851 876 877
f 851 877 855
f 851 855 852
f 853 878 859
f 853 859 854
f 855 877 856
f 856 877 879
f 856 879 866
f 856 866 878
f 857 880 871
f 857 871 858
f 859 878 860
f 860 878 866
f 861 865 884
f 861 884 881
f 861 881 882
f 861 882 863
f 862 863 882
f 862 882 873
f 862 873 872
f 862 872 867
f 864 883 884
f 864 884 865
f 864 866 879
f 864 879 883
f 867 872 886
f 867 886 870
f 868 870 886
f 868 886 885
f 868 885 880
f 868 880 869
f 871 885 886
f 871 886 872
f 871 880 885
f 873 882 874
f 874 882 881
f 874 881 887
f 874 887 875
f 875 887 876
f 876 887 877
f 877 887 879
f 879 887 883
f 881 884 887
f 883 887 884

o geometry_6
v -0.00968084 0.00244510 0.06585176
v -0.00754777 0.00244510 0.06585176
v -0.00968242 0.00244510 0.06591794
v -0.00968084 0.00283233 0.06585176
v -0.00947382 0.00704998 0.06585053
v -0.00580893 0.00588097 0.06585176
v -0.00580893 0.00398145 0.06629171
v -0.00580893 0.00366958 0.06681745
v -0.00580893 0.00355969 0.06768510
v -0.00580893 0.00355655 0.06771207
v -0.00754262 0.00244510 0.06591794
v -0.00827172 0.00704998 0.06585053
v -0.00580933 0.01080820 0.06585053
v -0.00968242 0.00283233 0.06591794
v -0.00979483 0.00244510 0.07129665
v -0.00967252 0.00366330 0.06585176
v -0.00946195 0.00910753 0.06585053
v -0.00580893 0.00638960 0.06585176
v -0.00747177 0.00244510 0.06685299
v -0.00580893 0.00352934 0.07667413
v -0.00580933 0.01301855 0.06585053
v -0.00980631 0.00283233 0.07190081
v -0.00981423 0.00337340 0.07254788
v -0.00982531 0.00244510 0.07277215
v -0.00967173 0.00372923 0.06585176
v -0.00950390 0.00910753 0.07308710
v -0.00938199 0.01000444 0.07398417
v -0.00937249 0.01000444 0.07308710
v -0.00929650 0.00993955 0.06585053
v -0.00965669 0.00462509 0.06585176
v -0.00962146 0.00552200 0.06585176
v -0.00981739 0.00515989 0.07506382
v -0.00982333 0.00527292 0.07577707
v -0.00580893 0.00704161 0.06585421
v -0.00747177 0.00244510 0.06773535
v -0.00580893 0.00383703 0.07750624
v -0.00780544 0.00244510 0.07563736
v -0.00760516 0.00244510 0.07489103
v -0.00754420 0.00244510 0.07398539
v -0.00667498 0.01267423 0.06585053
v -0.00580933 0.01302064 0.06591794
v -0.00980789 0.00283233 0.07197803
v -0.00981700 0.00283233 0.07242411
v -0.00983046 0.00283233 0.07308833
v -0.00984708 0.00283233 0.07398539
v -0.00985262 0.00372923 0.07488123
v -0.00981937 0.00369470 0.07312264
v -0.00983164 0.00244510 0.07308833
v -0.00950905 0.00910753 0.07398417
v -0.00936735 0.01000444 0.07488000
v -0.00905742 0.01067633 0.07488000
v -0.00905386 0.01067947 0.07398417
v -0.00900280 0.01059470 0.06591794
v -0.00928383 0.01000444 0.06591794
v -0.00928225 0.01000444 0.06585053
v -0.00980829 0.00397099 0.07284813
v -0.00981423 0.00424519 0.07344495
v -0.00981937 0.00443671 0.07398539
v -0.00982769 0.00470358 0.07481138
v -0.00984787 0.00462509 0.07577707
v -0.00982294 0.00525198 0.07639472
v -0.00580933 0.01305099 0.06771084
v -0.00580933 0.01313053 0.07308710
v -0.00580933 0.01313576 0.07398417
v -0.00580893 0.00704894 0.07711041
v -0.00580893 0.00426507 0.07794008
v -0.00793884 0.00325828 0.07714718
v -0.00846765 0.00244510 0.07601237
v -0.00728850 0.01235084 0.06585053
v -0.00731661 0.01237700 0.06771084
v -0.00667498 0.01271190 0.06771084
v -0.00588018 0.01302797 0.06771084
v -0.00984114 0.00244510 0.07359691
v -0.00984075 0.00244510 0.07394985
v -0.00984035 0.00289407 0.07481505
v -0.00984273 0.00378993 0.07571580
v -0.00947936 0.00910753 0.07488000
v -0.00977267 0.00553979 0.07668639
v -0.00965590 0.00641890 0.07667413
v -0.00952726 0.00704998 0.07667413
v -0.00947263 0.00731581 0.07667413
v -0.00909265 0.00992595 0.07578810
v -0.00901111 0.01059784 0.07549643
v -0.00873166 0.01112531 0.07488000
v -0.00875897 0.01112740 0.07398417
v -0.00870554 0.01104054 0.06681377
v -0.00868060 0.01104263 0.06591794
v -0.00868020 0.01104054 0.06585053
v -0.00897865 0.01062505 0.06585053
v -0.00900121 0.01059261 0.06585053
v -0.00902180 0.01055074 0.06585053
v -0.00983362 0.00462509 0.07638614
v -0.00600447 0.01306878 0.07308710
v -0.00601159 0.01307192 0.07398417
v -0.00580933 0.01311588 0.07418392
v -0.00580893 0.00704894 0.07818027
v -0.00580893 0.00428077 0.07795478
v -0.00757191 0.00426926 0.07796581
v -0.00810983 0.00325828 0.07714718
v -0.00858442 0.00244510 0.07597683
v -0.00773618 0.01201803 0.06585053
v -0.00774884 0.01204733 0.06681377
v -0.00779001 0.01206617 0.06950374
v -0.00737519 0.01241154 0.07219126
v -0.00667498 0.01277156 0.07219126
v -0.00983679 0.00244510 0.07435917
v -0.00982927 0.00244510 0.07453442
v -0.00983085 0.00323421 0.07537633
v -0.00983085 0.00413007 0.07626972
v -0.00969073 0.00462509 0.07683345
v -0.00939308 0.00552200 0.07757120
v -0.00926562 0.00646914 0.07765085
v -0.00920664 0.00704998 0.07749644
v -0.00917973 0.00731581 0.07742414
v -0.00902378 0.00794584 0.07724154
v -0.00871424 0.01017189 0.07609325
v -0.00844390 0.01085111 0.07577217
v -0.00817435 0.01148219 0.07545108
v -0.00828359 0.01160359 0.07488000
v -0.00831051 0.01164650 0.07398417
v -0.00825747 0.01159940 0.06681377
v -0.00823174 0.01156905 0.06585053
v -0.00667498 0.01278307 0.07398417
v -0.00730592 0.01236654 0.07469741
v -0.00670269 0.01249631 0.07495108
v -0.00580933 0.01282388 0.07483833
v -0.00580933 0.00954395 0.07713124
v -0.00580933 0.00910753 0.07733100
v -0.00580933 0.00721848 0.07813738
v -0.00580893 0.00641890 0.07834204
v -0.00580933 0.01281028 0.07485917
v -0.00580933 0.01233932 0.07542903
v -0.00580933 0.01183697 0.07589962
v -0.00580933 0.01141312 0.07626359
v -0.00580933 0.01086995 0.07652217
v -0.00580893 0.00472870 0.07816434
v -0.00846765 0.00442729 0.07789718
v -0.00843242 0.00368946 0.07739963
v -0.00757191 0.00471824 0.07816189
v -0.00846765 0.00487522 0.07809693
v -0.00870712 0.00336398 0.07704546
v -0.00919635 0.00244510 0.07562756
v -0.00819691 0.01160254 0.06585053
v -0.00782326 0.01207978 0.07219126
v -0.00781336 0.01209547 0.07398417
v -0.00736529 0.01240421 0.07398417
v -0.00977583 0.00244510 0.07467534
v -0.00967530 0.00263662 0.07506996
v -0.00967727 0.00353248 0.07597438
v -0.00937131 0.00374702 0.07665820
v -0.00906534 0.00396157 0.07729301
v -0.00918369 0.00470149 0.07758345
v -0.00892561 0.00504895 0.07802831
v -0.00895926 0.00552200 0.07805649
v -0.00896322 0.00620436 0.07806017
v -0.00888405 0.00680195 0.07800380
v -0.00883220 0.00854343 0.07704791
v -0.00823451 0.00891915 0.07725747
v -0.00811656 0.01050784 0.07627462
v -0.00702053 0.01222525 0.07529422
v -0.00759170 0.01207768 0.07495108
v -0.00757152 0.01113368 0.07606506
v -0.00757152 0.01165801 0.07561775
v -0.00667498 0.00955965 0.07712389
v -0.00667498 0.00910753 0.07733100
v -0.00757152 0.00722057 0.07814228
v -0.00596766 0.00704998 0.07818150
v -0.00757191 0.00641890 0.07834939
v -0.00580893 0.00638751 0.07834326
v -0.00642245 0.01228595 0.07537143
v -0.00636941 0.01138590 0.07625134
v -0.00713691 0.00955860 0.07712267
v -0.00667498 0.01000758 0.07691801
v -0.00580893 0.00552200 0.07836777
v -0.00667498 0.00552200 0.07837022
v -0.00757191 0.00552200 0.07836777
v -0.00846765 0.00552200 0.07823052
v -0.00907919 0.00306676 0.07644864
v -0.00958980 0.00244510 0.07500868
v -0.00853850 0.00646914 0.07817660
v -0.00830813 0.00704998 0.07811042
v -0.00839482 0.00704998 0.07808591
v -0.00873364 0.00704894 0.07794742
v -0.00828636 0.00710336 0.07810429
v -0.00773459 0.00951674 0.07709448
v -0.00757152 0.01068471 0.07638369
v -0.00696710 0.01130427 0.07619128
v -0.00669477 0.01180558 0.07578074
v -0.00748998 0.00917451 0.07728565
v -0.00757152 0.00704998 0.07818640
f 888 889 898
f 888 898 906
f 888 906 922
f 888 922 926
f 888 926 925
f 888 925 924
f 888 924 955
f 888 955 987
f 888 987 1029
f 888 1029 1066
f 888 1066 1034
f 888 1034 994
f 888 994 993
f 888 993 961
f 888 961 960
f 888 960 935
f 888 935 911
f 888 911 902
f 888 902 890
f 888 890 901
f 888 901 891
f 888 891 892
f 888 892 899
f 888 899 889
f 889 893 894
f 889 894 895
f 889 895 896
f 889 896 897
f 889 897 898
f 889 899 900
f 889 900 893
f 890 902 901
f 891 901 903
f 891 903 904
f 891 904 892
f 892 904 916
f 892 916 942
f 892 942 978
f 892 978 977
f 892 977 976
f 892 976 975
f 892 975 1009
f 892 1009 1030
f 892 1030 988
f 892 988 956
f 892 956 927
f 892 927 908
f 892 908 900
f 892 900 899
f 893 905 921
f 893 921 952
f 893 952 983
f 893 983 1017
f 893 1017 1056
f 893 1056 1061
f 893 1061 1023
f 893 1023 984
f 893 984 953
f 893 953 923
f 893 923 907
f 893 907 897
f 893 897 896
f 893 896 895
f 893 895 894
f 893 900 908
f 893 908 905
f 897 906 898
f 897 907 906
f 901 902 909
f 901 909 910
f 901 910 903
f 902 911 909
f 903 912 904
f 903 910 912
f 904 913 914
f 904 914 915
f 904 915 916
f 904 912 917
f 904 917 918
f 904 918 919
f 904 919 920
f 904 920 913
f 905 908 921
f 906 907 922
f 907 923 924
f 907 924 925
f 907 925 926
f 907 926 922
f 908 927 928
f 908 928 921
f 909 911 929
f 909 929 910
f 910 929 930
f 910 930 931
f 910 931 932
f 910 932 933
f 910 933 934
f 910 934 917
f 910 917 912
f 911 935 931
f 911 931 930
f 911 930 929
f 913 936 914
f 913 920 936
f 914 936 937
f 914 937 938
f 914 938 939
f 914 939 915
f 915 939 940
f 915 940 941
f 915 941 916
f 916 941 942
f 917 934 943
f 917 943 944
f 917 944 945
f 917 945 946
f 917 946 919
f 917 919 918
f 919 947 920
f 919 946 947
f 920 947 948
f 920 948 936
f 921 928 949
f 921 949 950
f 921 950 951
f 921 951 952
f 923 953 954
f 923 954 955
f 923 955 924
f 927 956 957
f 927 957 958
f 927 958 928
f 928 958 959
f 928 959 949
f 931 935 960
f 931 960 932
f 932 960 961
f 932 961 962
f 932 962 933
f 933 963 947
f 933 947 944
f 933 944 934
f 933 962 963
f 934 944 943
f 936 964 937
f 936 948 964
f 937 964 965
f 937 965 966
f 937 966 967
f 937 967 968
f 937 968 969
f 937 969 970
f 937 970 938
f 938 970 971
f 938 971 972
f 938 972 939
f 939 972 940
f 940 972 973
f 940 973 974
f 940 974 975
f 940 975 976
f 940 976 977
f 940 977 978
f 940 978 942
f 940 942 941
f 944 947 945
f 945 947 946
f 947 963 979
f 947 979 948
f 948 979 965
f 948 965 964
f 949 959 980
f 949 980 950
f 950 980 981
f 950 981 951
f 951 981 982
f 951 982 983
f 951 983 952
f 953 984 954
f 954 984 985
f 954 985 986
f 954 986 955
f 955 986 987
f 956 988 989
f 956 989 957
f 957 989 990
f 957 990 991
f 957 991 958
f 958 991 992
f 958 992 980
f 958 980 959
f 961 993 962
f 962 993 994
f 962 994 995
f 962 995 963
f 963 995 996
f 963 996 979
f 965 979 997
f 965 997 998
f 965 998 999
f 965 999 966
f 966 999 967
f 967 999 1000
f 967 1000 968
f 968 1000 1001
f 968 1001 969
f 969 1001 970
f 970 1001 1002
f 970 1002 1003
f 970 1003 1004
f 970 1004 1005
f 970 1005 1006
f 970 1006 971
f 971 1007 972
f 971 1006 1007
f 972 1007 1008
f 972 1008 973
f 973 1008 974
f 974 1008 975
f 975 1008 1009
f 979 996 997
f 980 992 981
f 981 1010 1011
f 981 1011 982
f 981 992 1010
f 982 1011 1012
f 982 1012 1013
f 982 1013 983
f 983 1014 1015
f 983 1015 1016
f 983 1016 1017
f 983 1013 1018
f 983 1018 1019
f 983 1019 1020
f 983 1020 1021
f 983 1021 1022
f 983 1022 1014
f 984 1023 985
f 985 1024 1025
f 985 1025 986
f 985 1023 1026
f 985 1026 1027
f 985 1027 1024
f 986 1025 1028
f 986 1028 987
f 987 1028 1029
f 988 1030 1008
f 988 1008 989
f 989 1008 990
f 990 1031 991
f 990 1008 1031
f 991 1031 1032
f 991 1032 1033
f 991 1033 1010
f 991 1010 992
f 994 1034 995
f 995 1035 1036
f 995 1036 996
f 995 1034 1035
f 996 1037 1038
f 996 1038 997
f 996 1036 1037
f 997 1038 1039
f 997 1039 998
f 998 1039 1040
f 998 1040 1041
f 998 1041 1042
f 998 1042 999
f 999 1042 1043
f 999 1043 1000
f 1000 1043 1001
f 1001 1043 1002
f 1002 1043 1044
f 1002 1044 1003
f 1003 1044 1045
f 1003 1045 1046
f 1003 1046 1004
f 1004 1046 1005
f 1005 1047 1048
f 1005 1048 1006
f 1005 1046 1049
f 1005 1049 1050
f 1005 1050 1047
f 1006 1048 1011
f 1006 1011 1032
f 1006 1032 1007
f 1007 1032 1031
f 1007 1031 1008
f 1008 1030 1009
f 1010 1033 1011
f 1011 1033 1032
f 1011 1048 1047
f 1011 1047 1012
f 1012 1047 1013
f 1013 1047 1018
f 1014 1022 1051
f 1014 1051 1052
f 1014 1052 1015
f 1015 1052 1053
f 1015 1053 1016
f 1016 1053 1054
f 1016 1054 1017
f 1017 1054 1055
f 1017 1055 1056
f 1018 1047 1057
f 1018 1057 1019
f 1019 1057 1058
f 1019 1058 1020
f 1020 1058 1021
f 1021 1058 1059
f 1021 1059 1060
f 1021 1060 1022
f 1022 1060 1051
f 1023 1061 1062
f 1023 1062 1026
f 1024 1038 1028
f 1024 1028 1025
f 1024 1027 1040
f 1024 1040 1038
f 1026 1062 1063
f 1026 1063 1027
f 1027 1063 1064
f 1027 1064 1040
f 1028 1065 1029
f 1028 1038 1065
f 1029 1065 1066
f 1034 1066 1035
f 1035 1066 1065
f 1035 1065 1036
f 1036 1065 1037
f 1037 1065 1038
f 1038 1040 1039
f 1040 1064 1041
f 1041 1064 1042
f 1042 1064 1067
f 1042 1067 1043
f 1043 1067 1068
f 1043 1068 1069
f 1043 1069 1070
f 1043 1070 1045
f 1043 1045 1044
f 1045 1070 1069
f 1045 1069 1071
f 1045 1071 1072
f 1045 1072 1046
f 1046 1072 1073
f 1046 1073 1049
f 1047 1050 1074
f 1047 1074 1075
f 1047 1075 1057
f 1049 1073 1074
f 1049 1074 1050
f 1051 1059 1052
f 1051 1060 1059
f 1052 1059 1076
f 1052 1076 1053
f 1053 1076 1071
f 1053 1071 1077
f 1053 1077 1054
f 1054 1077 1055
f 1055 1063 1062
f 1055 1062 1061
f 1055 1061 1056
f 1055 1077 1071
f 1055 1071 1068
f 1055 1068 1067
f 1055 1067 1064
f 1055 1064 1063
f 1057 1075 1058
f 1058 1075 1074
f 1058 1074 1072
f 1058 1072 1059
f 1059 1072 1076
f 1068 1071 1069
f 1071 1076 1072
f 1072 1074 1073

o geometry_7
v -0.00487192 0.00423595 0.06624665
v -0.00429551 0.00423595 0.06625785
v -0.00580880 0.00423595 0.06628864
v -0.00646495 0.00624339 0.04627249
v -0.00353703 0.00423595 0.06697991
v -0.00580880 0.00423595 0.07486378
v -0.00646495 0.00580680 0.06584644
v -0.00646495 0.00782252 0.04627249
v -0.00499750 0.00673407 0.04627249
v -0.00321212 0.00423595 0.06770756
v -0.00576628 0.00423595 0.07486378
v -0.00580880 0.00450419 0.07486378
v -0.00646495 0.00694768 0.06584644
v -0.00646495 0.00695541 0.06570651
v -0.00490116 0.00987412 0.06584644
v -0.00508787 0.00987412 0.04627249
v -0.00454966 0.00694381 0.04627249
v -0.00309251 0.00423595 0.06860594
v -0.00420548 0.00739145 0.04627249
v -0.00308720 0.00423595 0.07425927
v -0.00307125 0.00423760 0.07486378
v -0.00488721 0.00778112 0.07486378
v -0.00378122 0.00987412 0.06584644
v -0.00371777 0.00987412 0.04627249
v -0.00397989 0.00813492 0.04627249
v -0.00395730 0.00821109 0.04627249
v -0.00375597 0.00778112 0.07486378
v -0.00362707 0.00900093 0.06584644
v -0.00364169 0.00910415 0.06584644
f 1078 1079 1082
f 1078 1082 1087
f 1078 1087 1095
f 1078 1095 1097
f 1078 1097 1088
f 1078 1088 1083
f 1078 1083 1080
f 1078 1080 1081
f 1078 1081 1079
f 1079 1081 1082
f 1080 1083 1084
f 1080 1084 1081
f 1081 1084 1090
f 1081 1090 1091
f 1081 1091 1085
f 1081 1085 1093
f 1081 1093 1101
f 1081 1101 1103
f 1081 1103 1102
f 1081 1102 1096
f 1081 1096 1094
f 1081 1094 1086
f 1081 1086 1087
f 1081 1087 1082
f 1083 1088 1098
f 1083 1098 1104
f 1083 1104 1099
f 1083 1099 1089
f 1083 1089 1090
f 1083 1090 1084
f 1085 1091 1092
f 1085 1092 1093
f 1086 1094 1087
f 1087 1094 1096
f 1087 1096 1095
f 1088 1097 1098
f 1089 1099 1090
f 1090 1092 1091
f 1090 1099 1092
f 1092 1100 1101
f 1092 1101 1093
f 1092 1099 1104
f 1092 1104 1100
f 1095 1098 1097
f 1095 1096 1102
f 1095 1102 1103
f 1095 1103 1101
f 1095 1101 1098
f 1098 1101 1105
f 1098 1105 1106
f 1098 1106 1100
f 1098 1100 1104
f 1100 1106 1101
f 1101 1106 1105

o geometry_8
v -0.00646528 0.00244405 0.04521406
v -0.00646528 0.00624272 0.04627249
v -0.00646528 0.00244478 0.04519743
v -0.00646336 0.00244405 0.04519743
v -0.00420546 0.00739113 0.04627249
v -0.00454944 0.00694311 0.04627249
v -0.00499749 0.00673292 0.04627249
v -0.00646528 0.00782241 0.04627249
v -0.00646528 0.00987412 0.04519743
v -0.00420578 0.00739258 0.04619082
v -0.00318410 0.00987412 0.04519743
v -0.00319887 0.00987412 0.04527595
v -0.00320241 0.00987412 0.04529426
v -0.00397966 0.00813515 0.04627249
v -0.00508806 0.00987412 0.04627249
v -0.00646528 0.00987412 0.04626144
v -0.00371758 0.00987412 0.04627249
v -0.00395718 0.00821079 0.04627249
f 1107 1108 1114
f 1107 1114 1122
f 1107 1122 1115
f 1107 1115 1109
f 1107 1109 1110
f 1107 1110 1111
f 1107 1111 1112
f 1107 1112 1113
f 1107 1113 1108
f 1108 1113 1112
f 1108 1112 1111
f 1108 1111 1120
f 1108 1120 1124
f 1108 1124 1123
f 1108 1123 1121
f 1108 1121 1114
f 1109 1115 1117
f 1109 1117 1110
f 1110 1116 1111
f 1110 1117 1116
f 1111 1116 1117
f 1111 1117 1118
f 1111 1118 1119
f 1111 1119 1120
f 1114 1121 1122
f 1115 1122 1121
f 1115 1121 1123
f 1115 1123 1119
f 1115 1119 1118
f 1115 1118 1117
f 1119 1123 1124
f 1119 1124 1120

o geometry_9
v 0.00023610 0.01359172 0.06585053
v -0.00039837 0.01359281 0.06585053
v 0.00023610 0.01070951 0.06585053
v 0.00023610 0.01354876 0.06322441
v -0.00123000 0.01357970 0.06585053
v -0.00039837 0.01354949 0.06322441
v -0.00129541 0.01353602 0.06322441
v -0.00378096 0.00987412 0.06585053
v 0.00023610 0.00999424 0.04519733
v 0.00023610 0.01347742 0.06143120
v -0.00129541 0.01357861 0.06585053
v -0.00039837 0.01347669 0.06143120
v -0.00129541 0.01346031 0.06143120
v -0.00219245 0.01350836 0.06322441
v -0.00930990 0.00987412 0.06585053
v -0.00318480 0.00987412 0.04519733
v 0.00023610 0.01210220 0.04519733
v 0.00023610 0.01342136 0.06053561
v -0.00039837 0.01342100 0.06053561
v -0.00219245 0.01354913 0.06585053
v -0.00129541 0.01340462 0.06053561
v -0.00219245 0.01337877 0.06053561
v -0.00219245 0.01343192 0.06143120
v -0.00308855 0.01345885 0.06322441
v -0.00929682 0.00993928 0.06585053
v -0.00927626 0.00987412 0.06322441
v -0.00778680 0.00987412 0.04519733
v -0.00039837 0.01210074 0.04519733
v 0.00023610 0.01228493 0.04564412
v 0.00023610 0.01233189 0.04619198
v -0.00039837 0.01232898 0.04619198
v -0.00219245 0.01226346 0.04569466
v -0.00286523 0.01225436 0.04572094
v -0.00308855 0.01349671 0.06585053
v -0.00308855 0.01332745 0.06053561
v -0.00308855 0.01338095 0.06143120
v -0.00346325 0.01224271 0.04591704
v -0.00398559 0.01337222 0.06322441
v -0.00928187 0.01000480 0.06585053
v -0.00924823 0.01000480 0.06322441
v -0.00921179 0.01000480 0.06232881
v -0.00923141 0.00987412 0.06232881
v -0.00791014 0.00987412 0.04542376
v -0.00776531 0.00992872 0.04519733
v -0.00127018 0.01209092 0.04519733
v -0.00039837 0.01228348 0.04564816
v -0.00129541 0.01227328 0.04567040
v -0.00219245 0.01207308 0.04519733
v -0.00296615 0.01205524 0.04519733
v -0.00312593 0.01204978 0.04519733
v -0.00398559 0.01196206 0.04519733
v -0.00398559 0.01340826 0.06585053
v -0.00466491 0.01318840 0.06079236
v -0.00398559 0.01329323 0.06143120
v -0.00398559 0.01199009 0.04529437
v -0.00488076 0.01182010 0.04529437
v -0.00488076 0.01199627 0.04619198
v -0.00390430 0.01218701 0.04620614
v -0.00496019 0.01321351 0.06326888
v -0.00902116 0.01055226 0.06585053
v -0.00897912 0.01055481 0.06232881
v -0.00895669 0.01052096 0.06177488
v -0.00809890 0.00987412 0.04619198
v -0.00789052 0.01024722 0.04619198
v -0.00729623 0.01063052 0.04529437
v -0.00730558 0.01057337 0.04519733
v -0.00771578 0.01001681 0.04519733
v -0.00129541 0.01209055 0.04519733
v -0.00214012 0.01207417 0.04519733
v -0.00488076 0.01179280 0.04519733
v -0.00488637 0.01325792 0.06585053
v -0.00577780 0.01295834 0.06143120
v -0.00515175 0.01311414 0.06143120
v -0.00531247 0.01313889 0.06300000
v -0.00575351 0.01154236 0.04519733
v -0.00577780 0.01155401 0.04526607
v -0.00640386 0.01144772 0.04554708
v -0.00577780 0.01176913 0.04619198
v -0.00533302 0.01314362 0.06359841
v -0.00900154 0.01059339 0.06585053
v -0.00868664 0.01100945 0.06412201
v -0.00865300 0.01100327 0.06232881
v -0.00744293 0.01077867 0.04619198
v -0.00818112 0.01152634 0.06143120
v -0.00723923 0.01064035 0.04519733
v -0.00727287 0.01060723 0.04519733
v -0.00694676 0.01122713 0.04619198
v -0.00536292 0.01315236 0.06522584
v -0.00536760 0.01315418 0.06585053
v -0.00667391 0.01262564 0.06143120
v -0.00568997 0.01303224 0.06326888
v -0.00578902 0.01152780 0.04519733
v -0.00649824 0.01149941 0.04619198
v -0.00621324 0.01135308 0.04519733
v -0.00669634 0.01106588 0.04519733
v -0.00897818 0.01062615 0.06585053
v -0.00823906 0.01157803 0.06412201
v -0.00868010 0.01104185 0.06585053
v -0.00820448 0.01154709 0.06232881
v -0.00770083 0.01197407 0.06143120
v -0.00725231 0.01233298 0.06143120
v -0.00580864 0.01301986 0.06585053
v -0.00726913 0.01234172 0.06232881
v -0.00667391 0.01268097 0.06501761
v -0.00771672 0.01199482 0.06232881
v -0.00823158 0.01157075 0.06585053
v -0.00819701 0.01160351 0.06585053
v -0.00773541 0.01201848 0.06585053
v -0.00774288 0.01201266 0.06501761
v -0.00667391 0.01267551 0.06585053
v -0.00729530 0.01236065 0.06501761
v -0.00728782 0.01235155 0.06585053
f 1125 1126 1129
f 1125 1129 1135
f 1125 1135 1144
f 1125 1144 1158
f 1125 1158 1176
f 1125 1176 1195
f 1125 1195 1213
f 1125 1213 1226
f 1125 1226 1234
f 1125 1234 1236
f 1125 1236 1232
f 1125 1232 1231
f 1125 1231 1230
f 1125 1230 1222
f 1125 1222 1220
f 1125 1220 1204
f 1125 1204 1184
f 1125 1184 1163
f 1125 1163 1149
f 1125 1149 1139
f 1125 1139 1132
f 1125 1132 1127
f 1125 1127 1133
f 1125 1133 1141
f 1125 1141 1153
f 1125 1153 1154
f 1125 1154 1142
f 1125 1142 1134
f 1125 1134 1128
f 1125 1128 1126
f 1126 1128 1130
f 1126 1130 1131
f 1126 1131 1129
f 1127 1132 1133
f 1128 1134 1130
f 1129 1131 1135
f 1130 1134 1136
f 1130 1136 1131
f 1131 1136 1137
f 1131 1137 1138
f 1131 1138 1135
f 1132 1139 1150
f 1132 1150 1166
f 1132 1166 1187
f 1132 1187 1167
f 1132 1167 1151
f 1132 1151 1140
f 1132 1140 1133
f 1133 1140 1151
f 1133 1151 1168
f 1133 1168 1191
f 1133 1191 1190
f 1133 1190 1210
f 1133 1210 1209
f 1133 1209 1219
f 1133 1219 1218
f 1133 1218 1216
f 1133 1216 1199
f 1133 1199 1194
f 1133 1194 1175
f 1133 1175 1174
f 1133 1174 1173
f 1133 1173 1172
f 1133 1172 1193
f 1133 1193 1192
f 1133 1192 1169
f 1133 1169 1152
f 1133 1152 1141
f 1134 1142 1143
f 1134 1143 1136
f 1135 1138 1144
f 1136 1143 1145
f 1136 1145 1137
f 1137 1145 1146
f 1137 1146 1147
f 1137 1147 1138
f 1138 1147 1148
f 1138 1148 1144
f 1139 1149 1150
f 1141 1152 1153
f 1142 1154 1143
f 1143 1154 1155
f 1143 1155 1156
f 1143 1156 1157
f 1143 1157 1145
f 1144 1148 1158
f 1145 1157 1146
f 1146 1159 1160
f 1146 1160 1147
f 1146 1157 1161
f 1146 1161 1159
f 1147 1160 1148
f 1148 1160 1162
f 1148 1162 1158
f 1149 1163 1164
f 1149 1164 1150
f 1150 1164 1165
f 1150 1165 1166
f 1151 1167 1168
f 1152 1169 1170
f 1152 1170 1153
f 1153 1170 1154
f 1154 1170 1155
f 1155 1170 1156
f 1156 1170 1171
f 1156 1171 1172
f 1156 1172 1173
f 1156 1173 1157
f 1157 1173 1174
f 1157 1174 1175
f 1157 1175 1161
f 1158 1162 1176
f 1159 1177 1178
f 1159 1178 1160
f 1159 1161 1177
f 1160 1178 1162
f 1161 1175 1179
f 1161 1179 1180
f 1161 1180 1181
f 1161 1181 1182
f 1161 1182 1177
f 1162 1183 1176
f 1162 1178 1177
f 1162 1177 1183
f 1163 1184 1185
f 1163 1185 1164
f 1164 1185 1165
f 1165 1185 1186
f 1165 1186 1187
f 1165 1187 1166
f 1167 1187 1188
f 1167 1188 1189
f 1167 1189 1190
f 1167 1190 1191
f 1167 1191 1168
f 1169 1192 1170
f 1170 1192 1193
f 1170 1193 1172
f 1170 1172 1171
f 1175 1194 1179
f 1176 1183 1195
f 1177 1196 1197
f 1177 1197 1198
f 1177 1198 1183
f 1177 1182 1181
f 1177 1181 1196
f 1179 1194 1180
f 1180 1194 1199
f 1180 1199 1200
f 1180 1200 1201
f 1180 1201 1202
f 1180 1202 1181
f 1181 1202 1196
f 1183 1198 1203
f 1183 1203 1195
f 1184 1204 1185
f 1185 1205 1206
f 1185 1206 1188
f 1185 1188 1186
f 1185 1204 1205
f 1186 1188 1187
f 1188 1207 1189
f 1188 1206 1208
f 1188 1208 1207
f 1189 1209 1210
f 1189 1210 1190
f 1189 1207 1211
f 1189 1211 1201
f 1189 1201 1209
f 1195 1212 1213
f 1195 1203 1212
f 1196 1214 1215
f 1196 1215 1198
f 1196 1198 1197
f 1196 1202 1214
f 1198 1215 1203
f 1199 1216 1201
f 1199 1201 1200
f 1201 1211 1217
f 1201 1217 1202
f 1201 1216 1218
f 1201 1218 1219
f 1201 1219 1209
f 1202 1217 1214
f 1203 1215 1212
f 1204 1220 1205
f 1205 1221 1206
f 1205 1220 1222
f 1205 1222 1221
f 1206 1221 1223
f 1206 1223 1208
f 1207 1208 1224
f 1207 1224 1211
f 1208 1223 1224
f 1211 1224 1225
f 1211 1225 1217
f 1212 1226 1213
f 1212 1215 1226
f 1214 1225 1227
f 1214 1227 1228
f 1214 1228 1215
f 1214 1217 1225
f 1215 1228 1226
f 1221 1229 1223
f 1221 1222 1230
f 1221 1230 1231
f 1221 1231 1232
f 1221 1232 1233
f 1221 1233 1229
f 1223 1229 1224
f 1224 1229 1225
f 1225 1229 1227
f 1226 1228 1234
f 1227 1229 1235
f 1227 1235 1228
f 1228 1235 1234
f 1229 1233 1235
f 1232 1236 1235
f 1232 1235 1233
f 1234 1235 1236

o geometry_10
v 0.00023610 0.01081674 0.07633016
v 0.00023610 0.01064435 0.07627913
v 0.00023610 0.01143276 0.07626285
v -0.00129528 0.00996254 0.07682189
v -0.00057574 0.00996254 0.07650492
v -0.00050533 0.00996254 0.07647344
v 0.00023610 0.00996254 0.07587750
v -0.00129528 0.01143276 0.07626502
v -0.00216807 0.00996254 0.07693805
v -0.00212783 0.00996254 0.07693696
v -0.00134794 0.00996254 0.07683384
v 0.00023610 0.01188044 0.07605334
v 0.00023610 0.00996254 0.06683619
v -0.00308760 0.01143276 0.07626502
v -0.00577757 0.00996254 0.07694022
v -0.00039882 0.01188044 0.07605334
v 0.00023610 0.01251117 0.07560503
v -0.00039882 0.01251154 0.07560503
v 0.00023433 0.00996254 0.06652790
v 0.00023610 0.01014962 0.06622721
v -0.00398465 0.01143202 0.07626502
v -0.00580656 0.00996254 0.07694022
v -0.00129528 0.01188081 0.07605226
v 0.00023610 0.01295959 0.07513174
v -0.00039882 0.01295996 0.07513282
v -0.00129528 0.01251080 0.07560394
v -0.00378228 0.00996254 0.06585053
v 0.00023610 0.01023048 0.06612517
v -0.00488111 0.01142725 0.07626502
v -0.00577757 0.01090127 0.07650818
v -0.00580893 0.01087040 0.07652229
v -0.00580893 0.00999267 0.07692610
v -0.00580893 0.00996254 0.07688811
v -0.00219173 0.01188081 0.07604575
v -0.00577757 0.01141512 0.07626502
v 0.00023610 0.01325988 0.07481477
v -0.00039882 0.01338448 0.07468450
v -0.00129528 0.01295922 0.07513066
v -0.00219173 0.01295224 0.07512631
v -0.00219173 0.01250382 0.07559743
v -0.00490182 0.00996254 0.06585053
v 0.00023610 0.01070941 0.06585053
v -0.00580893 0.01141365 0.07626393
v -0.00580893 0.00996254 0.07586013
v -0.00308760 0.01188081 0.07603055
v -0.00398465 0.01188008 0.07600233
v -0.00308760 0.01248654 0.07558223
v -0.00398465 0.01245567 0.07555401
v 0.00023610 0.01338411 0.07468342
v 0.00023610 0.01358554 0.07418951
v 0.00023610 0.01366860 0.07398543
v -0.00039882 0.01366860 0.07398543
v -0.00129528 0.01337934 0.07468233
v -0.00308760 0.01293459 0.07511654
v -0.00219173 0.01336721 0.07467799
v -0.00580893 0.01080938 0.06585053
v 0.00023610 0.01359178 0.06585053
v -0.00580893 0.01183817 0.07590029
v -0.00398465 0.01290372 0.07509049
v -0.00488111 0.01240678 0.07550407
v 0.00023610 0.01369764 0.07335040
v 0.00023610 0.01370940 0.07308879
v -0.00039882 0.01370830 0.07308879
v -0.00129528 0.01365721 0.07398543
v -0.00308760 0.01334699 0.07466822
v -0.00219173 0.01363332 0.07398543
v -0.00580893 0.01301987 0.06585053
v -0.00033314 0.01359252 0.06585053
v -0.00039882 0.01359877 0.06591675
v 0.00023610 0.01359767 0.06591675
v -0.00577757 0.01234209 0.07543243
v -0.00580893 0.01232408 0.07544437
v -0.00488111 0.01285484 0.07503078
v -0.00398465 0.01330766 0.07464217
v 0.00023610 0.01371712 0.07219215
v -0.00039882 0.01371675 0.07219215
v -0.00129528 0.01370793 0.07219215
v -0.00129528 0.01369654 0.07308879
v -0.00219173 0.01367559 0.07308879
v -0.00308760 0.01358774 0.07398543
v -0.00580893 0.01305148 0.06771003
v -0.00543082 0.01317277 0.06771003
v -0.00536751 0.01315403 0.06585053
v -0.00039882 0.01359252 0.06585053
v -0.00129528 0.01357892 0.06585053
v -0.00129528 0.01358480 0.06591675
v -0.00129528 0.01369102 0.07129660
v -0.00580893 0.01233952 0.07542917
v -0.00488111 0.01324444 0.07458246
v -0.00219173 0.01366787 0.07219215
v -0.00219173 0.01355466 0.06591675
v -0.00308760 0.01362156 0.07308879
v -0.00398465 0.01350247 0.07398543
v -0.00580893 0.01309154 0.07039995
v -0.00549591 0.01319225 0.07039995
v -0.00488111 0.01326062 0.06591675
v -0.00488111 0.01337382 0.07308879
v -0.00488111 0.01333303 0.07039995
v -0.00488644 0.01325768 0.06585053
v -0.00219173 0.01354915 0.06585053
v -0.00548289 0.01318637 0.07450648
v -0.00580893 0.01281073 0.07485927
v -0.00308760 0.01350137 0.06591675
v -0.00308760 0.01349659 0.06585053
v -0.00398465 0.01352415 0.07308879
v -0.00398465 0.01341168 0.06591675
v -0.00488111 0.01336353 0.07398543
v -0.00580893 0.01313124 0.07308879
v -0.00555567 0.01321173 0.07308879
v -0.00556278 0.01321173 0.07398543
v -0.00398465 0.01340801 0.06585053
v -0.00580893 0.01311653 0.07418516
v -0.00580893 0.01282469 0.07483973
v -0.00580893 0.01313565 0.07398543
f 1237 1238 1243
f 1237 1243 1249
f 1237 1249 1256
f 1237 1256 1264
f 1237 1264 1278
f 1237 1278 1293
f 1237 1293 1306
f 1237 1306 1311
f 1237 1311 1298
f 1237 1298 1297
f 1237 1297 1287
f 1237 1287 1286
f 1237 1286 1285
f 1237 1285 1272
f 1237 1272 1260
f 1237 1260 1253
f 1237 1253 1248
f 1237 1248 1239
f 1237 1239 1240
f 1237 1240 1241
f 1237 1241 1242
f 1237 1242 1238
f 1238 1242 1243
f 1239 1244 1245
f 1239 1245 1246
f 1239 1246 1247
f 1239 1247 1240
f 1239 1248 1244
f 1240 1247 1246
f 1240 1246 1245
f 1240 1245 1251
f 1240 1251 1258
f 1240 1258 1269
f 1240 1269 1280
f 1240 1280 1277
f 1240 1277 1263
f 1240 1263 1255
f 1240 1255 1249
f 1240 1249 1243
f 1240 1243 1242
f 1240 1242 1241
f 1244 1248 1252
f 1244 1252 1250
f 1244 1250 1258
f 1244 1258 1251
f 1244 1251 1245
f 1248 1253 1254
f 1248 1254 1252
f 1249 1255 1256
f 1250 1252 1257
f 1250 1257 1258
f 1252 1254 1259
f 1252 1259 1257
f 1253 1260 1261
f 1253 1261 1254
f 1254 1261 1262
f 1254 1262 1259
f 1255 1263 1256
f 1256 1263 1264
f 1257 1259 1265
f 1257 1265 1266
f 1257 1266 1258
f 1258 1266 1267
f 1258 1267 1268
f 1258 1268 1269
f 1259 1270 1271
f 1259 1271 1265
f 1259 1262 1270
f 1260 1272 1261
f 1261 1272 1273
f 1261 1273 1274
f 1261 1274 1262
f 1262 1274 1275
f 1262 1275 1276
f 1262 1276 1270
f 1263 1277 1292
f 1263 1292 1303
f 1263 1303 1319
f 1263 1319 1335
f 1263 1335 1347
f 1263 1347 1340
f 1263 1340 1336
f 1263 1336 1321
f 1263 1321 1320
f 1263 1320 1304
f 1263 1304 1293
f 1263 1293 1278
f 1263 1278 1264
f 1265 1271 1266
f 1266 1271 1267
f 1267 1271 1279
f 1267 1279 1294
f 1267 1294 1308
f 1267 1308 1324
f 1267 1324 1338
f 1267 1338 1349
f 1267 1349 1348
f 1267 1348 1350
f 1267 1350 1344
f 1267 1344 1330
f 1267 1330 1317
f 1267 1317 1303
f 1267 1303 1292
f 1267 1292 1280
f 1267 1280 1269
f 1267 1269 1268
f 1270 1276 1281
f 1270 1281 1271
f 1271 1281 1282
f 1271 1282 1283
f 1271 1283 1284
f 1271 1284 1279
f 1272 1285 1273
f 1273 1285 1286
f 1273 1286 1287
f 1273 1287 1288
f 1273 1288 1289
f 1273 1289 1274
f 1274 1289 1275
f 1275 1290 1276
f 1275 1289 1291
f 1275 1291 1290
f 1276 1290 1283
f 1276 1283 1281
f 1277 1280 1292
f 1279 1284 1294
f 1281 1283 1282
f 1283 1290 1295
f 1283 1295 1284
f 1284 1295 1296
f 1284 1296 1294
f 1287 1297 1288
f 1288 1297 1298
f 1288 1298 1299
f 1288 1299 1300
f 1288 1300 1289
f 1289 1300 1291
f 1290 1291 1301
f 1290 1301 1295
f 1291 1300 1302
f 1291 1302 1301
f 1293 1304 1305
f 1293 1305 1306
f 1294 1296 1307
f 1294 1307 1308
f 1295 1309 1296
f 1295 1301 1310
f 1295 1310 1309
f 1296 1309 1307
f 1298 1311 1312
f 1298 1312 1299
f 1299 1312 1313
f 1299 1313 1314
f 1299 1314 1300
f 1300 1314 1315
f 1300 1315 1302
f 1301 1302 1316
f 1301 1316 1310
f 1302 1315 1316
f 1303 1317 1318
f 1303 1318 1319
f 1304 1320 1305
f 1305 1320 1321
f 1305 1321 1322
f 1305 1322 1323
f 1305 1323 1313
f 1305 1313 1312
f 1305 1312 1311
f 1305 1311 1306
f 1307 1309 1324
f 1307 1324 1308
f 1309 1310 1325
f 1309 1325 1324
f 1310 1316 1325
f 1313 1326 1315
f 1313 1315 1314
f 1313 1323 1327
f 1313 1327 1326
f 1315 1328 1316
f 1315 1326 1328
f 1316 1329 1325
f 1316 1328 1329
f 1317 1330 1331
f 1317 1331 1318
f 1318 1332 1319
f 1318 1331 1333
f 1318 1333 1334
f 1318 1334 1332
f 1319 1332 1335
f 1321 1336 1322
f 1322 1336 1327
f 1322 1327 1323
f 1324 1325 1337
f 1324 1337 1338
f 1325 1329 1337
f 1326 1327 1339
f 1326 1339 1328
f 1327 1336 1340
f 1327 1340 1339
f 1328 1341 1329
f 1328 1339 1342
f 1328 1342 1341
f 1329 1343 1337
f 1329 1341 1343
f 1330 1344 1331
f 1331 1344 1345
f 1331 1345 1333
f 1332 1342 1335
f 1332 1334 1342
f 1333 1345 1346
f 1333 1346 1343
f 1333 1343 1341
f 1333 1341 1334
f 1334 1341 1342
f 1335 1342 1347
f 1337 1343 1346
f 1337 1346 1348
f 1337 1348 1349
f 1337 1349 1338
f 1339 1340 1347
f 1339 1347 1342
f 1344 1350 1345
f 1345 1350 1346
f 1346 1350 1348

o geometry_11
v 0.00490273 0.00552131 0.07831775
v 0.00490273 0.00544173 0.07830235
v 0.00490273 0.00633929 0.07829851
v 0.00489853 0.00641778 0.08115575
v 0.00490273 0.00479963 0.07815035
v 0.00490273 0.00641778 0.07829659
v 0.00490273 0.00386282 0.07747308
v 0.00490273 0.00431851 0.07788099
v 0.00490273 0.00436502 0.07790985
v 0.00490273 0.00681932 0.07820231
v 0.00488071 0.00681932 0.08115575
v 0.00485030 0.00681932 0.08434008
v 0.00487651 0.00462520 0.08384560
v 0.00488805 0.00462520 0.08294898
v 0.00490273 0.00354050 0.07667267
v 0.00490273 0.00681932 0.06651936
v 0.00477061 0.00681932 0.08475568
v 0.00482094 0.00641778 0.08474221
v 0.00480521 0.00552131 0.08474221
v 0.00467100 0.00468116 0.08472490
v 0.00460809 0.00407613 0.08441512
v 0.00468568 0.00392023 0.08384560
v 0.00472448 0.00379305 0.08294898
v 0.00490273 0.00352887 0.07659571
v 0.00490273 0.00479054 0.06622691
v 0.00487022 0.00681932 0.06634619
v 0.00459446 0.00681932 0.08525594
v 0.00462906 0.00641778 0.08529250
v 0.00461333 0.00552131 0.08527710
v 0.00455986 0.00501693 0.08521746
v 0.00440573 0.00403070 0.08446900
v 0.00456615 0.00403070 0.08436702
v 0.00435959 0.00334463 0.08294898
v 0.00408383 0.00443733 0.08500197
v 0.00490273 0.00350525 0.07567408
v 0.00490273 0.00466481 0.06622883
v 0.00475279 0.00681932 0.06597678
v 0.00443299 0.00681932 0.08532136
v 0.00408383 0.00641778 0.08551184
v 0.00408383 0.00552131 0.08547528
v 0.00408383 0.00488539 0.08528865
v 0.00408383 0.00395839 0.08455366
v 0.00407335 0.00349907 0.08379365
v 0.00391083 0.00322472 0.08294898
v 0.00387832 0.00319383 0.07398859
v 0.00490273 0.00348563 0.07398859
v 0.00490273 0.00349217 0.07477746
v 0.00490273 0.00349362 0.07488521
v 0.00376613 0.00325597 0.08346271
v 0.00318735 0.00433377 0.08507700
v 0.00490273 0.00458087 0.06623075
v 0.00429144 0.00681932 0.06597678
v 0.00490273 0.00403070 0.06626154
v -0.00488099 0.00396748 0.06626538
v 0.00408383 0.00681932 0.08541179
v 0.00318735 0.00641778 0.08563113
v 0.00318735 0.00552131 0.08559073
v 0.00318735 0.00478182 0.08534445
v 0.00318735 0.00344347 0.08394180
v 0.00318735 0.00389153 0.08463062
v 0.00318735 0.00316330 0.08294898
v 0.00318735 0.00310698 0.07398859
v 0.00387832 0.00319383 0.06771228
v 0.00490273 0.00348563 0.07208762
v 0.00318735 0.00324361 0.08349157
v 0.00023577 0.00433377 0.08507700
v -0.00308698 0.00423529 0.08498080
v -0.00487051 0.00423529 0.06624614
v -0.00580893 0.00423529 0.06629232
v 0.00404504 0.00681932 0.06681567
v 0.00490273 0.00397692 0.06626731
v -0.00580893 0.00398056 0.06629232
v 0.00318735 0.00319383 0.06712929
v 0.00023577 0.00319383 0.06712737
v -0.00308698 0.00319383 0.06712737
v 0.00366547 0.00681932 0.08546566
v 0.00023577 0.00641778 0.08563113
v 0.00318735 0.00681932 0.08551569
v 0.00229087 0.00552131 0.08559073
v 0.00023577 0.00478182 0.08534445
v 0.00023577 0.00344347 0.08394180
v 0.00023577 0.00324361 0.08349349
v 0.00023577 0.00389153 0.08463062
v 0.00229087 0.00315713 0.08294898
v 0.00229087 0.00310698 0.08205236
v 0.00318735 0.00310698 0.06771228
v 0.00379759 0.00322253 0.06717355
v 0.00490273 0.00348817 0.06771228
v 0.00490273 0.00348599 0.06860697
v -0.00330717 0.00423529 0.08495579
v -0.00398346 0.00393513 0.08458252
v -0.00308698 0.00389153 0.08462869
v 0.00023577 0.00530510 0.08551762
v 0.00023577 0.00552131 0.08558881
v -0.00580893 0.00423529 0.07790792
v 0.00023577 0.00681932 0.08145398
v 0.00490273 0.00363752 0.06682144
v -0.00375069 0.00322253 0.06717355
v -0.00580893 0.00366950 0.06681759
v 0.00023577 0.00313242 0.06753912
v -0.00308698 0.00310698 0.06771228
v 0.00023577 0.00681932 0.08551569
v -0.00398346 0.00423529 0.08487305
v -0.00308698 0.00344347 0.08393988
v -0.00308698 0.00324361 0.08349349
v -0.00219050 0.00315713 0.08294898
v 0.00023577 0.00314223 0.08268538
v -0.00219050 0.00310698 0.08205236
v -0.00453918 0.00404451 0.08445168
v -0.00402331 0.00345546 0.08379365
v -0.00474993 0.00423529 0.08384560
v -0.00580893 0.00383629 0.07750579
v -0.00386079 0.00319383 0.06771228
v -0.00580893 0.00355649 0.06771228
v -0.00580893 0.00355976 0.06768535
v -0.00308698 0.00310698 0.07398859
v -0.00386288 0.00319383 0.06860890
v -0.00456644 0.00423529 0.08454788
v -0.00423615 0.00423529 0.08476530
v -0.00375069 0.00325597 0.08346079
v -0.00308698 0.00316294 0.08294898
v -0.00463354 0.00386573 0.08384560
v -0.00434730 0.00329667 0.08325298
v -0.00580893 0.00352851 0.07667267
v -0.00444481 0.00326905 0.08244680
v -0.00402331 0.00322908 0.08295090
v -0.00444481 0.00326905 0.08265268
v -0.00386288 0.00319383 0.07398859
f 1351 1352 1355
f 1351 1355 1359
f 1351 1359 1358
f 1351 1358 1357
f 1351 1357 1365
f 1351 1365 1374
f 1351 1374 1385
f 1351 1385 1398
f 1351 1398 1397
f 1351 1397 1396
f 1351 1396 1414
f 1351 1414 1439
f 1351 1439 1438
f 1351 1438 1447
f 1351 1447 1421
f 1351 1421 1403
f 1351 1403 1401
f 1351 1401 1386
f 1351 1386 1375
f 1351 1375 1366
f 1351 1366 1360
f 1351 1360 1356
f 1351 1356 1353
f 1351 1353 1354
f 1351 1354 1352
f 1352 1354 1355
f 1353 1356 1354
f 1354 1357 1358
f 1354 1358 1359
f 1354 1359 1355
f 1354 1356 1360
f 1354 1360 1361
f 1354 1361 1362
f 1354 1362 1363
f 1354 1363 1364
f 1354 1364 1357
f 1357 1364 1365
f 1360 1366 1376
f 1360 1376 1387
f 1360 1387 1402
f 1360 1402 1420
f 1360 1420 1446
f 1360 1446 1452
f 1360 1452 1428
f 1360 1428 1426
f 1360 1426 1405
f 1360 1405 1388
f 1360 1388 1377
f 1360 1377 1367
f 1360 1367 1362
f 1360 1362 1361
f 1362 1367 1368
f 1362 1368 1363
f 1363 1368 1369
f 1363 1369 1370
f 1363 1370 1371
f 1363 1371 1372
f 1363 1372 1373
f 1363 1373 1365
f 1363 1365 1364
f 1365 1373 1374
f 1366 1375 1376
f 1367 1377 1378
f 1367 1378 1368
f 1368 1378 1369
f 1369 1378 1379
f 1369 1379 1380
f 1369 1380 1370
f 1370 1380 1371
f 1371 1381 1382
f 1371 1382 1383
f 1371 1383 1372
f 1371 1380 1384
f 1371 1384 1381
f 1372 1383 1373
f 1373 1383 1374
f 1374 1383 1385
f 1375 1386 1387
f 1375 1387 1376
f 1377 1388 1378
f 1378 1388 1389
f 1378 1389 1379
f 1379 1389 1390
f 1379 1390 1380
f 1380 1390 1391
f 1380 1391 1384
f 1381 1392 1382
f 1381 1384 1392
f 1382 1392 1393
f 1382 1393 1383
f 1383 1394 1395
f 1383 1395 1396
f 1383 1396 1397
f 1383 1397 1398
f 1383 1398 1385
f 1383 1393 1399
f 1383 1399 1394
f 1384 1391 1400
f 1384 1400 1392
f 1386 1401 1387
f 1387 1401 1403
f 1387 1403 1404
f 1387 1404 1402
f 1388 1405 1389
f 1389 1406 1390
f 1389 1405 1406
f 1390 1406 1407
f 1390 1407 1391
f 1391 1407 1408
f 1391 1408 1400
f 1392 1409 1393
f 1392 1400 1410
f 1392 1410 1409
f 1393 1409 1399
f 1394 1411 1412
f 1394 1412 1395
f 1394 1399 1411
f 1395 1412 1436
f 1395 1436 1413
f 1395 1413 1414
f 1395 1414 1396
f 1399 1409 1415
f 1399 1415 1411
f 1400 1416 1417
f 1400 1417 1410
f 1400 1408 1430
f 1400 1430 1416
f 1402 1418 1419
f 1402 1419 1420
f 1402 1404 1418
f 1403 1421 1404
f 1404 1422 1418
f 1404 1421 1423
f 1404 1423 1424
f 1404 1424 1425
f 1404 1425 1422
f 1405 1426 1406
f 1406 1427 1429
f 1406 1429 1407
f 1406 1426 1428
f 1406 1428 1452
f 1406 1452 1427
f 1407 1429 1430
f 1407 1430 1408
f 1409 1431 1455
f 1409 1455 1432
f 1409 1432 1415
f 1409 1410 1433
f 1409 1433 1431
f 1410 1417 1433
f 1411 1434 1435
f 1411 1435 1412
f 1411 1415 1434
f 1412 1435 1458
f 1412 1458 1466
f 1412 1466 1451
f 1412 1451 1436
f 1413 1436 1437
f 1413 1437 1438
f 1413 1438 1439
f 1413 1439 1414
f 1415 1432 1434
f 1416 1430 1417
f 1417 1440 1441
f 1417 1441 1442
f 1417 1442 1433
f 1417 1430 1443
f 1417 1443 1444
f 1417 1444 1440
f 1418 1422 1419
f 1419 1445 1452
f 1419 1452 1446
f 1419 1446 1420
f 1419 1422 1449
f 1419 1449 1465
f 1419 1465 1464
f 1419 1464 1474
f 1419 1474 1462
f 1419 1462 1445
f 1421 1447 1437
f 1421 1437 1423
f 1422 1425 1448
f 1422 1448 1449
f 1423 1437 1436
f 1423 1436 1450
f 1423 1450 1424
f 1424 1450 1425
f 1425 1450 1451
f 1425 1451 1448
f 1427 1452 1453
f 1427 1453 1444
f 1427 1444 1429
f 1429 1444 1443
f 1429 1443 1430
f 1431 1454 1455
f 1431 1433 1442
f 1431 1442 1454
f 1432 1455 1456
f 1432 1456 1434
f 1434 1456 1457
f 1434 1457 1435
f 1435 1457 1458
f 1436 1451 1450
f 1437 1447 1438
f 1440 1444 1453
f 1440 1453 1441
f 1441 1459 1460
f 1441 1460 1454
f 1441 1454 1442
f 1441 1453 1459
f 1445 1461 1452
f 1445 1462 1461
f 1448 1451 1463
f 1448 1463 1464
f 1448 1464 1465
f 1448 1465 1449
f 1451 1466 1478
f 1451 1478 1467
f 1451 1467 1463
f 1452 1461 1468
f 1452 1468 1469
f 1452 1469 1453
f 1453 1469 1459
f 1454 1460 1470
f 1454 1470 1455
f 1455 1470 1471
f 1455 1471 1456
f 1456 1471 1458
f 1456 1458 1457
f 1458 1471 1466
f 1459 1469 1468
f 1459 1468 1461
f 1459 1461 1472
f 1459 1472 1473
f 1459 1473 1460
f 1460 1473 1470
f 1461 1462 1472
f 1462 1474 1472
f 1463 1467 1475
f 1463 1475 1474
f 1463 1474 1464
f 1466 1471 1476
f 1466 1476 1477
f 1466 1477 1478
f 1467 1478 1477
f 1467 1477 1475
f 1470 1473 1476
f 1470 1476 1471
f 1472 1474 1473
f 1473 1474 1477
f 1473 1477 1476
f 1474 1475 1477

o geometry_12
v 0.00623213 0.01134521 0.04519325
v 0.00585360 0.01153950 0.04519325
v 0.00623213 0.00829560 0.04519325
v 0.00623213 0.01041280 0.00708534
v 0.00504523 0.01177836 0.04519325
v 0.00619824 0.01039828 0.00584473
v 0.00617404 0.01038576 0.00495100
v 0.00572581 0.01055852 0.00495100
v 0.00467639 0.00824602 0.04519325
v 0.00623213 0.00816690 0.04514428
v 0.00623213 0.01037374 0.00579168
v 0.00498037 0.01179589 0.04519325
v 0.00623213 0.01034620 0.00495100
v 0.00623213 0.01032016 0.00486122
v 0.00561835 0.01051996 0.00435111
v 0.00498037 0.01075732 0.00495100
v 0.00438111 0.00824602 0.04519325
v 0.00623213 0.00797862 0.04507082
v 0.00418072 0.01193910 0.04519325
v 0.00623213 0.01000318 0.00407768
v 0.00498037 0.01060058 0.00422052
v 0.00623213 0.00980538 0.00373488
v 0.00408391 0.01090254 0.00495100
v 0.00408391 0.01195613 0.04519325
v -0.00365801 0.00970723 0.04519325
v 0.00623213 0.00774727 0.04439747
v 0.00498037 0.01017193 0.00377569
v 0.00408391 0.01067319 0.00415522
v 0.00318744 0.01099768 0.00495100
v 0.00623213 0.00964263 0.00356756
v 0.00335009 0.01202974 0.04519325
v -0.00365801 0.01199419 0.04519325
v -0.00365801 0.00963212 0.04439747
v -0.00365801 0.00698712 0.00524483
v 0.00623213 0.00698712 0.01238650
v 0.00587780 0.00968219 0.00355940
v 0.00408391 0.01019347 0.00371039
v 0.00318744 0.01072126 0.00413889
v 0.00229098 0.01104826 0.00495100
v 0.00319035 0.01204426 0.04519325
v 0.00623213 0.00910833 0.00353900
v 0.00587780 0.00910833 0.00351043
v -0.00312459 0.01204977 0.04519325
v -0.00365801 0.01095311 0.00495100
v -0.00365801 0.00698712 0.00350635
v 0.00623213 0.00698712 0.00353900
v 0.00498037 0.00972376 0.00355532
v 0.00318744 0.01019897 0.00368999
v 0.00229098 0.01074630 0.00413073
v 0.00139452 0.01106328 0.00495100
v 0.00140323 0.01209534 0.04519325
v 0.00229098 0.01207681 0.04519325
v 0.00623213 0.00859004 0.00353491
v 0.00600656 0.00698712 0.00351859
v 0.00587780 0.00698712 0.00351043
v -0.00365801 0.00698862 0.00350635
v -0.00365801 0.00910833 0.00351043
v 0.00049902 0.00975280 0.00355532
v 0.00229098 0.00975180 0.00355532
v 0.00318744 0.00975080 0.00355532
v 0.00408391 0.00974529 0.00355532
v -0.00296582 0.01205528 0.04519325
v -0.00308780 0.01100669 0.00495100
v -0.00365801 0.01069873 0.00414706
v 0.00623213 0.00731512 0.00353491
v 0.00229098 0.01019998 0.00368183
v 0.00139452 0.01075381 0.00412665
v 0.00049902 0.01107780 0.00495100
v 0.00049902 0.01210285 0.04519325
v -0.00365801 0.00974679 0.00355532
v -0.00308780 0.00975030 0.00355532
v -0.00039744 0.00975280 0.00355532
v 0.00049902 0.01020098 0.00367775
v -0.00219134 0.01207331 0.04519325
v -0.00039744 0.01107480 0.00495100
v -0.00219134 0.01103223 0.00495100
v -0.00308780 0.01072577 0.00413481
v -0.00365801 0.01019547 0.00369815
v 0.00049902 0.01076132 0.00412665
v -0.00039744 0.01075982 0.00412665
v -0.00025900 0.01210085 0.04519325
v -0.00308780 0.01019897 0.00368591
v -0.00039744 0.01020098 0.00367775
v -0.00129487 0.01209083 0.04519325
v -0.00219134 0.01073829 0.00413073
v -0.00039744 0.01210035 0.04519325
f 1479 1480 1483
f 1479 1483 1490
f 1479 1490 1497
f 1479 1497 1502
f 1479 1502 1509
f 1479 1509 1518
f 1479 1518 1530
f 1479 1530 1529
f 1479 1529 1547
f 1479 1547 1559
f 1479 1559 1564
f 1479 1564 1562
f 1479 1562 1552
f 1479 1552 1540
f 1479 1540 1521
f 1479 1521 1510
f 1479 1510 1503
f 1479 1503 1495
f 1479 1495 1487
f 1479 1487 1481
f 1479 1481 1488
f 1479 1488 1496
f 1479 1496 1504
f 1479 1504 1513
f 1479 1513 1524
f 1479 1524 1543
f 1479 1543 1531
f 1479 1531 1519
f 1479 1519 1508
f 1479 1508 1500
f 1479 1500 1498
f 1479 1498 1492
f 1479 1492 1491
f 1479 1491 1489
f 1479 1489 1482
f 1479 1482 1480
f 1480 1482 1484
f 1480 1484 1485
f 1480 1485 1486
f 1480 1486 1483
f 1481 1487 1488
f 1482 1489 1484
f 1483 1486 1490
f 1484 1489 1485
f 1485 1491 1492
f 1485 1492 1493
f 1485 1493 1486
f 1485 1489 1491
f 1486 1493 1494
f 1486 1494 1490
f 1487 1495 1496
f 1487 1496 1488
f 1490 1494 1497
f 1492 1498 1493
f 1493 1499 1494
f 1493 1498 1500
f 1493 1500 1499
f 1494 1499 1501
f 1494 1501 1502
f 1494 1502 1497
f 1495 1503 1504
f 1495 1504 1496
f 1499 1505 1506
f 1499 1506 1507
f 1499 1507 1501
f 1499 1500 1505
f 1500 1508 1505
f 1501 1507 1502
f 1502 1507 1509
f 1503 1510 1522
f 1503 1522 1542
f 1503 1542 1556
f 1503 1556 1548
f 1503 1548 1535
f 1503 1535 1534
f 1503 1534 1523
f 1503 1523 1512
f 1503 1512 1511
f 1503 1511 1504
f 1504 1511 1512
f 1504 1512 1513
f 1505 1508 1514
f 1505 1514 1515
f 1505 1515 1506
f 1506 1515 1516
f 1506 1516 1507
f 1507 1516 1517
f 1507 1517 1518
f 1507 1518 1509
f 1508 1519 1520
f 1508 1520 1514
f 1510 1521 1522
f 1512 1523 1533
f 1512 1533 1532
f 1512 1532 1524
f 1512 1524 1513
f 1514 1525 1526
f 1514 1526 1515
f 1514 1520 1525
f 1515 1526 1527
f 1515 1527 1516
f 1516 1527 1517
f 1517 1527 1528
f 1517 1528 1529
f 1517 1529 1530
f 1517 1530 1518
f 1519 1531 1520
f 1520 1531 1532
f 1520 1532 1533
f 1520 1533 1523
f 1520 1523 1534
f 1520 1534 1535
f 1520 1535 1550
f 1520 1550 1536
f 1520 1536 1537
f 1520 1537 1538
f 1520 1538 1539
f 1520 1539 1525
f 1521 1540 1541
f 1521 1541 1522
f 1522 1541 1542
f 1524 1532 1543
f 1525 1539 1544
f 1525 1544 1526
f 1526 1544 1545
f 1526 1545 1527
f 1527 1545 1546
f 1527 1546 1528
f 1528 1546 1529
f 1529 1546 1547
f 1531 1543 1532
f 1535 1548 1549
f 1535 1549 1550
f 1536 1550 1561
f 1536 1561 1551
f 1536 1551 1537
f 1537 1551 1538
f 1538 1551 1539
f 1539 1551 1544
f 1540 1552 1553
f 1540 1553 1554
f 1540 1554 1541
f 1541 1554 1555
f 1541 1555 1542
f 1542 1555 1556
f 1544 1551 1557
f 1544 1557 1545
f 1545 1557 1546
f 1546 1557 1558
f 1546 1558 1553
f 1546 1553 1559
f 1546 1559 1547
f 1548 1556 1560
f 1548 1560 1561
f 1548 1561 1549
f 1549 1561 1550
f 1551 1561 1557
f 1552 1562 1553
f 1553 1558 1563
f 1553 1563 1555
f 1553 1555 1554
f 1553 1562 1564
f 1553 1564 1559
f 1555 1563 1560
f 1555 1560 1556
f 1557 1561 1558
f 1558 1561 1560
f 1558 1560 1563

o geometry_13
v -0.00552368 -0.00851981 0.05874721
v -0.00552368 -0.00843824 0.06503349
v -0.00555833 -0.00844254 0.06411950
v -0.00568935 -0.00848225 0.05874721
v -0.00552368 -0.00832019 0.04676588
v -0.00552368 -0.00843180 0.06549802
v -0.00593700 -0.00828692 0.06681017
v -0.00596109 -0.00829336 0.06591127
v -0.00605069 -0.00832019 0.06232773
v -0.00613775 -0.00834702 0.05874721
v -0.00579120 -0.00823004 0.04709166
v -0.00552368 -0.00830839 0.04639184
v -0.00552368 -0.00842537 0.06591127
v -0.00586220 -0.00826653 0.06949782
v -0.00667490 -0.00790164 0.07219151
v -0.00667490 -0.00792847 0.07039673
v -0.00667490 -0.00800360 0.06501538
v -0.00667490 -0.00804009 0.06232773
v -0.00667490 -0.00807550 0.05964309
v -0.00667490 -0.00808731 0.05874721
v -0.00667490 -0.00781579 0.04709166
v -0.00667490 -0.00778895 0.04619577
v -0.00569822 -0.00823755 0.04622895
v -0.00552368 -0.00828800 0.04611734
v -0.00552368 -0.00838136 0.06860194
v -0.00552368 -0.00835131 0.07039673
v -0.00569569 -0.00826975 0.07221866
v -0.00583600 -0.00825902 0.07039673
v -0.00727376 -0.00758397 0.07219151
v -0.00580895 -0.00825151 0.07129262
v -0.00577852 -0.00821824 0.07308740
v -0.00667490 -0.00783081 0.07308740
v -0.00729700 -0.00760114 0.06949782
v -0.00731180 -0.00761295 0.06770606
v -0.00732363 -0.00762475 0.06591127
v -0.00732912 -0.00763012 0.06501538
v -0.00736251 -0.00766768 0.05874721
v -0.00715120 -0.00750241 0.04619577
v -0.00713176 -0.00748631 0.04573426
v -0.00552368 -0.00816028 0.04562566
v -0.00552368 -0.00832234 0.07208292
v -0.00552368 -0.00831697 0.07236345
v -0.00552368 -0.00831161 0.07259270
v -0.00552368 -0.00829765 0.07308740
v -0.00719980 -0.00753246 0.07308740
v -0.00772132 -0.00720942 0.07219151
v -0.00552368 -0.00815599 0.07340413
v -0.00552368 -0.00789949 0.07394407
v -0.00667490 -0.00762261 0.07366656
v -0.00712753 -0.00748202 0.07353685
v -0.00775217 -0.00722552 0.06860194
v -0.00776527 -0.00723518 0.06681017
v -0.00780965 -0.00726845 0.05874721
v -0.00777119 -0.00723947 0.06591127
v -0.00754846 -0.00703020 0.04619577
v -0.00820099 -0.00681985 0.05874721
v -0.00796813 -0.00648179 0.04619577
v -0.00730884 -0.00694434 0.04520034
v -0.00655615 -0.00759149 0.04520034
v -0.00583515 -0.00791130 0.04520034
v -0.00577852 -0.00793598 0.04520034
v -0.00552368 -0.00801218 0.04520034
v -0.00812027 -0.00669965 0.07276464
v -0.00817395 -0.00676190 0.07219151
v -0.00552368 -0.00700981 0.07426683
v -0.00577852 -0.00703020 0.07422158
v -0.00667490 -0.00703020 0.07387771
v -0.00858431 0.00244405 0.07597414
v -0.00919627 0.00244405 0.07562725
v -0.00825467 -0.00613300 0.07287926
v -0.00819212 -0.00680161 0.06322362
v -0.00817691 -0.00676512 0.07129262
v -0.00798461 -0.00651291 0.04709166
v -0.00860840 -0.00613300 0.07129262
v -0.00861009 -0.00613300 0.06143185
v -0.00861009 -0.00613300 0.05964309
v -0.00860925 -0.00613300 0.05874721
v -0.00887550 -0.00556098 0.05874721
v -0.00816803 -0.00603427 0.04619577
v -0.00810802 -0.00589689 0.04557439
v -0.00776358 -0.00622208 0.04520034
v -0.00552368 -0.00546869 0.04520034
v -0.00882225 -0.00531093 0.07222469
v -0.00854924 -0.00613300 0.07219151
v -0.00780457 0.00244405 0.07563630
v -0.00846725 0.00244405 0.07601335
v -0.00552368 -0.00633906 0.07388374
v -0.00958973 0.00244405 0.07500888
v -0.00977569 0.00244405 0.07467104
v -0.00889874 -0.00564255 0.07129262
v -0.00889705 -0.00563825 0.07039673
v -0.00889410 -0.00562752 0.06860194
v -0.00887804 -0.00556957 0.05964309
v -0.00905892 -0.00518965 0.07039673
v -0.00901666 -0.00512097 0.05964309
v -0.00901328 -0.00511238 0.05874721
v -0.00843513 -0.00523687 0.04619577
v -0.00817226 -0.00516390 0.04520034
v -0.00779697 -0.00616734 0.04520034
v -0.00646401 0.00244405 0.04520034
v -0.00552368 -0.00604500 0.07219151
v -0.00901412 -0.00505980 0.07195020
v -0.00760510 0.00244405 0.07488520
v -0.00552368 -0.00606861 0.07308740
v -0.00982936 0.00244405 0.07453228
v -0.00906188 -0.00519395 0.07129262
v -0.00931587 -0.00434075 0.07129262
v -0.00930784 -0.00434075 0.07039673
v -0.00919838 -0.00434075 0.05874721
v -0.00862700 -0.00434075 0.04619577
v -0.00834300 -0.00439978 0.04520034
v -0.00861559 0.00244405 0.04520034
v -0.00754382 0.00244405 0.07398328
v -0.00949760 -0.00344462 0.07129262
v -0.00982725 0.00234532 0.07447195
v -0.00983697 0.00244405 0.07435431
v -0.00934165 -0.00344462 0.05964309
v -0.00932940 -0.00344462 0.05874721
v -0.00947393 -0.00344462 0.06949782
v -0.00873308 -0.00344462 0.04619577
v -0.00846471 -0.00344462 0.04520034
v -0.00835441 -0.00434075 0.04520034
v -0.00860883 0.00183769 0.04520034
v -0.00863587 0.00193428 0.04529989
v -0.00864137 0.00244405 0.04529989
v -0.00961805 -0.00254742 0.07129262
v -0.00982217 0.00145134 0.07356098
v -0.00984077 0.00244405 0.07394709
v -0.00983316 0.00200082 0.07391089
v -0.00951577 -0.00254742 0.06501840
v -0.00948619 -0.00254742 0.06322362
v -0.00935560 -0.00315700 0.05874721
v -0.00941096 -0.00254742 0.05874721
v -0.00934757 0.00193428 0.04978233
v -0.00929178 0.00193428 0.04888644
v -0.00875167 -0.00315700 0.04619577
v -0.00851669 -0.00264509 0.04520034
v -0.00859826 0.00103708 0.04520034
v -0.00884592 0.00014095 0.04619577
v -0.00885606 0.00103708 0.04619577
v -0.00886409 0.00193428 0.04619577
v -0.00886789 0.00244405 0.04619577
v -0.00969539 -0.00165130 0.07129262
v -0.00981288 0.00058097 0.07263795
v -0.00984077 0.00244405 0.07359718
v -0.00982133 0.00110684 0.07299992
v -0.00946548 -0.00165130 0.05874721
v -0.00952592 0.00244405 0.05836110
v -0.00950267 0.00244405 0.05746220
v -0.00926981 0.00244405 0.04978233
v -0.00924572 0.00244405 0.04939321
v -0.00949422 -0.00075517 0.05874721
v -0.00951577 0.00014095 0.05874721
v -0.00952930 0.00103708 0.05874721
v -0.00956691 0.00103708 0.06054199
v -0.00980907 0.00193428 0.07190797
v -0.00920810 0.00244405 0.04888644
v -0.00883366 -0.00075517 0.04619577
v -0.00881971 -0.00165130 0.04619577
v -0.00878971 -0.00254742 0.04619577
v -0.00852261 -0.00254742 0.04520034
v -0.00858431 0.00004437 0.04520034
v -0.00974653 -0.00075517 0.07129262
v -0.00981288 0.00058097 0.07260779
v -0.00983147 0.00244405 0.07308740
v -0.00983316 0.00193428 0.07308740
v -0.00977611 0.00014095 0.07129262
v -0.00980823 0.00244405 0.07194115
v -0.00959100 0.00014095 0.06232773
v -0.00981541 0.00103708 0.07247808
v -0.00856994 -0.00085176 0.04520034
v -0.00855600 -0.00165130 0.04520034
v -0.00855262 -0.00174789 0.04520034
f 1565 1566 1567
f 1565 1567 1568
f 1565 1568 1569
f 1565 1569 1576
f 1565 1576 1588
f 1565 1588 1604
f 1565 1604 1626
f 1565 1626 1646
f 1565 1646 1665
f 1565 1665 1668
f 1565 1668 1651
f 1565 1651 1629
f 1565 1629 1612
f 1565 1612 1611
f 1565 1611 1608
f 1565 1608 1607
f 1565 1607 1606
f 1565 1606 1605
f 1565 1605 1590
f 1565 1590 1589
f 1565 1589 1577
f 1565 1577 1570
f 1565 1570 1566
f 1566 1570 1567
f 1567 1570 1571
f 1567 1571 1572
f 1567 1572 1573
f 1567 1573 1574
f 1567 1574 1568
f 1568 1574 1569
f 1569 1575 1576
f 1569 1574 1575
f 1570 1577 1571
f 1571 1578 1579
f 1571 1579 1572
f 1571 1577 1578
f 1572 1579 1573
f 1573 1579 1574
f 1574 1579 1580
f 1574 1580 1581
f 1574 1581 1582
f 1574 1582 1583
f 1574 1583 1584
f 1574 1584 1585
f 1574 1585 1575
f 1575 1585 1586
f 1575 1586 1587
f 1575 1587 1576
f 1576 1587 1588
f 1577 1589 1578
f 1578 1589 1590
f 1578 1590 1591
f 1578 1591 1592
f 1578 1592 1579
f 1579 1593 1580
f 1579 1592 1594
f 1579 1594 1595
f 1579 1595 1596
f 1579 1596 1593
f 1580 1593 1581
f 1581 1593 1582
f 1582 1593 1583
f 1583 1593 1584
f 1584 1593 1597
f 1584 1597 1598
f 1584 1598 1599
f 1584 1599 1600
f 1584 1600 1601
f 1584 1601 1585
f 1585 1602 1586
f 1585 1601 1602
f 1586 1602 1603
f 1586 1603 1587
f 1587 1603 1588
f 1588 1603 1604
f 1590 1605 1591
f 1591 1606 1607
f 1591 1607 1608
f 1591 1608 1595
f 1591 1595 1594
f 1591 1594 1592
f 1591 1605 1606
f 1593 1596 1609
f 1593 1609 1610
f 1593 1610 1597
f 1595 1608 1611
f 1595 1611 1612
f 1595 1612 1613
f 1595 1613 1614
f 1595 1614 1596
f 1596 1614 1609
f 1597 1610 1598
f 1598 1610 1599
f 1599 1610 1615
f 1599 1615 1616
f 1599 1616 1600
f 1600 1616 1601
f 1601 1617 1602
f 1601 1616 1618
f 1601 1618 1617
f 1602 1619 1603
f 1602 1617 1620
f 1602 1620 1619
f 1603 1619 1621
f 1603 1621 1622
f 1603 1622 1623
f 1603 1623 1624
f 1603 1624 1604
f 1604 1624 1625
f 1604 1625 1626
f 1609 1614 1627
f 1609 1627 1610
f 1610 1627 1628
f 1610 1628 1615
f 1612 1629 1630
f 1612 1630 1613
f 1613 1630 1631
f 1613 1631 1614
f 1614 1631 1632
f 1614 1632 1633
f 1614 1633 1634
f 1614 1634 1627
f 1615 1628 1616
f 1616 1628 1618
f 1617 1635 1620
f 1617 1618 1628
f 1617 1628 1636
f 1617 1636 1635
f 1619 1620 1637
f 1619 1637 1621
f 1620 1635 1638
f 1620 1638 1639
f 1620 1639 1640
f 1620 1640 1641
f 1620 1641 1637
f 1621 1637 1641
f 1621 1641 1642
f 1621 1642 1643
f 1621 1643 1644
f 1621 1644 1622
f 1622 1644 1645
f 1622 1645 1663
f 1622 1663 1662
f 1622 1662 1675
f 1622 1675 1686
f 1622 1686 1685
f 1622 1685 1701
f 1622 1701 1725
f 1622 1725 1737
f 1622 1737 1736
f 1622 1736 1735
f 1622 1735 1726
f 1622 1726 1702
f 1622 1702 1687
f 1622 1687 1676
f 1622 1676 1664
f 1622 1664 1646
f 1622 1646 1626
f 1622 1626 1625
f 1622 1625 1624
f 1622 1624 1623
f 1627 1634 1647
f 1627 1647 1648
f 1627 1648 1628
f 1628 1648 1638
f 1628 1638 1636
f 1629 1649 1650
f 1629 1650 1630
f 1629 1651 1649
f 1630 1650 1632
f 1630 1632 1631
f 1632 1650 1649
f 1632 1649 1667
f 1632 1667 1677
f 1632 1677 1664
f 1632 1664 1676
f 1632 1676 1689
f 1632 1689 1706
f 1632 1706 1721
f 1632 1721 1715
f 1632 1715 1714
f 1632 1714 1713
f 1632 1713 1712
f 1632 1712 1732
f 1632 1732 1729
f 1632 1729 1709
f 1632 1709 1692
f 1632 1692 1680
f 1632 1680 1669
f 1632 1669 1653
f 1632 1653 1652
f 1632 1652 1633
f 1633 1652 1634
f 1634 1652 1653
f 1634 1653 1647
f 1635 1636 1638
f 1638 1648 1654
f 1638 1654 1639
f 1639 1654 1640
f 1640 1654 1641
f 1641 1654 1655
f 1641 1655 1656
f 1641 1656 1657
f 1641 1657 1642
f 1642 1657 1658
f 1642 1658 1659
f 1642 1659 1660
f 1642 1660 1661
f 1642 1661 1643
f 1643 1661 1644
f 1644 1662 1663
f 1644 1663 1645
f 1644 1661 1662
f 1646 1664 1665
f 1647 1653 1666
f 1647 1666 1648
f 1648 1666 1654
f 1649 1651 1667
f 1651 1668 1667
f 1653 1669 1666
f 1654 1666 1670
f 1654 1670 1655
f 1655 1670 1656
f 1656 1670 1657
f 1657 1670 1658
f 1658 1670 1671
f 1658 1671 1659
f 1659 1671 1660
f 1660 1671 1672
f 1660 1672 1673
f 1660 1673 1661
f 1661 1674 1675
f 1661 1675 1662
f 1661 1673 1674
f 1664 1677 1668
f 1664 1668 1665
f 1666 1678 1671
f 1666 1671 1670
f 1666 1669 1679
f 1666 1679 1678
f 1667 1668 1677
f 1669 1680 1679
f 1671 1678 1672
f 1672 1678 1673
f 1673 1681 1682
f 1673 1682 1674
f 1673 1678 1683
f 1673 1683 1681
f 1674 1684 1685
f 1674 1685 1686
f 1674 1686 1675
f 1674 1682 1684
f 1676 1687 1688
f 1676 1688 1689
f 1678 1690 1683
f 1678 1679 1690
f 1679 1680 1691
f 1679 1691 1690
f 1680 1692 1693
f 1680 1693 1691
f 1681 1683 1690
f 1681 1690 1682
f 1682 1690 1694
f 1682 1694 1695
f 1682 1695 1696
f 1682 1696 1684
f 1684 1696 1697
f 1684 1697 1698
f 1684 1698 1699
f 1684 1699 1700
f 1684 1700 1701
f 1684 1701 1685
f 1687 1702 1703
f 1687 1703 1688
f 1688 1703 1704
f 1688 1704 1689
f 1689 1704 1705
f 1689 1705 1706
f 1690 1707 1694
f 1690 1691 1708
f 1690 1708 1707
f 1691 1693 1708
f 1692 1709 1710
f 1692 1710 1693
f 1693 1710 1708
f 1694 1707 1695
f 1695 1697 1696
f 1695 1707 1697
f 1697 1711 1698
f 1697 1707 1711
f 1698 1712 1713
f 1698 1713 1714
f 1698 1714 1715
f 1698 1715 1699
f 1698 1711 1716
f 1698 1716 1717
f 1698 1717 1718
f 1698 1718 1719
f 1698 1719 1720
f 1698 1720 1712
f 1699 1715 1721
f 1699 1721 1706
f 1699 1706 1705
f 1699 1705 1704
f 1699 1704 1703
f 1699 1703 1722
f 1699 1722 1723
f 1699 1723 1724
f 1699 1724 1700
f 1700 1724 1701
f 1701 1724 1725
f 1702 1726 1722
f 1702 1722 1703
f 1707 1708 1727
f 1707 1727 1711
f 1708 1710 1728
f 1708 1728 1727
f 1709 1729 1730
f 1709 1730 1710
f 1710 1730 1728
f 1711 1727 1731
f 1711 1731 1716
f 1712 1720 1732
f 1716 1731 1733
f 1716 1733 1717
f 1717 1733 1718
f 1718 1733 1719
f 1719 1733 1728
f 1719 1728 1734
f 1719 1734 1720
f 1720 1734 1730
f 1720 1730 1732
f 1722 1726 1723
f 1723 1726 1735
f 1723 1735 1736
f 1723 1736 1724
f 1724 1736 1737
f 1724 1737 1725
f 1727 1728 1731
f 1728 1730 1734
f 1728 1733 1731
f 1729 1732 1730

o geometry_14
v -0.00558434 -0.00532386 0.00350913
v -0.00558434 -0.00532386 0.00548271
v -0.00558434 -0.00525517 0.00350756
v -0.00251605 -0.00341262 0.00227403
v -0.00251398 -0.00344275 0.00227403
v -0.00234490 -0.00434053 0.00227403
v -0.00196940 -0.00490329 0.00227403
v -0.00194969 -0.00490691 0.00227403
v -0.00129516 -0.00501295 0.00227403
v -0.00129516 -0.00532386 0.00300184
v 0.00212373 -0.00532386 0.00487207
v 0.00408317 0.00698712 0.00521320
v 0.00318695 0.00698712 0.00524115
v -0.00039272 0.00698712 0.00524146
v -0.00365707 0.00698712 0.00524146
v -0.00558434 0.00138717 0.00500934
v -0.00558434 -0.00523710 0.00350724
v -0.00255028 -0.00254738 0.00227403
v 0.00051594 -0.00501295 0.00227403
v 0.00049727 -0.00532386 0.00300184
v 0.00212373 -0.00532386 0.00321261
v 0.00501258 0.00138837 0.00463460
v 0.00501258 0.00698712 0.00499991
v -0.00365707 0.00698712 0.00350662
v -0.00558434 0.00138717 0.00350724
v -0.00258140 -0.00165081 0.00227403
v 0.00139348 -0.00493221 0.00227403
v 0.00140697 -0.00532386 0.00308508
v 0.00212373 -0.00506959 0.00293493
v 0.00501258 0.00138837 0.00350724
v 0.00187478 -0.00482135 0.00227403
v 0.00501258 0.00698712 0.00350724
v 0.00049831 0.00503732 0.00273138
v -0.00129413 0.00502889 0.00273138
v -0.00206483 0.00474810 0.00273138
v -0.00221731 0.00467219 0.00273138
v -0.00256999 0.00138717 0.00227403
v 0.00195777 -0.00434053 0.00227403
v 0.00201171 -0.00346203 0.00227403
v 0.00201274 -0.00344275 0.00227403
v 0.00210817 0.00452155 0.00273138
v 0.00139348 0.00492645 0.00273138
v 0.00194117 -0.00258233 0.00227403
v 0.00159472 0.00138717 0.00227403
f 1738 1739 1753
f 1738 1753 1762
f 1738 1762 1754
f 1738 1754 1740
f 1738 1740 1741
f 1738 1741 1742
f 1738 1742 1743
f 1738 1743 1744
f 1738 1744 1745
f 1738 1745 1746
f 1738 1746 1747
f 1738 1747 1757
f 1738 1757 1765
f 1738 1765 1758
f 1738 1758 1748
f 1738 1748 1739
f 1739 1748 1749
f 1739 1749 1750
f 1739 1750 1751
f 1739 1751 1752
f 1739 1752 1753
f 1740 1754 1741
f 1741 1755 1763
f 1741 1763 1774
f 1741 1774 1781
f 1741 1781 1780
f 1741 1780 1777
f 1741 1777 1776
f 1741 1776 1775
f 1741 1775 1768
f 1741 1768 1764
f 1741 1764 1756
f 1741 1756 1746
f 1741 1746 1745
f 1741 1745 1744
f 1741 1744 1743
f 1741 1743 1742
f 1741 1754 1755
f 1746 1756 1757
f 1746 1757 1747
f 1748 1758 1767
f 1748 1767 1759
f 1748 1759 1760
f 1748 1760 1749
f 1749 1760 1769
f 1749 1769 1761
f 1749 1761 1752
f 1749 1752 1751
f 1749 1751 1750
f 1752 1761 1762
f 1752 1762 1753
f 1754 1762 1763
f 1754 1763 1755
f 1756 1764 1758
f 1756 1758 1765
f 1756 1765 1757
f 1758 1766 1767
f 1758 1764 1768
f 1758 1768 1766
f 1759 1767 1769
f 1759 1769 1760
f 1761 1769 1770
f 1761 1770 1771
f 1761 1771 1772
f 1761 1772 1773
f 1761 1773 1774
f 1761 1774 1762
f 1762 1774 1763
f 1766 1768 1767
f 1767 1768 1775
f 1767 1775 1776
f 1767 1776 1777
f 1767 1777 1769
f 1769 1778 1779
f 1769 1779 1770
f 1769 1777 1780
f 1769 1780 1781
f 1769 1781 1778
f 1770 1779 1781
f 1770 1781 1774
f 1770 1774 1771
f 1771 1774 1772
f 1772 1774 1773
f 1778 1781 1779

o geometry_15
v 0.00490273 0.00968593 0.07705864
v 0.00490273 0.00992824 0.07694922
v 0.00313264 0.00968593 0.07713681
v 0.00490273 0.00968593 0.04519733
v 0.00490273 0.01090142 0.07650840
v 0.00206374 0.00968593 0.07706177
v 0.00490273 0.01138130 0.07628642
v 0.00490273 0.01142786 0.07626454
v 0.00139499 0.01188052 0.07605194
v 0.00023610 0.01188052 0.07605194
v 0.00023610 0.01174950 0.07611447
v 0.00023610 0.01143260 0.07626141
v 0.00378814 0.00968593 0.04519733
v 0.00490273 0.01180988 0.04519733
v 0.00139499 0.00968593 0.07694609
v 0.00490273 0.01187578 0.07595189
v 0.00408460 0.01187973 0.07599879
v 0.00318791 0.01188052 0.07603005
v 0.00229168 0.01188052 0.07604568
v 0.00139499 0.01250957 0.07560173
v 0.00049830 0.01251115 0.07560486
v 0.00023610 0.01232685 0.07573617
v 0.00023610 0.01081696 0.07633019
v 0.00023610 0.00999414 0.04519733
v 0.00375937 0.00968593 0.04529425
v 0.00418145 0.01193932 0.04519733
v 0.00490273 0.01183750 0.04529425
v 0.00055860 0.00968593 0.07656780
v 0.00490273 0.01240341 0.07550482
v 0.00408460 0.01245037 0.07555171
v 0.00318791 0.01248550 0.07558297
v 0.00229168 0.01250365 0.07559860
v 0.00139499 0.01295788 0.07512651
v 0.00049830 0.01338370 0.07468256
v 0.00023610 0.01251115 0.07560486
v 0.00023610 0.01282844 0.07527033
v 0.00023610 0.01064451 0.07627704
v 0.00023610 0.01210191 0.04519733
v 0.00023610 0.00968593 0.06680400
v 0.00408460 0.01195629 0.04519733
v 0.00408460 0.01198431 0.04529425
v 0.00408460 0.01216781 0.04619153
v 0.00490273 0.01201667 0.04619153
v 0.00024387 0.00968593 0.07582371
v 0.00490273 0.01285172 0.07502960
v 0.00408460 0.01289829 0.07508275
v 0.00318791 0.01293381 0.07511088
v 0.00229168 0.01295196 0.07512026
v 0.00139499 0.01337699 0.07467944
v 0.00023610 0.01338409 0.07468256
v 0.00049830 0.01366863 0.07398538
v 0.00023610 0.00979958 0.07583934
v 0.00023610 0.01228502 0.04564441
v 0.00049054 0.01210270 0.04519733
v 0.00023610 0.00968593 0.07093087
v 0.00335053 0.01202969 0.04519733
v 0.00289419 0.01225384 0.04572257
v 0.00349214 0.01223451 0.04619153
v 0.00476797 0.01318677 0.06079190
v 0.00490273 0.01316507 0.06097636
v 0.00023930 0.00968593 0.07538601
v 0.00490273 0.01324873 0.07458252
v 0.00408460 0.01330398 0.07463567
v 0.00318791 0.01334305 0.07466068
v 0.00229168 0.01336396 0.07467319
v 0.00139499 0.01365481 0.07398538
v 0.00023610 0.01366863 0.07398538
v 0.00139499 0.01369665 0.07308809
v 0.00049830 0.01370967 0.07308809
v 0.00023610 0.00974710 0.07547981
v 0.00023610 0.01233198 0.04619153
v 0.00049830 0.01233317 0.04619153
v 0.00049830 0.01228542 0.04564441
v 0.00049830 0.01210270 0.04519733
v 0.00319020 0.01204429 0.04519733
v 0.00229168 0.01226766 0.04568818
v 0.00139499 0.01340422 0.06053866
v 0.00229168 0.01337462 0.06053866
v 0.00318791 0.01332411 0.06053866
v 0.00318791 0.01337659 0.06143281
v 0.00408460 0.01328701 0.06143281
v 0.00408460 0.01336831 0.06322425
v 0.00490273 0.01323847 0.06322738
v 0.00490273 0.01337620 0.07398538
v 0.00408460 0.01349854 0.07398538
v 0.00318791 0.01358299 0.07398538
v 0.00229168 0.01362877 0.07398538
v 0.00229168 0.01367455 0.07308809
v 0.00023610 0.01369744 0.07335071
v 0.00139499 0.01370651 0.07219081
v 0.00049830 0.01371717 0.07219081
v 0.00023610 0.01370927 0.07308809
v 0.00023610 0.01342119 0.06053866
v 0.00139499 0.01232251 0.04619153
v 0.00139499 0.01228029 0.04565692
v 0.00049830 0.01342158 0.06053866
v 0.00139499 0.01209559 0.04519733
v 0.00229168 0.01207705 0.04519733
v 0.00139499 0.01346065 0.06143281
v 0.00229168 0.01342908 0.06143281
v 0.00318791 0.01345434 0.06322425
v 0.00318791 0.01362048 0.07308809
v 0.00408460 0.01352340 0.07308809
v 0.00490273 0.01339119 0.07308809
v 0.00229168 0.01366586 0.07219081
v 0.00229168 0.01350367 0.06322425
v 0.00139499 0.01353208 0.06322425
v 0.00049830 0.01354866 0.06322425
v 0.00023610 0.01371677 0.07219081
v 0.00023610 0.01354866 0.06322425
v 0.00023610 0.01343776 0.06080128
v 0.00049830 0.01347762 0.06143281
v 0.00023610 0.01347723 0.06143281
f 1782 1783 1784
f 1782 1784 1787
f 1782 1787 1796
f 1782 1796 1809
f 1782 1809 1825
f 1782 1825 1842
f 1782 1842 1836
f 1782 1836 1820
f 1782 1820 1806
f 1782 1806 1794
f 1782 1794 1785
f 1782 1785 1795
f 1782 1795 1808
f 1782 1808 1824
f 1782 1824 1841
f 1782 1841 1864
f 1782 1864 1885
f 1782 1885 1865
f 1782 1865 1843
f 1782 1843 1826
f 1782 1826 1810
f 1782 1810 1797
f 1782 1797 1789
f 1782 1789 1788
f 1782 1788 1786
f 1782 1786 1783
f 1783 1786 1784
f 1784 1786 1788
f 1784 1788 1789
f 1784 1789 1790
f 1784 1790 1791
f 1784 1791 1792
f 1784 1792 1793
f 1784 1793 1787
f 1785 1794 1805
f 1785 1805 1819
f 1785 1819 1835
f 1785 1835 1855
f 1785 1855 1878
f 1785 1878 1879
f 1785 1879 1856
f 1785 1856 1837
f 1785 1837 1821
f 1785 1821 1807
f 1785 1807 1795
f 1787 1793 1796
f 1789 1797 1798
f 1789 1798 1799
f 1789 1799 1800
f 1789 1800 1790
f 1790 1800 1801
f 1790 1801 1802
f 1790 1802 1803
f 1790 1803 1791
f 1791 1803 1816
f 1791 1816 1817
f 1791 1817 1831
f 1791 1831 1848
f 1791 1848 1870
f 1791 1870 1873
f 1791 1873 1890
f 1791 1890 1891
f 1791 1891 1894
f 1791 1894 1892
f 1791 1892 1874
f 1791 1874 1852
f 1791 1852 1834
f 1791 1834 1819
f 1791 1819 1805
f 1791 1805 1820
f 1791 1820 1836
f 1791 1836 1851
f 1791 1851 1833
f 1791 1833 1818
f 1791 1818 1804
f 1791 1804 1793
f 1791 1793 1792
f 1793 1804 1796
f 1794 1806 1805
f 1795 1807 1808
f 1796 1804 1809
f 1797 1810 1811
f 1797 1811 1812
f 1797 1812 1798
f 1798 1812 1799
f 1799 1812 1813
f 1799 1813 1800
f 1800 1813 1801
f 1801 1813 1814
f 1801 1814 1815
f 1801 1815 1802
f 1802 1816 1803
f 1802 1815 1817
f 1802 1817 1816
f 1804 1818 1809
f 1805 1806 1820
f 1807 1821 1822
f 1807 1822 1808
f 1808 1822 1823
f 1808 1823 1824
f 1809 1818 1825
f 1810 1826 1827
f 1810 1827 1811
f 1811 1827 1812
f 1812 1827 1828
f 1812 1828 1813
f 1813 1828 1829
f 1813 1829 1830
f 1813 1830 1814
f 1814 1830 1815
f 1815 1831 1817
f 1815 1830 1832
f 1815 1832 1831
f 1818 1833 1825
f 1819 1834 1835
f 1821 1837 1838
f 1821 1838 1822
f 1822 1838 1823
f 1823 1838 1839
f 1823 1839 1840
f 1823 1840 1824
f 1824 1840 1841
f 1825 1833 1842
f 1826 1843 1844
f 1826 1844 1827
f 1827 1844 1845
f 1827 1845 1828
f 1828 1845 1846
f 1828 1846 1829
f 1829 1846 1830
f 1830 1846 1847
f 1830 1847 1832
f 1831 1832 1848
f 1832 1847 1849
f 1832 1849 1850
f 1832 1850 1848
f 1833 1851 1842
f 1834 1852 1853
f 1834 1853 1854
f 1834 1854 1835
f 1835 1854 1855
f 1836 1842 1851
f 1837 1856 1838
f 1838 1856 1857
f 1838 1857 1858
f 1838 1858 1859
f 1838 1859 1860
f 1838 1860 1839
f 1839 1860 1840
f 1840 1860 1861
f 1840 1861 1862
f 1840 1862 1863
f 1840 1863 1864
f 1840 1864 1841
f 1843 1865 1866
f 1843 1866 1867
f 1843 1867 1844
f 1844 1867 1845
f 1845 1867 1868
f 1845 1868 1847
f 1845 1847 1846
f 1847 1868 1869
f 1847 1869 1849
f 1848 1850 1870
f 1849 1869 1871
f 1849 1871 1850
f 1850 1871 1872
f 1850 1872 1890
f 1850 1890 1873
f 1850 1873 1870
f 1852 1874 1853
f 1853 1875 1876
f 1853 1876 1854
f 1853 1874 1877
f 1853 1877 1875
f 1854 1876 1878
f 1854 1878 1855
f 1856 1879 1857
f 1857 1879 1876
f 1857 1876 1875
f 1857 1875 1877
f 1857 1877 1858
f 1858 1877 1880
f 1858 1880 1859
f 1859 1880 1881
f 1859 1881 1860
f 1860 1881 1861
f 1861 1881 1882
f 1861 1882 1863
f 1861 1863 1862
f 1863 1882 1883
f 1863 1883 1884
f 1863 1884 1864
f 1864 1884 1885
f 1865 1885 1884
f 1865 1884 1866
f 1866 1884 1883
f 1866 1883 1867
f 1867 1883 1869
f 1867 1869 1868
f 1869 1883 1886
f 1869 1886 1871
f 1871 1886 1887
f 1871 1887 1888
f 1871 1888 1889
f 1871 1889 1872
f 1872 1889 1891
f 1872 1891 1890
f 1874 1892 1877
f 1876 1879 1878
f 1877 1892 1893
f 1877 1893 1880
f 1880 1893 1888
f 1880 1888 1887
f 1880 1887 1881
f 1881 1887 1882
f 1882 1887 1886
f 1882 1886 1883
f 1888 1893 1889
f 1889 1893 1891
f 1891 1893 1894
f 1892 1894 1893

o geometry_16
v 0.00375437 0.00682018 0.08545466
v 0.00375437 0.00689400 0.08543729
v 0.00366544 0.00682018 0.08546624
v 0.00375437 0.00682018 0.07636987
v 0.00318708 0.00682018 0.08551643
v 0.00375437 0.00721543 0.08534656
v 0.00349226 0.00682018 0.07645481
v -0.00502541 0.00778170 0.06585267
v -0.00387493 0.00778170 0.06585267
v 0.00375437 0.00798439 0.06681597
v 0.00023553 0.00682018 0.08551643
v 0.00318708 0.00729079 0.08538323
v 0.00318708 0.00773894 0.08517667
v 0.00375437 0.00766389 0.08513420
v 0.00266473 0.00682018 0.07693742
v -0.00580893 0.00996217 0.07585829
v -0.00490091 0.00996217 0.06585267
v 0.00375437 0.00910770 0.06579669
v 0.00023553 0.00682018 0.08145472
v -0.00580893 0.00778170 0.07680229
v -0.00580893 0.00936791 0.07611118
v 0.00375437 0.00825907 0.06597043
v 0.00023553 0.00729079 0.08538323
v -0.00308672 0.00778170 0.08513613
v -0.00398445 0.00778170 0.08503189
v -0.00460790 0.00778170 0.08461683
v -0.00467437 0.00778170 0.08431955
v -0.00477266 0.00778170 0.08384851
v -0.00580893 0.00778170 0.07788336
v -0.00300154 0.00778170 0.08513613
v 0.00023553 0.00773894 0.08517667
v 0.00375437 0.00797793 0.08485235
v 0.00318708 0.00818156 0.08472880
v 0.00023553 0.00818156 0.08473073
v -0.00580893 0.00996217 0.07688724
v -0.00378225 0.00996217 0.06585267
v 0.00375437 0.00968534 0.06595884
v -0.00308672 0.00818156 0.08473073
v -0.00398445 0.00814249 0.08469019
v -0.00457982 0.00799024 0.08453190
v -0.00580612 0.00996217 0.07693936
v -0.00580893 0.00955923 0.07712469
v -0.00580893 0.00910800 0.07732932
v -0.00580893 0.00907663 0.07734282
v 0.00375437 0.00814096 0.08468633
v 0.00318708 0.00862909 0.08423267
v 0.00023553 0.00849868 0.08437939
v 0.00023366 0.00996217 0.06652834
v 0.00023553 0.00996217 0.06683721
v 0.00375437 0.00968534 0.07703781
v -0.00308672 0.00862971 0.08423267
v -0.00398445 0.00859065 0.08415931
v -0.00449744 0.00871983 0.08355701
v -0.00465658 0.00825815 0.08385237
v -0.00577710 0.00996217 0.07693936
v -0.00398445 0.00878688 0.08371145
v -0.00398445 0.00895513 0.08294891
v -0.00308672 0.00903634 0.08294891
v -0.00219087 0.00904003 0.08294891
v 0.00375437 0.00858880 0.08415160
v 0.00375437 0.00871583 0.08386974
v 0.00318708 0.00882318 0.08378480
v 0.00023553 0.00882349 0.08378673
v 0.00023553 0.00862971 0.08423267
v 0.00023553 0.00996217 0.07587567
v -0.00050587 0.00996217 0.07647219
v -0.00057608 0.00996217 0.07650501
v -0.00129501 0.00996217 0.07682160
v 0.00318708 0.00903295 0.08294891
v 0.00375437 0.00895698 0.08294891
v -0.00308672 0.00882349 0.08378673
v -0.00216746 0.00996217 0.07693742
v 0.00023553 0.00904003 0.08294891
v 0.00375437 0.00878750 0.08370372
v 0.00229123 0.00903972 0.08294891
v -0.00134743 0.00996217 0.07683125
v -0.00212721 0.00996217 0.07693549
f 1895 1896 1897
f 1895 1897 1899
f 1895 1899 1905
f 1895 1905 1913
f 1895 1913 1909
f 1895 1909 1901
f 1895 1901 1898
f 1895 1898 1904
f 1895 1904 1916
f 1895 1916 1912
f 1895 1912 1931
f 1895 1931 1944
f 1895 1944 1964
f 1895 1964 1968
f 1895 1968 1955
f 1895 1955 1954
f 1895 1954 1939
f 1895 1939 1926
f 1895 1926 1908
f 1895 1908 1900
f 1895 1900 1896
f 1896 1899 1897
f 1896 1900 1899
f 1898 1901 1902
f 1898 1902 1903
f 1898 1903 1904
f 1899 1900 1906
f 1899 1906 1917
f 1899 1917 1905
f 1900 1907 1906
f 1900 1908 1907
f 1901 1909 1902
f 1902 1910 1911
f 1902 1911 1912
f 1902 1912 1903
f 1902 1909 1913
f 1902 1913 1914
f 1902 1914 1915
f 1902 1915 1910
f 1903 1912 1916
f 1903 1916 1904
f 1905 1917 1918
f 1905 1918 1919
f 1905 1919 1920
f 1905 1920 1921
f 1905 1921 1922
f 1905 1922 1923
f 1905 1923 1914
f 1905 1914 1913
f 1906 1907 1925
f 1906 1925 1917
f 1907 1924 1918
f 1907 1918 1925
f 1907 1908 1926
f 1907 1926 1927
f 1907 1927 1928
f 1907 1928 1924
f 1910 1915 1914
f 1910 1914 1923
f 1910 1923 1938
f 1910 1938 1937
f 1910 1937 1936
f 1910 1936 1929
f 1910 1929 1935
f 1910 1935 1949
f 1910 1949 1966
f 1910 1966 1971
f 1910 1971 1970
f 1910 1970 1962
f 1910 1962 1961
f 1910 1961 1960
f 1910 1960 1959
f 1910 1959 1943
f 1910 1943 1942
f 1910 1942 1930
f 1910 1930 1911
f 1911 1930 1912
f 1912 1930 1931
f 1917 1925 1918
f 1918 1924 1928
f 1918 1928 1932
f 1918 1932 1933
f 1918 1933 1919
f 1919 1933 1934
f 1919 1934 1920
f 1920 1934 1921
f 1921 1934 1935
f 1921 1935 1922
f 1922 1935 1936
f 1922 1936 1937
f 1922 1937 1938
f 1922 1938 1923
f 1926 1939 1927
f 1927 1939 1940
f 1927 1940 1941
f 1927 1941 1928
f 1928 1941 1932
f 1929 1936 1935
f 1930 1942 1931
f 1931 1942 1943
f 1931 1943 1959
f 1931 1959 1944
f 1932 1941 1945
f 1932 1945 1933
f 1933 1945 1946
f 1933 1946 1934
f 1934 1946 1947
f 1934 1947 1948
f 1934 1948 1935
f 1935 1948 1947
f 1935 1947 1950
f 1935 1950 1951
f 1935 1951 1952
f 1935 1952 1953
f 1935 1953 1967
f 1935 1967 1949
f 1939 1954 1940
f 1940 1954 1955
f 1940 1955 1956
f 1940 1956 1957
f 1940 1957 1958
f 1940 1958 1941
f 1941 1958 1945
f 1944 1959 1960
f 1944 1960 1961
f 1944 1961 1962
f 1944 1962 1963
f 1944 1963 1964
f 1945 1958 1957
f 1945 1957 1965
f 1945 1965 1950
f 1945 1950 1946
f 1946 1950 1947
f 1949 1967 1966
f 1950 1952 1951
f 1950 1965 1952
f 1952 1965 1953
f 1953 1965 1957
f 1953 1957 1967
f 1955 1968 1956
f 1956 1968 1963
f 1956 1963 1969
f 1956 1969 1957
f 1957 1969 1967
f 1962 1970 1963
f 1963 1968 1964
f 1963 1970 1971
f 1963 1971 1969
f 1966 1967 1969
f 1966 1969 1971

o geometry_17
v 0.00023610 0.00641819 0.08563113
v -0.00308760 0.00641819 0.08563008
v -0.00219173 0.00552168 0.08559109
v 0.00023610 0.00615580 0.08561955
v 0.00023610 0.00729041 0.08538556
v -0.00308760 0.00729041 0.08538556
v -0.00398465 0.00722099 0.08534656
v -0.00398465 0.00641819 0.08555314
v -0.00398465 0.00552168 0.08551520
v -0.00308760 0.00552168 0.08559003
v 0.00023610 0.00552168 0.08559109
v -0.00308760 0.00478170 0.08534551
v -0.00039882 0.00478170 0.08534656
v 0.00023610 0.00773884 0.08517898
v -0.00308760 0.00773884 0.08517898
v -0.00398465 0.00766907 0.08513998
v -0.00451247 0.00705648 0.08526962
v -0.00457637 0.00641819 0.08533497
v -0.00456099 0.00552168 0.08531705
v -0.00449235 0.00496218 0.08524644
v -0.00398465 0.00484418 0.08530968
v 0.00023610 0.00478170 0.08534656
v -0.00308760 0.00433327 0.08507991
v 0.00023610 0.00465050 0.08526857
v 0.00023610 0.00778118 0.08513577
v -0.00308760 0.00778118 0.08513577
v -0.00398465 0.00778118 0.08503354
v -0.00460833 0.00778118 0.08461827
v -0.00466632 0.00733900 0.08479745
v -0.00481898 0.00641819 0.08474369
v -0.00480360 0.00552168 0.08474369
v -0.00462963 0.00464807 0.08475002
v -0.00456809 0.00423539 0.08454871
v -0.00423791 0.00423539 0.08476899
v -0.00398465 0.00439575 0.08503143
v 0.00023610 0.00433327 0.08507991
v -0.00398465 0.00423539 0.08487544
v -0.00330831 0.00423539 0.08495764
v -0.00308760 0.00423539 0.08498084
v 0.00023610 0.00778118 0.08251139
v -0.00467519 0.00778118 0.08432105
v -0.00488703 0.00731470 0.08384782
v -0.00580893 0.00778118 0.07788446
v -0.00580893 0.00721717 0.07813846
v -0.00580893 0.00718941 0.07814584
v -0.00580893 0.00641819 0.07834294
v -0.00580893 0.00638695 0.07834399
v -0.00580893 0.00552168 0.07836928
v -0.00580893 0.00549426 0.07836296
v -0.00580893 0.00472860 0.07816482
v -0.00580893 0.00471298 0.07815849
v -0.00580893 0.00428017 0.07795718
v -0.00487460 0.00462517 0.08384782
v -0.00475093 0.00423539 0.08384782
v 0.00023610 0.00423539 0.08498084
v 0.00023610 0.00743792 0.08205396
v -0.00226333 0.00778118 0.07666923
v -0.00477342 0.00778118 0.08384993
v -0.00580893 0.00778118 0.07680520
v -0.00580893 0.00423539 0.07791186
v 0.00023610 0.00423539 0.08084190
v 0.00023610 0.00713353 0.08167453
v -0.00199351 0.00423539 0.07669663
v -0.00307044 0.00423748 0.07486378
v -0.00375506 0.00778118 0.07486378
v 0.00023610 0.00700754 0.08151750
v 0.00023610 0.00659034 0.08138153
v 0.00023610 0.00641819 0.08132672
v -0.00488703 0.00778118 0.07486378
v -0.00580893 0.00450369 0.07486378
v -0.00580893 0.00423539 0.07486378
v -0.00240890 0.00423539 0.07599469
v -0.00306748 0.00423539 0.07488275
v -0.00576633 0.00423539 0.07486378
f 1972 1973 1974
f 1972 1974 1975
f 1972 1975 1982
f 1972 1982 1993
f 1972 1993 1995
f 1972 1995 2007
f 1972 2007 2026
f 1972 2026 2032
f 1972 2032 2039
f 1972 2039 2038
f 1972 2038 2037
f 1972 2037 2033
f 1972 2033 2027
f 1972 2027 2011
f 1972 2011 1996
f 1972 1996 1985
f 1972 1985 1976
f 1972 1976 1977
f 1972 1977 1973
f 1973 1977 1978
f 1973 1978 1979
f 1973 1979 1980
f 1973 1980 1981
f 1973 1981 1974
f 1974 1982 1975
f 1974 1981 1983
f 1974 1983 1984
f 1974 1984 1993
f 1974 1993 1982
f 1976 1985 1986
f 1976 1986 1977
f 1977 1986 1978
f 1978 1986 1987
f 1978 1987 1988
f 1978 1988 1979
f 1979 1988 1989
f 1979 1989 1990
f 1979 1990 1980
f 1980 1990 1991
f 1980 1991 1992
f 1980 1992 1981
f 1981 1992 1983
f 1983 1992 1994
f 1983 1994 1984
f 1984 1994 1995
f 1984 1995 1993
f 1985 1996 1997
f 1985 1997 1986
f 1986 1997 1998
f 1986 1998 1987
f 1987 1998 1999
f 1987 1999 1988
f 1988 1999 2000
f 1988 2000 1989
f 1989 2000 2001
f 1989 2001 2002
f 1989 2002 1990
f 1990 2002 1991
f 1991 2002 2003
f 1991 2003 2004
f 1991 2004 2005
f 1991 2005 2006
f 1991 2006 1992
f 1992 2006 1994
f 1994 2007 1995
f 1994 2006 2008
f 1994 2008 2009
f 1994 2009 2010
f 1994 2010 2026
f 1994 2026 2007
f 1996 2011 2028
f 1996 2028 2036
f 1996 2036 2040
f 1996 2040 2030
f 1996 2030 2014
f 1996 2014 2029
f 1996 2029 2012
f 1996 2012 1999
f 1996 1999 1998
f 1996 1998 1997
f 1999 2012 2013
f 1999 2013 2000
f 2000 2013 2001
f 2001 2013 2014
f 2001 2014 2015
f 2001 2015 2016
f 2001 2016 2017
f 2001 2017 2018
f 2001 2018 2019
f 2001 2019 2002
f 2002 2019 2020
f 2002 2020 2021
f 2002 2021 2022
f 2002 2022 2023
f 2002 2023 2024
f 2002 2024 2003
f 2003 2024 2004
f 2004 2024 2025
f 2004 2025 2031
f 2004 2031 2042
f 2004 2042 2045
f 2004 2045 2044
f 2004 2044 2043
f 2004 2043 2034
f 2004 2034 2032
f 2004 2032 2026
f 2004 2026 2010
f 2004 2010 2009
f 2004 2009 2008
f 2004 2008 2005
f 2005 2008 2006
f 2011 2027 2028
f 2012 2029 2013
f 2013 2029 2014
f 2014 2030 2041
f 2014 2041 2042
f 2014 2042 2031
f 2014 2031 2023
f 2014 2023 2022
f 2014 2022 2021
f 2014 2021 2020
f 2014 2020 2019
f 2014 2019 2018
f 2014 2018 2017
f 2014 2017 2016
f 2014 2016 2015
f 2023 2031 2024
f 2024 2031 2025
f 2027 2033 2028
f 2028 2034 2035
f 2028 2035 2036
f 2028 2033 2037
f 2028 2037 2038
f 2028 2038 2039
f 2028 2039 2032
f 2028 2032 2034
f 2030 2040 2041
f 2034 2043 2035
f 2035 2044 2045
f 2035 2045 2042
f 2035 2042 2041
f 2035 2041 2040
f 2035 2040 2036
f 2035 2043 2044

o geometry_18
v -0.00861576 0.00244405 0.04519733
v -0.00772453 0.00244405 0.04519733
v -0.00864158 0.00244405 0.04529437
v -0.00864599 0.00283243 0.04529437
v -0.00861891 0.00273497 0.04519733
v -0.00646529 0.00244478 0.04519733
v -0.00646529 0.00244405 0.04521552
v -0.00886824 0.00244405 0.04619198
v -0.00865512 0.00372846 0.04529437
v -0.00862804 0.00363173 0.04519733
v -0.00646529 0.00987412 0.04519733
v -0.00646529 0.00580635 0.06585053
v -0.00754761 0.00244405 0.06585053
v -0.00887108 0.00283243 0.04619198
v -0.00866330 0.00462521 0.04529437
v -0.00920824 0.00244405 0.04888078
v -0.00863591 0.00452848 0.04519733
v -0.00778718 0.00987412 0.04519733
v -0.00646529 0.00987412 0.04626274
v -0.00646529 0.00694675 0.06585053
v -0.00968109 0.00244405 0.06585053
v -0.00887580 0.00372846 0.04619198
v -0.00887895 0.00462521 0.04619198
v -0.00866204 0.00552197 0.04529437
v -0.00863560 0.00552197 0.04519733
v -0.00863654 0.00462521 0.04519733
v -0.00884432 0.00641800 0.04619198
v -0.00887139 0.00552197 0.04619198
v -0.00924602 0.00244405 0.04939024
v -0.00799747 0.00948792 0.04519733
v -0.00809821 0.00971266 0.04558346
v -0.00791059 0.00987412 0.04542376
v -0.00708200 0.00987412 0.06585053
v -0.00966409 0.00244405 0.06501761
v -0.00968109 0.00283243 0.06585053
v -0.00863812 0.00641800 0.04529437
v -0.00861419 0.00632127 0.04519733
v -0.00875491 0.00731476 0.04619198
v -0.00857106 0.00731476 0.04529437
v -0.00926994 0.00244405 0.04977839
v -0.00942137 0.00641800 0.05784479
v -0.00934739 0.00731476 0.05784479
v -0.00816181 0.00909518 0.04519733
v -0.00843003 0.00821079 0.04529437
v -0.00839697 0.00910755 0.04619198
v -0.00814134 0.00979848 0.04619198
v -0.00809916 0.00987412 0.04619198
v -0.00818007 0.00905009 0.04519733
v -0.00930961 0.00987412 0.06585053
v -0.00966409 0.00283243 0.06501761
v -0.00963764 0.00244405 0.06373386
v -0.00967322 0.00366300 0.06585053
v -0.00961970 0.00372846 0.06322441
v -0.00954729 0.00372846 0.05963799
v -0.00952903 0.00372846 0.05874240
v -0.00854462 0.00731476 0.04519733
v -0.00861136 0.00641800 0.04519733
v -0.00860726 0.00821079 0.04619198
v -0.00943711 0.00910755 0.06322441
v -0.00840484 0.00821079 0.04519733
v -0.00950322 0.00244405 0.05745865
v -0.00951613 0.00462521 0.05874240
v -0.00949566 0.00552197 0.05874240
v -0.00946292 0.00552197 0.05784479
v -0.00923185 0.00987412 0.06232881
v -0.00946229 0.00910755 0.06585053
v -0.00930930 0.00987412 0.06578381
v -0.00953439 0.00283243 0.05874240
v -0.00960050 0.00244405 0.06194066
v -0.00967259 0.00372846 0.06585053
v -0.00957940 0.00552197 0.06322441
v -0.00961277 0.00552197 0.06501761
v -0.00945316 0.00910755 0.06412201
v -0.00927624 0.00987412 0.06322441
v -0.00952589 0.00244405 0.05835424
v -0.00955170 0.00462521 0.06053561
v -0.00964048 0.00462521 0.06501761
v -0.00965685 0.00462521 0.06585053
v -0.00962222 0.00552197 0.06585053
v -0.00953407 0.00244405 0.05874240
f 2046 2047 2052
f 2046 2052 2058
f 2046 2058 2066
f 2046 2066 2079
f 2046 2079 2096
f 2046 2096 2114
f 2046 2114 2125
f 2046 2125 2120
f 2046 2120 2106
f 2046 2106 2085
f 2046 2085 2074
f 2046 2074 2061
f 2046 2061 2053
f 2046 2053 2048
f 2046 2048 2049
f 2046 2049 2050
f 2046 2050 2055
f 2046 2055 2062
f 2046 2062 2071
f 2046 2071 2070
f 2046 2070 2082
f 2046 2082 2102
f 2046 2102 2101
f 2046 2101 2105
f 2046 2105 2093
f 2046 2093 2088
f 2046 2088 2075
f 2046 2075 2063
f 2046 2063 2056
f 2046 2056 2051
f 2046 2051 2047
f 2047 2051 2052
f 2048 2053 2049
f 2049 2053 2054
f 2049 2054 2050
f 2050 2054 2055
f 2051 2056 2064
f 2051 2064 2065
f 2051 2065 2057
f 2051 2057 2052
f 2052 2057 2058
f 2053 2059 2060
f 2053 2060 2054
f 2053 2061 2059
f 2054 2060 2055
f 2055 2060 2062
f 2056 2063 2077
f 2056 2077 2092
f 2056 2092 2110
f 2056 2110 2119
f 2056 2119 2112
f 2056 2112 2094
f 2056 2094 2078
f 2056 2078 2064
f 2057 2065 2078
f 2057 2078 2094
f 2057 2094 2111
f 2057 2111 2124
f 2057 2124 2123
f 2057 2123 2115
f 2057 2115 2097
f 2057 2097 2080
f 2057 2080 2066
f 2057 2066 2058
f 2059 2061 2067
f 2059 2067 2060
f 2060 2067 2068
f 2060 2068 2069
f 2060 2069 2070
f 2060 2070 2071
f 2060 2071 2062
f 2061 2072 2073
f 2061 2073 2068
f 2061 2068 2067
f 2061 2074 2072
f 2063 2075 2076
f 2063 2076 2077
f 2064 2078 2065
f 2066 2080 2095
f 2066 2095 2079
f 2068 2073 2069
f 2069 2073 2081
f 2069 2081 2070
f 2070 2081 2082
f 2072 2083 2084
f 2072 2084 2081
f 2072 2081 2073
f 2072 2074 2085
f 2072 2085 2086
f 2072 2086 2087
f 2072 2087 2083
f 2075 2088 2076
f 2076 2089 2090
f 2076 2090 2091
f 2076 2091 2092
f 2076 2092 2077
f 2076 2088 2093
f 2076 2093 2089
f 2079 2095 2096
f 2080 2097 2098
f 2080 2098 2099
f 2080 2099 2100
f 2080 2100 2095
f 2081 2084 2101
f 2081 2101 2102
f 2081 2102 2082
f 2083 2103 2089
f 2083 2089 2084
f 2083 2087 2104
f 2083 2104 2103
f 2084 2089 2105
f 2084 2105 2101
f 2085 2106 2100
f 2085 2100 2107
f 2085 2107 2108
f 2085 2108 2109
f 2085 2109 2086
f 2086 2109 2108
f 2086 2108 2104
f 2086 2104 2087
f 2089 2103 2090
f 2089 2093 2105
f 2090 2103 2110
f 2090 2110 2091
f 2091 2110 2092
f 2094 2112 2111
f 2095 2100 2113
f 2095 2113 2096
f 2096 2113 2114
f 2097 2115 2098
f 2098 2115 2107
f 2098 2107 2099
f 2099 2107 2100
f 2100 2106 2113
f 2103 2104 2110
f 2104 2108 2116
f 2104 2116 2117
f 2104 2117 2118
f 2104 2118 2119
f 2104 2119 2110
f 2106 2120 2113
f 2107 2115 2121
f 2107 2121 2108
f 2108 2121 2122
f 2108 2122 2123
f 2108 2123 2116
f 2111 2112 2118
f 2111 2118 2124
f 2112 2119 2118
f 2113 2120 2125
f 2113 2125 2114
f 2115 2123 2122
f 2115 2122 2121
f 2116 2123 2117
f 2117 2123 2124
f 2117 2124 2118

o geometry_19
v 0.00429258 0.00681988 0.06596995
v 0.00475289 0.00681988 0.06596995
v 0.00404584 0.00681988 0.06680936
v 0.00441218 0.00768336 0.04619439
v 0.00487080 0.00681988 0.06634040
v 0.00464228 0.00768336 0.04619439
v 0.00398997 0.00681988 0.06770790
v 0.00416387 0.00821161 0.04619439
v 0.00445871 0.00771506 0.04554019
v 0.00490261 0.00681988 0.06651380
v 0.00460001 0.00771506 0.04554019
v 0.00487451 0.00821161 0.04619439
v 0.00375437 0.00681988 0.07637005
v 0.00375965 0.00968553 0.04529585
v 0.00378843 0.00968553 0.04519733
v 0.00436328 0.00820403 0.04526433
v 0.00438127 0.00824583 0.04519733
v 0.00490261 0.00829745 0.04609586
v 0.00490261 0.00681988 0.07820258
v 0.00467690 0.00824583 0.04519733
v 0.00471141 0.00827136 0.04519733
v 0.00490261 0.00862539 0.04519733
v 0.00490261 0.00858219 0.04528009
v 0.00375437 0.00681988 0.08545389
v 0.00375437 0.00798409 0.06680936
v 0.00375437 0.00825902 0.06596601
v 0.00375437 0.00910791 0.06579261
v 0.00375437 0.00968553 0.06595419
v 0.00490261 0.00968553 0.04519733
v 0.00490261 0.00714726 0.07813165
v 0.00488789 0.00731502 0.08384600
v 0.00488114 0.00681988 0.08115828
v 0.00408473 0.00681988 0.08541448
v 0.00375437 0.00689394 0.08543812
v 0.00375437 0.00968553 0.07703608
v 0.00490261 0.00968553 0.07705577
v 0.00490261 0.00755347 0.07797007
v 0.00479504 0.00821161 0.08295140
v 0.00470107 0.00823798 0.08381052
v 0.00465127 0.00795660 0.08449624
v 0.00470983 0.00729931 0.08477605
v 0.00485136 0.00681988 0.08434255
v 0.00490261 0.00906331 0.07734346
v 0.00490261 0.00954919 0.07711884
v 0.00443309 0.00681988 0.08532384
v 0.00408473 0.00717138 0.08532384
v 0.00375437 0.00721515 0.08534748
v 0.00375437 0.00895726 0.08295140
v 0.00485934 0.00968553 0.07705577
v 0.00408473 0.00891294 0.08295140
v 0.00456640 0.00869300 0.08348737
v 0.00408473 0.00856536 0.08410610
v 0.00408473 0.00811735 0.08466176
v 0.00408473 0.00761968 0.08511103
v 0.00458113 0.00699016 0.08524108
v 0.00459540 0.00681988 0.08525684
v 0.00466588 0.00681988 0.08505586
v 0.00477076 0.00681988 0.08475634
v 0.00375437 0.00749849 0.08521350
v 0.00375437 0.00878754 0.08370412
v 0.00408473 0.00876650 0.08365683
v 0.00375437 0.00871601 0.08386964
v 0.00375437 0.00858892 0.08415338
v 0.00375437 0.00814091 0.08468935
v 0.00375437 0.00797792 0.08485093
v 0.00375437 0.00766372 0.08513467
f 2126 2127 2130
f 2126 2130 2135
f 2126 2135 2144
f 2126 2144 2157
f 2126 2157 2167
f 2126 2167 2183
f 2126 2183 2182
f 2126 2182 2181
f 2126 2181 2170
f 2126 2170 2158
f 2126 2158 2149
f 2126 2149 2138
f 2126 2138 2132
f 2126 2132 2128
f 2126 2128 2129
f 2126 2129 2131
f 2126 2131 2127
f 2127 2131 2130
f 2128 2132 2129
f 2129 2133 2134
f 2129 2134 2136
f 2129 2136 2131
f 2129 2132 2133
f 2130 2131 2135
f 2131 2136 2137
f 2131 2137 2135
f 2132 2138 2133
f 2133 2139 2134
f 2133 2138 2139
f 2134 2139 2140
f 2134 2140 2141
f 2134 2141 2142
f 2134 2142 2145
f 2134 2145 2136
f 2135 2137 2143
f 2135 2143 2148
f 2135 2148 2147
f 2135 2147 2154
f 2135 2154 2161
f 2135 2161 2169
f 2135 2169 2168
f 2135 2168 2162
f 2135 2162 2155
f 2135 2155 2144
f 2136 2143 2137
f 2136 2145 2146
f 2136 2146 2147
f 2136 2147 2148
f 2136 2148 2143
f 2138 2149 2159
f 2138 2159 2172
f 2138 2172 2184
f 2138 2184 2191
f 2138 2191 2190
f 2138 2190 2189
f 2138 2189 2188
f 2138 2188 2187
f 2138 2187 2185
f 2138 2185 2173
f 2138 2173 2160
f 2138 2160 2153
f 2138 2153 2152
f 2138 2152 2151
f 2138 2151 2150
f 2138 2150 2139
f 2139 2150 2151
f 2139 2151 2152
f 2139 2152 2153
f 2139 2153 2160
f 2139 2160 2174
f 2139 2174 2161
f 2139 2161 2154
f 2139 2154 2140
f 2140 2154 2147
f 2140 2147 2146
f 2140 2146 2145
f 2140 2145 2142
f 2140 2142 2141
f 2144 2155 2156
f 2144 2156 2157
f 2149 2158 2159
f 2155 2162 2156
f 2156 2163 2164
f 2156 2164 2165
f 2156 2165 2166
f 2156 2166 2167
f 2156 2167 2157
f 2156 2162 2168
f 2156 2168 2169
f 2156 2169 2161
f 2156 2161 2163
f 2158 2170 2171
f 2158 2171 2159
f 2159 2171 2172
f 2160 2173 2174
f 2161 2174 2173
f 2161 2173 2175
f 2161 2175 2176
f 2161 2176 2164
f 2161 2164 2163
f 2164 2176 2165
f 2165 2176 2177
f 2165 2177 2178
f 2165 2178 2179
f 2165 2179 2180
f 2165 2180 2166
f 2166 2180 2181
f 2166 2181 2182
f 2166 2182 2183
f 2166 2183 2167
f 2170 2181 2180
f 2170 2180 2171
f 2171 2180 2179
f 2171 2179 2184
f 2171 2184 2172
f 2173 2185 2186
f 2173 2186 2175
f 2175 2186 2176
f 2176 2186 2177
f 2177 2187 2188
f 2177 2188 2178
f 2177 2186 2187
f 2178 2188 2189
f 2178 2189 2190
f 2178 2190 2191
f 2178 2191 2179
f 2179 2191 2184
f 2185 2187 2186

