# https://github.com/mikedh/trimesh

o geometry_0
v -0.00129886 -0.01520269 0.00323273
v 0.00009543 -0.01520537 0.00219056
v 0.00166002 -0.01520179 0.00323752
v 0.00343041 -0.01511940 0.00341308
v -0.00120175 -0.01515880 0.00349687
v 0.00331881 -0.01514089 0.00196713
v 0.00183249 -0.01505671 0.00366205
v -0.00007559 -0.01506745 0.00368758
v -0.00359899 -0.01512119 0.00341308
v -0.00234385 -0.01504954 0.00366205
v -0.00302794 -0.01516149 0.00206768
v 0.00009833 -0.00026323 0.02712599
v -0.00108290 -0.00004381 0.02740568
v -0.00427729 -0.01512119 0.00200543
v -0.00733436 -0.01455920 -0.00069495
v -0.00511213 -0.01454263 -0.00076517
v 0.00378695 -0.01511940 0.00309229
v 0.00099114 0.00015770 0.02771330
v -0.00163656 -0.00022203 0.02705896
v -0.00754271 -0.01457487 -0.00041884
v 0.00589867 -0.01479026 0.00309069
v -0.00492081 -0.01442800 -0.00111628
v 0.00331881 -0.01475220 0.00115957
v 0.00461454 -0.01486326 0.00353756
v 0.00183249 -0.00025337 0.02693766
v -0.00007632 0.00117689 0.02913371
v -0.00129161 0.00090284 0.02869642
v -0.00476428 -0.01486326 0.00353437
v -0.00523170 -0.01480683 0.00345936
v -0.00286707 0.00015412 0.02736538
v -0.00238986 0.00066640 0.02817135
v -0.00563245 -0.01492953 0.00288002
v -0.00580637 -0.01495998 0.00183945
v -0.00776591 -0.01446203 -0.00079709
v -0.00603827 -0.01393721 -0.00190948
v -0.00511213 -0.01417185 -0.00160784
v 0.00507254 -0.01480415 0.00345776
v 0.00287241 -0.00023099 0.02672699
v 0.00235498 0.00085090 0.02840595
v 0.00073532 0.00135960 0.02929012
v -0.00604552 -0.01478623 0.00309707
v -0.00672672 -0.01479161 0.00151068
v -0.00754271 -0.01456950 0.00045096
v -0.00809926 -0.01418797 -0.00079709
v 0.00639725 -0.01452293 0.00307792
v 0.00601027 -0.00017725 0.02525551
v 0.00470295 -0.00056415 0.02549012
v 0.00423263 -0.00018083 0.02630885
v 0.00331881 -0.01453009 0.00085953
v -0.00476573 -0.01393721 -0.00184085
v 0.00183321 0.00126645 0.02902519
v 0.00009833 0.00184680 0.02984233
v -0.00130175 0.00189695 0.02979604
v -0.00198585 0.00132086 0.02906908
v -0.00399757 -0.00022919 0.02638226
v -0.00425121 0.00050520 0.02737177
v -0.00476428 -0.00023457 0.02604392
v -0.00636438 -0.01478265 0.00274915
v -0.00809926 -0.01423275 0.00027700
v -0.00809926 -0.01367748 -0.00079709
v -0.00659772 0.00308093 0.02735261
v -0.00511213 -0.01393721 -0.00190469
v 0.00670742 0.00026697 0.02523636
v 0.00584940 0.00049266 0.02634396
v 0.00400726 0.00049176 0.02738453
v 0.00331881 -0.01417185 0.00066801
v 0.00639725 -0.01400169 0.00307792
v 0.00670742 0.00026697 0.02443838
v 0.00126941 0.00190412 0.02978806
v -0.00357218 0.00128302 0.02859188
v -0.00591145 -0.00092597 0.02429952
v -0.00624988 -0.00015396 0.02522678
v -0.00658903 -0.01447009 0.00314815
v -0.00737023 -0.01442620 0.00236293
v 0.00413335 -0.00650912 0.00865424
v -0.00809926 -0.01175732 0.00335881
v -0.00743980 0.00026697 0.02364039
v 0.00670742 0.00301466 0.02693128
v -0.00659772 0.00308093 0.02798781
v -0.00021473 0.00308093 0.03069776
v 0.00403480 -0.01108921 0.00307792
v 0.00331881 -0.01389601 0.00069354
v 0.00637044 0.00100583 0.02651792
v 0.00514066 0.00119301 0.02771650
v 0.00639725 -0.01110533 0.00696251
v 0.00335577 0.00114555 0.02847139
v 0.00207816 0.00256507 0.03015833
v -0.00007632 0.00221400 0.03016631
v -0.00288301 0.00188800 0.02945929
v -0.00529330 0.00119839 0.02771969
v -0.00582884 0.00066730 0.02669029
v -0.00669193 -0.00054982 0.02425324
v -0.00704992 -0.01444770 0.00273958
v -0.00806013 -0.01407334 0.00165432
v -0.00741879 -0.00021128 0.02390692
v -0.00809926 -0.01265113 0.00335881
v -0.00743980 0.00026697 0.02450541
v 0.00670742 0.00301466 0.02763670
v 0.00578128 0.00158529 0.02767500
v 0.00272892 0.00188621 0.02945929
v 0.00101541 0.00292779 0.03055971
v -0.00204455 0.00245088 0.03011603
v -0.00007632 0.00280688 0.03056690
v -0.00094376 0.00284629 0.03054774
v -0.00463384 0.00187367 0.02877941
v -0.00593247 0.00158887 0.02767819
v -0.00680716 0.00054460 0.02563695
v -0.00809926 -0.01390945 0.00177082
v -0.00659772 0.00128078 0.02673976
v -0.00659772 0.00221713 0.02754493
v 0.00652190 0.00258836 0.02771011
v 0.00670742 0.00234251 0.02729755
v 0.00260138 0.00301466 0.03028521
v 0.00386522 0.00301466 0.02985190
v 0.00535734 0.00301466 0.02897093
v 0.00670742 0.00133810 0.02651313
v 0.00447975 0.00187009 0.02877622
v -0.00355841 0.00258836 0.02980083
v -0.00617850 0.00212533 0.02791440
v -0.00572376 0.00308093 0.02883686
v -0.00181265 0.00308093 0.03052700
v 0.00446598 0.00256776 0.02929012
v 0.00622913 0.00216922 0.02777076
v 0.00340577 0.00258477 0.02980083
v -0.00286562 0.00308093 0.03028920
v -0.00512662 0.00275135 0.02910978
v -0.00547302 0.00257223 0.02876664
v 0.00544792 0.00263672 0.02872834
v -0.00444542 0.00308093 0.02966039
f 1 2 3
f 1 3 4
f 1 4 5
f 2 6 3
f 4 7 8
f 4 8 5
f 5 8 10
f 5 10 9
f 1 11 2
f 7 12 8
f 8 12 10
f 9 1 5
f 10 12 13
f 10 13 9
f 11 15 2
f 2 15 16
f 2 16 6
f 3 6 17
f 3 17 4
f 4 18 7
f 7 18 12
f 13 19 9
f 1 9 11
f 14 15 11
f 15 14 20
f 6 16 22
f 6 22 23
f 6 23 21
f 4 21 24
f 4 24 25
f 4 25 18
f 18 26 12
f 12 26 13
f 13 26 27
f 9 28 29
f 9 19 30
f 9 30 28
f 13 27 31
f 19 13 30
f 11 9 14
f 14 33 20
f 20 34 15
f 15 35 22
f 15 22 16
f 21 17 6
f 21 4 17
f 22 36 23
f 24 21 37
f 24 37 38
f 24 38 25
f 25 38 18
f 18 40 26
f 28 30 29
f 29 41 9
f 9 41 32
f 31 30 13
f 32 14 9
f 32 42 33
f 32 33 14
f 33 42 20
f 20 43 34
f 20 42 43
f 34 35 15
f 35 36 22
f 21 23 45
f 21 45 46
f 21 46 47
f 21 47 48
f 21 48 37
f 23 49 45
f 23 36 50
f 23 50 49
f 37 48 38
f 18 38 39
f 18 39 51
f 40 18 51
f 40 52 26
f 26 53 27
f 27 54 31
f 29 30 55
f 30 31 56
f 29 55 57
f 29 57 41
f 32 41 58
f 42 32 58
f 34 43 59
f 34 59 44
f 44 59 94
f 44 94 108
f 44 108 96
f 44 96 76
f 44 76 60
f 35 34 44
f 35 44 60
f 35 60 61
f 36 35 62
f 36 62 50
f 45 63 46
f 46 63 64
f 47 65 48
f 49 66 45
f 49 50 66
f 45 67 68
f 45 68 63
f 45 66 67
f 48 65 38
f 38 65 39
f 40 51 69
f 40 69 52
f 26 52 53
f 27 53 54
f 55 56 57
f 56 31 70
f 56 55 30
f 41 57 71
f 41 71 72
f 31 54 70
f 58 74 42
f 58 41 74
f 42 74 43
f 35 75 62
f 35 61 75
f 60 76 77
f 60 77 61
f 61 78 75
f 61 77 97
f 61 97 79
f 61 79 120
f 61 120 129
f 61 129 125
f 61 125 121
f 61 121 80
f 61 80 78
f 62 75 81
f 62 81 50
f 50 81 82
f 50 82 66
f 63 68 78
f 63 78 98
f 63 98 112
f 63 112 116
f 64 63 83
f 64 84 65
f 46 64 47
f 47 64 65
f 67 66 82
f 67 82 81
f 67 81 75
f 67 75 85
f 67 85 78
f 67 78 68
f 65 86 39
f 69 87 88
f 69 88 52
f 53 52 88
f 56 90 91
f 72 92 73
f 72 73 41
f 41 73 93
f 57 56 91
f 57 91 72
f 57 72 71
f 74 41 93
f 74 94 43
f 74 93 95
f 74 95 94
f 43 94 59
f 75 78 85
f 76 96 97
f 76 97 77
f 78 80 98
f 39 86 51
f 51 86 100
f 51 100 69
f 69 100 87
f 87 101 88
f 53 88 102
f 53 102 89
f 53 89 54
f 88 103 104
f 88 104 102
f 56 70 90
f 90 70 105
f 90 106 91
f 92 72 107
f 92 93 73
f 93 92 95
f 54 89 70
f 94 95 108
f 96 108 97
f 97 109 110
f 97 110 79
f 98 111 112
f 80 101 113
f 80 113 114
f 80 114 115
f 80 115 98
f 63 116 83
f 83 99 64
f 64 99 84
f 65 84 86
f 86 84 117
f 101 103 88
f 89 118 105
f 89 105 70
f 105 106 90
f 107 97 95
f 107 95 92
f 97 108 95
f 109 97 107
f 109 106 110
f 110 106 119
f 79 110 120
f 80 121 104
f 80 104 103
f 80 103 101
f 113 101 87
f 115 114 122
f 115 111 98
f 83 116 99
f 99 117 84
f 117 122 124
f 100 124 87
f 102 104 121
f 102 125 118
f 102 118 89
f 105 126 127
f 105 127 106
f 91 106 109
f 91 109 107
f 107 72 91
f 110 119 120
f 120 119 127
f 87 124 113
f 113 124 114
f 114 124 122
f 115 128 111
f 116 123 99
f 99 123 117
f 117 100 86
f 100 117 124
f 121 125 102
f 126 105 118
f 126 118 129
f 127 119 106
f 111 128 123
f 111 123 112
f 115 122 128
f 116 112 123
f 123 128 117
f 117 128 122
f 118 125 129
f 127 126 120
f 126 129 120

o geometry_1
v 0.00237392 0.00910032 0.00633107
v 0.00237392 0.00768735 0.00596522
v 0.00237392 0.00910032 0.00419742
v -0.00021509 0.01176965 0.01305983
v -0.00021509 0.01135065 0.01305983
v 0.00237392 0.00732724 0.00548815
v -0.00021509 0.01117394 0.01288129
v 0.00237392 0.00854477 0.00260523
v -0.00021509 0.01012174 0.00635156
v -0.00021509 0.01057589 0.00776448
v -0.00021509 0.01094703 0.00906545
v -0.00021509 0.01131049 0.01054715
v -0.00021509 0.01157220 0.01190959
v -0.00693923 0.00895976 0.01305983
v 0.00237392 0.00631654 0.00405840
v -0.00693923 0.00893767 0.01302910
v 0.00237392 0.00561239 0.00303108
v 0.00237392 0.00764083 0.00060475
v 0.00096409 0.00864885 0.00253499
v -0.00021509 0.00962040 0.00496278
v -0.00693923 0.00984195 0.01305983
v -0.00693832 0.00583127 0.00540034
v 0.00237392 0.00555617 0.00291401
v 0.00131188 0.00819738 0.00156328
v -0.00094530 0.01010567 0.00635156
v -0.00007698 0.00868299 0.00253572
v -0.00693923 0.00967730 0.01189642
v -0.00693832 0.00562377 0.00175353
v -0.00203014 0.00497652 0.00106426
v 0.00195913 0.00493903 0.00109206
v 0.00237392 0.00555617 0.00006475
v 0.00148600 0.00752068 0.00014524
v -0.00007698 0.00806000 0.00115023
v -0.00151324 0.01127953 0.01059764
v -0.00129354 0.01172949 0.01295153
v -0.00668534 0.00989617 0.01186715
v -0.00693923 0.00918332 0.00981764
v -0.00693832 0.00562377 0.00032963
v -0.00203014 0.00497384 0.00080524
v -0.00693878 0.00837175 0.00707229
v 0.00195913 0.00494774 0.00080524
v 0.00195913 0.00500061 0.00061719
v 0.00195913 0.00507089 0.00051109
v -0.00453710 0.00562310 -0.00185378
v 0.00237392 0.00602571 -0.00027696
v 0.00237392 0.00720743 -0.00024403
v -0.00148225 0.01058358 0.00791155
v -0.00155290 0.00957187 0.00496278
v -0.00094530 0.00866191 0.00253645
v -0.00152897 0.01093131 0.00916954
v -0.00198820 0.01144502 0.01156276
v -0.00619808 0.01026029 0.01190959
v -0.00598932 0.01058827 0.01305983
v -0.00633300 0.00989148 0.01067740
v -0.00633209 0.00954410 0.00929155
v -0.00693832 0.00751332 0.00454864
v -0.00656250 0.00562377 -0.00042220
v -0.00598841 0.00562377 -0.00129329
v -0.00529102 0.00562310 -0.00176158
v -0.00476410 0.00562310 -0.00189036
v 0.00237392 0.00693434 -0.00048403
v 0.00237392 0.00659030 -0.00053964
v 0.00237392 0.00632457 -0.00046939
v 0.00131188 0.00716024 -0.00046061
v 0.00009668 0.00746713 -0.00008891
v -0.00181317 0.01005648 0.00635156
v -0.00666848 0.00883995 0.00775936
v -0.00634121 0.00781519 0.00407449
v -0.00633346 0.00572584 -0.00060769
v -0.00555037 0.00575128 -0.00149890
v -0.00497742 0.00573756 -0.00181866
v -0.00466974 0.00573756 -0.00182378
v -0.00233097 0.00855883 0.00257011
v -0.00250783 0.01078171 0.00895862
v -0.00268103 0.01041357 0.00774180
v -0.00163996 0.00786204 0.00085353
v -0.00025064 0.00746914 -0.00008891
v -0.00233462 0.01111236 0.01017398
v -0.00258349 0.01163512 0.01305983
v -0.00548337 0.01066257 0.01190666
v -0.00564017 0.01023887 0.01033203
v -0.00532110 0.01094703 0.01305983
v -0.00558593 0.00995909 0.00916057
v -0.00625187 0.00914182 0.00774180
v -0.00642234 0.00857021 0.00635156
v -0.00583594 0.00834347 0.00464413
v -0.00549020 0.00816593 0.00372254
v -0.00569213 0.00680114 0.00088719
v -0.00530287 0.00607758 -0.00113086
v -0.00519165 0.00697785 0.00070792
v -0.00511143 0.00601734 -0.00136500
v -0.00247592 0.00710502 -0.00041232
v -0.00137946 0.00716242 -0.00046171
v -0.00325832 0.00716275 -0.00014525
v -0.00007698 0.00718869 -0.00048256
v -0.00253517 0.00954410 0.00512522
v -0.00137946 0.00748437 0.00003987
v -0.00305093 0.01099305 0.01008106
v -0.00285470 0.01137943 0.01173617
v -0.00458998 0.01092896 0.01139008
v -0.00565658 0.00955481 0.00787789
v -0.00602396 0.00887208 0.00644668
v -0.00494004 0.00884597 0.00478425
v -0.00466017 0.00713715 0.00056963
v -0.00385794 0.00709900 -0.00005525
v -0.00281869 0.00749759 0.00036768
v -0.00294358 0.00851331 0.00267255
v -0.00321525 0.01058559 0.00860814
v -0.00511051 0.01053338 0.01050179
v -0.00499838 0.01025895 0.00922716
v -0.00433381 0.01129911 0.01305983
v -0.00496283 0.00989818 0.00788521
v -0.00531654 0.00920876 0.00626229
v -0.00494186 0.00849993 0.00390766
v -0.00413530 0.00756034 0.00111402
v -0.00331553 0.00783059 0.00126182
v -0.00329820 0.00990621 0.00646570
v -0.00320203 0.00937910 0.00496278
v -0.00391173 0.01023954 0.00790277
v -0.00396460 0.01059898 0.00924033
v -0.00372211 0.01144302 0.01305983
v -0.00384700 0.01123284 0.01195715
v -0.00395457 0.01094436 0.01062910
v -0.00454941 0.01069938 0.01034740
v -0.00464194 0.00955748 0.00647009
v -0.00449881 0.00852553 0.00358206
v -0.00389532 0.00973452 0.00635009
v -0.00403457 0.00921127 0.00499498
v -0.00396734 0.00886405 0.00404376
f 130 131 135
f 130 135 144
f 130 144 146
f 130 146 152
f 130 152 160
f 130 160 174
f 130 174 192
f 130 192 191
f 130 191 190
f 130 190 175
f 130 175 147
f 130 147 137
f 130 137 132
f 130 132 133
f 130 133 134
f 130 134 131
f 131 134 136
f 131 136 135
f 132 138 139
f 132 139 140
f 132 140 141
f 132 141 142
f 132 142 133
f 133 208 250
f 133 250 240
f 133 240 211
f 133 211 182
f 133 182 150
f 133 150 143
f 133 143 134
f 134 143 136
f 135 136 144
f 136 143 145
f 136 145 146
f 136 146 144
f 132 137 138
f 138 137 148
f 138 148 149
f 143 150 156
f 143 156 166
f 143 166 169
f 143 169 145
f 145 151 152
f 145 152 146
f 137 147 153
f 137 153 148
f 138 154 139
f 138 149 154
f 149 148 155
f 151 157 158
f 151 158 159
f 151 159 152
f 151 145 157
f 152 159 160
f 147 161 153
f 148 162 155
f 141 163 142
f 141 140 163
f 142 164 133
f 150 165 156
f 156 165 166
f 157 145 167
f 157 167 168
f 157 168 158
f 158 168 159
f 145 169 167
f 159 168 170
f 159 170 160
f 160 170 171
f 160 171 172
f 160 172 173
f 160 173 174
f 147 175 161
f 153 162 148
f 139 154 176
f 149 177 154
f 149 155 178
f 139 176 140
f 140 176 179
f 140 179 163
f 142 180 164
f 142 163 180
f 165 150 182
f 165 182 181
f 165 183 166
f 165 181 183
f 167 169 185
f 168 167 186
f 168 186 187
f 168 187 188
f 168 188 189
f 168 189 170
f 170 189 171
f 171 189 173
f 171 173 172
f 173 189 190
f 173 190 191
f 173 191 192
f 173 192 174
f 161 175 193
f 161 194 153
f 153 194 162
f 154 195 176
f 154 177 195
f 149 178 177
f 155 162 178
f 166 183 184
f 166 184 196
f 166 196 169
f 185 186 167
f 186 197 198
f 186 198 187
f 187 199 188
f 188 200 189
f 189 200 201
f 189 201 190
f 161 193 194
f 177 178 202
f 176 203 179
f 176 204 203
f 178 162 205
f 162 194 206
f 162 206 205
f 163 179 207
f 164 208 133
f 181 182 209
f 181 209 210
f 181 210 183
f 182 211 209
f 183 210 184
f 184 210 212
f 184 213 196
f 185 169 214
f 185 214 197
f 197 214 215
f 197 215 216
f 197 216 217
f 197 217 198
f 197 186 185
f 169 196 214
f 198 217 187
f 187 217 219
f 187 219 218
f 199 187 218
f 199 218 220
f 188 199 200
f 200 221 222
f 200 222 201
f 200 223 221
f 201 222 224
f 201 224 193
f 201 193 190
f 190 193 175
f 195 204 176
f 195 177 225
f 177 202 225
f 202 178 205
f 206 226 205
f 179 203 207
f 207 203 227
f 163 207 180
f 164 180 208
f 180 207 228
f 180 228 208
f 211 229 209
f 212 230 184
f 184 230 213
f 213 231 214
f 213 214 196
f 214 231 215
f 216 215 232
f 216 219 217
f 218 219 233
f 220 200 199
f 220 218 234
f 220 234 223
f 220 223 200
f 223 235 221
f 222 206 224
f 224 206 194
f 224 194 193
f 202 236 225
f 203 204 237
f 203 237 227
f 206 222 226
f 227 228 207
f 210 209 238
f 210 238 239
f 210 239 212
f 211 240 229
f 229 238 209
f 212 239 241
f 212 241 230
f 230 242 231
f 230 231 213
f 231 242 215
f 232 243 216
f 218 233 234
f 219 216 243
f 219 243 233
f 233 244 234
f 234 244 245
f 223 234 235
f 221 235 226
f 221 226 222
f 204 195 246
f 195 225 246
f 225 247 246
f 225 236 247
f 205 226 235
f 205 235 202
f 237 248 249
f 237 204 248
f 204 246 248
f 208 228 250
f 228 251 250
f 229 252 253
f 229 253 238
f 241 254 242
f 241 239 249
f 230 241 242
f 242 232 215
f 243 232 255
f 232 242 254
f 243 255 233
f 233 255 244
f 234 245 235
f 235 245 202
f 248 241 249
f 248 246 256
f 249 227 237
f 246 247 257
f 246 257 256
f 227 249 252
f 227 252 228
f 228 252 251
f 251 240 250
f 238 253 239
f 239 253 249
f 240 251 229
f 229 251 252
f 252 249 253
f 241 248 254
f 232 254 257
f 232 257 255
f 255 258 244
f 244 258 245
f 247 236 257
f 236 202 245
f 236 258 257
f 248 256 254
f 256 257 254
f 257 258 255
f 245 258 236

o geometry_2
v -0.00367826 -0.00718587 0.00903749
v 0.00413474 -0.00651206 0.00865052
v 0.00331948 -0.00711750 0.00914991
v -0.00234831 -0.00718587 0.00930439
v -0.00367826 -0.00718587 0.00969824
v -0.00367826 0.00026962 0.00389139
v -0.00367673 0.00167174 0.00287655
v 0.00413474 -0.00063308 0.00429977
v 0.00413474 -0.00304591 0.00604955
v 0.00413474 -0.00445199 0.00707510
v 0.00413474 -0.00587690 0.00812742
v 0.00413474 -0.00651206 0.00921568
v 0.00331948 -0.00711750 0.00972272
v -0.00234831 -0.00718587 0.00977778
v -0.00337464 -0.00718587 0.00974948
v -0.00367826 -0.00707489 0.00968907
v -0.00367826 0.00026962 0.00436554
v -0.00367673 0.00167174 0.00334688
v -0.00021380 0.00271416 0.00437090
v 0.00263500 0.00293711 0.00225326
v 0.00280861 0.00293711 0.00209496
v 0.00296998 0.00293711 0.00200930
v 0.00300592 0.00293711 0.00199172
v 0.00322312 0.00293711 0.00196571
v 0.00323383 0.00293711 0.00196495
v 0.00413474 0.00027061 0.00376444
v 0.00413474 -0.00634559 0.00914838
v 0.00315200 -0.00711750 0.00972883
v 0.00391678 -0.00651206 0.00928298
v 0.00254170 0.00293711 0.00437090
v -0.00268022 -0.00718587 0.00977778
v -0.00302743 -0.00718587 0.00977472
v -0.00367826 -0.00690049 0.00956900
v 0.00200406 0.00293612 0.00437090
v -0.00367826 0.00018440 0.00442825
v -0.00367673 0.00157463 0.00341800
v 0.00200483 0.00293711 0.00437013
v 0.00254247 0.00293711 0.00252017
v -0.00367826 -0.00465810 0.00794464
v -0.00367826 -0.00665673 0.00939540
v 0.00323383 0.00293711 0.00244752
v 0.00413474 0.00027061 0.00436478
v 0.00413474 -0.00614543 0.00901837
v 0.00258300 0.00293711 0.00427224
v 0.00211801 0.00293711 0.00437090
v 0.00413474 -0.00607210 0.00896942
v 0.00413474 -0.00574808 0.00873541
v 0.00413474 0.00024088 0.00438696
v 0.00267171 0.00293711 0.00402828
f 259 260 261
f 259 261 262
f 259 262 272
f 259 272 289
f 259 289 290
f 259 290 273
f 259 273 263
f 259 263 274
f 259 274 291
f 259 291 298
f 259 298 297
f 259 297 293
f 259 293 275
f 259 275 264
f 259 264 265
f 259 265 266
f 259 266 267
f 259 267 268
f 259 268 269
f 259 269 260
f 260 269 268
f 260 268 267
f 260 267 266
f 260 266 284
f 260 284 300
f 260 300 306
f 260 306 305
f 260 305 304
f 260 304 301
f 260 301 285
f 260 285 270
f 260 270 271
f 260 271 261
f 261 271 272
f 261 272 262
f 263 273 274
f 264 275 276
f 264 276 265
f 265 276 277
f 265 277 278
f 265 278 279
f 265 279 280
f 265 280 281
f 265 281 282
f 265 282 283
f 265 283 266
f 266 283 284
f 270 285 271
f 271 286 272
f 271 285 287
f 271 287 288
f 271 288 286
f 272 286 288
f 272 288 303
f 272 303 289
f 273 290 274
f 274 290 292
f 274 292 277
f 274 277 291
f 275 293 276
f 276 293 294
f 276 294 277
f 277 292 295
f 277 295 296
f 277 296 278
f 277 294 293
f 277 293 297
f 277 297 298
f 277 298 291
f 278 296 295
f 278 295 303
f 278 303 288
f 278 288 302
f 278 302 307
f 278 307 299
f 278 299 283
f 278 283 282
f 278 282 281
f 278 281 280
f 278 280 279
f 283 299 300
f 283 300 284
f 285 301 288
f 285 288 287
f 288 300 302
f 288 301 304
f 288 304 305
f 288 305 306
f 288 306 300
f 289 303 292
f 289 292 290
f 292 303 295
f 299 307 300
f 300 307 302

o geometry_3
v 0.00639975 -0.01479648 0.00185161
v 0.00601425 -0.00780874 0.01281514
v 0.00787899 -0.01036009 -0.00367790
v 0.00787899 -0.01169876 -0.00339295
v 0.00787899 -0.01276364 -0.00289545
v 0.00787899 -0.01359289 -0.00212841
v 0.00787899 -0.01409141 -0.00134288
v 0.00639975 -0.01468745 0.00271415
v 0.00601425 -0.00729023 0.01281514
v 0.00639975 -0.01447423 0.00316699
v 0.00601425 -0.00072893 0.02441942
v 0.00670870 0.00616190 0.00150351
v 0.00823570 -0.01083922 -0.00353466
v 0.00785451 -0.01400903 0.00185161
v 0.00721868 -0.01442335 0.00236298
v 0.00689593 -0.01444273 0.00273572
v 0.00851931 0.00026932 -0.00161704
v 0.00805278 -0.00731204 -0.00337601
v 0.00601425 0.00026932 0.02515258
v 0.00670870 0.00705596 0.00383854
v 0.00832104 -0.00938607 -0.00359781
v 0.00827104 -0.01235901 -0.00285849
v 0.00892377 -0.01299140 -0.00134288
v 0.00760418 -0.00126924 0.02186876
v 0.00724730 -0.00021769 0.02393578
v 0.00654078 -0.00054478 0.02425615
v 0.00762624 0.00511277 0.00150351
v 0.00900170 0.00026932 -0.00116421
v 0.00601425 0.00026932 0.02588266
v 0.00670836 0.00995137 0.01746363
v 0.00670836 0.00978176 0.01468501
v 0.00670870 0.00931413 0.01192796
v 0.00670870 0.00864298 0.00917398
v 0.00826104 -0.00816733 -0.00354544
v 0.00931858 -0.01032859 -0.00252271
v 0.00931823 -0.01134622 -0.00218385
v 0.00825690 -0.00087794 0.02128500
v 0.00679723 0.00032202 0.02520957
v 0.00740401 0.00643569 0.00444694
v 0.00677835 0.00147594 0.02657578
v 0.00670836 0.00264077 0.02747759
v 0.00670836 0.00346033 0.02772634
v 0.00670836 0.00554284 0.02750147
v 0.00670836 0.00705596 0.02648028
v 0.00670836 0.00838615 0.02476136
v 0.00670836 0.00922691 0.02268355
v 0.00670836 0.00978661 0.02024533
v 0.00862516 -0.00195251 0.01873280
v 0.00781684 0.00009003 0.02343905
v 0.00896204 0.00192419 0.00150351
v 0.00930617 -0.00118444 -0.00112108
v 0.00930617 -0.00258974 -0.00146610
v 0.00827070 0.00401276 0.00150351
v 0.00864758 0.00304843 0.00150351
v 0.00706968 0.00398126 0.02715029
v 0.00722764 0.00540110 0.02668667
v 0.00723419 0.00920995 0.01503311
v 0.00722471 0.00832800 0.01031839
v 0.00934099 -0.00903959 -0.00254427
v 0.00930272 -0.01165636 -0.00179263
v 0.00909135 -0.01250923 -0.00093933
v 0.00887826 -0.01250923 0.00029904
v 0.00829828 -0.01311981 0.00185161
v 0.00897385 -0.00110085 0.01885140
v 0.00863551 0.00008760 0.02154223
v 0.00724178 0.00117065 0.02566087
v 0.00909350 0.00137660 0.00193325
v 0.00940633 -0.00226870 -0.00093933
v 0.00949202 -0.00452566 -0.00128435
v 0.00796968 0.00581784 0.00531410
v 0.00719868 0.00230701 0.02664355
v 0.00740513 0.00661620 0.02530969
v 0.00715902 0.00839100 0.02336589
v 0.00739953 0.00850609 0.02194192
v 0.00731074 0.00897977 0.02058727
v 0.00726040 0.00924629 0.01920104
v 0.00756935 0.00884651 0.01651791
v 0.00753866 0.00815052 0.01147897
v 0.00946030 -0.00973497 -0.00198054
v 0.00949150 -0.00460865 0.00930952
v 0.00944625 -0.00339355 0.01234845
v 0.00930030 -0.00226507 0.01555063
v 0.00827656 0.00098166 0.02341979
v 0.00860723 0.00501827 0.00791405
v 0.00931479 -0.00041152 0.00114618
v 0.00826104 0.00537444 0.00582547
v 0.00758866 0.00184908 0.02567011
v 0.00743987 0.00293818 0.02641251
v 0.00759969 0.00415571 0.02605825
v 0.00757176 0.00573546 0.02563622
v 0.00760728 0.00739032 0.02366161
v 0.00785934 0.00804452 0.01364996
v 0.00784899 0.00836677 0.01712015
v 0.00949719 -0.00799773 -0.00198054
v 0.00949271 -0.00140250 0.01468501
v 0.00895894 0.00330284 0.00642925
v 0.00910626 0.00310900 0.00900686
v 0.00942534 0.00024509 0.00770073
v 0.00949081 -0.00088399 0.00757058
v 0.00797812 0.00740002 0.01156446
v 0.00795020 0.00292970 0.02520726
v 0.00804071 0.00415571 0.02475828
v 0.00796795 0.00589053 0.02419300
v 0.00953650 -0.00365341 0.00861487
v 0.00930375 -0.00054721 0.01765462
v 0.00896204 0.00079510 0.02081522
v 0.00839586 0.00207199 0.02371706
v 0.00936250 0.00189511 0.01204348
v 0.00833035 0.00661983 0.01156446
v 0.00794071 0.00734914 0.02210288
v 0.00791089 0.00801999 0.01990609
v 0.00826677 0.00745908 0.01712015
v 0.00831863 0.00724495 0.01503311
v 0.00869221 0.00593717 0.01358373
v 0.00850159 0.00340823 0.02307208
v 0.00855275 0.00467300 0.02197812
v 0.00832121 0.00616311 0.02208748
v 0.00834337 0.00688636 0.02004664
v 0.00948461 0.00033111 0.01312781
v 0.00930255 0.00066184 0.01799964
v 0.00897239 0.00172308 0.02087067
v 0.00904721 0.00440224 0.01416903
v 0.00930496 0.00261715 0.01464651
v 0.00930375 0.00159224 0.01739278
v 0.00899066 0.00250690 0.02050717
v 0.00861103 0.00608194 0.01978017
v 0.00867826 0.00623943 0.01746363
v 0.00904040 0.00428836 0.01703082
v 0.00895963 0.00401760 0.01945672
f 308 309 316
f 308 310 311
f 308 311 312
f 308 312 313
f 308 313 314
f 308 315 309
f 309 315 317
f 309 317 318
f 309 318 336
f 309 336 326
f 309 326 316
f 308 319 310
f 308 316 319
f 310 320 311
f 314 321 322
f 314 322 308
f 308 322 315
f 315 322 323
f 315 323 317
f 319 324 325
f 319 325 310
f 319 316 326
f 319 326 327
f 310 328 320
f 311 329 312
f 312 330 313
f 322 321 331
f 322 331 332
f 322 332 323
f 323 332 333
f 323 333 317
f 317 333 318
f 319 334 324
f 319 327 334
f 324 334 335
f 326 336 337
f 326 337 338
f 326 338 339
f 326 339 340
f 326 340 327
f 310 341 328
f 320 329 311
f 329 330 312
f 330 321 314
f 330 314 313
f 321 344 331
f 332 345 333
f 333 345 318
f 318 345 336
f 327 346 334
f 324 341 325
f 336 347 348
f 336 348 349
f 336 349 350
f 336 350 351
f 336 351 352
f 336 352 353
f 336 353 354
f 336 354 337
f 340 346 327
f 325 341 310
f 320 328 342
f 320 342 343
f 320 343 329
f 329 343 330
f 321 355 344
f 331 344 356
f 331 356 332
f 335 357 358
f 335 358 359
f 335 334 360
f 335 360 361
f 335 361 357
f 324 335 359
f 336 345 347
f 349 362 350
f 337 364 338
f 338 364 339
f 340 339 365
f 340 365 346
f 328 341 366
f 328 366 342
f 343 367 330
f 330 368 369
f 330 369 321
f 321 369 370
f 321 370 355
f 355 370 371
f 355 372 344
f 356 373 332
f 345 332 373
f 358 357 374
f 358 375 376
f 358 376 359
f 359 341 324
f 360 334 377
f 341 359 366
f 345 373 347
f 348 347 378
f 348 378 349
f 362 363 350
f 350 379 351
f 351 379 352
f 352 380 353
f 353 380 381
f 354 381 382
f 354 353 381
f 354 383 384
f 354 384 337
f 337 384 364
f 364 385 339
f 339 385 365
f 342 386 367
f 342 367 343
f 368 330 367
f 368 367 388
f 368 388 389
f 368 389 369
f 370 369 389
f 370 389 371
f 355 371 372
f 344 390 356
f 346 365 385
f 346 385 377
f 346 377 334
f 358 374 392
f 360 393 361
f 377 393 360
f 347 394 378
f 347 373 394
f 349 378 395
f 349 395 362
f 363 362 396
f 363 396 397
f 363 379 350
f 352 398 380
f 352 379 398
f 382 383 354
f 364 399 385
f 364 384 399
f 384 400 399
f 366 401 342
f 342 401 386
f 367 386 387
f 367 387 388
f 388 402 389
f 372 390 344
f 356 390 373
f 373 390 394
f 391 357 361
f 374 357 403
f 374 403 404
f 357 391 403
f 392 374 404
f 392 404 405
f 358 392 375
f 375 405 406
f 375 406 376
f 376 401 366
f 376 366 359
f 393 377 407
f 361 393 391
f 378 394 395
f 395 396 362
f 397 396 409
f 397 379 363
f 398 381 380
f 399 407 385
f 385 407 377
f 401 376 411
f 401 411 386
f 388 387 402
f 371 389 412
f 371 412 413
f 371 413 372
f 392 405 375
f 404 415 405
f 393 407 416
f 393 416 391
f 394 390 414
f 395 408 396
f 408 395 394
f 408 409 396
f 397 409 410
f 410 379 397
f 410 398 379
f 398 410 417
f 398 417 381
f 381 417 418
f 381 418 382
f 382 418 383
f 383 418 400
f 383 400 384
f 400 419 399
f 399 419 420
f 411 402 387
f 411 387 386
f 412 389 402
f 413 414 372
f 372 414 390
f 403 391 421
f 376 406 411
f 407 399 420
f 407 420 416
f 414 408 394
f 408 414 422
f 409 422 410
f 410 422 423
f 410 424 417
f 417 425 418
f 400 418 419
f 411 406 426
f 411 426 402
f 402 427 412
f 413 428 414
f 416 420 421
f 416 421 391
f 403 421 429
f 403 429 404
f 415 404 429
f 415 429 430
f 405 415 426
f 405 426 406
f 414 428 422
f 408 422 409
f 423 424 410
f 424 425 417
f 402 431 427
f 402 426 431
f 427 431 432
f 427 432 428
f 427 428 412
f 412 428 413
f 424 423 433
f 425 424 433
f 425 419 418
f 421 434 429
f 429 435 430
f 415 430 426
f 422 428 432
f 432 423 422
f 433 436 435
f 425 433 434
f 425 434 419
f 419 434 420
f 432 431 436
f 420 434 421
f 430 435 431
f 423 432 436
f 423 436 433
f 431 435 436
f 429 434 435
f 430 431 426
f 435 434 433

o geometry_4
v -0.00809991 -0.01424548 0.00001785
v -0.00875505 -0.01371044 0.00009053
v -0.00809991 -0.01418435 -0.00079736
v -0.00753613 -0.01346845 0.00335770
v -0.00911559 -0.01306513 -0.00070889
v -0.00809991 -0.01402554 0.00160720
v -0.00914222 -0.01273743 -0.00151620
v -0.00469819 0.01057715 0.01305810
v -0.00469819 0.00780430 0.02780146
v -0.00469819 0.00780430 0.02827542
v -0.00660009 0.00026973 0.02549485
v -0.00775549 -0.00126542 0.02186114
v -0.00876775 -0.00176327 0.01905055
v -0.00917080 -0.00098435 0.01878040
v -0.00945464 -0.00227120 0.01555114
v -0.00958355 -0.00335387 0.01260350
v -0.00945610 -0.01166106 -0.00178636
v -0.00835053 -0.01354155 -0.00176108
v -0.00835053 -0.01286094 -0.00252100
v -0.00835053 -0.01192826 -0.00316717
v -0.00835053 -0.01093634 -0.00353212
v -0.00840452 -0.00069950 0.02153253
v -0.00694060 0.00549276 0.00142078
v -0.00469819 0.01116953 0.01305810
v -0.00535968 0.00780430 0.02810479
v -0.00660009 0.00484996 0.02862931
v -0.00660009 0.00276529 0.02787413
v -0.00660009 0.00198637 0.02738437
v -0.00660009 0.00128056 0.02673979
v -0.00724667 0.00016638 0.02464330
v -0.00769540 0.00089488 0.02489449
v -0.00878216 -0.00006679 0.02134611
v -0.00844800 -0.01028724 -0.00357398
v -0.00694011 0.00606750 0.00142078
v -0.00694011 0.00750937 0.00455208
v -0.00660009 0.00569694 0.02840181
v -0.00723018 0.00501949 0.02776512
v -0.00964273 -0.00487263 0.00878929
v -0.00947125 -0.01135353 -0.00218133
v -0.00843212 -0.00841935 -0.00355897
v -0.00895486 0.00026973 -0.00135348
v -0.00835053 -0.00814459 -0.00352738
v -0.00815072 0.00026973 -0.00135348
v -0.00694011 0.00899411 0.00911475
v -0.00532255 0.01094518 0.01305810
v -0.00469819 0.01143169 0.01538683
v -0.00469819 0.00878740 0.02746021
v -0.00530789 0.00851264 0.02738437
v -0.00730713 0.00575681 0.02742486
v -0.00738456 0.00238276 0.02660708
v -0.00945464 -0.00019157 0.01798098
v -0.00911852 0.00091505 0.02082949
v -0.00964468 -0.00140406 0.01468221
v -0.00947736 -0.01021540 -0.00252732
v -0.00791744 0.00166246 0.02516149
v -0.00949372 -0.00903946 -0.00254470
v -0.00739446 0.00713378 0.00474167
v -0.00598990 0.01058723 0.01305810
v -0.00563277 0.01105420 0.01545872
v -0.00572816 0.00905366 0.02620539
v -0.00660009 0.00679096 0.02774458
v -0.00790120 0.00525833 0.02643961
v -0.00807060 0.00256111 0.02529262
v -0.00968914 -0.00348369 0.00878929
v -0.00964346 -0.00851892 -0.00197910
v -0.00854644 0.00206956 0.02371591
v -0.00948908 -0.00303878 -0.00150672
v -0.00915321 0.00026973 -0.00116073
v -0.00777210 0.00509952 0.00142078
v -0.00773937 0.00782699 0.00809415
v -0.00756716 0.00904200 0.01196483
v -0.00643068 0.00843071 0.02628241
v -0.00469819 0.01021668 0.02489134
v -0.00737027 0.00692960 0.02649333
v -0.00772740 0.00627168 0.02634324
v -0.00841502 0.00536168 0.02494189
v -0.00885422 0.00585071 0.02281539
v -0.00943168 -0.00094780 -0.00102802
v -0.00879364 0.00303753 0.00142078
v -0.00842907 0.00393682 0.00142078
v -0.00825942 0.00627042 0.00560269
v -0.00701303 0.00975727 0.01267894
v -0.00521678 0.01132834 0.01746910
v -0.00469819 0.01140396 0.01954347
v -0.00685071 0.00762785 0.02666553
v -0.00567332 0.00990914 0.02463856
v -0.00686500 0.00895062 0.02470491
v -0.00846046 0.00589451 0.02458642
v -0.00911412 0.00609018 0.02084055
v -0.00926997 0.00588852 0.01850550
v -0.00963735 0.00033527 0.01295067
v -0.00962981 -0.00127298 0.00570440
v -0.00964395 -0.00469744 -0.00128396
v -0.00956945 -0.00244009 -0.00093639
v -0.00911510 0.00539193 0.00853651
v -0.00876970 0.00573728 0.00681130
v -0.00825832 0.00774696 0.01059114
v -0.00737125 0.00971883 0.01469169
v -0.00663245 0.01040353 0.01506691
v -0.00656418 0.01056769 0.01816267
v -0.00562947 0.01109265 0.01878198
v -0.00805643 0.00691447 0.02485974
v -0.00922356 0.00641158 0.01746278
v -0.00929525 0.00554318 0.01182660
v -0.00899468 0.00649855 0.01181949
v -0.00826528 0.00836391 0.01353997
v -0.00539277 0.01098205 0.02093652
v -0.00563091 0.01042826 0.02311240
v -0.00654341 0.00974908 0.02346313
v -0.00749058 0.00879875 0.02330199
v -0.00771286 0.00761777 0.02492767
v -0.00862070 0.00719050 0.02193856
v -0.00880195 0.00719932 0.02057829
v -0.00933104 0.00588852 0.01468537
v -0.00802028 0.00898969 0.01557405
v -0.00737540 0.00989276 0.01737747
v -0.00664329 0.01034539 0.02031129
v -0.00469819 0.01095904 0.02239909
v -0.00703977 0.00973269 0.02198121
v -0.00757754 0.00927990 0.02124420
v -0.00826040 0.00741359 0.02336439
v -0.00875651 0.00731023 0.01297121
v -0.00883297 0.00749425 0.01572651
v -0.00758413 0.00959405 0.01894312
v -0.00616589 0.01046182 0.02170158
v -0.00870283 0.00778823 0.01850708
v -0.00839694 0.00845466 0.01711995
v -0.00827383 0.00821393 0.02121340
v -0.00809796 0.00889580 0.01920380
f 437 438 439
f 437 439 440
f 438 437 442
f 438 441 443
f 440 442 437
f 440 439 444
f 440 444 445
f 440 445 446
f 440 446 447
f 440 448 442
f 438 442 449
f 438 449 450
f 438 450 451
f 438 451 441
f 441 451 452
f 441 453 443
f 439 454 455
f 439 455 456
f 439 456 457
f 439 457 444
f 442 448 458
f 442 458 449
f 444 457 459
f 444 459 470
f 444 470 460
f 444 460 482
f 444 482 520
f 444 520 554
f 444 554 509
f 444 509 483
f 444 483 446
f 444 446 445
f 446 461 462
f 446 462 463
f 446 463 464
f 446 464 465
f 446 465 447
f 447 466 440
f 440 466 448
f 443 439 438
f 443 454 439
f 455 454 443
f 458 448 467
f 449 458 468
f 449 468 450
f 459 457 470
f 460 470 471
f 462 461 472
f 447 465 466
f 466 467 448
f 441 452 453
f 453 452 474
f 453 475 443
f 455 443 456
f 457 456 469
f 458 467 468
f 457 469 476
f 470 457 478
f 470 478 479
f 470 479 477
f 471 480 481
f 471 481 460
f 460 481 482
f 446 483 484
f 446 484 461
f 472 485 473
f 472 473 462
f 473 486 463
f 473 463 462
f 465 464 466
f 466 464 467
f 451 450 487
f 452 451 487
f 450 488 487
f 452 489 474
f 443 475 456
f 456 490 469
f 467 491 468
f 469 492 476
f 477 478 476
f 477 479 478
f 470 493 471
f 457 476 478
f 471 493 480
f 482 481 495
f 461 497 472
f 485 498 473
f 473 498 499
f 473 499 486
f 463 486 464
f 452 487 489
f 450 468 488
f 489 500 474
f 475 490 456
f 469 490 492
f 477 503 504
f 477 504 470
f 493 470 505
f 493 506 507
f 493 507 480
f 480 494 481
f 494 495 481
f 484 483 496
f 484 508 461
f 496 483 509
f 496 508 484
f 485 472 497
f 485 497 510
f 485 511 498
f 499 491 486
f 486 467 464
f 486 491 467
f 488 468 502
f 488 512 513
f 475 501 490
f 475 453 501
f 500 501 474
f 501 453 474
f 491 502 468
f 476 492 503
f 476 503 477
f 503 514 504
f 504 515 516
f 504 516 505
f 504 505 470
f 493 505 517
f 493 517 506
f 480 507 518
f 480 518 494
f 482 495 519
f 482 519 520
f 508 521 461
f 496 509 522
f 496 522 523
f 496 523 508
f 497 461 521
f 497 521 510
f 485 510 511
f 511 524 498
f 498 524 512
f 499 498 502
f 488 502 512
f 512 524 513
f 487 488 525
f 489 487 526
f 500 489 527
f 500 527 528
f 500 528 529
f 500 529 501
f 502 491 499
f 490 501 492
f 503 529 514
f 514 529 530
f 514 531 504
f 515 504 531
f 515 531 532
f 515 532 516
f 516 532 517
f 516 517 505
f 507 506 533
f 507 534 518
f 494 535 495
f 495 535 536
f 495 536 519
f 519 537 520
f 498 512 502
f 524 511 538
f 513 525 488
f 487 525 526
f 526 525 539
f 492 501 503
f 503 501 529
f 514 540 531
f 517 533 506
f 533 542 507
f 507 542 534
f 518 534 535
f 518 535 494
f 536 537 519
f 537 543 520
f 508 523 521
f 523 522 545
f 523 545 546
f 521 523 547
f 521 547 510
f 510 547 511
f 511 547 538
f 525 513 548
f 525 548 549
f 525 549 539
f 514 530 540
f 540 530 528
f 540 528 550
f 531 540 541
f 541 532 531
f 532 533 517
f 534 542 551
f 534 551 552
f 534 552 535
f 536 535 552
f 536 553 537
f 537 553 543
f 544 545 522
f 545 555 546
f 546 555 556
f 538 557 524
f 513 557 548
f 524 557 513
f 526 527 489
f 550 528 527
f 529 528 530
f 540 550 541
f 532 541 533
f 533 558 542
f 552 560 536
f 553 561 543
f 520 543 554
f 509 554 544
f 509 544 522
f 544 561 545
f 523 546 547
f 538 547 557
f 539 550 526
f 526 550 527
f 549 562 539
f 550 539 559
f 550 559 541
f 541 558 533
f 542 558 559
f 559 563 542
f 542 563 551
f 536 560 553
f 553 555 561
f 543 561 544
f 544 554 543
f 545 561 555
f 555 553 556
f 547 546 557
f 548 564 549
f 539 562 559
f 541 559 558
f 551 563 552
f 552 563 565
f 552 565 560
f 560 556 553
f 546 556 564
f 546 564 557
f 557 564 548
f 564 562 549
f 562 563 559
f 562 565 563
f 560 565 556
f 556 565 564
f 564 565 562

o geometry_5
v 0.00413488 -0.00695712 0.00941753
v 0.00413488 -0.00701201 0.00940986
v 0.00417194 -0.00695523 0.00939323
v 0.00416980 -0.00669969 0.00936255
v 0.00413488 -0.00673755 0.00938812
v 0.00323420 0.00027162 0.00436434
v 0.00332081 -0.01257695 0.00306908
v 0.00413488 -0.00712180 0.00937150
v 0.00445280 -0.00681326 0.00899686
v 0.00447330 -0.00660884 0.00903138
v 0.00446777 -0.00626245 0.00900453
v 0.00413488 -0.00716912 0.00934848
v 0.00413488 -0.00669401 0.00936638
v 0.00444567 -0.00608074 0.00896105
v 0.00323420 0.00300299 0.00239907
v 0.00323420 0.00027162 0.00389124
v 0.00332081 -0.01378269 0.00142091
v 0.00332081 -0.01336815 0.00199374
v 0.00332081 -0.01262995 0.00299875
v 0.00413488 -0.00634573 0.00914774
v 0.00413488 -0.00614509 0.00901731
v 0.00413488 -0.00607316 0.00896745
v 0.00413488 -0.00574760 0.00873473
v 0.00339816 -0.01252774 0.00306908
v 0.00403846 -0.00790922 0.00856595
v 0.00452712 -0.00660884 0.00878204
v 0.00413488 -0.00722590 0.00927944
v 0.00439631 -0.00704608 0.00884342
v 0.00444015 -0.00713126 0.00861199
v 0.00461961 -0.01378269 -0.00088960
v 0.00454511 -0.00626245 0.00878204
v 0.00450234 -0.00594445 0.00877182
v 0.00426533 -0.00565863 0.00866824
v 0.00426533 -0.00607316 0.00896745
v 0.00447900 -0.00568703 0.00864907
v 0.00446118 -0.00467436 0.00793303
v 0.00443676 0.00015995 0.00444234
v 0.00323420 0.00400051 0.00167792
v 0.00323420 0.00030759 0.00386439
v 0.00332081 -0.01378269 0.00077647
v 0.00335610 -0.01335869 0.00198223
v 0.00341883 -0.01378269 0.00134930
v 0.00340921 -0.01304259 0.00237222
v 0.00426533 -0.00448507 0.00781795
v 0.00344841 -0.01272459 0.00276220
v 0.00351774 -0.01244634 0.00306908
v 0.00403846 -0.00806443 0.00835881
v 0.00405468 -0.00790922 0.00854038
v 0.00369399 -0.01230627 0.00306908
v 0.00456543 -0.00660884 0.00843425
v 0.00460285 -0.00626245 0.00843425
v 0.00413488 -0.00739626 0.00905695
v 0.00416107 -0.00730162 0.00911577
v 0.00445334 -0.01378269 -0.00036535
v 0.00452587 -0.01378269 -0.00059167
v 0.00461961 -0.01378269 -0.00192913
v 0.00505479 0.00027162 0.00112810
v 0.00461408 -0.00626245 0.00808774
v 0.00460179 -0.00591417 0.00843425
v 0.00453300 -0.00557156 0.00844320
v 0.00449664 -0.00529710 0.00833324
v 0.00448648 -0.00428254 0.00761848
v 0.00448132 0.00195814 0.00309465
v 0.00447258 0.00055365 0.00412651
v 0.00446385 0.00297081 0.00238117
v 0.00445387 0.00538796 0.00063582
v 0.00444086 0.00398347 0.00166641
v 0.00426533 0.00555453 0.00052842
v 0.00391853 0.00555453 0.00052970
v 0.00323420 0.00555453 0.00052970
v 0.00323420 0.00130700 0.00313812
v 0.00425445 -0.01008030 -0.00302237
v 0.00425962 -0.01042858 -0.00302237
v 0.00426871 -0.01077686 -0.00302237
v 0.00428618 -0.01112325 -0.00302237
v 0.00432057 -0.01146964 -0.00302237
v 0.00429812 -0.01216431 -0.00267586
v 0.00436922 -0.01249745 -0.00267714
v 0.00431897 -0.01285898 -0.00232807
v 0.00443765 -0.01303691 -0.00250324
v 0.00439738 -0.01317319 -0.00230505
v 0.00442500 -0.01340223 -0.00217335
v 0.00438972 -0.01353283 -0.00195598
v 0.00442785 -0.01374294 -0.00182428
v 0.00440718 -0.01378269 -0.00172583
v 0.00323420 0.00531225 0.00023177
v 0.00323420 0.00553749 0.00007322
v 0.00323420 0.00555264 0.00006299
v 0.00342560 -0.01378269 0.00134419
v 0.00346000 -0.01378269 0.00131606
v 0.00360898 -0.01378269 0.00117669
v 0.00403846 -0.00845814 0.00783074
v 0.00404666 -0.00845246 0.00782562
v 0.00406894 -0.00813636 0.00821433
v 0.00376456 -0.01378269 0.00099768
v 0.00371929 -0.01231763 0.00302432
v 0.00413292 -0.00790922 0.00836904
v 0.00414949 -0.01378269 0.00038521
v 0.00461248 -0.01378269 -0.00192657
v 0.00461961 -0.01365019 -0.00207362
v 0.00470479 -0.01059136 -0.00359520
v 0.00505479 0.00027162 -0.00223345
v 0.00505479 0.00033598 0.00112043
v 0.00505479 0.00058015 0.00101941
v 0.00505479 0.00555453 -0.00115939
v 0.00453496 0.00207360 0.00288879
v 0.00452854 0.00449643 0.00114728
v 0.00452729 0.00067480 0.00392449
v 0.00449415 0.00476522 0.00103476
v 0.00449326 0.00094358 0.00381069
v 0.00448844 0.00336073 0.00206534
v 0.00447383 0.00437529 0.00134930
v 0.00450609 0.00555453 0.00042485
v 0.00323420 0.00555453 0.00007834
v 0.00435069 -0.01008030 -0.00335098
v 0.00435586 -0.01042858 -0.00333052
v 0.00436013 -0.01059136 -0.00331774
v 0.00436530 -0.01077686 -0.00330367
v 0.00438294 -0.01112325 -0.00326915
v 0.00437189 -0.01178953 -0.00303004
v 0.00439203 -0.01216431 -0.00291624
v 0.00440754 -0.01285898 -0.00254799
v 0.00442429 -0.01237063 -0.00286638
v 0.00451090 -0.01260345 -0.00279349
v 0.00461961 -0.01249934 -0.00292136
v 0.00461961 -0.01266023 -0.00283057
v 0.00461961 -0.01284952 -0.00271933
v 0.00461248 -0.01310694 -0.00255567
v 0.00461248 -0.01328298 -0.00241501
v 0.00461248 -0.01347415 -0.00224112
v 0.00461248 -0.01364830 -0.00207234
v 0.00453959 -0.01378269 -0.00186904
v 0.00445191 -0.01378269 -0.00179743
v 0.00439328 0.00555453 -0.00161331
v 0.00440255 0.00542582 -0.00186392
v 0.00442072 0.00505671 -0.00217079
v 0.00440718 0.00485039 -0.00218870
v 0.00435568 -0.00903924 -0.00333052
v 0.00435176 -0.00938563 -0.00334459
v 0.00435051 -0.00973391 -0.00335354
v 0.00374175 -0.01226463 0.00306908
v 0.00378291 -0.01378269 0.00097466
v 0.00391051 -0.01378269 0.00079309
v 0.00405058 -0.01378269 0.00055910
v 0.00406484 -0.00917174 0.00681549
v 0.00410244 -0.00853764 0.00759291
v 0.00461961 -0.01347605 -0.00224240
v 0.00461961 -0.01328298 -0.00241629
v 0.00461961 -0.01311262 -0.00255439
v 0.00461961 -0.01290062 -0.00268737
v 0.00461961 -0.01216242 -0.00309653
v 0.00461961 -0.01197314 -0.00318859
v 0.00461961 -0.01180089 -0.00325252
v 0.00461961 -0.01127846 -0.00340596
v 0.00461961 -0.01111190 -0.00345199
v 0.00461961 -0.01087529 -0.00351081
v 0.00468465 -0.01059136 -0.00359137
v 0.00470479 -0.01042858 -0.00361182
v 0.00505479 0.00415572 -0.00233190
v 0.00470479 -0.01008030 -0.00363867
v 0.00505479 0.00555453 -0.00183068
v 0.00451322 0.00555453 0.00041206
v 0.00446082 -0.01008030 -0.00352488
v 0.00445779 -0.00973391 -0.00352743
v 0.00449094 -0.01042858 -0.00350442
v 0.00451090 -0.01059136 -0.00349163
v 0.00453389 -0.01077686 -0.00347629
v 0.00441484 -0.01146964 -0.00322567
v 0.00443569 -0.01165514 -0.00320010
v 0.00450003 -0.01188796 -0.00315151
v 0.00462567 0.00555453 -0.00186776
v 0.00464135 0.00555453 -0.00187926
v 0.00452426 0.00505671 -0.00217079
v 0.00495999 0.00450400 -0.00230889
v 0.00461266 0.00450400 -0.00227181
v 0.00470479 -0.00869285 -0.00358369
v 0.00466309 -0.00903924 -0.00360287
v 0.00448934 -0.00903924 -0.00350442
v 0.00446938 -0.00938563 -0.00351848
v 0.00461444 -0.01178953 -0.00325380
v 0.00461961 -0.01077686 -0.00352743
v 0.00461961 -0.01063490 -0.00354917
v 0.00466469 -0.01042858 -0.00360159
v 0.00463440 -0.01008030 -0.00362077
v 0.00505479 0.00440936 -0.00231145
v 0.00470479 -0.00973391 -0.00364507
v 0.00470479 -0.00945377 -0.00363356
v 0.00470479 -0.00908656 -0.00361566
v 0.00470479 -0.00903924 -0.00361310
v 0.00494341 0.00555453 -0.00186392
v 0.00505479 0.00475386 -0.00219381
v 0.00464295 -0.00938563 -0.00361438
v 0.00463155 -0.00973391 -0.00362333
v 0.00495999 0.00478225 -0.00220788
v 0.00505479 0.00471032 -0.00221299
v 0.00505479 0.00450590 -0.00228715
f 566 567 568
f 566 568 569
f 566 569 570
f 566 570 571
f 566 571 567
f 567 571 572
f 567 572 573
f 567 573 568
f 568 574 575
f 568 575 576
f 568 576 569
f 568 573 577
f 568 577 574
f 569 578 570
f 569 576 579
f 569 579 578
f 570 578 571
f 571 580 603
f 571 603 635
f 571 635 679
f 571 679 653
f 571 653 652
f 571 652 651
f 571 651 636
f 571 636 604
f 571 604 581
f 571 581 605
f 571 605 582
f 571 582 583
f 571 583 584
f 571 584 572
f 571 578 585
f 571 585 586
f 571 586 587
f 571 587 588
f 571 588 580
f 572 584 589
f 572 589 590
f 572 590 573
f 573 590 577
f 574 591 575
f 574 577 592
f 574 592 593
f 574 593 594
f 574 594 595
f 574 595 591
f 575 591 596
f 575 596 576
f 576 596 597
f 576 597 579
f 577 590 592
f 578 579 585
f 579 598 599
f 579 599 585
f 579 597 600
f 579 600 601
f 579 601 602
f 579 602 598
f 580 588 603
f 581 604 605
f 582 606 583
f 582 605 650
f 582 650 698
f 582 698 697
f 582 697 664
f 582 664 621
f 582 621 595
f 582 595 620
f 582 620 619
f 582 619 663
f 582 663 709
f 582 709 708
f 582 708 707
f 582 707 660
f 582 660 656
f 582 656 655
f 582 655 654
f 582 654 607
f 582 607 606
f 583 606 584
f 584 608 589
f 584 606 608
f 585 599 586
f 586 599 587
f 587 599 588
f 588 599 598
f 588 598 609
f 588 609 603
f 589 608 610
f 589 610 611
f 589 611 590
f 590 612 613
f 590 613 592
f 590 611 614
f 590 614 612
f 591 595 615
f 591 615 616
f 591 616 596
f 592 613 617
f 592 617 618
f 592 618 593
f 593 618 619
f 593 619 594
f 594 619 620
f 594 620 595
f 595 621 667
f 595 667 622
f 595 622 623
f 595 623 616
f 595 616 615
f 596 616 624
f 596 624 597
f 597 624 625
f 597 625 600
f 598 602 609
f 600 625 626
f 600 626 627
f 600 627 628
f 600 628 629
f 600 629 601
f 601 629 630
f 601 630 631
f 601 631 632
f 601 632 602
f 602 632 603
f 602 603 609
f 603 632 633
f 603 633 634
f 603 634 635
f 604 636 605
f 605 637 638
f 605 638 639
f 605 639 640
f 605 640 641
f 605 641 642
f 605 642 643
f 605 643 644
f 605 644 645
f 605 645 646
f 605 646 647
f 605 647 648
f 605 648 649
f 605 649 650
f 605 636 651
f 605 651 652
f 605 652 653
f 605 653 637
f 606 607 654
f 606 654 608
f 608 611 610
f 608 654 655
f 608 655 656
f 608 656 611
f 611 656 614
f 612 657 658
f 612 658 659
f 612 659 613
f 612 614 657
f 613 659 617
f 614 656 660
f 614 660 661
f 614 661 657
f 616 623 622
f 616 622 624
f 617 659 662
f 617 662 619
f 617 619 618
f 619 662 663
f 621 664 665
f 621 665 666
f 621 666 667
f 622 667 724
f 622 724 750
f 622 750 761
f 622 761 760
f 622 760 756
f 622 756 726
f 622 726 670
f 622 670 669
f 622 669 668
f 622 668 624
f 624 668 669
f 624 669 670
f 624 670 625
f 625 670 671
f 625 671 672
f 625 672 673
f 625 673 626
f 626 673 672
f 626 672 674
f 626 674 675
f 626 675 627
f 627 675 674
f 627 674 676
f 627 676 628
f 628 676 677
f 628 677 629
f 629 677 630
f 630 677 631
f 631 677 674
f 631 674 678
f 631 678 633
f 631 633 632
f 633 678 727
f 633 727 670
f 633 670 726
f 633 726 755
f 633 755 737
f 633 737 736
f 633 736 699
f 633 699 679
f 633 679 635
f 633 635 634
f 637 680 638
f 637 653 680
f 638 680 639
f 639 680 681
f 639 681 640
f 640 681 682
f 640 682 683
f 640 683 684
f 640 684 641
f 641 685 642
f 641 684 685
f 642 685 686
f 642 686 643
f 643 687 644
f 643 686 688
f 643 688 687
f 644 687 645
f 645 687 688
f 645 688 689
f 645 689 690
f 645 690 691
f 645 691 692
f 645 692 693
f 645 693 694
f 645 694 647
f 645 647 646
f 647 694 695
f 647 695 696
f 647 696 649
f 647 649 648
f 649 696 664
f 649 664 697
f 649 697 698
f 649 698 650
f 653 679 699
f 653 699 700
f 653 700 701
f 653 701 702
f 653 702 703
f 653 703 704
f 653 704 705
f 653 705 680
f 657 661 706
f 657 706 660
f 657 660 707
f 657 707 708
f 657 708 658
f 658 708 709
f 658 709 710
f 658 710 659
f 659 710 663
f 659 663 711
f 659 711 662
f 660 706 661
f 662 711 663
f 663 710 709
f 664 696 665
f 665 696 695
f 665 695 712
f 665 712 666
f 666 712 713
f 666 713 714
f 666 714 715
f 666 715 692
f 666 692 691
f 666 691 690
f 666 690 716
f 666 716 717
f 666 717 718
f 666 718 719
f 666 719 720
f 666 720 721
f 666 721 722
f 666 722 723
f 666 723 667
f 667 723 725
f 667 725 724
f 670 727 672
f 670 672 671
f 672 727 674
f 674 727 678
f 674 677 676
f 680 728 681
f 680 705 729
f 680 729 728
f 681 728 683
f 681 683 682
f 683 728 684
f 684 728 730
f 684 730 731
f 684 731 732
f 684 732 733
f 684 733 685
f 685 733 734
f 685 734 686
f 686 734 688
f 688 734 735
f 688 735 716
f 688 716 690
f 688 690 689
f 692 715 693
f 693 715 714
f 693 714 694
f 694 714 713
f 694 713 712
f 694 712 695
f 699 736 700
f 700 736 737
f 700 737 701
f 701 738 739
f 701 739 740
f 701 740 702
f 701 737 738
f 702 740 741
f 702 741 742
f 702 742 743
f 702 743 744
f 702 744 703
f 703 744 729
f 703 729 704
f 704 729 705
f 716 735 717
f 717 735 745
f 717 745 718
f 718 745 719
f 719 745 734
f 719 734 720
f 720 734 721
f 721 746 722
f 721 734 732
f 721 732 746
f 722 746 747
f 722 747 730
f 722 730 748
f 722 748 723
f 723 748 749
f 723 749 725
f 724 725 751
f 724 751 752
f 724 752 753
f 724 753 754
f 724 754 750
f 725 749 751
f 726 756 755
f 728 749 748
f 728 748 730
f 728 729 749
f 729 744 757
f 729 757 758
f 729 758 749
f 730 747 731
f 731 747 746
f 731 746 732
f 732 734 733
f 734 745 735
f 737 755 738
f 738 755 759
f 738 759 739
f 739 759 760
f 739 760 761
f 739 761 750
f 739 750 741
f 739 741 740
f 741 750 754
f 741 754 742
f 742 753 752
f 742 752 757
f 742 757 744
f 742 744 743
f 742 754 753
f 749 758 751
f 751 758 757
f 751 757 752
f 755 756 759
f 756 760 759

o geometry_6
v -0.00367654 0.00208769 0.00257779
v -0.00367654 0.00271935 0.00257779
v -0.00367654 0.00248931 0.00228244
v -0.00339413 0.00208877 0.00257779
v -0.00245243 0.00275561 0.00455883
v -0.00245243 0.00279188 0.00462416
v -0.00245243 0.00292232 0.00483241
v -0.00245243 0.00298619 0.00492564
v -0.00245243 0.00431067 0.00681550
v -0.00248242 0.00435452 0.00684408
v -0.00257462 0.00458564 0.00694071
v -0.00284123 0.00470093 0.00649905
v -0.00287831 0.00493205 0.00659092
v -0.00289797 0.00519835 0.00660317
v -0.00295101 0.00693528 0.00669980
v -0.00296358 0.00728277 0.00669980
v -0.00296551 0.00761728 0.00669980
v -0.00367654 0.00298944 0.00239404
v -0.00367654 0.00290175 0.00198164
v -0.00233444 0.00531581 0.00023198
v -0.00202995 0.00532014 0.00023130
v -0.00337607 0.00208931 0.00257779
v -0.00310075 0.00215210 0.00257779
v -0.00302338 0.00218078 0.00257779
v -0.00289362 0.00227226 0.00257779
v -0.00245243 0.00275561 0.00350400
v -0.00202995 0.00497264 0.00080363
v -0.00202995 0.00497535 0.00106427
v -0.00245243 0.00438374 0.00686517
v -0.00245243 0.00455208 0.00694684
v -0.00291038 0.00761728 0.00696453
v -0.00290813 0.00728277 0.00694071
v -0.00289572 0.00693528 0.00691622
v -0.00291248 0.00761728 0.00695501
v -0.00296567 0.00761728 0.00668687
v -0.00367654 0.00562216 0.00047901
v -0.00367654 0.00416237 0.00154201
v -0.00367654 0.00531202 0.00022993
v -0.00268165 0.00531256 0.00023198
v -0.00202995 0.00562216 0.00001284
v -0.00202995 0.00512907 0.00045791
v -0.00278578 0.00244222 0.00257779
v -0.00202995 0.00505437 0.00055591
v -0.00202995 0.00500620 0.00067705
v -0.00202995 0.00522000 0.00114049
v -0.00275242 0.00761728 0.00696453
v -0.00202995 0.00523029 0.00114117
v -0.00245243 0.00477454 0.00694071
v -0.00292328 0.00761728 0.00631258
v -0.00367654 0.00562216 0.00001216
v -0.00202995 0.00562216 0.00050964
v -0.00274500 0.00761728 0.00625882
v -0.00272582 0.00761728 0.00633912
v -0.00264990 0.00761728 0.00669980
v -0.00202995 0.00541378 0.00107176
v -0.00291425 0.00761728 0.00625882
f 762 763 779
f 762 779 798
f 762 798 797
f 762 797 811
f 762 811 799
f 762 799 780
f 762 780 764
f 762 764 765
f 762 765 766
f 762 766 767
f 762 767 768
f 762 768 769
f 762 769 770
f 762 770 771
f 762 771 772
f 762 772 773
f 762 773 774
f 762 774 775
f 762 775 776
f 762 776 777
f 762 777 778
f 762 778 763
f 763 778 779
f 764 780 781
f 764 781 782
f 764 782 765
f 765 782 783
f 765 783 766
f 766 783 784
f 766 784 785
f 766 785 786
f 766 786 787
f 766 787 788
f 766 788 789
f 766 789 767
f 767 789 768
f 768 789 769
f 769 789 770
f 770 790 771
f 770 789 790
f 771 790 772
f 772 790 791
f 772 791 792
f 772 792 793
f 772 793 794
f 772 794 774
f 772 774 773
f 774 794 775
f 775 794 793
f 775 793 776
f 776 793 777
f 777 793 792
f 777 792 795
f 777 795 778
f 778 795 792
f 778 792 807
f 778 807 815
f 778 815 814
f 778 814 813
f 778 813 817
f 778 817 810
f 778 810 796
f 778 796 797
f 778 797 798
f 778 798 779
f 780 799 800
f 780 800 781
f 781 800 801
f 781 801 782
f 782 801 812
f 782 812 816
f 782 816 808
f 782 808 806
f 782 806 789
f 782 789 788
f 782 788 805
f 782 805 804
f 782 804 802
f 782 802 786
f 782 786 785
f 782 785 784
f 782 784 783
f 786 803 787
f 786 802 804
f 786 804 803
f 787 803 804
f 787 804 805
f 787 805 788
f 789 806 791
f 789 791 790
f 791 807 792
f 791 806 808
f 791 808 809
f 791 809 807
f 796 810 811
f 796 811 797
f 799 811 801
f 799 801 800
f 801 811 813
f 801 813 814
f 801 814 815
f 801 815 812
f 807 809 815
f 808 816 809
f 809 816 815
f 810 817 811
f 811 817 813
f 812 815 816

o geometry_7
v 0.00505496 0.00113554 -0.00217543
v 0.00505577 0.00027209 -0.00223355
v 0.00505496 0.00113554 -0.00175587
v 0.00505496 0.00415620 -0.00233216
v 0.00530806 0.00027209 -0.00223992
v 0.00670887 0.00027151 -0.00223430
v 0.00505577 0.00027209 0.00112743
v 0.00505496 0.00555377 -0.00116046
v 0.00505496 0.00440884 -0.00231228
v 0.00530847 0.00415620 -0.00231941
v 0.00745641 0.00027151 -0.00223092
v 0.00739140 0.00027151 -0.00223355
v 0.00537306 0.00027209 -0.00223992
v 0.00676250 0.00027151 -0.00223467
v 0.00670887 0.00027151 0.00112106
v 0.00505577 0.00033669 0.00111956
v 0.00882594 0.00027151 0.00149000
v 0.00887591 0.00027151 0.00149787
v 0.00882675 0.00027324 0.00149787
v 0.00670887 0.00560626 0.00149713
v 0.00670887 0.00616401 0.00149713
v 0.00505496 0.00555377 -0.00183123
v 0.00505577 0.00040302 0.00109256
v 0.00505577 0.00058125 0.00101832
v 0.00505496 0.00450689 -0.00228754
v 0.00567817 0.00418100 -0.00223655
v 0.00602878 0.00383493 -0.00222642
v 0.00636558 0.00347155 -0.00220768
v 0.00670887 0.00308395 -0.00218293
v 0.00775217 0.00027151 -0.00220505
v 0.00919524 0.00027151 0.00149787
v 0.00858827 0.00182942 0.00149787
v 0.00673772 0.00613690 0.00149713
v 0.00682832 0.00602674 0.00142626
v 0.00670887 0.00608153 0.00128078
v 0.00626604 0.00555377 -0.00083201
v 0.00611288 0.00555377 -0.00107535
v 0.00602472 0.00555377 -0.00120096
v 0.00598043 0.00555377 -0.00126282
v 0.00594712 0.00555377 -0.00130332
v 0.00584068 0.00555377 -0.00140942
v 0.00562373 0.00555377 -0.00156353
v 0.00562048 0.00555377 -0.00156540
v 0.00531050 0.00555377 -0.00172138
v 0.00513255 0.00555377 -0.00180761
v 0.00864230 0.00187903 0.00149787
v 0.00897260 0.00187903 0.00149787
v 0.00519187 0.00471396 -0.00217431
v 0.00505496 0.00475491 -0.00219455
v 0.00505496 0.00470992 -0.00221405
v 0.00530806 0.00451497 -0.00222942
v 0.00593046 0.00408122 -0.00219793
v 0.00557742 0.00440595 -0.00219193
v 0.00625995 0.00373514 -0.00219268
v 0.00657521 0.00336138 -0.00218030
v 0.00688479 0.00296397 -0.00216381
v 0.00722240 0.00226144 -0.00215893
v 0.00792687 0.00027151 -0.00216868
v 0.00920458 0.00027151 0.00120767
v 0.00912739 0.00103114 0.00149787
v 0.00694207 0.00593503 0.00149713
v 0.00694857 0.00579602 0.00114243
v 0.00676941 0.00597021 0.00114243
v 0.00670887 0.00602674 0.00114243
v 0.00634283 0.00555377 -0.00069704
v 0.00646877 0.00532940 -0.00100861
v 0.00623760 0.00541649 -0.00120808
v 0.00602837 0.00550359 -0.00130969
v 0.00616122 0.00535824 -0.00143979
v 0.00592925 0.00543437 -0.00152716
v 0.00565542 0.00527575 -0.00175850
v 0.00584271 0.00503639 -0.00181474
v 0.00565542 0.00510156 -0.00184586
v 0.00897301 0.00187903 0.00149713
v 0.00896204 0.00192921 0.00149713
v 0.00873412 0.00276844 0.00149713
v 0.00864759 0.00305338 0.00149713
v 0.00835426 0.00381013 0.00149713
v 0.00827260 0.00401143 0.00149713
v 0.00817875 0.00418446 0.00149713
v 0.00798659 0.00452650 0.00149713
v 0.00780986 0.00481836 0.00149713
v 0.00763151 0.00510445 0.00149713
v 0.00762460 0.00511483 0.00149713
v 0.00749541 0.00528383 0.00149713
v 0.00731584 0.00551109 0.00149713
v 0.00717974 0.00567836 0.00149713
v 0.00697864 0.00589696 0.00149713
v 0.00900551 0.00172560 0.00149787
v 0.00597597 0.00482586 -0.00185073
v 0.00619088 0.00469204 -0.00181586
v 0.00616204 0.00396701 -0.00214169
v 0.00652768 0.00433443 -0.00181099
v 0.00659715 0.00415620 -0.00184886
v 0.00670887 0.00326563 -0.00214506
v 0.00692501 0.00372130 -0.00184398
v 0.00680678 0.00319527 -0.00211919
v 0.00726952 0.00406680 -0.00149604
v 0.00727196 0.00311625 -0.00184848
v 0.00739750 0.00273441 -0.00189235
v 0.00735972 0.00239468 -0.00202545
v 0.00767295 0.00207398 -0.00189760
v 0.00772170 0.00187903 -0.00191560
v 0.00776070 0.00172387 -0.00192947
v 0.00771033 0.00138010 -0.00204945
v 0.00796587 0.00137837 -0.00185561
v 0.00801665 0.00103114 -0.00190135
v 0.00796831 0.00027151 -0.00213269
v 0.00920539 0.00027151 0.00114243
v 0.00912739 0.00103114 0.00149000
v 0.00907214 0.00137837 0.00149787
v 0.00712205 0.00561087 0.00114243
v 0.00711433 0.00491180 -0.00059318
v 0.00694167 0.00509349 -0.00059318
v 0.00689535 0.00504734 -0.00082189
v 0.00684172 0.00499889 -0.00105398
v 0.00670887 0.00515982 -0.00093625
v 0.00652930 0.00537669 -0.00077690
v 0.00637695 0.00555377 -0.00063517
v 0.00670887 0.00505311 -0.00118708
v 0.00660731 0.00509464 -0.00128794
v 0.00635217 0.00528037 -0.00130969
v 0.00654921 0.00504504 -0.00147879
v 0.00593778 0.00540726 -0.00154140
v 0.00600197 0.00519789 -0.00164601
v 0.00607388 0.00492391 -0.00176449
v 0.00896204 0.00192805 0.00148963
v 0.00900510 0.00172560 0.00149000
v 0.00903395 0.00137837 0.00079523
v 0.00901120 0.00137837 0.00044804
v 0.00895432 0.00190210 0.00130928
v 0.00895594 0.00155891 0.00025194
v 0.00896529 0.00124975 -0.00059355
v 0.00895716 0.00121687 -0.00077877
v 0.00873331 0.00207398 -0.00059318
v 0.00862768 0.00264962 0.00010047
v 0.00862849 0.00299570 0.00114243
v 0.00825919 0.00398374 0.00131415
v 0.00861427 0.00295936 0.00091522
v 0.00861427 0.00261328 -0.00013162
v 0.00795409 0.00370169 -0.00094075
v 0.00762785 0.00510848 0.00148963
v 0.00759210 0.00506003 0.00122942
v 0.00726912 0.00543783 0.00114243
v 0.00732031 0.00550301 0.00148963
v 0.00905426 0.00137837 0.00114243
v 0.00642245 0.00456630 -0.00176262
v 0.00632414 0.00482586 -0.00169550
v 0.00666500 0.00447171 -0.00168163
v 0.00688479 0.00469204 -0.00147091
v 0.00695182 0.00450401 -0.00151103
v 0.00719640 0.00429867 -0.00144392
v 0.00751369 0.00380897 -0.00141917
v 0.00756122 0.00362959 -0.00145817
v 0.00762217 0.00339830 -0.00150429
v 0.00744584 0.00311625 -0.00172775
v 0.00751775 0.00282785 -0.00177424
v 0.00806987 0.00278747 -0.00135581
v 0.00816778 0.00242121 -0.00138843
v 0.00822100 0.00213685 -0.00143042
v 0.00768757 0.00311625 -0.00155415
v 0.00786105 0.00311625 -0.00142142
v 0.00793093 0.00160678 -0.00182486
v 0.00826082 0.00190498 -0.00146342
v 0.00819053 0.00103114 -0.00174725
v 0.00828966 0.00187903 -0.00144467
v 0.00850946 0.00137837 -0.00137493
v 0.00823766 0.00068449 -0.00178887
v 0.00810766 0.00027151 -0.00200483
v 0.00900145 0.00027151 -0.00116534
v 0.00900266 0.00069545 -0.00096249
v 0.00901079 0.00103114 -0.00059355
v 0.00910098 0.00103114 0.00079523
v 0.00911561 0.00103114 0.00114243
v 0.00752791 0.00428483 -0.00100074
v 0.00723377 0.00469550 -0.00080727
v 0.00705542 0.00485989 -0.00086688
v 0.00695589 0.00496486 -0.00086688
v 0.00678160 0.00492968 -0.00128832
v 0.00704120 0.00484720 -0.00093062
v 0.00718786 0.00464474 -0.00103936
v 0.00694573 0.00475549 -0.00128832
v 0.00670887 0.00480509 -0.00151216
v 0.00667759 0.00482528 -0.00151928
v 0.00663371 0.00482528 -0.00154140
v 0.00897788 0.00103114 -0.00084739
v 0.00891857 0.00103114 -0.00102061
v 0.00859030 0.00219165 -0.00107198
v 0.00865977 0.00207514 -0.00095012
v 0.00863418 0.00224644 -0.00086688
v 0.00862524 0.00230182 -0.00083989
v 0.00864312 0.00235776 -0.00059318
v 0.00832785 0.00313874 -0.00059618
v 0.00826976 0.00330947 -0.00048219
v 0.00823847 0.00326967 -0.00071391
v 0.00808287 0.00346232 -0.00094075
v 0.00792890 0.00366074 -0.00113572
v 0.00783749 0.00387530 -0.00094075
v 0.00763963 0.00442845 -0.00024673
v 0.00759129 0.00436385 -0.00059318
v 0.00756529 0.00432982 -0.00076865
v 0.00667597 0.00477741 -0.00154140
v 0.00729674 0.00441345 -0.00121220
v 0.00761648 0.00405353 -0.00117734
v 0.00798253 0.00346232 -0.00118483
v 0.00773836 0.00349289 -0.00137680
v 0.00827382 0.00297666 -0.00113084
v 0.00831201 0.00276902 -0.00116346
v 0.00837539 0.00242121 -0.00121483
v 0.00842576 0.00204860 -0.00128007
v 0.00809669 0.00310240 -0.00123058
v 0.00862159 0.00195978 -0.00112934
v 0.00870040 0.00137837 -0.00120096
v 0.00863255 0.00187903 -0.00113947
v 0.00874468 0.00103114 -0.00124108
v 0.00843714 0.00027151 -0.00169850
v 0.00882228 0.00027151 -0.00133931
v 0.00896935 0.00058759 -0.00113084
v 0.00894376 0.00081888 -0.00109335
v 0.00764451 0.00416428 -0.00090700
v 0.00830307 0.00304011 -0.00094075
v 0.00830835 0.00306203 -0.00086688
v 0.00828194 0.00311567 -0.00086688
v 0.00821450 0.00321430 -0.00094075
v 0.00877962 0.00068391 -0.00128682
f 818 819 824
f 818 824 820
f 818 820 825
f 818 825 839
f 818 839 866
f 818 866 867
f 818 867 842
f 818 842 826
f 818 826 821
f 818 821 819
f 819 822 823
f 819 823 832
f 819 832 824
f 819 821 822
f 820 824 825
f 821 826 827
f 821 827 828
f 821 828 829
f 821 829 830
f 821 830 822
f 822 830 831
f 822 831 823
f 823 831 829
f 823 829 828
f 823 828 847
f 823 847 875
f 823 875 925
f 823 925 986
f 823 986 1033
f 823 1033 1034
f 823 1034 987
f 823 987 926
f 823 926 876
f 823 876 848
f 823 848 835
f 823 835 834
f 823 834 832
f 824 833 825
f 824 832 834
f 824 834 835
f 824 835 836
f 824 836 837
f 824 837 838
f 824 838 833
f 825 838 839
f 825 833 840
f 825 840 841
f 825 841 838
f 826 842 843
f 826 843 827
f 827 843 844
f 827 844 845
f 827 845 846
f 827 846 847
f 827 847 828
f 829 831 830
f 833 838 840
f 835 848 877
f 835 877 928
f 835 928 906
f 835 906 864
f 835 864 863
f 835 863 849
f 835 849 836
f 836 849 837
f 837 849 838
f 838 850 851
f 838 851 852
f 838 852 853
f 838 853 854
f 838 854 855
f 838 855 856
f 838 856 857
f 838 857 858
f 838 858 859
f 838 859 860
f 838 860 861
f 838 861 862
f 838 862 839
f 838 841 840
f 838 849 863
f 838 863 864
f 838 864 850
f 839 862 865
f 839 865 866
f 842 867 868
f 842 868 843
f 843 869 844
f 843 868 870
f 843 870 869
f 844 871 872
f 844 872 845
f 844 869 871
f 845 872 873
f 845 873 846
f 846 873 874
f 846 874 847
f 847 874 875
f 848 876 877
f 850 878 851
f 850 864 878
f 851 878 879
f 851 879 880
f 851 880 852
f 852 880 881
f 852 881 882
f 852 882 853
f 853 882 883
f 853 883 884
f 853 884 854
f 854 884 885
f 854 885 855
f 855 885 856
f 856 885 857
f 857 885 886
f 857 886 858
f 858 887 859
f 858 886 887
f 859 887 860
f 860 887 861
f 861 887 862
f 862 887 888
f 862 888 889
f 862 889 890
f 862 890 868
f 862 868 865
f 864 891 892
f 864 892 893
f 864 893 894
f 864 894 895
f 864 895 896
f 864 896 897
f 864 897 898
f 864 898 899
f 864 899 900
f 864 900 901
f 864 901 902
f 864 902 903
f 864 903 904
f 864 904 905
f 864 905 878
f 864 906 891
f 865 868 866
f 866 868 867
f 868 890 870
f 869 870 889
f 869 889 907
f 869 907 908
f 869 908 909
f 869 909 871
f 870 890 889
f 871 909 910
f 871 910 911
f 871 911 872
f 872 912 873
f 872 911 913
f 872 913 912
f 873 912 914
f 873 914 913
f 873 913 915
f 873 915 916
f 873 916 917
f 873 917 918
f 873 918 874
f 874 918 919
f 874 919 920
f 874 920 921
f 874 921 922
f 874 922 875
f 875 922 921
f 875 921 923
f 875 923 924
f 875 924 925
f 876 926 877
f 877 927 928
f 877 926 927
f 878 905 879
f 879 905 929
f 879 929 930
f 879 930 931
f 879 931 932
f 879 932 880
f 880 932 881
f 881 932 933
f 881 933 934
f 881 934 935
f 881 935 883
f 881 883 936
f 881 936 882
f 882 936 883
f 883 934 933
f 883 933 937
f 883 937 938
f 883 938 884
f 883 935 934
f 884 938 939
f 884 939 886
f 884 886 885
f 886 939 940
f 886 940 887
f 887 941 888
f 887 940 941
f 888 942 889
f 888 941 942
f 889 942 940
f 889 940 943
f 889 943 907
f 891 944 892
f 891 906 945
f 891 945 946
f 891 946 947
f 891 947 944
f 892 944 893
f 893 944 948
f 893 948 949
f 893 949 950
f 893 950 951
f 893 951 952
f 893 952 894
f 894 952 953
f 894 953 954
f 894 954 895
f 895 955 896
f 895 954 956
f 895 956 957
f 895 957 955
f 896 955 897
f 897 955 898
f 898 955 958
f 898 958 899
f 899 958 959
f 899 959 900
f 900 959 901
f 901 959 902
f 902 959 960
f 902 960 961
f 902 961 962
f 902 962 903
f 903 962 904
f 904 962 961
f 904 961 929
f 904 929 905
f 906 928 963
f 906 963 945
f 907 943 908
f 908 964 909
f 908 943 965
f 908 965 964
f 909 964 910
f 910 964 966
f 910 966 911
f 911 966 967
f 911 967 968
f 911 968 913
f 912 913 914
f 913 968 915
f 915 968 969
f 915 969 970
f 915 970 971
f 915 971 972
f 915 972 916
f 916 972 973
f 916 973 917
f 917 974 919
f 917 919 918
f 917 973 974
f 919 975 976
f 919 976 977
f 919 977 920
f 919 974 978
f 919 978 979
f 919 979 975
f 920 977 980
f 920 980 921
f 921 980 923
f 923 980 981
f 923 981 924
f 924 982 925
f 924 981 983
f 924 983 982
f 925 982 984
f 925 984 985
f 925 985 986
f 926 987 988
f 926 988 989
f 926 989 990
f 926 990 991
f 926 991 927
f 927 991 928
f 928 991 990
f 928 990 963
f 929 961 992
f 929 992 993
f 929 993 930
f 930 994 995
f 930 995 932
f 930 932 931
f 930 993 994
f 932 995 933
f 933 996 937
f 933 995 997
f 933 997 998
f 933 998 996
f 937 996 938
f 938 996 940
f 938 940 939
f 940 942 941
f 940 996 999
f 940 999 967
f 940 967 1000
f 940 1000 1001
f 940 1001 1002
f 940 1002 965
f 940 965 943
f 944 947 950
f 944 950 949
f 944 949 948
f 945 963 946
f 946 963 990
f 946 990 989
f 946 989 947
f 947 989 950
f 950 989 951
f 951 989 1003
f 951 1003 1004
f 951 1004 1005
f 951 1005 1006
f 951 1006 1007
f 951 1007 1008
f 951 1008 952
f 952 1008 1009
f 952 1009 957
f 952 957 953
f 953 957 954
f 954 957 956
f 955 957 1010
f 955 1010 1011
f 955 1011 958
f 957 1009 1010
f 958 1011 1012
f 958 1012 1013
f 958 1013 1014
f 958 1014 1015
f 958 1015 959
f 959 1015 1016
f 959 1016 960
f 960 1016 1017
f 960 1017 1018
f 960 1018 961
f 961 1018 992
f 964 965 1002
f 964 1002 1019
f 964 1019 966
f 966 1019 967
f 967 1020 1021
f 967 1021 969
f 967 969 968
f 967 1019 1000
f 967 999 1020
f 969 1021 1014
f 969 1014 970
f 970 1014 1022
f 970 1022 1023
f 970 1023 971
f 971 1023 972
f 972 1023 979
f 972 979 978
f 972 978 973
f 973 978 974
f 975 979 1024
f 975 1024 976
f 976 1024 1025
f 976 1025 977
f 977 1025 1026
f 977 1026 1027
f 977 1027 981
f 977 981 980
f 979 1028 1024
f 979 1023 1028
f 981 1027 983
f 982 983 1029
f 982 1029 984
f 983 1027 1029
f 984 1030 985
f 984 1029 1031
f 984 1031 1030
f 985 1030 1032
f 985 1032 986
f 986 1032 1033
f 987 1034 1035
f 987 1035 988
f 988 1035 1036
f 988 1036 1003
f 988 1003 989
f 992 1021 1020
f 992 1020 998
f 992 998 993
f 992 1018 1037
f 992 1037 1014
f 992 1014 1021
f 993 998 994
f 994 997 995
f 994 998 997
f 996 998 999
f 998 1020 999
f 1000 1019 1001
f 1001 1019 1002
f 1003 1036 1004
f 1004 1036 1005
f 1005 1008 1007
f 1005 1007 1006
f 1005 1036 1029
f 1005 1029 1024
f 1005 1024 1008
f 1008 1024 1038
f 1008 1038 1039
f 1008 1039 1010
f 1008 1010 1009
f 1010 1039 1011
f 1011 1039 1040
f 1011 1040 1012
f 1012 1040 1041
f 1012 1041 1013
f 1013 1041 1014
f 1014 1037 1015
f 1014 1041 1038
f 1014 1038 1024
f 1014 1024 1022
f 1015 1037 1017
f 1015 1017 1016
f 1017 1037 1018
f 1022 1024 1028
f 1022 1028 1023
f 1024 1029 1025
f 1025 1029 1026
f 1026 1029 1027
f 1029 1036 1035
f 1029 1035 1031
f 1030 1035 1032
f 1030 1031 1035
f 1032 1035 1042
f 1032 1042 1033
f 1033 1042 1034
f 1034 1042 1035
f 1038 1041 1040
f 1038 1040 1039

o geometry_8
v 0.00470564 -0.00001140 0.00126634
v 0.00470564 -0.00004331 0.00126438
v 0.00851947 -0.00001140 0.00119145
v 0.00470564 0.00024705 0.00125166
v 0.00470564 -0.00036664 0.00122474
v 0.00851947 0.00010134 0.00118362
v 0.00470564 0.00027044 0.00125019
v 0.00851947 -0.00035919 0.00114202
v 0.00470564 -0.00068146 0.00113076
v 0.00851947 0.00027151 0.00115964
v 0.00639993 0.00027151 0.00112097
v 0.00470564 0.00027044 -0.00218436
v 0.00851947 -0.00062402 0.00104413
v 0.00470564 -0.00069316 0.00112636
v 0.00851947 0.00027151 -0.00142961
v 0.00639993 0.00027151 -0.00103315
v 0.00471423 0.00027044 -0.00218926
v 0.00470564 -0.00868380 -0.00358374
v 0.00851947 -0.00075697 0.00094134
v 0.00470564 -0.01059399 -0.00301253
v 0.00805202 -0.01036106 -0.00323573
v 0.00851909 -0.00731073 -0.00258181
v 0.00851909 -0.00017732 -0.00172721
v 0.00851909 0.00027044 -0.00162246
v 0.00843733 0.00027044 -0.00169882
v 0.00810765 0.00027044 -0.00200522
v 0.00796802 0.00027044 -0.00213297
v 0.00792658 0.00027044 -0.00216870
v 0.00788513 0.00027044 -0.00217849
v 0.00775185 0.00027044 -0.00220590
v 0.00745652 0.00027044 -0.00223184
v 0.00739156 0.00027044 -0.00223380
v 0.00537320 0.00027044 -0.00224016
v 0.00799938 0.00027151 -0.00142961
v 0.00851947 -0.00130897 -0.00142961
v 0.00851909 -0.00730966 -0.00313490
v 0.00851909 -0.00716608 -0.00310896
v 0.00851909 -0.00530376 -0.00276340
v 0.00851909 -0.00487407 -0.00268264
v 0.00851909 -0.00453160 -0.00261705
v 0.00851909 -0.00383177 -0.00248147
v 0.00851909 -0.00209708 -0.00213689
v 0.00851909 -0.00036132 -0.00176930
v 0.00667584 0.00027151 -0.00113447
v 0.00476426 0.00027044 -0.00219905
v 0.00479301 -0.00817541 -0.00354458
v 0.00474895 -0.00840727 -0.00356269
v 0.00496102 -0.00904117 -0.00367673
v 0.00470564 -0.00869338 -0.00358472
v 0.00851947 -0.00097181 0.00072402
v 0.00470564 -0.01059399 -0.00359891
v 0.00639993 -0.01059399 -0.00333852
v 0.00805202 -0.01036106 -0.00366009
v 0.00851909 -0.00731073 -0.00311581
v 0.00851947 -0.00111220 0.00020813
v 0.00851947 -0.00108242 0.00044796
v 0.00851947 -0.00105583 0.00052676
v 0.00836788 -0.00036132 -0.00191271
v 0.00818307 -0.00036132 -0.00208598
v 0.00813939 -0.00001247 -0.00204438
v 0.00793292 0.00024173 -0.00217262
v 0.00805202 -0.00812862 -0.00355339
v 0.00773841 -0.00834665 -0.00359989
v 0.00530824 0.00027044 -0.00224016
v 0.00496102 0.00027044 -0.00223135
v 0.00805202 -0.01008241 -0.00368163
v 0.00805202 -0.00973568 -0.00369631
v 0.00805202 -0.00938895 -0.00368799
v 0.00835855 -0.00731073 -0.00328468
v 0.00829172 -0.00660983 -0.00322349
v 0.00849930 -0.00695549 -0.00308938
v 0.00851125 -0.00521867 -0.00275557
v 0.00847877 -0.00487407 -0.00272326
v 0.00844143 -0.00448480 -0.00268459
v 0.00827902 -0.00460393 -0.00286618
v 0.00828052 -0.00285860 -0.00252356
v 0.00837983 -0.00209708 -0.00227540
v 0.00834212 -0.00174929 -0.00223918
v 0.00502449 -0.00813074 -0.00355241
v 0.00496102 -0.00869338 -0.00363464
v 0.00470564 -0.00904117 -0.00361457
v 0.00530824 -0.00904117 -0.00369044
v 0.00530824 -0.00938895 -0.00371932
v 0.00496102 -0.00938895 -0.00370316
v 0.00470564 -0.00909009 -0.00361849
v 0.00496102 -0.01059399 -0.00365814
v 0.00470564 -0.01042913 -0.00361457
v 0.00496102 -0.01008347 -0.00371100
v 0.00496102 -0.01042913 -0.00367771
v 0.00639993 -0.01059399 -0.00367869
v 0.00773841 -0.01036106 -0.00370316
v 0.00825476 -0.00262674 -0.00250105
v 0.00826894 -0.00639392 -0.00320538
v 0.00805202 -0.00834665 -0.00358570
v 0.00773841 -0.00869338 -0.00364590
v 0.00739156 -0.00869338 -0.00364688
v 0.00600268 -0.00869338 -0.00364786
v 0.00739156 -0.00834665 -0.00359989
v 0.00704397 -0.00834665 -0.00359891
v 0.00669712 -0.00834665 -0.00359793
v 0.00530824 -0.00810735 -0.00355584
v 0.00773841 -0.01008241 -0.00372079
v 0.00773841 -0.00973568 -0.00373057
v 0.00773841 -0.00938895 -0.00371736
v 0.00805202 -0.00904117 -0.00365814
v 0.00805202 -0.00869338 -0.00362583
v 0.00530824 -0.00834665 -0.00359304
v 0.00530824 -0.00869338 -0.00364639
v 0.00565546 -0.00869338 -0.00364737
v 0.00565546 -0.00904117 -0.00369093
v 0.00565546 -0.00938895 -0.00372030
v 0.00530824 -0.00973674 -0.00373302
v 0.00496102 -0.00973674 -0.00371785
v 0.00470564 -0.00938895 -0.00363317
v 0.00470564 -0.00945490 -0.00363611
v 0.00512343 -0.01059399 -0.00366597
v 0.00470564 -0.01008347 -0.00364100
v 0.00530824 -0.01008347 -0.00372421
v 0.00530824 -0.01042913 -0.00369338
v 0.00639993 -0.01048125 -0.00369289
v 0.00766934 -0.01036106 -0.00370366
v 0.00600268 -0.01059399 -0.00367722
v 0.00773841 -0.00904117 -0.00368359
v 0.00669712 -0.00904117 -0.00368848
v 0.00634990 -0.00904117 -0.00368995
v 0.00600268 -0.00904117 -0.00369093
v 0.00739156 -0.01008241 -0.00372225
v 0.00669712 -0.00938895 -0.00371981
v 0.00634990 -0.01008347 -0.00372617
v 0.00639993 -0.00973674 -0.00373351
v 0.00639993 -0.00938895 -0.00372030
v 0.00600268 -0.00973674 -0.00373351
v 0.00600268 -0.01008347 -0.00372617
v 0.00470564 -0.00973674 -0.00364541
v 0.00530824 -0.01059399 -0.00367429
v 0.00639993 -0.01042913 -0.00369876
v 0.00600268 -0.01042913 -0.00369729
v 0.00697490 -0.01036106 -0.00370463
v 0.00662767 -0.01036106 -0.00370463
f 1043 1044 1045
f 1043 1045 1046
f 1043 1046 1049
f 1043 1049 1054
f 1043 1054 1060
f 1043 1060 1091
f 1043 1091 1123
f 1043 1123 1127
f 1043 1127 1156
f 1043 1156 1157
f 1043 1157 1176
f 1043 1176 1159
f 1043 1159 1129
f 1043 1129 1093
f 1043 1093 1062
f 1043 1062 1056
f 1043 1056 1051
f 1043 1051 1047
f 1043 1047 1044
f 1044 1047 1045
f 1045 1048 1049
f 1045 1049 1046
f 1045 1047 1050
f 1045 1050 1055
f 1045 1055 1061
f 1045 1061 1092
f 1045 1092 1099
f 1045 1099 1098
f 1045 1098 1097
f 1045 1097 1077
f 1045 1077 1057
f 1045 1057 1052
f 1045 1052 1048
f 1047 1051 1050
f 1048 1052 1049
f 1049 1052 1053
f 1049 1053 1058
f 1049 1058 1054
f 1050 1051 1055
f 1051 1056 1055
f 1052 1057 1076
f 1052 1076 1086
f 1052 1086 1058
f 1052 1058 1053
f 1054 1058 1059
f 1054 1059 1060
f 1055 1056 1062
f 1055 1062 1063
f 1055 1063 1064
f 1055 1064 1061
f 1057 1065 1066
f 1057 1066 1067
f 1057 1067 1068
f 1057 1068 1069
f 1057 1069 1070
f 1057 1070 1071
f 1057 1071 1072
f 1057 1072 1073
f 1057 1073 1074
f 1057 1074 1075
f 1057 1075 1106
f 1057 1106 1076
f 1057 1077 1078
f 1057 1078 1079
f 1057 1079 1080
f 1057 1080 1081
f 1057 1081 1082
f 1057 1082 1083
f 1057 1083 1084
f 1057 1084 1085
f 1057 1085 1065
f 1058 1086 1059
f 1059 1086 1076
f 1059 1076 1087
f 1059 1087 1088
f 1059 1088 1089
f 1059 1089 1060
f 1060 1089 1090
f 1060 1090 1091
f 1061 1064 1092
f 1062 1093 1128
f 1062 1128 1158
f 1062 1158 1177
f 1062 1177 1164
f 1062 1164 1132
f 1062 1132 1094
f 1062 1094 1063
f 1063 1094 1132
f 1063 1132 1095
f 1063 1095 1096
f 1063 1096 1064
f 1064 1096 1077
f 1064 1077 1097
f 1064 1097 1098
f 1064 1098 1099
f 1064 1099 1092
f 1065 1085 1100
f 1065 1100 1066
f 1066 1100 1101
f 1066 1101 1102
f 1066 1102 1067
f 1067 1102 1068
f 1068 1102 1103
f 1068 1103 1069
f 1069 1103 1070
f 1070 1103 1071
f 1071 1103 1104
f 1071 1104 1072
f 1072 1104 1073
f 1073 1104 1105
f 1073 1105 1074
f 1074 1105 1075
f 1075 1105 1140
f 1075 1140 1106
f 1076 1106 1107
f 1076 1107 1087
f 1077 1096 1078
f 1078 1096 1095
f 1078 1095 1108
f 1078 1108 1109
f 1078 1109 1110
f 1078 1110 1111
f 1078 1111 1112
f 1078 1112 1079
f 1079 1112 1113
f 1079 1113 1114
f 1079 1114 1080
f 1080 1114 1081
f 1081 1114 1115
f 1081 1115 1082
f 1082 1115 1083
f 1083 1115 1116
f 1083 1116 1117
f 1083 1117 1118
f 1083 1118 1119
f 1083 1119 1084
f 1084 1119 1085
f 1085 1119 1120
f 1085 1120 1100
f 1087 1107 1088
f 1088 1121 1122
f 1088 1122 1090
f 1088 1090 1089
f 1088 1107 1121
f 1090 1123 1091
f 1090 1122 1124
f 1090 1124 1125
f 1090 1125 1126
f 1090 1126 1127
f 1090 1127 1123
f 1093 1129 1130
f 1093 1130 1131
f 1093 1131 1128
f 1095 1132 1133
f 1095 1133 1108
f 1100 1120 1101
f 1101 1120 1134
f 1101 1134 1103
f 1101 1103 1102
f 1103 1134 1117
f 1103 1117 1135
f 1103 1135 1104
f 1104 1136 1105
f 1104 1135 1136
f 1105 1136 1137
f 1105 1137 1138
f 1105 1138 1139
f 1105 1139 1140
f 1106 1140 1141
f 1106 1141 1142
f 1106 1142 1143
f 1106 1143 1121
f 1106 1121 1107
f 1108 1144 1109
f 1108 1133 1144
f 1109 1144 1145
f 1109 1145 1110
f 1110 1146 1147
f 1110 1147 1111
f 1110 1145 1146
f 1111 1147 1148
f 1111 1148 1136
f 1111 1136 1112
f 1112 1135 1117
f 1112 1117 1113
f 1112 1136 1135
f 1113 1117 1115
f 1113 1115 1114
f 1115 1117 1116
f 1117 1134 1118
f 1118 1134 1119
f 1119 1134 1120
f 1121 1143 1149
f 1121 1149 1150
f 1121 1150 1122
f 1122 1150 1124
f 1124 1150 1151
f 1124 1151 1139
f 1124 1139 1152
f 1124 1152 1153
f 1124 1153 1125
f 1125 1153 1154
f 1125 1154 1155
f 1125 1155 1126
f 1126 1156 1127
f 1126 1155 1157
f 1126 1157 1156
f 1128 1131 1158
f 1129 1159 1130
f 1130 1160 1161
f 1130 1161 1131
f 1130 1159 1155
f 1130 1155 1154
f 1130 1154 1160
f 1131 1161 1158
f 1132 1162 1163
f 1132 1163 1133
f 1132 1164 1162
f 1133 1163 1144
f 1136 1148 1137
f 1137 1148 1165
f 1137 1165 1166
f 1137 1166 1167
f 1137 1167 1138
f 1138 1167 1168
f 1138 1168 1139
f 1139 1151 1140
f 1139 1168 1152
f 1140 1151 1141
f 1141 1151 1150
f 1141 1150 1142
f 1142 1149 1143
f 1142 1150 1149
f 1144 1169 1145
f 1144 1163 1169
f 1145 1170 1146
f 1145 1169 1171
f 1145 1171 1172
f 1145 1172 1170
f 1146 1168 1167
f 1146 1167 1166
f 1146 1166 1165
f 1146 1165 1148
f 1146 1148 1147
f 1146 1170 1168
f 1152 1168 1173
f 1152 1173 1153
f 1153 1173 1172
f 1153 1172 1174
f 1153 1174 1154
f 1154 1174 1175
f 1154 1175 1160
f 1155 1159 1176
f 1155 1176 1157
f 1158 1161 1177
f 1160 1175 1178
f 1160 1178 1179
f 1160 1179 1161
f 1161 1179 1177
f 1162 1179 1178
f 1162 1178 1163
f 1162 1164 1177
f 1162 1177 1179
f 1163 1178 1180
f 1163 1180 1171
f 1163 1171 1169
f 1168 1170 1173
f 1170 1172 1173
f 1171 1180 1181
f 1171 1181 1175
f 1171 1175 1174
f 1171 1174 1172
f 1175 1181 1178
f 1178 1181 1180

o geometry_9
v 0.00911812 -0.01251296 -0.00129088
v 0.00901625 -0.01281585 -0.00134527
v 0.00910734 -0.01251296 -0.00134527
v 0.00787871 -0.01036267 -0.00368379
v 0.00787871 -0.01036267 -0.00330907
v 0.00909202 -0.01251296 -0.00094402
v 0.00896319 -0.01307131 -0.00070923
v 0.00897625 -0.01308399 -0.00094004
v 0.00897398 -0.01306426 -0.00115757
v 0.00787871 -0.01210018 -0.00324142
v 0.00787871 -0.01130797 -0.00354783
v 0.00787871 -0.01087852 -0.00362144
v 0.00773853 -0.01036267 -0.00370302
v 0.00639924 -0.01036267 -0.00334886
v 0.00462070 -0.01059465 -0.00268564
v 0.00849331 -0.01251296 0.00184881
v 0.00866696 -0.01251296 0.00123865
v 0.00877251 -0.01251296 0.00079429
v 0.00898816 -0.01251296 -0.00023503
v 0.00896660 -0.01275574 -0.00034115
v 0.00861418 -0.01374002 -0.00002678
v 0.00860567 -0.01373015 -0.00040946
v 0.00830546 -0.01367404 -0.00134527
v 0.00892404 -0.01299523 -0.00134527
v 0.00869363 -0.01346953 -0.00094004
v 0.00787871 -0.01276560 -0.00289853
v 0.00773853 -0.01212554 -0.00325203
v 0.00773853 -0.01077967 -0.00365792
v 0.00639924 -0.01036267 -0.00370435
v 0.00462070 -0.01059465 -0.00355711
v 0.00332057 -0.01378557 0.00141904
v 0.00332057 -0.01473932 0.00307047
v 0.00809946 -0.01251296 0.00184881
v 0.00639811 -0.01400440 0.00307047
v 0.00639811 -0.01453035 0.00307047
v 0.00829809 -0.01312109 0.00184881
v 0.00862951 -0.01346248 0.00035789
v 0.00859092 -0.01369352 0.00020535
v 0.00791105 -0.01407672 0.00165781
v 0.00820331 -0.01403539 0.00044809
v 0.00804839 -0.01417815 0.00010122
v 0.00764490 -0.01448433 -0.00024631
v 0.00787871 -0.01373156 -0.00196339
v 0.00787871 -0.01345755 -0.00229964
v 0.00787871 -0.01315302 -0.00259610
v 0.00773853 -0.01278579 -0.00291047
v 0.00773853 -0.01295954 -0.00279374
v 0.00530851 -0.01212084 -0.00325004
v 0.00530851 -0.01111919 -0.00358828
v 0.00530851 -0.01077967 -0.00365262
v 0.00496064 -0.01059465 -0.00365792
v 0.00332057 -0.01417298 0.00066496
v 0.00332057 -0.01390156 0.00068884
v 0.00332057 -0.01378557 0.00077506
v 0.00332057 -0.01514458 0.00307047
v 0.00639811 -0.01464822 0.00286553
v 0.00768803 -0.01417533 0.00184881
v 0.00785955 -0.01400369 0.00184881
v 0.00795986 -0.01382736 0.00184881
v 0.00828787 -0.01377805 0.00104300
v 0.00734696 -0.01440144 0.00184881
v 0.00763298 -0.01447400 0.00010122
v 0.00763525 -0.01447775 -0.00059251
v 0.00760631 -0.01445662 -0.00088167
v 0.00795872 -0.01411898 -0.00106008
v 0.00787871 -0.01407108 -0.00140164
v 0.00765852 -0.01414293 -0.00156214
v 0.00779642 -0.01368930 -0.00209338
v 0.00773853 -0.01336105 -0.00247871
v 0.00739123 -0.01337420 -0.00249198
v 0.00580280 -0.01130139 -0.00354584
v 0.00474896 -0.01102668 -0.00356374
v 0.00332057 -0.01428287 0.00070277
v 0.00462070 -0.01100179 -0.00348217
v 0.00462070 -0.01197621 -0.00319035
v 0.00379386 -0.01512392 0.00307047
v 0.00590722 -0.01479567 0.00307047
v 0.00621140 -0.01478299 0.00274217
v 0.00739179 -0.01456838 0.00044809
v 0.00739179 -0.01458623 -0.00024631
v 0.00739179 -0.01456228 -0.00059251
v 0.00756261 -0.01442563 -0.00111380
v 0.00739123 -0.01417533 -0.00161188
v 0.00739123 -0.01405230 -0.00178565
v 0.00756545 -0.01373062 -0.00215639
v 0.00530851 -0.01286140 -0.00284813
v 0.00530851 -0.01337279 -0.00248999
v 0.00650068 -0.01373191 -0.00215738
v 0.00496064 -0.01108961 -0.00358032
v 0.00496064 -0.01210347 -0.00324341
v 0.00473250 -0.01205651 -0.00322417
v 0.00332057 -0.01453129 0.00085332
v 0.00462070 -0.01250169 -0.00292307
v 0.00462070 -0.01311216 -0.00255896
v 0.00565582 -0.01490509 0.00287880
v 0.00600313 -0.01485860 0.00253127
v 0.00657233 -0.01479051 0.00148935
v 0.00704449 -0.01454960 0.00184881
v 0.00739179 -0.01458717 0.00010122
v 0.00657800 -0.01479191 0.00122074
v 0.00565582 -0.01496191 0.00183687
v 0.00704449 -0.01459421 -0.00059251
v 0.00704449 -0.01450123 -0.00094004
v 0.00723460 -0.01435707 -0.00127795
v 0.00530794 -0.01417486 -0.00160989
v 0.00513401 -0.01434556 -0.00130514
v 0.00530794 -0.01405136 -0.00178299
v 0.00496064 -0.01336340 -0.00248203
v 0.00474385 -0.01272803 -0.00287333
v 0.00332057 -0.01470175 0.00106820
v 0.00443059 -0.01378557 -0.00176376
v 0.00444989 -0.01406873 -0.00145138
v 0.00332057 -0.01516008 0.00218440
v 0.00410655 -0.01512110 0.00200865
v 0.00530794 -0.01495721 0.00287880
v 0.00565582 -0.01485249 0.00307047
v 0.00600313 -0.01490931 0.00183687
v 0.00496007 -0.01459421 -0.00059317
v 0.00496007 -0.01450452 -0.00094070
v 0.00332057 -0.01514082 0.00196156
v 0.00513401 -0.01443431 -0.00113138
v 0.00496064 -0.01284754 -0.00284083
v 0.00496064 -0.01371747 -0.00214378
v 0.00496007 -0.01410794 -0.00168682
v 0.00332057 -0.01480506 0.00124196
v 0.00441414 -0.01444394 -0.00080275
v 0.00462070 -0.01356720 -0.00215871
v 0.00468199 -0.01413589 -0.00154688
v 0.00477336 -0.01443079 -0.00112309
f 1182 1183 1184
f 1182 1184 1185
f 1182 1185 1186
f 1182 1186 1187
f 1182 1187 1188
f 1182 1188 1189
f 1182 1189 1190
f 1182 1190 1183
f 1183 1191 1184
f 1184 1191 1192
f 1184 1192 1193
f 1184 1193 1185
f 1185 1194 1210
f 1185 1210 1195
f 1185 1195 1186
f 1186 1195 1196
f 1186 1196 1197
f 1186 1197 1198
f 1186 1198 1199
f 1186 1199 1200
f 1186 1200 1187
f 1187 1201 1188
f 1189 1188 1202
f 1189 1202 1203
f 1189 1203 1190
f 1190 1204 1205
f 1190 1205 1183
f 1183 1205 1207
f 1183 1207 1191
f 1191 1207 1208
f 1191 1208 1192
f 1192 1209 1193
f 1193 1209 1185
f 1185 1209 1194
f 1194 1209 1210
f 1195 1210 1211
f 1195 1211 1196
f 1196 1211 1235
f 1196 1235 1212
f 1196 1212 1213
f 1196 1213 1214
f 1196 1214 1197
f 1197 1214 1215
f 1197 1215 1216
f 1197 1216 1217
f 1197 1217 1218
f 1197 1218 1198
f 1198 1218 1199
f 1199 1218 1201
f 1199 1201 1200
f 1200 1201 1187
f 1201 1218 1188
f 1188 1218 1219
f 1188 1219 1202
f 1202 1219 1220
f 1202 1220 1221
f 1202 1221 1222
f 1202 1222 1223
f 1202 1223 1203
f 1190 1206 1204
f 1205 1204 1224
f 1205 1224 1225
f 1205 1225 1226
f 1205 1226 1207
f 1190 1203 1206
f 1207 1227 1208
f 1207 1226 1228
f 1207 1228 1227
f 1208 1227 1229
f 1192 1230 1209
f 1210 1231 1232
f 1210 1232 1211
f 1211 1233 1234
f 1211 1234 1235
f 1212 1235 1234
f 1212 1234 1233
f 1212 1233 1254
f 1212 1254 1273
f 1212 1273 1291
f 1212 1291 1306
f 1212 1306 1301
f 1212 1301 1294
f 1212 1294 1236
f 1212 1236 1213
f 1213 1236 1257
f 1213 1257 1297
f 1213 1297 1258
f 1213 1258 1216
f 1213 1216 1215
f 1213 1215 1214
f 1216 1237 1238
f 1216 1238 1239
f 1216 1239 1240
f 1216 1240 1217
f 1218 1217 1219
f 1219 1217 1241
f 1219 1241 1220
f 1220 1240 1239
f 1220 1239 1238
f 1220 1238 1242
f 1220 1241 1240
f 1221 1243 1222
f 1223 1244 1203
f 1203 1244 1245
f 1203 1245 1246
f 1206 1246 1247
f 1206 1247 1204
f 1204 1247 1224
f 1224 1247 1248
f 1224 1248 1249
f 1224 1249 1225
f 1225 1249 1250
f 1225 1250 1226
f 1226 1250 1228
f 1203 1246 1206
f 1228 1250 1251
f 1229 1252 1192
f 1229 1192 1208
f 1192 1252 1230
f 1210 1209 1231
f 1232 1253 1211
f 1233 1211 1255
f 1233 1255 1256
f 1233 1256 1254
f 1216 1258 1237
f 1237 1258 1259
f 1238 1237 1242
f 1240 1241 1217
f 1242 1260 1243
f 1242 1243 1220
f 1220 1243 1221
f 1243 1223 1222
f 1244 1223 1261
f 1244 1261 1262
f 1244 1262 1245
f 1245 1262 1263
f 1246 1245 1263
f 1246 1263 1247
f 1247 1263 1248
f 1248 1264 1265
f 1248 1265 1266
f 1248 1266 1249
f 1248 1263 1264
f 1249 1266 1250
f 1250 1266 1251
f 1229 1227 1267
f 1228 1251 1268
f 1228 1268 1267
f 1228 1267 1227
f 1251 1266 1269
f 1230 1231 1209
f 1231 1230 1270
f 1231 1270 1232
f 1232 1270 1253
f 1253 1270 1271
f 1253 1271 1272
f 1253 1272 1256
f 1253 1256 1255
f 1253 1255 1211
f 1254 1256 1274
f 1254 1274 1275
f 1254 1275 1273
f 1237 1259 1242
f 1259 1276 1277
f 1242 1259 1279
f 1242 1279 1260
f 1243 1260 1280
f 1243 1280 1223
f 1223 1280 1261
f 1261 1280 1281
f 1261 1281 1282
f 1261 1282 1262
f 1262 1282 1283
f 1262 1283 1263
f 1263 1285 1264
f 1264 1286 1265
f 1264 1285 1287
f 1264 1287 1286
f 1265 1286 1288
f 1265 1288 1269
f 1265 1269 1266
f 1229 1271 1230
f 1229 1230 1252
f 1229 1267 1271
f 1268 1289 1267
f 1251 1269 1268
f 1270 1230 1271
f 1272 1271 1290
f 1272 1290 1274
f 1272 1274 1256
f 1273 1275 1292
f 1273 1292 1293
f 1273 1293 1291
f 1274 1290 1275
f 1257 1236 1294
f 1257 1295 1282
f 1257 1296 1297
f 1257 1282 1296
f 1259 1278 1279
f 1259 1258 1276
f 1276 1258 1297
f 1276 1297 1296
f 1277 1276 1298
f 1277 1298 1278
f 1277 1278 1259
f 1278 1298 1281
f 1278 1281 1280
f 1278 1280 1260
f 1278 1260 1279
f 1281 1298 1282
f 1282 1295 1283
f 1283 1299 1300
f 1283 1300 1284
f 1283 1284 1263
f 1283 1295 1301
f 1283 1301 1299
f 1284 1300 1302
f 1284 1302 1263
f 1285 1263 1302
f 1285 1302 1287
f 1267 1289 1303
f 1271 1267 1303
f 1271 1303 1290
f 1268 1269 1304
f 1268 1304 1289
f 1289 1275 1290
f 1289 1290 1303
f 1288 1305 1304
f 1288 1304 1269
f 1288 1286 1305
f 1291 1293 1307
f 1291 1307 1306
f 1292 1309 1293
f 1292 1275 1308
f 1293 1309 1307
f 1294 1301 1295
f 1294 1295 1257
f 1296 1282 1276
f 1276 1282 1298
f 1299 1301 1300
f 1301 1306 1307
f 1301 1307 1310
f 1301 1310 1300
f 1286 1287 1305
f 1302 1300 1310
f 1302 1310 1287
f 1287 1310 1305
f 1289 1304 1308
f 1289 1308 1275
f 1304 1309 1308
f 1305 1309 1304
f 1308 1309 1292
f 1309 1305 1310
f 1309 1310 1307

o geometry_10
v -0.00479002 0.00027151 -0.00135626
v -0.00472813 0.00027151 -0.00135626
v -0.00478406 -0.00035500 -0.00135626
v -0.00810725 -0.00001111 -0.00129251
v -0.00810725 0.00022452 -0.00126943
v -0.00810725 0.00027151 -0.00126476
v -0.00472648 0.00027151 -0.00134252
v -0.00472648 0.00024113 -0.00135626
v -0.00477777 -0.00044126 -0.00135626
v -0.00810725 -0.00007002 -0.00128345
v -0.00472648 -0.00061630 -0.00135626
v -0.00810725 0.00027151 0.00112666
v -0.00472648 0.00027151 0.00142205
v -0.00810725 -0.00028568 -0.00121310
v -0.00472648 -0.00091000 -0.00117463
v -0.00810725 -0.00035701 -0.00118562
v -0.00810725 0.00012080 0.00114919
v -0.00472648 0.00024533 0.00142672
v -0.00472648 -0.00112130 -0.00100921
v -0.00810725 -0.00078279 -0.00082841
v -0.00810725 -0.00001111 0.00116870
v -0.00472648 -0.00001111 0.00145035
v -0.00472648 -0.00125623 -0.00076961
v -0.00810725 -0.00096874 -0.00058880
v -0.00810725 -0.00086889 -0.00075092
v -0.00810725 -0.00035852 0.00111045
v -0.00472648 -0.00035852 0.00139100
v -0.00472648 -0.00134267 -0.00050197
v -0.00810725 -0.00111643 -0.00024615
v -0.00810725 -0.00103034 -0.00044646
v -0.00810725 -0.00050772 0.00104945
v -0.00472648 -0.00070123 0.00127504
v -0.00472648 -0.00140896 -0.00025467
v -0.00810725 -0.00114698 0.00010090
v -0.00472648 -0.00144286 0.00005831
v -0.00810725 -0.00059935 0.00101180
v -0.00472648 -0.00087409 0.00113490
v -0.00810725 -0.00077306 0.00087771
v -0.00810725 -0.00106978 0.00044822
v -0.00472648 -0.00144303 0.00010090
v -0.00472648 -0.00104930 0.00097443
v -0.00810725 -0.00094256 0.00070405
v -0.00472648 -0.00135190 0.00044822
v -0.00472648 -0.00120387 0.00079472
f 1311 1312 1318
f 1311 1318 1321
f 1311 1321 1319
f 1311 1319 1313
f 1311 1313 1314
f 1311 1314 1315
f 1311 1315 1316
f 1311 1316 1322
f 1311 1322 1323
f 1311 1323 1317
f 1311 1317 1312
f 1312 1317 1318
f 1313 1319 1314
f 1314 1320 1324
f 1314 1324 1326
f 1314 1326 1330
f 1314 1330 1335
f 1314 1335 1334
f 1314 1334 1340
f 1314 1340 1339
f 1314 1339 1344
f 1314 1344 1349
f 1314 1349 1352
f 1314 1352 1348
f 1314 1348 1346
f 1314 1346 1341
f 1314 1341 1336
f 1314 1336 1331
f 1314 1331 1327
f 1314 1327 1322
f 1314 1322 1316
f 1314 1316 1315
f 1314 1319 1321
f 1314 1321 1320
f 1317 1323 1328
f 1317 1328 1332
f 1317 1332 1337
f 1317 1337 1342
f 1317 1342 1347
f 1317 1347 1351
f 1317 1351 1354
f 1317 1354 1353
f 1317 1353 1350
f 1317 1350 1345
f 1317 1345 1343
f 1317 1343 1338
f 1317 1338 1333
f 1317 1333 1329
f 1317 1329 1325
f 1317 1325 1321
f 1317 1321 1318
f 1320 1321 1324
f 1321 1325 1326
f 1321 1326 1324
f 1322 1327 1328
f 1322 1328 1323
f 1325 1329 1326
f 1326 1329 1330
f 1327 1331 1328
f 1328 1331 1332
f 1329 1333 1334
f 1329 1334 1335
f 1329 1335 1330
f 1331 1336 1332
f 1332 1336 1337
f 1333 1338 1339
f 1333 1339 1340
f 1333 1340 1334
f 1336 1341 1342
f 1336 1342 1337
f 1338 1343 1339
f 1339 1343 1345
f 1339 1345 1344
f 1341 1346 1342
f 1342 1346 1348
f 1342 1348 1347
f 1344 1345 1350
f 1344 1350 1349
f 1347 1348 1351
f 1348 1352 1351
f 1349 1350 1353
f 1349 1353 1354
f 1349 1354 1352
f 1351 1352 1354

o geometry_11
v 0.00670805 0.00945906 0.01306217
v 0.00659929 0.00960387 0.01306217
v 0.00670805 0.00854453 0.01306217
v 0.00670805 0.00931789 0.01192278
v 0.00652713 0.00954485 0.01205880
v -0.00021442 0.01135077 0.01306217
v -0.00021442 0.01117432 0.01288080
v 0.00670805 0.00846360 0.01295247
v 0.00626184 0.00993640 0.01306217
v 0.00614021 0.00985638 0.01190961
v -0.00021442 0.01177062 0.01306217
v -0.00021442 0.01104776 0.01260436
v 0.00260173 0.00751136 0.00695715
v 0.00670805 0.00584416 0.00529706
v 0.00653865 0.00920776 0.01062689
v 0.00670805 0.00864797 0.00917011
v 0.00618426 0.00954789 0.01066053
v 0.00584782 0.01008182 0.01190961
v 0.00587256 0.01026831 0.01306217
v -0.00021442 0.00914083 0.00562762
v 0.00237406 0.00555514 0.00055668
v 0.00670805 0.00580400 0.00495627
v 0.00650206 0.00882442 0.00902823
v 0.00617680 0.00919498 0.00929736
v -0.00021442 0.01157286 0.01190961
v -0.00021442 0.00910128 0.00532339
v 0.00237406 0.00555514 0.00006231
v 0.00503740 0.00555453 -0.00183399
v 0.00670805 0.00555453 0.00136405
v 0.00670805 0.00707417 0.00388051
v 0.00574313 0.00948157 0.00913062
v 0.00575465 0.00983813 0.01051865
v 0.00555679 0.01028596 0.01190961
v 0.00539078 0.01058198 0.01306217
v 0.00131360 0.01170277 0.01306217
v 0.00079251 0.01148220 0.01156297
v -0.00021442 0.00910128 0.00378178
v 0.00464066 0.00555514 -0.00188006
v 0.00670805 0.00555453 0.00003306
v 0.00602773 0.00886306 0.00773819
v 0.00554120 0.00923270 0.00779962
v 0.00506620 0.01028170 0.01058155
v -0.00021442 0.01131062 0.01054644
v -0.00021442 0.00954850 0.00477198
v 0.00237406 0.00781133 0.00096914
v 0.00237406 0.00740700 0.00011789
v 0.00237406 0.00709638 -0.00040866
v 0.00237406 0.00693270 -0.00048471
v 0.00237406 0.00658953 -0.00054029
v 0.00237406 0.00632302 -0.00047155
v 0.00650273 0.00555453 -0.00039403
v 0.00619578 0.00747363 0.00370572
v 0.00651493 0.00710186 0.00342197
v 0.00670805 0.00605651 0.00121340
v 0.00515700 0.00990202 0.00926372
v 0.00489544 0.00960143 0.00773819
v 0.00491713 0.01065104 0.01190961
v 0.00470910 0.01094858 0.01306217
v 0.00169035 0.01162884 0.01277257
v 0.00148706 0.01143718 0.01156297
v 0.00104425 0.01126878 0.01058740
v 0.00027143 0.01096409 0.00917523
v -0.00021442 0.01092485 0.00897704
v 0.00053705 0.00953816 0.00479831
v 0.00237406 0.00854514 0.00260436
v 0.00287684 0.00752109 0.00048647
v 0.00311248 0.00716240 -0.00014611
v 0.00479346 0.00573159 -0.00181717
v 0.00505400 0.00567014 -0.00178207
v 0.00585087 0.00747546 0.00301244
v 0.00551613 0.00782593 0.00334884
v 0.00446990 0.01024823 0.00926372
v 0.00446042 0.01058958 0.01065907
v 0.00197494 0.01163189 0.01306217
v 0.00252855 0.01137025 0.01190961
v 0.00114013 0.01089625 0.00908966
v -0.00021442 0.01012350 0.00635308
v 0.00162225 0.00956219 0.00508425
v 0.00306014 0.00800360 0.00161233
v 0.00494694 0.00581191 -0.00165335
v 0.00539925 0.00575198 -0.00150197
v 0.00562184 0.00555453 -0.00156267
v 0.00621407 0.00574985 -0.00048617
v 0.00622186 0.00662634 0.00157979
v 0.00526203 0.00787005 0.00309434
v 0.00483581 0.00921810 0.00644815
v 0.00461152 0.00973895 0.00774112
v 0.00401895 0.01099452 0.01179626
v 0.00419412 0.00992696 0.00780694
v 0.00343316 0.01059080 0.00926372
v 0.00399795 0.01066290 0.01026781
v 0.00309910 0.01128628 0.01202955
v 0.00264103 0.01129784 0.01161782
v 0.00302287 0.01145969 0.01306217
v 0.00218161 0.01105749 0.01017347
v 0.00082368 0.01054273 0.00776891
v -0.00021442 0.01057316 0.00775575
v 0.00096632 0.01007543 0.00635308
v 0.00148706 0.01003345 0.00635308
v 0.00229884 0.00987950 0.00620243
v 0.00279146 0.00851593 0.00267603
v 0.00370353 0.00709760 -0.00005324
v 0.00515293 0.00607720 -0.00113119
v 0.00603739 0.00555453 -0.00117690
v 0.00569401 0.00678850 0.00108761
v 0.00551207 0.00712924 0.00161855
v 0.00479041 0.00780829 0.00235425
v 0.00411077 0.00954728 0.00650520
v 0.00378145 0.01128567 0.01306217
v 0.00357139 0.01010950 0.00774112
v 0.00342638 0.01093641 0.01065907
v 0.00261664 0.01096653 0.01008645
v 0.00200781 0.01074505 0.00887064
v 0.00275962 0.00990080 0.00649057
v 0.00349398 0.00766545 0.00106275
v 0.00432218 0.00712985 0.00040603
v 0.00549445 0.00607659 -0.00078309
v 0.00517428 0.00678363 0.00040091
v 0.00451192 0.00818006 0.00299196
v 0.00486292 0.00714810 0.00088870
v 0.00366626 0.00960509 0.00625947
v 0.00314789 0.01025614 0.00784204
v 0.00357139 0.01114998 0.01190815
v 0.00268101 0.01057741 0.00862455
v 0.00218161 0.01039974 0.00774258
v 0.00322446 0.00975234 0.00635308
v 0.00391833 0.00833948 0.00288519
v 0.00410603 0.00746329 0.00096037
v 0.00274877 0.01024458 0.00753928
f 1355 1356 1363
f 1355 1363 1373
f 1355 1373 1388
f 1355 1388 1412
f 1355 1412 1463
f 1355 1463 1448
f 1355 1448 1428
f 1355 1428 1389
f 1355 1389 1365
f 1355 1365 1360
f 1355 1360 1357
f 1355 1357 1362
f 1355 1362 1368
f 1355 1368 1376
f 1355 1376 1383
f 1355 1383 1393
f 1355 1393 1408
f 1355 1408 1384
f 1355 1384 1370
f 1355 1370 1358
f 1355 1358 1356
f 1356 1358 1359
f 1357 1360 1361
f 1357 1361 1362
f 1356 1359 1363
f 1359 1364 1363
f 1360 1365 1379
f 1360 1379 1397
f 1360 1397 1417
f 1360 1417 1451
f 1360 1451 1431
f 1360 1431 1398
f 1360 1398 1391
f 1360 1391 1380
f 1360 1380 1374
f 1360 1374 1366
f 1360 1366 1361
f 1361 1366 1362
f 1362 1366 1367
f 1362 1367 1368
f 1358 1369 1359
f 1358 1370 1369
f 1359 1369 1371
f 1359 1371 1364
f 1364 1372 1373
f 1364 1373 1363
f 1364 1371 1372
f 1366 1374 1375
f 1366 1375 1367
f 1367 1375 1368
f 1368 1375 1376
f 1369 1370 1377
f 1369 1377 1371
f 1371 1377 1378
f 1374 1380 1375
f 1375 1380 1391
f 1375 1391 1381
f 1375 1381 1382
f 1375 1382 1383
f 1375 1383 1376
f 1370 1384 1377
f 1378 1385 1371
f 1371 1385 1386
f 1371 1386 1372
f 1372 1387 1373
f 1372 1386 1387
f 1373 1387 1388
f 1365 1390 1379
f 1381 1392 1382
f 1382 1436 1458
f 1382 1458 1405
f 1382 1405 1393
f 1382 1393 1383
f 1377 1394 1378
f 1377 1384 1394
f 1378 1394 1385
f 1385 1394 1395
f 1387 1386 1396
f 1389 1390 1365
f 1379 1390 1397
f 1391 1398 1399
f 1391 1399 1400
f 1391 1400 1401
f 1391 1401 1402
f 1391 1402 1403
f 1391 1403 1404
f 1391 1404 1381
f 1392 1381 1404
f 1394 1384 1406
f 1384 1408 1407
f 1384 1407 1406
f 1394 1406 1395
f 1385 1409 1386
f 1385 1395 1409
f 1395 1410 1409
f 1386 1409 1396
f 1396 1411 1387
f 1387 1411 1388
f 1388 1411 1412
f 1389 1413 1414
f 1389 1414 1390
f 1390 1414 1415
f 1390 1415 1397
f 1397 1416 1417
f 1398 1419 1399
f 1399 1420 1400
f 1400 1421 1401
f 1401 1421 1422
f 1401 1422 1392
f 1401 1392 1402
f 1402 1392 1403
f 1403 1392 1404
f 1392 1422 1382
f 1382 1422 1423
f 1405 1408 1393
f 1406 1424 1425
f 1406 1425 1395
f 1395 1425 1410
f 1396 1409 1426
f 1396 1426 1427
f 1396 1427 1411
f 1389 1428 1413
f 1413 1428 1429
f 1413 1429 1414
f 1415 1430 1416
f 1415 1416 1397
f 1398 1431 1418
f 1398 1418 1419
f 1419 1418 1432
f 1419 1433 1399
f 1399 1433 1420
f 1420 1421 1400
f 1422 1434 1435
f 1422 1435 1423
f 1422 1421 1434
f 1423 1435 1436
f 1423 1436 1382
f 1405 1438 1408
f 1405 1437 1438
f 1407 1438 1406
f 1406 1438 1424
f 1425 1439 1440
f 1425 1440 1410
f 1407 1408 1438
f 1410 1441 1426
f 1410 1426 1409
f 1410 1440 1441
f 1411 1427 1442
f 1411 1442 1412
f 1426 1441 1443
f 1426 1443 1444
f 1426 1444 1445
f 1426 1445 1427
f 1429 1446 1447
f 1429 1428 1448
f 1429 1448 1446
f 1429 1447 1414
f 1414 1447 1449
f 1414 1449 1415
f 1415 1449 1430
f 1430 1450 1416
f 1416 1450 1451
f 1416 1451 1417
f 1431 1451 1450
f 1431 1452 1418
f 1432 1418 1452
f 1432 1452 1453
f 1432 1453 1454
f 1432 1454 1455
f 1432 1455 1419
f 1419 1455 1433
f 1434 1421 1456
f 1434 1456 1457
f 1434 1457 1435
f 1421 1420 1456
f 1405 1458 1437
f 1437 1458 1459
f 1437 1459 1438
f 1424 1459 1460
f 1424 1460 1425
f 1425 1460 1439
f 1439 1460 1461
f 1441 1440 1462
f 1441 1462 1443
f 1427 1445 1442
f 1412 1442 1463
f 1443 1464 1444
f 1443 1462 1464
f 1447 1446 1465
f 1447 1465 1466
f 1447 1466 1449
f 1449 1466 1467
f 1449 1467 1430
f 1430 1467 1450
f 1450 1452 1431
f 1452 1450 1453
f 1455 1454 1468
f 1433 1469 1420
f 1420 1469 1456
f 1457 1456 1470
f 1457 1471 1435
f 1435 1458 1436
f 1438 1459 1424
f 1460 1459 1472
f 1461 1473 1439
f 1439 1473 1440
f 1460 1474 1461
f 1440 1473 1462
f 1462 1473 1475
f 1462 1475 1464
f 1445 1465 1442
f 1464 1476 1444
f 1464 1475 1476
f 1445 1444 1465
f 1446 1477 1465
f 1446 1448 1463
f 1446 1463 1477
f 1465 1477 1442
f 1467 1466 1478
f 1467 1479 1450
f 1453 1450 1479
f 1453 1479 1454
f 1454 1479 1468
f 1468 1480 1455
f 1455 1481 1433
f 1455 1480 1481
f 1469 1433 1481
f 1469 1481 1482
f 1469 1482 1456
f 1456 1482 1470
f 1470 1474 1457
f 1457 1474 1472
f 1457 1472 1471
f 1435 1471 1458
f 1458 1471 1459
f 1459 1471 1472
f 1472 1474 1460
f 1461 1474 1482
f 1461 1482 1473
f 1473 1481 1475
f 1475 1481 1480
f 1475 1480 1476
f 1442 1477 1463
f 1444 1466 1465
f 1466 1444 1478
f 1467 1478 1479
f 1479 1478 1483
f 1479 1483 1468
f 1468 1483 1476
f 1468 1476 1480
f 1482 1481 1473
f 1470 1482 1474
f 1476 1478 1444
f 1476 1483 1478

o geometry_12
v 0.00670770 0.00720287 0.02634129
v 0.00670770 0.00720811 0.02441980
v -0.00021332 0.00720335 0.02941401
v 0.00567162 0.00720287 0.02781056
v -0.00021332 0.00720335 0.02998218
v -0.00469819 0.00780569 0.02780228
v 0.00670659 0.00854660 0.01306480
v 0.00670770 0.00923227 0.02268963
v 0.00637499 0.00801330 0.02602242
v 0.00662285 0.00840161 0.02495193
v 0.00599149 0.00796949 0.02666098
v 0.00043215 0.00801273 0.02946805
v -0.00129127 0.00800669 0.02946453
v -0.00259978 0.00781403 0.02946578
v -0.00427058 0.00780569 0.02878290
v -0.00469819 0.00780569 0.02827768
v -0.00469819 0.01057886 0.01306148
v -0.00022560 0.01177021 0.01305983
v 0.00670659 0.00946131 0.01306480
v 0.00322096 0.00720335 0.02954984
v 0.00148484 0.00787569 0.02951340
v -0.00223636 0.00851136 0.02877297
v -0.00469819 0.00826662 0.02807228
v -0.00469819 0.01117025 0.01305983
v 0.00588263 0.00855517 0.02605638
v 0.00515692 0.00817281 0.02739314
v 0.00480300 0.00782141 0.02807560
v -0.00316136 0.00814829 0.02893716
v -0.00380501 0.00904633 0.02757700
v -0.00469819 0.00867564 0.02760516
v 0.00187198 0.01164475 0.01306480
v 0.00378031 0.01128739 0.01306480
v 0.00587146 0.01026888 0.01306480
v 0.00670659 0.00976129 0.02043271
v 0.00670659 0.00978557 0.01469144
v 0.00670659 0.00993294 0.01677526
v 0.00588486 0.00924394 0.02486953
v 0.00653967 0.00921299 0.02342924
v 0.00432292 0.00870873 0.02741301
v 0.00402035 0.00720335 0.02915229
v 0.00087804 0.00855053 0.02882431
v -0.00469819 0.00958059 0.02622948
v -0.00433310 0.01129881 0.01305983
v 0.00183206 0.01180926 0.01434524
v 0.00504918 0.01098764 0.01459453
v 0.00496489 0.00919799 0.02615742
v 0.00407171 0.00831304 0.02805075
v 0.00281344 0.00819234 0.02880775
v 0.00230768 0.00918609 0.02770289
v -0.00016252 0.00927299 0.02783541
v -0.00285266 0.00919466 0.02771283
v -0.00028198 0.01197401 0.01484549
v 0.00275818 0.01170409 0.01462041
v 0.00418057 0.01136167 0.01476349
v 0.00555606 0.01063147 0.01405536
v 0.00627674 0.01024697 0.01538632
v 0.00590663 0.01046148 0.02024719
v 0.00605066 0.01010079 0.02181088
v 0.00590608 0.01063885 0.01746931
v 0.00611876 0.01043077 0.01885908
v 0.00582401 0.00988366 0.02336878
v 0.00513906 0.00989176 0.02459704
v 0.00427379 0.00954606 0.02615990
v 0.00327176 0.00903824 0.02756375
v -0.00189891 0.00924822 0.02779690
v -0.00312340 0.00991176 0.02635785
v -0.00399034 0.00991366 0.02602822
v -0.00469819 0.01138595 0.01469144
v -0.00353706 0.01165332 0.01443054
v -0.00215933 0.01197211 0.01625347
v -0.00014102 0.01203573 0.01595076
v -0.00258247 0.01163498 0.01305983
v 0.00119567 0.01197711 0.01585758
v 0.00326729 0.01169915 0.01599424
v 0.00449597 0.01134024 0.01608120
v 0.00587370 0.01061505 0.01608120
v 0.00532328 0.01024531 0.02322301
v 0.00345653 0.00990557 0.02601165
v 0.00094670 0.00953987 0.02736498
v -0.00147828 0.00954178 0.02736663
v -0.00469819 0.01031780 0.02462644
v -0.00387814 0.01062005 0.02438957
v -0.00469819 0.01148214 0.01608451
v -0.00259392 0.01179521 0.01443054
v 0.00354585 0.01166498 0.01746766
v 0.00476839 0.01126882 0.01746931
v 0.00525071 0.01099407 0.01885908
v 0.00527638 0.01061171 0.02181088
v 0.00469024 0.01078813 0.02227469
v 0.00448090 0.01042672 0.02393943
v 0.00274311 0.00989699 0.02633963
v -0.00024932 0.01018751 0.02613589
v -0.00233350 0.01028745 0.02576484
v -0.00469819 0.01146500 0.01885908
v -0.00399565 0.01169343 0.01751528
v -0.00337517 0.01180355 0.01608120
v -0.00219059 0.01197496 0.01764986
v -0.00042321 0.01206448 0.01729621
v 0.00145581 0.01198687 0.01746766
v 0.00439939 0.01136286 0.01885908
v 0.00506537 0.01096860 0.02018755
v 0.00328850 0.01059790 0.02446038
v 0.00380599 0.01094788 0.02291905
v 0.00233783 0.01057981 0.02493330
v -0.00361186 0.01104347 0.02317622
v -0.00469819 0.01078527 0.02316835
v -0.00351696 0.01173736 0.01885908
v 0.00299375 0.01172617 0.01885908
v 0.00419787 0.01131215 0.02024719
v 0.00344202 0.01128834 0.02172806
v 0.00074071 0.01083599 0.02450676
v -0.00373942 0.01135631 0.02165310
v -0.00469819 0.01113501 0.02163861
v -0.00198711 0.01086789 0.02433035
v -0.00246692 0.01124763 0.02295466
v -0.00390466 0.01154689 0.02017348
v -0.00152629 0.01197687 0.01874975
v 0.00081552 0.01197401 0.01887978
v 0.00317853 0.01156404 0.02024719
v 0.00278693 0.01111954 0.02302506
v -0.00032775 0.01093753 0.02426368
v -0.00188188 0.01159332 0.02157442
v -0.00198600 0.01179390 0.02024884
v 0.00200568 0.01174569 0.02024719
v 0.00117111 0.01129762 0.02292775
v -0.00107412 0.01131119 0.02297930
v 0.00005436 0.01185253 0.02024802
v 0.00104830 0.01162975 0.02148787
v -0.00049188 0.01164475 0.02156365
f 1484 1485 1491
f 1484 1491 1493
f 1484 1487 1485
f 1486 1487 1488
f 1486 1488 1499
f 1486 1499 1489
f 1486 1489 1490
f 1486 1490 1485
f 1486 1485 1487
f 1485 1490 1491
f 1484 1493 1492
f 1484 1494 1487
f 1488 1495 1496
f 1488 1496 1497
f 1488 1497 1498
f 1488 1498 1499
f 1489 1499 1506
f 1489 1506 1513
f 1489 1513 1525
f 1489 1525 1564
f 1489 1564 1589
f 1489 1589 1596
f 1489 1596 1577
f 1489 1577 1566
f 1489 1566 1551
f 1489 1551 1507
f 1489 1507 1500
f 1489 1500 1490
f 1490 1500 1501
f 1490 1501 1502
f 1490 1502 1491
f 1492 1494 1484
f 1487 1503 1488
f 1488 1504 1495
f 1496 1505 1497
f 1498 1506 1499
f 1500 1507 1526
f 1500 1526 1555
f 1500 1555 1501
f 1492 1493 1508
f 1492 1508 1494
f 1494 1509 1487
f 1503 1504 1488
f 1497 1505 1511
f 1497 1511 1498
f 1498 1511 1506
f 1506 1512 1513
f 1506 1511 1512
f 1501 1514 1515
f 1501 1515 1516
f 1501 1516 1502
f 1491 1502 1518
f 1491 1518 1519
f 1491 1519 1517
f 1493 1520 1508
f 1493 1491 1521
f 1508 1509 1494
f 1509 1510 1487
f 1510 1523 1487
f 1487 1523 1503
f 1513 1512 1525
f 1501 1527 1514
f 1515 1528 1516
f 1502 1516 1518
f 1493 1521 1520
f 1520 1529 1508
f 1508 1529 1509
f 1509 1529 1522
f 1522 1510 1509
f 1510 1530 1523
f 1503 1523 1531
f 1503 1531 1504
f 1504 1524 1495
f 1524 1504 1532
f 1524 1533 1495
f 1495 1533 1496
f 1496 1533 1505
f 1505 1534 1511
f 1511 1534 1512
f 1501 1535 1527
f 1514 1527 1536
f 1514 1536 1515
f 1515 1536 1537
f 1515 1537 1528
f 1528 1538 1516
f 1516 1538 1539
f 1516 1539 1518
f 1517 1540 1541
f 1517 1541 1491
f 1491 1541 1521
f 1518 1539 1519
f 1519 1539 1542
f 1519 1542 1517
f 1517 1542 1543
f 1517 1543 1540
f 1521 1544 1520
f 1520 1545 1529
f 1529 1545 1546
f 1522 1529 1546
f 1522 1547 1530
f 1522 1530 1510
f 1530 1531 1523
f 1531 1532 1504
f 1533 1548 1505
f 1505 1548 1534
f 1512 1534 1549
f 1512 1549 1550
f 1512 1550 1525
f 1507 1551 1526
f 1526 1551 1552
f 1535 1553 1554
f 1535 1501 1555
f 1535 1554 1556
f 1535 1556 1527
f 1537 1536 1557
f 1537 1557 1558
f 1538 1559 1539
f 1541 1544 1521
f 1544 1560 1545
f 1544 1545 1520
f 1546 1545 1561
f 1546 1547 1522
f 1547 1531 1530
f 1531 1547 1532
f 1532 1562 1524
f 1524 1562 1533
f 1533 1562 1563
f 1533 1563 1548
f 1548 1563 1534
f 1550 1565 1564
f 1550 1564 1525
f 1526 1552 1555
f 1551 1566 1552
f 1553 1535 1567
f 1555 1567 1535
f 1556 1536 1527
f 1536 1556 1557
f 1558 1557 1568
f 1558 1568 1569
f 1537 1558 1528
f 1538 1528 1559
f 1559 1542 1539
f 1544 1541 1560
f 1543 1570 1540
f 1543 1542 1570
f 1560 1541 1571
f 1560 1572 1573
f 1560 1573 1545
f 1545 1573 1561
f 1546 1561 1547
f 1532 1574 1562
f 1563 1575 1576
f 1563 1576 1549
f 1563 1549 1534
f 1549 1576 1550
f 1550 1576 1565
f 1566 1577 1578
f 1566 1578 1579
f 1566 1579 1552
f 1552 1567 1555
f 1553 1567 1579
f 1553 1580 1554
f 1554 1580 1581
f 1554 1581 1582
f 1554 1582 1556
f 1568 1583 1569
f 1528 1558 1559
f 1558 1569 1559
f 1559 1569 1542
f 1542 1569 1570
f 1540 1570 1584
f 1540 1584 1571
f 1540 1571 1541
f 1560 1571 1572
f 1573 1572 1586
f 1573 1586 1585
f 1573 1585 1561
f 1561 1574 1547
f 1532 1547 1574
f 1562 1574 1587
f 1562 1587 1575
f 1575 1563 1562
f 1565 1588 1589
f 1565 1589 1564
f 1579 1567 1552
f 1579 1578 1553
f 1556 1582 1557
f 1557 1582 1568
f 1568 1582 1591
f 1568 1591 1583
f 1583 1592 1584
f 1569 1583 1570
f 1571 1584 1572
f 1572 1584 1592
f 1572 1592 1593
f 1572 1593 1586
f 1561 1585 1574
f 1585 1587 1574
f 1587 1594 1575
f 1589 1595 1596
f 1565 1576 1597
f 1565 1597 1598
f 1565 1598 1588
f 1577 1596 1599
f 1578 1577 1590
f 1590 1577 1599
f 1553 1578 1580
f 1580 1578 1590
f 1580 1600 1581
f 1581 1600 1601
f 1581 1601 1582
f 1582 1601 1591
f 1591 1602 1592
f 1591 1592 1583
f 1592 1602 1593
f 1584 1570 1583
f 1585 1586 1603
f 1586 1593 1603
f 1575 1604 1576
f 1576 1604 1597
f 1588 1595 1589
f 1596 1595 1599
f 1598 1605 1595
f 1598 1595 1588
f 1590 1599 1606
f 1590 1600 1580
f 1600 1590 1606
f 1601 1607 1591
f 1591 1607 1602
f 1585 1603 1587
f 1587 1603 1608
f 1587 1608 1594
f 1594 1608 1604
f 1575 1594 1604
f 1597 1609 1598
f 1605 1606 1595
f 1595 1606 1599
f 1601 1600 1610
f 1601 1610 1607
f 1607 1611 1593
f 1607 1593 1602
f 1593 1611 1608
f 1593 1608 1603
f 1604 1609 1597
f 1600 1606 1610
f 1610 1606 1605
f 1610 1605 1612
f 1610 1612 1611
f 1610 1611 1607
f 1608 1612 1609
f 1608 1609 1604
f 1608 1611 1612
f 1609 1612 1605
f 1609 1605 1598

o geometry_13
v -0.00234919 -0.00765302 0.00997164
v -0.00234919 -0.00730457 0.00986154
v -0.00268183 -0.00730457 0.00986154
v -0.00302909 -0.00730457 0.00985630
v -0.00268183 -0.00765302 0.00994018
v -0.00234919 -0.00793638 0.00980257
v -0.00234919 -0.00718586 0.00977767
v -0.00268183 -0.00718586 0.00977767
v -0.00367870 -0.00689867 0.00956928
v -0.00367870 -0.00707290 0.00968854
v -0.00372360 -0.00707290 0.00968723
v -0.00392367 -0.00709588 0.00967151
v -0.00337661 -0.00730457 0.00980388
v -0.00302909 -0.00765302 0.00987596
v -0.00268183 -0.00791532 0.00977373
v -0.00254633 -0.00852991 0.00896771
v -0.00268210 -0.01393864 0.00155881
v -0.00234919 -0.01393864 0.00159420
v -0.00234919 -0.00718586 0.00930453
v -0.00367737 0.00562087 0.00048018
v -0.00367737 0.00400878 0.00165186
v -0.00367870 -0.00606965 0.00897033
v -0.00367870 -0.00665743 0.00939628
v -0.00372360 -0.00665743 0.00939628
v -0.00407086 -0.00606965 0.00897033
v -0.00372360 -0.00690059 0.00956928
v -0.00427066 -0.00607540 0.00896509
v -0.00407086 -0.00666701 0.00937662
v -0.00427943 -0.00671296 0.00933992
v -0.00392367 -0.00716863 0.00967151
v -0.00360298 -0.00752092 0.00969379
v -0.00335536 -0.00764345 0.00975276
v -0.00322543 -0.00784257 0.00967413
v -0.00302909 -0.00787320 0.00971607
v -0.00302510 -0.01393864 0.00147886
v -0.00234919 -0.01393864 0.00111320
v -0.00367737 0.00562087 0.00001360
v -0.00234919 -0.01367060 0.00127179
v -0.00407112 0.00562087 0.00048018
v -0.00424542 0.00016044 0.00444216
v -0.00425179 0.00398197 0.00166628
v -0.00429484 0.00538729 0.00063614
v -0.00431609 -0.00467200 0.00793363
v -0.00459135 -0.00574226 0.00860729
v -0.00427943 -0.00685272 0.00933992
v -0.00459985 -0.00597392 0.00864005
v -0.00398637 -0.00729308 0.00947229
v -0.00383466 -0.00740030 0.00958369
v -0.00392712 -0.00751134 0.00935172
v -0.00367870 -0.00760899 0.00950244
v -0.00367817 -0.00764345 0.00945919
v -0.00345712 -0.00775258 0.00954962
v -0.00376080 -0.01393864 0.00085370
v -0.00374459 -0.01393864 0.00087074
v -0.00343134 -0.01393864 0.00117611
v -0.00314785 -0.00815656 0.00928356
v -0.00234919 -0.01390418 0.00112238
v -0.00448321 -0.01393864 -0.00160894
v -0.00453635 -0.01379313 -0.00187893
v -0.00453263 -0.01345616 -0.00222362
v -0.00454910 -0.01309239 -0.00254341
v -0.00449277 -0.01286072 -0.00261549
v -0.00453210 -0.01244717 -0.00291038
v -0.00449570 -0.01213318 -0.00302571
v -0.00447099 -0.01205085 -0.00302440
v -0.00433124 -0.01205085 -0.00278325
v -0.00430493 -0.00783683 -0.00301654
v -0.00424117 0.00504649 -0.00182650
v -0.00437800 0.00554237 -0.00163384
v -0.00445983 0.00562087 -0.00171117
v -0.00234919 -0.01368017 0.00126261
v -0.00441519 0.00562087 0.00040547
v -0.00459267 0.00189889 0.00305684
v -0.00506348 0.00562087 -0.00123148
v -0.00432353 -0.00696377 0.00913153
v -0.00422097 -0.00708439 0.00924556
v -0.00459985 -0.00615007 0.00864005
v -0.00449623 -0.00660765 0.00878291
v -0.00506348 0.00059506 0.00103588
v -0.00506348 0.00038828 0.00112369
v -0.00506348 0.00033467 0.00114073
v -0.00506348 0.00026957 0.00115121
v -0.00390108 -0.00782725 0.00896246
v -0.00415535 -0.00729308 0.00913153
v -0.00482223 -0.01393864 -0.00100082
v -0.00429351 -0.01393864 0.00002015
v -0.00421407 -0.01393864 0.00017218
v -0.00402303 -0.01393864 0.00047625
v -0.00378365 -0.01393864 0.00082094
v -0.00476511 -0.01393864 -0.00184354
v -0.00476511 -0.01385057 -0.00194184
v -0.00476511 -0.01369166 -0.00211746
v -0.00476511 -0.01351935 -0.00228522
v -0.00476511 -0.01333172 -0.00245822
v -0.00476511 -0.01315749 -0.00259190
v -0.00473880 -0.01286072 -0.00277932
v -0.00460543 -0.01267884 -0.00284354
v -0.00455335 -0.01205085 -0.00313187
v -0.00451217 -0.01205085 -0.00307945
v -0.00448321 -0.00783683 -0.00330225
v -0.00438995 -0.00783683 -0.00315415
v -0.00431423 0.00484929 -0.00200081
v -0.00452811 0.00508095 -0.00218168
v -0.00439766 0.00517860 -0.00197329
v -0.00451137 0.00554237 -0.00187762
v -0.00453847 0.00562087 -0.00185402
v -0.00459693 0.00562087 0.00029931
v -0.00458045 0.00429788 0.00129014
v -0.00459879 0.00469420 0.00098476
v -0.00459639 0.00329655 0.00202015
v -0.00506348 0.00562087 -0.00183961
v -0.00441891 -0.00695611 0.00878291
v -0.00457859 -0.00638173 0.00854438
v -0.00506348 0.00026957 -0.00223410
v -0.00482223 -0.01393864 -0.00185140
v -0.00482223 -0.01382951 -0.00197591
v -0.00482223 -0.01369740 -0.00212139
v -0.00482223 -0.01349446 -0.00231798
v -0.00482223 -0.01333746 -0.00246346
v -0.00482223 -0.01316515 -0.00259583
v -0.00482223 -0.01276117 -0.00286713
v -0.00482223 -0.01271330 -0.00289334
v -0.00476511 -0.01223082 -0.00313580
v -0.00474518 -0.01205085 -0.00322099
v -0.00472605 -0.00783683 -0.00341759
v -0.00448746 0.00484929 -0.00222231
v -0.00476511 0.00450083 -0.00232585
v -0.00478796 0.00487609 -0.00223934
v -0.00468753 0.00508095 -0.00218168
v -0.00476511 0.00562087 -0.00188941
v -0.00505365 0.00562087 -0.00184616
v -0.00506348 0.00560364 -0.00184878
v -0.00506348 0.00415237 -0.00233502
v -0.00482223 -0.01205085 -0.00323410
v -0.00482223 -0.01206617 -0.00322755
v -0.00482223 -0.01221168 -0.00315415
v -0.00476511 -0.01205659 -0.00322362
v -0.00476511 -0.01205085 -0.00322624
v -0.00506348 0.00450083 -0.00230881
v -0.00506348 0.00479376 -0.00221051
v -0.00485092 0.00562087 -0.00188548
f 1613 1614 1615
f 1613 1615 1616
f 1613 1616 1617
f 1613 1617 1618
f 1613 1618 1630
f 1613 1630 1648
f 1613 1648 1669
f 1613 1669 1683
f 1613 1683 1650
f 1613 1650 1631
f 1613 1631 1619
f 1613 1619 1614
f 1614 1619 1620
f 1614 1620 1615
f 1615 1620 1621
f 1615 1621 1622
f 1615 1622 1616
f 1616 1622 1623
f 1616 1623 1624
f 1616 1624 1625
f 1616 1625 1617
f 1617 1625 1626
f 1617 1626 1627
f 1617 1627 1618
f 1618 1627 1628
f 1618 1628 1629
f 1618 1629 1630
f 1619 1631 1649
f 1619 1649 1632
f 1619 1632 1633
f 1619 1633 1634
f 1619 1634 1635
f 1619 1635 1636
f 1619 1636 1620
f 1620 1636 1621
f 1621 1636 1637
f 1621 1637 1638
f 1621 1638 1623
f 1621 1623 1622
f 1623 1638 1639
f 1623 1639 1640
f 1623 1640 1624
f 1624 1640 1641
f 1624 1641 1657
f 1624 1657 1642
f 1624 1642 1625
f 1625 1642 1626
f 1626 1642 1643
f 1626 1643 1644
f 1626 1644 1645
f 1626 1645 1646
f 1626 1646 1627
f 1627 1646 1647
f 1627 1647 1628
f 1628 1647 1629
f 1629 1647 1667
f 1629 1667 1666
f 1629 1666 1665
f 1629 1665 1701
f 1629 1701 1700
f 1629 1700 1699
f 1629 1699 1698
f 1629 1698 1697
f 1629 1697 1727
f 1629 1727 1702
f 1629 1702 1670
f 1629 1670 1648
f 1629 1648 1630
f 1631 1650 1649
f 1632 1649 1682
f 1632 1682 1718
f 1632 1718 1742
f 1632 1742 1753
f 1632 1753 1743
f 1632 1743 1723
f 1632 1723 1686
f 1632 1686 1719
f 1632 1719 1684
f 1632 1684 1651
f 1632 1651 1633
f 1633 1651 1637
f 1633 1637 1634
f 1634 1637 1636
f 1634 1636 1635
f 1637 1651 1652
f 1637 1652 1639
f 1637 1639 1638
f 1639 1652 1653
f 1639 1653 1654
f 1639 1654 1655
f 1639 1655 1656
f 1639 1656 1641
f 1639 1641 1640
f 1641 1656 1658
f 1641 1658 1689
f 1641 1689 1657
f 1642 1657 1659
f 1642 1659 1660
f 1642 1660 1643
f 1643 1660 1661
f 1643 1661 1662
f 1643 1662 1663
f 1643 1663 1664
f 1643 1664 1645
f 1643 1645 1644
f 1645 1665 1666
f 1645 1666 1667
f 1645 1667 1647
f 1645 1647 1668
f 1645 1668 1646
f 1645 1664 1665
f 1646 1668 1647
f 1648 1670 1671
f 1648 1671 1672
f 1648 1672 1673
f 1648 1673 1674
f 1648 1674 1675
f 1648 1675 1676
f 1648 1676 1677
f 1648 1677 1678
f 1648 1678 1679
f 1648 1679 1680
f 1648 1680 1649
f 1648 1649 1669
f 1649 1680 1681
f 1649 1681 1682
f 1649 1650 1683
f 1649 1683 1669
f 1651 1684 1654
f 1651 1654 1653
f 1651 1653 1652
f 1654 1684 1685
f 1654 1685 1656
f 1654 1656 1655
f 1656 1685 1686
f 1656 1686 1658
f 1657 1687 1688
f 1657 1688 1659
f 1657 1689 1690
f 1657 1690 1687
f 1658 1686 1691
f 1658 1691 1692
f 1658 1692 1693
f 1658 1693 1694
f 1658 1694 1689
f 1659 1688 1661
f 1659 1661 1660
f 1661 1695 1663
f 1661 1663 1662
f 1661 1688 1696
f 1661 1696 1697
f 1661 1697 1698
f 1661 1698 1699
f 1661 1699 1700
f 1661 1700 1695
f 1663 1695 1665
f 1663 1665 1664
f 1665 1695 1701
f 1670 1702 1671
f 1671 1703 1704
f 1671 1704 1672
f 1671 1702 1703
f 1672 1704 1705
f 1672 1705 1706
f 1672 1706 1673
f 1673 1707 1708
f 1673 1708 1709
f 1673 1709 1675
f 1673 1675 1674
f 1673 1706 1707
f 1675 1709 1710
f 1675 1710 1676
f 1676 1710 1711
f 1676 1711 1677
f 1677 1711 1712
f 1677 1712 1713
f 1677 1713 1679
f 1677 1679 1678
f 1679 1713 1714
f 1679 1714 1680
f 1680 1714 1715
f 1680 1715 1716
f 1680 1716 1717
f 1680 1717 1681
f 1681 1717 1682
f 1682 1717 1718
f 1684 1719 1720
f 1684 1720 1685
f 1685 1720 1721
f 1685 1721 1722
f 1685 1722 1686
f 1686 1721 1719
f 1686 1723 1744
f 1686 1744 1752
f 1686 1752 1751
f 1686 1751 1745
f 1686 1745 1726
f 1686 1726 1694
f 1686 1694 1693
f 1686 1693 1692
f 1686 1692 1691
f 1686 1722 1721
f 1687 1690 1724
f 1687 1724 1697
f 1687 1697 1688
f 1688 1697 1696
f 1689 1725 1690
f 1689 1694 1697
f 1689 1697 1725
f 1690 1725 1697
f 1690 1697 1724
f 1694 1726 1727
f 1694 1727 1697
f 1695 1700 1701
f 1702 1727 1728
f 1702 1728 1703
f 1703 1728 1704
f 1704 1728 1729
f 1704 1729 1705
f 1705 1730 1731
f 1705 1731 1706
f 1705 1729 1730
f 1706 1731 1732
f 1706 1732 1707
f 1707 1733 1708
f 1707 1732 1733
f 1708 1733 1709
f 1709 1733 1734
f 1709 1734 1735
f 1709 1735 1736
f 1709 1736 1710
f 1710 1736 1737
f 1710 1737 1712
f 1710 1712 1711
f 1712 1737 1738
f 1712 1738 1714
f 1712 1714 1713
f 1714 1738 1715
f 1715 1738 1739
f 1715 1739 1740
f 1715 1740 1741
f 1715 1741 1742
f 1715 1742 1718
f 1715 1718 1717
f 1715 1717 1716
f 1719 1721 1720
f 1723 1743 1744
f 1726 1745 1746
f 1726 1746 1747
f 1726 1747 1748
f 1726 1748 1734
f 1726 1734 1733
f 1726 1733 1732
f 1726 1732 1731
f 1726 1731 1730
f 1726 1730 1729
f 1726 1729 1728
f 1726 1728 1727
f 1734 1748 1735
f 1735 1748 1747
f 1735 1747 1749
f 1735 1749 1736
f 1736 1749 1750
f 1736 1750 1737
f 1737 1745 1751
f 1737 1751 1739
f 1737 1739 1738
f 1737 1750 1746
f 1737 1746 1745
f 1739 1751 1740
f 1740 1751 1752
f 1740 1752 1741
f 1741 1752 1743
f 1741 1743 1753
f 1741 1753 1742
f 1743 1752 1744
f 1746 1750 1747
f 1747 1750 1749

o geometry_14
v 0.00204706 0.00242592 0.00436998
v 0.00214089 0.00247071 0.00436998
v 0.00204706 0.00250405 0.00450033
v 0.00200575 0.00293749 0.00436862
v 0.00176398 0.00555407 0.00191775
v 0.00195970 0.00500766 0.00059930
v 0.00263610 0.00293749 0.00225381
v 0.00280851 0.00293749 0.00209563
v 0.00297070 0.00293749 0.00201008
v 0.00300610 0.00293749 0.00199175
v 0.00322312 0.00293749 0.00196663
v 0.00323420 0.00293749 0.00196595
v 0.00323420 0.00293749 0.00244730
v 0.00208491 0.00253789 0.00452613
v 0.00228811 0.00258666 0.00436998
v 0.00225804 0.00301960 0.00502649
v 0.00204706 0.00292057 0.00512086
v 0.00204706 0.00364563 0.00615620
v 0.00204706 0.00368842 0.00621662
v 0.00204706 0.00394869 0.00657849
v 0.00204706 0.00425374 0.00698855
v 0.00195970 0.00555407 0.00006228
v 0.00195970 0.00555108 0.00006432
v 0.00195970 0.00546300 0.00012814
v 0.00195970 0.00531918 0.00023269
v 0.00195970 0.00525648 0.00029108
v 0.00195970 0.00506887 0.00051104
v 0.00204706 0.00440701 0.00699805
v 0.00204706 0.00448912 0.00699805
v 0.00237403 0.00750978 0.00571423
v 0.00237403 0.00750978 0.00448404
v 0.00218191 0.00531570 0.00023269
v 0.00323406 0.00430848 0.00096184
v 0.00323406 0.00513108 0.00036372
v 0.00323406 0.00531222 0.00023269
v 0.00323406 0.00555407 0.00006228
v 0.00323420 0.00300965 0.00191775
v 0.00270877 0.00327489 0.00446231
v 0.00267208 0.00293749 0.00402781
v 0.00245534 0.00278870 0.00436998
v 0.00235273 0.00265732 0.00436998
v 0.00323420 0.00300517 0.00240046
v 0.00281498 0.00750978 0.00670001
v 0.00281398 0.00728286 0.00670001
v 0.00281383 0.00554610 0.00635241
v 0.00280145 0.00519826 0.00635241
v 0.00272604 0.00492953 0.00659206
v 0.00268906 0.00469813 0.00650177
v 0.00270345 0.00398203 0.00548747
v 0.00231646 0.00262846 0.00439714
v 0.00235849 0.00293898 0.00479430
v 0.00234582 0.00364563 0.00581946
v 0.00228667 0.00403826 0.00644881
v 0.00219299 0.00414973 0.00671087
v 0.00209930 0.00426170 0.00696818
v 0.00205512 0.00395018 0.00657645
v 0.00242267 0.00458417 0.00694102
v 0.00252874 0.00531222 0.00023269
v 0.00275842 0.00750978 0.00696003
v 0.00260084 0.00750978 0.00696003
v 0.00256529 0.00750978 0.00687585
v 0.00249693 0.00750978 0.00670001
v 0.00239418 0.00750978 0.00451663
v 0.00323406 0.00555407 0.00052937
v 0.00323420 0.00365857 0.00191775
v 0.00243850 0.00750978 0.00461982
v 0.00256975 0.00750978 0.00495317
v 0.00267121 0.00750978 0.00521794
v 0.00271352 0.00750978 0.00540125
v 0.00274821 0.00750978 0.00567078
v 0.00278419 0.00750978 0.00600548
v 0.00280779 0.00750978 0.00635241
v 0.00257940 0.00314202 0.00459335
v 0.00258357 0.00293749 0.00427086
v 0.00267927 0.00316491 0.00436998
v 0.00264704 0.00304448 0.00426815
v 0.00238799 0.00325100 0.00519215
v 0.00240353 0.00287777 0.00461575
v 0.00323420 0.00341273 0.00210106
v 0.00323406 0.00400691 0.00167606
v 0.00275713 0.00728286 0.00694374
v 0.00280160 0.00693551 0.00670001
v 0.00274662 0.00519826 0.00660496
v 0.00274490 0.00693551 0.00691862
v 0.00248686 0.00448315 0.00671766
v 0.00265999 0.00406912 0.00571830
v 0.00237907 0.00395665 0.00621730
v 0.00233086 0.00435277 0.00684530
v 0.00240454 0.00426966 0.00661379
f 1754 1755 1756
f 1754 1756 1757
f 1754 1757 1758
f 1754 1758 1759
f 1754 1759 1760
f 1754 1760 1761
f 1754 1761 1762
f 1754 1762 1763
f 1754 1763 1764
f 1754 1764 1765
f 1754 1765 1766
f 1754 1766 1755
f 1755 1767 1756
f 1755 1766 1768
f 1755 1768 1769
f 1755 1769 1770
f 1755 1770 1767
f 1756 1767 1770
f 1756 1770 1757
f 1757 1770 1771
f 1757 1771 1772
f 1757 1772 1773
f 1757 1773 1774
f 1757 1774 1758
f 1758 1775 1776
f 1758 1776 1777
f 1758 1777 1778
f 1758 1778 1779
f 1758 1779 1780
f 1758 1780 1759
f 1758 1774 1781
f 1758 1781 1782
f 1758 1782 1783
f 1758 1783 1784
f 1758 1784 1775
f 1759 1780 1760
f 1760 1780 1779
f 1760 1779 1761
f 1761 1779 1762
f 1762 1779 1763
f 1763 1779 1778
f 1763 1778 1764
f 1764 1778 1765
f 1765 1778 1785
f 1765 1785 1786
f 1765 1786 1787
f 1765 1787 1788
f 1765 1788 1789
f 1765 1789 1790
f 1765 1790 1818
f 1765 1818 1832
f 1765 1832 1795
f 1765 1795 1766
f 1766 1791 1792
f 1766 1792 1793
f 1766 1793 1794
f 1766 1794 1768
f 1766 1795 1796
f 1766 1796 1797
f 1766 1797 1798
f 1766 1798 1799
f 1766 1799 1800
f 1766 1800 1801
f 1766 1801 1802
f 1766 1802 1791
f 1768 1794 1803
f 1768 1803 1804
f 1768 1804 1769
f 1769 1805 1806
f 1769 1806 1771
f 1769 1771 1770
f 1769 1804 1805
f 1771 1806 1807
f 1771 1807 1772
f 1772 1807 1808
f 1772 1808 1809
f 1772 1809 1773
f 1773 1809 1774
f 1774 1808 1810
f 1774 1810 1781
f 1774 1809 1808
f 1775 1789 1776
f 1775 1784 1789
f 1776 1789 1788
f 1776 1788 1811
f 1776 1811 1785
f 1776 1785 1777
f 1777 1785 1778
f 1781 1812 1782
f 1781 1810 1812
f 1782 1812 1813
f 1782 1813 1814
f 1782 1814 1815
f 1782 1815 1783
f 1783 1815 1814
f 1783 1814 1813
f 1783 1813 1812
f 1783 1812 1796
f 1783 1796 1825
f 1783 1825 1824
f 1783 1824 1823
f 1783 1823 1822
f 1783 1822 1821
f 1783 1821 1820
f 1783 1820 1819
f 1783 1819 1816
f 1783 1816 1784
f 1784 1816 1789
f 1785 1811 1786
f 1786 1811 1787
f 1787 1811 1788
f 1789 1817 1818
f 1789 1818 1790
f 1789 1816 1819
f 1789 1819 1820
f 1789 1820 1821
f 1789 1821 1822
f 1789 1822 1823
f 1789 1823 1824
f 1789 1824 1825
f 1789 1825 1796
f 1789 1796 1817
f 1791 1826 1827
f 1791 1827 1828
f 1791 1828 1792
f 1791 1802 1826
f 1792 1828 1829
f 1792 1829 1827
f 1792 1827 1793
f 1793 1826 1830
f 1793 1830 1831
f 1793 1831 1794
f 1793 1827 1826
f 1794 1831 1803
f 1795 1832 1833
f 1795 1833 1796
f 1796 1812 1797
f 1796 1833 1817
f 1797 1812 1834
f 1797 1834 1835
f 1797 1835 1799
f 1797 1799 1798
f 1799 1835 1836
f 1799 1836 1800
f 1800 1836 1837
f 1800 1837 1810
f 1800 1810 1801
f 1801 1810 1838
f 1801 1838 1839
f 1801 1839 1802
f 1802 1839 1826
f 1803 1831 1804
f 1804 1831 1830
f 1804 1830 1840
f 1804 1840 1805
f 1805 1840 1841
f 1805 1841 1806
f 1806 1841 1807
f 1807 1841 1808
f 1808 1841 1810
f 1810 1837 1834
f 1810 1834 1812
f 1810 1841 1838
f 1817 1833 1832
f 1817 1832 1818
f 1826 1839 1842
f 1826 1842 1830
f 1827 1829 1828
f 1830 1842 1840
f 1834 1837 1836
f 1834 1836 1835
f 1838 1841 1842
f 1838 1842 1839
f 1840 1842 1841

o geometry_15
v -0.00935963 0.00027151 0.00114255
v -0.00919101 0.00027151 -0.00094043
v -0.00934449 0.00027151 0.00141974
v -0.00931548 0.00061371 0.00141974
v -0.00928520 0.00096101 0.00141974
v -0.00930329 0.00068408 0.00079525
v -0.00915359 0.00027151 -0.00116475
v -0.00916326 0.00103138 -0.00059313
v -0.00915569 0.00069372 -0.00096166
v -0.00894377 0.00027151 0.00141974
v -0.00694013 0.00562184 0.00174942
v -0.00927595 0.00103138 0.00141974
v -0.00926628 0.00103138 0.00114255
v -0.00924946 0.00103138 0.00079525
v -0.00923054 0.00103138 0.00044756
v -0.00912079 0.00027151 -0.00119719
v -0.00912163 0.00058476 -0.00113030
v -0.00915948 0.00137869 0.00044756
v -0.00913509 0.00139344 0.00012429
v -0.00911659 0.00124476 -0.00059313
v -0.00910902 0.00121412 -0.00077619
v -0.00912878 0.00103138 -0.00084349
v -0.00909598 0.00081630 -0.00109104
v -0.00694013 0.00027151 0.00109007
v -0.00506432 0.00027208 0.00114896
v -0.00506432 0.00562127 -0.00123244
v -0.00694055 0.00606902 0.00141894
v -0.00698386 0.00602986 0.00141894
v -0.00712682 0.00587891 0.00141894
v -0.00717056 0.00582954 0.00141894
v -0.00731899 0.00566099 0.00141894
v -0.00746406 0.00548734 0.00141894
v -0.00764235 0.00526829 0.00141894
v -0.00777102 0.00510088 0.00141894
v -0.00814021 0.00449933 0.00141894
v -0.00832985 0.00414238 0.00141894
v -0.00834751 0.00410833 0.00141894
v -0.00840848 0.00398802 0.00141894
v -0.00847996 0.00382799 0.00141894
v -0.00879365 0.00304031 0.00141894
v -0.00880795 0.00299491 0.00141894
v -0.00887691 0.00276848 0.00141894
v -0.00911070 0.00191554 0.00141974
v -0.00911743 0.00188319 0.00141974
v -0.00914896 0.00172883 0.00141974
v -0.00916368 0.00165506 0.00141974
v -0.00921751 0.00137869 0.00141974
v -0.00923054 0.00130775 0.00141974
v -0.00506432 0.00033677 0.00113934
v -0.00506432 0.00039011 0.00112292
v -0.00506432 0.00059838 0.00103520
v -0.00920237 0.00137869 0.00114255
v -0.00918176 0.00137869 0.00079525
v -0.00897362 0.00027151 -0.00133819
v -0.00877389 0.00195526 -0.00112869
v -0.00877809 0.00192405 -0.00113270
v -0.00885168 0.00137869 -0.00119799
v -0.00889667 0.00103138 -0.00123845
v -0.00893157 0.00067954 -0.00128612
v -0.00896605 0.00033677 -0.00133138
v -0.00913214 0.00173791 0.00117419
v -0.00910734 0.00190078 0.00131119
v -0.00910818 0.00155745 0.00025608
v -0.00907033 0.00103138 -0.00101734
v -0.00888574 0.00242174 0.00044756
v -0.00888700 0.00207387 -0.00059313
v -0.00877683 0.00228952 -0.00083307
v -0.00881131 0.00207217 -0.00094563
v -0.00874067 0.00218680 -0.00106500
v -0.00694013 0.00027151 -0.00223347
v -0.00506432 0.00027208 -0.00223507
v -0.00506432 0.00562184 -0.00123645
v -0.00506432 0.00562184 -0.00183971
v -0.00517238 0.00562184 -0.00180967
v -0.00530862 0.00562184 -0.00175639
v -0.00572407 0.00562184 -0.00152726
v -0.00599108 0.00562184 -0.00129533
v -0.00617567 0.00562184 -0.00105779
v -0.00645446 0.00562184 -0.00062718
v -0.00647717 0.00562184 -0.00058872
v -0.00652973 0.00562184 -0.00049219
v -0.00666386 0.00562184 -0.00024063
v -0.00694055 0.00599071 0.00122066
v -0.00698260 0.00602873 0.00141213
v -0.00710244 0.00580117 0.00114215
v -0.00727568 0.00560878 0.00114215
v -0.00742201 0.00543513 0.00114215
v -0.00774621 0.00506342 0.00121465
v -0.00798126 0.00454076 0.00079485
v -0.00806746 0.00433419 0.00060979
v -0.00813684 0.00416735 0.00047560
v -0.00834835 0.00351417 -0.00024664
v -0.00835382 0.00387452 0.00079485
v -0.00842110 0.00365831 0.00055771
v -0.00846483 0.00376500 0.00114215
v -0.00847113 0.00313678 -0.00058352
v -0.00876253 0.00260277 -0.00009522
v -0.00876548 0.00295746 0.00092624
v -0.00877893 0.00299377 0.00114215
v -0.00885000 0.00276848 0.00114215
v -0.00894124 0.00027151 -0.00136864
v -0.00842824 0.00297789 -0.00113190
v -0.00846483 0.00276848 -0.00116475
v -0.00860863 0.00207217 -0.00123885
v -0.00844338 0.00192405 -0.00142231
v -0.00841016 0.00189397 -0.00145917
v -0.00811498 0.00137869 -0.00185293
v -0.00816754 0.00103138 -0.00190060
v -0.00812381 0.00027151 -0.00212892
v -0.00825921 0.00027151 -0.00200314
v -0.00844002 0.00027264 -0.00183490
v -0.00879701 0.00234116 -0.00059313
v -0.00845347 0.00303804 -0.00094083
v -0.00754395 0.00027151 -0.00223227
v -0.00511351 0.00027208 -0.00224108
v -0.00506432 0.00415657 -0.00233722
v -0.00506432 0.00560708 -0.00185053
v -0.00545706 0.00451239 -0.00222706
v -0.00572617 0.00440286 -0.00219101
v -0.00537085 0.00543229 -0.00183290
v -0.00560255 0.00535058 -0.00179525
v -0.00580817 0.00527623 -0.00176040
v -0.00608527 0.00543513 -0.00152646
v -0.00631738 0.00536136 -0.00144394
v -0.00618324 0.00550437 -0.00131216
v -0.00638928 0.00541754 -0.00121241
v -0.00662097 0.00532731 -0.00100932
v -0.00683122 0.00562184 0.00008985
v -0.00673114 0.00541697 -0.00059273
v -0.00694055 0.00506740 -0.00100973
v -0.00694055 0.00583238 0.00083371
v -0.00702927 0.00537725 -0.00008561
v -0.00705576 0.00575066 0.00089219
v -0.00730553 0.00530064 0.00044756
v -0.00734758 0.00534774 0.00068469
v -0.00738669 0.00539200 0.00091623
v -0.00773401 0.00469909 0.00021723
v -0.00810404 0.00369463 -0.00094083
v -0.00811540 0.00406463 0.00010106
v -0.00814273 0.00375762 -0.00059313
v -0.00832186 0.00343585 -0.00058352
v -0.00841773 0.00330249 -0.00046174
v -0.00845894 0.00306812 -0.00083267
v -0.00877683 0.00263739 0.00010106
v -0.00836475 0.00321112 -0.00094083
v -0.00807840 0.00365604 -0.00113190
v -0.00813180 0.00346252 -0.00118197
v -0.00789044 0.00349317 -0.00137505
v -0.00801238 0.00311635 -0.00142111
v -0.00810026 0.00268506 -0.00149041
v -0.00791146 0.00171748 -0.00192623
v -0.00808008 0.00159661 -0.00182168
v -0.00803508 0.00027151 -0.00217819
v -0.00786310 0.00138153 -0.00204721
v -0.00803382 0.00047297 -0.00214415
v -0.00838956 0.00326617 -0.00069327
v -0.00546126 0.00027208 -0.00223988
v -0.00790389 0.00027151 -0.00220463
v -0.00546126 0.00415657 -0.00231759
v -0.00511351 0.00415657 -0.00234283
v -0.00506432 0.00450388 -0.00231038
v -0.00506432 0.00479613 -0.00221144
v -0.00511351 0.00478138 -0.00220623
v -0.00533890 0.00471215 -0.00217218
v -0.00511351 0.00450388 -0.00230758
v -0.00582877 0.00417870 -0.00223548
v -0.00608106 0.00407769 -0.00219662
v -0.00599192 0.00503278 -0.00181287
v -0.00580817 0.00510201 -0.00184332
v -0.00615465 0.00519735 -0.00164543
v -0.00650282 0.00511847 -0.00152847
v -0.00664074 0.00506740 -0.00149402
v -0.00670087 0.00504470 -0.00147839
v -0.00676142 0.00509350 -0.00128732
v -0.00650408 0.00528134 -0.00131216
v -0.00683963 0.00518884 -0.00091879
v -0.00694055 0.00569845 0.00050644
v -0.00704189 0.00505605 -0.00083267
v -0.00699605 0.00499873 -0.00106020
v -0.00705030 0.00505037 -0.00082827
v -0.00706711 0.00541527 0.00010106
v -0.00726895 0.00491190 -0.00059313
v -0.00742579 0.00473882 -0.00059313
v -0.00768145 0.00428369 -0.00101013
v -0.00740897 0.00506967 0.00016515
v -0.00772098 0.00433419 -0.00077779
v -0.00745565 0.00512755 0.00044756
v -0.00774579 0.00436824 -0.00059313
v -0.00823061 0.00346252 -0.00094083
v -0.00766589 0.00380926 -0.00141911
v -0.00771173 0.00432284 -0.00083267
v -0.00776639 0.00405272 -0.00117676
v -0.00734842 0.00429787 -0.00144475
v -0.00777396 0.00339840 -0.00150083
v -0.00771425 0.00362937 -0.00145837
v -0.00783871 0.00311635 -0.00155250
v -0.00767010 0.00283544 -0.00177442
v -0.00772098 0.00260334 -0.00181127
v -0.00788749 0.00275940 -0.00163261
v -0.00782021 0.00207387 -0.00189379
v -0.00785848 0.00192405 -0.00190781
v -0.00737407 0.00225887 -0.00215817
v -0.00772855 0.00126746 -0.00216137
v -0.00684720 0.00309479 -0.00218340
v -0.00651879 0.00347217 -0.00220744
v -0.00618030 0.00383310 -0.00222586
v -0.00641409 0.00373379 -0.00219261
v -0.00634387 0.00469285 -0.00181568
v -0.00622319 0.00492439 -0.00176480
v -0.00668531 0.00502937 -0.00149362
v -0.00675175 0.00495674 -0.00149402
v -0.00703348 0.00468774 -0.00146798
v -0.00694055 0.00492042 -0.00128812
v -0.00694055 0.00493233 -0.00126930
v -0.00705576 0.00504243 -0.00083267
v -0.00745018 0.00441137 -0.00121322
v -0.00742033 0.00406691 -0.00149402
v -0.00710117 0.00450388 -0.00150523
v -0.00707721 0.00371619 -0.00184091
v -0.00696157 0.00319637 -0.00212051
v -0.00759693 0.00311635 -0.00172595
v -0.00749265 0.00380926 -0.00154369
v -0.00742327 0.00311635 -0.00184572
v -0.00754984 0.00273897 -0.00189178
v -0.00751157 0.00239337 -0.00202477
v -0.00703642 0.00296540 -0.00216297
v -0.00694055 0.00303123 -0.00217339
v -0.00672988 0.00336378 -0.00217980
v -0.00664578 0.00359418 -0.00213053
v -0.00667522 0.00432852 -0.00180726
v -0.00659995 0.00450388 -0.00177201
v -0.00647717 0.00482564 -0.00169510
v -0.00682996 0.00482224 -0.00151685
v -0.00694055 0.00474960 -0.00149041
v -0.00694055 0.00459411 -0.00155691
v -0.00717013 0.00309479 -0.00202558
f 1843 1844 1849
f 1843 1849 1858
f 1843 1858 1896
f 1843 1896 1943
f 1843 1943 1952
f 1843 1952 1951
f 1843 1951 1995
f 1843 1995 2000
f 1843 2000 1956
f 1843 1956 1912
f 1843 1912 1866
f 1843 1866 1852
f 1843 1852 1845
f 1843 1845 1846
f 1843 1846 1847
f 1843 1847 1848
f 1843 1848 1844
f 1844 1848 1850
f 1844 1850 1851
f 1844 1851 1849
f 1845 1852 1853
f 1845 1853 1846
f 1846 1853 1847
f 1847 1853 1854
f 1847 1854 1848
f 1848 1854 1855
f 1848 1855 1856
f 1848 1856 1857
f 1848 1857 1850
f 1849 1851 1859
f 1849 1859 1858
f 1850 1857 1860
f 1850 1860 1861
f 1850 1861 1862
f 1850 1862 1863
f 1850 1863 1864
f 1850 1864 1851
f 1851 1865 1859
f 1851 1864 1865
f 1852 1866 1867
f 1852 1867 1853
f 1853 1868 1869
f 1853 1869 1870
f 1853 1870 1871
f 1853 1871 1872
f 1853 1872 1873
f 1853 1873 1874
f 1853 1874 1875
f 1853 1875 1876
f 1853 1876 1877
f 1853 1877 1878
f 1853 1878 1879
f 1853 1879 1880
f 1853 1880 1881
f 1853 1881 1882
f 1853 1882 1883
f 1853 1883 1884
f 1853 1884 1885
f 1853 1885 1886
f 1853 1886 1887
f 1853 1887 1888
f 1853 1888 1889
f 1853 1889 1890
f 1853 1890 1854
f 1853 1867 1891
f 1853 1891 1892
f 1853 1892 1893
f 1853 1893 1868
f 1854 1890 1855
f 1855 1890 1856
f 1856 1890 1889
f 1856 1889 1857
f 1857 1889 1894
f 1857 1894 1888
f 1857 1888 1887
f 1857 1887 1895
f 1857 1895 1860
f 1858 1859 1896
f 1859 1865 1897
f 1859 1897 1898
f 1859 1898 1899
f 1859 1899 1900
f 1859 1900 1901
f 1859 1901 1902
f 1859 1902 1896
f 1860 1895 1903
f 1860 1903 1904
f 1860 1904 1861
f 1861 1905 1862
f 1861 1904 1905
f 1862 1905 1863
f 1863 1906 1865
f 1863 1865 1864
f 1863 1905 1907
f 1863 1907 1908
f 1863 1908 1909
f 1863 1909 1910
f 1863 1910 1911
f 1863 1911 1906
f 1865 1906 1911
f 1865 1911 1897
f 1866 1912 1913
f 1866 1913 1867
f 1867 1913 1958
f 1867 1958 2003
f 1867 2003 2004
f 1867 2004 1959
f 1867 1959 1915
f 1867 1915 1914
f 1867 1914 1868
f 1867 1868 1893
f 1867 1893 1892
f 1867 1892 1891
f 1868 1914 1869
f 1869 1914 1915
f 1869 1915 1916
f 1869 1916 1917
f 1869 1917 1918
f 1869 1918 1919
f 1869 1919 1920
f 1869 1920 1921
f 1869 1921 1922
f 1869 1922 1923
f 1869 1923 1924
f 1869 1924 1925
f 1869 1925 1926
f 1869 1926 1870
f 1870 1926 1871
f 1871 1926 1927
f 1871 1927 1928
f 1871 1928 1872
f 1872 1928 1873
f 1873 1928 1929
f 1873 1929 1874
f 1874 1929 1875
f 1875 1930 1876
f 1875 1929 1930
f 1876 1930 1931
f 1876 1931 1877
f 1877 1931 1932
f 1877 1932 1933
f 1877 1933 1934
f 1877 1934 1878
f 1878 1934 1935
f 1878 1935 1879
f 1879 1935 1936
f 1879 1936 1880
f 1880 1936 1937
f 1880 1937 1881
f 1881 1937 1938
f 1881 1938 1939
f 1881 1939 1940
f 1881 1940 1941
f 1881 1941 1882
f 1882 1941 1908
f 1882 1908 1883
f 1883 1908 1942
f 1883 1942 1884
f 1884 1942 1907
f 1884 1907 1905
f 1884 1905 1904
f 1884 1904 1885
f 1885 1904 1886
f 1886 1904 1887
f 1887 1904 1903
f 1887 1903 1895
f 1888 1894 1889
f 1896 1902 1943
f 1897 1911 1944
f 1897 1944 1945
f 1897 1945 1946
f 1897 1946 1947
f 1897 1947 1948
f 1897 1948 1949
f 1897 1949 1950
f 1897 1950 1951
f 1897 1951 1898
f 1898 1951 1899
f 1899 1951 1900
f 1900 1951 1901
f 1901 1951 1952
f 1901 1952 1953
f 1901 1953 1902
f 1902 1953 1943
f 1907 1942 1908
f 1908 1941 1954
f 1908 1954 1909
f 1909 1954 1955
f 1909 1955 1944
f 1909 1944 1911
f 1909 1911 1910
f 1912 1956 1957
f 1912 1957 1913
f 1913 1957 1958
f 1915 1959 1916
f 1916 1959 1960
f 1916 1960 1961
f 1916 1961 1962
f 1916 1962 1963
f 1916 1963 1964
f 1916 1964 1917
f 1917 1965 1918
f 1917 1964 1965
f 1918 1965 1919
f 1919 1965 1966
f 1919 1966 1967
f 1919 1967 1920
f 1920 1967 1966
f 1920 1966 1968
f 1920 1968 1921
f 1921 1968 1922
f 1922 1968 1969
f 1922 1969 1923
f 1923 1969 1924
f 1924 1970 1925
f 1924 1969 1971
f 1924 1971 1972
f 1924 1972 1970
f 1925 1973 1974
f 1925 1974 1975
f 1925 1975 1926
f 1925 1970 1973
f 1926 1975 1927
f 1927 1975 1976
f 1927 1976 1928
f 1928 1976 1977
f 1928 1977 1978
f 1928 1978 1929
f 1929 1978 1979
f 1929 1979 1930
f 1930 1979 1980
f 1930 1980 1931
f 1931 1980 1932
f 1932 1980 1981
f 1932 1981 1933
f 1933 1981 1982
f 1933 1982 1934
f 1934 1982 1983
f 1934 1983 1984
f 1934 1984 1935
f 1935 1984 1936
f 1936 1984 1938
f 1936 1938 1937
f 1938 1984 1985
f 1938 1985 1954
f 1938 1954 1939
f 1939 1954 1986
f 1939 1986 1940
f 1940 1986 1954
f 1940 1954 1941
f 1943 1953 1952
f 1944 1955 1987
f 1944 1987 1988
f 1944 1988 1989
f 1944 1989 1990
f 1944 1990 1991
f 1944 1991 1992
f 1944 1992 1945
f 1945 1948 1947
f 1945 1947 1946
f 1945 1992 1993
f 1945 1993 1994
f 1945 1994 1948
f 1948 1994 1949
f 1949 1994 1993
f 1949 1993 1950
f 1950 1993 1951
f 1951 1993 1996
f 1951 1996 1997
f 1951 1997 1995
f 1954 1985 1955
f 1955 1985 1984
f 1955 1984 1998
f 1955 1998 1987
f 1956 1999 1957
f 1956 2000 2001
f 1956 2001 2002
f 1956 2002 1999
f 1957 1999 2002
f 1957 2002 1958
f 1958 2002 2003
f 1959 2004 2005
f 1959 2005 2006
f 1959 2006 1960
f 1960 2006 2005
f 1960 2005 2007
f 1960 2007 2008
f 1960 2008 1961
f 1961 2008 2009
f 1961 2009 2010
f 1961 2010 2011
f 1961 2011 1962
f 1962 2011 1963
f 1963 2011 1964
f 1964 2011 2010
f 1964 2010 2012
f 1964 2012 1965
f 1965 2012 2013
f 1965 2013 2014
f 1965 2014 2015
f 1965 2015 1966
f 1966 2015 2016
f 1966 2016 2017
f 1966 2017 1968
f 1968 2017 2016
f 1968 2016 1969
f 1969 2016 2018
f 1969 2018 1971
f 1970 2019 1973
f 1970 1972 2020
f 1970 2020 1974
f 1970 1974 2019
f 1971 2018 1972
f 1972 2018 2016
f 1972 2016 2021
f 1972 2021 2020
f 1973 2019 1974
f 1974 2020 2022
f 1974 2022 2023
f 1974 2023 1975
f 1975 2023 1976
f 1976 2024 2025
f 1976 2025 2026
f 1976 2026 2027
f 1976 2027 1977
f 1976 2023 2024
f 1977 2027 2028
f 1977 2028 2029
f 1977 2029 1978
f 1978 2029 2028
f 1978 2028 1979
f 1979 2028 2030
f 1979 2030 1980
f 1980 2030 2028
f 1980 2028 1988
f 1980 1988 2031
f 1980 2031 1983
f 1980 1983 1982
f 1980 1982 1981
f 1983 2031 1998
f 1983 1998 1984
f 1987 1998 2031
f 1987 2031 1988
f 1988 2032 1989
f 1988 2028 2033
f 1988 2033 2026
f 1988 2026 2034
f 1988 2034 2035
f 1988 2035 2032
f 1989 2032 1990
f 1990 2036 1991
f 1990 2032 2037
f 1990 2037 2036
f 1991 2038 2039
f 1991 2039 2040
f 1991 2040 2041
f 1991 2041 1992
f 1991 2036 2038
f 1992 2041 2040
f 1992 2040 2042
f 1992 2042 2043
f 1992 2043 1993
f 1993 2043 2044
f 1993 2044 1996
f 1995 1997 2045
f 1995 2045 2044
f 1995 2044 2000
f 1996 2044 2045
f 1996 2045 1997
f 2000 2044 2046
f 2000 2046 2001
f 2001 2008 2007
f 2001 2007 2002
f 2001 2046 2047
f 2001 2047 2048
f 2001 2048 2008
f 2002 2007 2003
f 2003 2007 2004
f 2004 2007 2005
f 2008 2048 2049
f 2008 2049 2009
f 2009 2050 2051
f 2009 2051 2010
f 2009 2049 2050
f 2010 2051 2014
f 2010 2014 2012
f 2012 2014 2013
f 2014 2051 2015
f 2015 2051 2052
f 2015 2052 2053
f 2015 2053 2054
f 2015 2054 2055
f 2015 2055 2056
f 2015 2056 2021
f 2015 2021 2016
f 2020 2021 2022
f 2021 2057 2022
f 2021 2056 2026
f 2021 2026 2057
f 2022 2057 2026
f 2022 2026 2024
f 2022 2024 2023
f 2024 2026 2025
f 2026 2033 2027
f 2026 2056 2058
f 2026 2058 2034
f 2027 2033 2028
f 2032 2059 2037
f 2032 2035 2059
f 2034 2058 2054
f 2034 2054 2035
f 2035 2054 2060
f 2035 2060 2061
f 2035 2061 2062
f 2035 2062 2059
f 2036 2037 2063
f 2036 2063 2039
f 2036 2039 2038
f 2037 2059 2064
f 2037 2064 2065
f 2037 2065 2063
f 2039 2066 2040
f 2039 2063 2066
f 2040 2066 2067
f 2040 2067 2042
f 2042 2067 2043
f 2043 2067 2044
f 2044 2067 2066
f 2044 2066 2068
f 2044 2068 2069
f 2044 2069 2046
f 2046 2069 2047
f 2047 2070 2049
f 2047 2049 2048
f 2047 2069 2068
f 2047 2068 2070
f 2049 2070 2071
f 2049 2071 2072
f 2049 2072 2073
f 2049 2073 2074
f 2049 2074 2050
f 2050 2074 2051
f 2051 2074 2052
f 2052 2074 2053
f 2053 2074 2075
f 2053 2075 2076
f 2053 2076 2054
f 2054 2076 2077
f 2054 2077 2071
f 2054 2071 2070
f 2054 2070 2062
f 2054 2062 2060
f 2054 2058 2055
f 2055 2058 2056
f 2059 2062 2068
f 2059 2068 2064
f 2060 2062 2061
f 2062 2070 2068
f 2063 2065 2066
f 2064 2068 2078
f 2064 2078 2065
f 2065 2078 2068
f 2065 2068 2066
f 2071 2077 2072
f 2072 2077 2073
f 2073 2077 2075
f 2073 2075 2074
f 2075 2077 2076

o geometry_16
v -0.00367686 0.00208752 0.00257763
v -0.00367686 0.00271920 0.00257763
v -0.00339392 0.00208875 0.00257763
v -0.00337543 0.00190253 0.00271162
v -0.00364548 0.00167299 0.00287625
v -0.00367686 0.00167299 0.00287625
v -0.00367686 0.00240676 0.00281589
v -0.00245210 0.00477389 0.00694074
v -0.00245210 0.00483328 0.00668968
v -0.00245210 0.00477420 0.00641896
v -0.00245210 0.00475378 0.00637368
v -0.00334350 0.00275478 0.00257763
v -0.00337543 0.00208906 0.00257763
v -0.00329811 0.00167299 0.00287762
v -0.00367686 0.00167299 0.00334727
v -0.00367686 0.00219703 0.00296817
v -0.00245210 0.00455085 0.00694760
v -0.00187109 0.00435751 0.00723295
v -0.00163858 0.00437699 0.00724347
v -0.00129177 0.00438256 0.00724941
v -0.00239383 0.00477389 0.00694074
v 0.00204691 0.00460653 0.00672260
v 0.00204691 0.00460715 0.00669928
v -0.00271487 0.00275478 0.00257763
v 0.00204691 0.00448094 0.00645691
v -0.00310034 0.00215186 0.00257763
v -0.00021492 0.00167299 0.00324483
v -0.00294682 0.00167299 0.00289683
v -0.00206551 0.00167299 0.00363628
v -0.00187109 0.00431543 0.00723295
v -0.00224984 0.00426192 0.00696772
v -0.00245210 0.00430956 0.00681544
v -0.00245210 0.00438349 0.00686482
v -0.00163858 0.00430151 0.00724347
v -0.00129177 0.00429533 0.00724941
v -0.00021436 0.00438256 0.00724941
v 0.00113870 0.00438225 0.00724896
v 0.00148607 0.00437699 0.00724393
v 0.00204691 0.00448929 0.00699790
v -0.00271151 0.00268765 0.00257763
v 0.00204691 0.00378738 0.00544308
v 0.00204691 0.00307743 0.00442193
v 0.00204691 0.00299607 0.00437071
v -0.00021492 0.00172589 0.00324941
v -0.00302302 0.00218032 0.00257763
v 0.00204691 0.00242625 0.00437071
v 0.00185809 0.00233685 0.00437071
v 0.00183232 0.00232664 0.00437071
v -0.00021492 0.00167299 0.00365778
v -0.00289360 0.00227158 0.00257763
v -0.00278546 0.00244172 0.00257763
v -0.00276473 0.00250514 0.00257763
v -0.00199660 0.00167299 0.00364040
v -0.00163858 0.00387616 0.00667916
v -0.00129177 0.00413911 0.00704729
v -0.00021436 0.00413880 0.00704774
v -0.00021436 0.00429533 0.00724941
v 0.00113870 0.00429533 0.00724896
v 0.00148607 0.00430120 0.00724393
v 0.00171971 0.00435781 0.00723295
v 0.00204691 0.00440638 0.00699790
v 0.00204691 0.00250421 0.00450104
v 0.00192645 0.00261836 0.00475896
v 0.00169449 0.00258588 0.00480286
v 0.00148607 0.00227220 0.00437071
v 0.00139419 0.00328283 0.00584047
v 0.00148607 0.00387585 0.00668008
v 0.00113870 0.00386936 0.00668922
v -0.00129177 0.00167299 0.00365778
v 0.00148607 0.00257505 0.00481886
v -0.00163914 0.00167299 0.00365092
v -0.00129177 0.00386936 0.00668922
v 0.00113870 0.00413880 0.00704774
v 0.00171971 0.00431513 0.00723295
v 0.00204691 0.00425387 0.00698875
v 0.00204691 0.00292059 0.00512160
v 0.00202618 0.00292894 0.00515681
v 0.00183344 0.00289955 0.00519842
v 0.00200993 0.00363394 0.00618208
v 0.00162670 0.00329490 0.00582812
v 0.00183344 0.00361012 0.00621592
v 0.00183344 0.00390710 0.00663663
v 0.00183456 0.00422387 0.00706969
v 0.00204691 0.00394762 0.00657901
v 0.00204691 0.00295926 0.00517693
v 0.00204691 0.00364446 0.00615692
v 0.00204691 0.00368715 0.00621729
f 2079 2080 2090
f 2079 2090 2102
f 2079 2102 2118
f 2079 2118 2130
f 2079 2130 2129
f 2079 2129 2128
f 2079 2128 2123
f 2079 2123 2104
f 2079 2104 2091
f 2079 2091 2081
f 2079 2081 2082
f 2079 2082 2083
f 2079 2083 2084
f 2079 2084 2093
f 2079 2093 2094
f 2079 2094 2085
f 2079 2085 2080
f 2080 2085 2086
f 2080 2086 2087
f 2080 2087 2088
f 2080 2088 2089
f 2080 2089 2090
f 2081 2091 2082
f 2082 2091 2092
f 2082 2092 2083
f 2083 2092 2106
f 2083 2106 2105
f 2083 2105 2127
f 2083 2127 2147
f 2083 2147 2149
f 2083 2149 2131
f 2083 2131 2107
f 2083 2107 2093
f 2083 2093 2084
f 2085 2094 2086
f 2086 2095 2096
f 2086 2096 2097
f 2086 2097 2098
f 2086 2098 2114
f 2086 2114 2099
f 2086 2099 2087
f 2086 2094 2093
f 2086 2093 2095
f 2087 2099 2100
f 2087 2100 2101
f 2087 2101 2088
f 2088 2101 2089
f 2089 2102 2090
f 2089 2101 2103
f 2089 2103 2102
f 2091 2104 2105
f 2091 2105 2106
f 2091 2106 2092
f 2093 2107 2108
f 2093 2108 2109
f 2093 2109 2110
f 2093 2110 2111
f 2093 2111 2095
f 2095 2111 2109
f 2095 2109 2108
f 2095 2108 2096
f 2096 2108 2112
f 2096 2112 2097
f 2097 2112 2113
f 2097 2113 2098
f 2098 2113 2135
f 2098 2135 2114
f 2099 2114 2115
f 2099 2115 2116
f 2099 2116 2117
f 2099 2117 2100
f 2100 2117 2139
f 2100 2139 2153
f 2100 2153 2162
f 2100 2162 2165
f 2100 2165 2164
f 2100 2164 2163
f 2100 2163 2154
f 2100 2154 2140
f 2100 2140 2124
f 2100 2124 2121
f 2100 2121 2120
f 2100 2120 2119
f 2100 2119 2103
f 2100 2103 2101
f 2102 2103 2119
f 2102 2119 2120
f 2102 2120 2121
f 2102 2121 2122
f 2102 2122 2105
f 2102 2105 2118
f 2104 2123 2105
f 2105 2122 2121
f 2105 2121 2124
f 2105 2124 2125
f 2105 2125 2126
f 2105 2126 2127
f 2105 2123 2128
f 2105 2128 2129
f 2105 2129 2130
f 2105 2130 2118
f 2107 2131 2132
f 2107 2132 2108
f 2108 2132 2112
f 2109 2111 2110
f 2112 2132 2133
f 2112 2133 2113
f 2113 2133 2134
f 2113 2134 2151
f 2113 2151 2135
f 2114 2135 2136
f 2114 2136 2115
f 2115 2136 2137
f 2115 2137 2116
f 2116 2137 2152
f 2116 2152 2138
f 2116 2138 2117
f 2117 2138 2152
f 2117 2152 2139
f 2124 2140 2125
f 2125 2141 2126
f 2125 2140 2141
f 2126 2141 2142
f 2126 2142 2143
f 2126 2143 2127
f 2127 2144 2145
f 2127 2145 2146
f 2127 2146 2150
f 2127 2150 2147
f 2127 2143 2148
f 2127 2148 2144
f 2131 2149 2150
f 2131 2150 2132
f 2132 2150 2133
f 2133 2150 2134
f 2134 2150 2146
f 2134 2146 2151
f 2135 2151 2136
f 2136 2151 2137
f 2137 2151 2145
f 2137 2145 2152
f 2139 2152 2153
f 2140 2154 2155
f 2140 2155 2141
f 2141 2156 2142
f 2141 2155 2157
f 2141 2157 2156
f 2142 2158 2148
f 2142 2148 2143
f 2142 2156 2157
f 2142 2157 2159
f 2142 2159 2158
f 2144 2148 2145
f 2145 2148 2158
f 2145 2158 2160
f 2145 2160 2152
f 2145 2151 2146
f 2147 2150 2149
f 2152 2160 2161
f 2152 2161 2153
f 2153 2161 2157
f 2153 2157 2162
f 2154 2163 2155
f 2155 2163 2164
f 2155 2164 2157
f 2157 2164 2165
f 2157 2165 2162
f 2157 2161 2160
f 2157 2160 2159
f 2158 2159 2160

o geometry_17
v -0.00897828 -0.00783828 -0.00291124
v -0.00897828 -0.00783828 -0.00236619
v -0.00897828 -0.00730333 -0.00282571
v -0.00855294 -0.00783828 -0.00333200
v -0.00835002 -0.00903793 -0.00362950
v -0.00835002 -0.00960912 -0.00364951
v -0.00835002 -0.01043039 -0.00361356
v -0.00835002 -0.01100883 -0.00351799
v -0.00835002 -0.01192941 -0.00316926
v -0.00835049 -0.01258179 -0.00277777
v -0.00835049 -0.01297902 -0.00244914
v -0.00835049 -0.01346468 -0.00189462
v -0.00835049 -0.01367561 -0.00154418
v -0.00835049 -0.01383001 -0.00123535
v -0.00835049 -0.01397063 -0.00080080
v -0.00897828 -0.00301213 -0.00145032
v -0.00865324 -0.00695684 -0.00309091
v -0.00835002 -0.00822246 -0.00354985
v -0.00823812 -0.00886831 -0.00364628
v -0.00823812 -0.00938949 -0.00368934
v -0.00823812 -0.00991066 -0.00368862
v -0.00823812 -0.01043039 -0.00365633
v -0.00806863 -0.01130168 -0.00354698
v -0.00813643 -0.01207728 -0.00323585
v -0.00811646 -0.01274851 -0.00289028
v -0.00813596 -0.01312689 -0.00257514
v -0.00812667 -0.01345888 -0.00224536
v -0.00809742 -0.01376477 -0.00186707
v -0.00804309 -0.01405761 -0.00141043
v -0.00835049 -0.01345018 -0.00080080
v -0.00897828 -0.00243804 -0.00135676
v -0.00789079 -0.00886831 -0.00366925
v -0.00789079 -0.00938949 -0.00372148
v -0.00789079 -0.00973742 -0.00373124
v -0.00789079 -0.01008391 -0.00372608
v -0.00789079 -0.01043039 -0.00370369
v -0.00789079 -0.01077688 -0.00365863
v -0.00789079 -0.01112336 -0.00359032
v -0.00789079 -0.01212078 -0.00325451
v -0.00789079 -0.01277895 -0.00291038
v -0.00789125 -0.01306963 -0.00270286
v -0.00789125 -0.01335885 -0.00247669
v -0.00796323 -0.01369083 -0.00209869
v -0.00781138 -0.01414025 -0.00155968
v -0.00772362 -0.01442875 -0.00112370
v -0.00604687 -0.01415910 -0.00080080
v -0.00472860 0.00027151 -0.00135676
v -0.00895460 0.00027151 -0.00135676
v -0.00897828 0.00017003 -0.00135676
v -0.00897828 -0.00315130 -0.00204782
v -0.00842339 -0.00639000 -0.00320686
v -0.00820213 -0.00822898 -0.00356406
v -0.00808535 0.00023817 -0.00217274
v -0.00790332 0.00027151 -0.00220546
v -0.00511400 -0.00904155 -0.00368934
v -0.00511400 -0.00973597 -0.00373268
v -0.00511400 -0.01008391 -0.00372292
v -0.00511400 -0.01043039 -0.00369250
v -0.00511400 -0.01077688 -0.00365145
v -0.00511400 -0.01111322 -0.00358831
v -0.00649543 -0.01130132 -0.00354655
v -0.00754392 -0.01307687 -0.00270846
v -0.00754392 -0.01337334 -0.00248990
v -0.00773152 -0.01373433 -0.00216126
v -0.00754392 -0.01417214 -0.00160818
v -0.00754392 -0.01434611 -0.00130251
v -0.00719659 -0.01453893 -0.00080080
v -0.00754392 -0.01451863 -0.00080080
v -0.00776681 -0.01446209 -0.00080080
v -0.00604687 -0.01453168 -0.00080080
v -0.00482240 -0.01393729 -0.00100344
v -0.00423454 -0.00783973 -0.00232831
v -0.00842896 -0.00114778 -0.00217389
v -0.00897828 -0.00097816 -0.00160732
v -0.00841225 -0.00261490 -0.00250425
v -0.00754392 0.00027151 -0.00223302
v -0.00812296 0.00027151 -0.00212998
v -0.00789079 -0.00834713 -0.00359663
v -0.00511400 -0.00869362 -0.00364456
v -0.00491248 -0.00813112 -0.00355214
v -0.00476668 -0.00904155 -0.00363911
v -0.00476668 -0.00956201 -0.00367111
v -0.00476668 -0.01025715 -0.00365547
v -0.00484747 -0.01105813 -0.00357424
v -0.00511354 -0.01211788 -0.00324877
v -0.00554770 -0.01307506 -0.00270889
v -0.00754392 -0.01404747 -0.00178211
v -0.00604687 -0.01417069 -0.00161019
v -0.00604687 -0.01405037 -0.00178384
v -0.00604687 -0.01442730 -0.00111939
v -0.00604687 -0.01448674 -0.00096354
v -0.00482240 -0.01393729 -0.00185473
v -0.00423732 -0.01204974 -0.00232831
v -0.00472767 0.00027151 -0.00218767
v -0.00423779 -0.00783828 -0.00268162
v -0.00511400 0.00027151 -0.00224191
v -0.00458001 -0.00879945 -0.00355530
v -0.00454518 -0.00990994 -0.00358357
v -0.00457467 -0.01054347 -0.00355961
v -0.00459115 -0.01199610 -0.00319969
v -0.00475669 -0.01204974 -0.00322408
v -0.00461576 -0.01088706 -0.00353521
v -0.00511354 -0.01337044 -0.00248875
v -0.00511354 -0.01393729 -0.00190840
v -0.00482240 -0.01369808 -0.00212309
v -0.00428469 -0.01204974 -0.00268449
v -0.00424220 -0.01204974 -0.00253309
v -0.00424336 -0.00783828 -0.00286043
v -0.00430047 -0.00799920 -0.00304125
v -0.00447948 -0.00791874 -0.00331033
v -0.00461576 -0.00856749 -0.00353693
v -0.00423523 -0.01095012 -0.00267761
v -0.00423964 -0.00938804 -0.00291267
v -0.00441099 -0.00904155 -0.00337218
v -0.00438823 -0.00973597 -0.00337218
v -0.00440100 -0.01025715 -0.00337218
v -0.00446206 -0.01112336 -0.00333746
v -0.00447228 -0.01204974 -0.00302690
v -0.00482240 -0.01333855 -0.00246464
v -0.00482983 -0.01275286 -0.00287593
v -0.00450014 -0.01147130 -0.00328838
v -0.00511354 -0.01277316 -0.00290062
v -0.00511354 -0.01307180 -0.00270702
v -0.00511354 -0.01372128 -0.00214720
v -0.00428840 -0.01112336 -0.00304671
v -0.00424429 -0.01132923 -0.00285756
v -0.00427029 -0.00869362 -0.00306680
v -0.00426333 -0.01008391 -0.00309148
v -0.00440495 -0.01181923 -0.00302489
f 2166 2167 2181
f 2166 2181 2196
f 2166 2196 2214
f 2166 2214 2239
f 2166 2239 2215
f 2166 2215 2168
f 2166 2168 2169
f 2166 2169 2170
f 2166 2170 2171
f 2166 2171 2172
f 2166 2172 2173
f 2166 2173 2174
f 2166 2174 2175
f 2166 2175 2176
f 2166 2176 2177
f 2166 2177 2178
f 2166 2178 2179
f 2166 2179 2180
f 2166 2180 2167
f 2167 2180 2181
f 2168 2182 2169
f 2170 2169 2183
f 2170 2183 2184
f 2170 2184 2185
f 2170 2185 2171
f 2171 2185 2186
f 2171 2186 2172
f 2172 2186 2187
f 2172 2187 2188
f 2172 2188 2173
f 2174 2173 2189
f 2174 2189 2190
f 2174 2190 2175
f 2175 2190 2191
f 2175 2191 2176
f 2176 2191 2192
f 2176 2192 2177
f 2177 2193 2178
f 2178 2193 2194
f 2178 2194 2179
f 2179 2194 2180
f 2180 2234 2233
f 2180 2233 2232
f 2180 2232 2235
f 2180 2235 2211
f 2180 2211 2195
f 2180 2195 2214
f 2180 2214 2196
f 2180 2196 2181
f 2184 2197 2198
f 2184 2198 2185
f 2185 2198 2199
f 2185 2199 2186
f 2186 2199 2200
f 2186 2200 2201
f 2186 2201 2187
f 2187 2201 2202
f 2187 2202 2188
f 2188 2202 2203
f 2188 2204 2189
f 2188 2189 2173
f 2189 2204 2190
f 2190 2205 2206
f 2190 2206 2207
f 2190 2207 2191
f 2190 2204 2205
f 2191 2207 2192
f 2192 2208 2193
f 2192 2193 2177
f 2192 2207 2208
f 2193 2208 2209
f 2193 2209 2194
f 2194 2209 2210
f 2194 2210 2180
f 2195 2211 2212
f 2195 2212 2213
f 2195 2213 2214
f 2168 2215 2182
f 2182 2216 2169
f 2169 2216 2183
f 2183 2217 2184
f 2183 2216 2218
f 2183 2218 2219
f 2183 2219 2217
f 2184 2217 2197
f 2197 2220 2198
f 2198 2221 2199
f 2199 2221 2200
f 2200 2221 2222
f 2200 2222 2201
f 2201 2222 2223
f 2201 2223 2224
f 2201 2224 2202
f 2202 2225 2203
f 2203 2226 2188
f 2188 2226 2204
f 2205 2227 2206
f 2206 2227 2228
f 2206 2228 2207
f 2207 2228 2229
f 2208 2229 2209
f 2208 2207 2229
f 2209 2230 2210
f 2209 2229 2230
f 2210 2230 2231
f 2210 2233 2234
f 2211 2235 2236
f 2211 2236 2212
f 2212 2259 2261
f 2212 2261 2241
f 2212 2241 2219
f 2212 2219 2242
f 2212 2242 2213
f 2214 2213 2238
f 2214 2238 2239
f 2182 2215 2240
f 2182 2240 2216
f 2216 2240 2218
f 2217 2219 2241
f 2218 2238 2242
f 2218 2242 2219
f 2218 2240 2238
f 2197 2217 2243
f 2197 2243 2244
f 2197 2244 2220
f 2220 2244 2245
f 2220 2245 2246
f 2221 2247 2248
f 2221 2248 2222
f 2221 2198 2220
f 2221 2220 2247
f 2222 2248 2223
f 2224 2249 2225
f 2224 2223 2248
f 2224 2248 2249
f 2224 2225 2202
f 2225 2226 2203
f 2226 2250 2204
f 2227 2251 2228
f 2229 2252 2230
f 2230 2253 2231
f 2230 2252 2254
f 2230 2254 2253
f 2210 2234 2180
f 2231 2255 2210
f 2231 2253 2255
f 2210 2255 2256
f 2210 2256 2232
f 2210 2232 2233
f 2235 2232 2256
f 2235 2256 2257
f 2235 2257 2236
f 2236 2257 2258
f 2236 2258 2237
f 2236 2237 2212
f 2212 2237 2259
f 2237 2258 2277
f 2237 2277 2260
f 2237 2260 2259
f 2213 2242 2238
f 2238 2240 2239
f 2241 2261 2243
f 2241 2243 2217
f 2245 2244 2261
f 2245 2261 2259
f 2246 2247 2220
f 2246 2262 2247
f 2247 2263 2248
f 2248 2263 2264
f 2249 2265 2266
f 2249 2266 2250
f 2249 2250 2225
f 2249 2248 2267
f 2225 2250 2226
f 2204 2250 2205
f 2205 2251 2227
f 2229 2228 2268
f 2229 2269 2254
f 2229 2254 2252
f 2253 2254 2269
f 2255 2253 2269
f 2255 2269 2257
f 2255 2257 2256
f 2257 2269 2270
f 2257 2270 2271
f 2257 2271 2272
f 2257 2272 2258
f 2259 2260 2273
f 2259 2273 2274
f 2259 2274 2275
f 2259 2275 2262
f 2259 2262 2276
f 2260 2277 2278
f 2260 2278 2273
f 2239 2240 2215
f 2261 2244 2243
f 2245 2259 2276
f 2245 2276 2246
f 2247 2262 2263
f 2246 2276 2262
f 2263 2262 2279
f 2263 2279 2280
f 2263 2280 2281
f 2263 2281 2264
f 2264 2281 2282
f 2249 2267 2265
f 2265 2284 2285
f 2265 2285 2266
f 2248 2264 2267
f 2267 2264 2282
f 2267 2282 2286
f 2267 2286 2265
f 2250 2266 2285
f 2250 2287 2205
f 2251 2205 2287
f 2251 2287 2288
f 2228 2251 2268
f 2268 2251 2288
f 2268 2288 2284
f 2268 2284 2270
f 2268 2270 2289
f 2268 2289 2229
f 2269 2229 2289
f 2269 2289 2270
f 2272 2271 2291
f 2272 2291 2277
f 2272 2277 2258
f 2273 2292 2274
f 2274 2292 2279
f 2274 2279 2275
f 2277 2291 2278
f 2278 2293 2292
f 2278 2292 2273
f 2262 2275 2279
f 2279 2292 2280
f 2281 2293 2290
f 2281 2280 2293
f 2280 2292 2293
f 2281 2290 2282
f 2282 2290 2294
f 2282 2294 2286
f 2265 2286 2283
f 2283 2284 2265
f 2284 2288 2285
f 2286 2294 2283
f 2285 2288 2287
f 2285 2287 2250
f 2284 2283 2271
f 2284 2271 2270
f 2271 2283 2294
f 2271 2294 2290
f 2271 2290 2291
f 2291 2290 2293
f 2291 2293 2278

o geometry_18
v -0.00659967 0.00780404 0.02531352
v -0.00659967 0.00477824 0.02624957
v -0.00659967 0.00780404 0.02673773
v -0.00361324 0.00780451 0.02914479
v -0.00021566 0.00780451 0.02910747
v 0.00374600 0.00720235 0.02833019
v 0.00374600 0.00430541 0.02909680
v 0.00374600 0.00301721 0.02944219
v -0.00659967 0.00465453 0.02632481
v -0.00659967 0.00679419 0.02775020
v -0.00631713 0.00727217 0.02770073
v -0.00597889 0.00780404 0.02754640
v -0.00021566 0.00780451 0.02958971
v 0.00374600 0.00720235 0.02930889
v 0.00374600 0.00301721 0.02989718
v -0.00021566 0.00301721 0.03026034
v -0.00659967 0.00308141 0.02735742
v -0.00639510 0.00658847 0.02813647
v -0.00602446 0.00716252 0.02810566
v -0.00427959 0.00747836 0.02912406
v -0.00542900 0.00780404 0.02805886
v 0.00027044 0.00683519 0.03054264
v 0.00104920 0.00677966 0.03050620
v 0.00322244 0.00720235 0.02955120
v -0.00059744 0.00684621 0.03055064
v 0.00374600 0.00689026 0.02953461
v -0.00021566 0.00301721 0.03066675
v -0.00659967 0.00308141 0.02799251
v -0.00659967 0.00606644 0.02820660
v -0.00565685 0.00611190 0.02912702
v -0.00535102 0.00649241 0.02914835
v -0.00502291 0.00684433 0.02916197
v -0.00466948 0.00717329 0.02915249
v 0.00044462 0.00620187 0.03090847
v 0.00128110 0.00675295 0.03048014
v 0.00205278 0.00643571 0.03050857
v -0.00033768 0.00631223 0.03087766
v -0.00077112 0.00644063 0.03079575
v 0.00313788 0.00313471 0.03017666
v 0.00218139 0.00301721 0.03040667
v 0.00009625 0.00301721 0.03067031
v -0.00025110 0.00392771 0.03123075
v -0.00148658 0.00397926 0.03119224
v -0.00129316 0.00308094 0.03061758
v -0.00269422 0.00308094 0.03034654
v -0.00407857 0.00308094 0.02985630
v -0.00444668 0.00308141 0.02966317
v -0.00533279 0.00308141 0.02913353
v -0.00572470 0.00308141 0.02883732
v -0.00604573 0.00457908 0.02916612
v -0.00637890 0.00460907 0.02881481
v -0.00659967 0.00485228 0.02862878
v -0.00495404 0.00574310 0.02980950
v -0.00612674 0.00564727 0.02890486
v -0.00451808 0.00682418 0.02949670
v -0.00400414 0.00717657 0.02950795
v -0.00337526 0.00751304 0.02950143
v 0.00079096 0.00616344 0.03089010
v 0.00151807 0.00603141 0.03082760
v 0.00245583 0.00614001 0.03053049
v -0.00192964 0.00780451 0.02955416
v 0.00374600 0.00641602 0.02980002
v 0.00345536 0.00427917 0.03052279
v 0.00272520 0.00430682 0.03085159
v 0.00237076 0.00328010 0.03049732
v 0.00027044 0.00394294 0.03121890
v -0.00042427 0.00415733 0.03131665
v -0.00192711 0.00426558 0.03121001
v -0.00287296 0.00397692 0.03084804
v -0.00398692 0.00425246 0.03053819
v -0.00465125 0.00427870 0.03018392
v -0.00526393 0.00438414 0.02977988
v -0.00568926 0.00457439 0.02949966
v -0.00584344 0.00485228 0.02939584
v -0.00565584 0.00525692 0.02946885
v -0.00468872 0.00617375 0.02975174
v -0.00459859 0.00538462 0.03015074
v -0.00659967 0.00519952 0.02859560
v -0.00322031 0.00608519 0.03050680
v -0.00259447 0.00645023 0.03051627
v 0.00200923 0.00572202 0.03084152
v 0.00266495 0.00587291 0.03056545
v -0.00111898 0.00619133 0.03090432
v -0.00182077 0.00676326 0.03049495
v -0.00129316 0.00634995 0.03080716
v 0.00374600 0.00537571 0.03025738
v 0.00374600 0.00450504 0.03040312
v 0.00349485 0.00450504 0.03053938
v 0.00235405 0.00450504 0.03097037
v 0.00137832 0.00428948 0.03120172
v 0.00215860 0.00403198 0.03090462
v 0.00044462 0.00415733 0.03128940
v 0.00126819 0.00301721 0.03057493
v 0.00094793 0.00399098 0.03118513
v -0.00025110 0.00450504 0.03136582
v -0.00146582 0.00450504 0.03128940
v -0.00325677 0.00428339 0.03086048
v -0.00404060 0.00450504 0.03056071
v -0.00470492 0.00450457 0.03021473
v -0.00531152 0.00469670 0.02981661
v -0.00401021 0.00485228 0.03054590
v -0.00389375 0.00537009 0.03049258
v -0.00254181 0.00574873 0.03085159
v -0.00233218 0.00611190 0.03074614
v -0.00258029 0.00780451 0.02947715
v 0.00067146 0.00540149 0.03119698
v -0.00042427 0.00547131 0.03121979
v 0.00241532 0.00539499 0.03080805
v -0.00120202 0.00540852 0.03119876
v 0.00318345 0.00531573 0.03054560
v 0.00346447 0.00485228 0.03052516
v 0.00272520 0.00472669 0.03084922
v 0.00218037 0.00485228 0.03099022
v 0.00135301 0.00475059 0.03119520
v 0.00079096 0.00450504 0.03130362
v 0.00044462 0.00485228 0.03131606
v -0.00051111 0.00485228 0.03133354
v -0.00129316 0.00485228 0.03129058
v -0.00195951 0.00450504 0.03121535
v -0.00315601 0.00450504 0.03091024
v -0.00325778 0.00478714 0.03085811
v -0.00469783 0.00485228 0.03020880
v -0.00313208 0.00552169 0.03073310
v -0.00025110 0.00519952 0.03128644
v 0.00144415 0.00514820 0.03111108
v -0.00094479 0.00519952 0.03126629
v -0.00163849 0.00589399 0.03096475
v -0.00182077 0.00503222 0.03118987
v -0.00268055 0.00502590 0.03098785
f 2295 2296 2303
f 2295 2303 2311
f 2295 2311 2322
f 2295 2322 2346
f 2295 2346 2372
f 2295 2372 2323
f 2295 2323 2304
f 2295 2304 2297
f 2295 2297 2298
f 2295 2298 2299
f 2295 2299 2300
f 2295 2300 2301
f 2295 2301 2302
f 2295 2302 2296
f 2296 2302 2303
f 2297 2304 2305
f 2297 2305 2306
f 2297 2306 2298
f 2298 2399 2355
f 2298 2355 2307
f 2298 2307 2299
f 2299 2307 2308
f 2299 2308 2300
f 2300 2308 2320
f 2300 2320 2356
f 2300 2356 2380
f 2300 2380 2381
f 2300 2381 2309
f 2300 2309 2302
f 2300 2302 2301
f 2302 2309 2334
f 2302 2334 2387
f 2302 2387 2335
f 2302 2335 2321
f 2302 2321 2310
f 2302 2310 2311
f 2302 2311 2303
f 2304 2312 2305
f 2305 2312 2313
f 2305 2313 2306
f 2298 2306 2315
f 2298 2315 2314
f 2307 2316 2317
f 2307 2317 2318
f 2307 2318 2308
f 2307 2319 2316
f 2310 2321 2322
f 2310 2322 2311
f 2304 2323 2312
f 2312 2324 2313
f 2313 2324 2325
f 2313 2325 2326
f 2313 2326 2315
f 2315 2327 2314
f 2316 2328 2317
f 2317 2329 2318
f 2318 2329 2330
f 2318 2320 2308
f 2318 2330 2320
f 2319 2331 2316
f 2319 2332 2331
f 2309 2333 2334
f 2321 2335 2336
f 2321 2336 2337
f 2321 2337 2338
f 2321 2338 2339
f 2321 2339 2340
f 2321 2340 2341
f 2321 2341 2342
f 2321 2342 2343
f 2321 2343 2322
f 2322 2344 2345
f 2322 2345 2346
f 2324 2312 2348
f 2313 2315 2306
f 2326 2349 2327
f 2326 2327 2315
f 2314 2327 2350
f 2314 2350 2351
f 2298 2314 2351
f 2327 2349 2350
f 2316 2331 2328
f 2317 2328 2352
f 2317 2352 2329
f 2329 2352 2353
f 2330 2354 2320
f 2319 2307 2355
f 2320 2354 2356
f 2309 2357 2358
f 2309 2358 2333
f 2333 2358 2359
f 2333 2359 2334
f 2335 2360 2336
f 2336 2361 2337
f 2337 2361 2362
f 2338 2337 2339
f 2339 2337 2363
f 2339 2363 2340
f 2340 2363 2364
f 2340 2364 2341
f 2342 2341 2365
f 2343 2342 2366
f 2343 2366 2367
f 2322 2343 2344
f 2344 2368 2346
f 2344 2346 2345
f 2344 2343 2367
f 2344 2367 2368
f 2312 2323 2348
f 2324 2369 2347
f 2324 2348 2369
f 2347 2370 2325
f 2347 2325 2324
f 2347 2371 2370
f 2348 2323 2372
f 2325 2370 2349
f 2325 2349 2326
f 2350 2373 2374
f 2350 2374 2351
f 2350 2349 2373
f 2353 2330 2329
f 2330 2353 2354
f 2354 2353 2375
f 2354 2375 2376
f 2332 2377 2331
f 2319 2355 2378
f 2319 2378 2332
f 2332 2378 2379
f 2356 2354 2376
f 2356 2376 2380
f 2309 2381 2357
f 2357 2381 2382
f 2357 2382 2358
f 2358 2383 2384
f 2358 2384 2385
f 2360 2335 2387
f 2360 2387 2388
f 2360 2388 2386
f 2360 2386 2361
f 2360 2361 2336
f 2361 2386 2389
f 2361 2389 2362
f 2362 2389 2390
f 2363 2337 2362
f 2363 2362 2391
f 2363 2391 2364
f 2364 2391 2392
f 2364 2392 2393
f 2364 2393 2365
f 2364 2365 2341
f 2365 2393 2366
f 2365 2366 2342
f 2366 2393 2394
f 2366 2394 2367
f 2367 2394 2368
f 2368 2369 2372
f 2368 2372 2346
f 2370 2371 2373
f 2347 2369 2371
f 2371 2395 2396
f 2371 2396 2373
f 2348 2372 2369
f 2370 2373 2349
f 2373 2397 2374
f 2374 2398 2378
f 2374 2378 2351
f 2351 2399 2298
f 2328 2331 2401
f 2328 2401 2400
f 2328 2400 2352
f 2376 2375 2402
f 2331 2377 2401
f 2332 2379 2377
f 2377 2403 2401
f 2355 2399 2378
f 2380 2376 2404
f 2376 2402 2404
f 2382 2381 2405
f 2382 2405 2406
f 2382 2406 2358
f 2383 2358 2406
f 2383 2406 2407
f 2383 2407 2408
f 2383 2408 2384
f 2384 2388 2385
f 2358 2385 2359
f 2359 2385 2388
f 2359 2388 2334
f 2334 2388 2387
f 2386 2409 2389
f 2389 2409 2410
f 2389 2410 2411
f 2389 2411 2412
f 2389 2412 2390
f 2362 2413 2414
f 2362 2414 2391
f 2362 2390 2413
f 2391 2414 2392
f 2392 2414 2415
f 2392 2415 2395
f 2392 2395 2416
f 2392 2416 2393
f 2393 2416 2394
f 2368 2394 2369
f 2369 2394 2371
f 2371 2394 2416
f 2371 2416 2395
f 2396 2417 2373
f 2373 2417 2397
f 2397 2398 2374
f 2378 2399 2351
f 2400 2401 2418
f 2400 2419 2375
f 2400 2375 2353
f 2400 2353 2352
f 2401 2403 2420
f 2401 2420 2418
f 2377 2379 2421
f 2380 2405 2381
f 2380 2404 2405
f 2406 2405 2404
f 2406 2404 2402
f 2407 2402 2419
f 2407 2419 2408
f 2407 2406 2402
f 2408 2410 2409
f 2408 2409 2384
f 2409 2386 2384
f 2384 2386 2388
f 2410 2418 2411
f 2411 2418 2420
f 2411 2420 2412
f 2412 2403 2422
f 2412 2422 2390
f 2412 2420 2403
f 2390 2422 2413
f 2413 2422 2423
f 2413 2423 2414
f 2414 2423 2415
f 2415 2396 2395
f 2396 2415 2417
f 2397 2421 2398
f 2398 2421 2379
f 2398 2379 2378
f 2418 2410 2400
f 2400 2410 2419
f 2419 2410 2408
f 2375 2419 2402
f 2377 2421 2403
f 2403 2421 2397
f 2403 2397 2422
f 2422 2397 2423
f 2417 2415 2423
f 2417 2423 2397

o geometry_19
v 0.00670770 0.00301721 0.02693772
v 0.00670770 0.00491811 0.02540248
v 0.00670770 0.00301721 0.02764723
v 0.00374680 0.00301721 0.02944124
v 0.00645845 0.00720246 0.02522681
v 0.00669176 0.00720246 0.02504273
v 0.00670770 0.00720246 0.02503063
v 0.00374680 0.00430482 0.02909675
v 0.00374680 0.00720246 0.02832991
v 0.00670770 0.00311594 0.02768405
v 0.00659467 0.00301721 0.02780291
v 0.00374680 0.00301721 0.02989777
v 0.00670770 0.00720246 0.02634235
v 0.00374680 0.00720246 0.02930818
v 0.00670770 0.00328719 0.02771981
v 0.00660887 0.00311594 0.02781974
v 0.00657554 0.00311594 0.02785866
v 0.00645758 0.00311594 0.02799383
v 0.00644077 0.00301721 0.02797700
v 0.00386940 0.00301721 0.02985517
v 0.00374680 0.00312864 0.02995089
v 0.00663467 0.00720246 0.02648751
v 0.00670770 0.00705989 0.02649014
v 0.00374680 0.00712585 0.02937077
v 0.00382041 0.00720246 0.02926926
v 0.00670770 0.00346294 0.02775400
v 0.00663467 0.00346294 0.02785182
v 0.00662916 0.00346294 0.02785866
v 0.00648540 0.00346294 0.02802539
v 0.00582952 0.00363049 0.02875856
v 0.00580604 0.00339862 0.02873489
v 0.00628368 0.00311594 0.02817318
v 0.00626716 0.00301721 0.02815530
v 0.00414242 0.00322819 0.02982834
v 0.00391925 0.00311389 0.02987673
v 0.00404532 0.00301721 0.02977259
v 0.00374680 0.00346294 0.03006765
v 0.00656945 0.00720246 0.02660690
v 0.00654598 0.00714797 0.02670315
v 0.00670770 0.00693371 0.02659112
v 0.00413633 0.00714634 0.02913304
v 0.00402387 0.00720246 0.02915355
v 0.00374680 0.00705826 0.02942178
v 0.00670770 0.00381034 0.02777451
v 0.00664684 0.00381034 0.02785866
v 0.00663785 0.00362599 0.02785866
v 0.00649526 0.00381034 0.02803906
v 0.00617789 0.00394185 0.02841301
v 0.00616891 0.00371038 0.02840407
v 0.00584140 0.00381034 0.02877171
v 0.00548752 0.00394308 0.02910990
v 0.00546839 0.00371120 0.02908938
v 0.00567591 0.00349407 0.02886901
v 0.00543593 0.00346294 0.02906940
v 0.00558084 0.00311594 0.02884692
v 0.00575474 0.00311594 0.02868966
v 0.00593473 0.00311594 0.02851557
v 0.00610833 0.00311594 0.02834674
v 0.00591560 0.00301721 0.02849506
v 0.00421226 0.00346294 0.02986568
v 0.00374680 0.00416635 0.03030696
v 0.00465831 0.00301721 0.02942652
v 0.00471309 0.00305490 0.02941126
v 0.00516465 0.00301721 0.02912410
v 0.00478845 0.00328637 0.02945334
v 0.00438587 0.00346294 0.02976260
v 0.00583155 0.00711356 0.02771876
v 0.00567156 0.00720246 0.02781132
v 0.00620050 0.00646218 0.02774611
v 0.00656511 0.00612010 0.02743159
v 0.00670770 0.00589519 0.02735585
v 0.00394968 0.00695338 0.02938339
v 0.00408619 0.00675592 0.02944755
v 0.00425777 0.00693126 0.02920930
v 0.00449137 0.00681286 0.02913987
v 0.00537014 0.00720246 0.02810533
v 0.00374680 0.00689029 0.02953434
v 0.00385461 0.00684932 0.02951330
v 0.00670770 0.00415775 0.02775873
v 0.00663669 0.00415775 0.02785866
v 0.00618659 0.00507010 0.02842406
v 0.00664162 0.00381034 0.02786550
v 0.00618659 0.00496973 0.02842406
v 0.00586604 0.00485256 0.02879853
v 0.00618050 0.00415775 0.02841512
v 0.00585096 0.00415775 0.02878118
v 0.00569996 0.00485256 0.02897262
v 0.00552664 0.00485256 0.02914776
v 0.00551447 0.00456947 0.02913724
v 0.00515682 0.00463461 0.02947227
v 0.00457165 0.00450515 0.02989829
v 0.00432907 0.00450515 0.03007186
v 0.00526203 0.00346294 0.02919247
v 0.00536405 0.00311594 0.02902048
v 0.00555679 0.00301721 0.02882536
v 0.00566055 0.00301721 0.02873121
v 0.00573242 0.00301721 0.02866494
v 0.00411807 0.00429663 0.03016337
v 0.00443369 0.00365303 0.02979100
v 0.00374680 0.00450515 0.03040321
v 0.00524493 0.00301721 0.02906782
v 0.00519073 0.00311594 0.02914040
v 0.00482902 0.00346294 0.02948069
v 0.00588951 0.00693535 0.02778555
v 0.00557910 0.00720246 0.02791073
v 0.00549215 0.00712299 0.02807483
v 0.00577387 0.00701032 0.02785866
v 0.00580488 0.00672642 0.02803696
v 0.00586517 0.00687513 0.02785866
v 0.00625325 0.00624095 0.02781185
v 0.00648569 0.00596278 0.02766353
v 0.00605182 0.00656378 0.02785866
v 0.00587647 0.00649495 0.02811848
v 0.00615963 0.00635894 0.02785866
v 0.00621586 0.00624095 0.02785866
v 0.00659844 0.00586569 0.02754520
v 0.00670770 0.00559325 0.02751785
v 0.00397808 0.00632125 0.02974735
v 0.00410995 0.00608937 0.02980941
v 0.00418473 0.00652445 0.02951593
v 0.00460933 0.00657525 0.02919563
v 0.00481308 0.00645112 0.02912462
v 0.00374680 0.00641506 0.02979994
v 0.00670770 0.00519874 0.02765722
v 0.00659815 0.00519874 0.02782500
v 0.00615326 0.00530074 0.02838671
v 0.00585850 0.00511147 0.02878959
v 0.00657351 0.00519874 0.02785866
v 0.00647004 0.00519874 0.02799909
v 0.00652279 0.00540685 0.02785866
v 0.00655844 0.00554614 0.02776399
v 0.00648772 0.00554614 0.02785866
v 0.00550810 0.00509714 0.02912935
v 0.00514552 0.00505617 0.02946123
v 0.00533246 0.00485256 0.02932133
v 0.00515972 0.00485256 0.02947385
v 0.00475801 0.00485256 0.02977207
v 0.00458412 0.00485256 0.02989935
v 0.00432414 0.00485256 0.03007291
v 0.00415546 0.00450515 0.03018546
v 0.00500292 0.00346294 0.02936603
v 0.00374680 0.00461290 0.03039900
v 0.00415024 0.00485256 0.03018125
v 0.00597009 0.00670184 0.02785866
v 0.00512987 0.00605947 0.02909201
v 0.00555882 0.00693535 0.02813426
v 0.00573242 0.00693535 0.02795912
v 0.00600718 0.00659450 0.02789180
v 0.00623470 0.00619958 0.02785866
v 0.00652714 0.00573131 0.02772034
v 0.00616021 0.00603120 0.02804485
v 0.00620688 0.00579973 0.02810323
v 0.00646396 0.00561415 0.02785866
v 0.00582923 0.00606889 0.02841091
v 0.00591792 0.00620736 0.02823524
v 0.00611326 0.00624095 0.02798594
v 0.00670770 0.00552197 0.02755308
v 0.00383375 0.00545683 0.03019072
v 0.00406561 0.00530894 0.03012445
v 0.00417169 0.00589355 0.02984675
v 0.00441196 0.00567273 0.02977943
v 0.00434530 0.00589355 0.02973367
v 0.00473918 0.00598490 0.02941810
v 0.00450760 0.00615410 0.02950015
v 0.00426298 0.00623767 0.02962375
v 0.00488989 0.00624095 0.02918037
v 0.00374680 0.00537531 0.03025752
v 0.00670770 0.00544782 0.02757885
v 0.00611442 0.00554614 0.02833622
v 0.00594052 0.00554614 0.02853293
v 0.00642744 0.00554614 0.02793808
v 0.00625412 0.00554614 0.02816266
v 0.00577648 0.00554614 0.02870649
v 0.00560287 0.00554614 0.02887427
v 0.00542202 0.00554614 0.02904783
v 0.00524812 0.00554614 0.02920562
v 0.00530405 0.00519136 0.02927662
v 0.00509886 0.00528682 0.02942441
v 0.00447456 0.00544126 0.02982308
v 0.00452702 0.00519874 0.02985832
v 0.00411111 0.00507829 0.03015759
v 0.00374680 0.00485256 0.03038112
v 0.00393722 0.00519546 0.03022175
v 0.00374680 0.00497628 0.03035797
v 0.00496785 0.00590666 0.02928451
v 0.00518841 0.00582800 0.02915092
v 0.00587125 0.00589355 0.02845667
v 0.00606167 0.00590666 0.02822577
v 0.00424270 0.00519546 0.03004188
v 0.00459948 0.00555270 0.02969160
v 0.00480613 0.00575344 0.02946544
v 0.00374680 0.00519218 0.03031379
v 0.00486177 0.00554614 0.02950593
v 0.00503538 0.00554614 0.02937918
f 2424 2425 2430
f 2424 2430 2436
f 2424 2436 2446
f 2424 2446 2463
f 2424 2463 2494
f 2424 2494 2540
f 2424 2540 2580
f 2424 2580 2591
f 2424 2591 2547
f 2424 2547 2502
f 2424 2502 2467
f 2424 2467 2449
f 2424 2449 2438
f 2424 2438 2433
f 2424 2433 2426
f 2424 2426 2434
f 2424 2434 2442
f 2424 2442 2456
f 2424 2456 2482
f 2424 2482 2520
f 2424 2520 2519
f 2424 2519 2518
f 2424 2518 2524
f 2424 2524 2487
f 2424 2487 2485
f 2424 2485 2459
f 2424 2459 2443
f 2424 2443 2435
f 2424 2435 2427
f 2424 2427 2425
f 2425 2428 2429
f 2425 2429 2430
f 2425 2427 2431
f 2425 2431 2432
f 2425 2432 2428
f 2426 2433 2434
f 2427 2435 2444
f 2427 2444 2460
f 2427 2460 2484
f 2427 2484 2523
f 2427 2523 2565
f 2427 2565 2605
f 2427 2605 2607
f 2427 2607 2615
f 2427 2615 2590
f 2427 2590 2546
f 2427 2546 2500
f 2427 2500 2466
f 2427 2466 2447
f 2427 2447 2437
f 2427 2437 2432
f 2427 2432 2431
f 2428 2432 2437
f 2428 2437 2448
f 2428 2448 2465
f 2428 2465 2499
f 2428 2499 2528
f 2428 2528 2491
f 2428 2491 2461
f 2428 2461 2445
f 2428 2445 2436
f 2428 2436 2430
f 2428 2430 2429
f 2433 2438 2439
f 2433 2439 2434
f 2434 2439 2440
f 2434 2440 2441
f 2434 2441 2442
f 2435 2443 2444
f 2436 2445 2446
f 2437 2447 2448
f 2438 2449 2439
f 2439 2449 2450
f 2439 2450 2451
f 2439 2451 2440
f 2440 2451 2452
f 2440 2452 2441
f 2441 2452 2453
f 2441 2453 2454
f 2441 2454 2455
f 2441 2455 2442
f 2442 2455 2456
f 2443 2457 2458
f 2443 2458 2444
f 2443 2459 2457
f 2444 2458 2457
f 2444 2457 2460
f 2445 2461 2462
f 2445 2462 2446
f 2446 2462 2463
f 2447 2464 2465
f 2447 2465 2448
f 2447 2466 2464
f 2449 2467 2468
f 2449 2468 2469
f 2449 2469 2450
f 2450 2469 2451
f 2451 2469 2470
f 2451 2470 2452
f 2452 2470 2471
f 2452 2471 2472
f 2452 2472 2453
f 2453 2472 2473
f 2453 2473 2474
f 2453 2474 2475
f 2453 2475 2476
f 2453 2476 2454
f 2454 2476 2477
f 2454 2477 2478
f 2454 2478 2479
f 2454 2479 2480
f 2454 2480 2481
f 2454 2481 2455
f 2455 2481 2456
f 2456 2481 2480
f 2456 2480 2479
f 2456 2479 2482
f 2457 2483 2484
f 2457 2484 2460
f 2457 2459 2485
f 2457 2485 2486
f 2457 2486 2487
f 2457 2487 2488
f 2457 2488 2489
f 2457 2489 2483
f 2461 2490 2462
f 2461 2491 2490
f 2462 2490 2492
f 2462 2492 2493
f 2462 2493 2463
f 2463 2493 2494
f 2464 2466 2495
f 2464 2495 2496
f 2464 2496 2497
f 2464 2497 2498
f 2464 2498 2499
f 2464 2499 2465
f 2466 2500 2501
f 2466 2501 2495
f 2467 2502 2503
f 2467 2503 2468
f 2468 2503 2504
f 2468 2504 2505
f 2468 2505 2469
f 2469 2505 2470
f 2470 2505 2506
f 2470 2506 2507
f 2470 2507 2508
f 2470 2508 2471
f 2471 2508 2507
f 2471 2507 2509
f 2471 2509 2473
f 2471 2473 2472
f 2473 2509 2510
f 2473 2510 2511
f 2473 2511 2512
f 2473 2512 2474
f 2474 2512 2513
f 2474 2513 2475
f 2475 2477 2476
f 2475 2513 2514
f 2475 2514 2477
f 2477 2514 2515
f 2477 2515 2516
f 2477 2516 2517
f 2477 2517 2478
f 2478 2517 2518
f 2478 2518 2479
f 2479 2518 2519
f 2479 2519 2520
f 2479 2520 2482
f 2483 2521 2484
f 2483 2489 2522
f 2483 2522 2521
f 2484 2521 2523
f 2485 2487 2486
f 2487 2524 2517
f 2487 2517 2525
f 2487 2525 2488
f 2488 2526 2522
f 2488 2522 2489
f 2488 2525 2526
f 2490 2527 2492
f 2490 2491 2528
f 2490 2528 2529
f 2490 2529 2530
f 2490 2530 2531
f 2490 2531 2532
f 2490 2532 2527
f 2492 2533 2534
f 2492 2534 2493
f 2492 2527 2535
f 2492 2535 2536
f 2492 2536 2537
f 2492 2537 2538
f 2492 2538 2533
f 2493 2534 2494
f 2494 2534 2539
f 2494 2539 2540
f 2495 2501 2496
f 2496 2501 2541
f 2496 2541 2542
f 2496 2542 2543
f 2496 2543 2498
f 2496 2498 2497
f 2498 2543 2544
f 2498 2544 2545
f 2498 2545 2529
f 2498 2529 2499
f 2499 2529 2528
f 2500 2546 2501
f 2501 2546 2541
f 2502 2547 2548
f 2502 2548 2504
f 2502 2504 2503
f 2504 2549 2550
f 2504 2550 2507
f 2504 2507 2506
f 2504 2506 2505
f 2504 2548 2551
f 2504 2551 2552
f 2504 2552 2553
f 2504 2553 2554
f 2504 2554 2555
f 2504 2555 2549
f 2507 2550 2510
f 2507 2510 2509
f 2510 2550 2511
f 2511 2556 2557
f 2511 2557 2558
f 2511 2558 2513
f 2511 2513 2512
f 2511 2550 2556
f 2513 2559 2560
f 2513 2560 2514
f 2513 2558 2559
f 2514 2560 2561
f 2514 2561 2515
f 2515 2561 2562
f 2515 2562 2563
f 2515 2563 2521
f 2515 2521 2516
f 2516 2564 2525
f 2516 2525 2517
f 2516 2521 2564
f 2517 2524 2518
f 2521 2563 2523
f 2521 2522 2564
f 2522 2526 2564
f 2523 2563 2566
f 2523 2566 2565
f 2525 2564 2526
f 2527 2532 2567
f 2527 2567 2535
f 2529 2545 2568
f 2529 2568 2569
f 2529 2569 2531
f 2529 2531 2570
f 2529 2570 2530
f 2530 2570 2531
f 2531 2569 2536
f 2531 2536 2532
f 2532 2536 2571
f 2532 2571 2567
f 2533 2538 2572
f 2533 2572 2534
f 2534 2573 2539
f 2534 2572 2574
f 2534 2574 2575
f 2534 2575 2576
f 2534 2576 2573
f 2535 2567 2571
f 2535 2571 2536
f 2536 2569 2568
f 2536 2568 2577
f 2536 2577 2578
f 2536 2578 2579
f 2536 2579 2537
f 2537 2579 2538
f 2538 2579 2572
f 2539 2573 2540
f 2540 2573 2580
f 2541 2546 2542
f 2542 2581 2582
f 2542 2582 2583
f 2542 2583 2584
f 2542 2584 2585
f 2542 2585 2586
f 2542 2586 2587
f 2542 2587 2588
f 2542 2588 2543
f 2542 2546 2581
f 2543 2588 2544
f 2544 2588 2545
f 2545 2588 2587
f 2545 2587 2589
f 2545 2589 2568
f 2546 2590 2581
f 2547 2591 2548
f 2548 2591 2554
f 2548 2554 2551
f 2549 2592 2593
f 2549 2593 2550
f 2549 2555 2594
f 2549 2594 2595
f 2549 2595 2592
f 2550 2596 2597
f 2550 2597 2598
f 2550 2598 2556
f 2550 2593 2596
f 2551 2554 2553
f 2551 2553 2552
f 2554 2591 2580
f 2554 2580 2573
f 2554 2573 2555
f 2555 2573 2576
f 2555 2576 2594
f 2556 2598 2599
f 2556 2599 2600
f 2556 2600 2557
f 2557 2601 2602
f 2557 2602 2603
f 2557 2603 2561
f 2557 2561 2560
f 2557 2560 2559
f 2557 2559 2558
f 2557 2600 2601
f 2561 2603 2562
f 2562 2604 2566
f 2562 2566 2563
f 2562 2603 2604
f 2565 2566 2605
f 2566 2604 2606
f 2566 2606 2607
f 2566 2607 2605
f 2568 2589 2586
f 2568 2586 2608
f 2568 2608 2609
f 2568 2609 2577
f 2572 2579 2574
f 2574 2579 2578
f 2574 2578 2610
f 2574 2610 2611
f 2574 2611 2575
f 2575 2611 2592
f 2575 2592 2595
f 2575 2595 2576
f 2576 2595 2594
f 2577 2609 2610
f 2577 2610 2578
f 2581 2590 2606
f 2581 2606 2582
f 2582 2606 2604
f 2582 2604 2612
f 2582 2612 2603
f 2582 2603 2602
f 2582 2602 2584
f 2582 2584 2583
f 2584 2613 2614
f 2584 2614 2586
f 2584 2586 2585
f 2584 2602 2613
f 2586 2614 2608
f 2586 2589 2587
f 2590 2615 2606
f 2592 2610 2593
f 2592 2611 2610
f 2593 2610 2596
f 2596 2610 2609
f 2596 2609 2597
f 2597 2609 2598
f 2598 2609 2599
f 2599 2609 2601
f 2599 2601 2600
f 2601 2616 2602
f 2601 2609 2617
f 2601 2617 2616
f 2602 2616 2613
f 2603 2612 2604
f 2606 2615 2607
f 2608 2617 2609
f 2608 2614 2617
f 2613 2616 2614
f 2614 2616 2617

